Time,ReachedHoldTime,Force,DesiredForce,State,ActualWidth,CommandWidth,Proximity,RawFzL,RawFzR,ForcePrediction,SpringConstant,RLSError,BaselineWidth,Ripeness
1763614478.1732323,0,0.07500000000000001,0.3,0,2,1,211,220,190.0,None,None,None,0.0,unknown
1763614478.2783723,0,0.1,0.3,1,2,1,209.33333333333334,219.9,190.0,None,None,None,209.33333333333334,unknown
1763614478.373686,0,0.0875,0.3,0,1,1,208.5,219.8,190.0,None,None,None,209.33333333333334,unknown
1763614478.487919,0,0.09,0.3,1,1,1,208,219.70000000000002,189.0,None,None,None,209.33333333333334,unknown
1763614478.6512663,0,0.09166666666666667,0.3,1,1,1,207.66666666666666,219.60000000000002,190.0,None,None,None,209.33333333333334,unknown
1763614478.8210235,0,0.09285714285714286,0.3,0,2,1,207.42857142857142,219.50000000000003,188.57142857142856,None,None,None,209.33333333333334,unknown
1763614478.9062335,0,0.08750000000000001,0.3,0,1,1,207.25,219.40000000000003,189.375,None,None,None,209.33333333333334,unknown
1763614479.1224248,0,0.08888888888888889,0.3,0,2,1,207.11111111111111,219.30000000000004,188.88888888888889,None,None,None,209.33333333333334,unknown
1763614479.174266,0,0.085,0.3,0,1,1,207,219.20000000000005,189.0,None,None,None,209.33333333333334,unknown
1763614479.434095,0,0.08181818181818182,0.3,0,1,1,206.9090909090909,219.10000000000005,189.0909090909091,None,None,None,209.33333333333334,unknown
1763614479.5619998,0,0.07916666666666666,0.3,1,0,1,206.83333333333334,219.00000000000006,189.16666666666669,None,None,None,209.33333333333334,unknown
1763614479.6494207,0,0.07692307692307693,0.3,0,1,1,206.76923076923077,218.90000000000006,188.84615384615384,None,None,None,209.33333333333334,unknown
1763614479.8556175,0,0.08214285714285714,0.3,2,1,1,206.71428571428572,218.80000000000007,188.57142857142856,None,None,None,209.33333333333334,unknown
1763614480.0132916,0,0.08,0.3,0,1,1,206.66666666666666,218.70000000000007,188.0,None,None,None,209.33333333333334,unknown
1763614480.099641,0,0.084375,0.3,1,2,1,206.625,218.60000000000008,188.4375,None,None,None,209.33333333333334,unknown
1763614480.3190746,0,0.08529411764705883,0.3,0,2,1,206.58823529411765,218.50000000000009,188.23529411764707,None,None,None,209.33333333333334,unknown
1763614480.4600344,0,0.08333333333333334,0.3,0,1,1,206.55555555555554,218.4000000000001,188.33333333333334,None,None,None,209.33333333333334,unknown
1763614480.571529,0,0.0868421052631579,0.3,1,2,1,206.52631578947367,218.3000000000001,188.1578947368421,None,None,None,209.33333333333334,unknown
1763614480.788138,0,0.08750000000000001,0.3,0,2,1,206.5,218.2000000000001,188.25,None,None,None,209.33333333333334,unknown
1763614480.897527,0,0.09047619047619047,0.3,0,3,1,206.47619047619048,218.1000000000001,188.0952380952381,None,None,None,209.33333333333334,unknown
1763614481.184273,0,0.08863636363636364,0.3,0,1,1,206.45454545454547,218.0000000000001,188.4090909090909,None,None,None,209.33333333333334,unknown
1763614481.3396027,0,0.08695652173913043,0.3,0,1,1,206.43478260869566,217.90000000000012,188.26086956521738,None,None,None,209.33333333333334,unknown
1763614481.4347727,0,0.08958333333333333,0.3,0,3,1,206.41666666666666,217.80000000000013,188.125,None,None,None,209.33333333333334,unknown
1763614481.5547123,0,0.09,0.3,1,1,1,206.4,217.70000000000013,188.0,None,None,None,209.33333333333334,unknown
1763614481.6379416,0,0.09038461538461538,0.3,1,1,1,206.3846153846154,217.60000000000014,188.26923076923077,None,None,None,209.33333333333334,unknown
1763614481.7573822,0,0.09074074074074075,0.3,1,1,1,206.37037037037038,217.50000000000014,188.33333333333331,None,None,None,209.33333333333334,unknown
1763614481.9607153,0,0.08928571428571429,0.3,0,1,1,206.28571428571428,217.40000000000015,188.39285714285714,None,None,None,209.33333333333334,unknown
1763614482.0434396,0,0.08793103448275862,0.3,0,1,1,206.20689655172413,217.30000000000015,188.44827586206895,None,None,None,209.33333333333334,unknown
1763614482.131364,0,0.08833333333333333,0.3,0,2,1,206.2,217.20000000000016,188.5,None,None,None,209.33333333333334,unknown
1763614482.2270901,0,0.08870967741935484,0.3,1,1,1,206.19354838709677,217.10000000000016,188.22580645161293,None,None,None,209.33333333333334,unknown
1763614482.62874,0,0.08750000000000001,0.3,0,1,1,206.1875,217.00000000000017,188.28125,None,None,None,209.33333333333334,unknown
1763614482.670535,0,0.08636363636363636,0.3,0,1,1,206.1818181818182,216.90000000000018,188.4848484848485,None,None,None,209.33333333333334,unknown
1763614482.8062618,0,0.08676470588235294,0.3,1,1,1,206.1764705882353,216.80000000000018,188.38235294117646,None,None,None,209.33333333333334,unknown
1763614482.9333687,0,0.08428571428571428,0.3,0,0,1,206.17142857142858,216.7000000000002,188.0,None,None,None,209.33333333333334,unknown
1763614483.0232913,0,0.08472222222222223,0.3,0,2,1,206.11111111111111,216.6000000000002,187.91666666666669,None,None,None,209.33333333333334,unknown
1763614483.1683595,0,0.08648648648648649,0.3,1,2,1,206.05405405405406,216.5000000000002,187.97297297297297,None,None,None,209.33333333333334,unknown
1763614483.2849333,0,0.08552631578947369,0.3,0,1,1,206.05263157894737,216.4000000000002,188.0263157894737,None,None,None,209.33333333333334,unknown
1763614483.7983828,0,0.08461538461538462,0.3,1,0,1,206.05128205128204,216.3000000000002,187.94871794871796,None,None,None,209.33333333333334,unknown
1763614484.0011482,0,0.08625000000000001,0.3,1,2,1,206.05,216.20000000000022,187.875,None,None,None,209.33333333333334,unknown
1763614484.0378788,0,0.08536585365853659,0.3,0,1,1,206.0487804878049,216.10000000000022,188.0487804878049,None,None,None,209.33333333333334,unknown
1763614484.130181,0,0.08571428571428572,0.3,0,2,1,206.04761904761904,216.00000000000023,188.21428571428572,None,None,None,209.33333333333334,unknown
1763614484.1832309,0,0.08488372093023255,0.3,0,1,1,206.04651162790697,215.90000000000023,188.13953488372096,None,None,None,209.33333333333334,unknown
1763614484.3167918,0,0.08409090909090909,0.3,0,1,1,206.04545454545453,215.80000000000024,188.1818181818182,None,None,None,209.33333333333334,unknown
1763614484.3979368,0,0.08222222222222222,0.3,0,0,1,206.04444444444445,215.70000000000024,188.0,None,None,None,209.33333333333334,unknown
1763614484.4914942,0,0.08260869565217392,0.3,0,2,1,206.04347826086956,215.60000000000025,187.93478260869566,None,None,None,209.33333333333334,unknown
1763614484.539416,0,0.08297872340425533,0.3,0,2,1,206.04255319148936,215.50000000000026,187.97872340425533,None,None,None,209.33333333333334,unknown
1763614484.7409697,0,0.08333333333333334,0.3,0,2,1,206.04166666666666,215.40000000000026,188.02083333333334,None,None,None,209.33333333333334,unknown
1763614484.9033453,0,0.0826530612244898,0.3,0,1,1,206.0408163265306,215.30000000000027,187.9591836734694,None,None,None,209.33333333333334,unknown
1763614484.9766862,0,0.082,0.3,0,1,1,206.04,215.20000000000027,187.89999999999998,None,None,None,209.33333333333334,unknown
1763614485.231188,0,0.083,0.3,0,2,1,206.0392156862745,215.10000000000028,187.94117647058823,None,None,None,209.33333333333334,unknown
1763614485.4606245,0,0.082,0.3,1,0,1,206.03846153846155,215.00000000000028,187.78846153846155,None,None,None,209.33333333333334,unknown
1763614485.618107,0,0.08,0.3,1,0,1,206.03773584905662,214.9000000000003,187.73584905660377,None,None,None,209.33333333333334,unknown
1763614485.758482,0,0.08,0.3,0,1,1,206.03703703703704,214.8000000000003,187.5925925925926,None,None,None,209.33333333333334,unknown
1763614485.898971,0,0.079,0.3,1,0,1,206.03636363636363,214.7000000000003,187.63636363636363,None,None,None,209.33333333333334,unknown
1763614486.1521645,0,0.079,0.3,1,1,1,206.03571428571428,214.6000000000003,187.5,None,None,None,209.33333333333334,unknown
1763614486.3295887,0,0.077,0.3,0,0,1,206.03508771929825,214.5000000000003,187.4561403508772,None,None,None,209.33333333333334,unknown
1763614486.4433856,0,0.077,0.3,1,0,1,206.0344827586207,214.40000000000032,187.41379310344828,None,None,None,209.33333333333334,unknown
1763614486.5321712,0,0.075,0.3,0,0,1,206.03389830508473,214.30000000000032,187.37288135593218,None,None,None,209.33333333333334,unknown
1763614486.7653782,0,0.075,0.3,0,1,1,206.03333333333333,214.20000000000033,187.41666666666666,None,None,None,209.33333333333334,unknown
1763614486.9133961,0,0.075,0.3,0,1,1,206.0327868852459,214.10000000000034,187.45901639344262,None,None,None,209.33333333333334,unknown
1763614487.034644,0,0.074,0.3,0,0,1,206.03225806451613,214.00000000000034,187.4193548387097,None,None,None,209.33333333333334,unknown
1763614487.1932285,0,0.073,0.3,0,0,1,206.03174603174602,213.90000000000035,187.46031746031747,None,None,None,209.33333333333334,unknown
1763614487.2445672,0,0.07200000000000001,0.3,1,1,1,206.03125,213.80000000000035,187.34375,None,None,None,209.33333333333334,unknown
1763614487.4246364,0,0.07200000000000001,0.3,0,1,1,206.03076923076924,213.70000000000036,187.23076923076923,None,None,None,209.33333333333334,unknown
1763614487.5542681,0,0.069,0.3,0,0,1,206.03030303030303,213.60000000000036,187.27272727272725,None,None,None,209.33333333333334,unknown
1763614487.7352104,0,0.068,0.3,1,0,1,206.02985074626866,213.50000000000037,187.38805970149252,None,None,None,209.33333333333334,unknown
1763614487.7929163,0,0.067,0.3,0,0,1,206.02941176470588,213.40000000000038,187.3529411764706,None,None,None,209.33333333333334,unknown
1763614487.8735301,0,0.065,0.3,0,1,1,206.02898550724638,213.30000000000038,187.31884057971013,None,None,None,209.33333333333334,unknown
1763614488.1355653,0,0.063,0.3,0,0,1,206.02857142857144,213.2000000000004,187.14285714285714,None,None,None,209.33333333333334,unknown
1763614488.358734,0,0.061000000000000006,0.3,0,1,1,206.0281690140845,213.1000000000004,187.04225352112678,None,None,None,209.33333333333334,unknown
1763614488.4560256,0,0.061000000000000006,0.3,1,0,1,206.02777777777777,213.0000000000004,186.94444444444446,None,None,None,209.33333333333334,unknown
1763614488.5850801,0,0.060000000000000005,0.3,0,0,1,206.02739726027397,212.9000000000004,186.64383561643837,None,None,None,209.33333333333334,unknown
1763614488.786293,0,0.058,0.3,0,1,1,206.02702702702703,212.8000000000004,185.8108108108108,None,None,None,209.33333333333334,unknown
1763614488.8505201,0,0.057,0.3,0,1,1,206.02666666666667,212.70000000000041,185.13333333333333,None,None,None,209.33333333333334,unknown
1763614488.944505,0,0.056,0.3,0,1,1,206.02631578947367,212.60000000000042,184.53947368421052,None,None,None,209.33333333333334,unknown
1763614489.0411367,0,0.055,0.3,1,0,1,206.02597402597402,212.50000000000043,183.8961038961039,None,None,None,209.33333333333334,unknown
1763614489.1811175,0,0.056,0.3,1,1,1,206.02564102564102,212.40000000000043,183.33333333333331,None,None,None,209.33333333333334,unknown
1763614489.3214524,0,0.055,0.3,0,0,1,206.0253164556962,212.30000000000044,182.72151898734177,None,None,None,209.33333333333334,unknown
1763614489.4517233,0,0.053000000000000005,0.3,0,0,1,206.025,212.20000000000044,182.0,None,None,None,209.33333333333334,unknown
1763614489.567641,0,0.052000000000000005,0.3,1,0,1,206.02469135802468,212.10000000000045,181.48148148148147,None,None,None,209.33333333333334,unknown
1763614489.725224,0,0.054,0.3,2,1,1,206.02439024390245,212.00000000000045,180.97560975609758,None,None,None,209.33333333333334,unknown
1763614489.8396494,0,0.054,0.3,1,0,1,206.02409638554218,211.90000000000046,180.5421686746988,None,None,None,209.33333333333334,unknown
1763614490.1796072,0,0.053000000000000005,0.3,1,0,1,206.02380952380952,211.80000000000047,180.0595238095238,None,None,None,209.33333333333334,unknown
1763614490.3581467,0,0.054,0.3,1,0,1,206,211.70000000000047,179.47058823529412,None,None,None,209.33333333333334,unknown
1763614490.3963814,0,0.054,0.3,2,0,1,206,211.60000000000048,179.01162790697674,None,None,None,209.33333333333334,unknown
1763614490.6264107,0,0.051000000000000004,0.3,0,0,1,206,211.50000000000048,178.6206896551724,None,None,None,209.33333333333334,unknown
1763614490.8072126,0,0.051000000000000004,0.3,0,1,1,206,211.4000000000005,178.1818181818182,None,None,None,209.33333333333334,unknown
1763614490.877693,0,0.05,0.3,0,0,1,206,211.3000000000005,177.64044943820224,None,None,None,209.33333333333334,unknown
1763614490.9654577,0,0.048,0.3,1,0,1,206,211.2000000000005,177.22222222222223,None,None,None,209.33333333333334,unknown
1763614491.1264129,0,0.047,0.3,0,0,1,206,211.1000000000005,176.75824175824175,None,None,None,209.33333333333334,unknown
1763614491.2235854,0,0.045000000000000005,0.3,0,0,1,206,211.0000000000005,176.30434782608694,None,None,None,209.33333333333334,unknown
1763614491.348868,0,0.045000000000000005,0.3,0,1,1,206,210.90000000000052,175.91397849462368,None,None,None,209.33333333333334,unknown
1763614491.572977,0,0.046,0.3,2,0,1,206,210.80000000000052,175.47872340425533,None,None,None,209.33333333333334,unknown
1763614491.6588283,0,0.046,0.3,0,0,1,206,210.70000000000053,175.10526315789474,None,None,None,209.33333333333334,unknown
1763614491.7078211,0,0.045000000000000005,0.3,0,1,1,206,210.60000000000053,174.6875,None,None,None,209.33333333333334,unknown
1763614491.9060717,0,0.044000000000000004,0.3,0,1,1,206,210.50000000000054,174.2783505154639,None,None,None,209.33333333333334,unknown
1763614491.9831202,0,0.042,0.3,0,0,1,206,210.40000000000055,173.8265306122449,None,None,None,209.33333333333334,unknown
1763614492.0817146,0,0.041,0.3,0,0,1,206,210.30000000000055,173.3838383838384,None,None,None,209.33333333333334,unknown
1763614492.2007751,0,0.041,0.3,1,0,1,206,210.20000000000056,173.0,None,None,None,209.33333333333334,unknown
1763614492.3049955,0,0.04,0.3,0,1,1,205.9,210.10000000000056,172.4,None,None,None,209.33333333333334,unknown
1763614492.348802,0,0.04,0.3,0,1,1,205.88,210.00000000000057,171.75,None,None,None,209.33333333333334,unknown
1763614492.5915928,0,0.04,0.3,1,0,1,205.88,209.90000000000057,171.2,None,None,None,209.33333333333334,unknown
1763614492.75856,0,0.04,0.3,0,1,1,205.88,209.80000000000058,170.6,None,None,None,209.33333333333334,unknown
1763614493.044254,0,0.04,0.3,0,1,1,205.88,209.70000000000059,170.14999999999998,None,None,None,209.33333333333334,unknown
1763614493.2783458,0,0.039,0.3,1,0,1,205.88,209.6000000000006,169.55,None,None,None,209.33333333333334,unknown
1763614493.3284802,0,0.041,0.3,1,1,1,205.88,209.5000000000006,169.05,None,None,None,209.33333333333334,unknown
1763614493.5091898,0,0.042,0.3,1,1,1,205.88,209.4000000000006,168.35000000000002,None,None,None,209.33333333333334,unknown
1763614493.6053581,0,0.044000000000000004,0.3,1,1,1,205.88,209.3000000000006,167.75,None,None,None,209.33333333333334,unknown
1763614493.7256167,0,0.044000000000000004,0.3,1,0,1,205.77,209.2000000000006,167.2,None,None,None,209.33333333333334,unknown
1763614493.8967578,0,0.044000000000000004,0.3,1,0,1,205.66,209.10000000000062,166.64999999999998,None,None,None,209.33333333333334,unknown
1763614494.0118566,0,0.044000000000000004,0.3,0,0,1,205.55,209.00000000000063,166.1,None,None,None,209.33333333333334,unknown
1763614494.1806774,0,0.045000000000000005,0.3,0,1,1,205.44,208.90000000000063,165.55,None,None,None,209.33333333333334,unknown
1763614494.33961,0,0.045000000000000005,0.3,0,2,1,205.33,208.80000000000064,165.05,None,None,None,209.33333333333334,unknown
1763614494.4017534,0,0.045000000000000005,0.3,0,1,1,205.22,208.70000000000064,164.6,None,None,None,209.33333333333334,unknown
1763614494.5246167,0,0.046,0.3,0,1,1,205.11,208.60000000000065,164.0,None,None,None,209.33333333333334,unknown
1763614494.6212628,0,0.045000000000000005,0.3,0,0,1,205,208.50000000000065,163.4,None,None,None,209.33333333333334,unknown
1763614494.7300527,0,0.045000000000000005,0.3,0,0,1,204.89,208.40000000000066,162.75,None,None,None,209.33333333333334,unknown
1763614494.9119492,0,0.045000000000000005,0.3,1,0,1,204.78,208.30000000000067,162.25,None,None,None,209.33333333333334,unknown
1763614495.169276,0,0.045000000000000005,0.3,0,0,1,204.78,208.20000000000067,161.7,None,None,None,209.33333333333334,unknown
1763614495.337312,0,0.046,0.3,1,1,1,204.78,208.10000000000068,161.25,None,None,None,209.33333333333334,unknown
1763614495.470682,0,0.046,0.3,1,0,1,204.78,208.00000000000068,160.64999999999998,None,None,None,209.33333333333334,unknown
1763614495.6230445,0,0.048,0.3,1,1,1,204.76,207.9000000000007,160.2,None,None,None,209.33333333333334,unknown
1763614495.6878474,0,0.048,0.3,1,0,1,204.76,207.8000000000007,159.8,None,None,None,209.33333333333334,unknown
1763614495.8643832,0,0.049,0.3,0,2,1,204.76,207.7000000000007,159.35000000000002,None,None,None,209.33333333333334,unknown
1763614496.0585802,0,0.05,0.3,2,0,1,204.76,207.6000000000007,158.75,None,None,None,209.33333333333334,unknown
1763614496.157814,0,0.05,0.3,0,1,1,204.76,207.5000000000007,158.10000000000002,None,None,None,209.33333333333334,unknown
1763614496.4107084,0,0.049,0.3,1,0,1,204.78,207.40000000000072,157.65,None,None,None,209.33333333333334,unknown
1763614496.7225633,0,0.051000000000000004,0.3,1,1,1,204.59,207.30000000000072,156.95,None,None,None,209.33333333333334,unknown
1763614497.017248,0,0.053000000000000005,0.3,0,2,1,204.34,207.20000000000073,156.5,None,None,None,209.33333333333334,unknown
1763614497.1245086,0,0.055,0.3,1,2,1,204.09,207.10000000000073,155.95,None,None,None,209.33333333333334,unknown
1763614497.1583216,0,0.053000000000000005,0.3,0,1,1,203.88,207.00000000000074,155.2,None,None,None,209.33333333333334,unknown
1763614497.2652674,0,0.052000000000000005,0.3,0,0,1,203.67,206.90000000000074,154.55,None,None,None,209.33333333333334,unknown
1763614497.4456568,0,0.052000000000000005,0.3,0,1,1,203.42,206.80000000000075,153.9,None,None,None,209.33333333333334,unknown
1763614497.578629,0,0.051000000000000004,0.3,0,0,1,203.17,206.70000000000076,153.45,None,None,None,209.33333333333334,unknown
1763614497.784484,0,0.051000000000000004,0.3,1,1,1,202.98,206.60000000000076,152.85,None,None,None,209.33333333333334,unknown
1763614497.964803,0,0.053000000000000005,0.3,1,1,1,202.79,206.50000000000077,152.2,None,None,None,209.33333333333334,unknown
1763614498.0960622,0,0.054,0.3,1,1,1,202.58,206.40000000000077,151.64999999999998,None,None,None,209.33333333333334,unknown
1763614498.3071277,0,0.055,0.3,0,1,1,202.47,206.30000000000078,151.25,None,None,None,209.33333333333334,unknown
1763614498.5803866,0,0.055,0.3,0,1,1,202.36,206.20000000000078,150.75,None,None,None,209.33333333333334,unknown
1763614498.833883,0,0.057,0.3,0,2,1,202.36,206.1000000000008,150.3,None,None,None,209.33333333333334,unknown
1763614499.0395207,0,0.058,0.3,0,1,1,202.36,206.0000000000008,149.8,None,None,None,209.33333333333334,unknown
1763614499.2201617,0,0.058,0.3,0,1,1,202.34,205.9000000000008,149.39999999999998,None,None,None,209.33333333333334,unknown
1763614499.2469075,0,0.060000000000000005,0.3,1,3,1,202.34,205.8000000000008,148.95,None,None,None,209.33333333333334,unknown
1763614499.4927702,0,0.061000000000000006,0.3,0,1,1,202.34,205.7000000000008,148.6,None,None,None,209.33333333333334,unknown
1763614499.692649,0,0.062000000000000006,0.3,0,2,1,202.34,205.60000000000082,148.2,None,None,None,209.33333333333334,unknown
1763614499.9270697,0,0.062000000000000006,0.3,0,1,1,202.34,205.50000000000082,147.75,None,None,None,209.33333333333334,unknown
1763614500.0654457,0,0.063,0.3,0,1,1,202.34,205.40000000000083,147.3,None,None,None,209.33333333333334,unknown
1763614500.166985,0,0.064,0.3,0,1,1,202.34,205.30000000000084,146.8,None,None,None,209.33333333333334,unknown
1763614500.4335928,0,0.064,0.3,0,1,1,202.13,205.20000000000084,146.3,None,None,None,209.33333333333334,unknown
1763614500.7368515,0,0.065,0.3,1,1,1,201.92,205.10000000000085,145.75,None,None,None,209.33333333333334,unknown
1763614500.7954683,0,0.065,0.3,0,1,1,201.67,205.00000000000085,145.25,None,None,None,209.33333333333334,unknown
1763614500.8741472,0,0.066,0.3,1,1,1,201.46,204.90000000000086,144.7,None,None,None,209.33333333333334,unknown
1763614500.887084,0,0.065,0.3,0,0,1,201.25,204.80000000000086,144.25,None,None,None,209.33333333333334,unknown
1763614500.8979523,0,0.064,0.3,0,0,1,201,204.70000000000087,143.64999999999998,None,None,None,209.33333333333334,unknown
1763614500.9131021,0,0.063,0.3,0,0,1,200.79,204.60000000000088,143.15,None,None,None,209.33333333333334,unknown
1763614500.9248989,0,0.062000000000000006,0.3,0,1,1,200.54,204.50000000000088,142.55,None,None,None,209.33333333333334,unknown
1763614500.934974,0,0.060000000000000005,0.3,0,0,1,200.33,204.4000000000009,141.95,None,None,None,209.33333333333334,unknown
1763614500.945046,0,0.059000000000000004,0.3,0,1,1,200.12,204.3000000000009,141.35,None,None,None,209.33333333333334,unknown
1763614500.9551227,0,0.059000000000000004,0.3,0,1,1,199.91,204.2000000000009,140.7,None,None,None,209.33333333333334,unknown
1763614500.9652069,0,0.058,0.3,0,0,1,199.66,204.1000000000009,140.05,None,None,None,209.33333333333334,unknown
1763614500.9752972,0,0.058,0.3,0,0,1,199.45,204.0000000000009,139.5,None,None,None,209.33333333333334,unknown
1763614500.9853673,0,0.057,0.3,0,0,1,199.24,203.90000000000092,138.9,None,None,None,209.33333333333334,unknown
1763614500.9954426,0,0.056,0.3,0,1,1,198.99,203.80000000000092,138.4,None,None,None,209.33333333333334,unknown
1763614501.005561,0,0.056,0.3,0,1,1,198.78,203.70000000000093,137.9,None,None,None,209.33333333333334,unknown
1763614501.0202415,0,0.056,0.3,0,1,1,198.53,203.60000000000093,137.35,None,None,None,209.33333333333334,unknown
1763614501.03928,0,0.056,0.3,0,0,1,198.32,203.50000000000094,136.7,None,None,None,209.33333333333334,unknown
1763614501.0762641,0,0.057,0.3,0,1,1,198.18,203.40000000000094,136.25,None,None,None,209.33333333333334,unknown
1763614501.0863273,0,0.056,0.3,0,0,1,197.97,203.30000000000095,135.75,None,None,None,209.33333333333334,unknown
1763614501.096403,0,0.057,0.3,0,1,1,197.76,203.20000000000095,135.35,None,None,None,209.33333333333334,unknown
1763614501.1065075,0,0.057,0.3,0,2,1,197.65,203.10000000000096,134.9,None,None,None,209.33333333333334,unknown
1763614501.1165926,0,0.057,0.3,0,1,1,197.54,203.00000000000097,134.45,None,None,None,209.33333333333334,unknown
1763614501.1266944,0,0.056,0.3,0,1,1,197.43,202.90000000000097,134.15,None,None,None,209.33333333333334,unknown
1763614501.138121,0,0.056,0.3,0,1,1,197.32,202.80000000000098,134.3,None,None,None,209.33333333333334,unknown
1763614501.1482096,0,0.056,0.3,0,2,1,197.21,202.70000000000098,134.3,None,None,None,209.33333333333334,unknown
1763614501.1582935,0,0.055,0.3,0,1,1,197.1,202.600000000001,134.25,None,None,None,209.33333333333334,unknown
1763614501.1683888,0,0.054,0.3,0,0,1,196.99,202.500000000001,134.3,None,None,None,209.33333333333334,unknown
1763614501.1784637,0,0.053000000000000005,0.3,0,0,1,196.9,202.400000000001,134.35,None,None,None,209.33333333333334,unknown
1763614501.1936064,0,0.053000000000000005,0.3,0,2,1,196.81,202.300000000001,134.45,None,None,None,209.33333333333334,unknown
1763614501.2698896,0,0.051000000000000004,0.3,0,0,1,196.6,202.200000000001,134.5,None,None,None,209.33333333333334,unknown
1763614501.279967,0,0.049,0.3,0,1,1,196.39,202.10000000000102,134.45,None,None,None,209.33333333333334,unknown
1763614501.3234816,0,0.049,0.3,1,0,1,196.14,202.00000000000102,134.39999999999998,None,None,None,209.33333333333334,unknown
1763614501.3335562,0,0.05,0.3,1,0,1,195.93,201.90000000000103,134.2,None,None,None,209.33333333333334,unknown
1763614501.3486612,0,0.05,0.3,0,1,1,195.75,201.80000000000103,134.10000000000002,None,None,None,209.33333333333334,unknown
1763614501.5929756,0,0.051000000000000004,0.3,1,0,1,195.66,201.70000000000104,134.10000000000002,None,None,None,209.33333333333334,unknown
1763614501.7118642,0,0.051000000000000004,0.3,1,1,1,195.55,201.60000000000105,134.15,None,None,None,209.33333333333334,unknown
1763614501.7219694,0,0.051000000000000004,0.3,0,2,1,195.48,201.50000000000105,134.1,None,None,None,209.33333333333334,unknown
1763614501.7320433,0,0.05,0.3,0,1,1,195.46,201.40000000000106,134.05,None,None,None,209.33333333333334,unknown
1763614501.7503455,0,0.05,0.3,0,1,1,195.46,201.30000000000106,134.10000000000002,None,None,None,209.33333333333334,unknown
1763614501.7621841,0,0.05,0.3,1,0,1,195.44,201.20000000000107,134.05,None,None,None,209.33333333333334,unknown
1763614501.7723076,0,0.049,0.3,0,1,1,195.44,201.10000000000107,134.1,None,None,None,209.33333333333334,unknown
1763614501.7823777,0,0.05,0.3,1,1,1,195.44,201.00000000000108,134.15,None,None,None,209.33333333333334,unknown
1763614501.7924569,0,0.049,0.3,0,0,1,195.44,200.90000000000109,134.15,None,None,None,209.33333333333334,unknown
1763614501.802547,0,0.045000000000000005,0.3,0,0,1,195.44,200.8000000000011,134.2,None,None,None,209.33333333333334,unknown
1763614501.8126545,0,0.046,0.3,1,1,1,195.44,200.7000000000011,134.15,None,None,None,209.33333333333334,unknown
1763614501.8227708,0,0.045000000000000005,0.3,1,0,1,195.44,200.6000000000011,134.15,None,None,None,209.33333333333334,unknown
1763614501.8329067,0,0.044000000000000004,0.3,0,0,1,195.44,200.5000000000011,134.25,None,None,None,209.33333333333334,unknown
1763614501.8430316,0,0.043000000000000003,0.3,0,0,1,195.42,200.4000000000011,134.35000000000002,None,None,None,209.33333333333334,unknown
1763614501.8531213,0,0.042,0.3,0,0,1,195.42,200.30000000000112,134.45,None,None,None,209.33333333333334,unknown
1763614501.8683677,0,0.041,0.3,0,0,1,195.52,200.20000000000113,134.45,None,None,None,209.33333333333334,unknown
1763614501.9748895,0,0.04,0.3,0,1,1,195.27,200.10000000000113,134.45,None,None,None,209.33333333333334,unknown
1763614501.9849539,0,0.04,0.3,0,1,1,195.04,200.00000000000114,134.5,None,None,None,209.33333333333334,unknown
1763614501.9950185,0,0.038,0.3,0,0,1,194.79,199.90000000000114,134.5,None,None,None,209.33333333333334,unknown
1763614502.0102,0,0.038,0.3,0,0,1,194.58,199.80000000000115,134.55,None,None,None,209.33333333333334,unknown
1763614502.105143,0,0.039,0.3,1,0,1,194.47,199.70000000000115,134.60000000000002,None,None,None,209.33333333333334,unknown
1763614502.1489122,0,0.039,0.3,0,0,1,194.45,199.60000000000116,134.65,None,None,None,209.33333333333334,unknown
1763614502.1589875,0,0.038,0.3,0,0,1,194.43,199.50000000000117,134.8,None,None,None,209.33333333333334,unknown
1763614502.1733727,0,0.04,0.3,1,1,1,194.43,199.40000000000117,135.0,None,None,None,209.33333333333334,unknown
1763614502.183435,0,0.041,0.3,1,1,1,194.43,199.30000000000118,135.25,None,None,None,209.33333333333334,unknown
1763614502.193518,0,0.04,0.3,0,0,1,194.54,199.20000000000118,135.35,None,None,None,209.33333333333334,unknown
1763614502.2035897,0,0.04,0.3,0,0,1,194.65,199.1000000000012,135.3,None,None,None,209.33333333333334,unknown
1763614502.2136712,0,0.04,0.3,0,0,1,194.76,199.0000000000012,135.25,None,None,None,209.33333333333334,unknown
1763614502.2237659,0,0.042,0.3,0,2,1,194.87,198.9000000000012,135.2,None,None,None,209.33333333333334,unknown
1763614502.2391565,0,0.041,0.3,0,0,1,194.98,198.8000000000012,135.14999999999998,None,None,None,209.33333333333334,unknown
1763614502.3798802,0,0.041,0.3,0,1,1,194.81,198.7000000000012,135.15,None,None,None,209.33333333333334,unknown
1763614502.3899584,0,0.041,0.3,0,1,1,194.64,198.60000000000122,135.1,None,None,None,209.33333333333334,unknown
1763614502.4000263,0,0.041,0.3,0,0,1,194.47,198.50000000000122,135.05,None,None,None,209.33333333333334,unknown
1763614502.4150934,0,0.041,0.3,0,1,1,194.3,198.40000000000123,134.85,None,None,None,209.33333333333334,unknown
1763614502.5042508,0,0.042,0.3,0,1,1,194.3,198.30000000000123,134.75,None,None,None,209.33333333333334,unknown
1763614502.602201,0,0.042,0.3,1,0,1,194.19,198.20000000000124,134.75,None,None,None,209.33333333333334,unknown
1763614502.7304401,0,0.04,0.3,0,0,1,194.08,198.10000000000124,134.8,None,None,None,209.33333333333334,unknown
1763614502.760629,0,0.039,0.3,0,0,1,193.97,198.00000000000125,134.85,None,None,None,209.33333333333334,unknown
1763614502.964031,0,0.038,0.3,0,0,1,193.88,197.90000000000126,134.85,None,None,None,209.33333333333334,unknown
1763614502.979167,0,0.038,0.3,0,1,1,193.77,197.80000000000126,134.75,None,None,None,209.33333333333334,unknown
1763614503.0142817,0,0.036000000000000004,0.3,0,0,1,193.66,197.70000000000127,134.65,None,None,None,209.33333333333334,unknown
1763614503.0243666,0,0.037000000000000005,0.3,1,1,1,193.55,197.60000000000127,134.65,None,None,None,209.33333333333334,unknown
1763614503.0385273,0,0.037000000000000005,0.3,0,0,1,193.44,197.50000000000128,134.75,None,None,None,209.33333333333334,unknown
1763614503.0485837,0,0.037000000000000005,0.3,0,0,1,193.33,197.40000000000128,134.65,None,None,None,209.33333333333334,unknown
1763614503.06374,0,0.035,0.3,0,0,1,193.43,197.3000000000013,134.8,None,None,None,209.33333333333334,unknown
1763614503.120637,0,0.035,0.3,0,0,1,193.57,197.2000000000013,134.75,None,None,None,209.33333333333334,unknown
1763614503.1307075,0,0.035,0.3,0,1,1,193.71,197.1000000000013,134.95,None,None,None,209.33333333333334,unknown
1763614503.1407962,0,0.034,0.3,0,0,1,193.81,197.0000000000013,135.15,None,None,None,209.33333333333334,unknown
1763614503.1508894,0,0.034,0.3,0,1,1,193.91,196.9000000000013,135.15,None,None,None,209.33333333333334,unknown
1763614503.1609545,0,0.034,0.3,1,0,1,194.05,196.80000000000132,135.25,None,None,None,209.33333333333334,unknown
1763614503.1710243,0,0.034,0.3,1,0,1,194.19,196.70000000000132,135.25,None,None,None,209.33333333333334,unknown
1763614503.1811218,0,0.034,0.3,1,1,1,194.38,196.60000000000133,135.3,None,None,None,209.33333333333334,unknown
1763614503.1912072,0,0.032,0.3,0,0,1,194.48,196.50000000000134,135.4,None,None,None,209.33333333333334,unknown
1763614503.2012925,0,0.032,0.3,1,0,1,194.58,196.40000000000134,135.45,None,None,None,209.33333333333334,unknown
1763614503.2114182,0,0.031000000000000003,0.3,0,0,1,194.58,196.30000000000135,135.45,None,None,None,209.33333333333334,unknown
1763614503.2215014,0,0.031000000000000003,0.3,1,0,1,194.58,196.20000000000135,135.5,None,None,None,209.33333333333334,unknown
1763614503.2316241,0,0.030000000000000002,0.3,0,0,1,194.44,196.10000000000136,135.35,None,None,None,209.33333333333334,unknown
1763614503.2417116,0,0.028,0.3,0,0,1,194.16,196.00000000000136,135.2,None,None,None,209.33333333333334,unknown
1763614503.256942,0,0.028,0.3,0,0,1,193.9,195.90000000000137,134.85000000000002,None,None,None,209.33333333333334,unknown
1763614503.308016,0,0.029,0.3,0,1,1,193.62,195.80000000000138,134.39999999999998,None,None,None,209.33333333333334,unknown
1763614503.3180864,0,0.028,0.3,1,0,1,193.34,195.70000000000138,134.0,None,None,None,209.33333333333334,unknown
1763614503.3332725,0,0.027000000000000003,0.3,0,0,1,193.06,195.6000000000014,133.6,None,None,None,209.33333333333334,unknown
1763614503.3481867,0,0.028,0.3,0,1,1,192.78,195.5000000000014,133.2,None,None,None,209.33333333333334,unknown
1763614503.3633118,0,0.028,0.3,0,0,1,192.5,195.4000000000014,132.75,None,None,None,209.33333333333334,unknown
1763614503.415595,0,0.029,0.3,0,1,1,192.22,195.3000000000014,132.7,None,None,None,209.33333333333334,unknown
1763614503.5821867,0,0.031000000000000003,0.3,1,1,1,192.32,195.2000000000014,132.85000000000002,None,None,None,209.33333333333334,unknown
1763614503.6946404,0,0.031000000000000003,0.3,0,1,1,192.25,195.10000000000142,132.6,None,None,None,209.33333333333334,unknown
1763614503.8841581,0,0.031000000000000003,0.3,0,1,1,192.22,195.00000000000142,132.4,None,None,None,209.33333333333334,unknown
1763614504.0429993,0,0.031000000000000003,0.3,0,0,1,192.15,194.90000000000143,132.15,None,None,None,209.33333333333334,unknown
1763614504.2329574,0,0.031000000000000003,0.3,0,0,1,192.08,194.80000000000143,131.85,None,None,None,209.33333333333334,unknown
1763614504.3940408,0,0.031000000000000003,0.3,0,1,1,192.05,194.70000000000144,131.6,None,None,None,209.33333333333334,unknown
1763614504.530088,0,0.032,0.3,0,1,1,191.98,194.60000000000144,131.5,None,None,None,209.33333333333334,unknown
1763614504.6271756,0,0.033,0.3,0,1,1,191.95,194.50000000000145,131.2,None,None,None,209.33333333333334,unknown
1763614504.787137,0,0.033,0.3,1,1,1,191.88,194.40000000000146,131.0,None,None,None,209.33333333333334,unknown
1763614504.836182,0,0.032,0.3,1,0,1,191.81,194.30000000000146,130.8,None,None,None,209.33333333333334,unknown
1763614504.9388921,0,0.032,0.3,0,0,1,191.74,194.20000000000147,130.5,None,None,None,209.33333333333334,unknown
1763614504.9489863,0,0.032,0.3,0,0,1,191.71,194.10000000000147,130.2,None,None,None,209.33333333333334,unknown
1763614504.9590733,0,0.032,0.3,0,0,1,191.64,194.00000000000148,129.9,None,None,None,209.33333333333334,unknown
1763614504.9691489,0,0.031000000000000003,0.3,0,1,1,191.57,193.90000000000148,129.6,None,None,None,209.33333333333334,unknown
1763614504.979229,0,0.032,0.3,0,1,1,191.64,193.8000000000015,129.35,None,None,None,209.33333333333334,unknown
1763614504.9893136,0,0.033,0.3,1,1,1,191.74,193.7000000000015,129.25,None,None,None,209.33333333333334,unknown
1763614504.9994044,0,0.032,0.3,0,0,1,191.88,193.6000000000015,129.25,None,None,None,209.33333333333334,unknown
1763614505.00952,0,0.032,0.3,0,0,1,191.98,193.5000000000015,129.3,None,None,None,209.33333333333334,unknown
1763614505.019606,0,0.031000000000000003,0.3,0,0,1,192.01,193.4000000000015,129.25,None,None,None,209.33333333333334,unknown
1763614505.0296981,0,0.032,0.3,0,2,1,192.11,193.30000000000152,129.25,None,None,None,209.33333333333334,unknown
1763614505.0397751,0,0.031000000000000003,0.3,0,0,1,192.21,193.20000000000152,129.3,None,None,None,209.33333333333334,unknown
1763614505.0498555,0,0.033,0.3,1,1,1,192.21,193.10000000000153,129.4,None,None,None,209.33333333333334,unknown
1763614505.059961,0,0.035,0.3,1,1,1,192.21,193.00000000000153,129.45,None,None,None,209.33333333333334,unknown
1763614505.0700843,0,0.036000000000000004,0.3,0,1,1,192.25,192.90000000000154,129.45,None,None,None,209.33333333333334,unknown
1763614505.08018,0,0.036000000000000004,0.3,0,1,1,192.25,192.80000000000155,129.39999999999998,None,None,None,209.33333333333334,unknown
1763614505.0902529,0,0.038,0.3,2,0,1,192.25,192.70000000000155,129.45,None,None,None,209.33333333333334,unknown
1763614505.1003566,0,0.037000000000000005,0.3,0,1,1,192.25,192.60000000000156,129.45,None,None,None,209.33333333333334,unknown
1763614505.1104474,0,0.038,0.3,0,1,1,192.25,192.50000000000156,129.45,None,None,None,209.33333333333334,unknown
1763614505.1205368,0,0.04,0.3,1,1,1,192.06,192.40000000000157,129.35000000000002,None,None,None,209.33333333333334,unknown
1763614505.130635,0,0.04,0.3,0,0,1,191.87,192.30000000000157,129.25,None,None,None,209.33333333333334,unknown
1763614505.1407125,0,0.041,0.3,0,1,1,191.8,192.20000000000158,129.15,None,None,None,209.33333333333334,unknown
1763614505.150806,0,0.04,0.3,0,0,1,191.73,192.1000000000016,128.9,None,None,None,209.33333333333334,unknown
1763614505.1609254,0,0.04,0.3,0,0,1,191.7,192.0000000000016,128.5,None,None,None,209.33333333333334,unknown
1763614505.1710277,0,0.04,0.3,1,0,1,191.63,191.9000000000016,128.2,None,None,None,209.33333333333334,unknown
1763614505.1810977,0,0.039,0.3,0,0,1,191.53,191.8000000000016,127.85,None,None,None,209.33333333333334,unknown
1763614505.1911654,0,0.038,0.3,0,0,1,191.36,191.7000000000016,127.5,None,None,None,209.33333333333334,unknown
1763614505.2012424,0,0.036000000000000004,0.3,0,0,1,191.19,191.60000000000161,127.0,None,None,None,209.33333333333334,unknown
1763614505.2113075,0,0.037000000000000005,0.3,0,1,1,190.98,191.50000000000162,126.45,None,None,None,209.33333333333334,unknown
1763614505.2213736,0,0.036000000000000004,0.3,0,0,1,190.72,191.40000000000163,126.05,None,None,None,209.33333333333334,unknown
1763614505.2314491,0,0.037000000000000005,0.3,1,0,1,190.44,191.30000000000163,125.69999999999999,None,None,None,209.33333333333334,unknown
1763614505.241516,0,0.037000000000000005,0.3,1,0,1,190.18,191.20000000000164,125.44999999999999,None,None,None,209.33333333333334,unknown
1763614505.2515807,0,0.037000000000000005,0.3,0,0,1,189.9,191.10000000000164,125.05,None,None,None,209.33333333333334,unknown
1763614505.2616627,0,0.037000000000000005,0.3,0,0,1,189.62,191.00000000000165,124.7,None,None,None,209.33333333333334,unknown
1763614505.2717345,0,0.037000000000000005,0.3,0,0,1,189.34,190.90000000000165,124.30000000000001,None,None,None,209.33333333333334,unknown
1763614505.281806,0,0.038,0.3,0,2,1,189.06,190.80000000000166,123.95,None,None,None,209.33333333333334,unknown
1763614505.2919288,0,0.039,0.3,0,2,1,188.78,190.70000000000167,123.64999999999999,None,None,None,209.33333333333334,unknown
1763614505.3019989,0,0.039,0.3,0,0,1,188.5,190.60000000000167,123.44999999999999,None,None,None,209.33333333333334,unknown
1763614505.3120985,0,0.038,0.3,0,0,1,188.39,190.50000000000168,123.19999999999999,None,None,None,209.33333333333334,unknown
1763614505.3222535,0,0.039,0.3,0,1,1,188.3,190.40000000000168,123.1,None,None,None,209.33333333333334,unknown
1763614505.332361,0,0.038,0.3,0,0,1,188.19,190.3000000000017,123.05,None,None,None,209.33333333333334,unknown
1763614505.3424308,0,0.036000000000000004,0.3,0,0,1,187.98,190.2000000000017,123.1,None,None,None,209.33333333333334,unknown
1763614505.3525014,0,0.035,0.3,0,0,1,188.16,190.1000000000017,123.19999999999999,None,None,None,209.33333333333334,unknown
1763614505.3625767,0,0.034,0.3,0,0,1,188.34,190.0000000000017,123.35,None,None,None,209.33333333333334,unknown
1763614505.3726466,0,0.035,0.3,1,0,1,188.48,189.9000000000017,123.45,None,None,None,209.33333333333334,unknown
1763614505.3827364,0,0.035,0.3,0,0,1,188.58,189.80000000000172,123.6,None,None,None,209.33333333333334,unknown
1763614505.3928387,0,0.035,0.3,1,0,1,188.58,189.70000000000172,123.69999999999999,None,None,None,209.33333333333334,unknown
1763614505.4029233,0,0.035,0.3,1,0,1,188.32,189.60000000000173,123.8,None,None,None,209.33333333333334,unknown
1763614505.4130197,0,0.035,0.3,0,1,1,188.06,189.50000000000173,123.6,None,None,None,209.33333333333334,unknown
1763614505.423125,0,0.033,0.3,0,0,1,187.78,189.40000000000174,123.3,None,None,None,209.33333333333334,unknown
1763614505.4332068,0,0.032,0.3,0,0,1,187.5,189.30000000000175,122.85,None,None,None,209.33333333333334,unknown
1763614505.443277,0,0.032,0.3,0,0,1,187.22,189.20000000000175,122.45,None,None,None,209.33333333333334,unknown
1763614505.4533594,0,0.032,0.3,0,0,1,186.94,189.10000000000176,122.25,None,None,None,209.33333333333334,unknown
1763614505.463445,0,0.033,0.3,0,1,1,186.66,189.00000000000176,122.05000000000001,None,None,None,209.33333333333334,unknown
1763614505.4735384,0,0.033,0.3,0,1,1,186.38,188.90000000000177,121.9,None,None,None,209.33333333333334,unknown
1763614505.4836638,0,0.033,0.3,1,0,1,186.1,188.80000000000177,121.65,None,None,None,209.33333333333334,unknown
1763614505.5020936,0,0.032,0.3,0,1,1,186.1,188.70000000000178,121.35,None,None,None,209.33333333333334,unknown
1763614505.6658576,0,0.033,0.3,0,1,1,186.27,188.60000000000178,121.55,None,None,None,209.33333333333334,unknown
1763614505.738658,0,0.033,0.3,0,0,1,186.41,188.5000000000018,121.85000000000001,None,None,None,209.33333333333334,unknown
1763614505.925242,0,0.034,0.3,0,1,1,186.25,188.4000000000018,121.65,None,None,None,209.33333333333334,unknown
1763614506.009365,0,0.032,0.3,0,0,1,186.08,188.3000000000018,121.55,None,None,None,209.33333333333334,unknown
1763614506.3362045,0,0.033,0.3,0,1,1,185.98,188.2000000000018,121.80000000000001,None,None,None,209.33333333333334,unknown
1763614506.4758031,0,0.031000000000000003,0.3,0,0,1,185.84,188.1000000000018,121.95,None,None,None,209.33333333333334,unknown
1763614506.6724393,0,0.029,0.3,0,0,1,185.74,188.00000000000182,122.1,None,None,None,209.33333333333334,unknown
1763614506.7526946,0,0.028,0.3,0,0,1,185.64,187.90000000000182,122.30000000000001,None,None,None,209.33333333333334,unknown
1763614506.7627614,0,0.028,0.3,0,1,1,185.54,187.80000000000183,122.55,None,None,None,209.33333333333334,unknown
1763614506.8490217,0,0.027000000000000003,0.3,0,1,1,185.4,187.70000000000184,122.80000000000001,None,None,None,209.33333333333334,unknown
1763614506.8591332,0,0.028,0.3,1,1,1,185.3,187.60000000000184,123.05,None,None,None,209.33333333333334,unknown
1763614506.8692122,0,0.028,0.3,1,0,1,185.2,187.50000000000185,123.19999999999999,None,None,None,209.33333333333334,unknown
1763614506.879303,0,0.027000000000000003,0.3,1,0,1,185.06,187.40000000000185,123.3,None,None,None,209.33333333333334,unknown
1763614506.8944454,0,0.029,0.3,1,1,1,184.96,187.30000000000186,123.4,None,None,None,209.33333333333334,unknown
1763614506.9574704,0,0.029,0.3,1,0,1,184.86,187.20000000000186,123.55000000000001,None,None,None,209.33333333333334,unknown
1763614507.0226207,0,0.030000000000000002,0.3,0,1,1,184.83,187.10000000000187,123.65,None,None,None,209.33333333333334,unknown
1763614507.032686,0,0.032,0.3,0,2,1,184.73,187.00000000000188,123.85,None,None,None,209.33333333333334,unknown
1763614507.0427573,0,0.033,0.3,0,2,1,184.63,186.90000000000188,124.1,None,None,None,209.33333333333334,unknown
1763614507.052834,0,0.033,0.3,0,0,1,184.46,186.8000000000019,124.35,None,None,None,209.33333333333334,unknown
1763614507.0629172,0,0.033,0.3,0,0,1,184.29,186.7000000000019,124.55,None,None,None,209.33333333333334,unknown
1763614507.0730004,0,0.034,0.3,1,0,1,183.87,186.6000000000019,124.6,None,None,None,209.33333333333334,unknown
1763614507.083101,0,0.034,0.3,1,0,1,183.54,186.5000000000019,124.44999999999999,None,None,None,209.33333333333334,unknown
1763614507.0931952,0,0.036000000000000004,0.3,0,2,1,183.21,186.4000000000019,124.0,None,None,None,209.33333333333334,unknown
1763614507.1071792,0,0.036000000000000004,0.3,0,1,1,182.88,186.30000000000192,123.44999999999999,None,None,None,209.33333333333334,unknown
1763614507.1172729,0,0.035,0.3,0,0,1,182.55,186.20000000000192,123.0,None,None,None,209.33333333333334,unknown
1763614507.127358,0,0.036000000000000004,0.3,0,1,1,182.25,186.10000000000193,122.6,None,None,None,209.33333333333334,unknown
1763614507.1425326,0,0.036000000000000004,0.3,0,0,1,182.09,186.00000000000193,122.35,None,None,None,209.33333333333334,unknown
1763614507.1812334,0,0.036000000000000004,0.3,0,0,1,181.93,185.90000000000194,122.30000000000001,None,None,None,209.33333333333334,unknown
1763614507.191301,0,0.034,0.3,0,0,1,181.77,185.80000000000194,122.35,None,None,None,209.33333333333334,unknown
1763614507.2013671,0,0.032,0.3,0,0,1,181.65,185.70000000000195,122.35,None,None,None,209.33333333333334,unknown
1763614507.211431,0,0.032,0.3,0,0,1,181.49,185.60000000000196,122.30000000000001,None,None,None,209.33333333333334,unknown
1763614507.2265573,0,0.033,0.3,1,0,1,181.33,185.50000000000196,122.25,None,None,None,209.33333333333334,unknown
1763614507.294553,0,0.033,0.3,0,1,1,181.33,185.40000000000197,122.55000000000001,None,None,None,209.33333333333334,unknown
1763614507.3046308,0,0.035,0.3,1,1,1,181.33,185.30000000000197,122.65,None,None,None,209.33333333333334,unknown
1763614507.3147023,0,0.035,0.3,0,0,1,181.16,185.20000000000198,122.6,None,None,None,209.33333333333334,unknown
1763614507.3247745,0,0.035,0.3,0,0,1,181.16,185.10000000000198,122.9,None,None,None,209.33333333333334,unknown
1763614507.3377135,0,0.036000000000000004,0.3,1,0,1,181.16,185.000000000002,123.19999999999999,None,None,None,209.33333333333334,unknown
1763614507.3477788,0,0.035,0.3,0,0,1,181.16,184.900000000002,123.65,None,None,None,209.33333333333334,unknown
1763614507.357875,0,0.037000000000000005,0.3,1,1,1,181.16,184.800000000002,124.1,None,None,None,209.33333333333334,unknown
1763614507.3679767,0,0.036000000000000004,0.3,0,0,1,181.16,184.700000000002,124.6,None,None,None,209.33333333333334,unknown
1763614507.3781488,0,0.036000000000000004,0.3,0,1,1,181.16,184.600000000002,124.85,None,None,None,209.33333333333334,unknown
1763614507.3882291,0,0.035,0.3,0,0,1,181.16,184.50000000000202,125.4,None,None,None,209.33333333333334,unknown
1763614507.398333,0,0.036000000000000004,0.3,1,0,1,181.16,184.40000000000202,125.85,None,None,None,209.33333333333334,unknown
1763614507.4084167,0,0.037000000000000005,0.3,0,1,1,181.16,184.30000000000203,126.3,None,None,None,209.33333333333334,unknown
1763614507.4184856,0,0.039,0.3,1,1,1,181.16,184.20000000000203,126.85,None,None,None,209.33333333333334,unknown
1763614507.4285622,0,0.039,0.3,0,0,1,181.23,184.10000000000204,127.45,None,None,None,209.33333333333334,unknown
1763614507.5218034,0,0.039,0.3,0,1,1,181.07,184.00000000000205,127.4,None,None,None,209.33333333333334,unknown
1763614507.536989,0,0.039,0.3,0,1,1,180.91,183.90000000000205,127.3,None,None,None,209.33333333333334,unknown
1763614507.6194928,0,0.04,0.3,1,1,1,180.81,183.80000000000206,127.15,None,None,None,209.33333333333334,unknown
1763614507.6295605,0,0.04,0.3,1,0,1,180.52,183.70000000000206,126.85,None,None,None,209.33333333333334,unknown
1763614507.6396272,0,0.039,0.3,0,0,1,180.26,183.60000000000207,126.4,None,None,None,209.33333333333334,unknown
1763614507.6497107,0,0.04,0.3,0,1,1,180.09,183.50000000000207,126.0,None,None,None,209.33333333333334,unknown
1763614507.7213545,0,0.04,0.3,0,1,1,179.99,183.40000000000208,126.14999999999999,None,None,None,209.33333333333334,unknown
1763614507.7342587,0,0.04,0.3,0,0,1,179.89,183.3000000000021,126.3,None,None,None,209.33333333333334,unknown
1763614507.7443228,0,0.039,0.3,0,0,1,179.75,183.2000000000021,126.39999999999999,None,None,None,209.33333333333334,unknown
1763614507.7543902,0,0.039,0.3,0,0,1,179.65,183.1000000000021,126.4,None,None,None,209.33333333333334,unknown
1763614507.7644656,0,0.04,0.3,0,1,1,179.55,183.0000000000021,126.5,None,None,None,209.33333333333334,unknown
1763614507.7745304,0,0.042,0.3,1,1,1,179.37,182.9000000000021,126.7,None,None,None,209.33333333333334,unknown
1763614507.784609,0,0.041,0.3,0,0,1,179.27,182.80000000000211,126.9,None,None,None,209.33333333333334,unknown
1763614507.7997367,0,0.042,0.3,1,1,1,179.13,182.70000000000212,127.05,None,None,None,209.33333333333334,unknown
1763614507.9474266,0,0.041,0.3,0,1,1,178.8,182.60000000000213,126.7,None,None,None,209.33333333333334,unknown
1763614508.0387821,0,0.044000000000000004,0.3,2,2,1,178.51,182.50000000000213,126.25,None,None,None,209.33333333333334,unknown
1763614508.0488617,0,0.045000000000000005,0.3,0,2,1,178.35,182.40000000000214,125.85,None,None,None,209.33333333333334,unknown
1763614508.058976,0,0.044000000000000004,0.3,0,1,1,178.19,182.30000000000214,125.44999999999999,None,None,None,209.33333333333334,unknown
1763614508.0690637,0,0.045000000000000005,0.3,1,1,1,178.07,182.20000000000215,125.25,None,None,None,209.33333333333334,unknown
1763614508.0791342,0,0.045000000000000005,0.3,0,1,1,177.91,182.10000000000215,125.15,None,None,None,209.33333333333334,unknown
1763614508.0943127,0,0.045000000000000005,0.3,1,1,1,177.75,182.00000000000216,125.10000000000001,None,None,None,209.33333333333334,unknown
1763614508.2990534,0,0.044000000000000004,0.3,0,1,1,177.82,181.90000000000217,125.69999999999999,None,None,None,209.33333333333334,unknown
1763614508.4211273,0,0.047,0.3,1,2,1,177.89,181.80000000000217,126.35,None,None,None,209.33333333333334,unknown
1763614508.4311976,0,0.049,0.3,1,1,1,177.96,181.70000000000218,127.0,None,None,None,209.33333333333334,unknown
1763614508.4412649,0,0.049,0.3,1,0,1,178.03,181.60000000000218,127.64999999999999,None,None,None,209.33333333333334,unknown
1763614508.4513474,0,0.05,0.3,1,1,1,178.1,181.5000000000022,128.45,None,None,None,209.33333333333334,unknown
1763614508.5024936,0,0.049,0.3,0,1,1,178.17,181.4000000000022,129.0,None,None,None,209.33333333333334,unknown
1763614508.512556,0,0.05,0.3,0,2,1,178.2,181.3000000000022,129.5,None,None,None,209.33333333333334,unknown
1763614508.5226305,0,0.053000000000000005,0.3,0,3,1,178.23,181.2000000000022,129.9,None,None,None,209.33333333333334,unknown
1763614508.532743,0,0.053000000000000005,0.3,1,0,1,178.3,181.1000000000022,130.35,None,None,None,209.33333333333334,unknown
1763614508.6133235,0,0.054,0.3,1,0,1,178.37,181.00000000000222,130.75,None,None,None,209.33333333333334,unknown
1763614508.6234002,0,0.056,0.3,1,1,1,178.44,180.90000000000222,131.25,None,None,None,209.33333333333334,unknown
1763614508.6334653,0,0.057,0.3,1,0,1,178.51,180.80000000000223,131.75,None,None,None,209.33333333333334,unknown
1763614508.6464798,0,0.057,0.3,0,0,1,178.65,180.70000000000223,132.35,None,None,None,209.33333333333334,unknown
1763614508.6653018,0,0.057,0.3,0,0,1,178.72,180.60000000000224,132.85,None,None,None,209.33333333333334,unknown
1763614508.675366,0,0.056,0.3,0,0,1,178.62,180.50000000000225,133.3,None,None,None,209.33333333333334,unknown
1763614508.6854753,0,0.056,0.3,1,0,1,178.45,180.40000000000225,133.55,None,None,None,209.33333333333334,unknown
1763614508.719625,0,0.056,0.3,1,1,1,178.12,180.30000000000226,133.45,None,None,None,209.33333333333334,unknown
1763614508.7336295,0,0.059000000000000004,0.3,1,2,1,177.79,180.20000000000226,133.15,None,None,None,209.33333333333334,unknown
1763614508.743693,0,0.061000000000000006,0.3,1,1,1,177.42,180.10000000000227,132.8,None,None,None,209.33333333333334,unknown
1763614508.7537699,0,0.061000000000000006,0.3,0,1,1,177.05,180.00000000000227,132.39999999999998,None,None,None,209.33333333333334,unknown
1763614508.7638395,0,0.061000000000000006,0.3,0,0,1,176.72,179.90000000000228,132.0,None,None,None,209.33333333333334,unknown
1763614508.773959,0,0.060000000000000005,0.3,0,1,1,176.39,179.80000000000229,131.5,None,None,None,209.33333333333334,unknown
1763614508.7840443,0,0.062,0.3,2,0,1,176.06,179.7000000000023,130.95,None,None,None,209.33333333333334,unknown
1763614508.7941198,0,0.064,0.3,2,1,1,175.9,179.6000000000023,130.45,None,None,None,209.33333333333334,unknown
1763614508.8041885,0,0.066,0.3,1,1,1,175.74,179.5000000000023,130.25,None,None,None,209.33333333333334,unknown
1763614508.814286,0,0.067,0.3,0,2,1,175.58,179.4000000000023,130.15,None,None,None,209.33333333333334,unknown
1763614508.8243945,0,0.067,0.3,0,1,1,175.49,179.3000000000023,130.15,None,None,None,209.33333333333334,unknown
1763614508.834504,0,0.066,0.3,1,0,1,175.4,179.20000000000232,130.15,None,None,None,209.33333333333334,unknown
1763614508.8496983,0,0.067,0.3,1,0,1,175.28,179.10000000000232,130.05,None,None,None,209.33333333333334,unknown
1763614508.9089584,0,0.067,0.3,0,1,1,175.28,179.00000000000233,130.5,None,None,None,209.33333333333334,unknown
1763614508.9190228,0,0.068,0.3,1,1,1,175.28,178.90000000000234,130.95,None,None,None,209.33333333333334,unknown
1763614508.93621,0,0.068,0.3,1,1,1,175.28,178.80000000000234,131.45,None,None,None,209.33333333333334,unknown
1763614508.9462767,0,0.069,0.3,1,1,1,175.28,178.70000000000235,131.95,None,None,None,209.33333333333334,unknown
1763614508.9563417,0,0.07,0.3,0,1,1,175.11,178.60000000000235,132.05,None,None,None,209.33333333333334,unknown
1763614508.966415,0,0.07,0.3,0,1,1,174.97,178.50000000000236,132.2,None,None,None,209.33333333333334,unknown
1763614508.9765391,0,0.07200000000000001,0.3,1,2,1,175.13,178.40000000000236,133.0,None,None,None,209.33333333333334,unknown
1763614508.9866521,0,0.075,0.3,1,2,1,175.13,178.30000000000237,133.45,None,None,None,209.33333333333334,unknown
1763614508.9967442,0,0.078,0.3,1,2,1,175.16,178.20000000000238,133.45,None,None,None,209.33333333333334,unknown
1763614509.0068398,0,0.079,0.3,1,0,1,175.23,178.10000000000238,133.39999999999998,None,None,None,209.33333333333334,unknown
1763614509.0169137,0,0.08,0.3,2,0,1,175.3,178.0000000000024,133.4,None,None,None,209.33333333333334,unknown
1763614509.0269995,0,0.079,0.3,1,0,1,175.33,177.9000000000024,133.35,None,None,None,209.33333333333334,unknown
1763614509.0446365,0,0.081,0.3,2,0,1,175.26,177.8000000000024,133.3,None,None,None,209.33333333333334,unknown
1763614509.0547075,0,0.082,0.3,2,1,1,175.23,177.7000000000024,133.3,None,None,None,209.33333333333334,unknown
1763614509.064782,0,0.083,0.3,1,1,1,175.16,177.6000000000024,133.3,None,None,None,209.33333333333334,unknown
1763614509.07487,0,0.082,0.3,2,1,1,175.09,177.50000000000242,133.25,None,None,None,209.33333333333334,unknown
1763614509.0849671,0,0.083,0.3,2,1,1,174.9,177.40000000000242,133.10000000000002,None,None,None,209.33333333333334,unknown
1763614509.0950565,0,0.083,0.3,0,1,1,174.67,177.30000000000243,132.8,None,None,None,209.33333333333334,unknown
1763614509.105163,0,0.083,0.3,1,1,1,174.48,177.20000000000243,132.4,None,None,None,209.33333333333334,unknown
1763614509.118355,0,0.082,0.3,0,0,1,174.25,177.10000000000244,132.0,None,None,None,209.33333333333334,unknown
1763614509.1284456,0,0.082,0.3,0,2,1,174.09,177.00000000000244,131.60000000000002,None,None,None,209.33333333333334,unknown
1763614509.1385548,0,0.082,0.3,0,1,1,173.9,176.90000000000245,131.2,None,None,None,209.33333333333334,unknown
1763614509.148648,0,0.081,0.3,0,2,1,173.74,176.80000000000246,130.85,None,None,None,209.33333333333334,unknown
1763614509.158733,0,0.079,0.3,0,0,1,173.74,176.70000000000246,130.55,None,None,None,209.33333333333334,unknown
1763614509.1688137,0,0.078,0.3,0,0,1,173.9,176.60000000000247,130.35,None,None,None,209.33333333333334,unknown
1763614509.1788826,0,0.077,0.3,1,0,1,174.06,176.50000000000247,130.3,None,None,None,209.33333333333334,unknown
1763614509.1923194,0,0.078,0.3,1,1,1,174.22,176.40000000000248,130.65,None,None,None,209.33333333333334,unknown
1763614509.2023864,0,0.079,0.3,1,2,1,174.38,176.30000000000248,131.15,None,None,None,209.33333333333334,unknown
1763614509.2124465,0,0.078,0.3,1,1,1,174.54,176.2000000000025,131.6,None,None,None,209.33333333333334,unknown
1763614509.2225125,0,0.078,0.3,1,0,1,174.7,176.1000000000025,132.05,None,None,None,209.33333333333334,unknown
1763614509.234268,0,0.079,0.3,2,0,1,174.86,176.0000000000025,132.45,None,None,None,209.33333333333334,unknown
1763614509.244346,0,0.078,0.3,0,1,1,175.02,175.9000000000025,132.85,None,None,None,209.33333333333334,unknown
1763614509.2544403,0,0.077,0.3,0,0,1,175.18,175.8000000000025,133.3,None,None,None,209.33333333333334,unknown
1763614509.2645504,0,0.077,0.3,0,0,1,175.3,175.70000000000252,133.7,None,None,None,209.33333333333334,unknown
1763614509.2746298,0,0.078,0.3,1,0,1,175.46,175.60000000000252,134.15,None,None,None,209.33333333333334,unknown
1763614509.284732,0,0.078,0.3,0,0,1,175.62,175.50000000000253,134.55,None,None,None,209.33333333333334,unknown
1763614509.2948031,0,0.079,0.3,1,1,1,175.62,175.40000000000254,134.65,None,None,None,209.33333333333334,unknown
1763614509.3048809,0,0.08,0.3,2,1,1,175.62,175.30000000000254,134.7,None,None,None,209.33333333333334,unknown
1763614509.3149977,0,0.079,0.3,1,1,1,175.62,175.20000000000255,134.75,None,None,None,209.33333333333334,unknown
1763614509.3250766,0,0.077,0.3,0,0,1,175.62,175.10000000000255,134.75,None,None,None,209.33333333333334,unknown
1763614509.3351462,0,0.076,0.3,0,0,1,175.46,175.00000000000256,134.6,None,None,None,209.33333333333334,unknown
1763614509.3452191,0,0.078,0.3,1,1,1,175.3,174.90000000000256,134.25,None,None,None,209.33333333333334,unknown
1763614509.3553233,0,0.079,0.3,1,1,1,175.14,174.80000000000257,133.85,None,None,None,209.33333333333334,unknown
1763614509.3654115,0,0.078,0.3,0,1,1,175.02,174.70000000000258,133.4,None,None,None,209.33333333333334,unknown
1763614509.3754768,0,0.076,0.3,0,1,1,174.93,174.60000000000258,133.1,None,None,None,209.33333333333334,unknown
1763614509.3855414,0,0.076,0.3,1,1,1,174.81,174.5000000000026,132.8,None,None,None,209.33333333333334,unknown
1763614509.3956344,0,0.078,0.3,2,2,1,174.69,174.4000000000026,132.5,None,None,None,209.33333333333334,unknown
1763614509.4056997,0,0.079,0.3,1,1,1,174.57,174.3000000000026,132.2,None,None,None,209.33333333333334,unknown
1763614509.4158094,0,0.079,0.3,0,1,1,174.41,174.2000000000026,131.9,None,None,None,209.33333333333334,unknown
1763614509.4259067,0,0.08,0.3,1,1,1,174.34,174.1000000000026,131.6,None,None,None,209.33333333333334,unknown
1763614509.4360127,0,0.08,0.3,0,1,1,174.5,174.00000000000261,131.85,None,None,None,209.33333333333334,unknown
1763614509.4460957,0,0.079,0.3,1,0,1,174.66,173.90000000000262,132.3,None,None,None,209.33333333333334,unknown
1763614509.4561937,0,0.078,0.3,1,0,1,174.66,173.80000000000263,132.8,None,None,None,209.33333333333334,unknown
1763614509.4924378,0,0.077,0.3,0,1,1,174.78,173.70000000000263,133.45,None,None,None,209.33333333333334,unknown
1763614509.5025043,0,0.078,0.3,1,1,1,174.87,173.60000000000264,134.0,None,None,None,209.33333333333334,unknown
1763614509.5125768,0,0.078,0.3,0,1,1,174.87,173.50000000000264,134.45,None,None,None,209.33333333333334,unknown
1763614509.5226724,0,0.077,0.3,0,2,1,174.8,173.40000000000265,134.3,None,None,None,209.33333333333334,unknown
1763614509.5355816,0,0.075,0.3,0,1,1,174.73,173.30000000000265,134.25,None,None,None,209.33333333333334,unknown
1763614509.5456603,0,0.074,0.3,0,2,1,174.7,173.20000000000266,134.2,None,None,None,209.33333333333334,unknown
1763614509.5557752,0,0.075,0.3,1,1,1,174.63,173.10000000000267,134.25,None,None,None,209.33333333333334,unknown
1763614509.5658896,0,0.074,0.3,0,1,1,174.56,173.00000000000267,134.2,None,None,None,209.33333333333334,unknown
1763614509.5759587,0,0.075,0.3,1,1,1,174.53,172.90000000000268,134.1,None,None,None,209.33333333333334,unknown
1763614509.5884726,0,0.075,0.3,1,1,1,174.46,172.80000000000268,134.0,None,None,None,209.33333333333334,unknown
1763614509.5985892,0,0.07300000000000001,0.3,0,1,1,174.43,172.7000000000027,133.8,None,None,None,209.33333333333334,unknown
1763614509.608695,0,0.07300000000000001,0.3,1,1,1,174.43,172.6000000000027,134.0,None,None,None,209.33333333333334,unknown
1763614509.618795,0,0.07,0.3,0,0,1,174.39,172.5000000000027,134.2,None,None,None,209.33333333333334,unknown
1763614509.633963,0,0.069,0.3,1,1,1,174.43,172.4000000000027,134.35,None,None,None,209.33333333333334,unknown
1763614509.6745274,0,0.07,0.3,1,1,1,174.43,172.3000000000027,134.5,None,None,None,209.33333333333334,unknown
1763614509.6845977,0,0.069,0.3,1,0,1,174.55,172.20000000000272,134.55,None,None,None,209.33333333333334,unknown
1763614509.6946716,0,0.07,0.3,1,0,1,174.71,172.10000000000272,134.7,None,None,None,209.33333333333334,unknown
1763614509.7068536,0,0.069,0.3,1,0,1,174.87,172.00000000000273,134.95,None,None,None,209.33333333333334,unknown
1763614509.7247744,0,0.068,0.3,0,0,1,174.8,171.90000000000273,134.85000000000002,None,None,None,209.33333333333334,unknown
1763614509.7348647,0,0.067,0.3,1,0,1,174.73,171.80000000000274,134.7,None,None,None,209.33333333333334,unknown
1763614509.7449603,0,0.07,0.3,2,1,1,174.66,171.70000000000275,134.55,None,None,None,209.33333333333334,unknown
1763614509.75503,0,0.07100000000000001,0.3,1,0,1,174.59,171.60000000000275,134.35,None,None,None,209.33333333333334,unknown
1763614509.7701569,0,0.07100000000000001,0.3,1,0,1,174.52,171.50000000000276,134.05,None,None,None,209.33333333333334,unknown
1763614509.9625916,0,0.07,0.3,1,0,1,174.33,171.40000000000276,133.85,None,None,None,209.33333333333334,unknown
1763614510.0491416,0,0.07,0.3,2,1,1,174.21,171.30000000000277,133.45,None,None,None,209.33333333333334,unknown
1763614510.0592074,0,0.07,0.3,2,0,1,174.09,171.20000000000277,133.1,None,None,None,209.33333333333334,unknown
1763614510.0692892,0,0.07,0.3,1,0,1,173.93,171.10000000000278,132.85,None,None,None,209.33333333333334,unknown
1763614510.079357,0,0.069,0.3,1,0,1,173.77,171.00000000000279,132.6,None,None,None,209.33333333333334,unknown
1763614510.0894425,0,0.069,0.3,1,0,1,173.58,170.9000000000028,132.25,None,None,None,209.33333333333334,unknown
1763614510.104588,0,0.07,0.3,0,1,1,173.39,170.8000000000028,131.85,None,None,None,209.33333333333334,unknown
1763614510.2973926,0,0.07,0.3,0,0,1,173.25,170.7000000000028,131.7,None,None,None,209.33333333333334,unknown
1763614510.3994036,0,0.07100000000000001,0.3,1,1,1,173.18,170.6000000000028,131.55,None,None,None,209.33333333333334,unknown
1763614510.606393,0,0.07200000000000001,0.3,1,0,1,173.11,170.5000000000028,131.35,None,None,None,209.33333333333334,unknown
1763614510.6472487,0,0.07,0.3,0,0,1,173.11,170.40000000000282,131.3,None,None,None,209.33333333333334,unknown
1763614510.6573167,0,0.068,0.3,0,1,1,173.27,170.30000000000283,131.55,None,None,None,209.33333333333334,unknown
1763614510.6673813,0,0.068,0.3,1,1,1,173.43,170.20000000000283,131.9,None,None,None,209.33333333333334,unknown
1763614510.6774926,0,0.07,0.3,1,1,1,173.59,170.10000000000284,132.35,None,None,None,209.33333333333334,unknown
1763614510.6875665,0,0.07200000000000001,0.3,1,1,1,173.75,170.00000000000284,132.8,None,None,None,209.33333333333334,unknown
1763614510.6976497,0,0.07100000000000001,0.3,1,0,1,173.91,169.90000000000285,133.25,None,None,None,209.33333333333334,unknown
1763614510.7077692,0,0.07100000000000001,0.3,1,1,1,174.07,169.80000000000285,133.75,None,None,None,209.33333333333334,unknown
1763614510.7178779,0,0.07200000000000001,0.3,1,1,1,174.23,169.70000000000286,134.2,None,None,None,209.33333333333334,unknown
1763614510.727987,0,0.07300000000000001,0.3,1,1,1,174.39,169.60000000000286,134.7,None,None,None,209.33333333333334,unknown
1763614510.738069,0,0.07400000000000001,0.3,3,0,1,174.55,169.50000000000287,135.15,None,None,None,209.33333333333334,unknown
1763614510.7521544,0,0.07,0.3,0,0,1,174.71,169.40000000000288,135.55,None,None,None,209.33333333333334,unknown
1763614510.8037436,0,0.069,0.3,0,1,1,174.8,169.30000000000288,136.0,None,None,None,209.33333333333334,unknown
1763614510.816965,0,0.069,0.3,0,1,1,174.89,169.2000000000029,136.45,None,None,None,209.33333333333334,unknown
1763614511.1028247,0,0.07,0.3,2,1,1,174.85,169.1000000000029,136.64999999999998,None,None,None,209.33333333333334,unknown
1763614511.2027748,0,0.07,0.3,1,0,1,174.69,169.0000000000029,136.3,None,None,None,209.33333333333334,unknown
1763614511.3044424,0,0.07100000000000001,0.3,1,1,1,174.53,168.9000000000029,135.95,None,None,None,209.33333333333334,unknown
1763614511.3964057,0,0.07300000000000001,0.3,1,2,1,174.37,168.8000000000029,135.5,None,None,None,209.33333333333334,unknown
1763614511.5924406,0,0.07200000000000001,0.3,0,0,1,174.21,168.70000000000292,135.25,None,None,None,209.33333333333334,unknown
1763614511.6780365,0,0.07,0.3,0,0,1,174.05,168.60000000000292,134.85,None,None,None,209.33333333333334,unknown
1763614511.7391908,0,0.069,0.3,0,0,1,173.89,168.50000000000293,134.4,None,None,None,209.33333333333334,unknown
1763614511.801483,0,0.069,0.3,1,1,1,173.73,168.40000000000293,133.95,None,None,None,209.33333333333334,unknown
1763614512.0094981,0,0.069,0.3,0,1,1,173.57,168.30000000000294,133.55,None,None,None,209.33333333333334,unknown
1763614512.254599,0,0.068,0.3,0,1,1,173.31,168.20000000000294,133.1,None,None,None,209.33333333333334,unknown
1763614512.47803,0,0.067,0.3,0,1,1,173.05,168.10000000000295,132.75,None,None,None,209.33333333333334,unknown
1763614512.573361,0,0.067,0.3,0,1,1,172.75,168.00000000000296,132.45,None,None,None,209.33333333333334,unknown
1763614512.7720947,0,0.067,0.3,1,1,1,172.46,167.90000000000296,132.2,None,None,None,209.33333333333334,unknown
1763614513.118218,0,0.066,0.3,0,1,1,172.3,167.80000000000297,131.9,None,None,None,209.33333333333334,unknown
1763614513.261614,0,0.066,0.3,1,0,1,172.14,167.70000000000297,131.55,None,None,None,209.33333333333334,unknown
1763614513.3068426,0,0.064,0.3,0,0,1,171.98,167.60000000000298,131.2,None,None,None,209.33333333333334,unknown
1763614513.473028,0,0.064,0.3,0,0,1,171.82,167.50000000000298,130.9,None,None,None,209.33333333333334,unknown
1763614513.643873,0,0.064,0.3,1,1,1,171.82,167.400000000003,130.75,None,None,None,209.33333333333334,unknown
1763614513.74184,0,0.062,0.3,0,0,1,171.82,167.300000000003,130.8,None,None,None,209.33333333333334,unknown
1763614513.8285708,0,0.061,0.3,0,0,1,171.78,167.200000000003,130.9,None,None,None,209.33333333333334,unknown
1763614514.0193024,0,0.061,0.3,1,0,1,171.71,167.100000000003,130.89999999999998,None,None,None,209.33333333333334,unknown
1763614514.1483052,0,0.062,0.3,1,1,1,171.64,167.000000000003,130.95,None,None,None,209.33333333333334,unknown
1763614514.284049,0,0.064,0.3,2,0,1,171.6,166.90000000000302,131.0,None,None,None,209.33333333333334,unknown
1763614514.3047898,0,0.065,0.3,0,2,1,171.6,166.80000000000302,131.0,None,None,None,209.33333333333334,unknown
1763614514.480366,0,0.063,0.3,1,0,1,171.44,166.70000000000303,130.9,None,None,None,209.33333333333334,unknown
1763614514.5411484,0,0.063,0.3,0,1,1,171.28,166.60000000000304,130.9,None,None,None,209.33333333333334,unknown
1763614514.6705616,0,0.064,0.3,2,0,1,171.12,166.50000000000304,130.95,None,None,None,209.33333333333334,unknown
1763614514.8746238,0,0.064,0.3,0,1,1,170.96,166.40000000000305,130.8,None,None,None,209.33333333333334,unknown
1763614514.9328609,0,0.062,0.3,0,1,1,170.84,166.30000000000305,130.55,None,None,None,209.33333333333334,unknown
1763614515.1446674,0,0.060000000000000005,0.3,0,0,1,170.68,166.20000000000306,130.35,None,None,None,209.33333333333334,unknown
1763614515.2602162,0,0.060000000000000005,0.3,0,1,1,170.52,166.10000000000306,130.05,None,None,None,209.33333333333334,unknown
1763614515.4803996,0,0.061000000000000006,0.3,1,1,1,170.36,166.00000000000307,129.85,None,None,None,209.33333333333334,unknown
1763614515.551861,0,0.061000000000000006,0.3,1,0,1,170.2,165.90000000000308,129.55,None,None,None,209.33333333333334,unknown
1763614515.6782622,0,0.060000000000000005,0.3,0,0,1,170.04,165.80000000000308,129.25,None,None,None,209.33333333333334,unknown
1763614515.7817183,0,0.060000000000000005,0.3,0,0,1,169.88,165.7000000000031,128.95,None,None,None,209.33333333333334,unknown
1763614515.9708292,0,0.060000000000000005,0.3,1,1,1,169.72,165.6000000000031,128.6,None,None,None,209.33333333333334,unknown
1763614516.0671215,0,0.060000000000000005,0.3,1,0,1,169.56,165.5000000000031,128.35,None,None,None,209.33333333333334,unknown
1763614516.1585495,0,0.061000000000000006,0.3,0,1,1,169.4,165.4000000000031,128.15,None,None,None,209.33333333333334,unknown
1763614516.226316,0,0.062,0.3,0,2,1,169.24,165.3000000000031,127.9,None,None,None,209.33333333333334,unknown
1763614516.3513625,0,0.062,0.3,1,1,1,169.08,165.20000000000312,127.5,None,None,None,209.33333333333334,unknown
1763614516.3867285,0,0.060000000000000005,0.3,0,0,1,168.89,165.10000000000312,127.2,None,None,None,209.33333333333334,unknown
1763614516.6377459,0,0.058,0.3,0,0,1,168.89,165.00000000000313,127.15,None,None,None,209.33333333333334,unknown
1763614516.7866497,0,0.059000000000000004,0.3,1,1,1,168.89,164.90000000000313,127.19999999999999,None,None,None,209.33333333333334,unknown
1763614516.8311357,0,0.059000000000000004,0.3,0,2,1,168.89,164.80000000000314,127.25,None,None,None,209.33333333333334,unknown
1763614516.953042,0,0.057,0.3,0,0,1,168.85,164.70000000000314,127.44999999999999,None,None,None,209.33333333333334,unknown
1763614517.0598645,0,0.056,0.3,0,1,1,168.78,164.60000000000315,127.55,None,None,None,209.33333333333334,unknown
1763614517.1160922,0,0.053000000000000005,0.3,0,0,1,168.76,164.50000000000315,127.5,None,None,None,209.33333333333334,unknown
1763614517.2027328,0,0.054,0.3,1,0,1,168.72,164.40000000000316,127.55,None,None,None,209.33333333333334,unknown
1763614517.2198052,0,0.054,0.3,0,1,1,168.68,164.30000000000317,127.6,None,None,None,209.33333333333334,unknown
1763614517.361322,0,0.054,0.3,0,1,1,168.68,164.20000000000317,127.6,None,None,None,209.33333333333334,unknown
1763614517.6064034,0,0.051000000000000004,0.3,0,0,1,168.52,164.10000000000318,127.5,None,None,None,209.33333333333334,unknown
1763614517.7983856,0,0.05,0.3,0,0,1,168.33,164.00000000000318,127.55000000000001,None,None,None,209.33333333333334,unknown
1763614517.8130968,0,0.048,0.3,0,0,1,168.17,163.9000000000032,127.4,None,None,None,209.33333333333334,unknown
1763614517.9376707,0,0.046,0.3,1,0,1,168.01,163.8000000000032,127.35,None,None,None,209.33333333333334,unknown
1763614517.9861488,0,0.046,0.3,0,0,1,167.85,163.7000000000032,127.05000000000001,None,None,None,209.33333333333334,unknown
1763614518.0920982,0,0.047,0.3,0,1,1,167.69,163.6000000000032,126.9,None,None,None,209.33333333333334,unknown
1763614518.2146955,0,0.047,0.3,0,0,1,167.53,163.5000000000032,126.7,None,None,None,209.33333333333334,unknown
1763614518.7175405,0,0.046,0.3,1,0,1,167.37,163.40000000000322,126.6,None,None,None,209.33333333333334,unknown
1763614518.8312461,0,0.045000000000000005,0.3,0,0,1,167.21,163.30000000000322,126.44999999999999,None,None,None,209.33333333333334,unknown
1763614518.9730225,0,0.044000000000000004,0.3,0,0,1,167.05,163.20000000000323,126.25,None,None,None,209.33333333333334,unknown
1763614519.0690286,0,0.044000000000000004,0.3,1,0,1,166.89,163.10000000000323,126.0,None,None,None,209.33333333333334,unknown
1763614519.0943112,0,0.043000000000000003,0.3,0,0,1,166.73,163.00000000000324,125.7,None,None,None,209.33333333333334,unknown
1763614519.346957,0,0.042,0.3,0,1,1,166.57,162.90000000000325,125.45,None,None,None,209.33333333333334,unknown
1763614519.4333868,0,0.042,0.3,1,0,1,166.41,162.80000000000325,125.2,None,None,None,209.33333333333334,unknown
1763614519.4719014,0,0.041,0.3,0,0,1,166.25,162.70000000000326,125.05,None,None,None,209.33333333333334,unknown
1763614519.730975,0,0.042,0.3,1,0,1,166.25,162.60000000000326,125.05,None,None,None,209.33333333333334,unknown
1763614519.8082273,0,0.043000000000000003,0.3,0,1,1,166.25,162.50000000000327,125.14999999999999,None,None,None,209.33333333333334,unknown
1763614519.9054832,0,0.041,0.3,0,0,1,166.21,162.40000000000327,125.25,None,None,None,209.33333333333334,unknown
1763614519.980592,0,0.041,0.3,0,0,1,166.21,162.30000000000328,125.25,None,None,None,209.33333333333334,unknown
1763614520.1484518,0,0.041,0.3,0,0,1,166.05,162.20000000000329,125.5,None,None,None,209.33333333333334,unknown
1763614520.2354763,0,0.042,0.3,0,2,1,165.89,162.1000000000033,125.5,None,None,None,209.33333333333334,unknown
1763614520.359302,0,0.042,0.3,1,1,1,165.73,162.0000000000033,125.55,None,None,None,209.33333333333334,unknown
1763614520.4785771,0,0.04,0.3,0,0,1,165.57,161.9000000000033,125.4,None,None,None,209.33333333333334,unknown
1763614520.6532636,0,0.039,0.3,1,0,1,165.41,161.8000000000033,125.1,None,None,None,209.33333333333334,unknown
1763614520.8134642,0,0.04,0.3,2,0,1,165.25,161.7000000000033,124.85,None,None,None,209.33333333333334,unknown
1763614520.9457438,0,0.041,0.3,1,1,1,165.13,161.60000000000332,124.64999999999999,None,None,None,209.33333333333334,unknown
1763614521.1312518,0,0.04,0.3,1,0,1,164.97,161.50000000000333,124.6,None,None,None,209.33333333333334,unknown
1763614521.1776562,0,0.041,0.3,1,1,1,164.93,161.40000000000333,124.55000000000001,None,None,None,209.33333333333334,unknown
1763614521.2781436,0,0.04,0.3,0,0,1,164.86,161.30000000000334,124.65,None,None,None,209.33333333333334,unknown
1763614521.3904574,0,0.041,0.3,0,1,1,164.79,161.20000000000334,124.69999999999999,None,None,None,209.33333333333334,unknown
1763614521.5433314,0,0.041,0.3,1,0,1,164.72,161.10000000000335,124.75,None,None,None,209.33333333333334,unknown
1763614521.657129,0,0.041,0.3,1,1,1,164.65,161.00000000000335,124.75,None,None,None,209.33333333333334,unknown
1763614521.952685,0,0.04,0.3,0,0,1,164.61,160.90000000000336,124.80000000000001,None,None,None,209.33333333333334,unknown
1763614522.2622232,0,0.041,0.3,1,0,1,164.57,160.80000000000337,124.9,None,None,None,209.33333333333334,unknown
1763614522.368039,0,0.042,0.3,0,1,1,164.41,160.70000000000337,124.65,None,None,None,209.33333333333334,unknown
1763614522.3943858,0,0.042,0.3,1,1,1,164.25,160.60000000000338,124.3,None,None,None,209.33333333333334,unknown
1763614522.4897068,0,0.042,0.3,1,0,1,164.09,160.50000000000338,124.19999999999999,None,None,None,209.33333333333334,unknown
1763614522.647346,0,0.042,0.3,1,0,1,163.93,160.4000000000034,123.85,None,None,None,209.33333333333334,unknown
1763614522.8057728,0,0.041,0.3,1,0,1,163.77,160.3000000000034,123.64999999999999,None,None,None,209.33333333333334,unknown
1763614522.9026253,0,0.041,0.3,1,1,1,163.61,160.2000000000034,123.4,None,None,None,209.33333333333334,unknown
1763614522.9893818,0,0.041,0.3,0,0,1,163.45,160.1000000000034,123.15,None,None,None,209.33333333333334,unknown
1763614523.0016782,0,0.043000000000000003,0.3,1,1,1,163.29,160.0000000000034,122.80000000000001,None,None,None,209.33333333333334,unknown
1763614523.24338,0,0.043000000000000003,0.3,1,1,1,163.13,159.90000000000342,122.55000000000001,None,None,None,209.33333333333334,unknown
1763614523.4468796,0,0.043000000000000003,0.3,1,1,1,162.97,159.80000000000342,122.25,None,None,None,209.33333333333334,unknown
1763614523.5486195,0,0.043000000000000003,0.3,0,0,1,162.81,159.70000000000343,122.10000000000001,None,None,None,209.33333333333334,unknown
1763614523.7027802,0,0.042,0.3,0,0,1,162.69,159.60000000000343,121.8,None,None,None,209.33333333333334,unknown
1763614523.8581283,0,0.042,0.3,0,0,1,162.53,159.50000000000344,121.5,None,None,None,209.33333333333334,unknown
1763614524.0738485,0,0.042,0.3,1,0,1,162.37,159.40000000000344,121.35,None,None,None,209.33333333333334,unknown
1763614524.1835773,0,0.042,0.3,0,1,1,162.25,159.30000000000345,121.10000000000001,None,None,None,209.33333333333334,unknown
1763614524.2579305,0,0.043000000000000003,0.3,1,1,1,161.85,159.20000000000346,120.7,None,None,None,209.33333333333334,unknown
1763614524.476028,0,0.044000000000000004,0.3,1,0,1,161.61,159.10000000000346,120.80000000000001,None,None,None,209.33333333333334,unknown
1763614524.5906513,0,0.045000000000000005,0.3,1,0,1,161.37,159.00000000000347,120.85000000000001,None,None,None,209.33333333333334,unknown
1763614524.6079793,0,0.046,0.3,1,0,1,161.13,158.90000000000347,121.0,None,None,None,209.33333333333334,unknown
1763614524.7181237,0,0.046,0.3,1,0,1,160.89,158.80000000000348,121.25,None,None,None,209.33333333333334,unknown
1763614524.8004503,0,0.046,0.3,0,0,1,160.65,158.70000000000348,121.25,None,None,None,209.33333333333334,unknown
1763614524.902589,0,0.045000000000000005,0.3,0,0,1,160.41,158.6000000000035,121.35,None,None,None,209.33333333333334,unknown
1763614525.090034,0,0.046,0.3,1,0,1,160.17,158.5000000000035,121.45,None,None,None,209.33333333333334,unknown
1763614525.2521112,0,0.046,0.3,1,0,1,159.93,158.4000000000035,121.55000000000001,None,None,None,209.33333333333334,unknown
1763614525.312188,0,0.047,0.3,1,0,1,159.69,158.3000000000035,121.69999999999999,None,None,None,209.33333333333334,unknown
1763614525.366461,0,0.047,0.3,0,0,1,159.45,158.2000000000035,121.85,None,None,None,209.33333333333334,unknown
1763614525.516413,0,0.047,0.3,1,0,1,159.21,158.10000000000352,121.95,None,None,None,209.33333333333334,unknown
1763614525.7063336,0,0.047,0.3,0,0,1,158.97,158.00000000000352,122.0,None,None,None,209.33333333333334,unknown
1763614525.953099,0,0.047,0.3,1,0,1,158.76,157.90000000000353,122.0,None,None,None,209.33333333333334,unknown
1763614526.126318,0,0.048,0.3,2,0,1,158.52,157.80000000000354,122.05,None,None,None,209.33333333333334,unknown
1763614526.2165232,0,0.048,0.3,0,0,1,158.28,157.70000000000354,122.2,None,None,None,209.33333333333334,unknown
1763614526.2455518,0,0.048,0.3,1,0,1,158.04,157.60000000000355,122.25,None,None,None,209.33333333333334,unknown
1763614526.3331769,0,0.047,0.3,0,0,1,157.8,157.50000000000355,122.45,None,None,None,209.33333333333334,unknown
1763614526.5201714,0,0.049,0.3,1,1,1,157.56,157.40000000000356,122.65,None,None,None,209.33333333333334,unknown
1763614526.5426002,0,0.05,0.3,1,0,1,157.32,157.30000000000356,122.8,None,None,None,209.33333333333334,unknown
1763614526.6471694,0,0.05,0.3,0,0,1,157.08,157.20000000000357,122.80000000000001,None,None,None,209.33333333333334,unknown
1763614526.7709239,0,0.049,0.3,1,0,1,156.84,157.10000000000358,123.0,None,None,None,209.33333333333334,unknown
1763614526.81883,0,0.047,0.3,0,0,1,156.6,157.00000000000358,123.05,None,None,None,209.33333333333334,unknown
1763614526.8932424,0,0.049,0.3,1,1,1,156.36,156.9000000000036,123.10000000000001,None,None,None,209.33333333333334,unknown
1763614526.9305813,0,0.048,0.3,0,0,1,156.12,156.8000000000036,123.2,None,None,None,209.33333333333334,unknown
1763614527.0055928,0,0.048,0.3,1,1,1,155.88,156.7000000000036,123.5,None,None,None,209.33333333333334,unknown
1763614527.0246735,0,0.048,0.3,1,1,1,155.64,156.6000000000036,123.69999999999999,None,None,None,209.33333333333334,unknown
1763614527.04232,0,0.049,0.3,1,1,1,155.4,156.5000000000036,123.9,None,None,None,209.33333333333334,unknown
1763614527.14416,0,0.047,0.3,0,0,1,155.16,156.40000000000362,124.05,None,None,None,209.33333333333334,unknown
1763614527.2450917,0,0.049,0.3,1,1,1,154.88,156.30000000000362,124.15,None,None,None,209.33333333333334,unknown
1763614527.3050668,0,0.05,0.3,1,1,1,154.64,156.20000000000363,124.35000000000001,None,None,None,209.33333333333334,unknown
1763614527.4981096,0,0.05,0.3,1,0,1,154.4,156.10000000000363,124.5,None,None,None,209.33333333333334,unknown
1763614527.5477927,0,0.051000000000000004,0.3,3,0,1,154.16,156.00000000000364,124.55,None,None,None,209.33333333333334,unknown
1763614527.6515238,0,0.052000000000000005,0.3,1,0,1,153.92,155.90000000000364,124.75,None,None,None,209.33333333333334,unknown
1763614527.7210975,0,0.053000000000000005,0.3,1,1,1,153.68,155.80000000000365,124.85,None,None,None,209.33333333333334,unknown
1763614527.7315922,0,0.053000000000000005,0.3,1,0,1,153.44,155.70000000000366,125.0,None,None,None,209.33333333333334,unknown
1763614527.8285935,0,0.053000000000000005,0.3,2,0,1,153.2,155.60000000000366,125.19999999999999,None,None,None,209.33333333333334,unknown
1763614527.9784021,0,0.052000000000000005,0.3,0,0,1,152.96,155.50000000000367,125.35,None,None,None,209.33333333333334,unknown
1763614528.3445995,0,0.051000000000000004,0.3,0,0,1,152.72,155.40000000000367,125.5,None,None,None,209.33333333333334,unknown
1763614528.3964698,0,0.052000000000000005,0.3,2,0,1,152.48,155.30000000000368,125.6,None,None,None,209.33333333333334,unknown
1763614528.5261264,0,0.05,0.3,0,0,1,152.24,155.20000000000368,125.8,None,None,None,209.33333333333334,unknown
1763614528.6190305,0,0.051000000000000004,0.3,1,0,1,152.03,155.1000000000037,125.95,None,None,None,209.33333333333334,unknown
1763614528.739396,0,0.05,0.3,1,0,1,151.79,155.0000000000037,126.05,None,None,None,209.33333333333334,unknown
1763614528.9041753,0,0.049,0.3,1,0,1,151.55,154.9000000000037,126.19999999999999,None,None,None,209.33333333333334,unknown
1763614529.0117557,0,0.047,0.3,0,0,1,151.31,154.8000000000037,126.4,None,None,None,209.33333333333334,unknown
1763614529.195696,0,0.048,0.3,1,0,1,151.07,154.7000000000037,126.55,None,None,None,209.33333333333334,unknown
1763614529.3058383,0,0.051000000000000004,0.3,3,0,1,150.83,154.60000000000372,126.6,None,None,None,209.33333333333334,unknown
1763614529.4699714,0,0.052000000000000005,0.3,1,0,1,150.57,154.50000000000372,126.8,None,None,None,209.33333333333334,unknown
1763614529.556259,0,0.052000000000000005,0.3,1,0,1,150.33,154.40000000000373,126.85000000000001,None,None,None,209.33333333333334,unknown
1763614529.5955615,0,0.053000000000000005,0.3,1,1,1,150.09,154.30000000000373,126.9,None,None,None,209.33333333333334,unknown
1763614529.6925843,0,0.051000000000000004,0.3,0,0,1,149.85,154.20000000000374,127.0,None,None,None,209.33333333333334,unknown
1763614529.7664332,0,0.051000000000000004,0.3,0,1,1,149.61,154.10000000000375,127.19999999999999,None,None,None,209.33333333333334,unknown
1763614529.8991222,0,0.051000000000000004,0.3,1,0,1,149.4,154.00000000000375,127.2,None,None,None,209.33333333333334,unknown
1763614530.0585077,0,0.051000000000000004,0.3,1,0,1,149.16,153.90000000000376,127.35000000000001,None,None,None,209.33333333333334,unknown
1763614530.1714954,0,0.051000000000000004,0.3,1,0,1,148.92,153.80000000000376,127.30000000000001,None,None,None,209.33333333333334,unknown
1763614530.3765967,0,0.051000000000000004,0.3,0,0,1,148.68,153.70000000000377,127.3,None,None,None,209.33333333333334,unknown
1763614530.4584467,0,0.051000000000000004,0.3,0,0,1,148.44,153.60000000000377,127.30000000000001,None,None,None,209.33333333333334,unknown
1763614530.5560372,0,0.05,0.3,0,0,1,148.2,153.50000000000378,127.45,None,None,None,209.33333333333334,unknown
1763614530.6137733,0,0.05,0.3,1,0,1,147.96,153.40000000000379,127.55,None,None,None,209.33333333333334,unknown
1763614530.815499,0,0.05,0.3,1,0,1,147.72,153.3000000000038,127.6,None,None,None,209.33333333333334,unknown
1763614530.9407208,0,0.051000000000000004,0.3,1,0,1,147.48,153.2000000000038,127.64999999999999,None,None,None,209.33333333333334,unknown
1763614530.978771,0,0.051000000000000004,0.3,1,0,1,147.24,153.1000000000038,127.75,None,None,None,209.33333333333334,unknown
1763614531.1939673,0,0.053000000000000005,0.3,2,0,1,147,153.0000000000038,127.95,None,None,None,209.33333333333334,unknown
1763614531.3163154,0,0.053000000000000005,0.3,1,0,1,146.76,152.9000000000038,128.05,None,None,None,209.33333333333334,unknown
1763614531.4468238,0,0.052000000000000005,0.3,1,0,1,146.52,152.80000000000382,128.2,None,None,None,209.33333333333334,unknown
1763614531.5721004,0,0.053000000000000005,0.3,1,0,1,146.28,152.70000000000383,128.25,None,None,None,209.33333333333334,unknown
1763614531.645335,0,0.052000000000000005,0.3,0,0,1,146.04,152.60000000000383,128.35,None,None,None,209.33333333333334,unknown
1763614531.8555906,0,0.053000000000000005,0.3,1,0,1,145.8,152.50000000000384,128.45,None,None,None,209.33333333333334,unknown
1763614531.8822176,0,0.052000000000000005,0.3,1,0,1,145.56,152.40000000000384,128.5,None,None,None,209.33333333333334,unknown
1763614532.0371826,0,0.053000000000000005,0.3,2,0,1,145.32,152.30000000000385,128.65,None,None,None,209.33333333333334,unknown
1763614532.1033964,0,0.054,0.3,1,0,1,145.08,152.20000000000385,128.65,None,None,None,209.33333333333334,unknown
1763614532.2729585,0,0.054,0.3,1,0,1,144.84,152.10000000000386,128.85,None,None,None,209.33333333333334,unknown
1763614532.4244444,0,0.056,0.3,1,1,1,144.6,152.00000000000387,128.95,None,None,None,209.33333333333334,unknown
1763614532.5714629,0,0.055,0.3,1,0,1,144.36,151.90000000000387,129.0,None,None,None,209.33333333333334,unknown
1763614532.7929168,0,0.056,0.3,0,1,1,144.12,151.80000000000388,129.25,None,None,None,209.33333333333334,unknown
1763614532.830339,0,0.055,0.3,1,0,1,143.88,151.70000000000388,129.35000000000002,None,None,None,209.33333333333334,unknown
1763614533.0278873,0,0.054,0.3,1,0,1,143.6,151.6000000000039,129.45,None,None,None,209.33333333333334,unknown
1763614533.113665,0,0.054,0.3,1,1,1,143.36,151.5000000000039,129.35,None,None,None,209.33333333333334,unknown
1763614533.2209487,0,0.055,0.3,1,0,1,143.12,151.4000000000039,129.5,None,None,None,209.33333333333334,unknown
1763614533.317116,0,0.054,0.3,1,0,1,142.88,151.3000000000039,129.60000000000002,None,None,None,209.33333333333334,unknown
1763614533.4425838,0,0.053000000000000005,0.3,1,0,1,142.64,151.2000000000039,129.75,None,None,None,209.33333333333334,unknown
1763614533.5467443,0,0.054,0.3,1,1,1,142.4,151.10000000000392,129.8,None,None,None,209.33333333333334,unknown
1763614533.5587242,0,0.052000000000000005,0.3,1,0,1,142.16,151.00000000000392,129.89999999999998,None,None,None,209.33333333333334,unknown
1763614533.7529469,0,0.052000000000000005,0.3,1,0,1,141.92,150.90000000000393,130.05,None,None,None,209.33333333333334,unknown
1763614533.773276,0,0.052000000000000005,0.3,0,2,1,141.68,150.80000000000393,130.15,None,None,None,209.33333333333334,unknown
1763614533.8167877,0,0.052000000000000005,0.3,1,0,1,141.44,150.70000000000394,130.3,None,None,None,209.33333333333334,unknown
1763614533.893795,0,0.052000000000000005,0.3,2,0,1,141.2,150.60000000000394,130.55,None,None,None,209.33333333333334,unknown
1763614534.0467262,0,0.054,0.3,2,0,1,140.96,150.50000000000395,130.55,None,None,None,209.33333333333334,unknown
1763614534.2568727,0,0.056,0.3,1,1,1,140.72,150.40000000000396,130.7,None,None,None,209.33333333333334,unknown
1763614534.285671,0,0.057,0.3,1,2,1,140.48,150.30000000000396,130.7,None,None,None,209.33333333333334,unknown
1763614534.5163543,0,0.060000000000000005,0.3,2,1,1,140.24,150.20000000000397,130.8,None,None,None,209.33333333333334,unknown
1763614534.604356,0,0.062,0.3,2,1,1,140,150.10000000000397,130.9,None,None,None,209.33333333333334,unknown
1763614534.7652917,0,0.062,0.3,1,0,1,139.76,150.00000000000398,131.0,None,None,None,209.33333333333334,unknown
1763614534.8876882,0,0.061000000000000006,0.3,0,0,1,139.52,149.90000000000398,131.05,None,None,None,209.33333333333334,unknown
1763614534.9593313,0,0.064,0.3,2,1,1,139.28,149.800000000004,131.14999999999998,None,None,None,209.33333333333334,unknown
1763614535.004347,0,0.064,0.3,1,0,1,139.04,149.700000000004,131.1,None,None,None,209.33333333333334,unknown
1763614535.0927117,0,0.062,0.3,0,1,1,138.76,149.600000000004,131.25,None,None,None,209.33333333333334,unknown
1763614535.1672616,0,0.064,0.3,2,1,1,138.52,149.500000000004,131.35,None,None,None,209.33333333333334,unknown
1763614535.2675211,0,0.064,0.3,1,0,1,138.28,149.400000000004,131.35000000000002,None,None,None,209.33333333333334,unknown
1763614535.3561347,0,0.065,0.3,2,1,1,137.93,149.30000000000402,131.4,None,None,None,209.33333333333334,unknown
1763614535.4035487,0,0.069,0.3,2,2,1,137.86,149.20000000000402,131.65,None,None,None,209.33333333333334,unknown
1763614535.502055,0,0.07100000000000001,0.3,2,1,1,137.79,149.10000000000403,131.7,None,None,None,209.33333333333334,unknown
1763614535.577491,0,0.073,0.3,2,1,1,137.72,149.00000000000404,131.7,None,None,None,209.33333333333334,unknown
1763614535.7050686,0,0.074,0.3,2,0,1,137.65,148.90000000000404,131.64999999999998,None,None,None,209.33333333333334,unknown
1763614535.8462248,0,0.073,0.3,0,0,1,137.58,148.80000000000405,131.6,None,None,None,209.33333333333334,unknown
1763614536.0101795,0,0.077,0.3,2,2,1,137.51,148.70000000000405,131.65,None,None,None,209.33333333333334,unknown
1763614536.1394465,0,0.079,0.3,1,1,1,137.44,148.60000000000406,131.6,None,None,None,209.33333333333334,unknown
1763614536.250615,0,0.081,0.3,2,0,1,137.37,148.50000000000406,131.60000000000002,None,None,None,209.33333333333334,unknown
1763614536.4521937,0,0.08,0.3,0,0,1,137.3,148.40000000000407,131.60000000000002,None,None,None,209.33333333333334,unknown
1763614536.6242933,0,0.081,0.3,1,1,1,137.23,148.30000000000408,131.5,None,None,None,209.33333333333334,unknown
1763614536.82171,0,0.082,0.3,1,1,1,137.16,148.20000000000408,131.5,None,None,None,209.33333333333334,unknown
1763614536.909338,0,0.082,0.3,1,0,1,137.09,148.1000000000041,131.5,None,None,None,209.33333333333334,unknown
1763614536.9991748,0,0.084,0.3,2,2,1,137.02,148.0000000000041,131.4,None,None,None,209.33333333333334,unknown
1763614537.0308475,0,0.083,0.3,0,0,1,136.95,147.9000000000041,131.35,None,None,None,209.33333333333334,unknown
1763614537.0828454,0,0.083,0.3,1,0,1,136.88,147.8000000000041,131.35,None,None,None,209.33333333333334,unknown
1763614537.2887208,0,0.084,0.3,2,0,1,136.81,147.7000000000041,131.2,None,None,None,209.33333333333334,unknown
1763614537.3400686,0,0.08600000000000001,0.3,1,1,1,136.74,147.60000000000412,131.15,None,None,None,209.33333333333334,unknown
1763614537.4874644,0,0.08600000000000001,0.3,1,0,1,136.67,147.50000000000412,131.05,None,None,None,209.33333333333334,unknown
1763614537.5412343,0,0.08700000000000001,0.3,1,1,1,136.6,147.40000000000413,131.0,None,None,None,209.33333333333334,unknown
1763614537.6293647,0,0.085,0.3,0,0,1,136.53,147.30000000000413,130.95,None,None,None,209.33333333333334,unknown
1763614537.7293828,0,0.08600000000000001,0.3,1,1,1,136.46,147.20000000000414,130.95,None,None,None,209.33333333333334,unknown
1763614537.9080112,0,0.08600000000000001,0.3,1,0,1,136.39,147.10000000000414,130.85,None,None,None,209.33333333333334,unknown
1763614538.0126004,0,0.08700000000000001,0.3,2,1,1,136.32,147.00000000000415,130.9,None,None,None,209.33333333333334,unknown
1763614538.041742,0,0.08800000000000001,0.3,1,1,1,136.25,146.90000000000416,130.85000000000002,None,None,None,209.33333333333334,unknown
1763614538.2013414,0,0.08800000000000001,0.3,1,0,1,136.18,146.80000000000416,130.8,None,None,None,209.33333333333334,unknown
1763614538.3476923,0,0.089,0.3,1,1,1,136.11,146.70000000000417,130.6,None,None,None,209.33333333333334,unknown
1763614538.3973315,0,0.09,0.3,1,1,1,136.04,146.60000000000417,130.45,None,None,None,209.33333333333334,unknown
1763614538.5016313,0,0.09,0.3,1,1,1,135.97,146.50000000000418,130.4,None,None,None,209.33333333333334,unknown
1763614538.6728704,0,0.09,0.3,1,0,1,135.9,146.40000000000418,130.35000000000002,None,None,None,209.33333333333334,unknown
1763614538.739369,0,0.092,0.3,1,2,1,135.83,146.3000000000042,130.35,None,None,None,209.33333333333334,unknown
1763614538.939363,0,0.093,0.3,1,1,1,135.76,146.2000000000042,130.3,None,None,None,209.33333333333334,unknown
1763614539.143264,0,0.093,0.3,1,1,1,135.69,146.1000000000042,130.3,None,None,None,209.33333333333334,unknown
1763614539.30411,0,0.094,0.3,2,0,1,135.62,146.0000000000042,130.3,None,None,None,209.33333333333334,unknown
1763614539.3567688,0,0.094,0.3,1,0,1,135.55,145.9000000000042,130.2,None,None,None,209.33333333333334,unknown
1763614539.4400656,0,0.094,0.3,1,1,1,135.48,145.80000000000422,130.2,None,None,None,209.33333333333334,unknown
1763614539.5374959,0,0.094,0.3,1,0,1,135.41,145.70000000000422,130.2,None,None,None,209.33333333333334,unknown
1763614539.7630146,0,0.095,0.3,1,2,1,135.34,145.60000000000423,130.2,None,None,None,209.33333333333334,unknown
1763614539.8822908,0,0.095,0.3,2,0,1,135.27,145.50000000000423,130.2,None,None,None,209.33333333333334,unknown
1763614540.176637,0,0.096,0.3,2,1,1,135.2,145.40000000000424,130.1,None,None,None,209.33333333333334,unknown
1763614540.269492,0,0.094,0.3,0,1,1,135.13,145.30000000000425,130.1,None,None,None,209.33333333333334,unknown
1763614540.383096,0,0.094,0.3,1,2,1,135.06,145.20000000000425,130.10000000000002,None,None,None,209.33333333333334,unknown
1763614540.5693445,0,0.093,0.3,1,1,1,134.99,145.10000000000426,130.10000000000002,None,None,None,209.33333333333334,unknown
1763614540.6244314,0,0.094,0.3,2,0,1,134.92,145.00000000000426,130.15,None,None,None,209.33333333333334,unknown
1763614540.7984982,0,0.097,0.3,2,1,1,134.85,144.90000000000427,130.05,None,None,None,209.33333333333334,unknown
1763614541.024585,0,0.096,0.3,2,0,1,134.78,144.80000000000427,129.95,None,None,None,209.33333333333334,unknown
1763614541.114866,0,0.098,0.3,2,1,1,134.71,144.70000000000428,129.8,None,None,None,209.33333333333334,unknown
1763614541.297319,0,0.099,0.3,1,1,1,134.64,144.6000000000043,129.8,None,None,None,209.33333333333334,unknown
1763614541.4390504,0,0.098,0.3,1,1,1,134.57,144.5000000000043,129.8,None,None,None,209.33333333333334,unknown
1763614541.6949265,0,0.099,0.3,2,0,1,134.5,144.4000000000043,129.8,None,None,None,209.33333333333334,unknown
1763614541.8539896,0,0.099,0.3,2,1,1,134.43,144.3000000000043,129.75,None,None,None,209.33333333333334,unknown
1763614541.929037,0,0.096,0.3,0,1,1,134.36,144.2000000000043,129.8,None,None,None,209.33333333333334,unknown
1763614542.045224,0,0.095,0.3,2,0,1,134.29,144.10000000000431,129.75,None,None,None,209.33333333333334,unknown
1763614542.220269,0,0.094,0.3,1,1,1,134.22,144.00000000000432,129.8,None,None,None,209.33333333333334,unknown
1763614542.3407612,0,0.093,0.3,0,1,1,134.15,143.90000000000433,129.75,None,None,None,209.33333333333334,unknown
1763614542.4484644,0,0.096,0.3,2,1,1,134.08,143.80000000000433,129.7,None,None,None,209.33333333333334,unknown
1763614542.6290238,0,0.095,0.3,1,2,1,134.01,143.70000000000434,129.75,None,None,None,209.33333333333334,unknown
1763614542.7748296,0,0.097,0.3,2,2,1,133.94,143.60000000000434,129.7,None,None,None,209.33333333333334,unknown
1763614542.9188287,0,0.096,0.3,1,0,1,133.87,143.50000000000435,129.6,None,None,None,209.33333333333334,unknown
1763614543.170857,0,0.097,0.3,0,1,1,133.8,143.40000000000435,129.6,None,None,None,209.33333333333334,unknown
1763614543.3202412,0,0.097,0.3,2,0,1,133.73,143.30000000000436,129.6,None,None,None,209.33333333333334,unknown
1763614543.3428962,0,0.096,0.3,1,0,1,133.66,143.20000000000437,129.65,None,None,None,209.33333333333334,unknown
1763614543.425931,0,0.097,0.3,2,0,1,133.59,143.10000000000437,129.6,None,None,None,209.33333333333334,unknown
1763614543.4648821,0,0.096,0.3,2,1,1,133.52,143.00000000000438,129.6,None,None,None,209.33333333333334,unknown
1763614543.639856,0,0.098,0.3,1,1,1,133.45,142.90000000000438,129.6,None,None,None,209.33333333333334,unknown
1763614543.7589493,0,0.099,0.3,1,1,1,133.38,142.8000000000044,129.55,None,None,None,209.33333333333334,unknown
1763614543.8877332,0,0.098,0.3,1,0,1,133.31,142.7000000000044,129.55,None,None,None,209.33333333333334,unknown
1763614544.0377421,0,0.1,0.3,2,2,1,133.24,142.6000000000044,129.5,None,None,None,209.33333333333334,unknown
1763614544.169585,0,0.101,0.3,1,1,1,133.17,142.5000000000044,129.45,None,None,None,209.33333333333334,unknown
1763614544.4301271,0,0.101,0.3,1,1,1,133.1,142.4000000000044,129.4,0.0,None,0.10075,209.33333333333334,unknown
1763614544.5407312,1763614544.5744283,0.105,0.3,3,1,1,133.03,142.30000000000442,129.45,0.14527721348148367,0.0019940469213370303,-0.04240221348148368,209.33333333333334,overripe
1763614544.6942787,1763614544.5744283,0.10400000000000001,0.3,1,0,1,132.96,142.20000000000442,129.4,0.13437508319092498,0.0017736481262851194,-0.030937583190924975,209.33333333333334,overripe
1763614544.8748355,1763614544.5744283,0.105,0.3,2,0,1,132.89,142.10000000000443,129.3,0.12755319828688647,0.0016574515015632242,-0.023334448286886467,209.33333333333334,overripe
1763614545.2756984,1763614544.5744283,0.105,0.3,2,1,1,132.82,142.00000000000443,129.25,0.12300698625812337,0.001588005806411671,-0.018397611258123364,209.33333333333334,overripe
1763614545.3124282,1763614544.5744283,0.105,0.3,1,1,1,132.75,141.90000000000444,129.2,0.11973394227640713,0.001542894559951322,-0.014929254776407136,209.33333333333334,overripe
1763614545.3578176,1763614544.5744283,0.106,0.3,1,1,1,132.68,141.80000000000445,129.1,0.11730030673054297,0.0015129757297937323,-0.011897962980542978,209.33333333333334,overripe
1763614545.4755187,1763614544.5744283,0.106,0.3,2,0,1,132.61,141.70000000000445,129.05,0.1155531175087976,0.0014917575915418522,-0.009851945633797599,209.33333333333334,overripe
1763614545.5774832,1763614544.5744283,0.106,0.3,1,1,1,132.54,141.60000000000446,129.05,0.11424481292165502,0.0014759305144968916,-0.008394226984155026,209.33333333333334,overripe
1763614545.6287758,1763614544.5744283,0.107,0.3,2,1,1,132.47,141.50000000000446,129.1,0.11323882532017404,0.0014644896112617832,-0.00681353235142404,209.33333333333334,overripe
1763614545.8555448,1763614544.5744283,0.108,0.3,2,0,1,132.4,141.40000000000447,129.0,0.11251455225523384,0.001456452314900398,-0.005301905770858831,209.33333333333334,overripe
1763614545.9127502,1763614544.5744283,0.108,0.3,2,1,1,132.33,141.30000000000447,128.95,0.11202437092669883,0.0014503386461789483,-0.004418047684511331,209.33333333333334,overripe
1763614545.9936805,1763614544.5744283,0.11,0.3,2,2,1,132.26,141.20000000000448,128.85,0.11166828319529178,0.0014466863368368772,-0.0028651215741980346,209.33333333333334,overripe
1763614546.0483754,1763614544.5744283,0.111,0.3,1,2,1,132.19,141.10000000000448,128.9,0.11149464065546097,0.001444801296288467,-0.001593059844914091,209.33333333333334,overripe
1763614546.1001556,1763614544.5744283,0.112,0.3,2,1,1,132.12,141.0000000000045,128.75,0.1114536432967524,0.0014442453939309094,-0.0005028528914789582,209.33333333333334,overripe
1763614546.204109,1763614544.5744283,0.112,0.3,1,0,1,132.05,140.9000000000045,128.7,0.11151342927006684,0.0014442058934146015,-3.8034067430123275e-05,209.33333333333334,overripe
1763614546.356603,1763614544.5744283,0.112,0.3,2,0,1,131.98,140.8000000000045,128.55,0.11161225961089309,0.001444328867117385,0.00012543799042526171,209.33333333333334,overripe
1763614546.3672538,1763614544.5744283,0.113,0.3,1,1,1,131.91,140.7000000000045,128.3,0.11172325934171326,0.00144492881088024,0.000645589458945911,209.33333333333334,overripe
1763614546.3773327,1763614544.5744283,0.113,0.3,3,0,1,131.84,140.6000000000045,128.05,0.11187100840641749,0.001445647992812405,0.0008134159939120894,209.33333333333334,overripe
1763614546.3878953,1763614544.5744283,0.113,0.3,2,0,1,131.77,140.50000000000452,127.9,0.11202798346010877,0.0014463351636685288,0.0008142287400560305,209.33333333333334,overripe
1763614546.4030294,1763614544.5744283,0.113,0.3,3,0,1,131.7,140.40000000000452,127.8,0.11218252722318986,0.0014469318905386077,0.0007385788768925483,209.33333333333334,overripe
1763614546.4585822,1763614544.5744283,0.115,0.3,2,1,1,131.68,140.30000000000453,127.65,0.11229394786732673,0.0014482239655497105,0.001666605182714484,209.33333333333334,overripe
1763614546.4689827,1763614544.5744283,0.113,0.3,1,0,1,131.61,140.20000000000454,127.60000000000001,0.11247750882462554,0.0014489718533267164,0.001002767700395063,209.33333333333334,overripe
1763614546.479644,1763614544.5744283,0.113,0.3,1,1,1,131.54,140.10000000000454,127.55000000000001,0.11262797226108545,0.0014494120592499161,0.0006121660014248576,209.33333333333334,overripe
1763614546.4897108,1763614544.5744283,0.113,0.3,1,1,1,131.47,140.00000000000455,127.6,0.11275912179446729,0.0014496628132895444,0.0003609473367878757,209.33333333333334,overripe
1763614546.5535824,1763614544.5744283,0.113,0.3,3,0,1,131.4,139.90000000000455,127.55000000000001,0.11287784240958101,0.0014497853132159379,0.00018219215604656225,209.33333333333334,overripe
1763614546.6406426,1763614544.5744283,0.113,0.3,2,0,1,131.33,139.80000000000456,127.5,0.11298773395100645,0.0014498128741250683,4.228333180733568e-05,209.33333333333334,overripe
1763614546.7250762,1763614544.5744283,0.114,0.3,3,1,1,131.26,139.70000000000456,127.5,0.11309080283928326,0.001450081332277575,0.00042420580212364223,209.33333333333334,overripe
1763614546.7669473,1763614544.5744283,0.114,0.3,2,0,1,131.19,139.60000000000457,127.3,0.11321296624172254,0.001450416382734291,0.0005445380789809023,209.33333333333334,overripe
1763614546.8169801,1763614544.5744283,0.114,0.3,2,0,1,131.12,139.50000000000458,127.25,0.11334051241401645,0.0014507387870376684,0.0005382397463352812,209.33333333333334,overripe
1763614547.043498,1763614544.5744283,0.114,0.3,2,0,1,131.05,139.40000000000458,127.25,0.11346718711884611,0.0014510144668088986,0.0004721889613297642,209.33333333333334,overripe
1763614547.2396019,1763614544.5744283,0.116,0.3,3,2,1,130.93,139.3000000000046,127.35,0.1136265599394227,0.0014517798547727058,0.001343128100665253,209.33333333333334,overripe
1763614547.35517,1763614544.5744283,0.11800000000000001,0.3,3,0,1,130.81,139.2000000000046,127.3,0.1138425448384154,0.0014532512361309271,0.002642299181628574,209.33333333333334,overripe
1763614547.4219499,1763614544.5744283,0.11900000000000001,0.3,2,1,1,130.69,139.1000000000046,127.25,0.11412322291592182,0.0014552226282488242,0.0036191990941001756,209.33333333333334,overripe
1763614547.8830974,1763614544.5744283,0.12,0.3,2,1,1,130.57,139.0000000000046,127.35,0.11444811023626136,0.0014575814703443807,0.004423100768749633,209.33333333333334,overripe
1763614548.0301244,1763614544.5744283,0.122,0.3,2,1,1,130.45,138.9000000000046,127.4,0.11480625490285204,0.0014605232070755867,0.005629350599653457,209.33333333333334,overripe
1763614548.1174161,1763614544.5744283,0.122,0.3,2,1,1,130.33,138.80000000000462,127.25,0.11521208113210092,0.0014636008668848254,0.006005721619151819,209.33333333333334,overripe
1763614548.3016338,1763614544.5744283,0.122,0.3,2,1,1,130.21,138.70000000000462,127.15,0.11562991943048578,0.0014666076878026998,0.005978981945140585,209.33333333333334,overripe
1763614548.359423,1763614544.5744283,0.122,0.3,2,2,1,130.09,138.60000000000463,127.15,0.11604317567759925,0.0014694529355999272,0.005761275010213923,209.33333333333334,overripe
1763614548.4987266,1763614544.5744283,0.126,0.3,2,3,1,129.97,138.50000000000463,127.15,0.11644449243469612,0.0014730721055077542,0.0074577329092104655,209.33333333333334,overripe
1763614548.6656113,1763614544.5744283,0.129,0.3,3,1,1,129.85,138.40000000000464,127.14999999999999,0.11690798453098976,0.0014776257361194178,0.009543128140963544,209.33333333333334,overripe
1763614548.7573266,1763614544.5744283,0.13,0.3,1,2,1,129.73,138.30000000000464,127.1,0.1174466550359442,0.0014826858078825415,0.01077890130003245,209.33333333333334,overripe
1763614549.022186,1763614544.5744283,0.132,0.3,2,1,1,129.61,138.20000000000465,127.1,0.11802675071033154,0.001488270744094905,0.012086027457656787,209.33333333333334,overripe
1763614549.2260623,1763614544.5744283,0.132,0.3,2,0,1,129.49,138.10000000000466,127.05,0.11864991371427464,0.0014939170039596024,0.012406475369719533,209.33333333333334,overripe
1763614549.3014193,1763614544.5744283,0.133,0.3,3,1,1,129.37,138.00000000000466,127.2,0.11927931788300328,0.0014996341117167282,0.012748876658993824,209.33333333333334,overripe
1763614549.405682,1763614544.5744283,0.135,0.3,3,1,1,129.25,137.90000000000467,127.15,0.11991574464373515,0.0015056456636942154,0.013598352627263402,209.33333333333334,overripe
1763614549.56359,1763614544.5744283,0.138,0.3,3,2,1,129.13,137.80000000000467,127.1,0.12057712471734927,0.001512264168701601,0.015179923918150012,209.33333333333334,overripe
1763614549.688635,1763614544.5744283,0.139,0.3,2,0,1,129.01,137.70000000000468,127.1,0.12128862778787673,0.0015191859624044764,0.01608989652987293,209.33333333333334,overripe
1763614549.83099,1763614544.5744283,0.137,0.3,2,0,1,128.89,137.60000000000468,127.15,0.12202608074358008,0.0015256247994942587,0.015163181415294755,209.33333333333334,overripe
1763614550.0135596,1763614544.5744283,0.137,0.3,1,1,1,128.77,137.5000000000047,127.1,0.1227263444329534,0.0015316495969920033,0.014368286646484027,209.33333333333334,overripe
1763614550.1178,1763614544.5744283,0.138,0.3,2,1,1,128.65,137.4000000000047,127.05000000000001,0.12339479710543845,0.0015375116906648295,0.014152518434280267,209.33333333333334,overripe
1763614550.2828677,1763614544.5744283,0.138,0.3,3,1,1,128.53,137.3000000000047,127.0,0.12405156827850024,0.0015431283100251305,0.013722089491359127,209.33333333333334,overripe
1763614550.682792,1763614544.5744283,0.14100000000000001,0.3,3,1,1,128.41,137.2000000000047,126.95,0.12468991122947747,0.0015490748491730477,0.014696917655452238,209.33333333333334,overripe
1763614550.7499363,1763614544.5744283,0.14200000000000002,0.3,2,1,1,128.29,137.1000000000047,126.95,0.12535630038715584,0.0015552111447362546,0.01533711405530902,209.33333333333334,overripe
1763614550.867243,1763614544.5744283,0.14300000000000002,0.3,4,0,1,128.17,137.00000000000472,126.89999999999999,0.12603949521121463,0.0015614668740535896,0.015807212010017807,209.33333333333334,overripe
1763614550.98727,1763614544.5744283,0.146,0.3,3,2,1,128.05,136.90000000000472,126.89999999999999,0.12673385639009857,0.0015681978151119867,0.01718949722051763,209.33333333333334,overripe
1763614551.3520489,1763614544.5744283,0.149,0.3,3,2,1,127.93,136.80000000000473,127.0,0.12746834573952218,0.0015755586714370792,0.018993331065785907,209.33333333333334,overripe
1763614551.5002244,1763614544.5744283,0.15,0.3,3,0,1,127.81,136.70000000000474,127.1,0.12825572771780389,0.0015832225861907422,0.019975110684850167,209.33333333333334,overripe
1763614551.5933752,1763614544.5744283,0.152,0.3,2,2,1,127.69,136.60000000000474,127.1,0.12906958263518514,0.0015912186620776992,0.021045836566141896,209.33333333333334,overripe
1763614551.7030942,1763614544.5744283,0.152,0.3,3,0,1,127.57,136.50000000000475,127.0,0.12991239563437865,0.0015991763079448405,0.021145313966284857,209.33333333333334,overripe
1763614551.7354221,1763614544.5744283,0.154,0.3,3,1,1,127.45,136.40000000000475,127.0,0.13075398552533787,0.001607295112086909,0.021774869274993863,209.33333333333334,overripe
1763614552.0063171,1763614544.5744283,0.154,0.3,2,1,1,127.33,136.30000000000476,126.95,0.13161068142808724,0.001615295993725479,0.021653745972078642,209.33333333333334,overripe
1763614552.162025,1763614544.5744283,0.153,0.3,2,1,1,127.21,136.20000000000476,126.89999999999999,0.13245965580548721,0.0016228672119930725,0.02067255789459574,209.33333333333334,overripe
1763614552.2938187,1763614544.5744283,0.153,0.3,3,0,1,127.09,136.10000000000477,127.0,0.1332752650062539,0.0016300533800116183,0.01979084184378757,209.33333333333334,overripe
1763614552.4673264,1763614544.5744283,0.153,0.3,2,1,1,126.97,136.00000000000477,127.0,0.13406102348342697,0.0016368846240233552,0.01897202994159375,209.33333333333334,overripe
1763614552.603984,1763614544.5744283,0.153,0.3,1,0,1,126.85,135.90000000000478,126.94999999999999,0.13481927391664603,0.0016433834181273723,0.018197252795864344,209.33333333333334,overripe
1763614552.756627,1763614544.5744283,0.154,0.3,3,0,1,126.73,135.8000000000048,126.9,0.13555174227187397,0.0016497451449264343,0.0179565210843812,209.33333333333334,overripe
1763614552.8533943,1763614544.5744283,0.155,0.3,3,0,1,126.61,135.7000000000048,126.75,0.13627444812140718,0.0016560655169369938,0.01797968355672039,209.33333333333334,overripe
1763614552.9038854,1763614544.5744283,0.155,0.3,2,1,1,126.49,135.6000000000048,126.69999999999999,0.13699525977941823,0.0016622164958381357,0.01763180605964554,209.33333333333334,overripe
1763614552.9675806,1763614544.5744283,0.157,0.3,3,1,1,126.37,135.5000000000048,126.65,0.13770355523688413,0.0016684873762412326,0.018109977682647743,209.33333333333334,overripe
1763614553.0962107,1763614544.5744283,0.157,0.3,2,1,1,126.25,135.4000000000048,126.6,0.13842327435756022,0.001674669269656621,0.017983492102205706,209.33333333333334,overripe
1763614553.2252474,1763614544.5744283,0.155,0.3,1,0,1,126.13,135.30000000000481,126.55000000000001,0.13913710515397099,0.001680323591597203,0.01656627807591199,209.33333333333334,overripe
1763614553.340322,1763614544.5744283,0.156,0.3,2,0,1,126.01,135.20000000000482,126.55000000000001,0.13980852389952597,0.0016857613842166767,0.01604316771541553,209.33333333333334,overripe
1763614553.5641334,1763614544.5744283,0.158,0.3,2,2,1,125.89,135.10000000000483,126.5,0.1404632577375476,0.0016913034809927128,0.01646258806992318,209.33333333333334,overripe
1763614553.7743638,1763614544.5744283,0.158,0.3,2,0,1,125.77,135.00000000000483,126.45,0.14112800013230198,0.0016967660999861467,0.01633492277143339,209.33333333333334,overripe
1763614553.8506556,1763614544.5744283,0.158,0.3,2,1,1,125.65,134.90000000000484,126.4,0.1417874312018424,0.0017020633689102122,0.015944030250025276,209.33333333333334,overripe
1763614553.9542544,1763614544.5744283,0.158,0.3,1,1,1,125.53,134.80000000000484,126.39999999999999,0.1424343362549696,0.0017071577263603934,0.015431394470964255,209.33333333333334,overripe
1763614554.1253967,1763614544.5744283,0.158,0.3,2,2,1,125.41,134.70000000000485,126.35,0.1430655079947555,0.0017120353317738638,0.014867357368211404,209.33333333333334,overripe
1763614554.4638574,1763614544.5744283,0.159,0.3,2,1,1,125.29,134.60000000000485,126.35,0.14367971182690192,0.001716856917128296,0.014786720854581548,209.33333333333334,overripe
1763614554.5710592,1763614544.5744283,0.161,0.3,3,1,1,125.17,134.50000000000486,126.19999999999999,0.14429037817185245,0.0017218623874124851,0.015442838168889278,209.33333333333334,overripe
1763614554.8254976,1763614544.5744283,0.163,0.3,3,1,1,125.05,134.40000000000487,126.1,0.14491767806592615,0.0017271627816810413,0.016448930104444703,209.33333333333334,overripe
1763614554.945717,1763614544.5744283,0.162,0.3,2,2,1,124.93,134.30000000000487,126.1,0.14557103644935046,0.0017323249394055374,0.01611226763583498,209.33333333333334,overripe
1763614555.0563653,1763614544.5744283,0.163,0.3,3,1,1,124.81,134.20000000000488,125.94999999999999,0.14621399930229206,0.0017374630044511338,0.016127652740300646,209.33333333333334,overripe
1763614555.2403927,1763614544.5744283,0.163,0.3,2,1,1,124.69,134.10000000000488,125.89999999999999,0.146856164679558,0.0017424736120504112,0.01581466134173834,209.33333333333334,overripe
1763614555.3453279,1763614544.5744283,0.163,0.3,2,1,1,124.57,134.0000000000049,125.75,0.14748877476932032,0.001747309682105508,0.01534663824132787,209.33333333333334,overripe
1763614555.533227,1763614544.5744283,0.164,0.3,3,1,1,124.45,133.9000000000049,125.75,0.1481077930208699,0.0017521086324611267,0.015309913484454207,209.33333333333334,overripe
1763614555.656276,1763614544.5744283,0.165,0.3,3,1,1,124.33,133.8000000000049,125.65,0.1487248210854087,0.001756936949575245,0.015484032167253359,209.33333333333334,overripe
1763614555.817825,1763614544.5744283,0.163,0.3,1,0,1,124.21,133.7000000000049,125.55000000000001,0.14934549717039444,0.0017613605872071603,0.01425892945593657,209.33333333333334,overripe
1763614555.9418466,1763614544.5744283,0.161,0.3,2,0,1,124.09,133.6000000000049,125.5,0.14993288438503086,0.0017651788086211844,0.012369328928134665,209.33333333333334,overripe
1763614555.9935043,1763614544.5744283,0.158,0.3,2,0,1,123.97,133.50000000000492,125.44999999999999,0.15046972557623184,0.0017681526299002611,0.009681381080350937,209.33333333333334,overripe
1763614556.1391115,1763614544.5744283,0.158,0.3,2,2,1,123.85,133.40000000000492,125.30000000000001,0.15093540233038596,0.001770640980967689,0.00814015099790541,209.33333333333334,overripe
1763614556.3352065,1763614544.5744283,0.157,0.3,2,0,1,123.73,133.30000000000493,125.14999999999999,0.1513602931897213,0.0017726725500304271,0.0066774834744244005,209.33333333333334,overripe
1763614556.3825517,1763614544.5744283,0.157,0.3,2,1,1,123.61,133.20000000000493,125.0,0.1517466791911047,0.0017744205332188199,0.005772209140968126,209.33333333333334,overripe
1763614556.4670818,1763614544.5744283,0.158,0.3,2,1,1,123.49,133.10000000000494,124.9,0.152109242842628,0.001776123755527672,0.0056502013234084325,209.33333333333334,overripe
1763614556.544776,1763614544.5744283,0.157,0.3,2,1,1,123.37,133.00000000000495,124.8,0.1524683835870138,0.00177759760892052,0.0049113384960043915,209.33333333333334,overripe
1763614556.5663776,1763614544.5744283,0.154,0.3,1,0,1,123.25,132.90000000000495,124.75,0.15280821578817097,0.001778458554580375,0.0028816452533381443,209.33333333333334,overripe
1763614556.7581053,1763614544.5744283,0.152,0.3,2,1,1,123.13,132.80000000000496,124.7,0.15309564057346065,0.0017786814487946807,0.0007492899472938963,209.33333333333334,overripe
1763614556.9676096,1763614544.5744283,0.153,0.3,2,1,1,123.01,132.70000000000496,124.69999999999999,0.15332826982426415,0.0017787093500894783,9.419543611313697e-05,209.33333333333334,overripe
1763614557.2253134,1763614544.5744283,0.152,0.3,1,0,1,122.89,132.60000000000497,124.65,0.15354412013089078,0.0017784636770453795,-0.000832887500702123,209.33333333333334,overripe
1763614557.407381,1763614544.5744283,0.152,0.3,2,0,1,122.77,132.50000000000497,124.6,0.15373632845605947,0.001778058092706663,-0.0013807121409651624,209.33333333333334,overripe
1763614557.6043177,1763614544.5744283,0.153,0.3,2,2,1,122.65,132.40000000000498,124.65,0.1539146353649978,0.0017776962470935282,-0.001236827207450636,209.33333333333334,overripe
1763614557.6794338,1763614544.5744283,0.152,0.3,2,1,1,122.53,132.30000000000499,124.6,0.154096636352224,0.0017771840562200037,-0.001757732273450413,209.33333333333334,overripe
1763614557.6895006,1763614544.5744283,0.151,0.3,1,2,1,122.41,132.200000000005,124.55,0.1542655000267504,0.001776430554136477,-0.0025960479873635978,209.33333333333334,overripe
1763614557.6995676,1763614544.5744283,0.149,0.3,0,1,1,122.29,132.100000000005,124.5,0.15441326520072307,0.0017752513307880535,-0.004078539181029683,209.33333333333334,overripe
1763614557.7157893,1763614544.5744283,0.147,0.3,1,1,1,122.17,132.000000000005,124.55,0.15452379333622818,0.001773564504218553,-0.005856430326381501,209.33333333333334,overripe
1763614557.7315676,1763614544.5744283,0.145,0.3,2,1,1,122.05,131.900000000005,124.55,0.15458979406936985,0.0017713388729849902,-0.007756112564446527,209.33333333333334,overripe
1763614557.7416496,1763614544.5744283,0.143,0.3,2,1,1,121.93,131.800000000005,124.55,0.15460836129703992,0.0017685681211621824,-0.00969152054457828,209.33333333333334,overripe
1763614557.7517555,1763614544.5744283,0.143,0.3,2,1,1,121.81,131.70000000000502,124.55,0.15457874901664528,0.0017655428482519617,-0.010620328640414484,209.33333333333334,overripe
1763614557.7668967,1763614544.5744283,0.143,0.3,2,2,1,121.69,131.60000000000502,124.45,0.1545261952218392,0.001762407289671397,-0.01104698503372381,209.33333333333334,overripe
1763614557.9568655,1763614544.5744283,0.144,0.3,2,2,1,121.57,131.50000000000503,124.4,0.15446324955776683,0.001759374228648827,-0.010723644463709131,209.33333333333334,overripe
1763614558.1254082,1763614544.5744283,0.14100000000000001,0.3,1,0,1,121.45,131.40000000000504,124.3,0.15440854688698324,0.001755981024736431,-0.012038744339954388,209.33333333333334,overripe
1763614558.2508857,1763614544.5744283,0.14100000000000001,0.3,2,1,1,121.33,131.30000000000504,124.3,0.15432146572392005,0.0017524315044077053,-0.012636564450405618,209.33333333333334,overripe
1763614558.4466906,1763614544.5744283,0.14,0.3,2,0,1,121.21,131.20000000000505,124.19999999999999,0.15421981382622613,0.0017486865688626106,-0.013377363189468916,209.33333333333334,overripe
1763614558.5691836,1763614544.5744283,0.138,0.3,0,1,1,121.09,131.10000000000505,124.0,0.1541000894034028,0.0017445909436752094,-0.014678864085024196,209.33333333333334,overripe
1763614558.716105,1763614544.5744283,0.138,0.3,2,1,1,120.97,131.00000000000506,124.05000000000001,0.15394852017304608,0.001740353272690897,-0.015237907513856758,209.33333333333334,overripe
1763614558.791604,1763614544.5744283,0.14100000000000001,0.3,3,1,1,120.85,130.90000000000506,124.0,0.1537834163525433,0.001736492378135173,-0.013928110022948637,209.33333333333334,overripe
1763614559.0025408,1763614544.5744283,0.14100000000000001,0.3,2,1,1,120.73,130.80000000000507,124.0,0.15365063392532724,0.0017328386336299935,-0.013222980760529912,209.33333333333334,overripe
1763614559.1162796,1763614544.5744283,0.14200000000000002,0.3,2,2,1,120.61,130.70000000000508,124.05,0.15353527906839623,0.0017294447066393112,-0.012321452485997558,209.33333333333334,overripe
1763614559.1314175,1763614544.5744283,0.14300000000000002,0.3,2,2,1,120.49,130.60000000000508,124.1,0.15344209918872853,0.0017263321356248054,-0.011335185897529187,209.33333333333334,overripe
1763614559.1414871,1763614544.5744283,0.14200000000000002,0.3,2,1,1,120.37,130.5000000000051,124.05,0.1533731013693598,0.001723233352029287,-0.011319644723760125,209.33333333333334,overripe
1763614559.1615496,1763614544.5744283,0.14200000000000002,0.3,1,2,1,120.25,130.4000000000051,124.0,0.15330458310769882,0.0017201553412630986,-0.011277854784898983,209.33333333333334,overripe
1763614559.2602727,1763614544.5744283,0.145,0.3,2,2,1,120.08,130.3000000000051,124.05,0.15328017553438597,0.0017174969769530929,-0.009766811372986045,209.33333333333334,overripe
1763614559.2703888,1763614544.5744283,0.146,0.3,2,1,1,119.96,130.2000000000051,124.05000000000001,0.15327086147077482,0.0017151861092311307,-0.008514179390074844,209.33333333333334,overripe
1763614559.280569,1763614544.5744283,0.146,0.3,2,2,1,119.84,130.1000000000051,124.05,0.15328117995583423,0.0017130473084333564,-0.007902838915484267,209.33333333333334,overripe
1763614559.2919781,1763614544.5744283,0.147,0.3,2,1,1,119.72,130.00000000000512,124.10000000000001,0.153300960516557,0.0017111281048544633,-0.007111789996382012,209.33333333333334,overripe
1763614559.3020542,1763614544.5744283,0.146,0.3,1,1,1,119.6,129.90000000000512,124.14999999999999,0.15333721959869415,0.0017091791525040243,-0.0072426343386066405,209.33333333333334,overripe
1763614559.312128,1763614544.5744283,0.147,0.3,2,1,1,119.48,129.80000000000513,124.14999999999999,0.15336900732181488,0.0017073486429187293,-0.006821714691771147,209.33333333333334,overripe
1763614559.3221989,1763614544.5744283,0.145,0.3,1,1,1,119.36,129.70000000000513,124.1,0.15341029979532725,0.0017053051731513622,-0.007636653480305372,209.33333333333334,overripe
1763614559.3327906,1763614544.5744283,0.144,0.3,2,0,1,119.24,129.60000000000514,124.1,0.15343165771158862,0.0017030249939022734,-0.008544834554077674,209.33333333333334,overripe
1763614559.342851,1763614544.5744283,0.14300000000000002,0.3,2,1,1,119.12,129.50000000000514,124.0,0.15343103213960094,0.0017005001385196664,-0.009487620560845456,209.33333333333334,overripe
1763614559.352922,1763614544.5744283,0.14200000000000002,0.3,2,1,1,119,129.40000000000515,123.9,0.1534077027974209,0.0016977303883605381,-0.010435997008043152,209.33333333333334,overripe
1763614559.3630285,1763614544.5744283,0.14,0.3,1,1,1,119,129.30000000000516,123.7,0.15325973981010452,0.0016946158580084052,-0.011773886915415643,209.33333333333334,overripe
1763614559.3781583,1763614544.5744283,0.14,0.3,2,2,1,119,129.20000000000516,123.6,0.15302944001145696,0.0016913772594783364,-0.012286513564112533,209.33333333333334,overripe
1763614559.3932362,1763614544.5744283,0.14,0.3,2,1,1,119,129.10000000000517,123.45,0.1527623647906367,0.001688123004363734,-0.012390901566964485,209.33333333333334,overripe
1763614559.421783,1763614544.5744283,0.14,0.3,2,1,1,119,129.00000000000517,123.39999999999999,0.152481111986582,0.0016849055513175168,-0.012295380374745896,209.33333333333334,overripe
1763614559.4318495,1763614544.5744283,0.139,0.3,2,1,1,119,128.90000000000518,123.30000000000001,0.15219681383556977,0.001681619172552677,-0.012603948029651701,209.33333333333334,overripe
1763614559.4419186,1763614544.5744283,0.138,0.3,2,1,1,119,128.80000000000518,123.4,0.15190311093500303,0.0016782137418517441,-0.013106678032043989,209.33333333333334,overripe
1763614559.4519851,1763614544.5744283,0.138,0.3,1,0,1,119,128.7000000000052,123.4,0.1515970673817035,0.001674796188368512,-0.013198850930223965,209.33333333333334,overripe
1763614559.4620628,1763614544.5744283,0.139,0.3,2,1,1,119,128.6000000000052,123.45,0.15128913696913363,0.0016715472724402342,-0.01259002874339385,209.33333333333334,overripe
1763614559.472141,1763614544.5744283,0.14,0.3,2,1,1,119,128.5000000000052,123.45,0.15099604501546468,0.0016685517510650304,-0.011646490902594786,209.33333333333334,overripe
1763614559.487315,1763614544.5744283,0.14,0.3,2,2,1,119,128.4000000000052,123.4,0.15072564589990334,0.001665718584909391,-0.011050868843468398,209.33333333333334,overripe
1763614559.4974093,1763614544.5744283,0.14,0.3,1,1,1,119.1,128.3000000000052,123.44999999999999,0.1503865286004907,0.001663023988394697,-0.010549140072273228,209.33333333333334,overripe
1763614559.5075147,1763614544.5744283,0.142,0.3,3,2,1,119.1,128.20000000000522,123.4,0.15010172474462735,0.0016606861169891612,-0.009183030480518606,209.33333333333334,overripe
1763614559.5176268,1763614544.5744283,0.145,0.3,3,3,1,119.01,128.10000000000522,123.5,0.14994470907169363,0.001658912413037529,-0.006985361939639251,209.33333333333334,overripe
1763614559.527726,1763614544.5744283,0.148,0.3,3,3,1,118.92,128.00000000000523,123.60000000000001,0.14988618043028656,0.0016577960674027164,-0.004406506864259363,209.33333333333334,overripe
1763614559.5685434,1763614544.5744283,0.153,0.3,3,3,1,118.83,127.90000000000524,123.9,0.14991069318573905,0.0016576264668181288,-0.0006708564027254338,209.33333333333334,overripe
1763614559.58603,1763614544.5744283,0.155,0.3,3,2,1,118.74,127.80000000000524,124.15,0.15003263182238724,0.0016581531123768941,0.002087286569119551,209.33333333333334,overripe
1763614559.601174,1763614544.5744283,0.159,0.3,4,3,1,118.6,127.70000000000525,124.55,0.15026502892411892,0.001659486867804939,0.005294930271634468,209.33333333333334,overripe
1763614559.703864,1763614544.5744283,0.164,0.3,4,2,1,118.46,127.60000000000525,124.7,0.15059449985518605,0.0016617971569038105,0.009185479742690655,209.33333333333334,overripe
1763614559.8078806,1763614544.5744283,0.166,0.3,2,2,1,118.37,127.50000000000526,125.05,0.15098338091538688,0.0016647868045539822,0.011906608883551495,209.33333333333334,overripe
1763614559.9211097,1763614544.5744283,0.168,0.3,4,2,1,118.23,127.40000000000526,125.25,0.15146131698825,0.0016682926951624155,0.013983677911219183,209.33333333333334,overripe
1763614559.9492555,1763614544.5744283,0.17,0.3,2,3,1,118.14,127.30000000000527,125.5,0.15195872634292876,0.0016722382272887641,0.01576377110680585,209.33333333333334,overripe
1763614560.02713,1763614544.5744283,0.172,0.3,3,2,1,118.05,127.20000000000528,125.85,0.1524827950289499,0.001676580239363102,0.017378453695917395,209.33333333333334,overripe
1763614560.2767732,1763614544.5744283,0.176,0.3,2,3,1,117.91,127.10000000000528,126.0,0.1530786374200464,0.0016815326748737171,0.01985198694238724,209.33333333333334,overripe
1763614560.384478,1763614544.5744283,0.178,0.3,2,2,1,117.82,127.00000000000529,126.14999999999999,0.15370673761854764,0.0016869516288180394,0.021758574562669164,209.33333333333334,overripe
1763614560.5004983,1763614544.5744283,0.179,0.3,3,1,1,117.68,126.90000000000529,126.4,0.15440840858874164,0.0016926275522518284,0.022824247501866762,209.33333333333334,overripe
1763614560.6548247,1763614544.5744283,0.179,0.3,2,1,1,117.59,126.8000000000053,126.5,0.1551076127016879,0.001698339906360337,0.023008715343616287,209.33333333333334,overripe
1763614560.72805,1763614544.5744283,0.183,0.3,4,3,1,117.45,126.7000000000053,126.65,0.15584010422135758,0.0017044676499577552,0.024718059801294517,209.33333333333334,overripe
1763614560.8383205,1763614544.5744283,0.185,0.3,3,3,1,117.36,126.60000000000531,126.89999999999999,0.15658397943335173,0.0017109509424728512,0.026195102577974305,209.33333333333334,overripe
1763614560.9283245,1763614544.5744283,0.185,0.3,2,2,1,117.22,126.50000000000531,127.10000000000001,0.1573904866079465,0.0017174999387264151,0.02649905439771652,209.33333333333334,overripe
1763614560.9849012,1763614544.5744283,0.191,0.3,3,4,1,117.08,126.40000000000532,127.25,0.15821901176970343,0.0017247129568351597,0.029225758733128077,209.33333333333334,overripe
1763614561.1263578,1763614544.5744283,0.191,0.3,1,2,1,116.99,126.30000000000533,127.45,0.15907461536377535,0.001732141749650398,0.030147769887640424,209.33333333333334,overripe
1763614561.3243103,1763614544.5744283,0.196,0.3,3,4,1,116.85,126.20000000000533,127.6,0.15997701721468485,0.0017401717617489816,0.032634175411023036,209.33333333333334,overripe
1763614561.5369449,1763614544.5744283,0.2,0.3,3,2,1,116.76,126.10000000000534,127.6,0.16090607651237365,0.001748868210938155,0.035399519800480284,209.33333333333334,overripe
1763614561.6363962,1763614544.5744283,0.20299999999999999,0.3,3,3,1,116.67,126.00000000000534,127.8,0.16188307857146036,0.0017581312514153582,0.03776971958496658,209.33333333333334,overripe
1763614561.78393,1763614544.5744283,0.20299999999999999,0.3,2,2,1,116.53,125.90000000000535,128.0,0.16295047383804656,0.0017675291678722793,0.03837592524016692,209.33333333333334,overripe
1763614561.7947102,1763614544.5744283,0.204,0.3,2,2,1,116.44,125.80000000000535,128.1,0.1640065928114121,0.001776980536391719,0.03865660672769461,209.33333333333334,overripe
1763614561.804772,1763614544.5744283,0.20299999999999999,0.3,2,1,1,116.35,125.70000000000536,128.25,0.16505657289917589,0.0017862008443920194,0.037775026870377454,209.33333333333334,overripe
1763614561.814877,1763614544.5744283,0.204,0.3,3,2,1,116.26,125.60000000000537,128.35,0.16608033840233694,0.0017952983267544452,0.037335461482439714,209.33333333333334,overripe
1763614561.824976,1763614544.5744283,0.205,0.3,2,2,1,116.17,125.50000000000537,128.5,0.16709109781131312,0.0018043270752238643,0.03711680213107518,209.33333333333334,overripe
1763614561.8350801,1763614544.5744283,0.206,0.3,2,2,1,116.08,125.40000000000538,128.75,0.16809546555517757,0.0018133141471038299,0.03700848441601656,209.33333333333334,overripe
1763614561.845175,1763614544.5744283,0.209,0.3,3,4,1,115.99,125.30000000000538,129.0,0.16909675486769266,0.001822515528874356,0.03795522011790442,209.33333333333334,overripe
1763614561.8552501,1763614544.5744283,0.211,0.3,2,3,1,115.9,125.20000000000539,129.2,0.17011925553646295,0.0018319317487584918,0.038906731956335594,209.33333333333334,overripe
1763614561.8665874,1763614544.5744283,0.214,0.3,3,4,1,115.81,125.1000000000054,129.45,0.1711632791530988,0.0018416809425740143,0.040349714593300445,209.33333333333334,overripe
1763614561.9085195,1763614544.5744283,0.217,0.3,3,3,1,115.72,125.0000000000054,129.55,0.17224003483939862,0.001851816096474932,0.04201646203380102,209.33333333333334,overripe
1763614561.9185832,1763614544.5744283,0.221,0.3,3,3,1,115.63,124.9000000000054,129.7,0.17335462429679283,0.00186247824682563,0.04427362413980701,209.33333333333334,overripe
1763614561.9286716,1763614544.5744283,0.223,0.3,2,3,1,115.54,124.80000000000541,129.85,0.1745203932279147,0.0018734885880977439,0.04579373099038522,209.33333333333334,overripe
1763614561.938773,1763614544.5744283,0.227,0.3,3,3,1,115.4,124.70000000000542,130.1,0.17576756339501598,0.001884987232888716,0.047889498714134004,209.33333333333334,overripe
1763614561.9488647,1763614544.5744283,0.23,0.3,3,2,1,115.31,124.60000000000542,130.25,0.17703956496463147,0.0018969242691178811,0.04978896608994354,209.33333333333334,overripe
1763614561.9589748,1763614544.5744283,0.23199999999999998,0.3,3,2,1,115.17,124.50000000000543,130.55,0.17839070678648158,0.0019091416238037997,0.05102355874080591,209.33333333333334,overripe
1763614561.9690726,1763614544.5744283,0.235,0.3,3,3,1,115.03,124.40000000000543,130.8,0.17978903559106799,0.0019216779776050606,0.052418097172575756,209.33333333333334,overripe
1763614561.9791465,1763614544.5744283,0.239,0.3,3,3,1,114.94,124.30000000000544,130.95,0.18118160393465008,0.0019346753527170173,0.05442196244717179,209.33333333333334,overripe
1763614561.994935,1763614544.5744283,0.24,0.3,3,2,1,114.8,124.20000000000545,131.15,0.18264917286372773,0.0019478308082853009,0.055152610327183216,209.33333333333334,overripe
1763614562.1217213,1763614544.5744283,0.242,0.3,3,2,1,114.66,124.10000000000545,131.4,0.18414939541470357,0.00196111348999099,0.0557514961807519,209.33333333333334,overripe
1763614562.3570418,1763614544.5744283,0.244,0.3,3,2,1,114.52,124.00000000000546,131.6,0.18567242860193636,0.0019745062676253334,0.05627801719579137,209.33333333333334,overripe
1763614562.505531,1763614544.5744283,0.247,0.3,3,3,1,114.38,123.90000000000546,131.7,0.18721318450038252,0.001988117757730701,0.057262038398481346,209.33333333333334,overripe
1763614562.7529469,1763614544.5744283,0.249,0.3,2,3,1,114.29,123.80000000000547,131.95,0.18873054962906846,0.0020018872377891893,0.05800706182036347,209.33333333333334,overripe
1763614562.7630134,1763614544.5744283,0.253,0.3,2,3,1,114.2,123.70000000000547,132.2,0.1902419410422295,0.002016019937542129,0.059626864682486486,209.33333333333334,overripe
1763614562.773087,1763614544.5744283,0.254,0.3,2,2,1,114.11,123.60000000000548,132.5,0.19177856417590886,0.0020302558374354247,0.060155838686449165,209.33333333333334,overripe
1763614562.7848554,1763614544.5744283,0.257,0.3,2,4,1,114.02,123.50000000000549,132.75,0.19332161924927266,0.0020447031816157152,0.061145582181906355,209.33333333333334,overripe
1763614562.796529,1763614544.5744283,0.259,0.3,2,4,1,113.88,123.40000000000549,132.95,0.19493551720493113,0.0020592853266472306,0.06179808351065835,209.33333333333334,overripe
1763614562.806632,1763614544.5744283,0.262,0.3,2,3,1,113.79,123.3000000000055,133.1,0.19653835853093363,0.0020740889826230415,0.06282844182686112,209.33333333333334,overripe
1763614562.8167322,1763614544.5744283,0.261,0.3,1,3,1,113.65,123.2000000000055,133.25,0.19820348407239005,0.0020886742003259832,0.061979916106507355,209.33333333333334,overripe
1763614562.8267956,1763614544.5744283,0.259,0.3,1,3,1,113.56,123.10000000000551,133.45,0.19981828139428925,0.0021027201137944302,0.05977341869515945,209.33333333333334,overripe
1763614562.8368607,1763614544.5744283,0.258,0.3,2,3,1,113.42,123.00000000000551,133.6,0.20142045714339668,0.002116185666182398,0.057375392901327704,209.33333333333334,overripe
1763614562.852006,1763614544.5744283,0.258,0.3,3,3,1,113.33,122.90000000000552,133.8,0.202935603029741,0.002129183799841436,0.05546232199262119,209.33333333333334,overripe
1763614562.8826613,1763614544.5744283,0.257,0.3,1,3,1,113.19,122.80000000000553,133.95,0.2044444556452136,0.002141648984339826,0.05325450686596747,209.33333333333334,overripe
1763614562.892727,1763614544.5744283,0.255,0.3,2,3,1,113.05,122.70000000000553,134.15,0.20592323351648678,0.0021534384331532487,0.05042624773910376,209.33333333333334,overripe
1763614562.9037998,1763614544.5744283,0.256,0.3,3,4,1,112.96,122.60000000000554,134.4,0.20729542461451816,0.0021648504931362673,0.04887931601327711,209.33333333333334,overripe
1763614562.9139051,1763614544.5744283,0.258,0.3,2,4,1,112.87,122.50000000000554,134.6,0.20861133653964287,0.00217615170331588,0.048476033774254745,209.33333333333334,overripe
1763614562.9281404,1763614544.5744283,0.258,0.3,3,3,1,112.78,122.40000000000555,134.7,0.20990752752965142,0.0021872402583124327,0.04763615762729739,209.33333333333334,overripe
1763614563.1134412,1763614544.5744283,0.259,0.3,3,3,1,112.69,122.30000000000555,134.85,0.21117964909584994,0.0021981853930545165,0.04709219348262447,209.33333333333334,overripe
1763614563.335138,1763614544.5744283,0.26,0.3,2,4,1,112.55,122.20000000000556,134.95,0.21249205974849025,0.0022090123790086224,0.046643861540746984,209.33333333333334,overripe
1763614563.5812452,1763614544.5744283,0.26,0.3,2,3,1,112.41,122.10000000000556,135.10000000000002,0.2138217577521111,0.002219618583809404,0.045746202892507526,209.33333333333334,overripe
1763614563.7424834,1763614544.5744283,0.258,0.3,1,1,1,112.27,122.00000000000557,135.2,0.21514598288061013,0.0022297247112462826,0.04363799744169919,209.33333333333334,overripe
1763614563.9712644,1763614544.5744283,0.26,0.3,2,4,1,112.13,121.90000000000558,135.35000000000002,0.21643111833274017,0.0022396631302614846,0.04296087182841449,209.33333333333334,overripe
1763614564.188592,1763614544.5744283,0.263,0.3,2,4,1,111.99,121.80000000000558,135.5,0.21770603924794446,0.0022497129863141138,0.043489955832632876,209.33333333333334,overripe
1763614564.271998,1763614544.5744283,0.261,0.3,1,4,1,111.85,121.70000000000559,135.65,0.21899622729552784,0.002259431434489801,0.04210177024476083,209.33333333333334,overripe
1763614564.5146465,1763614544.5744283,0.259,0.3,2,2,1,111.76,121.6000000000056,135.85000000000002,0.22020125856733033,0.0022686172344633746,0.03984774020281398,209.33333333333334,overripe
1763614564.6314747,1763614544.5744283,0.258,0.3,1,2,1,111.62,121.5000000000056,136.05,0.22138532338075478,0.0022772833621372357,0.037639176004317376,209.33333333333334,overripe
1763614564.7844157,1763614544.5744283,0.256,0.3,2,3,1,111.48,121.4000000000056,136.2,0.22253539210290504,0.0022853271906061773,0.03497685758963101,209.33333333333334,overripe
1763614564.972423,1763614544.5744283,0.258,0.3,2,3,1,111.39,121.30000000000561,136.39999999999998,0.2235769976096177,0.002293176738603415,0.03417912723665034,209.33333333333334,overripe
1763614565.2455437,1763614544.5744283,0.253,0.3,0,2,1,111.25,121.20000000000562,136.65,0.2246336745727359,0.002300228743207987,0.030744387850398097,209.33333333333334,overripe
1763614565.533071,1763614544.5744283,0.253,0.3,2,3,1,111.16,121.10000000000562,136.85000000000002,0.22557279694614452,0.0023067833275855465,0.02861623426542248,209.33333333333334,overripe
1763614565.7563453,1763614544.5744283,0.25,0.3,1,2,1,111.02,121.00000000000563,137.0,0.22650156647068292,0.0023126380886938323,0.025592949135100573,209.33333333333334,overripe
1763614565.9011178,1763614544.5744283,0.251,0.3,2,3,1,110.93,120.90000000000563,137.2,0.22732386920359499,0.0023181716847902735,0.02422338859929679,209.33333333333334,overripe
1763614565.990711,1763614544.5744283,0.252,0.3,2,3,1,110.79,120.80000000000564,137.3,0.22815408326372283,0.0023235605845819884,0.02361954563772306,209.33333333333334,overripe
1763614566.0253148,1763614544.5744283,0.254,0.3,2,3,1,110.65,120.70000000000564,137.4,0.2289905808002091,0.002329006214046266,0.023896233650513826,209.33333333333334,overripe
1763614566.154712,1763614544.5744283,0.255,0.3,3,3,1,110.56,120.60000000000565,137.5,0.2297854816680657,0.0023345038787592697,0.024157925557295762,209.33333333333334,overripe
1763614566.3334599,1763614544.5744283,0.255,0.3,1,3,1,110.42,120.50000000000566,137.7,0.2306207275593876,0.002339924984572471,0.023850976053293144,209.33333333333334,overripe
1763614566.4300048,1763614544.5744283,0.256,0.3,1,4,1,110.33,120.40000000000566,137.95,0.23140832021100702,0.002345333132793763,0.023827531595333323,209.33333333333334,overripe
1763614566.5363662,1763614544.5744283,0.252,0.3,1,2,1,110.24,120.30000000000567,138.05,0.23217502013028102,0.0023501927994220343,0.021442905772889154,209.33333333333334,overripe
1763614566.6168,1763614544.5744283,0.251,0.3,2,2,1,110.15,120.20000000000567,138.15,0.23287802804762398,0.0023545897912850347,0.01943093490396114,209.33333333333334,overripe
1763614566.6948087,1763614544.5744283,0.247,0.3,1,2,1,110.06,120.10000000000568,138.25,0.23353084918226955,0.0023582327971228096,0.01612363229352301,209.33333333333334,overripe
1763614566.8086128,1763614544.5744283,0.244,0.3,1,2,1,109.92,120.00000000000568,138.3,0.23416597485702273,0.002361089824782502,0.012661265880873546,209.33333333333334,overripe
1763614566.9232874,1763614544.5744283,0.243,0.3,2,3,1,109.78,119.90000000000569,138.35000000000002,0.23475201606727814,0.0023633801141870136,0.010161604301670013,209.33333333333334,overripe
1763614567.0990756,1763614544.5744283,0.244,0.3,2,4,1,109.64,119.8000000000057,138.55,0.23529648512438958,0.0023654424187746852,0.00916032506008449,209.33333333333334,overripe
1763614567.157151,1763614544.5744283,0.242,0.3,1,3,1,109.5,119.7000000000057,138.75,0.23582590410661725,0.002367107148342204,0.0074025009856197865,209.33333333333334,overripe
1763614567.3493369,1763614544.5744283,0.241,0.3,2,2,1,109.36,119.6000000000057,138.89999999999998,0.23631973174753632,0.0023684088306804873,0.005794470798582196,209.33333333333334,overripe
1763614567.4531107,1763614544.5744283,0.242,0.3,2,4,1,109.27,119.50000000000571,139.05,0.23672028363604303,0.002369606109431246,0.005336817637016211,209.33333333333334,overripe
1763614567.4949632,1763614544.5744283,0.238,0.3,0,2,1,109.18,119.40000000000572,139.2,0.23708195054611408,0.002370266204972931,0.00294660009041553,209.33333333333334,overripe
1763614567.554335,1763614544.5744283,0.236,0.3,1,3,1,109.09,119.30000000000572,139.4,0.23737568958770197,0.002370409047022247,0.0006385857305628295,209.33333333333334,overripe
1763614567.7123551,1763614544.5744283,0.24,0.3,3,6,1,109,119.20000000000573,139.6,0.23761051794010676,0.0023707209780379646,0.0013966197190256324,209.33333333333334,overripe
1763614567.8212059,1763614544.5744283,0.242,0.3,3,4,1,108.86,119.10000000000574,139.85000000000002,0.2379180125329775,0.002371297718360424,0.002585556296588687,209.33333333333334,overripe
1763614568.0027635,1763614544.5744283,0.244,0.3,3,4,1,108.72,119.00000000000574,140.05,0.2382800300631164,0.002372182637636367,0.00397175435166669,209.33333333333334,overripe
1763614568.0682027,1763614544.5744283,0.245,0.3,3,4,1,108.63,118.90000000000575,140.25,0.23862782506436875,0.0023732947217877604,0.004998067143022811,209.33333333333334,overripe
1763614568.2261415,1763614544.5744283,0.245,0.3,2,3,1,108.54,118.80000000000575,140.45,0.23897599013808507,0.002374480507303889,0.005336955965610707,209.33333333333334,overripe
1763614568.475174,1763614544.5744283,0.247,0.3,3,4,1,108.45,118.70000000000576,140.64999999999998,0.2393204499312986,0.0023758862002562853,0.006336023120549289,209.33333333333334,overripe
1763614568.6018445,1763614544.5744283,0.247,0.3,1,3,1,108.31,118.60000000000576,140.8,0.23974103562890534,0.0023773457992725885,0.0065872008970186136,209.33333333333334,overripe
1763614568.784572,1763614544.5744283,0.248,0.3,3,4,1,108.17,118.50000000000577,141.0,0.240194271691656,0.0023788884281765533,0.0069698465713059765,209.33333333333334,overripe
1763614569.010605,1763614544.5744283,0.247,0.3,2,3,1,108.03,118.40000000000578,141.3,0.24066972902328285,0.00238030611693189,0.006412330108198139,209.33333333333334,overripe
1763614569.067783,1763614544.5744283,0.249,0.3,3,4,1,107.79,118.30000000000578,141.55,0.24125868631173897,0.002381804713672974,0.0067823432540015105,209.33333333333334,overripe
1763614569.3403573,1763614544.5744283,0.251,0.3,2,4,1,107.7,118.20000000000579,141.8,0.24174066536079977,0.002383521847293965,0.007779849422070467,209.33333333333334,overripe
1763614569.4684896,1763614544.5744283,0.254,0.3,3,4,1,107.65,118.10000000000579,142.0,0.24213969595392593,0.0023856420475141075,0.009620561437509223,209.33333333333334,overripe
1763614569.5555186,1763614544.5744283,0.255,0.3,3,3,1,107.65,118.0000000000058,142.05,0.24246756029499789,0.0023880423164229043,0.010912568400719691,209.33333333333334,overripe
1763614569.6140518,1763614544.5744283,0.257,0.3,3,5,1,107.65,117.9000000000058,142.1,0.2427678086743156,0.0023907688314793144,0.012422255673543187,209.33333333333334,overripe
1763614569.6323054,1763614544.5744283,0.257,0.3,2,2,1,107.65,117.80000000000581,142.15,0.24307316477737337,0.0023936206736228016,0.013021867396556003,209.33333333333334,overripe
1763614569.6631804,1763614544.5744283,0.26,0.3,4,4,1,107.65,117.70000000000582,142.10000000000002,0.24337722240422324,0.002396826439993525,0.014670293682741448,209.33333333333334,overripe
1763614569.7826054,1763614544.5744283,0.261,0.3,4,4,1,107.7,117.60000000000582,142.15,0.24365031852000862,0.002400286722777278,0.015873439523473754,209.33333333333334,overripe
1763614569.9305482,1763614544.5744283,0.26,0.3,2,3,1,107.7,117.50000000000583,142.2,0.24397560774797467,0.0024037202302217243,0.015786271273766528,209.33333333333334,overripe
1763614570.145331,1763614544.5744283,0.259,0.3,2,3,1,107.75,117.40000000000583,142.3,0.24425125890070168,0.002407003066253806,0.015129680610168922,209.33333333333334,overripe
1763614570.168617,1763614544.5744283,0.259,0.3,3,3,1,107.75,117.30000000000584,142.3,0.24454811765575482,0.0024101732128161838,0.014642352099680483,209.33333333333334,overripe
1763614570.3882349,1763614544.5744283,0.258,0.3,2,3,1,107.75,117.20000000000584,142.3,0.2448518144725807,0.002413142593556996,0.01374342040513693,209.33333333333334,overripe
1763614570.6430545,1763614544.5744283,0.259,0.3,3,3,1,107.8,117.10000000000585,142.35,0.24508394402504027,0.0024160989799379396,0.013713673413818545,209.33333333333334,overripe
1763614570.8121507,1763614544.5744283,0.261,0.3,2,2,1,107.8,117.00000000000585,142.45,0.24534939203554687,0.002419229179082713,0.014549416683882516,209.33333333333334,overripe
1763614570.8667088,1763614544.5744283,0.26,0.3,2,3,1,107.85,116.90000000000586,142.5,0.24558934893816498,0.0024223120067816666,0.014360055421549722,209.33333333333334,overripe
1763614570.8767729,1763614544.5744283,0.259,0.3,2,3,1,107.85,116.80000000000587,142.60000000000002,0.2458633003343384,0.002425228439205145,0.013611401845518956,209.33333333333334,overripe
1763614570.886894,1763614544.5744283,0.26,0.3,2,4,1,107.85,116.70000000000587,142.7,0.24613979134158823,0.002428136602202248,0.013597559748340454,209.33333333333334,overripe
1763614570.8969662,1763614544.5744283,0.26,0.3,2,2,1,107.85,116.60000000000588,142.8,0.24642517050492807,0.0024310068102223613,0.013443505040036274,209.33333333333334,overripe
1763614570.9070358,1763614544.5744283,0.26,0.3,2,1,1,107.9,116.50000000000588,142.89999999999998,0.24665079222645767,0.0024338374238194968,0.013283545546024539,209.33333333333334,overripe
1763614570.9171278,1763614544.5744283,0.258,0.3,2,1,1,107.95,116.40000000000589,143.0,0.24684426903990173,0.0024364155977444762,0.01212289984633938,209.33333333333334,overripe
1763614570.9272423,1763614544.5744283,0.256,0.3,2,1,1,107.95,116.3000000000059,143.10000000000002,0.24705884343354256,0.0024386287487119913,0.01042474100957802,209.33333333333334,overripe
1763614570.9373055,1763614544.5744283,0.259,0.3,3,2,1,107.95,116.2000000000059,143.15,0.2472597869864556,0.0024409564382168155,0.010982005235104703,209.33333333333334,overripe
1763614570.9473877,1763614544.5744283,0.261,0.3,3,4,1,107.95,116.1000000000059,143.3,0.24748404927150705,0.0024435249561752673,0.012136846839273102,209.33333333333334,overripe
1763614570.9574976,1763614544.5744283,0.264,0.3,3,3,1,107.95,116.00000000000591,143.3,0.2477385858435661,0.002446498581482818,0.014071862211824021,209.33333333333334,overripe
1763614570.9675767,1763614544.5744283,0.265,0.3,3,3,1,108,115.90000000000592,143.4,0.2479759626513618,0.002449753604915973,0.01542926137633327,209.33333333333334,overripe
1763614570.9776616,1763614544.5744283,0.265,0.3,2,3,1,107.95,115.80000000000592,143.6,0.24833503831504275,0.0024530968482504665,0.015867573698804788,209.33333333333334,overripe
1763614570.9877636,1763614544.5744283,0.265,0.3,2,3,1,107.95,115.70000000000593,143.8,0.2486885415772625,0.0024564452522985187,0.015912764429661275,209.33333333333334,overripe
1763614570.9978917,1763614544.5744283,0.263,0.3,2,2,1,107.9,115.60000000000593,143.9,0.24909671205612943,0.002459535992922471,0.014703940947332461,209.33333333333334,overripe
1763614571.0151546,1763614544.5744283,0.265,0.3,3,3,1,107.9,115.50000000000594,143.95,0.24944453196666838,0.002462675958122707,0.014955794535062572,209.33333333333334,overripe
1763614571.068029,1763614544.5744283,0.265,0.3,2,3,1,107.9,115.40000000000595,143.95,0.24978020826805736,0.0024658045604613733,0.014919954982808126,209.33333333333334,overripe
1763614571.0781097,1763614544.5744283,0.268,0.3,2,4,1,107.9,115.30000000000595,143.95,0.25010615343386855,0.002469206587540281,0.016243928191564172,209.33333333333334,overripe
1763614571.0882092,1763614544.5744283,0.269,0.3,2,3,1,107.9,115.20000000000596,143.95,0.2504555376735607,0.002472808515888208,0.017219503139155656,209.33333333333334,overripe
1763614571.0982962,1763614544.5744283,0.271,0.3,3,2,0,107.85,115.10000000000596,144.05,0.250884868931027,0.002476664640088475,0.01845265147533115,209.33333333333334,overripe
1763614571.1134417,1763614544.5744283,0.272,0.3,2,2,0,107.8,115.10000000000596,144.25,0.2513700589757248,0.002480694167403932,0.019298701227454307,209.33333333333334,overripe
1763614571.210282,1763614544.5744283,0.273,0.3,3,3,0,107.8,115.10000000000596,144.45,0.25182609262215394,0.0024848676276621254,0.020008287479435616,209.33333333333334,overripe
1763614571.2452722,1763614544.5744283,0.274,0.3,3,4,0,107.75,115.10000000000596,144.55,0.2523354476496089,0.002489157061467906,0.020581742401185876,209.33333333333334,overripe
1763614571.2726135,1763614544.5744283,0.276,0.3,3,3,0,107.8,115.10000000000596,144.6,0.2527517241783681,0.0024936753936504476,0.02170687084702927,209.33333333333334,overripe
1763614571.4411592,1763614544.5744283,0.27799999999999997,0.3,3,3,0,107.75,115.10000000000596,144.7,0.25326318964844585,0.0024984513656093094,0.022966107864252794,209.33333333333334,overripe
1763614571.5079489,1763614544.5744283,0.277,0.3,2,3,0,107.75,115.10000000000596,144.7,0.25377463290805646,0.0025031962716387823,0.02284001584829287,209.33333333333334,overripe
1763614571.5191443,1763614544.5744283,0.27999999999999997,0.3,2,3,0,107.8,115.10000000000596,144.75,0.25420722380859895,0.002508196516696861,0.024100100569575678,209.33333333333334,overripe
1763614571.7250962,1763614544.5744283,0.282,0.3,3,3,0,107.75,115.10000000000596,144.85000000000002,0.25475298839072413,0.0025134617209448067,0.025400673798363194,209.33333333333334,overripe
1763614571.898606,1763614544.5744283,0.27799999999999997,0.3,2,3,0,107.75,115.10000000000596,145.0,0.2553067927461627,0.0025183840825447226,0.02377003834838093,209.33333333333334,overripe
1763614572.056243,1763614544.5744283,0.276,0.3,2,3,0,107.8,115.10000000000596,144.89999999999998,0.25575335794856113,0.0025228898249841304,0.02178505759871069,209.33333333333334,overripe
1763614572.2008567,1763614544.5744283,0.276,0.3,3,4,0,107.8,115.10000000000596,145.05,0.25618417507506985,0.00252714267269805,0.02058503269856604,209.33333333333334,overripe
1763614572.4449384,1763614544.5744283,0.274,0.3,2,3,0,107.85,115.10000000000596,145.15,0.2565394441129707,0.002531031144792581,0.018845159773847264,209.33333333333334,overripe
1763614572.6447554,1763614544.5744283,0.273,0.3,1,3,0,107.85,115.10000000000596,145.3,0.25689582720099247,0.0025345961810038014,0.017296474742416523,209.33333333333334,overripe
1763614572.8156075,1763614544.5744283,0.271,0.3,3,2,0,107.85,115.10000000000596,145.3,0.2572384710391659,0.0025377584691695446,0.015357679932538615,209.33333333333334,overripe
1763614572.9195473,1763614544.5744283,0.271,0.3,2,2,0,107.8,115.10000000000596,145.25,0.25761324555507903,0.0025406772208501345,0.014184829930773246,209.33333333333334,overripe
1763614573.1110528,1763614544.5744283,0.269,0.3,3,2,0,107.75,115.10000000000596,145.35,0.25799999762387643,0.00254322711215092,0.012399040119049742,209.33333333333334,overripe
1763614573.290927,1763614544.5744283,0.267,0.3,2,1,0,107.8,115.10000000000596,145.5,0.2582406297053836,0.00254537596227448,0.01045888916607951,209.33333333333334,overripe
1763614573.4863787,1763614544.5744283,0.265,0.3,2,3,0,107.8,115.10000000000596,145.7,0.25844966556139415,0.00254710027355657,0.008400093874337378,209.33333333333334,overripe
1763614573.5196004,1763614544.5744283,0.264,0.3,2,3,0,107.85,115.10000000000596,145.89999999999998,0.25855648646663104,0.002548508624719484,0.006868393251234728,209.33333333333334,overripe
1763614573.6536756,1763614544.5744283,0.262,0.3,3,2,0,107.8,115.10000000000596,146.0,0.2587290120382089,0.002549529747503769,0.0049834278207239735,209.33333333333334,overripe
1763614573.922749,1763614544.5744283,0.261,0.3,3,2,0,107.85,115.10000000000596,146.05,0.25878372770100294,0.0025502610450521238,0.0035724922284635086,209.33333333333334,overripe
1763614574.2197185,1763614544.5744283,0.257,0.3,1,3,0,107.85,115.10000000000596,146.1,0.25883347398834183,0.002550433793981096,0.0008446359763913946,209.33333333333334,overripe
1763614574.270724,1763614544.5744283,0.257,0.3,1,3,0,107.9,115.10000000000596,146.2,0.25877500397666986,0.002550344724231149,-0.00043594899430321465,209.33333333333334,overripe
1763614574.3094766,1763614544.5744283,0.254,0.3,2,3,0,107.95,115.10000000000596,146.25,0.25866420798619694,0.0025498355941606654,-0.0024946804950136126,209.33333333333334,overripe
1763614574.3195422,1763614544.5744283,0.252,0.3,2,4,0,107.9,115.10000000000596,146.35000000000002,0.258625447067985,0.002548909506164522,-0.00454068332239338,209.33333333333334,overripe
1763614574.3296077,1763614544.5744283,0.253,0.3,3,3,0,107.9,115.10000000000596,146.45,0.25853795156380976,0.002547891317348931,-0.004995569691013946,209.33333333333334,overripe
1763614574.3396893,1763614544.5744283,0.253,0.3,2,3,0,107.9,115.10000000000596,146.65,0.2584378925694871,0.0025468389448675913,-0.005166701633089188,209.33333333333334,overripe
1763614574.3497875,1763614544.5744283,0.251,0.3,2,2,0,107.9,115.10000000000596,146.8,0.25833275594524463,0.002545577509881265,-0.00619716047704566,209.33333333333334,overripe
1763614574.3599029,1763614544.5744283,0.252,0.3,2,4,0,107.95,115.10000000000596,147.10000000000002,0.25814196919810495,0.002544342196688568,-0.006074171464005462,209.33333333333334,overripe
1763614574.3699777,1763614544.5744283,0.251,0.3,2,3,0,108,115.10000000000596,147.3,0.25792168723354686,0.0025430443706223444,-0.006387788366497116,209.33333333333334,overripe
1763614574.3800511,1763614544.5744283,0.253,0.3,3,3,0,108.05,115.10000000000596,147.39999999999998,0.25767906819985276,0.0025419458829509163,-0.005412118766327856,209.33333333333334,overripe
1763614574.3988583,1763614544.5744283,0.252,0.3,3,1,0,108.05,115.10000000000596,147.45,0.2575122569564596,0.002540855004729816,-0.005378782239697122,209.33333333333334,overripe
1763614574.5524457,1763614544.5744283,0.251,0.3,2,2,0,108.05,115.10000000000596,147.45,0.25737400487488077,0.0025396779890021213,-0.00580726751649957,209.33333333333334,overripe
1763614574.5790725,1763614544.5744283,0.25,0.3,2,3,0,108.1,115.10000000000596,147.6,0.2571774241840923,0.002538383103587148,-0.006394055504901686,209.33333333333334,overripe
1763614574.589143,1763614544.5744283,0.251,0.3,2,3,0,108.1,115.10000000000596,147.8,0.25700764101481033,0.0025371453436550447,-0.0061159566752150285,209.33333333333334,overripe
1763614574.5992062,1763614544.5744283,0.252,0.3,2,2,0,108.15,115.10000000000596,148.05,0.25679957131139264,0.0025360627110933664,-0.005353729141594987,209.33333333333334,overripe
1763614574.6092997,1763614544.5744283,0.255,0.3,3,3,0,108.2,115.10000000000596,148.3,0.2565852335727548,0.0025353833673637154,-0.0033623124878559563,209.33333333333334,overripe
1763614574.6193347,1763614544.5744283,0.258,0.3,2,4,0,108.2,115.10000000000596,148.4,0.2564641362171916,0.002535211196992031,-0.000852675674742176,209.33333333333334,overripe
1763614574.629396,1763614544.5744283,0.258,0.3,1,4,0,108.25,115.10000000000596,148.55,0.2563571594967973,0.002535301702616203,0.00044857077442739257,209.33333333333334,overripe
1763614574.6394732,1763614544.5744283,0.257,0.3,3,3,0,108.2,115.10000000000596,148.75,0.25638491174775185,0.0025354061724440313,0.0005179533878604814,209.33333333333334,overripe
1763614574.6501713,1763614544.5744283,0.257,0.3,3,3,0,108.2,115.10000000000596,148.89999999999998,0.25640477696819736,0.002535516391528507,0.000546655599608814,209.33333333333334,overripe
1763614574.662258,1763614544.5744283,0.256,0.3,3,2,0,108.2,115.10000000000596,148.95,0.2564205738919374,0.002535527505434636,5.514239196569015e-05,209.33333333333334,overripe
1763614574.672324,1763614544.5744283,0.255,0.3,3,1,0,108.2,115.10000000000596,149.2,0.2564240231204411,0.0025353892611590404,-0.0006861649784895563,209.33333333333334,overripe
1763614574.6823905,1763614544.5744283,0.255,0.3,3,2,0,108.25,115.10000000000596,149.39999999999998,0.25634781997915446,0.0025351921602018825,-0.000978890908178709,209.33333333333334,overripe
1763614574.692465,1763614544.5744283,0.255,0.3,2,2,0,108.2,115.10000000000596,149.60000000000002,0.2563601626610031,0.002534955488041755,-0.0011756981255152121,209.33333333333334,overripe
1763614574.702533,1763614544.5744283,0.254,0.3,3,2,0,108.25,115.10000000000596,149.75,0.2562889904060465,0.0025346141065657407,-0.0016967581383025565,209.33333333333334,overripe
1763614574.7128887,1763614544.5744283,0.254,0.3,2,3,0,108.25,115.10000000000596,149.89999999999998,0.25623085933604883,0.0025342250106044632,-0.0019347432021768474,209.33333333333334,overripe
1763614574.7229555,1763614544.5744283,0.252,0.3,2,2,0,108.25,115.10000000000596,150.2,0.25617971804121237,0.002533615542374906,-0.0030316599742764017,209.33333333333334,overripe
1763614574.7364984,1763614544.5744283,0.252,0.3,2,3,0,108.25,115.10000000000596,150.5,0.2561122062649945,0.002532904491511171,-0.003538177231526496,209.33333333333334,overripe
1763614574.7646184,1763614544.5744283,0.253,0.3,4,2,0,108.2,115.10000000000596,150.60000000000002,0.2561007017293392,0.0025322386142681286,-0.0033136872126051653,209.33333333333334,overripe
1763614574.7746859,1763614544.5744283,0.254,0.3,3,2,0,108.2,115.10000000000596,150.7,0.2560635535359266,0.0025317021848315006,-0.002670046277559568,209.33333333333334,overripe
1763614574.78475,1763614544.5744283,0.251,0.3,1,2,0,108.25,115.10000000000596,150.89999999999998,0.2559611024409643,0.0025309462784385553,-0.0037643488117808377,209.33333333333334,overripe
1763614574.8007352,1763614544.5744283,0.249,0.3,2,3,0,108.25,115.10000000000596,151.0,0.2558605824109468,0.002529890006890706,-0.005262205596355041,209.33333333333334,overripe
1763614574.8108385,1763614544.5744283,0.249,0.3,2,4,0,108.3,115.10000000000596,151.1,0.2556785106342578,0.0025287105407274923,-0.005879322226961914,209.33333333333334,overripe
1763614574.8209705,1763614544.5744283,0.247,0.3,2,2,0,108.3,115.10000000000596,151.35000000000002,0.25552168254990426,0.00252728235393577,-0.007122088346256328,209.33333333333334,overripe
1763614574.8310528,1763614544.5744283,0.246,0.3,2,2,0,108.3,115.10000000000596,151.55,0.2553585636593641,0.0025256468287950763,-0.008158766557540137,209.33333333333334,overripe
1763614574.8461933,1763614544.5744283,0.247,0.3,2,4,0,108.25,115.10000000000596,151.75,0.25524705460579544,0.002524013717318085,-0.008147156054883475,209.33333333333334,overripe
1763614574.978916,1763614544.5744283,0.246,0.3,2,3,0,108.25,115.10000000000596,151.9,0.25510886446605907,0.0025222983373793606,-0.00855891519060309,209.33333333333334,overripe
1763614574.994057,1763614544.5744283,0.246,0.3,2,3,0,108.25,115.10000000000596,152.0,0.25494890499948053,0.0025205602649847926,-0.008673930361752541,209.33333333333334,overripe
1763614575.1323378,1763614544.5744283,0.245,0.3,1,3,0,108.25,115.10000000000596,152.05,0.2547799287735025,0.0025187287316310275,-0.009142441454638495,209.33333333333334,overripe
1763614575.2802806,1763614544.5744283,0.244,0.3,2,4,0,108.25,115.10000000000596,152.05,0.25459814605228304,0.002516770058483071,-0.00977940239285105,209.33333333333334,overripe
1763614575.4111063,1763614544.5744283,0.244,0.3,2,3,0,108.25,115.10000000000596,152.1,0.2544018330958025,0.002514769190829926,-0.009992461266086494,209.33333333333334,overripe
1763614575.5331182,1763614544.5744283,0.246,0.3,3,3,0,108.25,115.10000000000596,152.14999999999998,0.25420041621374845,0.002512968333846482,-0.008995730298890448,209.33333333333334,overripe
1763614575.7485673,1763614544.5744283,0.244,0.3,1,2,0,108.25,115.10000000000596,152.25,0.25401879796605226,0.0025110836933734905,-0.009416455008623259,209.33333333333334,overripe
1763614575.89955,1763614544.5744283,0.246,0.3,3,3,0,108.25,115.10000000000596,152.14999999999998,0.2538285012716993,0.0025093773983756494,-0.008527329792984817,209.33333333333334,overripe
1763614575.972557,1763614544.5744283,0.246,0.3,1,4,0,108.3,115.10000000000596,152.1,0.25359339328836145,0.0025077888009928996,-0.0079428075490042,209.33333333333334,overripe
1763614576.1480672,1763614544.5744283,0.248,0.3,1,4,0,108.35,115.10000000000596,152.0,0.25333886238540765,0.002506486797474893,-0.006513569515729012,209.33333333333334,overripe
1763614576.2466886,1763614544.5744283,0.246,0.3,1,2,0,108.35,115.10000000000596,152.0,0.2531603623485396,0.0025051384907392943,-0.006747715913700297,209.33333333333334,overripe
1763614576.3919659,1763614544.5744283,0.246,0.3,2,3,0,108.3,115.10000000000596,151.95,0.2530633363771541,0.002503768390339927,-0.006857013159734471,209.33333333333334,overripe
1763614576.5520663,1763614544.5744283,0.246,0.3,2,3,0,108.35,115.10000000000596,151.85,0.25288190496645097,0.0025024143997732,-0.006778743357741146,209.33333333333334,overripe
1763614576.7159607,1763614544.5744283,0.245,0.3,2,2,0,108.35,115.10000000000596,151.85,0.25272364934397784,0.0025009822122072137,-0.007172068539622933,209.33333333333334,overripe
1763614576.851962,1763614544.5744283,0.247,0.3,2,4,0,108.3,115.10000000000596,151.89999999999998,0.25263078973513653,0.002499713147192942,-0.006354999332959077,209.33333333333334,overripe
1763614577.0042362,1763614544.5744283,0.247,0.3,2,2,0,108.3,115.10000000000596,152.0,0.252528474889512,0.0024985369110659926,-0.0058905796884232975,209.33333333333334,overripe
1763614577.0544407,1763614544.5744283,0.248,0.3,2,4,0,108.35,115.10000000000596,151.95,0.2523601168724486,0.002497530648961645,-0.005041169271904233,209.33333333333334,overripe
1763614577.0752337,1763614544.5744283,0.247,0.3,2,3,0,108.3,115.10000000000596,151.85,0.252296163894753,0.002496505338269623,-0.005136690094480839,209.33333333333334,overripe
1763614577.0944972,1763614544.5744283,0.246,0.3,2,3,0,108.3,115.10000000000596,151.7,0.25221142240876776,0.002495381327384531,-0.00563168550863169,209.33333333333334,overripe
1763614577.1153264,1763614544.5744283,0.246,0.3,3,2,0,108.25,115.10000000000596,151.64999999999998,0.2521696654158263,0.0024942076677634474,-0.005879796965758272,209.33333333333334,overripe
1763614577.1323738,1763614544.5744283,0.247,0.3,2,3,0,108.2,115.10000000000596,151.64999999999998,0.25214929861206575,0.002493108725215615,-0.005504364387031724,209.33333333333334,overripe
1763614577.2923539,1763614544.5744283,0.246,0.3,2,3,0,108.2,115.10000000000596,151.55,0.25208729895774074,0.0024919577763792746,-0.005764831845223722,209.33333333333334,overripe
1763614577.3991349,1763614544.5744283,0.245,0.3,2,2,0,108.2,115.10000000000596,151.64999999999998,0.2519954593911081,0.002490693266733602,-0.006334225834849605,209.33333333333334,overripe
1763614577.490443,1763614544.5744283,0.244,0.3,2,3,0,108.2,115.10000000000596,151.64999999999998,0.25187985007113023,0.0024892862171807446,-0.007049233293000973,209.33333333333334,overripe
1763614577.515722,1763614544.5744283,0.245,0.3,2,3,0,108.2,115.10000000000596,151.6,0.25174368507557665,0.002487923472340371,-0.006828376686512039,209.33333333333334,overripe
1763614577.5555565,1763614544.5744283,0.245,0.3,1,3,0,108.2,115.10000000000596,151.5,0.2516089316689881,0.0024865962984055717,-0.006651277474455819,209.33333333333334,overripe
1763614577.5947883,1763614544.5744283,0.245,0.3,2,3,0,108.25,115.10000000000596,151.4,0.251414077137857,0.0024853127574719935,-0.0064352500405908675,209.33333333333334,overripe
1763614577.6048527,1763614544.5744283,0.245,0.3,2,3,0,108.2,115.10000000000596,151.35,0.2513161323910989,0.002484050920178552,-0.006326718842465828,209.33333333333334,overripe
1763614577.6149235,1763614544.5744283,0.245,0.3,1,3,0,108.15,115.10000000000596,151.3,0.25126654350706307,0.002482799866341684,-0.006271836732746533,209.33333333333334,overripe
1763614577.6250098,1763614544.5744283,0.242,0.3,1,2,0,108.15,115.10000000000596,151.3,0.25117898173679215,0.0024812676418603783,-0.007681628349633873,209.33333333333334,overripe
1763614577.6350965,1763614544.5744283,0.24,0.3,1,3,0,108.1,115.10000000000596,151.3,0.25110548224644974,0.0024794010298138922,-0.009356805552870606,209.33333333333334,overripe
1763614577.6451936,1763614544.5744283,0.238,0.3,2,1,0,108.15,115.10000000000596,151.3,0.25089532053680796,0.0024772030206945458,-0.011020982190018402,209.33333333333334,overripe
1763614577.660337,1763614544.5744283,0.236,0.3,1,3,0,108.15,115.10000000000596,151.3,0.25066227938891095,0.002474665706577042,-0.012725110215516172,209.33333333333334,overripe
1763614577.6767714,1763614544.5744283,0.233,0.3,1,2,0,108.15,115.10000000000596,151.3,0.25040022984390925,0.002471689007124569,-0.014931645257211856,209.33333333333334,overripe
1763614577.6868362,1763614544.5744283,0.233,0.3,2,3,0,108.1,115.10000000000596,151.35,0.2501581741223063,0.002468514325388216,-0.015923881828957598,209.33333333333334,overripe
1763614577.696914,1763614544.5744283,0.233,0.3,1,3,0,108.15,115.10000000000596,151.35,0.2498046871480498,0.002465288051241744,-0.016187541001375455,209.33333333333334,overripe
1763614577.707072,1763614544.5744283,0.232,0.3,1,3,0,108.15,115.10000000000596,151.3,0.24946213128486433,0.0024619696631824946,-0.016653558211527142,209.33333333333334,overripe
1763614577.7171588,1763614544.5744283,0.234,0.3,3,3,0,108.15,115.10000000000596,151.3,0.24911832058849248,0.0024588390920538624,-0.015714034051823866,209.33333333333334,overripe
1763614577.7273235,1763614544.5744283,0.234,0.3,2,3,0,108.1,115.10000000000596,151.3,0.24885901309146044,0.0024558193293680846,-0.015156869823126112,209.33333333333334,overripe
1763614577.7374232,1763614544.5744283,0.235,0.3,3,3,0,108.1,115.10000000000596,151.3,0.24858207989933243,0.0024529841818298026,-0.014231008265165268,209.33333333333334,overripe
1763614577.7475111,1763614544.5744283,0.235,0.3,2,2,0,108.1,115.10000000000596,151.3,0.24830943346676745,0.0024502682921775628,-0.013633897649683896,209.33333333333334,overripe
1763614577.757622,1763614544.5744283,0.232,0.3,1,1,0,108.05,115.10000000000596,151.3,0.24810292548247792,0.002447326759875889,-0.01476515757393615,209.33333333333334,overripe
1763614577.7677066,1763614544.5744283,0.229,0.3,1,2,0,108.1,115.10000000000596,151.25,0.24777806253770307,0.002444018775425972,-0.016609178583432194,209.33333333333334,overripe
1763614577.7866507,1763614544.5744283,0.232,0.3,3,5,0,108.15,115.10000000000596,151.1,0.24736855707704972,0.002440876541770865,-0.01578411509991426,209.33333333333334,overripe
1763614577.7967181,1763614544.5744283,0.234,0.3,1,4,0,108.15,115.10000000000596,151.0,0.2470132721266451,0.0024380463081195318,-0.014221051138077367,209.33333333333334,overripe
1763614577.806803,1763614544.5744283,0.235,0.3,2,4,0,108.15,115.10000000000596,150.95,0.24670825436967583,0.0024354970133019013,-0.01281214387539198,209.33333333333334,overripe
1763614577.8168814,1763614544.5744283,0.233,0.3,1,3,0,108.15,115.10000000000596,150.85,0.24644099745036624,0.0024329121852563,-0.012992942203224306,209.33333333333334,overripe
1763614577.8286502,1763614544.5744283,0.232,0.3,0,3,0,108.15,115.10000000000596,150.8,0.2461748053415613,0.0024302366719268324,-0.013450777717990331,209.33333333333334,overripe
1763614577.8387253,1763614544.5744283,0.233,0.3,1,4,0,108.15,115.10000000000596,150.8,0.2459017650677423,0.0024276432690228437,-0.0130397512559568,209.33333333333334,overripe
1763614577.8488336,1763614544.5744283,0.232,0.3,2,3,0,108.1,115.10000000000596,150.8,0.24569888685561078,0.0024250042082705195,-0.013267879949718037,209.33333333333334,overripe
1763614577.8589542,1763614544.5744283,0.232,0.3,3,2,0,108.15,115.10000000000596,150.75,0.2454008998984931,0.002422382214371241,-0.013185396445546699,209.33333333333334,overripe
1763614577.8691735,1763614544.5744283,0.232,0.3,2,3,0,108.15,115.10000000000596,150.65,0.2451201357365746,0.002419795100667049,-0.013012384010101408,209.33333333333334,overripe
1763614577.9351025,1763614544.5744283,0.232,0.3,1,3,0,108.1,115.10000000000596,150.75,0.2449111352472883,0.0024172386026847935,-0.012857259384051689,209.33333333333334,overripe
1763614577.945199,1763614544.5744283,0.229,0.3,0,3,0,108.15,115.10000000000596,150.7,0.24461832374377238,0.0024144374382097013,-0.01409138581215405,209.33333333333334,overripe
1763614577.9552832,1763614544.5744283,0.229,0.3,2,3,0,108.15,115.10000000000596,150.7,0.24431784061647846,0.0024115447694212557,-0.014554371650669279,209.33333333333334,overripe
1763614577.9653814,1763614544.5744283,0.228,0.3,1,4,0,108.1,115.10000000000596,150.64999999999998,0.2440769229275641,0.0024085244604223227,-0.015195188444659502,209.33333333333334,overripe
1763614577.975483,1763614544.5744283,0.23,0.3,2,3,0,108.1,115.10000000000596,150.7,0.2437970956951359,0.0024056709544321405,-0.014356228453683617,209.33333333333334,overripe
1763614577.985579,1763614544.5744283,0.229,0.3,2,3,0,108.15,115.10000000000596,150.8,0.24346103124347704,0.0024028412965626717,-0.0142405976227509,209.33333333333334,overripe
1763614578.005705,1763614544.5744283,0.23,0.3,2,4,0,108.2,115.10000000000596,150.75,0.2430910056360314,0.002400163792795486,-0.013480788825668305,209.33333333333334,overripe
1763614578.2557273,1763614544.5744283,0.231,0.3,3,3,0,108.2,115.10000000000596,150.7,0.2427783462240518,0.0023976870461049245,-0.012473237818870275,209.33333333333334,overripe
1763614578.3211668,1763614544.5744283,0.233,0.3,2,3,0,108.2,115.10000000000596,150.5,0.24250695236185676,0.0023955321052246304,-0.010854398159265977,209.33333333333334,overripe
1763614578.40246,1763614544.5744283,0.234,0.3,3,3,0,108.2,115.10000000000596,150.45,0.24227857207980344,0.0023936557535152066,-0.009452294978508052,209.33333333333334,overripe
1763614578.589422,1763614544.5744283,0.233,0.3,3,1,0,108.25,115.10000000000596,150.5,0.24202375231450712,0.0023918478330230853,-0.00911061376385941,209.33333333333334,overripe
1763614578.6940365,1763614544.5744283,0.233,0.3,1,3,0,108.25,115.10000000000596,150.55,0.2418084521704338,0.002390091595217248,-0.008851882895109936,209.33333333333334,overripe
1763614578.7322462,1763614544.5744283,0.232,0.3,2,3,0,108.25,115.10000000000596,150.65,0.24161466367585585,0.0023882791344811832,-0.009136379038193893,209.33333333333334,overripe
1763614578.7423186,1763614544.5744283,0.233,0.3,1,4,0,108.25,115.10000000000596,150.7,0.24142332881654208,0.002386556527769008,-0.008684186497711105,209.33333333333334,overripe
1763614578.7524002,1763614544.5744283,0.23,0.3,2,1,0,108.25,115.10000000000596,150.7,0.2412451425758418,0.0023845977292293106,-0.00987557141642631,209.33333333333334,overripe
1763614578.7718308,1763614544.5744283,0.231,0.3,3,3,0,108.3,115.10000000000596,150.7,0.24098549730312044,0.002382654353297531,-0.009800711723412708,209.33333333333334,overripe
1763614578.7852323,1763614544.5744283,0.23,0.3,3,1,0,108.3,115.10000000000596,150.65,0.2407583064074161,0.0023806388877279446,-0.010165913617562222,209.33333333333334,overripe
1763614578.7960248,1763614544.5744283,0.23,0.3,3,2,0,108.3,115.10000000000596,150.60000000000002,0.24053926672184006,0.002378608317267317,-0.010243070326913128,209.33333333333334,overripe
1763614578.8177762,1763614544.5744283,0.229,0.3,2,2,0,108.3,115.10000000000596,150.55,0.2403264126426812,0.0023764915931124087,-0.010678314445217746,209.33333333333334,overripe
1763614578.8278418,1763614544.5744283,0.228,0.3,2,2,0,108.3,115.10000000000596,150.4,0.24010870669844395,0.0023742547729479406,-0.011284657599712228,209.33333333333334,overripe
1763614578.8384445,1763614544.5744283,0.227,0.3,1,2,0,108.3,115.10000000000596,150.25,0.23988079179045493,0.0023718824321531835,-0.011968767241089057,209.33333333333334,overripe
1763614578.958709,1763614544.5744283,0.227,0.3,2,3,0,108.3,115.10000000000596,150.3,0.2396401463855086,0.002369467475519801,-0.012184134110825667,209.33333333333334,overripe
1763614578.9687793,1763614544.5744283,0.229,0.3,2,5,0,108.35,115.10000000000596,150.3,0.23933643909725136,0.002367266311378391,-0.011108432959909903,209.33333333333334,overripe
1763614578.9788852,1763614544.5744283,0.228,0.3,1,2,0,108.35,115.10000000000596,150.35,0.23908427287105496,0.002365092817760455,-0.01097026980238422,209.33333333333334,overripe
1763614578.988961,1763614544.5744283,0.227,0.3,1,3,0,108.3,115.10000000000596,150.3,0.23890898493673296,0.002362843319341237,-0.01135198340239757,209.33333333333334,overripe
1763614578.999031,1763614544.5744283,0.225,0.3,1,2,0,108.25,115.10000000000596,150.2,0.23876291577052336,0.002360368653769606,-0.012484415003355648,209.33333333333334,overripe
1763614579.009112,1763614544.5744283,0.226,0.3,2,3,0,108.2,115.10000000000596,150.1,0.23861240159052527,0.0023578953044766826,-0.012473151206941424,209.33333333333334,overripe
1763614579.0192242,1763614544.5744283,0.226,0.3,2,1,0,108.15,115.10000000000596,150.1,0.2384710372016027,0.0023554352170506677,-0.012401412009810792,209.33333333333334,overripe
1763614579.0293167,1763614544.5744283,0.223,0.3,0,1,0,108.15,115.10000000000596,150.1,0.23827650872329334,0.0023527088302939024,-0.013741696127397368,209.33333333333334,overripe
1763614579.039385,1763614544.5744283,0.223,0.3,1,2,0,108.1,115.10000000000596,150.1,0.23808663195139965,0.00234986707596762,-0.014319225653451645,209.33333333333334,overripe
1763614579.0494907,1763614544.5744283,0.222,0.3,2,1,0,108.15,115.10000000000596,150.0,0.23778321955562287,0.0023469105938352013,-0.014899516406648883,209.33333333333334,overripe
1763614579.059589,1763614544.5744283,0.223,0.3,2,2,0,108.2,115.10000000000596,149.95,0.23741747215222533,0.0023440392241946403,-0.014475620577738352,209.33333333333334,overripe
1763614579.0696626,1763614544.5744283,0.222,0.3,3,1,0,108.2,115.10000000000596,149.95,0.23709374985835313,0.0023411392381808603,-0.014622824071109652,209.33333333333334,overripe
1763614579.0797758,1763614544.5744283,0.222,0.3,2,2,0,108.25,115.10000000000596,149.95,0.23672529073165705,0.002338266673942835,-0.014489827838035318,209.33333333333334,overripe
1763614579.0898833,1763614544.5744283,0.222,0.3,1,3,0,108.25,115.10000000000596,149.95,0.23639730990010882,0.0023354363519373206,-0.01427957845329797,209.33333333333334,overripe
1763614579.0999641,1763614544.5744283,0.221,0.3,2,3,0,108.3,115.10000000000596,149.89999999999998,0.23603404276278106,0.002332568271327993,-0.01447517703937562,209.33333333333334,overripe
1763614579.1100626,1763614544.5744283,0.22,0.3,1,3,0,108.3,115.10000000000596,149.8,0.23570566199274456,0.002329611358179666,-0.014926229131041857,209.33333333333334,overripe
1763614579.1201777,1763614544.5744283,0.218,0.3,1,3,0,108.25,115.10000000000596,149.7,0.23544587391688662,0.0023264301559799416,-0.016056157486035255,209.33333333333334,overripe
1763614579.1302648,1763614544.5744283,0.218,0.3,1,3,0,108.25,115.10000000000596,149.6,0.23514383779746945,0.0023231709440726576,-0.016448979582043777,209.33333333333334,overripe
1763614579.140332,1763614544.5744283,0.22,0.3,2,2,0,108.2,115.10000000000596,149.45,0.23488221727877334,0.002320092100785439,-0.01553478817106052,209.33333333333334,overripe
1763614579.1504033,1763614544.5744283,0.223,0.3,4,2,0,108.2,115.10000000000596,149.45,0.2346047906231938,0.002317429924654619,-0.013431076069337383,209.33333333333334,overripe
1763614579.160485,1763614544.5744283,0.218,0.3,1,2,0,108.25,115.10000000000596,149.45,0.23429456813843974,0.002314515321074339,-0.014707710861511514,209.33333333333334,overripe
1763614579.1705892,1763614544.5744283,0.218,0.3,2,3,0,108.25,115.10000000000596,149.35000000000002,0.23397941119991045,0.00231150629748984,-0.01518598256144632,209.33333333333334,overripe
1763614579.1807215,1763614544.5744283,0.216,0.3,2,2,0,108.3,115.10000000000596,149.3,0.23360720434359883,0.002308295269781121,-0.016210490024366753,209.33333333333334,overripe
1763614579.1908295,1763614544.5744283,0.217,0.3,3,2,0,108.25,115.10000000000596,149.3,0.23330643460525716,0.0023051042766601536,-0.016108077445641106,209.33333333333334,overripe
1763614579.2268124,1763614544.5744283,0.22,0.3,3,3,0,108.3,115.10000000000596,149.2,0.23293813998089744,0.0023022643430552245,-0.014338961401089395,209.33333333333334,overripe
1763614579.239626,1763614544.5744283,0.222,0.3,3,4,0,108.3,115.10000000000596,149.10000000000002,0.23262829821232095,0.0022998228195205937,-0.012328708922416942,209.33333333333334,overripe
1763614579.2496967,1763614544.5744283,0.223,0.3,3,3,0,108.35,115.10000000000596,148.95,0.23231268655122164,0.002297711809702352,-0.01066289190626965,209.33333333333334,overripe
1763614579.2651074,1763614544.5744283,0.224,0.3,3,3,0,108.3,115.10000000000596,148.85000000000002,0.23212246483106272,0.002295870924710867,-0.009297567508586707,209.33333333333334,overripe
1763614579.2751763,1763614544.5744283,0.225,0.3,3,3,0,108.3,115.10000000000596,148.8,0.23194799247629458,0.002294279843736538,-0.008035543815056584,209.33333333333334,overripe
1763614579.2852437,1763614544.5744283,0.226,0.3,3,2,0,108.35,115.10000000000596,148.8,0.23173563722576382,0.0022929377759687893,-0.006779412895144804,209.33333333333334,overripe
1763614579.2953112,1763614544.5744283,0.228,0.3,2,3,0,108.4,115.10000000000596,148.75,0.23151696670648106,0.002291940612050142,-0.005038854541171561,209.33333333333334,overripe
1763614579.305413,1763614544.5744283,0.228,0.3,2,3,0,108.35,115.10000000000596,148.75,0.23143204314510005,0.0022911107713338976,-0.00419298706244528,209.33333333333334,overripe
1763614579.3154957,1763614544.5744283,0.228,0.3,1,4,0,108.3,115.10000000000596,148.75,0.23141340351664577,0.0022903597047085928,-0.00379387547531837,209.33333333333334,overripe
1763614579.32558,1763614544.5744283,0.228,0.3,1,4,0,108.3,115.10000000000596,148.65,0.2313701088049361,0.002289654771482444,-0.00356034478427239,209.33333333333334,overripe
1763614579.3356695,1763614544.5744283,0.229,0.3,3,3,0,108.3,115.10000000000596,148.75,0.23131517541011537,0.0022890785075355296,-0.0029102933997834923,209.33333333333334,overripe
1763614579.3500316,1763614544.5744283,0.228,0.3,2,3,0,108.3,115.10000000000596,148.7,0.23126509475882123,0.002288472056880813,-0.0030626537536552756,209.33333333333334,overripe
1763614579.3613374,1763614544.5744283,0.226,0.3,2,2,0,108.25,115.10000000000596,148.8,0.23126510446658016,0.00228764734104616,-0.004163883963997195,209.33333333333334,overripe
1763614579.3714237,1763614544.5744283,0.228,0.3,3,4,0,108.25,115.10000000000596,148.85,0.23121239012438582,0.00228692199312235,-0.0036617798730943507,209.33333333333334,overripe
1763614579.3815382,1763614544.5744283,0.227,0.3,2,3,0,108.3,115.10000000000596,148.95,0.2310972156441701,0.0022861650727240925,-0.0038219105185243463,209.33333333333334,overripe
1763614579.3916059,1763614544.5744283,0.228,0.3,2,3,0,108.3,115.10000000000596,149.0,0.23099980272244988,0.0022854992733641,-0.0033621501596270142,209.33333333333334,overripe
1763614579.401727,1763614544.5744283,0.229,0.3,2,3,0,108.3,115.10000000000596,149.0,0.23092206930935902,0.0022849837859203414,-0.0026032430279475938,209.33333333333334,overripe
1763614579.417878,1763614544.5744283,0.228,0.3,2,2,0,108.35,115.10000000000596,148.9,0.2308076324251983,0.0022844595321663006,-0.0026482192844926034,209.33333333333334,overripe
1763614579.4346023,1763614544.5744283,0.227,0.3,1,3,0,108.35,115.10000000000596,148.75,0.23072350782545906,0.002283837249255806,-0.003143801255106188,209.33333333333334,overripe
1763614579.6090555,1763614544.5744283,0.23,0.3,2,4,0,108.3,115.10000000000596,148.8,0.23070217460776676,0.002283458656352902,-0.001912321322590338,209.33333333333334,overripe
1763614579.619141,1763614544.5744283,0.228,0.3,1,3,0,108.3,115.10000000000596,148.95,0.23068468528352024,0.0022830053002607046,-0.0022897586409320325,209.33333333333334,overripe
1763614579.6350439,1763614544.5744283,0.226,0.3,1,1,0,108.3,115.10000000000596,149.0,0.23064926041494346,0.002282321840649296,-0.0034517970936493725,209.33333333333334,overripe
1763614579.675165,1763614544.5744283,0.226,0.3,2,3,0,108.35,115.10000000000596,149.0,0.23052833926320615,0.0022815439450333836,-0.003929607602559115,209.33333333333334,overripe
1763614579.6852427,1763614544.5744283,0.226,0.3,2,2,0,108.4,115.10000000000596,149.05,0.23036680130490333,0.0022807390395448587,-0.004067435474579828,209.33333333333334,overripe
1763614579.69537,1763614544.5744283,0.226,0.3,2,2,0,108.35,115.10000000000596,149.1,0.23030108045907405,0.0022799174498477036,-0.004151397543912305,209.33333333333334,overripe
1763614579.7054653,1763614544.5744283,0.229,0.3,3,3,0,108.3,115.10000000000596,149.05,0.23028288943870895,0.0022793813554410807,-0.002708047981128059,209.33333333333334,overripe
1763614579.715534,1763614544.5744283,0.23,0.3,3,3,0,108.3,115.10000000000596,149.05,0.23026111877090635,0.002279089576390576,-0.0014736980421159174,209.33333333333334,overripe
1763614579.7256222,1763614544.5744283,0.229,0.3,3,3,0,108.3,115.10000000000596,149.05,0.23024783018670578,0.0022788214549017563,-0.0013541198223105677,209.33333333333334,overripe
1763614579.7357078,1763614544.5744283,0.23,0.3,2,2,0,108.3,115.10000000000596,149.05,0.23022883527173033,0.0022786666148517285,-0.00078198008953273,209.33333333333334,overripe
1763614579.7457829,1763614544.5744283,0.231,0.3,2,3,0,108.25,115.10000000000596,149.10000000000002,0.23027420439989754,0.0022786565580161827,-5.0776808798724815e-05,209.33333333333334,overripe
1763614579.7558765,1763614544.5744283,0.232,0.3,1,3,0,108.3,115.10000000000596,149.15,0.2302467278344751,0.002278827855302684,0.0008649859610742883,209.33333333333334,overripe
1763614579.7659817,1763614544.5744283,0.232,0.3,2,3,0,108.35,115.10000000000596,149.2,0.23019383474038937,0.0022790975012814425,0.0013620221573853175,209.33333333333334,overripe
1763614579.776083,1763614544.5744283,0.235,0.3,3,3,0,108.35,115.10000000000596,149.25,0.2301859677339794,0.0022797095428564013,0.003091960714907943,209.33333333333334,overripe
1763614579.786194,1763614544.5744283,0.24,0.3,3,3,0,108.4,115.10000000000596,149.35000000000002,0.23017323317598656,0.0022809890211308317,0.006465731048457102,209.33333333333334,overripe
1763614579.7962914,1763614544.5744283,0.242,0.3,2,3,0,108.35,115.10000000000596,149.45,0.23032214583728727,0.0022827696513202794,0.008997336274934542,209.33333333333334,overripe
1763614579.8063872,1763614544.5744283,0.242,0.3,1,2,0,108.35,115.10000000000596,149.5,0.2305118165153266,0.0022847781059091277,0.010147924540784309,209.33333333333334,overripe
1763614579.8215978,1763614544.5744283,0.244,0.3,3,3,0,108.35,115.10000000000596,149.55,0.23071956866524068,0.0022870760714225045,0.011610301862814754,209.33333333333334,overripe
1763614579.886136,1763614544.5744283,0.246,0.3,3,3,0,108.4,115.10000000000596,149.5,0.23089691569466644,0.002289701578052775,0.013268019569361272,209.33333333333334,overripe
1763614579.8962128,1763614544.5744283,0.246,0.3,2,2,0,108.4,115.10000000000596,149.45,0.2311345961205479,0.0022924613631402028,0.013947871511465953,209.33333333333334,overripe
1763614579.9062805,1763614544.5744283,0.246,0.3,1,3,0,108.4,115.10000000000596,149.55,0.23139947517687998,0.0022952594266732983,0.01414175863912695,209.33333333333334,overripe
1763614579.916365,1763614544.5744283,0.245,0.3,2,2,0,108.4,115.10000000000596,149.6,0.23167504729332883,0.002297949421902551,0.013595569614674619,209.33333333333334,overripe
1763614579.9281404,1763614544.5744283,0.245,0.3,0,4,0,108.4,115.10000000000596,149.64999999999998,0.23194313025259822,0.0023005596411936266,0.013192178201403504,209.33333333333334,overripe
1763614579.939072,1763614544.5744283,0.246,0.3,3,2,0,108.4,115.10000000000596,149.6,0.2322048727031385,0.0023032036739207814,0.01336278152386236,209.33333333333334,overripe
1763614579.949146,1763614544.5744283,0.247,0.3,2,3,0,108.35,115.10000000000596,149.5,0.232528465027076,0.0023059261002462334,0.013755362086424444,209.33333333333334,overripe
1763614579.9643598,1763614544.5744283,0.247,0.3,1,3,0,108.4,115.10000000000596,149.45,0.23277406269358034,0.002308670509734138,0.013867850863169884,209.33333333333334,overripe
1763614580.0853622,1763614544.5744283,0.25,0.3,5,4,0,108.4,115.10000000000596,149.45,0.23303645501250692,0.0023116951578021944,0.015284501765868208,209.33333333333334,overripe
1763614580.0989618,1763614544.5744283,0.254,0.3,4,3,0,108.4,115.10000000000596,149.5,0.23333442996916495,0.0023152227341944874,0.017826048420022583,209.33333333333334,overripe
1763614580.1090639,1763614544.5744283,0.253,0.3,2,2,0,108.35,115.10000000000596,149.45,0.23374470015478632,0.002318852034744848,0.018335539039807447,209.33333333333334,overripe
1763614580.1191313,1763614544.5744283,0.254,0.3,2,3,0,108.4,115.10000000000596,149.45,0.23408028970932637,0.0023226044925805504,0.018959829887970514,209.33333333333334,overripe
1763614580.1292074,1763614544.5744283,0.254,0.3,3,2,0,108.4,115.10000000000596,149.45,0.23444365055958144,0.0023263798640855986,0.019076409239067005,209.33333333333334,overripe
1763614580.1466343,1763614544.5744283,0.25,0.3,1,1,0,108.45,115.10000000000596,149.45,0.23475884588576634,0.0023297437037719175,0.01700118401355788,209.33333333333334,overripe
1763614580.438216,1763614544.5744283,0.247,0.3,2,2,0,108.5,115.10000000000596,149.45,0.23500705999230115,0.0023325865605556763,0.014372954957360962,209.33333333333334,overripe
1763614580.6996644,1763614544.5744283,0.246,0.3,1,4,0,108.55,115.10000000000596,149.45,0.23518983745509958,0.002335058065345823,0.012500170019731471,209.33333333333334,overripe
1763614580.7424324,1763614544.5744283,0.244,0.3,2,2,0,108.55,115.10000000000596,149.45,0.23538698474015854,0.002337125495270714,0.010458018997256985,209.33333333333334,overripe
1763614580.8899329,1763614544.5744283,0.242,0.3,2,2,0,108.6,115.10000000000596,149.55,0.23551091743010355,0.0023387879156670788,0.008411584438604208,209.33333333333334,overripe
1763614581.0249934,1763614544.5744283,0.242,0.3,2,3,0,108.65,115.10000000000596,149.5,0.23557770098781608,0.0023402466851494496,0.00738354994653781,209.33333333333334,overripe
1763614581.2422533,1763614544.5744283,0.242,0.3,1,4,0,108.65,115.10000000000596,149.65,0.23567423733899623,0.002341591282313127,0.006806388128180713,209.33333333333334,overripe
1763614581.37319,1763614544.5744283,0.242,0.3,2,3,0,108.6,115.10000000000596,149.7,0.23584296999637505,0.0023428553781142266,0.0063973427372134295,209.33333333333334,overripe
1763614581.3898785,1763614544.5744283,0.243,0.3,3,3,0,108.65,115.10000000000596,149.65,0.2359283887880592,0.002344177555786408,0.006691767578735047,209.33333333333334,overripe
1763614581.40801,1763614544.5744283,0.242,0.3,2,2,0,108.65,115.10000000000596,149.65,0.23604057196551984,0.002345416324102559,0.00626950621787728,209.33333333333334,overripe
1763614581.4190693,1763614544.5744283,0.241,0.3,2,3,0,108.6,115.10000000000596,149.7,0.23621345537359748,0.0023464918292713556,0.0054415837181010784,209.33333333333334,overripe
1763614581.4291413,1763614544.5744283,0.242,0.3,2,4,0,108.55,115.10000000000596,149.8,0.23640452035432016,0.0023475641230322423,0.00542299919152911,209.33333333333334,overripe
1763614581.4442694,1763614544.5744283,0.243,0.3,2,3,0,108.5,115.10000000000596,149.85,0.23661263380952302,0.0023487117407928865,0.005801125963401599,209.33333333333334,overripe
1763614581.4543338,1763614544.5744283,0.241,0.3,3,2,0,108.5,115.10000000000596,150.0,0.2367783684357411,0.0023496869894528176,0.004928511450721207,209.33333333333334,overripe
1763614581.4727652,1763614544.5744283,0.242,0.3,2,4,0,108.45,115.10000000000596,149.95,0.23696047050319793,0.0023506555837010364,0.004892969440033229,209.33333333333334,overripe
1763614581.482845,1763614544.5744283,0.242,0.3,2,3,0,108.4,115.10000000000596,149.89999999999998,0.2371588272814853,0.0023515998375646754,0.004767892690130282,209.33333333333334,overripe
1763614581.4936912,1763614544.5744283,0.241,0.3,1,3,0,108.4,115.10000000000596,149.89999999999998,0.23730445190075272,0.002352423669175242,0.004158908085055063,209.33333333333334,overripe
1763614581.5040996,1763614544.5744283,0.242,0.3,1,4,0,108.35,115.10000000000596,149.85,0.23747158492745224,0.0023532678402914406,0.004260095065451663,209.33333333333334,overripe
1763614581.5192337,1763614544.5744283,0.242,0.3,1,3,0,108.35,115.10000000000596,149.85,0.2375988163681991,0.0023541135249041355,0.004267023628252847,209.33333333333334,overripe
1763614581.5372992,1763614544.5744283,0.242,0.3,2,4,0,108.35,115.10000000000596,149.89999999999998,0.2377052160553506,0.0023549514791005857,0.0042277039428753604,209.33333333333334,overripe
1763614581.770424,1763614544.5744283,0.244,0.3,2,4,0,108.35,115.10000000000596,149.89999999999998,0.23780033909043402,0.0023559754621448937,0.005166120908678962,209.33333333333334,overripe
1763614581.92876,1763614544.5744283,0.247,0.3,2,3,0,108.3,115.10000000000596,149.89999999999998,0.23796789696655546,0.002357366318662483,0.007015333033001031,209.33333333333334,overripe
1763614582.1766992,1763614544.5744283,0.248,0.3,3,3,0,108.3,115.10000000000596,149.89999999999998,0.23814047951176154,0.0023590221828830226,0.008351135488016692,209.33333333333334,overripe
1763614582.1867807,1763614544.5744283,0.248,0.3,2,2,0,108.25,115.10000000000596,149.95,0.23838279005030022,0.0023607800211944965,0.008863017449588895,209.33333333333334,overripe
1763614582.1968515,1763614544.5744283,0.248,0.3,2,2,0,108.25,115.10000000000596,150.05,0.23859796805108566,0.0023625701687130978,0.009024935698858899,209.33333333333334,overripe
1763614582.2069197,1763614544.5744283,0.246,0.3,1,3,0,108.2,115.10000000000596,150.14999999999998,0.23885674502741788,0.002364148449383947,0.007954706847554394,209.33333333333334,overripe
1763614582.2169864,1763614544.5744283,0.245,0.3,2,3,0,108.2,115.10000000000596,150.1,0.23905526149307546,0.00236550777127493,0.0068504644444106755,209.33333333333334,overripe
1763614582.227059,1763614544.5744283,0.244,0.3,1,4,0,108.15,115.10000000000596,150.15,0.23927133658715516,0.002366635426572579,0.00568152638158792,209.33333333333334,overripe
1763614582.2371223,1763614544.5744283,0.245,0.3,2,3,0,108.2,115.10000000000596,150.2,0.23936556425103048,0.0023677488844035194,0.00561086723334106,209.33333333333334,overripe
1763614582.2471912,1763614544.5744283,0.245,0.3,2,3,0,108.25,115.10000000000596,150.3,0.23940906550834068,0.0023688556625431918,0.005579150233845087,209.33333333333334,overripe
1763614582.2572668,1763614544.5744283,0.244,0.3,0,3,0,108.3,115.10000000000596,150.4,0.23942717920582415,0.0023698603908558686,0.005066928665268727,209.33333333333334,overripe
1763614582.2673666,1763614544.5744283,0.245,0.3,2,4,0,108.35,115.10000000000596,150.45,0.2394225659210397,0.0023709156975528813,0.005324488014506745,209.33333333333334,overripe
1763614582.280771,1763614544.5744283,0.242,0.3,1,2,0,108.35,115.10000000000596,150.39999999999998,0.23947607588772107,0.002371687984690824,0.003897451080052128,209.33333333333334,overripe
1763614582.290878,1763614544.5744283,0.239,0.3,1,2,0,108.35,115.10000000000596,150.39999999999998,0.2395275198181055,0.002372016727137389,0.0016592436657811016,209.33333333333334,overripe
1763614582.3009431,1763614544.5744283,0.238,0.3,2,2,0,108.4,115.10000000000596,150.39999999999998,0.23948813800014426,0.002372037572587891,0.00010524374179901597,209.33333333333334,overripe
1763614582.3110323,1763614544.5744283,0.24,0.3,2,3,0,108.4,115.10000000000596,150.5,0.23945395081600868,0.0023721054488091164,0.0003427400549629589,209.33333333333334,overripe
1763614582.3261216,1763614544.5744283,0.239,0.3,3,2,0,108.4,115.10000000000596,150.55,0.23944265639711698,0.002372096674035765,-4.431096163115544e-05,209.33333333333334,overripe
1763614582.516229,1763614544.5744283,0.237,0.3,1,3,0,108.4,115.10000000000596,150.55,0.2394326974811051,0.0023718524088577257,-0.0012335247633621926,209.33333333333334,overripe
1763614582.6964526,1763614544.5744283,0.238,0.3,2,3,0,108.4,115.10000000000596,150.55,0.2394035059244348,0.002371594205496161,-0.0013039195655633329,209.33333333333334,overripe
1763614582.7065217,1763614544.5744283,0.24,0.3,3,3,0,108.4,115.10000000000596,150.60000000000002,0.23937517628970545,0.002371529772598063,-0.00032538311026972244,209.33333333333334,overripe
1763614582.7165911,1763614544.5744283,0.243,0.3,4,3,0,108.35,115.10000000000596,150.7,0.23942682716855257,0.0023718463027976562,0.0015980694211653046,209.33333333333334,overripe
1763614582.7266645,1763614544.5744283,0.244,0.3,2,3,0,108.35,115.10000000000596,150.85,0.23948786474607137,0.0023724454548495924,0.0030245835487875683,209.33333333333334,overripe
1763614582.736753,1763614544.5744283,0.244,0.3,2,3,0,108.35,115.10000000000596,150.95,0.23956290597675511,0.0023731771206098842,0.0036933181706743645,209.33333333333334,overripe
1763614582.7723422,1763614544.5744283,0.244,0.3,2,3,0,108.3,115.10000000000596,151.1,0.2397033913121395,0.0023739548326889913,0.00392472076157524,209.33333333333334,overripe
1763614582.7824144,1763614544.5744283,0.244,0.3,1,3,0,108.35,115.10000000000596,151.2,0.23975590825845153,0.0023747588884781507,0.004058147778405824,209.33333333333334,overripe
1763614582.7924902,1763614544.5744283,0.24,0.3,2,3,0,108.35,115.10000000000596,151.3,0.23982409086604975,0.002375171562707273,0.002082937152378922,209.33333333333334,overripe
1763614582.8025744,1763614544.5744283,0.24,0.3,2,5,0,108.35,115.10000000000596,151.35,0.23985925399449406,0.0023753883515379077,0.0010942600147202663,209.33333333333334,overripe
1763614582.812664,1763614544.5744283,0.241,0.3,1,4,0,108.35,115.10000000000596,151.45,0.23987789017355612,0.0023756060487260568,0.0010988668310510374,209.33333333333334,overripe
1763614582.8227897,1763614544.5744283,0.242,0.3,1,5,0,108.35,115.10000000000596,151.45,0.23989824587345257,0.002375921066897854,0.001590132628851021,209.33333333333334,overripe
1763614582.8400085,1763614544.5744283,0.241,0.3,1,3,0,108.4,115.10000000000596,151.4,0.23986984534666206,0.002376193268411922,0.0013743439044897332,209.33333333333334,overripe
1763614582.9741006,1763614544.5744283,0.243,0.3,1,3,0,108.35,115.10000000000596,151.5,0.23992662166980447,0.00237662815492774,0.0021954729557714103,209.33333333333334,overripe
1763614583.134144,1763614544.5744283,0.244,0.3,2,3,0,108.35,115.10000000000596,151.64999999999998,0.23998518288834472,0.0023772374675868047,0.0030758644244432143,209.33333333333334,overripe
1763614583.2255332,1763614544.5744283,0.242,0.3,0,3,0,108.35,115.10000000000596,151.75,0.24005403657875513,0.0023777280596066785,0.0024764870776388392,209.33333333333334,overripe
1763614583.2356074,1763614544.5744283,0.244,0.3,2,4,0,108.4,115.10000000000596,151.85000000000002,0.2400477977502235,0.0023783652943336984,0.0032174640779734642,209.33333333333334,overripe
1763614583.2457132,1763614544.5744283,0.243,0.3,1,2,0,108.35,115.10000000000596,151.95,0.24014369311515382,0.0023789573459623526,0.0029889377989446575,209.33333333333334,overripe
1763614583.255783,1763614544.5744283,0.242,0.3,2,2,0,108.35,115.10000000000596,152.05,0.2402192576291872,0.002379422282613812,0.0023470578278620424,209.33333333333334,overripe
1763614583.2658224,1763614544.5744283,0.242,0.3,2,3,0,108.35,115.10000000000596,152.14999999999998,0.24027409945150588,0.0023798202752186464,0.0020090582770187215,209.33333333333334,overripe
1763614583.280965,1763614544.5744283,0.241,0.3,2,2,0,108.4,115.10000000000596,152.25,0.2402587409315293,0.002380094152250336,0.0013828379327329998,209.33333333333334,overripe
1763614583.3624735,1763614544.5744283,0.24,0.3,1,4,0,108.45,115.10000000000596,152.3,0.24019911118603154,0.0023802172360063204,0.0006216782460995995,209.33333333333334,overripe
1763614583.3909802,1763614544.5744283,0.242,0.3,2,4,0,108.45,115.10000000000596,152.35000000000002,0.24016789081246975,0.0023804631965382212,0.0012425039035958152,209.33333333333334,overripe
1763614583.4010463,1763614544.5744283,0.245,0.3,3,5,0,108.5,115.10000000000596,152.4,0.24011137381241304,0.0023810754528367025,0.0030938235456197394,209.33333333333334,overripe
1763614583.4111137,1763614544.5744283,0.244,0.3,2,3,0,108.5,115.10000000000596,152.5,0.24013245270145084,0.002381762096860004,0.003470145977565564,209.33333333333334,overripe
1763614583.421245,1763614544.5744283,0.243,0.3,1,3,0,108.5,115.10000000000596,152.5,0.24018135623551154,0.002382379422908923,0.0031199431039966585,209.33333333333334,overripe
1763614583.4313807,1763614544.5744283,0.243,0.3,2,3,0,108.55,115.10000000000596,152.5,0.24017387402871335,0.002382968284709421,0.0029767756410407353,209.33333333333334,overripe
1763614583.4414873,1763614544.5744283,0.243,0.3,2,4,0,108.55,115.10000000000596,152.55,0.24019836284050963,0.0023835373548361776,0.002876961994367405,209.33333333333334,overripe
1763614583.451565,1763614544.5744283,0.242,0.3,1,3,0,108.55,115.10000000000596,152.65,0.240238281849152,0.0023839921744001186,0.0022993805682865187,209.33333333333334,overripe
1763614583.4616685,1763614544.5744283,0.242,0.3,1,3,0,108.5,115.10000000000596,152.7,0.24033500049723366,0.0023843747899351016,0.0019338307114855902,209.33333333333334,overripe
1763614583.4717677,1763614544.5744283,0.241,0.3,1,3,0,108.5,115.10000000000596,152.75,0.24039901535834293,0.00238461925646264,0.0012354002460166769,209.33333333333334,overripe
1763614583.481852,1763614544.5744283,0.242,0.3,2,3,0,108.5,115.10000000000596,152.8,0.24043638574229495,0.002384892526916384,0.0013808220598848508,209.33333333333334,overripe
1763614583.4920013,1763614544.5744283,0.242,0.3,3,3,0,108.55,115.10000000000596,152.8,0.24041067877973094,0.002385188923065817,0.0014979251213589617,209.33333333333334,overripe
1763614583.5058002,1763614544.5744283,0.241,0.3,2,3,0,108.6,115.10000000000596,152.8,0.24035429402052322,0.002385406519545668,0.0011000079300217402,209.33333333333334,overripe
1763614583.5174897,1763614544.5744283,0.242,0.3,3,3,0,108.55,115.10000000000596,152.8,0.24039272075188556,0.0023856705228663924,0.0013344302233869176,209.33333333333334,overripe
1763614583.6730988,1763614544.5744283,0.241,0.3,2,3,0,108.5,115.10000000000596,152.8,0.24048721855808328,0.002385843958921775,0.0008763569295529572,209.33333333333334,overripe
1763614583.8408945,1763614544.5744283,0.242,0.3,2,3,0,108.45,115.10000000000596,152.75,0.24059829657358525,0.0023860584789009206,0.0010834911702328476,209.33333333333334,overripe
1763614583.9565961,1763614544.5744283,0.244,0.3,2,4,0,108.45,115.10000000000596,152.7,0.24066673126424143,0.0023864890354626006,0.002174162607667618,209.33333333333334,overripe
1763614584.0652862,1763614544.5744283,0.246,0.3,2,4,0,108.5,115.10000000000596,152.75,0.24067390160465857,0.0023872308878583356,0.003746545331295953,209.33333333333334,overripe
1763614584.1839535,1763614544.5744283,0.247,0.3,3,3,0,108.5,115.10000000000596,152.75,0.24073058209217327,0.002388216864529329,0.004979641375804006,209.33333333333334,overripe
1763614584.5179894,1763614544.5744283,0.247,0.3,3,2,0,108.45,115.10000000000596,152.7,0.24088064345645974,0.0023893010726352706,0.005474468277528899,209.33333333333334,overripe
