Time,State,X,Y,Z,RX,RY,RZ,F
1755490454.007092,1,0,0,0,0,0,0,0
1755490464.5189629,0,0,0,0,0,0,0,0
