Time,ReachedHoldTime,Force,DesiredForce,State,ActualWidth,CommandWidth,Proximity,RawFzL,RawFzR,ForcePrediction,SpringConstant,RLSError,BaselineWidth,Ripeness
1762155310.7365122,0,0.025,0,0,0,0,697,400,687.5,0.0,0.0,0.0,0.0,unknown
1762155310.746638,0,0.03333333333333333,0,1,0,0,596.6666666666666,400,618.3333333333334,0.0,0.0,0.0,0.0,unknown
1762155310.756727,0,0.037500000000000006,0,0,1,0,546.5,400,585.0,0.0,0.0,0.0,0.0,unknown
1762155310.7668285,0,0.030000000000000002,0,0,0,0,516.4,400,564.0,0.0,0.0,0.0,0.0,unknown
1762155310.776906,0,0.025,0,0,0,0,496.3333333333333,400,550.0,0.0,0.0,0.0,0.0,unknown
1762155310.7869902,0,0.02142857142857143,0,0,0,0,482,400,540.0,0.0,0.0,0.0,0.0,unknown
1762155310.7971087,0,0.018750000000000003,0,0,0,0,471.25,400,533.125,0.0,0.0,0.0,0.0,unknown
1762155310.807176,0,0.022222222222222223,0,1,0,0,462.8888888888889,400,527.7777777777778,0.0,0.0,0.0,0.0,unknown
1762155310.8172462,0,0.02,0,0,0,0,456.2,400,524.0,0.0,0.0,0.0,0.0,unknown
1762155310.827316,0,0.022727272727272728,0,0,1,0,450.72727272727275,400,519.5454545454545,0.0,0.0,0.0,0.0,unknown
1762155310.8374102,0,0.025,0,1,0,0,446.1666666666667,400,515.4166666666666,0.0,0.0,0.0,0.0,unknown
1762155310.847478,0,0.023076923076923078,0,0,0,0,442.3076923076923,400,511.1538461538462,0.0,0.0,0.0,0.0,unknown
1762155310.8576741,0,0.02142857142857143,0,0,0,0,439,400,507.5,0.0,0.0,0.0,0.0,unknown
1762155310.8679516,0,0.023333333333333334,0,0,1,0,436.1333333333333,400,504.6666666666667,0.0,0.0,0.0,0.0,unknown
1762155310.8780296,0,0.025,0,0,1,0,433.625,400,502.5,0.0,0.0,0.0,0.0,unknown
1762155310.8881063,0,0.02647058823529412,0,0,1,0,431.4117647058824,400,500.29411764705884,0.0,0.0,0.0,0.0,unknown
1762155310.898223,0,0.025,0,0,0,0,429.44444444444446,400,498.05555555555554,0.0,0.0,0.0,0.0,unknown
1762155310.9083014,0,0.026315789473684213,0,1,0,0,427.6842105263158,400,495.7894736842105,0.0,0.0,0.0,0.0,unknown
1762155310.9184115,0,0.025,0,0,0,0,426.1,400,493.75,0.0,0.0,0.0,0.0,unknown
1762155310.9285197,0,0.02380952380952381,0,0,0,0,424.6666666666667,400,492.14285714285717,0.0,0.0,0.0,0.0,unknown
1762155310.938628,0,0.027272727272727275,0,1,1,0,423.3636363636364,400,490.4545454545455,0.0,0.0,0.0,0.0,unknown
1762155310.948712,0,0.026086956521739132,0,0,0,0,422.17391304347825,400,488.9130434782609,0.0,0.0,0.0,0.0,unknown
1762155310.9587708,0,0.03125,0,1,2,0,421.0833333333333,400,487.5,0.0,0.0,0.0,0.0,unknown
1762155310.968835,0,0.030000000000000002,0,0,0,0,420.08,400,485.8,0.0,0.0,0.0,0.0,unknown
1762155310.978937,0,0.028846153846153848,0,0,0,0,419.15384615384613,400,484.4230769230769,0.0,0.0,0.0,0.0,unknown
1762155310.9890132,0,0.02962962962962963,0,0,1,0,418.2962962962963,400,483.14814814814815,0.0,0.0,0.0,0.0,unknown
1762155310.999074,0,0.03214285714285715,0,1,1,0,417.5,400,482.1428571428571,0.0,0.0,0.0,0.0,unknown
1762155311.0091367,0,0.03103448275862069,0,0,0,0,416.7586206896552,400,481.37931034482756,0.0,0.0,0.0,0.0,unknown
1762155311.0192003,0,0.03333333333333333,0,1,1,0,416.06666666666666,400,480.5,0.0,0.0,0.0,0.0,unknown
1762155311.0292647,0,0.035483870967741936,0,1,1,0,415.4193548387097,400,479.6774193548387,0.0,0.0,0.0,0.0,unknown
1762155311.0393324,0,0.0375,0,2,0,0,414.8125,400,478.75,0.0,0.0,0.0,0.0,unknown
1762155311.049424,0,0.03636363636363636,0,0,0,0,414.24242424242425,400,477.8787878787879,0.0,0.0,0.0,0.0,unknown
1762155311.0595,0,0.03676470588235294,0,0,1,0,413.70588235294116,400,476.9117647058824,0.0,0.0,0.0,0.0,unknown
1762155311.0696163,0,0.03571428571428572,0,0,0,0,413.2,400,476.0,0.0,0.0,0.0,0.0,unknown
1762155311.0797176,0,0.036111111111111115,0,1,0,0,412.72222222222223,400,475.1388888888889,0.0,0.0,0.0,0.0,unknown
1762155311.0898316,0,0.03783783783783784,0,1,1,0,412.27027027027026,400,474.18918918918916,0.0,0.0,0.0,0.0,unknown
1762155311.0999937,0,0.0368421052631579,0,0,0,0,411.8421052631579,400,473.02631578947364,0.0,0.0,0.0,0.0,unknown
1762155311.1101856,0,0.0358974358974359,0,0,0,0,411.43589743589746,400,471.9230769230769,0.0,0.0,0.0,0.0,unknown
1762155311.1202948,0,0.035,0,0,0,0,411.05,400,471.0,0.0,0.0,0.0,0.0,unknown
1762155311.1304018,0,0.03414634146341464,0,0,0,0,410.6829268292683,400,470.2439024390244,0.0,0.0,0.0,0.0,unknown
1762155311.1406112,0,0.034523809523809526,0,0,1,0,410.3333333333333,400,469.4047619047619,0.0,0.0,0.0,0.0,unknown
1762155311.1507316,0,0.03488372093023256,0,0,1,0,410,400,468.7209302325581,0.0,0.0,0.0,0.0,unknown
1762155311.1608407,0,0.03522727272727273,0,1,0,0,409.6818181818182,400,468.0681818181818,0.0,0.0,0.0,0.0,unknown
1762155311.1709878,0,0.034444444444444444,0.8,0,0,3,409.3777777777778,400,467.55555555555554,0.0,0.0,0.0,0.0,unknown
1762155311.181123,0,0.03369565217391304,0.8,0,0,3,409.0869565217391,399.9,466.95652173913044,0.0,0.0,0.0,0.0,unknown
1762155311.1912138,0,0.03297872340425532,0.8,0,0,3,408.8085106382979,399.79999999999995,466.3829787234043,0.0,0.0,0.0,0.0,unknown
1762155311.201321,0,0.03229166666666667,0.8,0,0,3,408.5416666666667,399.69999999999993,465.9375,0.0,0.0,0.0,0.0,unknown
1762155311.2114155,0,0.031632653061224494,0.8,0,0,3,408.2857142857143,399.5999999999999,465.7142857142857,0.0,0.0,0.0,0.0,unknown
1762155311.221519,0,0.031,0.8,0,0,3,408.04,399.4999999999999,465.5,0.0,0.0,0.0,0.0,unknown
1762155311.2316291,0,0.031,0.8,0,1,3,407.80392156862746,399.39999999999986,465.3921568627451,0.0,0.0,0.0,0.0,unknown
1762155311.241696,0,0.031,0.8,0,0,3,407.5769230769231,399.29999999999984,465.28846153846155,0.0,0.0,0.0,0.0,unknown
1762155311.251757,0,0.032,0.8,0,2,3,407.35849056603774,399.1999999999998,465.188679245283,0.0,0.0,0.0,0.0,unknown
1762155311.2618191,0,0.032,0.8,0,1,3,407.14814814814815,399.0999999999998,465.0,0.0,0.0,0.0,0.0,unknown
1762155311.2718835,0,0.032,0.8,0,0,3,406.94545454545454,398.9999999999998,464.72727272727275,0.0,0.0,0.0,0.0,unknown
1762155311.2819483,0,0.032,0.8,0,0,3,406.75,398.89999999999975,464.375,0.0,0.0,0.0,0.0,unknown
1762155311.2920825,0,0.032,0.8,0,0,3,406.56140350877195,398.7999999999997,463.859649122807,0.0,0.0,0.0,0.0,unknown
1762155311.302147,0,0.032,0.8,0,0,3,406.37931034482756,398.6999999999997,463.3620689655172,0.0,0.0,0.0,0.0,unknown
1762155311.3122113,0,0.031,0.8,0,0,3,406.20338983050846,398.5999999999997,462.7966101694915,0.0,0.0,0.0,0.0,unknown
1762155311.322275,0,0.032,0.8,0,1,3,406.03333333333336,398.49999999999966,462.25,0.0,0.0,0.0,0.0,unknown
1762155311.3323476,0,0.032,0.8,0,1,3,405.8688524590164,398.39999999999964,461.88524590163934,0.0,0.0,0.0,0.0,unknown
1762155311.342429,0,0.031,0.8,0,0,3,405.7096774193548,398.2999999999996,461.61290322580646,0.0,0.0,0.0,0.0,unknown
1762155311.3525367,0,0.031,0.8,0,0,3,405.55555555555554,398.1999999999996,461.42857142857144,0.0,0.0,0.0,0.0,unknown
1762155311.3625968,0,0.031,0.8,0,0,3,405.4375,398.09999999999957,461.328125,0.0,0.0,0.0,0.0,unknown
1762155311.3726695,0,0.030000000000000002,0.8,0,0,3,405.2923076923077,397.99999999999955,461.3076923076923,0.0,0.0,0.0,0.0,unknown
1762155311.3827326,0,0.029,0.8,0,0,3,405.0151515151515,397.8999999999995,461.28787878787875,0.0,0.0,0.0,0.0,unknown
1762155311.3928099,0,0.028,0.8,0,0,3,404.74626865671644,397.7999999999995,461.2686567164179,0.0,0.0,0.0,0.0,unknown
1762155311.4028735,0,0.029,0.8,0,1,3,404.36764705882354,397.6999999999995,461.1029411764706,0.0,0.0,0.0,0.0,unknown
1762155311.4129498,0,0.029,0.8,0,1,3,403.82608695652175,397.59999999999945,460.8695652173913,0.0,0.0,0.0,0.0,unknown
1762155311.4230173,0,0.029,0.8,0,0,3,403.3,397.49999999999943,460.57142857142856,0.0,0.0,0.0,0.0,unknown
1762155311.4330988,0,0.029,0.8,0,0,3,402.7887323943662,397.3999999999994,460.28169014084506,0.0,0.0,0.0,0.0,unknown
1762155311.443164,0,0.027,0.8,0,0,3,402.2916666666667,397.2999999999994,459.93055555555554,0.0,0.0,0.0,0.0,unknown
1762155311.453231,0,0.027,0.8,0,0,3,401.8493150684931,397.19999999999936,459.52054794520546,0.0,0.0,0.0,0.0,unknown
1762155311.4632962,0,0.024,0.8,0,0,3,401.3783783783784,397.09999999999934,459.05405405405406,0.0,0.0,0.0,0.0,unknown
1762155311.473366,0,0.025,0.8,0,1,3,400.92,396.9999999999993,458.6,0.0,0.0,0.0,0.0,unknown
1762155311.4834743,0,0.025,0.8,0,0,3,400.4736842105263,396.8999999999993,458.0921052631579,0.0,0.0,0.0,0.0,unknown
1762155311.4935803,0,0.025,0.8,1,0,3,400.038961038961,396.7999999999993,457.6623376623377,0.0,0.0,0.0,0.0,unknown
1762155311.5036933,0,0.024,0.8,1,0,3,399.61538461538464,396.69999999999925,457.3076923076923,0.0,0.0,0.0,0.0,unknown
1762155311.5137575,0,0.024,0.8,0,0,3,399.2911392405063,396.5999999999992,457.02531645569616,0.0,0.0,0.0,0.0,unknown
1762155311.5238538,0,0.023,0.8,1,0,3,398.975,396.4999999999992,456.6875,0.0,0.0,0.0,0.0,unknown
1762155311.5339313,0,0.021,0.8,0,0,3,398.6666666666667,396.3999999999992,456.2962962962963,0.0,0.0,0.0,0.0,unknown
1762155311.5440097,0,0.02,0.8,0,1,3,398.3658536585366,396.29999999999916,455.8536585365854,0.0,0.0,0.0,0.0,unknown
1762155311.5541348,0,0.021,0.8,0,1,3,398.0722891566265,396.19999999999914,455.3614457831325,0.0,0.0,0.0,0.0,unknown
1762155311.564206,0,0.021,0.8,0,1,3,397.9404761904762,396.0999999999991,454.8809523809524,0.0,0.0,0.0,0.0,unknown
1762155311.5742822,0,0.021,0.8,0,0,3,397.81176470588235,395.9999999999991,454.5882352941177,0.0,0.0,0.0,0.0,unknown
1762155311.5843883,0,0.02,0.8,0,0,3,397.6860465116279,395.89999999999907,454.3604651162791,0.0,0.0,0.0,0.0,unknown
1762155311.594456,0,0.018000000000000002,0.8,0,0,3,397.62068965517244,395.79999999999905,454.1379310344828,0.0,0.0,0.0,0.0,unknown
1762155311.6045263,0,0.018000000000000002,0.8,0,0,3,397.5,395.699999999999,454.0340909090909,0.0,0.0,0.0,0.0,unknown
1762155311.6145926,0,0.018000000000000002,0.8,0,0,3,397.3820224719101,395.599999999999,453.9887640449438,0.0,0.0,0.0,0.0,unknown
1762155311.624659,0,0.018000000000000002,0.8,0,0,3,397.26666666666665,395.499999999999,454.0,0.0,0.0,0.0,0.0,unknown
1762155311.6347358,0,0.019,0.8,1,0,3,397.15384615384613,395.39999999999895,454.12087912087907,0.0,0.0,0.0,0.0,unknown
1762155311.6448212,0,0.02,0.8,1,1,3,397.04347826086956,395.29999999999893,454.2391304347826,0.0,0.0,0.0,0.0,unknown
1762155311.654898,0,0.019,0.8,0,0,3,396.93548387096774,395.1999999999989,454.3010752688172,0.0,0.0,0.0,0.0,unknown
1762155311.6649714,0,0.018000000000000002,0.8,0,0,3,396.82978723404256,395.0999999999989,454.36170212765956,0.0,0.0,0.0,0.0,unknown
1762155311.675045,0,0.019,0.8,1,0,3,396.82105263157894,394.99999999999886,454.42105263157896,0.0,0.0,0.0,0.0,unknown
1762155311.685117,0,0.02,0.8,1,0,3,396.8125,394.89999999999884,454.47916666666663,0.0,0.0,0.0,0.0,unknown
1762155311.6951833,0,0.021,0.8,1,0,3,396.8041237113402,394.7999999999988,454.4845360824742,0.0,0.0,0.0,0.0,unknown
1762155311.7053018,0,0.022000000000000002,0.8,1,0,3,396.8673469387755,394.6999999999988,454.4387755102041,0.0,0.0,0.0,0.0,unknown
1762155311.715401,0,0.022000000000000002,0.8,0,0,3,396.85858585858585,394.5999999999988,454.29292929292933,0.0,0.0,0.0,0.0,unknown
1762155311.7254658,0,0.022000000000000002,0.8,0,0,3,396.85,394.49999999999875,454.15,0.0,0.0,0.0,0.0,unknown
1762155311.7355373,0,0.021,0.8,0,0,3,390.74,394.3999999999987,449.5,0.0,0.0,0.0,0.0,unknown
1762155311.7456055,0,0.022000000000000002,0.8,0,1,3,390.65,394.2999999999987,448.95,0.0,0.0,0.0,0.0,unknown
1762155311.7557132,0,0.021,0.8,0,1,3,390.36,394.1999999999987,448.29999999999995,0.0,0.0,0.0,0.0,unknown
1762155311.7658024,0,0.021,0.8,0,1,3,390.07,394.09999999999866,447.55,0.0,0.0,0.0,0.0,unknown
1762155311.7759454,0,0.022000000000000002,0.8,0,1,3,389.78,393.99999999999864,446.75,0.0,0.0,0.0,0.0,unknown
1762155311.7860706,0,0.023,0.8,0,1,3,389.49,393.8999999999986,445.85,0.0,0.0,0.0,0.0,unknown
1762155311.796195,0,0.023,0.8,0,0,3,389.2,393.7999999999986,444.9,0.0,0.0,0.0,0.0,unknown
1762155311.8062994,0,0.023,0.8,0,0,3,388.91,393.69999999999857,443.9,0.0,0.0,0.0,0.0,unknown
1762155311.8163867,0,0.023,0.8,0,0,3,388.62,393.59999999999854,442.9,0.0,0.0,0.0,0.0,unknown
1762155311.8264928,0,0.022000000000000002,0.8,0,0,3,388.33,393.4999999999985,441.9,0.0,0.0,0.0,0.0,unknown
1762155311.836593,0,0.022000000000000002,0.8,0,1,3,388.04,393.3999999999985,441.05,0.0,0.0,0.0,0.0,unknown
1762155311.8467264,0,0.023,0.8,1,0,3,387.75,393.2999999999985,440.25,0.0,0.0,0.0,0.0,unknown
1762155311.8568504,0,0.024,0.8,0,1,3,387.46,393.19999999999845,439.6,0.0,0.0,0.0,0.0,unknown
1762155311.8669167,0,0.025,0.8,1,0,3,387.2,393.09999999999843,439.0,0.0,0.0,0.0,0.0,unknown
1762155311.8769896,0,0.025,0.8,0,0,3,386.98,392.9999999999984,438.35,0.0,0.0,0.0,0.0,unknown
1762155311.8870966,0,0.025,0.8,0,0,3,386.76,392.8999999999984,437.6,0.0,0.0,0.0,0.0,unknown
1762155311.8972125,0,0.025,0.8,0,0,3,386.59,392.79999999999836,436.85,0.0,0.0,0.0,0.0,unknown
1762155311.9073253,0,0.024,0.8,0,0,3,386.5,392.69999999999834,436.20000000000005,0.0,0.0,0.0,0.0,unknown
1762155311.9173913,0,0.024,0.8,0,1,3,386.5,392.5999999999983,435.65,0.0,0.0,0.0,0.0,unknown
1762155311.9274538,0,0.025,0.8,1,0,3,386.41,392.4999999999983,435.25,0.0,0.0,0.0,0.0,unknown
1762155311.9375222,0,0.025,0.8,0,0,3,386.3,392.3999999999983,434.85,0.0,0.0,0.0,0.0,unknown
1762155311.9475868,0,0.026000000000000002,0.8,1,0,3,386.21,392.29999999999825,434.6,0.0,0.0,0.0,0.0,unknown
1762155311.9576504,0,0.026000000000000002,0.8,0,0,3,386.12,392.1999999999982,434.4,0.0,0.0,0.0,0.0,unknown
1762155311.9677098,0,0.026000000000000002,0.8,0,0,3,386.03,392.0999999999982,434.2,0.0,0.0,0.0,0.0,unknown
1762155311.9778142,0,0.026000000000000002,0.8,0,1,3,385.94,391.9999999999982,434.15,0.0,0.0,0.0,0.0,unknown
1762155311.9878767,0,0.026000000000000002,0.8,0,0,3,385.85,391.89999999999816,433.95,0.0,0.0,0.0,0.0,unknown
1762155311.997939,0,0.026000000000000002,0.8,0,1,3,385.76,391.79999999999814,433.75,0.0,0.0,0.0,0.0,unknown
1762155312.0080147,0,0.026000000000000002,0.8,0,1,3,385.67,391.6999999999981,433.55,0.0,0.0,0.0,0.0,unknown
1762155312.018133,0,0.029,0.8,1,2,3,385.58,391.5999999999981,433.25,0.0,0.0,0.0,0.0,unknown
1762155312.0282383,0,0.028,0.8,0,0,3,385.58,391.49999999999807,433.04999999999995,0.0,0.0,0.0,0.0,unknown
1762155312.0383446,0,0.030000000000000002,0.8,1,1,3,385.58,391.39999999999804,432.95,0.0,0.0,0.0,0.0,unknown
1762155312.0484064,0,0.029,0.8,0,0,3,385.6,391.299999999998,432.9,0.0,0.0,0.0,0.0,unknown
1762155312.058513,0,0.028,0.8,0,0,3,385.62,391.199999999998,432.9,0.0,0.0,0.0,0.0,unknown
1762155312.0685775,0,0.027,0.8,0,0,3,385.62,391.099999999998,432.95,0.0,0.0,0.0,0.0,unknown
1762155312.078643,0,0.027,0.8,0,0,3,385.58,390.99999999999795,433.04999999999995,0.0,0.0,0.0,0.0,unknown
1762155312.088708,0,0.028,0.8,1,0,3,385.49,390.89999999999793,433.2,0.0,0.0,0.0,0.0,unknown
1762155312.0987704,0,0.030000000000000002,0.8,1,1,3,385.2,390.7999999999979,433.3,0.0,0.0,0.0,0.0,unknown
1762155312.1088357,0,0.030000000000000002,0.8,0,0,3,384.91,390.6999999999979,433.45,0.0,0.0,0.0,0.0,unknown
1762155312.1189513,0,0.031,0.8,1,0,3,384.62,390.59999999999786,433.55,0.0,0.0,0.0,0.0,unknown
1762155312.1290026,0,0.032,0.8,1,0,3,384.33,390.49999999999784,433.6,0.0,0.0,0.0,0.0,unknown
1762155312.1390831,0,0.031,0.8,0,0,3,384.04,390.3999999999978,433.65,0.0,0.0,0.0,0.0,unknown
1762155312.1491978,0,0.029,0.8,0,0,3,383.75,390.2999999999978,433.70000000000005,0.0,0.0,0.0,0.0,unknown
1762155312.159299,0,0.029,0.8,0,0,3,383.46,390.1999999999978,433.70000000000005,0.0,0.0,0.0,0.0,unknown
1762155312.1694202,0,0.030000000000000002,0.8,0,1,3,383.17,390.09999999999775,433.7,0.0,0.0,0.0,0.0,unknown
1762155312.17953,0,0.030000000000000002,0.8,0,1,3,382.88,389.9999999999977,433.55,0.0,0.0,0.0,0.0,unknown
1762155312.1896274,0,0.029,0.8,0,0,3,382.59,389.8999999999977,433.45,0.0,0.0,0.0,0.0,unknown
1762155312.1997302,0,0.028,0.8,0,0,3,382.37,389.7999999999977,433.3,0.0,0.0,0.0,0.0,unknown
1762155312.2098265,0,0.027,0.8,0,0,3,382.11,389.69999999999766,433.1,0.0,0.0,0.0,0.0,unknown
1762155312.2199628,0,0.028,0.8,0,1,3,381.89,389.59999999999764,432.8,0.0,0.0,0.0,0.0,unknown
1762155312.230137,0,0.028,0.8,0,0,3,381.63,389.4999999999976,432.54999999999995,0.0,0.0,0.0,0.0,unknown
1762155312.2402358,0,0.029,0.8,0,1,3,381.46,389.3999999999976,432.25,0.0,0.0,0.0,0.0,unknown
1762155312.2503994,0,0.029,0.8,0,1,3,381.37,389.29999999999757,432.04999999999995,0.0,0.0,0.0,0.0,unknown
1762155312.2604685,0,0.029,0.8,1,0,3,381.44,389.19999999999754,431.85,0.0,0.0,0.0,0.0,unknown
1762155312.2706375,0,0.029,0.8,1,0,3,381.35,389.0999999999975,431.75,0.0,0.0,0.0,0.0,unknown
1762155312.2807684,0,0.029,0.8,1,0,3,381.26,388.9999999999975,431.75,0.0,0.0,0.0,0.0,unknown
1762155312.2909386,0,0.028,0.8,0,0,3,381.17,388.8999999999975,431.9,0.0,0.0,0.0,0.0,unknown
1762155312.301054,0,0.030000000000000002,0.8,1,1,3,381.08,388.79999999999745,432.15,0.0,0.0,0.0,0.0,unknown
1762155312.311159,0,0.031,0.8,1,0,3,380.99,388.69999999999743,432.5,0.0,0.0,0.0,0.0,unknown
1762155312.321225,0,0.031,0.8,0,0,3,380.9,388.5999999999974,432.9,0.0,0.0,0.0,0.0,unknown
1762155312.3313115,0,0.031,0.8,0,0,3,380.81,388.4999999999974,433.35,0.0,0.0,0.0,0.0,unknown
1762155312.341397,0,0.030000000000000002,0.8,0,0,3,380.72,388.39999999999736,433.65,0.0,0.0,0.0,0.0,unknown
1762155312.351461,0,0.029,0.8,0,0,3,380.63,388.29999999999734,433.9,0.0,0.0,0.0,0.0,unknown
1762155312.3615458,0,0.028,0.8,0,0,3,380.54,388.1999999999973,434.1,0.0,0.0,0.0,0.0,unknown
1762155312.371673,0,0.027,0.8,0,0,3,380.52,388.0999999999973,434.35,0.0,0.0,0.0,0.0,unknown
1762155312.3817909,0,0.027,0.8,0,0,3,380.52,387.99999999999727,434.45,0.0,0.0,0.0,0.0,unknown
1762155312.391865,0,0.027,0.8,0,0,3,380.63,387.89999999999725,434.5,0.0,0.0,0.0,0.0,unknown
1762155312.4019775,0,0.027,0.8,0,0,3,380.74,387.7999999999972,434.6,0.0,0.0,0.0,0.0,unknown
1762155312.4120479,0,0.028,0.8,1,0,3,380.91,387.6999999999972,434.8,0.0,0.0,0.0,0.0,unknown
1762155312.4221327,0,0.027,0.8,0,0,3,381.11,387.5999999999972,435.05,0.0,0.0,0.0,0.0,unknown
1762155312.4322143,0,0.027,0.8,0,1,3,381.31,387.49999999999716,435.3,0.0,0.0,0.0,0.0,unknown
1762155312.44231,0,0.028,0.8,0,1,3,381.31,387.39999999999714,435.5,0.0,0.0,0.0,0.0,unknown
1762155312.4524136,0,0.027,0.8,0,0,3,381.31,387.2999999999971,435.6,0.0,0.0,0.0,0.0,unknown
1762155312.4624996,0,0.027,0.8,0,0,3,381.28,387.1999999999971,435.75,0.0,0.0,0.0,0.0,unknown
1762155312.4726026,0,0.027,0.8,0,0,3,381.28,387.09999999999707,435.9,0.0,0.0,0.0,0.0,unknown
1762155312.4826953,0,0.026000000000000002,0.8,0,0,3,381.28,386.99999999999704,436.04999999999995,0.0,0.0,0.0,0.0,unknown
1762155312.4928129,0,0.026000000000000002,0.8,0,0,3,381.28,386.899999999997,436.35,0.0,0.0,0.0,0.0,unknown
1762155312.5028975,0,0.025,0.8,0,0,3,381.28,386.799999999997,436.6,0.0,0.0,0.0,0.0,unknown
1762155312.5129933,0,0.024,0.8,0,0,3,381.28,386.699999999997,436.8,0.0,0.0,0.0,0.0,unknown
1762155312.5230904,0,0.021,0.8,0,0,3,381.28,386.59999999999695,437.0,0.0,0.0,0.0,0.0,unknown
1762155312.533191,0,0.021,0.8,0,0,3,381.24,386.49999999999693,437.3,0.0,0.0,0.0,0.0,unknown
1762155312.5432792,0,0.019,0.8,0,0,3,381.17,386.3999999999969,437.65,0.0,0.0,0.0,0.0,unknown
1762155312.553354,0,0.019,0.8,0,0,3,381.1,386.2999999999969,438.1,0.0,0.0,0.0,0.0,unknown
1762155312.563558,0,0.019,0.8,0,0,3,381.15,386.19999999999686,438.6,0.0,0.0,0.0,0.0,unknown
1762155312.5736752,0,0.019,0.8,0,0,3,381.07,386.09999999999684,439.1,0.0,0.0,0.0,0.0,unknown
1762155312.5837727,0,0.02,0.8,0,1,3,380.99,385.9999999999968,439.5,0.0,0.0,0.0,0.0,unknown
1762155312.5938616,0,0.02,0.8,0,1,3,380.91,385.8999999999968,439.85,0.0,0.0,0.0,0.0,unknown
1762155312.603949,0,0.018000000000000002,0.8,0,0,3,380.8,385.79999999999677,440.25,0.0,0.0,0.0,0.0,unknown
1762155312.6140513,0,0.018000000000000002,0.8,0,0,3,380.74,385.69999999999675,440.55,0.0,0.0,0.0,0.0,unknown
1762155312.6241374,0,0.019,0.8,1,1,3,380.66,385.5999999999967,440.75,0.0,0.0,0.0,0.0,unknown
1762155312.634258,0,0.018000000000000002,0.8,0,0,3,380.58,385.4999999999967,440.85,0.0,0.0,0.0,0.0,unknown
1762155312.6443489,0,0.02,0.8,1,1,3,380.5,385.3999999999967,440.85,0.0,0.0,0.0,0.0,unknown
1762155312.6544285,0,0.021,0.8,0,1,3,380.3,385.29999999999666,440.85,0.0,0.0,0.0,0.0,unknown
1762155312.664549,0,0.022000000000000002,0.8,0,1,3,380.1,385.19999999999663,440.95000000000005,0.0,0.0,0.0,0.0,unknown
1762155312.6746373,0,0.022000000000000002,0.8,0,1,3,379.9,385.0999999999966,441.04999999999995,0.0,0.0,0.0,0.0,unknown
1762155312.684722,0,0.022000000000000002,0.8,0,1,3,379.61,384.9999999999966,441.04999999999995,0.0,0.0,0.0,0.0,unknown
1762155312.6947947,0,0.022000000000000002,0.8,0,0,3,379.32,384.89999999999657,441.0,0.0,0.0,0.0,0.0,unknown
1762155312.7048597,0,0.022000000000000002,0.8,0,0,3,379.03,384.79999999999654,440.95,0.0,0.0,0.0,0.0,unknown
1762155312.7149522,0,0.023,0.8,1,0,3,378.67,384.6999999999965,440.9,0.0,0.0,0.0,0.0,unknown
1762155312.7250652,0,0.023,0.8,1,0,3,378.38,384.5999999999965,440.95,0.0,0.0,0.0,0.0,unknown
1762155312.7351463,0,0.024,0.8,1,0,3,378.09,384.4999999999965,441.0,0.0,0.0,0.0,0.0,unknown
1762155312.7452116,0,0.025,0.8,1,1,3,377.89,384.39999999999645,441.2,0.0,0.0,0.0,0.0,unknown
1762155312.7553024,0,0.024,0.8,0,0,3,377.63,384.29999999999643,441.45,0.0,0.0,0.0,0.0,unknown
1762155312.7653716,0,0.024,0.8,0,1,3,377.57,384.1999999999964,441.75,0.0,0.0,0.0,0.0,unknown
1762155312.7754385,0,0.024,0.8,1,0,3,377.51,384.0999999999964,442.1,0.0,0.0,0.0,0.0,unknown
1762155312.7855132,0,0.023,0.8,0,0,3,377.45,383.99999999999636,442.55,0.0,0.0,0.0,0.0,unknown
1762155312.7955918,0,0.023,0.8,0,0,3,377.45,383.89999999999634,443.25,0.0,0.0,0.0,0.0,unknown
1762155312.8056614,0,0.021,0.8,0,0,3,377.45,383.7999999999963,444.0,0.0,0.0,0.0,0.0,unknown
1762155312.815727,0,0.02,0.8,0,0,3,377.45,383.6999999999963,444.75,0.0,0.0,0.0,0.0,unknown
1762155312.8257997,0,0.021,0.8,0,1,3,377.74,383.59999999999627,445.45,0.0,0.0,0.0,0.0,unknown
1762155312.835904,0,0.021,0.8,0,0,3,377.94,383.49999999999625,446.15,0.0,0.0,0.0,0.0,unknown
1762155312.8459692,0,0.021,0.8,0,0,3,378.14,383.3999999999962,446.85,0.0,0.0,0.0,0.0,unknown
1762155312.8560326,0,0.022000000000000002,0.8,0,1,3,378.39,383.2999999999962,447.6,0.0,0.0,0.0,0.0,unknown
1762155312.866173,0,0.022000000000000002,0.8,0,0,3,378.59,383.1999999999962,448.3,0.0,0.0,0.0,0.0,unknown
1762155312.8762798,0,0.022000000000000002,0.8,0,0,3,378.76,383.09999999999616,448.95,0.0,0.0,0.0,0.0,unknown
1762155312.8863547,0,0.023,0.8,1,0,3,378.94,382.99999999999613,449.65,0.0,0.0,0.0,0.0,unknown
1762155312.8964598,0,0.024,0.8,0,1,3,379.07,382.8999999999961,450.35,0.0,0.0,0.0,0.0,unknown
1762155312.9065588,0,0.024,0.8,0,0,3,379.15,382.7999999999961,451.0,0.0,0.0,0.0,0.0,unknown
1762155312.916676,0,0.024,0.8,0,1,3,379.15,382.69999999999607,451.5,0.0,0.0,0.0,0.0,unknown
1762155312.926761,0,0.025,0.8,0,1,3,379.06,382.59999999999604,452.0,0.0,0.0,0.0,0.0,unknown
1762155312.9368577,0,0.025,0.8,0,1,3,379.06,382.499999999996,452.35,0.0,0.0,0.0,0.0,unknown
1762155312.9469645,0,0.024,0.8,0,0,3,379.17,382.399999999996,452.6,0.0,0.0,0.0,0.0,unknown
1762155312.957106,0,0.024,0.8,0,0,3,379.26,382.299999999996,452.75,0.0,0.0,0.0,0.0,unknown
1762155312.9671876,0,0.024,0.8,0,0,3,379.31,382.19999999999595,452.9,0.0,0.0,0.0,0.0,unknown
1762155312.9772716,0,0.025,0.8,1,0,3,379.31,382.09999999999593,453.15,0.0,0.0,0.0,0.0,unknown
1762155312.9873793,0,0.026000000000000002,0.8,1,0,3,379.23,381.9999999999959,453.35,0.0,0.0,0.0,0.0,unknown
1762155312.9974678,0,0.027000000000000003,0.8,1,0,3,378.97,381.8999999999959,453.6,0.0,0.0,0.0,0.0,unknown
1762155313.007578,0,0.028,0.8,1,0,3,378.71,381.79999999999586,453.75,0.0,0.0,0.0,0.0,unknown
1762155313.0176585,0,0.028,0.8,0,0,3,378.45,381.69999999999584,453.75,0.0,0.0,0.0,0.0,unknown
1762155313.0277333,0,0.028,0.8,0,0,3,378.19,381.5999999999958,453.75,0.0,0.0,0.0,0.0,unknown
1762155313.0378199,0,0.028,0.8,0,0,3,377.84,381.4999999999958,453.70000000000005,0.0,0.0,0.0,0.0,unknown
1762155313.0479057,0,0.029,0.8,1,0,3,377.49,381.39999999999577,453.55,0.0,0.0,0.0,0.0,unknown
1762155313.0580127,0,0.030000000000000002,0.8,1,0,3,377.12,381.29999999999575,453.4,0.0,0.0,0.0,0.0,unknown
1762155313.0680819,0,0.030000000000000002,0.8,0,0,3,376.75,381.1999999999957,453.25,0.0,0.0,0.0,0.0,unknown
1762155313.078146,0,0.031000000000000003,0.8,0,1,3,376.4,381.0999999999957,453.1,0.0,0.0,0.0,0.0,unknown
1762155313.0882106,0,0.030000000000000002,0.8,0,0,3,376.09,380.9999999999957,452.95,0.0,0.0,0.0,0.0,unknown
1762155313.098279,0,0.029,0.8,0,0,3,375.83,380.89999999999566,452.7,0.0,0.0,0.0,0.0,unknown
1762155313.1083994,0,0.029,0.8,0,0,3,375.77,380.79999999999563,452.6,0.0,0.0,0.0,0.0,unknown
1762155313.1184714,0,0.029,0.8,0,0,3,375.71,380.6999999999956,452.6,0.0,0.0,0.0,0.0,unknown
1762155313.128552,0,0.027000000000000003,0.8,0,0,3,375.67,380.5999999999956,452.7,0.0,0.0,0.0,0.0,unknown
1762155313.1386752,0,0.027000000000000003,0.8,0,0,3,375.61,380.49999999999557,452.8,0.0,0.0,0.0,0.0,unknown
1762155313.148741,0,0.025,0.8,0,0,3,375.61,380.39999999999554,452.9,0.0,0.0,0.0,0.0,unknown
1762155313.158818,0,0.024,0.8,0,0,3,375.61,380.2999999999955,453.05,0.0,0.0,0.0,0.0,unknown
1762155313.1688976,0,0.023,0.8,0,0,3,375.86,380.1999999999955,453.15,0.0,0.0,0.0,0.0,unknown
1762155313.1789649,0,0.022000000000000002,0.8,0,0,3,376.06,380.0999999999955,453.29999999999995,0.0,0.0,0.0,0.0,unknown
1762155313.1890333,0,0.022000000000000002,0.8,1,0,3,376.24,379.99999999999545,453.6,0.0,0.0,0.0,0.0,unknown
1762155313.1991007,0,0.023,0.8,0,1,3,376.53,379.89999999999543,453.9,0.0,0.0,0.0,0.0,unknown
1762155313.2091656,0,0.024,0.8,1,0,3,376.75,379.7999999999954,454.25,0.0,0.0,0.0,0.0,unknown
1762155313.2192674,0,0.023,0.8,0,0,3,376.97,379.6999999999954,454.6,0.0,0.0,0.0,0.0,unknown
1762155313.2293556,0,0.023,0.8,0,1,3,377.02,379.59999999999536,454.9,0.0,0.0,0.0,0.0,unknown
1762155313.2394624,0,0.024,0.8,0,2,3,377.11,379.49999999999534,455.2,0.0,0.0,0.0,0.0,unknown
1762155313.2495782,0,0.022000000000000002,0.8,0,0,3,377.11,379.3999999999953,455.5,0.0,0.0,0.0,0.0,unknown
1762155313.2596831,0,0.023,0.8,1,0,3,376.85,379.2999999999953,455.6,0.0,0.0,0.0,0.0,unknown
1762155313.2697434,0,0.023,0.8,1,0,3,376.43,379.19999999999527,455.6,0.0,0.0,0.0,0.0,unknown
1762155313.2798042,0,0.023,0.8,1,0,3,376.17,379.09999999999525,455.5,0.0,0.0,0.0,0.0,unknown
1762155313.2899039,0,0.024,0.8,1,0,3,375.91,378.9999999999952,455.3,0.0,0.0,0.0,0.0,unknown
1762155313.3000047,0,0.025,0.8,1,0,3,375.65,378.8999999999952,454.95000000000005,0.0,0.0,0.0,0.0,unknown
1762155313.3101108,0,0.025,0.8,0,0,3,375.39,378.7999999999952,454.6,0.0,0.0,0.0,0.0,unknown
1762155313.3202245,0,0.027000000000000003,0.8,1,1,3,375.13,378.69999999999516,454.20000000000005,0.0,0.0,0.0,0.0,unknown
1762155313.3303447,0,0.026000000000000002,0.8,0,0,3,374.87,378.59999999999513,453.85,0.0,0.0,0.0,0.0,unknown
1762155313.3404646,0,0.027000000000000003,0.8,0,1,3,374.61,378.4999999999951,453.45000000000005,0.0,0.0,0.0,0.0,unknown
1762155313.350565,0,0.028,0.8,0,1,3,374.35,378.3999999999951,453.05,0.0,0.0,0.0,0.0,unknown
1762155313.360687,0,0.028,0.8,0,1,3,374.09,378.29999999999507,452.65,0.0,0.0,0.0,0.0,unknown
1762155313.370812,0,0.028,0.8,0,0,3,373.83,378.19999999999504,452.25,0.0,0.0,0.0,0.0,unknown
1762155313.380928,0,0.029,0.8,0,1,3,373.5,378.099999999995,451.75,0.0,0.0,0.0,0.0,unknown
1762155313.3910506,0,0.028,0.8,0,0,3,373.15,377.999999999995,451.35,0.0,0.0,0.0,0.0,unknown
1762155313.4011378,0,0.028,0.8,0,1,3,372.84,377.899999999995,451.04999999999995,0.0,0.0,0.0,0.0,unknown
1762155313.4112456,0,0.029,0.8,0,1,3,372.53,377.79999999999495,450.75,0.0,0.0,0.0,0.0,unknown
1762155313.4213557,0,0.029,0.8,0,1,3,372.36,377.69999999999493,450.55,0.0,0.0,0.0,0.0,unknown
1762155313.4314573,0,0.028,0.8,0,0,3,372.28,377.5999999999949,450.35,0.0,0.0,0.0,0.0,unknown
1762155313.4415536,0,0.028,0.8,1,0,3,372.2,377.4999999999949,450.29999999999995,0.0,0.0,0.0,0.0,unknown
1762155313.4516501,0,0.028,0.8,0,0,3,372.32,377.39999999999486,450.35,0.0,0.0,0.0,0.0,unknown
1762155313.4617462,0,0.029,0.8,0,1,3,372.44,377.29999999999484,450.5,0.0,0.0,0.0,0.0,unknown
1762155313.4718292,0,0.030000000000000002,0.8,0,1,3,372.56,377.1999999999948,450.65,0.0,0.0,0.0,0.0,unknown
1762155313.481902,0,0.030000000000000002,0.8,1,0,3,372.68,377.0999999999948,450.75,0.0,0.0,0.0,0.0,unknown
1762155313.4919953,0,0.029,0.8,0,0,3,372.8,376.99999999999477,450.9,0.0,0.0,0.0,0.0,unknown
1762155313.5020866,0,0.029,0.8,0,1,3,372.92,376.89999999999475,450.95,0.0,0.0,0.0,0.0,unknown
1762155313.5121677,0,0.028,0.8,0,0,3,373.04,376.7999999999947,451.04999999999995,0.0,0.0,0.0,0.0,unknown
1762155313.5222955,0,0.028,0.8,0,0,3,373.16,376.6999999999947,451.2,0.0,0.0,0.0,0.0,unknown
1762155313.5323987,0,0.028,0.8,0,0,3,373.29,376.5999999999947,451.3,0.0,0.0,0.0,0.0,unknown
1762155313.542483,0,0.028,0.8,0,0,3,373.51,376.49999999999466,451.29999999999995,0.0,0.0,0.0,0.0,unknown
1762155313.5526512,0,0.028,0.8,0,1,3,373.8,376.39999999999463,451.25,0.0,0.0,0.0,0.0,unknown
1762155313.562746,0,0.028,0.8,0,1,3,374.09,376.2999999999946,451.2,0.0,0.0,0.0,0.0,unknown
1762155313.5728168,0,0.028,0.8,0,0,3,374.09,376.1999999999946,451.15,0.0,0.0,0.0,0.0,unknown
1762155313.5828836,0,0.027000000000000003,0.8,0,0,3,373.97,376.09999999999457,451.05,0.0,0.0,0.0,0.0,unknown
1762155313.5929475,0,0.027000000000000003,0.8,0,0,3,373.85,375.99999999999454,450.85,0.0,0.0,0.0,0.0,unknown
1762155313.6031334,0,0.028,0.8,0,1,3,373.56,375.8999999999945,450.6,0.0,0.0,0.0,0.0,unknown
1762155313.6132376,0,0.029,0.8,0,1,3,373.2,375.7999999999945,450.3,0.0,0.0,0.0,0.0,unknown
1762155313.623353,0,0.031000000000000003,0.8,0,2,3,372.89,375.6999999999945,449.95,0.0,0.0,0.0,0.0,unknown
1762155313.6334198,0,0.033,0.8,0,2,3,372.6,375.59999999999445,449.55,0.0,0.0,0.0,0.0,unknown
1762155313.6434855,0,0.035,0.8,0,2,3,372.31,375.49999999999443,449.15,0.0,0.0,0.0,0.0,unknown
1762155313.6535878,0,0.036000000000000004,0.8,1,0,3,372.04,375.3999999999944,448.75,0.0,0.0,0.0,0.0,unknown
1762155313.6636603,0,0.036000000000000004,0.8,0,0,3,371.87,375.2999999999944,448.35,0.0,0.0,0.0,0.0,unknown
1762155313.6737914,0,0.037000000000000005,0.8,0,1,3,371.65,375.19999999999436,447.9,0.0,0.0,0.0,0.0,unknown
1762155313.68386,0,0.038,0.8,1,0,3,371.48,375.09999999999434,447.5,0.0,0.0,0.0,0.0,unknown
1762155313.6939263,0,0.037000000000000005,0.8,0,0,3,371.31,374.9999999999943,447.15,0.0,0.0,0.0,0.0,unknown
1762155313.7040534,0,0.036000000000000004,0.8,0,0,3,371.09,374.8999999999943,446.85,0.0,0.0,0.0,0.0,unknown
1762155313.7141197,0,0.036000000000000004,0.8,1,0,3,370.92,374.79999999999427,446.6,0.0,0.0,0.0,0.0,unknown
1762155313.7242362,0,0.037000000000000005,0.8,1,0,3,370.77,374.69999999999425,446.4,0.0,0.0,0.0,0.0,unknown
1762155313.7343214,0,0.038,0.8,1,1,3,370.62,374.5999999999942,446.25,0.0,0.0,0.0,0.0,unknown
1762155313.744385,0,0.037000000000000005,0.8,0,1,3,370.47,374.4999999999942,446.1,0.0,0.0,0.0,0.0,unknown
1762155313.754448,0,0.038,0.8,1,0,3,370.41,374.3999999999942,445.9,0.0,0.0,0.0,0.0,unknown
1762155313.76451,0,0.037000000000000005,0.8,0,0,3,370.41,374.29999999999416,445.7,0.0,0.0,0.0,0.0,unknown
1762155313.774581,0,0.038,0.8,1,1,3,370.59,374.19999999999413,445.6,0.0,0.0,0.0,0.0,unknown
1762155313.7846417,0,0.039,0.8,1,1,3,370.65,374.0999999999941,445.6,0.0,0.0,0.0,0.0,unknown
1762155313.7947023,0,0.039,0.8,0,1,3,370.71,373.9999999999941,445.6,0.0,0.0,0.0,0.0,unknown
1762155313.8048,0,0.038,0.8,0,0,3,370.71,373.89999999999407,445.6,0.0,0.0,0.0,0.0,unknown
1762155313.8149104,0,0.038,0.8,0,0,3,370.78,373.79999999999404,445.6,0.0,0.0,0.0,0.0,unknown
1762155313.825015,0,0.037000000000000005,0.8,0,1,3,370.81,373.699999999994,445.6,0.0,0.0,0.0,0.0,unknown
1762155313.8351226,0,0.037000000000000005,0.8,0,0,3,370.52,373.599999999994,445.6,0.0,0.0,0.0,0.0,unknown
1762155313.8452315,0,0.036000000000000004,0.8,0,0,3,370.32,373.499999999994,445.55,0.0,0.0,0.0,0.0,unknown
1762155313.8553329,0,0.036000000000000004,0.8,1,0,3,370.12,373.39999999999395,445.5,0.0,0.0,0.0,0.0,unknown
1762155313.8654318,0,0.036000000000000004,0.8,1,0,3,369.7,373.29999999999393,445.35,0.0,0.0,0.0,0.0,unknown
1762155313.8755593,0,0.036000000000000004,0.8,0,0,3,369.28,373.1999999999939,445.1,0.0,0.0,0.0,0.0,unknown
1762155313.8856773,0,0.035,0.8,0,0,3,368.91,373.0999999999939,444.75,0.0,0.0,0.0,0.0,unknown
1762155313.895789,0,0.035,0.8,0,0,3,368.49,372.99999999999386,444.3,0.0,0.0,0.0,0.0,unknown
1762155313.905905,0,0.034,0.8,0,0,3,368.12,372.89999999999384,443.95,0.0,0.0,0.0,0.0,unknown
1762155313.916063,0,0.034,0.8,1,0,3,367.75,372.7999999999938,443.65,0.0,0.0,0.0,0.0,unknown
1762155313.9261658,0,0.033,0.8,0,0,3,367.38,372.6999999999938,443.45,0.0,0.0,0.0,0.0,unknown
1762155313.9362807,0,0.034,0.8,1,0,3,367.01,372.59999999999377,443.2,0.0,0.0,0.0,0.0,unknown
1762155313.9463708,0,0.034,0.8,1,0,3,366.64,372.49999999999375,443.0,0.0,0.0,0.0,0.0,unknown
1762155313.9564836,0,0.034,0.8,0,0,3,366.2,372.3999999999937,442.8,0.0,0.0,0.0,0.0,unknown
1762155313.966573,0,0.034,0.8,1,0,3,365.76,372.2999999999937,442.5,0.0,0.0,0.0,0.0,unknown
1762155313.976675,0,0.033,0.8,0,0,3,365.36,372.1999999999937,442.2,0.0,0.0,0.0,0.0,unknown
1762155313.98679,0,0.032,0.8,0,0,3,365.01,372.09999999999366,441.85,0.0,0.0,0.0,0.0,unknown
1762155313.9968865,0,0.033,0.8,0,1,3,364.74,371.99999999999363,441.5,0.0,0.0,0.0,0.0,unknown
1762155314.0069919,0,0.032,0.8,0,0,3,364.74,371.8999999999936,441.25,0.0,0.0,0.0,0.0,unknown
1762155314.0171008,0,0.032,0.8,0,0,3,364.74,371.7999999999936,441.1,0.0,0.0,0.0,0.0,unknown
1762155314.0272055,0,0.032,0.8,0,0,3,364.87,371.69999999999357,441.04999999999995,0.0,0.0,0.0,0.0,unknown
1762155314.0372977,0,0.032,0.8,0,0,3,364.93,371.59999999999354,441.1,0.0,0.0,0.0,0.0,unknown
1762155314.0473955,0,0.032,0.8,0,0,3,364.99,371.4999999999935,441.25,0.0,0.0,0.0,0.0,unknown
1762155314.0574732,0,0.032,0.8,1,0,3,365.05,371.3999999999935,441.5,0.0,0.0,0.0,0.0,unknown
1762155314.0675428,0,0.032,0.8,1,0,3,365.11,371.2999999999935,441.95000000000005,0.0,0.0,0.0,0.0,unknown
1762155314.0776057,0,0.032,0.8,0,0,3,365.17,371.19999999999345,442.35,0.0,0.0,0.0,0.0,unknown
1762155314.0876849,0,0.032,0.8,0,0,3,365.23,371.09999999999343,442.7,0.0,0.0,0.0,0.0,unknown
1762155314.0977478,0,0.033,0.8,1,0,3,365.29,370.9999999999934,443.0,0.0,0.0,0.0,0.0,unknown
1762155314.1078122,0,0.034,0.8,1,1,3,365.35,370.8999999999934,443.35,0.0,0.0,0.0,0.0,unknown
1762155314.1178763,0,0.034,0.8,1,0,3,365.41,370.79999999999336,443.70000000000005,0.0,0.0,0.0,0.0,unknown
1762155314.127936,0,0.032,0.8,0,0,3,365.47,370.69999999999334,444.0,0.0,0.0,0.0,0.0,unknown
1762155314.1380148,0,0.030000000000000002,0.8,0,0,3,365.51,370.5999999999933,444.25,0.0,0.0,0.0,0.0,unknown
1762155314.148093,0,0.028,0.8,0,0,3,365.57,370.4999999999933,444.4,0.0,0.0,0.0,0.0,unknown
1762155314.158165,0,0.027000000000000003,0.8,0,0,3,365.64,370.39999999999327,444.5,0.0,0.0,0.0,0.0,unknown
1762155314.1682448,0,0.027000000000000003,0.8,0,0,3,365.71,370.29999999999325,444.55,0.0,0.0,0.0,0.0,unknown
1762155314.1783595,0,0.026000000000000002,0.8,0,0,3,365.53,370.1999999999932,444.6,0.0,0.0,0.0,0.0,unknown
1762155314.1884277,0,0.026000000000000002,0.8,0,1,3,365.33,370.0999999999932,444.54999999999995,0.0,0.0,0.0,0.0,unknown
1762155314.1985354,0,0.026000000000000002,0.8,0,0,3,365.15,369.9999999999932,444.5,0.0,0.0,0.0,0.0,unknown
1762155314.2085989,0,0.027000000000000003,0.8,0,1,3,364.69,369.89999999999316,444.45,0.0,0.0,0.0,0.0,unknown
1762155314.2186654,0,0.027000000000000003,0.8,0,1,3,364.23,369.79999999999313,444.4,0.0,0.0,0.0,0.0,unknown
1762155314.2287307,0,0.026000000000000002,0.8,0,0,3,363.76,369.6999999999931,444.20000000000005,0.0,0.0,0.0,0.0,unknown
1762155314.2388015,0,0.025,0.8,1,0,3,363.42,369.5999999999931,444.05,0.0,0.0,0.0,0.0,unknown
1762155314.2488704,0,0.024,0.8,0,0,3,363.08,369.49999999999307,443.9,0.0,0.0,0.0,0.0,unknown
1762155314.2589798,0,0.025,0.8,1,1,3,362.74,369.39999999999304,443.79999999999995,0.0,0.0,0.0,0.0,unknown
1762155314.269101,0,0.025,0.8,0,0,3,362.58,369.299999999993,443.85,0.0,0.0,0.0,0.0,unknown
1762155314.2791808,0,0.023,0.8,0,0,3,362.49,369.199999999993,443.95,0.0,0.0,0.0,0.0,unknown
1762155314.289245,0,0.021,0.8,0,0,3,362.33,369.099999999993,444.1,0.0,0.0,0.0,0.0,unknown
1762155314.2993212,0,0.02,0.8,0,0,3,362.22,368.99999999999295,444.25,0.0,0.0,0.0,0.0,unknown
1762155314.3093915,0,0.02,0.8,0,0,3,362.11,368.89999999999293,444.4,0.0,0.0,0.0,0.0,unknown
1762155314.319502,0,0.02,0.8,0,0,3,362,368.7999999999929,444.54999999999995,0.0,0.0,0.0,0.0,unknown
1762155314.3296025,0,0.019,0.8,0,0,3,361.91,368.6999999999929,444.6,0.0,0.0,0.0,0.0,unknown
1762155314.3397148,0,0.019,0.8,0,0,3,361.82,368.59999999999286,444.6,0.0,0.0,0.0,0.0,unknown
1762155314.3498065,0,0.019,0.8,0,0,3,361.82,368.49999999999284,444.55,0.0,0.0,0.0,0.0,unknown
1762155314.3599415,0,0.018000000000000002,0.8,0,0,3,361.82,368.3999999999928,444.5,0.0,0.0,0.0,0.0,unknown
1762155314.3702269,0,0.017,0.8,0,0,3,361.82,368.2999999999928,444.5,0.0,0.0,0.0,0.0,unknown
1762155314.3803363,0,0.017,0.8,0,0,3,361.84,368.19999999999277,444.6,0.0,0.0,0.0,0.0,unknown
1762155314.390453,0,0.017,0.8,0,0,3,361.88,368.09999999999275,444.75,0.0,0.0,0.0,0.0,unknown
1762155314.4005466,0,0.017,0.8,0,0,3,361.94,367.9999999999927,444.9,0.0,0.0,0.0,0.0,unknown
1762155314.4106467,0,0.018000000000000002,0.8,1,0,3,362.01,367.8999999999927,444.95,0.0,0.0,0.0,0.0,unknown
1762155314.4207487,0,0.018000000000000002,0.8,0,1,3,362.04,367.7999999999927,445.0,0.0,0.0,0.0,0.0,unknown
1762155314.43085,0,0.019,0.8,0,1,3,361.92,367.69999999999266,445.0,0.0,0.0,0.0,0.0,unknown
1762155314.4409459,0,0.018000000000000002,0.8,0,0,3,361.8,367.59999999999263,445.04999999999995,0.0,0.0,0.0,0.0,unknown
1762155314.4510584,0,0.017,0.8,0,0,3,361.62,367.4999999999926,445.05,0.0,0.0,0.0,0.0,unknown
1762155314.4611335,0,0.017,0.8,0,0,3,361.33,367.3999999999926,444.95,0.0,0.0,0.0,0.0,unknown
1762155314.4712694,0,0.017,0.8,1,0,3,361.04,367.29999999999256,444.85,0.0,0.0,0.0,0.0,unknown
1762155314.481376,0,0.017,0.8,0,0,3,360.75,367.19999999999254,444.75,0.0,0.0,0.0,0.0,unknown
1762155314.4914546,0,0.017,0.8,0,0,3,360.48,367.0999999999925,444.65,0.0,0.0,0.0,0.0,unknown
1762155314.5015426,0,0.016,0.8,0,0,3,360.19,366.9999999999925,444.5,0.0,0.0,0.0,0.0,unknown
1762155314.5116677,0,0.016,0.8,0,0,3,359.92,366.8999999999925,444.35,0.0,0.0,0.0,0.0,unknown
1762155314.521764,0,0.016,0.8,0,0,3,359.65,366.79999999999245,444.15,0.0,0.0,0.0,0.0,unknown
1762155314.5318766,0,0.017,0.8,0,1,3,359.47,366.69999999999243,444.05,0.0,0.0,0.0,0.0,unknown
1762155314.5420048,0,0.018000000000000002,0.8,1,0,3,359.21,366.5999999999924,443.95,0.0,0.0,0.0,0.0,unknown
1762155314.5520945,0,0.018000000000000002,0.8,0,0,3,358.9,366.4999999999924,443.85,0.0,0.0,0.0,0.0,unknown
1762155314.5621994,0,0.017,0.8,0,0,3,358.61,366.39999999999236,443.75,0.0,0.0,0.0,0.0,unknown
1762155314.57235,0,0.018000000000000002,0.8,2,0,3,358.26,366.29999999999234,443.6,0.0,0.0,0.0,0.0,unknown
1762155314.5825124,0,0.019,0.8,1,0,3,358.08,366.1999999999923,443.4,0.0,0.0,0.0,0.0,unknown
1762155314.5926106,0,0.02,0.8,1,0,3,358.02,366.0999999999923,443.20000000000005,0.0,0.0,0.0,0.0,unknown
1762155314.6026816,0,0.021,0.8,1,1,3,357.96,365.99999999999227,443.0,0.0,0.0,0.0,0.0,unknown
1762155314.6127424,0,0.019,0.8,0,0,3,357.85,365.89999999999225,442.75,0.0,0.0,0.0,0.0,unknown
1762155314.6228137,0,0.018000000000000002,0.8,0,0,3,357.79,365.7999999999922,442.45000000000005,0.0,0.0,0.0,0.0,unknown
1762155314.6328804,0,0.018000000000000002,0.8,0,0,3,357.63,365.6999999999922,442.15,0.0,0.0,0.0,0.0,unknown
1762155314.6429489,0,0.02,0.8,1,1,3,357.54,365.5999999999922,441.9,0.0,0.0,0.0,0.0,unknown
1762155314.6530583,0,0.023,0.8,1,2,3,357.43,365.49999999999216,441.75,0.0,0.0,0.0,0.0,unknown
1762155314.6631389,0,0.025,0.8,1,1,3,357.3,365.39999999999213,441.6,0.0,0.0,0.0,0.0,unknown
1762155314.6732514,0,0.027,0.8,1,1,3,357.21,365.2999999999921,441.5,0.0,0.0,0.0,0.0,unknown
1762155314.6833644,0,0.027,0.8,0,0,3,357.15,365.1999999999921,441.5,0.0,0.0,0.0,0.0,unknown
1762155314.6934311,0,0.026000000000000002,0.8,0,0,3,357.06,365.09999999999206,441.55,0.0,0.0,0.0,0.0,unknown
1762155314.7034926,0,0.026000000000000002,0.8,0,0,3,356.95,364.99999999999204,441.6,0.0,0.0,0.0,0.0,unknown
1762155314.7135572,0,0.025,0.8,0,0,3,356.89,364.899999999992,441.6,0.0,0.0,0.0,0.0,unknown
1762155314.723621,0,0.024,0.8,0,0,3,356.8,364.799999999992,441.6,0.0,0.0,0.0,0.0,unknown
1762155314.7337291,0,0.025,0.8,0,1,3,356.69,364.699999999992,441.6,0.0,0.0,0.0,0.0,unknown
1762155314.7438495,0,0.025,0.8,0,1,3,356.58,364.59999999999195,441.54999999999995,0.0,0.0,0.0,0.0,unknown
1762155314.7539158,0,0.026000000000000002,0.8,1,0,3,356.47,364.4999999999919,441.54999999999995,0.0,0.0,0.0,0.0,unknown
1762155314.7640095,0,0.024,0.8,0,0,3,356.38,364.3999999999919,441.55,0.0,0.0,0.0,0.0,unknown
1762155314.7741272,0,0.025,0.8,1,0,3,356.27,364.2999999999919,441.54999999999995,0.0,0.0,0.0,0.0,unknown
1762155314.7842252,0,0.026000000000000002,0.8,0,1,3,355.93,364.19999999999186,441.45000000000005,0.0,0.0,0.0,0.0,unknown
1762155314.794286,0,0.027,0.8,0,1,3,355.93,364.09999999999184,441.25,0.0,0.0,0.0,0.0,unknown
1762155314.804386,0,0.027,0.8,0,0,3,355.93,363.9999999999918,441.1,0.0,0.0,0.0,0.0,unknown
1762155314.8144815,0,0.028,0.8,0,1,3,355.93,363.8999999999918,440.8,0.0,0.0,0.0,0.0,unknown
1762155314.8245926,0,0.028,0.8,0,0,3,355.86,363.79999999999177,440.5,0.0,0.0,0.0,0.0,unknown
1762155314.8346603,0,0.030000000000000002,0.8,2,0,3,355.83,363.69999999999175,440.2,0.0,0.0,0.0,0.0,unknown
1762155314.8447251,0,0.031,0.8,1,0,3,355.83,363.5999999999917,439.95000000000005,0.0,0.0,0.0,0.0,unknown
1762155314.8548052,0,0.032,0.8,1,0,3,355.83,363.4999999999917,439.70000000000005,0.0,0.0,0.0,0.0,unknown
1762155314.864905,0,0.032,0.8,0,0,3,355.83,363.3999999999917,439.45,0.0,0.0,0.0,0.0,unknown
1762155314.8749917,0,0.032,0.8,0,0,3,356,363.29999999999166,439.29999999999995,0.0,0.0,0.0,0.0,unknown
1762155314.885063,0,0.035,0.8,2,1,3,356.22,363.19999999999163,439.2,0.0,0.0,0.0,0.0,unknown
1762155314.8951786,0,0.035,0.8,0,0,3,356.42,363.0999999999916,439.2,0.0,0.0,0.0,0.0,unknown
1762155314.905249,0,0.036000000000000004,0.8,1,0,3,356.62,362.9999999999916,439.3,0.0,0.0,0.0,0.0,unknown
1762155314.9153123,0,0.036000000000000004,0.8,1,0,3,356.86,362.89999999999156,439.45,0.0,0.0,0.0,0.0,unknown
1762155314.9253807,0,0.036000000000000004,0.8,1,0,3,357.06,362.79999999999154,439.7,0.0,0.0,0.0,0.0,unknown
1762155314.9355037,0,0.035,0.8,0,0,3,357.26,362.6999999999915,440.0,0.0,0.0,0.0,0.0,unknown
1762155314.9456124,0,0.035,0.8,0,0,3,357.39,362.5999999999915,440.25,0.0,0.0,0.0,0.0,unknown
1762155314.9556756,0,0.035,0.8,0,0,3,357.5,362.4999999999915,440.29999999999995,0.0,0.0,0.0,0.0,unknown
1762155314.9657505,0,0.035,0.8,0,0,3,357.39,362.39999999999145,440.35,0.0,0.0,0.0,0.0,unknown
1762155314.9758298,0,0.035,0.8,1,0,3,357.28,362.2999999999914,440.45000000000005,0.0,0.0,0.0,0.0,unknown
1762155314.9858987,0,0.035,0.8,0,0,3,357.17,362.1999999999914,440.45000000000005,0.0,0.0,0.0,0.0,unknown
1762155314.9960096,0,0.035,0.8,0,0,3,357.06,362.0999999999914,440.35,0.0,0.0,0.0,0.0,unknown
1762155315.0060732,0,0.037,0.8,1,1,3,356.93,361.99999999999136,440.20000000000005,0.0,0.0,0.0,0.0,unknown
1762155315.0161479,0,0.038,0.8,1,0,3,356.73,361.89999999999134,440.04999999999995,0.0,0.0,0.0,0.0,unknown
1762155315.0262136,0,0.04,0.8,2,0,3,356.51,361.7999999999913,439.9,0.0,0.0,0.0,0.0,unknown
1762155315.0362775,0,0.04,0.8,1,0,3,356.11,361.6999999999913,439.75,0.0,0.0,0.0,0.0,unknown
1762155315.0463433,0,0.04,0.8,1,0,3,355.85,361.59999999999127,439.55,0.0,0.0,0.0,0.0,unknown
1762155315.0564055,0,0.04,0.8,0,0,3,355.57,361.49999999999125,439.15,0.0,0.0,0.0,0.0,unknown
1762155315.0664732,0,0.04,0.8,0,0,3,355.24,361.3999999999912,438.65,0.0,0.0,0.0,0.0,unknown
1762155315.0765367,0,0.038,0.8,0,0,3,354.96,361.2999999999912,438.05,0.0,0.0,0.0,0.0,unknown
1762155315.0865989,0,0.038,0.8,1,0,3,354.68,361.1999999999912,437.54999999999995,0.0,0.0,0.0,0.0,unknown
1762155315.0966597,0,0.038,0.8,0,1,3,354.42,361.09999999999116,437.05,0.0,0.0,0.0,0.0,unknown
1762155315.1067188,0,0.037,0.8,0,1,3,354.16,360.99999999999113,436.54999999999995,0.0,0.0,0.0,0.0,unknown
1762155315.1168077,0,0.038,0.8,0,1,3,354.01,360.8999999999911,435.95000000000005,0.0,0.0,0.0,0.0,unknown
1762155315.12691,0,0.038,0.8,0,0,3,353.86,360.7999999999911,435.35,0.0,0.0,0.0,0.0,unknown
1762155315.1369953,0,0.039,0.8,1,0,3,353.64,360.69999999999106,434.8,0.0,0.0,0.0,0.0,unknown
1762155315.147101,0,0.037,0.8,0,0,3,353.58,360.59999999999104,434.2,0.0,0.0,0.0,0.0,unknown
1762155315.1571758,0,0.034,0.8,0,0,3,353.52,360.499999999991,433.75,0.0,0.0,0.0,0.0,unknown
1762155315.1672764,0,0.033,0.8,1,0,3,353.39,360.399999999991,433.4,0.0,0.0,0.0,0.0,unknown
1762155315.1773472,0,0.033,0.8,1,1,3,353.26,360.299999999991,433.2,0.0,0.0,0.0,0.0,unknown
1762155315.1874547,0,0.033,0.8,0,0,3,353.13,360.19999999999095,433.05,0.0,0.0,0.0,0.0,unknown
1762155315.1975362,0,0.034,0.8,0,1,3,353.07,360.0999999999909,432.95,0.0,0.0,0.0,0.0,unknown
1762155315.2075975,0,0.035,0.8,1,0,3,353.01,359.9999999999909,432.75,0.0,0.0,0.0,0.0,unknown
1762155315.2176604,0,0.036000000000000004,0.8,1,0,3,353.12,359.8999999999909,432.45,0.0,0.0,0.0,0.0,unknown
1762155315.227733,0,0.037000000000000005,0.8,0,1,3,353.23,359.79999999999086,432.05,0.0,0.0,0.0,0.0,unknown
1762155315.2377987,0,0.037000000000000005,0.8,1,0,3,353.39,359.69999999999084,431.79999999999995,0.0,0.0,0.0,0.0,unknown
1762155315.2478633,0,0.037000000000000005,0.8,0,1,3,353.57,359.5999999999908,431.5,0.0,0.0,0.0,0.0,unknown
1762155315.2579243,0,0.036000000000000004,0.8,0,0,3,353.79,359.4999999999908,431.15,0.0,0.0,0.0,0.0,unknown
1762155315.268032,0,0.038,0.8,1,1,3,354.08,359.39999999999077,430.75,0.0,0.0,0.0,0.0,unknown
1762155315.2781124,0,0.038,0.8,0,1,3,354.37,359.29999999999075,430.35,0.0,0.0,0.0,0.0,unknown
1762155315.2881851,0,0.037000000000000005,0.8,0,0,3,354.46,359.1999999999907,430.1,0.0,0.0,0.0,0.0,unknown
1762155315.2982898,0,0.037000000000000005,0.8,1,0,3,354.62,359.0999999999907,429.85,0.0,0.0,0.0,0.0,unknown
1762155315.3083508,0,0.037000000000000005,0.8,0,0,3,354.73,358.9999999999907,429.65,0.0,0.0,0.0,0.0,unknown
1762155315.3184116,0,0.037000000000000005,0.8,1,0,3,354.64,358.89999999999065,429.45,0.0,0.0,0.0,0.0,unknown
1762155315.3284829,0,0.037000000000000005,0.8,0,0,3,354.53,358.79999999999063,429.15,0.0,0.0,0.0,0.0,unknown
1762155315.33858,0,0.035,0.8,0,0,3,354.4,358.6999999999906,428.85,0.0,0.0,0.0,0.0,unknown
1762155315.3486748,0,0.035,0.8,0,1,3,354.27,358.5999999999906,428.45000000000005,0.0,0.0,0.0,0.0,unknown
1762155315.3587523,0,0.036000000000000004,0.8,1,1,3,354,358.49999999999056,428.05,0.0,0.0,0.0,0.0,unknown
1762155315.368817,0,0.037000000000000005,0.8,0,1,3,353.8,358.39999999999054,427.70000000000005,0.0,0.0,0.0,0.0,unknown
1762155315.3788905,0,0.039,0.8,1,1,3,353.58,358.2999999999905,427.3,0.0,0.0,0.0,0.0,unknown
1762155315.3889997,0,0.038,0.8,1,1,3,353.36,358.1999999999905,426.85,0.0,0.0,0.0,0.0,unknown
1762155315.3991046,0,0.039,0.8,0,1,3,353.1,358.0999999999905,426.35,0.0,0.0,0.0,0.0,unknown
1762155315.4091666,0,0.041,0.8,1,2,3,352.84,357.99999999999045,425.85,0.0,0.0,0.0,0.0,unknown
1762155315.4192786,0,0.042,0.8,0,2,3,352.49,357.8999999999904,425.4,0.0,0.0,0.0,0.0,unknown
1762155315.4293804,0,0.041,0.8,0,0,3,352.18,357.7999999999904,424.9,0.0,0.0,0.0,0.0,unknown
1762155315.4394982,0,0.041,0.8,0,0,3,351.92,357.6999999999904,424.35,0.0,0.0,0.0,0.0,unknown
1762155315.4496174,0,0.041,0.8,0,0,3,351.66,357.59999999999036,423.75,0.0,0.0,0.0,0.0,unknown
1762155315.459727,0,0.041,0.8,0,0,3,351.55,357.49999999999034,423.04999999999995,0.0,0.0,0.0,0.0,unknown
1762155315.469906,0,0.043000000000000003,0.8,2,0,3,351.5,357.3999999999903,422.4,0.0,0.0,0.0,0.0,unknown
1762155315.4799953,0,0.044000000000000004,0.8,2,0,3,351.45,357.2999999999903,421.8,0.0,0.0,0.0,0.0,unknown
1762155315.490123,0,0.045000000000000005,0.8,1,0,3,351.62,357.19999999999027,421.25,0.0,0.0,0.0,0.0,unknown
1762155315.5002246,0,0.047,0.8,0,2,3,351.71,357.09999999999025,421.0,0.0,0.0,0.0,0.0,unknown
1762155315.5103238,0,0.045000000000000005,0.8,0,0,3,351.82,356.9999999999902,420.85,0.0,0.0,0.0,0.0,unknown
1762155315.520436,0,0.044000000000000004,0.8,0,0,3,351.91,356.8999999999902,420.85,0.0,0.0,0.0,0.0,unknown
1762155315.530543,0,0.043000000000000003,0.8,0,1,3,352,356.7999999999902,420.9,0.0,0.0,0.0,0.0,unknown
1762155315.5406592,0,0.042,0.8,0,0,3,352,356.69999999999015,420.8,0.0,0.0,0.0,0.0,unknown
1762155315.5507424,0,0.041,0.8,0,0,3,352,356.59999999999013,420.70000000000005,0.0,0.0,0.0,0.0,unknown
1762155315.5608199,0,0.043000000000000003,0.8,1,1,3,352,356.4999999999901,420.65,0.0,0.0,0.0,0.0,unknown
1762155315.5709262,0,0.045000000000000005,0.8,1,1,3,351.94,356.3999999999901,420.7,0.0,0.0,0.0,0.0,unknown
1762155315.5810153,0,0.046,0.8,1,0,3,351.94,356.29999999999006,420.75,0.0,0.0,0.0,0.0,unknown
1762155315.591096,0,0.045000000000000005,0.8,0,0,3,352,356.19999999999004,420.85,0.0,0.0,0.0,0.0,unknown
1762155315.6011753,0,0.045000000000000005,0.8,0,1,3,352.13,356.09999999999,420.9,0.0,0.0,0.0,0.0,unknown
1762155315.6112368,0,0.044000000000000004,0.8,0,0,3,352.22,355.99999999999,420.95000000000005,0.0,0.0,0.0,0.0,unknown
1762155315.621299,0,0.043000000000000003,0.8,0,0,3,352.57,355.89999999999,421.1,0.0,0.0,0.0,0.0,unknown
1762155315.6313941,0,0.043000000000000003,0.8,0,0,3,352.92,355.79999999998995,421.35,0.0,0.0,0.0,0.0,unknown
1762155315.6414702,0,0.044000000000000004,0.8,2,0,3,353.19,355.6999999999899,421.7,0.0,0.0,0.0,0.0,unknown
1762155315.6515658,0,0.046,0.8,1,1,3,353.23,355.5999999999899,421.95,0.0,0.0,0.0,0.0,unknown
1762155315.6616333,0,0.049,0.8,1,2,3,353.34,355.4999999999899,422.05,0.0,0.0,0.0,0.0,unknown
1762155315.671693,0,0.05,0.8,1,1,3,353.36,355.39999999998986,422.1,0.0,0.0,0.0,0.0,unknown
1762155315.6817658,0,0.049,0.8,0,1,3,353.34,355.29999999998984,422.05,0.0,0.0,0.0,0.0,unknown
1762155315.691846,0,0.05,0.8,0,1,3,353.34,355.1999999999898,421.9,0.0,0.0,0.0,0.0,unknown
1762155315.70192,0,0.05,0.8,1,0,3,353.32,355.0999999999898,421.6,0.0,0.0,0.0,0.0,unknown
1762155315.7119856,0,0.05,0.8,1,0,3,353.32,354.99999999998977,421.35,0.0,0.0,0.0,0.0,unknown
1762155315.72205,0,0.05,0.8,1,0,3,353.34,354.89999999998975,421.25,0.0,0.0,0.0,0.0,unknown
1762155315.7321272,0,0.049,0.8,0,0,3,353.34,354.7999999999897,421.20000000000005,0.0,0.0,0.0,0.0,unknown
1762155315.7421951,0,0.048,0.8,0,0,3,353.32,354.6999999999897,421.15,0.0,0.0,0.0,0.0,unknown
1762155315.7522595,0,0.048,0.8,1,0,3,353.3,354.5999999999897,421.04999999999995,0.0,0.0,0.0,0.0,unknown
1762155315.7623286,0,0.049,0.8,1,0,3,353.3,354.49999999998965,420.85,0.0,0.0,0.0,0.0,unknown
1762155315.7724452,0,0.05,0.8,2,1,3,353.17,354.39999999998963,420.7,0.0,0.0,0.0,0.0,unknown
1762155315.7825131,0,0.05,0.8,0,1,3,353.08,354.2999999999896,420.55,0.0,0.0,0.0,0.0,unknown
1762155315.7926137,0,0.053,0.8,2,1,3,353.04,354.1999999999896,420.45,0.0,0.0,0.0,0.0,unknown
1762155315.802685,0,0.053,0.8,1,0,3,352.78,354.09999999998956,420.35,0.0,0.0,0.0,0.0,unknown
1762155315.8127542,0,0.054,0.8,1,0,3,352.52,353.99999999998954,420.25,0.0,0.0,0.0,0.0,unknown
1762155315.8228548,0,0.055,0.8,1,1,3,352.26,353.8999999999895,420.2,0.0,0.0,0.0,0.0,unknown
1762155315.8329563,0,0.056,0.8,0,1,3,351.93,353.7999999999895,420.1,0.0,0.0,0.0,0.0,unknown
1762155315.8430238,0,0.056,0.8,0,0,3,351.78,353.6999999999895,420.0,0.0,0.0,0.0,0.0,unknown
1762155315.8531306,0,0.055,0.8,0,0,3,351.61,353.59999999998945,419.8,0.0,0.0,0.0,0.0,unknown
1762155315.8632395,0,0.054,0.8,0,1,3,351.44,353.4999999999894,419.7,0.0,0.0,0.0,0.0,unknown
1762155315.873313,0,0.054,0.8,0,1,3,351.22,353.3999999999894,419.65,0.0,0.0,0.0,0.0,unknown
1762155315.883421,0,0.053,0.8,0,1,3,351.05,353.2999999999894,419.6,0.0,0.0,0.0,0.0,unknown
1762155315.8935158,0,0.051000000000000004,0.8,0,0,3,350.9,353.19999999998936,419.6,0.0,0.0,0.0,0.0,unknown
1762155315.9036243,0,0.05,0.8,0,0,3,350.65,353.09999999998934,419.6,0.0,0.0,0.0,0.0,unknown
1762155315.9136963,0,0.047,0.8,0,0,3,350.45,352.9999999999893,419.6,0.0,0.0,0.0,0.0,unknown
1762155315.9237623,0,0.047,0.8,2,0,3,350.16,352.8999999999893,419.65,0.0,0.0,0.0,0.0,unknown
1762155315.9338272,0,0.048,0.8,1,0,3,349.91,352.79999999998927,419.6,0.0,0.0,0.0,0.0,unknown
1762155315.943891,0,0.05,0.8,2,0,3,349.71,352.69999999998925,419.45,0.0,0.0,0.0,0.0,unknown
1762155315.953971,0,0.052000000000000005,0.8,1,1,3,349.6,352.5999999999892,419.35,0.0,0.0,0.0,0.0,unknown
1762155315.9640465,0,0.052000000000000005,0.8,0,0,3,349.51,352.4999999999892,419.4,0.0,0.0,0.0,0.0,unknown
1762155315.9741158,0,0.05,0.8,0,0,3,349.62,352.3999999999892,419.45,0.0,0.0,0.0,0.0,unknown
1762155315.984208,0,0.048,0.8,0,0,3,349.73,352.29999999998915,419.5,0.0,0.0,0.0,0.0,unknown
1762155315.994316,0,0.047,0.8,0,0,3,349.84,352.19999999998913,419.65,0.0,0.0,0.0,0.0,unknown
1762155316.0043983,0,0.047,0.8,1,1,3,349.99,352.0999999999891,419.9,0.0,0.0,0.0,0.0,unknown
1762155316.0144756,0,0.048,0.8,0,1,3,349.99,351.9999999999891,420.2,0.0,0.0,0.0,0.0,unknown
1762155316.024543,0,0.048,0.8,0,0,3,349.99,351.89999999998906,420.35,0.0,0.0,0.0,0.0,unknown
1762155316.03461,0,0.047,0.8,0,0,3,349.99,351.79999999998904,420.35,0.0,0.0,0.0,0.0,unknown
1762155316.0446749,0,0.047,0.8,0,0,3,350.04,351.699999999989,420.25,0.0,0.0,0.0,0.0,unknown
1762155316.054779,0,0.049,0.8,1,1,3,350.02,351.599999999989,420.20000000000005,0.0,0.0,0.0,0.0,unknown
1762155316.0648763,0,0.048,0.8,1,0,3,350.04,351.499999999989,420.29999999999995,0.0,0.0,0.0,0.0,unknown
1762155316.0749497,0,0.046,0.8,0,0,3,350.09,351.39999999998895,420.35,0.0,0.0,0.0,0.0,unknown
1762155316.0850801,0,0.046,0.8,1,0,3,350.11,351.2999999999889,420.25,0.0,0.0,0.0,0.0,unknown
1762155316.0951738,0,0.048,0.8,1,1,3,350.13,351.1999999999889,420.04999999999995,0.0,0.0,0.0,0.0,unknown
1762155316.1052377,0,0.047,0.8,0,0,3,350.13,351.0999999999889,419.9,0.0,0.0,0.0,0.0,unknown
1762155316.115344,0,0.048,0.8,0,1,3,349.99,350.99999999998886,419.75,0.0,0.0,0.0,0.0,unknown
1762155316.1254537,0,0.048,0.8,0,0,3,349.72,350.89999999998884,419.7,0.0,0.0,0.0,0.0,unknown
1762155316.1355228,0,0.049,0.8,0,1,3,349.52,350.7999999999888,419.65,0.0,0.0,0.0,0.0,unknown
1762155316.1455874,0,0.048,0.8,0,1,3,349.34,350.6999999999888,419.55,0.0,0.0,0.0,0.0,unknown
1762155316.155663,0,0.047,0.8,1,0,3,349.14,350.59999999998877,419.54999999999995,0.0,0.0,0.0,0.0,unknown
1762155316.1657257,0,0.044000000000000004,0.8,0,0,3,348.94,350.49999999998875,419.5,0.0,0.0,0.0,0.0,unknown
1762155316.1757925,0,0.044000000000000004,0.8,1,1,3,348.72,350.3999999999887,419.35,0.0,0.0,0.0,0.0,unknown
1762155316.1858864,0,0.045000000000000005,0.8,1,1,3,348.52,350.2999999999887,419.1,0.0,0.0,0.0,0.0,unknown
1762155316.1959965,0,0.047,0.8,2,1,3,348.41,350.1999999999887,418.95000000000005,0.0,0.0,0.0,0.0,unknown
1762155316.2060719,0,0.049,0.8,2,1,3,348.3,350.09999999998865,418.85,0.0,0.0,0.0,0.0,unknown
1762155316.2161407,0,0.049,0.8,1,0,3,348.19,349.99999999998863,418.8,0.0,0.0,0.0,0.0,unknown
1762155316.2262092,0,0.05,0.8,1,1,3,348.08,349.8999999999886,418.79999999999995,0.0,0.0,0.0,0.0,unknown
1762155316.2363307,0,0.053,0.8,1,2,3,347.97,349.7999999999886,418.95000000000005,0.0,0.0,0.0,0.0,unknown
1762155316.2464411,0,0.055,0.8,1,1,3,347.81,349.69999999998856,419.04999999999995,0.0,0.0,0.0,0.0,unknown
1762155316.2565038,0,0.054,0.8,0,0,3,347.68,349.59999999998854,419.20000000000005,0.0,0.0,0.0,0.0,unknown
1762155316.2665708,0,0.053,0.8,0,0,3,347.46,349.4999999999885,419.35,0.0,0.0,0.0,0.0,unknown
1762155316.276633,0,0.05,0.8,0,0,3,347.17,349.3999999999885,419.45,0.0,0.0,0.0,0.0,unknown
1762155316.2866957,0,0.049,0.8,0,0,3,346.93,349.2999999999885,419.54999999999995,0.0,0.0,0.0,0.0,unknown
1762155316.296813,0,0.048,0.8,1,1,3,346.84,349.19999999998845,419.6,0.0,0.0,0.0,0.0,unknown
1762155316.306881,0,0.048,0.8,1,0,3,346.75,349.0999999999884,419.6,0.0,0.0,0.0,0.0,unknown
1762155316.3169599,0,0.049,0.8,1,1,3,346.66,348.9999999999884,419.6,0.0,0.0,0.0,0.0,unknown
1762155316.3270664,0,0.047,0.8,0,0,3,346.77,348.8999999999884,419.6,0.0,0.0,0.0,0.0,unknown
1762155316.3371313,0,0.047,0.8,1,0,3,346.9,348.79999999998836,419.70000000000005,0.0,0.0,0.0,0.0,unknown
1762155316.3471956,0,0.047,0.8,0,0,3,347.01,348.69999999998834,419.85,0.0,0.0,0.0,0.0,unknown
1762155316.3572578,0,0.048,0.8,1,0,3,347.07,348.5999999999883,420.1,0.0,0.0,0.0,0.0,unknown
1762155316.3673327,0,0.049,0.8,0,2,3,346.98,348.4999999999883,420.45000000000005,0.0,0.0,0.0,0.0,unknown
1762155316.3773975,0,0.049,0.8,0,1,3,346.82,348.39999999998827,420.75,0.0,0.0,0.0,0.0,unknown
1762155316.38747,0,0.049,0.8,0,1,3,346.68,348.29999999998824,421.0,0.0,0.0,0.0,0.0,unknown
1762155316.3975508,0,0.049,0.8,0,0,3,346.52,348.1999999999882,421.1,0.0,0.0,0.0,0.0,unknown
1762155316.4076493,0,0.051000000000000004,0.8,1,1,3,346.36,348.0999999999882,421.20000000000005,0.0,0.0,0.0,0.0,unknown
1762155316.417754,0,0.053000000000000005,0.8,1,1,3,346.2,347.9999999999882,421.25,0.0,0.0,0.0,0.0,unknown
1762155316.4278424,0,0.052000000000000005,0.8,0,1,3,346.06,347.89999999998815,421.25,0.0,0.0,0.0,0.0,unknown
1762155316.4379427,0,0.053000000000000005,0.8,1,1,3,345.92,347.79999999998813,421.25,0.0,0.0,0.0,0.0,unknown
1762155316.4480503,0,0.052000000000000005,0.8,0,1,3,345.76,347.6999999999881,421.2,0.0,0.0,0.0,0.0,unknown
1762155316.4581392,0,0.053,0.8,0,3,3,345.6,347.5999999999881,421.2,0.0,0.0,0.0,0.0,unknown
1762155316.4682376,0,0.054,0.8,0,1,3,345.37,347.49999999998806,421.3,0.0,0.0,0.0,0.0,unknown
1762155316.478352,0,0.056,0.8,1,1,3,345.17,347.39999999998804,421.4,0.0,0.0,0.0,0.0,unknown
1762155316.4884424,0,0.058,0.8,1,1,3,345.04,347.299999999988,421.5,0.0,0.0,0.0,0.0,unknown
1762155316.4985557,0,0.059000000000000004,0.8,1,0,3,344.69,347.199999999988,421.55,0.0,0.0,0.0,0.0,unknown
1762155316.508676,0,0.058,0.8,0,1,3,344.49,347.099999999988,421.35,0.0,0.0,0.0,0.0,unknown
1762155316.5187538,0,0.058,0.8,0,1,3,344.29,346.99999999998795,421.1,0.0,0.0,0.0,0.0,unknown
1762155316.528873,0,0.059000000000000004,0.8,1,0,3,344.09,346.8999999999879,420.65,0.0,0.0,0.0,0.0,unknown
1762155316.538995,0,0.061000000000000006,0.8,1,1,3,344.09,346.7999999999879,420.15,0.0,0.0,0.0,0.0,unknown
1762155316.5491116,0,0.062,0.8,0,1,3,343.93,346.6999999999879,419.8,0.0,0.0,0.0,0.0,unknown
1762155316.5592167,0,0.062,0.8,0,2,3,343.77,346.59999999998786,419.5,0.0,0.0,0.0,0.0,unknown
1762155316.5693002,0,0.063,0.8,0,2,3,343.66,346.49999999998784,419.25,0.0,0.0,0.0,0.0,unknown
1762155316.579412,0,0.064,0.8,0,1,3,343.55,346.3999999999878,419.0,0.0,0.0,0.0,0.0,unknown
1762155316.5894923,0,0.065,0.8,0,2,3,343.44,346.2999999999878,418.75,0.0,0.0,0.0,0.0,unknown
1762155316.599604,0,0.065,0.8,0,2,3,343.27,346.19999999998777,418.55,0.0,0.0,0.0,0.0,unknown
1762155316.6097093,0,0.066,0.8,0,1,3,342.98,346.09999999998774,418.5,0.0,0.0,0.0,0.0,unknown
1762155316.6197739,0,0.065,0.8,0,0,3,342.78,345.9999999999877,418.4,0.0,0.0,0.0,0.0,unknown
1762155316.629852,0,0.066,0.8,1,0,3,342.49,345.8999999999877,418.3,0.0,0.0,0.0,0.0,unknown
1762155316.6399257,0,0.065,0.8,0,0,3,342.25,345.7999999999877,418.15,0.0,0.0,0.0,0.0,unknown
1762155316.6500537,0,0.065,0.8,0,1,3,342.09,345.69999999998765,417.95000000000005,0.0,0.0,0.0,0.0,unknown
1762155316.6601288,0,0.065,0.8,1,0,3,342.16,345.59999999998763,417.95000000000005,0.0,0.0,0.0,0.0,unknown
1762155316.6701946,0,0.067,0.8,1,1,3,342.18,345.4999999999876,418.1,0.0,0.0,0.0,0.0,unknown
1762155316.680266,0,0.066,0.8,1,0,3,342.29,345.3999999999876,418.3,0.0,0.0,0.0,0.0,unknown
1762155316.6903348,0,0.064,0.8,0,0,3,342.42,345.29999999998756,418.55,0.0,0.0,0.0,0.0,unknown
1762155316.7004132,0,0.062,0.8,1,0,3,342.42,345.19999999998754,418.8,0.0,0.0,0.0,0.0,unknown
1762155316.7104871,0,0.060000000000000005,0.8,0,1,3,342.42,345.0999999999875,419.0,0.0,0.0,0.0,0.0,unknown
1762155316.7205534,0,0.062,0.8,2,1,3,342.24,344.9999999999875,419.1,0.0,0.0,0.0,0.0,unknown
1762155316.7306175,0,0.063,0.8,1,2,3,342.04,344.8999999999875,419.05,0.0,0.0,0.0,0.0,unknown
1762155316.7406366,0,0.061000000000000006,0.8,1,0,3,341.79,344.79999999998745,418.9,0.0,0.0,0.0,0.0,unknown
1762155316.7507434,0,0.059000000000000004,0.8,0,0,3,341.61,344.6999999999874,418.75,0.0,0.0,0.0,0.0,unknown
1762155316.7608495,0,0.060000000000000005,0.8,0,1,3,341.38,344.5999999999874,418.70000000000005,0.0,0.0,0.0,0.0,unknown
1762155316.7709432,0,0.060000000000000005,0.8,0,0,3,341.18,344.4999999999874,418.70000000000005,0.0,0.0,0.0,0.0,unknown
1762155316.7810645,0,0.061000000000000006,0.8,1,0,3,340.95,344.39999999998736,418.79999999999995,0.0,0.0,0.0,0.0,unknown
1762155316.7911296,0,0.062,0.8,1,0,3,340.7,344.29999999998734,418.95000000000005,0.0,0.0,0.0,0.0,unknown
1762155316.8011932,0,0.061000000000000006,0.8,1,0,3,340.5,344.1999999999873,419.1,0.0,0.0,0.0,0.0,unknown
1762155316.8113136,0,0.061000000000000006,0.8,1,0,3,340.3,344.0999999999873,419.25,0.0,0.0,0.0,0.0,unknown
1762155316.8213797,0,0.060000000000000005,0.8,1,0,3,340.05,343.99999999998727,419.35,0.0,0.0,0.0,0.0,unknown
1762155316.8314693,0,0.061000000000000006,0.8,1,0,3,339.8,343.89999999998724,419.4,0.0,0.0,0.0,0.0,unknown
1762155316.8415692,0,0.062,0.8,1,1,3,339.67,343.7999999999872,419.45,0.0,0.0,0.0,0.0,unknown
1762155316.8516808,0,0.064,0.8,2,0,3,339.38,343.6999999999872,419.4,0.0,0.0,0.0,0.0,unknown
1762155316.8618028,0,0.065,0.8,0,2,3,339.13,343.5999999999872,419.45000000000005,0.0,0.0,0.0,0.0,unknown
1762155316.8719082,0,0.067,0.8,2,2,3,338.88,343.49999999998715,419.35,0.0,0.0,0.0,0.0,unknown
1762155316.8820336,0,0.068,0.8,0,2,3,338.68,343.39999999998713,419.2,0.0,0.0,0.0,0.0,unknown
1762155316.892187,0,0.068,0.8,1,0,3,338.57,343.2999999999871,419.15,0.0,0.0,0.0,0.0,unknown
1762155316.9023588,0,0.068,0.8,0,0,3,338.44,343.1999999999871,419.20000000000005,0.0,0.0,0.0,0.0,unknown
1762155316.9124846,0,0.067,0.8,0,1,3,338.4,343.09999999998706,419.3,0.0,0.0,0.0,0.0,unknown
1762155316.9226103,0,0.067,0.8,1,1,3,338.31,342.99999999998704,419.45000000000005,0.0,0.0,0.0,0.0,unknown
1762155316.932712,0,0.066,0.8,0,0,3,338.27,342.899999999987,419.45,0.0,0.0,0.0,0.0,unknown
1762155316.9428368,0,0.064,0.8,0,0,3,338.23,342.799999999987,419.5,0.0,0.0,0.0,0.0,unknown
1762155316.9529622,0,0.064,0.8,0,1,3,338.12,342.69999999998697,419.65,0.0,0.0,0.0,0.0,unknown
1762155316.96306,0,0.063,0.8,1,1,3,338.01,342.59999999998695,419.75,0.0,0.0,0.0,0.0,unknown
1762155316.973148,0,0.064,0.8,1,1,3,337.65,342.4999999999869,419.70000000000005,0.0,0.0,0.0,0.0,unknown
1762155316.9832556,0,0.062,0.8,0,0,3,337.29,342.3999999999869,419.65,0.0,0.0,0.0,0.0,unknown
1762155316.9933217,0,0.060000000000000005,0.8,0,0,3,336.93,342.2999999999869,419.65,0.0,0.0,0.0,0.0,unknown
1762155317.0033882,0,0.059000000000000004,0.8,0,0,3,336.62,342.19999999998686,419.6,0.0,0.0,0.0,0.0,unknown
1762155317.0134673,0,0.058,0.8,0,0,3,336.22,342.09999999998684,419.5,0.0,0.0,0.0,0.0,unknown
1762155317.0235438,0,0.059000000000000004,0.8,1,1,3,336.04,341.9999999999868,419.45,0.0,0.0,0.0,0.0,unknown
1762155317.0336113,0,0.059000000000000004,0.8,0,1,3,335.84,341.8999999999868,419.45000000000005,0.0,0.0,0.0,0.0,unknown
1762155317.0436828,0,0.058,0.8,1,0,3,335.61,341.79999999998677,419.6,0.0,0.0,0.0,0.0,unknown
1762155317.0538082,0,0.060000000000000005,0.8,1,2,3,335.43,341.69999999998674,419.79999999999995,0.0,0.0,0.0,0.0,unknown
1762155317.0638778,0,0.060000000000000005,0.8,1,1,3,335.2,341.5999999999867,419.95000000000005,0.0,0.0,0.0,0.0,unknown
1762155317.0739753,0,0.060000000000000005,0.8,1,1,3,335.02,341.4999999999867,420.04999999999995,0.0,0.0,0.0,0.0,unknown
1762155317.0840452,0,0.061000000000000006,0.8,2,0,3,334.86,341.3999999999867,420.2,0.0,0.0,0.0,0.0,unknown
1762155317.0941122,0,0.060000000000000005,0.8,1,0,3,334.68,341.29999999998665,420.3,0.0,0.0,0.0,0.0,unknown
1762155317.1042135,0,0.059000000000000004,0.8,0,1,3,334.5,341.19999999998663,420.4,0.0,0.0,0.0,0.0,unknown
1762155317.1142774,0,0.059000000000000004,0.8,0,1,3,334.3,341.0999999999866,420.5,0.0,0.0,0.0,0.0,unknown
1762155317.1243393,0,0.061000000000000006,0.8,1,1,3,334.3,340.9999999999866,420.7,0.0,0.0,0.0,0.0,unknown
1762155317.1344013,0,0.062,0.8,0,2,3,334.3,340.89999999998656,420.9,0.0,0.0,0.0,0.0,unknown
1762155317.144465,0,0.064,0.8,2,0,3,334.37,340.79999999998654,421.05,0.0,0.0,0.0,0.0,unknown
1762155317.1545286,0,0.063,0.8,0,0,3,334.49,340.6999999999865,421.25,0.0,0.0,0.0,0.0,unknown
1762155317.1647294,0,0.063,0.8,0,1,3,334.49,340.5999999999865,421.7,0.0,0.0,0.0,0.0,unknown
1762155317.174915,0,0.061000000000000006,0.8,0,0,3,334.49,340.49999999998647,422.20000000000005,0.0,0.0,0.0,0.0,unknown
1762155317.1850197,0,0.061000000000000006,0.8,1,0,3,334.49,340.39999999998645,422.70000000000005,0.0,0.0,0.0,0.0,unknown
1762155317.1950974,0,0.063,0.8,1,1,3,334.47,340.2999999999864,423.15,0.0,0.0,0.0,0.0,unknown
1762155317.2052093,0,0.063,0.8,0,1,3,334.36,340.1999999999864,423.45,0.0,0.0,0.0,0.0,unknown
1762155317.2153137,0,0.062,0.8,0,0,3,334.25,340.0999999999864,423.75,0.0,0.0,0.0,0.0,unknown
1762155317.2253833,0,0.059000000000000004,0.8,0,0,3,334.14,339.99999999998636,424.0,0.0,0.0,0.0,0.0,unknown
1762155317.2354703,0,0.056,0.8,0,0,3,334.03,339.89999999998633,424.25,0.0,0.0,0.0,0.0,unknown
1762155317.2455585,0,0.056,0.8,0,1,3,333.92,339.7999999999863,424.45,0.0,0.0,0.0,0.0,unknown
1762155317.2556684,0,0.056,0.8,0,0,3,333.86,339.6999999999863,424.75,0.0,0.0,0.0,0.0,unknown
1762155317.2657826,0,0.057,0.8,1,1,3,333.77,339.59999999998627,425.04999999999995,0.0,0.0,0.0,0.0,unknown
1762155317.2758856,0,0.058,0.8,0,1,3,333.73,339.49999999998624,425.3,0.0,0.0,0.0,0.0,unknown
1762155317.2860124,0,0.058,0.8,1,0,3,333.69,339.3999999999862,425.6,0.0,0.0,0.0,0.0,unknown
1762155317.2961035,0,0.057,0.8,0,0,3,333.6,339.2999999999862,425.85,0.0,0.0,0.0,0.0,unknown
1762155317.306216,0,0.056,0.8,0,0,3,333.49,339.1999999999862,426.05,0.0,0.0,0.0,0.0,unknown
1762155317.316349,0,0.058,0.8,2,1,3,333.18,339.09999999998615,426.3,0.0,0.0,0.0,0.0,unknown
1762155317.326459,0,0.059000000000000004,0.8,2,0,3,332.82,338.99999999998613,426.45,0.0,0.0,0.0,0.0,unknown
1762155317.3365726,0,0.060000000000000005,0.8,1,1,3,332.46,338.8999999999861,426.6,0.0,0.0,0.0,0.0,unknown
1762155317.3466864,0,0.058,0.8,0,0,3,332.1,338.7999999999861,426.75,0.0,0.0,0.0,0.0,unknown
1762155317.356802,0,0.056,0.8,0,0,3,331.81,338.69999999998606,426.9,0.0,0.0,0.0,0.0,unknown
1762155317.3669739,0,0.054,0.8,0,0,3,331.57,338.59999999998604,427.05,0.0,0.0,0.0,0.0,unknown
1762155317.3770986,0,0.052000000000000005,0.8,1,1,3,331.53,338.499999999986,427.1,0.0,0.0,0.0,0.0,unknown
1762155317.3871875,0,0.052000000000000005,0.8,0,2,3,331.44,338.399999999986,427.2,0.0,0.0,0.0,0.0,unknown
1762155317.3972893,0,0.052000000000000005,0.8,0,1,3,331.4,338.29999999998597,427.35,0.0,0.0,0.0,0.0,unknown
1762155317.4073815,0,0.054,0.8,1,1,3,331.31,338.19999999998595,427.6,0.0,0.0,0.0,0.0,unknown
1762155317.4174864,0,0.054,0.8,1,0,3,331.27,338.0999999999859,427.9,0.0,0.0,0.0,0.0,unknown
1762155317.427607,0,0.053000000000000005,0.8,1,0,3,331.23,337.9999999999859,428.3,0.0,0.0,0.0,0.0,unknown
1762155317.4376912,0,0.055,0.8,1,1,3,331.21,337.8999999999859,428.65,0.0,0.0,0.0,0.0,unknown
1762155317.4478009,0,0.056,0.8,0,1,3,331.19,337.79999999998586,429.0,0.0,0.0,0.0,0.0,unknown
1762155317.4579067,0,0.057,0.8,2,0,3,331.15,337.69999999998583,429.29999999999995,0.0,0.0,0.0,0.0,unknown
1762155317.4680178,0,0.056,0.8,0,1,3,331.17,337.5999999999858,429.55,0.0,0.0,0.0,0.0,unknown
1762155317.478132,0,0.056,0.8,0,2,3,331.15,337.4999999999858,429.75,0.0,0.0,0.0,0.0,unknown
1762155317.488228,0,0.056,0.8,0,0,3,331.15,337.39999999998577,429.95,0.0,0.0,0.0,0.0,unknown
1762155317.498322,0,0.056,0.8,0,0,3,331.24,337.29999999998574,430.2,0.0,0.0,0.0,0.0,unknown
1762155317.5084262,0,0.057,0.8,1,0,3,331.31,337.1999999999857,430.45,0.0,0.0,0.0,0.0,unknown
1762155317.5185354,0,0.059000000000000004,0.8,1,1,3,331.31,337.0999999999857,430.75,0.0,0.0,0.0,0.0,unknown
1762155317.5286026,0,0.057,0.8,0,0,3,331.31,336.9999999999857,430.95,0.0,0.0,0.0,0.0,unknown
1762155317.538681,0,0.057,0.8,0,1,3,331.29,336.89999999998565,431.15,0.0,0.0,0.0,0.0,unknown
1762155317.548781,0,0.057,0.8,1,0,3,331.07,336.79999999998563,431.45000000000005,0.0,0.0,0.0,0.0,unknown
1762155317.5588953,0,0.054,0.8,0,0,3,331.01,336.6999999999856,431.7,0.0,0.0,0.0,0.0,unknown
1762155317.5689836,0,0.052000000000000005,0.8,0,0,3,330.95,336.5999999999856,431.95,0.0,0.0,0.0,0.0,unknown
1762155317.5790884,0,0.05,0.8,0,0,3,330.84,336.49999999998556,432.05,0.0,0.0,0.0,0.0,unknown
1762155317.5891955,0,0.05,0.8,1,1,3,330.73,336.39999999998554,432.1,0.0,0.0,0.0,0.0,unknown
1762155317.5993092,0,0.05,0.8,0,1,3,330.62,336.2999999999855,432.15,0.0,0.0,0.0,0.0,unknown
1762155317.6093757,0,0.05,0.8,0,1,3,330.51,336.1999999999855,432.15,0.0,0.0,0.0,0.0,unknown
1762155317.619483,0,0.05,0.8,0,1,3,330.47,336.09999999998547,432.15,0.0,0.0,0.0,0.0,unknown
1762155317.6295772,0,0.049,0.8,1,0,3,330.38,335.99999999998545,432.3,0.0,0.0,0.0,0.0,unknown
1762155317.6396484,0,0.047,0.8,0,0,3,330.34,335.8999999999854,432.5,0.0,0.0,0.0,0.0,unknown
1762155317.6497443,0,0.046,0.8,1,0,3,330.25,335.7999999999854,432.65,0.0,0.0,0.0,0.0,unknown
1762155317.6598084,0,0.047,0.8,1,0,3,330.07,335.6999999999854,432.7,0.0,0.0,0.0,0.0,unknown
1762155317.6698868,0,0.047,0.8,1,0,3,329.82,335.59999999998536,432.6,0.0,0.0,0.0,0.0,unknown
1762155317.6799698,0,0.048,0.8,0,1,3,329.46,335.49999999998533,432.4,0.0,0.0,0.0,0.0,unknown
1762155317.6900892,0,0.048,0.8,0,1,3,329.1,335.3999999999853,432.15,0.0,0.0,0.0,0.0,unknown
1762155317.7001626,0,0.047,0.8,0,1,3,328.79,335.2999999999853,431.85,0.0,0.0,0.0,0.0,unknown
1762155317.7102895,0,0.047,0.8,0,1,3,328.56,335.19999999998527,431.55,0.0,0.0,0.0,0.0,unknown
1762155317.7203662,0,0.049,0.8,1,1,3,328.33,335.09999999998524,431.29999999999995,0.0,0.0,0.0,0.0,unknown
1762155317.730471,0,0.049,0.8,0,0,3,328.33,334.9999999999852,431.15,0.0,0.0,0.0,0.0,unknown
1762155317.7405553,0,0.049,0.8,0,0,3,328.28,334.8999999999852,431.1,0.0,0.0,0.0,0.0,unknown
1762155317.7506309,0,0.049,0.8,1,0,3,328.28,334.7999999999852,431.15,0.0,0.0,0.0,0.0,unknown
1762155317.7606943,0,0.049,0.8,0,0,3,328.23,334.69999999998515,431.2,0.0,0.0,0.0,0.0,unknown
1762155317.7707622,0,0.047,0.8,0,0,3,328.23,334.59999999998513,431.2,0.0,0.0,0.0,0.0,unknown
1762155317.7808387,0,0.046,0.8,0,0,3,328.25,334.4999999999851,431.1,0.0,0.0,0.0,0.0,unknown
1762155317.7909062,0,0.045000000000000005,0.8,0,0,3,328.32,334.3999999999851,430.85,0.0,0.0,0.0,0.0,unknown
1762155317.8009787,0,0.045000000000000005,0.8,0,0,3,328.39,334.29999999998506,430.6,0.0,0.0,0.0,0.0,unknown
1762155317.811083,0,0.045000000000000005,0.8,0,0,3,328.41,334.19999999998504,430.29999999999995,0.0,0.0,0.0,0.0,unknown
1762155317.8211942,0,0.043000000000000003,0.8,1,0,3,328.41,334.099999999985,430.0,0.0,0.0,0.0,0.0,unknown
1762155317.8312657,0,0.041,0.8,0,0,3,328.46,333.999999999985,429.70000000000005,0.0,0.0,0.0,0.0,unknown
1762155317.8413513,0,0.039,0.8,0,0,3,328.53,333.89999999998497,429.4,0.0,0.0,0.0,0.0,unknown
1762155317.8514273,0,0.039,0.8,0,0,3,328.57,333.79999999998495,429.15,0.0,0.0,0.0,0.0,unknown
1762155317.8615315,0,0.039,0.8,0,0,3,328.59,333.6999999999849,429.0,0.0,0.0,0.0,0.0,unknown
1762155317.8716254,0,0.04,0.8,1,0,3,328.66,333.5999999999849,428.95,0.0,0.0,0.0,0.0,unknown
1762155317.8817298,0,0.038,0.8,0,0,3,328.82,333.4999999999849,428.95000000000005,0.0,0.0,0.0,0.0,unknown
1762155317.8918335,0,0.038,0.8,1,1,3,328.98,333.39999999998486,429.05,0.0,0.0,0.0,0.0,unknown
1762155317.9019063,0,0.038,0.8,1,0,3,328.86,333.29999999998483,429.0,0.0,0.0,0.0,0.0,unknown
1762155317.9120016,0,0.036000000000000004,0.8,0,0,3,328.72,333.1999999999848,428.79999999999995,0.0,0.0,0.0,0.0,unknown
1762155317.9221153,0,0.035,0.8,0,0,3,328.56,333.0999999999848,428.55,0.0,0.0,0.0,0.0,unknown
1762155317.9321797,0,0.034,0.8,0,0,3,328.22,332.99999999998477,428.2,0.0,0.0,0.0,0.0,unknown
1762155317.9422803,0,0.032,0.8,0,0,3,327.88,332.89999999998474,427.85,0.0,0.0,0.0,0.0,unknown
1762155317.9523468,0,0.031000000000000003,0.8,0,0,3,327.54,332.7999999999847,427.5,0.0,0.0,0.0,0.0,unknown
1762155317.9624286,0,0.030000000000000002,0.8,0,1,3,327.22,332.6999999999847,427.1,0.0,0.0,0.0,0.0,unknown
1762155317.9725308,0,0.031000000000000003,0.8,0,2,3,326.88,332.5999999999847,426.85,0.0,0.0,0.0,0.0,unknown
1762155317.9826539,0,0.030000000000000002,0.8,0,1,3,326.79,332.49999999998465,426.75,0.0,0.0,0.0,0.0,unknown
1762155317.9927647,0,0.032,0.8,1,1,3,326.72,332.39999999998463,426.65,0.0,0.0,0.0,0.0,unknown
1762155318.0028305,0,0.033,0.8,0,1,3,326.63,332.2999999999846,426.5,0.0,0.0,0.0,0.0,unknown
1762155318.0129497,0,0.035,0.8,2,1,3,326.49,332.1999999999846,426.3,0.0,0.0,0.0,0.0,unknown
1762155318.0230625,0,0.033,0.8,0,0,3,326.4,332.09999999998456,426.05,0.0,0.0,0.0,0.0,unknown
1762155318.0331678,0,0.033,0.8,0,0,3,326.26,331.99999999998454,425.79999999999995,0.0,0.0,0.0,0.0,unknown
1762155318.0432765,0,0.034,0.8,1,1,3,326.12,331.8999999999845,425.6,0.0,0.0,0.0,0.0,unknown
1762155318.053347,0,0.035,0.8,1,1,3,326.1,331.7999999999845,425.35,0.0,0.0,0.0,0.0,unknown
1762155318.0634289,0,0.039,0.8,2,2,3,326.03,331.69999999998447,425.15,0.0,0.0,0.0,0.0,unknown
1762155318.073503,0,0.04,0.8,1,0,3,326.03,331.59999999998445,425.0,0.0,0.0,0.0,0.0,unknown
1762155318.083579,0,0.041,0.8,1,0,3,326.01,331.4999999999844,424.85,0.0,0.0,0.0,0.0,unknown
1762155318.0936627,0,0.039,0.8,0,0,3,326.17,331.3999999999844,424.65,0.0,0.0,0.0,0.0,unknown
1762155318.1037314,0,0.039,0.8,1,0,3,326.33,331.2999999999844,424.6,0.0,0.0,0.0,0.0,unknown
1762155318.1138124,0,0.039,0.8,1,0,3,326.42,331.19999999998436,424.55,0.0,0.0,0.0,0.0,unknown
1762155318.1239545,0,0.038,0.8,0,0,3,326.6,331.09999999998433,424.65,0.0,0.0,0.0,0.0,unknown
1762155318.1341171,0,0.037000000000000005,0.8,0,0,3,326.72,330.9999999999843,424.6,0.0,0.0,0.0,0.0,unknown
1762155318.1442943,0,0.037000000000000005,0.8,0,0,3,326.86,330.8999999999843,424.54999999999995,0.0,0.0,0.0,0.0,unknown
1762155318.1544602,0,0.036000000000000004,0.8,0,0,3,326.86,330.79999999998427,424.5,0.0,0.0,0.0,0.0,unknown
1762155318.1645937,0,0.035,0.8,0,0,3,326.81,330.69999999998424,424.55,0.0,0.0,0.0,0.0,unknown
1762155318.17467,0,0.035,0.8,0,1,3,326.81,330.5999999999842,424.3,0.0,0.0,0.0,0.0,unknown
1762155318.1847746,0,0.034,0.8,0,0,3,326.79,330.4999999999842,424.0,0.0,0.0,0.0,0.0,unknown
1762155318.1948812,0,0.034,0.8,0,1,3,326.79,330.3999999999842,423.75,0.0,0.0,0.0,0.0,unknown
1762155318.204968,0,0.035,0.8,0,2,3,326.79,330.29999999998415,423.6,0.0,0.0,0.0,0.0,unknown
1762155318.215079,0,0.035,0.8,1,0,3,326.81,330.19999999998413,423.5,0.0,0.0,0.0,0.0,unknown
1762155318.2251813,0,0.033,0.8,0,0,3,326.83,330.0999999999841,423.4,0.0,0.0,0.0,0.0,unknown
1762155318.2352784,0,0.033,0.8,0,0,3,326.85,329.9999999999841,423.3,0.0,0.0,0.0,0.0,unknown
1762155318.2453806,0,0.035,0.8,0,2,3,326.78,329.89999999998406,423.20000000000005,0.0,0.0,0.0,0.0,unknown
1762155318.2554834,0,0.036000000000000004,0.8,0,2,3,326.64,329.79999999998404,423.0,0.0,0.0,0.0,0.0,unknown
1762155318.2655761,0,0.038,0.8,0,2,3,326.5,329.699999999984,422.75,0.0,0.0,0.0,0.0,unknown
1762155318.2756822,0,0.041,0.8,1,2,3,326.16,329.599999999984,422.4,0.0,0.0,0.0,0.0,unknown
1762155318.285763,0,0.042,0.8,0,1,3,325.82,329.49999999998397,421.95000000000005,0.0,0.0,0.0,0.0,unknown
1762155318.2958393,0,0.043000000000000003,0.8,0,1,3,325.48,329.39999999998395,421.4,0.0,0.0,0.0,0.0,unknown
1762155318.305909,0,0.043000000000000003,0.8,0,0,3,325.14,329.2999999999839,420.85,0.0,0.0,0.0,0.0,unknown
1762155318.3160183,0,0.044000000000000004,0.8,1,0,3,324.8,329.1999999999839,420.29999999999995,0.0,0.0,0.0,0.0,unknown
1762155318.3260949,0,0.045000000000000005,0.8,2,0,3,324.66,329.0999999999839,419.75,0.0,0.0,0.0,0.0,unknown
1762155318.3361847,0,0.046,0.8,1,0,3,324.57,328.99999999998386,419.3,0.0,0.0,0.0,0.0,unknown
1762155318.3462474,0,0.046,0.8,0,0,3,324.48,328.89999999998383,418.95,0.0,0.0,0.0,0.0,unknown
1762155318.3563054,0,0.047,0.8,1,0,3,324.41,328.7999999999838,418.6,0.0,0.0,0.0,0.0,unknown
1762155318.366363,0,0.049,0.8,1,1,3,324.27,328.6999999999838,418.25,0.0,0.0,0.0,0.0,unknown
1762155318.3764234,0,0.048,0.8,0,0,3,324.13,328.59999999998377,418.0,0.0,0.0,0.0,0.0,unknown
1762155318.3864899,0,0.048,0.8,0,0,3,323.99,328.49999999998374,417.85,0.0,0.0,0.0,0.0,unknown
1762155318.3965585,0,0.046,0.8,0,0,3,323.97,328.3999999999837,417.75,0.0,0.0,0.0,0.0,unknown
1762155318.4066274,0,0.045000000000000005,0.8,0,0,3,323.83,328.2999999999837,417.6,0.0,0.0,0.0,0.0,unknown
1762155318.4167228,0,0.046,0.8,1,0,3,323.9,328.1999999999837,417.4,0.0,0.0,0.0,0.0,unknown
1762155318.426794,0,0.046,0.8,0,0,3,323.9,328.09999999998365,417.2,0.0,0.0,0.0,0.0,unknown
1762155318.4368837,0,0.046,0.8,0,0,3,324.08,327.99999999998363,417.0,0.0,0.0,0.0,0.0,unknown
1762155318.4470136,0,0.048,0.8,1,1,3,324.24,327.8999999999836,416.95,0.0,0.0,0.0,0.0,unknown
1762155318.4571052,0,0.05,0.8,0,2,3,324.4,327.7999999999836,417.0,0.0,0.0,0.0,0.0,unknown
1762155318.4672203,0,0.049,0.8,0,0,3,324.58,327.69999999998356,417.15,0.0,0.0,0.0,0.0,unknown
1762155318.4773188,0,0.047,0.8,0,0,3,324.7,327.59999999998354,417.4,0.0,0.0,0.0,0.0,unknown
1762155318.4874156,0,0.047,0.8,1,0,3,324.86,327.4999999999835,417.6,0.0,0.0,0.0,0.0,unknown
1762155318.497519,0,0.045000000000000005,0.8,0,0,3,325.02,327.3999999999835,417.79999999999995,0.0,0.0,0.0,0.0,unknown
1762155318.5076122,0,0.044000000000000004,0.8,0,0,3,325,327.29999999998347,417.95000000000005,0.0,0.0,0.0,0.0,unknown
1762155318.5177305,0,0.041,0.8,0,0,3,325,327.19999999998345,418.15,0.0,0.0,0.0,0.0,unknown
1762155318.5278275,0,0.043000000000000003,0.8,1,1,3,324.98,327.0999999999834,418.4,0.0,0.0,0.0,0.0,unknown
1762155318.53793,0,0.045000000000000005,0.8,1,1,3,324.96,326.9999999999834,418.7,0.0,0.0,0.0,0.0,unknown
1762155318.5480754,0,0.043000000000000003,0.8,0,0,3,324.98,326.8999999999834,419.1,0.0,0.0,0.0,0.0,unknown
1762155318.5582101,0,0.042,0.8,1,0,3,325,326.79999999998336,419.4,0.0,0.0,0.0,0.0,unknown
1762155318.5682938,0,0.039,0.8,1,0,3,325.02,326.69999999998333,419.55,0.0,0.0,0.0,0.0,unknown
1762155318.578395,0,0.04,0.8,1,1,3,325.04,326.5999999999833,419.6,0.0,0.0,0.0,0.0,unknown
1762155318.5884666,0,0.042,0.8,1,2,3,324.97,326.4999999999833,419.8,0.0,0.0,0.0,0.0,unknown
1762155318.5985525,0,0.042,0.8,0,0,3,324.83,326.39999999998327,420.0,0.0,0.0,0.0,0.0,unknown
1762155318.608667,0,0.043000000000000003,0.8,1,1,3,324.71,326.29999999998324,420.25,0.0,0.0,0.0,0.0,unknown
1762155318.618777,0,0.043000000000000003,0.8,0,1,3,324.41,326.1999999999832,420.4,0.0,0.0,0.0,0.0,unknown
1762155318.6288779,0,0.044000000000000004,0.8,0,1,3,324.07,326.0999999999832,420.45000000000005,0.0,0.0,0.0,0.0,unknown
1762155318.6389909,0,0.044000000000000004,0.8,0,0,3,323.73,325.9999999999832,420.4,0.0,0.0,0.0,0.0,unknown
1762155318.6490993,0,0.044000000000000004,0.8,0,0,3,323.48,325.89999999998315,420.25,0.0,0.0,0.0,0.0,unknown
1762155318.659198,0,0.045000000000000005,0.8,0,1,3,323.16,325.79999999998313,420.1,0.0,0.0,0.0,0.0,unknown
1762155318.669262,0,0.045000000000000005,0.8,0,0,3,322.96,325.6999999999831,420.0,0.0,0.0,0.0,0.0,unknown
1762155318.6793382,0,0.044000000000000004,0.8,0,0,3,322.78,325.5999999999831,420.05,0.0,0.0,0.0,0.0,unknown
1762155318.6894193,0,0.045000000000000005,0.8,1,0,3,322.69,325.49999999998306,420.2,0.0,0.0,0.0,0.0,unknown
1762155318.6994812,0,0.045000000000000005,0.8,1,0,3,322.74,325.39999999998304,420.45,0.0,0.0,0.0,0.0,unknown
1762155318.7095644,0,0.043000000000000003,0.8,0,0,3,322.69,325.299999999983,420.8,0.0,0.0,0.0,0.0,unknown
1762155318.719654,0,0.042,0.8,0,0,3,322.69,325.199999999983,421.20000000000005,0.0,0.0,0.0,0.0,unknown
1762155318.729719,0,0.042,0.8,0,0,3,322.76,325.09999999998297,421.6,0.0,0.0,0.0,0.0,unknown
1762155318.7397892,0,0.043000000000000003,0.8,0,1,3,322.78,324.99999999998295,422.0,0.0,0.0,0.0,0.0,unknown
1762155318.7498574,0,0.042,0.8,1,0,3,322.78,324.8999999999829,422.35,0.0,0.0,0.0,0.0,unknown
1762155318.7599216,0,0.042,0.8,2,0,3,322.85,324.7999999999829,422.6,0.0,0.0,0.0,0.0,unknown
1762155318.769985,0,0.042,0.8,2,0,3,322.85,324.6999999999829,422.9,0.0,0.0,0.0,0.0,unknown
1762155318.780061,0,0.04,0.8,1,0,3,322.67,324.59999999998286,423.15,0.0,0.0,0.0,0.0,unknown
1762155318.7901604,0,0.041,0.8,1,1,3,322.4,324.49999999998283,423.45000000000005,0.0,0.0,0.0,0.0,unknown
1762155318.800232,0,0.042,0.8,1,1,3,322.15,324.3999999999828,423.7,0.0,0.0,0.0,0.0,unknown
1762155318.8102999,0,0.044000000000000004,0.8,1,1,3,321.9,324.2999999999828,423.9,0.0,0.0,0.0,0.0,unknown
1762155318.8204005,0,0.044000000000000004,0.8,0,1,3,321.63,324.19999999998277,424.20000000000005,0.0,0.0,0.0,0.0,unknown
1762155318.8304648,0,0.043000000000000003,0.8,1,0,3,321.38,324.09999999998274,424.5,0.0,0.0,0.0,0.0,unknown
1762155318.8405359,0,0.042,0.8,0,0,3,321.15,323.9999999999827,424.8,0.0,0.0,0.0,0.0,unknown
1762155318.850599,0,0.042,0.8,0,0,3,320.9,323.8999999999827,425.04999999999995,0.0,0.0,0.0,0.0,unknown
1762155318.86066,0,0.041,0.8,0,0,3,320.63,323.7999999999827,425.20000000000005,0.0,0.0,0.0,0.0,unknown
1762155318.870729,0,0.039,0.8,0,0,3,320.36,323.69999999998265,425.29999999999995,0.0,0.0,0.0,0.0,unknown
1762155318.8808346,0,0.04,0.8,1,0,3,320,323.59999999998263,425.3,0.0,0.0,0.0,0.0,unknown
1762155318.8909202,0,0.041,0.8,0,1,3,319.55,323.4999999999826,425.3,0.0,0.0,0.0,0.0,unknown
1762155318.900988,0,0.041,0.8,0,0,3,319.19,323.3999999999826,425.15,0.0,0.0,0.0,0.0,unknown
1762155318.9110596,0,0.041,0.8,0,0,3,318.9,323.29999999998256,425.0,0.0,0.0,0.0,0.0,unknown
1762155318.921134,0,0.042,0.8,1,1,3,318.72,323.19999999998254,424.85,0.0,0.0,0.0,0.0,unknown
1762155318.9312038,0,0.043000000000000003,0.8,0,1,3,318.54,323.0999999999825,424.70000000000005,0.0,0.0,0.0,0.0,unknown
1762155318.941269,0,0.043000000000000003,0.8,0,0,3,318.68,322.9999999999825,424.55,0.0,0.0,0.0,0.0,unknown
1762155318.9513462,0,0.042,0.8,1,0,3,318.77,322.89999999998247,424.4,0.0,0.0,0.0,0.0,unknown
1762155318.9614303,0,0.04,0.8,0,0,3,318.86,322.79999999998245,424.35,0.0,0.0,0.0,0.0,unknown
1762155318.9715054,0,0.04,0.8,0,0,3,319,322.6999999999824,424.4,0.0,0.0,0.0,0.0,unknown
1762155318.9815898,0,0.041,0.8,0,1,3,319.14,322.5999999999824,424.45000000000005,0.0,0.0,0.0,0.0,unknown
1762155318.9917068,0,0.04,0.8,0,0,3,319.28,322.4999999999824,424.54999999999995,0.0,0.0,0.0,0.0,unknown
1762155319.0017867,0,0.04,0.8,0,0,3,319.35,322.39999999998236,424.70000000000005,0.0,0.0,0.0,0.0,unknown
1762155319.0118957,0,0.04,0.8,0,0,3,319.49,322.29999999998233,424.9,0.0,0.0,0.0,0.0,unknown
1762155319.0219898,0,0.04,0.8,0,0,3,319.63,322.1999999999823,425.1,0.0,0.0,0.0,0.0,unknown
1762155319.032069,0,0.038,0.8,0,0,3,319.77,322.0999999999823,425.35,0.0,0.0,0.0,0.0,unknown
1762155319.04218,0,0.037000000000000005,0.8,0,1,3,319.91,321.99999999998226,425.65,0.0,0.0,0.0,0.0,unknown
1762155319.0522864,0,0.038,0.8,1,0,3,320.05,321.89999999998224,425.95000000000005,0.0,0.0,0.0,0.0,unknown
1762155319.0623941,0,0.037000000000000005,0.8,0,0,3,320.14,321.7999999999822,426.3,0.0,0.0,0.0,0.0,unknown
1762155319.0724595,0,0.036000000000000004,0.8,0,0,3,320.23,321.6999999999822,426.6,0.0,0.0,0.0,0.0,unknown
1762155319.0825298,0,0.034,0.8,0,0,3,320.3,321.5999999999822,426.85,0.0,0.0,0.0,0.0,unknown
1762155319.0926285,0,0.031000000000000003,0.8,0,0,3,320.3,321.49999999998215,427.0,0.0,0.0,0.0,0.0,unknown
1762155319.102721,0,0.032,0.8,1,0,3,320.12,321.39999999998213,427.15,0.0,0.0,0.0,0.0,unknown
1762155319.11282,0,0.031000000000000003,0.8,0,1,3,319.89,321.2999999999821,427.25,0.0,0.0,0.0,0.0,unknown
1762155319.1229138,0,0.031000000000000003,0.8,0,1,3,319.55,321.1999999999821,427.29999999999995,0.0,0.0,0.0,0.0,unknown
1762155319.1330903,0,0.030000000000000002,0.8,0,0,3,319.12,321.09999999998206,427.15,0.0,0.0,0.0,0.0,unknown
1762155319.1431556,0,0.031000000000000003,0.8,0,1,3,318.71,320.99999999998204,427.05,0.0,0.0,0.0,0.0,unknown
1762155319.1532168,0,0.031000000000000003,0.8,0,0,3,318.3,320.899999999982,427.0,0.0,0.0,0.0,0.0,unknown
1762155319.1632812,0,0.030000000000000002,0.8,0,0,3,317.89,320.799999999982,427.0,0.0,0.0,0.0,0.0,unknown
1762155319.1733427,0,0.030000000000000002,0.8,0,0,3,317.53,320.69999999998197,426.85,0.0,0.0,0.0,0.0,unknown
1762155319.183407,0,0.030000000000000002,0.8,0,0,3,317.08,320.59999999998195,426.70000000000005,0.0,0.0,0.0,0.0,unknown
1762155319.19347,0,0.029,0.8,0,0,3,316.65,320.4999999999819,426.45,0.0,0.0,0.0,0.0,unknown
1762155319.2035344,0,0.030000000000000002,0.8,2,0,3,316.22,320.3999999999819,426.15,0.0,0.0,0.0,0.0,unknown
1762155319.213621,0,0.030000000000000002,0.8,0,0,3,315.81,320.2999999999819,425.85,0.0,0.0,0.0,0.0,unknown
1762155319.2236943,0,0.031000000000000003,0.8,1,0,3,315.36,320.19999999998186,425.55,0.0,0.0,0.0,0.0,unknown
1762155319.233806,0,0.032,0.8,1,0,3,314.91,320.09999999998183,425.25,0.0,0.0,0.0,0.0,unknown
1762155319.2438881,0,0.031000000000000003,0.8,0,0,3,314.53,319.9999999999818,425.0,0.0,0.0,0.0,0.0,unknown
1762155319.254007,0,0.032,0.8,2,0,3,314.24,319.8999999999818,424.85,0.0,0.0,0.0,0.0,unknown
1762155319.2641323,0,0.031000000000000003,0.8,1,0,3,314.06,319.79999999998176,424.79999999999995,0.0,0.0,0.0,0.0,unknown
1762155319.2742321,0,0.030000000000000002,0.8,1,0,3,313.88,319.69999999998174,424.7,0.0,0.0,0.0,0.0,unknown
1762155319.2843237,0,0.030000000000000002,0.8,0,1,3,313.97,319.5999999999817,424.6,0.0,0.0,0.0,0.0,unknown
1762155319.2944233,0,0.030000000000000002,0.8,1,1,3,314.06,319.4999999999817,424.65,0.0,0.0,0.0,0.0,unknown
1762155319.3045137,0,0.030000000000000002,0.8,0,2,3,314.2,319.3999999999817,424.85,0.0,0.0,0.0,0.0,unknown
1762155319.3146152,0,0.028,0.8,0,0,3,314.34,319.29999999998165,425.15,0.0,0.0,0.0,0.0,unknown
1762155319.3247142,0,0.027000000000000003,0.8,0,0,3,314.48,319.1999999999816,425.54999999999995,0.0,0.0,0.0,0.0,unknown
1762155319.334806,0,0.026000000000000002,0.8,0,0,3,314.62,319.0999999999816,425.9,0.0,0.0,0.0,0.0,unknown
1762155319.3448772,0,0.026000000000000002,0.8,0,0,3,314.71,318.9999999999816,426.25,0.0,0.0,0.0,0.0,unknown
1762155319.3549619,0,0.026000000000000002,0.8,0,0,3,314.8,318.89999999998156,426.5,0.0,0.0,0.0,0.0,unknown
1762155319.3650532,0,0.027000000000000003,0.8,1,0,3,314.87,318.79999999998154,426.75,0.0,0.0,0.0,0.0,unknown
1762155319.3751686,0,0.027000000000000003,0.8,0,0,3,314.96,318.6999999999815,427.0,0.0,0.0,0.0,0.0,unknown
1762155319.3852632,0,0.026000000000000002,0.8,0,0,3,315.05,318.5999999999815,427.15,0.0,0.0,0.0,0.0,unknown
1762155319.3953805,0,0.027000000000000003,0.8,1,1,3,315.21,318.49999999998147,427.25,0.0,0.0,0.0,0.0,unknown
1762155319.4054852,0,0.029,0.8,1,1,3,315.3,318.39999999998145,427.3,0.0,0.0,0.0,0.0,unknown
1762155319.4155815,0,0.030000000000000002,0.8,1,0,3,315.46,318.2999999999814,427.5,0.0,0.0,0.0,0.0,unknown
1762155319.425667,0,0.029,0.8,1,0,3,315.46,318.1999999999814,427.7,0.0,0.0,0.0,0.0,unknown
1762155319.4357836,0,0.029,0.8,0,1,3,315.46,318.0999999999814,427.85,0.0,0.0,0.0,0.0,unknown
1762155319.4458954,0,0.031000000000000003,0.8,1,1,3,315.23,317.99999999998136,427.95,0.0,0.0,0.0,0.0,unknown
1762155319.4560025,0,0.030000000000000002,0.8,0,0,3,314.87,317.89999999998133,428.0,0.0,0.0,0.0,0.0,unknown
1762155319.466118,0,0.030000000000000002,0.8,0,0,3,314.44,317.7999999999813,427.9,0.0,0.0,0.0,0.0,unknown
1762155319.4762344,0,0.030000000000000002,0.8,0,0,3,314.03,317.6999999999813,427.75,0.0,0.0,0.0,0.0,unknown
1762155319.486346,0,0.029,0.8,0,0,3,313.62,317.59999999998126,427.45,0.0,0.0,0.0,0.0,unknown
1762155319.49645,0,0.029,0.8,0,0,3,313.17,317.49999999998124,427.1,0.0,0.0,0.0,0.0,unknown
1762155319.5065618,0,0.029,0.8,0,0,3,312.74,317.3999999999812,426.75,0.0,0.0,0.0,0.0,unknown
1762155319.5166821,0,0.030000000000000002,0.8,0,1,3,312.31,317.2999999999812,426.29999999999995,0.0,0.0,0.0,0.0,unknown
1762155319.5267828,0,0.030000000000000002,0.8,0,0,3,311.9,317.1999999999812,425.79999999999995,0.0,0.0,0.0,0.0,unknown
1762155319.5368845,0,0.031000000000000003,0.8,0,1,3,311.49,317.09999999998115,425.15,0.0,0.0,0.0,0.0,unknown
1762155319.5470016,0,0.032,0.8,1,1,3,311.06,316.9999999999811,424.5,0.0,0.0,0.0,0.0,unknown
1762155319.5571282,0,0.031000000000000003,0.8,0,0,3,310.63,316.8999999999811,423.79999999999995,0.0,0.0,0.0,0.0,unknown
1762155319.5672295,0,0.031000000000000003,0.8,0,0,3,310.2,316.7999999999811,423.15,0.0,0.0,0.0,0.0,unknown
1762155319.5773342,0,0.032,0.8,1,0,3,309.77,316.69999999998106,422.55,0.0,0.0,0.0,0.0,unknown
1762155319.5874376,0,0.033,0.8,0,1,3,309.34,316.59999999998104,422.0,0.0,0.0,0.0,0.0,unknown
1762155319.5975401,0,0.033,0.8,0,0,3,308.98,316.499999999981,421.4,0.0,0.0,0.0,0.0,unknown
1762155319.6076453,0,0.032,0.8,0,0,3,308.78,316.399999999981,420.79999999999995,0.0,0.0,0.0,0.0,unknown
1762155319.617767,0,0.032,0.8,0,1,3,308.47,316.29999999998097,420.15,0.0,0.0,0.0,0.0,unknown
1762155319.6278868,0,0.032,0.8,1,0,3,308.34,316.19999999998095,419.6,0.0,0.0,0.0,0.0,unknown
1762155319.6379888,0,0.033,0.8,1,0,3,308.23,316.0999999999809,419.05,0.0,0.0,0.0,0.0,unknown
1762155319.6480968,0,0.033,0.8,0,1,3,308.14,315.9999999999809,418.55,0.0,0.0,0.0,0.0,unknown
1762155319.65818,0,0.034,0.8,0,1,3,308.1,315.8999999999809,418.05,0.0,0.0,0.0,0.0,unknown
1762155319.6682813,0,0.034,0.8,0,0,3,307.99,315.79999999998086,417.6,0.0,0.0,0.0,0.0,unknown
1762155319.678402,0,0.034,0.8,0,0,3,307.9,315.69999999998083,417.20000000000005,0.0,0.0,0.0,0.0,unknown
1762155319.688504,0,0.036000000000000004,0.8,1,1,3,307.77,315.5999999999808,416.75,0.0,0.0,0.0,0.0,unknown
1762155319.69858,0,0.036000000000000004,0.8,0,0,3,307.66,315.4999999999808,416.3,0.0,0.0,0.0,0.0,unknown
1762155319.7086458,0,0.035,0.8,0,1,3,307.43,315.39999999998076,415.8,0.0,0.0,0.0,0.0,unknown
1762155319.7187119,0,0.036000000000000004,0.8,0,1,3,307.23,315.29999999998074,415.25,0.0,0.0,0.0,0.0,unknown
1762155319.7287862,0,0.036000000000000004,0.8,0,1,3,307.03,315.1999999999807,414.75,0.0,0.0,0.0,0.0,unknown
1762155319.7388642,0,0.036000000000000004,0.8,1,0,3,306.76,315.0999999999807,414.3,0.0,0.0,0.0,0.0,unknown
1762155319.7489362,0,0.036000000000000004,0.8,0,0,3,306.6,314.9999999999807,413.8,0.0,0.0,0.0,0.0,unknown
1762155319.7590168,0,0.034,0.8,0,0,3,306.42,314.89999999998065,413.25,0.0,0.0,0.0,0.0,unknown
1762155319.769079,0,0.034,0.8,0,1,3,306.17,314.7999999999806,412.75,0.0,0.0,0.0,0.0,unknown
1762155319.77914,0,0.033,0.8,0,0,3,305.97,314.6999999999806,412.2,0.0,0.0,0.0,0.0,unknown
1762155319.7892087,0,0.033,0.8,0,1,3,305.97,314.5999999999806,411.75,0.0,0.0,0.0,0.0,unknown
1762155319.799273,0,0.031000000000000003,0.8,0,0,3,305.99,314.49999999998056,411.4,0.0,0.0,0.0,0.0,unknown
1762155319.8093345,0,0.029,0.8,0,0,3,305.97,314.39999999998054,411.1,0.0,0.0,0.0,0.0,unknown
1762155319.8194034,0,0.030000000000000002,0.8,0,1,3,305.95,314.2999999999805,410.85,0.0,0.0,0.0,0.0,unknown
1762155319.8294728,0,0.031000000000000003,0.8,0,1,3,305.97,314.1999999999805,410.45000000000005,0.0,0.0,0.0,0.0,unknown
1762155319.8395405,0,0.032,0.8,0,1,3,305.97,314.09999999998047,410.05,0.0,0.0,0.0,0.0,unknown
1762155319.849617,0,0.033,0.8,0,1,3,305.95,313.99999999998045,409.6,0.0,0.0,0.0,0.0,unknown
1762155319.8596864,0,0.033,0.8,0,0,3,306.11,313.8999999999804,409.2,0.0,0.0,0.0,0.0,unknown
1762155319.8697603,0,0.034,0.8,0,2,3,306.09,313.7999999999804,409.0,0.0,0.0,0.0,0.0,unknown
1762155319.8798308,0,0.035,0.8,0,1,3,306.09,313.6999999999804,408.8,0.0,0.0,0.0,0.0,unknown
1762155319.8899398,0,0.036000000000000004,0.8,0,1,3,306.11,313.59999999998035,408.6,0.0,0.0,0.0,0.0,unknown
1762155319.9000285,0,0.036000000000000004,0.8,1,1,3,306.13,313.49999999998033,408.45,0.0,0.0,0.0,0.0,unknown
1762155319.9102077,0,0.035,0.8,0,1,3,306.06,313.3999999999803,408.35,0.0,0.0,0.0,0.0,unknown
1762155319.9202778,0,0.035,0.8,0,1,3,306.04,313.2999999999803,408.29999999999995,0.0,0.0,0.0,0.0,unknown
1762155319.9303608,0,0.035,0.8,0,1,3,305.93,313.19999999998026,408.35,0.0,0.0,0.0,0.0,unknown
1762155319.9404728,0,0.035,0.8,0,1,3,305.84,313.09999999998024,408.35,0.0,0.0,0.0,0.0,unknown
1762155319.9505792,0,0.033,0.8,0,0,3,305.59,312.9999999999802,408.35,0.0,0.0,0.0,0.0,unknown
1762155319.9606915,0,0.033,0.8,0,0,3,305.52,312.8999999999802,408.35,0.0,0.0,0.0,0.0,unknown
1762155319.970777,0,0.033,0.8,0,0,3,305.32,312.7999999999802,408.25,0.0,0.0,0.0,0.0,unknown
1762155319.9808826,0,0.034,0.8,1,0,3,305.09,312.69999999998015,408.1,0.0,0.0,0.0,0.0,unknown
1762155319.9910066,0,0.034,0.8,0,0,3,304.84,312.5999999999801,407.8,0.0,0.0,0.0,0.0,unknown
1762155320.0010943,0,0.034,0.8,0,0,3,304.61,312.4999999999801,407.45000000000005,0.0,0.0,0.0,0.0,unknown
1762155320.011185,0,0.035,0.8,1,0,3,304.43,312.3999999999801,407.1,0.0,0.0,0.0,0.0,unknown
1762155320.0213208,0,0.035,0.8,1,0,3,304.18,312.29999999998006,406.70000000000005,0.0,0.0,0.0,0.0,unknown
1762155320.0314069,0,0.035,0.8,0,0,3,303.95,312.19999999998004,406.35,0.0,0.0,0.0,0.0,unknown
1762155320.0414972,0,0.034,0.8,0,0,3,303.72,312.09999999998,406.05,0.0,0.0,0.0,0.0,unknown
1762155320.0515847,0,0.032,0.8,0,0,3,303.49,311.99999999998,405.65,0.0,0.0,0.0,0.0,unknown
1762155320.0616806,0,0.033,0.8,0,1,3,303.24,311.89999999997997,405.25,0.0,0.0,0.0,0.0,unknown
1762155320.0717785,0,0.034,0.8,0,1,3,302.99,311.79999999997995,404.9,0.0,0.0,0.0,0.0,unknown
1762155320.0818949,0,0.033,0.8,0,0,3,302.74,311.6999999999799,404.6,0.0,0.0,0.0,0.0,unknown
1762155320.0920324,0,0.032,0.8,0,0,3,302.49,311.5999999999799,404.35,0.0,0.0,0.0,0.0,unknown
1762155320.102149,0,0.032,0.8,0,0,3,302.26,311.4999999999799,404.20000000000005,0.0,0.0,0.0,0.0,unknown
1762155320.1122248,0,0.032,0.8,0,0,3,302.01,311.39999999997985,404.1,0.0,0.0,0.0,0.0,unknown
1762155320.1223097,0,0.033,0.8,1,1,3,301.83,311.29999999997983,404.0,0.0,0.0,0.0,0.0,unknown
1762155320.1324139,0,0.034,0.8,1,1,3,301.83,311.1999999999798,404.0,0.0,0.0,0.0,0.0,unknown
1762155320.142526,0,0.034,0.8,1,0,3,301.83,311.0999999999798,404.1,0.0,0.0,0.0,0.0,unknown
1762155320.152642,0,0.034,0.8,1,0,3,301.83,310.99999999997976,404.15,0.0,0.0,0.0,0.0,unknown
1762155320.1627605,0,0.035,0.8,1,1,3,301.92,310.89999999997974,404.15,0.0,0.0,0.0,0.0,unknown
1762155320.1728754,0,0.036000000000000004,0.8,0,1,3,301.92,310.7999999999797,404.05,0.0,0.0,0.0,0.0,unknown
1762155320.1829827,0,0.037000000000000005,0.8,0,1,3,301.92,310.6999999999797,404.0,0.0,0.0,0.0,0.0,unknown
1762155320.1931074,0,0.036000000000000004,0.8,0,1,3,301.94,310.5999999999797,404.0,0.0,0.0,0.0,0.0,unknown
1762155320.203209,0,0.037000000000000005,0.8,1,0,3,301.94,310.49999999997965,404.1,0.0,0.0,0.0,0.0,unknown
1762155320.2133133,0,0.036000000000000004,0.8,0,0,3,301.94,310.3999999999796,404.25,0.0,0.0,0.0,0.0,unknown
1762155320.2234225,0,0.035,0.8,0,0,3,301.92,310.2999999999796,404.35,0.0,0.0,0.0,0.0,unknown
1762155320.2335072,0,0.035,0.8,0,1,3,301.92,310.1999999999796,404.45,0.0,0.0,0.0,0.0,unknown
1762155320.2435784,0,0.035,0.8,0,1,3,301.92,310.09999999997956,404.45000000000005,0.0,0.0,0.0,0.0,unknown
1762155320.2536516,0,0.035,0.8,0,0,3,301.85,309.99999999997954,404.45,0.0,0.0,0.0,0.0,unknown
1762155320.2637324,0,0.035,0.8,0,0,3,301.89,309.8999999999795,404.4,0.0,0.0,0.0,0.0,unknown
1762155320.2738564,0,0.035,0.8,0,1,3,301.8,309.7999999999795,404.3,0.0,0.0,0.0,0.0,unknown
1762155320.2839816,0,0.035,0.8,0,0,3,301.71,309.69999999997947,404.25,0.0,0.0,0.0,0.0,unknown
1762155320.2941058,0,0.034,0.8,0,0,3,301.53,309.59999999997945,404.25,0.0,0.0,0.0,0.0,unknown
1762155320.3042336,0,0.035,0.8,0,1,3,301.35,309.4999999999794,404.25,0.0,0.0,0.0,0.0,unknown
1762155320.3143506,0,0.035,0.8,0,0,3,301.1,309.3999999999794,404.25,0.0,0.0,0.0,0.0,unknown
1762155320.3244698,0,0.034,0.8,0,0,3,300.85,309.2999999999794,404.2,0.0,0.0,0.0,0.0,unknown
1762155320.3345623,0,0.033,0.8,0,0,3,300.6,309.19999999997935,404.0,0.0,0.0,0.0,0.0,unknown
1762155320.344706,0,0.033,0.8,0,1,3,300.35,309.09999999997933,403.8,0.0,0.0,0.0,0.0,unknown
1762155320.3548272,0,0.034,0.8,1,1,3,300.24,308.9999999999793,403.6,0.0,0.0,0.0,0.0,unknown
1762155320.364955,0,0.035,0.8,0,1,3,300.06,308.8999999999793,403.45000000000005,0.0,0.0,0.0,0.0,unknown
1762155320.3751051,0,0.033,0.8,0,0,3,299.88,308.79999999997926,403.25,0.0,0.0,0.0,0.0,unknown
1762155320.3852336,0,0.033,0.8,0,1,3,299.68,308.69999999997924,403.05,0.0,0.0,0.0,0.0,unknown
1762155320.3953452,0,0.032,0.8,0,0,3,299.57,308.5999999999792,402.85,0.0,0.0,0.0,0.0,unknown
1762155320.4054277,0,0.030000000000000002,0.8,0,0,3,299.21,308.4999999999792,402.55,0.0,0.0,0.0,0.0,unknown
1762155320.415529,0,0.029,0.8,0,0,3,298.85,308.3999999999792,402.25,0.0,0.0,0.0,0.0,unknown
1762155320.4256122,0,0.028,0.8,0,0,3,298.49,308.29999999997915,401.79999999999995,0.0,0.0,0.0,0.0,unknown
1762155320.435704,0,0.029,0.8,1,1,3,298.13,308.1999999999791,401.4,0.0,0.0,0.0,0.0,unknown
1762155320.4458344,0,0.029,0.8,0,1,3,297.79,308.0999999999791,401.0,0.0,0.0,0.0,0.0,unknown
1762155320.4559066,0,0.030000000000000002,0.8,1,0,3,297.5,307.9999999999791,400.6,0.0,0.0,0.0,0.0,unknown
1762155320.4659681,0,0.031000000000000003,0.8,0,1,3,297.34,307.89999999997906,400.15,0.0,0.0,0.0,0.0,unknown
1762155320.476098,0,0.033,0.8,1,1,3,297.25,307.79999999997904,399.75,0.0,0.0,0.0,0.0,unknown
1762155320.4861763,0,0.032,0.8,0,0,3,297.14,307.699999999979,399.4,0.0,0.0,0.0,0.0,unknown
1762155320.4962401,0,0.032,0.8,0,0,3,297.03,307.599999999979,399.1,0.0,0.0,0.0,0.0,unknown
1762155320.506314,0,0.032,0.8,0,0,3,296.94,307.49999999997897,398.95000000000005,0.0,0.0,0.0,0.0,unknown
1762155320.516415,0,0.033,0.8,1,1,3,296.83,307.39999999997895,398.8,0.0,0.0,0.0,0.0,unknown
1762155320.5265367,0,0.033,0.8,1,0,3,296.74,307.2999999999789,398.70000000000005,0.0,0.0,0.0,0.0,unknown
1762155320.5366292,0,0.034,0.8,1,0,3,296.63,307.1999999999789,398.54999999999995,0.0,0.0,0.0,0.0,unknown
1762155320.5467486,0,0.034,0.8,0,0,3,296.61,307.0999999999789,398.54999999999995,0.0,0.0,0.0,0.0,unknown
1762155320.556844,0,0.035,0.8,1,0,3,296.52,306.99999999997885,398.65,0.0,0.0,0.0,0.0,unknown
1762155320.5669472,0,0.035,0.8,1,0,3,296.41,306.89999999997883,398.70000000000005,0.0,0.0,0.0,0.0,unknown
1762155320.5770233,0,0.035,0.8,1,0,3,296.3,306.7999999999788,398.70000000000005,0.0,0.0,0.0,0.0,unknown
1762155320.5871022,0,0.036000000000000004,0.8,1,0,3,296.19,306.6999999999788,398.70000000000005,0.0,0.0,0.0,0.0,unknown
1762155320.5972114,0,0.037000000000000005,0.8,1,0,3,296.17,306.59999999997876,398.75,0.0,0.0,0.0,0.0,unknown
1762155320.60728,0,0.038,0.8,0,1,3,296.19,306.49999999997874,398.8,0.0,0.0,0.0,0.0,unknown
1762155320.6173425,0,0.038,0.8,0,0,3,296.12,306.3999999999787,398.95,0.0,0.0,0.0,0.0,unknown
1762155320.6274145,0,0.036000000000000004,0.8,0,0,3,296.14,306.2999999999787,399.15,0.0,0.0,0.0,0.0,unknown
1762155320.637515,0,0.034,0.8,0,0,3,296.16,306.1999999999787,399.4,0.0,0.0,0.0,0.0,unknown
1762155320.6475856,0,0.033,0.8,0,0,3,296.18,306.09999999997865,399.65,0.0,0.0,0.0,0.0,unknown
1762155320.6577365,0,0.033,0.8,0,1,3,296.18,305.9999999999786,399.85,0.0,0.0,0.0,0.0,unknown
1762155320.6679053,0,0.033,0.8,0,2,3,296.02,305.8999999999786,400.05,0.0,0.0,0.0,0.0,unknown
1762155320.6782064,0,0.032,0.8,0,0,3,296.02,305.7999999999786,400.29999999999995,0.0,0.0,0.0,0.0,unknown
1762155320.6883197,0,0.031000000000000003,0.8,0,0,3,296,305.69999999997856,400.6,0.0,0.0,0.0,0.0,unknown
1762155320.6984155,0,0.030000000000000002,0.8,0,0,3,296,305.59999999997854,400.95,0.0,0.0,0.0,0.0,unknown
1762155320.7085223,0,0.030000000000000002,0.8,0,1,3,296.02,305.4999999999785,401.25,0.0,0.0,0.0,0.0,unknown
1762155320.7186384,0,0.030000000000000002,0.8,0,0,3,296.11,305.3999999999785,401.55,0.0,0.0,0.0,0.0,unknown
1762155320.72875,0,0.031000000000000003,0.8,1,0,3,296.18,305.29999999997847,401.85,0.0,0.0,0.0,0.0,unknown
1762155320.7388427,0,0.031000000000000003,0.8,1,0,3,296.2,305.19999999997844,402.05,0.0,0.0,0.0,0.0,unknown
1762155320.7489328,0,0.030000000000000002,0.8,0,0,3,296.22,305.0999999999784,402.2,0.0,0.0,0.0,0.0,unknown
1762155320.7591448,0,0.030000000000000002,0.8,0,0,3,296.13,304.9999999999784,402.4,0.0,0.0,0.0,0.0,unknown
1762155320.769233,0,0.031000000000000003,0.8,1,0,3,296.02,304.8999999999784,402.6,0.0,0.0,0.0,0.0,unknown
1762155320.779329,0,0.030000000000000002,0.8,0,0,3,295.91,304.79999999997835,402.79999999999995,0.0,0.0,0.0,0.0,unknown
1762155320.7894177,0,0.031000000000000003,0.8,0,1,3,295.82,304.69999999997833,402.9,0.0,0.0,0.0,0.0,unknown
1762155320.7995276,0,0.031000000000000003,0.8,0,0,3,295.71,304.5999999999783,402.9,0.0,0.0,0.0,0.0,unknown
1762155320.809634,0,0.031000000000000003,0.8,0,1,3,295.6,304.4999999999783,402.85,0.0,0.0,0.0,0.0,unknown
1762155320.8197258,0,0.031000000000000003,0.8,0,0,3,295.51,304.39999999997826,402.9,0.0,0.0,0.0,0.0,unknown
1762155320.829837,0,0.031000000000000003,0.8,0,0,3,295.42,304.29999999997824,402.9,0.0,0.0,0.0,0.0,unknown
1762155320.839944,0,0.031000000000000003,0.8,0,0,3,295.31,304.1999999999782,403.0,0.0,0.0,0.0,0.0,unknown
1762155320.850058,0,0.031000000000000003,0.8,1,0,3,295.22,304.0999999999782,403.04999999999995,0.0,0.0,0.0,0.0,unknown
1762155320.8601613,0,0.030000000000000002,0.8,0,1,3,295.13,303.9999999999782,403.15,0.0,0.0,0.0,0.0,unknown
1762155320.870277,0,0.030000000000000002,0.8,0,1,3,294.86,303.89999999997815,403.29999999999995,0.0,0.0,0.0,0.0,unknown
1762155320.8803551,0,0.031000000000000003,0.8,0,1,3,294.77,303.7999999999781,403.3,0.0,0.0,0.0,0.0,unknown
1762155320.8904533,0,0.031000000000000003,0.8,0,1,3,294.66,303.6999999999781,403.35,0.0,0.0,0.0,0.0,unknown
1762155320.9005654,0,0.032,0.8,0,1,3,294.55,303.5999999999781,403.35,0.0,0.0,0.0,0.0,unknown
1762155320.9106758,0,0.032,0.8,0,0,3,294.44,303.49999999997806,403.3,0.0,0.0,0.0,0.0,unknown
1762155320.9207659,0,0.032,0.8,0,0,3,294.33,303.39999999997804,403.25,0.0,0.0,0.0,0.0,unknown
1762155320.9308326,0,0.032,0.8,0,0,3,294.24,303.299999999978,403.15,0.0,0.0,0.0,0.0,unknown
1762155320.9409678,0,0.030000000000000002,0.8,0,0,3,294.26,303.199999999978,403.05,0.0,0.0,0.0,0.0,unknown
1762155320.9510336,0,0.029,0.8,0,0,3,294.24,303.09999999997797,403.0,0.0,0.0,0.0,0.0,unknown
1762155320.961096,0,0.029,0.8,0,1,3,294.26,302.99999999997794,403.0,0.0,0.0,0.0,0.0,unknown
1762155320.971166,0,0.029,0.8,1,0,3,294.2,302.8999999999779,403.0,0.0,0.0,0.0,0.0,unknown
1762155320.9812284,0,0.028,0.8,1,0,3,294.27,302.7999999999779,403.15,0.0,0.0,0.0,0.0,unknown
1762155320.991298,0,0.029,0.8,0,1,3,294.27,302.6999999999779,403.25,0.0,0.0,0.0,0.0,unknown
1762155321.001369,0,0.030000000000000002,0.8,0,1,3,294.29,302.59999999997785,403.4,0.0,0.0,0.0,0.0,unknown
1762155321.0114324,0,0.031000000000000003,0.8,0,1,3,294.27,302.49999999997783,403.55,0.0,0.0,0.0,0.0,unknown
1762155321.0214934,0,0.029,0.8,0,0,3,294.16,302.3999999999778,403.6,0.0,0.0,0.0,0.0,unknown
1762155321.031552,0,0.028,0.8,0,0,3,294.07,302.2999999999778,403.6,0.0,0.0,0.0,0.0,unknown
1762155321.041632,0,0.029,0.8,1,1,3,293.96,302.19999999997776,403.6,0.0,0.0,0.0,0.0,unknown
1762155321.0516977,0,0.030000000000000002,0.8,0,1,3,293.85,302.09999999997774,403.45,0.0,0.0,0.0,0.0,unknown
1762155321.061773,0,0.030000000000000002,0.8,0,1,3,293.74,301.9999999999777,403.3,0.0,0.0,0.0,0.0,unknown
1762155321.0719514,0,0.030000000000000002,0.8,0,1,3,293.65,301.8999999999777,403.1,0.0,0.0,0.0,0.0,unknown
1762155321.0821402,0,0.029,0.8,0,0,3,293.54,301.7999999999777,402.9,0.0,0.0,0.0,0.0,unknown
1762155321.09227,0,0.028,0.8,0,0,3,293.43,301.69999999997765,402.75,0.0,0.0,0.0,0.0,unknown
1762155321.1024127,0,0.027000000000000003,0.8,0,0,3,293.32,301.5999999999776,402.6,0.0,0.0,0.0,0.0,unknown
1762155321.1125033,0,0.026000000000000002,0.8,0,0,3,293.21,301.4999999999776,402.4,0.0,0.0,0.0,0.0,unknown
1762155321.1226292,0,0.027000000000000003,0.8,0,1,3,293.12,301.3999999999776,402.20000000000005,0.0,0.0,0.0,0.0,unknown
1762155321.132729,0,0.028,0.8,1,0,3,293.01,301.29999999997756,401.95,0.0,0.0,0.0,0.0,unknown
1762155321.1428263,0,0.028,0.8,0,0,3,292.9,301.19999999997754,401.65,0.0,0.0,0.0,0.0,unknown
1762155321.1529403,0,0.029,0.8,0,1,3,292.81,301.0999999999775,401.3,0.0,0.0,0.0,0.0,unknown
1762155321.163056,0,0.029,0.8,0,1,3,292.7,300.9999999999775,401.0,0.0,0.0,0.0,0.0,unknown
1762155321.173175,0,0.028,0.8,0,1,3,292.5,300.89999999997747,400.70000000000005,0.0,0.0,0.0,0.0,unknown
1762155321.183271,0,0.028,0.8,0,0,3,292.5,300.79999999997744,400.5,0.0,0.0,0.0,0.0,unknown
1762155321.1933725,0,0.028,0.8,0,0,3,292.5,300.6999999999774,400.3,0.0,0.0,0.0,0.0,unknown
1762155321.203469,0,0.028,0.8,0,0,3,292.48,300.5999999999774,400.1,0.0,0.0,0.0,0.0,unknown
1762155321.2135568,0,0.027000000000000003,0.8,0,0,3,292.57,300.4999999999774,400.05,0.0,0.0,0.0,0.0,unknown
1762155321.22365,0,0.028,0.8,1,0,3,292.64,300.39999999997735,399.95000000000005,0.0,0.0,0.0,0.0,unknown
1762155321.2337387,0,0.027000000000000003,0.8,0,0,3,292.71,300.29999999997733,399.8,0.0,0.0,0.0,0.0,unknown
1762155321.2438583,0,0.026000000000000002,0.8,0,0,3,292.73,300.1999999999773,399.65,0.0,0.0,0.0,0.0,unknown
1762155321.25398,0,0.028,0.8,1,1,3,292.73,300.0999999999773,399.6,0.0,0.0,0.0,0.0,unknown
1762155321.2640681,0,0.030000000000000002,0.8,1,1,3,292.73,299.99999999997726,399.55,0.0,0.0,0.0,0.0,unknown
1762155321.2741408,0,0.030000000000000002,0.8,0,1,3,292.53,299.89999999997724,399.5,0.0,0.0,0.0,0.0,unknown
1762155321.2842581,0,0.031000000000000003,0.8,0,1,3,292.42,299.7999999999772,399.4,0.0,0.0,0.0,0.0,unknown
1762155321.2943583,0,0.031000000000000003,0.8,0,1,3,292.31,299.6999999999772,399.3,0.0,0.0,0.0,0.0,unknown
1762155321.3044276,0,0.033,0.8,0,2,3,292.2,299.5999999999772,399.15,0.0,0.0,0.0,0.0,unknown
1762155321.3145514,0,0.032,0.8,0,0,3,292.09,299.49999999997715,398.95000000000005,0.0,0.0,0.0,0.0,unknown
1762155321.3246207,0,0.032,0.8,0,0,3,292,299.3999999999771,398.70000000000005,0.0,0.0,0.0,0.0,unknown
1762155321.3347156,0,0.034,0.8,1,1,3,291.91,299.2999999999771,398.45,0.0,0.0,0.0,0.0,unknown
1762155321.344782,0,0.035,0.8,0,1,3,291.82,299.1999999999771,398.2,0.0,0.0,0.0,0.0,unknown
1762155321.3549027,0,0.034,0.8,0,0,3,291.73,299.09999999997706,398.0,0.0,0.0,0.0,0.0,unknown
1762155321.3649633,0,0.033,0.8,0,0,3,291.55,298.99999999997704,397.85,0.0,0.0,0.0,0.0,unknown
1762155321.3750362,0,0.032,0.8,0,0,3,291.44,298.899999999977,397.70000000000005,0.0,0.0,0.0,0.0,unknown
1762155321.3851185,0,0.031000000000000003,0.8,0,0,3,291.33,298.799999999977,397.6,0.0,0.0,0.0,0.0,unknown
1762155321.3951802,0,0.030000000000000002,0.8,0,0,3,291.33,298.69999999997697,397.5,0.0,0.0,0.0,0.0,unknown
1762155321.4052427,0,0.029,0.8,0,0,3,291.15,298.59999999997694,397.4,0.0,0.0,0.0,0.0,unknown
1762155321.4153466,0,0.030000000000000002,0.8,0,1,3,291.15,298.4999999999769,397.4,0.0,0.0,0.0,0.0,unknown
1762155321.4254096,0,0.032,0.8,1,1,3,291.15,298.3999999999769,397.4,0.0,0.0,0.0,0.0,unknown
1762155321.4354787,0,0.032,0.8,0,0,3,291.15,298.2999999999769,397.5,0.0,0.0,0.0,0.0,unknown
1762155321.4455762,0,0.032,0.8,0,0,3,291.24,298.19999999997685,397.75,0.0,0.0,0.0,0.0,unknown
1762155321.455646,0,0.033,0.8,0,1,3,291.33,298.09999999997683,398.0,0.0,0.0,0.0,0.0,unknown
1762155321.4657106,0,0.032,0.8,0,0,3,291.44,297.9999999999768,398.25,0.0,0.0,0.0,0.0,unknown
1762155321.4757707,0,0.031000000000000003,0.8,0,0,3,291.55,297.8999999999768,398.55,0.0,0.0,0.0,0.0,unknown
1762155321.4858372,0,0.030000000000000002,0.8,0,0,3,291.66,297.79999999997676,398.8,0.0,0.0,0.0,0.0,unknown
1762155321.4959402,0,0.029,0.8,0,0,3,291.77,297.69999999997674,399.05,0.0,0.0,0.0,0.0,unknown
1762155321.5060122,0,0.028,0.8,0,0,3,291.86,297.5999999999767,399.25,0.0,0.0,0.0,0.0,unknown
1762155321.5160828,0,0.027000000000000003,0.8,0,0,3,291.95,297.4999999999767,399.35,0.0,0.0,0.0,0.0,unknown
1762155321.52615,0,0.027000000000000003,0.8,0,0,3,292.06,297.39999999997667,399.55,0.0,0.0,0.0,0.0,unknown
1762155321.5362263,0,0.027000000000000003,0.8,0,0,3,292.17,297.29999999997665,399.85,0.0,0.0,0.0,0.0,unknown
1762155321.5463073,0,0.025,0.8,0,0,3,292.26,297.1999999999766,400.20000000000005,0.0,0.0,0.0,0.0,unknown
1762155321.5564244,0,0.024,0.8,0,0,3,292.33,297.0999999999766,400.4,0.0,0.0,0.0,0.0,unknown
1762155321.5665455,0,0.023,0.8,0,0,3,292.49,296.9999999999766,400.45,0.0,0.0,0.0,0.0,unknown
1762155321.5766366,0,0.022000000000000002,0.8,0,0,3,292.65,296.89999999997656,400.55,0.0,0.0,0.0,0.0,unknown
1762155321.5867515,0,0.022000000000000002,0.8,0,0,3,292.81,296.79999999997654,400.70000000000005,0.0,0.0,0.0,0.0,unknown
1762155321.5968716,0,0.022000000000000002,0.8,0,0,3,292.9,296.6999999999765,400.9,0.0,0.0,0.0,0.0,unknown
1762155321.6069834,0,0.023,0.8,1,0,3,292.92,296.5999999999765,401.04999999999995,0.0,0.0,0.0,0.0,unknown
1762155321.6171064,0,0.023,0.8,0,0,3,292.81,296.49999999997647,401.1,0.0,0.0,0.0,0.0,unknown
1762155321.62721,0,0.022000000000000002,0.8,0,0,3,292.7,296.39999999997644,401.05,0.0,0.0,0.0,0.0,unknown
1762155321.6373184,0,0.022000000000000002,0.8,1,0,3,292.59,296.2999999999764,400.9,0.0,0.0,0.0,0.0,unknown
1762155321.6474273,0,0.023,0.8,0,1,3,292.48,296.1999999999764,400.65,0.0,0.0,0.0,0.0,unknown
1762155321.6574903,0,0.022000000000000002,0.8,0,0,3,292.37,296.0999999999764,400.4,0.0,0.0,0.0,0.0,unknown
1762155321.6675622,0,0.022000000000000002,0.8,0,1,3,292.26,295.99999999997635,400.20000000000005,0.0,0.0,0.0,0.0,unknown
1762155321.677635,0,0.023,0.8,1,1,3,292.17,295.89999999997633,400.0,0.0,0.0,0.0,0.0,unknown
1762155321.687749,0,0.024,0.8,0,1,3,292.06,295.7999999999763,399.75,0.0,0.0,0.0,0.0,unknown
1762155321.6978135,0,0.024,0.8,0,0,3,291.97,295.6999999999763,399.45,0.0,0.0,0.0,0.0,unknown
1762155321.7078805,0,0.024,0.8,0,0,3,291.88,295.59999999997626,399.15,0.0,0.0,0.0,0.0,unknown
1762155321.7179587,0,0.025,0.8,1,0,3,291.86,295.49999999997624,398.85,0.0,0.0,0.0,0.0,unknown
1762155321.7280369,0,0.025,0.8,1,0,3,291.66,295.3999999999762,398.6,0.0,0.0,0.0,0.0,unknown
1762155321.7381105,0,0.025,0.8,0,0,3,291.5,295.2999999999762,398.4,0.0,0.0,0.0,0.0,unknown
1762155321.7481916,0,0.026000000000000002,0.8,0,1,3,291.39,295.19999999997617,398.20000000000005,0.0,0.0,0.0,0.0,unknown
1762155321.7582822,0,0.025,0.8,1,0,3,291.28,295.09999999997615,398.1,0.0,0.0,0.0,0.0,unknown
1762155321.7683563,0,0.024,0.8,1,0,3,290.99,294.9999999999761,397.95,0.0,0.0,0.0,0.0,unknown
1762155321.7784197,0,0.023,0.8,0,0,3,290.78,294.8999999999761,397.79999999999995,0.0,0.0,0.0,0.0,unknown
1762155321.7884867,0,0.022000000000000002,0.8,0,0,3,290.6,294.7999999999761,397.55,0.0,0.0,0.0,0.0,unknown
1762155321.7985506,0,0.021,0.8,0,0,3,290.42,294.69999999997606,397.4,0.0,0.0,0.0,0.0,unknown
1762155321.8086252,0,0.019,0.8,0,0,3,290.24,294.59999999997603,397.3,0.0,0.0,0.0,0.0,unknown
1762155321.8187273,0,0.019,0.8,0,0,3,290.03,294.499999999976,397.2,0.0,0.0,0.0,0.0,unknown
1762155321.8287904,0,0.02,0.8,0,1,3,289.82,294.399999999976,397.05,0.0,0.0,0.0,0.0,unknown
1762155321.8388772,0,0.019,0.8,0,1,3,289.64,294.29999999997597,396.95,0.0,0.0,0.0,0.0,unknown
1762155321.848976,0,0.019,0.8,0,1,3,289.46,294.19999999997594,396.85,0.0,0.0,0.0,0.0,unknown
1762155321.859095,0,0.021,0.8,0,2,3,289.25,294.0999999999759,396.75,0.0,0.0,0.0,0.0,unknown
1762155321.8691602,0,0.022000000000000002,0.8,0,1,3,289.07,293.9999999999759,396.65,0.0,0.0,0.0,0.0,unknown
1762155321.8792286,0,0.023,0.8,1,0,3,288.86,293.8999999999759,396.5,0.0,0.0,0.0,0.0,unknown
1762155321.8892984,0,0.023,0.8,0,0,3,288.68,293.79999999997585,396.4,0.0,0.0,0.0,0.0,unknown
1762155321.8993847,0,0.023,0.8,0,0,3,288.54,293.69999999997583,396.35,0.0,0.0,0.0,0.0,unknown
1762155321.9094982,0,0.024,0.8,0,1,3,288.36,293.5999999999758,396.25,0.0,0.0,0.0,0.0,unknown
1762155321.9195936,0,0.023,0.8,0,0,3,288.29,293.4999999999758,396.15,0.0,0.0,0.0,0.0,unknown
1762155321.9296823,0,0.023,0.8,1,1,3,288.29,293.39999999997576,396.1,0.0,0.0,0.0,0.0,unknown
1762155321.939771,0,0.023,0.8,0,0,3,288.29,293.29999999997574,396.1,0.0,0.0,0.0,0.0,unknown
1762155321.9498847,0,0.023,0.8,0,0,3,288.18,293.1999999999757,396.1,0.0,0.0,0.0,0.0,unknown
1762155321.9600055,0,0.022000000000000002,0.8,0,0,3,288.09,293.0999999999757,396.1,0.0,0.0,0.0,0.0,unknown
1762155321.9701295,0,0.022000000000000002,0.8,0,0,3,287.98,292.99999999997567,396.1,0.0,0.0,0.0,0.0,unknown
1762155321.980191,0,0.022000000000000002,0.8,0,0,3,287.82,292.89999999997565,396.1,0.0,0.0,0.0,0.0,unknown
1762155321.9902804,0,0.022000000000000002,0.8,0,0,3,287.66,292.7999999999756,396.1,0.0,0.0,0.0,0.0,unknown
1762155322.0003839,0,0.022000000000000002,0.8,0,0,3,287.55,292.6999999999756,396.1,0.0,0.0,0.0,0.0,unknown
1762155322.0104597,0,0.022000000000000002,0.8,0,0,3,287.44,292.5999999999756,396.04999999999995,0.0,0.0,0.0,0.0,unknown
1762155322.0205624,0,0.022000000000000002,0.8,0,0,3,287.35,292.49999999997556,395.95,0.0,0.0,0.0,0.0,unknown
1762155322.030627,0,0.022000000000000002,0.8,0,0,3,287.17,292.39999999997553,395.95,0.0,0.0,0.0,0.0,unknown
1762155322.040694,0,0.022000000000000002,0.8,0,0,3,286.99,292.2999999999755,396.04999999999995,0.0,0.0,0.0,0.0,unknown
1762155322.0507612,0,0.022000000000000002,0.8,0,0,3,286.78,292.1999999999755,396.1,0.0,0.0,0.0,0.0,unknown
1762155322.0608284,0,0.023,0.8,0,1,3,286.6,292.09999999997547,396.15,0.0,0.0,0.0,0.0,unknown
1762155322.0708952,0,0.024,0.8,0,1,3,286.42,291.99999999997544,396.1,0.0,0.0,0.0,0.0,unknown
1762155322.0809653,0,0.024,0.8,0,0,3,286.24,291.8999999999754,396.15,0.0,0.0,0.0,0.0,unknown
1762155322.0910347,0,0.025,0.8,0,1,3,286.06,291.7999999999754,396.15,0.0,0.0,0.0,0.0,unknown
1762155322.101098,0,0.025,0.8,0,0,3,285.88,291.6999999999754,396.1,0.0,0.0,0.0,0.0,unknown
1762155322.1111712,0,0.025,0.8,0,1,3,285.7,291.59999999997535,395.95,0.0,0.0,0.0,0.0,unknown
1762155322.1212895,0,0.026000000000000002,0.8,0,1,3,285.49,291.49999999997533,395.8,0.0,0.0,0.0,0.0,unknown
1762155322.1313877,0,0.027000000000000003,0.8,1,0,3,285.31,291.3999999999753,395.65,0.0,0.0,0.0,0.0,unknown
1762155322.1414514,0,0.026000000000000002,0.8,0,0,3,285.13,291.2999999999753,395.55,0.0,0.0,0.0,0.0,unknown
1762155322.1515632,0,0.025,0.8,0,0,3,284.95,291.19999999997526,395.5,0.0,0.0,0.0,0.0,unknown
1762155322.161627,0,0.026000000000000002,0.8,1,0,3,284.77,291.09999999997524,395.5,0.0,0.0,0.0,0.0,unknown
1762155322.1716874,0,0.025,0.8,0,0,3,284.59,290.9999999999752,395.5,0.0,0.0,0.0,0.0,unknown
1762155322.1817842,0,0.024,0.8,0,1,3,284.52,290.8999999999752,395.5,0.0,0.0,0.0,0.0,unknown
1762155322.191882,0,0.023,0.8,0,0,3,284.41,290.79999999997517,395.45,0.0,0.0,0.0,0.0,unknown
1762155322.2019892,0,0.024,0.8,0,1,3,284.3,290.69999999997515,395.35,0.0,0.0,0.0,0.0,unknown
1762155322.2120907,0,0.025,0.8,0,1,3,284.21,290.5999999999751,395.20000000000005,0.0,0.0,0.0,0.0,unknown
1762155322.2221582,0,0.024,0.8,0,0,3,284.03,290.4999999999751,395.0,0.0,0.0,0.0,0.0,unknown
1762155322.2322304,0,0.023,0.8,0,0,3,283.87,290.3999999999751,394.85,0.0,0.0,0.0,0.0,unknown
1762155322.2423253,0,0.023,0.8,0,0,3,283.71,290.29999999997506,394.75,0.0,0.0,0.0,0.0,unknown
1762155322.2524166,0,0.022000000000000002,0.8,0,0,3,283.76,290.19999999997503,394.70000000000005,0.0,0.0,0.0,0.0,unknown
1762155322.2625031,0,0.021,0.8,0,0,3,283.67,290.099999999975,394.65,0.0,0.0,0.0,0.0,unknown
1762155322.2725956,0,0.02,0.8,0,0,3,283.58,289.999999999975,394.6,0.0,0.0,0.0,0.0,unknown
1762155322.2826996,0,0.021,0.8,1,0,3,283.58,289.89999999997497,394.5,0.0,0.0,0.0,0.0,unknown
1762155322.2927897,0,0.022000000000000002,0.8,0,1,3,283.37,289.79999999997494,394.45,0.0,0.0,0.0,0.0,unknown
1762155322.3028905,0,0.022000000000000002,0.8,0,0,3,283.19,289.6999999999749,394.3,0.0,0.0,0.0,0.0,unknown
1762155322.31307,0,0.022000000000000002,0.8,0,0,3,282.98,289.5999999999749,394.2,0.0,0.0,0.0,0.0,unknown
1762155322.3232973,0,0.022000000000000002,0.8,0,0,3,282.8,289.4999999999749,394.1,0.0,0.0,0.0,0.0,unknown
1762155322.3334174,0,0.021,0.8,0,0,3,282.62,289.39999999997485,393.9,0.0,0.0,0.0,0.0,unknown
1762155322.3436687,0,0.02,0.8,0,0,3,282.44,289.29999999997483,393.65,0.0,0.0,0.0,0.0,unknown
1762155322.3538532,0,0.019,0.8,0,0,3,282.26,289.1999999999748,393.4,0.0,0.0,0.0,0.0,unknown
1762155322.363963,0,0.018000000000000002,0.8,0,1,3,282.05,289.0999999999748,393.15,0.0,0.0,0.0,0.0,unknown
1762155322.3740945,0,0.017,0.8,0,0,3,281.87,288.99999999997476,392.9,0.0,0.0,0.0,0.0,unknown
1762155322.3842053,0,0.016,0.8,0,0,3,281.69,288.89999999997474,392.7,0.0,0.0,0.0,0.0,unknown
1762155322.3942914,0,0.016,0.8,0,0,3,281.51,288.7999999999747,392.45000000000005,0.0,0.0,0.0,0.0,unknown
1762155322.4044025,0,0.017,0.8,1,0,3,281.24,288.6999999999747,392.20000000000005,0.0,0.0,0.0,0.0,unknown
1762155322.414496,0,0.016,0.8,0,0,3,281.08,288.59999999997467,391.95,0.0,0.0,0.0,0.0,unknown
1762155322.4245963,0,0.017,0.8,0,1,3,280.9,288.49999999997465,391.75,0.0,0.0,0.0,0.0,unknown
1762155322.4346914,0,0.016,0.8,0,1,3,280.72,288.3999999999746,391.6,0.0,0.0,0.0,0.0,unknown
1762155322.4447558,0,0.017,0.8,1,0,3,280.72,288.2999999999746,391.4,0.0,0.0,0.0,0.0,unknown
1762155322.4548323,0,0.018000000000000002,0.8,1,0,3,280.63,288.1999999999746,391.04999999999995,0.0,0.0,0.0,0.0,unknown
1762155322.4649198,0,0.019,0.8,1,0,3,280.54,288.09999999997456,390.79999999999995,0.0,0.0,0.0,0.0,unknown
1762155322.4750214,0,0.02,0.8,0,1,3,280.43,287.99999999997453,390.65,0.0,0.0,0.0,0.0,unknown
1762155322.485085,0,0.02,0.8,0,0,3,280.32,287.8999999999745,390.6,0.0,0.0,0.0,0.0,unknown
1762155322.4951463,0,0.022000000000000002,0.8,2,0,3,280.21,287.7999999999745,390.65,0.0,0.0,0.0,0.0,unknown
1762155322.5052187,0,0.023,0.8,0,1,3,280.1,287.69999999997447,390.75,0.0,0.0,0.0,0.0,unknown
1762155322.5152857,0,0.024,0.8,0,1,3,280.01,287.59999999997444,390.9,0.0,0.0,0.0,0.0,unknown
1762155322.525346,0,0.024,0.8,0,0,3,279.92,287.4999999999744,391.15,0.0,0.0,0.0,0.0,unknown
1762155322.535442,0,0.025,0.8,1,0,3,279.81,287.3999999999744,391.20000000000005,0.0,0.0,0.0,0.0,unknown
1762155322.5455112,0,0.026000000000000002,0.8,0,1,3,279.7,287.2999999999744,391.2,0.0,0.0,0.0,0.0,unknown
1762155322.5555923,0,0.027000000000000003,0.8,0,1,3,279.61,287.19999999997435,391.2,0.0,0.0,0.0,0.0,unknown
1762155322.565697,0,0.027000000000000003,0.8,0,1,3,279.52,287.09999999997433,391.25,0.0,0.0,0.0,0.0,unknown
1762155322.5758016,0,0.027000000000000003,0.8,0,1,3,279.47,286.9999999999743,391.4,0.0,0.0,0.0,0.0,unknown
1762155322.5858643,0,0.027000000000000003,0.8,0,0,3,279.42,286.8999999999743,391.55,0.0,0.0,0.0,0.0,unknown
1762155322.5959284,0,0.026000000000000002,0.8,0,0,3,279.44,286.79999999997426,391.65,0.0,0.0,0.0,0.0,unknown
1762155322.6059928,0,0.026000000000000002,0.8,0,0,3,279.35,286.69999999997424,391.70000000000005,0.0,0.0,0.0,0.0,unknown
1762155322.6160533,0,0.025,0.8,0,0,3,279.24,286.5999999999742,391.70000000000005,0.0,0.0,0.0,0.0,unknown
1762155322.6261175,0,0.024,0.8,0,0,3,279.24,286.4999999999742,391.79999999999995,0.0,0.0,0.0,0.0,unknown
1762155322.6362026,0,0.023,0.8,0,0,3,279.24,286.39999999997417,391.9,0.0,0.0,0.0,0.0,unknown
1762155322.646274,0,0.023,0.8,0,0,3,279.24,286.29999999997415,392.0,0.0,0.0,0.0,0.0,unknown
1762155322.6563418,0,0.024,0.8,0,1,3,279.06,286.1999999999741,392.1,0.0,0.0,0.0,0.0,unknown
1762155322.6664085,0,0.023,0.8,0,0,3,278.85,286.0999999999741,392.25,0.0,0.0,0.0,0.0,unknown
1762155322.6765094,0,0.023,0.8,0,0,3,278.67,285.9999999999741,392.4,0.0,0.0,0.0,0.0,unknown
1762155322.6865876,0,0.022000000000000002,0.8,0,0,3,278.46,285.89999999997406,392.6,0.0,0.0,0.0,0.0,unknown
1762155322.696693,0,0.022000000000000002,0.8,0,0,3,278.28,285.79999999997403,392.85,0.0,0.0,0.0,0.0,unknown
1762155322.7067842,0,0.021,0.8,0,0,3,278.1,285.699999999974,393.05,0.0,0.0,0.0,0.0,unknown
1762155322.7168722,0,0.02,0.8,0,0,3,277.92,285.599999999974,393.15,0.0,0.0,0.0,0.0,unknown
1762155322.7269764,0,0.02,0.8,0,0,3,277.62,285.49999999997397,393.15,0.0,0.0,0.0,0.0,unknown
1762155322.7370667,0,0.021,0.8,0,1,3,277.41,285.39999999997394,393.1,0.0,0.0,0.0,0.0,unknown
1762155322.747181,0,0.021,0.8,0,0,3,277.23,285.2999999999739,392.9,0.0,0.0,0.0,0.0,unknown
1762155322.7572687,0,0.022000000000000002,0.8,0,1,3,277.05,285.1999999999739,392.70000000000005,0.0,0.0,0.0,0.0,unknown
1762155322.767341,0,0.022000000000000002,0.8,0,0,3,276.87,285.0999999999739,392.5,0.0,0.0,0.0,0.0,unknown
1762155322.7774494,0,0.022000000000000002,0.8,0,0,3,276.87,284.99999999997385,392.4,0.0,0.0,0.0,0.0,unknown
1762155322.7875366,0,0.022000000000000002,0.8,1,0,3,276.94,284.89999999997383,392.29999999999995,0.0,0.0,0.0,0.0,unknown
1762155322.7976363,0,0.022000000000000002,0.8,0,1,3,276.94,284.7999999999738,392.25,0.0,0.0,0.0,0.0,unknown
1762155322.807734,0,0.024,0.8,0,2,3,276.94,284.6999999999738,392.2,0.0,0.0,0.0,0.0,unknown
1762155322.8178544,0,0.026000000000000002,0.8,0,2,3,276.94,284.59999999997376,392.15,0.0,0.0,0.0,0.0,unknown
1762155322.8279457,0,0.027000000000000003,0.8,0,1,3,276.97,284.49999999997374,392.15,0.0,0.0,0.0,0.0,unknown
1762155322.8381479,0,0.027000000000000003,0.8,0,0,3,277.18,284.3999999999737,392.15,0.0,0.0,0.0,0.0,unknown
1762155322.8482435,0,0.028,0.8,0,1,3,277.36,284.2999999999737,392.1,0.0,0.0,0.0,0.0,unknown
1762155322.8583417,0,0.028,0.8,0,0,3,277.54,284.19999999997367,392.1,0.0,0.0,0.0,0.0,unknown
1762155322.8684485,0,0.028,0.8,0,1,3,277.75,284.09999999997365,392.15,0.0,0.0,0.0,0.0,unknown
1762155322.8785348,0,0.028,0.8,0,0,3,277.93,283.9999999999736,392.25,0.0,0.0,0.0,0.0,unknown
1762155322.888645,0,0.029,0.8,1,0,3,278.14,283.8999999999736,392.4,0.0,0.0,0.0,0.0,unknown
1762155322.8987648,0,0.029,0.8,0,0,3,278.32,283.7999999999736,392.54999999999995,0.0,0.0,0.0,0.0,unknown
1762155322.9088578,0,0.028,0.8,0,0,3,278.46,283.69999999997356,392.6,0.0,0.0,0.0,0.0,unknown
1762155322.9189732,0,0.028,0.8,0,0,3,278.64,283.59999999997353,392.8,0.0,0.0,0.0,0.0,unknown
1762155322.9290571,0,0.028,0.8,0,1,3,278.71,283.4999999999735,393.0,0.0,0.0,0.0,0.0,unknown
1762155322.9391563,0,0.027000000000000003,0.8,0,0,3,278.71,283.3999999999735,393.15,0.0,0.0,0.0,0.0,unknown
1762155322.949265,0,0.026000000000000002,0.8,0,0,3,278.71,283.29999999997347,393.25,0.0,0.0,0.0,0.0,unknown
1762155322.9593353,0,0.025,0.8,0,0,3,278.71,283.19999999997344,393.25,0.0,0.0,0.0,0.0,unknown
1762155322.9694407,0,0.025,0.8,1,0,3,278.71,283.0999999999734,393.29999999999995,0.0,0.0,0.0,0.0,unknown
1762155322.9795082,0,0.024,0.8,0,0,3,278.71,282.9999999999734,393.25,0.0,0.0,0.0,0.0,unknown
1762155322.9895785,0,0.025,0.8,0,1,3,278.71,282.8999999999734,393.2,0.0,0.0,0.0,0.0,unknown
1762155322.999734,0,0.023,0.8,0,0,3,278.71,282.79999999997335,393.0,0.0,0.0,0.0,0.0,unknown
1762155323.0097976,0,0.023,0.8,0,1,3,278.53,282.69999999997333,392.75,0.0,0.0,0.0,0.0,unknown
1762155323.0199006,0,0.022000000000000002,0.8,0,0,3,278.35,282.5999999999733,392.5,0.0,0.0,0.0,0.0,unknown
1762155323.0300004,0,0.022000000000000002,0.8,0,0,3,278.17,282.4999999999733,392.3,0.0,0.0,0.0,0.0,unknown
1762155323.0400875,0,0.021,0.8,0,0,3,278.17,282.39999999997326,392.04999999999995,0.0,0.0,0.0,0.0,unknown
1762155323.0501544,0,0.02,0.8,0,0,3,278.14,282.29999999997324,391.75,0.0,0.0,0.0,0.0,unknown
1762155323.06022,0,0.019,0.8,0,0,3,278.17,282.1999999999732,391.5,0.0,0.0,0.0,0.0,unknown
1762155323.0703301,0,0.02,0.8,0,2,3,278.17,282.0999999999732,391.35,0.0,0.0,0.0,0.0,unknown
1762155323.0804152,0,0.02,0.8,0,1,3,278.17,281.99999999997317,391.35,0.0,0.0,0.0,0.0,unknown
1762155323.0904946,0,0.02,0.8,0,0,3,278.17,281.89999999997315,391.35,0.0,0.0,0.0,0.0,unknown
1762155323.100561,0,0.021,0.8,1,0,3,278.17,281.7999999999731,391.35,0.0,0.0,0.0,0.0,unknown
1762155323.1106243,0,0.021,0.8,0,0,3,278.17,281.6999999999731,391.29999999999995,0.0,0.0,0.0,0.0,unknown
1762155323.120696,0,0.021,0.8,0,0,3,278.17,281.5999999999731,391.25,0.0,0.0,0.0,0.0,unknown
1762155323.1307745,0,0.022000000000000002,0.8,0,1,3,278.22,281.49999999997306,391.20000000000005,0.0,0.0,0.0,0.0,unknown
1762155323.140842,0,0.023,0.8,0,1,3,278.22,281.39999999997303,391.2,0.0,0.0,0.0,0.0,unknown
1762155323.1509223,0,0.025,0.8,0,2,3,278.22,281.299999999973,391.15,0.0,0.0,0.0,0.0,unknown
1762155323.1610022,0,0.025,0.8,0,1,3,278.22,281.199999999973,391.05,0.0,0.0,0.0,0.0,unknown
1762155323.1710782,0,0.026000000000000002,0.8,0,1,3,278.19,281.09999999997297,390.85,0.0,0.0,0.0,0.0,unknown
1762155323.1811445,0,0.026000000000000002,0.8,0,0,3,278.37,280.99999999997294,390.65,0.0,0.0,0.0,0.0,unknown
1762155323.1912096,0,0.026000000000000002,0.8,0,0,3,278.44,280.8999999999729,390.45,0.0,0.0,0.0,0.0,unknown
1762155323.201278,0,0.028,0.8,1,1,3,278.44,280.7999999999729,390.3,0.0,0.0,0.0,0.0,unknown
1762155323.2113564,0,0.029,0.8,0,1,3,278.44,280.6999999999729,390.15,0.0,0.0,0.0,0.0,unknown
1762155323.2215533,0,0.029,0.8,0,0,3,278.44,280.59999999997285,390.1,0.0,0.0,0.0,0.0,unknown
1762155323.2316742,0,0.029,0.8,0,0,3,278.44,280.49999999997283,390.05,0.0,0.0,0.0,0.0,unknown
1762155323.241776,0,0.028,0.8,0,0,3,278.44,280.3999999999728,390.0,0.0,0.0,0.0,0.0,unknown
1762155323.2519553,0,0.028,0.8,0,0,3,278.44,280.2999999999728,389.9,0.0,0.0,0.0,0.0,unknown
1762155323.2621152,0,0.029,0.8,0,2,3,278.28,280.19999999997276,389.75,0.0,0.0,0.0,0.0,unknown
1762155323.2721927,0,0.030000000000000002,0.8,0,1,3,278.28,280.09999999997274,389.5,0.0,0.0,0.0,0.0,unknown
1762155323.28232,0,0.031000000000000003,0.8,0,1,3,278.28,279.9999999999727,389.25,0.0,0.0,0.0,0.0,unknown
1762155323.2923884,0,0.031000000000000003,0.8,0,1,3,278.28,279.8999999999727,389.05,0.0,0.0,0.0,0.0,unknown
1762155323.3024917,0,0.031000000000000003,0.8,0,1,3,278.58,279.79999999997267,388.9,0.0,0.0,0.0,0.0,unknown
1762155323.312561,0,0.029,0.8,0,0,3,278.76,279.69999999997265,388.85,0.0,0.0,0.0,0.0,unknown
1762155323.3226275,0,0.027000000000000003,0.8,0,0,3,278.97,279.5999999999726,388.85,0.0,0.0,0.0,0.0,unknown
1762155323.3327198,0,0.026000000000000002,0.8,0,0,3,279.15,279.4999999999726,388.95,0.0,0.0,0.0,0.0,unknown
1762155323.342787,0,0.026000000000000002,0.8,0,0,3,279.33,279.3999999999726,389.25,0.0,0.0,0.0,0.0,unknown
1762155323.3528478,0,0.025,0.8,0,0,3,279.33,279.29999999997256,389.5,0.0,0.0,0.0,0.0,unknown
1762155323.362918,0,0.025,0.8,0,0,3,279.3,279.19999999997253,389.75,0.0,0.0,0.0,0.0,unknown
1762155323.3730123,0,0.025,0.8,0,1,3,279.33,279.0999999999725,389.95000000000005,0.0,0.0,0.0,0.0,unknown
1762155323.383074,0,0.027000000000000003,0.8,0,2,3,279.33,278.9999999999725,390.04999999999995,0.0,0.0,0.0,0.0,unknown
1762155323.3931427,0,0.026000000000000002,0.8,0,0,3,279.33,278.89999999997247,390.0,0.0,0.0,0.0,0.0,unknown
1762155323.4032092,0,0.027000000000000003,0.8,1,0,3,279.33,278.79999999997244,390.0,0.0,0.0,0.0,0.0,unknown
1762155323.4133055,0,0.027000000000000003,0.8,0,0,3,279.33,278.6999999999724,389.95,0.0,0.0,0.0,0.0,unknown
1762155323.423367,0,0.027000000000000003,0.8,0,0,3,279.31,278.5999999999724,389.85,0.0,0.0,0.0,0.0,unknown
1762155323.4334688,0,0.027000000000000003,0.8,0,1,3,279.31,278.4999999999724,389.75,0.0,0.0,0.0,0.0,unknown
1762155323.4435318,0,0.027000000000000003,0.8,0,0,3,279.31,278.39999999997235,389.6,0.0,0.0,0.0,0.0,unknown
1762155323.4536362,0,0.027000000000000003,0.8,0,0,3,279.13,278.29999999997233,389.5,0.0,0.0,0.0,0.0,unknown
1762155323.463704,0,0.027000000000000003,0.8,0,0,3,278.95,278.1999999999723,389.4,0.0,0.0,0.0,0.0,unknown
1762155323.4738078,0,0.026000000000000002,0.8,0,0,3,278.79,278.0999999999723,389.15,0.0,0.0,0.0,0.0,unknown
1762155323.4838734,0,0.026000000000000002,0.8,0,0,3,278.61,277.99999999997226,388.8,0.0,0.0,0.0,0.0,unknown
1762155323.49394,0,0.025,0.8,0,0,3,278.43,277.89999999997224,388.35,0.0,0.0,0.0,0.0,unknown
1762155323.5040488,0,0.025,0.8,0,0,3,278.25,277.7999999999722,387.85,0.0,0.0,0.0,0.0,unknown
1762155323.5141475,0,0.025,0.8,1,0,3,278.07,277.6999999999722,387.35,0.0,0.0,0.0,0.0,unknown
1762155323.5242372,0,0.025,0.8,0,0,3,278.07,277.59999999997217,386.85,0.0,0.0,0.0,0.0,unknown
1762155323.5343292,0,0.025,0.8,0,0,3,278.07,277.49999999997215,386.45,0.0,0.0,0.0,0.0,unknown
1762155323.5444255,0,0.026000000000000002,0.8,1,0,3,278.07,277.3999999999721,386.15,0.0,0.0,0.0,0.0,unknown
1762155323.5545213,0,0.026000000000000002,0.8,0,0,3,278.07,277.2999999999721,385.9,0.0,0.0,0.0,0.0,unknown
1762155323.5646102,0,0.028,0.8,1,1,3,278.07,277.1999999999721,385.65,0.0,0.0,0.0,0.0,unknown
1762155323.5747025,0,0.026000000000000002,0.8,0,0,3,278,277.09999999997206,385.35,0.0,0.0,0.0,0.0,unknown
1762155323.584798,0,0.026000000000000002,0.8,1,0,3,277.89,276.99999999997203,385.0,0.0,0.0,0.0,0.0,unknown
1762155323.5948894,0,0.028,0.8,2,0,3,277.78,276.899999999972,384.65,0.0,0.0,0.0,0.0,unknown
1762155323.605013,0,0.028,0.8,1,0,3,277.6,276.799999999972,384.29999999999995,0.0,0.0,0.0,0.0,unknown
1762155323.6151168,0,0.029,0.8,1,0,3,277.6,276.69999999997196,384.0,0.0,0.0,0.0,0.0,unknown
1762155323.625202,0,0.030000000000000002,0.8,0,1,3,277.6,276.59999999997194,383.65,0.0,0.0,0.0,0.0,unknown
1762155323.635307,0,0.030000000000000002,0.8,1,0,3,277.6,276.4999999999719,383.20000000000005,0.0,0.0,0.0,0.0,unknown
1762155323.6453915,0,0.030000000000000002,0.8,1,0,3,277.6,276.3999999999719,382.75,0.0,0.0,0.0,0.0,unknown
1762155323.6554823,0,0.029,0.8,1,0,3,277.6,276.2999999999719,382.35,0.0,0.0,0.0,0.0,unknown
1762155323.6655838,0,0.029,0.8,1,0,3,277.78,276.19999999997185,382.04999999999995,0.0,0.0,0.0,0.0,unknown
1762155323.675672,0,0.029,0.8,1,0,3,277.92,276.0999999999718,381.75,0.0,0.0,0.0,0.0,unknown
1762155323.685764,0,0.029,0.8,0,0,3,277.92,275.9999999999718,381.45000000000005,0.0,0.0,0.0,0.0,unknown
1762155323.6958618,0,0.029,0.8,0,0,3,277.88,275.8999999999718,381.15,0.0,0.0,0.0,0.0,unknown
1762155323.7059593,0,0.027000000000000003,0.8,0,0,3,277.74,275.79999999997176,380.79999999999995,0.0,0.0,0.0,0.0,unknown
1762155323.7160552,0,0.027000000000000003,0.8,0,1,3,277.64,275.69999999997174,380.45,0.0,0.0,0.0,0.0,unknown
1762155323.7261279,0,0.028,0.8,0,1,3,277.54,275.5999999999717,380.20000000000005,0.0,0.0,0.0,0.0,unknown
1762155323.7362196,0,0.029,0.8,1,0,3,277.43,275.4999999999717,379.95,0.0,0.0,0.0,0.0,unknown
1762155323.7463076,0,0.030000000000000002,0.8,0,1,3,277.36,275.39999999997167,379.7,0.0,0.0,0.0,0.0,unknown
1762155323.7564023,0,0.030000000000000002,0.8,0,0,3,277.26,275.29999999997165,379.54999999999995,0.0,0.0,0.0,0.0,unknown
1762155323.7664943,0,0.029,0.8,0,1,3,277.16,275.1999999999716,379.5,0.0,0.0,0.0,0.0,unknown
1762155323.7766004,0,0.028,0.8,0,0,3,277.02,275.0999999999716,379.4,0.0,0.0,0.0,0.0,unknown
1762155323.7867005,0,0.027000000000000003,0.8,0,0,3,276.92,274.9999999999716,379.25,0.0,0.0,0.0,0.0,unknown
1762155323.7967982,0,0.026000000000000002,0.8,0,0,3,276.74,274.89999999997156,379.20000000000005,0.0,0.0,0.0,0.0,unknown
1762155323.806897,0,0.025,0.8,0,0,3,276.64,274.79999999997153,379.20000000000005,0.0,0.0,0.0,0.0,unknown
1762155323.8169959,0,0.025,0.8,0,0,3,276.54,274.6999999999715,379.20000000000005,0.0,0.0,0.0,0.0,unknown
1762155323.827097,0,0.025,0.8,0,0,3,276.49,274.5999999999715,379.20000000000005,0.0,0.0,0.0,0.0,unknown
1762155323.8371933,0,0.025,0.8,0,0,3,276.39,274.49999999997146,379.15,0.0,0.0,0.0,0.0,unknown
1762155323.8472903,0,0.025,0.8,0,0,3,276.11,274.39999999997144,379.1,0.0,0.0,0.0,0.0,unknown
1762155323.8573847,0,0.026000000000000002,0.8,0,1,3,275.79,274.2999999999714,379.05,0.0,0.0,0.0,0.0,unknown
1762155323.8675094,0,0.026000000000000002,0.8,0,0,3,275.63,274.1999999999714,378.95000000000005,0.0,0.0,0.0,0.0,unknown
1762155323.8775835,0,0.026000000000000002,0.8,0,1,3,275.45,274.0999999999714,378.85,0.0,0.0,0.0,0.0,unknown
1762155323.887675,0,0.024,0.8,0,0,3,275.24,273.99999999997135,378.75,0.0,0.0,0.0,0.0,unknown
1762155323.8977575,0,0.024,0.8,0,0,3,275.03,273.8999999999713,378.6,0.0,0.0,0.0,0.0,unknown
1762155323.9078171,0,0.023,0.8,0,0,3,274.85,273.7999999999713,378.5,0.0,0.0,0.0,0.0,unknown
1762155323.917917,0,0.023,0.8,0,0,3,274.67,273.6999999999713,378.4,0.0,0.0,0.0,0.0,unknown
1762155323.927981,0,0.023,0.8,0,0,3,274.49,273.59999999997126,378.3,0.0,0.0,0.0,0.0,unknown
1762155323.93806,0,0.022000000000000002,0.8,0,0,3,274.31,273.49999999997124,378.20000000000005,0.0,0.0,0.0,0.0,unknown
1762155323.9481275,0,0.022000000000000002,0.8,0,0,3,274.13,273.3999999999712,378.1,0.0,0.0,0.0,0.0,unknown
1762155323.958215,0,0.024,0.8,2,0,3,273.92,273.2999999999712,378.0,0.0,0.0,0.0,0.0,unknown
1762155323.9683127,0,0.026000000000000002,0.8,1,1,3,273.74,273.19999999997117,378.0,0.0,0.0,0.0,0.0,unknown
1762155323.9784229,0,0.026000000000000002,0.8,0,0,3,273.56,273.09999999997115,377.9,0.0,0.0,0.0,0.0,unknown
1762155323.988484,0,0.026000000000000002,0.8,0,0,3,273.38,272.9999999999711,377.79999999999995,0.0,0.0,0.0,0.0,unknown
1762155323.99853,0,0.026000000000000002,0.8,0,0,3,273.2,272.8999999999711,377.75,0.0,0.0,0.0,0.0,unknown
1762155324.0085995,0,0.027000000000000003,0.8,0,1,3,273.02,272.7999999999711,377.65,0.0,0.0,0.0,0.0,unknown
1762155324.018672,0,0.026000000000000002,0.8,0,0,3,273.02,272.69999999997106,377.6,0.0,0.0,0.0,0.0,unknown
1762155324.0287378,0,0.026000000000000002,0.8,0,0,3,273.02,272.59999999997103,377.6,0.0,0.0,0.0,0.0,unknown
1762155324.0388474,0,0.026000000000000002,0.8,0,0,3,273.02,272.499999999971,377.5,0.0,0.0,0.0,0.0,unknown
1762155324.0489633,0,0.025,0.8,0,0,3,272.83,272.399999999971,377.4,0.0,0.0,0.0,0.0,unknown
1762155324.059076,0,0.025,0.8,0,0,3,272.6,272.29999999997096,377.3,0.0,0.0,0.0,0.0,unknown
1762155324.0692008,0,0.023,0.8,0,0,3,272.39,272.19999999997094,377.04999999999995,0.0,0.0,0.0,0.0,unknown
1762155324.0794084,0,0.025,0.8,0,2,3,272.18,272.0999999999709,376.8,0.0,0.0,0.0,0.0,unknown
1762155324.0895004,0,0.024,0.8,0,0,3,271.97,271.9999999999709,376.6,0.0,0.0,0.0,0.0,unknown
1762155324.0996122,0,0.023,0.8,0,1,3,271.71,271.8999999999709,376.35,0.0,0.0,0.0,0.0,unknown
1762155324.109735,0,0.022000000000000002,0.8,0,0,3,271.5,271.79999999997085,376.1,0.0,0.0,0.0,0.0,unknown
1762155324.1198134,0,0.021,0.8,0,0,3,271.27,271.6999999999708,375.85,0.0,0.0,0.0,0.0,unknown
1762155324.1299098,0,0.02,0.8,0,0,3,271.06,271.5999999999708,375.6,0.0,0.0,0.0,0.0,unknown
1762155324.1399834,0,0.019,0.8,0,0,3,270.83,271.4999999999708,375.4,0.0,0.0,0.0,0.0,unknown
1762155324.1501198,0,0.018000000000000002,0.8,0,0,3,270.62,271.39999999997076,375.20000000000005,0.0,0.0,0.0,0.0,unknown
1762155324.1602306,0,0.017,0.8,0,0,3,270.41,271.29999999997074,375.1,0.0,0.0,0.0,0.0,unknown
1762155324.1703024,0,0.016,0.8,0,0,3,270.2,271.1999999999707,375.05,0.0,0.0,0.0,0.0,unknown
1762155324.1803656,0,0.015000000000000001,0.8,0,0,3,270.06,271.0999999999707,375.0,0.0,0.0,0.0,0.0,unknown
1762155324.1904433,0,0.015000000000000001,0.8,0,0,3,269.71,270.99999999997067,374.95,0.0,0.0,0.0,0.0,unknown
1762155324.2005112,0,0.015000000000000001,0.8,0,0,3,269.43,270.89999999997065,374.85,0.0,0.0,0.0,0.0,unknown
1762155324.210589,0,0.015000000000000001,0.8,0,0,3,269.15,270.7999999999706,374.70000000000005,0.0,0.0,0.0,0.0,unknown
1762155324.220655,0,0.014,0.8,0,0,3,268.97,270.6999999999706,374.6,0.0,0.0,0.0,0.0,unknown
1762155324.23072,0,0.014,0.8,1,0,3,268.79,270.5999999999706,374.5,0.0,0.0,0.0,0.0,unknown
1762155324.2407906,0,0.016,0.8,1,2,3,268.61,270.49999999997056,374.4,0.0,0.0,0.0,0.0,unknown
1762155324.2508907,0,0.015000000000000001,0.8,0,0,3,268.43,270.39999999997053,374.20000000000005,0.0,0.0,0.0,0.0,unknown
1762155324.2609653,0,0.016,0.8,1,0,3,268.25,270.2999999999705,374.1,0.0,0.0,0.0,0.0,unknown
1762155324.271046,0,0.015000000000000001,0.8,0,0,3,268.07,270.1999999999705,374.0,0.0,0.0,0.0,0.0,unknown
1762155324.2811332,0,0.015000000000000001,0.8,0,0,3,267.89,270.09999999997046,373.95000000000005,0.0,0.0,0.0,0.0,unknown
1762155324.291251,0,0.016,0.8,0,1,3,267.71,269.99999999997044,373.9,0.0,0.0,0.0,0.0,unknown
1762155324.3013158,0,0.016,0.8,0,0,3,267.53,269.8999999999704,373.95,0.0,0.0,0.0,0.0,unknown
1762155324.3113763,0,0.016,0.8,0,0,3,267.26,269.7999999999704,374.0,0.0,0.0,0.0,0.0,unknown
1762155324.3214412,0,0.016,0.8,0,0,3,267.1,269.6999999999704,374.1,0.0,0.0,0.0,0.0,unknown
1762155324.3315039,0,0.016,0.8,0,0,3,266.94,269.59999999997035,374.15,0.0,0.0,0.0,0.0,unknown
1762155324.3415682,0,0.016,0.8,0,0,3,266.78,269.4999999999703,374.15,0.0,0.0,0.0,0.0,unknown
1762155324.3515985,0,0.016,0.8,0,0,3,266.62,269.3999999999703,374.0,0.0,0.0,0.0,0.0,unknown
1762155324.3616648,0,0.015000000000000001,0.8,0,0,3,266.62,269.2999999999703,373.9,0.0,0.0,0.0,0.0,unknown
1762155324.371744,0,0.015000000000000001,0.8,0,0,3,266.65,269.19999999997026,373.79999999999995,0.0,0.0,0.0,0.0,unknown
1762155324.3818407,0,0.015000000000000001,0.8,0,1,3,266.65,269.09999999997024,373.79999999999995,0.0,0.0,0.0,0.0,unknown
1762155324.3919468,0,0.016,0.8,1,0,3,266.44,268.9999999999702,373.85,0.0,0.0,0.0,0.0,unknown
1762155324.4020655,0,0.016,0.8,0,0,3,266.18,268.8999999999702,374.0,0.0,0.0,0.0,0.0,unknown
1762155324.412163,0,0.016,0.8,0,0,3,265.92,268.79999999997017,374.0,0.0,0.0,0.0,0.0,unknown
1762155324.4222627,0,0.016,0.8,0,0,3,265.71,268.69999999997015,373.95000000000005,0.0,0.0,0.0,0.0,unknown
1762155324.4323647,0,0.016,0.8,0,0,3,265.5,268.5999999999701,374.0,0.0,0.0,0.0,0.0,unknown
1762155324.4424663,0,0.017,0.8,0,1,3,265.31,268.4999999999701,373.95000000000005,0.0,0.0,0.0,0.0,unknown
1762155324.452581,0,0.017,0.8,0,0,3,265.1,268.3999999999701,373.85,0.0,0.0,0.0,0.0,unknown
1762155324.462697,0,0.015000000000000001,0.8,0,0,3,264.89,268.29999999997005,373.75,0.0,0.0,0.0,0.0,unknown
1762155324.4728215,0,0.013000000000000001,0.8,0,0,3,264.68,268.19999999997003,373.70000000000005,0.0,0.0,0.0,0.0,unknown
1762155324.482927,0,0.014,0.8,0,1,3,264.45,268.09999999997,373.7,0.0,0.0,0.0,0.0,unknown
1762155324.4930346,0,0.014,0.8,0,0,3,264.24,267.99999999997,373.6,0.0,0.0,0.0,0.0,unknown
1762155324.5031147,0,0.014,0.8,0,0,3,264.03,267.89999999996996,373.5,0.0,0.0,0.0,0.0,unknown
1762155324.5132194,0,0.014,0.8,1,0,3,263.86,267.79999999996994,373.45000000000005,0.0,0.0,0.0,0.0,unknown
1762155324.5233405,0,0.014,0.8,0,0,3,263.69,267.6999999999699,373.35,0.0,0.0,0.0,0.0,unknown
1762155324.5334332,0,0.014,0.8,0,0,3,263.41,267.5999999999699,373.2,0.0,0.0,0.0,0.0,unknown
1762155324.5435238,0,0.015000000000000001,0.8,1,0,3,263.13,267.4999999999699,372.9,0.0,0.0,0.0,0.0,unknown
1762155324.5536125,0,0.015000000000000001,0.8,0,0,3,262.81,267.39999999996985,372.6,0.0,0.0,0.0,0.0,unknown
1762155324.563676,0,0.015000000000000001,0.8,0,0,3,262.63,267.2999999999698,372.35,0.0,0.0,0.0,0.0,unknown
1762155324.5737767,0,0.015000000000000001,0.8,0,0,3,262.45,267.1999999999698,372.20000000000005,0.0,0.0,0.0,0.0,unknown
1762155324.583845,0,0.013000000000000001,0.8,0,0,3,262.27,267.0999999999698,372.2,0.0,0.0,0.0,0.0,unknown
1762155324.5939517,0,0.013000000000000001,0.8,0,0,3,262.09,266.99999999996976,372.2,0.0,0.0,0.0,0.0,unknown
1762155324.604136,0,0.012,0.8,0,0,3,261.91,266.89999999996974,372.25,0.0,0.0,0.0,0.0,unknown
1762155324.6142612,0,0.012,0.8,0,0,3,261.73,266.7999999999697,372.35,0.0,0.0,0.0,0.0,unknown
1762155324.6243496,0,0.012,0.8,0,0,3,261.55,266.6999999999697,372.45000000000005,0.0,0.0,0.0,0.0,unknown
1762155324.6344697,0,0.012,0.8,0,0,3,261.37,266.59999999996967,372.65,0.0,0.0,0.0,0.0,unknown
1762155324.6445742,0,0.013000000000000001,0.8,1,0,3,261.19,266.49999999996965,372.9,0.0,0.0,0.0,0.0,unknown
1762155324.6546788,0,0.013000000000000001,0.8,0,0,3,261.01,266.3999999999696,373.1,0.0,0.0,0.0,0.0,unknown
1762155324.664757,0,0.014,0.8,0,1,3,260.83,266.2999999999696,373.3,0.0,0.0,0.0,0.0,unknown
1762155324.6748302,0,0.014,0.8,0,0,3,260.65,266.1999999999696,373.4,0.0,0.0,0.0,0.0,unknown
1762155324.684926,0,0.014,0.8,0,0,3,260.54,266.09999999996955,373.55,0.0,0.0,0.0,0.0,unknown
1762155324.694996,0,0.014,0.8,0,0,3,260.54,265.99999999996953,373.8,0.0,0.0,0.0,0.0,unknown
1762155324.7050784,0,0.014,0.8,0,0,3,260.61,265.8999999999695,374.1,0.0,0.0,0.0,0.0,unknown
1762155324.7151828,0,0.015000000000000001,0.8,1,0,3,260.75,265.7999999999695,374.35,0.0,0.0,0.0,0.0,unknown
1762155324.725245,0,0.015000000000000001,0.8,0,0,3,260.71,265.69999999996946,374.6,0.0,0.0,0.0,0.0,unknown
1762155324.7353072,0,0.015000000000000001,0.8,0,1,3,260.64,265.59999999996944,374.75,0.0,0.0,0.0,0.0,unknown
1762155324.7453783,0,0.012,0.8,0,0,3,260.52,265.4999999999694,374.95,0.0,0.0,0.0,0.0,unknown
1762155324.7554429,0,0.012,0.8,0,0,3,260.41,265.3999999999694,375.1,0.0,0.0,0.0,0.0,unknown
1762155324.7655528,0,0.011000000000000001,0.8,0,0,3,260.32,265.2999999999694,375.1,0.0,0.0,0.0,0.0,unknown
1762155324.7756467,0,0.012,0.8,0,1,3,260.21,265.19999999996935,375.0,0.0,0.0,0.0,0.0,unknown
1762155324.7857144,0,0.012,0.8,0,0,3,260.14,265.0999999999693,374.9,0.0,0.0,0.0,0.0,unknown
1762155324.7957819,0,0.013000000000000001,0.8,0,2,3,260.03,264.9999999999693,374.75,0.0,0.0,0.0,0.0,unknown
1762155324.8058908,0,0.014,0.8,0,1,3,259.96,264.8999999999693,374.54999999999995,0.0,0.0,0.0,0.0,unknown
1762155324.8159943,0,0.014,0.8,0,0,3,259.85,264.79999999996926,374.35,0.0,0.0,0.0,0.0,unknown
1762155324.826093,0,0.014,0.8,0,0,3,259.74,264.69999999996924,374.1,0.0,0.0,0.0,0.0,unknown
1762155324.8361588,0,0.014,0.8,0,0,3,259.58,264.5999999999692,373.85,0.0,0.0,0.0,0.0,unknown
1762155324.8462567,0,0.014,0.8,0,0,3,259.47,264.4999999999692,373.7,0.0,0.0,0.0,0.0,unknown
1762155324.8563297,0,0.014,0.8,0,0,3,259.36,264.39999999996917,373.55,0.0,0.0,0.0,0.0,unknown
1762155324.8663967,0,0.015000000000000001,0.8,1,0,3,259.33,264.29999999996915,373.4,0.0,0.0,0.0,0.0,unknown
1762155324.8764613,0,0.015000000000000001,0.8,0,0,3,259.12,264.1999999999691,373.2,0.0,0.0,0.0,0.0,unknown
1762155324.8865228,0,0.015000000000000001,0.8,1,0,3,258.93,264.0999999999691,372.85,0.0,0.0,0.0,0.0,unknown
1762155324.8965888,0,0.014,0.8,0,0,3,258.7,263.9999999999691,372.4,0.0,0.0,0.0,0.0,unknown
1762155324.9066784,0,0.014,0.8,0,0,3,258.68,263.89999999996905,372.0,0.0,0.0,0.0,0.0,unknown
1762155324.916784,0,0.015000000000000001,0.8,1,0,3,258.68,263.79999999996903,371.65,0.0,0.0,0.0,0.0,unknown
1762155324.9268494,0,0.016,0.8,0,1,3,258.68,263.699999999969,371.5,0.0,0.0,0.0,0.0,unknown
1762155324.9369516,0,0.017,0.8,0,1,3,258.68,263.599999999969,371.35,0.0,0.0,0.0,0.0,unknown
1762155324.947016,0,0.018000000000000002,0.8,1,1,3,258.68,263.49999999996896,371.2,0.0,0.0,0.0,0.0,unknown
1762155324.9570782,0,0.019,0.8,0,1,3,258.68,263.39999999996894,371.0,0.0,0.0,0.0,0.0,unknown
1762155324.967177,0,0.02,0.8,1,0,3,258.71,263.2999999999689,370.79999999999995,0.0,0.0,0.0,0.0,unknown
1762155324.9772472,0,0.02,0.8,0,0,3,258.71,263.1999999999689,370.54999999999995,0.0,0.0,0.0,0.0,unknown
1762155324.9873102,0,0.019,0.8,0,0,3,258.68,263.0999999999689,370.35,0.0,0.0,0.0,0.0,unknown
1762155324.9973838,0,0.019,0.8,0,0,3,258.68,262.99999999996885,370.25,0.0,0.0,0.0,0.0,unknown
1762155325.007448,0,0.02,0.8,0,1,3,258.68,262.8999999999688,370.1,0.0,0.0,0.0,0.0,unknown
1762155325.0175116,0,0.019,0.8,0,0,3,258.68,262.7999999999688,370.05,0.0,0.0,0.0,0.0,unknown
1762155325.0275826,0,0.019,0.8,0,0,3,258.68,262.6999999999688,370.0,0.0,0.0,0.0,0.0,unknown
1762155325.037678,0,0.019,0.8,0,0,3,258.68,262.59999999996876,369.95000000000005,0.0,0.0,0.0,0.0,unknown
1762155325.0477405,0,0.018000000000000002,0.8,0,0,3,258.68,262.49999999996874,369.95,0.0,0.0,0.0,0.0,unknown
1762155325.0578501,0,0.019,0.8,1,0,3,258.84,262.3999999999687,370.0,0.0,0.0,0.0,0.0,unknown
1762155325.0679183,0,0.019,0.8,0,0,3,259,262.2999999999687,370.1,0.0,0.0,0.0,0.0,unknown
1762155325.0779848,0,0.019,0.8,0,0,3,259.02,262.19999999996867,370.35,0.0,0.0,0.0,0.0,unknown
1762155325.0880709,0,0.019,0.8,0,0,3,259.02,262.09999999996865,370.55,0.0,0.0,0.0,0.0,unknown
1762155325.0981324,0,0.02,0.8,0,1,3,259.02,261.9999999999686,370.6,0.0,0.0,0.0,0.0,unknown
1762155325.1081965,0,0.021,0.8,1,0,3,259.07,261.8999999999686,370.65,0.0,0.0,0.0,0.0,unknown
1762155325.1182556,0,0.021,0.8,0,0,3,259.07,261.7999999999686,370.65,0.0,0.0,0.0,0.0,unknown
1762155325.128314,0,0.021,0.8,0,0,3,259.09,261.69999999996855,370.7,0.0,0.0,0.0,0.0,unknown
1762155325.1383722,0,0.021,0.8,0,0,3,259.09,261.59999999996853,370.79999999999995,0.0,0.0,0.0,0.0,unknown
1762155325.1484385,0,0.02,0.8,0,0,3,259.09,261.4999999999685,370.95000000000005,0.0,0.0,0.0,0.0,unknown
1762155325.1585076,0,0.02,0.8,0,0,3,259.09,261.3999999999685,371.0,0.0,0.0,0.0,0.0,unknown
1762155325.1685908,0,0.019,0.8,0,0,3,259.11,261.29999999996846,371.0,0.0,0.0,0.0,0.0,unknown
1762155325.1786993,0,0.019,0.8,0,0,3,259.04,261.19999999996844,370.95,0.0,0.0,0.0,0.0,unknown
1762155325.1888003,0,0.019,0.8,0,0,3,258.88,261.0999999999684,371.0,0.0,0.0,0.0,0.0,unknown
1762155325.1989002,0,0.02,0.8,1,0,3,258.79,260.9999999999684,371.1,0.0,0.0,0.0,0.0,unknown
1762155325.208969,0,0.02,0.8,0,0,3,258.61,260.8999999999684,371.25,0.0,0.0,0.0,0.0,unknown
1762155325.2190478,0,0.019,0.8,0,0,3,258.43,260.79999999996835,371.35,0.0,0.0,0.0,0.0,unknown
1762155325.2291317,0,0.019,0.8,0,0,3,258.24,260.6999999999683,371.4,0.0,0.0,0.0,0.0,unknown
1762155325.2392063,0,0.018000000000000002,0.8,0,0,3,258.03,260.5999999999683,371.25,0.0,0.0,0.0,0.0,unknown
1762155325.2493203,0,0.018000000000000002,0.8,0,0,3,258.03,260.4999999999683,370.95,0.0,0.0,0.0,0.0,unknown
1762155325.2594082,0,0.018000000000000002,0.8,0,0,3,258.03,260.39999999996826,370.7,0.0,0.0,0.0,0.0,unknown
1762155325.2695162,0,0.018000000000000002,0.8,0,0,3,258.03,260.29999999996824,370.6,0.0,0.0,0.0,0.0,unknown
1762155325.2795923,0,0.017,0.8,0,0,3,258.03,260.1999999999682,370.6,0.0,0.0,0.0,0.0,unknown
1762155325.2896621,0,0.017,0.8,0,0,3,258.03,260.0999999999682,370.6,0.0,0.0,0.0,0.0,unknown
1762155325.299742,0,0.015000000000000001,0.8,0,0,3,258.03,259.99999999996817,370.55,0.0,0.0,0.0,0.0,unknown
1762155325.309848,0,0.014,0.8,0,0,3,258.03,259.89999999996814,370.35,0.0,0.0,0.0,0.0,unknown
1762155325.3199482,0,0.014,0.8,0,0,3,258.03,259.7999999999681,370.2,0.0,0.0,0.0,0.0,unknown
1762155325.3300273,0,0.014,0.8,0,0,3,258.01,259.6999999999681,370.0,0.0,0.0,0.0,0.0,unknown
1762155325.340125,0,0.014,0.8,0,0,3,257.99,259.5999999999681,369.9,0.0,0.0,0.0,0.0,unknown
1762155325.3501842,0,0.014,0.8,0,0,3,257.97,259.49999999996805,369.7,0.0,0.0,0.0,0.0,unknown
1762155325.3602464,0,0.014,0.8,0,0,3,257.95,259.39999999996803,369.54999999999995,0.0,0.0,0.0,0.0,unknown
1762155325.370329,0,0.013000000000000001,0.8,0,0,3,257.95,259.299999999968,369.45000000000005,0.0,0.0,0.0,0.0,unknown
1762155325.380394,0,0.013000000000000001,0.8,0,0,3,257.95,259.199999999968,369.4,0.0,0.0,0.0,0.0,unknown
1762155325.3904595,0,0.012,0.8,0,0,3,257.95,259.09999999996796,369.35,0.0,0.0,0.0,0.0,unknown
1762155325.400561,0,0.012,0.8,0,0,3,258.06,258.99999999996794,369.3,0.0,0.0,0.0,0.0,unknown
1762155325.410624,0,0.012,0.8,0,0,3,258.18,258.8999999999679,369.2,0.0,0.0,0.0,0.0,unknown
1762155325.4206927,0,0.011000000000000001,0.8,0,0,3,258.32,258.7999999999679,369.25,0.0,0.0,0.0,0.0,unknown
1762155325.4307573,0,0.01,0.8,0,0,3,258.18,258.6999999999679,369.25,0.0,0.0,0.0,0.0,unknown
1762155325.4408576,0,0.009000000000000001,0.8,0,0,3,258.06,258.59999999996785,369.15,0.0,0.0,0.0,0.0,unknown
1762155325.4509227,0,0.007,0.8,0,0,3,257.9,258.4999999999678,369.1,0.0,0.0,0.0,0.0,unknown
1762155325.460984,0,0.006,0.8,0,0,3,257.78,258.3999999999678,369.05,0.0,0.0,0.0,0.0,unknown
1762155325.4710643,0,0.005,0.8,0,0,3,257.64,258.2999999999678,369.0,0.0,0.0,0.0,0.0,unknown
1762155325.4811382,0,0.005,0.8,0,0,3,257.5,258.19999999996776,368.85,0.0,0.0,0.0,0.0,unknown
1762155325.4912045,0,0.005,0.8,0,0,3,257.36,258.09999999996774,368.7,0.0,0.0,0.0,0.0,unknown
1762155325.5012703,0,0.006,0.8,0,1,3,257.24,257.9999999999677,368.6,0.0,0.0,0.0,0.0,unknown
1762155325.511357,0,0.006,0.8,0,1,3,257.12,257.8999999999677,368.5,0.0,0.0,0.0,0.0,unknown
1762155325.5214398,0,0.006,0.8,0,0,3,256.96,257.79999999996767,368.35,0.0,0.0,0.0,0.0,unknown
1762155325.5315087,0,0.006,0.8,0,0,3,256.78,257.69999999996764,368.15,0.0,0.0,0.0,0.0,unknown
1762155325.5416164,0,0.006,0.8,0,0,3,256.53,257.5999999999676,368.0,0.0,0.0,0.0,0.0,unknown
1762155325.5516975,0,0.007,0.8,0,1,3,256.37,257.4999999999676,367.85,0.0,0.0,0.0,0.0,unknown
1762155325.5618207,0,0.007,0.8,0,1,3,256.23,257.3999999999676,367.7,0.0,0.0,0.0,0.0,unknown
1762155325.5719492,0,0.008,0.8,0,1,3,255.95,257.29999999996755,367.45000000000005,0.0,0.0,0.0,0.0,unknown
1762155325.5820873,0,0.008,0.8,0,0,3,255.74,257.19999999996753,367.15,0.0,0.0,0.0,0.0,unknown
1762155325.592201,0,0.009000000000000001,0.8,1,0,3,255.48,257.0999999999675,366.8,0.0,0.0,0.0,0.0,unknown
1762155325.6023142,0,0.008,0.8,0,0,3,255.48,256.9999999999675,366.45,0.0,0.0,0.0,0.0,unknown
1762155325.6123965,0,0.007,0.8,0,0,3,255.48,256.89999999996746,366.1,0.0,0.0,0.0,0.0,unknown
1762155325.6224964,0,0.007,0.8,0,0,3,255.48,256.79999999996744,365.75,0.0,0.0,0.0,0.0,unknown
1762155325.6326456,0,0.007,0.8,0,0,3,255.48,256.6999999999674,365.4,0.0,0.0,0.0,0.0,unknown
1762155325.6426952,0,0.007,0.8,0,0,3,255.48,256.5999999999674,365.05,0.0,0.0,0.0,0.0,unknown
1762155325.6527913,0,0.007,0.8,0,0,3,255.48,256.4999999999674,364.79999999999995,0.0,0.0,0.0,0.0,unknown
1762155325.6628752,0,0.007,0.8,0,0,3,255.48,256.39999999996735,364.6,0.0,0.0,0.0,0.0,unknown
1762155325.6729753,0,0.008,0.8,0,1,3,255.48,256.2999999999673,364.45,0.0,0.0,0.0,0.0,unknown
1762155325.6830971,0,0.008,0.8,0,0,3,255.48,256.1999999999673,364.25,0.0,0.0,0.0,0.0,unknown
1762155325.6931944,0,0.009000000000000001,0.8,0,1,3,255.48,256.0999999999673,363.9,0.0,0.0,0.0,0.0,unknown
1762155325.7032847,0,0.009000000000000001,0.8,0,1,3,255.48,255.9999999999673,363.45000000000005,0.0,0.0,0.0,0.0,unknown
1762155325.7133772,0,0.009000000000000001,0.8,0,0,3,255.48,255.8999999999673,363.0,0.0,0.0,0.0,0.0,unknown
1762155325.7234707,0,0.01,0.8,0,1,3,255.48,255.7999999999673,362.65,0.0,0.0,0.0,0.0,unknown
1762155325.7335737,0,0.01,0.8,0,0,3,255.62,255.6999999999673,362.35,0.0,0.0,0.0,0.0,unknown
1762155325.7436657,0,0.01,0.8,0,0,3,255.79,255.5999999999673,362.1,0.0,0.0,0.0,0.0,unknown
1762155325.753767,0,0.01,0.8,0,0,3,255.95,255.49999999996732,361.9,0.0,0.0,0.0,0.0,unknown
1762155325.7638612,0,0.01,0.8,0,0,3,255.95,255.39999999996732,361.75,0.0,0.0,0.0,0.0,unknown
1762155325.7739522,0,0.01,0.8,0,0,3,255.86,255.29999999996733,361.7,0.0,0.0,0.0,0.0,unknown
1762155325.7840621,0,0.01,0.8,0,0,3,255.74,255.19999999996733,361.65,0.0,0.0,0.0,0.0,unknown
1762155325.7941413,0,0.01,0.8,0,0,3,255.6,255.09999999996734,361.55,0.0,0.0,0.0,0.0,unknown
1762155325.804222,0,0.01,0.8,0,0,3,255.48,254.99999999996734,361.5,0.0,0.0,0.0,0.0,unknown
1762155325.8142917,0,0.01,0.8,0,0,3,255.36,254.89999999996735,361.4,0.0,0.0,0.0,0.0,unknown
1762155325.8243966,0,0.011000000000000001,0.8,1,0,3,255.22,254.79999999996735,361.35,0.0,0.0,0.0,0.0,unknown
1762155325.8344686,0,0.011000000000000001,0.8,0,0,3,255.08,254.69999999996736,361.35,0.0,0.0,0.0,0.0,unknown
1762155325.844538,0,0.012,0.8,1,0,3,254.96,254.59999999996737,361.35,0.0,0.0,0.0,0.0,unknown
1762155325.8546002,0,0.012,0.8,0,0,3,254.84,254.49999999996737,361.2,0.0,0.0,0.0,0.0,unknown
1762155325.8646636,0,0.012,0.8,0,0,3,254.72,254.39999999996738,361.05,0.0,0.0,0.0,0.0,unknown
1762155325.8747263,0,0.012,0.8,0,0,3,254.54,254.29999999996738,360.85,0.0,0.0,0.0,0.0,unknown
1762155325.8848028,0,0.013000000000000001,0.8,1,0,3,254.33,254.1999999999674,360.65,0.0,0.0,0.0,0.0,unknown
1762155325.8948665,0,0.015000000000000001,0.8,1,1,3,254.08,254.0999999999674,360.6,0.0,0.0,0.0,0.0,unknown
1762155325.904932,0,0.015000000000000001,0.8,0,0,3,253.99,253.9999999999674,360.6,0.0,0.0,0.0,0.0,unknown
1762155325.9150336,0,0.015000000000000001,0.8,0,0,3,253.67,253.8999999999674,360.6,0.0,0.0,0.0,0.0,unknown
1762155325.9250987,0,0.015000000000000001,0.8,0,0,3,253.32,253.7999999999674,360.5,0.0,0.0,0.0,0.0,unknown
1762155325.9351609,0,0.015000000000000001,0.8,0,0,3,252.99,253.69999999996742,360.3,0.0,0.0,0.0,0.0,unknown
1762155325.945223,0,0.015000000000000001,0.8,0,0,3,252.78,253.59999999996742,360.05,0.0,0.0,0.0,0.0,unknown
1762155325.9552977,0,0.015000000000000001,0.8,0,0,3,252.57,253.49999999996743,359.75,0.0,0.0,0.0,0.0,unknown
1762155325.9653625,0,0.015000000000000001,0.8,0,0,3,252.36,253.39999999996743,359.55,0.0,0.0,0.0,0.0,unknown
1762155325.9754262,0,0.016,0.8,0,1,3,252.17,253.29999999996744,359.4,0.0,0.0,0.0,0.0,unknown
1762155325.9854996,0,0.017,0.8,1,0,3,252,253.19999999996745,359.3,0.0,0.0,0.0,0.0,unknown
1762155325.9955735,0,0.017,0.8,0,0,3,251.84,253.09999999996745,359.3,0.0,0.0,0.0,0.0,unknown
1762155326.0056365,0,0.016,0.8,0,0,3,251.65,252.99999999996746,359.3,0.0,0.0,0.0,0.0,unknown
1762155326.0156991,0,0.015000000000000001,0.8,0,0,3,251.44,252.89999999996746,359.25,0.0,0.0,0.0,0.0,unknown
1762155326.0257652,0,0.015000000000000001,0.8,0,0,3,251.09,252.79999999996747,359.15,0.0,0.0,0.0,0.0,unknown
1762155326.0358453,0,0.015000000000000001,0.8,0,0,3,250.67,252.69999999996747,359.0,0.0,0.0,0.0,0.0,unknown
1762155326.04595,0,0.016,0.8,0,1,3,250.23,252.59999999996748,358.79999999999995,0.0,0.0,0.0,0.0,unknown
1762155326.0560443,0,0.015000000000000001,0.8,0,0,3,249.83,252.49999999996749,358.7,0.0,0.0,0.0,0.0,unknown
1762155326.0661085,0,0.014,0.8,0,0,3,249.46,252.3999999999675,358.65,0.0,0.0,0.0,0.0,unknown
1762155326.0761726,0,0.013000000000000001,0.8,0,0,3,249.12,252.2999999999675,358.6,0.0,0.0,0.0,0.0,unknown
1762155326.0862403,0,0.015000000000000001,0.8,1,1,3,248.87,252.1999999999675,358.45000000000005,0.0,0.0,0.0,0.0,unknown
1762155326.0963085,0,0.014,0.8,0,0,3,248.68,252.0999999999675,358.3,0.0,0.0,0.0,0.0,unknown
1762155326.1063724,0,0.014,0.8,0,0,3,248.45,251.9999999999675,358.15,0.0,0.0,0.0,0.0,unknown
1762155326.1164358,0,0.016,0.8,1,1,3,248.22,251.89999999996752,358.1,0.0,0.0,0.0,0.0,unknown
1762155326.1265013,0,0.016,0.8,0,0,3,247.99,251.79999999996753,358.15,0.0,0.0,0.0,0.0,unknown
1762155326.1365638,0,0.016,0.8,0,0,3,247.76,251.69999999996753,358.20000000000005,0.0,0.0,0.0,0.0,unknown
1762155326.146628,0,0.016,0.8,0,0,3,247.57,251.59999999996754,358.25,0.0,0.0,0.0,0.0,unknown
1762155326.15669,0,0.016,0.8,0,0,3,247.43,251.49999999996754,358.29999999999995,0.0,0.0,0.0,0.0,unknown
1762155326.1667964,0,0.018000000000000002,0.8,1,1,3,247.24,251.39999999996755,358.4,0.0,0.0,0.0,0.0,unknown
1762155326.1768754,0,0.017,0.8,0,0,3,247.1,251.29999999996755,358.45,0.0,0.0,0.0,0.0,unknown
1762155326.18698,0,0.017,0.8,0,0,3,247.03,251.19999999996756,358.45,0.0,0.0,0.0,0.0,unknown
1762155326.1970565,0,0.016,0.8,0,0,3,247.01,251.09999999996757,358.4,0.0,0.0,0.0,0.0,unknown
1762155326.2071235,0,0.015000000000000001,0.8,0,0,3,247.06,250.99999999996757,358.3,0.0,0.0,0.0,0.0,unknown
1762155326.2171886,0,0.016,0.8,0,1,3,247.13,250.89999999996758,358.25,0.0,0.0,0.0,0.0,unknown
1762155326.2272556,0,0.015000000000000001,0.8,0,0,3,247.2,250.79999999996758,358.25,0.0,0.0,0.0,0.0,unknown
1762155326.2373161,0,0.015000000000000001,0.8,0,0,3,247.2,250.6999999999676,358.25,0.0,0.0,0.0,0.0,unknown
1762155326.2473786,0,0.015000000000000001,0.8,0,0,3,247.2,250.5999999999676,358.35,0.0,0.0,0.0,0.0,unknown
1762155326.2574437,0,0.016,0.8,1,0,3,246.94,250.4999999999676,358.54999999999995,0.0,0.0,0.0,0.0,unknown
1762155326.2675061,0,0.016,0.8,0,0,3,246.68,250.3999999999676,358.70000000000005,0.0,0.0,0.0,0.0,unknown
1762155326.27758,0,0.016,0.8,0,0,3,246.42,250.2999999999676,358.65,0.0,0.0,0.0,0.0,unknown
1762155326.287658,0,0.016,0.8,0,0,3,246.21,250.19999999996762,358.5,0.0,0.0,0.0,0.0,unknown
1762155326.297731,0,0.016,0.8,0,0,3,246,250.09999999996762,358.35,0.0,0.0,0.0,0.0,unknown
1762155326.3078022,0,0.016,0.8,0,0,3,245.79,249.99999999996763,358.29999999999995,0.0,0.0,0.0,0.0,unknown
1762155326.3178809,0,0.016,0.8,0,0,3,245.58,249.89999999996763,358.3,0.0,0.0,0.0,0.0,unknown
1762155326.3279738,0,0.015000000000000001,0.8,0,0,3,245.41,249.79999999996764,358.25,0.0,0.0,0.0,0.0,unknown
1762155326.3380854,0,0.015000000000000001,0.8,0,0,3,245.22,249.69999999996764,358.25,0.0,0.0,0.0,0.0,unknown
1762155326.3481808,0,0.014,0.8,0,0,3,245.03,249.59999999996765,358.15,0.0,0.0,0.0,0.0,unknown
1762155326.3582704,0,0.014,0.8,0,0,3,244.82,249.49999999996766,358.15,0.0,0.0,0.0,0.0,unknown
1762155326.3683777,0,0.014,0.8,0,0,3,244.61,249.39999999996766,358.15,0.0,0.0,0.0,0.0,unknown
1762155326.3784804,0,0.015000000000000001,0.8,1,0,3,244.17,249.29999999996767,358.1,0.0,0.0,0.0,0.0,unknown
1762155326.3885798,0,0.015000000000000001,0.8,1,0,3,243.73,249.19999999996767,358.05,0.0,0.0,0.0,0.0,unknown
1762155326.398648,0,0.015000000000000001,0.8,1,1,3,243.29,249.09999999996768,357.95000000000005,0.0,0.0,0.0,0.0,unknown
1762155326.4087152,0,0.016,0.8,0,1,3,242.97,248.99999999996768,357.85,0.0,0.0,0.0,0.0,unknown
1762155326.4188147,0,0.016,0.8,0,0,3,242.76,248.8999999999677,357.8,0.0,0.0,0.0,0.0,unknown
1762155326.4291005,0,0.017,0.8,1,0,3,242.48,248.7999999999677,357.8,0.0,0.0,0.0,0.0,unknown
1762155326.439204,0,0.017,0.8,0,0,3,242.39,248.6999999999677,357.9,0.0,0.0,0.0,0.0,unknown
1762155326.4493358,0,0.017,0.8,0,0,3,242.39,248.5999999999677,358.0,0.0,0.0,0.0,0.0,unknown
1762155326.4594278,0,0.018000000000000002,0.8,1,0,3,242.41,248.4999999999677,358.15,0.0,0.0,0.0,0.0,unknown
1762155326.4695559,0,0.018000000000000002,0.8,0,0,3,242.39,248.39999999996772,358.35,0.0,0.0,0.0,0.0,unknown
1762155326.4796467,0,0.018000000000000002,0.8,0,1,3,242.39,248.29999999996772,358.5,0.0,0.0,0.0,0.0,unknown
1762155326.489753,0,0.018000000000000002,0.8,0,1,3,242.39,248.19999999996773,358.7,0.0,0.0,0.0,0.0,unknown
1762155326.499874,0,0.018000000000000002,0.8,0,0,3,242.48,248.09999999996774,358.85,0.0,0.0,0.0,0.0,unknown
1762155326.5099761,0,0.018000000000000002,0.8,0,0,3,242.64,247.99999999996774,359.15,0.0,0.0,0.0,0.0,unknown
1762155326.5200999,0,0.018000000000000002,0.8,0,0,3,242.69,247.89999999996775,359.5,0.0,0.0,0.0,0.0,unknown
1762155326.5301929,0,0.018000000000000002,0.8,0,0,3,242.69,247.79999999996775,359.85,0.0,0.0,0.0,0.0,unknown
1762155326.5403073,0,0.019,0.8,0,1,3,242.71,247.69999999996776,360.20000000000005,0.0,0.0,0.0,0.0,unknown
1762155326.5504074,0,0.018000000000000002,0.8,0,0,3,242.71,247.59999999996776,360.45000000000005,0.0,0.0,0.0,0.0,unknown
1762155326.5605104,0,0.018000000000000002,0.8,0,0,3,242.44,247.49999999996777,360.7,0.0,0.0,0.0,0.0,unknown
1762155326.5706058,0,0.018000000000000002,0.8,0,0,3,242.19,247.39999999996778,360.95,0.0,0.0,0.0,0.0,unknown
1762155326.5807223,0,0.018000000000000002,0.8,0,0,3,241.94,247.29999999996778,361.2,0.0,0.0,0.0,0.0,unknown
1762155326.5908294,0,0.016,0.8,0,0,3,241.62,247.1999999999678,361.3,0.0,0.0,0.0,0.0,unknown
1762155326.600917,0,0.016,0.8,0,0,3,241.35,247.0999999999678,361.4,0.0,0.0,0.0,0.0,unknown
1762155326.6110303,0,0.016,0.8,0,0,3,240.82,246.9999999999678,361.5,0.0,0.0,0.0,0.0,unknown
1762155326.6211407,0,0.014,0.8,0,0,3,240.29,246.8999999999678,361.5,0.0,0.0,0.0,0.0,unknown
1762155326.6312268,0,0.014,0.8,0,0,3,239.76,246.7999999999678,361.5,0.0,0.0,0.0,0.0,unknown
1762155326.64131,0,0.015000000000000001,0.8,0,1,3,239.23,246.69999999996782,361.45,0.0,0.0,0.0,0.0,unknown
1762155326.651387,0,0.015000000000000001,0.8,0,0,3,238.7,246.59999999996782,361.4,0.0,0.0,0.0,0.0,unknown
1762155326.6614747,0,0.016,0.8,1,0,3,238.17,246.49999999996783,361.25,0.0,0.0,0.0,0.0,unknown
1762155326.671558,0,0.015000000000000001,0.8,1,0,3,237.66,246.39999999996783,361.1,0.0,0.0,0.0,0.0,unknown
1762155326.6816325,0,0.015000000000000001,0.8,0,0,3,237.19,246.29999999996784,360.85,0.0,0.0,0.0,0.0,unknown
1762155326.6916997,0,0.016,0.8,0,1,3,236.68,246.19999999996784,360.65,0.0,0.0,0.0,0.0,unknown
1762155326.701765,0,0.017,0.8,1,0,3,236.17,246.09999999996785,360.5,0.0,0.0,0.0,0.0,unknown
1762155326.71186,0,0.017,0.8,0,0,3,235.66,245.99999999996786,360.29999999999995,0.0,0.0,0.0,0.0,unknown
1762155326.7219334,0,0.016,0.8,0,0,3,235.22,245.89999999996786,360.1,0.0,0.0,0.0,0.0,unknown
1762155326.7320561,0,0.016,0.8,0,0,3,234.78,245.79999999996787,359.85,0.0,0.0,0.0,0.0,unknown
1762155326.7421193,0,0.016,0.8,0,0,3,234.57,245.69999999996787,359.6,0.0,0.0,0.0,0.0,unknown
1762155326.7522295,0,0.016,0.8,0,0,3,234.36,245.59999999996788,359.4,0.0,0.0,0.0,0.0,unknown
1762155326.7623508,0,0.017,0.8,1,1,3,234.25,245.49999999996788,359.25,0.0,0.0,0.0,0.0,unknown
1762155326.7724137,0,0.017,0.8,0,0,3,234.25,245.3999999999679,359.15,0.0,0.0,0.0,0.0,unknown
1762155326.7825067,0,0.018000000000000002,0.8,0,1,3,234.32,245.2999999999679,359.2,0.0,0.0,0.0,0.0,unknown
1762155326.7925808,0,0.019,0.8,0,1,3,234.46,245.1999999999679,359.25,0.0,0.0,0.0,0.0,unknown
1762155326.8026547,0,0.021,0.8,0,2,3,234.6,245.0999999999679,359.35,0.0,0.0,0.0,0.0,unknown
1762155326.8127577,0,0.022000000000000002,0.8,0,1,3,234.72,244.9999999999679,359.45000000000005,0.0,0.0,0.0,0.0,unknown
1762155326.822827,0,0.022000000000000002,0.8,0,0,3,234.84,244.89999999996792,359.6,0.0,0.0,0.0,0.0,unknown
1762155326.8328876,0,0.023,0.8,1,0,3,234.98,244.79999999996792,359.7,0.0,0.0,0.0,0.0,unknown
1762155326.8429594,0,0.023,0.8,0,0,3,235.12,244.69999999996793,359.8,0.0,0.0,0.0,0.0,unknown
1762155326.8530333,0,0.024,0.8,0,1,3,235.24,244.59999999996793,359.9,0.0,0.0,0.0,0.0,unknown
1762155326.8630989,0,0.024,0.8,0,0,3,235.36,244.49999999996794,360.15,0.0,0.0,0.0,0.0,unknown
1762155326.8731792,0,0.024,0.8,0,0,3,235.52,244.39999999996795,360.35,0.0,0.0,0.0,0.0,unknown
1762155326.8832376,0,0.023,0.8,0,0,3,235.7,244.29999999996795,360.6,0.0,0.0,0.0,0.0,unknown
1762155326.8933094,0,0.022000000000000002,0.8,0,0,3,235.91,244.19999999996796,360.9,0.0,0.0,0.0,0.0,unknown
1762155326.903375,0,0.02,0.8,0,0,3,236,244.09999999996796,361.15,0.0,0.0,0.0,0.0,unknown
1762155326.913439,0,0.019,0.8,0,0,3,236.02,243.99999999996797,361.4,0.0,0.0,0.0,0.0,unknown
1762155326.9235535,0,0.019,0.8,0,0,3,235.95,243.89999999996797,361.6,0.0,0.0,0.0,0.0,unknown
1762155326.9336276,0,0.018000000000000002,0.8,0,0,3,235.86,243.79999999996798,361.85,0.0,0.0,0.0,0.0,unknown
1762155326.9437084,0,0.019,0.8,0,1,3,235.75,243.69999999996799,362.0,0.0,0.0,0.0,0.0,unknown
1762155326.9537997,0,0.019,0.8,0,0,3,235.54,243.599999999968,362.2,0.0,0.0,0.0,0.0,unknown
1762155326.9639003,0,0.018000000000000002,0.8,0,0,3,235.31,243.499999999968,362.4,0.0,0.0,0.0,0.0,unknown
1762155326.9740155,0,0.018000000000000002,0.8,0,0,3,235.1,243.399999999968,362.6,0.0,0.0,0.0,0.0,unknown
1762155326.9841092,0,0.018000000000000002,0.8,0,1,3,234.85,243.299999999968,362.75,0.0,0.0,0.0,0.0,unknown
1762155326.9942033,0,0.017,0.8,0,0,3,234.58,243.199999999968,362.85,0.0,0.0,0.0,0.0,unknown
1762155327.004294,0,0.017,0.8,0,0,3,234.33,243.09999999996802,362.85,0.0,0.0,0.0,0.0,unknown
1762155327.0143893,0,0.017,0.8,0,0,3,234.08,242.99999999996803,362.8,0.0,0.0,0.0,0.0,unknown
1762155327.0245,0,0.018000000000000002,0.8,1,0,3,233.76,242.89999999996803,362.79999999999995,0.0,0.0,0.0,0.0,unknown
1762155327.034574,0,0.019,0.8,1,0,3,233.58,242.79999999996804,362.8,0.0,0.0,0.0,0.0,unknown
1762155327.0446756,0,0.019,0.8,1,0,3,233.49,242.69999999996804,362.9,0.0,0.0,0.0,0.0,unknown
1762155327.0547428,0,0.02,0.8,1,0,3,233.42,242.59999999996805,363.0,0.0,0.0,0.0,0.0,unknown
1762155327.0648499,0,0.022000000000000002,0.8,2,0,3,233.42,242.49999999996805,363.05,0.0,0.0,0.0,0.0,unknown
1762155327.0749128,0,0.022000000000000002,0.8,0,0,3,233.42,242.39999999996806,362.95,0.0,0.0,0.0,0.0,unknown
1762155327.0850234,0,0.023,0.8,0,1,3,233.42,242.29999999996807,362.9,0.0,0.0,0.0,0.0,unknown
1762155327.0950997,0,0.023,0.8,0,0,3,233.65,242.19999999996807,363.04999999999995,0.0,0.0,0.0,0.0,unknown
1762155327.105175,0,0.023,0.8,0,0,3,233.84,242.09999999996808,363.3,0.0,0.0,0.0,0.0,unknown
1762155327.1152594,0,0.023,0.8,0,0,3,234.07,241.99999999996808,363.6,0.0,0.0,0.0,0.0,unknown
1762155327.1253269,0,0.024,0.8,0,1,3,234.3,241.8999999999681,363.8,0.0,0.0,0.0,0.0,unknown
1762155327.1353958,0,0.024,0.8,0,0,3,234.53,241.7999999999681,363.85,0.0,0.0,0.0,0.0,unknown
1762155327.145456,0,0.023,0.8,0,0,3,234.76,241.6999999999681,363.9,0.0,0.0,0.0,0.0,unknown
1762155327.1555371,0,0.023,0.8,0,0,3,234.95,241.5999999999681,363.95,0.0,0.0,0.0,0.0,unknown
1762155327.1655998,0,0.023,0.8,0,1,3,235.09,241.4999999999681,364.0,0.0,0.0,0.0,0.0,unknown
1762155327.1756625,0,0.022000000000000002,0.8,0,0,3,235.28,241.39999999996812,364.04999999999995,0.0,0.0,0.0,0.0,unknown
1762155327.185766,0,0.022000000000000002,0.8,0,0,3,235.35,241.29999999996812,364.15,0.0,0.0,0.0,0.0,unknown
1762155327.195916,0,0.021,0.8,0,0,3,235.49,241.19999999996813,364.29999999999995,0.0,0.0,0.0,0.0,unknown
1762155327.2060907,0,0.02,0.8,0,0,3,235.65,241.09999999996813,364.55,0.0,0.0,0.0,0.0,unknown
1762155327.2161531,0,0.02,0.8,0,0,3,235.69,240.99999999996814,364.75,0.0,0.0,0.0,0.0,unknown
1762155327.2262316,0,0.02,0.8,0,0,3,235.73,240.89999999996814,364.79999999999995,0.0,0.0,0.0,0.0,unknown
1762155327.2363083,0,0.02,0.8,0,0,3,235.77,240.79999999996815,364.8,0.0,0.0,0.0,0.0,unknown
1762155327.2464166,0,0.02,0.8,0,0,3,235.63,240.69999999996816,364.8,0.0,0.0,0.0,0.0,unknown
1762155327.2564836,0,0.02,0.8,0,0,3,235.49,240.59999999996816,364.9,0.0,0.0,0.0,0.0,unknown
1762155327.266545,0,0.018000000000000002,0.8,0,0,3,235.31,240.49999999996817,364.9,0.0,0.0,0.0,0.0,unknown
1762155327.2766163,0,0.019,0.8,0,1,3,235.13,240.39999999996817,364.95,0.0,0.0,0.0,0.0,unknown
1762155327.286747,0,0.018000000000000002,0.8,0,0,3,234.95,240.29999999996818,364.95,0.0,0.0,0.0,0.0,unknown
1762155327.2968426,0,0.017,0.8,0,0,3,234.72,240.19999999996818,364.85,0.0,0.0,0.0,0.0,unknown
1762155327.3069265,0,0.015000000000000001,0.8,0,0,3,234.53,240.0999999999682,364.75,0.0,0.0,0.0,0.0,unknown
1762155327.317001,0,0.014,0.8,0,0,3,234.32,239.9999999999682,364.55,0.0,0.0,0.0,0.0,unknown
1762155327.327113,0,0.015000000000000001,0.8,1,0,3,234.09,239.8999999999682,364.35,0.0,0.0,0.0,0.0,unknown
1762155327.3372285,0,0.015000000000000001,0.8,1,0,3,233.82,239.7999999999682,364.15,0.0,0.0,0.0,0.0,unknown
1762155327.347325,0,0.015000000000000001,0.8,0,0,3,233.57,239.6999999999682,363.9,0.0,0.0,0.0,0.0,unknown
1762155327.3574202,0,0.014,0.8,0,0,3,233.29,239.59999999996822,363.70000000000005,0.0,0.0,0.0,0.0,unknown
1762155327.3675344,0,0.014,0.8,0,0,3,233.03,239.49999999996822,363.55,0.0,0.0,0.0,0.0,unknown
1762155327.3776448,0,0.014,0.8,0,0,3,232.77,239.39999999996823,363.35,0.0,0.0,0.0,0.0,unknown
1762155327.387754,0,0.014,0.8,0,0,3,232.74,239.29999999996824,363.1,0.0,0.0,0.0,0.0,unknown
1762155327.3978684,0,0.014,0.8,0,0,3,232.76,239.19999999996824,362.79999999999995,0.0,0.0,0.0,0.0,unknown
1762155327.4079835,0,0.014,0.8,0,0,3,232.8,239.09999999996825,362.5,0.0,0.0,0.0,0.0,unknown
1762155327.4181173,0,0.014,0.8,0,0,3,232.82,238.99999999996825,362.15,0.0,0.0,0.0,0.0,unknown
1762155327.4282267,0,0.014,0.8,0,0,3,232.75,238.89999999996826,361.8,0.0,0.0,0.0,0.0,unknown
1762155327.4383235,0,0.015000000000000001,0.8,0,1,3,232.89,238.79999999996826,361.5,0.0,0.0,0.0,0.0,unknown
1762155327.4484339,0,0.014,0.8,0,0,3,233.12,238.69999999996827,361.35,0.0,0.0,0.0,0.0,unknown
1762155327.4585502,0,0.014,0.8,0,0,3,233.24,238.59999999996828,361.29999999999995,0.0,0.0,0.0,0.0,unknown
1762155327.4686656,0,0.015000000000000001,0.8,1,0,3,233.36,238.49999999996828,361.20000000000005,0.0,0.0,0.0,0.0,unknown
1762155327.47877,0,0.015000000000000001,0.8,0,0,3,233.5,238.3999999999683,361.05,0.0,0.0,0.0,0.0,unknown
1762155327.488893,0,0.014,0.8,0,0,3,233.64,238.2999999999683,360.9,0.0,0.0,0.0,0.0,unknown
1762155327.499003,0,0.014,0.8,0,0,3,233.78,238.1999999999683,360.75,0.0,0.0,0.0,0.0,unknown
1762155327.5091214,0,0.014,0.8,0,0,3,233.83,238.0999999999683,360.65,0.0,0.0,0.0,0.0,unknown
1762155327.519217,0,0.014,0.8,0,0,3,233.79,237.9999999999683,360.4,0.0,0.0,0.0,0.0,unknown
1762155327.5293026,0,0.014,0.8,1,0,3,233.86,237.89999999996832,360.15,0.0,0.0,0.0,0.0,unknown
1762155327.5393755,0,0.014,0.8,1,0,3,233.98,237.79999999996832,359.95000000000005,0.0,0.0,0.0,0.0,unknown
1762155327.5494514,0,0.013000000000000001,0.8,0,0,3,234.1,237.69999999996833,359.79999999999995,0.0,0.0,0.0,0.0,unknown
1762155327.559558,0,0.012,0.8,0,0,3,234.28,237.59999999996833,359.70000000000005,0.0,0.0,0.0,0.0,unknown
1762155327.5696282,0,0.01,0.8,0,0,3,234.62,237.49999999996834,359.5,0.0,0.0,0.0,0.0,unknown
1762155327.5796938,0,0.01,0.8,0,0,3,234.89,237.39999999996834,359.29999999999995,0.0,0.0,0.0,0.0,unknown
1762155327.5897813,0,0.009000000000000001,0.8,0,0,3,235.09,237.29999999996835,359.20000000000005,0.0,0.0,0.0,0.0,unknown
1762155327.5998409,0,0.01,0.8,0,1,3,235.18,237.19999999996836,359.2,0.0,0.0,0.0,0.0,unknown
1762155327.6099348,0,0.01,0.8,0,0,3,235.27,237.09999999996836,359.1,0.0,0.0,0.0,0.0,unknown
1762155327.6200745,0,0.011000000000000001,0.8,1,0,3,235.36,236.99999999996837,359.0,0.0,0.0,0.0,0.0,unknown
1762155327.630147,0,0.01,0.8,0,0,3,235.42,236.89999999996837,358.85,0.0,0.0,0.0,0.0,unknown
1762155327.640213,0,0.01,0.8,0,0,3,235.44,236.79999999996838,358.65,0.0,0.0,0.0,0.0,unknown
1762155327.6502817,0,0.01,0.8,0,0,3,235.44,236.69999999996838,358.5,0.0,0.0,0.0,0.0,unknown
1762155327.660347,0,0.011000000000000001,0.8,0,1,3,235.44,236.5999999999684,358.35,0.0,0.0,0.0,0.0,unknown
1762155327.6704452,0,0.011000000000000001,0.8,1,0,3,235.53,236.4999999999684,358.25,0.0,0.0,0.0,0.0,unknown
1762155327.6805127,0,0.013000000000000001,0.8,1,1,3,235.62,236.3999999999684,358.15,0.0,0.0,0.0,0.0,unknown
1762155327.6905758,0,0.013000000000000001,0.8,0,0,3,235.69,236.2999999999684,358.15,0.0,0.0,0.0,0.0,unknown
1762155327.700661,0,0.013000000000000001,0.8,0,0,3,235.8,236.1999999999684,358.2,0.0,0.0,0.0,0.0,unknown
1762155327.7107263,0,0.013000000000000001,0.8,0,0,3,235.91,236.09999999996842,358.25,0.0,0.0,0.0,0.0,unknown
1762155327.7208142,0,0.013000000000000001,0.8,0,0,3,236.02,235.99999999996842,358.4,0.0,0.0,0.0,0.0,unknown
1762155327.730925,0,0.013000000000000001,0.8,0,0,3,236.04,235.89999999996843,358.45,0.0,0.0,0.0,0.0,unknown
1762155327.7411149,0,0.013000000000000001,0.8,0,0,3,236.04,235.79999999996843,358.5,0.0,0.0,0.0,0.0,unknown
1762155327.7513487,0,0.013000000000000001,0.8,0,0,3,235.85,235.69999999996844,358.6,0.0,0.0,0.0,0.0,unknown
1762155327.761431,0,0.014,0.8,0,1,3,235.53,235.59999999996845,358.65,0.0,0.0,0.0,0.0,unknown
1762155327.7715075,0,0.014,0.8,0,0,3,235.21,235.49999999996845,358.6,0.0,0.0,0.0,0.0,unknown
1762155327.7815762,0,0.013000000000000001,0.8,0,0,3,234.89,235.39999999996846,358.5,0.0,0.0,0.0,0.0,unknown
1762155327.7916784,0,0.013000000000000001,0.8,0,0,3,234.57,235.29999999996846,358.25,0.0,0.0,0.0,0.0,unknown
1762155327.8017573,0,0.014,0.8,0,1,3,234.23,235.19999999996847,358.0,0.0,0.0,0.0,0.0,unknown
1762155327.811824,0,0.014,0.8,0,0,3,233.91,235.09999999996847,357.75,0.0,0.0,0.0,0.0,unknown
1762155327.8218896,0,0.014,0.8,0,0,3,233.59,234.99999999996848,357.55,0.0,0.0,0.0,0.0,unknown
1762155327.832014,0,0.014,0.8,1,0,3,233.27,234.8999999999685,357.35,0.0,0.0,0.0,0.0,unknown
1762155327.8420818,0,0.014,0.8,0,1,3,232.95,234.7999999999685,357.1,0.0,0.0,0.0,0.0,unknown
1762155327.8521864,0,0.015000000000000001,0.8,0,1,3,232.63,234.6999999999685,356.85,0.0,0.0,0.0,0.0,unknown
1762155327.8622859,0,0.015000000000000001,0.8,0,0,3,232.31,234.5999999999685,356.55,0.0,0.0,0.0,0.0,unknown
1762155327.8723552,0,0.016,0.8,0,1,3,231.99,234.4999999999685,356.15,0.0,0.0,0.0,0.0,unknown
1762155327.8824205,0,0.016,0.8,0,0,3,231.69,234.39999999996851,355.70000000000005,0.0,0.0,0.0,0.0,unknown
1762155327.892484,0,0.016,0.8,0,0,3,231.35,234.29999999996852,355.25,0.0,0.0,0.0,0.0,unknown
1762155327.9025934,0,0.016,0.8,0,0,3,231.03,234.19999999996853,354.85,0.0,0.0,0.0,0.0,unknown
1762155327.9126546,0,0.017,0.8,0,1,3,230.85,234.09999999996853,354.5,0.0,0.0,0.0,0.0,unknown
1762155327.9227302,0,0.017,0.8,0,0,3,230.65,233.99999999996854,354.2,0.0,0.0,0.0,0.0,unknown
1762155327.9328167,0,0.017,0.8,0,0,3,230.65,233.89999999996854,353.9,0.0,0.0,0.0,0.0,unknown
1762155327.9429154,0,0.017,0.8,1,0,3,230.67,233.79999999996855,353.65,0.0,0.0,0.0,0.0,unknown
1762155327.953033,0,0.017,0.8,0,0,3,230.67,233.69999999996855,353.5,0.0,0.0,0.0,0.0,unknown
1762155327.9630952,0,0.017,0.8,0,0,3,230.65,233.59999999996856,353.29999999999995,0.0,0.0,0.0,0.0,unknown
1762155327.9731882,0,0.016,0.8,0,0,3,230.65,233.49999999996857,353.15,0.0,0.0,0.0,0.0,unknown
1762155327.9832492,0,0.016,0.8,0,0,3,230.63,233.39999999996857,352.95,0.0,0.0,0.0,0.0,unknown
1762155327.9933147,0,0.016,0.8,0,0,3,230.67,233.29999999996858,352.75,0.0,0.0,0.0,0.0,unknown
1762155328.003403,0,0.016,0.8,0,0,3,230.67,233.19999999996858,352.55,0.0,0.0,0.0,0.0,unknown
1762155328.0134723,0,0.016,0.8,0,0,3,230.67,233.0999999999686,352.35,0.0,0.0,0.0,0.0,unknown
1762155328.0235372,0,0.016,0.8,0,0,3,230.67,232.9999999999686,352.15,0.0,0.0,0.0,0.0,unknown
1762155328.033635,0,0.015000000000000001,0.8,0,0,3,230.76,232.8999999999686,351.95,0.0,0.0,0.0,0.0,unknown
1762155328.0437093,0,0.015000000000000001,0.8,1,0,3,230.85,232.7999999999686,351.8,0.0,0.0,0.0,0.0,unknown
1762155328.05381,0,0.015000000000000001,0.8,0,0,3,231.01,232.6999999999686,351.65,0.0,0.0,0.0,0.0,unknown
1762155328.0639017,0,0.015000000000000001,0.8,0,0,3,231.12,232.59999999996862,351.5,0.0,0.0,0.0,0.0,unknown
1762155328.074025,0,0.015000000000000001,0.8,0,0,3,231.12,232.49999999996862,351.4,0.0,0.0,0.0,0.0,unknown
1762155328.0841405,0,0.015000000000000001,0.8,0,0,3,231.08,232.39999999996863,351.35,0.0,0.0,0.0,0.0,unknown
1762155328.0942454,0,0.017,0.8,1,1,3,231.01,232.29999999996863,351.20000000000005,0.0,0.0,0.0,0.0,unknown
1762155328.1043563,0,0.016,0.8,0,0,3,230.69,232.19999999996864,350.9,0.0,0.0,0.0,0.0,unknown
1762155328.1144705,0,0.016,0.8,0,0,3,230.37,232.09999999996865,350.45000000000005,0.0,0.0,0.0,0.0,unknown
1762155328.1245606,0,0.015000000000000001,0.8,0,0,3,230.05,231.99999999996865,350.0,0.0,0.0,0.0,0.0,unknown
1762155328.1346579,0,0.015000000000000001,0.8,0,0,3,229.73,231.89999999996866,349.45,0.0,0.0,0.0,0.0,unknown
1762155328.1447506,0,0.015000000000000001,0.8,0,0,3,229.41,231.79999999996866,349.0,0.0,0.0,0.0,0.0,unknown
1762155328.1548412,0,0.015000000000000001,0.8,0,0,3,229.09,231.69999999996867,348.54999999999995,0.0,0.0,0.0,0.0,unknown
1762155328.1649294,0,0.014,0.8,0,0,3,228.77,231.59999999996867,348.1,0.0,0.0,0.0,0.0,unknown
1762155328.1750417,0,0.013000000000000001,0.8,0,0,3,228.45,231.49999999996868,347.65,0.0,0.0,0.0,0.0,unknown
1762155328.1851265,0,0.012,0.8,1,0,3,228.13,231.39999999996868,347.2,0.0,0.0,0.0,0.0,unknown
1762155328.195203,0,0.012,0.8,0,0,3,227.86,231.2999999999687,346.75,0.0,0.0,0.0,0.0,unknown
1762155328.2052727,0,0.012,0.8,0,0,3,227.6,231.1999999999687,346.2,0.0,0.0,0.0,0.0,unknown
1762155328.2153378,0,0.012,0.8,0,0,3,227.28,231.0999999999687,345.6,0.0,0.0,0.0,0.0,unknown
1762155328.2254,0,0.012,0.8,0,0,3,226.98,230.9999999999687,345.05,0.0,0.0,0.0,0.0,unknown
1762155328.2354767,0,0.012,0.8,0,0,3,226.64,230.8999999999687,344.65,0.0,0.0,0.0,0.0,unknown
1762155328.245542,0,0.012,0.8,0,0,3,226.3,230.79999999996872,344.25,0.0,0.0,0.0,0.0,unknown
1762155328.2556071,0,0.012,0.8,0,0,3,226.1,230.69999999996872,343.85,0.0,0.0,0.0,0.0,unknown
1762155328.2656662,0,0.012,0.8,1,0,3,226.01,230.59999999996873,343.35,0.0,0.0,0.0,0.0,unknown
1762155328.2757342,0,0.012,0.8,0,0,3,226.01,230.49999999996874,342.95000000000005,0.0,0.0,0.0,0.0,unknown
1762155328.285809,0,0.012,0.8,0,0,3,226.05,230.39999999996874,342.65,0.0,0.0,0.0,0.0,unknown
1762155328.2958877,0,0.012,0.8,0,0,3,226.05,230.29999999996875,342.45000000000005,0.0,0.0,0.0,0.0,unknown
1762155328.3059998,0,0.011000000000000001,0.8,0,0,3,226.07,230.19999999996875,342.4,0.0,0.0,0.0,0.0,unknown
1762155328.3161354,0,0.012,0.8,1,0,3,226.03,230.09999999996876,342.35,0.0,0.0,0.0,0.0,unknown
1762155328.3262162,0,0.012,0.8,0,0,3,226.01,229.99999999996876,342.25,0.0,0.0,0.0,0.0,unknown
1762155328.3362885,0,0.011000000000000001,0.8,0,0,3,226.01,229.89999999996877,342.15,0.0,0.0,0.0,0.0,unknown
1762155328.3463533,0,0.01,0.8,0,0,3,226.01,229.79999999996878,342.05,0.0,0.0,0.0,0.0,unknown
1762155328.3564258,0,0.009000000000000001,0.8,0,0,3,226.01,229.69999999996878,341.95,0.0,0.0,0.0,0.0,unknown
1762155328.3665159,0,0.01,0.8,0,1,3,226.04,229.5999999999688,341.9,0.0,0.0,0.0,0.0,unknown
1762155328.376623,0,0.01,0.8,1,0,3,226.04,229.4999999999688,341.79999999999995,0.0,0.0,0.0,0.0,unknown
1762155328.3866944,0,0.01,0.8,0,0,3,226.07,229.3999999999688,341.85,0.0,0.0,0.0,0.0,unknown
1762155328.3967786,0,0.01,0.8,0,0,3,226.17,229.2999999999688,341.95,0.0,0.0,0.0,0.0,unknown
1762155328.4068475,0,0.01,0.8,0,0,3,226.19,229.1999999999688,342.1,0.0,0.0,0.0,0.0,unknown
1762155328.416915,0,0.009000000000000001,0.8,0,0,3,226.22,229.09999999996882,342.25,0.0,0.0,0.0,0.0,unknown
1762155328.427025,0,0.009000000000000001,0.8,0,0,3,226.18,228.99999999996882,342.5,0.0,0.0,0.0,0.0,unknown
1762155328.4371302,0,0.009000000000000001,0.8,0,0,3,226.16,228.89999999996883,342.75,0.0,0.0,0.0,0.0,unknown
1762155328.4472485,0,0.009000000000000001,0.8,0,1,3,225.89,228.79999999996883,342.79999999999995,0.0,0.0,0.0,0.0,unknown
1762155328.4573452,0,0.009000000000000001,0.8,0,0,3,225.57,228.69999999996884,342.65,0.0,0.0,0.0,0.0,unknown
1762155328.467432,0,0.01,0.8,0,1,3,225.25,228.59999999996884,342.45000000000005,0.0,0.0,0.0,0.0,unknown
1762155328.4775262,0,0.012,0.8,0,2,3,224.93,228.49999999996885,342.20000000000005,0.0,0.0,0.0,0.0,unknown
1762155328.4876442,0,0.012,0.8,0,0,3,224.61,228.39999999996886,342.05,0.0,0.0,0.0,0.0,unknown
1762155328.4978223,0,0.012,0.8,0,0,3,224.29,228.29999999996886,341.9,0.0,0.0,0.0,0.0,unknown
1762155328.507945,0,0.012,0.8,0,0,3,223.97,228.19999999996887,341.75,0.0,0.0,0.0,0.0,unknown
1762155328.518057,0,0.012,0.8,0,0,3,223.65,228.09999999996887,341.6,0.0,0.0,0.0,0.0,unknown
1762155328.528161,0,0.012,0.8,0,0,3,223.33,227.99999999996888,341.5,0.0,0.0,0.0,0.0,unknown
1762155328.5382593,0,0.013000000000000001,0.8,1,0,3,223.01,227.89999999996888,341.35,0.0,0.0,0.0,0.0,unknown
1762155328.5483372,0,0.014,0.8,1,1,3,222.69,227.7999999999689,341.15,0.0,0.0,0.0,0.0,unknown
1762155328.5584517,0,0.014,0.8,0,0,3,222.39,227.6999999999689,340.9,0.0,0.0,0.0,0.0,unknown
1762155328.5685673,0,0.014,0.8,0,0,3,222.05,227.5999999999689,340.65,0.0,0.0,0.0,0.0,unknown
1762155328.5786648,0,0.015000000000000001,0.8,0,1,3,221.73,227.4999999999689,340.5,0.0,0.0,0.0,0.0,unknown
1762155328.5888162,0,0.016,0.8,1,0,3,221.48,227.3999999999689,340.4,0.0,0.0,0.0,0.0,unknown
1762155328.5989232,0,0.015000000000000001,0.8,1,0,3,221.28,227.29999999996892,340.3,0.0,0.0,0.0,0.0,unknown
1762155328.6090329,0,0.016,0.8,1,0,3,221.32,227.19999999996892,340.25,0.0,0.0,0.0,0.0,unknown
1762155328.6191473,0,0.017,0.8,1,0,3,221.32,227.09999999996893,340.35,0.0,0.0,0.0,0.0,unknown
1762155328.6292148,0,0.017,0.8,0,0,3,221.32,226.99999999996894,340.45,0.0,0.0,0.0,0.0,unknown
1762155328.639307,0,0.017,0.8,0,0,3,221.35,226.89999999996894,340.7,0.0,0.0,0.0,0.0,unknown
1762155328.6493962,0,0.019,0.8,1,1,3,221.42,226.79999999996895,340.95000000000005,0.0,0.0,0.0,0.0,unknown
1762155328.6594641,0,0.02,0.8,1,0,3,221.48,226.69999999996895,341.2,0.0,0.0,0.0,0.0,unknown
1762155328.6695652,0,0.021,0.8,1,0,3,221.57,226.59999999996896,341.45000000000005,0.0,0.0,0.0,0.0,unknown
1762155328.6796553,0,0.022000000000000002,0.8,0,1,3,221.57,226.49999999996896,341.75,0.0,0.0,0.0,0.0,unknown
1762155328.689733,0,0.022000000000000002,0.8,0,1,3,221.55,226.39999999996897,342.04999999999995,0.0,0.0,0.0,0.0,unknown
1762155328.6997983,0,0.022000000000000002,0.8,0,0,3,221.51,226.29999999996897,342.29999999999995,0.0,0.0,0.0,0.0,unknown
1762155328.7098677,0,0.022000000000000002,0.8,0,0,3,221.51,226.19999999996898,342.5,0.0,0.0,0.0,0.0,unknown
1762155328.719946,0,0.022000000000000002,0.8,0,0,3,221.47,226.099999999969,342.7,0.0,0.0,0.0,0.0,unknown
1762155328.7300653,0,0.022000000000000002,0.8,0,0,3,221.43,225.999999999969,342.85,0.0,0.0,0.0,0.0,unknown
1762155328.7401276,0,0.022000000000000002,0.8,0,0,3,221.5,225.899999999969,343.0,0.0,0.0,0.0,0.0,unknown
1762155328.7502875,0,0.023,0.8,1,0,3,221.54,225.799999999969,343.15,0.0,0.0,0.0,0.0,unknown
1762155328.7604465,0,0.023,0.8,0,0,3,221.54,225.699999999969,343.2,0.0,0.0,0.0,0.0,unknown
1762155328.7705557,0,0.023,0.8,0,1,3,221.54,225.59999999996901,343.25,0.0,0.0,0.0,0.0,unknown
1762155328.7806683,0,0.025,0.8,2,0,3,221.54,225.49999999996902,343.35,0.0,0.0,0.0,0.0,unknown
1762155328.790764,0,0.026000000000000002,0.8,0,1,3,221.44,225.39999999996903,343.35,0.0,0.0,0.0,0.0,unknown
1762155328.8008606,0,0.026000000000000002,0.8,0,0,3,221.34,225.29999999996903,343.4,0.0,0.0,0.0,0.0,unknown
1762155328.8109765,0,0.026000000000000002,0.8,0,0,3,221.22,225.19999999996904,343.45,0.0,0.0,0.0,0.0,unknown
1762155328.8211274,0,0.025,0.8,0,0,3,221.12,225.09999999996904,343.5,0.0,0.0,0.0,0.0,unknown
1762155328.8312469,0,0.026000000000000002,0.8,1,0,3,221.02,224.99999999996905,343.45,0.0,0.0,0.0,0.0,unknown
1762155328.8413377,0,0.027000000000000003,0.8,1,0,3,220.92,224.89999999996905,343.4,0.0,0.0,0.0,0.0,unknown
1762155328.8514168,0,0.028,0.8,0,1,3,220.82,224.79999999996906,343.4,0.0,0.0,0.0,0.0,unknown
1762155328.8614867,0,0.030000000000000002,0.8,1,1,3,220.72,224.69999999996907,343.45,0.0,0.0,0.0,0.0,unknown
1762155328.8715637,0,0.029,0.8,0,0,3,220.62,224.59999999996907,343.5,0.0,0.0,0.0,0.0,unknown
1762155328.8816576,0,0.028,0.8,0,0,3,220.52,224.49999999996908,343.5,0.0,0.0,0.0,0.0,unknown
1762155328.8917534,0,0.029,0.8,0,1,3,220.46,224.39999999996908,343.5,0.0,0.0,0.0,0.0,unknown
1762155328.9018636,0,0.030000000000000002,0.8,0,1,3,220.44,224.2999999999691,343.5,0.0,0.0,0.0,0.0,unknown
1762155328.911975,0,0.030000000000000002,0.8,0,0,3,220.42,224.1999999999691,343.45000000000005,0.0,0.0,0.0,0.0,unknown
1762155328.9220886,0,0.030000000000000002,0.8,0,0,3,220.42,224.0999999999691,343.35,0.0,0.0,0.0,0.0,unknown
1762155328.932196,0,0.030000000000000002,0.8,0,0,3,220.42,223.9999999999691,343.20000000000005,0.0,0.0,0.0,0.0,unknown
1762155328.9422824,0,0.030000000000000002,0.8,0,0,3,220.33,223.8999999999691,343.05,0.0,0.0,0.0,0.0,unknown
1762155328.952405,0,0.029,0.8,0,0,3,220.28,223.79999999996912,342.85,0.0,0.0,0.0,0.0,unknown
1762155328.9625075,0,0.029,0.8,0,0,3,220.28,223.69999999996912,342.65,0.0,0.0,0.0,0.0,unknown
1762155328.972637,0,0.028,0.8,0,0,3,220.28,223.59999999996913,342.5,0.0,0.0,0.0,0.0,unknown
1762155328.9827504,0,0.027000000000000003,0.8,1,0,3,220.28,223.49999999996913,342.35,0.0,0.0,0.0,0.0,unknown
1762155328.9928691,0,0.027000000000000003,0.8,0,0,3,220.28,223.39999999996914,342.15,0.0,0.0,0.0,0.0,unknown
1762155329.002964,0,0.027000000000000003,0.8,0,0,3,220.24,223.29999999996915,341.9,0.0,0.0,0.0,0.0,unknown
1762155329.0131176,0,0.027000000000000003,0.8,0,0,3,220.28,223.19999999996915,341.65,0.0,0.0,0.0,0.0,unknown
1762155329.0232453,0,0.027000000000000003,0.8,0,0,3,220.28,223.09999999996916,341.5,0.0,0.0,0.0,0.0,unknown
1762155329.033329,0,0.027000000000000003,0.8,0,0,3,220.28,222.99999999996916,341.45,0.0,0.0,0.0,0.0,unknown
1762155329.043432,0,0.026000000000000002,0.8,0,0,3,220.28,222.89999999996917,341.4,0.0,0.0,0.0,0.0,unknown
1762155329.0535321,0,0.024,0.8,0,0,3,220.28,222.79999999996917,341.29999999999995,0.0,0.0,0.0,0.0,unknown
1762155329.063616,0,0.024,0.8,0,0,3,220.21,222.69999999996918,341.05,0.0,0.0,0.0,0.0,unknown
1762155329.0736926,0,0.024,0.8,0,0,3,220.17,222.59999999996919,340.85,0.0,0.0,0.0,0.0,unknown
1762155329.083759,0,0.024,0.8,1,0,3,220.22,222.4999999999692,340.54999999999995,0.0,0.0,0.0,0.0,unknown
1762155329.0938194,0,0.024,0.8,1,0,3,220.29,222.3999999999692,340.35,0.0,0.0,0.0,0.0,unknown
1762155329.1038942,0,0.024,0.8,1,0,3,220.33,222.2999999999692,340.20000000000005,0.0,0.0,0.0,0.0,unknown
1762155329.1140022,0,0.024,0.8,0,1,3,220.33,222.1999999999692,340.15,0.0,0.0,0.0,0.0,unknown
1762155329.124126,0,0.023,0.8,0,0,3,220.33,222.0999999999692,340.2,0.0,0.0,0.0,0.0,unknown
1762155329.1342225,0,0.023,0.8,0,0,3,220.16,221.99999999996922,340.2,0.0,0.0,0.0,0.0,unknown
1762155329.1443028,0,0.023,0.8,0,0,3,219.95,221.89999999996922,340.2,0.0,0.0,0.0,0.0,unknown
1762155329.1543667,0,0.021,0.8,0,0,3,219.74,221.79999999996923,340.2,0.0,0.0,0.0,0.0,unknown
1762155329.1644313,0,0.02,0.8,0,0,3,219.53,221.69999999996924,340.15,0.0,0.0,0.0,0.0,unknown
1762155329.1745005,0,0.019,0.8,0,0,3,219.32,221.59999999996924,340.05,0.0,0.0,0.0,0.0,unknown
1762155329.184563,0,0.018000000000000002,0.8,0,0,3,219.11,221.49999999996925,339.9,0.0,0.0,0.0,0.0,unknown
1762155329.1946282,0,0.017,0.8,0,0,3,218.9,221.39999999996925,339.8,0.0,0.0,0.0,0.0,unknown
1762155329.2046928,0,0.019,0.8,1,1,3,218.69,221.29999999996926,339.75,0.0,0.0,0.0,0.0,unknown
1762155329.2148125,0,0.019,0.8,0,0,3,218.42,221.19999999996926,339.9,0.0,0.0,0.0,0.0,unknown
1762155329.2249198,0,0.02,0.8,0,1,3,218.19,221.09999999996927,339.95000000000005,0.0,0.0,0.0,0.0,unknown
1762155329.2350967,0,0.02,0.8,0,0,3,217.92,220.99999999996928,340.0,0.0,0.0,0.0,0.0,unknown
1762155329.2451978,0,0.022000000000000002,0.8,1,1,3,217.69,220.89999999996928,340.05,0.0,0.0,0.0,0.0,unknown
1762155329.2553089,0,0.022000000000000002,0.8,1,0,3,217.46,220.7999999999693,340.20000000000005,0.0,0.0,0.0,0.0,unknown
1762155329.2654107,0,0.022000000000000002,0.8,0,0,3,217.29,220.6999999999693,340.4,0.0,0.0,0.0,0.0,unknown
1762155329.2754726,0,0.021,0.8,0,0,3,216.99,220.5999999999693,340.55,0.0,0.0,0.0,0.0,unknown
1762155329.2855585,0,0.019,0.8,0,0,3,216.73,220.4999999999693,340.6,0.0,0.0,0.0,0.0,unknown
1762155329.295632,0,0.018000000000000002,0.8,0,0,3,216.6,220.3999999999693,340.5,0.0,0.0,0.0,0.0,unknown
1762155329.30571,0,0.019,0.8,0,1,3,216.51,220.29999999996932,340.4,0.0,0.0,0.0,0.0,unknown
1762155329.3157964,0,0.02,0.8,1,0,3,216.49,220.19999999996932,340.29999999999995,0.0,0.0,0.0,0.0,unknown
1762155329.3258667,0,0.022000000000000002,0.8,1,1,3,216.49,220.09999999996933,340.35,0.0,0.0,0.0,0.0,unknown
1762155329.3359632,0,0.021,0.8,0,0,3,216.49,219.99999999996933,340.55,0.0,0.0,0.0,0.0,unknown
1762155329.3460927,0,0.021,0.8,0,1,3,216.53,219.89999999996934,340.75,0.0,0.0,0.0,0.0,unknown
1762155329.3562021,0,0.02,0.8,0,0,3,216.53,219.79999999996934,340.9,0.0,0.0,0.0,0.0,unknown
1762155329.3663042,0,0.019,0.8,0,1,3,216.53,219.69999999996935,340.95,0.0,0.0,0.0,0.0,unknown
1762155329.3764336,0,0.02,0.8,1,0,3,216.53,219.59999999996936,340.95,0.0,0.0,0.0,0.0,unknown
1762155329.3865428,0,0.02,0.8,0,0,3,216.58,219.49999999996936,340.95000000000005,0.0,0.0,0.0,0.0,unknown
1762155329.3966582,0,0.019,0.8,0,0,3,216.58,219.39999999996937,340.85,0.0,0.0,0.0,0.0,unknown
1762155329.40676,0,0.018000000000000002,0.8,0,0,3,216.51,219.29999999996937,340.70000000000005,0.0,0.0,0.0,0.0,unknown
1762155329.416924,0,0.018000000000000002,0.8,0,0,3,216.47,219.19999999996938,340.54999999999995,0.0,0.0,0.0,0.0,unknown
1762155329.427071,0,0.018000000000000002,0.8,0,0,3,216.42,219.09999999996938,340.4,0.0,0.0,0.0,0.0,unknown
1762155329.4371977,0,0.018000000000000002,0.8,0,0,3,216.42,218.9999999999694,340.2,0.0,0.0,0.0,0.0,unknown
1762155329.4473217,0,0.018000000000000002,0.8,0,0,3,216.49,218.8999999999694,340.05,0.0,0.0,0.0,0.0,unknown
1762155329.4574077,0,0.018000000000000002,0.8,0,0,3,216.62,218.7999999999694,340.05,0.0,0.0,0.0,0.0,unknown
1762155329.4674675,0,0.018000000000000002,0.8,0,0,3,216.71,218.6999999999694,340.15,0.0,0.0,0.0,0.0,unknown
1762155329.4775355,0,0.018000000000000002,0.8,0,0,3,216.71,218.5999999999694,340.2,0.0,0.0,0.0,0.0,unknown
1762155329.487641,0,0.017,0.8,0,0,3,216.61,218.49999999996942,340.3,0.0,0.0,0.0,0.0,unknown
1762155329.4977584,0,0.018000000000000002,0.8,0,1,3,216.51,218.39999999996942,340.35,0.0,0.0,0.0,0.0,unknown
1762155329.5078256,0,0.018000000000000002,0.8,0,0,3,216.41,218.29999999996943,340.4,0.0,0.0,0.0,0.0,unknown
1762155329.517939,0,0.018000000000000002,0.8,0,0,3,216.31,218.19999999996944,340.35,0.0,0.0,0.0,0.0,unknown
1762155329.5280612,0,0.018000000000000002,0.8,0,0,3,216.21,218.09999999996944,340.29999999999995,0.0,0.0,0.0,0.0,unknown
1762155329.538161,0,0.019,0.8,0,1,3,216.21,217.99999999996945,340.20000000000005,0.0,0.0,0.0,0.0,unknown
1762155329.54825,0,0.019,0.8,0,0,3,216,217.89999999996945,340.1,0.0,0.0,0.0,0.0,unknown
1762155329.5583723,0,0.019,0.8,0,0,3,215.79,217.79999999996946,339.95,0.0,0.0,0.0,0.0,unknown
1762155329.568496,0,0.019,0.8,0,0,3,215.56,217.69999999996946,339.85,0.0,0.0,0.0,0.0,unknown
1762155329.5786276,0,0.019,0.8,0,0,3,215.33,217.59999999996947,339.79999999999995,0.0,0.0,0.0,0.0,unknown
1762155329.5887198,0,0.018000000000000002,0.8,0,0,3,215.19,217.49999999996948,339.75,0.0,0.0,0.0,0.0,unknown
1762155329.598815,0,0.017,0.8,0,0,3,214.96,217.39999999996948,339.6,0.0,0.0,0.0,0.0,unknown
1762155329.6089091,0,0.016,0.8,0,0,3,214.75,217.2999999999695,339.35,0.0,0.0,0.0,0.0,unknown
1762155329.6190026,0,0.016,0.8,1,0,3,214.41,217.1999999999695,339.1,0.0,0.0,0.0,0.0,unknown
1762155329.6290998,0,0.016,0.8,0,0,3,214.11,217.0999999999695,338.8,0.0,0.0,0.0,0.0,unknown
1762155329.639238,0,0.016,0.8,0,0,3,213.85,216.9999999999695,338.45,0.0,0.0,0.0,0.0,unknown
1762155329.649343,0,0.017,0.8,1,0,3,213.55,216.8999999999695,338.05,0.0,0.0,0.0,0.0,unknown
1762155329.6594272,0,0.017,0.8,0,0,3,213.25,216.79999999996951,337.6,0.0,0.0,0.0,0.0,unknown
1762155329.66951,0,0.017,0.8,0,0,3,212.98,216.69999999996952,337.1,0.0,0.0,0.0,0.0,unknown
1762155329.6796134,0,0.018000000000000002,0.8,1,0,3,212.68,216.59999999996953,336.6,0.0,0.0,0.0,0.0,unknown
1762155329.6897476,0,0.019,0.8,1,0,3,212.38,216.49999999996953,336.1,0.0,0.0,0.0,0.0,unknown
1762155329.699859,0,0.02,0.8,0,1,3,212.08,216.39999999996954,335.6,0.0,0.0,0.0,0.0,unknown
1762155329.7099903,0,0.018000000000000002,0.8,0,0,3,211.78,216.29999999996954,335.04999999999995,0.0,0.0,0.0,0.0,unknown
1762155329.7201,0,0.019,0.8,1,0,3,211.44,216.19999999996955,334.54999999999995,0.0,0.0,0.0,0.0,unknown
1762155329.7302067,0,0.02,0.8,1,1,3,211.14,216.09999999996955,334.1,0.0,0.0,0.0,0.0,unknown
1762155329.740308,0,0.021,0.8,1,0,3,210.84,215.99999999996956,333.65,0.0,0.0,0.0,0.0,unknown
1762155329.75041,0,0.019,0.8,0,0,3,210.45,215.89999999996957,333.25,0.0,0.0,0.0,0.0,unknown
1762155329.7605176,0,0.019,0.8,1,0,3,210.11,215.79999999996957,332.85,0.0,0.0,0.0,0.0,unknown
1762155329.7706192,0,0.019,0.8,0,0,3,209.77,215.69999999996958,332.54999999999995,0.0,0.0,0.0,0.0,unknown
1762155329.780717,0,0.02,0.8,1,0,3,209.56,215.59999999996958,332.25,0.0,0.0,0.0,0.0,unknown
1762155329.790813,0,0.02,0.8,0,0,3,209.35,215.4999999999696,331.85,0.0,0.0,0.0,0.0,unknown
1762155329.8009048,0,0.02,0.8,0,0,3,209.24,215.3999999999696,331.55,0.0,0.0,0.0,0.0,unknown
1762155329.8110147,0,0.019,0.8,0,0,3,209.13,215.2999999999696,331.25,0.0,0.0,0.0,0.0,unknown
1762155329.8211355,0,0.018000000000000002,0.8,0,0,3,209.04,215.1999999999696,330.9,0.0,0.0,0.0,0.0,unknown
1762155329.831213,0,0.016,0.8,0,0,3,208.93,215.0999999999696,330.54999999999995,0.0,0.0,0.0,0.0,unknown
1762155329.8412862,0,0.017,0.8,0,1,3,208.82,214.99999999996962,330.25,0.0,0.0,0.0,0.0,unknown
1762155329.851364,0,0.018000000000000002,0.8,1,1,3,208.82,214.89999999996962,329.95,0.0,0.0,0.0,0.0,unknown
1762155329.8614612,0,0.019,0.8,1,0,3,208.71,214.79999999996963,329.75,0.0,0.0,0.0,0.0,unknown
1762155329.871563,0,0.018000000000000002,0.8,0,0,3,208.6,214.69999999996963,329.5,0.0,0.0,0.0,0.0,unknown
1762155329.8816833,0,0.017,0.8,0,0,3,208.49,214.59999999996964,329.25,0.0,0.0,0.0,0.0,unknown
1762155329.8917944,0,0.018000000000000002,0.8,1,0,3,208.38,214.49999999996965,329.04999999999995,0.0,0.0,0.0,0.0,unknown
1762155329.9018981,0,0.018000000000000002,0.8,0,0,3,208.17,214.39999999996965,328.85,0.0,0.0,0.0,0.0,unknown
1762155329.912006,0,0.018000000000000002,0.8,0,0,3,207.96,214.29999999996966,328.75,0.0,0.0,0.0,0.0,unknown
1762155329.92212,0,0.018000000000000002,0.8,0,0,3,207.75,214.19999999996966,328.65,0.0,0.0,0.0,0.0,unknown
1762155329.932236,0,0.019,0.8,1,0,3,207.54,214.09999999996967,328.7,0.0,0.0,0.0,0.0,unknown
1762155329.94235,0,0.02,0.8,1,0,3,207.33,213.99999999996967,328.79999999999995,0.0,0.0,0.0,0.0,unknown
1762155329.952443,0,0.022000000000000002,0.8,2,0,3,207.12,213.89999999996968,328.9,0.0,0.0,0.0,0.0,unknown
1762155329.9625506,0,0.023,0.8,1,0,3,206.85,213.79999999996969,328.95000000000005,0.0,0.0,0.0,0.0,unknown
1762155329.972663,0,0.023,0.8,0,0,3,206.55,213.6999999999697,328.95000000000005,0.0,0.0,0.0,0.0,unknown
1762155329.9827583,0,0.024,0.8,0,1,3,206.25,213.5999999999697,328.9,0.0,0.0,0.0,0.0,unknown
1762155329.9928308,0,0.025,0.8,1,0,3,205.95,213.4999999999697,328.9,0.0,0.0,0.0,0.0,unknown
1762155330.0030036,0,0.026000000000000002,0.8,1,1,3,205.65,213.3999999999697,328.95,0.0,0.0,0.0,0.0,unknown
1762155330.0131319,0,0.027000000000000003,0.8,0,1,3,205.35,213.2999999999697,329.04999999999995,0.0,0.0,0.0,0.0,unknown
1762155330.023245,0,0.028,0.8,1,0,3,205.01,213.19999999996972,329.15,0.0,0.0,0.0,0.0,unknown
1762155330.0333698,0,0.028,0.8,0,0,3,204.71,213.09999999996973,329.1,0.0,0.0,0.0,0.0,unknown
1762155330.043468,0,0.027000000000000003,0.8,0,0,3,204.41,212.99999999996973,328.9,0.0,0.0,0.0,0.0,unknown
1762155330.0535352,0,0.027000000000000003,0.8,0,0,3,204.2,212.89999999996974,328.75,0.0,0.0,0.0,0.0,unknown
1762155330.0635993,0,0.027000000000000003,0.8,0,0,3,203.9,212.79999999996974,328.6,0.0,0.0,0.0,0.0,unknown
1762155330.073703,0,0.027000000000000003,0.8,0,0,3,203.58,212.69999999996975,328.55,0.0,0.0,0.0,0.0,unknown
1762155330.083826,0,0.027000000000000003,0.8,0,0,3,203.28,212.59999999996975,328.5,0.0,0.0,0.0,0.0,unknown
1762155330.0939202,0,0.027000000000000003,0.8,0,0,3,202.89,212.49999999996976,328.45,0.0,0.0,0.0,0.0,unknown
1762155330.1040335,0,0.027000000000000003,0.8,0,0,3,202.52,212.39999999996976,328.4,0.0,0.0,0.0,0.0,unknown
1762155330.1141143,0,0.028,0.8,0,1,3,202.25,212.29999999996977,328.35,0.0,0.0,0.0,0.0,unknown
1762155330.1241894,0,0.027000000000000003,0.8,0,0,3,202.04,212.19999999996978,328.3,0.0,0.0,0.0,0.0,unknown
1762155330.1342754,0,0.027000000000000003,0.8,0,0,3,201.83,212.09999999996978,328.15,0.0,0.0,0.0,0.0,unknown
1762155330.144338,0,0.027000000000000003,0.8,0,0,3,201.79,211.9999999999698,328.1,0.0,0.0,0.0,0.0,unknown
1762155330.1544535,0,0.026000000000000002,0.8,0,0,3,201.88,211.8999999999698,328.20000000000005,0.0,0.0,0.0,0.0,unknown
1762155330.1645207,0,0.026000000000000002,0.8,0,0,3,201.88,211.7999999999698,328.35,0.0,0.0,0.0,0.0,unknown
1762155330.1745853,0,0.026000000000000002,0.8,0,0,3,201.88,211.6999999999698,328.6,0.0,0.0,0.0,0.0,unknown
1762155330.1846502,0,0.026000000000000002,0.8,1,0,3,201.88,211.5999999999698,328.85,0.0,0.0,0.0,0.0,unknown
1762155330.1947706,0,0.026000000000000002,0.8,0,1,3,201.88,211.49999999996982,329.04999999999995,0.0,0.0,0.0,0.0,unknown
1762155330.2048438,0,0.027000000000000003,0.8,1,1,3,201.88,211.39999999996982,329.25,0.0,0.0,0.0,0.0,unknown
1762155330.2149112,0,0.028,0.8,0,1,3,201.88,211.29999999996983,329.45,0.0,0.0,0.0,0.0,unknown
1762155330.2250168,0,0.027000000000000003,0.8,0,0,3,201.88,211.19999999996983,329.5,0.0,0.0,0.0,0.0,unknown
1762155330.235087,0,0.026000000000000002,0.8,1,0,3,201.88,211.09999999996984,329.6,0.0,0.0,0.0,0.0,unknown
1762155330.245153,0,0.025,0.8,0,0,3,201.88,210.99999999996984,329.7,0.0,0.0,0.0,0.0,unknown
1762155330.2552245,0,0.027000000000000003,0.8,1,1,3,201.88,210.89999999996985,329.75,0.0,0.0,0.0,0.0,unknown
1762155330.2652917,0,0.027000000000000003,0.8,0,1,3,201.88,210.79999999996986,329.75,0.0,0.0,0.0,0.0,unknown
1762155330.2753549,0,0.027000000000000003,0.8,0,0,3,201.84,210.69999999996986,329.70000000000005,0.0,0.0,0.0,0.0,unknown
1762155330.2854247,0,0.027000000000000003,0.8,1,0,3,201.84,210.59999999996987,329.6,0.0,0.0,0.0,0.0,unknown
1762155330.2955093,0,0.027000000000000003,0.8,0,0,3,201.8,210.49999999996987,329.5,0.0,0.0,0.0,0.0,unknown
1762155330.305579,0,0.027000000000000003,0.8,0,0,3,201.59,210.39999999996988,329.45,0.0,0.0,0.0,0.0,unknown
1762155330.3156533,0,0.027000000000000003,0.8,0,0,3,201.38,210.29999999996988,329.4,0.0,0.0,0.0,0.0,unknown
1762155330.3257325,0,0.027000000000000003,0.8,0,0,3,201.08,210.1999999999699,329.3,0.0,0.0,0.0,0.0,unknown
1762155330.335809,0,0.028,0.8,0,1,3,200.78,210.0999999999699,329.1,0.0,0.0,0.0,0.0,unknown
1762155330.3458798,0,0.027000000000000003,0.8,0,0,3,200.48,209.9999999999699,328.8,0.0,0.0,0.0,0.0,unknown
1762155330.3559563,0,0.026000000000000002,0.8,1,0,3,200.23,209.8999999999699,328.45000000000005,0.0,0.0,0.0,0.0,unknown
1762155330.3660774,0,0.025,0.8,0,0,3,199.93,209.7999999999699,328.15,0.0,0.0,0.0,0.0,unknown
1762155330.3761485,0,0.025,0.8,0,0,3,199.63,209.69999999996992,327.9,0.0,0.0,0.0,0.0,unknown
1762155330.3862162,0,0.025,0.8,0,0,3,199.33,209.59999999996992,327.65,0.0,0.0,0.0,0.0,unknown
1762155330.3962822,0,0.024,0.8,0,0,3,199.01,209.49999999996993,327.4,0.0,0.0,0.0,0.0,unknown
1762155330.4063466,0,0.027,0.8,0,3,3,198.71,209.39999999996994,327.25,0.0,0.0,0.0,0.0,unknown
1762155330.4164152,0,0.027,0.8,0,0,3,198.41,209.29999999996994,327.15,0.0,0.0,0.0,0.0,unknown
1762155330.4265032,0,0.027,0.8,0,0,3,198.11,209.19999999996995,327.05,0.0,0.0,0.0,0.0,unknown
1762155330.4365685,0,0.026000000000000002,0.8,0,0,3,197.79,209.09999999996995,326.95,0.0,0.0,0.0,0.0,unknown
1762155330.4466314,0,0.025,0.8,0,0,3,197.51,208.99999999996996,326.85,0.0,0.0,0.0,0.0,unknown
1762155330.4567394,0,0.023,0.8,0,0,3,197.14,208.89999999996996,326.75,0.0,0.0,0.0,0.0,unknown
1762155330.466837,0,0.022000000000000002,0.8,0,0,3,196.8,208.79999999996997,326.55,0.0,0.0,0.0,0.0,unknown
1762155330.4769318,0,0.022000000000000002,0.8,0,0,3,196.43,208.69999999996998,326.35,0.0,0.0,0.0,0.0,unknown
1762155330.4870596,0,0.021,0.8,0,0,3,196.12,208.59999999996998,326.1,0.0,0.0,0.0,0.0,unknown
1762155330.4971611,0,0.02,0.8,0,0,3,195.87,208.49999999997,325.85,0.0,0.0,0.0,0.0,unknown
1762155330.5073087,0,0.018000000000000002,0.8,0,0,3,195.66,208.39999999997,325.55,0.0,0.0,0.0,0.0,unknown
1762155330.5174317,0,0.018000000000000002,0.8,0,1,3,195.45,208.29999999997,325.25,0.0,0.0,0.0,0.0,unknown
1762155330.5275471,0,0.017,0.8,0,0,3,195.2,208.19999999997,325.1,0.0,0.0,0.0,0.0,unknown
1762155330.5376277,0,0.017,0.8,0,0,3,194.99,208.09999999997,324.9,0.0,0.0,0.0,0.0,unknown
1762155330.547754,0,0.017,0.8,0,0,3,194.68,207.99999999997002,324.79999999999995,0.0,0.0,0.0,0.0,unknown
1762155330.5579638,0,0.018000000000000002,0.8,0,1,3,194.58,207.89999999997002,324.70000000000005,0.0,0.0,0.0,0.0,unknown
1762155330.5680892,0,0.018000000000000002,0.8,0,0,3,194.48,207.79999999997003,324.65,0.0,0.0,0.0,0.0,unknown
1762155330.5782173,0,0.018000000000000002,0.8,0,0,3,194.38,207.69999999997003,324.6,0.0,0.0,0.0,0.0,unknown
1762155330.5883248,0,0.019,0.8,0,1,3,194.24,207.59999999997004,324.6,0.0,0.0,0.0,0.0,unknown
1762155330.5984094,0,0.021,0.8,1,1,3,194.05,207.49999999997004,324.6,0.0,0.0,0.0,0.0,unknown
1762155330.6085086,0,0.021,0.8,0,0,3,193.88,207.39999999997005,324.70000000000005,0.0,0.0,0.0,0.0,unknown
1762155330.6186292,0,0.02,0.8,0,0,3,193.71,207.29999999997005,324.8,0.0,0.0,0.0,0.0,unknown
1762155330.6287117,0,0.02,0.8,0,0,3,193.54,207.19999999997006,324.9,0.0,0.0,0.0,0.0,unknown
1762155330.638832,0,0.021,0.8,1,0,3,193.37,207.09999999997007,324.95,0.0,0.0,0.0,0.0,unknown
1762155330.6489546,0,0.021,0.8,0,0,3,193.23,206.99999999997007,325.04999999999995,0.0,0.0,0.0,0.0,unknown
1762155330.6590893,0,0.021,0.8,0,0,3,193.23,206.89999999997008,325.2,0.0,0.0,0.0,0.0,unknown
1762155330.669172,0,0.021,0.8,0,0,3,193.23,206.79999999997008,325.4,0.0,0.0,0.0,0.0,unknown
1762155330.6792953,0,0.022000000000000002,0.8,1,0,3,193.23,206.6999999999701,325.55,0.0,0.0,0.0,0.0,unknown
1762155330.6894155,0,0.021,0.8,0,0,3,193.23,206.5999999999701,325.7,0.0,0.0,0.0,0.0,unknown
1762155330.6994789,0,0.02,0.8,0,0,3,193.23,206.4999999999701,325.79999999999995,0.0,0.0,0.0,0.0,unknown
1762155330.7095451,0,0.018000000000000002,0.8,0,0,3,193.23,206.3999999999701,326.0,0.0,0.0,0.0,0.0,unknown
1762155330.7196426,0,0.017,0.8,0,0,3,193.23,206.2999999999701,326.4,0.0,0.0,0.0,0.0,unknown
1762155330.7297046,0,0.017,0.8,0,0,3,193.23,206.19999999997012,326.85,0.0,0.0,0.0,0.0,unknown
1762155330.7398083,0,0.016,0.8,0,0,3,193.23,206.09999999997012,327.25,0.0,0.0,0.0,0.0,unknown
1762155330.7498763,0,0.017,0.8,1,0,3,193.23,205.99999999997013,327.6,0.0,0.0,0.0,0.0,unknown
1762155330.7599685,0,0.015000000000000001,0.8,0,0,3,193.23,205.89999999997013,327.85,0.0,0.0,0.0,0.0,unknown
1762155330.7700531,0,0.015000000000000001,0.8,0,1,3,193.23,205.79999999997014,328.1,0.0,0.0,0.0,0.0,unknown
1762155330.7801201,0,0.015000000000000001,0.8,0,0,3,193.23,205.69999999997015,328.29999999999995,0.0,0.0,0.0,0.0,unknown
1762155330.7901871,0,0.014,0.8,0,0,3,193.34,205.59999999997015,328.55,0.0,0.0,0.0,0.0,unknown
1762155330.8002794,0,0.014,0.8,0,0,3,193.45,205.49999999997016,328.95,0.0,0.0,0.0,0.0,unknown
1762155330.8103848,0,0.014,0.8,0,0,3,193.66,205.39999999997016,329.25,0.0,0.0,0.0,0.0,unknown
1762155330.8204615,0,0.015000000000000001,0.8,0,1,3,193.87,205.29999999997017,329.55,0.0,0.0,0.0,0.0,unknown
1762155330.83056,0,0.015000000000000001,0.8,0,0,3,193.87,205.19999999997017,329.9,0.0,0.0,0.0,0.0,unknown
1762155330.8406363,0,0.014,0.8,0,0,3,193.87,205.09999999997018,330.25,0.0,0.0,0.0,0.0,unknown
1762155330.8507025,0,0.015000000000000001,0.8,1,0,3,193.87,204.99999999997019,330.54999999999995,0.0,0.0,0.0,0.0,unknown
1762155330.8608065,0,0.014,0.8,0,0,3,193.59,204.8999999999702,330.75,0.0,0.0,0.0,0.0,unknown
1762155330.8708713,0,0.014,0.8,0,0,3,193.42,204.7999999999702,330.9,0.0,0.0,0.0,0.0,unknown
1762155330.8809361,0,0.015000000000000001,0.8,0,1,3,193.25,204.6999999999702,331.04999999999995,0.0,0.0,0.0,0.0,unknown
1762155330.8910139,0,0.016,0.8,0,1,3,193.08,204.5999999999702,331.25,0.0,0.0,0.0,0.0,unknown
1762155330.901125,0,0.017,0.8,0,1,3,192.91,204.4999999999702,331.45,0.0,0.0,0.0,0.0,unknown
1762155330.9112325,0,0.014,0.8,0,0,3,192.74,204.39999999997022,331.6,0.0,0.0,0.0,0.0,unknown
1762155330.921314,0,0.014,0.8,0,0,3,192.57,204.29999999997023,331.6,0.0,0.0,0.0,0.0,unknown
1762155330.9314005,0,0.014,0.8,0,0,3,192.4,204.19999999997023,331.55,0.0,0.0,0.0,0.0,unknown
1762155330.9414935,0,0.015000000000000001,0.8,1,0,3,192.23,204.09999999997024,331.4,0.0,0.0,0.0,0.0,unknown
1762155330.9515917,0,0.015000000000000001,0.8,0,0,3,192.06,203.99999999997024,331.25,0.0,0.0,0.0,0.0,unknown
1762155330.961692,0,0.015000000000000001,0.8,0,0,3,191.89,203.89999999997025,331.1,0.0,0.0,0.0,0.0,unknown
1762155330.9717891,0,0.015000000000000001,0.8,0,0,3,191.72,203.79999999997025,330.9,0.0,0.0,0.0,0.0,unknown
1762155330.9818902,0,0.016,0.8,1,0,3,191.55,203.69999999997026,330.65,0.0,0.0,0.0,0.0,unknown
1762155330.991993,0,0.016,0.8,0,0,3,191.38,203.59999999997027,330.45,0.0,0.0,0.0,0.0,unknown
1762155331.002107,0,0.016,0.8,0,0,3,191.28,203.49999999997027,330.20000000000005,0.0,0.0,0.0,0.0,unknown
1762155331.0122094,0,0.016,0.8,0,0,3,191.28,203.39999999997028,329.9,0.0,0.0,0.0,0.0,unknown
1762155331.0223463,0,0.015000000000000001,0.8,0,0,3,191.28,203.29999999997028,329.65,0.0,0.0,0.0,0.0,unknown
1762155331.0324981,0,0.015000000000000001,0.8,0,0,3,191.39,203.1999999999703,329.45,0.0,0.0,0.0,0.0,unknown
1762155331.0426064,0,0.015000000000000001,0.8,0,0,3,191.5,203.0999999999703,329.35,0.0,0.0,0.0,0.0,unknown
1762155331.0527318,0,0.015000000000000001,0.8,0,0,3,191.61,202.9999999999703,329.35,0.0,0.0,0.0,0.0,unknown
1762155331.0628362,0,0.014,0.8,0,0,3,191.63,202.8999999999703,329.25,0.0,0.0,0.0,0.0,unknown
1762155331.0729263,0,0.014,0.8,0,0,3,191.74,202.7999999999703,329.15,0.0,0.0,0.0,0.0,unknown
1762155331.0830665,0,0.015000000000000001,0.8,0,1,3,191.85,202.69999999997032,329.0,0.0,0.0,0.0,0.0,unknown
1762155331.0931654,0,0.014,0.8,0,0,3,191.96,202.59999999997032,328.95,0.0,0.0,0.0,0.0,unknown
1762155331.103265,0,0.012,0.8,0,0,3,192.07,202.49999999997033,328.95000000000005,0.0,0.0,0.0,0.0,unknown
1762155331.1133487,0,0.012,0.8,0,0,3,192.18,202.39999999997033,328.85,0.0,0.0,0.0,0.0,unknown
1762155331.1234658,0,0.012,0.8,0,0,3,192.27,202.29999999997034,328.75,0.0,0.0,0.0,0.0,unknown
1762155331.1335845,0,0.014,0.8,0,2,3,192.38,202.19999999997034,328.6,0.0,0.0,0.0,0.0,unknown
1762155331.1437068,0,0.014,0.8,0,1,3,192.49,202.09999999997035,328.54999999999995,0.0,0.0,0.0,0.0,unknown
1762155331.1538012,0,0.014,0.8,0,0,3,192.6,201.99999999997036,328.4,0.0,0.0,0.0,0.0,unknown
1762155331.1638887,0,0.015000000000000001,0.8,0,1,3,192.72,201.89999999997036,328.25,0.0,0.0,0.0,0.0,unknown
1762155331.1740105,0,0.015000000000000001,0.8,0,0,3,192.93,201.79999999997037,328.05,0.0,0.0,0.0,0.0,unknown
1762155331.184097,0,0.015000000000000001,0.8,0,1,3,192.97,201.69999999997037,327.9,0.0,0.0,0.0,0.0,unknown
1762155331.1941853,0,0.016,0.8,1,0,3,192.97,201.59999999997038,327.8,0.0,0.0,0.0,0.0,unknown
1762155331.2042668,0,0.016,0.8,0,0,3,192.97,201.49999999997038,327.75,0.0,0.0,0.0,0.0,unknown
1762155331.2143576,0,0.016,0.8,0,0,3,192.8,201.3999999999704,327.6,0.0,0.0,0.0,0.0,unknown
1762155331.2244723,0,0.016,0.8,0,0,3,192.63,201.2999999999704,327.35,0.0,0.0,0.0,0.0,unknown
1762155331.2345893,0,0.016,0.8,0,0,3,192.46,201.1999999999704,327.1,0.0,0.0,0.0,0.0,unknown
1762155331.2446716,0,0.016,0.8,0,0,3,192.29,201.0999999999704,326.79999999999995,0.0,0.0,0.0,0.0,unknown
1762155331.254754,0,0.016,0.8,0,1,3,192.12,200.9999999999704,326.45,0.0,0.0,0.0,0.0,unknown
1762155331.2648284,0,0.017,0.8,0,1,3,191.95,200.89999999997042,326.04999999999995,0.0,0.0,0.0,0.0,unknown
1762155331.2748978,0,0.016,0.8,0,0,3,191.78,200.79999999997042,325.7,0.0,0.0,0.0,0.0,unknown
1762155331.285011,0,0.016,0.8,0,0,3,191.61,200.69999999997043,325.35,0.0,0.0,0.0,0.0,unknown
1762155331.2950926,0,0.017,0.8,0,1,3,191.44,200.59999999997044,325.15,0.0,0.0,0.0,0.0,unknown
1762155331.3051567,0,0.018000000000000002,0.8,0,1,3,191.27,200.49999999997044,325.0,0.0,0.0,0.0,0.0,unknown
1762155331.315236,0,0.018000000000000002,0.8,0,0,3,191.1,200.39999999997045,324.85,0.0,0.0,0.0,0.0,unknown
1762155331.3253145,0,0.017,0.8,0,0,3,190.93,200.29999999997045,324.6,0.0,0.0,0.0,0.0,unknown
1762155331.3354442,0,0.017,0.8,0,0,3,190.76,200.19999999997046,324.35,0.0,0.0,0.0,0.0,unknown
1762155331.3455215,0,0.017,0.8,0,0,3,190.59,200.09999999997046,324.04999999999995,0.0,0.0,0.0,0.0,unknown
1762155331.3556035,0,0.016,0.8,0,0,3,190.49,199.99999999997047,323.85,0.0,0.0,0.0,0.0,unknown
1762155331.365681,0,0.017,0.8,1,0,3,190.4,199.89999999997048,323.7,0.0,0.0,0.0,0.0,unknown
1762155331.3757608,0,0.018000000000000002,0.8,0,1,3,190.4,199.79999999997048,323.55,0.0,0.0,0.0,0.0,unknown
1762155331.38591,0,0.018000000000000002,0.8,0,1,3,190.4,199.6999999999705,323.54999999999995,0.0,0.0,0.0,0.0,unknown
1762155331.395974,0,0.018000000000000002,0.8,0,1,3,190.4,199.5999999999705,323.55,0.0,0.0,0.0,0.0,unknown
1762155331.4060826,0,0.017,0.8,0,0,3,190.4,199.4999999999705,323.65,0.0,0.0,0.0,0.0,unknown
1762155331.4161482,0,0.017,0.8,0,0,3,190.4,199.3999999999705,323.75,0.0,0.0,0.0,0.0,unknown
1762155331.4262033,0,0.017,0.8,0,0,3,190.4,199.2999999999705,323.85,0.0,0.0,0.0,0.0,unknown
1762155331.4362645,0,0.017,0.8,0,0,3,190.4,199.19999999997052,323.9,0.0,0.0,0.0,0.0,unknown
1762155331.4463408,0,0.016,0.8,0,0,3,190.4,199.09999999997052,323.95000000000005,0.0,0.0,0.0,0.0,unknown
1762155331.4564028,0,0.017,0.8,0,1,3,190.38,198.99999999997053,324.0,0.0,0.0,0.0,0.0,unknown
1762155331.4664636,0,0.017,0.8,0,0,3,190.38,198.89999999997053,324.0,0.0,0.0,0.0,0.0,unknown
1762155331.4765317,0,0.017,0.8,0,0,3,190.38,198.79999999997054,324.1,0.0,0.0,0.0,0.0,unknown
1762155331.486615,0,0.016,0.8,0,0,3,190.56,198.69999999997054,324.35,0.0,0.0,0.0,0.0,unknown
1762155331.4967065,0,0.017,0.8,1,0,3,190.77,198.59999999997055,324.75,0.0,0.0,0.0,0.0,unknown
1762155331.5068188,0,0.017,0.8,0,0,3,191.12,198.49999999997056,325.15,0.0,0.0,0.0,0.0,unknown
1762155331.516922,0,0.018000000000000002,0.8,0,1,3,191.43,198.39999999997056,325.6,0.0,0.0,0.0,0.0,unknown
1762155331.5270174,0,0.018000000000000002,0.8,0,0,3,191.57,198.29999999997057,325.95000000000005,0.0,0.0,0.0,0.0,unknown
1762155331.5371242,0,0.019,0.8,0,1,3,191.71,198.19999999997057,326.2,0.0,0.0,0.0,0.0,unknown
1762155331.5472271,0,0.02,0.8,1,0,3,191.81,198.09999999997058,326.45,0.0,0.0,0.0,0.0,unknown
1762155331.5573182,0,0.022000000000000002,0.8,0,2,3,191.74,197.99999999997058,326.6,0.0,0.0,0.0,0.0,unknown
1762155331.5674148,0,0.022000000000000002,0.8,0,0,3,191.67,197.8999999999706,326.7,0.0,0.0,0.0,0.0,unknown
1762155331.577504,0,0.022000000000000002,0.8,0,0,3,191.6,197.7999999999706,326.75,0.0,0.0,0.0,0.0,unknown
1762155331.5876265,0,0.021,0.8,0,0,3,191.53,197.6999999999706,326.85,0.0,0.0,0.0,0.0,unknown
1762155331.5977476,0,0.021,0.8,0,0,3,191.5,197.5999999999706,326.9,0.0,0.0,0.0,0.0,unknown
1762155331.6078625,0,0.023,0.8,0,2,3,191.43,197.4999999999706,326.9,0.0,0.0,0.0,0.0,unknown
1762155331.617989,0,0.023,0.8,0,0,3,191.43,197.39999999997062,326.8,0.0,0.0,0.0,0.0,unknown
1762155331.6281219,0,0.024,0.8,0,1,3,191.43,197.29999999997062,326.6,0.0,0.0,0.0,0.0,unknown
1762155331.6381974,0,0.024,0.8,0,2,3,191.43,197.19999999997063,326.3,0.0,0.0,0.0,0.0,unknown
1762155331.6482847,0,0.024,0.8,1,0,3,191.43,197.09999999997063,326.15,0.0,0.0,0.0,0.0,unknown
1762155331.6583614,0,0.025,0.8,0,1,3,191.36,196.99999999997064,326.0,0.0,0.0,0.0,0.0,unknown
1762155331.6684628,0,0.025,0.8,0,1,3,191.19,196.89999999997065,325.85,0.0,0.0,0.0,0.0,unknown
1762155331.678525,0,0.027000000000000003,0.8,0,2,3,191.02,196.79999999997065,325.7,0.0,0.0,0.0,0.0,unknown
1762155331.6885993,0,0.027000000000000003,0.8,0,1,3,190.85,196.69999999997066,325.65,0.0,0.0,0.0,0.0,unknown
1762155331.6986594,0,0.027000000000000003,0.8,1,0,3,190.75,196.59999999997066,325.54999999999995,0.0,0.0,0.0,0.0,unknown
1762155331.7087374,0,0.028,0.8,1,0,3,190.75,196.49999999997067,325.5,0.0,0.0,0.0,0.0,unknown
1762155331.7188504,0,0.029,0.8,1,0,3,190.75,196.39999999997067,325.3,0.0,0.0,0.0,0.0,unknown
1762155331.7289155,0,0.030000000000000002,0.8,1,0,3,190.75,196.29999999997068,325.0,0.0,0.0,0.0,0.0,unknown
1762155331.7390013,0,0.031000000000000003,0.8,0,1,3,190.75,196.1999999999707,324.65,0.0,0.0,0.0,0.0,unknown
1762155331.749064,0,0.031000000000000003,0.8,0,0,3,190.75,196.0999999999707,324.4,0.0,0.0,0.0,0.0,unknown
1762155331.7591507,0,0.030000000000000002,0.8,0,0,3,190.75,195.9999999999707,324.25,0.0,0.0,0.0,0.0,unknown
1762155331.7692285,0,0.029,0.8,0,0,3,190.75,195.8999999999707,324.25,0.0,0.0,0.0,0.0,unknown
1762155331.779287,0,0.030000000000000002,0.8,0,1,3,190.75,195.7999999999707,324.20000000000005,0.0,0.0,0.0,0.0,unknown
1762155331.7893581,0,0.031000000000000003,0.8,1,0,3,190.75,195.69999999997071,324.15,0.0,0.0,0.0,0.0,unknown
1762155331.7994533,0,0.030000000000000002,0.8,0,0,3,190.64,195.59999999997072,324.1,0.0,0.0,0.0,0.0,unknown
1762155331.8095326,0,0.030000000000000002,0.8,1,0,3,190.53,195.49999999997073,324.04999999999995,0.0,0.0,0.0,0.0,unknown
1762155331.819608,0,0.030000000000000002,0.8,0,0,3,190.32,195.39999999997073,324.1,0.0,0.0,0.0,0.0,unknown
1762155331.829688,0,0.031000000000000003,0.8,0,1,3,190.22,195.29999999997074,324.15,0.0,0.0,0.0,0.0,unknown
1762155331.8397572,0,0.031000000000000003,0.8,0,0,3,190.33,195.19999999997074,324.15,0.0,0.0,0.0,0.0,unknown
1762155331.849824,0,0.031000000000000003,0.8,0,0,3,190.54,195.09999999997075,324.15,0.0,0.0,0.0,0.0,unknown
1762155331.8599005,0,0.031000000000000003,0.8,0,0,3,190.75,194.99999999997075,324.2,0.0,0.0,0.0,0.0,unknown
1762155331.8700166,0,0.030000000000000002,0.8,0,0,3,191.03,194.89999999997076,324.35,0.0,0.0,0.0,0.0,unknown
1762155331.8801107,0,0.030000000000000002,0.8,1,0,3,191.2,194.79999999997077,324.5,0.0,0.0,0.0,0.0,unknown
1762155331.8902743,0,0.030000000000000002,0.8,1,0,3,191.37,194.69999999997077,324.6,0.0,0.0,0.0,0.0,unknown
1762155331.9003782,0,0.029,0.8,0,0,3,191.37,194.59999999997078,324.65,0.0,0.0,0.0,0.0,unknown
1762155331.9105446,0,0.029,0.8,0,0,3,191.37,194.49999999997078,324.6,0.0,0.0,0.0,0.0,unknown
1762155331.9206316,0,0.029,0.8,0,0,3,191.37,194.3999999999708,324.65,0.0,0.0,0.0,0.0,unknown
1762155331.930749,0,0.029,0.8,0,0,3,191.37,194.2999999999708,324.75,0.0,0.0,0.0,0.0,unknown
1762155331.9408503,0,0.030000000000000002,0.8,0,1,3,191.37,194.1999999999708,324.9,0.0,0.0,0.0,0.0,unknown
1762155331.9509678,0,0.032,0.8,1,1,3,191.37,194.0999999999708,325.0,0.0,0.0,0.0,0.0,unknown
1762155331.9610727,0,0.033,0.8,0,2,3,191.37,193.9999999999708,325.0,0.0,0.0,0.0,0.0,unknown
1762155331.9711878,0,0.033,0.8,0,0,3,191.37,193.89999999997082,325.0,0.0,0.0,0.0,0.0,unknown
1762155331.9812992,0,0.035,0.8,1,1,3,191.37,193.79999999997082,325.04999999999995,0.0,0.0,0.0,0.0,unknown
1762155331.9913948,0,0.035,0.8,0,0,3,191.37,193.69999999997083,325.15,0.0,0.0,0.0,0.0,unknown
1762155332.0015044,0,0.034,0.8,0,0,3,191.37,193.59999999997083,325.25,0.0,0.0,0.0,0.0,unknown
1762155332.0115905,0,0.034,0.8,0,0,3,191.3,193.49999999997084,325.35,0.0,0.0,0.0,0.0,unknown
1762155332.0216699,0,0.034,0.8,0,1,3,191.13,193.39999999997085,325.5,0.0,0.0,0.0,0.0,unknown
1762155332.0319388,0,0.035,0.8,0,1,3,190.96,193.29999999997085,325.55,0.0,0.0,0.0,0.0,unknown
1762155332.0420175,0,0.034,0.8,0,0,3,190.68,193.19999999997086,325.55,0.0,0.0,0.0,0.0,unknown
1762155332.0520859,0,0.034,0.8,1,0,3,190.4,193.09999999997086,325.55,0.0,0.0,0.0,0.0,unknown
1762155332.0621488,0,0.032,0.8,0,0,3,190.12,192.99999999997087,325.5,0.0,0.0,0.0,0.0,unknown
1762155332.0722163,0,0.034,0.8,1,1,3,190.01,192.89999999997087,325.54999999999995,0.0,0.0,0.0,0.0,unknown
1762155332.0822897,0,0.035,0.8,0,1,3,189.9,192.79999999997088,325.65,0.0,0.0,0.0,0.0,unknown
1762155332.092381,0,0.035,0.8,0,0,3,189.79,192.69999999997088,325.75,0.0,0.0,0.0,0.0,unknown
1762155332.1024435,0,0.035,0.8,0,0,3,189.68,192.5999999999709,325.75,0.0,0.0,0.0,0.0,unknown
1762155332.1125073,0,0.033,0.8,0,0,3,189.57,192.4999999999709,325.7,0.0,0.0,0.0,0.0,unknown
1762155332.122606,0,0.033,0.8,0,0,3,189.46,192.3999999999709,325.75,0.0,0.0,0.0,0.0,unknown
1762155332.1327085,0,0.035,0.8,2,1,3,189.37,192.2999999999709,325.85,0.0,0.0,0.0,0.0,unknown
1762155332.1428206,0,0.033,0.8,0,0,3,189.26,192.1999999999709,326.0,0.0,0.0,0.0,0.0,unknown
1762155332.1528854,0,0.033,0.8,0,1,3,189.15,192.09999999997092,326.15,0.0,0.0,0.0,0.0,unknown
1762155332.162988,0,0.032,0.8,0,0,3,189.04,191.99999999997092,326.35,0.0,0.0,0.0,0.0,unknown
1762155332.173094,0,0.032,0.8,1,0,3,188.83,191.89999999997093,326.5,0.0,0.0,0.0,0.0,unknown
1762155332.1831846,0,0.030000000000000002,0.8,0,0,3,188.62,191.79999999997094,326.65,0.0,0.0,0.0,0.0,unknown
1762155332.1932523,0,0.030000000000000002,0.8,0,1,3,188.62,191.69999999997094,326.7,0.0,0.0,0.0,0.0,unknown
1762155332.203316,0,0.030000000000000002,0.8,0,1,3,188.62,191.59999999997095,326.75,0.0,0.0,0.0,0.0,unknown
1762155332.2133932,0,0.029,0.8,0,0,3,188.62,191.49999999997095,326.85,0.0,0.0,0.0,0.0,unknown
1762155332.223459,0,0.030000000000000002,0.8,1,1,3,188.79,191.39999999997096,327.0,0.0,0.0,0.0,0.0,unknown
1762155332.2335782,0,0.029,0.8,0,0,3,188.96,191.29999999997096,327.2,0.0,0.0,0.0,0.0,unknown
1762155332.2436497,0,0.028,0.8,0,0,3,188.96,191.19999999997097,327.4,0.0,0.0,0.0,0.0,unknown
1762155332.2537572,0,0.028,0.8,0,0,3,188.96,191.09999999997098,327.6,0.0,0.0,0.0,0.0,unknown
1762155332.2638233,0,0.028,0.8,0,0,3,188.96,190.99999999997098,327.8,0.0,0.0,0.0,0.0,unknown
1762155332.2738872,0,0.029,0.8,0,1,3,188.96,190.899999999971,328.05,0.0,0.0,0.0,0.0,unknown
1762155332.2839887,0,0.029,0.8,0,1,3,188.96,190.799999999971,328.25,0.0,0.0,0.0,0.0,unknown
1762155332.2940896,0,0.029,0.8,0,1,3,188.96,190.699999999971,328.4,0.0,0.0,0.0,0.0,unknown
1762155332.3041935,0,0.031,0.8,1,1,3,188.96,190.599999999971,328.45,0.0,0.0,0.0,0.0,unknown
1762155332.3143082,0,0.030000000000000002,0.8,0,0,3,188.96,190.499999999971,328.45,0.0,0.0,0.0,0.0,unknown
1762155332.3244085,0,0.030000000000000002,0.8,0,0,3,188.96,190.39999999997102,328.45000000000005,0.0,0.0,0.0,0.0,unknown
1762155332.334529,0,0.030000000000000002,0.8,0,1,3,188.96,190.29999999997102,328.6,0.0,0.0,0.0,0.0,unknown
1762155332.3446436,0,0.031,0.8,1,0,3,188.96,190.19999999997103,328.75,0.0,0.0,0.0,0.0,unknown
1762155332.3547447,0,0.031,0.8,0,0,3,188.96,190.09999999997103,328.9,0.0,0.0,0.0,0.0,unknown
1762155332.3648248,0,0.031,0.8,0,0,3,188.89,189.99999999997104,329.0,0.0,0.0,0.0,0.0,unknown
1762155332.3749464,0,0.031,0.8,0,0,3,188.72,189.89999999997104,329.1,0.0,0.0,0.0,0.0,unknown
1762155332.385031,0,0.031,0.8,1,0,3,188.55,189.79999999997105,329.2,0.0,0.0,0.0,0.0,unknown
1762155332.3951356,0,0.030000000000000002,0.8,0,0,3,188.38,189.69999999997106,329.25,0.0,0.0,0.0,0.0,unknown
1762155332.4052384,0,0.030000000000000002,0.8,0,0,3,188.21,189.59999999997106,329.3,0.0,0.0,0.0,0.0,unknown
1762155332.4153342,0,0.030000000000000002,0.8,0,0,3,188.18,189.49999999997107,329.20000000000005,0.0,0.0,0.0,0.0,unknown
1762155332.425427,0,0.031,0.8,0,1,3,188.18,189.39999999997107,329.05,0.0,0.0,0.0,0.0,unknown
1762155332.4355643,0,0.031,0.8,0,0,3,188.18,189.29999999997108,328.9,0.0,0.0,0.0,0.0,unknown
1762155332.4456744,0,0.030000000000000002,0.8,0,0,3,188.18,189.19999999997108,328.85,0.0,0.0,0.0,0.0,unknown
1762155332.4557974,0,0.029,0.8,0,1,3,188.18,189.0999999999711,328.85,0.0,0.0,0.0,0.0,unknown
1762155332.4658933,0,0.027,0.8,0,0,3,188.18,188.9999999999711,328.8,0.0,0.0,0.0,0.0,unknown
1762155332.4760087,0,0.027,0.8,0,0,3,188.18,188.8999999999711,328.75,0.0,0.0,0.0,0.0,unknown
1762155332.486123,0,0.025,0.8,0,0,3,188.18,188.7999999999711,328.6,0.0,0.0,0.0,0.0,unknown
1762155332.4962137,0,0.025,0.8,0,0,3,188.07,188.6999999999711,328.35,0.0,0.0,0.0,0.0,unknown
1762155332.506334,0,0.025,0.8,0,0,3,187.96,188.59999999997112,328.04999999999995,0.0,0.0,0.0,0.0,unknown
1762155332.5164495,0,0.026000000000000002,0.8,1,0,3,187.75,188.49999999997112,327.75,0.0,0.0,0.0,0.0,unknown
1762155332.5265303,0,0.025,0.8,0,0,3,187.54,188.39999999997113,327.4,0.0,0.0,0.0,0.0,unknown
1762155332.5366502,0,0.025,0.8,0,1,3,187.5,188.29999999997113,327.15,0.0,0.0,0.0,0.0,unknown
1762155332.5467257,0,0.025,0.8,0,0,3,187.54,188.19999999997114,327.0,0.0,0.0,0.0,0.0,unknown
1762155332.5568085,0,0.024,0.8,0,0,3,187.58,188.09999999997115,326.9,0.0,0.0,0.0,0.0,unknown
1762155332.5668786,0,0.024,0.8,0,0,3,187.75,187.99999999997115,326.85,0.0,0.0,0.0,0.0,unknown
1762155332.5769796,0,0.023,0.8,1,0,3,187.92,187.89999999997116,326.85,0.0,0.0,0.0,0.0,unknown
1762155332.5870929,0,0.023,0.8,0,1,3,188.09,187.79999999997116,326.85,0.0,0.0,0.0,0.0,unknown
1762155332.5971646,0,0.025,0.8,1,1,3,188.09,187.69999999997117,326.8,0.0,0.0,0.0,0.0,unknown
1762155332.6072369,0,0.026000000000000002,0.8,0,1,3,188.09,187.59999999997117,326.65,0.0,0.0,0.0,0.0,unknown
1762155332.6173034,0,0.028,0.8,1,1,3,188.09,187.49999999997118,326.6,0.0,0.0,0.0,0.0,unknown
1762155332.6273742,0,0.028,0.8,0,0,3,188.09,187.3999999999712,326.55,0.0,0.0,0.0,0.0,unknown
1762155332.637437,0,0.026000000000000002,0.8,0,1,3,188.09,187.2999999999712,326.6,0.0,0.0,0.0,0.0,unknown
1762155332.6475008,0,0.026000000000000002,0.8,0,0,3,188.09,187.1999999999712,326.65,0.0,0.0,0.0,0.0,unknown
1762155332.6575751,0,0.026000000000000002,0.8,0,1,3,188.09,187.0999999999712,326.6,0.0,0.0,0.0,0.0,unknown
1762155332.667639,0,0.027000000000000003,0.8,1,0,3,188.09,186.9999999999712,326.6,0.0,0.0,0.0,0.0,unknown
1762155332.677712,0,0.027000000000000003,0.8,0,1,3,188.09,186.89999999997121,326.55,0.0,0.0,0.0,0.0,unknown
1762155332.6877725,0,0.027000000000000003,0.8,0,0,3,188.09,186.79999999997122,326.4,0.0,0.0,0.0,0.0,unknown
1762155332.697835,0,0.026000000000000002,0.8,0,0,3,188.09,186.69999999997123,326.25,0.0,0.0,0.0,0.0,unknown
1762155332.7079222,0,0.025,0.8,0,0,3,188.02,186.59999999997123,326.1,0.0,0.0,0.0,0.0,unknown
1762155332.7179892,0,0.025,0.8,0,0,3,187.85,186.49999999997124,325.95,0.0,0.0,0.0,0.0,unknown
1762155332.728157,0,0.023,0.8,0,0,3,187.68,186.39999999997124,325.79999999999995,0.0,0.0,0.0,0.0,unknown
1762155332.7382631,0,0.023,0.8,0,0,3,187.51,186.29999999997125,325.65,0.0,0.0,0.0,0.0,unknown
1762155332.748327,0,0.023,0.8,0,0,3,187.34,186.19999999997125,325.55,0.0,0.0,0.0,0.0,unknown
1762155332.75839,0,0.023,0.8,0,0,3,187.17,186.09999999997126,325.45000000000005,0.0,0.0,0.0,0.0,unknown
1762155332.7684708,0,0.023,0.8,0,0,3,187,185.99999999997127,325.25,0.0,0.0,0.0,0.0,unknown
1762155332.7785296,0,0.022000000000000002,0.8,0,0,3,186.83,185.89999999997127,325.0,0.0,0.0,0.0,0.0,unknown
1762155332.7886,0,0.021,0.8,0,0,3,186.66,185.79999999997128,324.8,0.0,0.0,0.0,0.0,unknown
1762155332.798692,0,0.021,0.8,0,1,3,186.49,185.69999999997128,324.6,0.0,0.0,0.0,0.0,unknown
1762155332.808834,0,0.02,0.8,0,1,3,186.32,185.5999999999713,324.3,0.0,0.0,0.0,0.0,unknown
1762155332.8189619,0,0.021,0.8,1,0,3,186.15,185.4999999999713,323.9,0.0,0.0,0.0,0.0,unknown
1762155332.8291364,0,0.021,0.8,0,0,3,185.98,185.3999999999713,323.5,0.0,0.0,0.0,0.0,unknown
1762155332.839241,0,0.02,0.8,0,0,3,185.7,185.2999999999713,323.15,0.0,0.0,0.0,0.0,unknown
1762155332.8493388,0,0.019,0.8,0,0,3,185.42,185.1999999999713,322.85,0.0,0.0,0.0,0.0,unknown
1762155332.8594244,0,0.019,0.8,0,0,3,185.04,185.09999999997132,322.54999999999995,0.0,0.0,0.0,0.0,unknown
1762155332.8695269,0,0.019,0.8,0,0,3,184.66,184.99999999997132,322.25,0.0,0.0,0.0,0.0,unknown
1762155332.8796012,0,0.019,0.8,0,0,3,184.38,184.89999999997133,321.95000000000005,0.0,0.0,0.0,0.0,unknown
1762155332.8896983,0,0.018000000000000002,0.8,0,0,3,184.21,184.79999999997133,321.65,0.0,0.0,0.0,0.0,unknown
1762155332.8997629,0,0.018000000000000002,0.8,0,0,3,184.04,184.69999999997134,321.4,0.0,0.0,0.0,0.0,unknown
1762155332.909833,0,0.018000000000000002,0.8,0,0,3,184.04,184.59999999997135,321.25,0.0,0.0,0.0,0.0,unknown
1762155332.919906,0,0.018000000000000002,0.8,0,0,3,184.04,184.49999999997135,321.15,0.0,0.0,0.0,0.0,unknown
1762155332.9300172,0,0.017,0.8,0,0,3,184.04,184.39999999997136,321.05,0.0,0.0,0.0,0.0,unknown
1762155332.9401355,0,0.017,0.8,0,0,3,184.04,184.29999999997136,320.95,0.0,0.0,0.0,0.0,unknown
1762155332.9502475,0,0.017,0.8,0,0,3,184.04,184.19999999997137,320.79999999999995,0.0,0.0,0.0,0.0,unknown
1762155332.9603522,0,0.016,0.8,0,0,3,184.04,184.09999999997137,320.75,0.0,0.0,0.0,0.0,unknown
1762155332.9704213,0,0.017,0.8,0,1,3,184.04,183.99999999997138,320.8,0.0,0.0,0.0,0.0,unknown
1762155332.9805138,0,0.017,0.8,0,0,3,184.04,183.89999999997139,320.85,0.0,0.0,0.0,0.0,unknown
1762155332.9906185,0,0.017,0.8,0,0,3,184.04,183.7999999999714,320.85,0.0,0.0,0.0,0.0,unknown
1762155333.0006893,0,0.017,0.8,0,0,3,184.04,183.6999999999714,320.8,0.0,0.0,0.0,0.0,unknown
1762155333.010753,0,0.017,0.8,0,0,3,184.04,183.5999999999714,320.75,0.0,0.0,0.0,0.0,unknown
1762155333.0208144,0,0.016,0.8,0,0,3,184.04,183.4999999999714,320.7,0.0,0.0,0.0,0.0,unknown
1762155333.0309238,0,0.017,0.8,1,0,3,184.04,183.3999999999714,320.6,0.0,0.0,0.0,0.0,unknown
1762155333.0410304,0,0.016,0.8,0,0,3,184.04,183.29999999997142,320.6,0.0,0.0,0.0,0.0,unknown
1762155333.0511124,0,0.016,0.8,0,0,3,184.04,183.19999999997142,320.6,0.0,0.0,0.0,0.0,unknown
1762155333.0611784,0,0.018000000000000002,0.8,1,1,3,184.04,183.09999999997143,320.55,0.0,0.0,0.0,0.0,unknown
1762155333.071289,0,0.018000000000000002,0.8,0,0,3,184.04,182.99999999997144,320.4,0.0,0.0,0.0,0.0,unknown
1762155333.0813525,0,0.018000000000000002,0.8,0,1,3,183.87,182.89999999997144,320.20000000000005,0.0,0.0,0.0,0.0,unknown
1762155333.0914583,0,0.017,0.8,0,0,3,183.7,182.79999999997145,320.0,0.0,0.0,0.0,0.0,unknown
1762155333.1015644,0,0.016,0.8,1,0,3,183.53,182.69999999997145,319.95000000000005,0.0,0.0,0.0,0.0,unknown
1762155333.1116807,0,0.015000000000000001,0.8,0,0,3,183.36,182.59999999997146,319.95,0.0,0.0,0.0,0.0,unknown
1762155333.1217432,0,0.013000000000000001,0.8,0,0,3,183.19,182.49999999997146,319.95,0.0,0.0,0.0,0.0,unknown
1762155333.1318161,0,0.013000000000000001,0.8,0,0,3,183.02,182.39999999997147,319.85,0.0,0.0,0.0,0.0,unknown
1762155333.1418974,0,0.012,0.8,0,0,3,182.85,182.29999999997148,319.7,0.0,0.0,0.0,0.0,unknown
1762155333.1520054,0,0.012,0.8,0,0,3,182.68,182.19999999997148,319.5,0.0,0.0,0.0,0.0,unknown
1762155333.1620815,0,0.011000000000000001,0.8,0,0,3,182.51,182.0999999999715,319.35,0.0,0.0,0.0,0.0,unknown
1762155333.172147,0,0.01,0.8,0,0,3,182.34,181.9999999999715,319.25,0.0,0.0,0.0,0.0,unknown
1762155333.1822193,0,0.009000000000000001,0.8,0,0,3,182.17,181.8999999999715,319.1,0.0,0.0,0.0,0.0,unknown
1762155333.1923356,0,0.009000000000000001,0.8,0,0,3,182,181.7999999999715,318.95,0.0,0.0,0.0,0.0,unknown
1762155333.2024314,0,0.011000000000000001,0.8,1,1,3,181.79,181.6999999999715,318.65,0.0,0.0,0.0,0.0,unknown
1762155333.2125518,0,0.012,0.8,0,1,3,181.62,181.59999999997152,318.4,0.0,0.0,0.0,0.0,unknown
1762155333.2226503,0,0.013000000000000001,0.8,1,0,3,181.45,181.49999999997152,318.1,0.0,0.0,0.0,0.0,unknown
1762155333.2327714,0,0.013000000000000001,0.8,0,0,3,181.28,181.39999999997153,317.79999999999995,0.0,0.0,0.0,0.0,unknown
1762155333.2428637,0,0.013000000000000001,0.8,0,0,3,181.11,181.29999999997153,317.5,0.0,0.0,0.0,0.0,unknown
1762155333.252976,0,0.014,0.8,1,0,3,181.11,181.19999999997154,317.2,0.0,0.0,0.0,0.0,unknown
1762155333.263197,0,0.015000000000000001,0.8,0,1,3,181.11,181.09999999997154,316.95,0.0,0.0,0.0,0.0,unknown
1762155333.2733283,0,0.016,0.8,1,0,3,181.11,180.99999999997155,316.8,0.0,0.0,0.0,0.0,unknown
1762155333.283409,0,0.016,0.8,0,0,3,181.11,180.89999999997156,316.65,0.0,0.0,0.0,0.0,unknown
1762155333.2935212,0,0.017,0.8,1,0,3,181.11,180.79999999997156,316.55,0.0,0.0,0.0,0.0,unknown
1762155333.3036404,0,0.016,0.8,0,0,3,181.11,180.69999999997157,316.5,0.0,0.0,0.0,0.0,unknown
1762155333.3137355,0,0.016,0.8,1,0,3,181.11,180.59999999997157,316.45000000000005,0.0,0.0,0.0,0.0,unknown
1762155333.3238459,0,0.015000000000000001,0.8,0,0,3,181.11,180.49999999997158,316.45000000000005,0.0,0.0,0.0,0.0,unknown
1762155333.3340702,0,0.015000000000000001,0.8,0,0,3,181.11,180.39999999997158,316.4,0.0,0.0,0.0,0.0,unknown
1762155333.3441775,0,0.015000000000000001,0.8,0,0,3,181.11,180.2999999999716,316.25,0.0,0.0,0.0,0.0,unknown
1762155333.354258,0,0.015000000000000001,0.8,0,0,3,181.11,180.1999999999716,316.15,0.0,0.0,0.0,0.0,unknown
1762155333.364336,0,0.016,0.8,1,0,3,181.11,180.0999999999716,316.04999999999995,0.0,0.0,0.0,0.0,unknown
1762155333.3744183,0,0.016,0.8,0,0,3,181.11,179.9999999999716,315.9,0.0,0.0,0.0,0.0,unknown
1762155333.3844972,0,0.017,0.8,0,1,3,181.11,179.8999999999716,315.75,0.0,0.0,0.0,0.0,unknown
1762155333.3945796,0,0.018000000000000002,0.8,0,1,3,181.11,179.79999999997162,315.6,0.0,0.0,0.0,0.0,unknown
1762155333.4046528,0,0.018000000000000002,0.8,0,0,3,181.11,179.69999999997162,315.45000000000005,0.0,0.0,0.0,0.0,unknown
1762155333.4147258,0,0.019,0.8,0,1,3,181.11,179.59999999997163,315.3,0.0,0.0,0.0,0.0,unknown
1762155333.42479,0,0.02,0.8,1,0,3,180.97,179.49999999997164,315.15,0.0,0.0,0.0,0.0,unknown
1762155333.4348538,0,0.02,0.8,0,0,3,180.8,179.39999999997164,314.95000000000005,0.0,0.0,0.0,0.0,unknown
1762155333.444915,0,0.022000000000000002,0.8,1,1,3,180.63,179.29999999997165,314.75,0.0,0.0,0.0,0.0,unknown
1762155333.4550161,0,0.022000000000000002,0.8,0,0,3,180.46,179.19999999997165,314.5,0.0,0.0,0.0,0.0,unknown
1762155333.4650958,0,0.022000000000000002,0.8,0,0,3,180.29,179.09999999997166,314.25,0.0,0.0,0.0,0.0,unknown
1762155333.4751632,0,0.021,0.8,0,0,3,180.12,178.99999999997166,314.04999999999995,0.0,0.0,0.0,0.0,unknown
1762155333.485274,0,0.021,0.8,0,0,3,179.95,178.89999999997167,313.79999999999995,0.0,0.0,0.0,0.0,unknown
1762155333.4953384,0,0.021,0.8,0,0,3,179.78,178.79999999997167,313.55,0.0,0.0,0.0,0.0,unknown
1762155333.5054023,0,0.022000000000000002,0.8,0,1,3,179.61,178.69999999997168,313.25,0.0,0.0,0.0,0.0,unknown
1762155333.5154622,0,0.023,0.8,0,1,3,179.44,178.5999999999717,313.0,0.0,0.0,0.0,0.0,unknown
1762155333.525522,0,0.023,0.8,0,0,3,179.27,178.4999999999717,312.75,0.0,0.0,0.0,0.0,unknown
1762155333.535581,0,0.022000000000000002,0.8,0,0,3,179.1,178.3999999999717,312.54999999999995,0.0,0.0,0.0,0.0,unknown
1762155333.5456786,0,0.022000000000000002,0.8,0,0,3,178.93,178.2999999999717,312.4,0.0,0.0,0.0,0.0,unknown
1762155333.5557566,0,0.022000000000000002,0.8,0,0,3,178.72,178.1999999999717,312.25,0.0,0.0,0.0,0.0,unknown
1762155333.5658634,0,0.02,0.8,0,0,3,178.51,178.09999999997171,312.05,0.0,0.0,0.0,0.0,unknown
1762155333.5759652,0,0.02,0.8,0,0,3,178.34,177.99999999997172,311.85,0.0,0.0,0.0,0.0,unknown
1762155333.5860846,0,0.02,0.8,1,0,3,178.17,177.89999999997173,311.7,0.0,0.0,0.0,0.0,unknown
1762155333.5961902,0,0.022000000000000002,0.8,1,1,3,178,177.79999999997173,311.65,0.0,0.0,0.0,0.0,unknown
1762155333.6063075,0,0.022000000000000002,0.8,1,0,3,177.84,177.69999999997174,311.6,0.0,0.0,0.0,0.0,unknown
1762155333.6164076,0,0.024,0.8,2,0,3,177.68,177.59999999997174,311.55,0.0,0.0,0.0,0.0,unknown
1762155333.62651,0,0.025,0.8,1,0,3,177.52,177.49999999997175,311.4,0.0,0.0,0.0,0.0,unknown
1762155333.636613,0,0.027000000000000003,0.8,2,0,3,177.36,177.39999999997175,311.2,0.0,0.0,0.0,0.0,unknown
1762155333.6467123,0,0.030000000000000002,0.8,3,0,3,177.2,177.29999999997176,310.95,0.0,0.0,0.0,0.0,unknown
1762155333.656829,0,0.031,0.8,1,0,3,177.04,177.19999999997177,310.8,0.0,0.0,0.0,0.0,unknown
1762155333.666919,0,0.032,0.8,0,1,3,176.88,177.09999999997177,310.7,0.0,0.0,0.0,0.0,unknown
1762155333.677015,0,0.033,0.8,0,1,3,176.72,176.99999999997178,310.6,0.0,0.0,0.0,0.0,unknown
1762155333.6871073,0,0.034,0.8,1,0,3,176.63,176.89999999997178,310.55,0.0,0.0,0.0,0.0,unknown
1762155333.6972058,0,0.035,0.8,1,0,3,176.47,176.7999999999718,310.55,0.0,0.0,0.0,0.0,unknown
1762155333.7073007,0,0.035,0.8,1,1,3,176.31,176.6999999999718,310.5,0.0,0.0,0.0,0.0,unknown
1762155333.7173982,0,0.036000000000000004,0.8,1,1,3,176.15,176.5999999999718,310.5,0.0,0.0,0.0,0.0,unknown
1762155333.7275054,0,0.036000000000000004,0.8,1,0,3,175.99,176.4999999999718,310.4,0.0,0.0,0.0,0.0,unknown
1762155333.737601,0,0.038,0.8,1,1,3,175.83,176.3999999999718,310.4,0.0,0.0,0.0,0.0,unknown
1762155333.7477028,0,0.04,0.8,1,1,3,175.67,176.29999999997182,310.4,0.0,0.0,0.0,0.0,unknown
1762155333.757795,0,0.041,0.8,2,0,3,175.51,176.19999999997182,310.4,0.0,0.0,0.0,0.0,unknown
1762155333.7678726,0,0.04,0.8,0,0,3,175.35,176.09999999997183,310.3,0.0,0.0,0.0,0.0,unknown
1762155333.7779834,0,0.04,0.8,1,0,3,175.19,175.99999999997183,310.25,0.0,0.0,0.0,0.0,unknown
1762155333.7881,0,0.041,0.8,1,0,3,175.1,175.89999999997184,310.2,0.0,0.0,0.0,0.0,unknown
1762155333.7981985,0,0.041,0.8,1,0,3,174.94,175.79999999997185,310.1,0.0,0.0,0.0,0.0,unknown
1762155333.8082829,0,0.041,0.8,0,0,3,174.78,175.69999999997185,310.0,0.0,0.0,0.0,0.0,unknown
1762155333.8183808,0,0.041,0.8,1,0,3,174.62,175.59999999997186,309.95,0.0,0.0,0.0,0.0,unknown
1762155333.828502,0,0.042,0.8,1,0,3,174.46,175.49999999997186,309.95,0.0,0.0,0.0,0.0,unknown
1762155333.8386087,0,0.044000000000000004,0.8,2,0,3,174.3,175.39999999997187,309.95,0.0,0.0,0.0,0.0,unknown
1762155333.8487096,0,0.045000000000000005,0.8,1,0,3,174.14,175.29999999997187,309.9,0.0,0.0,0.0,0.0,unknown
1762155333.8588133,0,0.046,0.8,1,0,3,174.02,175.19999999997188,309.85,0.0,0.0,0.0,0.0,unknown
1762155333.8688865,0,0.045000000000000005,0.8,0,0,3,173.86,175.09999999997189,309.85,0.0,0.0,0.0,0.0,unknown
1762155333.8790028,0,0.046,0.8,1,0,3,173.7,174.9999999999719,309.85,0.0,0.0,0.0,0.0,unknown
1762155333.8890693,0,0.046,0.8,1,0,3,173.54,174.8999999999719,309.85,0.0,0.0,0.0,0.0,unknown
1762155333.8991377,0,0.046,0.8,1,0,3,173.38,174.7999999999719,309.75,0.0,0.0,0.0,0.0,unknown
1762155333.9092088,0,0.047,0.8,1,0,3,173.22,174.6999999999719,309.65,0.0,0.0,0.0,0.0,unknown
1762155333.9192712,0,0.049,0.8,3,0,3,173.06,174.5999999999719,309.54999999999995,0.0,0.0,0.0,0.0,unknown
1762155333.9293392,0,0.05,0.8,2,0,3,172.9,174.49999999997192,309.54999999999995,0.0,0.0,0.0,0.0,unknown
1762155333.9394076,0,0.053000000000000005,0.8,2,1,3,172.74,174.39999999997193,309.54999999999995,0.0,0.0,0.0,0.0,unknown
1762155333.9494827,0,0.054,0.8,2,1,3,172.58,174.29999999997193,309.54999999999995,0.0,0.0,0.0,0.0,unknown
1762155333.9595675,0,0.056,0.8,2,0,3,172.46,174.19999999997194,309.54999999999995,0.0,0.0,0.0,0.0,unknown
1762155333.969646,0,0.057,0.8,1,0,3,172.3,174.09999999997194,309.45000000000005,0.0,0.0,0.0,0.0,unknown
1762155333.9797106,0,0.058,0.8,1,0,3,172.18,173.99999999997195,309.25,0.0,0.0,0.0,0.0,unknown
1762155333.9897785,0,0.060000000000000005,0.8,1,1,3,172.09,173.89999999997195,309.0,0.0,0.0,0.0,0.0,unknown
1762155333.999861,0,0.062,0.8,1,1,3,171.93,173.79999999997196,308.8,0.0,0.0,0.0,0.0,unknown
1762155334.0099597,0,0.064,0.8,1,2,3,171.77,173.69999999997196,308.65,0.0,0.0,0.0,0.0,unknown
1762155334.0200346,0,0.066,0.8,2,1,3,171.61,173.59999999997197,308.5,0.0,0.0,0.0,0.0,unknown
1762155334.0301096,0,0.07,0.8,2,2,3,171.45,173.49999999997198,308.35,0.0,0.0,0.0,0.0,unknown
1762155334.0401707,0,0.07100000000000001,0.8,1,0,3,171.29,173.39999999997198,308.35,0.0,0.0,0.0,0.0,unknown
1762155334.0502322,0,0.074,0.8,2,1,3,171.13,173.299999999972,308.3,0.0,0.0,0.0,0.0,unknown
1762155334.0602932,0,0.078,0.8,2,2,3,170.97,173.199999999972,308.20000000000005,0.0,0.0,0.0,0.0,unknown
1762155334.0703573,0,0.079,0.8,1,0,3,170.81,173.099999999972,308.1,0.0,0.0,0.0,0.0,unknown
1762155334.0804226,0,0.08,0.8,1,0,3,170.72,172.999999999972,308.05,0.0,0.0,0.0,0.0,unknown
1762155334.0904841,0,0.082,0.8,2,1,3,170.56,172.899999999972,308.04999999999995,0.0,0.0,0.0,0.0,unknown
1762155334.1005511,0,0.081,0.8,1,0,3,170.4,172.79999999997202,307.95,0.0,0.0,0.0,0.0,unknown
1762155334.1106355,0,0.082,0.8,2,0,3,170.24,172.69999999997202,307.7,0.0,0.0,0.0,0.0,unknown
1762155334.1207252,0,0.082,0.8,2,0,3,170.08,172.59999999997203,307.45,0.0,0.0,0.0,0.0,unknown
1762155334.1308131,0,0.082,0.8,1,0,3,169.92,172.49999999997203,307.25,0.0,0.0,0.0,0.0,unknown
1762155334.1409078,0,0.081,0.8,1,0,3,169.73,172.39999999997204,307.1,0.0,0.0,0.0,0.0,unknown
1762155334.1510184,0,0.079,0.8,1,0,3,169.57,172.29999999997204,306.9,0.0,0.0,0.0,0.0,unknown
1762155334.161115,0,0.079,0.8,1,0,3,169.41,172.19999999997205,306.7,0.0,0.0,0.0,0.0,unknown
1762155334.1712096,0,0.08,0.8,1,1,3,169.25,172.09999999997206,306.45000000000005,0.0,0.0,0.0,0.0,unknown
1762155334.1813028,0,0.081,0.8,1,1,3,169.09,171.99999999997206,306.2,0.0,0.0,0.0,0.0,unknown
1762155334.1914253,0,0.081,0.8,1,0,3,168.93,171.89999999997207,305.95,0.0,0.0,0.0,0.0,unknown
1762155334.2015357,0,0.083,0.8,2,1,3,168.77,171.79999999997207,305.7,0.0,0.0,0.0,0.0,unknown
1762155334.2116423,0,0.084,0.8,2,1,3,168.61,171.69999999997208,305.6,0.0,0.0,0.0,0.0,unknown
1762155334.2217536,0,0.084,0.8,1,1,3,168.45,171.59999999997208,305.45,0.0,0.0,0.0,0.0,unknown
1762155334.23185,0,0.08600000000000001,0.8,2,1,3,168.29,171.4999999999721,305.4,0.0,0.0,0.0,0.0,unknown
1762155334.2419472,0,0.085,0.8,1,0,3,168.13,171.3999999999721,305.35,0.0,0.0,0.0,0.0,unknown
1762155334.252058,0,0.085,0.8,1,1,3,167.97,171.2999999999721,305.3,0.0,0.0,0.0,0.0,unknown
1762155334.2621796,0,0.084,0.8,1,0,3,167.81,171.1999999999721,305.29999999999995,0.0,0.0,0.0,0.0,unknown
1762155334.2723086,0,0.08700000000000001,0.8,2,1,3,167.65,171.0999999999721,305.3,0.0,0.0,0.0,0.0,unknown
1762155334.282408,0,0.08700000000000001,0.8,0,1,3,167.49,170.99999999997212,305.2,0.0,0.0,0.0,0.0,unknown
1762155334.2925224,0,0.09,0.8,1,3,3,167.4,170.89999999997212,305.1,0.0,0.0,0.0,0.0,unknown
1762155334.3026218,0,0.09,0.8,0,1,3,167.24,170.79999999997213,304.9,0.0,0.0,0.0,0.0,unknown
1762155334.3127024,0,0.093,0.8,2,1,3,167.12,170.69999999997214,304.75,0.0,0.0,0.0,0.0,unknown
1762155334.3228247,0,0.095,0.8,2,1,3,166.96,170.59999999997214,304.65,0.0,0.0,0.0,0.0,unknown
1762155334.3329668,0,0.096,0.8,1,1,3,166.8,170.49999999997215,304.6,0.0,0.0,0.0,0.0,unknown
1762155334.343091,0,0.095,0.8,0,1,3,166.64,170.39999999997215,304.54999999999995,0.0,0.0,0.0,0.0,unknown
1762155334.353199,0,0.097,0.8,1,2,3,166.48,170.29999999997216,304.5,0.0,0.0,0.0,0.0,unknown
1762155334.3632782,0,0.098,0.8,1,1,3,166.32,170.19999999997216,304.4,0.0,0.0,0.0,0.0,unknown
1762155334.3733604,0,0.101,0.8,1,2,3,166.16,170.09999999997217,304.35,None,None,None,0.0,unknown
1762155334.383455,0,0.10200000000000001,0.8,1,1,3,166.07,169.99999999997218,304.35,None,None,None,0.0,unknown
1762155334.3935676,0,0.10300000000000001,0.8,1,1,3,165.91,169.89999999997218,304.4,None,None,None,0.0,unknown
1762155334.4037085,0,0.104,0.8,2,0,3,165.75,169.7999999999722,304.4,None,None,None,0.0,unknown
1762155334.4138076,0,0.105,0.8,2,0,3,165.59,169.6999999999722,304.35,None,None,None,0.0,unknown
1762155334.423911,0,0.10300000000000001,0.8,0,1,3,165.43,169.5999999999722,304.29999999999995,None,None,None,0.0,unknown
1762155334.434004,0,0.104,0.8,2,1,3,165.27,169.4999999999722,304.29999999999995,None,None,None,0.0,unknown
1762155334.4441104,0,0.101,0.8,0,0,3,165.11,169.3999999999722,304.35,None,None,None,0.0,unknown
1762155334.4541793,0,0.099,0.8,1,0,3,164.95,169.29999999997221,304.35,0.0,0.0,0.0,0.0,unknown
1762155334.4642813,0,0.098,0.8,0,1,3,164.79,169.19999999997222,304.25,0.0,0.0,0.0,0.0,unknown
1762155334.474344,0,0.098,0.8,1,0,3,164.63,169.09999999997223,304.05,0.0,0.0,0.0,0.0,unknown
1762155334.4844406,0,0.098,0.8,1,0,3,164.47,168.99999999997223,303.9,0.0,0.0,0.0,0.0,unknown
1762155334.4945295,0,0.098,0.8,2,0,3,164.31,168.89999999997224,303.79999999999995,0.0,0.0,0.0,0.0,unknown
1762155334.504604,0,0.098,0.8,1,1,3,164.15,168.79999999997224,303.75,0.0,0.0,0.0,0.0,unknown
1762155334.514666,0,0.097,0.8,2,0,3,163.99,168.69999999997225,303.65,0.0,0.0,0.0,0.0,unknown
1762155334.5247312,0,0.096,0.8,1,1,3,163.83,168.59999999997225,303.5,0.0,0.0,0.0,0.0,unknown
1762155334.5347943,0,0.095,0.8,2,1,3,163.67,168.49999999997226,303.5,0.0,0.0,0.0,0.0,unknown
1762155334.5448854,0,0.095,0.8,1,0,3,163.51,168.39999999997227,303.55,0.0,0.0,0.0,0.0,unknown
1762155334.55496,0,0.093,0.8,0,1,3,163.35,168.29999999997227,303.6,0.0,0.0,0.0,0.0,unknown
1762155334.5650253,0,0.09,0.8,1,0,3,163.19,168.19999999997228,303.6,0.0,0.0,0.0,0.0,unknown
1762155334.5751326,0,0.091,0.8,2,0,3,163.1,168.09999999997228,303.54999999999995,0.0,0.0,0.0,0.0,unknown
1762155334.5851948,0,0.093,0.8,3,0,3,162.98,167.9999999999723,303.4,0.0,0.0,0.0,0.0,unknown
1762155334.5952573,0,0.094,0.8,4,0,3,162.82,167.8999999999723,303.20000000000005,0.0,0.0,0.0,0.0,unknown
1762155334.6053271,0,0.1,0.8,6,1,3,162.59,167.7999999999723,303.0,0.0,0.0,0.0,0.0,unknown
1762155334.6153958,0,0.105,0.8,6,1,3,162.52,167.6999999999723,302.8,None,None,None,0.0,unknown
1762155334.6254592,0,0.11,0.8,5,2,3,162.45,167.5999999999723,302.65,None,None,None,0.0,unknown
1762155334.635527,0,0.116,0.8,5,2,3,162.38,167.49999999997232,302.55,None,None,None,0.0,unknown
1762155334.645642,0,0.122,0.8,5,2,3,162.26,167.39999999997232,302.5,None,None,None,0.0,unknown
1762155334.655713,0,0.13,0.8,6,3,3,162.19,167.29999999997233,302.55,None,None,None,0.0,unknown
1762155334.6658359,0,0.138,0.8,5,4,3,162.07,167.19999999997233,302.55,None,None,None,0.0,unknown
1762155334.675928,0,0.145,0.8,6,3,3,162,167.09999999997234,302.5,None,None,None,0.0,unknown
1762155334.6860828,0,0.152,0.8,6,3,3,161.93,166.99999999997235,302.45000000000005,None,None,None,161.93,unknown
1762155334.6962087,0,0.158,0.8,5,2,3,161.79,166.89999999997235,302.35,None,None,None,161.93,unknown
1762155334.706308,0,0.162,0.8,5,2,3,161.72,166.79999999997236,302.29999999999995,0.0,None,0.1585,161.93,unknown
1762155334.7164154,0,0.166,0.8,5,2,3,161.65,166.69999999997236,302.25,0.07869991233120777,-0.004767248146689236,0.08355008766879224,161.93,overripe
1762155334.726517,0,0.17,0.8,5,1,3,161.58,166.59999999997237,302.15,0.04691270129351377,None,0.11921229870648625,161.93,unknown
1762155334.7366202,0,0.174,0.8,5,2,3,161.51,166.49999999997237,302.15,0.02514661773256694,None,0.14491588226743307,161.93,unknown
1762155334.7466967,0,0.181,0.8,7,1,3,161.44,166.39999999997238,302.04999999999995,0.01197341171097347,None,0.16355783828902654,161.93,unknown
1762155334.756792,0,0.187,0.8,6,2,3,161.37,166.29999999997239,301.85,0.0045318193603807976,None,0.17673380563961918,161.93,unknown
1762155334.7668817,0,0.192,0.8,4,2,3,161.3,166.1999999999724,301.6,0.0004292031962725862,None,0.1862036093037274,161.93,unknown
1762155334.7769973,0,0.195,0.8,4,2,3,161.18,166.0999999999724,301.4,-0.002006603013475017,None,0.19282300926347504,161.93,unknown
1762155334.7870631,0,0.2,0.8,4,2,3,161.11,165.9999999999724,301.25,-0.003411982330447535,None,0.19882018545544755,161.93,unknown
1762155334.7971296,0,0.201,0.8,4,1,3,161.01,165.8999999999724,301.05,-0.004368178654170037,None,0.20257228021667004,161.93,unknown
1762155334.8071935,0,0.205,0.8,4,1,3,160.94,165.7999999999724,300.85,-0.004995228993447683,None,0.20659727977469766,161.93,unknown
1762155334.817259,0,0.208,0.8,4,2,3,160.87,165.69999999997242,300.7,-0.005443395232175486,None,0.2102444206228005,161.93,unknown
1762155334.8273308,0,0.212,0.8,4,3,3,160.8,165.59999999997243,300.55,-0.005786739188853678,None,0.21418725188416618,161.93,unknown
1762155334.8374221,0,0.216,0.8,4,2,3,160.73,165.49999999997243,300.45,-0.006060146538934993,None,0.21826040288659126,161.93,unknown
1762155334.8474965,0,0.222,0.8,5,2,3,160.61,165.39999999997244,300.35,-0.006410058921163476,None,0.2235101870949916,161.93,unknown
1762155334.8576667,0,0.226,0.8,5,2,3,160.54,165.29999999997244,300.3,-0.006633525557568739,None,0.22818358964448282,161.93,unknown
1762155334.8677475,0,0.22999999999999998,0.8,5,1,3,160.38,165.19999999997245,300.2,-0.006988807106451893,None,0.23276383914990892,161.93,unknown
1762155334.8778255,0,0.235,0.8,5,3,3,160.31,165.09999999997245,300.04999999999995,-0.007137754524282914,None,0.23752527054601144,161.93,unknown
1762155334.8879275,0,0.239,0.8,5,1,3,160.28,164.99999999997246,299.95000000000005,-0.007061964483531378,None,0.24175572249439564,161.93,unknown
1762155334.897995,0,0.245,0.8,7,1,3,160.21,164.89999999997247,299.9,-0.006940650796439645,None,0.24678752980187177,161.93,unknown
1762155334.9081075,0,0.249,0.8,5,1,3,160.14,164.79999999997247,299.9,-0.006756472956068031,None,0.25117991245878407,161.93,unknown
1762155334.9181776,0,0.252,0.8,5,0,3,160.07,164.69999999997248,299.85,-0.0064993706705912865,None,0.25471109042194934,161.93,unknown
1762155334.9282382,0,0.257,0.8,4,2,3,160,164.59999999997248,299.75,-0.0061623735430225085,None,0.25876823341870153,161.93,unknown
1762155334.9383032,0,0.261,0.8,5,2,3,159.93,164.4999999999725,299.6,-0.005736515831276197,None,0.2625394457691157,161.93,unknown
1762155334.9484117,0,0.269,0.8,5,3,3,159.86,164.3999999999725,299.4,-0.005214948675380241,None,0.2681164136443,161.93,unknown
1762155334.958496,0,0.275,0.8,5,2,3,159.79,164.2999999999725,299.15,-0.0045846795564385805,None,0.2735354120408985,161.93,unknown
1762155334.9685922,0,0.282,0.8,6,2,3,159.68,164.1999999999725,298.95000000000005,-0.0038732382597236313,None,0.27934860450195353,161.93,unknown
1762155334.9786744,0,0.289,0.8,5,3,3,159.61,164.0999999999725,298.9,-0.002993328135215543,None,0.2852310112563305,161.93,unknown
1762155334.9887354,0,0.297,0.8,6,3,3,159.5,163.99999999997252,298.85,-0.0019721362461812843,None,0.2915909778067388,161.93,unknown
1762155334.998798,0,0.301,0.8,5,1,3,159.4,163.89999999997252,298.9,-0.0007594209130490514,None,0.2960688416933278,161.93,unknown
1762155335.0088627,0,0.306,0.8,5,2,3,159.33,163.79999999997253,298.95,0.0006535728061534121,None,0.30000113758398594,161.93,unknown
1762155335.0189416,0,0.311,0.8,4,3,3,159.26,163.69999999997253,299.0,0.002251713236718831,None,0.3035756419583508,161.93,unknown
1762155335.0290544,0,0.314,0.8,4,1,3,159.19,163.59999999997254,298.95,0.004032893468867787,None,0.3058807841286671,161.93,unknown
1762155335.0391479,0,0.316,0.8,4,1,3,159.12,163.49999999997254,298.95000000000005,0.005994967397544992,None,0.30696187140122244,161.93,unknown
1762155335.0492427,0,0.32,0.8,4,1,3,159.05,163.39999999997255,298.85,0.008137094772996097,None,0.3083413246263876,161.93,unknown
1762155335.0593312,0,0.325,0.8,5,1,3,158.98,163.29999999997256,298.75,0.010468432762294531,None,0.3102707769373973,161.93,unknown
1762155335.069418,0,0.332,0.8,5,3,3,158.91,163.19999999997256,298.75,0.013000947215419494,None,0.3133686576344264,161.93,unknown
1762155335.0795152,0,0.338,0.8,5,3,3,158.84,163.09999999997257,298.65,0.015752497599099986,None,0.316432304825823,161.93,unknown
1762155335.0896068,0,0.34199999999999997,0.8,5,2,3,158.7,162.99999999997257,298.6,0.018945169683794366,None,0.3181472315286671,161.93,unknown
1762155335.099724,0,0.34299999999999997,0.8,4,1,3,158.67,162.89999999997258,298.5,0.022197806901128082,None,0.3178483937051026,161.93,unknown
1762155335.1098228,0,0.34199999999999997,0.8,4,2,3,158.6,162.79999999997258,298.45,0.025672977606088887,None,0.31535012269702645,161.93,unknown
1762155335.1199448,0,0.34099999999999997,0.8,5,1,3,158.53,162.6999999999726,298.55,0.029353820493564373,None,0.31165772965799327,161.93,unknown
1762155335.1300678,0,0.34199999999999997,0.8,5,3,3,158.46,162.5999999999726,298.55,0.03323022080505071,None,0.3082755542707281,161.93,unknown
1762155335.1401374,0,0.34199999999999997,0.8,5,2,3,158.39,162.4999999999726,298.5,0.037306383197123004,None,0.3044465043407664,161.93,unknown
1762155335.1502154,0,0.34199999999999997,0.8,5,2,3,158.35,162.3999999999726,298.45000000000005,0.04140196913200749,None,0.30047447463693716,161.93,unknown
1762155335.1602848,0,0.33899999999999997,0.8,4,2,3,158.28,162.2999999999726,298.35,0.045741947726722375,None,0.29469627415774996,161.93,unknown
1762155335.1703546,0,0.336,0.8,3,3,3,158.21,162.19999999997262,298.25,0.050281317051589634,None,0.28793779389064655,161.93,unknown
1762155335.1805239,0,0.334,0.8,4,3,3,158.14,162.09999999997262,298.15,0.054991332310387955,None,0.28111822316073015,161.93,unknown
1762155335.1905906,0,0.331,0.8,4,2,3,158.07,161.99999999997263,298.04999999999995,0.05985884134615158,None,0.2736959363894075,161.93,unknown
1762155335.2006538,0,0.329,0.8,4,1,3,158,161.89999999997264,298.0,0.06486545596638794,None,0.26641193290139165,161.93,unknown
1762155335.2107215,0,0.329,0.8,5,2,3,157.93,161.79999999997264,298.0,0.07000384384547569,None,0.26013485058841407,161.93,unknown
1762155335.2207897,0,0.328,0.8,5,1,3,157.86,161.69999999997265,298.05,0.07528090374992152,None,0.2537884434670234,161.93,unknown
1762155335.2308571,0,0.328,0.8,5,1,3,157.79,161.59999999997265,298.05,0.08068837669660416,None,0.24784629691186827,161.93,unknown
1762155335.2409215,0,0.328,0.8,5,2,3,157.72,161.49999999997266,297.95000000000005,0.08622562487944267,None,0.24204171192479357,161.93,unknown
1762155335.250997,0,0.328,0.8,5,3,3,157.65,161.39999999997266,297.85,0.09188796805754657,None,0.23624570034457154,161.93,unknown
1762155335.261139,0,0.327,0.8,6,1,3,157.58,161.29999999997267,297.75,0.0976683703485857,None,0.2298984638524733,161.93,unknown
1762155335.2712018,0,0.327,0.8,5,1,3,157.51,161.19999999997268,297.65,0.10354903401543744,None,0.2237343830850921,161.93,unknown
1762155335.2812629,0,0.328,0.8,5,2,3,157.44,161.09999999997268,297.55,0.1095247511058071,None,0.21811695744445764,161.93,unknown
1762155335.2913575,0,0.327,0.8,4,1,3,157.37,160.9999999999727,297.55,0.11559760786786502,None,0.21172324640726733,161.93,unknown
1762155335.3014596,0,0.329,0.8,5,2,3,157.27,160.8999999999727,297.54999999999995,0.12214390604353319,None,0.206016521094033,161.93,unknown
1762155335.3115249,0,0.327,0.8,3,0,3,157.15,160.7999999999727,297.55,0.12929371748527274,None,0.19828649608351034,161.93,unknown
1762155335.3215961,0,0.325,0.8,3,1,3,157.04,160.6999999999727,297.5,0.13666368914955243,None,0.1896264176348391,161.93,unknown
1762155335.3316627,0,0.323,0.8,4,1,3,156.97,160.5999999999727,297.5,0.14358426885042383,None,0.1810607845417719,161.93,unknown
1762155335.3417635,0,0.322,0.8,5,0,3,156.9,160.49999999997272,297.45,0.15024963279251322,None,0.17307289390358463,161.93,unknown
1762155335.3518274,0,0.321,0.8,5,1,3,156.78,160.39999999997272,297.45,0.15754752933281368,None,0.16461373401523527,161.93,unknown
1762155335.3619494,0,0.32,0.8,6,0,3,156.71,160.29999999997273,297.45,0.16438961753477838,0.0327986101954212,0.15669101413924608,161.93,ripe
1762155335.3720365,0,0.32,0.8,5,1,3,156.64,160.19999999997273,297.45,0.17096659934866698,0.03355574614814068,0.14957371648834528,161.93,ripe
1762155335.3822508,0,0.317,0.8,5,0,3,156.57,160.09999999997274,297.4,0.17738602929292147,0.034276400830373,0.1413841286255847,161.93,ripe
1762155335.3924158,0,0.315,0.8,4,0,3,156.47,159.99999999997274,297.35,0.18417239043393221,0.034958622043782445,0.1327126885253209,161.93,ripe
1762155335.4025252,0,0.31,0.8,3,0,3,156.4,159.89999999997275,297.2,0.19057962509045626,0.03559406891031193,0.12286291438917027,161.93,ripe
1762155335.4126494,0,0.31,0.8,5,1,3,156.33,159.79999999997275,297.1,0.19668529930255338,0.036191773538662673,0.11503597043725991,161.93,ripe
1762155335.4227457,0,0.309,0.8,4,0,3,156.26,159.69999999997276,297.0,0.20259772233650192,0.036753676594840565,0.1077629125334047,161.93,ripe
1762155335.4329026,0,0.31,0.8,5,2,3,156.19,159.59999999997277,296.8,0.20835464994951886,0.037286071438144414,0.10182566748543448,161.93,ripe
1762155335.4431214,0,0.308,0.8,4,1,3,156.12,159.49999999997277,296.6,0.21400242161567923,0.03778425005319525,0.09508773710179746,161.93,ripe
1762155335.4532537,0,0.305,0.8,4,1,3,156,159.39999999997278,296.35,0.22046115371312514,0.03824035319719998,0.08658392564561324,161.93,ripe
1762155335.4633818,0,0.304,0.8,4,2,3,155.93,159.29999999997278,296.25,0.22628225734440766,0.03865882371717414,0.0792402823349615,161.93,ripe
1762155335.4734783,0,0.301,0.8,4,1,3,155.86,159.1999999999728,296.29999999999995,0.23170878076796572,0.03903700682922123,0.07155248907171888,161.93,ripe
1762155335.483573,0,0.297,0.8,3,1,3,155.79,159.0999999999728,296.45,0.23683135642071765,0.039371485459260384,0.06329927849912462,161.93,ripe
1762155335.493682,0,0.293,0.8,4,1,3,155.72,158.9999999999728,296.45,0.2416787550782037,0.039661218453222145,0.05488656238171741,161.93,ripe
1762155335.5037827,0,0.294,0.8,5,2,3,155.65,158.8999999999728,296.35,0.24626485503659898,0.03991955724428568,0.049017803693361534,161.93,ripe
1762155335.5138996,0,0.293,0.8,5,1,3,155.58,158.7999999999728,296.25,0.25067906173909327,0.04014813446210933,0.04346226762588701,161.93,ripe
1762155335.5240135,0,0.291,0.8,4,1,3,155.51,158.69999999997282,296.20000000000005,0.2549327298428592,0.04034557464246007,0.03763793483963096,161.93,ripe
1762155335.5341642,0,0.292,0.8,5,1,3,155.44,158.59999999997282,296.25,0.2590146077245547,0.040519587418176115,0.033270724616690395,161.93,ripe
1762155335.544288,0,0.293,0.8,5,1,3,155.37,158.49999999997283,296.20000000000005,0.26297012301776773,0.04067426030857802,0.02967254315285478,161.93,ripe
1762155335.554372,0,0.294,0.8,5,1,3,155.3,158.39999999997283,296.1,0.2668221441452226,0.04081187773400496,0.02649918894008868,161.93,ripe
1762155335.5645037,0,0.294,0.8,5,1,3,155.23,158.29999999997284,295.9,0.2705822459393415,0.0409312428726473,0.023078420603314165,161.93,ripe
1762155335.5746133,0,0.292,0.8,4,2,3,155.16,158.19999999997285,295.65,0.2742390747919639,0.041026977178455694,0.01859125847936388,161.93,ripe
1762155335.5847049,0,0.293,0.8,6,3,3,155.06,158.09999999997285,295.54999999999995,0.27836791363320157,0.0411016883489504,0.01454725300246229,161.93,ripe
1762155335.5948007,0,0.297,0.8,7,4,3,154.99,157.99999999997286,295.45000000000005,0.28206027291816144,0.04116765032252717,0.012897310399670514,161.93,ripe
1762155335.6049018,0,0.305,0.8,10,3,3,154.92,157.89999999997286,295.35,0.28554908281051933,0.0412410784317413,0.014429708848396616,161.93,ripe
1762155335.6150043,0,0.313,0.8,11,3,3,154.92,157.79999999997287,295.20000000000005,0.28757917914147607,0.04133632520602032,0.01891021668798193,161.93,ripe
1762155335.625126,0,0.323,0.8,12,4,3,154.75,157.69999999997287,295.1,0.29251908087344014,0.04144812354111459,0.022225617041288892,161.93,ripe
1762155335.63525,0,0.33,0.8,12,3,3,154.58,157.59999999997288,295.1,0.29897696839238713,0.041566076170780494,0.02339538056497742,161.93,ripe
1762155335.6453514,0,0.33899999999999997,0.8,13,3,3,154.41,157.49999999997289,295.04999999999995,0.30620234333862345,0.041689920340865105,0.02448383114005881,161.93,ripe
1762155335.6554735,0,0.349,0.8,12,5,3,154.29,157.3999999999729,295.04999999999995,0.31281282511569036,0.04182663096602288,0.027030262123650728,161.93,ripe
1762155335.665569,0,0.359,0.8,11,5,3,154.12,157.2999999999729,295.0,0.32025229828385815,0.041974293010884865,0.029169245335812388,161.93,ripe
1762155335.675649,0,0.368,0.8,11,4,3,154,157.1999999999729,294.9,0.3271195199769409,0.04213385433512058,0.03159125183289435,161.93,ripe
1762155335.6857228,0,0.374,0.8,10,3,3,153.83,157.0999999999729,294.85,0.33482362707896396,0.042292919923002846,0.03153175882595366,161.93,ripe
1762155335.6958313,0,0.383,0.8,11,4,3,153.66,156.9999999999729,294.79999999999995,0.3429250578939304,0.0424528815990383,0.03175263505852838,161.93,ripe
1762155335.7059133,0,0.392,0.8,10,4,3,153.49,156.89999999997292,294.75,0.3512622005246248,0.04261414631553805,0.03207664595160459,161.93,ripe
1762155335.716,0,0.398,0.8,9,4,3,153.32,156.79999999997293,294.65,0.35975216568871976,0.042769125078506096,0.03091725754939495,161.93,ripe
1762155335.7261007,0,0.405,0.8,9,4,3,153.15,156.69999999997293,294.54999999999995,0.3682867137391438,0.042916659494640436,0.02954799787991358,161.93,ripe
1762155335.7361653,0,0.412,0.8,9,4,3,152.98,156.59999999997294,294.5,0.3768306206028705,0.043056210360968454,0.02808673520665822,161.93,ripe
1762155335.7462454,0,0.42,0.8,10,5,3,152.81,156.49999999997294,294.45000000000005,0.38536429418844736,0.04319004312090403,0.02709438371631695,161.93,ripe
1762155335.756307,0,0.426,0.8,10,4,3,152.64,156.39999999997295,294.45,0.3938988164159707,0.043314318756741715,0.025330522536411437,161.93,ripe
1762155335.7663815,0,0.434,0.8,10,5,3,152.47,156.29999999997295,294.5,0.40239284091686384,0.043432252497460265,0.024221828559327252,161.93,ripe
1762155335.7764528,0,0.444,0.8,11,5,3,152.3,156.19999999997296,294.55,0.41087052229795396,0.04355023572978944,0.02443681244014162,161.93,ripe
1762155335.786517,0,0.452,0.8,11,4,3,152.18,156.09999999997297,294.6,0.4183007229407296,0.04367124074660761,0.025352944428318147,161.93,ripe
1762155335.7965775,0,0.459,0.8,9,3,3,152.01,155.99999999997297,294.54999999999995,0.42634084315145315,0.043789221929954866,0.024985990533070712,161.93,ripe
1762155335.80664,0,0.465,0.8,9,4,3,151.8,155.89999999997298,294.5,0.43553872678218136,0.04389511501249881,0.022624690060080554,161.93,ripe
1762155335.8167396,0,0.476,0.8,9,5,3,151.63,155.79999999997298,294.54999999999995,0.44435582545700514,0.04400040171304548,0.02272588296412581,161.93,ripe
1762155335.826816,0,0.486,0.8,10,4,3,151.46,155.699999999973,294.55,0.45305293101862404,0.044108014072774517,0.02348792319194143,161.93,ripe
1762155335.8368928,0,0.495,0.8,10,4,3,151.29,155.599999999973,294.55,0.46173511912506315,0.04421684082630978,0.024035307980219578,161.93,ripe
1762155335.846969,0,0.503,0.8,10,3,3,151.12,155.499999999973,294.45,0.47042919878817513,0.044323976489216224,0.023956014764466238,161.93,ripe
1762155335.8570323,0,0.51,0.8,9,4,3,151,155.399999999973,294.35,0.47801504661308325,0.04443050341007174,0.024177560163237466,161.93,ripe
1762155335.8671098,0,0.518,0.8,10,4,3,150.83,155.299999999973,294.2,0.48617124077328194,0.044534453485048024,0.023925062614878423,161.93,ripe
1762155335.8771896,0,0.526,0.8,9,5,3,150.71,155.19999999997302,294.15,0.4934926301222666,0.04463947657597211,0.024555521571813677,161.93,ripe
1762155335.8872697,0,0.535,0.8,10,4,3,150.54,155.09999999997302,294.1,0.5015500220852265,0.044744754300935316,0.02497405376181372,161.93,ripe
1762155335.897376,0,0.545,0.8,10,4,3,150.33,154.99999999997303,294.0,0.5108860136808617,0.04484832499416531,0.024876024242658445,161.93,ripe
1762155335.907441,0,0.557,0.8,10,5,3,150.16,154.89999999997303,293.85,0.5199666734186833,0.04495684786805341,0.026414345543076867,161.93,ripe
1762155335.9175134,0,0.565,0.8,9,5,3,149.99,154.79999999997304,293.70000000000005,0.5290048197661474,0.04506497910561908,0.02668568971473262,161.93,ripe
1762155335.9276357,0,0.576,0.8,10,5,3,149.82,154.69999999997304,293.54999999999995,0.5380070456066074,0.045176190635542166,0.027838209133832614,161.93,ripe
1762155335.9377255,0,0.583,0.8,10,4,3,149.65,154.59999999997305,293.4,0.5470491812406563,0.04528397658284469,0.027373446129563717,161.93,ripe
1762155335.9477863,0,0.59,0.8,10,2,3,149.48,154.49999999997306,293.29999999999995,0.5560699476177342,0.04538541439672832,0.026141366067375715,161.93,ripe
1762155335.9578857,0,0.599,0.8,11,3,3,149.31,154.39999999997306,293.25,0.5650397474701448,0.04548316153629458,0.0255659093724101,161.93,ripe
1762155335.9679725,0,0.605,0.8,9,3,3,149.14,154.29999999997307,293.25,0.573993158375996,0.045572845012775316,0.02380967004528156,161.93,ripe
1762155335.9781127,0,0.614,0.8,10,4,3,148.97,154.19999999997307,293.25,0.5828745133283711,0.04565828594164303,0.023026900882267554,161.93,ripe
1762155335.9882057,0,0.624,0.8,10,4,3,148.8,154.09999999997308,293.15,0.5917302965728896,0.04574315228487441,0.023220410532429736,161.93,ripe
1762155335.998308,0,0.634,0.8,10,5,3,148.63,153.99999999997308,293.15,0.6006070438727072,0.04582907215298304,0.02386830967995246,161.93,ripe
1762155336.008423,0,0.641,0.8,10,4,3,148.42,153.8999999999731,293.05,0.6104429677514585,0.04590822180169252,0.022294709024871406,161.93,ripe
1762155336.0185375,0,0.649,0.8,9,5,3,148.25,153.7999999999731,292.95,0.6197608574236856,0.04598206111749907,0.0211079809644793,161.93,ripe
1762155336.0286112,0,0.659,0.8,9,6,3,148.08,153.6999999999731,292.8,0.6288046172221228,0.04605486316965785,0.021129801971959683,161.93,ripe
1762155336.038693,0,0.667,0.8,9,5,3,147.91,153.5999999999731,292.65,0.6377446834077246,0.046125171963406306,0.02072252618931658,161.93,ripe
1762155336.0487766,0,0.674,0.8,9,4,3,147.74,153.4999999999731,292.5,0.6466172372687381,0.046190705884215005,0.019616367529782575,161.93,ripe
1762155336.0588837,0,0.6809999999999999,0.8,8,5,3,147.57,153.39999999997312,292.4,0.6554172386969876,0.04625057152594,0.018199563702272714,161.93,ripe
1762155336.0689955,0,0.69,0.8,10,5,3,147.4,153.29999999997312,292.35,0.664143749498895,0.04630778444890041,0.017664651700735168,161.93,ripe
1762155336.079086,0,0.698,0.8,10,4,3,147.23,153.19999999997313,292.25,0.6728448702935367,0.04636218903743287,0.017059330306278375,161.93,ripe
1762155336.0892055,1762155336.0897145,0.702,0.8,10,3,0,147.06,153.09999999997314,292.25,0.6815205557241442,0.046407508911120325,0.014431544575763344,161.93,ripe
1762155336.0992703,1762155336.0897145,0.705,0.8,10,4,0,146.89,153.09999999997314,292.20000000000005,0.6900778441744647,0.046439664652131334,0.010398205975489017,161.93,ripe
1762155336.109379,1762155336.0897145,0.706,0.8,9,5,0,146.68,153.09999999997314,292.15,0.6993804423659216,0.04645142685963343,0.0038575827090552295,161.93,ripe
1762155336.1194465,1762155336.0897145,0.707,0.8,10,5,0,146.51,153.09999999997314,292.1,0.7079192915783261,0.04644301378708361,-0.002800279040837683,161.93,ripe
1762155336.129516,1762155336.0897145,0.705,0.8,9,5,0,146.34,153.09999999997314,292.0,0.715918830687742,0.04641087641959209,-0.01085932441899784,161.93,ripe
1762155336.139743,1762155336.0897145,0.702,0.8,8,4,0,146.17,153.09999999997314,291.95,0.7234294228488,0.04635287140585245,-0.019899669714427914,161.93,ripe
1762155336.1498182,1762155336.0897145,0.699,0.8,9,4,0,146,153.09999999997314,291.95000000000005,0.7304632556670096,0.04626904315151676,-0.02919837909982359,161.93,ripe
1762155336.1598797,1762155336.0897145,0.697,0.8,10,5,0,145.83,153.09999999997314,291.95000000000005,0.7370369110028883,0.04616185293114804,-0.0379044727192952,161.93,ripe
1762155336.1699412,1762155336.0897145,0.694,0.8,9,4,0,145.66,153.09999999997314,292.04999999999995,0.7431913925207623,0.046031970590086936,-0.04662517337896577,161.93,ripe
1762155336.1800025,1762155336.0897145,0.69,0.8,8,3,0,145.49,153.09999999997314,292.15,0.748932961979294,0.045879250452002994,-0.05564985240839582,161.93,ripe
1762155336.1900656,1762155336.0897145,0.689,0.8,9,3,0,145.32,153.09999999997314,292.25,0.7542512896131351,0.04570861385558422,-0.063109734827686,161.93,ripe
1762155336.2002065,1762155336.0897145,0.6849999999999999,0.8,8,3,0,145.15,153.09999999997314,292.35,0.7592182889043602,0.045519064712603224,-0.07114751151163556,161.93,ripe
1762155336.2103176,1762155336.0897145,0.6819999999999999,0.8,8,3,0,144.98,153.09999999997314,292.45000000000005,0.7638090159647838,0.045312253942150535,-0.07877362726842152,161.93,ripe
1762155336.2204192,1762155336.0897145,0.6819999999999999,0.8,8,5,0,144.81,153.09999999997314,292.45000000000005,0.7680422613847119,0.04509355325683504,-0.08452456703653077,161.93,ripe
1762155336.2305162,1762155336.0897145,0.6809999999999999,0.8,9,3,0,144.64,153.09999999997314,292.35,0.772001411358564,0.04486468489318548,-0.08974256418447357,161.93,ripe
1762155336.2406278,1762155336.0897145,0.6789999999999999,0.8,8,3,0,144.47,153.09999999997314,292.25,0.7757102921632576,0.044625658344188725,-0.09508086857621245,161.93,ripe
1762155336.2507,1762155336.0897145,0.6759999999999999,0.8,8,4,0,144.3,153.09999999997314,292.15,0.7791639401616408,0.044375717528455094,-0.10084922836811827,161.93,ripe
1762155336.2607796,1762155336.0897145,0.6759999999999999,0.8,10,4,0,144.13,153.09999999997314,292.05,0.7823438729154172,0.04411868838331708,-0.105186517018656,161.93,ripe
1762155336.2708967,1762155336.0897145,0.672,0.8,8,3,0,143.96,153.09999999997314,292.0,0.7853126397459366,0.043851875342905175,-0.1107339617975559,161.93,ripe
1762155336.281016,1762155336.0897145,0.669,0.8,8,5,0,143.79,153.09999999997314,291.95,0.7880181932142047,0.04357569651473824,-0.11622885424001439,161.93,ripe
1762155336.2910864,1762155336.0897145,0.668,0.8,10,4,0,143.62,153.09999999997314,291.9,0.7904631314495425,0.04329313912099348,-0.1205684619624473,161.93,ripe
1762155336.3011708,1762155336.0897145,0.669,0.8,8,5,0,143.45,153.09999999997314,291.85,0.7926973756522757,0.043008232299023834,-0.12325004090872804,161.93,ripe
1762155336.3112373,1762155336.0897145,0.67,0.8,9,5,0,143.24,153.09999999997314,291.75,0.7956522967108229,0.04272078420974483,-0.12592862933904903,161.93,ripe
1762155336.3213117,1762155336.0897145,0.669,0.8,10,3,0,143.12,153.09999999997314,291.7,0.7969562290249749,0.042433679536960985,-0.1275943953390879,161.93,ripe
1762155336.3314407,1762155336.0897145,0.668,0.8,9,4,0,142.95,153.09999999997314,291.65,0.7984957644842265,0.04214557713527933,-0.12981484764128304,161.93,ripe
1762155336.3415608,1762155336.0897145,0.666,0.8,8,4,0,142.78,153.09999999997314,291.6,0.8000810998412784,0.04185491952094648,-0.13274064141980668,161.93,ripe
1762155336.3516557,1762155336.0897145,0.667,0.8,10,4,0,142.61,153.09999999997314,291.54999999999995,0.8016001867502832,0.041564435961471025,-0.13442995753954734,161.93,ripe
1762155336.3617587,1762155336.0897145,0.668,0.8,9,5,0,142.49,153.09999999997314,291.45000000000005,0.8020247585104988,0.04127804944573997,-0.13443964390513086,161.93,ripe
1762155336.3718371,1762155336.0897145,0.668,0.8,9,5,0,142.32,153.09999999997314,291.35,0.8029806059166209,0.04099391254080065,-0.13518804861393696,161.93,ripe
1762155336.3819532,1762155336.0897145,0.666,0.8,9,3,0,142.15,153.09999999997314,291.25,0.8041564448206182,0.04070913984519214,-0.13726016616927628,161.93,ripe
1762155336.3920362,1762155336.0897145,0.664,0.8,9,3,0,141.98,153.09999999997314,291.15,0.8053587727992068,0.04042253209164147,-0.13991063347353572,161.93,ripe
1762155336.4021237,1762155336.0897145,0.661,0.8,8,3,0,141.77,153.09999999997314,291.04999999999995,0.8073034945827059,0.04013078869392876,-0.14407942491987036,161.93,ripe
1762155336.4121985,1762155336.0897145,0.658,0.8,9,3,0,141.6,153.09999999997314,290.95,0.8086679200672838,0.039834574199244195,-0.1480558852358661,161.93,ripe
1762155336.422262,1762155336.0897145,0.655,0.8,9,2,0,141.43,153.09999999997314,290.85,0.8096538644940842,0.03953444870791278,-0.1518478470783753,161.93,ripe
1762155336.432338,1762155336.0897145,0.652,0.8,9,3,0,141.26,153.09999999997314,290.75,0.8103653735212221,0.039230905428998375,-0.15546236481336762,161.93,ripe
1762155336.442402,1762155336.0897145,0.651,0.8,9,4,0,141.09,153.09999999997314,290.75,0.8108577513964937,0.03892631899628978,-0.1579062470425665,161.93,ripe
1762155336.4524605,1762155336.0897145,0.651,0.8,8,4,0,140.92,153.09999999997314,290.75,0.8112021309086501,0.03862288076745816,-0.15922637873168655,161.93,ripe
1762155336.4625316,1762155336.0897145,0.649,0.8,8,4,0,140.8,153.09999999997314,290.75,0.8104900615565757,0.03832193821671197,-0.16000218546809386,161.93,ripe
1762155336.4726048,1762155336.0897145,0.649,0.8,9,3,0,140.63,153.09999999997314,290.70000000000005,0.810216076283464,0.03802382585764213,-0.16047213823922313,161.93,ripe
1762155336.4826653,1762155336.0897145,0.647,0.8,8,4,0,140.46,153.09999999997314,290.55,0.8101424098499653,0.037726878572940034,-0.16177044082784486,161.93,ripe
1762155336.4927297,1762155336.0897145,0.645,0.8,9,3,0,140.29,153.09999999997314,290.29999999999995,0.8101126252011613,0.037430389319900025,-0.16342664069010115,161.93,ripe
1762155336.5028305,1762155336.0897145,0.641,0.8,8,3,0,140.12,153.09999999997314,290.2,0.8100514380596819,0.03713232102001798,-0.16620844580415184,161.93,ripe
1762155336.5129142,1762155336.0897145,0.637,0.8,8,2,0,139.95,153.09999999997314,290.15,0.8098845978441434,0.036831874279420265,-0.16946310171637835,161.93,ripe
1762155336.5230215,1762155336.0897145,0.636,0.8,8,5,0,139.78,153.09999999997314,290.2,0.8095788188465409,0.036531476934419944,-0.17136807078265837,161.93,ripe
1762155336.5330956,1762155336.0897145,0.634,0.8,8,5,0,139.61,153.09999999997314,290.25,0.809179267192434,0.03623148382653352,-0.1730738931604927,161.93,ripe
1762155336.5432029,1762155336.0897145,0.632,0.8,8,4,0,139.44,153.09999999997314,290.20000000000005,0.8086902165960625,0.035932141466968714,-0.17463752958009193,161.93,ripe
1762155336.5533164,1762155336.0897145,0.632,0.8,9,4,0,139.27,153.09999999997314,290.05,0.8081155959376125,0.03563533248250286,-0.17508925242962725,161.93,ripe
1762155336.563406,1762155336.0897145,0.632,0.8,9,4,0,139.1,153.09999999997314,289.85,0.807497494063182,0.03534194676657996,-0.17498432230918937,161.93,ripe
1762155336.5734708,1762155336.0897145,0.632,0.8,10,5,0,138.93,153.09999999997314,289.75,0.806857071145624,0.0350523842405418,-0.1746004852686276,161.93,ripe
1762155336.5835369,1762155336.0897145,0.632,0.8,9,5,0,138.76,153.09999999997314,289.7,0.8062050490177153,0.034766803302956915,-0.17407675607921713,161.93,ripe
1762155336.5936387,1762155336.0897145,0.632,0.8,9,4,0,138.55,153.09999999997314,289.65,0.8062422734766849,0.03448388946466215,-0.17417812700743573,161.93,ripe
1762155336.6037433,1762155336.0897145,0.631,0.8,9,4,0,138.34,153.09999999997314,289.65,0.8065782265922713,0.03420227269383567,-0.17504615335764673,161.93,ripe
1762155336.6138403,1762155336.0897145,0.629,0.8,8,4,0,138.17,153.09999999997314,289.65,0.8063186045516995,0.03392190702726335,-0.17605256793438717,161.93,ripe
1762155336.6239026,1762155336.0897145,0.628,0.8,9,5,0,138,153.09999999997314,289.55,0.8057301094566122,0.033643597204966326,-0.17659709114795608,161.93,ripe
1762155336.6339927,1762155336.0897145,0.625,0.8,7,4,0,138,153.09999999997314,289.4,0.8021054182061996,0.03337153146379603,-0.17503890905187158,161.93,ripe
1762155336.6441417,1762155336.0897145,0.625,0.8,8,4,0,138,153.09999999997314,289.20000000000005,0.7970998893659332,0.033109648056743345,-0.17106663478876916,161.93,ripe
1762155336.6542442,1762155336.0897145,0.625,0.8,8,5,0,138,153.09999999997314,289.1,0.7915792592422652,0.03285935250161638,-0.1660626319536832,161.93,ripe
1762155336.6643252,1762155336.0897145,0.623,0.8,9,4,0,138,153.09999999997314,289.1,0.7859597726962944,0.03261937319684263,-0.1617014590520034,161.93,ripe
1762155336.6744368,1762155336.0897145,0.621,0.8,8,3,0,138,153.09999999997314,289.15,0.7804006653991298,0.03238874993331832,-0.1577715085769843,161.93,ripe
1762155336.6845424,1762155336.0897145,0.623,0.8,9,4,0,138,153.09999999997314,289.25,0.7749729579214989,0.03216958889165998,-0.1521583795104261,161.93,ripe
1762155336.6946034,1762155336.0897145,0.624,0.8,9,4,0,138,153.09999999997314,289.3,0.7697736521000992,0.031961764853191126,-0.14636636289456273,161.93,ripe
1762155336.7046735,1762155336.0897145,0.624,0.8,8,3,0,138,153.09999999997314,289.2,0.7648228719946409,0.031764147644291585,-0.14111922739187277,161.93,ripe
1762155336.7147367,1762155336.0897145,0.625,0.8,8,4,0,138,153.09999999997314,289.1,0.7601050411665131,0.0315765761947757,-0.13575321886512903,161.93,ripe
1762155336.7248013,1762155336.0897145,0.626,0.8,9,5,0,138,153.09999999997314,289.05,0.7556219948738269,0.03139866069721186,-0.13044608372313482,161.93,ripe
1762155336.7348723,1762155336.0897145,0.628,0.8,9,5,0,138,153.09999999997314,289.0,0.7513672291705916,0.03123059755516518,-0.12477927359524565,161.93,ripe
1762155336.7449465,1762155336.0897145,0.629,0.8,8,4,0,138,153.09999999997314,288.95,0.7473468461212529,0.031071519155853537,-0.11955286833357992,161.93,ripe
1762155336.7550795,1762155336.0897145,0.63,0.8,8,5,0,138,153.09999999997314,288.85,0.7435407801594711,0.030920757935239875,-0.11464379126563462,161.93,ripe
1762155336.765144,1762155336.0897145,0.628,0.8,8,4,0,138,153.09999999997314,288.75,0.7399334024035428,0.03077581306824151,-0.11148490795662458,161.93,ripe
1762155336.7752388,1762155336.0897145,0.629,0.8,8,4,0,138,153.09999999997314,288.6,0.7364650400147915,0.030637275450947764,-0.10774079279133242,161.93,ripe
1762155336.7853212,1762155336.0897145,0.629,0.8,8,5,0,138,153.09999999997314,288.45,0.7331499185622855,0.030504606695847196,-0.10428779495055596,161.93,ripe
1762155336.7954202,1762155336.0897145,0.629,0.8,9,5,0,138,153.09999999997314,288.35,0.7299751969218382,0.03037739273533307,-0.10104413511597343,161.93,ripe
1762155336.8055992,1762155336.0897145,0.629,0.8,8,5,0,138,153.09999999997314,288.3,0.7269309875877653,0.03025529141778114,-0.09796545668483292,161.93,ripe
1762155336.815667,1762155336.0897145,0.628,0.8,9,4,0,138,153.09999999997314,288.3,0.7240091133844632,0.030137388606380735,-0.09552634793299697,161.93,ripe
1762155336.825732,1762155336.0897145,0.627,0.8,8,4,0,138,153.09999999997314,288.3,0.7211877042491296,0.03002314244335171,-0.09344632152339649,161.93,ripe
1762155336.835801,1762155336.0897145,0.626,0.8,8,4,0,138,153.09999999997314,288.35,0.7184537961282954,0.029912201148786333,-0.09158310476542886,161.93,ripe
1762155336.8459013,1762155336.0897145,0.626,0.8,8,4,0,138,153.09999999997314,288.4,0.7157989722245965,0.029804912794175138,-0.08936362654316321,161.93,ripe
1762155336.8559935,1762155336.0897145,0.623,0.8,7,4,0,138,153.09999999997314,288.45,0.7132315625339511,0.029699564302645563,-0.08851388969323448,161.93,ripe
1762155336.866103,1762155336.0897145,0.621,0.8,8,4,0,138,153.09999999997314,288.5,0.710710573448093,0.029595883248305345,-0.08785173702773463,161.93,ripe
1762155336.8762536,1762155336.0897145,0.619,0.8,7,5,0,138,153.09999999997314,288.54999999999995,0.7082294859753878,0.029493695471258182,-0.0873000677652086,161.93,ripe
1762155336.8863354,1762155336.0897145,0.62,0.8,9,4,0,138,153.09999999997314,288.6,0.705784132549199,0.029394619792917125,-0.08531942344410937,161.93,ripe
1762155336.8964474,1762155336.0897145,0.618,0.8,7,3,0,138,153.09999999997314,288.65,0.7034132516056333,0.029297621658016696,-0.0841808970530884,161.93,ripe
1762155336.9065363,1762155336.0897145,0.62,0.8,9,4,0,138,153.09999999997314,288.7,0.7010920862569671,0.029204446037323625,-0.08147590898069457,161.93,ripe
1762155336.9166121,1762155336.0897145,0.62,0.8,9,3,0,138,153.09999999997314,288.75,0.698862393663499,0.029114700844402826,-0.0790543050253627,161.93,ripe
1762155336.926712,1762155336.0897145,0.62,0.8,9,2,0,138,153.09999999997314,288.79999999999995,0.696714791201747,0.02902812304757838,-0.07681074688267875,161.93,ripe
1762155336.9368193,1762155336.0897145,0.62,0.8,9,3,0,138,153.09999999997314,288.8,0.6946429845261516,0.028944517552094776,-0.07469096236661754,161.93,ripe
1762155336.9468908,1762155336.0897145,0.62,0.8,9,4,0,138,153.09999999997314,288.8,0.692642305020432,0.028863726628931,-0.07266629394066504,161.93,ripe
1762155336.9570072,1762155336.0897145,0.619,0.8,8,3,0,138,153.09999999997314,288.70000000000005,0.6907089782297227,0.02878506224621975,-0.07122097268983918,161.93,ripe
1762155336.96712,1762155336.0897145,0.618,0.8,8,3,0,138,153.09999999997314,288.6,0.6888265395517414,0.028708149899274765,-0.07008253678179965,161.93,ripe
1762155336.9772172,1762155336.0897145,0.618,0.8,8,4,0,138,153.09999999997314,288.55,0.686986027089497,0.028633317779352477,-0.06861402570452602,161.93,ripe
1762155336.9872794,1762155336.0897145,0.618,0.8,8,4,0,138,153.09999999997314,288.5,0.685195294459831,0.02856067881772968,-0.06700929376734543,161.93,ripe
1762155336.9973507,1762155336.0897145,0.619,0.8,8,5,0,138,153.09999999997314,288.4,0.6834570441082345,0.028490780561689185,-0.06486404376199173,161.93,ripe
1762155337.0074155,1762155336.0897145,0.622,0.8,9,5,0,138,153.09999999997314,288.29999999999995,0.681784378841204,0.028424901757902056,-0.061487878668082696,161.93,ripe
1762155337.0174925,1762155336.0897145,0.624,0.8,9,3,0,138,153.09999999997314,288.29999999999995,0.6802078990665872,0.028363044801289906,-0.05805964898002647,161.93,ripe
1762155337.0275893,1762155336.0897145,0.623,0.8,9,3,0,138,153.09999999997314,288.29999999999995,0.678727662094863,0.02830354557771744,-0.05615353705158266,161.93,ripe
1762155337.03767,1762155336.0897145,0.622,0.8,8,4,0,138,153.09999999997314,288.4,0.6773038456747762,0.02824556138727639,-0.05501678315313607,161.93,ripe
1762155337.0477612,1762155336.0897145,0.623,0.8,8,5,0,138,153.09999999997314,288.5,0.675916283997523,0.028189706893424815,-0.053272752736702955,161.93,ripe
1762155337.0578215,1762155336.0897145,0.622,0.8,8,4,0,138,153.09999999997314,288.5,0.6745796859596555,0.028135193869101773,-0.052257920329245366,161.93,ripe
1762155337.0678859,1762155336.0897145,0.619,0.8,7,3,0,138,153.09999999997314,288.45,0.6732751892876053,0.028080580108878598,-0.052614306472400285,161.93,ripe
1762155337.0779598,1762155336.0897145,0.616,0.8,9,3,0,138,153.09999999997314,288.4,0.6719682820054649,0.028025172059256837,-0.05363784059786236,161.93,ripe
1762155337.0880334,1762155336.0897145,0.614,0.8,8,4,0,138,153.09999999997314,288.35,0.6706423673780162,0.027969161361087454,-0.05447714667421488,161.93,ripe
1762155337.0981042,1762155336.0897145,0.615,0.8,9,5,0,138,153.09999999997314,288.25,0.669302031370823,0.02791418282013774,-0.05371942101892235,161.93,ripe
1762155337.1081645,1762155336.0897145,0.615,0.8,9,4,0,138,153.09999999997314,288.20000000000005,0.6679863948858964,0.027860493731461215,-0.052695089709946075,161.93,ripe
1762155337.1182327,1762155336.0897145,0.616,0.8,9,4,0,138,153.09999999997314,288.2,0.666701614993867,0.02780870161113512,-0.05105596240589183,161.93,ripe
1762155337.1282985,1762155336.0897145,0.614,0.8,9,3,0,138,153.09999999997314,288.15,0.6654622295544637,0.027757550728154258,-0.050639403260476,161.93,ripe
1762155337.1383605,1762155336.0897145,0.616,0.8,9,4,0,138,153.09999999997314,288.04999999999995,0.6642381889247316,0.027708435674402836,-0.04882677577773775,161.93,ripe
1762155337.148471,1762155336.0897145,0.616,0.8,9,3,0,138,153.09999999997314,287.95,0.6630628656884601,0.027660992070505874,-0.04735715911496308,161.93,ripe
1762155337.1585777,1762155336.0897145,0.615,0.8,8,4,0,138,153.09999999997314,287.9,0.6619275402472058,0.02761451704401697,-0.0465746869604573,161.93,ripe
1762155337.1686425,1762155336.0897145,0.614,0.8,8,4,0,138,153.09999999997314,287.9,0.6608153928633262,0.02756865469653986,-0.04613896621995206,161.93,ripe
1762155337.1787057,1762155336.0897145,0.615,0.8,8,4,0,138,153.09999999997314,287.85,0.659717906888199,0.02752421235428035,-0.04487969356651189,161.93,ripe
1762155337.188784,1762155336.0897145,0.614,0.8,8,4,0,138,153.09999999997314,287.8,0.658654401637929,0.027480569470103248,-0.04423529497708545,161.93,ripe
1762155337.1988926,1762155336.0897145,0.614,0.8,9,4,0,138,153.09999999997314,287.75,0.6576100274195709,0.02743790422784864,-0.043400474089149155,161.93,ripe
1762155337.2090027,1762155336.0897145,0.614,0.8,8,3,0,138,153.09999999997314,287.65,0.6565890481724181,0.0273962863539115,-0.04248427150720735,161.93,ripe
1762155337.219111,1762155336.0897145,0.613,0.8,8,3,0,138,153.09999999997314,287.6,0.6555931324491023,0.02735524422879046,-0.04204074411649694,161.93,ripe
1762155337.22923,1762155336.0897145,0.611,0.8,9,3,0,138,153.09999999997314,287.54999999999995,0.6546109943949558,0.027314053498234684,-0.04233480022865321,161.93,ripe
1762155337.2393398,1762155336.0897145,0.61,0.8,9,4,0,138,153.09999999997314,287.5,0.6536253002127562,0.02727284976789157,-0.04248720312960497,161.93,ripe
1762155337.2494183,1762155336.0897145,0.609,0.8,9,2,0,138,153.09999999997314,287.5,0.6526392949456455,0.02723169748285619,-0.04257024640406992,161.93,ripe
1762155337.2594995,1762155336.0897145,0.607,0.8,8,3,0,138,153.09999999997314,287.5,0.6516545207647488,0.027190143943205083,-0.04311999649396103,161.93,ripe
1762155337.2695882,1762155336.0897145,0.606,0.8,8,3,0,138,153.09999999997314,287.5,0.6506601445608978,0.027148455027184566,-0.04339288242550399,161.93,ripe
1762155337.279683,1762155336.0897145,0.605,0.8,8,3,0,138,153.09999999997314,287.5,0.6496625288005269,0.02710676011760086,-0.043528897732829974,161.93,ripe
1762155337.2897882,1762155336.0897145,0.605,0.8,9,4,0,138,153.09999999997314,287.55,0.6486647696141887,0.027065598260163245,-0.04309795408034023,161.93,ripe
1762155337.2998528,1762155336.0897145,0.602,0.8,8,3,0,138,153.09999999997314,287.6,0.6476797663657067,0.02702379321798586,-0.04389635859878249,161.93,ripe
1762155337.3099196,1762155336.0897145,0.601,0.8,8,4,0,138,153.09999999997314,287.6,0.6466793717064018,0.026981732854593748,-0.04428766782293969,161.93,ripe
1762155337.3199842,1762155336.0897145,0.599,0.8,8,3,0,138,153.09999999997314,287.6,0.6456728672104286,0.026939133958918282,-0.04497701526869757,161.93,ripe
1762155337.3300543,1762155336.0897145,0.598,0.8,8,3,0,138,153.09999999997314,287.6,0.6446534756369147,0.0268963379393286,-0.04530554966604916,161.93,ripe
1762155337.3401942,1762155336.0897145,0.598,0.8,8,4,0,138,153.09999999997314,287.55,0.6436293668881335,0.026853982983467733,-0.04495540390270081,161.93,ripe
1762155337.3502975,1762155336.0897145,0.598,0.8,8,4,0,138,153.09999999997314,287.45000000000005,0.6426158127943831,0.026812371397257697,-0.044278831301666655,161.93,ripe
1762155337.3603945,1762155336.0897145,0.598,0.8,8,3,0,138,153.09999999997314,287.35,0.6416200475363769,0.02677163861685319,-0.043451556790018664,161.93,ripe
1762155337.3704715,1762155336.0897145,0.596,0.8,7,3,0,138,153.09999999997314,287.29999999999995,0.640645312101297,0.026730902277587395,-0.04356106672811799,161.93,ripe
1762155337.3805947,1762155336.0897145,0.595,0.8,7,4,0,138,153.09999999997314,287.25,0.6396704915026665,0.02669019980126425,-0.04362836881607701,161.93,ripe
1762155337.3906794,1762155336.0897145,0.594,0.8,9,3,0,138,153.09999999997314,287.15,0.6386964812442537,0.026649547951293064,-0.04367541990095902,161.93,ripe
1762155337.40075,1762155336.0897145,0.595,0.8,7,4,0,138,153.09999999997314,287.20000000000005,0.6377236824744432,0.026609881928878185,-0.04271315180279589,161.93,ripe
1762155337.4108787,1762155336.0897145,0.594,0.8,9,3,0,138,153.09999999997314,287.25,0.6367744745580551,0.026570715240088465,-0.04226920922223154,161.93,ripe
1762155337.4209595,1762155336.0897145,0.595,0.8,9,4,0,138,153.09999999997314,287.35,0.6358372156953171,0.026532728792875063,-0.041084583027405364,161.93,ripe
1762155337.4310513,1762155336.0897145,0.596,0.8,8,4,0,138,153.09999999997314,287.4,0.6349282000135005,0.026496237028240322,-0.03955188367954465,161.93,ripe
1762155337.4411623,1762155336.0897145,0.594,0.8,7,3,0,138,153.09999999997314,287.4,0.6340549520857911,0.026459991371142317,-0.03936679391881326,161.93,ripe
1762155337.4512274,1762155336.0897145,0.592,0.8,7,4,0,138,153.09999999997314,287.45,0.6331875935114358,0.026423381208765025,-0.03984351442794687,161.93,ripe
1762155337.4613209,1762155336.0897145,0.593,0.8,8,4,0,138,153.09999999997314,287.54999999999995,0.6323115123257472,0.026387489309043343,-0.03913947278400276,161.93,ripe
1762155337.4714198,1762155336.0897145,0.595,0.8,9,4,0,138,153.09999999997314,287.65,0.6314526191654074,0.02635328967822071,-0.03736659939453524,161.93,ripe
1762155337.481481,1762155336.0897145,0.594,0.8,9,2,0,138,153.09999999997314,287.7,0.6306342219998218,0.02631986328904918,-0.03659121211438565,161.93,ripe
1762155337.491542,1762155336.0897145,0.594,0.8,9,3,0,138,153.09999999997314,287.75,0.6298343285069471,0.02628720871063911,-0.0358128235642291,161.93,ripe
1762155337.5016162,1762155336.0897145,0.593,0.8,8,4,0,138,153.09999999997314,287.85,0.629052904445594,0.02625485979836267,-0.03554215197423505,161.93,ripe
1762155337.5116847,1762155336.0897145,0.59,0.8,8,3,0,138,153.09999999997314,287.9,0.6282787949748189,0.026221676846954218,-0.036523418739139335,161.93,ripe
1762155337.5217805,1762155336.0897145,0.59,0.8,9,3,0,138,153.09999999997314,288.04999999999995,0.6274847269476146,0.02618847573781503,-0.036607038829774896,161.93,ripe
1762155337.5318785,1762155336.0897145,0.589,0.8,7,4,0,138,153.09999999997314,288.1,0.6266902244059138,0.026155200402791238,-0.03675138034699399,161.93,ripe
1762155337.542,1762155336.0897145,0.589,0.8,8,4,0,138,153.09999999997314,288.2,0.6258939456387945,0.026122275882686053,-0.03642452360933468,161.93,ripe
1762155337.5521154,1762155336.0897145,0.586,0.8,8,2,0,138,153.09999999997314,288.25,0.6251060618726775,0.026088550507311944,-0.037371350857947516,161.93,ripe
1762155337.5622163,1762155336.0897145,0.586,0.8,8,4,0,138,153.09999999997314,288.35,0.624299013639975,0.026054824513797294,-0.03743165813261007,161.93,ripe
1762155337.572331,1762155336.0897145,0.589,0.8,8,5,0,138,153.09999999997314,288.5,0.6234919506151694,0.026022836376557227,-0.03555827286148694,161.93,ripe
1762155337.5824285,1762155336.0897145,0.59,0.8,9,4,0,138,153.09999999997314,288.6,0.6227264744910146,0.02599251260472699,-0.03375963561417339,161.93,ripe
1762155337.5925288,1762155336.0897145,0.589,0.8,8,3,0,138,153.09999999997314,288.7,0.622000826631117,0.025962899779100716,-0.03301740719269641,161.93,ripe
1762155337.6026316,1762155336.0897145,0.586,0.8,8,3,0,138,153.09999999997314,288.65,0.6212921917138803,0.025932628895313458,-0.033800481994670006,161.93,ripe
1762155337.6127183,1762155336.0897145,0.584,0.8,8,3,0,138,153.09999999997314,288.65,0.6205678094648512,0.025901487772417617,-0.034821954605246175,161.93,ripe
1762155337.622834,1762155336.0897145,0.581,0.8,7,3,0,138,153.09999999997314,288.65,0.6198226023939537,0.025868936574063854,-0.03644967496415119,161.93,ripe
1762155337.6329327,1762155336.0897145,0.58,0.8,7,4,0,138,153.09999999997314,288.79999999999995,0.6190436522173483,0.025835620587074542,-0.03735718850244696,161.93,ripe
1762155337.6430643,1762155336.0897145,0.579,0.8,7,5,0,138,153.09999999997314,288.9,0.618246400648694,0.02580186296214116,-0.037903168791243336,161.93,ripe
1762155337.653167,1762155336.0897145,0.579,0.8,7,5,0,138,153.09999999997314,289.0,0.6174385806840381,0.025768270741823106,-0.037766964755312826,161.93,ripe
1762155337.6632552,1762155336.0897145,0.579,0.8,8,4,0,138,153.09999999997314,289.1,0.6166347188518271,0.025735137406201477,-0.0372989108874644,161.93,ripe
1762155337.6733496,1762155336.0897145,0.581,0.8,9,5,0,138,153.09999999997314,289.15,0.6158418381304015,0.02570348736766309,-0.03567393414822018,161.93,ripe
1762155337.683452,1762155336.0897145,0.582,0.8,8,5,0,138,153.09999999997314,289.1,0.6150844527081779,0.025673359086353754,-0.03400050071708727,161.93,ripe
1762155337.6935437,1762155336.0897145,0.582,0.8,8,4,0,138,153.09999999997314,289.0,0.6143634829364455,0.025644310520859533,-0.032821506940900136,161.93,ripe
1762155337.7036428,1762155336.0897145,0.582,0.8,8,5,0,138,153.09999999997314,288.8,0.6136683507641688,0.025616113115537624,-0.03189736276639621,161.93,ripe
1762155337.713748,1762155336.0897145,0.584,0.8,8,5,0,138,153.09999999997314,288.7,0.6129935868548155,0.02558952811748424,-0.03010809285592919,161.93,ripe
1762155337.7238474,1762155336.0897145,0.586,0.8,8,5,0,138,153.09999999997314,288.6,0.612357407851398,0.02556490770423662,-0.02791466085195493,161.93,ripe
1762155337.7339644,1762155336.0897145,0.586,0.8,8,4,0,138,153.09999999997314,288.5,0.6117682413623825,0.025541519535869178,-0.026546867862660917,161.93,ripe
1762155337.7440715,1762155336.0897145,0.585,0.8,8,4,0,138,153.09999999997314,288.45,0.6112085624933495,0.025518551802436566,-0.026097875743488763,161.93,ripe
1762155337.7541869,1762155336.0897145,0.587,0.8,8,5,0,138,153.09999999997314,288.45,0.6106589446323072,0.025496922047042368,-0.024603601257376817,161.93,ripe
1762155337.7642894,1762155336.0897145,0.587,0.8,7,4,0,138,153.09999999997314,288.45,0.610141344585724,0.02547618408416248,-0.023613672898258775,161.93,ripe
1762155337.7743928,1762155336.0897145,0.587,0.8,7,4,0,138,153.09999999997314,288.45,0.6096450851340084,0.025456109740057804,-0.022881249290275796,161.93,ripe
1762155337.7844748,1762155336.0897145,0.586,0.8,7,3,0,138,153.09999999997314,288.6,0.6091647060795834,0.025436141635706108,-0.02278278815771706,161.93,ripe
1762155337.7945745,1762155336.0897145,0.584,0.8,7,4,0,138,153.09999999997314,288.75,0.6086868693424473,0.02541556854097282,-0.023495910381514107,161.93,ripe
1762155337.8046696,1762155336.0897145,0.586,0.8,9,4,0,138,153.09999999997314,288.85,0.6081945551854798,0.025395799561063154,-0.022599075705013294,161.93,ripe
1762155337.8147407,1762155336.0897145,0.588,0.8,10,4,0,138,153.09999999997314,288.95,0.6077214834962414,0.025377513175713944,-0.02092374375600814,161.93,ripe
1762155337.824813,1762155336.0897145,0.589,0.8,8,4,0,138,153.09999999997314,289.0,0.6072838902948349,0.025360587029130167,-0.019385020424718236,161.93,ripe
1762155337.8348947,1762155336.0897145,0.59,0.8,9,3,0,138,153.09999999997314,289.0,0.6068788476070851,0.02534494584812155,-0.017929412672026745,161.93,ripe
1762155337.8449657,1762155336.0897145,0.59,0.8,9,3,0,138,153.09999999997314,288.9,0.6065045541455488,0.025330102437239127,-0.017029836678019605,161.93,ripe
1762155337.8550365,1762155336.0897145,0.588,0.8,8,2,0,138,153.09999999997314,288.75,0.6061493513231325,0.025314938940032405,-0.017411992589367986,161.93,ripe
1762155337.8651392,1762155336.0897145,0.587,0.8,7,3,0,138,153.09999999997314,288.55,0.6057864888349757,0.02529934803782331,-0.017917809468093404,161.93,ripe
1762155337.875206,1762155336.0897145,0.588,0.8,8,3,0,138,153.09999999997314,288.35,0.605413398545112,0.025284151404039768,-0.017479058861670893,161.93,ripe
1762155337.8852715,1762155336.0897145,0.587,0.8,7,3,0,138,153.09999999997314,288.2,0.6050497430986719,0.02526887707183415,-0.01758257325695134,161.93,ripe
1762155337.895346,1762155336.0897145,0.586,0.8,7,4,0,138,153.09999999997314,288.05,0.6046842283289914,0.02525329527549929,-0.01795064340813113,161.93,ripe
1762155337.9054213,1762155336.0897145,0.585,0.8,7,3,0,138,153.09999999997314,287.95,0.6043113559426981,0.025237297091032635,-0.018444563482267973,161.93,ripe
1762155337.9154906,1762155336.0897145,0.584,0.8,7,4,0,138,153.09999999997314,287.95,0.6039285193884111,0.025220833817206505,-0.01899512315819607,161.93,ripe
1762155337.9255555,1762155336.0897145,0.583,0.8,8,4,0,138,153.09999999997314,288.0,0.6035345532457519,0.025203886697902748,-0.019567855130644407,161.93,ripe
1762155337.9356642,1762155336.0897145,0.584,0.8,9,4,0,138,153.09999999997314,288.0,0.6031290086808129,0.025187317242686618,-0.019145659623259204,161.93,ripe
1762155337.9457278,1762155336.0897145,0.585,0.8,8,3,0,138,153.09999999997314,288.05,0.6027325016174909,0.025171542068166148,-0.018240827088714107,161.93,ripe
1762155337.9558332,1762155336.0897145,0.585,0.8,8,3,0,138,153.09999999997314,288.04999999999995,0.6023550016912161,0.025156323754823053,-0.017609164426827806,161.93,ripe
1762155337.9659128,1762155336.0897145,0.584,0.8,7,4,0,138,153.09999999997314,288.1,0.6019908274529158,0.02514110824533155,-0.01761790882072156,161.93,ripe
1762155337.976019,1762155336.0897145,0.583,0.8,8,4,0,138,153.09999999997314,288.20000000000005,0.6016267203107841,0.025125624665630147,-0.01794026099468704,161.93,ripe
1762155337.9861097,1762155336.0897145,0.581,0.8,7,2,0,138,153.09999999997314,288.25,0.6012561982485296,0.02510931223146724,-0.018912968590481083,161.93,ripe
1762155337.9961803,1762155336.0897145,0.579,0.8,8,2,0,138,153.09999999997314,288.35,0.6008658416990112,0.02509190584565477,-0.020194226869986953,161.93,ripe
1762155338.0062542,1762155336.0897145,0.577,0.8,7,3,0,138,153.09999999997314,288.55,0.6004493068865188,0.02507328778271183,-0.021613499472006636,161.93,ripe
1762155338.0163734,1762155336.0897145,0.576,0.8,7,3,0,138,153.09999999997314,288.65,0.6000037766402943,0.02505384403759412,-0.022585872933038265,161.93,ripe
1762155338.026441,1762155336.0897145,0.575,0.8,7,4,0,138,153.09999999997314,288.65,0.5995384878196275,0.025033772147988555,-0.023329535965999515,161.93,ripe
1762155338.0365455,1762155336.0897145,0.576,0.8,8,4,0,138,153.09999999997314,288.6,0.5990581675013663,0.02501403523662785,-0.022953691574552404,161.93,ripe
1762155338.0466177,1762155336.0897145,0.576,0.8,8,4,0,138,153.09999999997314,288.5,0.5985858632125046,0.02499467068427039,-0.022533625249097633,161.93,ripe
1762155338.0567017,1762155336.0897145,0.577,0.8,7,4,0,138,153.09999999997314,288.45000000000005,0.5981224694745906,0.024976122062205043,-0.021596350492887106,161.93,ripe
1762155338.066789,1762155336.0897145,0.575,0.8,7,3,0,138,153.09999999997314,288.45000000000005,0.5976786009485668,0.024957309696300035,-0.021915541457715126,161.93,ripe
1762155338.0768886,1762155336.0897145,0.5730000000000001,0.8,8,3,0,138,153.09999999997314,288.45000000000005,0.59722842103246,0.02493770847262576,-0.0228468912870341,161.93,ripe
1762155338.0869937,1762155336.0897145,0.5710000000000001,0.8,8,3,0,138,153.09999999997314,288.4,0.5967593637499347,0.024917070047131062,-0.02406859887722168,161.93,ripe
1762155338.0970998,1762155336.0897145,0.5720000000000001,0.8,8,4,0,138,153.09999999997314,288.29999999999995,0.5962654862278465,0.024896569605320766,-0.02392010379149001,161.93,ripe
1762155338.1072202,1762155336.0897145,0.573,0.8,8,4,0,138,153.09999999997314,288.25,0.5957749106553261,0.02487678019290685,-0.023102219437147853,161.93,ripe
1762155338.1173217,1762155336.0897145,0.573,0.8,8,3,0,138,153.09999999997314,288.25,0.5953013500162612,0.024857546208270825,-0.02246500440717214,161.93,ripe
1762155338.1274579,1762155336.0897145,0.575,0.8,8,4,0,138,153.09999999997314,288.25,0.5948410807639211,0.024839641271296516,-0.02092290795937657,161.93,ripe
1762155338.1375787,1762155336.0897145,0.577,0.8,9,4,0,138,153.09999999997314,288.29999999999995,0.5944126156221258,0.024823429398890654,-0.018953529219853604,161.93,ripe
1762155338.1476753,1762155336.0897145,0.577,0.8,8,4,0,138,153.09999999997314,288.29999999999995,0.5940246655154535,0.02480821549561868,-0.017795122314317458,161.93,ripe
1762155338.1577585,1762155336.0897145,0.576,0.8,8,3,0,138,153.09999999997314,288.29999999999995,0.5936605968101552,0.024793221609154044,-0.01754582520958714,161.93,ripe
1762155338.167833,1762155336.0897145,0.573,0.8,7,2,0,138,153.09999999997314,288.25,0.5933017931070564,0.024777210664661833,-0.018744407306772515,161.93,ripe
1762155338.1778939,1762155336.0897145,0.5700000000000001,0.8,7,4,0,138,153.09999999997314,288.15,0.5929186512053578,0.024759588353585667,-0.02063995830521581,161.93,ripe
1762155338.1879737,1762155336.0897145,0.5690000000000001,0.8,8,4,0,138,153.09999999997314,288.15,0.5924969493013051,0.02474093446870463,-0.02185760285123417,161.93,ripe
1762155338.1980908,1762155336.0897145,0.5690000000000001,0.8,8,4,0,138,153.09999999997314,288.15,0.5920505618361019,0.02472197002436959,-0.02223088861106637,161.93,ripe
1762155338.2081544,1762155336.0897145,0.5670000000000001,0.8,8,3,0,138,153.09999999997314,288.1,0.5915967426831644,0.02470219821635797,-0.02318690607064655,161.93,ripe
1762155338.2182496,1762155336.0897145,0.5650000000000001,0.8,8,3,0,138,153.09999999997314,288.1,0.5911236033174464,0.02468138449176888,-0.02441868501118749,161.93,ripe
1762155338.2283154,1762155336.0897145,0.5640000000000001,0.8,8,4,0,138,153.09999999997314,288.04999999999995,0.5906255308880295,0.024659851067363847,-0.02527307173490001,161.93,ripe
1762155338.2383885,1762155336.0897145,0.5640000000000001,0.8,9,3,0,138,153.09999999997314,288.04999999999995,0.5901102360420171,0.024638188950120057,-0.02543400646545224,161.93,ripe
1762155338.248457,1762155336.0897145,0.5630000000000001,0.8,8,3,0,138,153.09999999997314,288.04999999999995,0.5895918615763731,0.024616262867639505,-0.025753746788090615,161.93,ripe
1762155338.2585502,1762155336.0897145,0.561,0.8,8,3,0,138,153.09999999997314,288.04999999999995,0.5890671704226135,0.024593583812732144,-0.026648113028472253,161.93,ripe
1762155338.2686143,1762155336.0897145,0.56,0.8,7,3,0,138,153.09999999997314,288.04999999999995,0.5885244606386804,0.024570345757296674,-0.02731493194160972,161.93,ripe
1762155338.2786744,1762155336.0897145,0.56,0.8,8,3,0,138,153.09999999997314,288.1,0.5879683739721095,0.024547074628514364,-0.027363609623574203,161.93,ripe
1762155338.2887452,1762155336.0897145,0.561,0.8,7,4,0,138,153.09999999997314,288.0,0.5874114958603489,0.024524453095052128,-0.02660911368608121,161.93,ripe
1762155338.2988098,1762155336.0897145,0.561,0.8,8,3,0,138,153.09999999997314,287.9,0.5868701625645976,0.02450238336347123,-0.025968971477463687,161.93,ripe
1762155338.3088706,1762155336.0897145,0.56,0.8,8,4,0,138,153.09999999997314,287.79999999999995,0.5863420338878668,0.024480386934278738,-0.025891438344299744,161.93,ripe
1762155338.3189363,1762155336.0897145,0.558,0.8,8,4,0,138,153.09999999997314,287.7,0.5858156593372904,0.02445780417891919,-0.02659036156550687,161.93,ripe
1762155338.3290105,1762155336.0897145,0.557,0.8,7,4,0,138,153.09999999997314,287.65,0.5852752540015365,0.024434742883520204,-0.02716260511564461,161.93,ripe
1762155338.3390985,1762155336.0897145,0.556,0.8,8,3,0,138,153.09999999997314,287.6,0.5847233972026387,0.0244112607293524,-0.027667072759692712,161.93,ripe
1762155338.349161,1762155336.0897145,0.556,0.8,9,3,0,138,153.09999999997314,287.6,0.5841614692534031,0.02438781451006125,-0.02763330703193001,161.93,ripe
1762155338.3592327,1762155336.0897145,0.556,0.8,7,3,0,138,153.09999999997314,287.54999999999995,0.583600401225766,0.024364627327318325,-0.0273363201150294,161.93,ripe
1762155338.3693082,1762155336.0897145,0.558,0.8,9,3,0,138,153.09999999997314,287.5,0.5830455319427277,0.02434265356025627,-0.025913491387359322,161.93,ripe
1762155338.3793948,1762155336.0897145,0.558,0.8,8,3,0,138,153.09999999997314,287.45,0.5825196996969327,0.02432149985473889,-0.02495367941924853,161.93,ripe
1762155338.3894694,1762155336.0897145,0.56,0.8,8,4,0,138,153.09999999997314,287.4,0.5820134915239018,0.02430181256560762,-0.023230481385059676,161.93,ripe
1762155338.3995562,1762155336.0897145,0.559,0.8,7,3,0,138,153.09999999997314,287.5,0.5815423746949905,0.02428262185947383,-0.022650869625569392,161.93,ripe
1762155338.4096394,1762155336.0897145,0.56,0.8,7,4,0,138,153.09999999997314,287.45000000000005,0.5810831410972089,0.02426429484387678,-0.021637388562498416,161.93,ripe
1762155338.419721,1762155336.0897145,0.56,0.8,7,4,0,138,153.09999999997314,287.4,0.5806445756139715,0.024246578785295653,-0.02092169934661625,161.93,ripe
1762155338.4298093,1762155336.0897145,0.559,0.8,7,4,0,138,153.09999999997314,287.3,0.5802206303321251,0.02422892030814489,-0.02085919219844745,161.93,ripe
1762155338.4398863,1762155336.0897145,0.557,0.8,8,3,0,138,153.09999999997314,287.15,0.5797980629739073,0.024210624734887155,-0.021617343907068487,161.93,ripe
1762155338.4499786,1762155336.0897145,0.557,0.8,8,3,0,138,153.09999999997314,287.1,0.5793602499058498,0.024192204713514576,-0.021769890372430267,161.93,ripe
1762155338.4600987,1762155336.0897145,0.557,0.8,7,4,0,138,153.09999999997314,287.05,0.578919458794404,0.024173912429116557,-0.02162427902769415,161.93,ripe
1762155338.4701698,1762155336.0897145,0.557,0.8,8,3,0,138,153.09999999997314,286.95000000000005,0.5784817244287593,0.024155869961436822,-0.02133413454540445,161.93,ripe
1762155338.4802392,1762155336.0897145,0.555,0.8,7,3,0,138,153.09999999997314,286.8,0.5780499681771833,0.024137288934748535,-0.021976173235505936,161.93,ripe
1762155338.490305,1762155336.0897145,0.556,0.8,7,3,0,138,153.09999999997314,286.65,0.5776053242085326,0.02411905690902758,-0.02156842673769388,161.93,ripe
1762155338.5004017,1762155336.0897145,0.558,0.8,8,4,0,138,153.09999999997314,286.55,0.5771690318330301,0.024102027289637114,-0.020150583097610753,161.93,ripe
1762155338.5104628,1762155336.0897145,0.556,0.8,7,1,0,138,153.09999999997314,286.45,0.5767615130410163,0.02408491554446523,-0.02025228867330664,161.93,ripe
1762155338.5205781,1762155336.0897145,0.555,0.8,7,2,0,138,153.09999999997314,286.35,0.5763520289790531,0.024067516003657724,-0.02059741679519833,161.93,ripe
1762155338.5306432,1762155336.0897145,0.556,0.8,9,3,0,138,153.09999999997314,286.2,0.5759356579675295,0.024050575472086003,-0.02005835187560212,161.93,ripe
1762155338.5407503,1762155336.0897145,0.557,0.8,9,4,0,138,153.09999999997314,286.04999999999995,0.5755302710470183,0.02403445479915366,-0.019091618001054522,161.93,ripe
1762155338.5508122,1762155336.0897145,0.558,0.8,9,4,0,138,153.09999999997314,285.9,0.5751445033437472,0.024019322170757314,-0.01792517682076533,161.93,ripe
1762155338.5609117,1762155336.0897145,0.559,0.8,9,3,0,138,153.09999999997314,285.79999999999995,0.5747823795462227,0.02400524972525289,-0.01667271628473166,161.93,ripe
1762155338.5709841,1762155336.0897145,0.562,0.8,9,4,0,138,153.09999999997314,285.7,0.5744456259253018,0.023993105717141087,-0.014390794294556253,161.93,ripe
1762155338.5810754,1762155336.0897145,0.562,0.8,7,4,0,138,153.09999999997314,285.6,0.5741550198111863,0.023982029829188272,-0.013127603995813586,161.93,ripe
1762155338.59114,1762155336.0897145,0.5630000000000001,0.8,8,4,0,138,153.09999999997314,285.54999999999995,0.5738899738124755,0.023972011610640723,-0.011876265904789185,161.93,ripe
1762155338.6012063,1762155336.0897145,0.562,0.8,8,3,0,138,153.09999999997314,285.5,0.5736502378426327,0.023962191667496018,-0.011643383888789494,161.93,ripe
1762155338.6112695,1762155336.0897145,0.562,0.8,9,3,0,138,153.09999999997314,285.55,0.5734152466031799,0.02395256877898007,-0.011411819626258257,161.93,ripe
1762155338.6213386,1762155336.0897145,0.5630000000000001,0.8,9,3,0,138,153.09999999997314,285.54999999999995,0.5731849708809932,0.02394356185193878,-0.010683257392532286,161.93,ripe
1762155338.6314054,1762155336.0897145,0.5630000000000001,0.8,9,3,0,138,153.09999999997314,285.5,0.5729694351168951,0.023934948198476448,-0.0102185783726646,161.93,ripe
1762155338.6414738,1762155336.0897145,0.56,0.8,8,2,0,138,153.09999999997314,285.45,0.5727633103895415,0.023925350538258137,-0.011387882017426243,161.93,ripe
1762155338.6515787,1762155336.0897145,0.558,0.8,7,3,0,138,153.09999999997314,285.45000000000005,0.5725336383805174,0.02391452586576803,-0.012845924194459735,161.93,ripe
1762155338.6616592,1762155336.0897145,0.559,0.8,8,4,0,138,153.09999999997314,285.45,0.5722746039678291,0.023903631511560743,-0.012930746874800225,161.93,ripe
1762155338.6717496,1762155336.0897145,0.561,0.8,7,4,0,138,153.09999999997314,285.4,0.5720139020716487,0.023893656075723774,-0.011841973525134164,161.93,ripe
1762155338.6818185,1762155336.0897145,0.562,0.8,7,5,0,138,153.09999999997314,285.3,0.5717751898920701,0.023884653114844445,-0.010689225618812803,161.93,ripe
1762155338.6919432,1762155336.0897145,0.56,0.8,6,4,0,138,153.09999999997314,285.3,0.5715597490382277,0.023875375721098983,-0.011016766901599029,161.93,ripe
1762155338.7020764,1762155336.0897145,0.558,0.8,7,3,0,138,153.09999999997314,285.35,0.5713377410058988,0.023865216083635996,-0.012066249937584539,161.93,ripe
1762155338.712177,1762155336.0897145,0.558,0.8,8,3,0,138,153.09999999997314,285.45,0.5710946208814095,0.023854727420719965,-0.012458875347252318,161.93,ripe
1762155338.7222664,1762155336.0897145,0.559,0.8,9,3,0,138,153.09999999997314,285.5,0.5708436271778289,0.0238446048618009,-0.012025754410750267,161.93,ripe
1762155338.7323816,1762155336.0897145,0.56,0.8,9,4,0,138,153.09999999997314,285.54999999999995,0.5706013943428957,0.023835185067378643,-0.011192457959356417,161.93,ripe
1762155338.7425046,1762155336.0897145,0.559,0.8,7,4,0,138,153.09999999997314,285.65,0.5703759786623711,0.02382578421854178,-0.011171510470601498,161.93,ripe
1762155338.752629,1762155336.0897145,0.559,0.8,8,3,0,138,153.09999999997314,285.70000000000005,0.570151016349705,0.023816487920679048,-0.01104878225382011,161.93,ripe
1762155338.76274,1762155336.0897145,0.559,0.8,8,3,0,138,153.09999999997314,285.7,0.5699285559418498,0.02380733701855247,-0.010877438893907354,161.93,ripe
1762155338.7728336,1762155336.0897145,0.56,0.8,7,4,0,138,153.09999999997314,285.75,0.5697095748539608,0.02379877060252048,-0.010184016329989554,161.93,ripe
1762155338.7829604,1762155336.0897145,0.56,0.8,8,3,0,138,153.09999999997314,285.75,0.5695045805183152,0.02379057721853735,-0.009741801256329508,161.93,ripe
1762155338.7930696,1762155336.0897145,0.56,0.8,7,4,0,138,153.09999999997314,285.70000000000005,0.5693085128395989,0.023782649498183896,-0.009427123208606059,161.93,ripe
1762155338.8032093,1762155336.0897145,0.561,0.8,8,4,0,138,153.09999999997314,285.65,0.5691188024915408,0.02377535256492442,-0.008678107676044267,161.93,ripe
1762155338.813291,1762155336.0897145,0.559,0.8,7,3,0,138,153.09999999997314,285.55,0.5689441868786416,0.023767597697839333,-0.009223839470893225,161.93,ripe
1762155338.8233743,1762155336.0897145,0.559,0.8,8,4,0,138,153.09999999997314,285.4,0.5687586129092954,0.023759696977259447,-0.00939843920542116,161.93,ripe
1762155338.8334422,1762155336.0897145,0.56,0.8,8,4,0,138,153.09999999997314,285.35,0.5685695486658188,0.02375222499525164,-0.008889461813881616,161.93,ripe
1762155338.8435452,1762155336.0897145,0.56,0.8,8,3,0,138,153.09999999997314,285.29999999999995,0.5683907441363719,0.02374503857757203,-0.008550700710403314,161.93,ripe
1762155338.853611,1762155336.0897145,0.559,0.8,8,3,0,138,153.09999999997314,285.35,0.5682187731612989,0.02373764451370777,-0.008798751448314546,161.93,ripe
1762155338.8637042,1762155336.0897145,0.56,0.8,8,3,0,138,153.09999999997314,285.5,0.568041833213027,0.023730643603219723,-0.008331822356534846,161.93,ripe
1762155338.873804,1762155336.0897145,0.561,0.8,9,4,0,138,153.09999999997314,285.70000000000005,0.5678743014250481,0.023724326106321532,-0.007519295996802011,161.93,ripe
1762155338.8838868,1762155336.0897145,0.561,0.8,8,3,0,138,153.09999999997314,285.9,0.5677231237242745,0.023718407200825534,-0.007045621010151382,161.93,ripe
1762155338.8939574,1762155336.0897145,0.561,0.8,9,3,0,138,153.09999999997314,286.0,0.5675814843157552,0.0237127433308072,-0.0067427329586935425,161.93,ripe
1762155338.9040344,1762155336.0897145,0.56,0.8,7,2,0,138,153.09999999997314,286.0,0.5674459479062164,0.02370684163359754,-0.007026572227685546,161.93,ripe
1762155338.914121,1762155336.0897145,0.56,0.8,8,3,0,138,153.09999999997314,285.95000000000005,0.5673047202919893,0.023700883026232487,-0.007095032452723804,161.93,ripe
1762155338.9241958,1762155336.0897145,0.56,0.8,8,3,0,138,153.09999999997314,285.8,0.5671621308177436,0.023694956694004746,-0.007057286898110804,161.93,ripe
1762155338.9342642,1762155336.0897145,0.56,0.8,7,4,0,138,153.09999999997314,285.65,0.5670203136875337,0.02368910598766637,-0.006967891727717279,161.93,ripe
1762155338.94433,1762155336.0897145,0.559,0.8,7,3,0,138,153.09999999997314,285.6,0.5668803062848564,0.023682931574659827,-0.007354095304948238,161.93,ripe
1762155338.9543965,1762155336.0897145,0.557,0.8,7,2,0,138,153.09999999997314,285.6,0.5667325525816098,0.023675821374764303,-0.008469447091655757,161.93,ripe
1762155338.9644845,1762155336.0897145,0.556,0.8,8,2,0,138,153.09999999997314,285.65,0.5665624054981099,0.023667904772224822,-0.009430852753132823,161.93,ripe
1762155338.97456,1762155336.0897145,0.555,0.8,7,3,0,138,153.09999999997314,285.70000000000005,0.5663729611993401,0.02365925330338762,-0.010307184826851556,161.93,ripe
1762155338.9846244,1762155336.0897145,0.557,0.8,9,3,0,138,153.09999999997314,285.65,0.5661659315500659,0.023651168378841448,-0.009633043363821536,161.93,ripe
1762155338.9947066,1762155336.0897145,0.558,0.8,7,4,0,138,153.09999999997314,285.65,0.565972459305676,0.023643862115877753,-0.008706015212553764,161.93,ripe
1762155339.0047863,1762155336.0897145,0.556,0.8,7,3,0,138,153.09999999997314,285.65,0.5657976204329548,0.023636171803276148,-0.009164398386393713,161.93,ripe
1762155339.0148478,1762155336.0897145,0.559,0.8,7,4,0,138,153.09999999997314,285.54999999999995,0.5656135912523984,0.023629629489909144,-0.0077969802291179,161.93,ripe
1762155339.0249152,1762155336.0897145,0.56,0.8,7,3,0,138,153.09999999997314,285.4,0.565457033693526,0.023624134999052665,-0.006548728181885677,161.93,ripe
1762155339.0350273,1762155336.0897145,0.559,0.8,6,5,0,138,153.09999999997314,285.25,0.5653255505273305,0.023618789706471136,-0.006371397771510301,161.93,ripe
1762155339.0451689,1762155336.0897145,0.558,0.8,8,4,0,138,153.09999999997314,285.15,0.5651976376758544,0.023613151911752707,-0.006720561297944294,161.93,ripe
1762155339.0552716,1762155336.0897145,0.557,0.8,8,4,0,138,153.09999999997314,285.1,0.5650627252482424,0.023607008201123304,-0.00732418705928739,161.93,ripe
1762155339.065395,1762155336.0897145,0.556,0.8,8,3,0,138,153.09999999997314,285.0,0.5649157062528808,0.023600259142335364,-0.008046437158403252,161.93,ripe
1762155339.0755086,1762155336.0897145,0.553,0.8,7,3,0,138,153.09999999997314,284.95000000000005,0.5647542012760854,0.023592023436751635,-0.009819566728846651,161.93,ripe
1762155339.08562,1762155336.0897145,0.554,0.8,8,4,0,138,153.09999999997314,284.95000000000005,0.5645571208414668,0.023583561676383032,-0.010089803567847389,161.93,ripe
1762155339.0957298,1762155336.0897145,0.555,0.8,9,4,0,138,153.09999999997314,284.9,0.5643546309158461,0.023575493653714516,-0.009620972279036466,161.93,ripe
1762155339.1058316,1762155336.0897145,0.556,0.8,8,4,0,138,153.09999999997314,284.9,0.5641615631333885,0.023568119000876357,-0.008794733814983635,161.93,ripe
1762155339.1159186,1762155336.0897145,0.555,0.8,8,3,0,138,153.09999999997314,284.9,0.5639850876909713,0.02356073901663523,-0.00880167303176882,161.93,ripe
1762155339.1260588,1762155336.0897145,0.555,0.8,7,5,0,138,153.09999999997314,284.85,0.5638084846680812,0.023553430688251383,-0.008716777338479864,161.93,ripe
1762155339.1361752,1762155336.0897145,0.554,0.8,7,4,0,138,153.09999999997314,284.8,0.5636335963698558,0.023545811817878088,-0.00908774270505508,161.93,ripe
1762155339.146245,1762155336.0897145,0.555,0.8,8,3,0,138,153.09999999997314,284.75,0.5634512768018228,0.023538536621252038,-0.008678349969422405,161.93,ripe
1762155339.1563118,1762155336.0897145,0.558,0.8,9,4,0,138,153.09999999997314,284.75,0.5632771813465615,0.023532760376283345,-0.006890717930361223,161.93,ripe
1762155339.1663759,1762155336.0897145,0.556,0.8,7,3,0,138,153.09999999997314,284.75,0.5631389558044606,0.02352693836900374,-0.006945724096360406,161.93,ripe
1762155339.1764514,1762155336.0897145,0.557,0.8,8,4,0,138,153.09999999997314,284.75,0.5629996351702597,0.023521571578613114,-0.006403019316209679,161.93,ripe
1762155339.186528,1762155336.0897145,0.557,0.8,8,4,0,138,153.09999999997314,284.75,0.5628712078762119,0.02351648177457026,-0.006072899949186805,161.93,ripe
1762155339.1966417,1762155336.0897145,0.558,0.8,8,3,0,138,153.09999999997314,284.65,0.5627494088654665,0.023511997883809897,-0.005350254901953955,161.93,ripe
1762155339.2067068,1762155336.0897145,0.559,0.8,7,4,0,138,153.09999999997314,284.55,0.5626421093595709,0.0235082749333747,-0.0044425323778146675,161.93,ripe
1762155339.2167802,1762155336.0897145,0.559,0.8,8,3,0,138,153.09999999997314,284.45,0.5625530191556567,0.02350496220833683,-0.003953230664778484,161.93,ripe
1762155339.226848,1762155336.0897145,0.559,0.8,8,4,0,138,153.09999999997314,284.3,0.5624737456455006,0.023501883759981003,-0.0036738514000614897,161.93,ripe
1762155339.2370353,1762155336.0897145,0.557,0.8,7,4,0,138,153.09999999997314,284.2,0.5624000783763455,0.02349811313813956,-0.004500131253626027,161.93,ripe
1762155339.247098,1762155336.0897145,0.557,0.8,7,4,0,138,153.09999999997314,284.15,0.5623098473956798,0.023494041297660678,-0.004859873834319961,161.93,ripe
1762155339.2571611,1762155336.0897145,0.557,0.8,8,3,0,138,153.09999999997314,284.15,0.5622124082530202,0.023489862799302954,-0.004987421472340214,161.93,ripe
1762155339.2672644,1762155336.0897145,0.557,0.8,7,4,0,138,153.09999999997314,284.1,0.5621124167873198,0.02348567403085892,-0.004999923396979855,161.93,ripe
1762155339.277355,1762155336.0897145,0.557,0.8,7,4,0,138,153.09999999997314,284.05,0.5620121795584542,0.023481522314467956,-0.004955932863284107,161.93,ripe
1762155339.2874336,1762155336.0897145,0.556,0.8,7,3,0,138,153.09999999997314,283.95,0.5619128289852183,0.023477011614833863,-0.005384705637633269,161.93,ripe
1762155339.2974973,1762155336.0897145,0.556,0.8,8,3,0,138,153.09999999997314,283.95,0.5618048879429746,0.023472370347763553,-0.005540826269181953,161.93,ripe
1762155339.3076005,1762155336.0897145,0.555,0.8,8,3,0,138,153.09999999997314,283.9,0.561693822421982,0.023467292922836714,-0.006061791585085685,161.93,ripe
1762155339.317702,1762155336.0897145,0.556,0.8,8,3,0,138,153.09999999997314,283.9,0.5615723196434828,0.023462471589884393,-0.005756304225034592,161.93,ripe
1762155339.3278124,1762155336.0897145,0.556,0.8,8,4,0,138,153.09999999997314,283.9,0.5614569451459337,0.023457824142601974,-0.005548937436709589,161.93,ripe
1762155339.337901,1762155336.0897145,0.555,0.8,7,4,0,138,153.09999999997314,283.95000000000005,0.5613457317324654,0.02345288980389088,-0.005891727877853303,161.93,ripe
1762155339.3480127,1762155336.0897145,0.555,0.8,8,3,0,138,153.09999999997314,283.95000000000005,0.5612276530071089,0.02344786444995413,-0.0060006510798028545,161.93,ripe
1762155339.3582358,1762155336.0897145,0.554,0.8,7,3,0,138,153.09999999997314,283.95000000000005,0.5611073962874025,0.023442426240547397,-0.0064938953237494434,161.93,ripe
1762155339.3683002,1762155336.0897145,0.554,0.8,8,3,0,138,153.09999999997314,283.95,0.5609772599362993,0.023436840350752233,-0.006670509454472784,161.93,ripe
1762155339.3783646,1762155336.0897145,0.552,0.8,8,3,0,138,153.09999999997314,283.9,0.5608435895935011,0.02343040081042962,-0.007690214352587876,161.93,ripe
1762155339.3884277,1762155336.0897145,0.552,0.8,8,3,0,138,153.09999999997314,283.9,0.5606894913935809,0.023423607666826725,-0.008112803773124289,161.93,ripe
1762155339.3985012,1762155336.0897145,0.551,0.8,8,3,0,138,153.09999999997314,283.9,0.5605269314671637,0.023416290805817284,-0.00873858765693536,161.93,ripe
1762155339.4085875,1762155336.0897145,0.554,0.8,9,3,0,138,153.09999999997314,283.95000000000005,0.5603518389832077,0.023410046694877572,-0.007457667078093588,161.93,ripe
1762155339.4186597,1762155336.0897145,0.553,0.8,7,3,0,138,153.09999999997314,284.0,0.5602024174084205,0.023403972212782502,-0.007255331455863323,161.93,ripe
1762155339.4287257,1762155336.0897145,0.553,0.8,8,3,0,138,153.09999999997314,284.05,0.5600570550518854,0.023398041794446045,-0.007083512075606868,161.93,ripe
1762155339.4387896,1762155336.0897145,0.552,0.8,7,3,0,138,153.09999999997314,284.1,0.559915140141094,0.02339182287202169,-0.007428368652954709,161.93,ripe
1762155339.4488518,1762155336.0897145,0.553,0.8,7,4,0,138,153.09999999997314,284.25,0.5597663213274792,0.02338594357128553,-0.007022935583409495,161.93,ripe
1762155339.4589484,1762155336.0897145,0.555,0.8,7,4,0,138,153.09999999997314,284.35,0.5596256296608628,0.023381126781739096,-0.0057539367888279624,161.93,ripe
1762155339.4691007,1762155336.0897145,0.557,0.8,8,4,0,138,153.09999999997314,284.4,0.5595103638870167,0.023377715994335985,-0.004074517450999293,161.93,ripe
1762155339.4791687,1762155336.0897145,0.559,0.8,8,4,0,138,153.09999999997314,284.4,0.5594287437444603,0.02337586537062561,-0.0022108205264514957,161.93,ripe
1762155339.489238,1762155336.0897145,0.559,0.8,7,5,0,138,153.09999999997314,284.45000000000005,0.559384458319071,0.023374797716900694,-0.0012754967100665482,161.93,ripe
1762155339.4993136,1762155336.0897145,0.559,0.8,7,4,0,138,153.09999999997314,284.5,0.5593589093654338,0.02337412439107403,-0.0008044285609315471,161.93,ripe
1762155339.5094209,1762155336.0897145,0.561,0.8,8,4,0,138,153.09999999997314,284.54999999999995,0.5593427966784017,0.023374488019896403,0.00043444372384948693,161.93,ripe
1762155339.519527,1762155336.0897145,0.562,0.8,8,4,0,138,153.09999999997314,284.6,0.5593514983161211,0.02337577455108536,0.0015371218850045443,161.93,ripe
1762155339.5295987,1762155336.0897145,0.5640000000000001,0.8,8,4,0,138,153.09999999997314,284.65,0.5593822850074728,0.023378337312965528,0.0030620250930900594,161.93,ripe
1762155339.5396972,1762155336.0897145,0.5650000000000001,0.8,8,4,0,138,153.09999999997314,284.7,0.5594436118992653,0.023381918138598714,0.0042785431510161676,161.93,ripe
1762155339.5497792,1762155336.0897145,0.5650000000000001,0.8,8,4,0,138,153.09999999997314,284.75,0.5595293010566674,0.023385961867987665,0.0048317764684733255,161.93,ripe
1762155339.5598757,1762155336.0897145,0.5650000000000001,0.8,7,5,0,138,153.09999999997314,284.8,0.559626067500945,0.023390191856761156,0.005054471261625393,161.93,ripe
1762155339.5700018,1762155336.0897145,0.5630000000000001,0.8,7,2,0,138,153.09999999997314,284.85,0.5597272911322946,0.023393633836937426,0.004112978248990595,161.93,ripe
1762155339.5801356,1762155336.0897145,0.5650000000000001,0.8,8,4,0,138,153.09999999997314,284.85,0.5598096577179128,0.023397492052681327,0.00461047697272976,161.93,ripe
1762155339.590235,1762155336.0897145,0.5630000000000001,0.8,7,3,0,138,153.09999999997314,284.8,0.5599019848206643,0.023400678714148932,0.0038080825246569194,161.93,ripe
1762155339.6003006,1762155336.0897145,0.562,0.8,8,4,0,138,153.09999999997314,284.70000000000005,0.5599782416295841,0.023403085997400108,0.0028767920430765592,161.93,ripe
1762155339.610373,1762155336.0897145,0.562,0.8,8,4,0,138,153.09999999997314,284.55,0.5600358479177847,0.02340508728336673,0.0023916689185456974,161.93,ripe
1762155339.6204443,1762155336.0897145,0.5630000000000001,0.8,9,3,0,138,153.09999999997314,284.45,0.5600837386909661,0.02340728796224148,0.0026300197271991177,161.93,ripe
1762155339.6305583,1762155336.0897145,0.5630000000000001,0.8,8,4,0,138,153.09999999997314,284.4,0.5601364009364388,0.02340956427911074,0.002720478272643878,161.93,ripe
1762155339.640659,1762155336.0897145,0.561,0.8,7,2,0,138,153.09999999997314,284.45,0.5601908731991201,0.023411018126622656,0.0017375664054213313,161.93,ripe
1762155339.650751,1762155336.0897145,0.56,0.8,7,3,0,138,153.09999999997314,284.5,0.5602256637700803,0.02341163607342254,0.0007385560321904183,161.93,ripe
1762155339.6608534,1762155336.0897145,0.558,0.8,8,3,0,138,153.09999999997314,284.55,0.5602404512370015,0.023411001586383245,-0.0007583413358661639,161.93,ripe
1762155339.6709504,1762155336.0897145,0.562,0.8,10,4,0,138,153.09999999997314,284.6,0.5602252679621512,0.023411433124327592,0.0005157869884164779,161.93,ripe
1762155339.681084,1762155336.0897145,0.562,0.8,8,4,0,138,153.09999999997314,284.6,0.5602355946651595,0.023412382656155473,0.0011349328101243339,161.93,ripe
1762155339.6911688,1762155336.0897145,0.56,0.8,8,2,0,138,153.09999999997314,284.55,0.5602583169618006,0.023412739850083283,0.00042694677584131924,161.93,ripe
1762155339.701263,1762155336.0897145,0.56,0.8,9,2,0,138,153.09999999997314,284.45,0.5602668646124931,0.02341280323749592,7.57672563278522e-05,161.93,ripe
1762155339.7113423,1762155336.0897145,0.56,0.8,8,3,0,138,153.09999999997314,284.35,0.5602683814732775,0.02341272203341667,-9.706553886701386e-05,161.93,ripe
1762155339.7214713,1762155336.0897145,0.56,0.8,8,3,0,138,153.09999999997314,284.3,0.560266438259661,0.023412570797359165,-0.0001807802924557178,161.93,ripe
1762155339.7315812,1762155336.0897145,0.558,0.8,7,3,0,138,153.09999999997314,284.29999999999995,0.560262819180805,0.023411550205122096,-0.0012199901972023142,161.93,ripe
1762155339.7416756,1762155336.0897145,0.557,0.8,7,3,0,138,153.09999999997314,284.29999999999995,0.5602383964085719,0.023409695606665313,-0.002216981916770444,161.93,ripe
1762155339.7517447,1762155336.0897145,0.557,0.8,7,4,0,138,153.09999999997314,284.29999999999995,0.5601940158675011,0.02340745094775386,-0.0026833086216003776,161.93,ripe
1762155339.7618475,1762155336.0897145,0.556,0.8,7,3,0,138,153.09999999997314,284.35,0.5601403011797501,0.02340461940043814,-0.0033849475567997445,161.93,ripe
1762155339.771949,1762155336.0897145,0.556,0.8,8,3,0,138,153.09999999997314,284.45000000000005,0.5600725422524848,0.023401528658033677,-0.0036948654410096093,161.93,ripe
1762155339.782062,1762155336.0897145,0.557,0.8,8,4,0,138,153.09999999997314,284.4,0.559998580786746,0.023398760117834545,-0.0033097423810084514,161.93,ripe
1762155339.7921228,1762155336.0897145,0.558,0.8,7,4,0,138,153.09999999997314,284.35,0.5599323296197808,0.023396595413975,-0.002587910416911976,161.93,ripe
1762155339.802183,1762155336.0897145,0.559,0.8,9,3,0,138,153.09999999997314,284.25,0.5598805282564219,0.023395166484172746,-0.0017083186549874396,161.93,ripe
1762155339.8122468,1762155336.0897145,0.559,0.8,7,4,0,138,153.09999999997314,284.2,0.5598463339662539,0.02339411237779775,-0.001260229165536697,161.93,ripe
1762155339.8223207,1762155336.0897145,0.559,0.8,7,4,0,138,153.09999999997314,284.2,0.5598211092007003,0.023393252483500635,-0.0010280568003416812,161.93,ripe
1762155339.8323915,1762155336.0897145,0.558,0.8,7,4,0,138,153.09999999997314,284.3,0.5598005319301703,0.023392078153859817,-0.001404005729990998,161.93,ripe
1762155339.8424816,1762155336.0897145,0.556,0.8,7,2,0,138,153.09999999997314,284.3,0.5597724302218656,0.023389925118302388,-0.0025741671217759388,161.93,ripe
1762155339.8525553,1762155336.0897145,0.555,0.8,7,3,0,138,153.09999999997314,284.2,0.5597209080809763,0.023386895907006242,-0.003621776530931431,161.93,ripe
1762155339.8626165,1762155336.0897145,0.556,0.8,7,4,0,138,153.09999999997314,284.05,0.5596484190546596,0.02338388591290721,-0.0035988532796371597,161.93,ripe
1762155339.872677,1762155336.0897145,0.557,0.8,7,5,0,138,153.09999999997314,283.85,0.5595763898958698,0.023381333659336707,-0.0030516070083584923,161.93,ripe
1762155339.8827376,1762155336.0897145,0.559,0.8,8,5,0,138,153.09999999997314,283.79999999999995,0.5595153144679276,0.023379867598807776,-0.0017529230241718485,161.93,ripe
1762155339.892818,1762155336.0897145,0.56,0.8,8,4,0,138,153.09999999997314,283.75,0.5594802316394702,0.023379366600935206,-0.000599035917592361,161.93,ripe
1762155339.9028912,1762155336.0897145,0.561,0.8,7,5,0,138,153.09999999997314,283.85,0.5594682427603797,0.023379761645154887,0.0004723551005593185,161.93,ripe
1762155339.9129825,1762155336.0897145,0.56,0.8,7,4,0,138,153.09999999997314,283.95,0.5594776961685566,0.0233801736175788,0.0004926027619129858,161.93,ripe
1762155339.9231908,1762155336.0897145,0.561,0.8,8,3,0,138,153.09999999997314,284.05,0.5594875546686608,0.023381007912879767,0.0009975947965739085,161.93,ripe
1762155339.933261,1762155336.0897145,0.561,0.8,8,3,0,138,153.09999999997314,284.15,0.559507519355213,0.02338204078483366,0.001235055377404315,161.93,ripe
1762155339.9433234,1762155336.0897145,0.561,0.8,8,2,0,138,153.09999999997314,284.2,0.5595322359810696,0.023383160614169316,0.0013390513852390429,161.93,ripe
1762155339.953387,1762155336.0897145,0.561,0.8,7,4,0,138,153.09999999997314,284.2,0.5595590334970719,0.0233843118392122,0.001376610186082372,161.93,ripe
1762155339.963494,1762155336.0897145,0.562,0.8,7,5,0,138,153.09999999997314,284.25,0.5595865823123481,0.02338588505430683,0.0018812395292290285,161.93,ripe
1762155339.9735618,1762155336.0897145,0.562,0.8,8,4,0,138,153.09999999997314,284.25,0.5596242293495626,0.02338764928666157,0.002109681571226041,161.93,ripe
1762155339.9836733,1762155336.0897145,0.562,0.8,8,4,0,138,153.09999999997314,284.25,0.5596664474298115,0.02338948945179715,0.002200508030582804,161.93,ripe
1762155339.9937778,1762155336.0897145,0.562,0.8,8,4,0,138,153.09999999997314,284.25,0.559710482581506,0.023391348400574066,0.002222995148691176,161.93,ripe
1762155340.0038733,1762155336.0897145,0.562,0.8,7,4,0,138,153.09999999997314,284.2,0.5597549672257376,0.02339319794326255,0.0022117716393610376,161.93,ripe
1762155340.0139844,1762155336.0897145,0.561,0.8,8,3,0,138,153.09999999997314,284.1,0.559799226782273,0.02339460625309709,0.0016841426502763879,161.93,ripe
1762155340.0240986,1762155336.0897145,0.562,0.8,9,4,0,138,153.09999999997314,284.0,0.5598329276366135,0.023396202372424818,0.0019087570796612052,161.93,ripe
1762155340.034198,1762155336.0897145,0.561,0.8,7,4,0,138,153.09999999997314,284.05,0.559871122772126,0.023397456437894558,0.001499719586011361,161.93,ripe
1762155340.0443215,1762155336.0897145,0.56,0.8,8,3,0,138,153.09999999997314,284.1,0.5599011325588169,0.023398112253281568,0.0007842886202518162,161.93,ripe
1762155340.0544252,1762155336.0897145,0.56,0.8,8,4,0,138,153.09999999997314,284.2,0.5599168262210281,0.023398468370538716,0.00042588436850632405,161.93,ripe
1762155340.064536,1762155336.0897145,0.558,0.8,7,3,0,138,153.09999999997314,284.3,0.5599253481069917,0.02339783790080334,-0.0007539928122244355,161.93,ripe
1762155340.0746427,1762155336.0897145,0.56,0.8,8,3,0,138,153.09999999997314,284.45,0.5599102609662241,0.023397566495056813,-0.00032458331884044345,161.93,ripe
1762155340.084742,1762155336.0897145,0.559,0.8,8,3,0,138,153.09999999997314,284.54999999999995,0.5599037662267097,0.023397055662773062,-0.0006109274030178247,161.93,ripe
1762155340.09486,1762155336.0897145,0.56,0.8,7,4,0,138,153.09999999997314,284.55,0.5598915420101596,0.023396850703273346,-0.0002451225983135519,161.93,ripe
1762155340.1049635,1762155336.0897145,0.56,0.8,8,4,0,138,153.09999999997314,284.55,0.5598866373293313,0.02339679766868639,-6.342762340827424e-05,161.93,ripe
1762155340.115106,1762155336.0897145,0.558,0.8,7,3,0,138,153.09999999997314,284.55,0.5598853682116655,0.02339598347016273,-0.0009737633587039163,161.93,ripe
1762155340.1251895,1762155336.0897145,0.555,0.8,7,2,0,138,153.09999999997314,284.55,0.5598658844409943,0.023393550267302877,-0.002910082014513482,161.93,ripe
1762155340.1352754,1762155336.0897145,0.554,0.8,7,4,0,138,153.09999999997314,284.55,0.559807657896558,0.02338993006480215,-0.004329756683317476,161.93,ripe
1762155340.1453848,1762155336.0897145,0.556,0.8,8,3,0,138,153.09999999997314,284.55,0.5597210264507156,0.023386600593637157,-0.0039820758440953785,161.93,ripe
1762155340.155457,1762155336.0897145,0.557,0.8,8,3,0,138,153.09999999997314,284.54999999999995,0.5596413522057373,0.023383864952555417,-0.00327187690242714,161.93,ripe
1762155340.1655622,1762155336.0897145,0.557,0.8,8,3,0,138,153.09999999997314,284.6,0.5595758883146513,0.02338144765903857,-0.002891150662996278,161.93,ripe
1762155340.1756346,1762155336.0897145,0.554,0.8,8,3,0,138,153.09999999997314,284.6,0.5595180424807932,0.023377956402318108,-0.004175673654965628,161.93,ripe
1762155340.1857102,1762155336.0897145,0.553,0.8,8,3,0,138,153.09999999997314,284.5,0.5594344967074725,0.02337355581122825,-0.005263312294558675,161.93,ripe
1762155340.1957943,1762155336.0897145,0.553,0.8,7,3,0,138,153.09999999997314,284.45,0.5593291905626921,0.023368753695234255,-0.005743598356235169,161.93,ripe
1762155340.2058897,1762155336.0897145,0.553,0.8,8,3,0,138,153.09999999997314,284.45,0.5592142759269558,0.023363802892625487,-0.00592147982372726,161.93,ripe
1762155340.2159534,1762155336.0897145,0.551,0.8,6,3,0,138,153.09999999997314,284.5,0.5590958032205281,0.02335799270939645,-0.006949405168913736,161.93,ripe
1762155340.2260835,1762155336.0897145,0.55,0.8,7,3,0,138,153.09999999997314,284.6,0.5589567655358572,0.023351401549720166,-0.007883566510049955,161.93,ripe
1762155340.2361841,1762155336.0897145,0.551,0.8,7,4,0,138,153.09999999997314,284.75,0.5587990390848038,0.02334491170519296,-0.007762439571900148,161.93,ripe
1762155340.2462468,1762155336.0897145,0.552,0.8,7,4,0,138,153.09999999997314,284.85,0.5586437371052677,0.02333895447186445,-0.007125437348815877,161.93,ripe
1762155340.256358,1762155336.0897145,0.552,0.8,8,3,0,138,153.09999999997314,284.85,0.5585011805117164,0.023333317824184983,-0.006742030633490437,161.93,ripe
1762155340.266429,1762155336.0897145,0.553,0.8,8,3,0,138,153.09999999997314,284.85,0.5583662955327469,0.023328312683372585,-0.005986720593633921,161.93,ripe
1762155340.2765305,1762155336.0897145,0.554,0.8,8,4,0,138,153.09999999997314,284.9,0.5582465225131061,0.023324085075397634,-0.005056735043549643,161.93,ripe
1762155340.286607,1762155336.0897145,0.552,0.8,7,3,0,138,153.09999999997314,285.0,0.5581453558542655,0.02331944472358511,-0.005550462119487287,161.93,ripe
1762155340.2966971,1762155336.0897145,0.553,0.8,9,3,0,138,153.09999999997314,285.0,0.5580343122353918,0.023315066575122178,-0.005236865368002719,161.93,ripe
1762155340.306804,1762155336.0897145,0.552,0.8,8,3,0,138,153.09999999997314,285.05,0.5579295431426738,0.023310442701653115,-0.005530819708979284,161.93,ripe
1762155340.3169107,1762155336.0897145,0.552,0.8,8,3,0,138,153.09999999997314,285.1,0.5578188938505592,0.023305744690805902,-0.005619532133711913,161.93,ripe
1762155340.3270206,1762155336.0897145,0.553,0.8,9,3,0,138,153.09999999997314,285.1,0.5577064704509854,0.02330147536508989,-0.005106789592561722,161.93,ripe
1762155340.3370974,1762155336.0897145,0.552,0.8,8,2,0,138,153.09999999997314,285.15,0.5576043054866012,0.02329704080609712,-0.0053044650573893515,161.93,ripe
1762155340.3472013,1762155336.0897145,0.554,0.8,8,3,0,138,153.09999999997314,285.15,0.5574981864899042,0.023293405654360305,-0.004348266275298274,161.93,ripe
1762155340.3572655,1762155336.0897145,0.556,0.8,8,4,0,138,153.09999999997314,285.2,0.5574111973088423,0.0232910345723306,-0.002836237201539249,161.93,ripe
1762155340.3673828,1762155336.0897145,0.556,0.8,7,4,0,138,153.09999999997314,285.3,0.5573544573158714,0.02328930659757242,-0.002066977262219827,161.93,ripe
1762155340.3774486,1762155336.0897145,0.555,0.8,8,3,0,138,153.09999999997314,285.4,0.5573131068799082,0.023287493035574966,-0.002169366853082444,161.93,ripe
1762155340.387509,1762155336.0897145,0.553,0.8,7,4,0,138,153.09999999997314,285.55,0.5572697083413091,0.023284819698830766,-0.0031978383278962186,161.93,ripe
1762155340.3975797,1762155336.0897145,0.552,0.8,7,4,0,138,153.09999999997314,285.6,0.5572057353930204,0.023281333836495516,-0.004169800386313982,161.93,ripe
1762155340.4076576,1762155336.0897145,0.551,0.8,8,3,0,138,153.09999999997314,285.65,0.5571223187073379,0.023277066731184858,-0.0051043512039846695,161.93,ripe
1762155340.4177334,1762155336.0897145,0.552,0.8,8,4,0,138,153.09999999997314,285.45000000000005,0.5570202068772538,0.02327287749889276,-0.005011223125577224,161.93,ripe
1762155340.4278078,1762155336.0897145,0.552,0.8,8,3,0,138,153.09999999997314,285.25,0.556919958548504,0.02326876833569456,-0.004915466672665625,161.93,ripe
1762155340.4378855,1762155336.0897145,0.553,0.8,8,4,0,138,153.09999999997314,285.1,0.556821626273171,0.023265157497282835,-0.00431938033525181,161.93,ripe
1762155340.4479969,1762155336.0897145,0.555,0.8,9,3,0,138,153.09999999997314,285.05,0.5567352189099783,0.023262662917475627,-0.002984095941018783,161.93,ripe
1762155340.458078,1762155336.0897145,0.557,0.8,9,4,0,138,153.09999999997314,285.0,0.5566755236151919,0.0232615762081976,-0.0012999621307121512,161.93,ripe
1762155340.4681437,1762155336.0897145,0.556,0.8,8,3,0,138,153.09999999997314,284.9,0.5566495186621687,0.02326077224252433,-0.0009617379199288179,161.93,ripe
1762155340.4782467,1762155336.0897145,0.554,0.8,7,3,0,138,153.09999999997314,284.75,0.5566302797636073,0.023259278915144517,-0.0017863893924874308,161.93,ripe
1762155340.4883144,1762155336.0897145,0.552,0.8,7,3,0,138,153.09999999997314,284.7,0.5565945444394085,0.02325662680056994,-0.003172599253848496,161.93,ripe
1762155340.4984264,1762155336.0897145,0.552,0.8,8,4,0,138,153.09999999997314,284.7,0.5565310793376388,0.023253433419346138,-0.0038201067448587755,161.93,ripe
1762155340.5085046,1762155336.0897145,0.552,0.8,7,4,0,138,153.09999999997314,284.75,0.5564546617249533,0.023250006767243484,-0.004099175428563306,161.93,ripe
1762155340.5185785,1762155336.0897145,0.553,0.8,8,4,0,138,153.09999999997314,284.75,0.5563726619401367,0.02324691806045461,-0.003694918791941615,161.93,ripe
1762155340.5286818,1762155336.0897145,0.55,0.8,7,3,0,138,153.09999999997314,284.75,0.556298749186679,0.023242771948210908,-0.0049598776125814314,161.93,ripe
1762155340.5387712,1762155336.0897145,0.549,0.8,7,3,0,138,153.09999999997314,284.7,0.5561995327206872,0.023237731226374354,-0.006030096933638429,161.93,ripe
1762155340.5488431,1762155336.0897145,0.549,0.8,7,4,0,138,153.09999999997314,284.65,0.5560789082471385,0.02323230257652801,-0.006494190353613982,161.93,ripe
1762155340.5589025,1762155336.0897145,0.549,0.8,8,4,0,138,153.09999999997314,284.54999999999995,0.5559490006563155,0.023226738150066335,-0.006656641709553268,161.93,ripe
1762155340.5689816,1762155336.0897145,0.55,0.8,7,4,0,138,153.09999999997314,284.35,0.5558158439310875,0.023221580816616225,-0.006169664457706392,161.93,ripe
1762155340.5791202,1762155336.0897145,0.55,0.8,7,4,0,138,153.09999999997314,284.20000000000005,0.5556924289416264,0.02321667454770134,-0.0058693392049358195,161.93,ripe
1762155340.589187,1762155336.0897145,0.55,0.8,8,3,0,138,153.09999999997314,284.1,0.5555750219264932,0.023211940378369288,-0.005663477058147848,161.93,ripe
1762155340.599267,1762155336.0897145,0.548,0.8,6,3,0,138,153.09999999997314,284.15,0.5554617332543772,0.023206501984987863,-0.006505960820204493,161.93,ripe
1762155340.6093564,1762155336.0897145,0.548,0.8,9,3,0,138,153.09999999997314,284.25,0.5553315925007597,0.02320077292689276,-0.006853706283673322,161.93,ripe
1762155340.6194193,1762155336.0897145,0.55,0.8,8,4,0,138,153.09999999997314,284.4,0.5551944961405438,0.023195794657149785,-0.005955553032000682,161.93,ripe
1762155340.6294868,1762155336.0897145,0.554,0.8,9,4,0,138,153.09999999997314,284.5,0.5550753661455945,0.02319290587071983,-0.0034558945913228944,161.93,ripe
1762155340.6395822,1762155336.0897145,0.555,0.8,8,4,0,138,153.09999999997314,284.6,0.5550062374863257,0.023191487767326612,-0.0016965017091898904,161.93,ripe
1762155340.649697,1762155336.0897145,0.557,0.8,8,5,0,138,153.09999999997314,284.6,0.554972302272126,0.023191640373202725,0.00018256561644192093,161.93,ripe
1762155340.659765,1762155336.0897145,0.557,0.8,7,4,0,138,153.09999999997314,284.54999999999995,0.5549759541307414,0.02319256109306371,0.001101479813542583,161.93,ripe
1762155340.669834,1762155336.0897145,0.556,0.8,7,3,0,138,153.09999999997314,284.5,0.5549979869570147,0.0231934310300096,0.001040730015127278,161.93,ripe
1762155340.6799326,1762155336.0897145,0.556,0.8,8,3,0,138,153.09999999997314,284.45,0.5550188045481299,0.023194267381727092,0.0010005539379411843,161.93,ripe
1762155340.6900463,1762155336.0897145,0.558,0.8,8,5,0,138,153.09999999997314,284.45000000000005,0.5550388184447295,0.02319591479733253,0.0019708607983061066,161.93,ripe
1762155340.7001789,1762155336.0897145,0.561,0.8,8,5,0,138,153.09999999997314,284.5,0.5550782411001677,0.023199196978312842,0.003926598521350133,161.93,ripe
1762155340.7103016,1762155336.0897145,0.5630000000000001,0.8,8,5,0,138,153.09999999997314,284.5,0.5551567836910265,0.023204083238950766,0.005845636119732434,161.93,ripe
1762155340.7203896,1762155336.0897145,0.5670000000000001,0.8,9,4,0,138,153.09999999997314,284.5,0.5552737119080919,0.023211378376044912,0.008727497997287559,161.93,ripe
1762155340.7305055,1762155336.0897145,0.5680000000000001,0.8,7,4,0,138,153.09999999997314,284.5,0.5554482845387549,0.023220198821966423,0.010552320413934835,161.93,ripe
1762155340.740609,1762155336.0897145,0.5670000000000001,0.8,7,3,0,138,153.09999999997314,284.45,0.5556593578096567,0.02322926049930366,0.010840944666688168,161.93,ripe
1762155340.750715,1762155336.0897145,0.5670000000000001,0.8,7,4,0,138,153.09999999997314,284.45,0.5558762037483367,0.023238349740208657,0.010873947489835833,161.93,ripe
1762155340.760808,1762155336.0897145,0.5670000000000001,0.8,7,4,0,138,153.09999999997314,284.45,0.5560937092831933,0.023247361572978995,0.010781366335892995,161.93,ripe
1762155340.7709098,1762155336.0897145,0.5650000000000001,0.8,7,2,0,138,153.09999999997314,284.4,0.5563093624413875,0.023255409467439595,0.009628175368155745,161.93,ripe
1762155340.781034,1762155336.0897145,0.562,0.8,7,2,0,138,153.09999999997314,284.35,0.5565019485558297,0.023261650737330296,0.0074668203489419716,161.93,ripe
1762155340.7911193,1762155336.0897145,0.5630000000000001,0.8,8,3,0,138,153.09999999997314,284.4,0.5566513021443141,0.023267362273264505,0.00683308230807167,161.93,ripe
1762155340.801237,1762155336.0897145,0.562,0.8,8,3,0,138,153.09999999997314,284.5,0.5567879791992197,0.02327233918169943,0.0059542130269731874,161.93,ripe
1762155340.8113074,1762155336.0897145,0.5630000000000001,0.8,8,4,0,138,153.09999999997314,284.6,0.5569070766180675,0.02327732427598494,0.005964019495029005,161.93,ripe
1762155340.8213775,1762155336.0897145,0.562,0.8,8,2,0,138,153.09999999997314,284.65,0.5570263699243198,0.0232818455899444,0.00540917813222852,161.93,ripe
1762155340.8314452,1762155336.0897145,0.559,0.8,6,3,0,138,153.09999999997314,284.7,0.5571345649673697,0.023284840643604362,0.0035832090609044798,161.93,ripe
1762155340.8415096,1762155336.0897145,0.56,0.8,9,2,0,138,153.09999999997314,284.75,0.5572062366014525,0.023287475805928715,0.0031526504126846433,161.93,ripe
1762155340.8515875,1762155336.0897145,0.559,0.8,7,3,0,138,153.09999999997314,284.85,0.5572692960358743,0.02328949033847598,0.0024101474711943904,161.93,ripe
1762155340.8616521,1762155336.0897145,0.557,0.8,7,3,0,138,153.09999999997314,285.0,0.5573175037997303,0.0232903447622195,0.0010222179538040832,161.93,ripe
1762155340.8717475,1762155336.0897145,0.556,0.8,7,3,0,138,153.09999999997314,285.15,0.5573379501599128,0.023290204264595812,-0.00016808928314560045,161.93,ripe
1762155340.881816,1762155336.0897145,0.557,0.8,9,3,0,138,153.09999999997314,285.25,0.5573345880517779,0.023289995588388332,-0.00024965761339434955,161.93,ripe
1762155340.8918824,1762155336.0897145,0.558,0.8,8,4,0,138,153.09999999997314,285.25,0.557329594430133,0.023290173516010187,0.00021287078905884993,161.93,ripe
1762155340.9019427,1762155336.0897145,0.559,0.8,9,3,0,138,153.09999999997314,285.25,0.5573338522381239,0.023290957022068997,0.000937380371472063,161.93,ripe
1762155340.912079,1762155336.0897145,0.559,0.8,8,3,0,138,153.09999999997314,285.1,0.5573526015381113,0.0232920294234748,0.0012830147666867964,161.93,ripe
1762155340.9222584,1762155336.0897145,0.559,0.8,9,3,0,138,153.09999999997314,285.0,0.5573782641037521,0.023293232656960382,0.0014395440486469901,161.93,ripe
1762155340.9323237,1762155336.0897145,0.558,0.8,8,2,0,138,153.09999999997314,284.85,0.5574070574810621,0.023294070042437696,0.0010018465951374678,161.93,ripe
1762155340.9423988,1762155336.0897145,0.556,0.8,8,2,0,138,153.09999999997314,284.75,0.5574270961155342,0.023293883947479527,-0.0002226440774343308,161.93,ripe
1762155340.9524999,1762155336.0897145,0.555,0.8,7,4,0,138,153.09999999997314,284.6,0.5574226428631852,0.023292780291316872,-0.0013204168441351971,161.93,ripe
1762155340.9625726,1762155336.0897145,0.552,0.8,7,3,0,138,153.09999999997314,284.4,0.5573962323712129,0.023289984313978992,-0.0033451193616879094,161.93,ripe
1762155340.9726863,1762155336.0897145,0.551,0.8,8,2,0,138,153.09999999997314,284.15,0.5573293246335175,0.02328596914923023,-0.004803768128754937,161.93,ripe
1762155340.9827504,1762155336.0897145,0.552,0.8,7,4,0,138,153.09999999997314,283.95,0.5572332417410796,0.023281814660927047,-0.00497046348869834,161.93,ripe
1762155340.9928405,1762155336.0897145,0.554,0.8,8,4,0,138,153.09999999997314,283.85,0.5571338248359844,0.023278469289447025,-0.00400243570979375,161.93,ripe
1762155341.0029228,1762155336.0897145,0.553,0.8,8,3,0,138,153.09999999997314,283.85,0.5570537700964675,0.023275135925707468,-0.003988075533372104,161.93,ripe
1762155341.0130076,1762155336.0897145,0.552,0.8,7,3,0,138,153.09999999997314,283.79999999999995,0.5569740027021799,0.023271423868481706,-0.00444115542063217,161.93,ripe
1762155341.023123,1762155336.0897145,0.551,0.8,7,4,0,138,153.09999999997314,283.75,0.5568851731727674,0.023267145462995784,-0.005118749531993538,161.93,ripe
1762155341.0332017,1762155336.0897145,0.552,0.8,8,3,0,138,153.09999999997314,283.8,0.5567827909294892,0.023263050252572418,-0.0048995791091023255,161.93,ripe
1762155341.0433095,1762155336.0897145,0.552,0.8,7,3,0,138,153.09999999997314,283.8,0.5566847925440581,0.023259085765023786,-0.004743186633864638,161.93,ripe
1762155341.0533798,1762155336.0897145,0.551,0.8,7,3,0,138,153.09999999997314,283.85,0.5565899223570193,0.02325480706821525,-0.005119119401922556,161.93,ripe
1762155341.063452,1762155336.0897145,0.549,0.8,7,3,0,138,153.09999999997314,283.85,0.5564875331423911,0.023249581376445443,-0.0062521316648427305,161.93,ripe
1762155341.0735564,1762155336.0897145,0.548,0.8,7,3,0,138,153.09999999997314,283.8,0.5563624823383396,0.02324352601035089,-0.007244781599565431,161.93,ripe
1762155341.083623,1762155336.0897145,0.549,0.8,7,5,0,138,153.09999999997314,283.75,0.556217577427697,0.023237542578415073,-0.007158727058309777,161.93,ripe
1762155341.0936852,1762155336.0897145,0.546,0.8,6,2,0,138,153.09999999997314,283.7,0.5560743939014728,0.02323040050216016,-0.008544968716779233,161.93,ripe
1762155341.1037543,1762155336.0897145,0.547,0.8,6,4,0,138,153.09999999997314,283.65,0.5559034840166928,0.023223180032382433,-0.008638771424345881,161.93,ripe
1762155341.1138394,1762155336.0897145,0.546,0.8,7,4,0,138,153.09999999997314,283.65,0.5557306981749118,0.023215575452964002,-0.00909834187873837,161.93,ripe
1762155341.1239455,1762155336.0897145,0.546,0.8,8,4,0,138,153.09999999997314,283.65,0.5555487205894287,0.023207858715098336,-0.009232542441341973,161.93,ripe
1762155341.1340744,1762155336.0897145,0.545,0.8,8,4,0,138,153.09999999997314,283.65,0.5553640590523033,0.02319974628671557,-0.009705969978259898,161.93,ripe
1762155341.1441672,1762155336.0897145,0.544,0.8,7,4,0,138,153.09999999997314,283.7,0.5551699286411038,0.023191103195224237,-0.010340884104082071,161.93,ripe
1762155341.1542394,1762155336.0897145,0.541,0.8,8,2,0,138,153.09999999997314,283.75,0.5549630994617162,0.023181032795228387,-0.01204857719320529,161.93,ripe
1762155341.1643066,1762155336.0897145,0.541,0.8,8,3,0,138,153.09999999997314,283.85,0.5547221147898155,0.023170363731149304,-0.012764853655560016,161.93,ripe
1762155341.174373,1762155336.0897145,0.542,0.8,8,3,0,138,153.09999999997314,283.85,0.554466804086403,0.02315992593179549,-0.012488173519275336,161.93,ripe
1762155341.1844516,1762155336.0897145,0.543,0.8,8,4,0,138,153.09999999997314,283.85,0.5542170275478662,0.02315012374741611,-0.011727712264302248,161.93,ripe
1762155341.1945543,1762155336.0897145,0.541,0.8,7,4,0,138,153.09999999997314,283.9,0.5539824612756676,0.023139895232092995,-0.012237803633885713,161.93,ripe
1762155341.2046597,1762155336.0897145,0.539,0.8,7,4,0,138,153.09999999997314,283.95,0.5537376929039856,0.02312872429831914,-0.013365364083094522,161.93,ripe
1762155341.2147624,1762155336.0897145,0.537,0.8,8,3,0,138,153.09999999997314,284.0,0.5534703724587772,0.023116367489681485,-0.014784208048331693,161.93,ripe
1762155341.2248564,1762155336.0897145,0.535,0.8,8,3,0,138,153.09999999997314,284.0,0.5531746740280781,0.023102717373323537,-0.016331591822855263,161.93,ripe
1762155341.234973,1762155336.0897145,0.534,0.8,8,2,0,138,153.09999999997314,283.95,0.5528480267436324,0.0230881521469643,-0.017426485641021006,161.93,ripe
1762155341.2450957,1762155336.0897145,0.534,0.8,7,3,0,138,153.09999999997314,283.85,0.5524994808768559,0.023073284183469454,-0.017788710325550183,161.93,ripe
1762155341.2551944,1762155336.0897145,0.534,0.8,7,4,0,138,153.09999999997314,283.7,0.5521436905104242,0.023058416572059398,-0.017788305234771373,161.93,ripe
1762155341.265264,1762155336.0897145,0.534,0.8,8,3,0,138,153.09999999997314,283.65,0.5517879085693815,0.023043697822253233,-0.017610215931555095,161.93,ripe
1762155341.2753298,1762155336.0897145,0.536,0.8,6,5,0,138,153.09999999997314,283.65,0.5514356888865201,0.023030035021246696,-0.01634684256760688,161.93,ripe
1762155341.2853909,1762155336.0897145,0.539,0.8,7,5,0,138,153.09999999997314,283.6,0.5511087380584336,0.023018279982274112,-0.01406431489897697,161.93,ripe
1762155341.2954545,1762155336.0897145,0.54,0.8,7,5,0,138,153.09999999997314,283.5,0.5508274399758196,0.02300799520699716,-0.012305228396091272,161.93,ripe
1762155341.3055232,1762155336.0897145,0.54,0.8,7,4,0,138,153.09999999997314,283.4,0.5505813253034422,0.022998533715147346,-0.011320219513577978,161.93,ripe
1762155341.3156166,1762155336.0897145,0.539,0.8,7,4,0,138,153.09999999997314,283.3,0.5503549118034762,0.022989152351584226,-0.011224358908544008,161.93,ripe
1762155341.3257053,1762155336.0897145,0.539,0.8,7,3,0,138,153.09999999997314,283.2,0.5501304157734107,0.02297990407167138,-0.01106513932594455,161.93,ripe
1762155341.335815,1762155336.0897145,0.541,0.8,7,4,0,138,153.09999999997314,283.15,0.5499091044350962,0.022971649295044652,-0.009876466211363177,161.93,ripe
1762155341.3459032,1762155336.0897145,0.539,0.8,5,4,0,138,153.09999999997314,283.1,0.5497115676304187,0.022963128085774952,-0.010195248518552136,161.93,ripe
1762155341.3560207,1762155336.0897145,0.538,0.8,6,3,0,138,153.09999999997314,283.05,0.5495076550925948,0.02295414364239865,-0.01074949553666149,161.93,ripe
1762155341.3660972,1762155336.0897145,0.538,0.8,7,3,0,138,153.09999999997314,283.05,0.5492926573625999,0.02294502206565269,-0.010913577584633294,161.93,ripe
1762155341.3762112,1762155336.0897145,0.536,0.8,6,2,0,138,153.09999999997314,282.95,0.5490743780310691,0.02293508871564846,-0.01188483814208574,161.93,ripe
1762155341.386278,1762155336.0897145,0.534,0.8,6,4,0,138,153.09999999997314,282.85,0.5488366729654678,0.02292402113828935,-0.013241903020976165,161.93,ripe
1762155341.3963554,1762155336.0897145,0.532,0.8,6,4,0,138,153.09999999997314,282.8,0.5485718258392643,0.022911672674852807,-0.014774440867018512,161.93,ripe
1762155341.406432,1762155336.0897145,0.53,0.8,7,3,0,138,153.09999999997314,282.85,0.5482763271092278,0.02289798427280417,-0.01637763462310493,161.93,ripe
1762155341.4165099,1762155336.0897145,0.53,0.8,8,3,0,138,153.09999999997314,282.95,0.547948763648204,0.022883776194996323,-0.016999417405142547,161.93,ripe
1762155341.4265914,1762155336.0897145,0.53,0.8,8,4,0,138,153.09999999997314,283.05,0.5476087643462622,0.022869455566317115,-0.017134091224731418,161.93,ripe
1762155341.436662,1762155336.0897145,0.531,0.8,7,4,0,138,153.09999999997314,283.1,0.5472660717019687,0.022855640901394556,-0.016528735141203343,161.93,ripe
1762155341.4467256,1762155336.0897145,0.532,0.8,8,3,0,138,153.09999999997314,283.05,0.5469354867703718,0.022842630211439823,-0.015566818489989198,161.93,ripe
1762155341.4568007,1762155336.0897145,0.532,0.8,8,3,0,138,153.09999999997314,283.0,0.5466241409597551,0.022830143583118565,-0.01493980681956375,161.93,ripe
1762155341.4669046,1762155336.0897145,0.534,0.8,8,4,0,138,153.09999999997314,283.04999999999995,0.5463253359440274,0.022818874413423656,-0.01348316887393175,161.93,ripe
1762155341.4769812,1762155336.0897145,0.534,0.8,7,3,0,138,153.09999999997314,283.1,0.5460556647132282,0.022808314495519948,-0.012634581178180282,161.93,ripe
1762155341.4870965,1762155336.0897145,0.534,0.8,8,3,0,138,153.09999999997314,283.20000000000005,0.5458029658777925,0.02279820771547147,-0.012092424110268563,161.93,ripe
1762155341.4971647,1762155336.0897145,0.532,0.8,7,3,0,138,153.09999999997314,283.3,0.5455611106312325,0.022787588252024437,-0.012705839747470526,161.93,ripe
1762155341.5072277,1762155336.0897145,0.533,0.8,9,3,0,138,153.09999999997314,283.35,0.5453069868709449,0.0227772416711967,-0.012379351429063878,161.93,ripe
1762155341.517302,1762155336.0897145,0.534,0.8,8,3,0,138,153.09999999997314,283.35,0.5450593931917371,0.02276755017038701,-0.011595575470796593,161.93,ripe
1762155341.5273757,1762155336.0897145,0.533,0.8,7,3,0,138,153.09999999997314,283.4,0.5448274755773613,0.02275785868199625,-0.011595566716891104,161.93,ripe
1762155341.5374446,1762155336.0897145,0.533,0.8,7,4,0,138,153.09999999997314,283.45,0.5445955582601704,0.022748264119474056,-0.011479603829935292,161.93,ripe
1762155341.547507,1762155336.0897145,0.535,0.8,8,4,0,138,153.09999999997314,283.55,0.5443659603790143,0.022739648792638678,-0.010307983163896806,161.93,ripe
1762155341.5575693,1762155336.0897145,0.535,0.8,7,3,0,138,153.09999999997314,283.65,0.5441597956078438,0.022731599448013114,-0.009630807000284958,161.93,ripe
1762155341.5676346,1762155336.0897145,0.535,0.8,7,3,0,138,153.09999999997314,283.75,0.543967174790954,0.022723907931534202,-0.009202680487174542,161.93,ripe
1762155341.5777001,1762155336.0897145,0.535,0.8,7,3,0,138,153.09999999997314,283.95000000000005,0.5437831168016136,0.02271646866934294,-0.00890086964972392,161.93,ripe
1762155341.587771,1762155336.0897145,0.533,0.8,7,3,0,138,153.09999999997314,284.1,0.5436050952573767,0.02270839161749896,-0.009663971681431849,161.93,ripe
1762155341.5978365,1762155336.0897145,0.536,0.8,8,3,0,138,153.09999999997314,284.25,0.5434118114067502,0.02270133650787282,-0.00844124961877779,161.93,ripe
1762155341.6079068,1762155336.0897145,0.539,0.8,9,4,0,138,153.09999999997314,284.29999999999995,0.5432429826333968,0.02269610638745249,-0.006257701739410537,161.93,ripe
1762155341.6180146,1762155336.0897145,0.541,0.8,8,5,0,138,153.09999999997314,284.3,0.5431178258517383,0.02269265860297013,-0.0041251854047451575,161.93,ripe
1762155341.6281338,1762155336.0897145,0.54,0.8,8,3,0,138,153.09999999997314,284.25,0.5430353203690753,0.022689700746937273,-0.00353900014557873,161.93,ripe
1762155341.6382475,1762155336.0897145,0.538,0.8,7,3,0,138,153.09999999997314,284.2,0.542964538874209,0.022686176747053494,-0.004216378762460726,161.93,ripe
1762155341.6483533,1762155336.0897145,0.539,0.8,8,4,0,138,153.09999999997314,284.04999999999995,0.5428802095569902,0.022682828472418058,-0.004006129501116007,161.93,ripe
1762155341.6584568,1762155336.0897145,0.541,0.8,8,4,0,138,153.09999999997314,283.95000000000005,0.5428000853449643,0.02268043557470191,-0.002863045317027191,161.93,ripe
1762155341.6685715,1762155336.0897145,0.543,0.8,9,4,0,138,153.09999999997314,283.9,0.5427428233026168,0.022679370528263052,-0.001274303288648193,161.93,ripe
1762155341.6786718,1762155336.0897145,0.543,0.8,8,3,0,138,153.09999999997314,283.85,0.542717336741335,0.02267896677904563,-0.0004830767343507736,161.93,ripe
1762155341.6887727,1762155336.0897145,0.542,0.8,8,3,0,138,153.09999999997314,283.85,0.542707675022562,0.02267847320942927,-0.0005905450190698547,161.93,ripe
1762155341.6988971,1762155336.0897145,0.543,0.8,8,4,0,138,153.09999999997314,283.85,0.5426958639016426,0.022678358456890764,-0.00013729889989644306,161.93,ripe
1762155341.7090116,1762155336.0897145,0.544,0.8,8,4,0,138,153.09999999997314,283.8,0.5426931178733961,0.02267884836507225,0.0005861646274769594,161.93,ripe
1762155341.7191098,1762155336.0897145,0.544,0.8,8,3,0,138,153.09999999997314,283.8,0.5427048413761791,0.02267962965742722,0.0009347998742573749,161.93,ripe
1762155341.7292364,1762155336.0897145,0.542,0.8,7,2,0,138,153.09999999997314,283.9,0.5427235377022336,0.022679710129287853,9.628292298469177e-05,161.93,ripe
1762155341.739366,1762155336.0897145,0.542,0.8,7,3,0,138,153.09999999997314,284.05,0.5427254633938585,0.02267944639472265,-0.00031555308124930903,161.93,ripe
1762155341.7494824,1762155336.0897145,0.543,0.8,8,3,0,138,153.09999999997314,284.25,0.5427191522257132,0.022679434529027504,-1.4197069408639074e-05,161.93,ripe
1762155341.7596095,1762155336.0897145,0.543,0.8,9,2,0,138,153.09999999997314,284.35,0.5427188682796283,0.022679546197614486,0.0001336092985239068,161.93,ripe
1762155341.769695,1762155336.0897145,0.543,0.8,8,3,0,138,153.09999999997314,284.4,0.5427215405089147,0.022679717281218287,0.00020469828016134173,161.93,ripe
1762155341.779833,1762155336.0897145,0.541,0.8,7,2,0,138,153.09999999997314,284.4,0.5427256345395538,0.022679079983252654,-0.0007625151450157963,161.93,ripe
1762155341.7899582,1762155336.0897145,0.539,0.8,8,2,0,138,153.09999999997314,284.35,0.5427103839992362,0.022677217168119847,-0.002228824301967247,161.93,ripe
1762155341.8000827,1762155336.0897145,0.537,0.8,8,2,0,138,153.09999999997314,284.25,0.542665806833108,0.02267393669534957,-0.003925026984473501,161.93,ripe
1762155341.810169,1762155336.0897145,0.537,0.8,8,3,0,138,153.09999999997314,284.25,0.5425873051197153,0.022669994376661742,-0.004716915195397964,161.93,ripe
1762155341.8202908,1762155336.0897145,0.535,0.8,7,2,0,138,153.09999999997314,284.2,0.5424929654335157,0.02266493139508417,-0.006057770471357027,161.93,ripe
1762155341.8304033,1762155336.0897145,0.535,0.8,7,3,0,138,153.09999999997314,284.15,0.5423718082843644,0.02265936992041388,-0.006654210803285099,161.93,ripe
1762155341.840513,1762155336.0897145,0.536,0.8,8,4,0,138,153.09999999997314,284.15,0.5422387221955043,0.02265403769188131,-0.006379923454964631,161.93,ripe
1762155341.8505864,1762155336.0897145,0.539,0.8,7,5,0,138,153.09999999997314,284.1,0.54211112196672,0.022650124791028955,-0.004681722596450055,161.93,ripe
1762155341.860686,1762155336.0897145,0.542,0.8,8,4,0,138,153.09999999997314,284.0,0.542017486249323,0.022648200163311566,-0.0023027865641880307,161.93,ripe
1762155341.8707497,1762155336.0897145,0.542,0.8,7,3,0,138,153.09999999997314,283.95,0.5419714299080459,0.02264726903541688,-0.0011140800654784178,161.93,ripe
1762155341.880812,1762155336.0897145,0.544,0.8,7,3,0,138,153.09999999997314,283.9,0.541949148017526,0.022647669815194085,0.0004795269037577432,161.93,ripe
1762155341.8908737,1762155336.0897145,0.546,0.8,7,5,0,138,153.09999999997314,283.85,0.5419587386775946,0.022649555002741795,0.0022555987830472635,161.93,ripe
1762155341.9009411,1762155336.0897145,0.548,0.8,8,4,0,138,153.09999999997314,283.8,0.5420038512156113,0.022652984478414767,0.0041033175147096035,161.93,ripe
1762155341.9110112,1762155336.0897145,0.55,0.8,7,5,0,138,153.09999999997314,283.75,0.5420859185684656,0.02265797214013005,0.005967665796694943,161.93,ripe
1762155341.921083,1762155336.0897145,0.549,0.8,8,2,0,138,153.09999999997314,283.75,0.5422052733133123,0.022663255544256772,0.006321518869268017,161.93,ripe
1762155341.9311664,1762155336.0897145,0.546,0.8,7,2,0,138,153.09999999997314,283.8,0.5423317051740647,0.02266737735589231,0.004931690917225451,161.93,ripe
1762155341.941286,1762155336.0897145,0.544,0.8,7,2,0,138,153.09999999997314,283.85,0.5424303401265032,0.02267005298814658,0.0032013579191418895,161.93,ripe
1762155341.9513533,1762155336.0897145,0.542,0.8,7,2,0,138,153.09999999997314,283.79999999999995,0.5424943680063479,0.02267115745585171,0.0013214810164746682,161.93,ripe
1762155341.9614184,1762155336.0897145,0.54,0.8,7,2,0,138,153.09999999997314,283.79999999999995,0.5425207979185316,0.022670645228488953,-0.0006128734071202402,161.93,ripe
1762155341.9714885,1762155336.0897145,0.538,0.8,7,3,0,138,153.09999999997314,283.85,0.5425085403177408,0.02266851016358769,-0.0025545780620350733,161.93,ripe
1762155341.981557,1762155336.0897145,0.539,0.8,8,3,0,138,153.09999999997314,283.95,0.5424574482146536,0.022666019149744265,-0.0029804670868007754,161.93,ripe
1762155341.9916205,1762155336.0897145,0.538,0.8,7,3,0,138,153.09999999997314,284.1,0.5423978382533804,0.02266296074192023,-0.0036593476894539734,161.93,ripe
1762155342.001688,1762155336.0897145,0.539,0.8,7,4,0,138,153.09999999997314,284.2,0.5423246505541512,0.02266007278557836,-0.003455405272188017,161.93,ripe
1762155342.0118377,1762155336.0897145,0.538,0.8,8,3,0,138,153.09999999997314,284.3,0.5422555417588902,0.022656879340952844,-0.0038209191179086055,161.93,ripe
1762155342.021902,1762155336.0897145,0.538,0.8,7,4,0,138,153.09999999997314,284.4,0.5421791226290017,0.022653568142216404,-0.00396181130851081,161.93,ripe
1762155342.031967,1762155336.0897145,0.538,0.8,7,3,0,138,153.09999999997314,284.5,0.5420998856432387,0.022650232356608874,-0.003991229982993283,161.93,ripe
1762155342.0420823,1762155336.0897145,0.539,0.8,8,4,0,138,153.09999999997314,284.5,0.5420200602936505,0.022647335771258388,-0.00346573246352766,161.93,ripe
1762155342.0521526,1762155336.0897145,0.54,0.8,8,5,0,138,153.09999999997314,284.45000000000005,0.5419507450062134,0.02264510124955844,-0.002673581091152011,161.93,ripe
1762155342.0622275,1762155336.0897145,0.541,0.8,8,3,0,138,153.09999999997314,284.35,0.5418972729019337,0.02264363137367451,-0.001758690944402952,161.93,ripe
1762155342.072292,1762155336.0897145,0.54,0.8,8,1,0,138,153.09999999997314,284.3,0.5418620987720312,0.022642132983930585,-0.0017928077932657382,161.93,ripe
1762155342.0823565,1762155336.0897145,0.541,0.8,8,3,0,138,153.09999999997314,284.29999999999995,0.5418262423054591,0.022641053495602633,-0.001291596816076379,161.93,ripe
1762155342.092421,1762155336.0897145,0.542,0.8,8,3,0,138,153.09999999997314,284.35,0.5418004101497712,0.0226406079529018,-0.0005330874050798462,161.93,ripe
1762155342.1025198,1762155336.0897145,0.543,0.8,9,3,0,138,153.09999999997314,284.4,0.5417897483129402,0.022640895387807173,0.00034391305940550954,161.93,ripe
1762155342.1125903,1762155336.0897145,0.539,0.8,7,2,0,138,153.09999999997314,284.45,0.5417966266302258,0.022639867551807687,-0.001229795944052925,161.93,ripe
1762155342.1226764,1762155336.0897145,0.537,0.8,8,3,0,138,153.09999999997314,284.5,0.5417720305147581,0.02263736973435604,-0.0029886151716717047,161.93,ripe
1762155342.13278,1762155336.0897145,0.538,0.8,8,4,0,138,153.09999999997314,284.55,0.5417122577431401,0.022634594493603333,-0.0033205500715969283,161.93,ripe
1762155342.1428695,1762155336.0897145,0.538,0.8,8,2,0,138,153.09999999997314,284.6,0.5416458462319279,0.022631711068321986,-0.0034499923961562873,161.93,ripe
1762155342.152948,1762155336.0897145,0.538,0.8,7,5,0,138,153.09999999997314,284.6,0.5415768458649453,0.022628803467323887,-0.0034789189470594284,161.93,ripe
1762155342.1630325,1762155336.0897145,0.537,0.8,8,3,0,138,153.09999999997314,284.55,0.5415072669730607,0.022625495208141475,-0.003958303514117745,161.93,ripe
1762155342.1731267,1762155336.0897145,0.534,0.8,7,3,0,138,153.09999999997314,284.45,0.5414281003308257,0.022620770044221503,-0.00565361860135416,161.93,ripe
1762155342.1832273,1762155336.0897145,0.532,0.8,7,2,0,138,153.09999999997314,284.35,0.5413150271582208,0.02261456207277807,-0.007427786293485061,161.93,ripe
1762155342.1933079,1762155336.0897145,0.531,0.8,8,2,0,138,153.09999999997314,284.3,0.5411664704015794,0.02260727171817443,-0.008722849969211466,161.93,ripe
1762155342.2033997,1762155336.0897145,0.528,0.8,7,2,0,138,153.09999999997314,284.3,0.5409920122159143,0.0225982702357083,-0.010770201999730333,161.93,ripe
1762155342.2135234,1762155336.0897145,0.527,0.8,9,2,0,138,153.09999999997314,284.25,0.5407766067404998,0.022588102428703384,-0.01216570163240771,161.93,ripe
1762155342.223598,1762155336.0897145,0.527,0.8,8,3,0,138,153.09999999997314,284.25,0.5405332911188722,0.022577464802274246,-0.012727838564826066,161.93,ripe
1762155342.23368,1762155336.0897145,0.528,0.8,7,3,0,138,153.09999999997314,284.25,0.5402787327184229,0.022567121230136176,-0.0123760064413998,161.93,ripe
1762155342.2437446,1762155336.0897145,0.526,0.8,6,2,0,138,153.09999999997314,284.25,0.5400312110371589,0.022556189405402223,-0.013079847898647357,161.93,ripe
1762155342.253816,1762155336.0897145,0.526,0.8,7,4,0,138,153.09999999997314,284.25,0.5397696124712753,0.022545078656568813,-0.01329393090201958,161.93,ripe
1762155342.2638745,1762155336.0897145,0.527,0.8,7,5,0,138,153.09999999997314,284.3,0.5395037322516918,0.022534409231725026,-0.012765891467063861,161.93,ripe
1762155342.2739697,1762155336.0897145,0.527,0.8,8,3,0,138,153.09999999997314,284.35,0.53924841291518,0.022524062751040633,-0.012379492522865965,161.93,ripe
1762155342.2840314,1762155336.0897145,0.529,0.8,8,3,0,138,153.09999999997314,284.35,0.5390008216324025,0.02251481375465507,-0.011066361436245398,161.93,ripe
1762155342.2941399,1762155336.0897145,0.531,0.8,8,4,0,138,153.09999999997314,284.45000000000005,0.538779493148896,0.02250703079202289,-0.009312263050817449,161.93,ripe
1762155342.3042068,1762155336.0897145,0.532,0.8,8,3,0,138,153.09999999997314,284.45,0.5385932468531079,0.022500461903933854,-0.007859631804068679,161.93,ripe
1762155342.3142712,1762155336.0897145,0.532,0.8,8,3,0,138,153.09999999997314,284.55,0.5384360533611373,0.02249455360175439,-0.00706924583661761,161.93,ripe
1762155342.3243494,1762155336.0897145,0.534,0.8,8,3,0,138,153.09999999997314,284.55,0.5382946676899827,0.02248986384557362,-0.0056112639277228205,161.93,ripe
1762155342.3344665,1762155336.0897145,0.533,0.8,6,3,0,138,153.09999999997314,284.6,0.5381824418245769,0.022485400187142512,-0.005340739943446859,161.93,ripe
1762155342.3445582,1762155336.0897145,0.532,0.8,7,4,0,138,153.09999999997314,284.65,0.5380756264783205,0.02248067406600848,-0.0056547755377555076,161.93,ripe
1762155342.3546205,1762155336.0897145,0.531,0.8,7,4,0,138,153.09999999997314,284.6,0.5379625303995831,0.022475448712309932,-0.006252104929300617,161.93,ripe
1762155342.3647084,1762155336.0897145,0.528,0.8,6,3,0,138,153.09999999997314,284.55,0.5378374876855768,0.0224687773262246,-0.007982274950435575,161.93,ripe
1762155342.3747864,1762155336.0897145,0.53,0.8,9,3,0,138,153.09999999997314,284.45,0.5376778414165548,0.02246229987391969,-0.0077502350489842,161.93,ripe
1762155342.3848848,1762155336.0897145,0.531,0.8,7,4,0,138,153.09999999997314,284.45,0.5375228359828984,0.022456400111697847,-0.007059032799113019,161.93,ripe
1762155342.394974,1762155336.0897145,0.53,0.8,7,4,0,138,153.09999999997314,284.55,0.5373816546729296,0.022450424528297756,-0.007149753081036936,161.93,ripe
1762155342.405049,1762155336.0897145,0.529,0.8,7,4,0,138,153.09999999997314,284.6,0.5372386589621655,0.022444053661537754,-0.007622708166219128,161.93,ripe
1762155342.4151495,1762155336.0897145,0.529,0.8,8,4,0,138,153.09999999997314,284.65,0.5370862041205986,0.022437552815207165,-0.007778228722625347,161.93,ripe
1762155342.425232,1762155336.0897145,0.53,0.8,8,3,0,138,153.09999999997314,284.55,0.5369306388679076,0.022431471175207555,-0.007276651168920956,161.93,ripe
1762155342.435315,1762155336.0897145,0.533,0.8,9,3,0,138,153.09999999997314,284.55,0.5367851052227169,0.022426909424913002,-0.005458111373223606,161.93,ripe
1762155342.4453924,1762155336.0897145,0.536,0.8,8,4,0,138,153.09999999997314,284.6,0.5366759425381683,0.022424391699902672,-0.0030124456134216215,161.93,ripe
1762155342.4554613,1762155336.0897145,0.54,0.8,9,4,0,138,153.09999999997314,284.70000000000005,0.5366156933786711,0.022424572273201916,0.00021605508370226012,161.93,ripe
1762155342.465559,1762155336.0897145,0.541,0.8,7,3,0,138,153.09999999997314,284.70000000000005,0.536620014497722,0.0224264910937463,0.002295859733464689,161.93,ripe
1762155342.4756627,1762155336.0897145,0.541,0.8,7,3,0,138,153.09999999997314,284.6,0.5366659318733491,0.022429242466881633,0.003292005242244267,161.93,ripe
1762155342.4857774,1762155336.0897145,0.54,0.8,8,2,0,138,153.09999999997314,284.6,0.5367317722324776,0.02243195638966945,0.0032471963253191127,161.93,ripe
1762155342.495862,1762155336.0897145,0.541,0.8,8,3,0,138,153.09999999997314,284.6,0.5367967164047901,0.02243504270941146,0.003692767874108216,161.93,ripe
1762155342.5059812,1762155336.0897145,0.541,0.8,8,3,0,138,153.09999999997314,284.5,0.5368705720362164,0.02243828064019783,0.0038741701032327658,161.93,ripe
1762155342.5161211,1762155336.0897145,0.541,0.8,7,4,0,138,153.09999999997314,284.4,0.5369480557199342,0.022441560480840898,0.003924315349790319,161.93,ripe
1762155342.5262089,1762155336.0897145,0.541,0.8,8,3,0,138,153.09999999997314,284.3,0.5370265423065228,0.02244482805867388,0.003909643228339421,161.93,ripe
1762155342.5363464,1762155336.0897145,0.542,0.8,7,4,0,138,153.09999999997314,284.25,0.5371047354440661,0.022448474838658403,0.004363357323365014,161.93,ripe
1762155342.5464473,1762155336.0897145,0.541,0.8,8,3,0,138,153.09999999997314,284.15,0.5371920028890957,0.02245185307271345,0.004042043494619785,161.93,ripe
1762155342.5565534,1762155336.0897145,0.539,0.8,8,3,0,138,153.09999999997314,284.05,0.5372728440300331,0.022454230162982675,0.002844179161824667,161.93,ripe
1762155342.566653,1762155336.0897145,0.539,0.8,8,3,0,138,153.09999999997314,283.95000000000005,0.5373297278001755,0.022456092921839796,0.0022287837957534196,161.93,ripe
1762155342.57675,1762155336.0897145,0.543,0.8,9,4,0,138,153.09999999997314,283.9,0.5373743036196265,0.022459356577920857,0.0039049521783379726,161.93,ripe
1762155342.5868459,1762155336.0897145,0.542,0.8,7,3,0,138,153.09999999997314,283.8,0.5374524029096462,0.02246285614995468,0.004187224989335991,161.93,ripe
1762155342.5969212,1762155336.0897145,0.541,0.8,7,3,0,138,153.09999999997314,283.65,0.5375361476684156,0.0224660184380852,0.003783666281075515,161.93,ripe
1762155342.6069953,1762155336.0897145,0.54,0.8,8,3,0,138,153.09999999997314,283.45000000000005,0.537611821223379,0.022468565947324142,0.0030480857513665027,161.93,ripe
1762155342.617159,1762155336.0897145,0.542,0.8,8,3,0,138,153.09999999997314,283.35,0.5376727831194669,0.022471622513151733,0.0036571703679059153,161.93,ripe
1762155342.6272266,1762155336.0897145,0.542,0.8,8,3,0,138,153.09999999997314,283.25,0.5377459267397211,0.022474897950830693,0.0039190500039653076,161.93,ripe
1762155342.6373026,1762155336.0897145,0.541,0.8,7,4,0,138,153.09999999997314,283.25,0.5378243079633787,0.022477829994470684,0.0035081804084645674,161.93,ripe
1762155342.6473815,1762155336.0897145,0.543,0.8,9,3,0,138,153.09999999997314,283.3,0.5378944717676837,0.02248140022775171,0.004271772418237951,161.93,ripe
1762155342.6574879,1762155336.0897145,0.541,0.8,8,2,0,138,153.09999999997314,283.45,0.5379799074500985,0.022484411698137363,0.0036032146428622847,161.93,ripe
1762155342.667553,1762155336.0897145,0.539,0.8,7,2,0,138,153.09999999997314,283.6,0.5380519719364273,0.02248628348668934,0.002239589110053175,161.93,ripe
1762155342.6776156,1762155336.0897145,0.539,0.8,8,2,0,138,153.09999999997314,283.65,0.5380967638364761,0.022487578113250757,0.0015490166867641042,161.93,ripe
1762155342.6876814,1762155336.0897145,0.543,0.8,9,4,0,138,153.09999999997314,283.70000000000005,0.5381277442500908,0.02249024853037161,0.0031951460115292596,161.93,ripe
1762155342.6977484,1762155336.0897145,0.544,0.8,8,3,0,138,153.09999999997314,283.65,0.5381916473317927,0.022493984266993023,0.00446979779901735,161.93,ripe
1762155342.7078252,1762155336.0897145,0.546,0.8,7,4,0,138,153.09999999997314,283.6,0.5382810435091432,0.02249904042557003,0.0060496790562618585,161.93,ripe
1762155342.7178917,1762155336.0897145,0.545,0.8,7,3,0,138,153.09999999997314,283.6,0.5384020373838909,0.022504275142489722,0.006263323898811679,161.93,ripe
1762155342.727955,1762155336.0897145,0.546,0.8,8,4,0,138,153.09999999997314,283.6,0.5385273041597792,0.02250996289204476,0.00680537648157209,161.93,ripe
1762155342.7380183,1762155336.0897145,0.547,0.8,8,3,0,138,153.09999999997314,283.55,0.5386634120066313,0.02251623363625796,0.007502928314044421,161.93,ripe
1762155342.7481136,1762155336.0897145,0.549,0.8,8,2,0,138,153.09999999997314,283.45,0.5388134709156531,0.022523563112960415,0.008769699244684737,161.93,ripe
1762155342.7581758,1762155336.0897145,0.548,0.8,7,3,0,138,153.09999999997314,283.3,0.5389888652931429,0.02253092018700694,0.008802719787025959,161.93,ripe
1762155342.7682378,1762155336.0897145,0.545,0.8,7,2,0,138,153.09999999997314,283.25,0.5391649200750762,0.02253696355350039,0.007230872465008198,161.93,ripe
1762155342.7783294,1762155336.0897145,0.544,0.8,8,2,0,138,153.09999999997314,283.15,0.5393095378352645,0.022541884883078307,0.005888358434777752,161.93,ripe
1762155342.7883928,1762155336.0897145,0.545,0.8,9,3,0,138,153.09999999997314,283.15,0.5394273052520641,0.022546625087501725,0.005671642882957073,161.93,ripe
1762155342.7984638,1762155336.0897145,0.543,0.8,8,2,0,138,153.09999999997314,283.15,0.5395407383439165,0.02255039336568488,0.004508735723594115,161.93,ripe
1762155342.8085809,1762155336.0897145,0.542,0.8,8,2,0,138,153.09999999997314,283.15,0.5396309132408393,0.0225532298308101,0.003393823792915973,161.93,ripe
1762155342.8186872,1762155336.0897145,0.542,0.8,8,3,0,138,153.09999999997314,283.04999999999995,0.5396987898512858,0.0225555813428309,0.0028135786655918427,161.93,ripe
1762155342.8287697,1762155336.0897145,0.542,0.8,8,3,0,138,153.09999999997314,283.05,0.5397550615339436,0.022557671712649063,0.0025011227244952083,161.93,ripe
1762155342.8388536,1762155336.0897145,0.544,0.8,8,3,0,138,153.09999999997314,283.05,0.5398050840836922,0.022560448991585155,0.0033230080455272093,161.93,ripe
1762155342.848975,1762155336.0897145,0.544,0.8,8,3,0,138,153.09999999997314,282.95000000000005,0.5398715443686329,0.02256353508305964,0.003692501695976791,161.93,ripe
1762155342.8590887,1762155336.0897145,0.543,0.8,7,3,0,138,153.09999999997314,282.85,0.5399453945376174,0.022566323745387286,0.0033366284946875213,161.93,ripe
1762155342.8691635,1762155336.0897145,0.546,0.8,9,3,0,138,153.09999999997314,282.75,0.5400121272271179,0.022570192439427896,0.004628884289034518,161.93,ripe
1762155342.879282,1762155336.0897145,0.545,0.8,8,3,0,138,153.09999999997314,282.65,0.5401047050755097,0.022574133775658676,0.0047158006825664955,161.93,ripe
1762155342.889364,1762155336.0897145,0.545,0.8,9,2,0,138,153.09999999997314,282.6,0.5401990212515123,0.02257807129306363,0.004711231627525847,161.93,ripe
1762155342.8994536,1762155336.0897145,0.544,0.8,8,2,0,138,153.09999999997314,282.65,0.5402932460430129,0.022581549677749696,0.0041618803965062234,161.93,ripe
1762155342.9095154,1762155336.0897145,0.544,0.8,8,3,0,138,153.09999999997314,282.7,0.5403764837885504,0.022584768303466733,0.0038510794312091035,161.93,ripe
1762155342.9195812,1762155336.0897145,0.544,0.8,8,4,0,138,153.09999999997314,282.75,0.540453505501959,0.02258782746094222,0.0036602761079207458,161.93,ripe
1762155342.929655,1762155336.0897145,0.542,0.8,7,2,0,138,153.09999999997314,282.8,0.5405267111403474,0.02258994211501783,0.002530179664592458,161.93,ripe
1762155342.9397342,1762155336.0897145,0.542,0.8,8,4,0,138,153.09999999997314,282.79999999999995,0.5405773148123768,0.022591572815866365,0.0019511305900931086,161.93,ripe
1762155342.9498143,1762155336.0897145,0.54,0.8,7,3,0,138,153.09999999997314,282.85,0.5406163374836823,0.02259211430035088,0.0006478852175526573,161.93,ripe
1762155342.9598835,1762155336.0897145,0.536,0.8,7,2,0,138,153.09999999997314,282.95,0.5406292952073967,0.022590445109559754,-0.001997183856779161,161.93,ripe
1762155342.970003,1762155336.0897145,0.536,0.8,7,3,0,138,153.09999999997314,283.05,0.5405893514717651,0.022587709379936514,-0.0032732957964564102,161.93,ripe
1762155342.9801006,1762155336.0897145,0.536,0.8,7,3,0,138,153.09999999997314,283.15,0.5405238854618809,0.022584478403704637,-0.003865857624226532,161.93,ripe
1762155342.9901621,1762155336.0897145,0.537,0.8,8,3,0,138,153.09999999997314,283.25,0.5404465682006522,0.022581454952582156,-0.003617554281824975,161.93,ripe
1762155343.0002432,1762155336.0897145,0.535,0.8,6,3,0,138,153.09999999997314,283.25,0.5403742170152912,0.0225777276512199,-0.0044597100558776415,161.93,ripe
1762155343.0103092,1762155336.0897145,0.535,0.8,8,3,0,138,153.09999999997314,283.25,0.5402850226936924,0.022573692736380963,-0.004827769213985533,161.93,ripe
1762155343.0204048,1762155336.0897145,0.533,0.8,7,2,0,138,153.09999999997314,283.1,0.5401884671815966,0.022568711668120748,-0.005959840441743136,161.93,ripe
1762155343.0304656,1762155336.0897145,0.535,0.8,9,4,0,138,153.09999999997314,283.0,0.5400692702181297,0.022564152567591457,-0.005454956848202852,161.93,ripe
1762155343.0405269,1762155336.0897145,0.536,0.8,9,3,0,138,153.09999999997314,282.9,0.5399601709424637,0.022560263708373118,-0.00465301425750031,161.93,ripe
1762155343.0505996,1762155336.0897145,0.535,0.8,8,2,0,138,153.09999999997314,282.85,0.5398671105413688,0.02255632427004961,-0.004713532198887149,161.93,ripe
1762155343.0606654,1762155336.0897145,0.533,0.8,8,1,0,138,153.09999999997314,282.85,0.5397728397822873,0.02255156367044511,-0.005696050611046499,161.93,ripe
1762155343.0707393,1762155336.0897145,0.532,0.8,8,2,0,138,153.09999999997314,282.95000000000005,0.5396589186337516,0.02254603042196067,-0.006620524048131182,161.93,ripe
1762155343.0808003,1762155336.0897145,0.528,0.8,7,2,0,138,153.09999999997314,283.05,0.539526507997519,0.022538502364245826,-0.009007310704708726,161.93,ripe
1762155343.0909028,1762155336.0897145,0.528,0.8,7,3,0,138,153.09999999997314,283.1,0.5393463615764028,0.022530072130823545,-0.010086762929997661,161.93,ripe
1762155343.101013,1762155336.0897145,0.529,0.8,8,3,0,138,153.09999999997314,283.1,0.5391446260906075,0.02252170201981596,-0.01001482676740495,161.93,ripe
1762155343.1111279,1762155336.0897145,0.529,0.8,8,3,0,138,153.09999999997314,283.1,0.538944329334196,0.022513445070080684,-0.009879429672594697,161.93,ripe
1762155343.1212265,1762155336.0897145,0.531,0.8,9,4,0,138,153.09999999997314,283.1,0.538746740527031,0.02250616191092217,-0.008714290696230309,161.93,ripe
1762155343.131327,1762155336.0897145,0.53,0.8,7,3,0,138,153.09999999997314,283.1,0.5385724545283677,0.022499010854924704,-0.008556229612967314,161.93,ripe
1762155343.1414258,1762155336.0897145,0.53,0.8,7,4,0,138,153.09999999997314,283.1,0.5384013297583483,0.022491996040177573,-0.008393217300648126,161.93,ripe
1762155343.1515167,1762155336.0897145,0.53,0.8,8,4,0,138,153.09999999997314,283.1,0.5382334652414494,0.022485118131926354,-0.008229409012599276,161.93,ripe
1762155343.1616087,1762155336.0897145,0.532,0.8,8,4,0,138,153.09999999997314,283.1,0.5380688768969978,0.022479211858886874,-0.007066848782572688,161.93,ripe
1762155343.1716874,1762155336.0897145,0.536,0.8,9,4,0,138,153.09999999997314,283.1,0.537927539783163,0.022475512293515246,-0.004426525725950481,161.93,ripe
1762155343.1817777,1762155336.0897145,0.538,0.8,8,4,0,138,153.09999999997314,283.1,0.53783900918382,0.022473766782344116,-0.002088502155213723,161.93,ripe
1762155343.19187,1762155336.0897145,0.535,0.8,8,2,0,138,153.09999999997314,283.20000000000005,0.5377972391014948,0.022471742555168286,-0.002421985587191644,161.93,ripe
1762155343.2019486,1762155336.0897145,0.534,0.8,8,2,0,138,153.09999999997314,283.35,0.5377487993451773,0.022469184113589887,-0.003061172588025629,161.93,ripe
1762155343.2120636,1762155336.0897145,0.534,0.8,7,4,0,138,153.09999999997314,283.5,0.5376875758382061,0.02246638949142968,-0.003343762459630306,161.93,ripe
1762155343.2221272,1762155336.0897145,0.535,0.8,8,3,0,138,153.09999999997314,283.6,0.5376207005299124,0.022463924972921948,-0.0029487938406244085,161.93,ripe
1762155343.2321968,1762155336.0897145,0.534,0.8,8,3,0,138,153.09999999997314,283.6,0.5375617246020223,0.022461228964568192,-0.0032257712573783293,161.93,ripe
1762155343.2422683,1762155336.0897145,0.532,0.8,7,2,0,138,153.09999999997314,283.6,0.537497209122117,0.022457610714630236,-0.004329232449794884,161.93,ripe
1762155343.2523813,1762155336.0897145,0.533,0.8,8,3,0,138,153.09999999997314,283.65,0.5374106244011017,0.022453994634737406,-0.004326636064940548,161.93,ripe
1762155343.2624686,1762155336.0897145,0.534,0.8,8,3,0,138,153.09999999997314,283.7,0.5373240916092663,0.02245083366485652,-0.003782097441185739,161.93,ripe
1762155343.2725358,1762155336.0897145,0.537,0.8,9,3,0,138,153.09999999997314,283.75,0.5372484496000167,0.02244918096609843,-0.0019774525159763634,161.93,ripe
1762155343.282607,1762155336.0897145,0.536,0.8,7,2,0,138,153.09999999997314,283.75,0.5372089005187356,0.02244786596134804,-0.001573401976715405,161.93,ripe
1762155343.292673,1762155336.0897145,0.534,0.8,7,3,0,138,153.09999999997314,283.8,0.5371774324550588,0.02244589380509379,-0.0023596831840486665,161.93,ripe
1762155343.302751,1762155336.0897145,0.535,0.8,8,3,0,138,153.09999999997314,283.8,0.5371302387558946,0.02244403725201636,-0.002221364120389535,161.93,ripe
1762155343.3128295,1762155336.0897145,0.536,0.8,8,3,0,138,153.09999999997314,283.85,0.5370858114407516,0.022442673795851714,-0.0016313741229990741,161.93,ripe
1762155343.322925,1762155336.0897145,0.535,0.8,8,2,0,138,153.09999999997314,283.9,0.5370531839347317,0.022441147705949502,-0.0018259652758554346,161.93,ripe
1762155343.332991,1762155336.0897145,0.534,0.8,8,2,0,138,153.09999999997314,284.0,0.5370166646033717,0.022439139300650345,-0.0024030552739335853,161.93,ripe
1762155343.3430734,1762155336.0897145,0.534,0.8,8,3,0,138,153.09999999997314,284.05,0.5369686034645629,0.02243691464489701,-0.002661798799843851,161.93,ripe
1762155343.3531322,1762155336.0897145,0.533,0.8,8,2,0,138,153.09999999997314,284.05,0.5369153674523856,0.022434188387234995,-0.003261965120025967,161.93,ripe
1762155343.3632057,1762155336.0897145,0.534,0.8,9,2,0,138,153.09999999997314,284.1,0.5368501281065335,0.022431661493032086,-0.003023426940353735,161.93,ripe
1762155343.37327,1762155336.0897145,0.533,0.8,9,2,0,138,153.09999999997314,284.15,0.536789659528258,0.022428839670127907,-0.0033763089451680495,161.93,ripe
1762155343.383332,1762155336.0897145,0.533,0.8,9,2,0,138,153.09999999997314,284.20000000000005,0.5367221333061609,0.02242590155043018,-0.0035154580146159464,161.93,ripe
1762155343.3933923,1762155336.0897145,0.532,0.8,7,3,0,138,153.09999999997314,284.25,0.5366518241017944,0.022422517940782778,-0.004048486456021849,161.93,ripe
1762155343.4034874,1762155336.0897145,0.532,0.8,7,3,0,138,153.09999999997314,284.2,0.5365708543229321,0.022418949877205455,-0.004269185500045736,161.93,ripe
1762155343.4135556,1762155336.0897145,0.532,0.8,7,4,0,138,153.09999999997314,284.15,0.5364854705615267,0.022415327111883668,-0.0043346361500835595,161.93,ripe
1762155343.423622,1762155336.0897145,0.53,0.8,7,3,0,138,153.09999999997314,284.05,0.5363987777873763,0.022410877998921178,-0.005323360581654724,161.93,ripe
1762155343.4336953,1762155336.0897145,0.53,0.8,7,2,0,138,153.09999999997314,284.1,0.5362923105141839,0.022406068466809113,-0.005754601911323043,161.93,ripe
1762155343.443819,1762155336.0897145,0.528,0.8,7,3,0,138,153.09999999997314,284.15,0.5361772184107423,0.022400294653231557,-0.0069083641093118375,161.93,ripe
1762155343.4538975,1762155336.0897145,0.53,0.8,8,4,0,138,153.09999999997314,284.25,0.5360390510518314,0.02239494185140415,-0.00640462390111618,161.93,ripe
1762155343.4640114,1762155336.0897145,0.533,0.8,8,4,0,138,153.09999999997314,284.3,0.5359109585041014,0.02239110253056951,-0.004593744928743759,161.93,ripe
1762155343.4740922,1762155336.0897145,0.533,0.8,8,2,0,138,153.09999999997314,284.35,0.5358190835565285,0.02238804320864558,-0.0036604767688496187,161.93,ripe
1762155343.4842136,1762155336.0897145,0.535,0.8,8,4,0,138,153.09999999997314,284.45000000000005,0.5357458739828889,0.02238623245085306,-0.0021665705890494547,161.93,ripe
1762155343.4943097,1762155336.0897145,0.535,0.8,7,4,0,138,153.09999999997314,284.45000000000005,0.5357025425489138,0.02238505159706184,-0.0014128908519940309,161.93,ripe
1762155343.5044153,1762155336.0897145,0.537,0.8,8,3,0,138,153.09999999997314,284.5,0.53567428471769,0.02238502697618117,-2.9458869230114537e-05,161.93,ripe
1762155343.5145252,1762155336.0897145,0.537,0.8,8,3,0,138,153.09999999997314,284.6,0.5356736955400155,0.022385569155618647,0.0006487173842143479,161.93,ripe
1762155343.524628,1762155336.0897145,0.538,0.8,7,3,0,138,153.09999999997314,284.7,0.5356866698939544,0.02238680153110112,0.001474536568160545,161.93,ripe
1762155343.5347311,1762155336.0897145,0.536,0.8,8,3,0,138,153.09999999997314,284.75,0.53571616063925,0.022387524007483926,0.0008644425918075127,161.93,ripe
1762155343.5448492,1762155336.0897145,0.535,0.8,8,3,0,138,153.09999999997314,284.75,0.5357334494990905,0.022387571522855622,5.685211643824406e-05,161.93,ripe
1762155343.55496,1762155336.0897145,0.535,0.8,7,3,0,138,153.09999999997314,284.79999999999995,0.5357345865419352,0.022387287832186922,-0.0003394357341708343,161.93,ripe
1762155343.5650785,1762155336.0897145,0.536,0.8,7,3,0,138,153.09999999997314,284.85,0.5357277978242332,0.022387262573153474,-3.0222420351000423e-05,161.93,ripe
1762155343.5751884,1762155336.0897145,0.535,0.8,7,2,0,138,153.09999999997314,285.0,0.5357271933755627,0.022386946312530645,-0.0003784056736215735,161.93,ripe
1762155343.5853002,1762155336.0897145,0.537,0.8,7,4,0,138,153.09999999997314,285.1,0.5357196252588585,0.022387326395090137,0.0004547685921121314,161.93,ripe
1762155343.5954185,1762155336.0897145,0.537,0.8,7,3,0,138,153.09999999997314,285.15,0.5357287206345072,0.022388043884971513,0.0008584762909782384,161.93,ripe
1762155343.6055434,1762155336.0897145,0.536,0.8,7,3,0,138,153.09999999997314,285.25,0.5357458901673684,0.022388501643864543,0.0005477082953743162,161.93,ripe
1762155343.6156464,1762155336.0897145,0.535,0.8,8,2,0,138,153.09999999997314,285.4,0.5357568443376787,0.02238840967131991,-0.00011004510630729936,161.93,ripe
1762155343.6257503,1762155336.0897145,0.531,0.8,8,1,0,138,153.09999999997314,285.45000000000005,0.5357546434346856,0.02238637770746075,-0.002431243818999951,161.93,ripe
1762155343.6358333,1762155336.0897145,0.53,0.8,7,2,0,138,153.09999999997314,285.45,0.5357060185395359,0.022382997581876445,-0.004044318731693086,161.93,ripe
1762155343.645911,1762155336.0897145,0.53,0.8,8,3,0,138,153.09999999997314,285.4,0.5356251321343035,0.022378990658343024,-0.004794282230382141,161.93,ripe
1762155343.6559997,1762155336.0897145,0.528,0.8,7,3,0,138,153.09999999997314,285.35,0.5355292464541487,0.02237388090178356,-0.006113821502187977,161.93,ripe
1762155343.6660714,1762155336.0897145,0.527,0.8,8,3,0,138,153.09999999997314,285.25,0.5354069699796807,0.022367863969007168,-0.007199257503700429,161.93,ripe
1762155343.6761398,1762155336.0897145,0.525,0.8,8,3,0,138,153.09999999997314,285.15,0.5352629847783417,0.022360626917973553,-0.008659128540351446,161.93,ripe
1762155343.6862044,1762155336.0897145,0.525,0.8,8,4,0,138,153.09999999997314,285.0,0.5350898021471072,0.022352864379566493,-0.009287874028112042,161.93,ripe
1762155343.6963208,1762155336.0897145,0.525,0.8,7,3,0,138,153.09999999997314,284.85,0.5349040446030263,0.02234492197778792,-0.009503080543528664,161.93,ripe
1762155343.7063823,1762155336.0897145,0.526,0.8,8,3,0,138,153.09999999997314,284.75,0.5347139829284651,0.022337388752665662,-0.00901350089871622,161.93,ripe
1762155343.7164853,1762155336.0897145,0.525,0.8,7,3,0,138,153.09999999997314,284.75,0.5345337128512895,0.022329713470766805,-0.009183471836414991,161.93,ripe
1762155343.7265582,1762155336.0897145,0.525,0.8,7,4,0,138,153.09999999997314,284.75,0.5343500433554498,0.02232204533391618,-0.009174922848012468,161.93,ripe
1762155343.7366211,1762155336.0897145,0.525,0.8,7,4,0,138,153.09999999997314,284.75,0.5341665448406144,0.022314457379555026,-0.009078984586895822,161.93,ripe
1762155343.746681,1762155336.0897145,0.526,0.8,7,3,0,138,153.09999999997314,284.65,0.533984965092752,0.022307402479828486,-0.008441184965892634,161.93,ripe
1762155343.7567747,1762155336.0897145,0.527,0.8,8,4,0,138,153.09999999997314,284.55,0.5338161413422958,0.022301097211530632,-0.007544251278866154,161.93,ripe
1762155343.766885,1762155336.0897145,0.528,0.8,9,3,0,138,153.09999999997314,284.5,0.5336652562719282,0.022295640200966756,-0.006529311240213387,161.93,ripe
1762155343.7769723,1762155336.0897145,0.526,0.8,7,3,0,138,153.09999999997314,284.45,0.5335346700091346,0.02228981763558485,-0.006966697493277163,161.93,ripe
1762155343.7870638,1762155336.0897145,0.529,0.8,8,4,0,138,153.09999999997314,284.45,0.5333953360195456,0.022285127830879967,-0.005611349761616813,161.93,ripe
1762155343.7971344,1762155336.0897145,0.53,0.8,7,4,0,138,153.09999999997314,284.5,0.5332831089929577,0.02228145786258385,-0.004391115863993322,161.93,ripe
1762155343.807213,1762155336.0897145,0.531,0.8,8,4,0,138,153.09999999997314,284.6,0.5331952866516316,0.022278742199433803,-0.00324929008714947,161.93,ripe
1762155343.8172843,1762155336.0897145,0.531,0.8,6,5,0,138,153.09999999997314,284.7,0.533130300832451,0.02227652130244343,-0.0026573025502099057,161.93,ripe
1762155343.82735,1762155336.0897145,0.532,0.8,6,5,0,138,153.09999999997314,284.75,0.5330771547674714,0.022274982935455802,-0.001840655626350829,161.93,ripe
1762155343.8374188,1762155336.0897145,0.532,0.8,7,3,0,138,153.09999999997314,284.7,0.5330403416454574,0.02227379439184189,-0.0014220920748970745,161.93,ripe
1762155343.8474822,1762155336.0897145,0.531,0.8,7,3,0,138,153.09999999997314,284.65,0.5330118997967765,0.022272371261517668,-0.0017027750114964046,161.93,ripe
1762155343.8575509,1762155336.0897145,0.532,0.8,7,4,0,138,153.09999999997314,284.70000000000005,0.5329778442881179,0.02227126530061801,-0.0013232818954778125,161.93,ripe
1762155343.8676567,1762155336.0897145,0.531,0.8,7,3,0,138,153.09999999997314,284.8,0.5329513786437892,0.022269907926749634,-0.0016240974474690528,161.93,ripe
1762155343.8777287,1762155336.0897145,0.532,0.8,8,4,0,138,153.09999999997314,284.95,0.5329188966871189,0.022268858819870098,-0.0012552560889588227,161.93,ripe
1762155343.8877962,1762155336.0897145,0.533,0.8,8,4,0,138,153.09999999997314,285.1,0.5328937915594916,0.022268389140481296,-0.0005619712604114646,161.93,ripe
1762155343.8978608,1762155336.0897145,0.534,0.8,9,2,0,138,153.09999999997314,285.15,0.5328825521317175,0.022268625962947836,0.00028335801782253256,161.93,ripe
1762155343.9079752,1762155336.0897145,0.535,0.8,8,3,0,138,153.09999999997314,285.15,0.5328882192933418,0.02226962448868404,0.0011947357814282578,161.93,ripe
1762155343.918088,1762155336.0897145,0.534,0.8,8,2,0,138,153.09999999997314,285.15,0.5329121140142092,0.022270568378166555,0.0011293635231758303,161.93,ripe
1762155343.9281704,1762155336.0897145,0.535,0.8,8,3,0,138,153.09999999997314,285.15,0.5329347012895258,0.02227189394257368,0.0015860374791667464,161.93,ripe
1762155343.938259,1762155336.0897145,0.538,0.8,8,4,0,138,153.09999999997314,285.04999999999995,0.5329664220457883,0.022274646928798728,0.0032939473385580342,161.93,ripe
1762155343.948391,1762155336.0897145,0.539,0.8,9,2,0,138,153.09999999997314,285.0,0.5330323010061537,0.022278489707416214,0.004597883686019433,161.93,ripe
1762155343.9584947,1762155336.0897145,0.537,0.8,8,2,0,138,153.09999999997314,284.95,0.5331242586984701,0.022281992285333604,0.00419083364761641,161.93,ripe
1762155343.9685934,1762155336.0897145,0.536,0.8,8,3,0,138,153.09999999997314,284.95,0.5332080753880333,0.022284875253536656,0.0034494707850100115,161.93,ripe
1762155343.9787,1762155336.0897145,0.537,0.8,8,3,0,138,153.09999999997314,284.95,0.5332770648171323,0.022287843668869205,0.003551708269389331,161.93,ripe
1762155343.9888074,1762155336.0897145,0.535,0.8,7,3,0,138,153.09999999997314,284.85,0.5333480989960402,0.02228998849797568,0.002566287547220658,161.93,ripe
1762155343.9989026,1762155336.0897145,0.536,0.8,8,4,0,138,153.09999999997314,284.7,0.5333994247565582,0.022292126207112847,0.0025577685150722784,161.93,ripe
1762155344.0089974,1762155336.0897145,0.537,0.8,8,4,0,138,153.09999999997314,284.6,0.5334505801362106,0.022294656935940294,0.003028016499604602,161.93,ripe
1762155344.0191035,1762155336.0897145,0.537,0.8,8,3,0,138,153.09999999997314,284.45,0.5335111404770514,0.022297354937116706,0.0032281578408561717,161.93,ripe
1762155344.0291696,1762155336.0897145,0.538,0.8,9,2,0,138,153.09999999997314,284.45,0.5335757036452029,0.022300525807293456,0.003793945513750896,161.93,ripe
1762155344.0392387,1762155336.0897145,0.538,0.8,8,3,0,138,153.09999999997314,284.45,0.5336515825685325,0.02230389667456547,0.00403324201094446,161.93,ripe
1762155344.0493083,1762155336.0897145,0.538,0.8,8,3,0,138,153.09999999997314,284.6,0.5337322474223518,0.022307331831729296,0.00411016486738669,161.93,ripe
1762155344.0593767,1762155336.0897145,0.539,0.8,8,3,0,138,153.09999999997314,284.75,0.5338144507332823,0.02231118202492407,0.004606755411586949,161.93,ripe
1762155344.0694385,1762155336.0897145,0.539,0.8,8,2,0,138,153.09999999997314,284.85,0.5339065858564331,0.022315197083827825,0.004804017216001544,161.93,ripe
1762155344.0795014,1762155336.0897145,0.539,0.8,7,2,0,138,153.09999999997314,284.85,0.534002666216,0.022319252776326674,0.004852635320217402,161.93,ripe
1762155344.0895739,1762155336.0897145,0.539,0.8,8,3,0,138,153.09999999997314,284.7,0.5340997189374974,0.022323287822349585,0.004827931830611254,161.93,ripe
1762155344.0996864,1762155336.0897145,0.539,0.8,8,2,0,138,153.09999999997314,284.6,0.5341962775888257,0.0223272724011271,0.004767547795228588,161.93,ripe
1762155344.1097903,1762155336.0897145,0.54,0.8,8,3,0,138,153.09999999997314,284.5,0.5342916285589716,0.022331610290715696,0.005190284133055556,161.93,ripe
1762155344.1198604,1762155336.0897145,0.54,0.8,8,2,0,138,153.09999999997314,284.4,0.5343954342568268,0.022336077923691845,0.005345522089186816,161.93,ripe
1762155344.1299238,1762155336.0897145,0.54,0.8,7,2,0,138,153.09999999997314,284.3,0.534502344713946,0.022340564454585012,0.005368133459060842,161.93,ripe
1762155344.1399884,1762155336.0897145,0.541,0.8,7,3,0,138,153.09999999997314,284.2,0.5346097073982194,0.022345433265693094,0.005825531688284036,161.93,ripe
1762155344.1500533,1762155336.0897145,0.54,0.8,8,2,0,138,153.09999999997314,284.15,0.5347262180480359,0.02235002282042489,0.005491401495215875,161.93,ripe
1762155344.1601179,1762155336.0897145,0.54,0.8,8,2,0,138,153.09999999997314,284.05,0.5348360460927677,0.022354429643973973,0.0052727636788582055,161.93,ripe
1762155344.1701927,1762155336.0897145,0.539,0.8,8,2,0,138,153.09999999997314,283.95,0.5349415013802974,0.02235828497544378,0.004612903505515575,161.93,ripe
1762155344.180217,1762155336.0897145,0.537,0.8,8,1,0,138,153.09999999997314,283.85,0.5350337594623699,0.022360995751367452,0.0032434429805366927,161.93,ripe
1762155344.1902819,1762155336.0897145,0.534,0.8,8,1,0,138,153.09999999997314,283.79999999999995,0.5350986283302233,0.02236186493065766,0.0010399728912300343,161.93,ripe
1762155344.200355,1762155336.0897145,0.534,0.8,7,3,0,138,153.09999999997314,283.7,0.5351194277906379,0.02236182303580933,-5.0127179911263475e-05,161.93,ripe
1762155344.2104585,1762155336.0897145,0.532,0.8,8,1,0,138,153.09999999997314,283.55,0.5351184252469174,0.022360499362486335,-0.0015837749415541502,161.93,ripe
1762155344.2205284,1762155336.0897145,0.533,0.8,8,3,0,138,153.09999999997314,283.4,0.5350867497442982,0.022358978740000035,-0.0018194245916165475,161.93,ripe
1762155344.2306004,1762155336.0897145,0.532,0.8,7,3,0,138,153.09999999997314,283.35,0.535050361248201,0.022356958933105395,-0.002416698671860229,161.93,ripe
1762155344.2407124,1762155336.0897145,0.532,0.8,7,4,0,138,153.09999999997314,283.4,0.5350020272692122,0.02235471472392588,-0.002685195981041777,161.93,ripe
1762155344.250816,1762155336.0897145,0.534,0.8,9,3,0,138,153.09999999997314,283.5,0.5349483233435465,0.02235321877081522,-0.0017899076994613017,161.93,ripe
1762155344.2609162,1762155336.0897145,0.531,0.8,7,2,0,138,153.09999999997314,283.6,0.5349125251856083,0.022350850766076517,-0.002833317363565624,161.93,ripe
1762155344.271027,1762155336.0897145,0.53,0.8,8,3,0,138,153.09999999997314,283.65,0.5348558588322112,0.02234766125055166,-0.0038162549211898655,161.93,ripe
1762155344.2811174,1762155336.0897145,0.531,0.8,7,4,0,138,153.09999999997314,283.6,0.5347795337257014,0.02234451897544883,-0.003759731770190733,161.93,ripe
1762155344.2912295,1762155336.0897145,0.529,0.8,7,3,0,138,153.09999999997314,283.6,0.5347043390824907,0.022340595499826282,-0.0046944381047353545,161.93,ripe
1762155344.3013294,1762155336.0897145,0.528,0.8,8,2,0,138,153.09999999997314,283.55,0.5346104503108431,0.022335910585174465,-0.005605499821965454,161.93,ripe
1762155344.3114493,1762155336.0897145,0.526,0.8,8,2,0,138,153.09999999997314,283.5,0.5344983403032251,0.02233006364347584,-0.006995865058786244,161.93,ripe
1762155344.3215332,1762155336.0897145,0.525,0.8,8,2,0,138,153.09999999997314,283.45000000000005,0.534358422988377,0.022323287892416478,-0.00810718536615751,161.93,ripe
1762155344.331621,1762155336.0897145,0.522,0.8,7,1,0,138,153.09999999997314,283.4,0.5341962792655265,0.02231487112568056,-0.010070660454416736,161.93,ripe
1762155344.3417325,1762155336.0897145,0.521,0.8,8,1,0,138,153.09999999997314,283.35,0.533994866037536,0.022305316543412782,-0.011432056631981102,161.93,ripe
1762155344.351809,1762155336.0897145,0.521,0.8,7,3,0,138,153.09999999997314,283.3,0.533766224883868,0.02229529997737743,-0.011984820181090594,161.93,ripe
1762155344.361916,1762155336.0897145,0.52,0.8,7,3,0,138,153.09999999997314,283.35,0.533526528458642,0.022284739319438977,-0.012635826107253334,161.93,ripe
1762155344.3720117,1762155336.0897145,0.52,0.8,7,3,0,138,153.09999999997314,283.4,0.5332738119141749,0.02227401766306711,-0.01282846073848054,161.93,ripe
1762155344.3821023,1762155336.0897145,0.519,0.8,8,3,0,138,153.09999999997314,283.45,0.5330172426771961,0.022262906448510367,-0.013294567089348841,161.93,ripe
1762155344.3921664,1762155336.0897145,0.517,0.8,8,2,0,138,153.09999999997314,283.45,0.5327513513128532,0.02225087969153984,-0.014390013518929656,161.93,ripe
1762155344.4022336,1762155336.0897145,0.514,0.8,6,2,0,138,153.09999999997314,283.45,0.5324635510185486,0.022237270929777883,-0.016282882121586795,161.93,ripe
1762155344.4123008,1762155336.0897145,0.513,0.8,7,3,0,138,153.09999999997314,283.55,0.532137893349585,0.0222226051877786,-0.017547558901104043,161.93,ripe
1762155344.4223661,1762155336.0897145,0.511,0.8,5,3,0,138,153.09999999997314,283.65,0.531786942143542,0.022206732411844357,-0.018991774919301596,161.93,ripe
1762155344.4324265,1762155336.0897145,0.509,0.8,7,2,0,138,153.09999999997314,283.75,0.5314071066154357,0.022189591146005664,-0.020509523003315433,161.93,ripe
1762155344.4424958,1762155336.0897145,0.507,0.8,8,2,0,138,153.09999999997314,283.75,0.5309969161239156,0.0221711639617393,-0.022048124317855522,161.93,ripe
1762155344.4525778,1762155336.0897145,0.506,0.8,7,3,0,138,153.09999999997314,283.75,0.5305559536044216,0.022151873063785927,-0.02308155770139153,161.93,ripe
1762155344.4626596,1762155336.0897145,0.505,0.8,7,2,0,138,153.09999999997314,283.6,0.5300943224163974,0.02213193396960567,-0.023857124464882418,161.93,ripe
1762155344.4727292,1762155336.0897145,0.505,0.8,8,3,0,138,153.09999999997314,283.55,0.5296171798926638,0.022111876650245645,-0.02399858091690621,161.93,ripe
1762155344.4828386,1762155336.0897145,0.504,0.8,7,3,0,138,153.09999999997314,283.55,0.5291372082403785,0.022091544088240846,-0.024327908752499683,161.93,ripe
1762155344.4928975,1762155336.0897145,0.506,0.8,8,4,0,138,153.09999999997314,283.54999999999995,0.5286506500316036,0.022072115754043862,-0.023246000287664215,161.93,ripe
1762155344.5029774,1762155336.0897145,0.504,0.8,7,3,0,138,153.09999999997314,283.6,0.5281857299942697,0.02205248900378431,-0.02348340512229996,161.93,ripe
1762155344.5130503,1762155336.0897145,0.503,0.8,8,3,0,138,153.09999999997314,283.54999999999995,0.5277160618605587,0.022032543411656065,-0.023864899424573816,161.93,ripe
1762155344.5231361,1762155336.0897145,0.501,0.8,7,2,0,138,153.09999999997314,283.45000000000005,0.5272387638409298,0.02201180527190738,-0.024813182622937302,161.93,ripe
1762155344.5332413,0,0.499,0.8,7,2,2,138,153.09999999997314,283.35,0.5267425001567437,0.021990050394198563,-0.026029709547747415,161.93,ripe
1762155344.5433092,0,0.497,0.8,7,2,2,138,153.09499999997314,283.29999999999995,0.5262219059331718,0.021967179092644923,-0.027365510628673595,161.93,ripe
1762155344.553372,0,0.495,0.8,6,3,2,138,153.08999999997314,283.29999999999995,0.5256745956869932,0.021943153685403397,-0.028746398034744103,161.93,ripe
1762155344.5634804,0,0.494,0.8,7,3,2,138,153.08499999997315,283.29999999999995,0.5250996676917035,0.02191838513495362,-0.029635568865578943,161.93,ripe
1762155344.5735493,0,0.495,0.8,7,4,2,138,153.07999999997315,283.29999999999995,0.5245069562794402,0.021893918015389754,-0.02927490686637796,161.93,ripe
1762155344.5836396,0,0.495,0.8,6,3,2,138,153.07499999997316,283.25,0.523921458108277,0.02186984326818281,-0.028805433401745795,161.93,ripe
1762155344.5937018,0,0.497,0.8,9,4,2,138,153.06999999997316,283.25,0.5233453494076148,0.021847037301974008,-0.027287337054349214,161.93,ripe
1762155344.6037834,0,0.497,0.8,8,2,2,138,153.06499999997317,283.25,0.5227996026362381,0.02182508109813908,-0.02627059645960539,161.93,ripe
1762155344.6138382,0,0.494,0.8,7,1,2,138,153.05999999997317,283.25,0.5222741906784684,0.021802507183362768,-0.027009687590151987,161.93,ripe
1762155344.6239254,0,0.493,0.8,7,2,2,138,153.05499999997318,283.2,0.5217339968978711,0.021779438443876305,-0.02760174535371296,161.93,ripe
1762155344.6340086,0,0.493,0.8,8,1,2,138,153.04999999997318,283.15,0.5211819619619601,0.021756357927701125,-0.027615836189881005,161.93,ripe
1762155344.6441438,0,0.492,0.8,7,2,2,138,153.0449999999732,283.15,0.5206296452098881,0.021733084560613056,-0.027846582323848512,161.93,ripe
1762155344.6542084,0,0.491,0.8,6,3,2,138,153.0399999999732,283.15,0.5200727135354706,0.021709531544751803,-0.028181182092450796,161.93,ripe
1762155344.6642773,0,0.491,0.8,7,3,2,138,153.0349999999732,283.1,0.5195090898659108,0.02168607703117341,-0.028063324144400936,161.93,ripe
1762155344.6743433,0,0.49,0.8,7,2,2,138,153.0299999999732,283.1,0.5189478233559798,0.021662487443352297,-0.028224940495224837,161.93,ripe
1762155344.6844075,0,0.489,0.8,7,1,2,138,153.0249999999732,283.15,0.5183833245194206,0.021638649679533772,-0.028521883089043132,161.93,ripe
1762155344.6944697,0,0.489,0.8,7,2,2,138,153.0199999999732,283.2,0.5178128868312433,0.021614928687136662,-0.02838216611605454,161.93,ripe
1762155344.7045927,0,0.489,0.8,8,2,2,138,153.0149999999732,283.25,0.5172452434831805,0.021591502122680937,-0.028029883125586075,161.93,ripe
1762155344.7147179,0,0.489,0.8,8,1,2,138,153.00999999997322,283.25,0.516684645795755,0.021568454093581053,-0.027576965616957827,161.93,ripe
1762155344.7248082,0,0.488,0.8,8,2,2,138,153.00499999997322,283.2,0.5161331064593948,0.0215454041415985,-0.02757926636999619,161.93,ripe
1762155344.7348819,0,0.488,0.8,7,3,2,138,152.99999999997323,283.15,0.5155815211084522,0.021522583746942547,-0.02730460106375293,161.93,ripe
1762155344.744953,0,0.488,0.8,8,3,2,138,152.99499999997323,283.15,0.5150354290643353,0.021500104039341602,-0.026896969041985686,161.93,ripe
1762155344.7550814,0,0.487,0.8,8,3,2,138,152.98999999997324,283.2,0.5144974896614447,0.021477598179975098,-0.026928259650269903,161.93,ripe
1762155344.7651632,0,0.487,0.8,7,2,2,138,152.98499999997324,283.25,0.5139589244468042,0.021455304564854883,-0.026674309441216848,161.93,ripe
1762155344.7752554,0,0.485,0.8,7,2,2,138,152.97999999997324,283.29999999999995,0.5134254382369775,0.02143250211455251,-0.027283130734183814,161.93,ripe
1762155344.7853515,0,0.483,0.8,6,3,2,138,152.97499999997325,283.35,0.5128797756012416,0.021408842588501384,-0.02830862184984484,161.93,ripe
1762155344.795413,0,0.482,0.8,7,2,2,138,152.96999999997325,283.35,0.5123136031428382,0.021384581805097527,-0.02902802626713985,161.93,ripe
1762155344.8054776,0,0.48100000000000004,0.8,7,2,2,138,152.96499999997326,283.25,0.511733042595984,0.021359851127928604,-0.029590254158134766,161.93,ripe
1762155344.8155525,0,0.48000000000000004,0.8,7,2,2,138,152.95999999997326,283.1,0.5111412374913317,0.021334719624090354,-0.030069843272407026,161.93,ripe
1762155344.8256645,0,0.47900000000000004,0.8,6,3,2,138,152.95499999997327,283.05,0.5105398406044823,0.021309225144726524,-0.030504143495019953,161.93,ripe
1762155344.8357294,0,0.48200000000000004,0.8,8,3,2,138,152.94999999997327,283.05,0.5099297577133058,0.021285061408707565,-0.028911909158574667,161.93,ripe
1762155344.845794,0,0.483,0.8,7,3,2,138,152.94499999997328,283.15,0.5093515195103722,0.02126220925981597,-0.027342595233006584,161.93,ripe
1762155344.855861,0,0.48200000000000004,0.8,7,2,2,138,152.93999999997328,283.25,0.5088046675873964,0.021239810424606292,-0.026800205448713588,161.93,ripe
1762155344.8659363,0,0.48100000000000004,0.8,7,2,2,138,152.9349999999733,283.25,0.5082686634608288,0.021217439815953993,-0.02676643239148735,161.93,ripe
1762155344.8760555,0,0.48100000000000004,0.8,7,3,2,138,152.9299999999733,283.20000000000005,0.5077333347957792,0.02119530674441541,-0.026482219261108497,161.93,ripe
1762155344.8861265,0,0.48000000000000004,0.8,7,3,2,138,152.9249999999733,283.1,0.5072036903938608,0.021173093511279092,-0.02657813262652542,161.93,ripe
1762155344.8962352,0,0.47900000000000004,0.8,7,2,2,138,152.9199999999733,283.0,0.5066721277249088,0.02115064524579275,-0.026859348841241082,161.93,ripe
1762155344.9063315,0,0.48000000000000004,0.8,7,2,2,138,152.9149999999733,283.0,0.5061349407318206,0.02112872418263506,-0.0262285512899868,161.93,ripe
1762155344.9164436,0,0.48100000000000004,0.8,8,3,2,138,152.9099999999733,282.95,0.5056103696904571,0.02110769854477379,-0.025157174969540175,161.93,ripe
1762155344.9265404,0,0.483,0.8,7,3,2,138,152.9049999999733,282.95,0.5051072261764369,0.021088157692720134,-0.02338062881597841,161.93,ripe
1762155344.9366689,0,0.484,0.8,7,3,2,138,152.89999999997332,283.0,0.504639613586793,0.02106995767975343,-0.021776314906563732,161.93,ripe
1762155344.9467754,0,0.483,0.8,7,2,2,138,152.89499999997332,283.15,0.5042040872764998,0.021052178792567027,-0.02127243793638517,161.93,ripe
1762155344.9568949,0,0.48200000000000004,0.8,7,2,2,138,152.88999999997333,283.25,0.5037786385061291,0.021034366160383445,-0.02131281383607181,161.93,ripe
1762155344.967004,0,0.483,0.8,7,3,2,138,152.88499999997333,283.3,0.503352382217976,0.021017133004992822,-0.020619469882947272,161.93,ripe
1762155344.9770916,0,0.483,0.8,8,3,2,138,152.87999999997334,283.25,0.5029399928094784,0.021000356124793076,-0.020073536641964096,161.93,ripe
1762155344.9871757,0,0.48200000000000004,0.8,6,3,2,138,152.87499999997334,283.20000000000005,0.5025385220662985,0.02098355270273705,-0.02010529398254124,161.93,ripe
1762155344.9972458,0,0.48000000000000004,0.8,8,2,2,138,152.86999999997334,283.25,0.5021364161764977,0.02096606853838092,-0.02091980213461908,161.93,ripe
1762155345.0073133,0,0.47700000000000004,0.8,6,1,2,138,152.86499999997335,283.3,0.5017180201234556,0.02094717199542177,-0.02260971310251625,161.93,ripe
1762155345.017383,0,0.47500000000000003,0.8,7,2,2,138,152.85999999997335,283.35,0.5012658258504431,0.02092693658136813,-0.024211672339973456,161.93,ripe
1762155345.0274522,0,0.47500000000000003,0.8,7,2,2,138,152.85499999997336,283.45,0.5007815923921395,0.020906247474629106,-0.024754515636904673,161.93,ripe
1762155345.0375164,0,0.47500000000000003,0.8,7,2,2,138,152.84999999997336,283.55,0.5002865020678746,0.02088554294955139,-0.024772963690257166,161.93,ripe
1762155345.0475824,0,0.47700000000000004,0.8,8,3,2,138,152.84499999997337,283.65,0.49979104278276487,0.02086587368576519,-0.0235342735939561,161.93,ripe
1762155345.0576637,0,0.47600000000000003,0.8,6,2,2,138,152.83999999997337,283.6,0.4993203573003612,0.020846490507149092,-0.023191972705956743,161.93,ripe
1762155345.0677385,0,0.47500000000000003,0.8,7,2,2,138,152.83499999997338,283.5,0.49885651783607793,0.020827023456552293,-0.02329232553887567,161.93,ripe
1762155345.0777998,0,0.47300000000000003,0.8,7,2,2,138,152.82999999997338,283.4,0.4983906713152965,0.020806874208182828,-0.024108575166695345,161.93,ripe
1762155345.0878625,0,0.47200000000000003,0.8,7,1,2,138,152.8249999999734,283.35,0.49790849980181523,0.0207861742898892,-0.024767451727514656,161.93,ripe
1762155345.09792,0,0.467,0.8,6,2,2,138,152.8199999999734,283.45,0.4974131507570487,0.02076332211498528,-0.0273426267198984,161.93,ripe
1762155345.1079862,0,0.467,0.8,8,2,2,138,152.8149999999734,283.4,0.4968662982115979,0.02073964385610171,-0.028331036193022685,161.93,ripe
1762155345.1180503,0,0.468,0.8,7,2,2,138,152.8099999999734,283.35,0.49629967747651405,0.020716215484174114,-0.028032046467226457,161.93,ripe
1762155345.1281521,0,0.46900000000000003,0.8,7,3,2,138,152.8049999999734,283.25,0.4957390365362867,0.02069356172609031,-0.027105221031642923,161.93,ripe
1762155345.1382704,0,0.468,0.8,7,1,2,138,152.7999999999734,283.35,0.4951969321053412,0.02067109618087164,-0.026880024353019283,161.93,ripe
1762155345.1483445,0,0.468,0.8,7,2,2,138,152.7949999999734,283.5,0.4946593316082585,0.020648947515417175,-0.026500877732097528,161.93,ripe
1762155345.1584244,0,0.46900000000000003,0.8,8,2,2,138,152.78999999997342,283.65,0.4941293140439331,0.02062759349321633,-0.025550087105852604,161.93,ripe
1762155345.1684906,0,0.47000000000000003,0.8,8,3,2,138,152.78499999997342,283.79999999999995,0.4936183122926669,0.02060726027194553,-0.024328698823626593,161.93,ripe
1762155345.1785674,0,0.47000000000000003,0.8,7,2,2,138,152.77999999997343,283.95,0.4931317383076567,0.02058763057534962,-0.023486931573136582,161.93,ripe
1762155345.1886344,0,0.47100000000000003,0.8,7,2,2,138,152.77499999997343,284.05,0.4926619996681166,0.020568959788323033,-0.022339596300856523,161.93,ripe
1762155345.1986978,0,0.47100000000000003,0.8,7,2,2,138,152.76999999997344,284.04999999999995,0.49221520773457034,0.020550945574861357,-0.021554006050940322,161.93,ripe
1762155345.2087607,0,0.47200000000000003,0.8,7,4,2,138,152.76499999997344,284.1,0.4917841276064324,0.020533851110092746,-0.020453526764617425,161.93,ripe
1762155345.218821,0,0.47500000000000003,0.8,9,3,2,138,152.75999999997345,284.15,0.49137505706451956,0.020518631923354402,-0.01820975664361202,161.93,ripe
1762155345.2289038,0,0.47500000000000003,0.8,7,3,2,138,152.75499999997345,284.2,0.491010861925871,0.02050448381472211,-0.016928211715417196,161.93,ripe
1762155345.239015,0,0.47400000000000003,0.8,7,2,2,138,152.74999999997345,284.20000000000005,0.4906722976863002,0.020490584129946175,-0.016630972581073322,161.93,ripe
1762155345.249092,0,0.47300000000000003,0.8,7,3,2,138,152.74499999997346,284.1,0.4903396782296121,0.020476527284206042,-0.016819015676998617,161.93,ripe
1762155345.2592297,0,0.47200000000000003,0.8,8,2,2,138,152.73999999997346,284.0,0.49000329791105074,0.02046211611254955,-0.01724296663474395,161.93,ripe
1762155345.269337,0,0.47200000000000003,0.8,7,2,2,138,152.73499999997347,283.95000000000005,0.4896584385733108,0.02044767543291489,-0.01727827293515738,161.93,ripe
1762155345.279429,0,0.47100000000000003,0.8,6,2,2,138,152.72999999997347,283.9,0.48931287310965343,0.0204329468156661,-0.017622790290576673,161.93,ripe
1762155345.2895303,0,0.47100000000000003,0.8,7,2,2,138,152.72499999997348,283.95000000000005,0.48896041729888995,0.020418224395163054,-0.01761537588935158,161.93,ripe
1762155345.2996476,0,0.47000000000000003,0.8,7,1,2,138,152.71999999997348,283.9,0.488608109776252,0.020403234349769407,-0.01793558907148285,161.93,ripe
1762155345.3097363,0,0.47000000000000003,0.8,7,2,2,138,152.7149999999735,283.9,0.48824939798998207,0.020388263068637377,-0.017913137637597443,161.93,ripe
1762155345.319828,0,0.47000000000000003,0.8,7,2,2,138,152.7099999999735,283.9,0.48789113523249256,0.02037345069480873,-0.017723005056300256,161.93,ripe
1762155345.3299012,0,0.47100000000000003,0.8,7,3,2,138,152.7049999999735,283.95,0.487536675126773,0.020359282194805407,-0.016952610038676874,161.93,ripe
1762155345.3399818,0,0.46900000000000003,0.8,7,2,2,138,152.6999999999735,284.0,0.48719762292169355,0.020344735106970657,-0.01740559037764544,161.93,ripe
1762155345.350098,0,0.46900000000000003,0.8,7,3,2,138,152.6949999999735,284.0,0.48684951110980795,0.02033014798198055,-0.017453494837783856,161.93,ripe
1762155345.3601649,0,0.46900000000000003,0.8,7,2,2,138,152.6899999999735,284.0,0.48650044120879465,0.020315687110037714,-0.017302433072782564,161.93,ripe
1762155345.3702729,0,0.468,0.8,6,2,2,138,152.6849999999735,283.95000000000005,0.48615439254320264,0.020301014825306544,-0.01755538847519661,161.93,ripe
1762155345.3803496,0,0.468,0.8,8,2,2,138,152.67999999997352,283.9,0.48580328476958573,0.020286385671159847,-0.017503782735582674,161.93,ripe
1762155345.3904557,0,0.468,0.8,7,3,2,138,152.67499999997352,283.8,0.48545320911085527,0.020271923942544283,-0.017303458093853752,161.93,ripe
1762155345.4005606,0,0.46900000000000003,0.8,7,3,2,138,152.66999999997353,283.75,0.4851071399450848,0.020258106755232243,-0.016532264436584065,161.93,ripe
1762155345.410667,0,0.47000000000000003,0.8,8,2,2,138,152.66499999997353,283.7,0.4847764946527077,0.020245161450538708,-0.01548905689845731,161.93,ripe
1762155345.4207835,0,0.468,0.8,8,1,2,138,152.65999999997354,283.6,0.4844667135113914,0.02023193705037004,-0.01582299463426623,161.93,ripe
1762155345.4309514,0,0.46900000000000003,0.8,8,3,2,138,152.65499999997354,283.5,0.4841502536153552,0.020219126022926786,-0.015328394176792604,161.93,ripe
1762155345.4410841,0,0.468,0.8,7,2,2,138,152.64999999997355,283.35,0.4838436857286381,0.02020622777289227,-0.015432756009356785,161.93,ripe
1762155345.4511693,0,0.47000000000000003,0.8,8,3,2,138,152.64499999997355,283.20000000000005,0.48353503060531217,0.020194251537298057,-0.014329565745671513,161.93,ripe
1762155345.4612548,0,0.47100000000000003,0.8,7,3,2,138,152.63999999997355,283.0,0.48324843928754263,0.020183264736641046,-0.013145706857722261,161.93,ripe
1762155345.4713218,0,0.47000000000000003,0.8,6,3,2,138,152.63499999997356,282.9,0.4829855251478204,0.020172454741608278,-0.012934158932910222,161.93,ripe
1762155345.4813974,0,0.46900000000000003,0.8,7,3,2,138,152.62999999997356,282.85,0.48272684196668625,0.0201614215957804,-0.013201158859231121,161.93,ripe
1762155345.4914644,0,0.46900000000000003,0.8,6,3,2,138,152.62499999997357,282.8,0.48246281878702507,0.020150389437523286,-0.013199977233297522,161.93,ripe
1762155345.5015774,0,0.468,0.8,6,3,2,138,152.61999999997357,282.70000000000005,0.48219881923993235,0.02013905019925727,-0.013567398463068536,161.93,ripe
1762155345.5116637,0,0.47100000000000003,0.8,7,3,2,138,152.61499999997358,282.70000000000005,0.4819274712682266,0.02012892754068082,-0.012111760879794653,161.93,ripe
1762155345.5217419,0,0.47200000000000003,0.8,7,3,2,138,152.60999999997358,282.75,0.48168523604849217,0.020119920118242443,-0.010777380854276208,161.93,ripe
1762155345.5318027,0,0.47400000000000003,0.8,7,4,2,138,152.6049999999736,282.85,0.4814696884295418,0.020112385006743175,-0.009015760832433772,161.93,ripe
1762155345.541866,0,0.47500000000000003,0.8,7,3,2,138,152.5999999999736,282.95,0.48128937321136434,0.020106064564222786,-0.007562409412810278,161.93,ripe
1762155345.5519307,0,0.47500000000000003,0.8,7,4,2,138,152.5949999999736,283.0,0.48113812502185144,0.020100402513927976,-0.00677464312257442,161.93,ripe
1762155345.5620017,0,0.47800000000000004,0.8,7,4,2,138,152.5899999999736,282.95,0.48100263215829664,0.020096373352835515,-0.00482089120865814,161.93,ripe
1762155345.5721073,0,0.48000000000000004,0.8,8,3,2,138,152.5849999999736,282.85,0.480906214333354,0.02009402037006865,-0.002815343858534769,161.93,ripe
1762155345.5822034,0,0.48100000000000004,0.8,8,2,2,138,152.5799999999736,282.8,0.4808499074557429,0.02009293013001154,-0.0013044722183332413,161.93,ripe
1762155345.592308,0,0.483,0.8,7,3,2,138,152.5749999999736,282.70000000000005,0.48082381801117635,0.02009330530728768,0.0004488996075284746,161.93,ripe
1762155345.6024055,0,0.484,0.8,7,2,2,138,152.56999999997362,282.65,0.48083279600339435,0.020094812672786413,0.0018035628059580588,161.93,ripe
1762155345.612524,0,0.485,0.8,8,3,2,138,152.56499999997362,282.65,0.480868867259779,0.02009727762236115,0.002949312144897187,161.93,ripe
1762155345.622586,0,0.486,0.8,8,2,2,138,152.55999999997363,282.65,0.4809278535031024,0.02010060502413915,0.003981236199235683,161.93,ripe
1762155345.6326509,0,0.486,0.8,8,2,2,138,152.55499999997363,282.65,0.48100747822765,0.020104321753478326,0.004447066623519014,161.93,ripe
1762155345.642723,0,0.49,0.8,8,4,2,138,152.54999999997364,282.6,0.4810964195607365,0.020109863628037346,0.006630852864847991,161.93,ripe
1762155345.652835,0,0.492,0.8,7,4,2,138,152.54499999997364,282.55,0.48122903661893385,0.020117080176011694,0.008634599593858427,161.93,ripe
1762155345.6629407,0,0.493,0.8,8,3,2,138,152.53999999997365,282.5,0.48140172861195996,0.020125463033980634,0.010030089494436178,161.93,ripe
1762155345.673022,0,0.493,0.8,8,3,2,138,152.53499999997365,282.5,0.4816023304031567,0.020134333555265935,0.010613578650041366,161.93,ripe
1762155345.6831288,0,0.496,0.8,9,3,2,138,152.52999999997365,282.55,0.48181460197751397,0.020144607982868164,0.01229335254908509,161.93,ripe
1762155345.693279,0,0.498,0.8,9,2,2,138,152.52499999997366,282.55,0.4820604690300353,0.020156303351292017,0.013993508233264229,161.93,ripe
1762155345.7033827,0,0.5,0.8,7,4,2,138,152.51999999997366,282.6,0.4823403391964181,0.020169413798036332,0.015686649435231625,161.93,ripe
1762155345.7134545,0,0.5,0.8,8,3,2,138,152.51499999997367,282.65,0.48265407218700956,0.02018308652868843,0.016359422128815304,161.93,ripe
1762155345.723571,0,0.499,0.8,8,3,2,138,152.50999999997367,282.75,0.48298126063151425,0.020196480165645354,0.01602548652639818,161.93,ripe
1762155345.7336743,0,0.5,0.8,8,3,2,138,152.50499999997368,282.85,0.4833017703638935,0.020210020995822347,0.016201603215062754,161.93,ripe
1762155345.7437396,0,0.501,0.8,7,3,2,138,152.49999999997368,282.95000000000005,0.4836258024300289,0.020223916427875566,0.016625884359449283,161.93,ripe
1762155345.7538085,0,0.502,0.8,8,3,2,138,152.4949999999737,282.95,0.4839583201190624,0.02023826454602768,0.017167523275676666,161.93,ripe
1762155345.7639167,0,0.503,0.8,7,4,2,138,152.4899999999737,282.9,0.4843016705864425,0.02025310888468673,0.017761251110927023,161.93,ripe
1762155345.7739956,0,0.505,0.8,8,3,2,138,152.4849999999737,282.95,0.4846568956105536,0.020268883699009064,0.018874565238131136,161.93,ripe
1762155345.7840948,0,0.508,0.8,8,3,2,138,152.4799999999737,283.0,0.48503438691728706,0.020286210354765962,0.0207313435070553,161.93,ripe
1762155345.7941732,0,0.51,0.8,8,3,2,138,152.4749999999737,283.0,0.48544901378954963,0.02030495991726919,0.022433851422621554,161.93,ripe
1762155345.8042707,0,0.512,0.8,7,3,2,138,152.4699999999737,283.05,0.4858976908202518,0.02032505497945388,0.024043741785833794,161.93,ripe
1762155345.8143353,0,0.513,0.8,7,3,2,138,152.4649999999737,283.05,0.48637856565833154,0.020346026271359896,0.02509215064471121,161.93,ripe
1762155345.8244462,0,0.514,0.8,7,3,2,138,152.45999999997372,283.0,0.48688040867364246,0.02036763508840954,0.02585494947787892,161.93,ripe
1762155345.834549,0,0.514,0.8,8,2,2,138,152.45499999997372,282.9,0.4873975076656404,0.020389340204606973,0.025970171410120257,161.93,ripe
1762155345.8446248,0,0.514,0.8,7,2,2,138,152.44999999997373,282.85,0.48791691109624497,0.02041087545622287,0.02576692844163536,161.93,ripe
1762155345.854699,0,0.514,0.8,8,2,2,138,152.44499999997373,282.75,0.48843224966741344,0.02043211212167577,0.02540967010152667,161.93,ripe
1762155345.8647687,0,0.514,0.8,7,2,2,138,152.43999999997374,282.7,0.4889404430717013,0.020452990113252457,0.02498051681276875,161.93,ripe
1762155345.8748457,0,0.516,0.8,8,2,2,138,152.43499999997374,282.7,0.4894400534101314,0.020474319345714614,0.025520426532103624,161.93,ripe
1762155345.884964,0,0.516,0.8,8,2,2,138,152.42999999997375,282.7,0.4899504619429509,0.02049565639388419,0.025529778028166694,161.93,ripe
1762155345.895081,0,0.517,0.8,8,3,2,138,152.42499999997375,282.75,0.49046105750564883,0.020517201786768042,0.02577906247991002,161.93,ripe
1762155345.905198,0,0.516,0.8,6,3,2,138,152.41999999997375,282.75,0.49097663875735936,0.020538215929130244,0.02514342123542007,161.93,ripe
1762155345.9153225,0,0.516,0.8,7,3,2,138,152.41499999997376,282.7,0.4914795071840869,0.020558759617311625,0.024580522812302885,161.93,ripe
1762155345.9254415,0,0.519,0.8,9,3,2,138,152.40999999997376,282.7,0.4919711176422673,0.020580121002564015,0.025558897355927646,161.93,ripe
1762155345.9355595,0,0.519,0.8,9,2,2,138,152.40499999997377,282.6,0.49248229559135703,0.020601669445526966,0.025782711907740508,161.93,ripe
1762155345.945677,0,0.521,0.8,8,3,2,138,152.39999999997377,282.5,0.49299794983146045,0.02062392983333869,0.02663455391808839,161.93,ripe
1762155345.955817,0,0.521,0.8,8,3,2,138,152.39499999997378,282.4,0.493530640911795,0.020646316470246496,0.026785610962979378,161.93,ripe
1762155345.9659135,0,0.52,0.8,8,1,2,138,152.38999999997378,282.3,0.4940663531329988,0.020668123217339844,0.026091772804388402,161.93,ripe
1762155345.9759898,0,0.521,0.8,7,3,2,138,152.3849999999738,282.25,0.4945881885909426,0.020689845636452542,0.025990874377750994,161.93,ripe
1762155345.9860728,0,0.52,0.8,7,2,2,138,152.3799999999738,282.25,0.49510800608030947,0.02071089162516132,0.025181525404037286,161.93,ripe
1762155345.9961495,0,0.522,0.8,7,4,2,138,152.3749999999738,282.25,0.49561163659011054,0.020732231474085296,0.02553312915206285,161.93,ripe
1762155346.006238,0,0.521,0.8,6,2,2,138,152.3699999999738,282.2,0.4961222991748613,0.020753084030523304,0.024950083696225422,161.93,ripe
1762155346.0163121,0,0.519,0.8,7,1,2,138,152.3649999999738,282.2,0.49662130085042283,0.020772653517076082,0.02341489058512053,161.93,ripe
1762155346.0263882,0,0.519,0.8,7,3,2,138,152.3599999999738,282.25,0.4970895986636308,0.020791398604518462,0.02242849705414085,161.93,ripe
1762155346.0364702,0,0.518,0.8,7,3,2,138,152.3549999999738,282.2,0.49753816860612693,0.02080913440002058,0.021220879252758895,161.93,ripe
1762155346.0465744,0,0.518,0.8,7,3,2,138,152.34999999997382,282.1,0.4979625861924926,0.020826198284515967,0.020416937736950247,161.93,ripe
1762155346.0566535,0,0.517,0.8,8,2,2,138,152.34499999997382,282.05,0.49837092494846724,0.02084234440827154,0.019318837016254142,161.93,ripe
1762155346.0667648,0,0.515,0.8,7,2,2,138,152.33999999997383,281.95000000000005,0.4987573016899381,0.020857043597025015,0.01758757929242266,161.93,ripe
1762155346.0768292,0,0.513,0.8,7,2,2,138,152.33499999997383,281.9,0.49910905327680877,0.02087005102473809,0.015563387214371671,161.93,ripe
1762155346.086928,0,0.513,0.8,8,2,2,138,152.32999999997384,281.95000000000005,0.49942032102198264,0.020882099415263658,0.014415899223607531,161.93,ripe
1762155346.097059,0,0.514,0.8,9,2,2,138,152.32499999997384,282.05,0.4997086390072595,0.02089397527916203,0.01420947111553561,161.93,ripe
1762155346.1071558,0,0.516,0.8,8,3,2,138,152.31999999997385,282.0,0.4999928284303475,0.020906483617374454,0.014966226631050128,161.93,ripe
1762155346.1172516,0,0.516,0.8,8,3,2,138,152.31499999997385,282.04999999999995,0.5002921529637708,0.020919176784617934,0.01518737456692798,161.93,ripe
1762155346.1273391,0,0.517,0.8,8,3,2,138,152.30999999997385,282.1,0.5005959004559073,0.020932251471913976,0.01564386330944212,161.93,ripe
1762155346.1374085,0,0.517,0.8,7,3,2,138,152.30499999997386,282.2,0.5009087777229015,0.020945382357162125,0.01571110415977317,161.93,ripe
1762155346.1474757,0,0.516,0.8,8,3,2,138,152.29999999997386,282.15,0.5012229998068898,0.020957991585053265,0.01508694113444764,161.93,ripe
1762155346.1575367,0,0.515,0.8,7,3,2,138,152.29499999997387,282.05,0.5015247386303248,0.020969801223059602,0.01413023184034401,161.93,ripe
1762155346.1676025,0,0.515,0.8,8,3,2,138,152.28999999997387,281.85,0.5018073432678164,0.02098110096564182,0.013520141967518051,161.93,ripe
1762155346.1776686,0,0.514,0.8,8,2,2,138,152.28499999997388,281.70000000000005,0.5020777461078089,0.02099161997653956,0.012585996509858366,161.93,ripe
1762155346.1877537,0,0.512,0.8,8,2,2,138,152.27999999997388,281.6,0.5023294660385919,0.021000815467801852,0.011002405270241766,161.93,ripe
1762155346.1978195,0,0.511,0.8,8,2,2,138,152.2749999999739,281.5,0.5025495141444984,0.021008852594029525,0.009616421509918371,161.93,ripe
1762155346.2078834,0,0.509,0.8,7,2,2,138,152.2699999999739,281.45,0.5027418425751267,0.021015405979127107,0.007841125252081804,161.93,ripe
1762155346.2179923,0,0.506,0.8,6,2,2,138,152.2649999999739,281.35,0.5028986650805118,0.021019913140718972,0.005392818833092394,161.93,ripe
1762155346.2280734,0,0.504,0.8,7,2,2,138,152.2599999999739,281.25,0.5030065214574051,0.021022536810176556,0.0031392204993969663,161.93,ripe
1762155346.2381363,0,0.501,0.8,6,2,2,138,152.2549999999739,281.15,0.5030693058675251,0.021022957675293073,0.0005035651108760142,161.93,ripe
1762155346.248198,0,0.502,0.8,8,3,2,138,152.2499999999739,281.05,0.5030793771697634,0.02102271284313164,-0.00029294168056281933,161.93,ripe
1762155346.2582672,0,0.501,0.8,8,2,2,138,152.2449999999739,281.05,0.5030735183361403,0.021021726382125475,-0.0011803005915400622,161.93,ripe
1762155346.2683318,0,0.499,0.8,7,2,2,138,152.23999999997392,281.0,0.5030499123242628,0.021019550616595165,-0.0026033034519626908,161.93,ripe
1762155346.2783964,0,0.497,0.8,7,2,2,138,152.23499999997392,280.95000000000005,0.5029978462551224,0.021015978078503146,-0.0042745418189724105,161.93,ripe
1762155346.2884817,0,0.496,0.8,8,2,2,138,152.22999999997393,280.95,0.5029123554185805,0.02101133896173687,-0.005550703200505436,161.93,ripe
1762155346.2985864,0,0.496,0.8,8,3,2,138,152.22499999997393,280.95,0.5028013413543635,0.021006223612588103,-0.006120515245325975,161.93,ripe
1762155346.308688,0,0.496,0.8,8,2,2,138,152.21999999997394,281.0,0.5026789310492334,0.02100092606306361,-0.0063385179947146875,161.93,ripe
1762155346.3187628,0,0.496,0.8,7,3,2,138,152.21499999997394,281.0,0.5025521606891123,0.02099559221085045,-0.006381954161852943,161.93,ripe
1762155346.3288553,0,0.495,0.8,7,2,2,138,152.20999999997395,281.0,0.5024245216056514,0.02098987602334207,-0.00683941834202173,161.93,ripe
1762155346.3389819,0,0.495,0.8,7,3,2,138,152.20499999997395,280.95,0.5022877332385759,0.020984029653414327,-0.006995181606761047,161.93,ripe
1762155346.3490596,0,0.495,0.8,7,2,2,138,152.19999999997395,280.9,0.502147829606205,0.020978177957800576,-0.007001553790297543,161.93,ripe
1762155346.3591456,0,0.496,0.8,7,4,2,138,152.19499999997396,280.9,0.502007798530168,0.020972800055057056,-0.006434660622214261,161.93,ripe
1762155346.369226,0,0.496,0.8,6,3,2,138,152.18999999997396,280.85,0.5018791053175155,0.02096770808984753,-0.00609253636353857,161.93,ripe
1762155346.379317,0,0.496,0.8,8,2,2,138,152.18499999997397,280.75,0.5017572545900515,0.020962807153681904,-0.005863970113063055,161.93,ripe
1762155346.389411,0,0.497,0.8,8,3,2,138,152.17999999997397,280.70000000000005,0.5016399751876081,0.020958466716609593,-0.005193332949113838,161.93,ripe
1762155346.3995023,0,0.496,0.8,8,2,2,138,152.17499999997398,280.7,0.5015361085284678,0.020954026442963836,-0.005312787409220643,161.93,ripe
1762155346.409603,0,0.497,0.8,8,2,2,138,152.16999999997398,280.7,0.5014298527801248,0.020949999537633667,-0.004818192220501172,161.93,ripe
1762155346.419682,0,0.497,0.8,7,3,2,138,152.164999999974,280.65,0.5013334889355738,0.020946215451831535,-0.004527658655762046,161.93,ripe
1762155346.4297473,0,0.493,0.8,6,2,2,138,152.159999999974,280.6,0.5012429357623288,0.02094091664645642,-0.006340020622422893,161.93,ripe
1762155346.4398599,0,0.49,0.8,7,1,2,138,152.154999999974,280.55,0.5011161353497022,0.020933674960044658,-0.008664677779749275,161.93,ripe
1762155346.449936,0,0.488,0.8,7,2,2,138,152.149999999974,280.55,0.5009428417938688,0.020924717907789457,-0.010717113008892332,161.93,ripe
1762155346.460207,0,0.489,0.8,9,3,2,138,152.144999999974,280.6,0.5007284995334018,0.020915427782293758,-0.011115635140913571,161.93,ripe
1762155346.4702866,0,0.491,0.8,8,3,2,138,152.139999999974,280.70000000000005,0.5005061868302898,0.020906903123165253,-0.010199754634045655,161.93,ripe
1762155346.4803703,0,0.492,0.8,8,3,2,138,152.134999999974,280.8,0.5003021917373447,0.020899256674648047,-0.009148975639222623,161.93,ripe
1762155346.490442,0,0.493,0.8,7,3,2,138,152.12999999997402,280.75,0.5001192122243279,0.020892534899315602,-0.00804260417526681,161.93,ripe
1762155346.5005078,0,0.492,0.8,8,2,2,138,152.12499999997402,280.75,0.4999583601406225,0.02088591554609726,-0.007920056116091978,161.93,ripe
1762155346.5106308,0,0.495,0.8,8,3,2,138,152.11999999997403,280.75,0.49979995901810753,0.020880666229746783,-0.0062808070058422705,161.93,ripe
1762155346.5206962,0,0.496,0.8,7,2,2,138,152.11499999997403,280.7,0.4996743428778407,0.020876558610125003,-0.004914766871708054,161.93,ripe
1762155346.5307622,0,0.497,0.8,8,3,2,138,152.10999999997404,280.65,0.49957604754029145,0.020873469383596407,-0.003696259537225133,161.93,ripe
1762155346.5408697,0,0.496,0.8,6,3,2,138,152.10499999997404,280.5,0.4995021223494622,0.020870492176448947,-0.0035622283479290195,161.93,ripe
1762155346.5509534,0,0.496,0.8,7,3,2,138,152.09999999997405,280.35,0.49943087778242345,0.02086759963086978,-0.003460930781656879,161.93,ripe
1762155346.561111,0,0.497,0.8,8,3,2,138,152.09499999997405,280.35,0.499361659166714,0.020865195380414755,-0.0028766856663307028,161.93,ripe
1762155346.5711741,0,0.499,0.8,7,4,2,138,152.08999999997405,280.45,0.4993041254533252,0.020863890208074776,-0.0015616387031335832,161.93,ripe
1762155346.5812438,0,0.501,0.8,8,3,2,138,152.08499999997406,280.6,0.49927289267922953,0.020863972406734172,9.835069586627831e-05,161.93,ripe
1762155346.5913122,0,0.501,0.8,7,3,2,138,152.07999999997406,280.65,0.4992748596931489,0.020864733595196625,0.0009107619943989897,161.93,ripe
1762155346.601385,0,0.501,0.8,8,3,2,138,152.07499999997407,280.6,0.49929307493305536,0.020865819876777915,0.0012997359107185802,161.93,ripe
1762155346.6114907,0,0.498,0.8,6,2,2,138,152.06999999997407,280.55,0.49931906965129563,0.020865800934672246,-2.2664229408664305e-05,161.93,ripe
1762155346.6215634,0,0.498,0.8,8,3,2,138,152.06499999997408,280.5,0.499318616366707,0.02086524062238106,-0.0006704136557635354,161.93,ripe
1762155346.6316326,0,0.497,0.8,8,2,2,138,152.05999999997408,280.45000000000005,0.4993052080935789,0.020864002756322143,-0.0014811067381071963,161.93,ripe
1762155346.6416976,0,0.495,0.8,6,2,2,138,152.0549999999741,280.4,0.499275585958789,0.020861609496578153,-0.0028635352810531534,161.93,ripe
1762155346.6518037,0,0.493,0.8,6,3,2,138,152.0499999999741,280.4,0.49921831525311533,0.020857838255526496,-0.004512289914247403,161.93,ripe
1762155346.6619081,0,0.492,0.8,7,2,2,138,152.0449999999741,280.45,0.4991280694547492,0.020853011630544958,-0.005775056785315202,161.93,ripe
1762155346.6720157,0,0.491,0.8,7,3,2,138,152.0399999999741,280.5,0.499012568318941,0.02084729824818797,-0.0068360619842239845,161.93,ripe
1762155346.6820953,0,0.49,0.8,7,2,2,138,152.0349999999741,280.65,0.4988758470791383,0.020840789603040977,-0.0077875939117798,161.93,ripe
1762155346.6921668,0,0.489,0.8,7,2,2,138,152.0299999999741,280.7,0.4987200952007707,0.020833538480078757,-0.008675968617091467,161.93,ripe
1762155346.7023468,0,0.488,0.8,7,2,2,138,152.0249999999741,280.7,0.49854657582828477,0.02082557816871712,-0.009524512536445151,161.93,ripe
1762155346.7124398,0,0.488,0.8,7,2,2,138,152.01999999997412,280.75,0.49835608557740085,0.02081734995815353,-0.009845053931481051,161.93,ripe
1762155346.722565,0,0.491,0.8,8,3,2,138,152.01499999997412,280.8,0.4981591844986141,0.020810326415585858,-0.00840366867565423,161.93,ripe
1762155346.7326682,0,0.492,0.8,7,3,2,138,152.00999999997413,280.9,0.49799111112496974,0.02080438128126163,-0.007113353213489826,161.93,ripe
1762155346.7427824,0,0.496,0.8,8,4,2,138,152.00499999997413,280.9,0.49784884406059093,0.020800695560318744,-0.004409965104850977,161.93,ripe
1762155346.7528841,0,0.495,0.8,7,3,2,138,151.99999999997414,280.9,0.4977606447584277,0.02079773592364247,-0.0035412052805577354,161.93,ripe
1762155346.7630084,0,0.495,0.8,8,2,2,138,151.99499999997414,280.9,0.49768982065276446,0.020795161664623623,-0.0030801009138294866,161.93,ripe
1762155346.7731147,0,0.495,0.8,7,2,2,138,151.98999999997415,280.95000000000005,0.49762821863444345,0.020792801983247133,-0.0028233587649759695,161.93,ripe
1762155346.783187,0,0.496,0.8,8,2,2,138,151.98499999997415,280.9,0.49757175145910404,0.020790988927228853,-0.0021693215243703268,161.93,ripe
1762155346.7932725,0,0.496,0.8,7,3,2,138,151.97999999997415,280.85,0.4975283650285866,0.02078946184819629,-0.001827150061219751,161.93,ripe
1762155346.8033628,0,0.494,0.8,7,2,2,138,151.97499999997416,280.79999999999995,0.4974918220273373,0.020787254397677767,-0.0026412145436539025,161.93,ripe
1762155346.8134391,0,0.494,0.8,7,3,2,138,151.96999999997416,280.7,0.49743899773642913,0.020784735639636353,-0.003013693994587452,161.93,ripe
1762155346.8235068,0,0.493,0.8,6,3,2,138,151.96499999997417,280.7,0.49737872385649806,0.020781671642989535,-0.003666071985577224,161.93,ripe
1762155346.833576,0,0.494,0.8,7,3,2,138,151.95999999997417,280.75,0.4973054024167397,0.020778789004892217,-0.0034490764812792896,161.93,ripe
1762155346.843641,0,0.494,0.8,6,4,2,138,151.95499999997418,280.85,0.49723642088707093,0.020776024058865163,-0.003308257919340696,161.93,ripe
1762155346.8537085,0,0.493,0.8,6,2,2,138,151.94999999997418,280.9,0.4971702557286435,0.020772926545913215,-0.0037061742447783708,161.93,ripe
1762155346.863775,0,0.49,0.8,6,2,2,138,151.9449999999742,280.95,0.49709613224370336,0.020768443393798772,-0.005364091501770807,161.93,ripe
1762155346.8738384,0,0.49,0.8,7,2,2,138,151.9399999999742,280.95,0.49698885041360474,0.02076332611001593,-0.006122830042638472,161.93,ripe
1762155346.8839052,0,0.491,0.8,8,3,2,138,151.9349999999742,280.95,0.49686639381268133,0.020758367160053075,-0.0059333836271981966,161.93,ripe
1762155346.893982,0,0.49,0.8,7,3,2,138,151.9299999999742,280.95,0.49674772614007023,0.02075311749766209,-0.0062812210473286445,161.93,ripe
1762155346.9041226,0,0.49,0.8,7,3,2,138,151.9249999999742,280.95,0.49662210171905397,0.020747777882805296,-0.006388849172683175,161.93,ripe
1762155346.9141939,0,0.49,0.8,7,3,2,138,151.9199999999742,281.0,0.4964943247355309,0.02074244758738888,-0.006377698462345482,161.93,ripe
1762155346.9242587,0,0.49,0.8,7,3,2,138,151.9149999999742,281.05,0.49636677076621605,0.02073717516145247,-0.006308457629623343,161.93,ripe
1762155346.934322,0,0.491,0.8,7,2,2,138,151.90999999997422,281.1,0.49624060161355776,0.020732401701320267,-0.005711445045261443,161.93,ripe
1762155346.9443967,0,0.495,0.8,8,4,2,138,151.90499999997422,281.2,0.49612637271259413,0.020729592011031816,-0.0033617944284459744,161.93,ripe
1762155346.9545014,0,0.497,0.8,8,3,2,138,151.89999999997423,281.2,0.4960591368239915,0.020728608435868844,-0.0011768476819173923,161.93,ripe
1762155346.9646082,0,0.496,0.8,8,3,2,138,151.89499999997423,281.20000000000005,0.49603559987034157,0.020728111607369395,-0.0005944552993045193,161.93,ripe
1762155346.9746943,0,0.496,0.8,8,3,2,138,151.88999999997424,281.25,0.49602371076434976,0.020727858253020065,-0.000303138478831233,161.93,ripe
1762155346.9847736,0,0.496,0.8,8,3,2,138,151.88499999997424,281.35,0.49601764799477027,0.020727726734547786,-0.0001573618520110398,161.93,ripe
1762155346.9948514,0,0.496,0.8,8,2,2,138,151.87999999997425,281.5,0.4960145007577286,0.020727656230839983,-8.435768634901253e-05,161.93,ripe
1762155347.0049207,0,0.496,0.8,8,2,2,138,151.87499999997425,281.65,0.49601281360400096,0.020727616329403852,-4.77420683111518e-05,161.93,ripe
1762155347.0150132,0,0.495,0.8,8,2,2,138,151.86999999997425,281.8,0.4960118587626343,0.020727173936595646,-0.0005293229947894162,161.93,ripe
1762155347.0251203,0,0.495,0.8,7,2,2,138,151.86499999997426,281.79999999999995,0.49600127230273394,0.020726538746943215,-0.0007600044188115218,161.93,ripe
1762155347.0351913,0,0.492,0.8,6,2,2,138,151.85999999997426,281.75,0.49598607221435126,0.020724561782235,-0.0023654382723900524,161.93,ripe
1762155347.045301,0,0.492,0.8,7,2,2,138,151.85499999997427,281.75,0.4959387634488837,0.02072194711739657,-0.003128446477903113,161.93,ripe
1762155347.0553722,0,0.491,0.8,7,2,2,138,151.84999999997427,281.8,0.49587619451930004,0.020718628240643203,-0.003971036033809716,161.93,ripe
1762155347.065481,0,0.488,0.8,6,2,2,138,151.84499999997428,281.85,0.495796773798592,0.020713743832320473,-0.005844194555846838,161.93,ripe
1762155347.0755544,0,0.485,0.8,7,1,2,138,151.83999999997428,281.95,0.49567988990742906,0.020706887501113436,-0.00820360028605649,161.93,ripe
1762155347.0856342,0,0.483,0.8,8,1,2,138,151.8349999999743,282.05,0.4955158179016447,0.020698297720006174,-0.010277673090958395,161.93,ripe
1762155347.0957088,0,0.484,0.8,8,3,2,138,151.8299999999743,282.05,0.49531026443974785,0.020689362331758485,-0.010691192034404717,161.93,ripe
1762155347.1057801,0,0.483,0.8,7,3,2,138,151.8249999999743,282.0,0.49509644059898067,0.020679929064395006,-0.011286904396309139,161.93,ripe
1762155347.1158454,0,0.485,0.8,7,3,2,138,151.8199999999743,282.04999999999995,0.49487070251097265,0.02067118193993754,-0.01046593440963689,161.93,ripe
1762155347.1259174,0,0.482,0.8,7,1,2,138,151.8149999999743,282.04999999999995,0.4946613838227055,0.020661604840250095,-0.011458999772037681,161.93,ripe
1762155347.135986,0,0.482,0.8,8,2,2,138,151.8099999999743,282.1,0.49443220382718495,0.020651716823696906,-0.011831011801851032,161.93,ripe
1762155347.1460643,0,0.484,0.8,8,2,2,138,151.8049999999743,282.15,0.49419558359106713,0.02064261110904413,-0.010894987578400184,161.93,ripe
1762155347.1561396,0,0.485,0.8,8,2,2,138,151.79999999997432,282.2,0.49397768383942614,0.02063439766496865,-0.009827385833092672,161.93,ripe
1762155347.1662042,0,0.484,0.8,6,2,2,138,151.79499999997432,282.3,0.4937811361226999,0.02062628568241733,-0.009705987119533188,161.93,ripe
1762155347.1762712,0,0.483,0.8,7,2,2,138,151.78999999997433,282.45,0.4935870163802468,0.02061788665033891,-0.010049441878663468,161.93,ripe
1762155347.186339,0,0.483,0.8,7,2,2,138,151.78499999997433,282.6,0.49338602754261024,0.02060943095431305,-0.010117240291818541,161.93,ripe
1762155347.1964037,0,0.482,0.8,6,2,2,138,151.77999999997434,282.65,0.4931836827367114,0.020600614164413757,-0.010549289111315585,161.93,ripe
1762155347.2064826,0,0.483,0.8,7,3,2,138,151.77499999997434,282.75,0.49297269695442136,0.020592126491915025,-0.01015550014172345,161.93,ripe
1762155347.2165596,0,0.484,0.8,8,2,2,138,151.76999999997435,282.79999999999995,0.4927695869515267,0.020584302849167097,-0.009360988545177695,161.93,ripe
1762155347.2266428,0,0.484,0.8,8,3,2,138,151.76499999997435,282.85,0.49258236718056875,0.02057688281742458,-0.008878067977394266,161.93,ripe
1762155347.2367222,0,0.485,0.8,7,4,2,138,151.75999999997435,282.9,0.49240480582097035,0.020570152640891667,-0.008052656219383114,161.93,ripe
1762155347.2467968,0,0.484,0.8,8,3,2,138,151.75499999997436,282.95,0.49224375269653775,0.020563409909677335,-0.00806767789574414,161.93,ripe
1762155347.256863,0,0.484,0.8,7,3,2,138,151.74999999997436,283.0,0.49208239913857876,0.020556728453981286,-0.007994361738181965,161.93,ripe
1762155347.2669845,0,0.485,0.8,8,3,2,138,151.74499999997437,282.95,0.49192251190377234,0.020550561723345673,-0.007378493203573977,161.93,ripe
1762155347.2770607,0,0.488,0.8,9,3,2,138,151.73999999997437,282.9,0.4917749420396621,0.020545962531794502,-0.005502932689562923,161.93,ripe
1762155347.2871292,0,0.488,0.8,8,2,2,138,151.73499999997438,282.8,0.4916648833858426,0.02054217742631023,-0.004528878710792994,161.93,ripe
1762155347.2971988,0,0.488,0.8,8,2,2,138,151.72999999997438,282.70000000000005,0.4915743058116039,0.020538829074053588,-0.004006303474079098,161.93,ripe
1762155347.3072703,0,0.489,0.8,8,2,2,138,151.7249999999744,282.65,0.49149417974210247,0.020536146099900544,-0.0032101785733401056,161.93,ripe
1762155347.3173523,0,0.49,0.8,8,3,2,138,151.7199999999744,282.6,0.4914299761706202,0.020534233876259272,-0.0022879755862389994,161.93,ripe
1762155347.327424,0,0.491,0.8,7,3,2,138,151.7149999999744,282.55,0.49138421665888454,0.020533136328104655,-0.001313216366693959,161.93,ripe
1762155347.3375034,0,0.49,0.8,6,3,2,138,151.7099999999744,282.55,0.49135795233154456,0.020532031060920577,-0.001322452185449241,161.93,ripe
1762155347.347601,0,0.489,0.8,7,2,2,138,151.7049999999744,282.6,0.49133150328782954,0.02053051517858444,-0.001813753214781888,161.93,ripe
1762155347.3576643,0,0.49,0.8,6,3,2,138,151.6999999999744,282.65,0.49129522822352584,0.020529231139146634,-0.0015363531870020153,161.93,ripe
1762155347.3677628,0,0.491,0.8,7,2,2,138,151.6949999999744,282.75,0.4912645011597791,0.02052849142862285,-0.000885063641517192,161.93,ripe
1762155347.3778539,0,0.492,0.8,7,3,2,138,151.68999999997442,282.85,0.4912467998869449,0.020528443721871636,-5.708112781394048e-05,161.93,ripe
1762155347.3879514,0,0.49,0.8,7,2,2,138,151.68499999997442,282.95,0.4912456582643884,0.020527899803037573,-0.0006507988848228896,161.93,ripe
1762155347.398076,0,0.489,0.8,7,2,2,138,151.67999999997443,283.0,0.4912326422866893,0.0205267002939718,-0.0014352125969065432,161.93,ripe
1762155347.4081745,0,0.488,0.8,7,2,2,138,151.67499999997443,283.05,0.4912039380347453,0.020524773655283702,-0.0023052231898539888,161.93,ripe
1762155347.418258,0,0.487,0.8,7,2,2,138,151.66999999997444,283.05,0.4911578335709391,0.0205220921039681,-0.0032084761484934554,161.93,ripe
1762155347.42837,0,0.487,0.8,7,3,2,138,151.66499999997444,283.04999999999995,0.4910936640479568,0.020519067460978195,-0.0036189853367339375,161.93,ripe
1762155347.4384444,0,0.486,0.8,6,2,2,138,151.65999999997445,283.05,0.49102128434120834,0.02051548706399834,-0.004283944985596921,161.93,ripe
1762155347.4485528,0,0.48400000000000004,0.8,8,2,2,138,151.65499999997445,283.05,0.4909356054414804,0.02051083438053433,-0.005566935763674674,161.93,ripe
1762155347.458618,0,0.48200000000000004,0.8,8,1,2,138,151.64999999997445,283.1,0.4908242667261866,0.020504867032528844,-0.007139931887283735,161.93,ripe
1762155347.4687214,0,0.48200000000000004,0.8,8,3,2,138,151.64499999997446,283.15,0.4906814680884154,0.020498315172378122,-0.007839300668963933,161.93,ripe
1762155347.4788477,0,0.48200000000000004,0.8,8,3,2,138,151.63999999997446,283.20000000000005,0.4905246820750086,0.020491542419877766,-0.00810359836528285,161.93,ripe
1762155347.488935,0,0.48100000000000004,0.8,7,3,2,138,151.63499999997447,283.25,0.49036261010767507,0.020484311272151674,-0.008652068252812173,161.93,ripe
1762155347.498973,0,0.47900000000000004,0.8,6,2,2,138,151.62999999997447,283.4,0.49018956874258973,0.020476092051243375,-0.009834297815158266,161.93,ripe
1762155347.5090513,0,0.47800000000000004,0.8,6,3,2,138,151.62499999997448,283.45,0.48999288278625414,0.020467052981185466,-0.010815247322538413,161.93,ripe
1762155347.5191326,0,0.47800000000000004,0.8,7,3,2,138,151.61999999997448,283.45,0.48977657783976836,0.020457702575744863,-0.01118776010791045,161.93,ripe
1762155347.5292041,0,0.47600000000000003,0.8,7,0,2,138,151.6149999999745,283.35,0.4895528226375747,0.0204474573490223,-0.012258413771645715,161.93,ripe
1762155347.5393019,0,0.47600000000000003,0.8,7,1,2,138,151.6099999999745,283.3,0.48930765436210377,0.020436876112138836,-0.012660449929139284,161.93,ripe
1762155347.5493646,0,0.47700000000000004,0.8,7,3,2,138,151.6049999999745,283.4,0.48905444536348247,0.020426653928144835,-0.012230843147000237,161.93,ripe
1762155347.5594256,0,0.47600000000000003,0.8,6,2,2,138,151.5999999999745,283.45000000000005,0.488809828500506,0.0204162920164072,-0.012398027392264921,161.93,ripe
1762155347.5695055,0,0.47800000000000004,0.8,7,3,2,138,151.5949999999745,283.4,0.48856186795262446,0.020406801028191462,-0.011355967398503863,161.93,ripe
1762155347.5795684,0,0.48000000000000004,0.8,7,3,2,138,151.5899999999745,283.3,0.48833474860462184,0.020398667473382495,-0.009731798327561492,161.93,ripe
1762155347.5896497,0,0.48100000000000004,0.8,7,3,2,138,151.5849999999745,283.15,0.48814011263804324,0.020391698281990386,-0.008338637499513024,161.93,ripe
1762155347.5997293,0,0.48100000000000004,0.8,8,3,2,138,151.57999999997452,283.05,0.48797333988803004,0.02038536932058647,-0.007572602318764887,161.93,ripe
1762155347.609832,0,0.48000000000000004,0.8,6,3,2,138,151.57499999997452,283.1,0.4878218878416344,0.020378999475991394,-0.007621519057001813,161.93,ripe
1762155347.6199472,0,0.48100000000000004,0.8,8,3,2,138,151.56999999997453,283.1,0.4876694574604742,0.020373091182578046,-0.007069273068157855,161.93,ripe
1762155347.630079,0,0.484,0.8,8,3,2,138,151.56499999997453,283.15,0.48752807199909276,0.02036872178867617,-0.005227979802934601,161.93,ripe
1762155347.6401906,0,0.48300000000000004,0.8,7,2,2,138,151.55999999997454,283.15,0.48742351240302084,0.02036473226397451,-0.0047734663049417425,161.93,ripe
1762155347.6502771,0,0.48200000000000004,0.8,7,2,2,138,151.55499999997454,283.25,0.48732804307691013,0.02036055088492856,-0.005003020027870564,161.93,ripe
1762155347.6603749,0,0.48200000000000004,0.8,7,3,2,138,151.54999999997455,283.35,0.48722798267634054,0.020356317311044377,-0.005065471151820711,161.93,ripe
1762155347.6704884,0,0.484,0.8,7,3,2,138,151.54499999997455,283.45000000000005,0.48712667325329206,0.020352936268427154,-0.004045417491032155,161.93,ripe
1762155347.6806152,0,0.486,0.8,7,4,2,138,151.53999999997455,283.5,0.4870457649034619,0.020350842547555762,-0.0025051370223319602,161.93,ripe
1762155347.6907268,0,0.488,0.8,8,3,2,138,151.53499999997456,283.4,0.48699566216300955,0.020350236322547382,-0.0007253482224445773,161.93,ripe
1762155347.700811,0,0.49,0.8,7,3,2,138,151.52999999997456,283.35,0.486981155198559,0.020351200803760797,0.0011540017717234785,161.93,ripe
1762155347.71089,0,0.492,0.8,8,4,2,138,151.52499999997457,283.35,0.487004235233996,0.020353761057209586,0.0030633432511452674,161.93,ripe
1762155347.720961,0,0.491,0.8,6,3,2,138,151.51999999997457,283.35,0.48706550209902555,0.02035665975101979,0.003468287143545079,161.93,ripe
1762155347.7310467,0,0.49,0.8,7,3,2,138,151.51499999997458,283.3,0.48713486784190374,0.020359277408169566,0.0031320267793815693,161.93,ripe
1762155347.7411191,0,0.488,0.8,7,2,2,138,151.50999999997458,283.15,0.48719750837749787,0.020360895409785397,0.0019359389331448096,161.93,ripe
1762155347.7511878,0,0.486,0.8,7,2,2,138,151.5049999999746,283.0,0.4872362271561647,0.020361171629174606,0.0003304964991566184,161.93,ripe
1762155347.7612562,0,0.486,0.8,7,3,2,138,151.4999999999746,282.95,0.48724283708614846,0.02036078761307888,-0.0004594752584877737,161.93,ripe
1762155347.7713335,0,0.485,0.8,8,2,2,138,151.4949999999746,283.0,0.48723364758097776,0.020359666036257086,-0.0013419666671474206,161.93,ripe
1762155347.7814064,0,0.484,0.8,7,4,2,138,151.4899999999746,283.05,0.4872068082476322,0.020357776384948328,-0.00226096779071705,161.93,ripe
1762155347.791475,0,0.485,0.8,7,4,2,138,151.4849999999746,283.1,0.4871615888918136,0.02035594715915346,-0.0021886686633560415,161.93,ripe
1762155347.801575,0,0.486,0.8,8,3,2,138,151.4799999999746,283.2,0.48711781551854244,0.020354583719617764,-0.0016313554043136391,161.93,ripe
1762155347.8116438,0,0.48400000000000004,0.8,7,1,2,138,151.4749999999746,283.25,0.48708518841045323,0.0203526263787456,-0.0023419583533388355,161.93,ripe
1762155347.8217094,0,0.48200000000000004,0.8,7,2,2,138,151.46999999997462,283.35,0.48703834924338235,0.020349561828628474,-0.0036667342148251625,161.93,ripe
1762155347.8317819,0,0.48100000000000004,0.8,7,2,2,138,151.46499999997462,283.4,0.48696501455907953,0.020345567505983087,-0.004779207044800893,161.93,ripe
1762155347.8418565,0,0.48300000000000004,0.8,7,4,2,138,151.45999999997463,283.5,0.48686943041817543,0.020341993309024132,-0.004276526661036062,161.93,ripe
1762155347.8519204,0,0.48500000000000004,0.8,7,4,2,138,151.45499999997463,283.54999999999995,0.48678389988494764,0.020339496486619934,-0.0029874480063779574,161.93,ripe
1762155347.862025,0,0.487,0.8,8,3,2,138,151.44999999997464,283.6,0.48672415092481514,0.020338388316970425,-0.0013259249855303024,161.93,ripe
1762155347.872144,0,0.487,0.8,7,2,2,138,151.44499999997464,283.65,0.4866976324251024,0.020337971668867208,-0.0004985194554599781,161.93,ripe
1762155347.8822052,0,0.487,0.8,8,2,2,138,151.43999999997465,283.6,0.48668766203599245,0.020337898032802705,-8.810555117122476e-05,161.93,ripe
1762155347.8922696,0,0.487,0.8,7,2,2,138,151.43499999997465,283.55,0.48668589992496886,0.020337993208997818,0.00011387831744175125,161.93,ripe
1762155347.902337,0,0.488,0.8,7,3,2,138,151.42999999997465,283.5,0.48668817749131793,0.020338588036937593,0.0007117116298873682,161.93,ripe
1762155347.912447,0,0.489,0.8,8,2,2,138,151.42499999997466,283.5,0.48670241172391676,0.020339839631452257,0.0014975328366859109,161.93,ripe
1762155347.922524,0,0.489,0.8,6,3,2,138,151.41999999997466,283.55,0.48673236238065265,0.020341400525643465,0.0018676098996486812,161.93,ripe
1762155347.9325998,0,0.489,0.8,7,3,2,138,151.41499999997467,283.65,0.48676971457864826,0.020343097367734268,0.0020302715615023725,161.93,ripe
1762155347.942704,0,0.491,0.8,8,2,2,138,151.40999999997467,283.70000000000005,0.48681032000988117,0.02034567962687376,0.0030896730601941425,161.93,ripe
1762155347.9527912,0,0.49,0.8,7,2,2,138,151.40499999997468,283.75,0.4868721134710892,0.02034825203227631,0.003077883063948461,161.93,ripe
1762155347.9628596,0,0.492,0.8,8,3,2,138,151.39999999997468,283.9,0.48693367113237224,0.020351629656292534,0.0040413271351466,161.93,ripe
1762155347.9729319,0,0.49,0.8,7,2,2,138,151.3949999999747,284.05,0.4870144976750805,0.020354532290190488,0.0034730014586789593,161.93,ripe
1762155347.9829984,0,0.489,0.8,8,2,2,138,151.3899999999747,284.15,0.4870839577042585,0.020356755267092106,0.002659791862621219,161.93,ripe
1762155347.9931188,0,0.489,0.8,8,2,2,138,151.3849999999747,284.15,0.4871371535415142,0.020358622982296504,0.0022347212419256413,161.93,ripe
1762155348.0032248,0,0.49,0.8,7,2,2,138,151.3799999999747,284.15,0.4871818479663555,0.020360715827616616,0.002504089425364453,161.93,ripe
1762155348.0133064,0,0.49,0.8,7,2,2,138,151.3749999999747,284.1,0.48723192975486573,0.020362898058240226,0.002611038940994237,161.93,ripe
1762155348.0234332,0,0.491,0.8,9,2,2,138,151.3699999999747,284.05,0.48728415053368873,0.020365520150855708,0.00313733381424125,161.93,ripe
1762155348.0335317,0,0.494,0.8,8,2,2,138,151.3649999999747,284.05,0.4873468972099772,0.02036958521141924,0.0048638449639877845,161.93,ripe
1762155348.043669,0,0.496,0.8,8,2,2,138,151.35999999997472,284.04999999999995,0.48744417410926255,0.02037515244667046,0.006661196977719941,161.93,ripe
1762155348.0537717,0,0.495,0.8,7,2,2,138,151.35499999997472,284.05,0.4875773980488243,0.02038098218966674,0.006975287494666971,161.93,ripe
1762155348.063862,0,0.498,0.8,8,3,2,138,151.34999999997473,284.1,0.48771690379872523,0.02038813592052631,0.008559438973020361,161.93,ripe
1762155348.073945,0,0.498,0.8,8,2,2,138,151.34499999997473,284.1,0.4878880925781947,0.02039586686813029,0.009250078807678086,161.93,ripe
1762155348.084022,0,0.497,0.8,7,2,2,138,151.33999999997474,284.1,0.48807309415435796,0.020403385456963585,0.00899599153857844,161.93,ripe
1762155348.0940962,0,0.496,0.8,7,2,2,138,151.33499999997474,284.1,0.4882530139851387,0.020410306918611513,0.00828152886132949,161.93,ripe
1762155348.1041625,0,0.495,0.8,8,2,2,138,151.32999999997475,284.05,0.48841864456237366,0.02041644868782273,0.007348626860860408,161.93,ripe
1762155348.1142423,0,0.495,0.8,7,2,2,138,151.32499999997475,284.0,0.48856561709959806,0.02042214699004784,0.006818018612018972,161.93,ripe
1762155348.124309,0,0.493,0.8,7,2,2,138,151.31999999997475,283.95,0.48870197747184496,0.02042673523942872,0.005489840383963551,161.93,ripe
1762155348.1343875,0,0.491,0.8,7,2,2,138,151.31499999997476,283.95,0.48881177427952943,0.02042989790942333,0.0037841346483748484,161.93,ripe
1762155348.1444664,0,0.491,0.8,7,2,2,138,151.30999999997476,283.95,0.48888745697250047,0.02043233041881872,0.002910497491451669,161.93,ripe
1762155348.154576,0,0.491,0.8,7,2,2,138,151.30499999997477,283.95,0.48894566692233216,0.02043438082442654,0.002453310309643908,161.93,ripe
1762155348.1646473,0,0.492,0.8,8,3,2,138,151.29999999997477,284.0,0.4889947331285272,0.020436641380621758,0.002704755487460797,161.93,ripe
1762155348.174715,0,0.491,0.8,7,2,2,138,151.29499999997478,283.95,0.48904882823827883,0.02043856441954346,0.0023009160697151643,161.93,ripe
1762155348.1847973,0,0.489,0.8,7,2,2,138,151.28999999997478,283.95,0.4890948465596751,0.020439467073613136,0.0010800255943219095,161.93,ripe
1762155348.194879,0,0.489,0.8,8,3,2,138,151.2849999999748,283.9,0.4891164470715625,0.020439860712564623,0.00047098900543601774,161.93,ripe
1762155348.204976,0,0.49,0.8,8,3,2,138,151.2799999999748,283.8,0.48912586685167153,0.020440418883218073,0.000667851186827717,161.93,ripe
1762155348.2150617,0,0.489,0.8,7,4,2,138,151.2749999999748,283.70000000000005,0.48913922387540865,0.020440634207199562,0.00025763514384097297,161.93,ripe
1762155348.2251437,0,0.489,0.8,7,2,2,138,151.2699999999748,283.65,0.4891443765782857,0.020440679383071973,5.405293133908806e-05,161.93,ripe
1762155348.235226,0,0.49,0.8,7,4,2,138,151.2649999999748,283.7,0.4891454576369125,0.020441058620111602,0.00045375711789991113,161.93,ripe
1762155348.2453027,0,0.491,0.8,7,3,2,138,151.2599999999748,283.75,0.4891545327792708,0.02044201564025216,0.0011450745981353982,161.93,ripe
1762155348.2553883,0,0.492,0.8,7,3,2,138,151.2549999999748,283.79999999999995,0.48917743427123433,0.020443664089410157,0.0019723694174687556,161.93,ripe
1762155348.2654634,0,0.493,0.8,8,3,2,138,151.24999999997482,283.85,0.4892168816595852,0.0204460527397945,0.00285802018476633,161.93,ripe
1762155348.2755325,0,0.493,0.8,7,3,2,138,151.24499999997482,283.95,0.4892740420632825,0.020448780202275908,0.0032634088588932575,161.93,ripe
1762155348.285638,0,0.492,0.8,8,2,2,138,151.23999999997483,284.05,0.4893393102404626,0.020451228522560677,0.0029294152206252866,161.93,ripe
1762155348.2957015,0,0.491,0.8,7,3,2,138,151.23499999997483,284.1,0.48939789854487714,0.020453097694466855,0.002236464185666809,161.93,ripe
1762155348.3057628,0,0.489,0.8,6,3,2,138,151.22999999997484,284.15,0.489442627828592,0.020453828620949688,0.0008745535366799784,161.93,ripe
1762155348.3158243,0,0.491,0.8,7,3,2,138,151.22499999997484,284.1,0.48946011889932617,0.020454830268909027,0.0011984717833097847,161.93,ripe
1762155348.3258924,0,0.49,0.8,6,2,2,138,151.21999999997485,284.05,0.4894840883349932,0.020455536668412874,0.0008452070063247885,161.93,ripe
1762155348.3359997,0,0.491,0.8,7,3,2,138,151.21499999997485,284.0,0.4895009924751202,0.020456509217677877,0.001163655195538793,161.93,ripe
1762155348.3460789,0,0.49,0.8,7,3,2,138,151.20999999997485,283.95,0.4895242655790317,0.02045718456933381,0.0008080582562977612,161.93,ripe
1762155348.356184,0,0.488,0.8,6,3,2,138,151.20499999997486,283.95,0.4895404267441582,0.020456871769645966,-0.0003742648264934978,161.93,ripe
1762155348.3662624,0,0.485,0.8,6,2,2,138,151.19999999997486,284.0,0.4895329414476281,0.020454824247298397,-0.002449860488795752,161.93,ripe
1762155348.3763354,0,0.488,0.8,9,3,2,138,151.19499999997487,284.0,0.4894839442378508,0.020453200842569196,-0.0019424037584346299,161.93,ripe
1762155348.3864214,0,0.488,0.8,7,3,2,138,151.18999999997487,284.05,0.489445096162681,0.020451801489520288,-0.0016743259229729524,161.93,ripe
1762155348.396513,0,0.49,0.8,7,4,2,138,151.18499999997488,284.1,0.48941160964422065,0.02045136168632398,-0.0005262245243666253,161.93,ripe
1762155348.4065914,0,0.49,0.8,7,3,2,138,151.17999999997488,284.1,0.48940108515373304,0.020451396460587412,4.160740619396641e-05,161.93,ripe
1762155348.4166813,0,0.489,0.8,6,3,2,138,151.1749999999749,284.1,0.4894019173018569,0.020451245544564095,-0.00018057102189339425,161.93,ripe
1762155348.426797,0,0.488,0.8,6,2,2,138,151.1699999999749,284.05,0.4893983058814189,0.020450587263961123,-0.000787632741437172,161.93,ripe
1762155348.43688,0,0.488,0.8,7,3,2,138,151.1649999999749,284.05,0.4893825532265898,0.020449686957520148,-0.0010772166565989338,161.93,ripe
1762155348.4469588,0,0.488,0.8,8,2,2,138,151.1599999999749,284.1,0.4893610088934573,0.020448677061482963,-0.0012083406084618664,161.93,ripe
1762155348.4570558,0,0.49,0.8,8,3,2,138,151.1549999999749,284.15,0.48933684208128747,0.020448459336502776,-0.00026050793878973355,161.93,ripe
1762155348.46717,0,0.486,0.8,7,0,2,138,151.1499999999749,284.1,0.48933163192251156,0.020446960410592786,-0.0017934648512626938,161.93,ripe
1762155348.4772496,0,0.487,0.8,7,3,2,138,151.1449999999749,284.05,0.4892957626254855,0.020445266570985676,-0.0020266790898610942,161.93,ripe
1762155348.4873493,0,0.487,0.8,7,3,2,138,151.13999999997492,284.05,0.48925522904368735,0.02044349416206305,-0.0021206872758751105,161.93,ripe
1762155348.4974277,0,0.486,0.8,7,2,2,138,151.13499999997492,284.05,0.4892128152981689,0.020441283092765664,-0.0026455444142627904,161.93,ripe
1762155348.5075057,0,0.487,0.8,7,3,2,138,151.12999999997493,284.0,0.4891599044098825,0.020439297076077004,-0.0023762689679294735,161.93,ripe
1762155348.5175827,0,0.487,0.8,7,2,2,138,151.12499999997493,283.9,0.48911237903052285,0.020437441195333507,-0.002220561309546343,161.93,ripe
1762155348.527652,0,0.485,0.8,7,2,2,138,151.11999999997494,283.79999999999995,0.489067967804331,0.02043483186901181,-0.0031220589438427093,161.93,ripe
1762155348.5377378,0,0.486,0.8,8,3,2,138,151.11499999997494,283.75,0.48900552662545277,0.0204322973331194,-0.003032572195208638,161.93,ripe
1762155348.5478022,0,0.487,0.8,8,3,2,138,151.10999999997495,283.75,0.48894487518154733,0.020430242675395643,-0.002458397966425274,161.93,ripe
1762155348.5578744,0,0.49,0.8,8,4,2,138,151.10499999997495,283.7,0.48889570722221787,0.02042969736104991,-0.0006524686146568426,161.93,ripe
1762155348.567939,0,0.49,0.8,7,4,2,138,151.09999999997495,283.75,0.48888265784992446,0.020429897078102863,0.00023896145385604584,161.93,ripe
1762155348.5780141,0,0.489,0.8,7,2,2,138,151.09499999997496,283.85,0.4888874370790017,0.020430041977871266,0.00017337257288857488,161.93,ripe
1762155348.5880873,0,0.49,0.8,8,2,2,138,151.08999999997496,283.95,0.4888909045304595,0.020430576453671932,0.0006395002954855955,161.93,ripe
1762155348.5981753,0,0.492,0.8,7,4,2,138,151.08499999997497,284.05,0.4889036945363695,0.020432132247969165,0.0018615078766030524,161.93,ripe
1762155348.6082861,0,0.492,0.8,7,3,2,138,151.07999999997497,284.1,0.48894092469390227,0.02043417293038674,0.002441676512583979,161.93,ripe
1762155348.618366,0,0.495,0.8,8,4,2,138,151.07499999997498,284.15,0.48898975822415486,0.020437684457657247,0.004201542379088263,161.93,ripe
1762155348.6284268,0,0.498,0.8,8,4,2,138,151.06999999997498,284.2,0.48907378907173804,0.020443135240131124,0.006521861229883519,161.93,ripe
1762155348.6384983,0,0.499,0.8,6,4,2,138,151.064999999975,284.25,0.489204226296338,0.020449899635329293,0.008093598854472805,161.93,ripe
1762155348.6485822,0,0.502,0.8,7,5,2,138,151.059999999975,284.4,0.48936609827343014,0.02045849371330852,0.010282814301975252,161.93,ripe
1762155348.6586814,0,0.503,0.8,7,3,2,138,151.054999999975,284.45000000000005,0.48957175455947305,0.02046831628057005,0.011752701728229675,161.93,ripe
1762155348.6687517,0,0.502,0.8,7,3,2,138,151.049999999975,284.5,0.48980680859404147,0.02047822469640791,0.011855419549809953,161.93,ripe
1762155348.6788151,0,0.504,0.8,8,3,2,138,151.044999999975,284.45000000000005,0.4900439169850414,0.020488911864888548,0.012787197086884305,161.93,ripe
1762155348.688881,0,0.504,0.8,6,3,2,138,151.039999999975,284.45000000000005,0.4902996609267831,0.020499873750479337,0.013115896109179737,161.93,ripe
1762155348.698976,0,0.503,0.8,7,3,2,138,151.034999999975,284.5,0.4905619788489707,0.02051044274309881,0.012645799669010693,161.93,ripe
1762155348.709101,0,0.503,0.8,8,3,2,138,151.02999999997502,284.5,0.49081489484235463,0.02052071352823614,0.012288994416636112,161.93,ripe
1762155348.7191796,0,0.503,0.8,8,3,2,138,151.02499999997502,284.5,0.4910606747306909,0.020530735483855842,0.011991269898804502,161.93,ripe
1762155348.7292714,0,0.503,0.8,7,2,2,138,151.01999999997503,284.5,0.49130050012867044,0.02054053529345571,0.011725472186077224,161.93,ripe
1762155348.7393365,0,0.501,0.8,7,2,2,138,151.01499999997503,284.55,0.49153500957239527,0.020549292482411097,0.010477976584978621,161.93,ripe
1762155348.749438,0,0.501,0.8,8,2,2,138,151.00999999997504,284.6,0.4917445691040977,0.020557451215361136,0.009761923974589304,161.93,ripe
1762155348.759509,0,0.501,0.8,9,1,2,138,151.00499999997504,284.7,0.4919398075835921,0.02056523511753905,0.00931343895575143,161.93,ripe
1762155348.7695763,0,0.499,0.8,7,2,2,138,150.99999999997505,284.7,0.4921260763627096,0.020571921742618085,0.008000546906962114,161.93,ripe
1762155348.7796416,0,0.499,0.8,8,2,2,138,150.99499999997505,284.65,0.49228608730085094,0.02057800383566788,0.007277224333984922,161.93,ripe
1762155348.7897317,0,0.498,0.8,7,2,2,138,150.98999999997505,284.6,0.4924316317875325,0.020583311001593465,0.006350024029885437,161.93,ripe
1762155348.7997968,0,0.498,0.8,8,2,2,138,150.98499999997506,284.55,0.49255863226813174,0.020588185381568935,0.005832195640577242,161.93,ripe
1762155348.8098972,0,0.498,0.8,7,2,2,138,150.97999999997506,284.5,0.49267527618094475,0.02059279895262909,0.005520137773409761,161.93,ripe
1762155348.8199775,0,0.499,0.8,8,3,2,138,150.97499999997507,284.45,0.49278567893641423,0.020597656477109517,0.005812028040763029,161.93,ripe
1762155348.8300707,0,0.502,0.8,8,3,2,138,150.96999999997507,284.4,0.4929019194972309,0.020603838620019205,0.007396933991357713,161.93,ripe
1762155348.8401432,0,0.502,0.8,7,3,2,138,150.96499999997508,284.35,0.4930498581770597,0.020610608004530132,0.008099568567234594,161.93,ripe
1762155348.850256,0,0.502,0.8,8,2,2,138,150.95999999997508,284.25,0.4932118495484062,0.020617597443580556,0.008362863823740907,161.93,ripe
1762155348.8603454,0,0.502,0.8,8,1,2,138,150.9549999999751,284.15,0.49337910682488284,0.020624624814964826,0.008408249861190709,161.93,ripe
1762155348.8704088,0,0.503,0.8,8,1,2,138,150.9499999999751,284.04999999999995,0.49354727182210845,0.020632018384978218,0.008846406520928274,161.93,ripe
1762155348.8804817,0,0.5,0.8,7,2,2,138,150.9449999999751,283.95,0.4937241999525289,0.02063826380012161,0.007472639218989441,161.93,ripe
1762155348.8905478,0,0.498,0.8,7,1,2,138,150.9399999999751,283.95,0.49387365273691025,0.020643048394228508,0.005724766848848928,161.93,ripe
1762155348.900622,0,0.496,0.8,7,2,2,138,150.9349999999751,284.0,0.49398814807388836,0.020646233569087704,0.00381106171899126,161.93,ripe
1762155348.910691,0,0.495,0.8,8,1,2,138,150.9299999999751,284.05,0.4940643693082689,0.020648185291267558,0.002335235588170892,161.93,ripe
1762155348.9207544,0,0.496,0.8,7,3,2,138,150.9249999999751,284.05,0.4941110740200328,0.02064993098991211,0.0020887284281871366,161.93,ripe
1762155348.9308164,0,0.497,0.8,7,2,2,138,150.91999999997512,283.95,0.494152848588597,0.020651976165537298,0.0024470526355129807,161.93,ripe
1762155348.9408777,0,0.495,0.8,6,2,2,138,150.91499999997512,283.8,0.4942017896413077,0.020653311862127988,0.0015981609707472755,161.93,ripe
1762155348.9509418,0,0.494,0.8,7,2,2,138,150.90999999997513,283.7,0.4942337528607229,0.020653868671526493,0.0006662224453045651,161.93,ripe
1762155348.9610047,0,0.491,0.8,7,1,2,138,150.90499999997513,283.6,0.49424707730962913,0.02065278460160871,-0.0012970896566154022,161.93,ripe
1762155348.9710763,0,0.493,0.8,8,1,2,138,150.89999999997514,283.5,0.4942211355164966,0.02065174311252388,-0.0012461416899897104,161.93,ripe
1762155348.9811766,0,0.494,0.8,8,3,2,138,150.89499999997514,283.4,0.4941962126826966,0.02065115078843742,-0.0007087157694431467,161.93,ripe
1762155348.991261,0,0.494,0.8,7,3,2,138,150.88999999997515,283.3,0.4941820383673076,0.020650784478441025,-0.0004382899106809002,161.93,ripe
1762155349.0013413,0,0.495,0.8,7,3,2,138,150.88499999997515,283.25,0.4941732725690939,0.020650950463948103,0.00019860165921947726,161.93,ripe
1762155349.0114152,0,0.495,0.8,8,2,2,138,150.87999999997515,283.15,0.49417724460227824,0.020651375614396814,0.0005086925118784058,161.93,ripe
1762155349.0214949,0,0.495,0.8,8,1,2,138,150.87499999997516,283.1,0.4941874184525159,0.020651923504162437,0.000655550104562419,161.93,ripe
1762155349.0315812,0,0.495,0.8,7,2,2,138,150.86999999997516,283.1,0.49420052945460724,0.02065252605729569,0.0007209548239319186,161.93,ripe
1762155349.0416594,0,0.494,0.8,7,3,2,138,150.86499999997517,283.15,0.494214948551086,0.020652731484448374,0.0002457935881836071,161.93,ripe
1762155349.0517416,0,0.492,0.8,6,3,2,138,150.85999999997517,283.2,0.49421986442284976,0.0206519044946003,-0.0009894933532149652,161.93,ripe
1762155349.0618193,0,0.489,0.8,6,3,2,138,150.85499999997518,283.25,0.49420007455578535,0.020649326233822207,-0.0030848890209679847,161.93,ripe
1762155349.0718846,0,0.489,0.8,8,3,2,138,150.84999999997518,283.20000000000005,0.49413837677536554,0.020645915632896184,-0.004080784007956861,161.93,ripe
1762155349.0819466,0,0.49,0.8,8,2,2,138,150.8449999999752,283.15,0.49405676109520585,0.020642549176806316,-0.004027964711501519,161.93,ripe
1762155349.0920775,0,0.491,0.8,8,3,2,138,150.8399999999752,283.1,0.4939762018009753,0.020639655901746434,-0.0034618036091231263,161.93,ripe
1762155349.1021795,0,0.491,0.8,8,3,2,138,150.8349999999752,283.0,0.49390696572879234,0.02063702341814185,-0.0031497666328662577,161.93,ripe
1762155349.112253,0,0.492,0.8,8,3,2,138,150.8299999999752,283.0,0.4938439703961346,0.02063496293268578,-0.0024653708481715553,161.93,ripe
1762155349.1223185,0,0.49,0.8,7,3,2,138,150.8249999999752,283.0,0.49379466297917085,0.02063236756017829,-0.0031053632051893376,161.93,ripe
1762155349.1323812,0,0.488,0.8,8,2,2,138,150.8199999999752,283.0,0.49373255571506663,0.020628700275741933,-0.004387905828075855,161.93,ripe
1762155349.1424432,0,0.487,0.8,7,2,2,138,150.8149999999752,283.05,0.4936447975985046,0.020624126541805416,-0.0054724726550092195,161.93,ripe
1762155349.152507,0,0.486,0.8,8,3,2,138,150.80999999997522,283.05,0.49353534814540373,0.02061873649945381,-0.006449185673656044,161.93,ripe
1762155349.1625714,0,0.486,0.8,7,3,2,138,150.80499999997522,283.1,0.4934063644319298,0.02061300036640233,-0.006863283196055947,161.93,ripe
1762155349.1726363,0,0.486,0.8,8,2,2,138,150.79999999997523,283.1,0.49326909876800795,0.02060715201023843,-0.006997558150071026,161.93,ripe
1762155349.182736,0,0.486,0.8,8,3,2,138,150.79499999997523,283.15,0.4931291476050057,0.020601307148311074,-0.006993377296037218,161.93,ripe
1762155349.1928043,0,0.488,0.8,8,3,2,138,150.78999999997524,283.2,0.49298928005908416,0.02059635821817766,-0.005921394904599919,161.93,ripe
1762155349.2028701,0,0.489,0.8,8,3,2,138,150.78499999997524,283.3,0.4928708521609915,0.02059231566942398,-0.004836909583749438,161.93,ripe
1762155349.2129405,0,0.489,0.8,7,4,2,138,150.77999999997525,283.45,0.49277411396931603,0.020588757673033913,-0.004257142680694992,161.93,ripe
1762155349.2230072,0,0.488,0.8,7,3,2,138,150.77499999997525,283.6,0.49268897111570165,0.020585054801766537,-0.004430485471391132,161.93,ripe
1762155349.2330709,0,0.489,0.8,7,3,2,138,150.76999999997525,283.75,0.4926003614062734,0.02058173585602133,-0.0039711185841181385,161.93,ripe
1762155349.2431371,0,0.491,0.8,8,3,2,138,150.76499999997526,283.8,0.4925209390345906,0.02057947399423819,-0.002706317623512977,161.93,ripe
1762155349.2532003,0,0.492,0.8,8,3,2,138,150.75999999997526,283.85,0.49246681268212,0.020578170607713667,-0.001559501976581168,161.93,ripe
1762155349.263269,0,0.493,0.8,8,3,2,138,150.75499999997527,283.9,0.4924356226425882,0.02057776779343049,-0.00048196728981880765,161.93,ripe
1762155349.2733448,0,0.494,0.8,7,3,2,138,150.74999999997527,283.9,0.4924259832967918,0.02057822817318778,0.0005508443795929074,161.93,ripe
1762155349.2834516,0,0.496,0.8,8,4,2,138,150.74499999997528,283.9,0.49243700018438374,0.020579942685226074,0.0020514136538086203,161.93,ripe
1762155349.2935414,0,0.498,0.8,8,3,2,138,150.73999999997528,283.9,0.4924780284574601,0.020583090347960426,0.003766178461636127,161.93,ripe
1762155349.3036668,0,0.499,0.8,8,3,2,138,150.7349999999753,284.0,0.49255335202669315,0.02058732666340788,0.0050687514328549566,161.93,ripe
1762155349.3137512,0,0.501,0.8,8,3,2,138,150.7299999999753,284.1,0.49265472705535074,0.02059288982652903,0.006656324674423342,161.93,ripe
1762155349.3238304,0,0.498,0.8,6,2,2,138,150.7249999999753,284.25,0.4927878535488398,0.020597793856880948,0.005867672316047234,161.93,ripe
1762155349.3339229,0,0.497,0.8,7,3,2,138,150.7199999999753,284.4,0.4929052069951612,0.020601907986373052,0.0049225559372823025,161.93,ripe
1762155349.3440504,0,0.499,0.8,8,4,2,138,150.7149999999753,284.55,0.4930036581139073,0.020606429694147676,0.005410223352314503,161.93,ripe
1762155349.3541417,0,0.501,0.8,8,4,2,138,150.7099999999753,284.65,0.493111862580954,0.020611941669201737,0.006595078152156875,161.93,ripe
1762155349.364248,0,0.502,0.8,8,2,2,138,150.7049999999753,284.7,0.49324376414399773,0.020618301640971556,0.007609706222557744,161.93,ripe
1762155349.374348,0,0.502,0.8,8,1,2,138,150.69999999997532,284.7,0.49339595826844945,0.020625013531414396,0.008030776914828286,161.93,ripe
1762155349.3844316,0,0.502,0.8,7,2,2,138,150.69499999997532,284.7,0.49355657380674667,0.02063183074310259,0.008156793784892202,161.93,ripe
1762155349.3945348,0,0.504,0.8,8,2,2,138,150.68999999997533,284.6,0.4937197096824451,0.020639467161082874,0.009136974113374385,161.93,ripe
1762155349.4046054,0,0.505,0.8,7,3,2,138,150.68499999997533,284.5,0.4939024491647133,0.020647846511465853,0.010025892733196373,161.93,ripe
1762155349.414673,0,0.507,0.8,7,4,2,138,150.67999999997534,284.45,0.494102967019378,0.02065734187622107,0.011361203929576902,161.93,ripe
1762155349.4247324,0,0.507,0.8,7,3,2,138,150.67499999997534,284.4,0.4943301910979704,0.02066728913437113,0.011901894376507127,161.93,ripe
1762155349.434808,0,0.508,0.8,7,3,2,138,150.66999999997535,284.5,0.4945682289855013,0.02067777623320254,0.012547813751737469,161.93,ripe
1762155349.4449108,0,0.513,0.8,9,4,2,138,150.66499999997535,284.6,0.4948191852605369,0.020690512410476366,0.01523883610808252,161.93,ripe
1762155349.4549763,0,0.515,0.8,7,4,2,138,150.65999999997535,284.65,0.4951239619826996,0.020705059045412987,0.017405048701610082,161.93,ripe
1762155349.465049,0,0.517,0.8,7,3,2,138,150.65499999997536,284.7,0.4954720629567329,0.02072118310925376,0.019292442385421882,161.93,ripe
1762155349.475176,0,0.518,0.8,7,3,2,138,150.64999999997536,284.85,0.4958579118044426,0.020738336758118533,0.020524340866634794,161.93,ripe
1762155349.485286,0,0.516,0.8,6,3,2,138,150.64499999997537,285.0,0.49626839862177663,0.020754987596157667,0.019922727713762134,161.93,ripe
1762155349.495369,0,0.516,0.8,8,2,2,138,150.63999999997537,285.04999999999995,0.49666685317605314,0.020771225548511848,0.019428709991716253,161.93,ripe
1762155349.505484,0,0.517,0.8,8,3,2,138,150.63499999997538,285.04999999999995,0.49705542737588865,0.02078751669285623,0.019492354207996054,161.93,ripe
1762155349.515557,0,0.518,0.8,8,3,2,138,150.62999999997538,285.04999999999995,0.4974452744600497,0.020804088875331743,0.01982861633189259,161.93,ripe
1762155349.5256658,0,0.519,0.8,7,3,2,138,150.6249999999754,285.15,0.49784184678668875,0.020821050930166125,0.02029509860928247,161.93,ripe
1762155349.5357802,0,0.522,0.8,8,4,2,138,150.6199999999754,285.3,0.4982477487588755,0.020839288058406135,0.02182072393911011,161.93,ripe
1762155349.5458455,0,0.523,0.8,7,4,2,138,150.6149999999754,285.45,0.49868416323765896,0.020858385486831874,0.022850073111333802,161.93,ripe
1762155349.5559068,0,0.525,0.8,7,4,2,138,150.6099999999754,285.4,0.4991411646998869,0.02087854925906311,0.02412595347460944,161.93,ripe
1762155349.5659673,0,0.527,0.8,8,3,2,138,150.6049999999754,285.35,0.4996236837693804,0.020899869673035476,0.025509875317867747,161.93,ripe
1762155349.576074,0,0.525,0.8,7,2,2,138,150.5999999999754,285.25,0.5001338812757391,0.02092070786632252,0.02493289826788503,161.93,ripe
1762155349.586142,0,0.524,0.8,7,2,2,138,150.5949999999754,285.15,0.5006325392410981,0.02094068350404151,0.023900850530714002,161.93,ripe
1762155349.5962002,0,0.523,0.8,7,3,2,138,150.58999999997542,285.1,0.5011105562517135,0.020959618847655594,0.02265613863419258,161.93,ripe
1762155349.6063054,0,0.523,0.8,8,3,2,138,150.58499999997542,285.1,0.5015636790243985,0.020977855093722127,0.02181966841855454,161.93,ripe
1762155349.6163752,0,0.521,0.8,7,2,2,138,150.57999999997543,285.15,0.5020000723927707,0.020994730648530947,0.02019160132870579,161.93,ripe
1762155349.6265125,0,0.52,0.8,6,3,2,138,150.57499999997543,285.1,0.5024039044193457,0.021010352823576026,0.018691932441392556,161.93,ripe
1762155349.6366239,0,0.52,0.8,7,3,2,138,150.56999999997544,285.1,0.5027777430681745,0.02102520462078642,0.017770175362194718,161.93,ripe
1762155349.6467123,0,0.522,0.8,8,3,2,138,150.56499999997544,285.05,0.5031331465754192,0.021040366185884462,0.018140812639765413,161.93,ripe
1762155349.6568248,0,0.521,0.8,8,2,2,138,150.55999999997545,284.95,0.5034959628282153,0.021055110036097096,0.017641016779377017,161.93,ripe
1762155349.6669226,0,0.522,0.8,8,3,2,138,150.55499999997545,284.9,0.5038487831638037,0.021069919653013126,0.01771970663999256,161.93,ripe
1762155349.6770558,0,0.522,0.8,7,3,2,138,150.54999999997546,284.85,0.5042031772966042,0.02108461339944466,0.017581067605293876,161.93,ripe
1762155349.6871557,0,0.521,0.8,7,3,2,138,150.54499999997546,284.8,0.5045547986487109,0.0210986855463751,0.016837323802238124,161.93,ripe
1762155349.6972544,0,0.519,0.8,7,2,2,138,150.53999999997546,284.8,0.5048915451247563,0.021111476617081952,0.015304516100718257,161.93,ripe
1762155349.7073557,0,0.52,0.8,8,4,2,138,150.53499999997547,284.75,0.5051976354467712,0.02112392993523155,0.014900395165966085,161.93,ripe
1762155349.7174642,0,0.518,0.8,7,2,2,138,150.52999999997547,284.8,0.5054956433500911,0.021135257450447854,0.013553371956277593,161.93,ripe
1762155349.7276332,0,0.518,0.8,8,2,2,138,150.52499999997548,284.9,0.5057667107892173,0.021145920047074676,0.012757796863967052,161.93,ripe
1762155349.7377095,0,0.519,0.8,8,3,2,138,150.51999999997548,285.0,0.5060218667264972,0.021156568093125758,0.012740387100094952,161.93,ripe
1762155349.7477844,0,0.52,0.8,8,4,2,138,150.5149999999755,285.1,0.5062766744684996,0.02116752041443359,0.013104452444796522,161.93,ripe
1762155349.7578514,0,0.52,0.8,8,3,2,138,150.5099999999755,285.2,0.5065387635173959,0.02117851230740415,0.013151799939252085,161.93,ripe
1762155349.7679164,0,0.518,0.8,6,3,2,138,150.5049999999755,285.25,0.5068017995161814,0.021188577900560994,0.012043482212142576,161.93,ripe
1762155349.7779791,0,0.518,0.8,8,2,2,138,150.4999999999755,285.35,0.5070426691604247,0.021198088950877547,0.01137997170373728,161.93,ripe
1762155349.7880955,0,0.518,0.8,9,3,2,138,150.4949999999755,285.45,0.5072702685944999,0.021207233164699194,0.010941051837581206,161.93,ripe
1762155349.7981575,0,0.519,0.8,8,4,2,138,150.4899999999755,285.55,0.5074890896312518,0.021216524071999494,0.011116570584788654,161.93,ripe
1762155349.8082216,0,0.519,0.8,7,4,2,138,150.4849999999755,285.55,0.507711421042948,0.021225793950031328,0.011091409065072333,161.93,ripe
1762155349.8182867,0,0.519,0.8,8,3,2,138,150.47999999997552,285.6,0.5079332492242498,0.021234960824941296,0.010968165829760346,161.93,ripe
1762155349.828351,0,0.521,0.8,7,3,2,138,150.47499999997552,285.75,0.5081526125408453,0.0212448213305712,0.011798094986159802,161.93,ripe
1762155349.8384266,0,0.522,0.8,7,4,2,138,150.46999999997553,285.95,0.508388574440569,0.021255340995696943,0.012586779322933617,161.93,ripe
1762155349.8485234,0,0.521,0.8,8,3,2,138,150.46499999997553,286.15,0.508640310027028,0.021265660566825016,0.012347366854723263,161.93,ripe
1762155349.8585863,0,0.52,0.8,8,3,2,138,150.45999999997554,286.20000000000005,0.5088872573641228,0.02127536101068358,0.011606581076752942,161.93,ripe
1762155349.86866,0,0.521,0.8,8,3,2,138,150.45499999997554,286.29999999999995,0.5091193889856582,0.021285078963240868,0.011627530234779693,161.93,ripe
1762155349.87873,0,0.524,0.8,8,4,2,138,150.44999999997555,286.35,0.5093519395903541,0.02129596197203308,0.013021520019864896,161.93,ripe
1762155349.8887987,0,0.528,0.8,8,5,2,138,150.44499999997555,286.4,0.5096123699907518,0.02130897857028998,0.01557435981435773,161.93,ripe
1762155349.8988771,0,0.529,0.8,7,4,2,138,150.43999999997556,286.45,0.5099238571870394,0.021323328346901378,0.017169507715515397,161.93,ripe
1762155349.9089713,0,0.53,0.8,7,4,2,138,150.43499999997556,286.45,0.5102672473413501,0.021338605768639742,0.018279435109927356,161.93,ripe
1762155349.9190989,0,0.53,0.8,8,3,2,138,150.42999999997556,286.45000000000005,0.5106328360435491,0.021354184962272933,0.018640505182089595,161.93,ripe
1762155349.929179,0,0.531,0.8,7,4,2,138,150.42499999997557,286.45,0.5110056461471915,0.02137017411769763,0.019131024465627977,161.93,ripe
1762155349.9392529,0,0.53,0.8,6,3,2,138,150.41999999997557,286.5,0.5113882666365045,0.021385786377346547,0.018680068669905237,161.93,ripe
1762155349.9493327,0,0.527,0.8,7,3,2,138,150.41499999997558,286.55,0.511761868009903,0.021399804178970718,0.016772299643301958,161.93,ripe
1762155349.9593987,0,0.526,0.8,7,3,2,138,150.40999999997558,286.54999999999995,0.5120973140027695,0.02141248263264715,0.015169769823833001,161.93,ripe
1762155349.9695175,0,0.525,0.8,6,3,2,138,150.4049999999756,286.54999999999995,0.5124007093992464,0.021423960135793053,0.013732832514054882,161.93,ripe
1762155349.979637,0,0.525,0.8,7,3,2,138,150.3999999999756,286.55,0.5126753660495279,0.021434734398147536,0.012891404907122817,161.93,ripe
1762155349.9897208,0,0.526,0.8,7,3,2,138,150.3949999999756,286.6,0.5129331941476707,0.021445474215390052,0.012850191330654681,161.93,ripe
1762155349.9997907,0,0.525,0.8,6,3,2,138,150.3899999999756,286.6,0.5131901979742841,0.021455671870855904,0.012201494764878529,161.93,ripe
1762155350.0098999,0,0.526,0.8,9,3,2,138,150.3849999999756,286.65,0.5134342278695819,0.021465919775995906,0.012261618499999405,161.93,ripe
1762155350.0200074,0,0.525,0.8,7,3,2,138,150.3799999999756,286.7,0.5136794602395822,0.021475671938925467,0.011668462945208402,161.93,ripe
1762155350.0301006,0,0.526,0.8,7,4,2,138,150.3749999999756,286.75,0.5139128294984866,0.02148550155204199,0.011761132093908722,161.93,ripe
1762155350.0401974,0,0.525,0.8,7,4,2,138,150.36999999997562,286.85,0.514148052140365,0.021494852934119586,0.011188928655832653,161.93,ripe
1762155350.0502987,0,0.525,0.8,8,3,2,138,150.36499999997562,286.95,0.5143718307134818,0.02150387646916733,0.010796659684617071,161.93,ripe
1762155350.0603852,0,0.523,0.8,7,2,2,138,150.35999999997563,287.0,0.5145877639071744,0.021511813352821225,0.00949648129187508,161.93,ripe
1762155350.0704818,0,0.523,0.8,9,2,2,138,150.35499999997563,287.04999999999995,0.5147776935330121,0.021519138408455592,0.008764429066512647,161.93,ripe
1762155350.0805614,0,0.524,0.8,8,2,2,138,150.34999999997564,287.05,0.5149529821143425,0.02152650830330342,0.00881807918541988,161.93,ripe
1762155350.090626,0,0.525,0.8,7,3,2,138,150.34499999997564,287.0,0.515129343698051,0.02153424435591674,0.00925618695183028,161.93,ripe
1762155350.100732,0,0.525,0.8,7,3,2,138,150.33999999997565,286.9,0.5153144674370878,0.02154208246530902,0.009378297887852938,161.93,ripe
1762155350.110814,0,0.524,0.8,7,3,2,138,150.33499999997565,286.9,0.515502033394845,0.02154947431592969,0.00884434926762534,161.93,ripe
1762155350.1209216,0,0.526,0.8,8,3,2,138,150.32999999997566,286.95,0.5156789203801977,0.021557409352244816,0.009494270951037498,161.93,ripe
1762155350.1310103,0,0.526,0.8,8,1,2,138,150.32499999997566,287.0,0.5158688057992186,0.021565531199187072,0.00971778986639904,161.93,ripe
1762155350.141101,0,0.526,0.8,8,2,2,138,150.31999999997566,287.04999999999995,0.5160631615965467,0.0215736633648672,0.009730136236262066,161.93,ripe
1762155350.1511953,0,0.526,0.8,9,2,2,138,150.31499999997567,287.04999999999995,0.5162577643212722,0.021581719265072078,0.00963888459513218,161.93,ripe
1762155350.1613069,0,0.527,0.8,9,2,2,138,150.30999999997567,287.04999999999995,0.516450542013175,0.021590075121691414,0.009997782445027248,161.93,ripe
1762155350.171395,0,0.525,0.8,6,3,2,138,150.30499999997568,286.95000000000005,0.5166504976620757,0.021597658627388893,0.009073664567025408,161.93,ripe
1762155350.1814597,0,0.525,0.8,7,3,2,138,150.29999999997568,286.9,0.5168319709534164,0.021604787846077687,0.008530110161134141,161.93,ripe
1762155350.1915302,0,0.525,0.8,7,3,2,138,150.2949999999757,286.85,0.5170025731566392,0.021611623171945336,0.008178467400635991,161.93,ripe
1762155350.2016103,0,0.526,0.8,7,3,2,138,150.2899999999757,286.70000000000005,0.5171661425046521,0.021618664022571323,0.008424377773985525,161.93,ripe
1762155350.211679,0,0.522,0.8,6,2,2,138,150.2849999999757,286.5,0.5173346300601319,0.02162406362982514,0.0064606300791868465,161.93,ripe
1762155350.2218137,0,0.523,0.8,7,3,2,138,150.2799999999757,286.35,0.5174638426617157,0.021629022917253427,0.0059337874079437025,161.93,ripe
1762155350.2319314,0,0.522,0.8,6,3,2,138,150.2749999999757,286.25,0.5175825184098747,0.02163329896959355,0.005116296624955052,161.93,ripe
1762155350.2420824,0,0.521,0.8,6,4,2,138,150.2699999999757,286.3,0.5176848443423738,0.0216367795907177,0.004164563175041103,161.93,ripe
1762155350.2521577,0,0.521,0.8,7,5,2,138,150.26499999997571,286.35,0.5177681356058746,0.02163983564433478,0.003656568152832773,161.93,ripe
1762155350.2622297,0,0.519,0.8,7,2,2,138,150.25999999997572,286.4,0.5178412669689314,0.02164181732833848,0.002371084910422372,161.93,ripe
1762155350.2722962,0,0.519,0.8,7,2,2,138,150.25499999997572,286.4,0.51788868866714,0.021643252754391582,0.001717487272536844,161.93,ripe
1762155350.2823696,0,0.52,0.8,8,3,2,138,150.24999999997573,286.45,0.5179230384125907,0.021644824045287735,0.0018800495572477427,161.93,ripe
1762155350.2924387,0,0.519,0.8,8,3,2,138,150.24499999997573,286.45,0.5179606394037356,0.02164602831154865,0.0014409045811836219,161.93,ripe
1762155350.3025033,0,0.516,0.8,6,3,2,138,150.23999999997574,286.45,0.5179894574953593,0.021645787036577567,-0.0002886855028997326,161.93,ripe
1762155350.312569,0,0.515,0.8,7,3,2,138,150.23499999997574,286.4,0.5179836837853014,0.021644421973653145,-0.0016332977890716194,161.93,ripe
1762155350.322636,0,0.513,0.8,6,3,2,138,150.22999999997575,286.29999999999995,0.5179510178295199,0.021641684134262082,-0.003275824831405094,161.93,ripe
1762155350.3327005,0,0.515,0.8,8,4,2,138,150.22499999997575,286.2,0.5178855013328918,0.02163913678379502,-0.003047904833834325,161.93,ripe
1762155350.3427665,0,0.514,0.8,6,4,2,138,150.21999999997576,286.1,0.517824543236215,0.021636290360906023,-0.003405744986686221,161.93,ripe
1762155350.3528457,0,0.513,0.8,7,3,2,138,150.21499999997576,286.0,0.5177564283364813,0.021632907971259788,-0.004047029211716957,161.93,ripe
1762155350.362917,0,0.511,0.8,6,3,2,138,150.20999999997576,285.95,0.5176754877522469,0.021628461010800223,-0.0053207881898647,161.93,ripe
1762155350.3729944,0,0.511,0.8,7,4,2,138,150.20499999997577,285.9,0.5175690719884495,0.021623536880246725,-0.005891722207258421,161.93,ripe
1762155350.3830752,0,0.508,0.8,6,3,2,138,150.19999999997577,285.85,0.5174512375443042,0.021617174521154612,-0.007612562653708688,161.93,ripe
1762155350.393175,0,0.505,0.8,7,3,2,138,150.19499999997578,285.8,0.5172989862912301,0.02160891739717138,-0.009879648845932287,161.93,ripe
1762155350.4032724,0,0.505,0.8,8,3,2,138,150.18999999997578,285.8,0.5171013933143113,0.021599814409631334,-0.010891724591662322,161.93,ripe
1762155350.4133635,0,0.506,0.8,8,4,2,138,150.1849999999758,285.8,0.5168835588224779,0.021590805864323222,-0.010778724461153466,161.93,ripe
1762155350.4234662,0,0.505,0.8,7,3,2,138,150.1799999999758,285.8,0.5166679843332549,0.021581515795662462,-0.011115567152592654,161.93,ripe
1762155350.433553,0,0.502,0.8,6,2,2,138,150.1749999999758,285.8,0.5164456729902028,0.021570927024747395,-0.01266946439987171,161.93,ripe
1762155350.4436643,0,0.502,0.8,7,2,2,138,150.1699999999758,285.75,0.5161922837022053,0.02155980777743687,-0.013304179407039651,161.93,ripe
1762155350.4537423,0,0.5,0.8,6,2,2,138,150.1649999999758,285.65,0.5159262001140644,0.021547704018166924,-0.014482147966481618,161.93,ripe
1762155350.463804,0,0.498,0.8,6,2,2,138,150.1599999999758,285.55,0.5156365571547347,0.02153440311463082,-0.01591453108094326,161.93,ripe
1762155350.4738991,0,0.499,0.8,7,3,2,138,150.15499999997581,285.5,0.5153182665331156,0.02152106650493903,-0.015957253496219903,161.93,ripe
1762155350.4839637,0,0.499,0.8,7,3,2,138,150.14999999997582,285.45,0.5149991214631912,0.02150784576532787,-0.015818614944743292,161.93,ripe
1762155350.4940526,0,0.5,0.8,8,3,2,138,150.14499999997582,285.4,0.5146827491642961,0.02149523189495171,-0.015092495905072223,161.93,ripe
1762155350.5041301,0,0.503,0.8,8,4,2,138,150.13999999997583,285.4,0.5143808992461946,0.021484295185702575,-0.013085772616582614,161.93,ripe
1762155350.5142114,0,0.503,0.8,8,4,2,138,150.13499999997583,285.4,0.5141191837938628,0.021474289652498178,-0.011971620479056755,161.93,ripe
1762155350.524281,0,0.503,0.8,7,3,2,138,150.12999999997584,285.4,0.5138797513842815,0.021464840450887746,-0.011305969726878584,161.93,ripe
1762155350.5343585,0,0.502,0.8,6,4,2,138,150.12499999997584,285.4,0.5136536319897439,0.021455340458275088,-0.011366741161042415,161.93,ripe
1762155350.5444279,0,0.5,0.8,6,3,2,138,150.11999999997585,285.4,0.513426297166523,0.02144507480699872,-0.012282851752172252,161.93,ripe
1762155350.554508,0,0.499,0.8,8,2,2,138,150.11499999997585,285.4,0.5131806401314795,0.02143411875399052,-0.01310891742430409,161.93,ripe
1762155350.5645852,0,0.502,0.8,8,4,2,138,150.10999999997586,285.5,0.5129184617829933,0.021424187621161928,-0.011882600429405588,161.93,ripe
1762155350.5746515,0,0.502,0.8,8,3,2,138,150.10499999997586,285.6,0.5126808097744051,0.02141485801054963,-0.011162879097611267,161.93,ripe
1762155350.5847228,0,0.502,0.8,7,3,2,138,150.09999999997586,285.75,0.5124575521924528,0.021405916441929438,-0.010698586854055891,161.93,ripe
1762155350.59483,0,0.504,0.8,9,3,2,138,150.09499999997587,285.9,0.5122435804553715,0.021398090200570326,-0.009364097786173087,161.93,ripe
1762155350.6048942,0,0.504,0.8,7,3,2,138,150.08999999997587,286.0,0.5120562984996481,0.021390888731982735,-0.008616557165048833,161.93,ripe
1762155350.6150198,0,0.504,0.8,8,2,2,138,150.08499999997588,286.05,0.511883967356347,0.021384065416739068,-0.008164096689047384,161.93,ripe
1762155350.6250982,0,0.505,0.8,9,3,2,138,150.07999999997588,286.04999999999995,0.511720685422566,0.02137791351528573,-0.007360750088916124,161.93,ripe
1762155350.635169,0,0.508,0.8,8,4,2,138,150.0749999999759,286.0,0.5115734704207876,0.021373405782102308,-0.0053935027539626645,161.93,ripe
1762155350.6452842,0,0.51,0.8,8,4,2,138,150.0699999999759,285.9,0.5114656003657084,0.021370584539701726,-0.0033756165322958998,161.93,ripe
1762155350.6553593,0,0.511,0.8,8,4,2,138,150.0649999999759,285.9,0.5113980880350625,0.021369035775708114,-0.0018530961183561567,161.93,ripe
1762155350.665464,0,0.513,0.8,8,5,2,138,150.0599999999759,285.9,0.5113610261126953,0.0213689617847726,-8.853015434207023e-05,161.93,ripe
1762155350.6755304,0,0.514,0.8,7,3,2,138,150.0549999999759,285.95,0.5113592555096085,0.021370029058044283,0.001276992469568139,161.93,ripe
1762155350.6856298,0,0.515,0.8,7,4,2,138,150.0499999999759,285.95000000000005,0.5113847953589998,0.02137206276354415,0.002433328630588427,161.93,ripe
1762155350.6957285,0,0.515,0.8,7,3,2,138,150.04499999997591,286.0,0.5114334619316117,0.021374549683780827,0.0029756000631824264,161.93,ripe
1762155350.7058005,0,0.515,0.8,8,2,2,138,150.03999999997592,286.0,0.5114929739328753,0.021377233810036173,0.0032115570645216973,161.93,ripe
1762155350.7158942,0,0.519,0.8,8,4,2,138,150.03499999997592,286.0,0.5115572050741658,0.021381659267975608,0.005295060424532649,161.93,ripe
1762155350.725987,0,0.519,0.8,7,3,2,138,150.02999999997593,285.95000000000005,0.5116631062826564,0.02138689372386085,0.006263026466692745,161.93,ripe
1762155350.736109,0,0.522,0.8,8,4,2,138,150.02499999997593,285.8,0.5117883668119902,0.021393725900678808,0.008174699562684351,161.93,ripe
1762155350.746188,0,0.524,0.8,8,4,2,138,150.01999999997594,285.65,0.5119518608032441,0.021402108409984362,0.010029672384093247,161.93,ripe
1762155350.756277,0,0.522,0.8,8,2,2,138,150.01499999997594,285.55,0.5121524542509259,0.021410330986117037,0.009838312342742794,161.93,ripe
1762155350.7663674,0,0.525,0.8,8,4,2,138,150.00999999997595,285.55,0.5123492204977809,0.021419646625731793,0.01114616279905345,161.93,ripe
1762155350.7764416,0,0.527,0.8,7,4,2,138,150.00499999997595,285.55,0.5125721437537619,0.02143024048105537,0.012675547894655304,161.93,ripe
1762155350.7865164,0,0.528,0.8,9,3,2,138,149.99999999997596,285.5,0.5128256547116551,0.021441772609022403,0.013798191112553537,161.93,ripe
1762155350.796626,0,0.529,0.8,8,4,2,138,149.99499999997596,285.45,0.5131016185339062,0.021454067054804436,0.014710304378198091,161.93,ripe
1762155350.806694,0,0.53,0.8,7,3,2,138,149.98999999997596,285.4,0.5133958246214703,0.02146702997735737,0.015510136834581911,161.93,ripe
1762155350.8167734,0,0.531,0.8,8,3,2,138,149.98499999997597,285.45000000000005,0.5137060273581621,0.02148060870980189,0.016246953369864037,161.93,ripe
1762155350.8268511,0,0.534,0.8,8,4,2,138,149.97999999997597,285.4,0.5140309664255593,0.02149560705826696,0.017945523938453722,161.93,ripe
1762155350.8369548,0,0.534,0.8,8,4,2,138,149.97499999997598,285.3,0.5143898769043285,0.021511151035097452,0.018598368277678023,161.93,ripe
1762155350.8470228,0,0.536,0.8,8,4,2,138,149.96999999997598,285.15,0.5147618442698821,0.02152764270105744,0.01973227832112112,161.93,ripe
1762155350.8571365,0,0.539,0.8,8,5,2,138,149.964999999976,285.0,0.5151564898363047,0.021545687474529403,0.02159057145919696,161.93,ripe
1762155350.8672538,0,0.54,0.8,7,3,2,138,149.959999999976,285.0,0.5155883012654887,0.021564730708446885,0.02278522938226213,161.93,ripe
1762155350.877347,0,0.537,0.8,6,2,2,138,149.954999999976,284.95,0.5160440058531341,0.021582819099145376,0.021642759470741346,161.93,ripe
1762155350.8874154,0,0.537,0.8,7,2,2,138,149.949999999976,285.0,0.516476861042549,0.021600258732759576,0.020866521619388845,161.93,ripe
1762155350.8974888,0,0.538,0.8,8,3,2,138,149.944999999976,285.04999999999995,0.5168941914749368,0.021617623964565708,0.020777499856032167,161.93,ripe
1762155350.9075942,0,0.537,0.8,7,3,2,138,149.939999999976,285.1,0.5173097414720575,0.02163436120166845,0.020026104193426875,161.93,ripe
1762155350.9176605,0,0.534,0.8,7,2,2,138,149.93499999997601,285.15,0.5177102635559262,0.021649369692497384,0.01795765927681603,161.93,ripe
1762155350.9277234,0,0.534,0.8,8,2,2,138,149.92999999997602,285.25,0.5180694167414626,0.021663381012743864,0.01676454467490851,161.93,ripe
1762155350.9377847,0,0.535,0.8,7,2,2,138,149.92499999997602,285.3,0.5184047076349608,0.021677181491701846,0.01651227307322467,161.93,ripe
1762155350.947887,0,0.534,0.8,7,1,2,138,149.91999999997603,285.3,0.5187349530964254,0.021690322768139515,0.015723537257667397,161.93,ripe
1762155350.9579744,0,0.535,0.8,7,2,2,138,149.91499999997603,285.3,0.5190494238415787,0.021703427508077227,0.015679821335467747,161.93,ripe
1762155350.968126,0,0.535,0.8,7,1,2,138,149.90999999997604,285.3,0.5193630202682882,0.021716383297730582,0.015501602320235008,161.93,ripe
1762155350.978226,0,0.534,0.8,7,2,2,138,149.90499999997604,285.35,0.519673052314693,0.021728718658348693,0.014759258979568646,161.93,ripe
1762155350.9883022,0,0.534,0.8,8,2,2,138,149.89999999997605,285.35,0.5199682374942843,0.021740626655133356,0.014247918152846428,161.93,ripe
1762155350.9983742,0,0.532,0.8,7,2,2,138,149.89499999997605,285.3,0.5202531958573413,0.021751370392673035,0.012854881966224085,161.93,ripe
1762155351.0084512,0,0.529,0.8,7,2,2,138,149.88999999997606,285.3,0.5205102934966659,0.021760182549309157,0.010543745415116823,161.93,ripe
1762155351.0185323,0,0.527,0.8,7,3,2,138,149.88499999997606,285.3,0.5207211684049683,0.021767124338737426,0.008305851050923074,161.93,ripe
1762155351.0285678,0,0.528,0.8,8,3,2,138,149.87999999997606,285.3,0.5208872854259867,0.021773498115838938,0.007626224301958917,161.93,ripe
1762155351.0386777,0,0.528,0.8,7,3,2,138,149.87499999997607,285.35,0.5210398099120259,0.021779529829129323,0.007216944951946913,161.93,ripe
1762155351.0487528,0,0.529,0.8,8,2,2,138,149.86999999997607,285.29999999999995,0.5211841488110649,0.021785751499518727,0.007444228620921534,161.93,ripe
1762155351.05883,0,0.529,0.8,6,4,2,138,149.86499999997608,285.15,0.5213330333834832,0.021792004032182757,0.007481155332509926,161.93,ripe
1762155351.068923,0,0.526,0.8,6,3,2,138,149.85999999997608,285.1,0.5214826564901335,0.02179695550553659,0.005924437867863119,161.93,ripe
1762155351.0790281,0,0.524,0.8,6,3,2,138,149.8549999999761,285.0,0.5216011452474908,0.021800384174096146,0.004102401931507571,161.93,ripe
1762155351.089125,0,0.524,0.8,7,3,2,138,149.8499999999761,284.95,0.5216831932861209,0.02180303238162091,0.003168580303378299,161.93,ripe
1762155351.0992527,0,0.522,0.8,7,3,2,138,149.8449999999761,285.0,0.5217465648921885,0.021804435910164628,0.0016793219025611483,161.93,ripe
1762155351.109348,0,0.522,0.8,7,3,2,138,149.8399999999761,285.1,0.5217801513302397,0.0218052155107222,0.0009327920671351464,161.93,ripe
1762155351.119427,0,0.52,0.8,6,2,2,138,149.8349999999761,285.15,0.5217988071715824,0.021804845819562237,-0.00044233547289507236,161.93,ripe
1762155351.1295297,0,0.517,0.8,7,2,2,138,149.8299999999761,285.15,0.5217899604621244,0.021802663015874163,-0.002611724612780697,161.93,ripe
1762155351.1395888,0,0.514,0.8,6,3,2,138,149.82499999997611,285.1,0.5217377259698689,0.021798359958586075,-0.005148608045197012,161.93,ripe
1762155351.1496851,0,0.511,0.8,6,3,2,138,149.81999999997612,285.05,0.521634753808965,0.021791807351108743,-0.007840194846629012,161.93,ripe
1762155351.1598077,0,0.509,0.8,8,2,2,138,149.81499999997612,285.05,0.5214779499120323,0.021783382219114706,-0.010080670430864358,161.93,ripe
1762155351.1699233,0,0.505,0.8,6,3,2,138,149.80999999997613,285.05,0.5212763365034151,0.02177245225942993,-0.013077696762831104,161.93,ripe
1762155351.18007,0,0.505,0.8,7,3,2,138,149.80499999997613,285.1,0.5210147825681584,0.021760404233773543,-0.01441546269786631,161.93,ripe
1762155351.1901836,0,0.505,0.8,7,4,2,138,149.79999999997614,285.04999999999995,0.5207264733142011,0.021747928836047627,-0.014926813379055104,161.93,ripe
1762155351.2002618,0,0.506,0.8,7,4,2,138,149.79499999997614,285.0,0.5204279370466198,0.021735786665484275,-0.014528107079046837,161.93,ripe
1762155351.2103522,0,0.507,0.8,7,4,2,138,149.78999999997615,285.0,0.5201373749050389,0.02172434708343559,-0.01368745992125242,161.93,ripe
1762155351.2204885,0,0.504,0.8,7,2,2,138,149.78499999997615,285.1,0.5198636257066138,0.021712112509081456,-0.014638668214720596,161.93,ripe
1762155351.23056,0,0.506,0.8,8,4,2,138,149.77999999997616,285.20000000000005,0.5195708523423194,0.02170044650523994,-0.013958373596372753,161.93,ripe
1762155351.2406666,0,0.503,0.8,6,3,2,138,149.77499999997616,285.25,0.5192916848703919,0.0216879221044899,-0.014985445497418537,161.93,ripe
1762155351.2507396,0,0.501,0.8,6,4,2,138,149.76999999997616,285.15,0.5189919759604434,0.02167426656226344,-0.016338856273956703,161.93,ripe
1762155351.2608178,0,0.502,0.8,7,4,2,138,149.76499999997617,285.05,0.5186651988349643,0.021660611201635174,-0.016338638991720944,161.93,ripe
1762155351.2709122,0,0.501,0.8,7,4,2,138,149.75999999997617,284.95000000000005,0.5183384260551298,0.021646674598096927,-0.01667514613350818,161.93,ripe
1762155351.28102,0,0.5,0.8,6,4,2,138,149.75499999997618,284.9,0.5180049231324596,0.021632321666068804,-0.01717328317164879,161.93,ripe
1762155351.2910876,0,0.498,0.8,7,3,2,138,149.74999999997618,284.85,0.5176614574690266,0.021617072491402173,-0.01824563748862118,161.93,ripe
1762155351.301155,0,0.495,0.8,6,3,2,138,149.7449999999762,284.85,0.5172965447192541,0.021600282993091222,-0.020088634729051424,161.93,ripe
1762155351.311225,0,0.494,0.8,6,3,2,138,149.7399999999762,284.9,0.516894772024673,0.02158248874567829,-0.021290817029571696,161.93,ripe
1762155351.3213115,0,0.491,0.8,6,2,2,138,149.7349999999762,284.9,0.5164689556840817,0.021563126457181395,-0.023166978186531018,161.93,ripe
1762155351.3313751,0,0.488,0.8,7,2,2,138,149.7299999999762,284.95,0.5160056161203509,0.02154193579494021,-0.025354627371575567,161.93,ripe
1762155351.341456,0,0.487,0.8,8,3,2,138,149.7249999999762,285.0,0.5154985235729194,0.02151964325068736,-0.026673029198531706,161.93,ripe
1762155351.3515487,0,0.485,0.8,7,3,2,138,149.7199999999762,285.05,0.5149650629889487,0.02149619793869258,-0.028052315801754935,161.93,ripe
1762155351.3616242,0,0.48100000000000004,0.8,7,2,2,138,149.71499999997621,285.1,0.5144040166729136,0.021470750681626707,-0.03044764307931669,161.93,ripe
1762155351.3717082,0,0.48000000000000004,0.8,6,3,2,138,149.70999999997622,285.1,0.5137950638113272,0.021444159058547282,-0.03181687701452873,161.93,ripe
1762155351.3817708,0,0.48100000000000004,0.8,5,4,2,138,149.70499999997622,285.1,0.5131587262710366,0.021417690497851385,-0.031669632872637354,161.93,ripe
1762155351.3918338,0,0.48300000000000004,0.8,7,4,2,138,149.69999999997623,285.1,0.5125253336135838,0.021392382694329123,-0.030280786914384072,161.93,ripe
1762155351.4019337,0,0.48300000000000004,0.8,8,3,2,138,149.69499999997623,285.1,0.5119197178752961,0.021367896739857166,-0.02929744452569627,161.93,ripe
1762155351.4120612,0,0.48200000000000004,0.8,7,2,2,138,149.68999999997624,285.15,0.5113337689847821,0.0213436404654652,-0.029022632309982144,161.93,ripe
1762155351.422154,0,0.48300000000000004,0.8,8,2,2,138,149.68499999997624,285.15,0.5107533163385825,0.02132015718255573,-0.028097748001182477,161.93,ripe
1762155351.4322429,0,0.48100000000000004,0.8,7,1,2,138,149.67999999997625,285.15,0.5101913613785588,0.021296451727303024,-0.028363577209858826,161.93,ripe
1762155351.442334,0,0.48100000000000004,0.8,7,2,2,138,149.67499999997625,285.2,0.5096240898343615,0.021272874462154662,-0.028210197750011434,161.93,ripe
1762155351.4523947,0,0.48400000000000004,0.8,8,3,2,138,149.66999999997626,285.25,0.5090598858793612,0.021250849439307034,-0.02635293983718623,161.93,ripe
1762155351.4624686,0,0.485,0.8,8,2,2,138,149.66499999997626,285.35,0.5085328270826175,0.021230223150914614,-0.02467935406152999,161.93,ripe
1762155351.4725575,0,0.488,0.8,8,3,2,138,149.65999999997626,285.4,0.5080392400013869,0.021211742161787287,-0.02211250349084315,161.93,ripe
1762155351.482645,0,0.489,0.8,8,2,2,138,149.65499999997627,285.4,0.5075969899315699,0.021194915064690505,-0.020133621676298008,161.93,ripe
1762155351.4927382,0,0.492,0.8,9,4,2,138,149.64999999997627,285.35,0.5071943174980439,0.021180320302157777,-0.017462633370407987,161.93,ripe
1762155351.5028467,0,0.494,0.8,8,3,2,138,149.64499999997628,285.35,0.5068450648306357,0.02116780110218551,-0.01497922276681779,161.93,ripe
1762155351.5129647,0,0.496,0.8,8,3,2,138,149.63999999997628,285.3,0.5065454803752995,0.021157259890866337,-0.01261255934339045,161.93,ripe
1762155351.5230613,0,0.496,0.8,7,3,2,138,149.6349999999763,285.25,0.5062932291884316,0.021147793306100372,-0.011326768672477061,161.93,ripe
1762155351.5331488,0,0.495,0.8,7,3,2,138,149.6299999999763,285.2,0.506066693814982,0.021138530068693765,-0.011083463557004791,161.93,ripe
1762155351.5432196,0,0.495,0.8,6,4,2,138,149.6249999999763,285.15,0.505845024543842,0.02112945910386731,-0.010853409414853354,161.93,ripe
1762155351.5533237,0,0.496,0.8,7,4,2,138,149.6199999999763,285.1,0.5056279563555449,0.021120990947752768,-0.010132148791050621,161.93,ripe
1762155351.5634408,0,0.498,0.8,8,4,2,138,149.6149999999763,285.1,0.5054253133797239,0.021113738620466952,-0.008677409597476704,161.93,ripe
1762155351.5735621,0,0.501,0.8,8,4,2,138,149.6099999999763,285.1,0.5052517651877743,0.021108408229078193,-0.0063778132966506584,161.93,ripe
1762155351.5836573,0,0.503,0.8,8,3,2,138,149.60499999997631,285.1,0.5051242089218413,0.021104908661191624,-0.004187232976279542,161.93,ripe
1762155351.5937386,0,0.504,0.8,8,3,2,138,149.59999999997632,285.1,0.5050404642623157,0.021102759077999366,-0.002571976289534872,161.93,ripe
1762155351.6038105,0,0.505,0.8,8,3,2,138,149.59499999997632,285.0,0.504989024736525,0.02110171036863862,-0.001254780750134521,161.93,ripe
1762155351.613888,0,0.507,0.8,9,3,2,138,149.58999999997633,284.8,0.5049639291215223,0.021102047345547666,0.0004031928716728972,161.93,ripe
1762155351.6239564,0,0.51,0.8,8,3,2,138,149.58499999997633,284.65,0.5049719929789558,0.02110431359545794,0.00271156801764183,161.93,ripe
1762155351.6340199,0,0.511,0.8,7,3,2,138,149.57999999997634,284.70000000000005,0.5050262243393087,0.021107920412139086,0.0043155561589901525,161.93,ripe
1762155351.6441162,0,0.512,0.8,8,2,2,138,149.57499999997634,284.9,0.5051125354624885,0.02111256592387052,0.005558354786661002,161.93,ripe
1762155351.6542258,0,0.513,0.8,7,3,2,138,149.56999999997635,285.05,0.5052237025582217,0.021118091826558657,0.006611742566353107,161.93,ripe
1762155351.664291,0,0.513,0.8,7,3,2,138,149.56499999997635,285.04999999999995,0.5053559374095488,0.021123993861788693,0.007061785152738698,161.93,ripe
1762155351.6743681,0,0.514,0.8,7,3,2,138,149.55999999997636,285.0,0.5054971731126036,0.021130439067111335,0.007711688168540176,161.93,ripe
1762155351.6844382,0,0.516,0.8,8,4,2,138,149.55499999997636,284.95,0.5056514068759744,0.021137921744724873,0.0089530237645975,161.93,ripe
1762155351.694504,0,0.515,0.8,7,3,2,138,149.54999999997636,284.95,0.5058304673512664,0.02114542007148544,0.008971747969019672,161.93,ripe
1762155351.704583,0,0.514,0.8,7,3,2,138,149.54499999997637,284.95000000000005,0.5060099023106467,0.021152433197561077,0.008391205349496333,161.93,ripe
1762155351.7146564,0,0.514,0.8,8,3,2,138,149.53999999997637,285.0,0.5061777264176367,0.021159138444040337,0.008022827412434874,161.93,ripe
1762155351.7247286,0,0.517,0.8,8,4,2,138,149.53499999997638,285.1,0.5063381829658854,0.021166879433550702,0.009262093949150452,161.93,ripe
1762155351.7348034,0,0.516,0.8,7,4,2,138,149.52999999997638,285.2,0.5065234248448685,0.02117463264175183,0.009276713612649479,161.93,ripe
1762155351.7448838,0,0.517,0.8,7,3,2,138,149.5249999999764,285.29999999999995,0.5067089591171214,0.021182732190528797,0.00969111011163748,161.93,ripe
1762155351.754969,0,0.518,0.8,7,4,2,138,149.5199999999764,285.35,0.5069027813193543,0.021191338336199524,0.010297253295025177,161.93,ripe
1762155351.7650461,0,0.517,0.8,7,3,2,138,149.5149999999764,285.35,0.5071087263852547,0.021199688767392116,0.00999129092193507,161.93,ripe
1762155351.7751637,0,0.516,0.8,7,3,2,138,149.5099999999764,285.35,0.5073085522036935,0.02120741250867912,0.009241456449901375,161.93,ripe
1762155351.7852542,0,0.517,0.8,8,3,2,138,149.5049999999764,285.4,0.5074933813326915,0.021215169819998894,0.009281622994105954,161.93,ripe
1762155351.7953444,0,0.517,0.8,7,3,2,138,149.4999999999764,285.4,0.5076790137925736,0.02122286600752152,0.009208488370825108,161.93,ripe
1762155351.8054168,0,0.519,0.8,8,3,2,138,149.49499999997641,285.35,0.5078631835599902,0.02123129105350707,0.01008056752170916,161.93,ripe
1762155351.8154852,0,0.523,0.8,9,4,2,138,149.48999999997642,285.29999999999995,0.5080647949104243,0.021241660531677087,0.012407080630425393,161.93,ripe
1762155351.8255897,0,0.528,0.8,9,4,2,138,149.48499999997642,285.25,0.5083129365230328,0.02125496851433266,0.0159230012473921,161.93,ripe
1762155351.8356745,0,0.531,0.8,8,4,2,138,149.47999999997643,285.25,0.5086313965479806,0.021270836940857716,0.01898657233723189,161.93,ripe
1762155351.845743,0,0.53,0.8,7,3,2,138,149.47499999997643,285.25,0.5090111279947253,0.0212873834151142,0.019797856447881013,161.93,ripe
1762155351.8558147,0,0.531,0.8,7,4,2,138,149.46999999997644,285.25,0.5094070851236829,0.02130451455351589,0.020497407097620268,161.93,ripe
1762155351.865904,0,0.534,0.8,8,4,2,138,149.46499999997644,285.25,0.5098170332656354,0.02132301452246283,0.022135212845016183,161.93,ripe
1762155351.8759916,0,0.537,0.8,7,5,2,138,149.45999999997645,285.20000000000005,0.5102597375225357,0.021343253875185597,0.024216385532790152,161.93,ripe
1762155351.8860838,0,0.539,0.8,8,3,2,138,149.45499999997645,285.15,0.5107440652331915,0.021364978903430035,0.02599399629447141,161.93,ripe
1762155351.8961787,0,0.539,0.8,9,2,2,138,149.44999999997646,285.05,0.5112639451590809,0.02138721466239765,0.0266050856047505,161.93,ripe
1762155351.906298,0,0.537,0.8,7,2,2,138,149.44499999997646,284.9,0.5117960468711759,0.0214086425508312,0.02563846851073992,161.93,ripe
1762155351.916409,0,0.539,0.8,8,3,2,138,149.43999999997646,284.75,0.5123088162413907,0.021430296074817466,0.025908441449567166,161.93,ripe
1762155351.9265199,0,0.54,0.8,8,3,2,138,149.43499999997647,284.6,0.5128269850703822,0.021452261510484075,0.026281643775096786,161.93,ripe
1762155351.936607,0,0.542,0.8,7,3,2,138,149.42999999997647,284.4,0.513352617945884,0.021474995899516132,0.02720169647685544,161.93,ripe
1762155351.9466856,0,0.548,0.8,10,5,2,138,149.42499999997648,284.3,0.5138966518754212,0.021500387044803178,0.030380505335948604,161.93,ripe
1762155351.9567552,0,0.559,0.8,15,7,2,138,149.41999999997648,284.3,0.5145042619821402,0.0215314228296954,0.03713431662354483,161.93,ripe
1762155351.9668267,0,0.5730000000000001,0.8,17,7,2,138,149.4149999999765,284.35,0.515246948314611,0.021570764527136466,0.04707234098823154,161.93,ripe
1762155351.9768991,0,0.587,0.8,17,8,2,138,149.4099999999765,284.45,0.5161883951343758,0.021619633101743276,0.05847124951704552,161.93,ripe
1762155351.9869812,0,0.602,0.8,18,7,2,138,149.4049999999765,284.5,0.5173578201247168,0.02167894944290583,0.07097200220099387,161.93,ripe
1762155351.9970539,0,0.613,0.8,17,7,2,138,149.3999999999765,284.55,0.5187772601687366,0.021747388766762177,0.08188765099411865,161.93,ripe
1762155352.00714,0,0.626,0.8,18,6,2,138,149.3949999999765,284.6,0.520415013188619,0.02182504647039177,0.09291744239280864,161.93,ripe
1762155352.0172222,0,0.639,0.8,17,7,2,138,149.3899999999765,284.65,0.5222733620364752,0.02191187711456581,0.10389286575423862,161.93,ripe
1762155352.027294,0,0.652,0.8,16,7,2,138,149.38499999997651,284.65,0.52435121935156,0.022007766704656744,0.11473189454379695,161.93,ripe
1762155352.0373583,0,0.663,0.8,15,6,2,138,149.37999999997652,284.6,0.5266458572424361,0.022111733022839145,0.12439569970524245,161.93,ripe
1762155352.047425,0,0.675,0.8,15,7,2,138,149.37499999997652,284.45,0.5291337712365409,0.022223631900597025,0.1338870072372984,161.93,ripe
1762155352.0574908,0,0.687,0.8,16,7,2,138,149.36999999997653,284.45,0.5318115113812869,0.022343313369761784,0.1431988778556328,161.93,ripe
1762155352.0675592,0,0.698,0.8,17,6,2,138,149.36499999997653,284.55,0.5346754889383997,0.022470208234517373,0.15182970568006016,161.93,ripe
1762155352.0776234,1762155352.078246,0.708,0.8,16,6,0,138,149.35999999997654,284.6,0.5377120830520009,0.022603547569458645,0.15954051425722893,161.93,ripe
1762155352.08773,1762155352.078246,0.72,0.8,16,7,0,138,149.35999999997654,284.65,0.5409028933371456,0.022743725927433966,0.16772340531746932,161.93,ripe
1762155352.0978136,1762155352.078246,0.731,0.8,15,7,0,138,149.35999999997654,284.65,0.5442573614434949,0.022890450363609323,0.17555578788381254,161.93,ripe
1762155352.107888,1762155352.078246,0.743,0.8,16,7,0,138,149.35999999997654,284.65,0.5477684772011713,0.023043929759733423,0.1836380974624825,161.93,ripe
1762155352.1179714,1762155352.078246,0.754,0.8,16,7,0,138,149.35999999997654,284.65,0.551441239150421,0.02320378103276427,0.1912620481814059,161.93,ripe
1762155352.1280925,1762155352.078246,0.766,0.8,16,7,0,138,149.35999999997654,284.7,0.5552664801140491,0.023370170638741593,0.19908516355186434,161.93,ripe
1762155352.138208,1762155352.078246,0.779,0.8,15,8,0,137.93,149.35999999997654,284.65,0.5600661393574423,0.02354309145473206,0.20660968247551448,161.93,ripe
1762155352.1483152,1762155352.078246,0.791,0.8,15,7,0,137.86,149.35999999997654,284.65,0.5654461990140272,0.023722053691973104,0.21339171190245132,161.93,ripe
1762155352.1584246,1762155352.078246,0.802,0.8,15,6,0,137.79,149.35999999997654,284.65,0.5711974003355975,0.02390632882432423,0.21922155512264174,161.93,ripe
1762155352.1685317,1762155352.078246,0.8140000000000001,0.8,16,6,0,137.72,149.35999999997654,284.65,0.5772033680077935,0.024095915361860225,0.22500610972132618,161.93,ripe
1762155352.1786406,1762155352.078246,0.827,0.8,16,7,0,137.65,149.35999999997654,284.7,0.5834148207254902,0.024291169942762685,0.23118991813906964,161.93,ripe
1762155352.1887586,1762155352.078246,0.836,0.8,15,6,0,137.58,149.35999999997654,284.8,0.5898161746774029,0.024490506327561865,0.23548619475487698,161.93,ripe
1762155352.1988444,1762155352.078246,0.846,0.8,15,5,0,137.51,149.35999999997654,284.9,0.5963572223217795,0.02469350904142251,0.2392939623943604,161.93,ripe
1762155352.2089202,1762155352.078246,0.856,0.8,15,5,0,137.44,149.35999999997654,284.95,0.6030222429229164,0.02489991854409789,0.24280334943515358,161.93,ripe
1762155352.2189972,1762155352.078246,0.865,0.8,15,5,0,137.37,149.35999999997654,285.0,0.6098024094306959,0.025109127807785077,0.24561038674833913,161.93,ripe
1762155352.229061,1762155352.078246,0.874,0.8,14,7,0,137.3,149.35999999997654,284.95,0.6166818954034853,0.025320789274657043,0.24802450268603227,161.93,ripe
1762155352.2391334,1762155352.078246,0.884,0.8,15,6,0,137.23,149.35999999997654,284.9,0.6236519052914679,0.02553511333605737,0.250701293753291,161.93,ripe
1762155352.2492025,1762155352.078246,0.894,0.8,14,6,0,137.16,149.35999999997654,284.79999999999995,0.6307177357917144,0.02575215526952087,0.25345886373066495,161.93,ripe
1762155352.2593071,1762155352.078246,0.905,0.8,15,7,0,137.09,149.35999999997654,284.75,0.637881106076187,0.02597232185112002,0.2567071936850027,161.93,ripe
1762155352.2693737,1762155352.078246,0.915,0.8,14,6,0,137.02,149.35999999997654,284.7,0.6451525857475519,0.026195330107905226,0.25964156413304307,161.93,ripe
1762155352.2794833,1762155352.078246,0.927,0.8,16,6,0,136.95,149.35999999997654,284.65,0.6525257289471817,0.026421849614696968,0.26337134599311574,161.93,ripe
1762155352.2895842,1762155352.078246,0.9380000000000001,0.8,15,7,0,136.88,149.35999999997654,284.65,0.6600178315967106,0.026651720412185192,0.26693070587343815,161.93,ripe
1762155352.2996836,1762155352.078246,0.95,0.8,15,7,0,136.81,149.35999999997654,284.6,0.6676256105587935,0.026885237572629082,0.2708486581762808,161.93,ripe
1762155352.309748,1762155352.078246,0.96,0.8,15,6,0,136.74,149.35999999997654,284.6,0.6753571750035756,0.027121621915339345,0.2738799593639616,161.93,ripe
1762155352.3198435,1762155352.078246,0.967,0.8,15,5,0,136.67,149.35999999997654,284.5,0.6831936596685256,0.02735914137759151,0.274924907515243,161.93,ripe
1762155352.329935,1762155352.078246,0.974,0.8,14,6,0,136.6,149.35999999997654,284.45,0.6910919130243817,0.027596909746163408,0.27496737056750264,161.93,ripe
1762155352.3400505,1762155352.078246,0.981,0.8,13,6,0,136.53,149.35999999997654,284.35,0.6990297247914656,0.027834465138160226,0.2744999170044765,161.93,ripe
1762155352.3501596,1762155352.078246,0.991,0.8,14,6,0,136.46,149.35999999997654,284.25,0.7069954149738076,0.028072857938780837,0.2752694059241635,161.93,ripe
1762155352.3602269,1762155352.078246,0.999,0.8,14,5,0,136.39,149.35999999997654,284.15,0.7150156919350065,0.028311703302157737,0.27561671851397906,161.93,ripe
1762155352.3702927,1762155352.078246,1.004,0.8,13,4,0,136.32,149.35999999997654,284.05,0.7230809024552346,0.02854948313780358,0.2742353027692582,161.93,ripe
1762155352.3804471,1762155352.078246,1.012,0.8,14,6,0,136.25,149.35999999997654,283.95,0.731152263218709,0.028786742730254153,0.27350583939353734,161.93,ripe
1762155352.3905206,1762155352.078246,1.021,0.8,14,6,0,136.18,149.35999999997654,283.95,0.7392435533429538,0.029024165104487055,0.27358549796316933,161.93,ripe
1762155352.4005935,1762155352.078246,1.033,0.8,16,7,0,136.11,149.35999999997654,283.95,0.7473722514556789,0.029263361613131103,0.27554227419738275,161.93,ripe
1762155352.4107046,1762155352.078246,1.046,0.8,16,6,0,136.04,149.35999999997654,283.95,0.7555799968586763,0.029505511971193044,0.27887726596785467,161.93,ripe
1762155352.4207795,1762155352.078246,1.057,0.8,15,7,0,135.97,149.35999999997654,283.9,0.7638977049380352,0.029750268435772425,0.2818309264752302,161.93,ripe
1762155352.4308527,1762155352.078246,1.069,0.8,16,7,0,135.9,149.35999999997654,283.9,0.7723169685945918,0.029997842350876776,0.2850473471120408,161.93,ripe
1762155352.44095,1762155352.078246,1.081,0.8,15,7,0,135.83,149.35999999997654,283.85,0.7808438363943002,0.030248281464500336,0.28833832145901606,161.93,ripe
1762155352.45108,1762155352.078246,1.088,0.8,15,7,0,135.76,149.35999999997654,283.8,0.7894801462239519,0.03049938132668216,0.28911093270270627,161.93,ripe
1762155352.461153,1762155352.078246,1.088,0.8,15,7,0,135.69,149.35999999997654,283.75,0.7981688093195209,0.030746994080447215,0.2851267301438083,161.93,ripe
1762155352.471231,1762155352.078246,1.084,0.8,14,6,0,135.62,149.35999999997654,283.7,0.8068011246710604,0.03098737450071618,0.2768466450606043,161.93,ripe
1762155352.4813342,1762155352.078246,1.079,0.8,13,7,0,135.55,149.35999999997654,283.7,0.8152778231139058,0.031218322238063423,0.2660460617519266,161.93,ripe
1762155352.4914365,1762155352.078246,1.075,0.8,14,7,0,135.48,149.35999999997654,283.7,0.8235393406401451,0.03143928741929324,0.2546226017927712,161.93,ripe
1762155352.5015244,1762155352.078246,1.07,0.8,13,6,0,135.41,149.35999999997654,283.65,0.8315691522403226,0.031649666925885195,0.24251181897613572,161.93,ripe
1762155352.5116231,1762155352.078246,1.066,0.8,13,7,0,135.34,149.35999999997654,283.55,0.8393491668744836,0.03184970822103336,0.2306913187337457,161.93,ripe
1762155352.5217152,1762155352.078246,1.062,0.8,14,6,0,135.27,149.35999999997654,283.55,0.8468837415972812,0.03203963923791596,0.21913650120683337,161.93,ripe
1762155352.5318096,1762155352.078246,1.059,0.8,15,5,0,135.2,149.35999999997654,283.6,0.8541767820828419,0.032220110563388284,0.2083333393192155,161.93,ripe
1762155352.5419028,1762155352.078246,1.059,0.8,15,6,0,135.13,149.35999999997654,283.70000000000005,0.8612435553593702,0.03239283816648746,0.1995115053416583,161.93,ripe
1762155352.5519845,1762155352.078246,1.058,0.8,15,6,0,135.06,149.35999999997654,283.8,0.8681280628618648,0.03255830658072976,0.19124946748864935,161.93,ripe
1762155352.5621238,1762155352.078246,1.054,0.8,13,6,0,134.99,149.35999999997654,283.79999999999995,0.874841697824209,0.032715530829211914,0.18184706735104827,161.93,ripe
1762155352.5722222,1762155352.078246,1.051,0.8,14,6,0,134.92,149.35999999997654,283.75,0.8813564005389695,0.03286455210729435,0.172487982048659,161.93,ripe
1762155352.5823367,1762155352.078246,1.049,0.8,14,6,0,134.85,149.35999999997654,283.7,0.8876715524180209,0.03300591228639741,0.16375063887579333,161.93,ripe
1762155352.5924475,1762155352.078246,1.046,0.8,14,6,0,134.78,149.35999999997654,283.75,0.8938001047156422,0.0331395287382554,0.15491099093126504,161.93,ripe
1762155352.6025615,1762155352.078246,1.045,0.8,14,7,0,134.71,149.35999999997654,283.75,0.8997382052436343,0.033266309896404424,0.14711734257981923,161.93,ripe
1762155352.6126711,1762155352.078246,1.041,0.8,13,6,0,134.64,149.35999999997654,283.75,0.9055089553801289,0.033385483253866366,0.13841881853159788,161.93,ripe
1762155352.6227512,1762155352.078246,1.037,0.8,14,5,0,134.57,149.35999999997654,283.85,0.9110898379980136,0.033496760143072825,0.12937404895784976,161.93,ripe
1762155352.632827,1762155352.078246,1.033,0.8,14,5,0,134.5,149.35999999997654,283.95,0.9164713575144728,0.033600092415003655,0.12026058596345879,161.93,ripe
1762155352.642898,1762155352.078246,1.031,0.8,15,6,0,134.43,149.35999999997654,283.9,0.9216505349435504,0.03369640914123848,0.11221543679541535,161.93,ripe
1762155352.6529984,1762155352.078246,1.03,0.8,14,7,0,134.36,149.35999999997654,283.85,0.9266512513840582,0.03378667440725543,0.10528173448542455,161.93,ripe
1762155352.6631215,1762155352.078246,1.029,0.8,14,6,0,134.29,149.35999999997654,283.8,0.9314986134080325,0.03387142895093788,0.09896787952670882,161.93,ripe
1762155352.6732335,1762155352.078246,1.027,0.8,13,7,0,134.22,149.35999999997654,283.85,0.9362062962039233,0.03395057351603308,0.09252695026344737,161.93,ripe
1762155352.683326,1762155352.078246,1.023,0.8,13,6,0,134.15,149.35999999997654,283.95,0.9407703921292768,0.03402327291096308,0.08509623110440845,161.93,ripe
1762155352.6934373,1762155352.078246,1.02,0.8,13,5,0,134.08,149.35999999997654,283.95,0.9451665214665544,0.03408962677453753,0.0777667901502882,161.93,ripe
1762155352.7035205,1762155352.078246,1.02,0.8,14,6,0,134.01,149.35999999997654,283.9,0.9493961056708705,0.03415104055657336,0.07207055013755082,161.93,ripe
1762155352.7136314,1762155352.078246,1.02,0.8,14,6,0,133.94,149.35999999997654,283.79999999999995,0.9534970523395284,0.03420825852658046,0.06723627556468237,161.93,ripe
1762155352.7237542,1762155352.078246,1.021,0.8,14,7,0,133.87,149.35999999997654,283.75,0.9574891561589872,0.03426211897902874,0.06337750779311813,161.93,ripe
1762155352.7338798,1762155352.078246,1.022,0.8,15,7,0,133.8,149.35999999997654,283.65,0.9613950585515465,0.034313070217414116,0.06003827342450618,161.93,ripe
1762155352.7439692,1762155352.078246,1.021,0.8,13,7,0,133.73,149.35999999997654,283.55,0.9652266652158594,0.03436051787825961,0.05599000077216698,161.93,ripe
1762155352.7541108,1762155352.078246,1.02,0.8,14,5,0,133.66,149.35999999997654,283.55,0.9689666041669214,0.03440421666314709,0.05164172882709184,161.93,ripe
1762155352.7642307,1762155352.078246,1.018,0.8,14,6,0,133.59,149.35999999997654,283.6,0.9726072050671684,0.034443672233452245,0.04669696142983826,161.93,ripe
1762155352.7743394,1762155352.078246,1.018,0.8,14,6,0,133.52,149.35999999997654,283.65,0.9761336710960368,0.034479542540707515,0.042518412152466545,161.93,ripe
1762155352.784433,1762155352.078246,1.016,0.8,13,7,0,133.45,149.35999999997654,283.65,0.9795638035815009,0.03451135093554867,0.03776223804275092,161.93,ripe
1762155352.7945418,1762155352.078246,1.013,0.8,14,5,0,133.38,149.35999999997654,283.65,0.9828832746444265,0.034538498325693924,0.03227974616769935,161.93,ripe
1762155352.8046627,1762155352.078246,1.011,0.8,14,6,0,133.31,149.35999999997654,283.75,0.9860741271985618,0.034561175177258846,0.027007383207501068,161.93,ripe
1762155352.8147397,1762155352.078246,1.011,0.8,15,6,0,133.24,149.35999999997654,283.85,0.9891408335731483,0.03458037181650015,0.02289992162988319,161.93,ripe
1762155352.824815,1762155352.078246,1.011,0.8,13,7,0,133.17,149.35999999997654,283.95,0.9921108674153898,0.03459661554636998,0.019409510186126022,161.93,ripe
1762155352.8349173,1762155352.078246,1.01,0.8,13,6,0,133.1,149.35999999997654,284.0,0.9949986631136011,0.03460978412081495,0.01576152568715694,161.93,ripe
1762155352.845053,1762155352.078246,1.009,0.8,12,6,0,133.03,149.35999999997654,284.0,0.9978000762030954,0.03461985963221518,0.012080018197283549,161.93,ripe
1762155352.855126,1762155352.078246,1.008,0.8,13,6,0,132.96,149.35999999997654,283.95,1.0005139433710188,0.034626875401668186,0.00842610382917064,161.93,ripe
1762155352.865215,1762155352.078246,1.0070000000000001,0.8,12,6,0,132.89,149.35999999997654,283.8,1.0031405803863278,0.03463088947091173,0.004829443213766993,161.93,ripe
1762155352.8752866,1762155352.078246,1.009,0.8,13,6,0,132.82,149.35999999997654,283.65,1.0056810302352772,0.034633215916212955,0.0028039815647702415,161.93,ripe
1762155352.8853772,1762155352.078246,1.008,0.8,14,5,0,132.75,149.35999999997654,283.65,1.0081729153209595,0.0346332735515631,6.959057906419375e-05,161.93,ripe
1762155352.8954556,1762155352.078246,1.006,0.8,13,5,0,132.68,149.35999999997654,283.7,1.0105989222346115,0.034630398545635585,-0.0034776692845996937,161.93,ripe
1762155352.9055374,1762155352.078246,1.0030000000000001,0.8,14,6,0,132.61,149.35999999997654,283.75,1.0129391574598408,0.0346238972613348,-0.00787853098483482,161.93,ripe
1762155352.9156284,1762155352.078246,1.0,0.8,12,7,0,132.54,149.35999999997654,283.85,1.0151726677023367,0.034613484232746926,-0.01264235446483375,161.93,ripe
1762155352.9257028,1762155352.078246,0.998,0.8,13,7,0,132.47,149.35999999997654,283.95,1.0172903016004324,0.034599487485737136,-0.01702514498168095,161.93,ripe
1762155352.9357939,1762155352.078246,0.996,0.8,14,7,0,132.4,149.35999999997654,284.0,1.0193009013298162,0.03458211738990944,-0.02116832302044047,161.93,ripe
1762155352.9458818,1762155352.078246,0.995,0.8,14,7,0,132.33,149.35999999997654,284.04999999999995,1.0212099265240258,0.0345619340719602,-0.024643637369337945,161.93,ripe
1762155352.9559982,1762155352.078246,0.991,0.8,12,6,0,132.26,149.35999999997654,284.04999999999995,1.0230332485300222,0.03453802405235073,-0.02925010395267824,161.93,ripe
1762155352.9660814,1762155352.078246,0.987,0.8,13,5,0,132.19,149.35999999997654,284.0,1.0247431736332464,0.03450999829942948,-0.03435160134457438,161.93,ripe
1762155352.9761505,1762155352.078246,0.984,0.8,13,4,0,132.12,149.35999999997654,283.9,1.026327349425033,0.03447813516195797,-0.03913156328069689,161.93,ripe
1762155352.986232,1762155352.078246,0.984,0.8,15,5,0,132.05,149.35999999997654,283.8,1.0277932091779671,0.034443844954978306,-0.042195316105799074,161.93,ripe
1762155352.9963243,1762155352.078246,0.982,0.8,14,5,0,131.98,149.35999999997654,283.70000000000005,1.0291820872547521,0.034407037258196174,-0.045383140718668114,161.93,ripe
1762155353.0064216,1762155352.078246,0.983,0.8,13,7,0,131.91,149.35999999997654,283.65,1.0304907658829758,0.034368920419895845,-0.04709129261493383,161.93,ripe
1762155353.0165138,1762155352.078246,0.984,0.8,14,7,0,131.84,149.35999999997654,283.65,1.0317549910052735,0.03433010150007419,-0.048055254371252465,161.93,ripe
1762155353.026604,1762155352.078246,0.983,0.8,13,6,0,131.77,149.35999999997654,283.6,1.0329927541372326,0.03429008120860377,-0.04964288582022203,161.93,ripe
1762155353.0366793,1762155352.078246,0.982,0.8,14,5,0,131.7,149.35999999997654,283.5,1.0341888492514901,0.034248637080818795,-0.05151391509298486,161.93,ripe
1762155353.046767,1762155352.078246,0.979,0.8,13,5,0,131.63,149.35999999997654,283.4,1.0353362989531525,0.03420488128221597,-0.05449883187389992,161.93,ripe
1762155353.0568354,1762155352.078246,0.976,0.8,13,5,0,131.56,149.35999999997654,283.35,1.0364079028511441,0.03415841903269301,-0.057989169311517874,161.93,ripe
1762155353.0669127,1762155352.078246,0.976,0.8,14,5,0,131.49,149.35999999997654,283.25,1.0373911860228868,0.034110299797079545,-0.06018181925307364,161.93,ripe
1762155353.0770125,1762155352.078246,0.974,0.8,13,5,0,131.42,149.35999999997654,283.15,1.0383175258231017,0.034060261182358595,-0.06271284243819508,161.93,ripe
1762155353.087133,1762155352.078246,0.973,0.8,14,5,0,131.35,149.35999999997654,283.05,1.0391785686737611,0.03400860464829429,-0.0648762269813079,161.93,ripe
1762155353.0972044,1762155352.078246,0.97,0.8,12,5,0,131.28,149.35999999997654,283.04999999999995,1.0399831301448397,0.033954708143373424,-0.06783195929861308,161.93,ripe
1762155353.107274,1762155352.078246,0.97,0.8,14,7,0,131.21,149.35999999997654,283.15,1.0407118045943957,0.033899494827014584,-0.06963621917128249,161.93,ripe
1762155353.1173525,1762155352.078246,0.97,0.8,14,5,0,131.14,149.35999999997654,283.20000000000005,1.0413924810858886,0.03384343449528054,-0.07085468837433195,161.93,ripe
1762155353.1274366,1762155352.078246,0.971,0.8,14,6,0,131.07,149.35999999997654,283.20000000000005,1.0420393481096881,0.03378716523870608,-0.07127045175390978,161.93,ripe
1762155353.1375237,1762155352.078246,0.971,0.8,14,5,0,131,149.35999999997654,283.1,1.04267191926647,0.03373060890532524,-0.07178747108858086,161.93,ripe
1762155353.14759,1762155352.078246,0.968,0.8,13,5,0,131,149.35999999997654,283.04999999999995,1.0421071621300237,0.03367354558016927,-0.07266493804107921,161.93,ripe
1762155353.1576633,1762155352.078246,0.966,0.8,13,6,0,131,149.35999999997654,283.0,1.040933477746983,0.03361626547996564,-0.07321236570251077,161.93,ripe
1762155353.16775,1762155352.078246,0.964,0.8,13,5,0,131,149.35999999997654,282.95,1.039456948972388,0.033558909468692555,-0.07359639295015186,161.93,ripe
1762155353.1778755,1762155352.078246,0.962,0.8,12,6,0,131,149.35999999997654,282.85,1.0378302496377354,0.03350154418941068,-0.07389997162661732,161.93,ripe
1762155353.187958,1762155352.078246,0.964,0.8,13,8,0,131,149.35999999997654,282.7,1.0361294771505585,0.03344574597127861,-0.07216433814499945,161.93,ripe
1762155353.1980534,1762155352.078246,0.966,0.8,14,6,0,131,149.35999999997654,282.55,1.0344403416069916,0.033392248064548324,-0.06945777210421211,161.93,ripe
1762155353.2081325,1762155352.078246,0.966,0.8,14,6,0,131,149.35999999997654,282.5,1.0328039712508197,0.03334059888643868,-0.06731268649943001,161.93,ripe
1762155353.218217,1762155352.078246,0.966,0.8,14,6,0,131,149.35999999997654,282.5,1.0312156069875407,0.033290550004371436,-0.06546996461184584,161.93,ripe
1762155353.2283099,1762155352.078246,0.962,0.8,13,4,0,131,149.35999999997654,282.45,1.0296721601928254,0.033240431769385126,-0.06579933900497803,161.93,ripe
1762155353.23843,1762155352.078246,0.959,0.8,13,6,0,131,149.35999999997654,282.45,1.0281242823319416,0.03318981677326827,-0.06668787173801793,161.93,ripe
1762155353.2485244,1762155352.078246,0.958,0.8,14,5,0,131,149.35999999997654,282.45000000000005,1.0265598983796225,0.033139260673893355,-0.06684169308266064,161.93,ripe
1762155353.2586184,1762155352.078246,0.956,0.8,13,4,0,131,149.35999999997654,282.5,1.0249967662987347,0.03308865245593895,-0.06713766365025386,161.93,ripe
1762155353.2686877,1762155352.078246,0.956,0.8,14,6,0,131,149.35999999997654,282.55,1.0234317377222417,0.03303868887289795,-0.06650218639800132,161.93,ripe
1762155353.2787616,1762155352.078246,0.954,0.8,14,4,0,131,149.35999999997654,282.65,1.0218865056822262,0.03298894679216153,-0.06642173002010598,161.93,ripe
1762155353.2888422,1762155352.078246,0.953,0.8,13,6,0,131,149.35999999997654,282.75,1.020348053809563,0.032939590026549524,-0.06611566597850294,161.93,ripe
1762155353.2989542,1762155352.078246,0.955,0.8,14,7,0,131,149.35999999997654,282.8,1.018821484337899,0.032891807040806235,-0.06420529042236911,161.93,ripe
1762155353.3090887,1762155352.078246,0.954,0.8,13,6,0,131,149.35999999997654,282.85,1.0173435742060168,0.0328450358470403,-0.06303547724825187,161.93,ripe
1762155353.319174,1762155352.078246,0.953,0.8,14,6,0,131,149.35999999997654,282.8,1.0158969499783859,0.032798988546628285,-0.0622429014995034,161.93,ripe
1762155353.3292468,1762155352.078246,0.952,0.8,14,5,0,131,149.35999999997654,282.8,1.0144727113680756,0.032753514123196555,-0.061645687128634385,161.93,ripe
1762155353.3393254,1762155352.078246,0.952,0.8,13,6,0,131,149.35999999997654,282.75,1.0130661896439366,0.03270889786797697,-0.06065267752421599,161.93,ripe
1762155353.3494096,1762155352.078246,0.951,0.8,12,5,0,131,149.35999999997654,282.8,1.0116862099647506,0.03266489793346009,-0.059979453904890345,161.93,ripe
1762155353.3594754,1762155352.078246,0.951,0.8,13,6,0,131,149.35999999997654,282.9,1.0103252925367667,0.03262175316119126,-0.05897191450683659,161.93,ripe
1762155353.369548,1762155352.078246,0.952,0.8,13,6,0,131,149.35999999997654,283.1,1.0089908250034287,0.03257993119006565,-0.05731413598846369,161.93,ripe
1762155353.3796165,1762155352.078246,0.95,0.8,12,5,0,131,149.35999999997654,283.25,1.0076972715727968,0.03253854772005973,-0.05685892706531426,161.93,ripe
1762155353.3896809,1762155352.078246,0.948,0.8,12,5,0,131,149.35999999997654,283.4,1.006417280913567,0.032497166885873625,-0.056998108659825686,161.93,ripe
1762155353.3997488,1762155352.078246,0.947,0.8,12,5,0,131,149.35999999997654,283.4,1.0051373717461742,0.032455938334621605,-0.05692778561930356,161.93,ripe
1762155353.4098506,1762155352.078246,0.946,0.8,12,7,0,131,149.35999999997654,283.45000000000005,1.0038621726729196,0.032414931623868104,-0.05675737960948424,161.93,ripe
1762155353.419921,1762155352.078246,0.947,0.8,14,6,0,131,149.35999999997654,283.5,1.0025938351177879,0.0323748973664555,-0.05554143858607019,161.93,ripe
1762155353.4299889,1762155352.078246,0.945,0.8,12,6,0,131,149.35999999997654,283.6,1.0013555755402477,0.032335107254741,-0.0553293772743888,161.93,ripe
1762155353.4400535,1762155352.078246,0.943,0.8,12,7,0,131,149.35999999997654,283.65,1.0001248673870313,0.03229520357767998,-0.05561176825410197,161.93,ripe
1762155353.4501576,1762155352.078246,0.941,0.8,13,6,0,131,149.35999999997654,283.75,0.9988906466565893,0.03225501326683801,-0.056134097090124624,161.93,ripe
1762155353.4602442,1762155352.078246,0.942,0.8,13,6,0,131,149.35999999997654,283.7,0.9976475603427741,0.032215526830928036,-0.0552692855595418,161.93,ripe
1762155353.47031,1762155352.078246,0.943,0.8,13,6,0,131,149.35999999997654,283.7,0.9964262448803418,0.032177215399999674,-0.05373710748872562,161.93,ripe
1762155353.4804223,1762155352.078246,0.945,0.8,13,6,0,131,149.35999999997654,283.65,0.995241272321859,0.0321406475521209,-0.051396703626050866,161.93,ripe
1762155353.4905193,1762155352.078246,0.946,0.8,14,7,0,131,149.35999999997654,283.65,0.994110228787034,0.03210572126478406,-0.049187944439129994,161.93,ripe
1762155353.5006216,1762155352.078246,0.944,0.8,12,5,0,131,149.35999999997654,283.65,0.9930299587197384,0.03207130212753219,-0.048568816545786486,161.93,ripe
1762155353.5107076,1762155352.078246,0.943,0.8,12,7,0,131,149.35999999997654,283.70000000000005,0.9919653748045544,0.03203718516755875,-0.04823480371757849,161.93,ripe
1762155353.5208127,1762155352.078246,0.94,0.8,13,5,0,131,149.35999999997654,283.75,0.990910137232584,0.03200256024693937,-0.049044851689096114,161.93,ripe
1762155353.530929,1762155352.078246,0.94,0.8,12,7,0,131,149.35999999997654,283.7,0.9898391884378309,0.03196809624797829,-0.04890654566608699,161.93,ripe
1762155353.541044,1762155352.078246,0.94,0.8,13,6,0,131,149.35999999997654,283.65,0.9887732169499668,0.031934115848869765,-0.04830689556409484,161.93,ripe
1762155353.5511367,1762155352.078246,0.942,0.8,14,6,0,131,149.35999999997654,283.55,0.987722203205541,0.03190147153407947,-0.046489042512605105,161.93,ripe
1762155353.561215,1762155352.078246,0.942,0.8,13,5,0,131,149.35999999997654,283.5,0.9867125145490777,0.03186985978715809,-0.04509593420260971,161.93,ripe
1762155353.5713284,1762155352.078246,0.943,0.8,14,6,0,131,149.35999999997654,283.5,0.9857347632167996,0.03183946941787999,-0.04342647304356562,161.93,ripe
1762155353.5814025,1762155352.078246,0.944,0.8,13,6,0,131,149.35999999997654,283.45,0.9847947890950282,0.03181037665631399,-0.041640644008411165,161.93,ripe
1762155353.591518,1762155352.078246,0.943,0.8,13,5,0,131,149.35999999997654,283.35,0.983894949979792,0.031781904560678885,-0.040817877436483574,161.93,ripe
1762155353.6015816,1762155352.078246,0.944,0.8,12,6,0,131,149.35999999997654,283.2,0.9830143080617981,0.031754411935533,-0.03947577179014394,161.93,ripe
1762155353.6116993,1762155352.078246,0.941,0.8,13,5,0,131,149.35999999997654,283.1,0.982163961166036,0.031726670304977354,-0.03989469303020887,161.93,ripe
1762155353.6217635,1762155352.078246,0.941,0.8,14,5,0,131,149.35999999997654,283.05,0.9813059125329497,0.0316991255635662,-0.03967127846503615,161.93,ripe
1762155353.6318314,1762155352.078246,0.94,0.8,13,6,0,131,149.35999999997654,283.0,0.9804539536811029,0.031671645420599755,-0.03963663664714612,161.93,ripe
1762155353.641896,1762155352.078246,0.939,0.8,13,5,0,131,149.35999999997654,282.9,0.9796039928591507,0.03164416426022209,-0.03969533434217232,161.93,ripe
1762155353.6519608,1762155352.078246,0.94,0.8,13,6,0,131,149.35999999997654,282.85,0.9787540005686695,0.03161734106770898,-0.03879967131018036,161.93,ripe
1762155353.6620605,1762155352.078246,0.941,0.8,13,7,0,131,149.35999999997654,282.75,0.9779243592242389,0.03159148862241872,-0.03744719459499446,161.93,ripe
1762155353.6721752,1762155352.078246,0.943,0.8,14,6,0,131,149.35999999997654,282.75,0.9771247430914113,0.03156709206702219,-0.03538616077678902,161.93,ripe
1762155353.6822536,1762155352.078246,0.945,0.8,14,6,0,131,149.35999999997654,282.7,0.9763701576329966,0.03154437011449049,-0.033000866475685564,161.93,ripe
1762155353.692325,1762155352.078246,0.943,0.8,12,7,0,131,149.35999999997654,282.65,0.975667367641191,0.03152203386799768,-0.03248272206253555,161.93,ripe
1762155353.702396,1762155352.078246,0.941,0.8,12,6,0,131,149.35999999997654,282.65,0.9749765075371685,0.03149945021013057,-0.03288418474784083,161.93,ripe
1762155353.7125123,1762155352.078246,0.939,0.8,13,5,0,131,149.35999999997654,282.7,0.9742779949993388,0.031476313144833415,-0.03373183360467502,161.93,ripe
1762155353.722628,1762155352.078246,0.938,0.8,14,5,0,131,149.35999999997654,282.85,0.9735623655696978,0.03145282226448553,-0.03428928487236593,161.93,ripe
1762155353.7327013,1762155352.078246,0.94,0.8,14,5,0,131,149.35999999997654,282.85,0.9728357926405377,0.031430105165003094,-0.033199252291871706,161.93,ripe
1762155353.7428048,1762155352.078246,0.938,0.8,13,4,0,131,149.35999999997654,282.85,0.972133152753546,0.03140733545514234,-0.033314882579213,161.93,ripe
1762155353.7528825,1762155352.078246,0.9359999999999999,0.8,13,4,0,131,149.35999999997654,282.85,0.9714288856275528,0.03138411045932806,-0.034019750540386307,161.93,ripe
1762155353.7630007,1762155352.078246,0.9369999999999999,0.8,12,6,0,131,149.35999999997654,282.75,0.9707105365070171,0.03136126170904017,-0.03350596896343394,161.93,ripe
1762155353.7730782,1762155352.078246,0.9359999999999999,0.8,13,6,0,131,149.35999999997654,282.65,0.9700038246606126,0.0313385090200847,-0.03340154088882108,161.93,ripe
1762155353.7831502,1762155352.078246,0.9369999999999999,0.8,13,6,0,131,149.35999999997654,282.55,0.9693000839912199,0.03131639481198654,-0.032498942105324224,161.93,ripe
1762155353.7932277,1762155352.078246,0.9369999999999999,0.8,14,5,0,131,149.35999999997654,282.45,0.9686160915347438,0.0312948362536941,-0.03171552059179594,161.93,ripe
1762155353.8033073,1762155352.078246,0.9339999999999999,0.8,12,6,0,131,149.35999999997654,282.4,0.9679492853267587,0.03127276773847523,-0.032498999855284816,161.93,ripe
1762155353.8134031,1762155352.078246,0.9319999999999999,0.8,12,5,0,131,149.35999999997654,282.3,0.9672667061510392,0.031250014092030626,-0.033541563415302234,161.93,ripe
1762155353.8234787,1762155352.078246,0.9309999999999999,0.8,13,6,0,131,149.35999999997654,282.3,0.9665629358665074,0.031226836295020356,-0.03420036449863895,161.93,ripe
1762155353.8335557,1762155352.078246,0.9289999999999999,0.8,12,5,0,131,149.35999999997654,282.3,0.9658460466049799,0.031203027811321553,-0.0351647609210457,161.93,ripe
1762155353.8436205,1762155352.078246,0.9279999999999999,0.8,12,6,0,131,149.35999999997654,282.35,0.9651096502041758,0.031178832994426055,-0.03576900736220878,161.93,ripe
1762155353.8537018,1762155352.078246,0.9279999999999999,0.8,13,4,0,131,149.35999999997654,282.4,0.9643613045175982,0.031154713183955896,-0.03569098309661467,161.93,ripe
1762155353.8638241,1762155352.078246,0.9259999999999999,0.8,12,5,0,131,149.35999999997654,282.5,0.9636152787797561,0.03113021734268485,-0.036280118069264344,161.93,ripe
1762155353.8739128,1762155352.078246,0.9249999999999999,0.8,13,5,0,131,149.35999999997654,282.70000000000005,0.9628576224092427,0.031105466593970555,-0.03669004205399684,161.93,ripe
1762155353.88403,1762155352.078246,0.9269999999999999,0.8,13,6,0,131,149.35999999997654,282.8,0.9620920817515095,0.031081533746563667,-0.035508291573886686,161.93,ripe
1762155353.8941398,1762155352.078246,0.9289999999999999,0.8,13,6,0,131,149.35999999997654,282.8,0.9613518387812144,0.031058933243488608,-0.033559943692403116,161.93,ripe
1762155353.9042406,1762155352.078246,0.9309999999999999,0.8,13,6,0,131,149.35999999997654,282.75,0.9606528052211029,0.031037901167473497,-0.03125685767669728,161.93,ripe
1762155353.914345,1762155352.078246,0.9309999999999999,0.8,14,5,0,131,149.35999999997654,282.75,0.9600022831099555,0.03101786275440646,-0.029804309337752688,161.93,ripe
1762155353.924458,1762155352.078246,0.9289999999999999,0.8,13,5,0,131,149.35999999997654,282.75,0.959382494993792,0.030997854238494965,-0.029783508107690593,161.93,ripe
1762155353.9345908,1762155352.078246,0.9299999999999999,0.8,13,6,0,131,149.35999999997654,282.79999999999995,0.9587636315966495,0.030978411314823324,-0.028964138153598773,161.93,ripe
1762155353.9446943,1762155352.078246,0.9299999999999999,0.8,14,5,0,131,149.35999999997654,282.9,0.9581622619674857,0.03095945382979992,-0.02826251524596035,161.93,ripe
1762155353.9548094,1762155352.078246,0.9289999999999999,0.8,13,5,0,131,149.35999999997654,282.9,0.9575759069557118,0.030940601969198858,-0.02812603359494925,161.93,ripe
1762155353.9648788,1762155352.078246,0.9269999999999999,0.8,12,5,0,131,149.35999999997654,282.9,0.9569928189073209,0.030921333990586435,-0.02876788222693971,161.93,ripe
1762155353.974998,1762155352.078246,0.9269999999999999,0.8,13,6,0,131,149.35999999997654,282.95,0.9563968603288386,0.030902068750173824,-0.028784391988648128,161.93,ripe
1762155353.985129,1762155352.078246,0.9259999999999999,0.8,13,5,0,131,149.35999999997654,283.0,0.9558009864428766,0.030882676316354322,-0.028994752272781366,161.93,ripe
1762155353.9952085,1762155352.078246,0.9229999999999999,0.8,12,6,0,131,149.35999999997654,283.0,0.9552011784648394,0.030862426103366918,-0.030298061379791852,161.93,ripe
1762155354.005305,1762155352.078246,0.9239999999999999,0.8,12,6,0,131,149.35999999997654,283.0,0.9545748393771389,0.030842306240073374,-0.03012328083461524,161.93,ripe
1762155354.015371,1762155352.078246,0.923,0.8,12,6,0,131,149.35999999997654,282.95,0.9539525320054697,0.030822130555520043,-0.03022675273420783,161.93,ripe
1762155354.0254643,1762155352.078246,0.923,0.8,12,6,0,131,149.35999999997654,282.85,0.9533284980822352,0.030802142073264205,-0.02996560844660423,161.93,ripe
1762155354.0355444,1762155352.078246,0.923,0.8,13,6,0,131,149.35999999997654,282.9,0.952710254326062,0.030782457392951438,-0.029528809508246545,161.93,ripe
1762155354.0456238,1762155352.078246,0.922,0.8,13,5,0,131,149.35999999997654,283.0,0.9521014071639882,0.030762796959982273,-0.02951068475508034,161.93,ripe
1762155354.0556939,1762155352.078246,0.92,0.8,13,5,0,131,149.35999999997654,283.15,0.9514933099722519,0.03074269084638765,-0.030197948767798022,161.93,ripe
1762155354.0657551,1762155352.078246,0.921,0.8,13,6,0,131,149.35999999997654,283.3,0.9508714278787702,0.03072291220020275,-0.029723747276543255,161.93,ripe
1762155354.0758169,1762155352.078246,0.92,0.8,13,6,0,131,149.35999999997654,283.35,0.9502596743522712,0.030703170258172416,-0.029685834051157767,161.93,ripe
1762155354.085879,1762155352.078246,0.919,0.8,12,6,0,131,149.35999999997654,283.45000000000005,0.9496490560852731,0.030683322370633464,-0.029862135934716316,161.93,ripe
1762155354.0959527,1762155352.078246,0.917,0.8,11,5,0,131,149.35999999997654,283.6,0.9490351609236932,0.030662967695445312,-0.030641700848414888,161.93,ripe
1762155354.1060197,1762155352.078246,0.918,0.8,13,6,0,131,149.35999999997654,283.65,0.9484055908201237,0.030642911501767373,-0.030208860782484415,161.93,ripe
1762155354.1160893,1762155352.078246,0.918,0.8,12,6,0,131,149.35999999997654,283.65,0.9477852527496651,0.030623212393618832,-0.02968688773084538,161.93,ripe
1762155354.1261823,1762155352.078246,0.917,0.8,12,6,0,131,149.35999999997654,283.6,0.9471759593346307,0.03060356346867738,-0.029626776825220857,161.93,ripe
1762155354.1362417,1762155352.078246,0.917,0.8,13,6,0,131,149.35999999997654,283.6,0.9465682180861915,0.030584145459974576,-0.02929362683148662,161.93,ripe
1762155354.1463656,1762155352.078246,0.918,0.8,13,6,0,131,149.35999999997654,283.65,0.9459676190770139,0.030565375436916915,-0.028330323449661465,161.93,ripe
1762155354.1565151,1762155352.078246,0.917,0.8,13,5,0,131,149.35999999997654,283.75,0.9453870622638404,0.030546788092247108,-0.02806841445016417,161.93,ripe
1762155354.1665788,1762155352.078246,0.916,0.8,14,5,0,131,149.35999999997654,283.85,0.9448121556932032,0.030528153832983088,-0.028152831786365073,161.93,ripe
1762155354.176672,1762155352.078246,0.915,0.8,13,6,0,131,149.35999999997654,283.9,0.9442357980541671,0.030509360791398606,-0.028406136100748047,161.93,ripe
1762155354.1867406,1762155352.078246,0.914,0.8,13,6,0,131,149.35999999997654,284.0,0.9436545292779591,0.03049035586571624,-0.02873969830124956,161.93,ripe
1762155354.1968446,1762155352.078246,0.914,0.8,12,7,0,131,149.35999999997654,284.15,0.9430667069266034,0.03047144574760689,-0.02860929143824864,161.93,ripe
1762155354.2070293,1762155352.078246,0.913,0.8,12,5,0,131,149.35999999997654,284.3,0.9424818169734813,0.030452449004687694,-0.028753109229303964,161.93,ripe
1762155354.2171488,1762155352.078246,0.913,0.8,13,5,0,131,149.35999999997654,284.4,0.9418942477149906,0.03043360793230695,-0.028529893842901943,161.93,ripe
1762155354.227241,1762155352.078246,0.914,0.8,13,7,0,131,149.35999999997654,284.4,0.9413114933462541,0.030415369370458398,-0.027629316410209714,161.93,ripe
1762155354.2373204,1762155352.078246,0.914,0.8,12,7,0,131,149.35999999997654,284.4,0.9407473746282784,0.030397615503064537,-0.026906286160256254,161.93,ripe
1762155354.2474885,1762155352.078246,0.915,0.8,12,6,0,131,149.35999999997654,284.4,0.9401982475097863,0.030380613272630582,-0.02577770327577522,161.93,ripe
1762155354.2575617,1762155352.078246,0.918,0.8,13,7,0,131,149.35999999997654,284.4,0.9396723685224642,0.030365144545572702,-0.0234620964054586,161.93,ripe
1762155354.2677543,1762155352.078246,0.917,0.8,11,6,0,131,149.35999999997654,284.45000000000005,0.9391939207945639,0.03035025744034966,-0.022588784736061074,161.93,ripe
1762155354.2779284,1762155352.078246,0.915,0.8,12,5,0,131,149.35999999997654,284.45000000000005,0.9387334626300152,0.030335150674725458,-0.022930894600763807,161.93,ripe
1762155354.288055,1762155352.078246,0.915,0.8,14,5,0,131,149.35999999997654,284.35,0.9382662103692586,0.030320093038454315,-0.022864926354632886,161.93,ripe
1762155354.2981205,1762155352.078246,0.915,0.8,14,5,0,131,149.35999999997654,284.2,0.9378004776793922,0.030305215464821057,-0.02259983567207935,161.93,ripe
1762155354.3081837,1762155352.078246,0.914,0.8,12,5,0,131,149.35999999997654,284.15,0.9373403143269154,0.030290251032297082,-0.022739993323259045,161.93,ripe
1762155354.3182724,1762155352.078246,0.915,0.8,13,5,0,131,149.35999999997654,284.15,0.9368774644289489,0.03027572783486087,-0.022077303927120706,161.93,ripe
1762155354.328338,1762155352.078246,0.914,0.8,13,5,0,131,149.35999999997654,284.2,0.9364282619322469,0.030261241975401896,-0.022028181681332804,161.93,ripe
1762155354.3384123,1762155352.078246,0.915,0.8,13,5,0,131,149.35999999997654,284.25,0.9359802142991809,0.030247252762785913,-0.021280174173723854,161.93,ripe
1762155354.3484848,1762155352.078246,0.914,0.8,11,6,0,131,149.35999999997654,284.35,0.9355475279529685,0.030233322530051013,-0.021197507890239886,161.93,ripe
1762155354.3585806,1762155352.078246,0.916,0.8,13,6,0,131,149.35999999997654,284.45,0.9351166658544781,0.030220221869483536,-0.019941655823113802,161.93,ripe
1762155354.3686845,1762155352.078246,0.918,0.8,13,6,0,131,149.35999999997654,284.5,0.934711462423126,0.030208319147254692,-0.01812395740744377,161.93,ripe
1762155354.3787596,1762155352.078246,0.919,0.8,13,6,0,131,149.35999999997654,284.45000000000005,0.9343433112245878,0.030197453795545573,-0.016549558716746682,161.93,ripe
1762155354.3888283,1762155352.078246,0.919,0.8,13,6,0,131,149.35999999997654,284.4,0.9340072458962247,0.03018720819494561,-0.015610369642304223,161.93,ripe
1762155354.398889,1762155352.078246,0.919,0.8,13,6,0,131,149.35999999997654,284.35,0.9336903494696679,0.030177371463682896,-0.014991911342707609,161.93,ripe
1762155354.4089794,1762155352.078246,0.919,0.8,13,6,0,131,149.35999999997654,284.35,0.9333860993717121,0.030167836100717483,-0.01453688030823197,161.93,ripe
1762155354.4190845,1762155352.078246,0.919,0.8,13,6,0,131,149.35999999997654,284.29999999999995,0.933091170595192,0.030158546324382182,-0.014166561063451932,161.93,ripe
1762155354.429149,1762155352.078246,0.919,0.8,12,6,0,131,149.35999999997654,284.25,0.9328038378131411,0.0301494722495161,-0.013841533047271093,161.93,ripe
1762155354.4392357,1762155352.078246,0.918,0.8,12,6,0,131,149.35999999997654,284.2,0.9325231766775331,0.030140269285685018,-0.01404202429459811,161.93,ripe
1762155354.4493039,1762155352.078246,0.917,0.8,12,6,0,131,149.35999999997654,284.2,0.9322385290062378,0.030130770087608418,-0.014497952814770287,161.93,ripe
1762155354.4593692,1762155352.078246,0.917,0.8,13,5,0,131,149.35999999997654,284.25,0.9319447188097286,0.030121223316418044,-0.01457443071399489,161.93,ripe
1762155354.4694712,1762155352.078246,0.919,0.8,13,6,0,131,149.35999999997654,284.35,0.9316494371768103,0.0301124060195992,-0.013464293128943372,161.93,ripe
1762155354.4795427,1762155352.078246,0.919,0.8,13,6,0,131,149.35999999997654,284.4,0.9313767181862034,0.03010403626147244,-0.012784146162269971,161.93,ripe
1762155354.4896123,1762155352.078246,0.918,0.8,12,5,0,131,149.35999999997654,284.5,0.9311178415673428,0.030095644107983138,-0.012821555555376007,161.93,ripe
1762155354.4996758,1762155352.078246,0.918,0.8,11,7,0,131,149.35999999997654,284.6,0.9308582722599187,0.03008732692258806,-0.01271012925393522,161.93,ripe
1762155354.5097373,1762155352.078246,0.917,0.8,12,5,0,131,149.35999999997654,284.65,0.9306010217156488,0.030078804461346878,-0.013026950212657096,161.93,ripe
1762155354.5198097,1762155352.078246,0.919,0.8,13,7,0,131,149.35999999997654,284.7,0.9303374219894591,0.030070922737366,-0.012050386237963284,161.93,ripe
1762155354.5298874,1762155352.078246,0.921,0.8,13,7,0,131,149.35999999997654,284.75,0.9300936402667306,0.030064089261444344,-0.010450122390982641,161.93,ripe
1762155354.5399642,1762155352.078246,0.921,0.8,13,6,0,131,149.35999999997654,284.8,0.9298822808564737,0.03005783891699302,-0.009560521918599685,161.93,ripe
1762155354.5500655,1762155352.078246,0.921,0.8,13,5,0,131,149.35999999997654,284.85,0.9296889577025943,0.030051937970145947,-0.009028078233657255,161.93,ripe
1762155354.5601811,1762155352.078246,0.9219999999999999,0.8,12,7,0,131,149.35999999997654,284.9,0.9295064414166143,0.030046595115741256,-0.008176001682145828,161.93,ripe
1762155354.5702517,1762155352.078246,0.921,0.8,12,6,0,131,149.35999999997654,284.85,0.9293411869298772,0.03004125341714511,-0.008175967062643008,161.93,ripe
1762155354.5803466,1762155352.078246,0.918,0.8,11,5,0,131,149.35999999997654,284.9,0.9291759681922984,0.030034986980552247,-0.00959335825868135,161.93,ripe
1762155354.5904202,1762155352.078246,0.918,0.8,13,5,0,131,149.35999999997654,285.0,0.9289821473084812,0.030028331619318255,-0.010190842341672557,161.93,ripe
1762155354.6005251,1762155352.078246,0.92,0.8,13,5,0,131,149.35999999997654,285.15,0.9287762969855138,0.030022206598383522,-0.009380644502109403,161.93,ripe
1762155354.610646,1762155352.078246,0.919,0.8,12,6,0,131,149.35999999997654,285.2,0.9285868500880026,0.030016077304556035,-0.00938902384630036,161.93,ripe
1762155354.620732,1762155352.078246,0.919,0.8,12,6,0,131,149.35999999997654,285.20000000000005,0.9283972710299184,0.030010008361374747,-0.0092983579090673,161.93,ripe
1762155354.6307964,1762155352.078246,0.92,0.8,12,7,0,131,149.35999999997654,285.2,0.9282095586173211,0.03000435706198553,-0.008660102056895491,161.93,ripe
1762155354.6408613,1762155352.078246,0.92,0.8,13,6,0,131,149.35999999997654,285.2,0.9280347639272126,0.0299989678239678,-0.00826003564699973,161.93,ripe
1762155354.650928,1762155352.078246,0.919,0.8,13,5,0,131,149.35999999997654,285.25,0.9278680747953243,0.029993435604014726,-0.008480710655217827,161.93,ripe
1762155354.6609907,1762155352.078246,0.92,0.8,13,6,0,131,149.35999999997654,285.25,0.9276969632321757,0.029988215747144,-0.008003281162122455,161.93,ripe
1762155354.6710942,1762155352.078246,0.922,0.8,14,7,0,131,149.35999999997654,285.25,0.9275355130591642,0.029983854052117894,-0.0066886720241375874,161.93,ripe
1762155354.6811786,1762155352.078246,0.921,0.8,12,6,0,131,149.35999999997654,285.2,0.9274006058320067,0.029979630983800465,-0.006477185314493372,161.93,ripe
1762155354.6912637,1762155352.078246,0.922,0.8,14,6,0,131,149.35999999997654,285.15,0.9272699863289486,0.029975844667344608,-0.0058082760701919645,161.93,ripe
1762155354.7013278,1762155352.078246,0.921,0.8,12,6,0,131,149.35999999997654,285.1,0.9271528755609689,0.02997198483102759,-0.005922020431590513,161.93,ripe
1762155354.7113903,1762155352.078246,0.922,0.8,12,6,0,131,149.35999999997654,285.05,0.9270334908236836,0.02996845402539536,-0.005418063258994299,161.93,ripe
1762155354.7214518,1762155352.078246,0.921,0.8,12,5,0,131,149.35999999997654,285.05,0.9269242830054787,0.02996479443058113,-0.005616569223134027,161.93,ripe
1762155354.7315254,1762155352.078246,0.92,0.8,13,6,0,131,149.35999999997654,285.0,0.9268110917378746,0.02996078316772606,-0.006157234846702164,161.93,ripe
1762155354.741634,1762155352.078246,0.92,0.8,13,6,0,131,149.35999999997654,284.9,0.9266870233777672,0.02995664036878458,-0.006360094932181037,161.93,ripe
1762155354.7517226,1762155352.078246,0.92,0.8,12,6,0,131,149.35999999997654,284.8,0.9265588866065072,0.029952475170712155,-0.0063954223837140445,161.93,ripe
1762155354.7618358,1762155352.078246,0.92,0.8,14,6,0,131,149.35999999997654,284.75,0.9264300570301272,0.029948341241591046,-0.006348324918730608,161.93,ripe
1762155354.7719622,1762155352.078246,0.919,0.8,11,5,0,131,149.35999999997654,284.65,0.9263021946024113,0.029943938992300075,-0.006761328546712964,161.93,ripe
1762155354.7820723,1762155352.078246,0.918,0.8,11,5,0,131,149.35999999997654,284.65,0.9261660330318415,0.029939124439502668,-0.007395600003992309,161.93,ripe
1762155354.792171,1762155352.078246,0.916,0.8,12,5,0,131,149.35999999997654,284.65,0.9260171189138178,0.02993350581230585,-0.008631902399893088,161.93,ripe
1762155354.802278,1762155352.078246,0.916,0.8,13,6,0,131,149.35999999997654,284.7,0.9258433347746201,0.029927550265903463,-0.009150726517657692,161.93,ripe
1762155354.812369,1762155352.078246,0.918,0.8,13,6,0,131,149.35999999997654,284.65,0.9256591297243943,0.02992214075242466,-0.008312825595913065,161.93,ripe
1762155354.822585,1762155352.078246,0.919,0.8,12,7,0,131,149.35999999997654,284.54999999999995,0.925491813472495,0.029917378791447905,-0.007318661408254323,161.93,ripe
1762155354.8326933,1762155352.078246,0.92,0.8,13,6,0,131,149.35999999997654,284.4,0.9253445260194839,0.029913307501645316,-0.00625794998736362,161.93,ripe
1762155354.8427691,1762155352.078246,0.919,0.8,11,6,0,131,149.35999999997654,284.3,0.9252186010258898,0.029909290465409737,-0.006175313009829653,161.93,ripe
1762155354.852871,1762155352.078246,0.921,0.8,12,7,0,131,149.35999999997654,284.2,0.9250943540951233,0.029905991067236255,-0.005072710087093202,161.93,ripe
1762155354.8629658,1762155352.078246,0.919,0.8,11,6,0,131,149.35999999997654,284.05,0.9249923037096176,0.029902426214305666,-0.005481481705602476,161.93,ripe
1762155354.8730774,1762155352.078246,0.919,0.8,13,6,0,131,149.35999999997654,283.9,0.9248820428084744,0.02989876738513072,-0.005626631806466831,161.93,ripe
1762155354.883142,1762155352.078246,0.916,0.8,10,6,0,131,149.35999999997654,283.79999999999995,0.9247688752220933,0.029894124221540228,-0.007141169721089469,161.93,ripe
1762155354.8932126,1762155352.078246,0.915,0.8,12,6,0,131,149.35999999997654,283.85,0.9246252621722395,0.02988872076968925,-0.008311409421737581,161.93,ripe
1762155354.90332,1762155352.078246,0.916,0.8,14,6,0,131,149.35999999997654,283.95,0.9244581334064887,0.0298833245353689,-0.008301207031237823,161.93,ripe
1762155354.9133933,1762155352.078246,0.915,0.8,12,6,0,131,149.35999999997654,284.0,0.9242912278789603,0.029877661367562862,-0.008712764691334862,161.93,ripe
1762155354.9234579,1762155352.078246,0.913,0.8,11,6,0,131,149.35999999997654,283.9,0.9241160660987195,0.029871274735376697,-0.009826834504906845,161.93,ripe
1762155354.933654,1762155352.078246,0.913,0.8,12,6,0,131,149.35999999997654,283.8,0.9239185275652014,0.02986459822050083,-0.010273911768295063,161.93,ripe
1762155354.9437323,1762155352.078246,0.912,0.8,11,6,0,131,149.35999999997654,283.7,0.9237120229600908,0.029857522231952163,-0.010889715061637606,161.93,ripe
1762155354.9537973,1762155352.078246,0.911,0.8,11,6,0,131,149.35999999997654,283.65,0.9234931626342806,0.029849997137087324,-0.01158200868505399,161.93,ripe
1762155354.963863,1762155352.078246,0.91,0.8,12,5,0,131,149.35999999997654,283.75,0.9232604114501112,0.029842003172666835,-0.012304834475497795,161.93,ripe
1762155354.9739664,1762155352.078246,0.908,0.8,11,6,0,131,149.35999999997654,283.8,0.9230131581305854,0.029833210604687646,-0.013535369643278727,161.93,ripe
1762155354.9840305,1762155352.078246,0.907,0.8,12,6,0,131,149.35999999997654,283.8,0.9227412040029891,0.029823790780644958,-0.014502309759335752,161.93,ripe
1762155354.9940927,1762155352.078246,0.909,0.8,12,7,0,131,149.35999999997654,283.8,0.9224498488453488,0.029814808198216785,-0.013830401723522012,161.93,ripe
1762155355.0041611,1762155352.078246,0.909,0.8,12,6,0,131,149.35999999997654,283.85,0.9221720175708453,0.029806130410343707,-0.013362294009931941,161.93,ripe
1762155355.0142643,1762155352.078246,0.91,0.8,12,6,0,131,149.35999999997654,283.9,0.9219036135919311,0.029798014130507,-0.012498751811474418,161.93,ripe
1762155355.0243392,1762155352.078246,0.908,0.8,12,6,0,131,149.35999999997654,284.0,0.9216525770565817,0.029789605444104993,-0.012950146166353371,161.93,ripe
1762155355.0344503,1762155352.078246,0.904,0.8,12,4,0,131,149.35999999997654,284.15,0.9213924963861676,0.02977983977134981,-0.015041280941053503,161.93,ripe
1762155355.044485,1762155352.078246,0.903,0.8,12,6,0,131,149.35999999997654,284.15,0.9210904441278498,0.029769183175712043,-0.016414836405292732,161.93,ripe
1762155355.0545676,1762155352.078246,0.902,0.8,11,6,0,131,149.35999999997654,284.1,0.9207608356247737,0.029757872958342615,-0.017423031763495245,161.93,ripe
1762155355.0646398,1762155352.078246,0.899,0.8,11,5,0,131,149.35999999997654,284.04999999999995,0.9204110106015373,0.029745382859413375,-0.01924210867089804,161.93,ripe
1762155355.074751,1762155352.078246,0.898,0.8,12,5,0,131,149.35999999997654,284.05,0.9200246918416559,0.02973211606805051,-0.020440240876336224,161.93,ripe
1762155355.0848553,1762155352.078246,0.899,0.8,12,5,0,131,149.35999999997654,284.15,0.9196143499848024,0.029718926932206628,-0.020322124502142547,161.93,ripe
1762155355.0949612,1762155352.078246,0.898,0.8,11,6,0,131,149.35999999997654,284.15,0.9192064100131512,0.029705584204521303,-0.020560297271821293,161.93,ripe
1762155355.1050284,1762155352.078246,0.899,0.8,13,6,0,131,149.35999999997654,284.1,0.9187937194458441,0.029692625059225184,-0.01997066307517914,161.93,ripe
1762155355.1151006,1762155352.078246,0.9,0.8,13,6,0,131,149.35999999997654,284.0,0.9183928930818351,0.029680308750023077,-0.018981364896502595,161.93,ripe
1762155355.1251779,1762155352.078246,0.901,0.8,13,6,0,131,149.35999999997654,283.9,0.918011949638214,0.02966875577252735,-0.017806185545547693,161.93,ripe
1762155355.1352563,1762155352.078246,0.901,0.8,12,7,0,131,149.35999999997654,283.85,0.9176546160442711,0.029657693048619666,-0.017051733997937912,161.93,ripe
1762155355.1453514,1762155352.078246,0.901,0.8,12,7,0,131,149.35999999997654,283.8,0.9173124459938065,0.02964698184890998,-0.016511004970639842,161.93,ripe
1762155355.155464,1762155352.078246,0.901,0.8,13,5,0,131,149.35999999997654,283.75,0.9169811485867859,0.029636550658365488,-0.016080428075202602,161.93,ripe
1762155355.165568,1762155352.078246,0.899,0.8,12,5,0,131,149.35999999997654,283.75,0.9166585118632448,0.029625712963663436,-0.016708151607453092,161.93,ripe
1762155355.1756823,1762155352.078246,0.897,0.8,13,6,0,131,149.35999999997654,283.75,0.9163233019661102,0.02961413655586586,-0.01784812183821438,161.93,ripe
1762155355.1858022,1762155352.078246,0.898,0.8,13,6,0,131,149.35999999997654,283.79999999999995,0.9159652436729312,0.029602638990483286,-0.017727653608983318,161.93,ripe
1762155355.1959178,1762155352.078246,0.897,0.8,13,6,0,131,149.35999999997654,283.85,0.9156096239756483,0.029590971440353588,-0.01799082894367432,161.93,ripe
1762155355.2060368,1762155352.078246,0.898,0.8,13,6,0,131,149.35999999997654,283.8,0.9152487466501367,0.02957966220692929,-0.017439349134149684,161.93,ripe
1762155355.2161536,1762155352.078246,0.898,0.8,12,6,0,131,149.35999999997654,283.65,0.9148989520603231,0.029568642250152096,-0.01699425330232962,161.93,ripe
1762155355.2262483,1762155352.078246,0.899,0.8,12,6,0,131,149.35999999997654,283.5,0.9145581047972046,0.02955819903284903,-0.0161057554182078,161.93,ripe
1762155355.2363503,1762155352.078246,0.897,0.8,12,5,0,131,149.35999999997654,283.5,0.9142350960860207,0.029547494990477582,-0.01650892139652227,161.93,ripe
1762155355.2464492,1762155352.078246,0.897,0.8,13,6,0,131,149.35999999997654,283.54999999999995,0.9139040200554718,0.029536770775717383,-0.016540932710722545,161.93,ripe
1762155355.2565293,1762155352.078246,0.897,0.8,13,5,0,131,149.35999999997654,283.6,0.9135723200929389,0.029526144480063337,-0.01639077642056419,161.93,ripe
1762155355.2666256,1762155352.078246,0.894,0.8,11,6,0,131,149.35999999997654,283.65,0.9132436487683592,0.029514700550200498,-0.01765287693217188,161.93,ripe
1762155355.2767236,1762155352.078246,0.896,0.8,13,5,0,131,149.35999999997654,283.65,0.9128896880177015,0.029503619297761397,-0.01709430209960794,161.93,ripe
1762155355.2869277,1762155352.078246,0.897,0.8,12,5,0,131,149.35999999997654,283.7,0.9125469448797602,0.029493151191838023,-0.01614925192071337,161.93,ripe
1762155355.297005,1762155352.078246,0.898,0.8,12,6,0,131,149.35999999997654,283.75,0.9122231663635503,0.029483412756552436,-0.01502431988402686,161.93,ripe
1762155355.3070955,1762155352.078246,0.897,0.8,12,6,0,131,149.35999999997654,283.9,0.9119219565601671,0.029473805577476427,-0.014822533320405284,161.93,ripe
1762155355.3171663,1762155352.078246,0.894,0.8,11,5,0,131,149.35999999997654,283.9,0.911624806511346,0.029463387046081667,-0.01607509489146508,161.93,ripe
1762155355.3272655,1762155352.078246,0.892,0.8,11,6,0,131,149.35999999997654,283.9,0.9113025613353062,0.029452027579261544,-0.017527705525365644,161.93,ripe
1762155355.3373737,1762155352.078246,0.891,0.8,12,6,0,131,149.35999999997654,283.9,0.9109512130265598,0.029439997188499656,-0.018563785121589516,161.93,ripe
1762155355.347475,1762155352.078246,0.891,0.8,12,5,0,131,149.35999999997654,283.9,0.9105791130402946,0.029427758916971348,-0.018885399087809396,161.93,ripe
1762155355.357587,1762155352.078246,0.889,0.8,12,5,0,131,149.35999999997654,283.9,0.910200583301924,0.029414893701869612,-0.019853726325681387,161.93,ripe
1762155355.3676918,1762155352.078246,0.89,0.8,12,6,0,131,149.35999999997654,283.85,0.9098026621988273,0.02940217450034291,-0.019629233710706018,161.93,ripe
1762155355.37781,1762155352.078246,0.886,0.8,11,4,0,131,149.35999999997654,283.75,0.9094092572956064,0.029388358658421775,-0.021322543051545684,161.93,ripe
1762155355.3878758,1762155352.078246,0.886,0.8,12,4,0,131,149.35999999997654,283.55,0.9089819333049857,0.029374144242779194,-0.02193857618295525,161.93,ripe
1762155355.3979523,1762155352.078246,0.885,0.8,12,5,0,131,149.35999999997654,283.4,0.9085422814291607,0.029359553306619178,-0.0225206028681455,161.93,ripe
1762155355.408079,1762155352.078246,0.883,0.8,12,6,0,131,149.35999999997654,283.29999999999995,0.9080909837737314,0.02934427650182625,-0.023580144493223765,161.93,ripe
1762155355.4181476,1762155352.078246,0.883,0.8,12,6,0,131,149.35999999997654,283.25,0.9076184722014861,0.029328817005889973,-0.023863052561232223,161.93,ripe
1762155355.4282205,1762155352.078246,0.884,0.8,12,6,0,131,149.35999999997654,283.25,0.9071403099921771,0.02931374707753456,-0.023262600172050174,161.93,ripe
1762155355.4383194,1762155352.078246,0.884,0.8,12,6,0,131,149.35999999997654,283.25,0.9066741971081441,0.029299019261355978,-0.0227353421980806,161.93,ripe
1762155355.4483826,1762155352.078246,0.885,0.8,12,6,0,131,149.35999999997654,283.25,0.9062186657537405,0.029284930748204485,-0.021749238298708784,161.93,ripe
1762155355.4584486,1762155352.078246,0.885,0.8,12,5,0,131,149.35999999997654,283.25,0.9057829080419649,0.029271296835142065,-0.021048194314449042,161.93,ripe
1762155355.4685109,1762155352.078246,0.886,0.8,11,7,0,131,149.35999999997654,283.1,0.9053612111109443,0.02925834631914012,-0.01999385424718636,161.93,ripe
1762155355.4786177,1762155352.078246,0.887,0.8,11,7,0,131,149.35999999997654,283.0,0.9049606516510041,0.029246184422281128,-0.018776973219125193,161.93,ripe
1762155355.48869,1762155352.078246,0.885,0.8,10,6,0,131,149.35999999997654,282.95,0.9045844841811554,0.029233883245662045,-0.01899264496521602,161.93,ripe
1762155355.4987514,1762155352.078246,0.885,0.8,12,7,0,131,149.35999999997654,282.9,0.9042040087883273,0.02922163723559336,-0.01890808918035758,161.93,ripe
1762155355.5088148,1762155352.078246,0.884,0.8,11,6,0,131,149.35999999997654,282.79999999999995,0.9038252396969028,0.029209217280425876,-0.019177279892917842,161.93,ripe
1762155355.518875,1762155352.078246,0.884,0.8,12,6,0,131,149.35999999997654,282.75,0.9034410904835726,0.029196836682939653,-0.019117110581580166,161.93,ripe
1762155355.528946,1762155352.078246,0.884,0.8,12,6,0,131,149.35999999997654,282.70000000000005,0.9030581586033236,0.029184599549024248,-0.01889616865232735,161.93,ripe
1762155355.539034,1762155352.078246,0.887,0.8,13,6,0,131,149.35999999997654,282.7,0.9026796640513202,0.029173526808163965,-0.017098669075822026,161.93,ripe
1762155355.5491152,1762155352.078246,0.886,0.8,12,5,0,131,149.35999999997654,282.70000000000005,0.9023371841765117,0.029162811836961965,-0.01654668668876258,161.93,ripe
1762155355.5592225,1762155352.078246,0.887,0.8,12,6,0,131,149.35999999997654,282.7,0.9020057701172338,0.029152703382335287,-0.015610521373359276,161.93,ripe
1762155355.5693352,1762155352.078246,0.889,0.8,12,6,0,131,149.35999999997654,282.7,0.9016931156156306,0.02914364098394034,-0.01399549124369337,161.93,ripe
1762155355.5794454,1762155352.078246,0.891,0.8,13,6,0,131,149.35999999997654,282.7,0.9014128156332749,0.029135829485518506,-0.012064003447306293,161.93,ripe
1762155355.5895305,1762155352.078246,0.891,0.8,12,5,0,131,149.35999999997654,282.7,0.9011712059870876,0.0291287092008875,-0.010996799894103182,161.93,ripe
1762155355.5996375,1762155352.078246,0.893,0.8,13,6,0,131,149.35999999997654,282.7,0.9009509755834506,0.02912264644250195,-0.009363772536958415,161.93,ripe
1762155355.60972,1762155352.078246,0.892,0.8,13,5,0,131,149.35999999997654,282.75,0.9007634544665856,0.029116838887457742,-0.008969852943339407,161.93,ripe
1762155355.6198204,1762155352.078246,0.891,0.8,12,6,0,131,149.35999999997654,282.8,0.9005838267890681,0.02911089087605091,-0.009187026027445033,161.93,ripe
1762155355.6299226,1762155352.078246,0.89,0.8,12,6,0,131,149.35999999997654,282.85,0.9003998547962548,0.029104609963436046,-0.009701454415443234,161.93,ripe
1762155355.6400297,1762155352.078246,0.889,0.8,13,5,0,131,149.35999999997654,282.9,0.9002055861690771,0.029097905200778703,-0.010356385978671279,161.93,ripe
1762155355.6501374,1762155352.078246,0.886,0.8,12,4,0,131,149.35999999997654,283.0,0.8999982078600854,0.02909008889150212,-0.012073607764882532,161.93,ripe
1762155355.66031,1762155352.078246,0.885,0.8,11,6,0,131,149.35999999997654,283.1,0.8997564494141608,0.02908148262226202,-0.01329414936655926,161.93,ripe
1762155355.6704123,1762155352.078246,0.886,0.8,12,6,0,131,149.35999999997654,283.15,0.8994902575065644,0.02907289923763527,-0.01325910748276371,161.93,ripe
1762155355.6805177,1762155352.078246,0.886,0.8,13,6,0,131,149.35999999997654,283.15,0.899224773420059,0.029064413091041203,-0.013109198408158718,161.93,ripe
1762155355.6906483,1762155352.078246,0.885,0.8,12,6,0,131,149.35999999997654,283.15,0.8989622969059046,0.02905573597061087,-0.013404509399954412,161.93,ripe
1762155355.700763,1762155352.078246,0.884,0.8,13,5,0,131,149.35999999997654,283.2,0.8986939135709944,0.02904672857924279,-0.013915019818019347,161.93,ripe
1762155355.7108703,1762155352.078246,0.883,0.8,12,6,0,131,149.35999999997654,283.29999999999995,0.8984153149559797,0.029037325978568607,-0.014525868079492188,161.93,ripe
1762155355.7209675,1762155352.078246,0.884,0.8,13,6,0,131,149.35999999997654,283.35,0.8981244925171272,0.029028147600694262,-0.014179769078883409,161.93,ripe
1762155355.7310677,1762155352.078246,0.885,0.8,13,6,0,131,149.35999999997654,283.3,0.8978406052894737,0.029019494690692375,-0.013368243570351823,161.93,ripe
1762155355.7411673,1762155352.078246,0.885,0.8,12,5,0,131,149.35999999997654,283.25,0.8975729707831154,0.02901118594414623,-0.012836789923554415,161.93,ripe
1762155355.751252,1762155352.078246,0.883,0.8,12,5,0,131,149.35999999997654,283.35,0.897315981252443,0.02900248182819694,-0.013447890822662623,161.93,ripe
1762155355.761348,1762155352.078246,0.882,0.8,12,5,0,131,149.35999999997654,283.35,0.8970467629461316,0.02899334758151592,-0.014112717731241453,161.93,ripe
1762155355.7714565,1762155352.078246,0.883,0.8,12,6,0,131,149.35999999997654,283.29999999999995,0.8967642406962877,0.028984417706798337,-0.0137972180888426,161.93,ripe
1762155355.7815416,1762155352.078246,0.883,0.8,12,6,0,131,149.35999999997654,283.4,0.8964880396712728,0.028975677430145605,-0.013504528367550228,161.93,ripe
1762155355.7916477,1762155352.078246,0.883,0.8,12,5,0,131,149.35999999997654,283.4,0.8962177029144037,0.028967117610240387,-0.013225947262542448,161.93,ripe
1762155355.801774,1762155352.078246,0.883,0.8,13,5,0,131,149.35999999997654,283.4,0.8959529476847353,0.02895873195733478,-0.012957069858804737,161.93,ripe
1762155355.811876,1762155352.078246,0.884,0.8,13,6,0,131,149.35999999997654,283.35,0.8956935794403649,0.028950839230113597,-0.01219564052739952,161.93,ripe
1762155355.8219702,1762155352.078246,0.887,0.8,13,6,0,131,149.35999999997654,283.3,0.8954494573874138,0.028944237831254032,-0.01020048793093109,161.93,ripe
1762155355.8321192,1762155352.078246,0.889,0.8,13,6,0,131,149.35999999997654,283.3,0.8952452761206874,0.028938982427585552,-0.008120791392446036,161.93,ripe
1762155355.8422275,1762155352.078246,0.888,0.8,12,5,0,131,149.35999999997654,283.35,0.8950827264852214,0.028934115595437106,-0.0075204841211006235,161.93,ripe
1762155355.8523033,1762155352.078246,0.89,0.8,12,7,0,131,149.35999999997654,283.4,0.8949321953668699,0.02893013503225465,-0.006151074184809424,161.93,ripe
1762155355.8624022,1762155352.078246,0.893,0.8,13,7,0,131,149.35999999997654,283.45000000000005,0.8948090765476365,0.02892759927133575,-0.0039185159566063055,161.93,ripe
1762155355.872526,1762155352.078246,0.893,0.8,12,6,0,131,149.35999999997654,283.55,0.894730645462415,0.028925796826051425,-0.002785365166899867,161.93,ripe
1762155355.8826408,1762155352.078246,0.896,0.8,12,6,0,131,149.35999999997654,283.6,0.8946748958297708,0.02892534239435906,-0.0007022556820132086,161.93,ripe
1762155355.8927617,1762155352.078246,0.899,0.8,12,7,0,131,149.35999999997654,283.6,0.8946608402575259,0.028926523650060206,0.0018254798163529484,161.93,ripe
1762155355.9028628,1762155352.078246,0.9,0.8,11,7,0,131,149.35999999997654,283.55,0.8946973764963624,0.028928818069234682,0.0035457835405769966,161.93,ripe
1762155355.9129639,1762155352.078246,0.9,0.8,12,6,0,131,149.35999999997654,283.45,0.8947683428814289,0.028931634938281693,0.004353237137040833,161.93,ripe
1762155355.923108,1762155352.078246,0.901,0.8,13,6,0,131,149.35999999997654,283.45,0.8948554686410529,0.02893500312215593,0.00520532136818197,161.93,ripe
1762155355.933212,1762155352.078246,0.903,0.8,12,8,0,131.05,149.35999999997654,283.6,0.894236271490229,0.02893971917068922,0.0072941235143884064,161.93,ripe
1762155355.9433033,1762155352.078246,0.904,0.8,13,6,0,131.05,149.35999999997654,283.8,0.8940202744805167,0.02894537114771703,0.008744923021792084,161.93,ripe
1762155355.9533749,1762155352.078246,0.905,0.8,13,6,0,131.05,149.35999999997654,283.95000000000005,0.8940139696111751,0.02895174836919304,0.009868629139979324,161.93,ripe
1762155355.963446,1762155352.078246,0.905,0.8,12,5,0,131.05,149.35999999997654,283.95,0.8941204638543347,0.028958417436862536,0.010320835521242522,161.93,ripe
1762155355.9735098,1762155352.078246,0.903,0.8,11,5,0,131.05,149.35999999997654,283.85,0.89428117797756,0.028964516961772113,0.00943947171022863,161.93,ripe
1762155355.9836063,1762155352.078246,0.902,0.8,11,6,0,131.05,149.35999999997654,283.85,0.894446912308399,0.028969953589329044,0.008413412535495324,161.93,ripe
1762155355.9936824,1762155352.078246,0.905,0.8,13,6,0,131.05,149.35999999997654,283.85,0.8946034832266017,0.028975980556514225,0.009326679195345466,161.93,ripe
1762155356.003756,1762155352.078246,0.904,0.8,13,5,0,131.05,149.35999999997654,283.9,0.8947839389563617,0.028981913706871698,0.009181142254611974,161.93,ripe
1762155356.0138624,1762155352.078246,0.905,0.8,12,6,0,131.05,149.35999999997654,283.95,0.8949643255332083,0.028988064937900335,0.009518215072278569,161.93,ripe
1762155356.023926,1762155352.078246,0.905,0.8,12,6,0,131.05,149.35999999997654,284.0,0.8951528607152205,0.02899426179268238,0.00958840958752294,161.93,ripe
1762155356.0340514,1762155352.078246,0.905,0.8,12,6,0,131.05,149.35999999997654,284.0,0.8953435120257514,0.02900041929687017,0.00952712312562043,161.93,ripe
1762155356.0441334,1762155352.078246,0.904,0.8,12,6,0,131.05,149.35999999997654,283.95000000000005,0.8955333018963754,0.029006173024478832,0.008902015679310482,161.93,ripe
1762155356.0542095,1762155352.078246,0.906,0.8,13,6,0,131.05,149.35999999997654,283.95,0.8957108000355364,0.02901231793715781,0.009506858752306502,161.93,ripe
1762155356.064289,1762155352.078246,0.909,0.8,14,7,0,131.05,149.35999999997654,284.0,0.8959004664380009,0.029019562935340994,0.011208362955920537,161.93,ripe
1762155356.0743635,1762155352.078246,0.91,0.8,13,6,0,131.05,149.35999999997654,284.0,0.8961241477236688,0.029027598078991093,0.01243026697329197,161.93,ripe
1762155356.0844445,1762155352.078246,0.909,0.8,13,5,0,131.05,149.35999999997654,283.9,0.8963722508255446,0.0290356171710493,0.012404956522935717,161.93,ripe
1762155356.0945497,1762155352.078246,0.911,0.8,13,6,0,131.05,149.35999999997654,283.75,0.8966198693182111,0.02904419497046708,0.013268734356029044,161.93,ripe
1762155356.1046135,1762155352.078246,0.911,0.8,13,6,0,131.05,149.35999999997654,283.65,0.8968847462277638,0.02905296110138973,0.013559555609356289,161.93,ripe
1762155356.1147156,1762155352.078246,0.911,0.8,13,5,0,131.05,149.35999999997654,283.54999999999995,0.897155441581621,0.029061732175998816,0.013566709336939153,161.93,ripe
1762155356.1247785,1762155352.078246,0.91,0.8,12,5,0,131.05,149.35999999997654,283.6,0.8974262909806147,0.029070094999977314,0.012934784478665473,161.93,ripe
1762155356.134874,1762155352.078246,0.909,0.8,12,5,0,131.05,149.35999999997654,283.65,0.8976845342923844,0.029077851137592994,0.011996003437255709,161.93,ripe
1762155356.1449544,1762155352.078246,0.906,0.8,11,4,0,131.05,149.35999999997654,283.7,0.8979240434755065,0.029084262793054413,0.009916225389313582,161.93,ripe
1762155356.1550372,1762155352.078246,0.91,0.8,14,6,0,131.05,149.35999999997654,283.75,0.8981220352228759,0.029091244886662888,0.010798099209534118,161.93,ripe
1762155356.1651428,1762155352.078246,0.911,0.8,12,6,0,131.05,149.35999999997654,283.79999999999995,0.8983376421868485,0.02909876023963204,0.011622425029356509,161.93,ripe
1762155356.1752167,1762155352.078246,0.913,0.8,12,8,0,131.05,149.35999999997654,283.79999999999995,0.8985697162431978,0.029107108645179233,0.012910317364904778,161.93,ripe
1762155356.185288,1762155352.078246,0.912,0.8,12,6,0,131.05,149.35999999997654,283.79999999999995,0.898827514984821,0.029115458726910452,0.012912501819230204,161.93,ripe
1762155356.1953826,1762155352.078246,0.912,0.8,12,6,0,131.05,149.35999999997654,283.75,0.899085365497841,0.02912372638237177,0.012784642904184684,161.93,ripe
1762155356.2054613,1762155352.078246,0.911,0.8,12,5,0,131.05,149.35999999997654,283.7,0.8993406706930648,0.02913154786125712,0.012094333507948085,161.93,ripe
1762155356.2155335,1762155352.078246,0.91,0.8,13,4,0,131.05,149.35999999997654,283.7,0.8995821979583327,0.029138749344034244,0.011135304142173785,161.93,ripe
1762155356.2256,1762155352.078246,0.908,0.8,12,5,0,131.05,149.35999999997654,283.79999999999995,0.8998045797451342,0.029144928448176847,0.009554171305119041,161.93,ripe
1762155356.235678,1762155352.078246,0.905,0.8,11,5,0,131.05,149.35999999997654,283.9,0.8999953904803796,0.029149574780898125,0.007183985044747043,161.93,ripe
1762155356.2457566,1762155352.078246,0.906,0.8,12,6,0,131.05,149.35999999997654,283.9,0.9001388692344733,0.02915374704565386,0.006450818528090041,161.93,ripe
1762155356.2558382,1762155352.078246,0.905,0.8,12,4,0,131.05,149.35999999997654,283.85,0.9002677087699608,0.029157321987825814,0.005527135111320969,161.93,ripe
1762155356.26592,1762155352.078246,0.904,0.8,11,5,0,131.05,149.35999999997654,283.8,0.9003781029841459,0.02916024515464836,0.004519318956495044,161.93,ripe
1762155356.276056,1762155352.078246,0.903,0.8,11,6,0,131.05,149.35999999997654,283.8,0.9004683703755837,0.029162496353140978,0.003480340594736786,161.93,ripe
1762155356.2861414,1762155352.078246,0.901,0.8,11,5,0,131.05,149.35999999997654,283.85,0.9005378873850145,0.029163748956567634,0.001936468100145694,161.93,ripe
1762155356.2963207,1762155352.078246,0.901,0.8,11,6,0,131.05,149.35999999997654,283.8,0.900576567778819,0.02916449971552969,0.0011606099637611056,161.93,ripe
1762155356.3063843,1762155352.078246,0.899,0.8,11,5,0,131.05,149.35999999997654,283.8,0.900599751215562,0.02916435018079531,-0.00023116234427200677,161.93,ripe
1762155356.3164618,1762155352.078246,0.898,0.8,13,5,0,131.05,149.35999999997654,283.7,0.9005951335829617,0.029163437512333697,-0.001410839147316767,161.93,ripe
1762155356.3266304,1762155352.078246,0.898,0.8,13,6,0,131.05,149.35999999997654,283.65,0.9005669503808658,0.02916215998649481,-0.001974803163043326,161.93,ripe
1762155356.3366966,1762155352.078246,0.897,0.8,12,6,0,131.05,149.35999999997654,283.6,0.9005275003829603,0.02916039294978687,-0.0027314267740490283,161.93,ripe
1762155356.346792,1762155352.078246,0.9,0.8,13,7,0,131.05,149.35999999997654,283.65,0.9004729342894188,0.0291593740810719,-0.0015748974849630892,161.93,ripe
1762155356.3568728,1762155352.078246,0.898,0.8,12,5,0,131.05,149.35999999997654,283.65,0.9004414716235004,0.029158085048766935,-0.0019924532212726165,161.93,ripe
1762155356.3669488,1762155352.078246,0.895,0.8,12,5,0,131.05,149.35999999997654,283.6,0.9004016663059229,0.029155706032626235,-0.0036771571048089813,161.93,ripe
1762155356.377099,1762155352.078246,0.893,0.8,11,5,0,131.05,149.35999999997654,283.55,0.900328202287498,0.029152169643722286,-0.005465947686941086,161.93,ripe
1762155356.3871717,1762155352.078246,0.892,0.8,12,5,0,131.05,149.35999999997654,283.5,0.900218998598144,0.029147777896796394,-0.006787871297865622,161.93,ripe
1762155356.397241,1762155352.078246,0.89,0.8,12,5,0,131.05,149.35999999997654,283.55,0.9000833814530725,0.029142363813943,-0.008367817802933275,161.93,ripe
1762155356.407318,1762155352.078246,0.889,0.8,12,5,0,131.05,149.35999999997654,283.70000000000005,0.8999161945745597,0.029136179275998732,-0.009558412749490097,161.93,ripe
1762155356.4173908,1762155352.078246,0.89,0.8,13,6,0,131.05,149.35999999997654,283.8,0.8997252160428407,0.02913000243645076,-0.009546325130305955,161.93,ripe
1762155356.4274695,1762155352.078246,0.888,0.8,12,5,0,131.05,149.35999999997654,283.85,0.8995344752375993,0.029123243968958608,-0.010445029781331883,161.93,ripe
1762155356.4375892,1762155352.078246,0.885,0.8,12,5,0,131.05,149.35999999997654,283.85,0.8993257737614416,0.029115297350495836,-0.0122810510333079,161.93,ripe
1762155356.447658,1762155352.078246,0.885,0.8,13,6,0,131.05,149.35999999997654,283.85,0.8990803821833113,0.029106847825473223,-0.013058020819244454,161.93,ripe
1762155356.4577332,1762155352.078246,0.884,0.8,12,6,0,131.05,149.35999999997654,283.79999999999995,0.898819460850613,0.029097912662428956,-0.0138082801685796,161.93,ripe
1762155356.4678125,1762155352.078246,0.884,0.8,12,5,0,131.05,149.35999999997654,283.75,0.898543543015806,0.02908882871822002,-0.014037952674789245,161.93,ripe
1762155356.4778836,1762155352.078246,0.884,0.8,11,5,0,131.05,149.35999999997654,283.8,0.898263030818634,0.029079762550241615,-0.014010235648125646,161.93,ripe
1762155356.4880054,1762155352.078246,0.883,0.8,11,5,0,131.05,149.35999999997654,283.85,0.897983067551461,0.029070472040934877,-0.01435666996620677,161.93,ripe
1762155356.4980936,1762155352.078246,0.881,0.8,11,6,0,131.05,149.35999999997654,283.8,0.8976961766240689,0.02906051721764995,-0.015382977831441713,161.93,ripe
1762155356.508158,1762155352.078246,0.88,0.8,11,6,0,131.05,149.35999999997654,283.7,0.8973887716810304,0.02905001267925734,-0.01623217228471685,161.93,ripe
1762155356.5182424,1762155352.078246,0.879,0.8,11,6,0,131.05,149.35999999997654,283.6,0.8970643915354666,0.02903902006871382,-0.016986091837309814,161.93,ripe
1762155356.5283122,1762155352.078246,0.879,0.8,12,6,0,131.05,149.35999999997654,283.5,0.8967249397218827,0.02902789804606331,-0.01718578987280439,161.93,ripe
1762155356.5383897,1762155352.078246,0.879,0.8,12,6,0,131.05,149.35999999997654,283.4,0.8963814916624349,0.029016823658909997,-0.017111916737895694,161.93,ripe
1762155356.5485609,1762155352.078246,0.879,0.8,12,6,0,131.05,149.35999999997654,283.25,0.8960395145871406,0.029005883192446194,-0.01690472712487101,161.93,ripe
1762155356.5586426,1762155352.078246,0.877,0.8,12,5,0,131.05,149.35999999997654,283.20000000000005,0.8957016729827384,0.028994470400860138,-0.017634279251603657,161.93,ripe
1762155356.5687692,1762155352.078246,0.874,0.8,13,5,0,131.05,149.35999999997654,283.20000000000005,0.8953492459785609,0.028981969318973438,-0.019315549112993602,161.93,ripe
1762155356.578848,1762155352.078246,0.873,0.8,12,6,0,131.05,149.35999999997654,283.15,0.8949632125698996,0.028968736180011757,-0.02044636413711598,161.93,ripe
1762155356.5889194,1762155352.078246,0.871,0.8,12,4,0,131.05,149.35999999997654,283.15,0.894554573238763,0.02895462924495852,-0.021796149022371147,161.93,ripe
1762155356.5989933,1762155352.078246,0.869,0.8,12,5,0,131.05,149.35999999997654,283.05,0.894118951084319,0.028939587779931022,-0.023239738976123192,161.93,ripe
1762155356.6090593,1762155352.078246,0.867,0.8,12,5,0,131.05,149.35999999997654,282.95,0.8936544706442698,0.02892359135242885,-0.024714864590171914,161.93,ripe
1762155356.6191213,1762155352.078246,0.866,0.8,11,6,0,131.05,149.35999999997654,282.9,0.8931605009630027,0.028906963106981588,-0.0256906979359538,161.93,ripe
1762155356.6291885,1762155352.078246,0.867,0.8,12,6,0,131.05,149.35999999997654,282.9,0.8926470207435913,0.028890514957291762,-0.02541211923006681,161.93,ripe
1762155356.6392536,1762155352.078246,0.867,0.8,12,5,0,131.05,149.35999999997654,282.9,0.8921391018811695,0.02887431933428614,-0.02502165112440724,161.93,ripe
1762155356.6493301,1762155352.078246,0.871,0.8,13,6,0,131.05,149.35999999997654,282.85,0.8916389810427559,0.028859703757198804,-0.022580255664374715,161.93,ripe
1762155356.659394,1762155352.078246,0.869,0.8,12,6,0,131.05,149.35999999997654,282.75,0.891187652022299,0.02884536113191673,-0.022158289333108483,161.93,ripe
1762155356.6694584,1762155352.078246,0.869,0.8,13,5,0,131.05,149.35999999997654,282.65,0.8907447517535885,0.02883129551578466,-0.02173007040899322,161.93,ripe
1762155356.679523,1762155352.078246,0.867,0.8,12,6,0,131.05,149.35999999997654,282.6,0.8903104055274302,0.02881685883762867,-0.02230306485513256,161.93,ripe
1762155356.6896322,1762155352.078246,0.867,0.8,12,6,0,131.05,149.35999999997654,282.6,0.8898646009059732,0.02880238453666589,-0.022360930569824355,161.93,ripe
1762155356.6997242,1762155352.078246,0.867,0.8,12,6,0,131.05,149.35999999997654,282.6,0.8894176344922425,0.028788036382948957,-0.022165799324168067,161.93,ripe
1762155356.7097917,1762155352.078246,0.868,0.8,12,6,0,131.05,149.35999999997654,282.6,0.8889745635054637,0.028774217028429548,-0.02134864592142638,161.93,ripe
1762155356.7198844,1762155352.078246,0.869,0.8,12,6,0,131.05,149.35999999997654,282.55,0.8885478218379043,0.028761118503297916,-0.02023486304588562,161.93,ripe
1762155356.7299862,1762155352.078246,0.87,0.8,12,6,0,131.05,149.35999999997654,282.6,0.8881433393818395,0.028748827710805124,-0.018986859985830162,161.93,ripe
1762155356.7401102,1762155352.078246,0.872,0.8,12,6,0,131.05,149.35999999997654,282.65,0.8877637997096621,0.028737702840784408,-0.017185560011657497,161.93,ripe
1762155356.7501998,1762155352.078246,0.872,0.8,12,6,0,131.05,149.35999999997654,282.7,0.8874202637234224,0.02872726042817618,-0.016131143874420162,161.93,ripe
1762155356.7602868,1762155352.078246,0.874,0.8,12,6,0,131.05,149.35999999997654,282.65,0.8870978020220803,0.02871790410312565,-0.014453242097579144,161.93,ripe
1762155356.7703807,1762155352.078246,0.877,0.8,12,7,0,131.05,149.35999999997654,282.7,0.88680887870452,0.028710144486874794,-0.011986598742269372,161.93,ripe
1762155356.780501,1762155352.078246,0.879,0.8,12,7,0,131.05,149.35999999997654,282.75,0.8865692617546935,0.02870389216797671,-0.009658121773568173,161.93,ripe
1762155356.7906249,1762155352.078246,0.882,0.8,13,6,0,131.05,149.35999999997654,282.7,0.8863761901471207,0.02869941196653247,-0.006920620156558033,161.93,ripe
1762155356.800733,1762155352.078246,0.882,0.8,11,6,0,131.05,149.35999999997654,282.65,0.8862378415265225,0.02869584488870015,-0.005510056531241259,161.93,ripe
1762155356.810982,1762155352.078246,0.884,0.8,12,6,0,131.05,149.35999999997654,282.6,0.8861276901630605,0.028693408274773433,-0.003763797665419788,161.93,ripe
1762155356.821117,1762155352.078246,0.882,0.8,11,5,0,131.05,149.35999999997654,282.6,0.8860524475250035,0.028690902560696913,-0.003870501276183158,161.93,ripe
1762155356.8312292,1762155352.078246,0.88,0.8,13,4,0,131.05,149.35999999997654,282.6,0.8859750710743205,0.028687740629393377,-0.004884097949910404,161.93,ripe
1762155356.8413334,1762155352.078246,0.88,0.8,13,5,0,131.05,149.35999999997654,282.6,0.8858774306356674,0.028684288736255427,-0.005331944073462269,161.93,ripe
1762155356.8514314,1762155352.078246,0.878,0.8,12,6,0,131.05,149.35999999997654,282.65,0.8857708361755674,0.02868008184495293,-0.006498092894464902,161.93,ripe
1762155356.8615577,1762155352.078246,0.88,0.8,13,6,0,131.05,149.35999999997654,282.65,0.8856409273721464,0.028676194439842376,-0.006004555731595085,161.93,ripe
1762155356.8716536,1762155352.078246,0.88,0.8,12,5,0,131.05,149.35999999997654,282.65,0.8855208843023324,0.028672502430375568,-0.005702698482056845,161.93,ripe
1762155356.8817227,1762155352.078246,0.882,0.8,12,6,0,131.05,149.35999999997654,282.7,0.8854068750499974,0.02866959047833972,-0.00449778213985963,161.93,ripe
1762155356.8918326,1762155352.078246,0.882,0.8,12,5,0,131.05,149.35999999997654,282.79999999999995,0.8853169539711304,0.02866708986103299,-0.0038624075160614835,161.93,ripe
1762155356.9018993,1762155352.078246,0.883,0.8,12,6,0,131.05,149.35999999997654,282.9,0.8852397349086987,0.028665139504806675,-0.0030124616811642024,161.93,ripe
1762155356.9119956,1762155352.078246,0.884,0.8,12,6,0,131.05,149.35999999997654,282.95,0.88517950790843,0.02866380198914466,-0.0020658712946627356,161.93,ripe
1762155356.9220679,1762155352.078246,0.883,0.8,12,6,0,131.05,149.35999999997654,283.0,0.885138205424787,0.02866245441826169,-0.0020813871179033994,161.93,ripe
1762155356.9321346,1762155352.078246,0.884,0.8,13,5,0,131.05,149.35999999997654,282.95,0.8850965924359209,0.028661439108283157,-0.0015681832824789854,161.93,ripe
1762155356.9421957,1762155352.078246,0.885,0.8,13,5,0,131,149.35999999997654,282.85,0.885781775641491,0.028660455796415834,-0.001517571064770018,161.93,ripe
1762155356.95227,1762155352.078246,0.884,0.8,12,6,0,131,149.35999999997654,282.7,0.8861096420856867,0.028659173981755732,-0.0019775397973261777,161.93,ripe
1762155356.9623306,1762155352.078246,0.885,0.8,13,6,0,131,149.35999999997654,282.55,0.886249131418319,0.02865808286407706,-0.0016830802741387707,161.93,ripe
1762155356.9723916,1762155352.078246,0.885,0.8,12,5,0,131,149.35999999997654,282.55,0.8863049464769535,0.028657096174891348,-0.0015219209048633608,161.93,ripe
1762155356.9825,1762155352.078246,0.888,0.8,13,6,0,131,149.35999999997654,282.54999999999995,0.8863192079766163,0.028657143051331036,7.230480942876927e-05,161.93,ripe
1762155356.9925647,1762155352.078246,0.888,0.8,11,5,0,131,149.35999999997654,282.5,0.8863430461846603,0.02865769586285696,0.0008527102083623062,161.93,ripe
1762155357.0026717,1762155352.078246,0.888,0.8,12,5,0,131,149.35999999997654,282.5,0.8863713386257195,0.028658490996512985,0.0012265395707917737,161.93,ripe
1762155357.0127726,1762155352.078246,0.886,0.8,11,4,0,131,149.35999999997654,282.45,0.8864015291606241,0.028658748615483298,0.0003974099376314877,161.93,ripe
1762155357.0228674,1762155352.078246,0.886,0.8,12,5,0,131,149.35999999997654,282.4,0.8864122959709791,0.028658740301211835,-1.2826421851408476e-05,161.93,ripe
1762155357.0329323,1762155352.078246,0.887,0.8,13,6,0,131,149.35999999997654,282.3,0.8864134381639285,0.028658925873949654,0.0002862966106353948,161.93,ripe
1762155357.0430229,1762155352.078246,0.886,0.8,12,5,0,131,149.35999999997654,282.15,0.8864198776004555,0.02865888049664157,-7.001021317354361e-05,161.93,ripe
1762155357.0530972,1762155352.078246,0.884,0.8,11,5,0,131,149.35999999997654,282.0,0.8864188239212741,0.02865807430370822,-0.0012438902276331598,161.93,ripe
1762155357.0631814,1762155352.078246,0.884,0.8,12,5,0,131,149.35999999997654,281.95,0.8863940632986912,0.028656903462471406,-0.0018065964518706457,161.93,ripe
1762155357.073263,1762155352.078246,0.885,0.8,13,6,0,131,149.35999999997654,281.95,0.8863579366403118,0.02865588976043999,-0.0015642032169015385,161.93,ripe
1762155357.0833294,1762155352.078246,0.883,0.8,12,4,0,131,149.35999999997654,281.95,0.8863266265649913,0.028654315193411533,-0.0024297598532861953,161.93,ripe
1762155357.0933945,1762155352.078246,0.881,0.8,10,4,0,131,149.35999999997654,282.05,0.8862779470707113,0.028651833646633477,-0.0038295137148587344,161.93,ripe
1762155357.1034603,1762155352.078246,0.879,0.8,11,4,0,131,149.35999999997654,282.1,0.8862012037605665,0.028648284679607235,-0.005476987082640217,161.93,ripe
1762155357.113525,1762155352.078246,0.877,0.8,11,4,0,131,149.35999999997654,282.15,0.8860914396760253,0.028643600428607995,-0.0072293313370621615,161.93,ripe
1762155357.1235905,1762155352.078246,0.877,0.8,11,6,0,131,149.35999999997654,282.25,0.8859465585251788,0.028638406989703546,-0.0080155043556972,161.93,ripe
1762155357.1337185,1762155352.078246,0.875,0.8,10,6,0,131,149.35999999997654,282.3,0.8857859268259453,0.02863236832087009,-0.009320399741204466,161.93,ripe
1762155357.1438105,1762155352.078246,0.874,0.8,10,6,0,131,149.35999999997654,282.35,0.8855991514818632,0.02862565222351246,-0.010366387939492738,161.93,ripe
1762155357.1539128,1762155352.078246,0.872,0.8,12,5,0,131,149.35999999997654,282.4,0.8853914229319962,0.028618023793696098,-0.011775041160810962,161.93,ripe
1762155357.1640031,1762155352.078246,0.87,0.8,11,5,0,131,149.35999999997654,282.45,0.8851554757684438,0.02860937711775153,-0.013347284882851196,161.93,ripe
1762155357.1741204,1762155352.078246,0.868,0.8,11,5,0,131,149.35999999997654,282.4,0.8848880341667924,0.0285996705407727,-0.01498393872399606,161.93,ripe
1762155357.1842356,1762155352.078246,0.867,0.8,11,6,0,131,149.35999999997654,282.3,0.8845878097834831,0.028589218194689202,-0.01613576206208489,161.93,ripe
1762155357.19434,1762155352.078246,0.865,0.8,11,5,0,131,149.35999999997654,282.2,0.8842645187404367,0.02857785759852573,-0.017538494879737576,161.93,ripe
1762155357.2043726,1762155352.078246,0.864,0.8,11,6,0,131,149.35999999997654,282.15,0.8839131355117549,0.0285658421379828,-0.018550123581405398,161.93,ripe
1762155357.2144713,1762155352.078246,0.864,0.8,12,6,0,131,149.35999999997654,282.1,0.8835414973224873,0.028553626385609703,-0.018859991357312644,161.93,ripe
1762155357.2245347,1762155352.078246,0.862,0.8,11,5,0,131,149.35999999997654,282.1,0.8831636641042491,0.028540787374348255,-0.01982291112166168,161.93,ripe
1762155357.2346087,1762155352.078246,0.86,0.8,11,5,0,131,149.35999999997654,282.1,0.8827665534872627,0.028527124136969898,-0.021096176995969107,161.93,ripe
1762155357.2446914,1762155352.078246,0.857,0.8,10,5,0,131,149.35999999997654,282.15,0.8823439495558149,0.02851222266791321,-0.023008761310168047,161.93,ripe
1762155357.2547524,1762155352.078246,0.855,0.8,11,5,0,131,149.35999999997654,282.2,0.8818830471182239,0.028496216377391685,-0.024715452995400455,161.93,ripe
1762155357.2648184,1762155352.078246,0.853,0.8,11,5,0,131,149.35999999997654,282.25,0.8813879725525592,0.02847918172159197,-0.026304175491147497,161.93,ripe
1762155357.2748818,1762155352.078246,0.85,0.8,10,6,0,131,149.35999999997654,282.25,0.880861090648757,0.028460842692161176,-0.028319192118051117,161.93,ripe
1762155357.2849498,1762155352.078246,0.847,0.8,12,4,0,131,149.35999999997654,282.15,0.8802938644685039,0.028441077156879283,-0.03052291520315098,161.93,ripe
1762155357.2950594,1762155352.078246,0.843,0.8,11,4,0,131,149.35999999997654,282.0,0.8796825164622557,0.028419515826071873,-0.033297041829579266,161.93,ripe
1762155357.3051264,1762155352.078246,0.841,0.8,10,5,0,131,149.35999999997654,281.95000000000005,0.879015624500393,0.02839664332271467,-0.03532288718405474,161.93,ripe
1762155357.3151934,1762155352.078246,0.839,0.8,11,5,0,131,149.35999999997654,281.9,0.8783081779715598,0.028372710243900055,-0.03696180931339077,161.93,ripe
1762155357.3252552,1762155352.078246,0.84,0.8,12,5,0,131,149.35999999997654,281.9,0.8775679278438263,0.028348821246073914,-0.03689474351474187,161.93,ripe
1762155357.335317,1762155352.078246,0.839,0.8,12,4,0,131,149.35999999997654,281.95,0.8768290411410651,0.028324869628769976,-0.036992448976522874,161.93,ripe
1762155357.3453875,1762155352.078246,0.838,0.8,11,6,0,131,149.35999999997654,282.04999999999995,0.8760882176178549,0.028300803736751316,-0.03716992153558385,161.93,ripe
1762155357.3554556,1762155352.078246,0.837,0.8,11,6,0,131,149.35999999997654,282.05,0.8753438595777181,0.0282765994025178,-0.03738471153658263,161.93,ripe
1762155357.365524,1762155352.078246,0.837,0.8,13,6,0,131,149.35999999997654,282.1,0.8745952195198755,0.028252569880174015,-0.03711564549930779,161.93,ripe
1762155357.375589,1762155352.078246,0.838,0.8,12,6,0,131,149.35999999997654,282.25,0.8738519863937824,0.02822919059156681,-0.03611219938349852,161.93,ripe
1762155357.3856945,1762155352.078246,0.837,0.8,12,5,0,131,149.35999999997654,282.4,0.8731288649971617,0.02820604054761975,-0.03575897149201979,161.93,ripe
1762155357.3957598,1762155352.078246,0.837,0.8,12,5,0,131,149.35999999997654,282.55,0.8724128341378791,0.02818323486586559,-0.03522788738530813,161.93,ripe
1762155357.405864,1762155352.078246,0.835,0.8,12,4,0,131,149.35999999997654,282.70000000000005,0.8717074544012229,0.028160179127027517,-0.03561498102493743,161.93,ripe
1762155357.4159825,1762155352.078246,0.834,0.8,12,5,0,131,149.35999999997654,282.75,0.8709943403989613,0.02813690826977398,-0.03594810371081858,161.93,ripe
1762155357.4260767,1762155352.078246,0.831,0.8,11,4,0,131,149.35999999997654,282.8,0.8702745727841094,0.028112794234138094,-0.03725145444003808,161.93,ripe
1762155357.4361682,1762155352.078246,0.829,0.8,12,4,0,131,149.35999999997654,282.75,0.8695287256618914,0.028087861410885727,-0.038517166489855814,161.93,ripe
1762155357.4462805,1762155352.078246,0.827,0.8,12,4,0,131,149.35999999997654,282.7,0.8687575534386958,0.028062129958831297,-0.03975177385267803,161.93,ripe
1762155357.456416,1762155352.078246,0.825,0.8,11,5,0,131,149.35999999997654,282.6,0.8679616796266522,0.028035617760542635,-0.040958789833643316,161.93,ripe
1762155357.466535,1762155352.078246,0.8220000000000001,0.8,11,5,0,131,149.35999999997654,282.55,0.8671416573335838,0.028008017765315783,-0.04264021243707938,161.93,ripe
1762155357.4766147,1762155352.078246,0.8200000000000001,0.8,12,3,0,131,149.35999999997654,282.6,0.8662879894812173,0.027979514067173805,-0.044037267032965066,161.93,ripe
1762155357.486721,1762155352.078246,0.8160000000000001,0.8,11,4,0,131,149.35999999997654,282.65,0.865406370097686,0.02794955867227268,-0.04628100887355979,161.93,ripe
1762155357.4967883,1762155352.078246,0.8160000000000001,0.8,12,4,0,131,149.35999999997654,282.7,0.8644798497333942,0.02791919211313099,-0.04691716912133115,161.93,ripe
1762155357.5068977,1762155352.078246,0.8140000000000001,0.8,11,4,0,131,149.35999999997654,282.9,0.8635406120591417,0.027888281102642687,-0.04775927175311012,161.93,ripe
1762155357.516998,1762155352.078246,0.8150000000000001,0.8,12,4,0,131,149.35999999997654,283.04999999999995,0.8625845345047385,0.02785773660870302,-0.04719386435172268,161.93,ripe
1762155357.527106,1762155352.078246,0.8130000000000001,0.8,11,4,0,131,149.35999999997654,283.20000000000005,0.8616397933071845,0.027827030489179557,-0.04744445823067667,161.93,ripe
1762155357.537179,1762155352.078246,0.81,0.8,11,5,0,131,149.35999999997654,283.35,0.8606900530303239,0.027795581993690463,-0.0485923854920699,161.93,ripe
1762155357.547247,1762155352.078246,0.809,0.8,12,4,0,131,149.35999999997654,283.45,0.8597173510648463,0.027763761190994284,-0.04916851729571925,161.93,ripe
1762155357.5573351,1762155352.078246,0.811,0.8,13,5,0,131,149.35999999997654,283.55,0.8587331336374534,0.027732723879800907,-0.047958716752889874,161.93,ripe
1762155357.5674224,1762155352.078246,0.811,0.8,13,4,0,131,149.35999999997654,283.6,0.8577731496022423,0.02770238134612721,-0.046885941159960476,161.93,ripe
1762155357.577506,1762155352.078246,0.808,0.8,12,4,0,131,149.35999999997654,283.6,0.8568346550357148,0.027671712434969725,-0.04739105081457384,161.93,ripe
1762155357.5875802,1762155352.078246,0.81,0.8,13,5,0,131,149.35999999997654,283.70000000000005,0.8558860656136138,0.027641837918242654,-0.04616426350304326,161.93,ripe
1762155357.59769,1762155352.078246,0.8130000000000001,0.8,11,6,0,131,149.35999999997654,283.75,0.8549620468112455,0.027613622533387148,-0.04360114575596019,161.93,ripe
1762155357.6077754,1762155352.078246,0.8140000000000001,0.8,11,5,0,131,149.35999999997654,283.9,0.8540893449576646,0.027586826226100182,-0.041408894430021936,161.93,ripe
1762155357.6178796,1762155352.078246,0.8150000000000001,0.8,12,4,0,131,149.35999999997654,284.0,0.8532605351732788,0.027561317150498345,-0.03942030990945744,161.93,ripe
1762155357.6279824,1762155352.078246,0.8150000000000001,0.8,13,4,0,131,149.35999999997654,284.0,0.8524715394649139,0.027536694254061907,-0.03805142683300322,161.93,ripe
1762155357.638124,1762155352.078246,0.8150000000000001,0.8,12,4,0,131,149.35999999997654,284.0,0.851709953278135,0.027512752148454705,-0.036999896962179646,161.93,ripe
1762155357.6483188,1762155352.078246,0.8150000000000001,0.8,12,4,0,131,149.35999999997654,284.0,0.8509694239517042,0.02748938337364298,-0.03611439579372644,161.93,ripe
1762155357.6584008,1762155352.078246,0.8140000000000001,0.8,11,5,0,131,149.35999999997654,284.04999999999995,0.8502466277467776,0.0274662059951474,-0.03581911366778867,161.93,ripe
1762155357.6685348,1762155352.078246,0.8130000000000001,0.8,11,4,0,131,149.35999999997654,284.20000000000005,0.8495297514299093,0.027443030954681494,-0.03581599439041472,161.93,ripe
1762155357.678617,1762155352.078246,0.8140000000000001,0.8,12,5,0,131,149.35999999997654,284.35,0.8488129474282988,0.027420412641957385,-0.03495606890855152,161.93,ripe
1762155357.6886942,1762155352.078246,0.8140000000000001,0.8,11,6,0,131,149.35999999997654,284.45,0.8481133630157421,0.027398293591439953,-0.03418492375586846,161.93,ripe
1762155357.6987689,1762155352.078246,0.8150000000000001,0.8,11,6,0,131,149.35999999997654,284.5,0.8474292207832379,0.027376964157858924,-0.03296500115330103,161.93,ripe
1762155357.7088544,1762155352.078246,0.8140000000000001,0.8,11,5,0,131,149.35999999997654,284.54999999999995,0.8467695014025767,0.027355911669463138,-0.032537391587608155,161.93,ripe
1762155357.718927,1762155352.078246,0.8140000000000001,0.8,12,6,0,131,149.35999999997654,284.55,0.846118347936495,0.027335205661062005,-0.0320022930290107,161.93,ripe
1762155357.728991,1762155352.078246,0.8160000000000001,0.8,12,6,0,131,149.35999999997654,284.54999999999995,0.845477911096648,0.027315523737942417,-0.03041988364290582,161.93,ripe
1762155357.739111,1762155352.078246,0.8170000000000001,0.8,13,4,0,131,149.35999999997654,284.5,0.8448691492145591,0.027296864148704806,-0.028840135487688046,161.93,ripe
1762155357.7492256,1762155352.078246,0.8180000000000001,0.8,12,4,0,131,149.35999999997654,284.5,0.8442920081194398,0.027279215792054848,-0.027277501256004255,161.93,ripe
1762155357.7593353,1762155352.078246,0.8190000000000001,0.8,12,5,0,131,149.35999999997654,284.5,0.8437461444482566,0.027262563097179355,-0.025738891016538812,161.93,ripe
1762155357.7694602,1762155352.078246,0.8200000000000001,0.8,12,5,0,131,149.35999999997654,284.5,0.8432310765957576,0.027246888459757992,-0.024227449879898666,161.93,ripe
1762155357.7795606,1762155352.078246,0.8200000000000001,0.8,12,4,0,131,149.35999999997654,284.55,0.842746260060315,0.02723184997025286,-0.023244446702385457,161.93,ripe
1762155357.7896473,1762155352.078246,0.8200000000000001,0.8,12,4,0,131,149.35999999997654,284.65,0.8422811195799211,0.027217273727247516,-0.02253021290095636,161.93,ripe
1762155357.7997596,1762155352.078246,0.8210000000000001,0.8,12,4,0,131,149.35999999997654,284.85,0.8418302763837658,0.027203393370272715,-0.021454823044283367,161.93,ripe
1762155357.809952,1762155352.078246,0.8220000000000001,0.8,11,5,0,131,149.35999999997654,285.0,0.8414009569425352,0.02719031640686382,-0.02021323027279398,161.93,ripe
1762155357.8200293,1762155352.078246,0.8210000000000001,0.8,11,4,0,131,149.35999999997654,285.15,0.8409964864642981,0.027177440522104288,-0.019902623129427477,161.93,ripe
1762155357.8301253,1762155352.078246,0.8230000000000001,0.8,13,6,0,131,149.35999999997654,285.25,0.8405982353486858,0.027165438985289572,-0.018551303681250464,161.93,ripe
1762155357.8401988,1762155352.078246,0.8230000000000001,0.8,11,5,0,131,149.35999999997654,285.4,0.8402270278150067,0.027153985996526048,-0.017703561981288973,161.93,ripe
1762155357.8502648,1762155352.078246,0.8230000000000001,0.8,12,5,0,131,149.35999999997654,285.55,0.8398727868725508,0.027142916425873753,-0.017111053955692013,161.93,ripe
1762155357.8603303,1762155352.078246,0.8200000000000001,0.8,10,4,0,131,149.35999999997654,285.45000000000005,0.8395304050522754,0.027131175143718718,-0.018149538593845937,161.93,ripe
1762155357.870431,1762155352.078246,0.8170000000000001,0.8,11,5,0,131,149.35999999997654,285.4,0.8391672471952202,0.027118251881298846,-0.01997681396600537,161.93,ripe
1762155357.8805099,1762155352.078246,0.8160000000000001,0.8,12,5,0,131,149.35999999997654,285.35,0.8387675306885735,0.027104555357779548,-0.021172314073966025,161.93,ripe
1762155357.890572,1762155352.078246,0.8150000000000001,0.8,12,4,0,131,149.35999999997654,285.35,0.8383438972161216,0.027090293579694176,-0.02204628890881788,161.93,ripe
1762155357.9006693,1762155352.078246,0.8160000000000001,0.8,13,5,0,131,149.35999999997654,285.35,0.837902780419941,0.027076221021035646,-0.021753976266289166,161.93,ripe
1762155357.9107292,1762155352.078246,0.8170000000000001,0.8,12,5,0,131,149.35999999997654,285.29999999999995,0.8374675161806328,0.027062705465365548,-0.020893114103806787,161.93,ripe
1762155357.9207938,1762155352.078246,0.8160000000000001,0.8,11,5,0,131,149.35999999997654,285.25,0.8370494800437566,0.02704927465742901,-0.020762279005343554,161.93,ripe
1762155357.930863,1762155352.078246,0.8160000000000001,0.8,11,4,0,131,149.35999999997654,285.2,0.8366340651542794,0.027036019790234515,-0.02049046463507287,161.93,ripe
1762155357.9409778,1762155352.078246,0.8170000000000001,0.8,12,5,0,131,149.35999999997654,285.3,0.8362240921119537,0.027023307221655364,-0.0196522918523504,161.93,ripe
1762155357.9510984,1762155352.078246,0.8160000000000001,0.8,10,5,0,131,149.35999999997654,285.4,0.8358308923658005,0.027010664161488958,-0.019544992235998815,161.93,ripe
1762155357.961211,1762155352.078246,0.8140000000000001,0.8,11,3,0,131,149.35999999997654,285.55,0.8354398425148537,0.02699753482074252,-0.020296892449952808,161.93,ripe
1762155357.9712782,1762155352.078246,0.8150000000000001,0.8,12,5,0,131,149.35999999997654,285.65,0.8350337520055663,0.026984622028016714,-0.01996227697311581,161.93,ripe
1762155357.9814305,1762155352.078246,0.8170000000000001,0.8,12,5,0,131,149.35999999997654,285.7,0.8346343593265572,0.02697259141755242,-0.018598621810331895,161.93,ripe
1762155357.9915042,1762155352.078246,0.8190000000000001,0.8,12,5,0,131,149.35999999997654,285.8,0.8342622525448965,0.026961760308358017,-0.01674438378678389,161.93,ripe
1762155358.0016205,1762155352.078246,0.8190000000000001,0.8,12,4,0,131,149.35999999997654,285.85,0.8339272463375137,0.02695162532826206,-0.015668311958457415,161.93,ripe
1762155358.0117111,1762155352.078246,0.8200000000000001,0.8,12,4,0,131,149.35999999997654,285.9,0.8336137714031457,0.02694225628347103,-0.014484304213617571,161.93,ripe
1762155358.021777,1762155352.078246,0.8190000000000001,0.8,11,4,0,131,149.35999999997654,285.95,0.8333239868477591,0.02693303287361963,-0.014259253252995041,161.93,ripe
1762155358.0318747,1762155352.078246,0.8190000000000001,0.8,11,4,0,131,149.35999999997654,286.0,0.8330387067810554,0.026923973117740155,-0.0140063399836734,161.93,ripe
1762155358.0419505,1762155352.078246,0.8190000000000001,0.8,11,5,0,131,149.35999999997654,286.1,0.8327584885317032,0.026915084206219846,-0.013742305133012112,161.93,ripe
1762155358.0520108,1762155352.078246,0.8210000000000001,0.8,13,5,0,131,149.35999999997654,286.1,0.83248355449838,0.026907014775773366,-0.012475462799034442,161.93,ripe
1762155358.0620902,1762155352.078246,0.8200000000000001,0.8,12,5,0,131,149.35999999997654,286.15,0.8322339670146703,0.02689910421718555,-0.012229921164997548,161.93,ripe
1762155358.0721748,1762155352.078246,0.8190000000000001,0.8,10,6,0,131,149.35999999997654,286.1,0.8319892934375492,0.026891027249505626,-0.012487270512712811,161.93,ripe
1762155358.082249,1762155352.078246,0.8190000000000001,0.8,11,5,0,131,149.35999999997654,286.0,0.8317394728272092,0.02688294956020837,-0.01248846136479087,161.93,ripe
1762155358.0923285,1762155352.078246,0.8180000000000001,0.8,12,5,0,131,149.35999999997654,286.04999999999995,0.8314896298972451,0.026874628936729855,-0.012864124166035884,161.93,ripe
1762155358.1024039,1762155352.078246,0.8160000000000001,0.8,12,3,0,131,149.35999999997654,286.15,0.8312322730130546,0.02686562572634359,-0.013919520147450015,161.93,ripe
1762155358.1124742,1762155352.078246,0.8160000000000001,0.8,11,5,0,131,149.35999999997654,286.25,0.8309538037158074,0.026856378136278305,-0.014297427283005093,161.93,ripe
1762155358.1225803,1762155352.078246,0.8140000000000001,0.8,10,4,0,131,149.35999999997654,286.35,0.8306677757550881,0.02684645653104153,-0.015339587538686916,161.93,ripe
1762155358.1326587,1762155352.078246,0.8140000000000001,0.8,12,5,0,131,149.35999999997654,286.35,0.8303609005051148,0.02683630393284281,-0.015696806396914176,161.93,ripe
1762155358.1427402,1762155352.078246,0.8140000000000001,0.8,11,5,0,131,149.35999999997654,286.25,0.8300468806428283,0.026826139728987654,-0.01571483358872794,161.93,ripe
1762155358.152832,1762155352.078246,0.8150000000000001,0.8,11,6,0,131,149.35999999997654,286.15,0.8297325018175883,0.02681639492607324,-0.015066478290538088,161.93,ripe
1762155358.1629093,1762155352.078246,0.8160000000000001,0.8,11,6,0,131,149.35999999997654,286.1,0.8294310950634455,0.026807276515204783,-0.01409808329992035,161.93,ripe
1762155358.1729822,1762155352.078246,0.8180000000000001,0.8,11,6,0,131,149.35999999997654,286.1,0.8291490626152841,0.026799203041165388,-0.0124825567335215,161.93,ripe
1762155358.1831093,1762155352.078246,0.8170000000000001,0.8,11,5,0,131,149.35999999997654,286.15,0.8288993500632457,0.026791398963471377,-0.012066097122364394,161.93,ripe
1762155358.1931782,1762155352.078246,0.8180000000000001,0.8,12,6,0,131,149.35999999997654,286.25,0.8286579699401698,0.026784128352773943,-0.01124134346972916,161.93,ripe
1762155358.203246,1762155352.078246,0.8190000000000001,0.8,12,6,0,131,149.35999999997654,286.35,0.8284330899512983,0.026777515262453637,-0.01022477671607791,161.93,ripe
1762155358.2133312,1762155352.078246,0.8190000000000001,0.8,11,5,0,131,149.35999999997654,286.5,0.8282285470676912,0.026771290513458702,-0.00962439045008101,161.93,ripe
1762155358.2234406,1762155352.078246,0.8170000000000001,0.8,11,5,0,131,149.35999999997654,286.6,0.8280360155812778,0.026764671559044637,-0.010233937272472682,161.93,ripe
1762155358.2335668,1762155352.078246,0.8140000000000001,0.8,11,4,0,131,149.35999999997654,286.6,0.8278312913212508,0.026756955521517137,-0.011930252166848176,161.93,ripe
1762155358.2436469,1762155352.078246,0.811,0.8,11,3,0,131,149.35999999997654,286.55,0.8275926342805252,0.026747808974516587,-0.014142114703323938,161.93,ripe
1762155358.2537186,1762155352.078246,0.811,0.8,12,4,0,131,149.35999999997654,286.45000000000005,0.8273097315817982,0.026738052990788377,-0.015084471793197607,161.93,ripe
1762155358.2637901,1762155352.078246,0.809,0.8,11,4,0,131,149.35999999997654,286.45,0.8270079790050847,0.026727449232711482,-0.01639534911078433,161.93,ripe
1762155358.2738652,1762155352.078246,0.807,0.8,11,4,0,131,149.35999999997654,286.5,0.8266800047677664,0.026715889399245244,-0.0178736898206161,161.93,ripe
1762155358.28394,1762155352.078246,0.808,0.8,12,5,0,131,149.35999999997654,286.54999999999995,0.8263224591186555,0.026704300112858056,-0.017919301645080377,161.93,ripe
1762155358.294088,1762155352.078246,0.808,0.8,12,4,0,131,149.35999999997654,286.65,0.8259640024906999,0.02669281233231217,-0.01776242375391235,161.93,ripe
1762155358.3041613,1762155352.078246,0.809,0.8,12,5,0,131,149.35999999997654,286.75,0.8256086854384156,0.026681812582166897,-0.017007896070021844,161.93,ripe
1762155358.3142354,1762155352.078246,0.811,0.8,13,5,0,131,149.35999999997654,286.75,0.8252684631664223,0.026671808743709686,-0.015468068482225372,161.93,ripe
1762155358.3243096,1762155352.078246,0.8140000000000001,0.8,12,6,0,131,149.35999999997654,286.75,0.8249590444429408,0.026663363079495496,-0.013058847100842264,161.93,ripe
1762155358.3344138,1762155352.078246,0.812,0.8,11,6,0,131,149.35999999997654,286.75,0.8246978200487959,0.026655118662342436,-0.012747721377746601,161.93,ripe
1762155358.3445222,1762155352.078246,0.811,0.8,10,5,0,131,149.35999999997654,286.75,0.8244428202262517,0.026646731960995096,-0.012967770890726982,161.93,ripe
1762155358.354626,1762155352.078246,0.81,0.8,11,5,0,131,149.35999999997654,286.7,0.8241834195535785,0.02663803607083988,-0.013445894885816156,161.93,ripe
1762155358.3646948,1762155352.078246,0.8130000000000001,0.8,11,6,0,131,149.35999999997654,286.6,0.8239144556710777,0.02663024576244036,-0.012045693337196517,161.93,ripe
1762155358.374778,1762155352.078246,0.8140000000000001,0.8,11,6,0,131,149.35999999997654,286.54999999999995,0.8236735014322806,0.026623300477011853,-0.010739120265339963,161.93,ripe
1762155358.384863,1762155352.078246,0.812,0.8,10,5,0,131,149.35999999997654,286.5,0.8234586837539768,0.026616191998409217,-0.010991493170506406,161.93,ripe
1762155358.3949795,1762155352.078246,0.812,0.8,11,5,0,131,149.35999999997654,286.45,0.8232388185107973,0.026609074663143963,-0.011005223219062055,161.93,ripe
1762155358.4050918,1762155352.078246,0.81,0.8,11,5,0,131,149.35999999997654,286.54999999999995,0.823018679331043,0.026601377462156447,-0.011901881685175364,161.93,ripe
1762155358.415197,1762155352.078246,0.809,0.8,12,4,0,131,149.35999999997654,286.54999999999995,0.8227806049044991,0.026593149765302762,-0.012722206081565268,161.93,ripe
1762155358.4252648,1762155352.078246,0.811,0.8,12,6,0,131,149.35999999997654,286.5,0.8225261222408146,0.026585391146667674,-0.011996922829347612,161.93,ripe
1762155358.435339,1762155352.078246,0.812,0.8,11,5,0,131,149.35999999997654,286.35,0.8222861481664313,0.026578263340761583,-0.011021548460697805,161.93,ripe
1762155358.4454067,1762155352.078246,0.811,0.8,12,4,0,131,149.35999999997654,286.35,0.822065685129756,0.026571192571923023,-0.010933385276889251,161.93,ripe
1762155358.455539,1762155352.078246,0.811,0.8,11,4,0,131,149.35999999997654,286.35,0.8218469862495793,0.02656422047844563,-0.01078083632314597,161.93,ripe
1762155358.4656098,1762155352.078246,0.8130000000000001,0.8,12,4,0,131,149.35999999997654,286.4,0.8216313393983236,0.02655801318544321,-0.009598264435106807,161.93,ripe
1762155358.47571,1762155352.078246,0.811,0.8,10,5,0,131,149.35999999997654,286.5,0.8214393478257587,0.02655159602294866,-0.009922810344150212,161.93,ripe
1762155358.4858255,1762155352.078246,0.807,0.8,10,3,0,131,149.35999999997654,286.5,0.8212408649898022,0.026543846800882037,-0.01198259624899789,161.93,ripe
1762155358.4959416,1762155352.078246,0.804,0.8,10,4,0,131,149.35999999997654,286.5,0.8210011815512815,0.026534552329972677,-0.014372047180879366,161.93,ripe
1762155358.5061278,1762155352.078246,0.804,0.8,11,5,0,131,149.35999999997654,286.45,0.8207137035660551,0.02652459366128514,-0.015399136380853995,161.93,ripe
1762155358.5162983,1762155352.078246,0.804,0.8,12,4,0,131,149.35999999997654,286.3,0.8204056819435496,0.02651440914953512,-0.01574839835094899,161.93,ripe
1762155358.52645,1762155352.078246,0.805,0.8,12,4,0,131,149.35999999997654,286.25,0.8200906749951214,0.026504539195255705,-0.015262033198821134,161.93,ripe
1762155358.5365148,1762155352.078246,0.807,0.8,11,6,0,131,149.35999999997654,286.20000000000005,0.8197853973092591,0.026495568794254784,-0.013871076411108962,161.93,ripe
1762155358.5466146,1762155352.078246,0.808,0.8,12,5,0,131,149.35999999997654,286.15,0.8195079428063007,0.026487452244418154,-0.01255078235722562,161.93,ripe
1762155358.5566812,1762155352.078246,0.805,0.8,12,3,0,131,149.35999999997654,286.25,0.8192568979198537,0.026478865219866653,-0.013278317695316066,161.93,ripe
1762155358.5667489,1762155352.078246,0.802,0.8,10,4,0,131,149.35999999997654,286.29999999999995,0.8189913012504758,0.026469163513158783,-0.015002011138206983,161.93,ripe
1762155358.5768223,1762155352.078246,0.802,0.8,12,4,0,131,149.35999999997654,286.35,0.8186912274620013,0.026459012654271002,-0.0156965824058668,161.93,ripe
1762155358.5869026,1762155352.078246,0.801,0.8,12,3,0,131,149.35999999997654,286.35,0.8183772613966023,0.02644841989725092,-0.01637993886853506,161.93,ripe
1762155358.5969946,1762155352.078246,0.8,0.8,12,4,0,131,149.35999999997654,286.29999999999995,0.8180496274219712,0.026437393216699218,-0.017050966157937553,161.93,ripe
1762155358.60706,1762155352.078246,0.801,0.8,12,4,0,131,149.35999999997654,286.35,0.817708572192507,0.026426587548606835,-0.01670924156049014,161.93,ripe
1762155358.617125,1762155352.078246,0.801,0.8,12,4,0,131,149.35999999997654,286.4,0.8173743528784095,0.02641599825446528,-0.016374687562401014,161.93,ripe
1762155358.6271894,1762155352.078246,0.805,0.8,13,5,0,131,149.35999999997654,286.45,0.8170468260106112,0.026406914267792674,-0.01404699335260684,161.93,ripe
1762155358.6372588,1762155352.078246,0.803,0.8,10,5,0,131,149.35999999997654,286.5,0.8167658583028276,0.026398012050610473,-0.013765941973825302,161.93,ripe
1762155358.6473336,1762155352.078246,0.802,0.8,11,4,0,131,149.35999999997654,286.55,0.8164905127253821,0.02638896459759006,-0.013990554560880941,161.93,ripe
1762155358.6574056,1762155352.078246,0.8,0.8,12,3,0,131,149.35999999997654,286.6,0.8162106750034608,0.026379289789113827,-0.014960695921210188,161.93,ripe
1762155358.667484,1762155352.078246,0.797,0.8,10,4,0,131,149.35999999997654,286.65,0.8159114331772909,0.026368434323226362,-0.01678644363616555,161.93,ripe
1762155358.6775568,1762155352.078246,0.795,0.8,11,4,0,131,149.35999999997654,286.6,0.8155756736173916,0.026356462233222872,-0.018513178846828904,161.93,ripe
1762155358.6876378,1762155352.078246,0.796,0.8,12,5,0,131,149.35999999997654,286.55,0.8152053768735836,0.026344386081401928,-0.01867412948830227,161.93,ripe
1762155358.697754,1762155352.078246,0.794,0.8,12,4,0,131,149.35999999997654,286.55,0.8148318614977618,0.026331733044825088,-0.019566237805121012,161.93,ripe
1762155358.707866,1762155352.078246,0.793,0.8,12,5,0,131,149.35999999997654,286.55,0.8144405030764401,0.026318600549944015,-0.020307691230119662,161.93,ripe
1762155358.7179856,1762155352.078246,0.794,0.8,12,5,0,131,149.35999999997654,286.5,0.8140343150097685,0.026305687805765712,-0.019967909086608282,161.93,ripe
1762155358.7281168,1762155352.078246,0.796,0.8,13,5,0,131,149.35999999997654,286.45000000000005,0.8136349238323337,0.026293658560994762,-0.018601720870753624,161.93,ripe
1762155358.7381992,1762155352.078246,0.797,0.8,12,4,0,131,149.35999999997654,286.45000000000005,0.8132628592915682,0.02628250587667733,-0.017246257810778043,161.93,ripe
1762155358.748297,1762155352.078246,0.798,0.8,11,4,0,131,149.35999999997654,286.45000000000005,0.8129179067656299,0.02627221758492307,-0.015909606025234835,161.93,ripe
1762155358.758403,1762155352.078246,0.798,0.8,12,4,0,131,149.35999999997654,286.35,0.8125996899016708,0.026262455742103095,-0.015095539531473134,161.93,ripe
1762155358.768509,1762155352.078246,0.8,0.8,12,5,0,131,149.35999999997654,286.25,0.812297756103249,0.02625369616075801,-0.013545680918150116,161.93,ripe
1762155358.7786157,1762155352.078246,0.801,0.8,12,4,0,131,149.35999999997654,286.15,0.8120268222522454,0.026245838628287128,-0.01215078465969599,161.93,ripe
1762155358.7887177,1762155352.078246,0.801,0.8,12,5,0,131,149.35999999997654,286.04999999999995,0.811783788772921,0.026238501684377774,-0.01134576997664627,161.93,ripe
1762155358.7988343,1762155352.078246,0.801,0.8,12,4,0,131,149.35999999997654,286.0,0.8115568570978048,0.026231493207494565,-0.010837847699667447,161.93,ripe
1762155358.8089464,1762155352.078246,0.802,0.8,12,6,0,131,149.35999999997654,285.9,0.8113400849078071,0.026225039106156586,-0.009980580208738377,161.93,ripe
1762155358.8190315,1762155352.078246,0.8,0.8,11,5,0,131,149.35999999997654,285.85,0.8111404595534234,0.026218274532360825,-0.01046070720388903,161.93,ripe
1762155358.8291395,1762155352.078246,0.797,0.8,10,5,0,131,149.35999999997654,285.7,0.8109312312859205,0.026210455486103797,-0.012091355111153224,161.93,ripe
1762155358.8392012,1762155352.078246,0.796,0.8,11,5,0,131,149.35999999997654,285.55,0.8106893881851907,0.026201874619370066,-0.013269450097807,161.93,ripe
1762155358.8492644,1762155352.078246,0.798,0.8,11,6,0,131,149.35999999997654,285.5,0.8104239819771163,0.02619365294414122,-0.012714012933424446,161.93,ripe
1762155358.859361,1762155352.078246,0.8,0.8,12,6,0,131,149.35999999997654,285.54999999999995,0.8101696855622882,0.026186336160719498,-0.011314701040442188,161.93,ripe
1762155358.8694327,1762155352.078246,0.799,0.8,10,6,0,131,149.35999999997654,285.75,0.8099433774510543,0.026179212618924363,-0.011015885190131192,161.93,ripe
1762155358.8795333,1762155352.078246,0.797,0.8,10,5,0,131,149.35999999997654,285.9,0.8097230463033307,0.0261716083490372,-0.01175930017286908,161.93,ripe
1762155358.889597,1762155352.078246,0.798,0.8,10,6,0,131,149.35999999997654,286.0,0.8094878462357208,0.026164167904506225,-0.011505973170489958,161.93,ripe
1762155358.899657,1762155352.078246,0.8,0.8,12,6,0,131,149.35999999997654,285.9,0.8092577132863777,0.026157528805641494,-0.010266776753762308,161.93,ripe
1762155358.9097214,1762155352.078246,0.801,0.8,12,5,0,131,149.35999999997654,285.79999999999995,0.8090523659584916,0.026151672092131383,-0.009056897692183874,161.93,ripe
1762155358.9198186,1762155352.078246,0.803,0.8,12,6,0,131,149.35999999997654,285.8,0.8088712178096239,0.026146903976787563,-0.00737348367646995,161.93,ripe
1762155358.9299183,1762155352.078246,0.802,0.8,13,4,0,131,149.35999999997654,285.79999999999995,0.8087237400020395,0.02614239363087285,-0.006974872935462506,161.93,ripe
1762155358.940021,1762155352.078246,0.804,0.8,13,5,0,131,149.35999999997654,285.85,0.8085842350028974,0.026138701355453754,-0.005709801469608977,161.93,ripe
1762155358.9500935,1762155352.078246,0.804,0.8,12,4,0,131,149.35999999997654,285.8,0.8084700329241847,0.026135446859864242,-0.005032816157540476,161.93,ripe
1762155358.9601612,1762155352.078246,0.806,0.8,13,4,0,131,149.35999999997654,285.8,0.8083693713756012,0.026133086078276222,-0.0036507629922789553,161.93,ripe
1762155358.9702344,1762155352.078246,0.806,0.8,12,4,0,131,149.35999999997654,285.75,0.8082963524010838,0.02613118682535416,-0.0029370482094226436,161.93,ripe
1762155358.980313,1762155352.078246,0.807,0.8,11,5,0,131,149.35999999997654,285.75,0.8082376085082044,0.026129856041671524,-0.002057956412373718,161.93,ripe
1762155358.9904287,1762155352.078246,0.81,0.8,11,5,0,131,149.35999999997654,285.7,0.8081964473689004,0.026129787094742094,-0.00010662132098504529,161.93,ripe
1762155359.0005023,1762155352.078246,0.811,0.8,11,4,0,131,149.35999999997654,285.65,0.8081943148403732,0.02613066046141597,0.0013505981835845171,161.93,ripe
1762155359.010582,1762155352.078246,0.81,0.8,11,4,0,131,149.35999999997654,285.65,0.8082213280715962,0.02613166350038922,0.001551128440382632,161.93,ripe
1762155359.020684,1762155352.078246,0.808,0.8,9,5,0,131,149.35999999997654,285.6,0.8082523520670387,0.02613207339677201,0.0006338761889507216,161.93,ripe
1762155359.0307941,1762155352.078246,0.807,0.8,11,4,0,131,149.35999999997654,285.5,0.8082650301621584,0.026131865229780834,-0.0003219160341637606,161.93,ripe
1762155359.0408664,1762155352.078246,0.805,0.8,11,4,0,131,149.35999999997654,285.4,0.8082585915571213,0.02613070964501497,-0.0017870344931240068,161.93,ripe
1762155359.0509336,1762155352.078246,0.806,0.8,12,6,0,131,149.35999999997654,285.29999999999995,0.8082228493203132,0.02612942470801304,-0.0019870707883145045,161.93,ripe
1762155359.061015,1762155352.078246,0.809,0.8,12,6,0,131,149.35999999997654,285.35,0.8081831062188435,0.026129059211441413,-0.000565216952844172,161.93,ripe
1762155359.0711036,1762155352.078246,0.8140000000000001,0.8,13,6,0,131,149.35999999997654,285.4,0.8081718014098831,0.02613076451415882,0.0026371432231165892,161.93,ripe
1762155359.0811799,1762155352.078246,0.8150000000000001,0.8,12,5,0,131,149.35999999997654,285.45000000000005,0.8082245464229325,0.026133790775217162,0.0046799258935673604,161.93,ripe
1762155359.0913074,1762155352.078246,0.8170000000000001,0.8,13,4,0,131,149.35999999997654,285.54999999999995,0.808318148677467,0.026138080686003647,0.00663408748078298,161.93,ripe
1762155359.1013882,1762155352.078246,0.8180000000000001,0.8,12,5,0,131,149.35999999997654,285.55,0.8084508356180929,0.026143270204374496,0.008025282461032068,161.93,ripe
1762155359.1114724,1762155352.078246,0.8180000000000001,0.8,12,4,0,131,149.35999999997654,285.45000000000005,0.8086113474213034,0.026148848630344022,0.00862671161825912,161.93,ripe
1762155359.121548,1762155352.078246,0.8170000000000001,0.8,11,4,0,131,149.35999999997654,285.35,0.8087838881365408,0.026154238509624513,0.00833514138324043,161.93,ripe
1762155359.1316342,1762155352.078246,0.8160000000000001,0.8,11,6,0,131,149.35999999997654,285.29999999999995,0.8089505971026864,0.026159158776184962,0.007608917657204284,161.93,ripe
1762155359.141748,1762155352.078246,0.8170000000000001,0.8,11,5,0,131,149.35999999997654,285.25,0.8091027809474011,0.026164123049011462,0.00767697643254428,161.93,ripe
1762155359.1518598,1762155352.078246,0.8170000000000001,0.8,11,4,0,131,149.35999999997654,285.3,0.8092563259059247,0.02616905923869312,0.007633552784048092,161.93,ripe
1762155359.1619523,1762155352.078246,0.8190000000000001,0.8,12,5,0,131,149.35999999997654,285.35,0.8094090022527783,0.026174578945778938,0.008535937092208123,161.93,ripe
1762155359.1720934,1762155352.078246,0.8210000000000001,0.8,12,4,0,131,149.35999999997654,285.4,0.8095797267929428,0.026180976017979484,0.009892742879550553,161.93,ripe
1762155359.1821618,1762155352.078246,0.823,0.8,13,4,0,131,149.35999999997654,285.45000000000005,0.8097775882361056,0.026188385665810967,0.011458646600141065,161.93,ripe
1762155359.1922235,1762155352.078246,0.823,0.8,12,5,0,131,149.35999999997654,285.5,0.8100067686435334,0.02619621737349602,0.01211134877458997,161.93,ripe
1762155359.2022858,1762155352.078246,0.824,0.8,12,5,0,131,149.35999999997654,285.55,0.810249003362232,0.026204500888951807,0.012810055346829552,161.93,ripe
1762155359.2123485,1762155352.078246,0.821,0.8,10,4,0,131,149.35999999997654,285.55,0.8105052124952795,0.026211952987668402,0.01152431685925126,161.93,ripe
1762155359.2224479,1762155352.078246,0.8190000000000001,0.8,10,5,0,131,149.35999999997654,285.5,0.8107357059085839,0.026218276526620298,0.00977905876868157,161.93,ripe
1762155359.2325091,1762155352.078246,0.8170000000000001,0.8,11,5,0,131,149.35999999997654,285.4,0.810931292968366,0.026223337192719718,0.007826089370266742,161.93,ripe
1762155359.242572,1762155352.078246,0.8170000000000001,0.8,11,5,0,131,149.35999999997654,285.35,0.8110878193708211,0.026227728442653673,0.006790871798495246,161.93,ripe
1762155359.2526345,1762155352.078246,0.8190000000000001,0.8,12,5,0,131,149.35999999997654,285.35,0.8112236407312783,0.026232394403974922,0.007215704853379856,161.93,ripe
1762155359.2627416,1762155352.078246,0.8190000000000001,0.8,12,4,0,131,149.35999999997654,285.3,0.8113679589149445,0.02623714831144016,0.007351713877384647,161.93,ripe
1762155359.272873,1762155352.078246,0.8180000000000001,0.8,12,4,0,131,149.35999999997654,285.2,0.8115149972728444,0.02624157445128853,0.006844839123320234,161.93,ripe
1762155359.2829757,1762155352.078246,0.8180000000000001,0.8,11,5,0,131,149.35999999997654,285.1,0.8116518977783544,0.026245795721514784,0.006528020419727887,161.93,ripe
1762155359.2930574,1762155352.078246,0.8180000000000001,0.8,11,6,0,131,149.35999999997654,285.05,0.8117824616664524,0.026249874390883117,0.006307497432588738,161.93,ripe
1762155359.3031354,1762155352.078246,0.8190000000000001,0.8,12,5,0,131,149.35999999997654,285.05,0.811908614910015,0.02625416571613881,0.006636364639505565,161.93,ripe
1762155359.3131974,1762155352.078246,0.8170000000000001,0.8,11,5,0,131,149.35999999997654,285.04999999999995,0.8120413456001736,0.026257871689587507,0.005731144174586644,161.93,ripe
1762155359.3232636,1762155352.078246,0.8170000000000001,0.8,11,5,0,131,149.35999999997654,285.15,0.8121559713589418,0.02626125377953515,0.005230273528438301,161.93,ripe
1762155359.3333297,1762155352.078246,0.8180000000000001,0.8,11,5,0,131,149.35999999997654,285.15,0.8122605794010224,0.026264766662768013,0.005432543042667715,161.93,ripe
1762155359.3434277,1762155352.078246,0.8180000000000001,0.8,11,5,0,131,149.35999999997654,285.15,0.8123692328794148,0.02626830850412536,0.00547732834243031,161.93,ripe
1762155359.353494,1762155352.078246,0.8180000000000001,0.8,12,5,0,131,149.35999999997654,285.1,0.8124787820325976,0.02627182911489099,0.005444498578324963,161.93,ripe
1762155359.3635547,1762155352.078246,0.8160000000000001,0.8,11,5,0,131,149.35999999997654,285.05,0.8125876745235785,0.026274657478912552,0.0043739657818828714,161.93,ripe
1762155359.373665,1762155352.078246,0.8160000000000001,0.8,12,4,0,131,149.35999999997654,285.0,0.8126751558227654,0.02627711835760354,0.0038056643299653192,161.93,ripe
1762155359.383765,1762155352.078246,0.8170000000000001,0.8,11,5,0,131,149.35999999997654,284.9,0.8127512708006777,0.026279697876611257,0.00398913927568767,161.93,ripe
1762155359.393839,1762155352.078246,0.8160000000000001,0.8,10,5,0,131,149.35999999997654,284.85,0.8128310553235863,0.02628198641540445,0.0035391497145963458,161.93,ripe
1762155359.4039876,1762155352.078246,0.8160000000000001,0.8,12,6,0,131,149.35999999997654,284.8,0.8129018398284599,0.026284109487733857,0.0032832626906315054,161.93,ripe
1762155359.414094,1762155352.078246,0.8170000000000001,0.8,12,6,0,131,149.35999999997654,284.6,0.8129675064556083,0.02628645356733457,0.0036250448039374383,161.93,ripe
1762155359.424209,1762155352.078246,0.8170000000000001,0.8,12,6,0,131,149.35999999997654,284.5,0.8130400088376584,0.026288882498624835,0.003756266792114493,161.93,ripe
1762155359.4343216,1762155352.078246,0.8140000000000001,0.8,11,3,0,131,149.35999999997654,284.45,0.8131151356824663,0.026290358765725774,0.0022830021324201644,161.93,ripe
1762155359.4444342,1762155352.078246,0.812,0.8,12,4,0,131,149.35999999997654,284.6,0.8131607966238984,0.026290706830819285,0.0005382722835448606,161.93,ripe
1762155359.4545076,1762155352.078246,0.812,0.8,12,4,0,131,149.35999999997654,284.75,0.8131715622772406,0.026290498596799647,-0.00032202782351897774,161.93,ripe
1762155359.464571,1762155352.078246,0.812,0.8,12,5,0,131,149.35999999997654,284.9,0.8131651215990132,0.026290019858947446,-0.0007403543721523631,161.93,ripe
1762155359.474639,1762155352.078246,0.812,0.8,11,5,0,131,149.35999999997654,285.04999999999995,0.8131503142372447,0.02628941336191998,-0.0009379306238141982,161.93,ripe
1762155359.4847012,1762155352.078246,0.8130000000000001,0.8,12,5,0,131,149.35999999997654,285.1,0.8131315552841852,0.026289073644606534,-0.0005253634774698979,161.93,ripe
1762155359.4947672,1762155352.078246,0.8140000000000001,0.8,12,5,0,131,149.35999999997654,285.2,0.8131210478276802,0.026289191362841302,0.0001820480756774545,161.93,ripe
1762155359.5049422,1762155352.078246,0.8150000000000001,0.8,11,5,0,131,149.35999999997654,285.25,0.8131246888526816,0.026289855363259233,0.001026859098997246,161.93,ripe
1762155359.5151703,1762155352.078246,0.8170000000000001,0.8,12,5,0,131,149.35999999997654,285.35,0.8131452263856083,0.02629142703367216,0.0024305475902312024,161.93,ripe
1762155359.5252757,1762155352.078246,0.8200000000000001,0.8,12,5,0,131,149.35999999997654,285.45,0.8131938381514802,0.026294397692729603,0.004594048836439657,161.93,ripe
1762155359.53539,1762155352.078246,0.8210000000000001,0.8,11,5,0,131,149.35999999997654,285.5,0.8132857206361268,0.026298347463889555,0.006108222857833079,161.93,ripe
1762155359.5455117,1762155352.078246,0.8220000000000001,0.8,11,5,0,131,149.35999999997654,285.5,0.8134078870581041,0.026303060816348322,0.007289084688875902,161.93,ripe
1762155359.5555742,1762155352.078246,0.8200000000000001,0.8,12,4,0,131,149.35999999997654,285.55,0.8135536710496538,0.026307454556910817,0.006794814823836148,161.93,ripe
1762155359.5656374,1762155352.078246,0.8190000000000001,0.8,12,5,0,131,149.35999999997654,285.5,0.8136895694452517,0.02631132443346099,0.005984673491493231,161.93,ripe
1762155359.5757742,1762155352.078246,0.8170000000000001,0.8,11,6,0,131,149.35999999997654,285.5,0.8138092647269486,0.026314252285973946,0.0045278567414239745,161.93,ripe
1762155359.5858488,1762155352.078246,0.8170000000000001,0.8,12,5,0,131,149.35999999997654,285.4,0.8138998232051743,0.026316689267751707,0.0037687375290119673,161.93,ripe
1762155359.595928,1762155352.078246,0.8180000000000001,0.8,12,6,0,131,149.35999999997654,285.4,0.8139751990515605,0.0263191846678792,0.0038590813155326975,161.93,ripe
1762155359.6060667,1762155352.078246,0.8170000000000001,0.8,12,4,0,131,149.35999999997654,285.4,0.8140523817775038,0.026321360423059346,0.003364758406042778,161.93,ripe
1762155359.616134,1762155352.078246,0.8180000000000001,0.8,11,6,0,131,149.35999999997654,285.4,0.8141196778852258,0.026323681109327594,0.003588892206547567,161.93,ripe
1762155359.626196,1762155352.078246,0.8200000000000001,0.8,12,5,0,131,149.35999999997654,285.4,0.8141914567115026,0.026326696234358588,0.004662828334384028,161.93,ripe
1762155359.6362553,1762155352.078246,0.8190000000000001,0.8,11,5,0,131,149.35999999997654,285.4,0.8142847145287113,0.026329698167111032,0.00464242799423209,161.93,ripe
1762155359.6463292,1762155352.078246,0.8180000000000001,0.8,10,5,0,131,149.35999999997654,285.4,0.8143775643087444,0.026332340300686298,0.004086006952727317,161.93,ripe
1762155359.656442,1762155352.078246,0.8180000000000001,0.8,10,5,0,131,149.35999999997654,285.35,0.8144592855002274,0.02633477971080124,0.0037725001305085604,161.93,ripe
1762155359.6665113,1762155352.078246,0.8180000000000001,0.8,12,5,0,131,149.35999999997654,285.29999999999995,0.8145347364550826,0.026337095391792933,0.0035811563602854424,161.93,ripe
1762155359.6766257,1762155352.078246,0.8200000000000001,0.8,12,6,0,131,149.35999999997654,285.25,0.8146063604681556,0.026339973917429895,0.004451585939528435,161.93,ripe
1762155359.6867077,1762155352.078246,0.8200000000000001,0.8,11,6,0,131,149.35999999997654,285.2,0.8146953932661068,0.026343099450798258,0.004833579937735144,161.93,ripe
1762155359.6967757,1762155352.078246,0.8180000000000001,0.8,10,5,0,131,149.35999999997654,285.1,0.8147920660131903,0.026345668132875207,0.003972420588730707,161.93,ripe
1762155359.706883,1762155352.078246,0.8170000000000001,0.8,11,5,0,131,149.35999999997654,285.0,0.8148715153498303,0.02634761495621713,0.003010727951130221,161.93,ripe
1762155359.7169654,1762155352.078246,0.8190000000000001,0.8,11,5,0,131,149.35999999997654,284.95,0.814931730595796,0.026349884228955567,0.0035093910546842855,161.93,ripe
1762155359.7270815,1762155352.078246,0.8210000000000001,0.8,12,5,0,131,149.35999999997654,284.95,0.8150019192015958,0.026352935437053446,0.004718641623644437,161.93,ripe
1762155359.7371902,1762155352.078246,0.8210000000000001,0.8,11,5,0,131,149.35999999997654,285.0,0.8150962930680633,0.02635633928048432,0.0052639873445569085,161.93,ripe
1762155359.7473028,1762155352.078246,0.8210000000000001,0.8,11,5,0,131,149.35999999997654,285.0,0.8152015739453802,0.026359881875964247,0.005478566260930018,161.93,ripe
1762155359.7574196,1762155352.078246,0.8220000000000001,0.8,13,5,0,131,149.35999999997654,285.0,0.8153111464235744,0.026363780347254735,0.006028923679580744,161.93,ripe
1762155359.7675526,1762155352.078246,0.8220000000000001,0.8,11,5,0,131,149.35999999997654,285.1,0.8154317261405891,0.026367814212081595,0.0062383089109884216,161.93,ripe
1762155359.7776723,1762155352.078246,0.8220000000000001,0.8,11,5,0,131,149.35999999997654,285.2,0.815556493579684,0.026371874080253113,0.0062785239461048414,161.93,ripe
1762155359.787791,1762155352.078246,0.8220000000000001,0.8,11,5,0,131,149.35999999997654,285.35,0.815682065302229,0.026375906090586154,0.006235443460665513,161.93,ripe
1762155359.7978969,1762155352.078246,0.8200000000000001,0.8,10,5,0,131,149.35999999997654,285.5,0.8158067753818299,0.026379237502162704,0.00515197899961739,161.93,ripe
1762155359.8080132,1762155352.078246,0.8190000000000001,0.8,11,5,0,131,149.35999999997654,285.54999999999995,0.8159098159418926,0.026381868992096533,0.004069561248831066,161.93,ripe
1762155359.8181355,1762155352.078246,0.8190000000000001,0.8,12,4,0,131,149.35999999997654,285.55,0.8159912079255459,0.026384131205241173,0.003498480669815951,161.93,ripe
1762155359.8282409,1762155352.078246,0.8190000000000001,0.8,11,5,0,131,149.35999999997654,285.5,0.8160611781781096,0.026386189850323923,0.0031836661195713267,161.93,ripe
1762155359.8383536,1762155352.078246,0.8200000000000001,0.8,12,5,0,131,149.35999999997654,285.54999999999995,0.8161248520705191,0.02638845147383711,0.0034975700783214103,161.93,ripe
1762155359.8484197,1762155352.078246,0.8210000000000001,0.8,11,6,0,131,149.35999999997654,285.65,0.8161948040857819,0.026391113253585147,0.004116406988638355,161.93,ripe
1762155359.8585258,1762155352.078246,0.8210000000000001,0.8,12,5,0,131,149.35999999997654,285.7,0.8162771329333888,0.026393944491539097,0.004378472603821404,161.93,ripe
1762155359.8686047,1762155352.078246,0.8220000000000001,0.8,12,5,0,131,149.35999999997654,285.65,0.8163647031233044,0.026397153764495338,0.004963099645300617,161.93,ripe
1762155359.8787093,1762155352.078246,0.8230000000000001,0.8,12,5,0,131,149.35999999997654,285.54999999999995,0.816463965935841,0.02640083949457804,0.0056999354484614795,161.93,ripe
1762155359.8888397,1762155352.078246,0.8240000000000001,0.8,12,5,0,131,149.35999999997654,285.4,0.816577965567299,0.026405045143917266,0.006503985124852285,161.93,ripe
1762155359.8989692,1762155352.078246,0.826,0.8,11,6,0,131,149.35999999997654,285.3,0.8167080463013612,0.02641011012285001,0.007832929044714443,161.93,ripe
1762155359.909082,1762155352.078246,0.8240000000000001,0.8,12,4,0,131,149.35999999997654,285.29999999999995,0.8168647060997509,0.02641489889619453,0.007405781573286863,161.93,ripe
1762155359.9191492,1762155352.078246,0.8220000000000001,0.8,11,5,0,131,149.35999999997654,285.35,0.817012822859297,0.026418857814186313,0.006122420977221932,161.93,ripe
1762155359.9292102,1762155352.078246,0.8210000000000001,0.8,12,5,0,131,149.35999999997654,285.35,0.8171352721927828,0.026422047200415664,0.004932349725476626,161.93,ripe
1762155359.9392729,1762155352.078246,0.8230000000000001,0.8,12,4,0,131,149.35999999997654,285.45000000000005,0.8172339199088566,0.02642547424796922,0.0052998910502731755,161.93,ripe
1762155359.9493332,1762155352.078246,0.8230000000000001,0.8,12,4,0,131,149.35999999997654,285.55,0.8173399184896881,0.026428983478563584,0.00542698698987687,161.93,ripe
1762155359.9594438,1762155352.078246,0.8220000000000001,0.8,11,4,0,131,149.35999999997654,285.55,0.8174484589919718,0.026432174573114198,0.004934993747810701,161.93,ripe
1762155359.9695158,1762155352.078246,0.8220000000000001,0.8,12,5,0,131,149.35999999997654,285.5,0.8175471595464223,0.026435177869693082,0.004644566823468921,161.93,ripe
1762155359.9796076,1762155352.078246,0.823,0.8,13,4,0,131,149.35999999997654,285.4,0.8176400515096072,0.026438382424780242,0.0049558116753384285,161.93,ripe
1762155359.9896686,1762155352.078246,0.823,0.8,12,5,0,131,149.35999999997654,285.35,0.8177391683984531,0.02644165355053046,0.005058763194019655,161.93,ripe
1762155359.9997802,1762155352.078246,0.823,0.8,12,5,0,131,149.35999999997654,285.35,0.8178403443179073,0.026444924584219785,0.005058621478329028,161.93,ripe
1762155360.0098512,1762155352.078246,0.824,0.8,12,5,0,131,149.35999999997654,285.29999999999995,0.8179415173899182,0.026448486174768915,0.005507965508199986,161.93,ripe
1762155360.0199249,1762155352.078246,0.823,0.8,12,4,0,131,149.35999999997654,285.25,0.8180516773856027,0.026451831209111983,0.005173064063456301,161.93,ripe
1762155360.030057,1762155352.078246,0.8220000000000001,0.8,11,5,0,131,149.35999999997654,285.3,0.8181551392978338,0.02645471336757665,0.00445723142669574,161.93,ripe
1762155360.040141,1762155352.078246,0.823,0.8,11,6,0,131,149.35999999997654,285.45000000000005,0.818244284459146,0.026457663207616937,0.00456190090311881,161.93,ripe
1762155360.0502148,1762155352.078246,0.824,0.8,13,4,0,131,149.35999999997654,285.6,0.8183355230115921,0.026460940025435767,0.005067569669540362,161.93,ripe
1762155360.0602882,1762155352.078246,0.824,0.8,12,4,0,131,149.35999999997654,285.65,0.8184368749867285,0.02646434429376301,0.00526467135383768,161.93,ripe
1762155360.0703583,1762155352.078246,0.824,0.8,12,5,0,131,149.35999999997654,285.65,0.8185421690060901,0.026467776969759348,0.005308604164192987,161.93,ripe
1762155360.0804377,1762155352.078246,0.824,0.8,12,5,0,131,149.35999999997654,285.6,0.8186483416746568,0.026471189238378066,0.005277044910484641,161.93,ripe
1762155360.090515,1762155352.078246,0.825,0.8,12,6,0,131,149.35999999997654,285.55,0.8187538831430338,0.02647488069675092,0.005708810149536947,161.93,ripe
1762155360.1005948,1762155352.078246,0.823,0.8,12,4,0,131,149.35999999997654,285.5,0.8188680599505062,0.026478025418334147,0.004863286695779179,161.93,ripe
1762155360.110676,1762155352.078246,0.8220000000000001,0.8,11,4,0,131,149.35999999997654,285.45,0.8189653261890754,0.026480547479094507,0.0039003471340673945,161.93,ripe
1762155360.1207516,1762155352.078246,0.8210000000000001,0.8,11,5,0,131,149.35999999997654,285.4,0.8190433335283933,0.026482415902975138,0.0028895031331781507,161.93,ripe
1762155360.1308444,1762155352.078246,0.8210000000000001,0.8,12,5,0,131,149.35999999997654,285.4,0.8191011238790212,0.026483945360461177,0.002365294451764588,161.93,ripe
1762155360.1409628,1762155352.078246,0.8210000000000001,0.8,12,4,0,131,149.35999999997654,285.35,0.8191484299990643,0.02648529342974231,0.002084779166328543,161.93,ripe
1762155360.1510372,1762155352.078246,0.8240000000000001,0.8,13,5,0,131,149.35999999997654,285.35,0.8191901257819298,0.026487509074663497,0.0034264788007666303,161.93,ripe
1762155360.1611342,1762155352.078246,0.826,0.8,11,6,0,131,149.35999999997654,285.45,0.8192586556793422,0.026490774299248496,0.00504964661200602,161.93,ripe
1762155360.1712286,1762155352.078246,0.826,0.8,12,5,0,131,149.35999999997654,285.55,0.8193596490757562,0.026494521165184092,0.0057945020699179395,161.93,ripe
1762155360.1813095,1762155352.078246,0.8240000000000001,0.8,11,5,0,131,149.35999999997654,285.6,0.8194755396391441,0.026497819942068904,0.005101535933693002,161.93,ripe
1762155360.191385,1762155352.078246,0.8230000000000001,0.8,11,5,0,131,149.35999999997654,285.55,0.8195775708081914,0.026500542855223828,0.004210966978227204,161.93,ripe
1762155360.2015038,1762155352.078246,0.8260000000000001,0.8,12,6,0,131,149.35999999997654,285.5,0.8196617905120732,0.026503926302080063,0.005232478381136052,161.93,ripe
1762155360.2115855,1762155352.078246,0.825,0.8,11,4,0,131,149.35999999997654,285.35,0.8197664405233366,0.026507276263571508,0.005180693923268032,161.93,ripe
1762155360.2216923,1762155352.078246,0.825,0.8,11,5,0,131,149.35999999997654,285.25,0.8198700548322669,0.02651057631735074,0.0051035123910353475,161.93,ripe
1762155360.2317877,1762155352.078246,0.825,0.8,12,5,0,131,149.35999999997654,285.1,0.8199721254956586,0.026513818915556,0.005014658115992554,161.93,ripe
1762155360.241851,1762155352.078246,0.825,0.8,12,4,0,131,149.35999999997654,285.0,0.8200724190581473,0.026517000934301312,0.004920972747678221,161.93,ripe
1762155360.251923,1762155352.078246,0.825,0.8,11,5,0,131,149.35999999997654,285.0,0.8201708388979397,0.026520121448687085,0.0048258570049729554,161.93,ripe
1762155360.2620153,1762155352.078246,0.8240000000000001,0.8,11,6,0,131,149.35999999997654,284.95000000000005,0.8202673564078917,0.026522857308649846,0.004230991543564655,161.93,ripe
1762155360.27208,1762155352.078246,0.8240000000000001,0.8,12,4,0,131,149.35999999997654,285.05,0.8203519765565399,0.02652537732918771,0.0038971974191883696,161.93,ripe
1762155360.2821703,1762155352.078246,0.826,0.8,13,5,0,131,149.35999999997654,285.15,0.8204299207917761,0.026528413011779394,0.004694666196087938,161.93,ripe
1762155360.29224,1762155352.078246,0.828,0.8,12,6,0,131,149.35999999997654,285.25,0.8205238144543369,0.026532317635369833,0.0060384790395952015,161.93,ripe
1762155360.302357,1762155352.078246,0.831,0.8,13,5,0,131,149.35999999997654,285.3,0.8206445844619891,0.02653757892891558,0.008136562284976945,161.93,ripe
1762155360.3124254,1762155352.078246,0.832,0.8,12,5,0,131,149.35999999997654,285.25,0.820807316271359,0.026543775689104928,0.009583257102123932,161.93,ripe
1762155360.3225152,1762155352.078246,0.833,0.8,12,5,0,131,149.35999999997654,285.20000000000005,0.8209989820640156,0.026550692171617395,0.010696304622725972,161.93,ripe
1762155360.3325934,1762155352.078246,0.832,0.8,11,4,0,131,149.35999999997654,285.1,0.8212129088681261,0.026557568840964735,0.010634734475244656,161.93,ripe
1762155360.3426678,1762155352.078246,0.831,0.8,11,5,0,131,149.35999999997654,285.15,0.8214256042510395,0.026564033922997738,0.009998217420645883,161.93,ripe
1762155360.3527486,1762155352.078246,0.83,0.8,11,5,0,131,149.35999999997654,285.20000000000005,0.8216255692383202,0.026569909364347208,0.00908634159752253,161.93,ripe
1762155360.3628278,1762155352.078246,0.83,0.8,12,5,0,131,149.35999999997654,285.2,0.8218072966392593,0.026575437127043154,0.008548658778662066,161.93,ripe
1762155360.3728926,1762155352.078246,0.829,0.8,12,4,0,131,149.35999999997654,285.25,0.8219782703394449,0.026580415937597766,0.007699707369515751,161.93,ripe
1762155360.3830147,1762155352.078246,0.827,0.8,11,4,0,131,149.35999999997654,285.4,0.8221322649498991,0.02658442934994504,0.006206723904581213,161.93,ripe
1762155360.3930793,1762155352.078246,0.8260000000000001,0.8,12,4,0,131,149.35999999997654,285.54999999999995,0.8222563997938003,0.02658760627126556,0.004913094633439918,161.93,ripe
1762155360.4031405,1762155352.078246,0.8260000000000001,0.8,12,5,0,131,149.35999999997654,285.6,0.8223546619702439,0.026590341542662453,0.004230085243376203,161.93,ripe
1762155360.4132454,1762155352.078246,0.8260000000000001,0.8,11,5,0,131,149.35999999997654,285.55,0.8224392639145499,0.02659283305276861,0.0038531096922601593,161.93,ripe
1762155360.423351,1762155352.078246,0.827,0.8,12,5,0,131,149.35999999997654,285.55,0.8225163263221332,0.02659550351620649,0.00412986048127173,161.93,ripe
1762155360.4334452,1762155352.078246,0.825,0.8,11,4,0,131,149.35999999997654,285.54999999999995,0.822598923756267,0.026597588338860098,0.003224169645435482,161.93,ripe
1762155360.4435418,1762155352.078246,0.825,0.8,12,4,0,131,149.35999999997654,285.6,0.822663407320943,0.02659936534924086,0.0027481393799081433,161.93,ripe
1762155360.4536376,1762155352.078246,0.826,0.8,12,5,0,131,149.35999999997654,285.6,0.8227183702520199,0.02660129707296602,0.0029874030984057276,161.93,ripe
1762155360.4637249,1762155352.078246,0.828,0.8,12,5,0,131,149.35999999997654,285.5,0.8227781184668392,0.026603931911908286,0.0040747682083734915,161.93,ripe
1762155360.4738045,1762155352.078246,0.828,0.8,12,5,0,131,149.35999999997654,285.4,0.8228596140353235,0.02660688492873517,0.004566829302282915,161.93,ripe
1762155360.483876,1762155352.078246,0.827,0.8,11,5,0,131,149.35999999997654,285.25,0.822950950845779,0.02660964101091156,0.004262270823024217,161.93,ripe
1762155360.49397,1762155352.078246,0.825,0.8,10,5,0,131,149.35999999997654,285.25,0.8230361964674947,0.026611626411242654,0.003070414366906804,161.93,ripe
1762155360.5040977,1762155352.078246,0.8220000000000001,0.8,11,3,0,131,149.35999999997654,285.15,0.8230976048997355,0.026612244389081316,0.0009557005174652966,161.93,ripe
1762155360.5142124,1762155352.078246,0.8200000000000001,0.8,10,5,0,131,149.35999999997654,285.1,0.8231167189542853,0.02661153952731862,-0.001090066245684862,161.93,ripe
1762155360.5243556,1762155352.078246,0.8210000000000001,0.8,11,6,0,131,149.35999999997654,285.1,0.8230949175799651,0.026610516834309754,-0.0015815912256649245,161.93,ripe
1762155360.5344367,1762155352.078246,0.824,0.8,12,7,0,131,149.35999999997654,285.04999999999995,0.8230632856852008,0.026610318565201827,-0.00030662250805069124,161.93,ripe
1762155360.5445616,1762155352.078246,0.824,0.8,11,6,0,131,149.35999999997654,285.0,0.8230571532216927,0.02661052624645106,0.00032117836688227985,161.93,ripe
1762155360.5546622,1762155352.078246,0.823,0.8,11,5,0,131,149.35999999997654,285.0,0.8230635768027315,0.026610607455150752,0.00012558899155601377,161.93,ripe
1762155360.5647647,1762155352.078246,0.8220000000000001,0.8,11,4,0,131,149.35999999997654,284.9,0.8230660885878129,0.026610302568854896,-0.0004715056906692272,161.93,ripe
1762155360.5748851,1762155352.078246,0.823,0.8,12,6,0,131,149.35999999997654,284.8,0.8230566584546821,0.026610134856260785,-0.0002593670061102893,161.93,ripe
1762155360.5849655,1762155352.078246,0.8240000000000001,0.8,13,5,0,131,149.35999999997654,284.7,0.8230514711041462,0.026610359347242457,0.0003471746201396675,161.93,ripe
1762155360.5950582,1762155352.078246,0.823,0.8,12,5,0,131,149.35999999997654,284.75,0.8230584146102093,0.02661045046170971,0.00014090825193358025,161.93,ripe
1762155360.6051483,1762155352.078246,0.823,0.8,11,5,0,131,149.35999999997654,284.8,0.8230612327806814,0.026610475310544498,3.8428650390054386e-05,161.93,ripe
1762155360.6152496,1762155352.078246,0.8240000000000001,0.8,12,4,0,131,149.35999999997654,284.8,0.8230620013551415,0.026610790752034114,0.00048782936039426517,161.93,ripe
1762155360.625357,1762155352.078246,0.825,0.8,13,4,0,131,149.35999999997654,284.75,0.8230717579604153,0.02661156874077038,0.00120315739735255,161.93,ripe
1762155360.6354463,1762155352.078246,0.8240000000000001,0.8,12,4,0,131,149.35999999997654,284.70000000000005,0.8230958211520281,0.026612242286440758,0.0010416365268559602,161.93,ripe
1762155360.6455388,1762155352.078246,0.8240000000000001,0.8,12,4,0,131,149.35999999997654,284.7,0.8231166539196129,0.026612857919534244,0.0009520749198291822,161.93,ripe
1762155360.6556315,1762155352.078246,0.823,0.8,12,5,0,131,149.35999999997654,284.7,0.8231356954511944,0.026613115707862352,0.0003986689685266942,161.93,ripe
1762155360.6657116,1762155352.078246,0.8220000000000001,0.8,11,5,0,131,149.35999999997654,284.75,0.8231436688441828,0.026612872263139124,-0.0003764866343222151,161.93,ripe
1762155360.6758165,1762155352.078246,0.8200000000000001,0.8,10,5,0,131,149.35999999997654,284.79999999999995,0.8231361390988933,0.026611739026237324,-0.0017525479939629607,161.93,ripe
1762155360.6858943,1762155352.078246,0.8190000000000001,0.8,10,5,0,131,149.35999999997654,284.8,0.8231010880815206,0.026609857812395957,-0.002909292529055474,161.93,ripe
1762155360.695989,1762155352.078246,0.8210000000000001,0.8,12,6,0,131,149.35999999997654,284.79999999999995,0.8230429021374072,0.02660827552450976,-0.0024470043611745096,161.93,ripe
1762155360.7060616,1762155352.078246,0.8200000000000001,0.8,12,5,0,131,149.35999999997654,284.85,0.822993961973087,0.026606532222054453,-0.0026960130849706943,161.93,ripe
1762155360.7161589,1762155352.078246,0.8210000000000001,0.8,11,5,0,131,149.35999999997654,284.95,0.8229400416281444,0.026605050766735774,-0.0022910671840862262,161.93,ripe
1762155360.7262647,1762155352.078246,0.823,0.8,13,5,0,131,149.35999999997654,285.04999999999995,0.8228942202151377,0.026604359053461164,-0.0010697329931086408,161.93,ripe
1762155360.7363796,1762155352.078246,0.823,0.8,12,5,0,131,149.35999999997654,285.1,0.822872825523554,0.02660406123090586,-0.00046058191253950387,161.93,ripe
1762155360.7464817,1762155352.078246,0.8220000000000001,0.8,11,4,0,131,149.35999999997654,285.1,0.8228636138719184,0.026603636081857906,-0.0006574920664111916,161.93,ripe
1762155360.756562,1762155352.078246,0.823,0.8,11,6,0,131,149.35999999997654,285.1,0.8228504640118652,0.026603476105489098,-0.00024740310911164354,161.93,ripe
1762155360.7666922,1762155352.078246,0.823,0.8,12,5,0,131,149.35999999997654,285.05,0.822845515942778,0.026603447663490033,-4.3985491401277166e-05,161.93,ripe
1762155360.77677,1762155352.078246,0.823,0.8,11,5,0,131,149.35999999997654,285.0,0.8228446362317469,0.026603483957747497,5.6128993941473304e-05,161.93,ripe
1762155360.78685,1762155352.078246,0.8200000000000001,0.8,11,4,0,131,149.35999999997654,284.9,0.8228457588131303,0.026602581676445844,-0.0013953762002860692,161.93,ripe
1762155360.7969284,1762155352.078246,0.8160000000000001,0.8,10,4,0,131,149.35999999997654,284.8,0.8228178512524701,0.026599935271522508,-0.004092659946047905,161.93,ripe
1762155360.8070433,1762155352.078246,0.8140000000000001,0.8,11,5,0,131,149.35999999997654,284.70000000000005,0.8227359979481913,0.026595814087989063,-0.006373402294980179,161.93,ripe
1762155360.8171241,1762155352.078246,0.81,0.8,10,3,0,131,149.35999999997654,284.6,0.8226085297415019,0.026589718230524664,-0.009427231914896361,161.93,ripe
1762155360.8272007,1762155352.078246,0.808,0.8,11,4,0,131,149.35999999997654,284.5,0.822419984870128,0.026582069119443125,-0.011829335956825227,161.93,ripe
1762155360.837279,1762155352.078246,0.808,0.8,11,4,0,131,149.35999999997654,284.55,0.822183397864376,0.02657373540543805,-0.012888073407724576,161.93,ripe
1762155360.8473494,1762155352.078246,0.806,0.8,11,3,0,131,149.35999999997654,284.6,0.8219256360901991,0.02656450295120326,-0.01427797386187335,161.93,ripe
1762155360.8574562,1762155352.078246,0.804,0.8,11,3,0,131,149.35999999997654,284.65,0.821640076280717,0.026554275816899668,-0.01581624516655411,161.93,ripe
1762155360.8675783,1762155352.078246,0.803,0.8,13,3,0,131,149.35999999997654,284.54999999999995,0.821323751016707,0.026543340249905085,-0.01691183545962549,161.93,ripe
1762155360.8776562,1762155352.078246,0.803,0.8,12,4,0,131,149.35999999997654,284.4,0.8209855139295644,0.026532166906825066,-0.017279556151023612,161.93,ripe
1762155360.8877335,1762155352.078246,0.804,0.8,12,4,0,131,149.35999999997654,284.29999999999995,0.8206399224280995,0.026521312098190114,-0.016786943538829036,161.93,ripe
1762155360.8978145,1762155352.078246,0.803,0.8,12,3,0,131,149.35999999997654,284.25,0.8203041831970204,0.026510398608695997,-0.016877693752385126,161.93,ripe
1762155360.9079187,1762155352.078246,0.802,0.8,12,4,0,131,149.35999999997654,284.25,0.8199666289669674,0.02649924218966779,-0.017253384244649728,161.93,ripe
1762155360.9179933,1762155352.078246,0.804,0.8,12,6,0,131,149.35999999997654,284.25,0.8196215609264249,0.02648872492164729,-0.016264938565266118,161.93,ripe
1762155360.9280717,1762155352.078246,0.804,0.8,11,6,0,131,149.35999999997654,284.20000000000005,0.8192962618265509,0.02647862601048957,-0.01561795064597149,161.93,ripe
1762155360.9382203,1762155352.078246,0.807,0.8,12,6,0,131,149.35999999997654,284.15,0.8189839025044425,0.026469803016535287,-0.013644746914152739,161.93,ripe
1762155360.9482877,1762155352.078246,0.807,0.8,11,5,0,131,149.35999999997654,284.1,0.8187110073014366,0.026461693452080815,-0.012541429506291668,161.93,ripe
1762155360.9583986,1762155352.078246,0.808,0.8,12,6,0,131,149.35999999997654,284.0,0.8184601784728598,0.02645433787485931,-0.011375389575287276,161.93,ripe
1762155360.9685018,1762155352.078246,0.808,0.8,11,6,0,131,149.35999999997654,283.95,0.8182326704693986,0.026447425307267385,-0.010690276020612344,161.93,ripe
1762155360.9786074,1762155352.078246,0.806,0.8,10,5,0,131,149.35999999997654,283.9,0.8180188647537804,0.02644015231819968,-0.011247667529387217,161.93,ripe
1762155360.9886723,1762155352.078246,0.807,0.8,12,5,0,131,149.35999999997654,283.9,0.8177939112019162,0.026433098763621796,-0.010908312589719693,161.93,ripe
1762155360.9987354,1762155352.078246,0.808,0.8,11,5,0,131,149.35999999997654,283.85,0.8175757447588223,0.02642654657858454,-0.01013294545272403,161.93,ripe
1762155361.00883,1762155352.078246,0.808,0.8,10,4,0,131,149.35999999997654,283.8,0.8173730856756201,0.02642030558656997,-0.009651686022570827,161.93,ripe
1762155361.0188994,1762155352.078246,0.81,0.8,12,5,0,131,149.35999999997654,283.85,0.8171800517926094,0.026414926111088605,-0.008319351966084798,161.93,ripe
1762155361.0290189,1762155352.078246,0.81,0.8,12,5,0,131,149.35999999997654,283.9,0.8170136646159707,0.02641002257352899,-0.007583314702708344,161.93,ripe
1762155361.039103,1762155352.078246,0.807,0.8,12,4,0,131,149.35999999997654,283.9,0.8168619981992519,0.02640443134811927,-0.008646823242620671,161.93,ripe
1762155361.0491757,1762155352.078246,0.807,0.8,12,5,0,131,149.35999999997654,283.85,0.8166890615973291,0.02639855906802029,-0.0090814741190135,161.93,ripe
1762155361.0592968,1762155352.078246,0.807,0.8,11,5,0,131,149.35999999997654,283.9,0.8165074319738678,0.026392607794020497,-0.009203638234709932,161.93,ripe
1762155361.0693612,1762155352.078246,0.808,0.8,12,4,0,131,149.35999999997654,284.0,0.8163233590690542,0.02638700063678265,-0.008671462199475233,161.93,ripe
1762155361.079432,1762155352.078246,0.805,0.8,11,4,0,131,149.35999999997654,284.1,0.8161499296956876,0.026380648235590963,-0.009823981260898007,161.93,ripe
1762155361.089515,1762155352.078246,0.804,0.8,12,5,0,131,149.35999999997654,284.20000000000005,0.8159534499268286,0.02637367087804794,-0.010790475709433811,161.93,ripe
1762155361.0996,1762155352.078246,0.805,0.8,12,6,0,131,149.35999999997654,284.2,0.8157376402580229,0.026366780376508168,-0.010656153149325442,161.93,ripe
1762155361.109683,1762155352.078246,0.807,0.8,12,6,0,131,149.35999999997654,284.15,0.8155245170453979,0.026360647961366463,-0.009483773491049119,161.93,ripe
1762155361.119756,1762155352.078246,0.808,0.8,11,6,0,131,149.35999999997654,284.04999999999995,0.8153348414450649,0.026355271643697862,-0.0083144696678904,161.93,ripe
1762155361.1298578,1762155352.078246,0.807,0.8,11,5,0,131,149.35999999997654,283.95000000000005,0.815168551939575,0.02634999626610827,-0.008158366050987853,161.93,ripe
1762155361.1399808,1762155352.078246,0.806,0.8,10,5,0,131,149.35999999997654,283.95,0.815005384510729,0.02634449979208864,-0.008500291566435392,161.93,ripe
1762155361.150094,1762155352.078246,0.805,0.8,11,4,0,131,149.35999999997654,283.95,0.8148353785693019,0.026338626634725762,-0.009082832097154991,161.93,ripe
1762155361.1601586,1762155352.078246,0.805,0.8,13,4,0,131,149.35999999997654,283.95,0.814653721812068,0.026332627634178533,-0.009277448575994551,161.93,ripe
1762155361.1702576,1762155352.078246,0.806,0.8,13,4,0,131,149.35999999997654,283.8,0.8144681727251423,0.02632695027145056,-0.008780036107105538,161.93,ripe
1762155361.180328,1762155352.078246,0.807,0.8,13,3,0,131,149.35999999997654,283.75,0.814292571895966,0.02632181059583795,-0.007948503586947653,161.93,ripe
1762155361.190398,1762155352.078246,0.809,0.8,12,5,0,131,149.35999999997654,283.70000000000005,0.814133601729268,0.026317632405500207,-0.0064615675747587975,161.93,ripe
1762155361.2005084,1762155352.078246,0.806,0.8,12,3,0,131,149.35999999997654,283.75,0.8140043703021216,0.026312997192220383,-0.007168353224866975,161.93,ripe
1762155361.2105799,1762155352.078246,0.805,0.8,12,4,0,131,149.35999999997654,283.85,0.8138610031553767,0.02630786107900836,-0.00794299461674941,161.93,ripe
1762155361.220649,1762155352.078246,0.803,0.8,10,4,0,131,149.35999999997654,284.05,0.8137021431737288,0.02630188426426728,-0.009243138904415193,161.93,ripe
1762155361.230711,1762155352.078246,0.8,0.8,11,4,0,131,149.35999999997654,284.20000000000005,0.8135172802937871,0.02629458534137433,-0.01128777815913029,161.93,ripe
1762155361.2407784,1762155352.078246,0.799,0.8,12,4,0,131,149.35999999997654,284.35,0.8132915246087082,0.02628638826394188,-0.012676773541379749,161.93,ripe
1762155361.250862,1762155352.078246,0.8,0.8,11,5,0,131,149.35999999997654,284.45,0.8130379890037225,0.026278156372527898,-0.012730613470058216,161.93,ripe
1762155361.2609324,1762155352.078246,0.8,0.8,12,5,0,131,149.35999999997654,284.45000000000005,0.812783376602288,0.026269989741261296,-0.012629688835455899,161.93,ripe
1762155361.2710235,1762155352.078246,0.799,0.8,11,5,0,131,149.35999999997654,284.45,0.812530782697212,0.02626161344299731,-0.012953938813795918,161.93,ripe
1762155361.2810898,1762155352.078246,0.8,0.8,11,6,0,131,149.35999999997654,284.4,0.8122717037919069,0.026253541481831504,-0.012483281850198868,161.93,ripe
1762155361.2911606,1762155352.078246,0.801,0.8,10,6,0,131,149.35999999997654,284.3,0.8120220380330486,0.02624602267638444,-0.011627827062194562,161.93,ripe
1762155361.3012285,1762155352.078246,0.802,0.8,11,4,0,131,149.35999999997654,284.2,0.8117894813805708,0.026239173416209693,-0.010592375895143835,161.93,ripe
1762155361.3112965,1762155352.078246,0.802,0.8,12,4,0,131,149.35999999997654,284.15,0.811577633763366,0.02623272072587363,-0.00997908102065248,161.93,ripe
1762155361.3213835,1762155352.078246,0.804,0.8,11,4,0,131,149.35999999997654,284.15,0.8113780520512716,0.026227173503408766,-0.00857877567991483,161.93,ripe
1762155361.3314755,1762155352.078246,0.804,0.8,11,4,0,131,149.35999999997654,284.15,0.8112064764604333,0.026222125432462145,-0.007806838274754924,161.93,ripe
1762155361.3415756,1762155352.078246,0.805,0.8,11,5,0,131,149.35999999997654,284.15,0.8110503396260543,0.02621769573734733,-0.00685052053321511,161.93,ripe
1762155361.3516846,1762155352.078246,0.806,0.8,10,5,0,131,149.35999999997654,284.1,0.8109133291561531,0.026213936654209333,-0.005813419609733472,161.93,ripe
1762155361.3618062,1762155352.078246,0.808,0.8,11,5,0,131,149.35999999997654,284.05,0.8107970607146948,0.026211190383465706,-0.00424710594148503,161.93,ripe
1762155361.3719108,1762155352.078246,0.808,0.8,11,5,0,131,149.35999999997654,284.04999999999995,0.8107121185605944,0.026208967853512486,-0.003437141173989522,161.93,ripe
1762155361.382011,1762155352.078246,0.807,0.8,11,4,0,131,149.35999999997654,284.05,0.8106433757091414,0.026206700871026906,-0.003505887015838871,161.93,ripe
1762155361.392125,1762155352.078246,0.807,0.8,12,4,0,131,149.35999999997654,283.95000000000005,0.8105732579408624,0.026204434776643575,-0.0035045135942111116,161.93,ripe
1762155361.4022176,1762155352.078246,0.808,0.8,11,5,0,131,149.35999999997654,283.9,0.8105031676415859,0.026202515089216935,-0.0029687954682602324,161.93,ripe
1762155361.412324,1762155352.078246,0.808,0.8,12,4,0,131,149.35999999997654,283.85,0.81044379170948,0.026200784338083767,-0.0026766056228171298,161.93,ripe
1762155361.4224193,1762155352.078246,0.806,0.8,11,5,0,131,149.35999999997654,283.95,0.8103902595769311,0.026198516851615318,-0.003506666533599656,161.93,ripe
1762155361.432529,1762155352.078246,0.805,0.8,11,5,0,131,149.35999999997654,284.05,0.810320126220462,0.026195685728901404,-0.004378329698796257,161.93,ripe
1762155361.442642,1762155352.078246,0.803,0.8,11,5,0,131,149.35999999997654,284.15,0.8102325595949206,0.02619196011404885,-0.005761661334087731,161.93,ripe
1762155361.4527102,1762155352.078246,0.802,0.8,11,4,0,131,149.35999999997654,284.2,0.8101173263275311,0.026187510143418646,-0.006881877197114639,161.93,ripe
1762155361.462813,1762155352.078246,0.801,0.8,12,5,0,131,149.35999999997654,284.15,0.8099796887359388,0.026182426427390132,-0.007861964170730595,161.93,ripe
1762155361.4729204,1762155352.078246,0.801,0.8,12,5,0,131,149.35999999997654,284.1,0.8098224493991769,0.02617708301331698,-0.008263587116572713,161.93,ripe
1762155361.4830277,1762155352.078246,0.803,0.8,13,4,0,131,149.35999999997654,284.0,0.8096571776018944,0.026172312402993957,-0.007377746460592194,161.93,ripe
1762155361.4931433,1762155352.078246,0.802,0.8,11,5,0,131,149.35999999997654,283.9,0.8095096226246032,0.026167546861831766,-0.007369907053952129,161.93,ripe
1762155361.503215,1762155352.078246,0.804,0.8,12,6,0,131,149.35999999997654,283.8,0.8093622244364567,0.026163478081605292,-0.006292366651131087,161.93,ripe
1762155361.5133338,1762155352.078246,0.805,0.8,11,4,0,131,149.35999999997654,283.70000000000005,0.8092363770640518,0.026160114712858732,-0.0052014481713890115,161.93,ripe
1762155361.5233998,1762155352.078246,0.803,0.8,11,4,0,131,149.35999999997654,283.6,0.8091323480687208,0.02615648400784101,-0.005614883622389377,161.93,ripe
1762155361.5334797,1762155352.078246,0.801,0.8,11,4,0,131,149.35999999997654,283.4,0.8090200503625226,0.026152111993530767,-0.0067613181393567645,161.93,ripe
1762155361.5435858,1762155352.078246,0.8,0.8,10,5,0,131,149.35999999997654,283.3,0.8088848239599068,0.026147097147047174,-0.007755457848323877,161.93,ripe
1762155361.553658,1762155352.078246,0.798,0.8,11,4,0,131,149.35999999997654,283.3,0.8087297147581692,0.026141170839711327,-0.009165031702377813,161.93,ripe
1762155361.5637639,1762155352.078246,0.795,0.8,10,3,0,131,149.35999999997654,283.3,0.8085464140722715,0.02613388724729819,-0.01126407254437567,161.93,ripe
1762155361.5738366,1762155352.078246,0.794,0.8,10,5,0,131,149.35999999997654,283.35,0.8083211325589332,0.026125688110382753,-0.012679961794985317,161.93,ripe
1762155361.5839052,1762155352.078246,0.793,0.8,10,4,0,131,149.35999999997654,283.4,0.8080675332541387,0.026116799037293793,-0.013746947872164794,161.93,ripe
1762155361.5939848,1762155352.078246,0.79,0.8,10,4,0,131,149.35999999997654,283.5,0.8077925942234971,0.026106690853904765,-0.015632301532510162,161.93,ripe
1762155361.6040626,1762155352.078246,0.788,0.8,11,5,0,131,149.35999999997654,283.5,0.8074799481112745,0.026095439766795313,-0.017399801765781042,161.93,ripe
1762155361.6141477,1762155352.078246,0.786,0.8,11,5,0,131,149.35999999997654,283.5,0.8071319519869792,0.026083094546233893,-0.019091878814232355,161.93,ripe
1762155361.6242273,1762155352.078246,0.785,0.8,11,5,0,131,149.35999999997654,283.45,0.8067501143150144,0.02607001334177449,-0.02023007772864105,161.93,ripe
1762155361.6343095,1762155352.078246,0.785,0.8,11,5,0,131,149.35999999997654,283.4,0.8063455126610851,0.02605670231731804,-0.02058549436789836,161.93,ripe
1762155361.644377,1762155352.078246,0.786,0.8,11,5,0,131,149.35999999997654,283.29999999999995,0.8059338026746472,0.026043735102149867,-0.02005379352805381,161.93,ripe
1762155361.654439,1762155352.078246,0.788,0.8,12,5,0,131,149.35999999997654,283.25,0.8055327267094956,0.026031712647294748,-0.01859272213619889,161.93,ripe
1762155361.6645155,1762155352.078246,0.786,0.8,11,4,0,131,149.35999999997654,283.2,0.8051608721808268,0.026019626728039844,-0.01869086989417834,161.93,ripe
1762155361.6745958,1762155352.078246,0.784,0.8,11,4,0,131,149.35999999997654,283.15,0.8047870546982726,0.02600698394892897,-0.01955205355494838,161.93,ripe
1762155361.6846614,1762155352.078246,0.784,0.8,12,4,0,131,149.35999999997654,283.05,0.8043960135403733,0.02599419473633848,-0.019778512968711137,161.93,ripe
1762155361.6947248,1762155352.078246,0.784,0.8,12,5,0,131,149.35999999997654,283.04999999999995,0.8040004431949495,0.025981461663524358,-0.01969169290911843,161.93,ripe
1762155361.7047865,1762155352.078246,0.785,0.8,12,4,0,131,149.35999999997654,283.05,0.8036066092528086,0.02596920674075076,-0.018952234109892996,161.93,ripe
1762155361.714858,1762155352.078246,0.786,0.8,11,6,0,131,149.35999999997654,283.04999999999995,0.8032275644914212,0.025957631971539708,-0.01790037691996338,161.93,ripe
1762155361.7249217,1762155352.078246,0.788,0.8,11,5,0,131,149.35999999997654,283.0,0.8028695568797234,0.025947152846841584,-0.01620596309399447,161.93,ripe
1762155361.7350206,1762155352.078246,0.79,0.8,11,6,0,131,149.35999999997654,282.9,0.8025454375528104,0.025937962000766698,-0.014213640659945903,161.93,ripe
1762155361.7451138,1762155352.078246,0.79,0.8,11,5,0,131,149.35999999997654,282.85,0.8022611646837141,0.02592949431970576,-0.013095266237281855,161.93,ripe
1762155361.7551763,1762155352.078246,0.79,0.8,12,4,0,131,149.35999999997654,282.79999999999995,0.8019992593084994,0.02592146566634006,-0.012416310085283211,161.93,ripe
1762155361.7652879,1762155352.078246,0.789,0.8,12,4,0,131,149.35999999997654,282.75,0.8017509330598983,0.02591340911234449,-0.012459458448290217,161.93,ripe
1762155361.7753613,1762155352.078246,0.788,0.8,11,4,0,131,149.35999999997654,282.70000000000005,0.8015017438448152,0.02590509614184939,-0.0128560065390112,161.93,ripe
1762155361.7854805,1762155352.078246,0.787,0.8,11,5,0,131,149.35999999997654,282.65,0.8012446236674018,0.02589641734624636,-0.013421755014499714,161.93,ripe
1762155361.7955718,1762155352.078246,0.788,0.8,11,6,0,131,149.35999999997654,282.65,0.8009761885194001,0.025887969395086554,-0.013064754192949057,161.93,ripe
1762155361.805687,1762155352.078246,0.788,0.8,11,4,0,131,149.35999999997654,282.75,0.8007148933900273,0.025879719037243155,-0.012759176226801783,161.93,ripe
1762155361.8158424,1762155352.078246,0.786,0.8,10,4,0,131,149.35999999997654,282.8,0.8004597098219309,0.025871001382218477,-0.013481851240318199,161.93,ripe
1762155361.82594,1762155352.078246,0.786,0.8,11,4,0,131,149.35999999997654,282.8,0.8001900727520177,0.02586214192815614,-0.013701143461211318,161.93,ripe
1762155361.8360837,1762155352.078246,0.786,0.8,11,4,0,131,149.35999999997654,282.8,0.7999160498378696,0.025853301587135134,-0.013671585192466362,161.93,ripe
1762155361.8461475,1762155352.078246,0.785,0.8,11,4,0,131,149.35999999997654,282.75,0.7996426180900899,0.025844235704189842,-0.014020385767388288,161.93,ripe
1762155361.8562572,1762155352.078246,0.786,0.8,11,5,0,131,149.35999999997654,282.70000000000005,0.799362210330592,0.025835473275311608,-0.013551094169241162,161.93,ripe
1762155361.8663337,1762155352.078246,0.787,0.8,12,5,0,131,149.35999999997654,282.6,0.7990911884053882,0.02582727047399058,-0.012685630324712704,161.93,ripe
1762155361.8764107,1762155352.078246,0.787,0.8,11,5,0,131,149.35999999997654,282.65,0.7988374757605288,0.02581942391820756,-0.012134696720190963,161.93,ripe
1762155361.886488,1762155352.078246,0.788,0.8,11,5,0,131,149.35999999997654,282.8,0.79859478179016,0.025812153699065733,-0.011243392269991048,161.93,ripe
1762155361.8965528,1762155352.078246,0.789,0.8,11,6,0,131,149.35999999997654,282.95000000000005,0.7983699139121033,0.02580556189783529,-0.010194219152018902,161.93,ripe
1762155361.9066176,1762155352.078246,0.789,0.8,11,5,0,131,149.35999999997654,283.05,0.7981660295000457,0.025799368439409213,-0.009578182120003387,161.93,ripe
1762155361.9166842,1762155352.078246,0.79,0.8,11,6,0,131,149.35999999997654,283.05,0.7979744658309271,0.025793755414302573,-0.008680542140905967,161.93,ripe
1762155361.9267535,1762155352.078246,0.79,0.8,12,4,0,131,149.35999999997654,283.05,0.7978008549643788,0.025788482931786177,-0.008153893119368205,161.93,ripe
1762155361.936831,1762155352.078246,0.79,0.8,12,4,0,131,149.35999999997654,283.1,0.7976377770801466,0.02578343003997664,-0.007814296157641287,161.93,ripe
1762155361.9469097,1762155352.078246,0.79,0.8,12,4,0,131,149.35999999997654,283.15,0.7974814911364776,0.02577853527654369,-0.007569750675224918,161.93,ripe
1762155361.9570274,1762155352.078246,0.791,0.8,11,5,0,131,149.35999999997654,283.15,0.7973300961034965,0.02577409025440367,-0.006874225872870121,161.93,ripe
1762155361.967116,1762155352.078246,0.79,0.8,12,4,0,131,149.35999999997654,283.15,0.7971926115687057,0.02576958674498634,-0.006964676453392493,161.93,ripe
1762155361.977318,1762155352.078246,0.788,0.8,11,4,0,131,149.35999999997654,283.25,0.7970533180224277,0.025764452990426956,-0.007939350464771122,161.93,ripe
1762155361.9873874,1762155352.078246,0.787,0.8,12,4,0,131,149.35999999997654,283.35,0.796894530993906,0.025758738442568083,-0.008837547215077679,161.93,ripe
1762155361.9974973,1762155352.078246,0.786,0.8,10,5,0,131,149.35999999997654,283.45,0.7967177800286309,0.02575247314074722,-0.009689288139216767,161.93,ripe
1762155362.0075653,1762155352.078246,0.783,0.8,11,4,0,131,149.35999999997654,283.5,0.7965239942433117,0.025745030690304108,-0.011509748298604516,161.93,ripe
1762155362.0176384,1762155352.078246,0.783,0.8,11,4,0,131,149.35999999997654,283.45000000000005,0.7962937992511062,0.025737085861561166,-0.012286676278752684,161.93,ripe
1762155362.0277112,1762155352.078246,0.782,0.8,11,3,0,131,149.35999999997654,283.4,0.7960480656980871,0.025728651005020836,-0.01304450421191028,161.93,ripe
1762155362.037779,1762155352.078246,0.782,0.8,12,3,0,131,149.35999999997654,283.45,0.7957871755852947,0.025720060383444893,-0.013285394842206255,161.93,ripe
1762155362.0478551,1762155352.078246,0.783,0.8,12,4,0,131,149.35999999997654,283.45,0.7955214676599507,0.025711802653971383,-0.01277057728840647,161.93,ripe
1762155362.057994,1762155352.078246,0.784,0.8,12,4,0,131,149.35999999997654,283.45,0.795266056087335,0.02570411392967365,-0.011890610901562848,161.93,ripe
1762155362.0680873,1762155352.078246,0.788,0.8,12,5,0,131,149.35999999997654,283.35,0.7950282438448062,0.025698074148105682,-0.009340521251920086,161.93,ripe
1762155362.078165,1762155352.078246,0.789,0.8,12,4,0,131,149.35999999997654,283.3,0.794841433400909,0.025693226057031497,-0.007497572104465888,161.93,ripe
1762155362.0882356,1762155352.078246,0.791,0.8,11,5,0,131,149.35999999997654,283.25,0.7946914819439844,0.025689656996681735,-0.00551955129576287,161.93,ripe
1762155362.0983112,1762155352.078246,0.794,0.8,12,5,0,131,149.35999999997654,283.15,0.7945810909073663,0.025687720284190408,-0.0029951255832554313,161.93,ripe
1762155362.1083872,1762155352.078246,0.795,0.8,12,5,0,131,149.35999999997654,283.15,0.7945211883900095,0.025686926100005267,-0.0012282057279541236,161.93,ripe
1762155362.1184738,1762155352.078246,0.793,0.8,10,4,0,131,149.35999999997654,283.15,0.794496624273163,0.025686053075068094,-0.0013501329421352626,161.93,ripe
1762155362.1285841,1762155352.078246,0.792,0.8,10,5,0,131,149.35999999997654,283.25,0.7944696216118563,0.025684826837683077,-0.001896375946342399,161.93,ripe
1762155362.1386576,1762155352.078246,0.792,0.8,10,6,0,131,149.35999999997654,283.29999999999995,0.7944316940895377,0.02568343978857556,-0.0021450712567807617,161.93,ripe
1762155362.1487281,1762155352.078246,0.791,0.8,11,4,0,131,149.35999999997654,283.25,0.7943887926606423,0.02568166450148855,-0.00274548124426377,161.93,ripe
1762155362.1588,1762155352.078246,0.788,0.8,11,3,0,131,149.35999999997654,283.15,0.794333883031041,0.02567874679848005,-0.004512227322851725,161.93,ripe
1762155362.168905,1762155352.078246,0.789,0.8,12,4,0,131,149.35999999997654,283.1,0.7942436384769882,0.02567562179943606,-0.004832810622893535,161.93,ripe
1762155362.1789892,1762155352.078246,0.791,0.8,12,5,0,131,149.35999999997654,283.1,0.7941469822565576,0.025673073096786122,-0.003941568329510203,161.93,ripe
1762155362.189103,1762155352.078246,0.791,0.8,12,4,0,131,149.35999999997654,283.05,0.794068150883595,0.025670832266398408,-0.0034654439200711984,161.93,ripe
1762155362.1991975,1762155352.078246,0.792,0.8,13,5,0,131,149.35999999997654,282.95000000000005,0.7939988419997029,0.02566908801245249,-0.002697488517941049,161.93,ripe
1762155362.2092636,1762155352.078246,0.793,0.8,13,4,0,131,149.35999999997654,282.8,0.7939448922251557,0.025667927834230192,-0.0017942154842747193,161.93,ripe
1762155362.2193265,1762155352.078246,0.792,0.8,12,4,0,131,149.35999999997654,282.65,0.79390900791274,0.025666742144169398,-0.0018336695422994653,161.93,ripe
1762155362.229428,1762155352.078246,0.792,0.8,11,5,0,131,149.35999999997654,282.54999999999995,0.7938723345191596,0.025665555810210138,-0.0018346653339393892,161.93,ripe
