Time,State,X,Y,Z,RX,RY,RZ,F
1755491641.0763938,1,0,0,0,0,0,0,0
1755491651.5885022,0,0,0,0,0,0,0,0
