Time,ReachedHoldTime,Force,DesiredForce,State,ActualWidth,CommandWidth,Proximity,RawFzL,RawFzR,ForcePrediction,SpringConstant,RLSError,BaselineWidth,Ripeness
1763110576.3466947,1763110541.4969757,0.2,0,3,1,0,241,250,290.0,0.0,0.0,0.0,0.0,unknown
1763110576.3571062,1763110541.4969757,0.18333333333333335,0,3,0,0,239.33333333333334,250,288.33333333333337,0.0,0.0,0.0,0.0,unknown
1763110576.381985,1763110541.4969757,0.1875,0,2,2,0,238,250,285.0,0.0,0.0,0.0,0.0,unknown
1763110576.3971155,1763110541.4969757,0.18,0,3,0,0,237.2,250,282.0,0.0,0.0,0.0,0.0,unknown
1763110576.419851,1763110541.4969757,0.19166666666666668,0,3,2,0,236.66666666666666,250,281.6666666666667,0.0,0.0,0.0,0.0,unknown
1763110576.4530485,1763110541.4969757,0.19285714285714287,0,4,0,0,236.57142857142858,250,280.7142857142857,0.0,0.0,0.0,0.0,unknown
1763110576.4726546,1763110541.4969757,0.1875,0,3,0,0,236.5,250,280.0,0.0,0.0,0.0,0.0,unknown
1763110576.4830313,1763110541.4969757,0.19444444444444445,0,4,1,0,236.44444444444446,250,280.0,0.0,0.0,0.0,0.0,unknown
1763110576.5004504,1763110541.4969757,0.19,0,3,0,0,236.4,250,280.5,0.0,0.0,0.0,0.0,unknown
1763110576.530345,1763110541.4969757,0.18181818181818182,0,2,0,0,236.1818181818182,250,280.45454545454544,0.0,0.0,0.0,0.0,unknown
1763110576.5501707,1763110541.4969757,0.17916666666666667,0,3,0,0,236,250,280.8333333333333,0.0,0.0,0.0,0.0,unknown
1763110576.5793254,1763110541.4969757,0.17307692307692307,0,2,0,0,236,250,280.7692307692308,0.0,0.0,0.0,0.0,unknown
1763110576.6009808,1763110541.4969757,0.17142857142857143,0,3,0,0,236,250,280.7142857142857,0.0,0.0,0.0,0.0,unknown
1763110576.6286085,1763110541.4969757,0.17,0,3,0,0,235.86666666666667,250,280.3333333333333,0.0,0.0,0.0,0.0,unknown
1763110576.644106,1763110541.4969757,0.165625,0,2,0,0,235.75,250,280.3125,0.0,0.0,0.0,0.0,unknown
1763110576.6542156,1763110541.4969757,0.16470588235294117,0,2,1,0,235.76470588235293,250,280.29411764705884,0.0,0.0,0.0,0.0,unknown
1763110576.6750998,1763110541.4969757,0.1638888888888889,0,3,0,0,235.77777777777777,250,280.55555555555554,0.0,0.0,0.0,0.0,unknown
1763110576.6969879,1763110541.4969757,0.1631578947368421,0,2,1,0,235.78947368421052,250,281.0526315789474,0.0,0.0,0.0,0.0,unknown
1763110576.7184386,1763110541.4969757,0.1675,0,4,1,0,235.7,250,281.0,0.0,0.0,0.0,0.0,unknown
1763110576.7397428,1763110541.4969757,0.16904761904761906,0,3,1,0,235.61904761904762,250,281.1904761904762,0.0,0.0,0.0,0.0,unknown
1763110576.7576487,1763110541.4969757,0.16363636363636364,0,1,0,0,235.63636363636363,250,281.59090909090907,0.0,0.0,0.0,0.0,unknown
1763110576.783748,1763110541.4969757,0.16304347826086957,0,3,0,0,235.65217391304347,250,281.95652173913044,0.0,0.0,0.0,0.0,unknown
1763110576.8095524,1763110541.4969757,0.16041666666666668,0,2,0,0,235.66666666666666,250,282.0833333333333,0.0,0.0,0.0,0.0,unknown
1763110576.8378487,1763110541.4969757,0.16,0,3,0,0,235.6,250,281.8,0.0,0.0,0.0,0.0,unknown
1763110576.8832982,1763110541.4969757,0.16153846153846155,0,3,1,0,235.6153846153846,250,281.9230769230769,0.0,0.0,0.0,0.0,unknown
1763110576.9104445,1763110541.4969757,0.16296296296296298,0,3,1,0,235.62962962962962,250,282.22222222222223,0.0,0.0,0.0,0.0,unknown
1763110576.9272573,1763110541.4969757,0.16071428571428573,0,2,0,0,235.57142857142858,250,282.5,0.0,0.0,0.0,0.0,unknown
1763110576.9376292,1763110541.4969757,0.16034482758620688,0,2,1,0,235.58620689655172,250,282.7586206896552,0.0,0.0,0.0,0.0,unknown
1763110576.9491048,1763110541.4969757,0.15833333333333333,0,2,0,0,235.6,250,283.0,0.0,0.0,0.0,0.0,unknown
1763110576.9713736,1763110541.4969757,0.1596774193548387,0,4,0,0,235.61290322580646,250,283.06451612903226,0.0,0.0,0.0,0.0,unknown
1763110576.9834435,1763110541.4969757,0.159375,0,3,0,0,235.625,250,282.96875,0.0,0.0,0.0,0.0,unknown
1763110577.0015914,1763110541.4969757,0.1606060606060606,0,4,0,0,235.63636363636363,250,282.8787878787879,0.0,0.0,0.0,0.0,unknown
1763110577.016728,1763110541.4969757,0.16176470588235295,0,4,0,0,235.58823529411765,250,282.94117647058823,0.0,0.0,0.0,0.0,unknown
1763110577.0427957,1763110541.4969757,0.16142857142857142,0,3,0,0,235.6,250,282.85714285714283,0.0,0.0,0.0,0.0,unknown
1763110577.0558963,1763110541.4969757,0.16111111111111112,0,3,0,0,235.61111111111111,250,282.77777777777777,0.0,0.0,0.0,0.0,unknown
1763110577.073347,1763110541.4969757,0.16216216216216217,0,3,1,0,235.6216216216216,250,282.7027027027027,0.0,0.0,0.0,0.0,unknown
1763110577.1027231,1763110541.4969757,0.1618421052631579,0,2,1,0,235.6315789473684,250,282.63157894736844,0.0,0.0,0.0,0.0,unknown
1763110577.1197503,1763110541.4969757,0.16153846153846155,0,3,0,0,235.5897435897436,250,282.6923076923077,0.0,0.0,0.0,0.0,unknown
1763110577.1377811,1763110541.4969757,0.16125,0,2,1,0,235.55,250,282.875,0.0,0.0,0.0,0.0,unknown
1763110577.1515303,1763110541.4969757,0.16097560975609757,0,3,0,0,235.5609756097561,250,282.9268292682927,0.0,0.0,0.0,0.0,unknown
1763110577.1739755,1763110541.4969757,0.16071428571428573,0,3,0,0,235.52380952380952,250,282.9761904761905,0.0,0.0,0.0,0.0,unknown
1763110577.2009394,1763110541.4969757,0.16046511627906976,0,3,0,0,235.48837209302326,250,283.1395348837209,0.0,0.0,0.0,0.0,unknown
1763110577.2312043,1763110541.4969757,0.16022727272727272,0,3,0,0,235.45454545454547,250,283.4090909090909,0.0,0.0,0.0,0.0,unknown
1763110577.2626004,1763110541.4969757,0.16111111111111112,0,3,1,0,235.46666666666667,250,283.44444444444446,0.0,0.0,0.0,0.0,unknown
1763110577.2845762,1763110541.4969757,0.16195652173913044,0,3,1,0,235.47826086956522,250,283.5869565217391,0.0,0.0,0.0,0.0,unknown
1763110577.2996655,1763110541.4969757,0.16382978723404257,0,3,2,0,235.4468085106383,250,283.6170212765957,0.0,0.0,0.0,0.0,unknown
1763110577.310036,1763110541.4969757,0.16458333333333333,0,3,1,0,235.41666666666666,250,283.75,0.0,0.0,0.0,0.0,unknown
1763110577.3359134,1763110541.4969757,0.16428571428571428,0,3,0,0,235.42857142857142,250,283.7755102040816,0.0,0.0,0.0,0.0,unknown
1763110577.376184,1763110541.4969757,0.165,0,3,1,0,235.4,250,283.8,0.0,0.0,0.0,0.0,unknown
1763110577.387979,1763110541.4969757,0.163,0,2,0,0,235.37254901960785,250,283.72549019607845,0.0,0.0,0.0,0.0,unknown
1763110577.4007173,1763110541.4969757,0.163,0,4,0,0,235.3846153846154,250,283.5576923076923,0.0,0.0,0.0,0.0,unknown
1763110577.427868,1763110541.4969757,0.165,0,4,1,0,235.39622641509433,250,283.58490566037733,0.0,0.0,0.0,0.0,unknown
1763110577.4387848,1763110541.4969757,0.164,0,3,0,0,235.37037037037038,250,283.7037037037037,0.0,0.0,0.0,0.0,unknown
1763110577.4539309,1763110541.4969757,0.163,0,2,0,0,235.34545454545454,250,283.8181818181818,0.0,0.0,0.0,0.0,unknown
1763110577.4745035,1763110541.4969757,0.16,0,2,0,0,235.32142857142858,250,283.8392857142857,0.0,0.0,0.0,0.0,unknown
1763110577.498838,1763110541.4969757,0.159,0,3,0,0,235.2982456140351,250,283.7719298245614,0.0,0.0,0.0,0.0,unknown
1763110577.522745,1763110541.4969757,0.158,0,1,1,0,235.31034482758622,250,283.7931034482758,0.0,0.0,0.0,0.0,unknown
1763110577.5528889,1763110541.4969757,0.155,0,2,0,0,235.28813559322035,250,283.8135593220339,0.0,0.0,0.0,0.0,unknown
1763110577.5681636,1763110541.4969757,0.153,0,1,0,0,235.3,250,283.66666666666663,0.0,0.0,0.0,0.0,unknown
1763110577.58669,1763110541.4969757,0.153,0,2,0,0,235.31147540983608,250,283.6885245901639,0.0,0.0,0.0,0.0,unknown
1763110577.6027675,1763110541.4969757,0.154,0,4,0,0,235.32258064516128,250,283.7096774193549,0.0,0.0,0.0,0.0,unknown
1763110577.6140678,1763110541.4969757,0.155,0,3,0,0,235.3015873015873,250,283.73015873015873,0.0,0.0,0.0,0.0,unknown
1763110577.6267855,1763110541.4969757,0.155,0,3,0,0,235.3125,250,283.671875,0.0,0.0,0.0,0.0,unknown
1763110577.6453989,1763110541.4969757,0.154,0,2,0,0,235.2923076923077,250,283.53846153846155,0.0,0.0,0.0,0.0,unknown
1763110577.662959,1763110541.4969757,0.156,0,4,0,0,235.27272727272728,250,283.4848484848485,0.0,0.0,0.0,0.0,unknown
1763110577.683406,1763110541.4969757,0.157,0,3,1,0,235.2537313432836,250,283.5074626865672,0.0,0.0,0.0,0.0,unknown
1763110577.7079852,1763110541.4969757,0.158,0,2,2,0,235.26470588235293,250,283.52941176470586,0.0,0.0,0.0,0.0,unknown
1763110577.7231271,1763110541.4969757,0.158,0,2,1,0,235.2463768115942,250,283.4782608695652,0.0,0.0,0.0,0.0,unknown
1763110577.7482195,1763110541.4969757,0.157,0,3,1,0,235.22857142857143,250,283.2857142857143,0.0,0.0,0.0,0.0,unknown
1763110577.7646568,1763110541.4969757,0.156,0,3,0,0,235.2394366197183,250,283.169014084507,0.0,0.0,0.0,0.0,unknown
1763110577.789215,1763110541.4969757,0.158,0,3,0,0,235.29166666666666,250,283.2638888888889,0.0,0.0,0.0,0.0,unknown
1763110577.821707,1763110541.4969757,0.158,0,2,1,0,235.27397260273972,250,283.2191780821918,0.0,0.0,0.0,0.0,unknown
1763110577.832985,1763110541.4969757,0.16,0,4,0,0,235.25675675675674,250,283.1081081081081,0.0,0.0,0.0,0.0,unknown
1763110577.8537972,1763110541.4969757,0.161,0,4,0,0,235.26666666666668,250,283.0,0.0,0.0,0.0,0.0,unknown
1763110577.8804536,1763110541.4969757,0.16,0,3,0,0,235.27631578947367,250,283.0263157894737,0.0,0.0,0.0,0.0,unknown
1763110577.895236,1763110541.4969757,0.159,0,3,0,0,235.25974025974025,250,283.05194805194805,0.0,0.0,0.0,0.0,unknown
1763110577.9104092,1763110541.4969757,0.159,0,2,0,0,235.26923076923077,250,283.0128205128205,0.0,0.0,0.0,0.0,unknown
1763110577.9340115,1763110541.4969757,0.158,0,2,0,0,235.27848101265823,250,283.1012658227848,0.0,0.0,0.0,0.0,unknown
1763110577.9628549,1763110541.4969757,0.16,0,4,0,0,235.2875,250,283.0625,0.0,0.0,0.0,0.0,unknown
1763110577.9770577,1763110541.4969757,0.159,0,3,0,0,235.2962962962963,250,282.96296296296293,0.0,0.0,0.0,0.0,unknown
1763110577.9898765,1763110541.4969757,0.16,0,4,0,0,235.3048780487805,250,282.8658536585366,0.0,0.0,0.0,0.0,unknown
1763110578.015581,1763110541.4969757,0.159,0,2,1,0,235.3132530120482,250,282.83132530120486,0.0,0.0,0.0,0.0,unknown
1763110578.0315838,1763110541.4969757,0.158,0,3,0,0,235.32142857142858,250,282.91666666666663,0.0,0.0,0.0,0.0,unknown
1763110578.0486932,1763110541.4969757,0.158,0,3,0,0,235.30588235294118,250,282.88235294117646,0.0,0.0,0.0,0.0,unknown
1763110578.0638843,1763110541.4969757,0.158,0,3,0,0,235.3139534883721,250,282.8488372093023,0.0,0.0,0.0,0.0,unknown
1763110578.089102,1763110541.4969757,0.157,0,2,1,0,235.29885057471265,250,282.7586206896552,0.0,0.0,0.0,0.0,unknown
1763110578.1042337,1763110541.4969757,0.157,0,2,1,0,235.2840909090909,250,282.72727272727275,0.0,0.0,0.0,0.0,unknown
1763110578.1257062,1763110541.4969757,0.157,0,3,0,0,235.2921348314607,250,282.8089887640449,0.0,0.0,0.0,0.0,unknown
1763110578.1361458,1763110541.4969757,0.157,0,3,0,0,235.3,250,282.8888888888889,0.0,0.0,0.0,0.0,unknown
1763110578.1565409,1763110541.4969757,0.155,0,1,0,0,235.30769230769232,250,282.967032967033,0.0,0.0,0.0,0.0,unknown
1763110578.175215,1763110541.4969757,0.154,0,1,1,0,235.31521739130434,250,282.9891304347826,0.0,0.0,0.0,0.0,unknown
1763110578.1960828,1763110541.4969757,0.155,0,3,1,0,235.30107526881721,250,283.06451612903226,0.0,0.0,0.0,0.0,unknown
1763110578.2259336,1763110541.4969757,0.156,0,3,1,0,235.2872340425532,250,283.0851063829787,0.0,0.0,0.0,0.0,unknown
1763110578.2487695,1763110541.4969757,0.155,0,3,0,0,235.29473684210527,250,283.0526315789474,0.0,0.0,0.0,0.0,unknown
1763110578.2742918,1763110541.4969757,0.154,0,3,0,0,235.28125,250,283.0729166666667,0.0,0.0,0.0,0.0,unknown
1763110578.2861342,1763110541.4969757,0.152,0,3,0,0,235.28865979381445,250,283.0927835051546,0.0,0.0,0.0,0.0,unknown
1763110578.3016906,1763110541.4969757,0.151,0,3,0,0,235.27551020408163,250,283.01020408163265,0.0,0.0,0.0,0.0,unknown
1763110578.3164299,1763110541.4969757,0.153,0,4,1,0,235.26262626262627,250,282.979797979798,0.0,0.0,0.0,0.0,unknown
1763110578.3320508,1763110541.4969757,0.153,0,3,1,0,235.27,250,282.95,0.0,0.0,0.0,0.0,unknown
1763110578.3463833,1763110541.4969757,0.154,0,3,0,0,235.13,250,282.9,0.0,0.0,0.0,0.0,unknown
1763110578.3615212,1763110541.4969757,0.152,0,2,0,0,235.13,250,282.85,0.0,0.0,0.0,0.0,unknown
1763110578.378202,1763110541.4969757,0.149,0,2,0,0,235.13,250,282.85,0.0,0.0,0.0,0.0,unknown
1763110578.388882,1763110541.4969757,0.148,0,2,0,0,235.15,250,282.95,0.0,0.0,0.0,0.0,unknown
1763110578.4027035,1763110541.4969757,0.15,0,3,1,0,235.17,250,283.1,0.0,0.0,0.0,0.0,unknown
1763110578.4346592,1763110541.4969757,0.151,0,3,0,0,235.17,250,283.1,0.0,0.0,0.0,0.0,unknown
1763110578.4495156,1763110541.4969757,0.151,0,2,1,0,235.15,250,283.15,0.0,0.0,0.0,0.0,unknown
1763110578.4696078,1763110541.4969757,0.152,0,3,0,0,235.15,250,283.35,0.0,0.0,0.0,0.0,unknown
1763110578.4837341,1763110541.4969757,0.154,0,4,0,0,235.13,250,283.45,0.0,0.0,0.0,0.0,unknown
1763110578.501041,1763110541.4969757,0.156,0,3,0,0,235.13,250,283.4,0.0,0.0,0.0,0.0,unknown
1763110578.5122607,1763110541.4969757,0.157,0,3,0,0,235.15,250,283.4,0.0,0.0,0.0,0.0,unknown
1763110578.5262809,1763110541.4969757,0.157,0,3,1,0,235.15,250,283.4,0.0,0.0,0.0,0.0,unknown
1763110578.540969,1763110541.4969757,0.157,0,2,1,0,235.15,250,283.35,0.0,0.0,0.0,0.0,unknown
1763110578.5713346,1763110541.4969757,0.157,0,3,0,0,235.15,250,283.45,0.0,0.0,0.0,0.0,unknown
1763110578.5908937,1763110541.4969757,0.158,0,3,0,0,235.17,250,283.55,0.0,0.0,0.0,0.0,unknown
1763110578.616971,1763110541.4969757,0.156,0,2,0,0,235.19,250,283.55,0.0,0.0,0.0,0.0,unknown
1763110578.6423922,1763110541.4969757,0.155,0,2,1,0,235.17,250,283.6,0.0,0.0,0.0,0.0,unknown
1763110578.666542,1763110541.4969757,0.155,0,3,1,0,235.17,250,283.54999999999995,0.0,0.0,0.0,0.0,unknown
1763110578.6982782,1763110541.4969757,0.157,0,4,1,0,235.17,250,283.55,0.0,0.0,0.0,0.0,unknown
1763110578.7122302,1763110541.4969757,0.157,0,4,0,0,235.17,250,283.65,0.0,0.0,0.0,0.0,unknown
1763110578.7323885,1763110541.4969757,0.159,0,4,1,0,235.19,250,283.7,0.0,0.0,0.0,0.0,unknown
1763110578.7447817,1763110541.4969757,0.159,0,2,1,0,235.17,250,283.65,0.0,0.0,0.0,0.0,unknown
1763110578.765095,1763110541.4969757,0.159,0,2,1,0,235.17,250,283.6,0.0,0.0,0.0,0.0,unknown
1763110578.7938762,1763110541.4969757,0.158,0,3,0,0,235.17,250,283.6,0.0,0.0,0.0,0.0,unknown
1763110578.8196201,1763110541.4969757,0.157,0,3,0,0,235.17,250,283.7,0.0,0.0,0.0,0.0,unknown
1763110578.8347528,1763110541.4969757,0.156,0,2,0,0,235.17,250,283.7,0.0,0.0,0.0,0.0,unknown
1763110578.8509986,1763110541.4969757,0.156,0,3,0,0,235.15,250,283.55,0.0,0.0,0.0,0.0,unknown
1763110578.8662498,1763110541.4969757,0.157,0,3,0,0,235.17,250,283.4,0.0,0.0,0.0,0.0,unknown
1763110578.8772407,1763110541.4969757,0.157,0,2,0,0,235.15,250,283.25,0.0,0.0,0.0,0.0,unknown
1763110578.9009302,1763110541.4969757,0.157,0,3,1,0,235.15,250,283.15,0.0,0.0,0.0,0.0,unknown
1763110578.929584,1763110541.4969757,0.157,0,3,0,0,235.15,250,283.2,0.0,0.0,0.0,0.0,unknown
1763110578.9406729,1763110541.4969757,0.156,0,3,0,0,235.15,250,283.25,0.0,0.0,0.0,0.0,unknown
1763110578.971931,1763110541.4969757,0.156,0,3,0,0,235.15,250,283.25,0.0,0.0,0.0,0.0,unknown
1763110578.9896128,1763110541.4969757,0.156,0,3,0,0,235.15,250,283.2,0.0,0.0,0.0,0.0,unknown
1763110579.0112276,1763110541.4969757,0.156,0,2,1,0,235.15,250,283.2,0.0,0.0,0.0,0.0,unknown
1763110579.0253675,1763110541.4969757,0.156,0,3,0,0,235.15,250,283.2,0.0,0.0,0.0,0.0,unknown
1763110579.0405202,1763110541.4969757,0.155,0,2,0,0,235.13,250,283.2,0.0,0.0,0.0,0.0,unknown
1763110579.056104,1763110541.4969757,0.154,0,2,0,0,235.13,250,283.15,0.0,0.0,0.0,0.0,unknown
1763110579.0726075,1763110541.4969757,0.155,0,3,1,0,235.15,250,283.05,0.0,0.0,0.0,0.0,unknown
1763110579.0912354,1763110541.4969757,0.156,0,4,0,0,235.15,250,283.05,0.0,0.0,0.0,0.0,unknown
1763110579.1169236,1763110541.4969757,0.158,0,3,0,0,235.15,250,283.0,0.0,0.0,0.0,0.0,unknown
1763110579.12754,1763110541.4969757,0.158,0,2,0,0,235.17,250,282.95000000000005,0.0,0.0,0.0,0.0,unknown
1763110579.1380918,1763110541.4969757,0.157,0,3,0,0,235.19,250,282.85,0.0,0.0,0.0,0.0,unknown
1763110579.1591582,1763110541.4969757,0.156,0,3,0,0,235.21,250,282.79999999999995,0.0,0.0,0.0,0.0,unknown
1763110579.1768475,1763110541.4969757,0.156,0,3,0,0,235.19,250,282.85,0.0,0.0,0.0,0.0,unknown
1763110579.203687,1763110541.4969757,0.155,0,2,0,0,235.19,250,282.75,0.0,0.0,0.0,0.0,unknown
1763110579.22323,1763110541.4969757,0.155,0,3,0,0,235.19,250,282.75,0.0,0.0,0.0,0.0,unknown
1763110579.2438593,1763110541.4969757,0.154,0,2,0,0,235.21,250,282.65,0.0,0.0,0.0,0.0,unknown
1763110579.2571821,1763110541.4969757,0.152,0,3,0,0,235.21,250,282.55,0.0,0.0,0.0,0.0,unknown
1763110579.2799807,1763110541.4969757,0.151,0,3,0,0,235.21,250,282.55,0.0,0.0,0.0,0.0,unknown
1763110579.2945108,1763110541.4969757,0.15,0,2,0,0,235.23,250,282.65,0.0,0.0,0.0,0.0,unknown
1763110579.310442,1763110541.4969757,0.15,0,2,0,0,235.21,250,282.8,0.0,0.0,0.0,0.0,unknown
1763110579.3255663,1763110541.4969757,0.151,0,3,0,0,235.19,250,282.8,0.0,0.0,0.0,0.0,unknown
1763110579.3464983,1763110541.4969757,0.152,0,3,0,0,235.19,250,282.75,0.0,0.0,0.0,0.0,unknown
1763110579.367113,1763110541.4969757,0.151,0,3,0,0,235.19,250,282.75,0.0,0.0,0.0,0.0,unknown
1763110579.389063,1763110541.4969757,0.151,0,2,1,0,235.19,250,282.70000000000005,0.0,0.0,0.0,0.0,unknown
1763110579.4012952,1763110541.4969757,0.151,0,2,1,0,235.21,250,282.70000000000005,0.0,0.0,0.0,0.0,unknown
1763110579.4268045,1763110541.4969757,0.151,0,3,0,0,235.19,250,282.65,0.0,0.0,0.0,0.0,unknown
1763110579.443354,1763110541.4969757,0.151,0,4,0,0,235.21,250,282.65,0.0,0.0,0.0,0.0,unknown
1763110579.4603236,1763110541.4969757,0.152,0,3,1,0,235.21,250,282.75,0.0,0.0,0.0,0.0,unknown
1763110579.4812315,1763110541.4969757,0.151,0,2,0,0,235.19,250,282.75,0.0,0.0,0.0,0.0,unknown
1763110579.5103738,1763110541.4969757,0.149,0,2,0,0,235.19,250,282.75,0.0,0.0,0.0,0.0,unknown
1763110579.5403728,1763110541.4969757,0.148,0,2,0,0,235.21,250,282.75,0.0,0.0,0.0,0.0,unknown
1763110579.5613322,1763110541.4969757,0.148,0,3,0,0,235.21,250,282.85,0.0,0.0,0.0,0.0,unknown
1763110579.5780456,1763110541.4969757,0.149,0,4,0,0,235.23,250,283.0,0.0,0.0,0.0,0.0,unknown
1763110579.5933528,1763110541.4969757,0.149,0,2,0,0,235.23,250,283.05,0.0,0.0,0.0,0.0,unknown
1763110579.6135333,1763110541.4969757,0.149,0,3,0,0,235.25,250,283.0,0.0,0.0,0.0,0.0,unknown
1763110579.6344707,1763110541.4969757,0.148,0,3,0,0,235.25,250,283.05,0.0,0.0,0.0,0.0,unknown
1763110579.6487296,1763110541.4969757,0.145,0,2,0,0,235.27,250,283.15,0.0,0.0,0.0,0.0,unknown
1763110579.669271,1763110541.4969757,0.144,0,3,0,0,235.29,250,283.3,0.0,0.0,0.0,0.0,unknown
1763110579.6833546,1763110541.4969757,0.142,0,3,0,0,235.29,250,283.35,0.0,0.0,0.0,0.0,unknown
1763110579.697823,1763110541.4969757,0.144,0,3,2,0,235.24,250,283.25,0.0,0.0,0.0,0.0,unknown
1763110579.7250094,1763110541.4969757,0.144,0,3,0,0,235.24,250,283.25,0.0,0.0,0.0,0.0,unknown
1763110579.749595,1763110541.4969757,0.143,0,2,0,0,235.24,250,283.35,0.0,0.0,0.0,0.0,unknown
1763110579.771419,1763110541.4969757,0.144,0,4,0,0,235.24,250,283.45,0.0,0.0,0.0,0.0,unknown
1763110579.7871308,1763110541.4969757,0.145,0,3,0,0,235.24,250,283.5,0.0,0.0,0.0,0.0,unknown
1763110579.8022664,1763110541.4969757,0.144,0,2,0,0,235.24,250,283.55,0.0,0.0,0.0,0.0,unknown
1763110579.8132246,1763110541.4969757,0.144,0,3,0,0,235.22,250,283.6,0.0,0.0,0.0,0.0,unknown
1763110579.8335218,1763110541.4969757,0.144,0,2,0,0,235.2,250,283.55,0.0,0.0,0.0,0.0,unknown
1763110579.8637002,1763110541.4969757,0.143,0,2,1,0,235.2,250,283.65,0.0,0.0,0.0,0.0,unknown
1763110579.8875227,1763110541.4969757,0.142,0,1,1,0,235.18,250,283.79999999999995,0.0,0.0,0.0,0.0,unknown
1763110579.905764,1763110541.4969757,0.142,0,2,1,0,235.18,250,284.0,0.0,0.0,0.0,0.0,unknown
1763110579.9320734,1763110541.4969757,0.14100000000000001,0,2,0,0,235.18,250,284.05,0.0,0.0,0.0,0.0,unknown
1763110579.9562454,1763110541.4969757,0.138,0,0,0,0,235.18,250,284.05,0.0,0.0,0.0,0.0,unknown
1763110579.976001,1763110541.4969757,0.137,0,2,0,0,235.18,250,284.1,0.0,0.0,0.0,0.0,unknown
1763110579.986479,1763110541.4969757,0.137,0,3,0,0,235.16,250,284.1,0.0,0.0,0.0,0.0,unknown
1763110580.0139763,1763110541.4969757,0.139,0,3,1,0,235.18,250,284.1,0.0,0.0,0.0,0.0,unknown
1763110580.034679,1763110541.4969757,0.14,0,3,0,0,235.2,250,284.1,0.0,0.0,0.0,0.0,unknown
1763110580.0636196,1763110541.4969757,0.138,0,1,1,0,235.2,250,284.0,0.0,0.0,0.0,0.0,unknown
1763110580.0847695,1763110541.4969757,0.136,0,2,0,0,235.18,250,283.85,0.0,0.0,0.0,0.0,unknown
1763110580.0969806,1763110541.4969757,0.136,0,3,0,0,235.16,250,283.7,0.0,0.0,0.0,0.0,unknown
1763110580.1249301,1763110541.4969757,0.137,0,2,1,0,235.14,250,283.70000000000005,0.0,0.0,0.0,0.0,unknown
1763110580.1600735,1763110541.4969757,0.137,0,3,0,0,235.16,250,283.65,0.0,0.0,0.0,0.0,unknown
1763110580.1962972,1763110541.4969757,0.136,0,2,0,0,235.16,250,283.7,0.0,0.0,0.0,0.0,unknown
1763110580.2274563,1763110541.4969757,0.137,0,3,1,0,235.14,250,283.8,0.0,0.0,0.0,0.0,unknown
1763110580.242597,1763110541.4969757,0.138,0,3,0,0,235.14,250,283.79999999999995,0.0,0.0,0.0,0.0,unknown
1763110580.2530081,1763110541.4969757,0.139,0,3,1,0,235.12,250,283.85,0.0,0.0,0.0,0.0,unknown
1763110580.26487,1763110541.4969757,0.139,0,1,1,0,235.12,250,283.95,0.0,0.0,0.0,0.0,unknown
1763110580.2864416,1763110541.4969757,0.138,0,1,1,0,235.12,250,284.0,0.0,0.0,0.0,0.0,unknown
1763110580.31088,1763110541.4969757,0.136,0,1,0,0,235.1,250,284.05,0.0,0.0,0.0,0.0,unknown
1763110580.3274713,1763110541.4969757,0.136,0,2,0,0,235.1,250,283.95000000000005,0.0,0.0,0.0,0.0,unknown
1763110580.3427165,1763110541.4969757,0.135,0,0,1,0,235.12,250,283.9,0.0,0.0,0.0,0.0,unknown
1763110580.3553457,1763110541.4969757,0.134,0,2,0,0,235.1,250,283.85,0.0,0.0,0.0,0.0,unknown
1763110580.3708782,1763110541.4969757,0.134,0,3,0,0,235.08,250,283.8,0.0,0.0,0.0,0.0,unknown
1763110580.386019,1763110541.4969757,0.133,0,2,0,0,235.06,250,283.85,0.0,0.0,0.0,0.0,unknown
1763110580.401149,1763110541.4969757,0.132,0,2,0,0,235.08,250,283.95,0.0,0.0,0.0,0.0,unknown
1763110580.4158754,1763110541.4969757,0.132,0,2,1,0,235.08,250,284.05,0.0,0.0,0.0,0.0,unknown
1763110580.4262087,1763110541.4969757,0.133,0,2,2,0,235.08,250,283.95,0.0,0.0,0.0,0.0,unknown
1763110580.441336,1763110541.4969757,0.132,0,3,0,0,235.08,250,283.9,0.0,0.0,0.0,0.0,unknown
1763110580.4572906,1763110541.4969757,0.129,0,1,0,0,235.06,250,283.9,0.0,0.0,0.0,0.0,unknown
1763110580.4761786,1763110541.4969757,0.131,0,3,1,0,235.06,250,283.9,0.0,0.0,0.0,0.0,unknown
1763110580.4904137,1763110541.4969757,0.131,0,2,0,0,235.06,250,283.9,0.0,0.0,0.0,0.0,unknown
1763110580.5055532,1763110541.4969757,0.131,0,2,0,0,235.06,250,284.0,0.0,0.0,0.0,0.0,unknown
1763110580.5191472,1763110541.4969757,0.131,0,2,1,0,235.04,250,283.9,0.0,0.0,0.0,0.0,unknown
1763110580.5366054,1763110541.4969757,0.131,0,3,1,0,235.02,250,283.9,0.0,0.0,0.0,0.0,unknown
1763110580.5625443,1763110541.4969757,0.131,0,2,0,0,235.02,250,284.0,0.0,0.0,0.0,0.0,unknown
1763110580.5776744,1763110541.4969757,0.131,0,2,1,0,235.04,250,284.0,0.0,0.0,0.0,0.0,unknown
1763110580.5928159,1763110541.4969757,0.131,0,3,0,0,235.02,250,284.0,0.0,0.0,0.0,0.0,unknown
1763110580.606931,1763110541.4969757,0.133,0,4,0,0,235.02,250,283.9,0.0,0.0,0.0,0.0,unknown
1763110580.6243196,1763110541.4969757,0.134,0,4,0,0,235.02,250,283.85,0.0,0.0,0.0,0.0,unknown
1763110580.6348407,1763110541.4969757,0.133,0,2,0,0,235.02,250,283.8,0.0,0.0,0.0,0.0,unknown
1763110580.6535726,1763110541.4969757,0.132,0,3,1,0,235.04,250,283.75,0.0,0.0,0.0,0.0,unknown
1763110580.667215,1763110541.4969757,0.133,0,3,1,0,235.04,250,283.65,0.0,0.0,0.0,0.0,unknown
1763110580.684941,1763110541.4969757,0.135,0,3,1,0,235.04,250,283.6,0.0,0.0,0.0,0.0,unknown
1763110580.7184088,1763110541.4969757,0.132,0,1,0,0,235.06,250,283.5,0.0,0.0,0.0,0.0,unknown
1763110580.7331727,1763110541.4969757,0.132,0,2,1,0,235.06,250,283.45,0.0,0.0,0.0,0.0,unknown
1763110580.758755,1763110541.4969757,0.131,0,1,0,0,235.08,250,283.5,0.0,0.0,0.0,0.0,unknown
1763110580.780049,1763110541.4969757,0.131,0,3,0,0,235.08,250,283.5,0.0,0.0,0.0,0.0,unknown
1763110580.7993302,1763110541.4969757,0.131,0,2,0,0,235.1,250,283.5,0.0,0.0,0.0,0.0,unknown
1763110580.8150425,1763110541.4969757,0.13,0,2,0,0,235.08,250,283.55,0.0,0.0,0.0,0.0,unknown
1763110580.8343198,1763110541.4969757,0.131,0,2,1,0,235.06,250,283.5,0.0,0.0,0.0,0.0,unknown
1763110580.8529572,1763110541.4969757,0.131,0,3,0,0,235.04,250,283.45,0.0,0.0,0.0,0.0,unknown
1763110580.8633697,1763110541.4969757,0.132,0,2,1,0,235.02,250,283.4,0.0,0.0,0.0,0.0,unknown
1763110580.8825889,1763110541.4969757,0.135,0,2,1,0,235.02,250,283.3,0.0,0.0,0.0,0.0,unknown
1763110580.9012728,1763110541.4969757,0.135,0,2,0,0,235,250,283.2,0.0,0.0,0.0,0.0,unknown
1763110580.9200118,1763110541.4969757,0.135,0,3,0,0,235,250,283.2,0.0,0.0,0.0,0.0,unknown
1763110580.9443617,1763110541.4969757,0.132,0,1,0,0,235.02,250,283.2,0.0,0.0,0.0,0.0,unknown
1763110580.9671233,1763110541.4969757,0.13,0,1,0,0,235.02,250,283.29999999999995,0.0,0.0,0.0,0.0,unknown
1763110580.991681,1763110541.4969757,0.131,0,3,0,0,235,250,283.4,0.0,0.0,0.0,0.0,unknown
1763110581.011079,1763110541.4969757,0.13,0,1,0,0,235,250,283.35,0.0,0.0,0.0,0.0,unknown
1763110581.0314457,1763110541.4969757,0.129,0,2,0,0,235,250,283.4,0.0,0.0,0.0,0.0,unknown
1763110581.0424542,1763110541.4969757,0.129,0,2,1,0,235,250,283.45000000000005,0.0,0.0,0.0,0.0,unknown
1763110581.0575802,1763110541.4969757,0.131,0,3,2,0,234.98,250,283.45000000000005,0.0,0.0,0.0,0.0,unknown
1763110581.0727568,1763110541.4969757,0.132,0,3,0,0,234.98,250,283.35,0.0,0.0,0.0,0.0,unknown
1763110581.0880563,1763110541.4969757,0.13,0,2,0,0,234.98,250,283.25,0.0,0.0,0.0,0.0,unknown
1763110581.1063576,1763110541.4969757,0.13,0,2,1,0,234.98,250,283.25,0.0,0.0,0.0,0.0,unknown
1763110581.1359782,1763110541.4969757,0.13,0,3,1,0,235,250,283.2,0.0,0.0,0.0,0.0,unknown
1763110581.149729,1763110541.4969757,0.132,0,3,1,0,235,250,283.2,0.0,0.0,0.0,0.0,unknown
1763110581.1766098,1763110541.4969757,0.132,0,2,0,0,235,250,283.25,0.0,0.0,0.0,0.0,unknown
1763110581.1967316,1763110541.4969757,0.133,0,2,0,0,235.02,250,283.15,0.0,0.0,0.0,0.0,unknown
1763110581.2217126,1763110541.4969757,0.133,0,2,0,0,235.02,250,283.1,0.0,0.0,0.0,0.0,unknown
1763110581.2373028,1763110541.4969757,0.134,0,2,0,0,235.02,250,283.05,0.0,0.0,0.0,0.0,unknown
1763110581.2524316,1763110541.4969757,0.134,0,2,0,0,235.02,250,283.0,0.0,0.0,0.0,0.0,unknown
1763110581.2693017,1763110541.4969757,0.133,0,2,0,0,235.02,250,282.9,0.0,0.0,0.0,0.0,unknown
1763110581.289536,1763110541.4969757,0.133,0,2,0,0,235.02,250,282.75,0.0,0.0,0.0,0.0,unknown
1763110581.3046637,1763110541.4969757,0.134,0,2,1,0,235.02,250,282.7,0.0,0.0,0.0,0.0,unknown
1763110581.3273435,1763110541.4969757,0.134,0,2,1,0,235,250,282.65,0.0,0.0,0.0,0.0,unknown
1763110581.3436375,1763110541.4969757,0.133,0,2,1,0,235.02,250,282.6,0.0,0.0,0.0,0.0,unknown
1763110581.3587613,1763110541.4969757,0.133,0,2,1,0,235,250,282.55,0.0,0.0,0.0,0.0,unknown
1763110581.3695068,1763110541.4969757,0.136,0,3,1,0,235,250,282.5,0.0,0.0,0.0,0.0,unknown
1763110581.3852782,1763110541.4969757,0.135,0,2,1,0,235,250,282.5,0.0,0.0,0.0,0.0,unknown
1763110581.4102206,1763110541.4969757,0.136,0,2,1,0,234.98,250,282.4,0.0,0.0,0.0,0.0,unknown
1763110581.426162,1763110541.4969757,0.135,0,1,0,0,234.98,250,282.29999999999995,0.0,0.0,0.0,0.0,unknown
1763110581.441336,1763110541.4969757,0.136,0,3,1,0,234.96,250,282.2,0.0,0.0,0.0,0.0,unknown
1763110581.4537203,1763110541.4969757,0.135,0,3,0,0,234.96,250,282.15,0.0,0.0,0.0,0.0,unknown
1763110581.4688537,1763110541.4969757,0.135,0,2,0,0,234.98,250,282.1,0.0,0.0,0.0,0.0,unknown
1763110581.4843845,1763110541.4969757,0.135,0,3,0,0,234.96,250,282.1,0.0,0.0,0.0,0.0,unknown
1763110581.5049038,1763110541.4969757,0.134,0,2,0,0,234.96,250,282.1,0.0,0.0,0.0,0.0,unknown
1763110581.5378838,1763110541.4969757,0.132,0,2,0,0,234.94,250,282.0,0.0,0.0,0.0,0.0,unknown
1763110581.5533607,1763110541.4969757,0.131,0,3,0,0,234.94,250,281.9,0.0,0.0,0.0,0.0,unknown
1763110581.5685058,1763110541.4969757,0.131,0,2,0,0,234.92,250,281.9,0.0,0.0,0.0,0.0,unknown
1763110581.5933301,1763110541.4969757,0.13,0,3,0,0,234.92,250,281.85,0.0,0.0,0.0,0.0,unknown
1763110581.6034048,1763110541.4969757,0.128,0,2,0,0,234.94,250,281.9,0.0,0.0,0.0,0.0,unknown
1763110581.6214063,1763110541.4969757,0.128,0,4,0,0,234.96,250,281.85,0.0,0.0,0.0,0.0,unknown
1763110581.634791,1763110541.4969757,0.13,0,3,0,0,234.96,250,281.85,0.0,0.0,0.0,0.0,unknown
1763110581.6582997,1763110541.4969757,0.129,0,2,0,0,234.94,250,281.8,0.0,0.0,0.0,0.0,unknown
1763110581.6846144,1763110541.4969757,0.132,0,2,2,0,234.96,250,281.7,0.0,0.0,0.0,0.0,unknown
1763110581.702676,1763110541.4969757,0.133,0,3,1,0,234.98,250,281.6,0.0,0.0,0.0,0.0,unknown
1763110581.7178178,1763110541.4969757,0.132,0,1,0,0,234.98,250,281.45,0.0,0.0,0.0,0.0,unknown
1763110581.7291238,1763110541.4969757,0.133,0,3,0,0,234.96,250,281.25,0.0,0.0,0.0,0.0,unknown
1763110581.7435524,1763110541.4969757,0.131,0,1,0,0,234.98,250,281.05,0.0,0.0,0.0,0.0,unknown
1763110581.7677588,1763110541.4969757,0.133,0,3,2,0,234.98,250,280.9,0.0,0.0,0.0,0.0,unknown
1763110581.7903464,1763110541.4969757,0.132,0,2,0,0,234.96,250,280.8,0.0,0.0,0.0,0.0,unknown
1763110581.8157728,1763110541.4969757,0.133,0,3,1,0,234.96,250,280.7,0.0,0.0,0.0,0.0,unknown
1763110581.833645,1763110541.4969757,0.134,0,2,1,0,234.96,250,280.7,0.0,0.0,0.0,0.0,unknown
1763110581.8544939,1763110541.4969757,0.133,0,2,0,0,234.96,250,280.65,0.0,0.0,0.0,0.0,unknown
1763110581.869626,1763110541.4969757,0.133,0,1,0,0,234.94,250,280.7,0.0,0.0,0.0,0.0,unknown
1763110581.894315,1763110541.4969757,0.133,0,1,0,0,234.92,250,280.75,0.0,0.0,0.0,0.0,unknown
1763110581.9110494,1763110541.4969757,0.132,0,2,0,0,234.9,250,280.75,0.0,0.0,0.0,0.0,unknown
1763110581.926201,1763110541.4969757,0.134,0,2,1,0,234.9,250,280.85,0.0,0.0,0.0,0.0,unknown
1763110581.9413383,1763110541.4969757,0.135,0,2,1,0,234.9,250,280.95,0.0,0.0,0.0,0.0,unknown
1763110581.9604,1763110541.4969757,0.135,0,2,1,0,234.92,250,280.95,0.0,0.0,0.0,0.0,unknown
1763110581.9798162,1763110541.4969757,0.131,0,1,0,0,234.9,250,280.95,0.0,0.0,0.0,0.0,unknown
1763110582.0009513,1763110541.4969757,0.13,0,1,1,0,234.92,250,280.9,0.0,0.0,0.0,0.0,unknown
1763110582.0198758,1763110541.4969757,0.13,0,2,0,0,234.94,250,280.8,0.0,0.0,0.0,0.0,unknown
1763110582.0329585,1763110541.4969757,0.129,0,2,0,0,234.96,250,280.7,0.0,0.0,0.0,0.0,unknown
1763110582.0576282,1763110541.4969757,0.125,0,0,0,0,234.96,250,280.65,0.0,0.0,0.0,0.0,unknown
1763110582.0790944,1763110541.4969757,0.125,0,2,2,0,234.98,250,280.6,0.0,0.0,0.0,0.0,unknown
1763110582.1091597,1763110541.4969757,0.124,0,1,0,0,234.98,250,280.5,0.0,0.0,0.0,0.0,unknown
1763110582.1215339,1763110541.4969757,0.126,0,3,1,0,234.98,250,280.35,0.0,0.0,0.0,0.0,unknown
1763110582.1467474,1763110541.4969757,0.127,0,3,0,0,235,250,280.4,0.0,0.0,0.0,0.0,unknown
1763110582.1573687,1763110541.4969757,0.128,0,3,0,0,235,250,280.5,0.0,0.0,0.0,0.0,unknown
1763110582.1724892,1763110541.4969757,0.129,0,3,0,0,235.02,250,280.6,0.0,0.0,0.0,0.0,unknown
1763110582.1916842,1763110541.4969757,0.13,0,3,0,0,235.04,250,280.7,0.0,0.0,0.0,0.0,unknown
1763110582.210591,1763110541.4969757,0.131,0,2,1,0,235.06,250,280.70000000000005,0.0,0.0,0.0,0.0,unknown
1763110582.2260776,1763110541.4969757,0.131,0,2,1,0,235.06,250,280.65,0.0,0.0,0.0,0.0,unknown
1763110582.236566,1763110541.4969757,0.131,0,3,0,0,235.06,250,280.55,0.0,0.0,0.0,0.0,unknown
1763110582.255375,1763110541.4969757,0.13,0,2,0,0,235.04,250,280.5,0.0,0.0,0.0,0.0,unknown
1763110582.2662954,1763110541.4969757,0.13,0,2,1,0,235.06,250,280.5,0.0,0.0,0.0,0.0,unknown
1763110582.2814295,1763110541.4969757,0.131,0,3,2,0,235.08,250,280.55,0.0,0.0,0.0,0.0,unknown
1763110582.3111043,1763110541.4969757,0.13,0,2,0,0,235.06,250,280.65,0.0,0.0,0.0,0.0,unknown
1763110582.3221276,1763110541.4969757,0.13,0,3,0,0,235.08,250,280.7,0.0,0.0,0.0,0.0,unknown
1763110582.342046,1763110541.4969757,0.131,0,2,0,0,235.06,250,280.65,0.0,0.0,0.0,0.0,unknown
1763110582.3610766,1763110541.4969757,0.13,0,2,1,0,235.06,250,280.65,0.0,0.0,0.0,0.0,unknown
1763110582.3757517,1763110541.4969757,0.129,0,2,0,0,235.06,250,280.6,0.0,0.0,0.0,0.0,unknown
1763110582.4056315,1763110541.4969757,0.129,0,2,0,0,235.06,250,280.4,0.0,0.0,0.0,0.0,unknown
1763110582.4160204,1763110541.4969757,0.128,0,2,0,0,235.06,250,280.29999999999995,0.0,0.0,0.0,0.0,unknown
1763110582.4334333,1763110541.4969757,0.128,0,2,0,0,235.06,250,280.35,0.0,0.0,0.0,0.0,unknown
1763110582.4444442,1763110541.4969757,0.127,0,1,0,0,235.06,250,280.45000000000005,0.0,0.0,0.0,0.0,unknown
1763110582.4592414,1763110541.4969757,0.126,0,2,0,0,235.08,250,280.4,0.0,0.0,0.0,0.0,unknown
1763110582.4696436,1763110541.4969757,0.128,0,3,1,0,235.06,250,280.35,0.0,0.0,0.0,0.0,unknown
1763110582.4985712,1763110541.4969757,0.128,0,2,1,0,235.06,250,280.35,0.0,0.0,0.0,0.0,unknown
1763110582.5188224,1763110541.4969757,0.129,0,3,0,0,235.04,250,280.4,0.0,0.0,0.0,0.0,unknown
1763110582.5385249,1763110541.4969757,0.128,0,2,1,0,235.02,250,280.4,0.0,0.0,0.0,0.0,unknown
1763110582.5613303,1763110541.4969757,0.127,0,1,1,0,235.02,250,280.5,0.0,0.0,0.0,0.0,unknown
1763110582.591659,1763110541.4969757,0.128,0,3,0,0,235.02,250,280.5,0.0,0.0,0.0,0.0,unknown
1763110582.6044192,1763110541.4969757,0.127,0,2,1,0,235,250,280.5,0.0,0.0,0.0,0.0,unknown
1763110582.616927,1763110541.4969757,0.127,0,3,1,0,235,250,280.5,0.0,0.0,0.0,0.0,unknown
1763110582.641732,1763110541.4969757,0.129,0,3,0,0,234.98,250,280.6,0.0,0.0,0.0,0.0,unknown
1763110582.6598535,1763110541.4969757,0.128,0,2,0,0,234.98,250,280.6,0.0,0.0,0.0,0.0,unknown
1763110582.683664,1763110541.4969757,0.129,0,2,0,0,234.98,250,280.45,0.0,0.0,0.0,0.0,unknown
1763110582.7028239,1763110541.4969757,0.126,0,2,0,0,235,250,280.35,0.0,0.0,0.0,0.0,unknown
1763110582.7179704,1763110541.4969757,0.126,0,2,0,0,235,250,280.35,0.0,0.0,0.0,0.0,unknown
1763110582.733408,1763110541.4969757,0.124,0,2,0,0,235.02,250,280.45,0.0,0.0,0.0,0.0,unknown
1763110582.7500463,1763110541.4969757,0.124,0,3,0,0,235.02,250,280.6,0.0,0.0,0.0,0.0,unknown
1763110582.7665951,1763110541.4969757,0.125,0,2,1,0,235.02,250,280.7,0.0,0.0,0.0,0.0,unknown
1763110582.7772803,1763110541.4969757,0.127,0,1,2,0,235.02,250,280.8,0.0,0.0,0.0,0.0,unknown
1763110582.7985706,1763110541.4969757,0.129,0,3,0,0,235,250,280.8,0.0,0.0,0.0,0.0,unknown
1763110582.8277152,1763110541.4969757,0.129,0,2,0,0,235,250,280.85,0.0,0.0,0.0,0.0,unknown
1763110582.8383265,1763110541.4969757,0.129,0,2,1,0,235.02,250,280.85,0.0,0.0,0.0,0.0,unknown
1763110582.8536994,1763110541.4969757,0.13,0,4,0,0,235,250,280.9,0.0,0.0,0.0,0.0,unknown
1763110582.8773112,1763110541.4969757,0.129,0,2,0,0,234.98,250,280.85,0.0,0.0,0.0,0.0,unknown
1763110582.8981988,1763110541.4969757,0.133,0,3,2,0,234.98,250,280.85,0.0,0.0,0.0,0.0,unknown
1763110582.9188743,1763110541.4969757,0.133,0,2,0,0,234.96,250,280.8,0.0,0.0,0.0,0.0,unknown
1763110582.934043,1763110541.4969757,0.134,0,3,0,0,234.98,250,280.8,0.0,0.0,0.0,0.0,unknown
1763110582.9581406,1763110541.4969757,0.136,0,2,2,0,234.98,250,280.8,0.0,0.0,0.0,0.0,unknown
1763110582.9851553,1763110541.4969757,0.14100000000000001,0,3,2,0,234.98,250,280.9,0.0,0.0,0.0,0.0,unknown
1763110582.9981284,1763110541.4969757,0.139,0,1,1,0,234.98,250,280.95,0.0,0.0,0.0,0.0,unknown
1763110583.0195808,1763110541.4969757,0.14,0,2,0,0,234.96,250,280.95,0.0,0.0,0.0,0.0,unknown
1763110583.0377584,1763110541.4969757,0.139,0,3,0,0,234.96,250,280.95,0.0,0.0,0.0,0.0,unknown
1763110583.0540795,1763110541.4969757,0.138,0,2,0,0,234.96,250,280.85,0.0,0.0,0.0,0.0,unknown
1763110583.0793185,1763110541.4969757,0.136,0,1,0,0,234.96,250,280.7,0.0,0.0,0.0,0.0,unknown
1763110583.1061666,1763110541.4969757,0.136,0,2,1,0,234.98,250,280.75,0.0,0.0,0.0,0.0,unknown
1763110583.1209748,1763110541.4969757,0.137,0,4,0,0,235,250,280.85,0.0,0.0,0.0,0.0,unknown
1763110583.1493099,1763110541.4969757,0.137,0,3,0,0,235,250,280.85,0.0,0.0,0.0,0.0,unknown
1763110583.164441,1763110541.4969757,0.137,0,3,0,0,235.02,250,280.85,0.0,0.0,0.0,0.0,unknown
1763110583.1818871,1763110541.4969757,0.137,0,3,0,0,235.04,250,280.85,0.0,0.0,0.0,0.0,unknown
1763110583.1970387,1763110541.4969757,0.138,0,3,0,0,235.02,250,280.8,0.0,0.0,0.0,0.0,unknown
1763110583.2086792,1763110541.4969757,0.14,0,4,1,0,235.04,250,280.7,0.0,0.0,0.0,0.0,unknown
1763110583.2217038,1763110541.4969757,0.139,0,2,2,0,235.02,250,280.7,0.0,0.0,0.0,0.0,unknown
1763110583.2468178,1763110541.4969757,0.14,0,3,0,0,235.02,250,280.75,0.0,0.0,0.0,0.0,unknown
1763110583.2735465,1763110541.4969757,0.14,0,3,0,0,235.02,250,280.9,0.0,0.0,0.0,0.0,unknown
1763110583.2880688,1763110541.4969757,0.14100000000000001,0,3,0,0,235.02,250,281.0,0.0,0.0,0.0,0.0,unknown
1763110583.3097696,1763110541.4969757,0.14100000000000001,0,2,1,0,235.04,250,281.05,0.0,0.0,0.0,0.0,unknown
1763110583.3337626,1763110541.4969757,0.142,0,2,1,0,235.02,250,281.0,0.0,0.0,0.0,0.0,unknown
1763110583.3629973,1763110541.4969757,0.144,0,3,1,0,235,250,281.1,0.0,0.0,0.0,0.0,unknown
1763110583.3741372,1763110541.4969757,0.148,0,4,2,0,235.02,250,281.2,0.0,0.0,0.0,0.0,unknown
1763110583.4007754,1763110541.4969757,0.149,0,3,0,0,235.02,250,281.15,0.0,0.0,0.0,0.0,unknown
1763110583.4113512,1763110541.4969757,0.15,0,2,0,0,235.04,250,281.2,0.0,0.0,0.0,0.0,unknown
1763110583.4392703,1763110541.4969757,0.151,0,3,0,0,235.02,250,281.35,0.0,0.0,0.0,0.0,unknown
1763110583.4597359,1763110541.4969757,0.149,0,1,1,0,235.04,250,281.35,0.0,0.0,0.0,0.0,unknown
1763110583.480756,1763110541.4969757,0.148,0,2,0,0,235.06,250,281.35,0.0,0.0,0.0,0.0,unknown
1763110583.4960325,1763110541.4969757,0.147,0,2,0,0,235.04,250,281.3,0.0,0.0,0.0,0.0,unknown
1763110583.521612,1763110541.4969757,0.145,0,1,0,0,235.02,250,281.35,0.0,0.0,0.0,0.0,unknown
1763110583.5454166,1763110541.4969757,0.146,0,3,0,0,235,250,281.35,0.0,0.0,0.0,0.0,unknown
1763110583.562086,1763110541.4969757,0.146,0,3,0,0,235.02,250,281.35,0.0,0.0,0.0,0.0,unknown
1763110583.5816362,1763110541.4969757,0.148,0,4,1,0,235,250,281.4,0.0,0.0,0.0,0.0,unknown
1763110583.5929518,1763110541.4969757,0.146,0,2,0,0,234.98,250,281.5,0.0,0.0,0.0,0.0,unknown
1763110583.6133149,1763110541.4969757,0.145,0,2,0,0,235,250,281.6,0.0,0.0,0.0,0.0,unknown
1763110583.6275718,1763110541.4969757,0.146,0,2,1,0,235,250,281.7,0.0,0.0,0.0,0.0,unknown
1763110583.6421034,1763110541.4969757,0.149,0,4,1,0,234.98,250,281.8,0.0,0.0,0.0,0.0,unknown
1763110583.6573644,1763110541.4969757,0.151,0,3,1,0,234.96,250,281.75,0.0,0.0,0.0,0.0,unknown
1763110583.6775997,1763110541.4969757,0.153,0,2,2,0,234.96,250,281.85,0.0,0.0,0.0,0.0,unknown
1763110583.6949556,1763110541.4969757,0.153,0,2,0,0,234.96,250,281.9,0.0,0.0,0.0,0.0,unknown
1763110583.7087529,1763110541.4969757,0.152,0,2,0,0,234.96,250,281.8,0.0,0.0,0.0,0.0,unknown
1763110583.7306688,1763110541.4969757,0.152,0,3,0,0,234.96,250,281.8,0.0,0.0,0.0,0.0,unknown
1763110583.7507968,1763110541.4969757,0.152,0,3,0,0,234.98,250,281.85,0.0,0.0,0.0,0.0,unknown
1763110583.7741337,1763110541.4969757,0.153,0,3,1,0,235.03,250,281.85,0.0,0.0,0.0,0.0,unknown
1763110583.805602,1763110541.4969757,0.156,0,3,2,0,235.03,250,281.85,0.0,0.0,0.0,0.0,unknown
1763110583.8232765,1763110541.4969757,0.156,0,3,0,0,235.03,250,281.79999999999995,0.0,0.0,0.0,0.0,unknown
1763110583.8427832,1763110541.4969757,0.157,0,4,1,0,235.03,250,281.75,0.0,0.0,0.0,0.0,unknown
1763110583.8634846,1763110541.4969757,0.159,0,4,0,0,235.01,250,281.79999999999995,0.0,0.0,0.0,0.0,unknown
1763110583.8811116,1763110541.4969757,0.159,0,2,3,0,235.03,250,281.85,0.0,0.0,0.0,0.0,unknown
1763110583.9059591,1763110541.4969757,0.161,0,3,1,0,235.01,250,281.85,0.0,0.0,0.0,0.0,unknown
1763110583.9263036,1763110541.4969757,0.16,0,2,0,0,234.99,250,281.85,0.0,0.0,0.0,0.0,unknown
1763110583.9384093,1763110541.4969757,0.159,0,3,0,0,234.99,250,281.9,0.0,0.0,0.0,0.0,unknown
1763110583.9541888,1763110541.4969757,0.158,0,3,1,0,235.01,250,281.85,0.0,0.0,0.0,0.0,unknown
1763110583.96857,1763110541.4969757,0.159,0,3,0,0,234.99,250,281.85,0.0,0.0,0.0,0.0,unknown
1763110583.9959881,1763110541.4969757,0.16,0,3,0,0,234.99,250,282.0,0.0,0.0,0.0,0.0,unknown
1763110584.0306299,1763110541.4969757,0.161,0,3,1,0,234.99,250,282.1,0.0,0.0,0.0,0.0,unknown
1763110584.0458133,1763110541.4969757,0.161,0,1,1,0,234.97,250,282.15,0.0,0.0,0.0,0.0,unknown
1763110584.0651,1763110541.4969757,0.163,0,3,0,0,234.95,250,282.1,0.0,0.0,0.0,0.0,unknown
1763110584.0791905,1763110541.4969757,0.164,0,3,1,0,234.93,250,282.0,0.0,0.0,0.0,0.0,unknown
1763110584.098561,1763110541.4969757,0.162,0,2,0,0,234.93,250,281.9,0.0,0.0,0.0,0.0,unknown
1763110584.1096845,1763110541.4969757,0.161,0,2,0,0,234.93,250,281.85,0.0,0.0,0.0,0.0,unknown
1763110584.1253119,1763110541.4969757,0.161,0,3,0,0,234.91,250,281.85,0.0,0.0,0.0,0.0,unknown
1763110584.1531682,1763110541.4969757,0.163,0,3,2,0,234.93,250,281.9,0.0,0.0,0.0,0.0,unknown
1763110584.177306,1763110541.4969757,0.162,0,2,0,0,234.95,250,281.9,0.0,0.0,0.0,0.0,unknown
1763110584.1975129,1763110541.4969757,0.159,0,2,0,0,234.93,250,281.95,0.0,0.0,0.0,0.0,unknown
1763110584.2126443,1763110541.4969757,0.157,0,2,0,0,234.91,250,282.0,0.0,0.0,0.0,0.0,unknown
1763110584.2289438,1763110541.4969757,0.157,0,2,1,0,234.93,250,281.95,0.0,0.0,0.0,0.0,unknown
1763110584.258855,1763110541.4969757,0.158,0,3,1,0,234.91,250,281.95,0.0,0.0,0.0,0.0,unknown
1763110584.2869956,1763110541.4969757,0.158,0,3,0,0,234.91,250,282.0,0.0,0.0,0.0,0.0,unknown
1763110584.3107417,1763110541.4969757,0.158,0,3,0,0,234.91,250,282.0,0.0,0.0,0.0,0.0,unknown
1763110584.3310895,1763110541.4969757,0.157,0,2,0,0,234.93,250,282.0,0.0,0.0,0.0,0.0,unknown
1763110584.3451412,1763110541.4969757,0.156,0,3,0,0,234.91,250,282.1,0.0,0.0,0.0,0.0,unknown
1763110584.3709106,1763110541.4969757,0.154,0,4,0,0,234.91,250,282.2,0.0,0.0,0.0,0.0,unknown
1763110584.386121,1763110541.4969757,0.155,0,4,0,0,234.93,250,282.1,0.0,0.0,0.0,0.0,unknown
1763110584.3994179,1763110541.4969757,0.156,0,2,1,0,234.91,250,282.0,0.0,0.0,0.0,0.0,unknown
1763110584.42336,1763110541.4969757,0.157,0,3,1,0,234.91,250,282.0,0.0,0.0,0.0,0.0,unknown
1763110584.4394307,1763110541.4969757,0.16,0,4,1,0,234.93,250,282.0,0.0,0.0,0.0,0.0,unknown
1763110584.463803,1763110541.4969757,0.161,0,3,0,0,234.93,250,282.1,0.0,0.0,0.0,0.0,unknown
1763110584.4883735,1763110541.4969757,0.161,0,2,0,0,234.95,250,282.15,0.0,0.0,0.0,0.0,unknown
1763110584.4986465,1763110541.4969757,0.164,0,3,1,0,234.97,250,282.15,0.0,0.0,0.0,0.0,unknown
1763110584.512534,1763110541.4969757,0.164,0,2,1,0,234.95,250,282.15,0.0,0.0,0.0,0.0,unknown
1763110584.5331075,1763110541.4969757,0.165,0,3,1,0,234.93,250,282.15,0.0,0.0,0.0,0.0,unknown
1763110584.5483024,1763110541.4969757,0.164,0,3,1,0,234.95,250,282.1,0.0,0.0,0.0,0.0,unknown
1763110584.5675163,1763110541.4969757,0.164,0,2,0,0,234.93,250,282.15,0.0,0.0,0.0,0.0,unknown
1763110584.578481,1763110541.4969757,0.164,0,1,1,0,234.93,250,282.15,0.0,0.0,0.0,0.0,unknown
1763110584.601497,1763110541.4969757,0.166,0,3,2,0,234.95,250,282.15,0.0,0.0,0.0,0.0,unknown
1763110584.616682,1763110541.4969757,0.164,0,3,0,0,234.97,250,282.25,0.0,0.0,0.0,0.0,unknown
1763110584.6422899,1763110541.4969757,0.164,0,3,1,0,234.97,250,282.3,0.0,0.0,0.0,0.0,unknown
1763110584.6530755,1763110541.4969757,0.162,0,2,0,0,234.97,250,282.35,0.0,0.0,0.0,0.0,unknown
1763110584.6684368,1763110541.4969757,0.162,0,2,0,0,234.97,250,282.4,0.0,0.0,0.0,0.0,unknown
1763110584.690389,1763110541.4969757,0.163,0,2,1,0,234.97,250,282.4,0.0,0.0,0.0,0.0,unknown
1763110584.7008429,1763110541.4969757,0.163,0,2,1,0,234.97,250,282.35,0.0,0.0,0.0,0.0,unknown
1763110584.7159853,1763110541.4969757,0.164,0,3,1,0,234.97,250,282.35,0.0,0.0,0.0,0.0,unknown
1763110584.7272956,1763110541.4969757,0.164,0,3,1,0,234.97,250,282.4,0.0,0.0,0.0,0.0,unknown
1763110584.7476976,1763110541.4969757,0.165,0,4,2,0,234.97,250,282.29999999999995,0.0,0.0,0.0,0.0,unknown
1763110584.7633,1763110541.4969757,0.165,0,3,0,0,234.97,250,282.25,0.0,0.0,0.0,0.0,unknown
1763110584.778429,1763110541.4969757,0.162,0,2,0,0,234.97,250,282.15,0.0,0.0,0.0,0.0,unknown
1763110584.7965758,1763110541.4969757,0.16,0,2,0,0,234.99,250,282.1,0.0,0.0,0.0,0.0,unknown
1763110584.8153062,1763110541.4969757,0.157,0,2,0,0,234.99,250,282.1,0.0,0.0,0.0,0.0,unknown
1763110584.8368638,1763110541.4969757,0.155,0,2,0,0,234.99,250,282.2,0.0,0.0,0.0,0.0,unknown
1763110584.85709,1763110541.4969757,0.155,0,2,0,0,234.99,250,282.2,0.0,0.0,0.0,0.0,unknown
1763110584.8814547,1763110541.4969757,0.155,0,3,0,0,234.99,250,282.2,0.0,0.0,0.0,0.0,unknown
1763110584.895233,1763110541.4969757,0.155,0,3,1,0,234.99,250,282.15,0.0,0.0,0.0,0.0,unknown
1763110584.916701,1763110541.4969757,0.157,0,3,2,0,234.99,250,282.1,0.0,0.0,0.0,0.0,unknown
1763110584.9473886,1763110541.4969757,0.158,0,4,0,0,235.01,250,282.04999999999995,0.0,0.0,0.0,0.0,unknown
1763110584.967051,1763110541.4969757,0.158,0,3,1,0,235.01,250,282.2,0.0,0.0,0.0,0.0,unknown
1763110584.997113,1763110541.4969757,0.157,0,1,0,0,235.01,250,282.25,0.0,0.0,0.0,0.0,unknown
1763110585.0177338,1763110541.4969757,0.155,0,1,0,0,235.03,250,282.4,0.0,0.0,0.0,0.0,unknown
1763110585.0329676,1763110541.4969757,0.155,0,3,1,0,235.01,250,282.4,0.0,0.0,0.0,0.0,unknown
1763110585.0500164,1763110541.4969757,0.158,0,4,1,0,234.99,250,282.35,0.0,0.0,0.0,0.0,unknown
1763110585.0789309,1763110541.4969757,0.159,0,3,0,0,235.01,250,282.5,0.0,0.0,0.0,0.0,unknown
1763110585.099598,1763110541.4969757,0.157,0,1,0,0,234.99,250,282.5,0.0,0.0,0.0,0.0,unknown
1763110585.1336813,1763110541.4969757,0.154,0,2,0,0,234.99,250,282.54999999999995,0.0,0.0,0.0,0.0,unknown
1763110585.1451416,1763110541.4969757,0.156,0,3,1,0,235.01,250,282.70000000000005,0.0,0.0,0.0,0.0,unknown
1763110585.1654768,1763110541.4969757,0.157,0,3,0,0,234.99,250,282.9,0.0,0.0,0.0,0.0,unknown
1763110585.180607,1763110541.4969757,0.158,0,3,0,0,235.01,250,282.95,0.0,0.0,0.0,0.0,unknown
1763110585.203285,1763110541.4969757,0.159,0,3,1,0,235.01,250,282.9,0.0,0.0,0.0,0.0,unknown
1763110585.2294424,1763110541.4969757,0.157,0,2,0,0,235.01,250,282.75,0.0,0.0,0.0,0.0,unknown
1763110585.2487633,1763110541.4969757,0.157,0,3,0,0,235.01,250,282.65,0.0,0.0,0.0,0.0,unknown
1763110585.2594035,1763110541.4969757,0.157,0,3,0,0,235.01,250,282.55,0.0,0.0,0.0,0.0,unknown
1763110585.2839856,1763110541.4969757,0.159,0,4,0,0,235.03,250,282.65,0.0,0.0,0.0,0.0,unknown
1763110585.3181503,1763110541.4969757,0.158,0,2,0,0,235.05,250,282.55,0.0,0.0,0.0,0.0,unknown
1763110585.3349457,1763110541.4969757,0.158,0,3,1,0,235.03,250,282.5,0.0,0.0,0.0,0.0,unknown
1763110585.3500843,1763110541.4969757,0.156,0,2,0,0,235.03,250,282.55,0.0,0.0,0.0,0.0,unknown
1763110585.377994,1763110541.4969757,0.156,0,2,1,0,235.03,250,282.54999999999995,0.0,0.0,0.0,0.0,unknown
1763110585.3941488,1763110541.4969757,0.154,0,2,0,0,235.05,250,282.5,0.0,0.0,0.0,0.0,unknown
1763110585.4103584,1763110541.4969757,0.151,0,2,0,0,235.03,250,282.54999999999995,0.0,0.0,0.0,0.0,unknown
1763110585.4406328,1763110541.4969757,0.15,0,2,0,0,235.01,250,282.75,0.0,0.0,0.0,0.0,unknown
1763110585.4546182,1763110541.4969757,0.15,0,2,0,0,235.03,250,282.8,0.0,0.0,0.0,0.0,unknown
1763110585.471442,1763110541.4969757,0.149,0,3,0,0,235.05,250,282.7,0.0,0.0,0.0,0.0,unknown
1763110585.4888382,1763110541.4969757,0.148,0,2,0,0,235.07,250,282.55,0.0,0.0,0.0,0.0,unknown
1763110585.5097873,1763110541.4969757,0.147,0,3,0,0,235.07,250,282.45,0.0,0.0,0.0,0.0,unknown
1763110585.523188,1763110541.4969757,0.147,0,3,1,0,235.09,250,282.35,0.0,0.0,0.0,0.0,unknown
1763110585.5383234,1763110541.4969757,0.148,0,2,1,0,235.09,250,282.25,0.0,0.0,0.0,0.0,unknown
1763110585.5598109,1763110541.4969757,0.149,0,3,0,0,235.09,250,282.29999999999995,0.0,0.0,0.0,0.0,unknown
1763110585.5752747,1763110541.4969757,0.147,0,2,1,0,235.09,250,282.35,0.0,0.0,0.0,0.0,unknown
1763110585.5880187,1763110541.4969757,0.145,0,1,0,0,235.11,250,282.35,0.0,0.0,0.0,0.0,unknown
1763110585.6031487,1763110541.4969757,0.146,0,4,1,0,235.11,250,282.5,0.0,0.0,0.0,0.0,unknown
1763110585.6156375,1763110541.4969757,0.147,0,2,1,0,235.13,250,282.5,0.0,0.0,0.0,0.0,unknown
1763110585.632071,1763110541.4969757,0.148,0,2,1,0,235.11,250,282.45,0.0,0.0,0.0,0.0,unknown
1763110585.6452088,1763110541.4969757,0.148,0,2,1,0,235.13,250,282.5,0.0,0.0,0.0,0.0,unknown
1763110585.6726882,1763110541.4969757,0.148,0,2,1,0,235.13,250,282.54999999999995,0.0,0.0,0.0,0.0,unknown
1763110585.6864913,1763110541.4969757,0.148,0,4,0,0,235.13,250,282.45,0.0,0.0,0.0,0.0,unknown
1763110585.704458,1763110541.4969757,0.146,0,2,0,0,235.08,250,282.3,0.0,0.0,0.0,0.0,unknown
1763110585.7210155,1763110541.4969757,0.14300000000000002,0,2,1,0,235.08,250,282.25,0.0,0.0,0.0,0.0,unknown
1763110585.7315342,1763110541.4969757,0.14300000000000002,0,3,0,0,235.1,250,282.2,0.0,0.0,0.0,0.0,unknown
1763110585.746666,1763110541.4969757,0.144,0,3,0,0,235.1,250,282.2,0.0,0.0,0.0,0.0,unknown
1763110585.7705894,1763110541.4969757,0.145,0,3,0,0,235.12,250,282.1,0.0,0.0,0.0,0.0,unknown
1763110585.795279,1763110541.4969757,0.145,0,1,1,0,235.1,250,282.0,0.0,0.0,0.0,0.0,unknown
1763110585.8104022,1763110541.4969757,0.146,0,3,0,0,235.1,250,281.95,0.0,0.0,0.0,0.0,unknown
1763110585.8253133,1763110541.4969757,0.145,0,1,0,0,235.12,250,282.0,0.0,0.0,0.0,0.0,unknown
1763110585.8447697,1763110541.4969757,0.145,0,3,0,0,235.12,250,282.05,0.0,0.0,0.0,0.0,unknown
1763110585.8691626,1763110541.4969757,0.144,0,2,1,0,235.1,250,282.15,0.0,0.0,0.0,0.0,unknown
1763110585.889978,1763110541.4969757,0.144,0,3,2,0,235.12,250,282.25,0.0,0.0,0.0,0.0,unknown
1763110585.900725,1763110541.4969757,0.143,0,3,0,0,235.12,250,282.2,0.0,0.0,0.0,0.0,unknown
1763110585.9309394,1763110541.4969757,0.142,0,3,0,0,235.14,250,282.15,0.0,0.0,0.0,0.0,unknown
1763110585.9439745,1763110541.4969757,0.144,0,3,0,0,235.16,250,282.1,0.0,0.0,0.0,0.0,unknown
1763110585.9744048,1763110541.4969757,0.147,0,3,1,0,235.18,250,282.1,0.0,0.0,0.0,0.0,unknown
1763110585.9874086,1763110541.4969757,0.145,0,2,0,0,235.2,250,282.15,0.0,0.0,0.0,0.0,unknown
1763110586.0076106,1763110541.4969757,0.143,0,3,0,0,235.18,250,282.25,0.0,0.0,0.0,0.0,unknown
1763110586.029588,1763110541.4969757,0.143,0,3,0,0,235.16,250,282.2,0.0,0.0,0.0,0.0,unknown
1763110586.05028,1763110541.4969757,0.145,0,3,0,0,235.16,250,282.0,0.0,0.0,0.0,0.0,unknown
1763110586.069576,1763110541.4969757,0.145,0,2,0,0,235.16,250,281.85,0.0,0.0,0.0,0.0,unknown
1763110586.0935662,1763110541.4969757,0.145,0,3,1,0,235.16,250,281.9,0.0,0.0,0.0,0.0,unknown
1763110586.1086926,1763110541.4969757,0.146,0,3,1,0,235.18,250,281.8,0.0,0.0,0.0,0.0,unknown
1763110586.1282585,1763110541.4969757,0.147,0,3,1,0,235.18,250,281.75,0.0,0.0,0.0,0.0,unknown
1763110586.142044,1763110541.4969757,0.146,0,3,0,0,235.16,250,281.8,0.0,0.0,0.0,0.0,unknown
1763110586.1602864,1763110541.4969757,0.147,0,3,0,0,235.16,250,281.7,0.0,0.0,0.0,0.0,unknown
1763110586.1839466,1763110541.4969757,0.149,0,3,2,0,235.18,250,281.65,0.0,0.0,0.0,0.0,unknown
1763110586.2082968,1763110541.4969757,0.149,0,3,0,0,235.18,250,281.65,0.0,0.0,0.0,0.0,unknown
1763110586.234245,1763110541.4969757,0.147,0,2,0,0,235.16,250,281.65,0.0,0.0,0.0,0.0,unknown
1763110586.255217,1763110541.4969757,0.146,0,1,0,0,235.18,250,281.6,0.0,0.0,0.0,0.0,unknown
1763110586.2789476,1763110541.4969757,0.144,0,2,0,0,235.16,250,281.6,0.0,0.0,0.0,0.0,unknown
1763110586.2971113,1763110541.4969757,0.144,0,2,0,0,235.14,250,281.7,0.0,0.0,0.0,0.0,unknown
1763110586.312294,1763110541.4969757,0.143,0,2,0,0,235.16,250,281.75,0.0,0.0,0.0,0.0,unknown
1763110586.3333297,1763110541.4969757,0.144,0,2,1,0,235.14,250,281.79999999999995,0.0,0.0,0.0,0.0,unknown
1763110586.3536658,1763110541.4969757,0.146,0,3,1,0,235.14,250,281.9,0.0,0.0,0.0,0.0,unknown
1763110586.3687828,1763110541.4969757,0.146,0,2,0,0,235.12,250,281.8,0.0,0.0,0.0,0.0,unknown
1763110586.387515,1763110541.4969757,0.147,0,2,1,0,235.12,250,281.75,0.0,0.0,0.0,0.0,unknown
1763110586.415767,1763110541.4969757,0.149,0,4,1,0,235.1,250,281.75,0.0,0.0,0.0,0.0,unknown
1763110586.4546607,1763110541.4969757,0.15,0,3,0,0,235.1,250,281.75,0.0,0.0,0.0,0.0,unknown
1763110586.4860184,1763110541.4969757,0.15,0,2,1,0,235.1,250,281.75,0.0,0.0,0.0,0.0,unknown
1763110586.5137694,1763110541.4969757,0.151,0,4,1,0,235.1,250,281.8,0.0,0.0,0.0,0.0,unknown
1763110586.5403998,1763110541.4969757,0.152,0,4,0,0,235.1,250,281.7,0.0,0.0,0.0,0.0,unknown
1763110586.572878,1763110541.4969757,0.152,0,3,0,0,235.1,250,281.65,0.0,0.0,0.0,0.0,unknown
1763110586.619105,1763110541.4969757,0.154,0,4,1,0,235.1,250,281.65,0.0,0.0,0.0,0.0,unknown
1763110586.6580472,1763110541.4969757,0.157,0,4,0,0,235.08,250,281.7,0.0,0.0,0.0,0.0,unknown
1763110586.7076766,1763110541.4969757,0.155,0,3,0,0,235.06,250,281.75,0.0,0.0,0.0,0.0,unknown
1763110586.7386782,1763110541.4969757,0.155,0,3,0,0,235.08,250,281.85,0.0,0.0,0.0,0.0,unknown
1763110586.755094,1763110541.4969757,0.156,0,3,1,0,235.08,250,281.9,0.0,0.0,0.0,0.0,unknown
1763110586.8208675,1763110541.4969757,0.156,0,3,0,0,235.1,250,281.85,0.0,0.0,0.0,0.0,unknown
1763110586.8363764,1763110541.4969757,0.157,0,3,1,0,235.08,250,281.75,0.0,0.0,0.0,0.0,unknown
1763110586.8897672,1763110541.4969757,0.157,0,3,1,0,235.06,250,281.7,0.0,0.0,0.0,0.0,unknown
1763110586.9121695,1763110541.4969757,0.158,0,3,0,0,235.08,250,281.6,0.0,0.0,0.0,0.0,unknown
1763110586.9725316,1763110541.4969757,0.157,0,2,0,0,235.1,250,281.6,0.0,0.0,0.0,0.0,unknown
1763110587.037626,1763110541.4969757,0.157,0,3,0,0,235.1,250,281.6,0.0,0.0,0.0,0.0,unknown
1763110587.081656,1763110541.4969757,0.157,0,3,0,0,235.12,250,281.65,0.0,0.0,0.0,0.0,unknown
1763110587.1207752,1763110541.4969757,0.157,0,3,0,0,235.1,250,281.75,0.0,0.0,0.0,0.0,unknown
1763110587.151469,1763110541.4969757,0.158,0,2,1,0,235.12,250,281.85,0.0,0.0,0.0,0.0,unknown
1763110587.1859212,1763110541.4969757,0.16,0,4,1,0,235.14,250,281.85,0.0,0.0,0.0,0.0,unknown
1763110587.238921,1763110541.4969757,0.164,0,4,1,0,235.12,250,281.85,0.0,0.0,0.0,0.0,unknown
1763110587.2818677,1763110541.4969757,0.164,0,3,0,0,235.1,250,281.85,0.0,0.0,0.0,0.0,unknown
1763110587.3027525,1763110541.4969757,0.164,0,3,0,0,235.1,250,281.85,0.0,0.0,0.0,0.0,unknown
1763110587.3619232,1763110541.4969757,0.163,0,3,1,0,235.1,250,281.85,0.0,0.0,0.0,0.0,unknown
1763110587.417976,1763110541.4969757,0.164,0,3,1,0,235.1,250,281.9,0.0,0.0,0.0,0.0,unknown
1763110587.480412,1763110541.4969757,0.165,0,4,0,0,235.1,250,281.8,0.0,0.0,0.0,0.0,unknown
1763110587.5162916,1763110541.4969757,0.164,0,1,1,0,235.1,250,281.8,0.0,0.0,0.0,0.0,unknown
1763110587.5524378,1763110541.4969757,0.163,0,3,0,0,235.1,250,281.75,0.0,0.0,0.0,0.0,unknown
1763110587.601128,1763110541.4969757,0.163,0,2,0,0,235.1,250,281.75,0.0,0.0,0.0,0.0,unknown
1763110587.6269035,1763110541.4969757,0.162,0,2,0,0,235.12,250,281.75,0.0,0.0,0.0,0.0,unknown
1763110587.6981454,1763110541.4969757,0.161,0,2,0,0,235.1,250,281.6,0.0,0.0,0.0,0.0,unknown
1763110587.7645578,1763110541.4969757,0.161,0,3,0,0,235.12,250,281.65,0.0,0.0,0.0,0.0,unknown
1763110587.7797084,1763110541.4969757,0.162,0,3,0,0,235.1,250,281.65,0.0,0.0,0.0,0.0,unknown
1763110587.8050027,1763110541.4969757,0.161,0,3,0,0,235.08,250,281.6,0.0,0.0,0.0,0.0,unknown
1763110587.833372,1763110541.4969757,0.16,0,2,1,0,235.1,250,281.54999999999995,0.0,0.0,0.0,0.0,unknown
1763110587.881704,1763110541.4969757,0.161,0,3,2,0,235.1,250,281.5,0.0,0.0,0.0,0.0,unknown
1763110587.8999238,1763110541.4969757,0.16,0,2,0,0,235.12,250,281.4,0.0,0.0,0.0,0.0,unknown
1763110587.923937,1763110541.4969757,0.16,0,3,0,0,235.14,250,281.5,0.0,0.0,0.0,0.0,unknown
1763110587.9496758,1763110541.4969757,0.156,0,1,0,0,235.14,250,281.6,0.0,0.0,0.0,0.0,unknown
1763110587.9650598,1763110541.4969757,0.156,0,3,0,0,235.12,250,281.75,0.0,0.0,0.0,0.0,unknown
1763110587.9806712,1763110541.4969757,0.158,0,3,1,0,235.12,250,281.7,0.0,0.0,0.0,0.0,unknown
1763110588.009555,1763110541.4969757,0.159,0,2,0,0,235.1,250,281.7,0.0,0.0,0.0,0.0,unknown
1763110588.060633,1763110541.4969757,0.16,0,3,0,0,235.12,250,281.65,0.0,0.0,0.0,0.0,unknown
1763110588.09223,1763110541.4969757,0.161,0,2,1,0,235.1,250,281.65,0.0,0.0,0.0,0.0,unknown
1763110588.131545,1763110541.4969757,0.163,0,2,2,0,235.1,250,281.6,0.0,0.0,0.0,0.0,unknown
1763110588.152135,1763110541.4969757,0.162,0,2,0,0,235.1,250,281.54999999999995,0.0,0.0,0.0,0.0,unknown
1763110588.1807566,1763110541.4969757,0.16,0,2,0,0,235.1,250,281.55,0.0,0.0,0.0,0.0,unknown
1763110588.216609,1763110541.4969757,0.16,0,1,1,0,235.12,250,281.4,0.0,0.0,0.0,0.0,unknown
1763110588.2796512,1763110541.4969757,0.162,0,3,2,0,235.12,250,281.4,0.0,0.0,0.0,0.0,unknown
1763110588.3672347,1763110541.4969757,0.159,0,2,0,0,235.12,250,281.45,0.0,0.0,0.0,0.0,unknown
1763110588.4183547,1763110541.4969757,0.158,0,2,0,0,235.12,250,281.54999999999995,0.0,0.0,0.0,0.0,unknown
1763110588.4716678,1763110541.4969757,0.158,0,3,0,0,235.12,250,281.54999999999995,0.0,0.0,0.0,0.0,unknown
1763110588.5292857,1763110541.4969757,0.157,0,3,1,0,235.1,250,281.7,0.0,0.0,0.0,0.0,unknown
1763110588.5587184,1763110541.4969757,0.157,0,2,2,0,235.12,250,281.8,0.0,0.0,0.0,0.0,unknown
1763110588.5990787,1763110541.4969757,0.156,0,2,0,0,235.1,250,281.75,0.0,0.0,0.0,0.0,unknown
1763110588.6196237,1763110541.4969757,0.155,0,3,1,0,235.12,250,281.7,0.0,0.0,0.0,0.0,unknown
1763110588.6676493,1763110541.4969757,0.154,0,3,0,0,235.12,250,281.7,0.0,0.0,0.0,0.0,unknown
1763110588.6881893,1763110541.4969757,0.153,0,2,0,0,235.14,250,281.55,0.0,0.0,0.0,0.0,unknown
1763110588.7504427,1763110541.4969757,0.153,0,2,1,0,235.14,250,281.55,0.0,0.0,0.0,0.0,unknown
1763110588.8089118,1763110541.4969757,0.153,0,3,1,0,235.16,250,281.6,0.0,0.0,0.0,0.0,unknown
1763110588.844053,1763110541.4969757,0.155,0,4,1,0,235.14,250,281.65,0.0,0.0,0.0,0.0,unknown
1763110588.8973324,1763110541.4969757,0.155,0,4,0,0,235.16,250,281.65,0.0,0.0,0.0,0.0,unknown
1763110588.9497082,1763110541.4969757,0.152,0,1,0,0,235.16,250,281.75,0.0,0.0,0.0,0.0,unknown
1763110588.995692,1763110541.4969757,0.152,0,3,0,0,235.18,250,281.9,0.0,0.0,0.0,0.0,unknown
1763110589.0113425,1763110541.4969757,0.154,0,2,2,0,235.2,250,282.0,0.0,0.0,0.0,0.0,unknown
1763110589.067067,1763110541.4969757,0.154,0,2,1,0,235.18,250,282.05,0.0,0.0,0.0,0.0,unknown
1763110589.117731,1763110541.4969757,0.153,0,1,1,0,235.18,250,281.95,0.0,0.0,0.0,0.0,unknown
1763110589.1457777,1763110541.4969757,0.155,0,3,2,0,235.18,250,281.95,0.0,0.0,0.0,0.0,unknown
1763110589.1798317,1763110541.4969757,0.155,0,2,1,0,235.18,250,282.05,0.0,0.0,0.0,0.0,unknown
1763110589.2366877,1763110541.4969757,0.154,0,3,1,0,235.2,250,282.1,0.0,0.0,0.0,0.0,unknown
1763110589.281232,1763110541.4969757,0.152,0,3,0,0,235.2,250,282.1,0.0,0.0,0.0,0.0,unknown
1763110589.356172,1763110541.4969757,0.152,0,3,0,0,235.2,250,282.15,0.0,0.0,0.0,0.0,unknown
1763110589.3832722,1763110541.4969757,0.151,0,2,0,0,235.2,250,282.1,0.0,0.0,0.0,0.0,unknown
1763110589.396016,1763110541.4969757,0.15,0,2,1,0,235.2,250,282.05,0.0,0.0,0.0,0.0,unknown
1763110589.4114215,1763110541.4969757,0.15,0,3,1,0,235.22,250,282.0,0.0,0.0,0.0,0.0,unknown
1763110589.4531896,1763110541.4969757,0.152,0,5,1,0,235.2,250,282.1,0.0,0.0,0.0,0.0,unknown
1763110589.4863644,1763110541.4969757,0.153,0,3,0,0,235.18,250,282.05,0.0,0.0,0.0,0.0,unknown
1763110589.504999,1763110541.4969757,0.154,0,3,1,0,235.16,250,282.0,0.0,0.0,0.0,0.0,unknown
1763110589.5397148,1763110541.4969757,0.157,0,3,2,0,235.16,250,281.95000000000005,0.0,0.0,0.0,0.0,unknown
1763110589.583443,1763110541.4969757,0.159,0,3,1,0,235.18,250,281.85,0.0,0.0,0.0,0.0,unknown
1763110589.624458,1763110541.4969757,0.161,0,3,1,0,235.2,250,281.8,0.0,0.0,0.0,0.0,unknown
1763110589.672166,1763110541.4969757,0.164,0,5,1,0,235.22,250,281.95,0.0,0.0,0.0,0.0,unknown
1763110589.71841,1763110541.4969757,0.166,0,3,2,0,235.22,250,282.0,0.0,0.0,0.0,0.0,unknown
1763110589.738898,1763110541.4969757,0.166,0,3,0,0,235.2,250,282.0,0.0,0.0,0.0,0.0,unknown
1763110589.7816744,1763110541.4969757,0.167,0,3,1,0,235.2,250,282.04999999999995,0.0,0.0,0.0,0.0,unknown
1763110589.8096824,1763110541.4969757,0.165,0,3,0,0,235.22,250,282.0,0.0,0.0,0.0,0.0,unknown
1763110589.843661,1763110541.4969757,0.168,0,4,1,0,235.24,250,281.9,0.0,0.0,0.0,0.0,unknown
1763110589.8814404,1763110541.4969757,0.171,0,3,3,0,235.26,250,281.85,0.0,0.0,0.0,0.0,unknown
1763110589.9461043,1763110541.4969757,0.17400000000000002,0,3,1,0,235.24,250,281.85,0.0,0.0,0.0,0.0,unknown
1763110589.9820306,1763110541.4969757,0.17400000000000002,0,3,0,0,235.24,250,281.85,0.0,0.0,0.0,0.0,unknown
1763110590.0396965,1763110541.4969757,0.17400000000000002,0,4,0,0,235.24,250,281.9,0.0,0.0,0.0,0.0,unknown
1763110590.0671504,1763110541.4969757,0.17300000000000001,0,1,0,0,235.22,250,281.9,0.0,0.0,0.0,0.0,unknown
1763110590.0908659,1763110541.4969757,0.17400000000000002,0,3,1,0,235.22,250,281.9,0.0,0.0,0.0,0.0,unknown
1763110590.146868,1763110541.4969757,0.17400000000000002,0,3,0,0,235.22,250,281.85,0.0,0.0,0.0,0.0,unknown
1763110590.2060437,1763110541.4969757,0.17400000000000002,0,3,1,0,235.2,250,281.85,0.0,0.0,0.0,0.0,unknown
1763110590.2316647,1763110541.4969757,0.177,0,3,2,0,235.2,250,281.85,0.0,0.0,0.0,0.0,unknown
1763110590.2842577,1763110541.4969757,0.178,0,2,1,0,235.2,250,281.8,0.0,0.0,0.0,0.0,unknown
1763110590.2947083,1763110541.4969757,0.18,0,4,0,0,235.22,250,281.9,0.0,0.0,0.0,0.0,unknown
1763110590.3258843,1763110541.4969757,0.178,0,2,1,0,235.22,250,281.9,0.0,0.0,0.0,0.0,unknown
1763110590.3948863,1763110541.4969757,0.182,0,3,3,0,235.22,250,282.0,0.0,0.0,0.0,0.0,unknown
1763110590.4309225,1763110541.4969757,0.183,0,2,1,0,235.24,250,282.05,0.0,0.0,0.0,0.0,unknown
1763110590.504349,1763110541.4969757,0.183,0,3,0,0,235.24,250,282.0,0.0,0.0,0.0,0.0,unknown
1763110590.5293834,1763110541.4969757,0.182,0,3,0,0,235.24,250,282.0,0.0,0.0,0.0,0.0,unknown
1763110590.5884666,1763110541.4969757,0.182,0,3,1,0,235.26,250,282.1,0.0,0.0,0.0,0.0,unknown
1763110590.6297872,1763110541.4969757,0.183,0,2,1,0,235.28,250,282.15,0.0,0.0,0.0,0.0,unknown
1763110590.6528053,1763110541.4969757,0.182,0,2,1,0,235.28,250,282.15,0.0,0.0,0.0,0.0,unknown
1763110590.6881597,1763110541.4969757,0.183,0,4,0,0,235.3,250,282.1,0.0,0.0,0.0,0.0,unknown
1763110590.7662363,1763110541.4969757,0.184,0,3,0,0,235.3,250,282.1,0.0,0.0,0.0,0.0,unknown
1763110590.8360014,1763110541.4969757,0.184,0,2,1,0,235.28,250,282.0,0.0,0.0,0.0,0.0,unknown
1763110590.8798916,1763110541.4969757,0.184,0,3,1,0,235.26,250,281.95,0.0,0.0,0.0,0.0,unknown
1763110590.905754,1763110541.4969757,0.181,0,2,0,0,235.26,250,281.9,0.0,0.0,0.0,0.0,unknown
1763110590.9235148,1763110541.4969757,0.181,0,3,1,0,235.28,250,281.95,0.0,0.0,0.0,0.0,unknown
1763110591.009195,1763110541.4969757,0.184,0,3,1,0,235.28,250,281.9,0.0,0.0,0.0,0.0,unknown
1763110591.073653,1763110541.4969757,0.183,0,2,0,0,235.28,250,281.95,0.0,0.0,0.0,0.0,unknown
1763110591.1182547,1763110541.4969757,0.182,0,3,0,0,235.26,250,282.0,0.0,0.0,0.0,0.0,unknown
1763110591.1751165,1763110541.4969757,0.182,0,2,1,0,235.26,250,281.95000000000005,0.0,0.0,0.0,0.0,unknown
1763110591.2010348,1763110541.4969757,0.182,0,2,0,0,235.24,250,281.95000000000005,0.0,0.0,0.0,0.0,unknown
1763110591.2337515,1763110541.4969757,0.18,0,3,0,0,235.26,250,281.95000000000005,0.0,0.0,0.0,0.0,unknown
1763110591.274694,1763110541.4969757,0.181,0,3,1,0,235.24,250,281.7,0.0,0.0,0.0,0.0,unknown
1763110591.2895722,1763110541.4969757,0.183,0,4,2,0,235.22,250,281.5,0.0,0.0,0.0,0.0,unknown
1763110591.3202658,1763110541.4969757,0.185,0,4,1,0,235.24,250,281.55,0.0,0.0,0.0,0.0,unknown
1763110591.3723054,1763110541.4969757,0.186,0,4,0,0,235.24,250,281.6,0.0,0.0,0.0,0.0,unknown
1763110591.449685,1763110541.4969757,0.188,0,4,0,0,235.24,250,281.55,0.0,0.0,0.0,0.0,unknown
1763110591.533821,1763110541.4969757,0.189,0,3,1,0,235.24,250,281.55,0.0,0.0,0.0,0.0,unknown
1763110591.571233,1763110541.4969757,0.188,0,3,0,0,235.22,250,281.5,0.0,0.0,0.0,0.0,unknown
1763110591.6197789,1763110541.4969757,0.185,0,3,0,0,235.2,250,281.5,0.0,0.0,0.0,0.0,unknown
1763110591.6508496,1763110541.4969757,0.185,0,2,1,0,235.2,250,281.55,0.0,0.0,0.0,0.0,unknown
1763110591.698323,1763110541.4969757,0.184,0,3,0,0,235.18,250,281.55,0.0,0.0,0.0,0.0,unknown
1763110591.7532966,1763110541.4969757,0.182,0,3,0,0,235.18,250,281.55,0.0,0.0,0.0,0.0,unknown
1763110591.7740507,1763110541.4969757,0.183,0,4,1,0,235.18,250,281.6,0.0,0.0,0.0,0.0,unknown
1763110591.859391,1763110541.4969757,0.182,0,3,0,0,235.2,250,281.65,0.0,0.0,0.0,0.0,unknown
1763110591.914743,1763110541.4969757,0.18,0,4,0,0,235.2,250,281.7,0.0,0.0,0.0,0.0,unknown
1763110591.9480562,1763110541.4969757,0.18,0,3,2,0,235.2,250,281.7,0.0,0.0,0.0,0.0,unknown
1763110591.994168,1763110541.4969757,0.182,0,3,2,0,235.2,250,281.79999999999995,0.0,0.0,0.0,0.0,unknown
1763110592.0436566,1763110541.4969757,0.182,0,3,1,0,235.2,250,281.79999999999995,0.0,0.0,0.0,0.0,unknown
1763110592.129235,1763110541.4969757,0.181,0,2,0,0,235.2,250,281.9,0.0,0.0,0.0,0.0,unknown
1763110592.145284,1763110541.4969757,0.181,0,4,1,0,235.18,250,282.15,0.0,0.0,0.0,0.0,unknown
1763110592.1697645,1763110541.4969757,0.18,0,4,1,0,235.16,250,282.20000000000005,0.0,0.0,0.0,0.0,unknown
1763110592.2871983,1763110541.4969757,0.181,0,3,2,0,235.14,250,282.1,0.0,0.0,0.0,0.0,unknown
1763110592.3192623,1763110541.4969757,0.181,0,3,0,0,235.14,250,282.0,0.0,0.0,0.0,0.0,unknown
1763110592.3857596,1763110541.4969757,0.181,0,3,1,0,235.14,250,282.0,0.0,0.0,0.0,0.0,unknown
1763110592.4069295,1763110541.4969757,0.184,0,2,2,0,235.14,250,282.05,0.0,0.0,0.0,0.0,unknown
1763110592.4324706,1763110541.4969757,0.184,0,3,1,0,235.14,250,282.0,0.0,0.0,0.0,0.0,unknown
1763110592.4722054,1763110541.4969757,0.184,0,2,1,0,235.14,250,281.85,0.0,0.0,0.0,0.0,unknown
1763110592.4980896,1763110541.4969757,0.185,0,3,2,0,235.12,250,281.85,0.0,0.0,0.0,0.0,unknown
1763110592.5508654,1763110541.4969757,0.186,0,4,2,0,235.1,250,281.9,0.0,0.0,0.0,0.0,unknown
1763110592.5765686,1763110541.4969757,0.187,0,3,1,0,235.1,250,281.9,0.0,0.0,0.0,0.0,unknown
1763110592.6117191,1763110541.4969757,0.187,0,3,1,0,235.1,250,281.9,0.0,0.0,0.0,0.0,unknown
1763110592.6527748,1763110541.4969757,0.19,0,4,2,0,235.1,250,281.8,0.0,0.0,0.0,0.0,unknown
1763110592.6806304,1763110541.4969757,0.188,0,3,1,0,235.1,250,281.8,0.0,0.0,0.0,0.0,unknown
1763110592.7152743,1763110541.4969757,0.19,0,3,2,0,235.08,250,281.8,0.0,0.0,0.0,0.0,unknown
1763110592.7510836,1763110541.4969757,0.19,0,3,0,0,235.08,250,281.8,0.0,0.0,0.0,0.0,unknown
1763110592.7680845,1763110541.4969757,0.191,0,4,0,0,235.1,250,281.7,0.0,0.0,0.0,0.0,unknown
1763110592.8046184,1763110541.4969757,0.191,0,3,1,0,235.1,250,281.65,0.0,0.0,0.0,0.0,unknown
1763110592.8302598,1763110541.4969757,0.194,0,4,2,0,235.1,250,281.65,0.0,0.0,0.0,0.0,unknown
1763110592.8741405,1763110541.4969757,0.195,0,4,0,0,235.08,250,281.70000000000005,0.0,0.0,0.0,0.0,unknown
1763110592.8964894,1763110541.4969757,0.194,0,3,0,0,235.06,250,281.65,0.0,0.0,0.0,0.0,unknown
1763110592.942563,1763110541.4969757,0.196,0,3,2,0,235.04,250,281.75,0.0,0.0,0.0,0.0,unknown
1763110592.9733987,1763110541.4969757,0.197,0,2,2,0,235.02,250,281.65,0.0,0.0,0.0,0.0,unknown
1763110593.0253875,1763110541.4969757,0.195,0,2,0,0,235.02,250,281.65,0.0,0.0,0.0,0.0,unknown
1763110593.086377,1763110541.4969757,0.196,0,3,0,0,235.02,250,281.55,0.0,0.0,0.0,0.0,unknown
1763110593.1273274,1763110541.4969757,0.196,0,3,1,0,235,250,281.65,0.0,0.0,0.0,0.0,unknown
1763110593.1800961,1763110541.4969757,0.195,0,3,0,0,235,250,281.6,0.0,0.0,0.0,0.0,unknown
1763110593.2350578,1763110541.4969757,0.197,0,3,1,0,235,250,281.55,0.0,0.0,0.0,0.0,unknown
1763110593.2832465,1763110541.4969757,0.198,0,3,1,0,234.98,250,281.45,0.0,0.0,0.0,0.0,unknown
1763110593.2987285,1763110541.4969757,0.198,0,3,0,0,234.98,250,281.4,0.0,0.0,0.0,0.0,unknown
1763110593.3344986,1763110541.4969757,0.198,0,2,0,0,235,250,281.55,0.0,0.0,0.0,0.0,unknown
1763110593.3921273,1763110541.4969757,0.198,0,3,0,0,234.98,250,281.55,0.0,0.0,0.0,0.0,unknown
1763110593.4391434,1763110541.4969757,0.198,0,3,1,0,235,250,281.45,0.0,0.0,0.0,0.0,unknown
1763110593.4834867,1763110541.4969757,0.194,0,2,0,0,234.98,250,281.4,0.0,0.0,0.0,0.0,unknown
1763110593.5366225,1763110541.4969757,0.192,0,3,0,0,234.98,250,281.3,0.0,0.0,0.0,0.0,unknown
1763110593.5774627,1763110541.4969757,0.191,0,3,0,0,234.98,250,281.2,0.0,0.0,0.0,0.0,unknown
1763110593.5980444,1763110541.4969757,0.192,0,4,1,0,235,250,281.15,0.0,0.0,0.0,0.0,unknown
1763110593.671615,1763110541.4969757,0.193,0,4,1,0,234.98,250,281.05,0.0,0.0,0.0,0.0,unknown
1763110593.7047884,1763110541.4969757,0.195,0,3,2,0,234.96,250,281.05,0.0,0.0,0.0,0.0,unknown
1763110593.7655053,1763110541.4969757,0.197,0,5,0,0,234.96,250,281.0,0.0,0.0,0.0,0.0,unknown
1763110593.8014662,1763110541.4969757,0.199,0,4,1,0,234.98,250,281.0,0.0,0.0,0.0,0.0,unknown
1763110593.8242753,1763110541.4969757,0.201,0,5,0,0,235,250,280.95,0.0,0.0,0.0,0.0,unknown
1763110593.9550042,1763110541.4969757,0.201,0,1,2,0,235,250,281.0,0.0,0.0,0.0,0.0,unknown
1763110594.0005767,1763110541.4969757,0.199,0,3,0,0,235,250,281.0,0.0,0.0,0.0,0.0,unknown
1763110594.0340953,1763110541.4969757,0.2,0,4,0,0,234.98,250,281.1,0.0,0.0,0.0,0.0,unknown
1763110594.0754642,1763110541.4969757,0.201,0,4,1,0,234.98,250,281.2,0.0,0.0,0.0,0.0,unknown
1763110594.1364014,1763110541.4969757,0.199,0,3,0,0,234.98,250,281.2,0.0,0.0,0.0,0.0,unknown
1763110594.2248719,1763110541.4969757,0.199,0,4,1,0,234.98,250,281.2,0.0,0.0,0.0,0.0,unknown
1763110594.2506917,1763110541.4969757,0.198,0,3,0,0,234.96,250,281.2,0.0,0.0,0.0,0.0,unknown
1763110594.3287277,1763110541.4969757,0.2,0,4,0,0,234.94,250,281.25,0.0,0.0,0.0,0.0,unknown
1763110594.3940277,1763110541.4969757,0.2,0,4,1,0,234.92,250,281.2,0.0,0.0,0.0,0.0,unknown
1763110594.4146283,1763110541.4969757,0.201,0,4,2,0,234.92,250,281.2,0.0,0.0,0.0,0.0,unknown
1763110594.4402535,1763110541.4969757,0.2,0,3,1,0,234.92,250,281.25,0.0,0.0,0.0,0.0,unknown
1763110594.482447,1763110541.4969757,0.201,0,3,1,0,234.94,250,281.3,0.0,0.0,0.0,0.0,unknown
1763110594.5612643,1763110541.4969757,0.2,0,3,0,0,234.96,250,281.3,0.0,0.0,0.0,0.0,unknown
1763110594.5919805,1763110541.4969757,0.199,0,3,0,0,234.96,250,281.4,0.0,0.0,0.0,0.0,unknown
1763110594.6305652,1763110541.4969757,0.197,0,2,0,0,234.98,250,281.3,0.0,0.0,0.0,0.0,unknown
1763110594.6760821,1763110541.4969757,0.197,0,3,0,0,234.98,250,281.4,0.0,0.0,0.0,0.0,unknown
1763110594.6968093,1763110541.4969757,0.196,0,4,0,0,234.98,250,281.45,0.0,0.0,0.0,0.0,unknown
1763110594.7224903,1763110541.4969757,0.196,0,5,1,0,235,250,281.45,0.0,0.0,0.0,0.0,unknown
1763110594.773442,1763110541.4969757,0.195,0,3,0,0,234.98,250,281.45,0.0,0.0,0.0,0.0,unknown
1763110594.8344095,1763110541.4969757,0.195,0,3,1,0,234.98,250,281.4,0.0,0.0,0.0,0.0,unknown
1763110594.8550797,1763110541.4969757,0.193,0,4,0,0,234.96,250,281.45,0.0,0.0,0.0,0.0,unknown
1763110594.8987803,1763110541.4969757,0.194,0,5,0,0,234.98,250,281.35,0.0,0.0,0.0,0.0,unknown
1763110594.935867,1763110541.4969757,0.193,0,4,0,0,234.96,250,281.25,0.0,0.0,0.0,0.0,unknown
1763110594.9572084,1763110541.4969757,0.194,0,4,0,0,234.98,250,281.29999999999995,0.0,0.0,0.0,0.0,unknown
1763110594.9777324,1763110541.4969757,0.194,0,4,0,0,234.96,250,281.35,0.0,0.0,0.0,0.0,unknown
1763110595.0155418,1763110541.4969757,0.193,0,3,0,0,234.96,250,281.35,0.0,0.0,0.0,0.0,unknown
1763110595.076155,1763110541.4969757,0.191,0,4,0,0,234.94,250,281.25,0.0,0.0,0.0,0.0,unknown
1763110595.107488,1763110541.4969757,0.19,0,3,0,0,234.94,250,281.2,0.0,0.0,0.0,0.0,unknown
1763110595.1657398,1763110541.4969757,0.191,0,4,0,0,234.94,250,281.3,0.0,0.0,0.0,0.0,unknown
1763110595.2385073,1763110541.4969757,0.19,0,3,1,0,234.94,250,281.25,0.0,0.0,0.0,0.0,unknown
1763110595.280051,1763110541.4969757,0.189,0,3,0,0,234.96,250,281.35,0.0,0.0,0.0,0.0,unknown
1763110595.3006425,1763110541.4969757,0.19,0,3,0,0,234.96,250,281.45,0.0,0.0,0.0,0.0,unknown
1763110595.331542,1763110541.4969757,0.192,0,4,1,0,234.94,250,281.54999999999995,0.0,0.0,0.0,0.0,unknown
1763110595.3568065,1763110541.4969757,0.192,0,4,0,0,234.94,250,281.65,0.0,0.0,0.0,0.0,unknown
1763110595.3852262,1763110541.4969757,0.192,0,3,0,0,234.94,250,281.65,0.0,0.0,0.0,0.0,unknown
1763110595.405739,1763110541.4969757,0.19,0,2,0,0,234.94,250,281.54999999999995,0.0,0.0,0.0,0.0,unknown
1763110595.4300618,1763110541.4969757,0.19,0,4,0,0,234.94,250,281.55,0.0,0.0,0.0,0.0,unknown
1763110595.4505558,1763110541.4969757,0.191,0,4,0,0,234.94,250,281.65,0.0,0.0,0.0,0.0,unknown
1763110595.5315485,1763110541.4969757,0.192,0,3,0,0,234.96,250,281.65,0.0,0.0,0.0,0.0,unknown
1763110595.5531013,1763110541.4969757,0.193,0,4,0,0,234.96,250,281.65,0.0,0.0,0.0,0.0,unknown
1763110595.5737371,1763110541.4969757,0.192,0,3,0,0,234.98,250,281.75,0.0,0.0,0.0,0.0,unknown
1763110595.594849,1763110541.4969757,0.194,0,4,0,0,234.98,250,281.9,0.0,0.0,0.0,0.0,unknown
1763110595.631282,1763110541.4969757,0.194,0,3,0,0,234.96,250,281.95,0.0,0.0,0.0,0.0,unknown
1763110595.6722593,1763110541.4969757,0.196,0,5,0,0,234.98,250,281.85,0.0,0.0,0.0,0.0,unknown
1763110595.6958458,1763110541.4969757,0.194,0,3,0,0,234.98,250,281.9,0.0,0.0,0.0,0.0,unknown
1763110595.7236435,1763110541.4969757,0.194,0,4,1,0,234.98,250,281.9,0.0,0.0,0.0,0.0,unknown
1763110595.7545986,1763110541.4969757,0.192,0,3,0,0,234.98,250,281.95,0.0,0.0,0.0,0.0,unknown
1763110595.7757623,1763110541.4969757,0.191,0,4,0,0,234.98,250,282.0,0.0,0.0,0.0,0.0,unknown
1763110595.8382366,1763110541.4969757,0.189,0,3,0,0,234.96,250,282.0,0.0,0.0,0.0,0.0,unknown
1763110595.9013734,1763110541.4969757,0.188,0,4,0,0,234.96,250,282.05,0.0,0.0,0.0,0.0,unknown
1763110595.9544632,1763110541.4969757,0.188,0,2,1,0,234.96,250,282.1,0.0,0.0,0.0,0.0,unknown
1763110595.975031,1763110541.4969757,0.189,0,4,0,0,234.96,250,282.05,0.0,0.0,0.0,0.0,unknown
1763110596.0137348,1763110541.4969757,0.187,0,2,0,0,234.94,250,282.1,0.0,0.0,0.0,0.0,unknown
1763110596.0395532,1763110541.4969757,0.185,0,3,0,0,234.94,250,282.05,0.0,0.0,0.0,0.0,unknown
1763110596.0585113,1763110541.4969757,0.185,0,3,0,0,234.94,250,282.0,0.0,0.0,0.0,0.0,unknown
1763110596.0848749,1763110541.4969757,0.184,0,3,1,0,234.96,250,281.95000000000005,0.0,0.0,0.0,0.0,unknown
1763110596.1055212,1763110541.4969757,0.184,0,3,0,0,234.94,250,281.9,0.0,0.0,0.0,0.0,unknown
1763110596.137709,1763110541.4969757,0.184,0,4,0,0,234.94,250,281.85,0.0,0.0,0.0,0.0,unknown
1763110596.2057533,1763110541.4969757,0.183,0,4,0,0,234.96,250,281.7,0.0,0.0,0.0,0.0,unknown
1763110596.2329304,1763110541.4969757,0.182,0,4,1,0,234.96,250,281.7,0.0,0.0,0.0,0.0,unknown
1763110596.2851398,1763110541.4969757,0.183,0,4,1,0,234.96,250,281.7,0.0,0.0,0.0,0.0,unknown
1763110596.339863,1763110541.4969757,0.183,0,4,0,0,234.96,250,281.65,0.0,0.0,0.0,0.0,unknown
1763110596.3989384,1763110541.4969757,0.182,0,2,0,0,234.96,250,281.6,0.0,0.0,0.0,0.0,unknown
1763110596.4246142,1763110541.4969757,0.183,0,3,1,0,234.96,250,281.45000000000005,0.0,0.0,0.0,0.0,unknown
1763110596.47409,1763110541.4969757,0.186,0,5,0,0,234.96,250,281.45,0.0,0.0,0.0,0.0,unknown
1763110596.4987113,1763110541.4969757,0.186,0,3,0,0,234.98,250,281.55,0.0,0.0,0.0,0.0,unknown
1763110596.5738225,1763110541.4969757,0.187,0,4,1,0,235,250,281.65,0.0,0.0,0.0,0.0,unknown
1763110596.6282673,1763110541.4969757,0.184,0,3,0,0,235,250,281.6,0.0,0.0,0.0,0.0,unknown
1763110596.6834297,1763110541.4969757,0.184,0,3,0,0,235.02,250,281.6,0.0,0.0,0.0,0.0,unknown
1763110596.7344308,1763110541.4969757,0.184,0,3,1,0,235.02,250,281.65,0.0,0.0,0.0,0.0,unknown
1763110596.7734032,1763110541.4969757,0.184,0,4,0,0,235.02,250,281.7,0.0,0.0,0.0,0.0,unknown
1763110596.788868,1763110541.4969757,0.183,0,3,1,0,235,250,281.7,0.0,0.0,0.0,0.0,unknown
1763110596.8196075,1763110541.4969757,0.183,0,4,0,0,235,250,281.7,0.0,0.0,0.0,0.0,unknown
1763110596.8605442,1763110541.4969757,0.183,0,4,0,0,234.98,250,281.75,0.0,0.0,0.0,0.0,unknown
1763110596.9247653,1763110541.4969757,0.183,0,4,0,0,234.96,250,281.7,0.0,0.0,0.0,0.0,unknown
1763110596.9504974,1763110541.4969757,0.183,0,3,0,0,234.96,250,281.7,0.0,0.0,0.0,0.0,unknown
1763110596.9687898,1763110541.4969757,0.183,0,3,1,0,234.96,250,281.65,0.0,0.0,0.0,0.0,unknown
1763110597.0268714,1763110541.4969757,0.184,0,4,0,0,234.96,250,281.6,0.0,0.0,0.0,0.0,unknown
1763110597.0688472,1763110541.4969757,0.182,0,2,0,0,234.98,250,281.65,0.0,0.0,0.0,0.0,unknown
1763110597.144526,1763110541.4969757,0.181,0,2,1,0,235,250,281.65,0.0,0.0,0.0,0.0,unknown
1763110597.1706789,1763110541.4969757,0.182,0,3,1,0,235,250,281.7,0.0,0.0,0.0,0.0,unknown
1763110597.2016995,1763110541.4969757,0.182,0,3,0,0,235,250,281.65,0.0,0.0,0.0,0.0,unknown
1763110597.2517765,1763110541.4969757,0.181,0,4,0,0,235,250,281.75,0.0,0.0,0.0,0.0,unknown
1763110597.2732222,1763110541.4969757,0.18,0,3,0,0,235.02,250,281.65,0.0,0.0,0.0,0.0,unknown
1763110597.3173425,1763110541.4969757,0.182,0,4,1,0,235,250,281.7,0.0,0.0,0.0,0.0,unknown
1763110597.3611486,1763110541.4969757,0.183,0,3,0,0,235,250,281.7,0.0,0.0,0.0,0.0,unknown
1763110597.4270303,1763110541.4969757,0.182,0,3,0,0,235,250,281.8,0.0,0.0,0.0,0.0,unknown
1763110597.4881704,1763110541.4969757,0.182,0,4,0,0,235,250,281.95,0.0,0.0,0.0,0.0,unknown
1763110597.5388503,1763110541.4969757,0.183,0,4,0,0,235,250,281.9,0.0,0.0,0.0,0.0,unknown
1763110597.5840306,1763110541.4969757,0.182,0,3,0,0,235.02,250,281.75,0.0,0.0,0.0,0.0,unknown
1763110597.6455703,1763110541.4969757,0.183,0,4,0,0,235.02,250,281.7,0.0,0.0,0.0,0.0,unknown
1763110597.6685836,1763110541.4969757,0.182,0,3,0,0,235.04,250,281.8,0.0,0.0,0.0,0.0,unknown
1763110597.710437,1763110541.4969757,0.182,0,3,0,0,235.04,250,281.9,0.0,0.0,0.0,0.0,unknown
1763110597.737724,1763110541.4969757,0.178,0,1,0,0,235.02,250,281.9,0.0,0.0,0.0,0.0,unknown
1763110597.7860887,1763110541.4969757,0.178,0,3,0,0,235,250,281.9,0.0,0.0,0.0,0.0,unknown
1763110597.8313622,1763110541.4969757,0.17500000000000002,0,2,0,0,235.02,250,281.95,0.0,0.0,0.0,0.0,unknown
1763110597.8519046,1763110541.4969757,0.17400000000000002,0,2,0,0,235.02,250,281.95,0.0,0.0,0.0,0.0,unknown
1763110597.921914,1763110541.4969757,0.17300000000000001,0,3,0,0,235.02,250,282.0,0.0,0.0,0.0,0.0,unknown
1763110597.9593456,1763110541.4969757,0.17400000000000002,0,3,1,0,235,250,282.1,0.0,0.0,0.0,0.0,unknown
1763110597.9901552,1763110541.4969757,0.17200000000000001,0,2,0,0,235,250,282.2,0.0,0.0,0.0,0.0,unknown
1763110598.0115545,1763110541.4969757,0.17200000000000001,0,3,0,0,235,250,282.20000000000005,0.0,0.0,0.0,0.0,unknown
1763110598.067689,1763110541.4969757,0.17200000000000001,0,3,1,0,234.98,250,282.20000000000005,0.0,0.0,0.0,0.0,unknown
1763110598.109098,1763110541.4969757,0.17500000000000002,0,4,1,0,234.98,250,282.15,0.0,0.0,0.0,0.0,unknown
1763110598.1245327,1763110541.4969757,0.17500000000000002,0,3,0,0,234.96,250,282.04999999999995,0.0,0.0,0.0,0.0,unknown
1763110598.182524,1763110541.4969757,0.176,0,4,0,0,234.94,250,282.15,0.0,0.0,0.0,0.0,unknown
1763110598.2241502,1763110541.4969757,0.176,0,3,1,0,234.94,250,282.15,0.0,0.0,0.0,0.0,unknown
1763110598.239684,1763110541.4969757,0.177,0,4,0,0,234.94,250,282.1,0.0,0.0,0.0,0.0,unknown
1763110598.280638,1763110541.4969757,0.177,0,4,0,0,234.94,250,282.04999999999995,0.0,0.0,0.0,0.0,unknown
1763110598.3101714,1763110541.4969757,0.177,0,4,0,0,234.94,250,282.15,0.0,0.0,0.0,0.0,unknown
1763110598.3585575,1763110541.4969757,0.17500000000000002,0,2,1,0,234.92,250,282.15,0.0,0.0,0.0,0.0,unknown
1763110598.3893492,1763110541.4969757,0.17300000000000001,0,3,0,0,234.94,250,282.1,0.0,0.0,0.0,0.0,unknown
1763110598.4094195,1763110541.4969757,0.17200000000000001,0,3,0,0,234.94,250,282.1,0.0,0.0,0.0,0.0,unknown
1763110598.4299705,1763110541.4969757,0.17300000000000001,0,3,0,0,234.92,250,282.15,0.0,0.0,0.0,0.0,unknown
1763110598.4768171,1763110541.4969757,0.17300000000000001,0,4,0,0,234.94,250,282.1,0.0,0.0,0.0,0.0,unknown
1763110598.5113213,1763110541.4969757,0.171,0,3,0,0,234.94,250,282.04999999999995,0.0,0.0,0.0,0.0,unknown
1763110598.5678482,1763110541.4969757,0.17200000000000001,0,4,0,0,234.96,250,281.95,0.0,0.0,0.0,0.0,unknown
1763110598.6016357,1763110541.4969757,0.171,0,4,0,0,234.98,250,282.0,0.0,0.0,0.0,0.0,unknown
1763110598.6390178,1763110541.4969757,0.171,0,3,0,0,234.96,250,281.95,0.0,0.0,0.0,0.0,unknown
1763110598.66984,1763110541.4969757,0.171,0,3,0,0,234.96,250,281.9,0.0,0.0,0.0,0.0,unknown
1763110598.706788,1763110541.4969757,0.17,0,2,1,0,234.96,250,281.95000000000005,0.0,0.0,0.0,0.0,unknown
1763110598.7426915,1763110541.4969757,0.17,0,4,0,0,234.98,250,281.85,0.0,0.0,0.0,0.0,unknown
1763110598.77179,1763110541.4969757,0.17,0,4,0,0,234.98,250,281.9,0.0,0.0,0.0,0.0,unknown
1763110598.7923996,1763110541.4969757,0.169,0,3,0,0,234.98,250,282.0,0.0,0.0,0.0,0.0,unknown
1763110598.8306816,1763110541.4969757,0.169,0,4,0,0,234.96,250,282.0,0.0,0.0,0.0,0.0,unknown
1763110598.8695302,1763110541.4969757,0.167,0,2,0,0,234.98,250,282.05,0.0,0.0,0.0,0.0,unknown
1763110598.9003663,1763110541.4969757,0.167,0,3,0,0,234.98,250,282.15,0.0,0.0,0.0,0.0,unknown
1763110598.93114,1763110541.4969757,0.167,0,3,1,0,234.98,250,282.20000000000005,0.0,0.0,0.0,0.0,unknown
1763110598.98797,1763110541.4969757,0.167,0,3,1,0,234.98,250,282.3,0.0,0.0,0.0,0.0,unknown
1763110599.0086725,1763110541.4969757,0.169,0,3,1,0,234.96,250,282.25,0.0,0.0,0.0,0.0,unknown
1763110599.0380454,1763110541.4969757,0.17,0,4,0,0,234.96,250,282.29999999999995,0.0,0.0,0.0,0.0,unknown
1763110599.0637991,1763110541.4969757,0.17,0,4,0,0,234.94,250,282.25,0.0,0.0,0.0,0.0,unknown
1763110599.0946019,1763110541.4969757,0.17,0,3,0,0,234.96,250,282.25,0.0,0.0,0.0,0.0,unknown
1763110599.1129606,1763110541.4969757,0.171,0,4,1,0,234.96,250,282.25,0.0,0.0,0.0,0.0,unknown
1763110599.1471505,1763110541.4969757,0.17,0,2,0,0,234.96,250,282.15,0.0,0.0,0.0,0.0,unknown
1763110599.1825466,1763110541.4969757,0.169,0,4,0,0,234.98,250,282.15,0.0,0.0,0.0,0.0,unknown
1763110599.2052462,1763110541.4969757,0.169,0,3,0,0,234.98,250,282.15,0.0,0.0,0.0,0.0,unknown
1763110599.2570074,1763110541.4969757,0.169,0,3,0,0,235,250,282.25,0.0,0.0,0.0,0.0,unknown
1763110599.316138,1763110541.4969757,0.169,0,4,0,0,234.98,250,282.25,0.0,0.0,0.0,0.0,unknown
1763110599.3453064,1763110541.4969757,0.169,0,4,0,0,234.98,250,282.15,0.0,0.0,0.0,0.0,unknown
1763110599.365928,1763110541.4969757,0.17,0,4,0,0,234.98,250,282.05,0.0,0.0,0.0,0.0,unknown
1763110599.398268,1763110541.4969757,0.169,0,3,0,0,234.96,250,282.15,0.0,0.0,0.0,0.0,unknown
1763110599.4555728,1763110541.4969757,0.17,0,4,0,0,234.98,250,282.15,0.0,0.0,0.0,0.0,unknown
1763110599.4966366,1763110541.4969757,0.17,0,3,0,0,235,250,282.1,0.0,0.0,0.0,0.0,unknown
1763110599.5082533,1763110541.4969757,0.17200000000000001,0,3,0,0,235,250,282.2,0.0,0.0,0.0,0.0,unknown
1763110599.5287774,1763110541.4969757,0.171,0,2,0,0,235,250,282.25,0.0,0.0,0.0,0.0,unknown
1763110599.5494328,1763110541.4969757,0.171,0,2,0,0,234.98,250,282.3,0.0,0.0,0.0,0.0,unknown
1763110599.5878341,1763110541.4969757,0.17400000000000002,0,4,1,0,235,250,282.3,0.0,0.0,0.0,0.0,unknown
1763110599.6340837,1763110541.4969757,0.17400000000000002,0,2,1,0,235.02,250,282.3,0.0,0.0,0.0,0.0,unknown
1763110599.7057476,1763110541.4969757,0.17300000000000001,0,2,1,0,235.02,250,282.35,0.0,0.0,0.0,0.0,unknown
1763110599.7263148,1763110541.4969757,0.17400000000000002,0,3,0,0,235.04,250,282.35,0.0,0.0,0.0,0.0,unknown
1763110599.7689059,1763110541.4969757,0.17400000000000002,0,3,0,0,235.04,250,282.35,0.0,0.0,0.0,0.0,unknown
1763110599.8078165,1763110541.4969757,0.17300000000000001,0,3,0,0,235.04,250,282.4,0.0,0.0,0.0,0.0,unknown
1763110599.86237,1763110541.4969757,0.171,0,3,0,0,235.06,250,282.4,0.0,0.0,0.0,0.0,unknown
1763110599.8765101,1763110541.4969757,0.17200000000000001,0,3,1,0,235.04,250,282.4,0.0,0.0,0.0,0.0,unknown
1763110599.9377398,1763110541.4969757,0.17,0,2,0,0,235.04,250,282.45,0.0,0.0,0.0,0.0,unknown
1763110599.9686687,1763110541.4969757,0.171,0,4,1,0,235.04,250,282.35,0.0,0.0,0.0,0.0,unknown
1763110599.9874141,1763110541.4969757,0.171,0,4,0,0,235.06,250,282.4,0.0,0.0,0.0,0.0,unknown
1763110600.002905,1763110541.4969757,0.17,0,3,0,0,235.04,250,282.35,0.0,0.0,0.0,0.0,unknown
1763110600.0235412,1763110541.4969757,0.17,0,4,0,0,235.02,250,282.25,0.0,0.0,0.0,0.0,unknown
1763110600.064399,1763110541.4969757,0.169,0,2,0,0,235.04,250,282.2,0.0,0.0,0.0,0.0,unknown
1763110600.1176867,1763110541.4969757,0.168,0,2,0,0,235.04,250,282.2,0.0,0.0,0.0,0.0,unknown
1763110600.1603284,1763110541.4969757,0.166,0,1,0,0,235.06,250,282.35,0.0,0.0,0.0,0.0,unknown
1763110600.1910696,1763110541.4969757,0.166,0,3,0,0,235.06,250,282.35,0.0,0.0,0.0,0.0,unknown
1763110600.2158754,1763110541.4969757,0.165,0,3,0,0,235.06,250,282.5,0.0,0.0,0.0,0.0,unknown
1763110600.2465878,1763110541.4969757,0.165,0,3,0,0,235.06,250,282.5,0.0,0.0,0.0,0.0,unknown
1763110600.2763085,1763110541.4969757,0.163,0,2,0,0,235.06,250,282.45,0.0,0.0,0.0,0.0,unknown
1763110600.307685,1763110541.4969757,0.162,0,2,1,0,235.04,250,282.35,0.0,0.0,0.0,0.0,unknown
1763110600.335705,1763110541.4969757,0.163,0,3,1,0,235.04,250,282.4,0.0,0.0,0.0,0.0,unknown
1763110600.3721392,1763110541.4969757,0.161,0,1,0,0,235.02,250,282.45000000000005,0.0,0.0,0.0,0.0,unknown
1763110600.4605453,1763110541.4969757,0.162,0,3,1,0,235,250,282.35,0.0,0.0,0.0,0.0,unknown
1763110600.4829206,1763110541.4969757,0.161,0,3,0,0,235,250,282.35,0.0,0.0,0.0,0.0,unknown
1763110600.5188978,1763110541.4969757,0.16,0,3,0,0,235,250,282.35,0.0,0.0,0.0,0.0,unknown
1763110600.5567436,1763110541.4969757,0.161,0,4,0,0,235,250,282.35,0.0,0.0,0.0,0.0,unknown
1763110600.5910046,1763110541.4969757,0.16,0,3,0,0,235.02,250,282.3,0.0,0.0,0.0,0.0,unknown
1763110600.6066115,1763110541.4969757,0.161,0,3,0,0,235.04,250,282.35,0.0,0.0,0.0,0.0,unknown
1763110600.655961,1763110541.4969757,0.162,0,3,1,0,235.02,250,282.3,0.0,0.0,0.0,0.0,unknown
1763110600.681956,1763110541.4969757,0.16,0,2,0,0,235.04,250,282.3,0.0,0.0,0.0,0.0,unknown
1763110600.7025704,1763110541.4969757,0.158,0,2,0,0,235.06,250,282.3,0.0,0.0,0.0,0.0,unknown
1763110600.7203138,1763110541.4969757,0.157,0,3,0,0,235.04,250,282.35,0.0,0.0,0.0,0.0,unknown
1763110600.746602,1763110541.4969757,0.155,0,2,0,0,235.04,250,282.4,0.0,0.0,0.0,0.0,unknown
1763110600.8532755,1763110541.4969757,0.154,0,3,0,0,235.06,250,282.4,0.0,0.0,0.0,0.0,unknown
1763110600.8772933,1763110541.4969757,0.154,0,3,0,0,235.04,250,282.35,0.0,0.0,0.0,0.0,unknown
1763110600.9203835,1763110541.4969757,0.151,0,2,0,0,235.06,250,282.35,0.0,0.0,0.0,0.0,unknown
1763110600.9665697,1763110541.4969757,0.154,0,4,1,0,235.04,250,282.35,0.0,0.0,0.0,0.0,unknown
1763110600.9965675,1763110541.4969757,0.152,0,2,0,0,235.06,250,282.3,0.0,0.0,0.0,0.0,unknown
1763110601.0325835,1763110541.4969757,0.152,0,3,0,0,235.04,250,282.3,0.0,0.0,0.0,0.0,unknown
1763110601.049714,1763110541.4969757,0.153,0,4,0,0,235.04,250,282.25,0.0,0.0,0.0,0.0,unknown
1763110601.0785437,1763110541.4969757,0.153,0,4,0,0,235.06,250,282.2,0.0,0.0,0.0,0.0,unknown
1763110601.126789,1763110541.4969757,0.152,0,3,0,0,235.04,250,282.25,0.0,0.0,0.0,0.0,unknown
1763110601.1424,1763110541.4969757,0.151,0,3,0,0,235.04,250,282.4,0.0,0.0,0.0,0.0,unknown
1763110601.1681054,1763110541.4969757,0.153,0,4,1,0,235.04,250,282.55,0.0,0.0,0.0,0.0,unknown
1763110601.178317,1763110541.4969757,0.152,0,3,0,0,235.04,250,282.55,0.0,0.0,0.0,0.0,unknown
1763110601.235515,1763110541.4969757,0.151,0,1,1,0,235.04,250,282.55,0.0,0.0,0.0,0.0,unknown
1763110601.3046837,1763110541.4969757,0.152,0,3,1,0,235.06,250,282.55,0.0,0.0,0.0,0.0,unknown
1763110601.3314722,1763110541.4969757,0.153,0,2,1,0,235.06,250,282.55,0.0,0.0,0.0,0.0,unknown
1763110601.3676014,1763110541.4969757,0.154,0,3,0,0,235.06,250,282.6,0.0,0.0,0.0,0.0,unknown
1763110601.3984458,1763110541.4969757,0.152,0,3,0,0,235.06,250,282.6,0.0,0.0,0.0,0.0,unknown
1763110601.4521804,1763110541.4969757,0.151,0,2,0,0,235.06,250,282.6,0.0,0.0,0.0,0.0,unknown
1763110601.5111113,1763110541.4969757,0.15,0,2,0,0,235.08,250,282.55,0.0,0.0,0.0,0.0,unknown
1763110601.541988,1763110541.4969757,0.149,0,2,0,0,235.06,250,282.55,0.0,0.0,0.0,0.0,unknown
1763110601.5693278,1763110541.4969757,0.15,0,4,0,0,235.04,250,282.5,0.0,0.0,0.0,0.0,unknown
1763110601.6176374,1763110541.4969757,0.151,0,3,1,0,235.06,250,282.45,0.0,0.0,0.0,0.0,unknown
1763110601.6575997,1763110541.4969757,0.152,0,3,1,0,235.06,250,282.5,0.0,0.0,0.0,0.0,unknown
1763110601.7035708,1763110541.4969757,0.154,0,4,2,0,235.08,250,282.6,0.0,0.0,0.0,0.0,unknown
1763110601.7202265,1763110541.4969757,0.156,0,3,1,0,235.1,250,282.6,0.0,0.0,0.0,0.0,unknown
1763110601.7511864,1763110541.4969757,0.154,0,2,1,0,235.1,250,282.6,0.0,0.0,0.0,0.0,unknown
1763110601.7668102,1763110541.4969757,0.154,0,4,0,0,235.12,250,282.7,0.0,0.0,0.0,0.0,unknown
1763110601.8245,1763110541.4969757,0.155,0,4,0,0,235.12,250,282.7,0.0,0.0,0.0,0.0,unknown
1763110601.9078727,1763110541.4969757,0.154,0,3,0,0,235.12,250,282.65,0.0,0.0,0.0,0.0,unknown
1763110601.9658725,1763110541.4969757,0.154,0,2,0,0,235.12,250,282.7,0.0,0.0,0.0,0.0,unknown
1763110601.9864721,1763110541.4969757,0.155,0,3,0,0,235.12,250,282.7,0.0,0.0,0.0,0.0,unknown
1763110602.036588,1763110541.4969757,0.158,0,3,1,0,235.1,250,282.75,0.0,0.0,0.0,0.0,unknown
1763110602.0772383,1763110541.4969757,0.158,0,3,0,0,235.12,250,282.65,0.0,0.0,0.0,0.0,unknown
1763110602.1277413,1763110541.4969757,0.158,0,3,0,0,235.12,250,282.70000000000005,0.0,0.0,0.0,0.0,unknown
1763110602.1545768,1763110541.4969757,0.158,0,3,0,0,235.12,250,282.85,0.0,0.0,0.0,0.0,unknown
1763110602.1820164,1763110541.4969757,0.159,0,3,0,0,235.12,250,282.85,0.0,0.0,0.0,0.0,unknown
1763110602.2381227,1763110541.4969757,0.159,0,3,0,0,235.1,250,282.65,0.0,0.0,0.0,0.0,unknown
1763110602.2743375,1763110541.4969757,0.157,0,2,0,0,235.12,250,282.65,0.0,0.0,0.0,0.0,unknown
1763110602.3637483,1763110541.4969757,0.158,0,2,0,0,235.14,250,282.55,0.0,0.0,0.0,0.0,unknown
1763110602.3911684,1763110541.4969757,0.155,0,1,0,0,235.12,250,282.45,0.0,0.0,0.0,0.0,unknown
1763110602.411158,1763110541.4969757,0.153,0,1,0,0,235.12,250,282.5,0.0,0.0,0.0,0.0,unknown
1763110602.4242654,1763110541.4969757,0.153,0,2,1,0,235.1,250,282.45,0.0,0.0,0.0,0.0,unknown
1763110602.444272,1763110541.4969757,0.151,0,2,0,0,235.12,250,282.4,0.0,0.0,0.0,0.0,unknown
1763110602.4593086,1763110541.4969757,0.152,0,4,0,0,235.14,250,282.45,0.0,0.0,0.0,0.0,unknown
1763110602.4723597,1763110541.4969757,0.153,0,4,0,0,235.14,250,282.35,0.0,0.0,0.0,0.0,unknown
1763110602.4898593,1763110541.4969757,0.152,0,3,0,0,235.12,250,282.20000000000005,0.0,0.0,0.0,0.0,unknown
1763110602.504065,1763110541.4969757,0.153,0,3,0,0,235.14,250,282.15,0.0,0.0,0.0,0.0,unknown
1763110602.5257623,1763110541.4969757,0.154,0,3,0,0,235.12,250,282.0,0.0,0.0,0.0,0.0,unknown
1763110602.5598598,1763110541.4969757,0.153,0,2,0,0,235.14,250,282.0,0.0,0.0,0.0,0.0,unknown
1763110602.585685,1763110541.4969757,0.155,0,3,1,0,235.16,250,282.1,0.0,0.0,0.0,0.0,unknown
1763110602.606087,1763110541.4969757,0.153,0,1,0,0,235.18,250,282.04999999999995,0.0,0.0,0.0,0.0,unknown
1763110602.6243622,1763110541.4969757,0.154,0,4,0,0,235.16,250,281.9,0.0,0.0,0.0,0.0,unknown
1763110602.6453176,1763110541.4969757,0.155,0,3,0,0,235.16,250,281.9,0.0,0.0,0.0,0.0,unknown
1763110602.6642008,1763110541.4969757,0.153,0,2,1,0,235.16,250,281.95,0.0,0.0,0.0,0.0,unknown
1763110602.6872046,1763110541.4969757,0.153,0,2,0,0,235.16,250,282.0,0.0,0.0,0.0,0.0,unknown
1763110602.7279701,1763110541.4969757,0.152,0,2,0,0,235.14,250,282.1,0.0,0.0,0.0,0.0,unknown
1763110602.7534196,1763110541.4969757,0.15,0,2,0,0,235.12,250,282.0,0.0,0.0,0.0,0.0,unknown
1763110602.7753022,1763110541.4969757,0.149,0,3,0,0,235.14,250,281.9,0.0,0.0,0.0,0.0,unknown
1763110602.795348,1763110541.4969757,0.148,0,2,0,0,235.12,250,281.9,0.0,0.0,0.0,0.0,unknown
1763110602.805445,1763110541.4969757,0.148,0,2,1,0,235.12,250,281.95,0.0,0.0,0.0,0.0,unknown
1763110602.8630226,1763110541.4969757,0.144,0,1,0,0,235.14,250,281.95,0.0,0.0,0.0,0.0,unknown
1763110602.8989747,1763110541.4969757,0.144,0,3,0,0,235.12,250,281.95,0.0,0.0,0.0,0.0,unknown
1763110602.9298162,1763110541.4969757,0.144,0,2,0,0,235.12,250,281.9,0.0,0.0,0.0,0.0,unknown
1763110602.9758306,1763110541.4969757,0.144,0,4,0,0,235.12,250,281.9,0.0,0.0,0.0,0.0,unknown
1763110603.0117383,1763110541.4969757,0.145,0,4,0,0,235.12,250,281.8,0.0,0.0,0.0,0.0,unknown
1763110603.0462415,1763110541.4969757,0.14300000000000002,0,1,0,0,235.14,250,281.75,0.0,0.0,0.0,0.0,unknown
1763110603.071681,1763110541.4969757,0.14300000000000002,0,2,1,0,235.14,250,281.8,0.0,0.0,0.0,0.0,unknown
1763110603.0863357,1763110541.4969757,0.14200000000000002,0,1,0,0,235.14,250,281.85,0.0,0.0,0.0,0.0,unknown
1763110603.1039314,1763110541.4969757,0.14100000000000001,0,1,0,0,235.16,250,281.7,0.0,0.0,0.0,0.0,unknown
1763110603.1287055,1763110541.4969757,0.14100000000000001,0,2,0,0,235.16,250,281.7,0.0,0.0,0.0,0.0,unknown
1763110603.145661,1763110541.4969757,0.139,0,2,0,0,235.18,250,281.65,0.0,0.0,0.0,0.0,unknown
1763110603.157596,1763110541.4969757,0.138,0,3,0,0,235.18,250,281.65,0.0,0.0,0.0,0.0,unknown
1763110603.1843078,1763110541.4969757,0.138,0,3,1,0,235.16,250,281.6,0.0,0.0,0.0,0.0,unknown
1763110603.20159,1763110541.4969757,0.134,0,2,0,0,235.18,250,281.54999999999995,0.0,0.0,0.0,0.0,unknown
1763110603.2189171,1763110541.4969757,0.134,0,3,1,0,235.18,250,281.6,0.0,0.0,0.0,0.0,unknown
1763110603.2333314,1763110541.4969757,0.136,0,3,2,0,235.16,250,281.70000000000005,0.0,0.0,0.0,0.0,unknown
1763110603.2484703,1763110541.4969757,0.135,0,3,0,0,235.16,250,281.70000000000005,0.0,0.0,0.0,0.0,unknown
1763110603.2715373,1763110541.4969757,0.134,0,2,1,0,235.16,250,281.75,0.0,0.0,0.0,0.0,unknown
1763110603.2978714,1763110541.4969757,0.135,0,3,1,0,235.18,250,281.79999999999995,0.0,0.0,0.0,0.0,unknown
1763110603.32686,1763110541.4969757,0.136,0,3,0,0,235.18,250,281.79999999999995,0.0,0.0,0.0,0.0,unknown
1763110603.3420198,1763110541.4969757,0.137,0,3,1,0,235.18,250,281.85,0.0,0.0,0.0,0.0,unknown
1763110603.3574386,1763110541.4969757,0.136,0,3,0,0,235.18,250,281.79999999999995,0.0,0.0,0.0,0.0,unknown
1763110603.376043,1763110541.4969757,0.136,0,3,0,0,235.16,250,281.8,0.0,0.0,0.0,0.0,unknown
1763110603.3885155,1763110541.4969757,0.136,0,3,0,0,235.18,250,281.8,0.0,0.0,0.0,0.0,unknown
1763110603.401242,1763110541.4969757,0.136,0,2,1,0,235.18,250,281.9,0.0,0.0,0.0,0.0,unknown
1763110603.4278738,1763110541.4969757,0.135,0,2,0,0,235.16,250,281.95000000000005,0.0,0.0,0.0,0.0,unknown
1763110603.439915,1763110541.4969757,0.133,0,1,0,0,235.18,250,281.95,0.0,0.0,0.0,0.0,unknown
1763110603.4550753,1763110541.4969757,0.133,0,2,0,0,235.2,250,281.9,0.0,0.0,0.0,0.0,unknown
1763110603.465866,1763110541.4969757,0.133,0,2,0,0,235.22,250,281.79999999999995,0.0,0.0,0.0,0.0,unknown
1763110603.4840162,1763110541.4969757,0.135,0,3,0,0,235.22,250,281.95,0.0,0.0,0.0,0.0,unknown
1763110603.4988096,1763110541.4969757,0.138,0,4,0,0,235.2,250,282.0,0.0,0.0,0.0,0.0,unknown
1763110603.5091934,1763110541.4969757,0.136,0,1,0,0,235.2,250,282.0,0.0,0.0,0.0,0.0,unknown
1763110603.5232694,1763110541.4969757,0.136,0,1,1,0,235.2,250,282.0,0.0,0.0,0.0,0.0,unknown
1763110603.544814,1763110541.4969757,0.136,0,4,0,0,235.2,250,282.05,0.0,0.0,0.0,0.0,unknown
1763110603.5552363,1763110541.4969757,0.134,0,2,0,0,235.18,250,282.0,0.0,0.0,0.0,0.0,unknown
1763110603.5706692,1763110541.4969757,0.133,0,2,0,0,235.2,250,282.0,0.0,0.0,0.0,0.0,unknown
1763110603.5858037,1763110541.4969757,0.133,0,3,0,0,235.2,250,282.1,0.0,0.0,0.0,0.0,unknown
1763110603.5972536,1763110541.4969757,0.134,0,3,1,0,235.18,250,282.15,0.0,0.0,0.0,0.0,unknown
1763110603.6117432,1763110541.4969757,0.135,0,3,0,0,235.18,250,282.15,0.0,0.0,0.0,0.0,unknown
1763110603.6367931,1763110541.4969757,0.133,0,2,0,0,235.18,250,282.04999999999995,0.0,0.0,0.0,0.0,unknown
1763110603.650678,1763110541.4969757,0.134,0,2,0,0,235.16,250,282.04999999999995,0.0,0.0,0.0,0.0,unknown
1763110603.6795454,1763110541.4969757,0.132,0,2,0,0,235.18,250,282.1,0.0,0.0,0.0,0.0,unknown
1763110603.6927543,1763110541.4969757,0.131,0,2,0,0,235.16,250,282.0,0.0,0.0,0.0,0.0,unknown
1763110603.718871,1763110541.4969757,0.132,0,3,1,0,235.18,250,282.0,0.0,0.0,0.0,0.0,unknown
1763110603.729276,1763110541.4969757,0.131,0,1,0,0,235.16,250,282.05,0.0,0.0,0.0,0.0,unknown
1763110603.7396173,1763110541.4969757,0.133,0,3,1,0,235.18,250,282.15,0.0,0.0,0.0,0.0,unknown
1763110603.759084,1763110541.4969757,0.133,0,2,0,0,235.18,250,282.2,0.0,0.0,0.0,0.0,unknown
1763110603.7713003,1763110541.4969757,0.132,0,2,0,0,235.18,250,282.2,0.0,0.0,0.0,0.0,unknown
1763110603.7923336,1763110541.4969757,0.131,0,1,0,0,235.18,250,282.2,0.0,0.0,0.0,0.0,unknown
1763110603.8225157,1763110541.4969757,0.13,0,2,0,0,235.18,250,282.25,0.0,0.0,0.0,0.0,unknown
1763110603.8392508,1763110541.4969757,0.134,0,4,1,0,235.16,250,282.2,0.0,0.0,0.0,0.0,unknown
1763110603.8652065,1763110541.4969757,0.135,0,3,1,0,235.14,250,282.15,0.0,0.0,0.0,0.0,unknown
1763110603.8837814,1763110541.4969757,0.135,0,2,0,0,235.14,250,282.15,0.0,0.0,0.0,0.0,unknown
1763110603.914272,1763110541.4969757,0.135,0,4,0,0,235.12,250,282.1,0.0,0.0,0.0,0.0,unknown
1763110603.9313476,1763110541.4969757,0.133,0,2,0,0,235.14,250,282.05,0.0,0.0,0.0,0.0,unknown
1763110603.9722323,1763110541.4969757,0.136,0,4,0,0,235.12,250,282.05,0.0,0.0,0.0,0.0,unknown
1763110603.9838893,1763110541.4969757,0.136,0,3,0,0,235.12,250,282.0,0.0,0.0,0.0,0.0,unknown
1763110604.0045521,1763110541.4969757,0.137,0,2,0,0,235.12,250,281.9,0.0,0.0,0.0,0.0,unknown
1763110604.03085,1763110541.4969757,0.138,0,2,0,0,235.1,250,281.9,0.0,0.0,0.0,0.0,unknown
1763110604.0533762,1763110541.4969757,0.139,0,3,0,0,235.1,250,281.8,0.0,0.0,0.0,0.0,unknown
1763110604.083794,1763110541.4969757,0.14,0,3,0,0,235.1,250,281.8,0.0,0.0,0.0,0.0,unknown
1763110604.099002,1763110541.4969757,0.138,0,1,0,0,235.1,250,281.85,0.0,0.0,0.0,0.0,unknown
1763110604.127802,1763110541.4969757,0.138,0,4,0,0,235.1,250,281.79999999999995,0.0,0.0,0.0,0.0,unknown
1763110604.1432495,1763110541.4969757,0.139,0,3,0,0,235.08,250,281.7,0.0,0.0,0.0,0.0,unknown
1763110604.155296,1763110541.4969757,0.137,0,2,0,0,235.06,250,281.65,0.0,0.0,0.0,0.0,unknown
1763110604.1861165,1763110541.4969757,0.134,0,2,0,0,235.08,250,281.65,0.0,0.0,0.0,0.0,unknown
1763110604.1979892,1763110541.4969757,0.134,0,3,0,0,235.08,250,281.6,0.0,0.0,0.0,0.0,unknown
1763110604.2236311,1763110541.4969757,0.132,0,1,0,0,235.1,250,281.6,0.0,0.0,0.0,0.0,unknown
1763110604.2445595,1763110541.4969757,0.131,0,3,0,0,235.12,250,281.6,0.0,0.0,0.0,0.0,unknown
1763110604.267516,1763110541.4969757,0.13,0,2,0,0,235.14,250,281.65,0.0,0.0,0.0,0.0,unknown
1763110604.298247,1763110541.4969757,0.129,0,3,0,0,235.14,250,281.65,0.0,0.0,0.0,0.0,unknown
1763110604.3133733,1763110541.4969757,0.131,0,3,2,0,235.16,250,281.55,0.0,0.0,0.0,0.0,unknown
1763110604.3408294,1763110541.4969757,0.131,0,3,0,0,235.14,250,281.5,0.0,0.0,0.0,0.0,unknown
1763110604.3574135,1763110541.4969757,0.131,0,2,1,0,235.12,250,281.45,0.0,0.0,0.0,0.0,unknown
1763110604.3876803,1763110541.4969757,0.13,0,1,1,0,235.1,250,281.4,0.0,0.0,0.0,0.0,unknown
1763110604.4082568,1763110541.4969757,0.131,0,3,0,0,235.1,250,281.35,0.0,0.0,0.0,0.0,unknown
1763110604.4234495,1763110541.4969757,0.133,0,3,0,0,235.12,250,281.45,0.0,0.0,0.0,0.0,unknown
1763110604.445229,1763110541.4969757,0.134,0,3,0,0,235.1,250,281.5,0.0,0.0,0.0,0.0,unknown
1763110604.4626353,1763110541.4969757,0.134,0,2,0,0,235.08,250,281.55,0.0,0.0,0.0,0.0,unknown
1763110604.4788506,1763110541.4969757,0.133,0,2,0,0,235.1,250,281.45,0.0,0.0,0.0,0.0,unknown
1763110604.505302,1763110541.4969757,0.132,0,3,0,0,235.1,250,281.5,0.0,0.0,0.0,0.0,unknown
1763110604.5234091,1763110541.4969757,0.133,0,2,0,0,235.12,250,281.6,0.0,0.0,0.0,0.0,unknown
1763110604.5337868,1763110541.4969757,0.134,0,3,0,0,235.12,250,281.6,0.0,0.0,0.0,0.0,unknown
1763110604.5567558,1763110541.4969757,0.134,0,4,0,0,235.12,250,281.6,0.0,0.0,0.0,0.0,unknown
1763110604.5755668,1763110541.4969757,0.135,0,3,0,0,235.12,250,281.5,0.0,0.0,0.0,0.0,unknown
1763110604.6012924,1763110541.4969757,0.136,0,3,0,0,235.14,250,281.55,0.0,0.0,0.0,0.0,unknown
1763110604.6122618,1763110541.4969757,0.135,0,2,0,0,235.14,250,281.65,0.0,0.0,0.0,0.0,unknown
1763110604.6294029,1763110541.4969757,0.132,0,1,0,0,235.14,250,281.79999999999995,0.0,0.0,0.0,0.0,unknown
1763110604.6599658,1763110541.4969757,0.131,0,2,0,0,235.14,250,281.7,0.0,0.0,0.0,0.0,unknown
1763110604.682253,1763110541.4969757,0.132,0,3,0,0,235.12,250,281.55,0.0,0.0,0.0,0.0,unknown
1763110604.708161,1763110541.4969757,0.133,0,3,0,0,235.12,250,281.5,0.0,0.0,0.0,0.0,unknown
1763110604.7241561,1763110541.4969757,0.134,0,2,1,0,235.12,250,281.5,0.0,0.0,0.0,0.0,unknown
1763110604.734958,1763110541.4969757,0.135,0,3,0,0,235.12,250,281.4,0.0,0.0,0.0,0.0,unknown
1763110604.747843,1763110541.4969757,0.134,0,3,0,0,235.12,250,281.3,0.0,0.0,0.0,0.0,unknown
1763110604.7693381,1763110541.4969757,0.136,0,3,0,0,235.12,250,281.25,0.0,0.0,0.0,0.0,unknown
1763110604.7917535,1763110541.4969757,0.136,0,4,0,0,235.14,250,281.20000000000005,0.0,0.0,0.0,0.0,unknown
1763110604.8072314,1763110541.4969757,0.137,0,3,0,0,235.14,250,281.1,0.0,0.0,0.0,0.0,unknown
1763110604.82359,1763110541.4969757,0.137,0,2,0,0,235.14,250,281.15,0.0,0.0,0.0,0.0,unknown
1763110604.8442724,1763110541.4969757,0.138,0,2,0,0,235.14,250,281.2,0.0,0.0,0.0,0.0,unknown
1763110604.8594048,1763110541.4969757,0.139,0,3,0,0,235.12,250,281.25,0.0,0.0,0.0,0.0,unknown
1763110604.882994,1763110541.4969757,0.136,0,2,0,0,235.1,250,281.20000000000005,0.0,0.0,0.0,0.0,unknown
1763110604.8933704,1763110541.4969757,0.135,0,3,0,0,235.1,250,281.15,0.0,0.0,0.0,0.0,unknown
1763110604.9061913,1763110541.4969757,0.137,0,3,1,0,235.08,250,281.1,0.0,0.0,0.0,0.0,unknown
1763110604.9317276,1763110541.4969757,0.136,0,3,0,0,235.06,250,281.0,0.0,0.0,0.0,0.0,unknown
1763110604.9538639,1763110541.4969757,0.136,0,2,0,0,235.06,250,280.95,0.0,0.0,0.0,0.0,unknown
1763110604.989579,1763110541.4969757,0.136,0,3,1,0,235.04,250,280.9,0.0,0.0,0.0,0.0,unknown
1763110605.0064006,1763110541.4969757,0.135,0,2,0,0,235.02,250,280.75,0.0,0.0,0.0,0.0,unknown
1763110605.0421083,1763110541.4969757,0.135,0,2,0,0,235.02,250,280.55,0.0,0.0,0.0,0.0,unknown
1763110605.0525064,1763110541.4969757,0.134,0,1,0,0,235,250,280.5,0.0,0.0,0.0,0.0,unknown
1763110605.0695608,1763110541.4969757,0.133,0,2,0,0,235,250,280.35,0.0,0.0,0.0,0.0,unknown
1763110605.0958395,1763110541.4969757,0.132,0,2,0,0,235,250,280.3,0.0,0.0,0.0,0.0,unknown
1763110605.1127858,1763110541.4969757,0.134,0,3,0,0,234.98,250,280.3,0.0,0.0,0.0,0.0,unknown
1763110605.138413,1763110541.4969757,0.133,0,3,0,0,234.86,250,280.25,0.0,0.0,0.0,0.0,unknown
1763110605.1666377,1763110541.4969757,0.133,0,3,0,0,234.75,250,280.20000000000005,0.0,0.0,0.0,0.0,unknown
1763110605.197254,1763110541.4969757,0.133,0,2,0,0,234.66,250,280.1,0.0,0.0,0.0,0.0,unknown
1763110605.212387,1763110541.4969757,0.133,0,2,0,0,234.57,250,279.95,0.0,0.0,0.0,0.0,unknown
1763110605.2250593,1763110541.4969757,0.132,0,2,0,0,234.46,250,279.85,0.0,0.0,0.0,0.0,unknown
1763110605.2509897,1763110541.4969757,0.134,0,3,0,0,234.37,250,279.7,0.0,0.0,0.0,0.0,unknown
1763110605.2732658,1763110541.4969757,0.133,0,2,0,0,234.26,250,279.6,0.0,0.0,0.0,0.0,unknown
1763110605.298802,1763110541.4969757,0.134,0,3,0,0,234.15,250,279.45000000000005,0.0,0.0,0.0,0.0,unknown
1763110605.3139424,1763110541.4969757,0.135,0,3,1,0,234.1,250,279.35,0.0,0.0,0.0,0.0,unknown
1763110605.326679,1763110541.4969757,0.135,0,4,1,0,234.01,250,279.2,0.0,0.0,0.0,0.0,unknown
1763110605.3523738,1763110541.4969757,0.136,0,4,0,0,233.92,250,279.15,0.0,0.0,0.0,0.0,unknown
1763110605.3797295,1763110541.4969757,0.136,0,3,0,0,233.81,250,279.04999999999995,0.0,0.0,0.0,0.0,unknown
1763110605.4102113,1763110541.4969757,0.137,0,3,0,0,233.7,250,278.95,0.0,0.0,0.0,0.0,unknown
1763110605.432605,1763110541.4969757,0.136,0,2,0,0,233.61,250,278.9,0.0,0.0,0.0,0.0,unknown
1763110605.458209,1763110541.4969757,0.135,0,2,0,0,233.5,250,279.0,0.0,0.0,0.0,0.0,unknown
1763110605.486082,1763110541.4969757,0.134,0,2,0,0,233.39,250,279.1,0.0,0.0,0.0,0.0,unknown
1763110605.5166695,1763110541.4969757,0.135,0,3,0,0,233.32,250,279.1,0.0,0.0,0.0,0.0,unknown
1763110605.5270457,1763110541.4969757,0.135,0,2,0,0,233.23,250,279.0,0.0,0.0,0.0,0.0,unknown
1763110605.5391066,1763110541.4969757,0.135,0,3,0,0,233.14,250,278.95,0.0,0.0,0.0,0.0,unknown
1763110605.5554283,1763110541.4969757,0.135,0,2,0,0,233.05,250,278.9,0.0,0.0,0.0,0.0,unknown
1763110605.5704882,1763110541.4969757,0.134,0,2,0,0,232.96,250,278.95,0.0,0.0,0.0,0.0,unknown
1763110605.592428,1763110541.4969757,0.133,0,3,0,0,232.85,250,279.0,0.0,0.0,0.0,0.0,unknown
1763110605.6180825,1763110541.4969757,0.133,0,3,0,0,232.76,250,279.15,0.0,0.0,0.0,0.0,unknown
1763110605.643798,1763110541.4969757,0.133,0,3,0,0,232.65,250,279.25,0.0,0.0,0.0,0.0,unknown
1763110605.6607664,1763110541.4969757,0.133,0,2,0,0,232.54,250,279.2,0.0,0.0,0.0,0.0,unknown
1763110605.6913476,1763110541.4969757,0.135,0,2,1,0,232.45,250,279.2,0.0,0.0,0.0,0.0,unknown
1763110605.7064826,1763110541.4969757,0.137,0,4,0,0,232.36,250,279.1,0.0,0.0,0.0,0.0,unknown
1763110605.7341247,1763110541.4969757,0.136,0,2,0,0,232.25,250,279.05,0.0,0.0,0.0,0.0,unknown
1763110605.751158,1763110541.4969757,0.135,0,2,0,0,232.16,250,279.1,0.0,0.0,0.0,0.0,unknown
1763110605.7717104,1763110541.4969757,0.135,0,3,0,0,232.05,250,279.1,0.0,0.0,0.0,0.0,unknown
1763110605.8058043,1763110541.4969757,0.135,0,3,0,0,231.96,250,279.15,0.0,0.0,0.0,0.0,unknown
1763110605.81633,1763110541.4969757,0.135,0,3,0,0,231.85,250,279.15,0.0,0.0,0.0,0.0,unknown
1763110605.8371582,1763110541.4969757,0.135,0,3,0,0,231.78,250,279.1,0.0,0.0,0.0,0.0,unknown
1763110605.8527348,1763110541.4969757,0.135,0,4,0,0,231.67,250,279.05,0.0,0.0,0.0,0.0,unknown
1763110605.870171,1763110541.4969757,0.135,0,3,0,0,231.58,250,279.0,0.0,0.0,0.0,0.0,unknown
1763110605.902741,1763110541.4969757,0.136,0,3,0,0,231.47,250,278.95,0.0,0.0,0.0,0.0,unknown
1763110605.9250276,1763110541.4969757,0.137,0,3,0,0,231.38,250,278.9,0.0,0.0,0.0,0.0,unknown
1763110605.951073,1763110541.4969757,0.137,0,3,0,0,231.27,250,278.9,0.0,0.0,0.0,0.0,unknown
1763110605.9754047,1763110541.4969757,0.139,0,3,1,0,231.18,250,278.85,0.0,0.0,0.0,0.0,unknown
1763110606.0114636,1763110541.4969757,0.138,0,2,0,0,231.09,250,278.9,0.0,0.0,0.0,0.0,unknown
1763110606.028771,1763110541.4969757,0.135,0,1,0,0,230.98,250,278.85,0.0,0.0,0.0,0.0,unknown
1763110606.044148,1763110541.4969757,0.135,0,3,0,0,230.89,250,278.8,0.0,0.0,0.0,0.0,unknown
1763110606.0604265,1763110541.4969757,0.135,0,2,0,0,230.8,250,278.75,0.0,0.0,0.0,0.0,unknown
1763110606.0782394,1763110541.4969757,0.133,0,2,0,0,230.71,250,278.65,0.0,0.0,0.0,0.0,unknown
1763110606.0936444,1763110541.4969757,0.135,0,4,0,0,230.64,250,278.6,0.0,0.0,0.0,0.0,unknown
1763110606.120432,1763110541.4969757,0.136,0,3,0,0,230.55,250,278.6,0.0,0.0,0.0,0.0,unknown
1763110606.133586,1763110541.4969757,0.139,0,4,0,0,230.46,250,278.6,0.0,0.0,0.0,0.0,unknown
1763110606.1490548,1763110541.4969757,0.14,0,3,0,0,230.37,250,278.7,0.0,0.0,0.0,0.0,unknown
1763110606.165472,1763110541.4969757,0.14,0,2,0,0,230.28,250,278.75,0.0,0.0,0.0,0.0,unknown
1763110606.1815844,1763110541.4969757,0.14,0,3,0,0,230.17,250,278.75,0.0,0.0,0.0,0.0,unknown
1763110606.196718,1763110541.4969757,0.14,0,3,0,0,230.08,250,278.7,0.0,0.0,0.0,0.0,unknown
1763110606.2244027,1763110541.4969757,0.139,0,2,0,0,229.99,250,278.65,0.0,0.0,0.0,0.0,unknown
1763110606.2412658,1763110541.4969757,0.139,0,2,0,0,229.9,250,278.6,0.0,0.0,0.0,0.0,unknown
1763110606.2717953,1763110541.4969757,0.14,0,3,0,0,229.79,250,278.5,0.0,0.0,0.0,0.0,unknown
1763110606.3040416,1763110541.4969757,0.14,0,2,0,0,229.68,250,278.35,0.0,0.0,0.0,0.0,unknown
1763110606.3195786,1763110541.4969757,0.14,0,3,0,0,229.57,250,278.25,0.0,0.0,0.0,0.0,unknown
1763110606.3304126,1763110541.4969757,0.14100000000000001,0,3,0,0,229.46,250,278.2,0.0,0.0,0.0,0.0,unknown
1763110606.3463597,1763110541.4969757,0.14100000000000001,0,3,0,0,229.35,250,278.05,0.0,0.0,0.0,0.0,unknown
1763110606.3684592,1763110541.4969757,0.14,0,3,0,0,229.24,250,278.0,0.0,0.0,0.0,0.0,unknown
1763110606.3989923,1763110541.4969757,0.14,0,4,1,0,229.13,250,277.95,0.0,0.0,0.0,0.0,unknown
1763110606.4141278,1763110541.4969757,0.138,0,2,0,0,229.04,250,277.9,0.0,0.0,0.0,0.0,unknown
1763110606.4250216,1763110541.4969757,0.138,0,3,0,0,228.95,250,277.9,0.0,0.0,0.0,0.0,unknown
1763110606.452776,1763110541.4969757,0.137,0,2,0,0,228.86,250,277.9,0.0,0.0,0.0,0.0,unknown
1763110606.4708664,1763110541.4969757,0.138,0,3,0,0,228.75,250,277.95,0.0,0.0,0.0,0.0,unknown
1763110606.4933956,1763110541.4969757,0.139,0,3,0,0,228.64,250,277.85,0.0,0.0,0.0,0.0,unknown
1763110606.5105245,1763110541.4969757,0.139,0,2,0,0,228.55,250,277.75,0.0,0.0,0.0,0.0,unknown
1763110606.5363235,1763110541.4969757,0.139,0,3,0,0,228.46,250,277.8,0.0,0.0,0.0,0.0,unknown
1763110606.5640619,1763110541.4969757,0.139,0,2,0,0,228.35,250,277.85,0.0,0.0,0.0,0.0,unknown
1763110606.609991,1763110541.4969757,0.139,0,3,0,0,228.24,250,277.85,0.0,0.0,0.0,0.0,unknown
1763110606.6252675,1763110541.4969757,0.14,0,3,0,0,228.13,250,277.85,0.0,0.0,0.0,0.0,unknown
1763110606.6493323,1763110541.4969757,0.142,0,4,0,0,228.06,250,277.8,0.0,0.0,0.0,0.0,unknown
1763110606.6700249,1763110541.4969757,0.143,0,3,1,0,227.95,250,277.65,0.0,0.0,0.0,0.0,unknown
1763110606.6971729,1763110541.4969757,0.143,0,3,0,0,227.84,250,277.70000000000005,0.0,0.0,0.0,0.0,unknown
1763110606.709045,1763110541.4969757,0.143,0,3,0,0,227.75,250,277.70000000000005,0.0,0.0,0.0,0.0,unknown
1763110606.719459,1763110541.4969757,0.143,0,2,0,0,227.64,250,277.54999999999995,0.0,0.0,0.0,0.0,unknown
1763110606.742414,1763110541.4969757,0.143,0,3,0,0,227.55,250,277.4,0.0,0.0,0.0,0.0,unknown
1763110606.7692266,1763110541.4969757,0.142,0,2,1,0,227.46,250,277.45000000000005,0.0,0.0,0.0,0.0,unknown
1763110606.7814965,1763110541.4969757,0.144,0,3,1,0,227.37,250,277.5,0.0,0.0,0.0,0.0,unknown
1763110606.7966397,1763110541.4969757,0.145,0,3,0,0,227.26,250,277.55,0.0,0.0,0.0,0.0,unknown
1763110606.8237586,1763110541.4969757,0.145,0,3,0,0,227.17,250,277.45,0.0,0.0,0.0,0.0,unknown
1763110606.8418617,1763110541.4969757,0.145,0,3,0,0,227.08,250,277.5,0.0,0.0,0.0,0.0,unknown
1763110606.8732831,1763110541.4969757,0.144,0,2,0,0,226.97,250,277.6,0.0,0.0,0.0,0.0,unknown
1763110606.8837488,1763110541.4969757,0.143,0,2,0,0,226.86,250,277.7,0.0,0.0,0.0,0.0,unknown
1763110606.8989353,1763110541.4969757,0.141,0,2,0,0,226.77,250,277.85,0.0,0.0,0.0,0.0,unknown
1763110606.909446,1763110541.4969757,0.141,0,3,0,0,226.68,250,278.0,0.0,0.0,0.0,0.0,unknown
1763110606.9227304,1763110541.4969757,0.141,0,3,0,0,226.57,250,278.05,0.0,0.0,0.0,0.0,unknown
1763110606.9433362,1763110541.4969757,0.14,0,2,0,0,226.48,250,278.1,0.0,0.0,0.0,0.0,unknown
1763110606.956027,1763110541.4969757,0.14,0,3,0,0,226.39,250,278.1,0.0,0.0,0.0,0.0,unknown
1763110606.9722486,1763110541.4969757,0.14,0,4,0,0,226.3,250,278.15,0.0,0.0,0.0,0.0,unknown
1763110607.0035856,1763110541.4969757,0.14,0,1,1,0,226.21,250,278.15,0.0,0.0,0.0,0.0,unknown
1763110607.0402708,1763110541.4969757,0.142,0,3,0,0,226.09,250,278.15,0.0,0.0,0.0,0.0,unknown
1763110607.057518,1763110541.4969757,0.143,0,4,0,0,226,250,278.1,0.0,0.0,0.0,0.0,unknown
1763110607.078019,1763110541.4969757,0.144,0,3,0,0,225.89,250,278.1,0.0,0.0,0.0,0.0,unknown
1763110607.1113787,1763110541.4969757,0.145,0,2,1,0,225.8,250,278.04999999999995,0.0,0.0,0.0,0.0,unknown
1763110607.1318552,1763110541.4969757,0.145,0,4,0,0,225.71,250,278.0,0.0,0.0,0.0,0.0,unknown
1763110607.1628425,1763110541.4969757,0.144,0,2,0,0,225.6,250,278.1,0.0,0.0,0.0,0.0,unknown
1763110607.1780174,1763110541.4969757,0.143,0,3,0,0,225.51,250,278.15,0.0,0.0,0.0,0.0,unknown
1763110607.2015626,1763110541.4969757,0.142,0,1,1,0,225.37,250,278.15,0.0,0.0,0.0,0.0,unknown
1763110607.2190328,1763110541.4969757,0.143,0,3,0,0,225.26,250,278.15,0.0,0.0,0.0,0.0,unknown
1763110607.2447073,1763110541.4969757,0.142,0,2,0,0,225.17,250,278.05,0.0,0.0,0.0,0.0,unknown
1763110607.2599838,1763110541.4969757,0.142,0,3,0,0,225.2,250,278.0,0.0,0.0,0.0,0.0,unknown
1763110607.2730298,1763110541.4969757,0.143,0,3,0,0,225.2,250,277.95000000000005,0.0,0.0,0.0,0.0,unknown
1763110607.2941656,1763110541.4969757,0.143,0,2,0,0,225.2,250,277.9,0.0,0.0,0.0,0.0,unknown
1763110607.3144841,1763110541.4969757,0.141,0,1,0,0,225.2,250,277.9,0.0,0.0,0.0,0.0,unknown
1763110607.325655,1763110541.4969757,0.141,0,2,0,0,225.2,250,277.85,0.0,0.0,0.0,0.0,unknown
1763110607.337357,1763110541.4969757,0.14,0,2,0,0,225.2,250,277.8,0.0,0.0,0.0,0.0,unknown
1763110607.3576653,1763110541.4969757,0.139,0,2,0,0,225.2,250,277.8,0.0,0.0,0.0,0.0,unknown
1763110607.3782406,1763110541.4969757,0.139,0,3,0,0,225.22,250,277.85,0.0,0.0,0.0,0.0,unknown
1763110607.393367,1763110541.4969757,0.14,0,3,1,0,225.18,250,277.9,0.0,0.0,0.0,0.0,unknown
1763110607.4110384,1763110541.4969757,0.138,0,2,1,0,225.16,250,277.85,0.0,0.0,0.0,0.0,unknown
1763110607.4320605,1763110541.4969757,0.138,0,2,0,0,225.16,250,277.85,0.0,0.0,0.0,0.0,unknown
1763110607.4471903,1763110541.4969757,0.138,0,2,1,0,225.16,250,277.85,0.0,0.0,0.0,0.0,unknown
1763110607.4645689,1763110541.4969757,0.138,0,2,0,0,225.16,250,277.85,0.0,0.0,0.0,0.0,unknown
1763110607.492794,1763110541.4969757,0.137,0,2,0,0,225.16,250,277.79999999999995,0.0,0.0,0.0,0.0,unknown
1763110607.513333,1763110541.4969757,0.135,0,1,0,0,225.16,250,277.55,0.0,0.0,0.0,0.0,unknown
1763110607.5396583,1763110541.4969757,0.135,0,2,0,0,225.2,250,277.35,0.0,0.0,0.0,0.0,unknown
1763110607.554789,1763110541.4969757,0.135,0,3,0,0,225.16,250,277.25,0.0,0.0,0.0,0.0,unknown
1763110607.57755,1763110541.4969757,0.137,0,4,0,0,225.16,250,277.1,0.0,0.0,0.0,0.0,unknown
1763110607.5885322,1763110541.4969757,0.138,0,3,1,0,225.16,250,276.95,0.0,0.0,0.0,0.0,unknown
1763110607.6054447,1763110541.4969757,0.138,0,2,1,0,225.16,250,276.9,0.0,0.0,0.0,0.0,unknown
1763110607.6217093,1763110541.4969757,0.137,0,3,0,0,225.16,250,276.85,0.0,0.0,0.0,0.0,unknown
1763110607.6427548,1763110541.4969757,0.136,0,3,0,0,225.16,250,276.75,0.0,0.0,0.0,0.0,unknown
1763110607.6553845,1763110541.4969757,0.137,0,3,1,0,225.16,250,276.55,0.0,0.0,0.0,0.0,unknown
1763110607.670568,1763110541.4969757,0.137,0,2,1,0,225.16,250,276.4,0.0,0.0,0.0,0.0,unknown
1763110607.686543,1763110541.4969757,0.137,0,1,1,0,225.16,250,276.35,0.0,0.0,0.0,0.0,unknown
1763110607.7036178,1763110541.4969757,0.137,0,3,0,0,225.16,250,276.25,0.0,0.0,0.0,0.0,unknown
1763110607.7249064,1763110541.4969757,0.136,0,2,0,0,225.16,250,276.2,0.0,0.0,0.0,0.0,unknown
1763110607.7554066,1763110541.4969757,0.134,0,2,0,0,225.16,250,276.20000000000005,0.0,0.0,0.0,0.0,unknown
1763110607.77058,1763110541.4969757,0.133,0,2,0,0,225.16,250,276.1,0.0,0.0,0.0,0.0,unknown
1763110607.7935176,1763110541.4969757,0.132,0,2,0,0,225.16,250,276.0,0.0,0.0,0.0,0.0,unknown
1763110607.8153698,1763110541.4969757,0.131,0,2,0,0,225.16,250,275.95,0.0,0.0,0.0,0.0,unknown
1763110607.8407447,1763110541.4969757,0.13,0,1,0,0,225.18,250,275.8,0.0,0.0,0.0,0.0,unknown
1763110607.8626347,1763110541.4969757,0.131,0,2,1,0,225.16,250,275.65,0.0,0.0,0.0,0.0,unknown
1763110607.8932362,1763110541.4969757,0.132,0,3,0,0,225.16,250,275.5,0.0,0.0,0.0,0.0,unknown
1763110607.9149835,1763110541.4969757,0.132,0,3,0,0,225.16,250,275.4,0.0,0.0,0.0,0.0,unknown
1763110607.9254978,1763110541.4969757,0.132,0,3,0,0,225.16,250,275.3,0.0,0.0,0.0,0.0,unknown
1763110607.9563246,1763110541.4969757,0.133,0,2,1,0,225.16,250,275.2,0.0,0.0,0.0,0.0,unknown
1763110607.9684892,1763110541.4969757,0.134,0,3,1,0,225.16,250,275.0,0.0,0.0,0.0,0.0,unknown
1763110607.9940796,1763110541.4969757,0.132,0,2,0,0,225.16,250,274.85,0.0,0.0,0.0,0.0,unknown
1763110608.009642,1763110541.4969757,0.133,0,3,0,0,225.16,250,274.6,0.0,0.0,0.0,0.0,unknown
1763110608.0220249,1763110541.4969757,0.133,0,3,0,0,225.16,250,274.5,0.0,0.0,0.0,0.0,unknown
1763110608.0476782,1763110541.4969757,0.134,0,3,2,0,225.16,250,274.45000000000005,0.0,0.0,0.0,0.0,unknown
1763110608.076539,1763110541.4969757,0.133,0,1,1,0,225.14,250,274.45,0.0,0.0,0.0,0.0,unknown
1763110608.1021729,1763110541.4969757,0.132,0,2,0,0,225.14,250,274.4,0.0,0.0,0.0,0.0,unknown
1763110608.1173015,1763110541.4969757,0.132,0,3,1,0,225.12,250,274.4,0.0,0.0,0.0,0.0,unknown
1763110608.1461415,1763110541.4969757,0.133,0,2,1,0,225.12,250,274.4,0.0,0.0,0.0,0.0,unknown
1763110608.1565087,1763110541.4969757,0.133,0,3,0,0,225.12,250,274.35,0.0,0.0,0.0,0.0,unknown
1763110608.178173,1763110541.4969757,0.136,0,4,1,0,225.12,250,274.2,0.0,0.0,0.0,0.0,unknown
1763110608.2024179,1763110541.4969757,0.136,0,3,0,0,225.12,250,274.05,0.0,0.0,0.0,0.0,unknown
1763110608.212781,1763110541.4969757,0.137,0,2,1,0,225.12,250,273.95,0.0,0.0,0.0,0.0,unknown
1763110608.2243679,1763110541.4969757,0.136,0,2,0,0,225.12,250,273.85,0.0,0.0,0.0,0.0,unknown
1763110608.242417,1763110541.4969757,0.135,0,2,0,0,225.12,250,273.85,0.0,0.0,0.0,0.0,unknown
1763110608.2629638,1763110541.4969757,0.136,0,3,0,0,225.12,250,273.85,0.0,0.0,0.0,0.0,unknown
1763110608.2784965,1763110541.4969757,0.138,0,3,0,0,225.12,250,273.75,0.0,0.0,0.0,0.0,unknown
1763110608.2959719,1763110541.4969757,0.139,0,3,0,0,225.12,250,273.6,0.0,0.0,0.0,0.0,unknown
1763110608.3216653,1763110541.4969757,0.14100000000000001,0,3,1,0,225.12,250,273.6,0.0,0.0,0.0,0.0,unknown
1763110608.3365583,1763110541.4969757,0.143,0,3,1,0,225.12,250,273.6,0.0,0.0,0.0,0.0,unknown
1763110608.3540719,1763110541.4969757,0.143,0,3,0,0,225.12,250,273.65,0.0,0.0,0.0,0.0,unknown
1763110608.3860633,1763110541.4969757,0.142,0,2,1,0,225.16,250,273.65,0.0,0.0,0.0,0.0,unknown
1763110608.4012277,1763110541.4969757,0.142,0,2,1,0,225.16,250,273.7,0.0,0.0,0.0,0.0,unknown
1763110608.4235873,1763110541.4969757,0.143,0,3,0,0,225.16,250,273.79999999999995,0.0,0.0,0.0,0.0,unknown
1763110608.4515376,1763110541.4969757,0.14100000000000001,0,1,0,0,225.16,250,273.7,0.0,0.0,0.0,0.0,unknown
1763110608.466804,1763110541.4969757,0.14,0,1,0,0,225.16,250,273.6,0.0,0.0,0.0,0.0,unknown
1763110608.47735,1763110541.4969757,0.139,0,1,0,0,225.18,250,273.5,0.0,0.0,0.0,0.0,unknown
1763110608.4881804,1763110541.4969757,0.14,0,2,0,0,225.18,250,273.45,0.0,0.0,0.0,0.0,unknown
1763110608.503308,1763110541.4969757,0.14,0,2,0,0,225.18,250,273.45,0.0,0.0,0.0,0.0,unknown
1763110608.5184429,1763110541.4969757,0.138,0,1,0,0,225.18,250,273.4,0.0,0.0,0.0,0.0,unknown
1763110608.5301056,1763110541.4969757,0.137,0,1,2,0,225.18,250,273.45,0.0,0.0,0.0,0.0,unknown
1763110608.5452404,1763110541.4969757,0.135,0,1,1,0,225.18,250,273.3,0.0,0.0,0.0,0.0,unknown
1763110608.556609,1763110541.4969757,0.134,0,1,1,0,225.2,250,273.0,0.0,0.0,0.0,0.0,unknown
1763110608.5800025,1763110541.4969757,0.133,0,1,1,0,225.16,250,272.79999999999995,0.0,0.0,0.0,0.0,unknown
1763110608.600492,1763110541.4969757,0.133,0,2,1,0,225.16,250,272.79999999999995,0.0,0.0,0.0,0.0,unknown
1763110608.6156228,1763110541.4969757,0.132,0,3,0,0,225.16,250,272.75,0.0,0.0,0.0,0.0,unknown
1763110608.634408,1763110541.4969757,0.131,0,2,0,0,225.14,250,272.6,0.0,0.0,0.0,0.0,unknown
1763110608.6552439,1763110541.4969757,0.131,0,1,1,0,225.14,250,272.5,0.0,0.0,0.0,0.0,unknown
1763110608.681083,1763110541.4969757,0.13,0,2,0,0,225.14,250,272.4,0.0,0.0,0.0,0.0,unknown
1763110608.6962125,1763110541.4969757,0.13,0,2,0,0,225.12,250,272.3,0.0,0.0,0.0,0.0,unknown
1763110608.707203,1763110541.4969757,0.132,0,3,1,0,225.12,250,272.2,0.0,0.0,0.0,0.0,unknown
1763110608.729052,1763110541.4969757,0.133,0,2,1,0,225.12,250,272.05,0.0,0.0,0.0,0.0,unknown
1763110608.751478,1763110541.4969757,0.131,0,0,0,0,225.12,250,272.05,0.0,0.0,0.0,0.0,unknown
1763110608.7725272,1763110541.4969757,0.133,0,3,1,0,225.09,250,271.9,0.0,0.0,0.0,0.0,unknown
1763110608.783609,1763110541.4969757,0.136,0,3,1,0,225.11,250,271.7,0.0,0.0,0.0,0.0,unknown
1763110608.7945726,1763110541.4969757,0.137,0,4,0,0,225.11,250,271.5,0.0,0.0,0.0,0.0,unknown
1763110608.8097122,1763110541.4969757,0.138,0,3,1,0,225.09,250,271.20000000000005,0.0,0.0,0.0,0.0,unknown
1763110608.8273659,1763110541.4969757,0.138,0,3,0,0,225.09,250,270.95,0.0,0.0,0.0,0.0,unknown
1763110608.8523893,1763110541.4969757,0.137,0,2,0,0,225.09,250,270.75,0.0,0.0,0.0,0.0,unknown
1763110608.8678625,1763110541.4969757,0.136,0,1,1,0,225.09,250,270.55,0.0,0.0,0.0,0.0,unknown
1763110608.8934402,1763110541.4969757,0.135,0,2,1,0,225.09,250,270.35,0.0,0.0,0.0,0.0,unknown
1763110608.915686,1763110541.4969757,0.135,0,1,1,0,225.09,250,270.15,0.0,0.0,0.0,0.0,unknown
1763110608.9465053,1763110541.4969757,0.135,0,2,1,0,225.09,250,270.05,0.0,0.0,0.0,0.0,unknown
1763110608.9582608,1763110541.4969757,0.135,0,2,1,0,225.12,250,269.95,0.0,0.0,0.0,0.0,unknown
1763110608.984048,1763110541.4969757,0.131,0,1,0,0,225.12,250,269.8,0.0,0.0,0.0,0.0,unknown
1763110609.0050817,1763110541.4969757,0.131,0,2,0,0,225.12,250,269.6,0.0,0.0,0.0,0.0,unknown
1763110609.0220032,1763110541.4969757,0.131,0,2,0,0,225.16,250,269.54999999999995,0.0,0.0,0.0,0.0,unknown
1763110609.0323718,1763110541.4969757,0.129,0,1,1,0,225.16,250,269.65,0.0,0.0,0.0,0.0,unknown
1763110609.0588305,1763110541.4969757,0.13,0,3,1,0,225.13,250,269.6,0.0,0.0,0.0,0.0,unknown
1763110609.0761235,1763110541.4969757,0.128,0,1,0,0,225.13,250,269.6,0.0,0.0,0.0,0.0,unknown
1763110609.1092262,1763110541.4969757,0.126,0,2,1,0,225.16,250,269.6,0.0,0.0,0.0,0.0,unknown
1763110609.1276495,1763110541.4969757,0.126,0,3,0,0,225.16,250,269.4,0.0,0.0,0.0,0.0,unknown
1763110609.143205,1763110541.4969757,0.125,0,2,0,0,225.18,250,269.35,0.0,0.0,0.0,0.0,unknown
1763110609.1619658,1763110541.4969757,0.127,0,3,1,0,225.18,250,269.45,0.0,0.0,0.0,0.0,unknown
1763110609.1827977,1763110541.4969757,0.129,0,3,1,0,225.18,250,269.55,0.0,0.0,0.0,0.0,unknown
1763110609.1982634,1763110541.4969757,0.128,0,2,0,0,225.18,250,269.54999999999995,0.0,0.0,0.0,0.0,unknown
1763110609.2204819,1763110541.4969757,0.127,0,1,1,0,225.2,250,269.54999999999995,0.0,0.0,0.0,0.0,unknown
1763110609.2392383,1763110541.4969757,0.125,0,1,0,0,225.2,250,269.5,0.0,0.0,0.0,0.0,unknown
1763110609.2543886,1763110541.4969757,0.121,0,0,0,0,225.2,250,269.4,0.0,0.0,0.0,0.0,unknown
1763110609.269527,1763110541.4969757,0.11900000000000001,0,2,0,0,225.2,250,269.3,0.0,0.0,0.0,0.0,unknown
1763110609.2917275,1763110541.4969757,0.11900000000000001,0,2,1,0,225.18,250,269.25,0.0,0.0,0.0,0.0,unknown
1763110609.3091192,1763110541.4969757,0.11800000000000001,0,2,0,0,225.18,250,269.3,0.0,0.0,0.0,0.0,unknown
1763110609.3195498,1763110541.4969757,0.117,0,2,0,0,225.18,250,269.45,0.0,0.0,0.0,0.0,unknown
1763110609.345491,1763110541.4969757,0.115,0,1,0,0,225.18,250,269.45,0.0,0.0,0.0,0.0,unknown
1763110609.3622236,1763110541.4969757,0.116,0,1,1,0,225.2,250,269.4,0.0,0.0,0.0,0.0,unknown
1763110609.3980136,1763110541.4969757,0.117,0,2,0,0,225.2,250,269.35,0.0,0.0,0.0,0.0,unknown
1763110609.4152906,1763110541.4969757,0.11900000000000001,0,2,1,0,225.2,250,269.29999999999995,0.0,0.0,0.0,0.0,unknown
1763110609.4263263,1763110541.4969757,0.11900000000000001,0,2,0,0,225.2,250,269.35,0.0,0.0,0.0,0.0,unknown
1763110609.4366026,1763110541.4969757,0.11800000000000001,0,1,0,0,225.16,250,269.3,0.0,0.0,0.0,0.0,unknown
1763110609.4473631,1763110541.4969757,0.11800000000000001,0,1,0,0,225.16,250,269.25,0.0,0.0,0.0,0.0,unknown
1763110609.4590728,1763110541.4969757,0.11800000000000001,0,2,1,0,225.16,250,269.2,0.0,0.0,0.0,0.0,unknown
1763110609.4896445,1763110541.4969757,0.116,0,0,0,0,225.16,250,269.2,0.0,0.0,0.0,0.0,unknown
1763110609.5124502,1763110541.4969757,0.116,0,2,0,0,225.16,250,269.2,0.0,0.0,0.0,0.0,unknown
1763110609.5381954,1763110541.4969757,0.116,0,2,0,0,225.16,250,269.20000000000005,0.0,0.0,0.0,0.0,unknown
1763110609.5660143,1763110541.4969757,0.116,0,3,0,0,225.16,250,269.15,0.0,0.0,0.0,0.0,unknown
1763110609.578096,1763110541.4969757,0.116,0,3,0,0,225.16,250,269.05,0.0,0.0,0.0,0.0,unknown
1763110609.5932992,1763110541.4969757,0.116,0,1,1,0,225.16,250,268.95,0.0,0.0,0.0,0.0,unknown
1763110609.6086037,1763110541.4969757,0.117,0,2,1,0,225.16,250,268.9,0.0,0.0,0.0,0.0,unknown
1763110609.6267636,1763110541.4969757,0.117,0,2,0,0,225.16,250,268.85,0.0,0.0,0.0,0.0,unknown
1763110609.6419125,1763110541.4969757,0.117,0,2,0,0,225.16,250,268.8,0.0,0.0,0.0,0.0,unknown
1763110609.6692553,1763110541.4969757,0.115,0,2,0,0,225.16,250,268.75,0.0,0.0,0.0,0.0,unknown
1763110609.6815083,1763110541.4969757,0.114,0,2,0,0,225.16,250,268.75,0.0,0.0,0.0,0.0,unknown
1763110609.7120647,1763110541.4969757,0.11900000000000001,0,3,2,0,225.16,250,268.65,0.0,0.0,0.0,0.0,unknown
1763110609.7291331,1763110541.4969757,0.11900000000000001,0,3,1,0,225.16,250,268.45,0.0,0.0,0.0,0.0,unknown
1763110609.7451105,1763110541.4969757,0.117,0,2,0,0,225.14,250,268.4,0.0,0.0,0.0,0.0,unknown
1763110609.7703884,1763110541.4969757,0.115,0,2,0,0,225.14,250,268.4,0.0,0.0,0.0,0.0,unknown
1763110609.7867146,1763110541.4969757,0.114,0,2,1,0,225.14,250,268.3,0.0,0.0,0.0,0.0,unknown
1763110609.8126624,1763110541.4969757,0.113,0,2,0,0,225.14,250,268.20000000000005,0.0,0.0,0.0,0.0,unknown
1763110609.8340235,1763110541.4969757,0.113,0,1,1,0,225.14,250,268.1,0.0,0.0,0.0,0.0,unknown
1763110609.8491907,1763110541.4969757,0.113,0,1,1,0,225.14,250,268.05,0.0,0.0,0.0,0.0,unknown
1763110609.8662264,1763110541.4969757,0.112,0,2,0,0,225.14,250,268.1,0.0,0.0,0.0,0.0,unknown
1763110609.8868482,1763110541.4969757,0.113,0,3,0,0,225.14,250,268.1,0.0,0.0,0.0,0.0,unknown
1763110609.8985329,1763110541.4969757,0.111,0,0,1,0,225.14,250,268.15,0.0,0.0,0.0,0.0,unknown
1763110609.9142506,1763110541.4969757,0.11,0,2,0,0,225.14,250,268.15,0.0,0.0,0.0,0.0,unknown
1763110609.9306245,1763110541.4969757,0.113,0,3,1,0,225.14,250,268.2,0.0,0.0,0.0,0.0,unknown
1763110609.942494,1763110541.4969757,0.113,0,2,0,0,225.14,250,268.2,0.0,0.0,0.0,0.0,unknown
1763110609.9534822,1763110541.4969757,0.113,0,2,0,0,225.14,250,268.2,0.0,0.0,0.0,0.0,unknown
1763110609.984099,1763110541.4969757,0.113,0,1,1,0,225.14,250,268.1,0.0,0.0,0.0,0.0,unknown
1763110610.0117483,1763110541.4969757,0.11,0,1,0,0,225.14,250,267.9,0.0,0.0,0.0,0.0,unknown
1763110610.0374494,1763110541.4969757,0.11,0,1,0,0,225.14,250,267.85,0.0,0.0,0.0,0.0,unknown
1763110610.0595691,1763110541.4969757,0.111,0,3,1,0,225.14,250,267.79999999999995,0.0,0.0,0.0,0.0,unknown
1763110610.0902505,1763110541.4969757,0.11,0,2,0,0,225.14,250,267.8,0.0,0.0,0.0,0.0,unknown
1763110610.1071568,1763110541.4969757,0.11,0,1,1,0,225.14,250,267.75,0.0,0.0,0.0,0.0,unknown
1763110610.1280804,1763110541.4969757,0.107,0,1,0,0,225.14,250,267.75,0.0,0.0,0.0,0.0,unknown
1763110610.1543555,1763110541.4969757,0.10400000000000001,0,1,0,0,225.14,250,267.6,0.0,0.0,0.0,0.0,unknown
1763110610.171633,1763110541.4969757,0.10400000000000001,0,1,1,0,225.14,250,267.45,0.0,0.0,0.0,0.0,unknown
1763110610.1974978,1763110541.4969757,0.10300000000000001,0,1,0,0,225.14,250,267.4,0.0,0.0,0.0,0.0,unknown
1763110610.209179,1763110541.4969757,0.10400000000000001,0,1,1,0,225.16,250,267.54999999999995,0.0,0.0,0.0,0.0,unknown
1763110610.230143,1763110541.4969757,0.10500000000000001,0,1,0,0,225.16,250,267.5,0.0,0.0,0.0,0.0,unknown
1763110610.2405236,1763110541.4969757,0.10500000000000001,0,1,1,0,225.16,250,267.45,0.0,0.0,0.0,0.0,unknown
1763110610.2560425,1763110541.4969757,0.10500000000000001,0,2,1,0,225.16,250,267.45,0.0,0.0,0.0,0.0,unknown
1763110610.2730181,1763110541.4969757,0.10400000000000001,0,1,0,0,225.12,250,267.4,0.0,0.0,0.0,0.0,unknown
1763110610.2989924,1763110541.4969757,0.10400000000000001,0,2,0,0,225.12,250,267.25,0.0,0.0,0.0,0.0,unknown
1763110610.322016,1763110541.4969757,0.10500000000000001,0,2,0,0,225.12,250,267.2,0.0,0.0,0.0,0.0,unknown
1763110610.3374336,1763110541.4969757,0.10400000000000001,0,1,0,0,225.12,250,267.15,0.0,0.0,0.0,0.0,unknown
1763110610.364089,1763110541.4969757,0.10500000000000001,0,3,0,0,225.12,250,267.15,0.0,0.0,0.0,0.0,unknown
1763110610.3792183,1763110541.4969757,0.10400000000000001,0,1,1,0,225.1,250,267.15,0.0,0.0,0.0,0.0,unknown
1763110610.390469,1763110541.4969757,0.10400000000000001,0,2,0,0,225.12,250,267.2,0.0,0.0,0.0,0.0,unknown
1763110610.4175997,1763110541.4969757,0.10500000000000001,0,2,0,0,225.12,250,267.15,0.0,0.0,0.0,0.0,unknown
1763110610.4537368,1763110541.4969757,0.106,0,2,0,0,225.12,250,267.0,0.0,0.0,0.0,0.0,unknown
1763110610.4746296,1763110541.4969757,0.10500000000000001,0,2,0,0,225.12,250,266.85,0.0,0.0,0.0,0.0,unknown
1763110610.506319,1763110541.4969757,0.106,0,1,0,0,225.12,250,266.8,0.0,0.0,0.0,0.0,unknown
1763110610.5329437,1763110541.4969757,0.106,0,2,0,0,225.1,250,266.8,0.0,0.0,0.0,0.0,unknown
1763110610.5433788,1763110541.4969757,0.106,0,2,0,0,225.1,250,266.8,0.0,0.0,0.0,0.0,unknown
1763110610.5602896,1763110541.4969757,0.106,0,3,0,0,225.1,250,266.75,0.0,0.0,0.0,0.0,unknown
1763110610.5765727,1763110541.4969757,0.106,0,3,0,0,225.1,250,266.8,0.0,0.0,0.0,0.0,unknown
1763110610.5979583,1763110541.4969757,0.108,0,4,0,0,225.12,250,266.8,0.0,0.0,0.0,0.0,unknown
1763110610.6142228,1763110541.4969757,0.107,0,2,0,0,225.12,250,266.85,0.0,0.0,0.0,0.0,unknown
1763110610.6247292,1763110541.4969757,0.107,0,2,0,0,225.12,250,266.85,0.0,0.0,0.0,0.0,unknown
1763110610.6368744,1763110541.4969757,0.10600000000000001,0,1,0,0,225.12,250,266.85,0.0,0.0,0.0,0.0,unknown
1763110610.6674907,1763110541.4969757,0.10600000000000001,0,2,0,0,225.12,250,266.75,0.0,0.0,0.0,0.0,unknown
1763110610.6897485,1763110541.4969757,0.107,0,3,0,0,225.12,250,266.75,0.0,0.0,0.0,0.0,unknown
1763110610.7051594,1763110541.4969757,0.10500000000000001,0,3,0,0,225.12,250,266.7,0.0,0.0,0.0,0.0,unknown
1763110610.7310572,1763110541.4969757,0.10300000000000001,0,2,0,0,225.15,250,266.70000000000005,0.0,0.0,0.0,0.0,unknown
1763110610.7414536,1763110541.4969757,0.10300000000000001,0,2,0,0,225.13,250,266.7,0.0,0.0,0.0,0.0,unknown
1763110610.7586522,1763110541.4969757,0.10300000000000001,0,2,0,0,225.13,250,266.65,0.0,0.0,0.0,0.0,unknown
1763110610.7695906,1763110541.4969757,0.10200000000000001,0,2,0,0,225.13,250,266.65,0.0,0.0,0.0,0.0,unknown
1763110610.7908762,1763110541.4969757,0.10300000000000001,0,3,0,0,225.13,250,266.65,0.0,0.0,0.0,0.0,unknown
1763110610.8023517,1763110541.4969757,0.10300000000000001,0,2,0,0,225.13,250,266.7,0.0,0.0,0.0,0.0,unknown
1763110610.8326452,1763110541.4969757,0.10400000000000001,0,3,0,0,225.13,250,266.75,0.0,0.0,0.0,0.0,unknown
1763110610.8492057,1763110541.4969757,0.10500000000000001,0,3,0,0,225.13,250,266.8,0.0,0.0,0.0,0.0,unknown
1763110610.8748183,1763110541.4969757,0.10400000000000001,0,2,0,0,225.13,250,266.8,0.0,0.0,0.0,0.0,unknown
1763110610.901921,1763110541.4969757,0.10500000000000001,0,2,0,0,225.13,250,266.85,0.0,0.0,0.0,0.0,unknown
1763110610.9390442,1763110541.4969757,0.10500000000000001,0,2,0,0,225.13,250,266.9,0.0,0.0,0.0,0.0,unknown
1763110610.9545438,1763110541.4969757,0.10400000000000001,0,3,0,0,225.13,250,267.1,0.0,0.0,0.0,0.0,unknown
1763110610.977474,1763110541.4969757,0.10400000000000001,0,2,0,0,225.13,250,267.35,0.0,0.0,0.0,0.0,unknown
1763110610.99334,1763110541.4969757,0.105,0,3,0,0,225.09,250,267.4,0.0,0.0,0.0,0.0,unknown
1763110611.011109,1763110541.4969757,0.107,0,4,0,0,225.09,250,267.3,0.0,0.0,0.0,0.0,unknown
1763110611.027231,1763110541.4969757,0.107,0,1,0,0,225.12,250,267.35,0.0,0.0,0.0,0.0,unknown
1763110611.0630205,1763110541.4969757,0.106,0,0,0,0,225.12,250,267.35,0.0,0.0,0.0,0.0,unknown
1763110611.0781858,1763110541.4969757,0.10400000000000001,0,2,0,0,225.12,250,267.35,0.0,0.0,0.0,0.0,unknown
1763110611.088548,1763110541.4969757,0.10400000000000001,0,2,0,0,225.12,250,267.45,0.0,0.0,0.0,0.0,unknown
1763110611.1162472,1763110541.4969757,0.105,0,2,1,0,225.1,250,267.5,0.0,0.0,0.0,0.0,unknown
1763110611.133512,1763110541.4969757,0.107,0,3,0,0,225.1,250,267.45,0.0,0.0,0.0,0.0,unknown
1763110611.1538587,1763110541.4969757,0.11,0,3,1,0,225.12,250,267.4,0.0,0.0,0.0,0.0,unknown
1763110611.1642506,1763110541.4969757,0.11,0,2,0,0,225.12,250,267.4,0.0,0.0,0.0,0.0,unknown
1763110611.1762502,1763110541.4969757,0.111,0,2,0,0,225.12,250,267.45,0.0,0.0,0.0,0.0,unknown
1763110611.201853,1763110541.4969757,0.112,0,3,0,0,225.12,250,267.55,0.0,0.0,0.0,0.0,unknown
1763110611.223152,1763110541.4969757,0.112,0,1,0,0,225.12,250,267.75,0.0,0.0,0.0,0.0,unknown
1763110611.2436874,1763110541.4969757,0.112,0,2,0,0,225.12,250,267.9,0.0,0.0,0.0,0.0,unknown
1763110611.2593536,1763110541.4969757,0.112,0,2,1,0,225.12,250,267.95,0.0,0.0,0.0,0.0,unknown
1763110611.274755,1763110541.4969757,0.114,0,3,0,0,225.12,250,267.95,0.0,0.0,0.0,0.0,unknown
1763110611.2920856,1763110541.4969757,0.114,0,2,0,0,225.12,250,267.85,0.0,0.0,0.0,0.0,unknown
1763110611.3278167,1763110541.4969757,0.114,0,2,0,0,225.12,250,267.8,0.0,0.0,0.0,0.0,unknown
1763110611.34301,1763110541.4969757,0.116,0,3,0,0,225.1,250,267.8,0.0,0.0,0.0,0.0,unknown
1763110611.3702583,1763110541.4969757,0.115,0,2,0,0,225.1,250,267.9,0.0,0.0,0.0,0.0,unknown
1763110611.3868332,1763110541.4969757,0.114,0,1,0,0,225.1,250,268.0,0.0,0.0,0.0,0.0,unknown
1763110611.4022994,1763110541.4969757,0.114,0,2,0,0,225.1,250,268.05,0.0,0.0,0.0,0.0,unknown
1763110611.4173958,1763110541.4969757,0.114,0,2,0,0,225.12,250,268.1,0.0,0.0,0.0,0.0,unknown
1763110611.4282935,1763110541.4969757,0.114,0,2,0,0,225.12,250,268.2,0.0,0.0,0.0,0.0,unknown
1763110611.4397426,1763110541.4969757,0.114,0,1,1,0,225.12,250,268.35,0.0,0.0,0.0,0.0,unknown
1763110611.4548879,1763110541.4969757,0.117,0,3,1,0,225.12,250,268.45,0.0,0.0,0.0,0.0,unknown
1763110611.485221,1763110541.4969757,0.11800000000000001,0,2,1,0,225.12,250,268.45,0.0,0.0,0.0,0.0,unknown
1763110611.5003927,1763110541.4969757,0.11900000000000001,0,3,0,0,225.12,250,268.35,0.0,0.0,0.0,0.0,unknown
1763110611.5219193,1763110541.4969757,0.12,0,3,1,0,225.12,250,268.4,0.0,0.0,0.0,0.0,unknown
1763110611.5385723,1763110541.4969757,0.12,0,2,1,0,225.12,250,268.55,0.0,0.0,0.0,0.0,unknown
1763110611.5490565,1763110541.4969757,0.11900000000000001,0,3,0,0,225.12,250,268.7,0.0,0.0,0.0,0.0,unknown
1763110611.5743515,1763110541.4969757,0.11900000000000001,0,2,0,0,225.12,250,268.7,0.0,0.0,0.0,0.0,unknown
1763110611.5911562,1763110541.4969757,0.12,0,3,0,0,225.14,250,268.8,0.0,0.0,0.0,0.0,unknown
1763110611.6062937,1763110541.4969757,0.122,0,3,0,0,225.14,250,268.85,0.0,0.0,0.0,0.0,unknown
1763110611.621424,1763110541.4969757,0.122,0,1,1,0,225.14,250,268.85,0.0,0.0,0.0,0.0,unknown
1763110611.6395793,1763110541.4969757,0.121,0,2,0,0,225.14,250,268.8,0.0,0.0,0.0,0.0,unknown
1763110611.657626,1763110541.4969757,0.12,0,2,0,0,225.14,250,268.85,0.0,0.0,0.0,0.0,unknown
1763110611.6727626,1763110541.4969757,0.12,0,2,0,0,225.14,250,269.0,0.0,0.0,0.0,0.0,unknown
1763110611.6878972,1763110541.4969757,0.12,0,2,0,0,225.14,250,269.1,0.0,0.0,0.0,0.0,unknown
1763110611.6987474,1763110541.4969757,0.121,0,2,1,0,225.14,250,269.1,0.0,0.0,0.0,0.0,unknown
1763110611.7163503,1763110541.4969757,0.121,0,2,0,0,225.14,250,269.2,0.0,0.0,0.0,0.0,unknown
1763110611.7271476,1763110541.4969757,0.121,0,3,0,0,225.14,250,269.35,0.0,0.0,0.0,0.0,unknown
1763110611.742281,1763110541.4969757,0.12,0,1,0,0,225.16,250,269.5,0.0,0.0,0.0,0.0,unknown
1763110611.7586148,1763110541.4969757,0.12,0,3,0,0,225.16,250,269.55,0.0,0.0,0.0,0.0,unknown
1763110611.7751532,1763110541.4969757,0.11900000000000001,0,2,0,0,225.16,250,269.54999999999995,0.0,0.0,0.0,0.0,unknown
1763110611.7874928,1763110541.4969757,0.11900000000000001,0,2,0,0,225.16,250,269.54999999999995,0.0,0.0,0.0,0.0,unknown
1763110611.8000476,1763110541.4969757,0.11900000000000001,0,2,0,0,225.16,250,269.5,0.0,0.0,0.0,0.0,unknown
1763110611.821649,1763110541.4969757,0.12,0,2,1,0,225.18,250,269.54999999999995,0.0,0.0,0.0,0.0,unknown
1763110611.8400404,1763110541.4969757,0.12,0,3,0,0,225.18,250,269.6,0.0,0.0,0.0,0.0,unknown
1763110611.859561,1763110541.4969757,0.121,0,2,1,0,225.18,250,269.6,0.0,0.0,0.0,0.0,unknown
1763110611.8853438,1763110541.4969757,0.119,0,1,0,0,225.2,250,269.65,0.0,0.0,0.0,0.0,unknown
1763110611.9164033,1763110541.4969757,0.117,0,2,0,0,225.2,250,269.75,0.0,0.0,0.0,0.0,unknown
1763110611.9395344,1763110541.4969757,0.119,0,3,0,0,225.2,250,269.95,0.0,0.0,0.0,0.0,unknown
1763110611.9601166,1763110541.4969757,0.122,0,3,0,0,225.2,250,270.0,0.0,0.0,0.0,0.0,unknown
1763110611.9848678,1763110541.4969757,0.123,0,2,1,0,225.2,250,270.15,0.0,0.0,0.0,0.0,unknown
1763110611.9999979,1763110541.4969757,0.124,0,2,1,0,225.2,250,270.25,0.0,0.0,0.0,0.0,unknown
1763110612.0113337,1763110541.4969757,0.123,0,2,0,0,225.22,250,270.35,0.0,0.0,0.0,0.0,unknown
1763110612.026464,1763110541.4969757,0.122,0,2,0,0,225.19,250,270.4,0.0,0.0,0.0,0.0,unknown
1763110612.0495944,1763110541.4969757,0.121,0,3,0,0,225.19,250,270.45,0.0,0.0,0.0,0.0,unknown
1763110612.0694134,1763110541.4969757,0.122,0,3,0,0,225.19,250,270.6,0.0,0.0,0.0,0.0,unknown
1763110612.099362,1763110541.4969757,0.123,0,3,0,0,225.19,250,270.8,0.0,0.0,0.0,0.0,unknown
1763110612.1257324,1763110541.4969757,0.123,0,3,0,0,225.17,250,270.9,0.0,0.0,0.0,0.0,unknown
1763110612.1413734,1763110541.4969757,0.125,0,3,0,0,225.17,250,271.05,0.0,0.0,0.0,0.0,unknown
1763110612.1546705,1763110541.4969757,0.126,0,3,0,0,225.17,250,271.1,0.0,0.0,0.0,0.0,unknown
1763110612.182374,1763110541.4969757,0.127,0,3,1,0,225.17,250,271.05,0.0,0.0,0.0,0.0,unknown
1763110612.1966798,1763110541.4969757,0.127,0,3,0,0,225.17,250,271.05,0.0,0.0,0.0,0.0,unknown
1763110612.2317586,1763110541.4969757,0.127,0,2,0,0,225.17,250,271.15,0.0,0.0,0.0,0.0,unknown
1763110612.2531946,1763110541.4969757,0.127,0,2,0,0,225.17,250,271.15,0.0,0.0,0.0,0.0,unknown
1763110612.2635736,1763110541.4969757,0.126,0,2,0,0,225.17,250,271.2,0.0,0.0,0.0,0.0,unknown
1763110612.2938402,1763110541.4969757,0.126,0,2,0,0,225.17,250,271.15,0.0,0.0,0.0,0.0,unknown
1763110612.3287425,1763110541.4969757,0.127,0,2,0,0,225.19,250,271.2,0.0,0.0,0.0,0.0,unknown
1763110612.3451276,1763110541.4969757,0.127,0,2,0,0,225.17,250,271.2,0.0,0.0,0.0,0.0,unknown
1763110612.3802903,1763110541.4969757,0.127,0,2,0,0,225.17,250,271.3,0.0,0.0,0.0,0.0,unknown
1763110612.3964825,1763110541.4969757,0.129,0,3,1,0,225.21,250,271.45000000000005,0.0,0.0,0.0,0.0,unknown
1763110612.426846,1763110541.4969757,0.13,0,3,0,0,225.21,250,271.5,0.0,0.0,0.0,0.0,unknown
1763110612.4483082,1763110541.4969757,0.129,0,3,0,0,225.18,250,271.55,0.0,0.0,0.0,0.0,unknown
1763110612.4765596,1763110541.4969757,0.129,0,3,0,0,225.22,250,271.65,0.0,0.0,0.0,0.0,unknown
1763110612.4916973,1763110541.4969757,0.129,0,3,0,0,225.22,250,271.75,0.0,0.0,0.0,0.0,unknown
1763110612.5068347,1763110541.4969757,0.127,0,2,0,0,225.22,250,271.75,0.0,0.0,0.0,0.0,unknown
1763110612.525286,1763110541.4969757,0.128,0,3,1,0,225.22,250,271.70000000000005,0.0,0.0,0.0,0.0,unknown
1763110612.5474913,1763110541.4969757,0.128,0,3,0,0,225.2,250,271.8,0.0,0.0,0.0,0.0,unknown
1763110612.5596306,1763110541.4969757,0.129,0,3,0,0,225.2,250,271.9,0.0,0.0,0.0,0.0,unknown
1763110612.5802164,1763110541.4969757,0.13,0,4,0,0,225.2,250,271.95,0.0,0.0,0.0,0.0,unknown
1763110612.5993834,1763110541.4969757,0.129,0,2,0,0,225.2,250,271.95,0.0,0.0,0.0,0.0,unknown
1763110612.6103032,1763110541.4969757,0.129,0,2,0,0,225.2,250,272.1,0.0,0.0,0.0,0.0,unknown
1763110612.626628,1763110541.4969757,0.129,0,2,0,0,225.2,250,272.2,0.0,0.0,0.0,0.0,unknown
1763110612.654603,1763110541.4969757,0.129,0,2,0,0,225.2,250,272.25,0.0,0.0,0.0,0.0,unknown
1763110612.6814897,1763110541.4969757,0.129,0,2,0,0,225.2,250,272.29999999999995,0.0,0.0,0.0,0.0,unknown
1763110612.701174,1763110541.4969757,0.128,0,1,0,0,225.22,250,272.4,0.0,0.0,0.0,0.0,unknown
1763110612.7165575,1763110541.4969757,0.127,0,2,0,0,225.22,250,272.45,0.0,0.0,0.0,0.0,unknown
1763110612.7369215,1763110541.4969757,0.127,0,2,0,0,225.26,250,272.45,0.0,0.0,0.0,0.0,unknown
1763110612.7538483,1763110541.4969757,0.126,0,2,0,0,225.26,250,272.45,0.0,0.0,0.0,0.0,unknown
1763110612.7693632,1763110541.4969757,0.126,0,1,0,0,225.23,250,272.45,0.0,0.0,0.0,0.0,unknown
1763110612.792389,1763110541.4969757,0.124,0,1,0,0,225.23,250,272.4,0.0,0.0,0.0,0.0,unknown
1763110612.8146827,1763110541.4969757,0.125,0,3,0,0,225.23,250,272.4,0.0,0.0,0.0,0.0,unknown
1763110612.8426318,1763110541.4969757,0.126,0,3,0,0,225.23,250,272.5,0.0,0.0,0.0,0.0,unknown
1763110612.8596163,1763110541.4969757,0.126,0,2,0,0,225.23,250,272.45,0.0,0.0,0.0,0.0,unknown
1763110612.8870304,1763110541.4969757,0.124,0,1,0,0,225.23,250,272.5,0.0,0.0,0.0,0.0,unknown
1763110612.8976357,1763110541.4969757,0.123,0,2,0,0,225.23,250,272.5,0.0,0.0,0.0,0.0,unknown
1763110612.933304,1763110541.4969757,0.123,0,3,0,0,225.23,250,272.45,0.0,0.0,0.0,0.0,unknown
1763110612.9571302,1763110541.4969757,0.124,0,2,0,0,225.23,250,272.55,0.0,0.0,0.0,0.0,unknown
1763110612.9874263,1763110541.4969757,0.123,0,1,0,0,225.23,250,272.7,0.0,0.0,0.0,0.0,unknown
1763110613.0068212,1763110541.4969757,0.123,0,2,1,0,225.23,250,272.75,0.0,0.0,0.0,0.0,unknown
1763110613.0276256,1763110541.4969757,0.122,0,2,0,0,225.23,250,272.70000000000005,0.0,0.0,0.0,0.0,unknown
1763110613.0517333,1763110541.4969757,0.121,0,2,0,0,225.23,250,272.75,0.0,0.0,0.0,0.0,unknown
1763110613.0621758,1763110541.4969757,0.12,0,2,0,0,225.23,250,272.75,0.0,0.0,0.0,0.0,unknown
1763110613.0925293,1763110541.4969757,0.11900000000000001,0,1,0,0,225.23,250,272.75,0.0,0.0,0.0,0.0,unknown
1763110613.1279514,1763110541.4969757,0.12,0,2,1,0,225.25,250,272.75,0.0,0.0,0.0,0.0,unknown
1763110613.1420102,1763110541.4969757,0.11900000000000001,0,2,0,0,225.23,250,272.8,0.0,0.0,0.0,0.0,unknown
1763110613.1678467,1763110541.4969757,0.11800000000000001,0,2,0,0,225.23,250,272.85,0.0,0.0,0.0,0.0,unknown
1763110613.1833766,1763110541.4969757,0.117,0,2,0,0,225.21,250,272.75,0.0,0.0,0.0,0.0,unknown
1763110613.2039812,1763110541.4969757,0.116,0,2,0,0,225.21,250,272.65,0.0,0.0,0.0,0.0,unknown
1763110613.224784,1763110541.4969757,0.115,0,2,0,0,225.21,250,272.65,0.0,0.0,0.0,0.0,unknown
1763110613.2413023,1763110541.4969757,0.114,0,2,0,0,225.21,250,272.65,0.0,0.0,0.0,0.0,unknown
1763110613.262182,1763110541.4969757,0.113,0,2,1,0,225.21,250,272.65,0.0,0.0,0.0,0.0,unknown
1763110613.2745795,1763110541.4969757,0.112,0,2,0,0,225.21,250,272.55,0.0,0.0,0.0,0.0,unknown
1763110613.2928095,1763110541.4969757,0.112,0,2,0,0,225.21,250,272.55,0.0,0.0,0.0,0.0,unknown
1763110613.323925,1763110541.4969757,0.112,0,2,0,0,225.21,250,272.6,0.0,0.0,0.0,0.0,unknown
1763110613.3355923,1763110541.4969757,0.112,0,2,0,0,225.21,250,272.65,0.0,0.0,0.0,0.0,unknown
1763110613.3658123,1763110541.4969757,0.113,0,2,1,0,225.21,250,272.6,0.0,0.0,0.0,0.0,unknown
1763110613.3813002,1763110541.4969757,0.112,0,1,0,0,225.21,250,272.55,0.0,0.0,0.0,0.0,unknown
1763110613.3918993,1763110541.4969757,0.114,0,3,1,0,225.21,250,272.5,0.0,0.0,0.0,0.0,unknown
1763110613.4077013,1763110541.4969757,0.115,0,2,1,0,225.19,250,272.5,0.0,0.0,0.0,0.0,unknown
1763110613.4185598,1763110541.4969757,0.114,0,2,1,0,225.19,250,272.54999999999995,0.0,0.0,0.0,0.0,unknown
1763110613.4303966,1763110541.4969757,0.114,0,2,1,0,225.19,250,272.65,0.0,0.0,0.0,0.0,unknown
1763110613.4519153,1763110541.4969757,0.112,0,1,0,0,225.19,250,272.6,0.0,0.0,0.0,0.0,unknown
1763110613.4778914,1763110541.4969757,0.111,0,2,0,0,225.19,250,272.75,0.0,0.0,0.0,0.0,unknown
1763110613.4933414,1763110541.4969757,0.112,0,3,1,0,225.19,250,272.9,0.0,0.0,0.0,0.0,unknown
1763110613.5154836,1763110541.4969757,0.111,0,1,0,0,225.19,250,272.9,0.0,0.0,0.0,0.0,unknown
1763110613.5258145,1763110541.4969757,0.108,0,1,0,0,225.19,250,272.85,0.0,0.0,0.0,0.0,unknown
1763110613.5567403,1763110541.4969757,0.106,0,1,0,0,225.19,250,272.79999999999995,0.0,0.0,0.0,0.0,unknown
1763110613.5829206,1763110541.4969757,0.10500000000000001,0,2,0,0,225.19,250,272.75,0.0,0.0,0.0,0.0,unknown
1763110613.598063,1763110541.4969757,0.10200000000000001,0,1,0,0,225.17,250,272.7,0.0,0.0,0.0,0.0,unknown
1763110613.628148,1763110541.4969757,0.10300000000000001,0,3,0,0,225.17,250,272.7,0.0,0.0,0.0,0.0,unknown
1763110613.6518774,1763110541.4969757,0.10200000000000001,0,1,0,0,225.17,250,272.8,0.0,0.0,0.0,0.0,unknown
1763110613.6758559,1763110541.4969757,0.10300000000000001,0,3,0,0,225.17,250,272.95,0.0,0.0,0.0,0.0,unknown
1763110613.7000368,1763110541.4969757,0.10300000000000001,0,2,0,0,225.17,250,273.0,0.0,0.0,0.0,0.0,unknown
1763110613.72908,1763110541.4969757,0.10400000000000001,0,2,1,0,225.17,250,273.0,0.0,0.0,0.0,0.0,unknown
1763110613.7446408,1763110541.4969757,0.105,0,2,0,0,225.17,250,273.0,0.0,0.0,0.0,0.0,unknown
1763110613.7645743,1763110541.4969757,0.107,0,4,0,0,225.17,250,273.05,0.0,0.0,0.0,0.0,unknown
1763110613.7754414,1763110541.4969757,0.107,0,2,0,0,225.17,250,273.05,0.0,0.0,0.0,0.0,unknown
1763110613.791839,1763110541.4969757,0.108,0,2,1,0,225.17,250,273.05,0.0,0.0,0.0,0.0,unknown
1763110613.8069623,1763110541.4969757,0.109,0,2,0,0,225.15,250,273.1,0.0,0.0,0.0,0.0,unknown
1763110613.8175623,1763110541.4969757,0.109,0,1,0,0,225.15,250,273.1,0.0,0.0,0.0,0.0,unknown
1763110613.8350337,1763110541.4969757,0.109,0,2,1,0,225.15,250,273.1,0.0,0.0,0.0,0.0,unknown
1763110613.850175,1763110541.4969757,0.108,0,2,0,0,225.15,250,273.1,0.0,0.0,0.0,0.0,unknown
1763110613.8733268,1763110541.4969757,0.109,0,3,0,0,225.15,250,273.15,0.0,0.0,0.0,0.0,unknown
1763110613.8971086,1763110541.4969757,0.111,0,2,1,0,225.13,250,273.15,0.0,0.0,0.0,0.0,unknown
1763110613.9186196,1763110541.4969757,0.111,0,1,1,0,225.13,250,273.15,0.0,0.0,0.0,0.0,unknown
1763110613.9334764,1763110541.4969757,0.11,0,2,0,0,225.13,250,273.15,0.0,0.0,0.0,0.0,unknown
1763110613.965627,1763110541.4969757,0.111,0,2,1,0,225.11,250,273.05,0.0,0.0,0.0,0.0,unknown
1763110613.9788558,1763110541.4969757,0.113,0,3,0,0,225.11,250,273.1,0.0,0.0,0.0,0.0,unknown
1763110613.9984376,1763110541.4969757,0.113,0,3,0,0,225.11,250,273.15,0.0,0.0,0.0,0.0,unknown
1763110614.0092318,1763110541.4969757,0.112,0,1,0,0,225.11,250,273.2,0.0,0.0,0.0,0.0,unknown
1763110614.0279746,1763110541.4969757,0.112,0,2,0,0,225.11,250,273.25,0.0,0.0,0.0,0.0,unknown
1763110614.0388954,1763110541.4969757,0.111,0,1,0,0,225.11,250,273.25,0.0,0.0,0.0,0.0,unknown
1763110614.0615568,1763110541.4969757,0.113,0,3,0,0,225.09,250,273.25,0.0,0.0,0.0,0.0,unknown
1763110614.0774415,1763110541.4969757,0.113,0,2,1,0,225.12,250,273.2,0.0,0.0,0.0,0.0,unknown
1763110614.0925832,1763110541.4969757,0.114,0,2,1,0,225.12,250,273.25,0.0,0.0,0.0,0.0,unknown
1763110614.1147568,1763110541.4969757,0.115,0,3,0,0,225.12,250,273.25,0.0,0.0,0.0,0.0,unknown
1763110614.135069,1763110541.4969757,0.115,0,2,0,0,225.12,250,273.25,0.0,0.0,0.0,0.0,unknown
1763110614.1581314,1763110541.4969757,0.116,0,3,0,0,225.12,250,273.2,0.0,0.0,0.0,0.0,unknown
1763110614.1738296,1763110541.4969757,0.116,0,2,0,0,225.12,250,273.2,0.0,0.0,0.0,0.0,unknown
1763110614.1890364,1763110541.4969757,0.117,0,3,0,0,225.12,250,273.2,0.0,0.0,0.0,0.0,unknown
1763110614.2172205,1763110541.4969757,0.117,0,2,1,0,225.12,250,273.25,0.0,0.0,0.0,0.0,unknown
1763110614.2392778,1763110541.4969757,0.116,0,1,0,0,225.12,250,273.25,0.0,0.0,0.0,0.0,unknown
1763110614.262178,1763110541.4969757,0.117,0,2,1,0,225.12,250,273.2,0.0,0.0,0.0,0.0,unknown
1763110614.2817366,1763110541.4969757,0.117,0,1,1,0,225.12,250,273.15,0.0,0.0,0.0,0.0,unknown
1763110614.3063428,1763110541.4969757,0.117,0,2,0,0,225.12,250,273.1,0.0,0.0,0.0,0.0,unknown
1763110614.336423,1763110541.4969757,0.117,0,3,0,0,225.12,250,273.1,0.0,0.0,0.0,0.0,unknown
1763110614.357484,1763110541.4969757,0.119,0,2,1,0,225.1,250,273.1,0.0,0.0,0.0,0.0,unknown
1763110614.3726134,1763110541.4969757,0.117,0,2,0,0,225.1,250,273.2,0.0,0.0,0.0,0.0,unknown
1763110614.3907595,1763110541.4969757,0.116,0,2,0,0,225.1,250,273.20000000000005,0.0,0.0,0.0,0.0,unknown
1763110614.4062665,1763110541.4969757,0.116,0,2,1,0,225.06,250,273.20000000000005,0.0,0.0,0.0,0.0,unknown
1763110614.4214013,1763110541.4969757,0.115,0,2,0,0,225.06,250,273.25,0.0,0.0,0.0,0.0,unknown
1763110614.4475534,1763110541.4969757,0.116,0,2,0,0,225.09,250,273.2,0.0,0.0,0.0,0.0,unknown
1763110614.4691174,1763110541.4969757,0.117,0,2,1,0,225.05,250,273.3,0.0,0.0,0.0,0.0,unknown
1763110614.4931118,1763110541.4969757,0.115,0,2,0,0,225.05,250,273.25,0.0,0.0,0.0,0.0,unknown
1763110614.515242,1763110541.4969757,0.118,0,4,0,0,225.05,250,273.20000000000005,0.0,0.0,0.0,0.0,unknown
1763110614.5455432,1763110541.4969757,0.12,0,2,1,0,225.05,250,273.3,0.0,0.0,0.0,0.0,unknown
1763110614.5675812,1763110541.4969757,0.123,0,3,1,0,225.05,250,273.35,0.0,0.0,0.0,0.0,unknown
1763110614.58821,1763110541.4969757,0.124,0,3,0,0,225.05,250,273.25,0.0,0.0,0.0,0.0,unknown
1763110614.6095648,1763110541.4969757,0.124,0,1,0,0,225.05,250,273.29999999999995,0.0,0.0,0.0,0.0,unknown
1763110614.623675,1763110541.4969757,0.123,0,2,0,0,225.05,250,273.3,0.0,0.0,0.0,0.0,unknown
1763110614.6391606,1763110541.4969757,0.124,0,2,0,0,225.05,250,273.20000000000005,0.0,0.0,0.0,0.0,unknown
1763110614.6543357,1763110541.4969757,0.124,0,3,0,0,225.05,250,273.1,0.0,0.0,0.0,0.0,unknown
1763110614.6706376,1763110541.4969757,0.124,0,2,0,0,225.05,250,273.05,0.0,0.0,0.0,0.0,unknown
1763110614.6837342,1763110541.4969757,0.124,0,3,0,0,225.05,250,273.0,0.0,0.0,0.0,0.0,unknown
1763110614.6988995,1763110541.4969757,0.125,0,3,0,0,225.03,250,273.0,0.0,0.0,0.0,0.0,unknown
1763110614.709839,1763110541.4969757,0.125,0,3,1,0,225.03,250,273.05,0.0,0.0,0.0,0.0,unknown
1763110614.7310243,1763110541.4969757,0.125,0,2,0,0,224.99,250,273.1,0.0,0.0,0.0,0.0,unknown
1763110614.7462006,1763110541.4969757,0.125,0,2,1,0,225.01,250,273.15,0.0,0.0,0.0,0.0,unknown
1763110614.7754786,1763110541.4969757,0.125,0,2,0,0,225.04,250,273.2,0.0,0.0,0.0,0.0,unknown
1763110614.7974513,1763110541.4969757,0.126,0,2,0,0,225.04,250,273.25,0.0,0.0,0.0,0.0,unknown
1763110614.810765,1763110541.4969757,0.127,0,3,1,0,225.04,250,273.3,0.0,0.0,0.0,0.0,unknown
1763110614.844686,1763110541.4969757,0.129,0,3,1,0,225.04,250,273.3,0.0,0.0,0.0,0.0,unknown
1763110614.8633032,1763110541.4969757,0.128,0,2,0,0,225.04,250,273.35,0.0,0.0,0.0,0.0,unknown
1763110614.8828697,1763110541.4969757,0.128,0,2,1,0,225.04,250,273.29999999999995,0.0,0.0,0.0,0.0,unknown
1763110614.8973053,1763110541.4969757,0.13,0,3,1,0,225.04,250,273.25,0.0,0.0,0.0,0.0,unknown
1763110614.9125557,1763110541.4969757,0.133,0,4,1,0,225.04,250,273.25,0.0,0.0,0.0,0.0,unknown
1763110614.9233997,1763110541.4969757,0.132,0,2,0,0,225.04,250,273.25,0.0,0.0,0.0,0.0,unknown
1763110614.9531875,1763110541.4969757,0.132,0,3,0,0,225.04,250,273.2,0.0,0.0,0.0,0.0,unknown
1763110614.968002,1763110541.4969757,0.132,0,3,0,0,225.08,250,273.05,0.0,0.0,0.0,0.0,unknown
1763110614.988875,1763110541.4969757,0.133,0,2,0,0,225.08,250,273.1,0.0,0.0,0.0,0.0,unknown
1763110615.0156777,1763110541.4969757,0.134,0,3,0,0,225.05,250,273.15,0.0,0.0,0.0,0.0,unknown
1763110615.0271127,1763110541.4969757,0.135,0,2,0,0,225.05,250,273.2,0.0,0.0,0.0,0.0,unknown
1763110615.0505857,1763110541.4969757,0.134,0,2,0,0,225.05,250,273.2,0.0,0.0,0.0,0.0,unknown
1763110615.0753133,1763110541.4969757,0.135,0,3,1,0,225.03,250,273.15,0.0,0.0,0.0,0.0,unknown
1763110615.1042826,1763110541.4969757,0.135,0,3,0,0,225.03,250,273.1,0.0,0.0,0.0,0.0,unknown
1763110615.1275,1763110541.4969757,0.134,0,2,0,0,225.03,250,273.05,0.0,0.0,0.0,0.0,unknown
1763110615.1420286,1763110541.4969757,0.135,0,3,0,0,225.03,250,273.1,0.0,0.0,0.0,0.0,unknown
1763110615.1576502,1763110541.4969757,0.134,0,2,0,0,225.03,250,273.2,0.0,0.0,0.0,0.0,unknown
1763110615.1725109,1763110541.4969757,0.136,0,3,1,0,225.03,250,273.15,0.0,0.0,0.0,0.0,unknown
1763110615.1913092,1763110541.4969757,0.136,0,3,0,0,225.03,250,273.05,0.0,0.0,0.0,0.0,unknown
1763110615.2073457,1763110541.4969757,0.136,0,2,1,0,225.03,250,273.0,0.0,0.0,0.0,0.0,unknown
1763110615.23349,1763110541.4969757,0.138,0,3,0,0,225.03,250,273.0,0.0,0.0,0.0,0.0,unknown
1763110615.2450354,1763110541.4969757,0.138,0,3,0,0,225.03,250,273.05,0.0,0.0,0.0,0.0,unknown
1763110615.277899,1763110541.4969757,0.139,0,3,0,0,225.03,250,272.95000000000005,0.0,0.0,0.0,0.0,unknown
1763110615.305674,1763110541.4969757,0.139,0,2,0,0,225.03,250,272.9,0.0,0.0,0.0,0.0,unknown
1763110615.332931,1763110541.4969757,0.139,0,3,0,0,225.03,250,272.9,0.0,0.0,0.0,0.0,unknown
1763110615.3495073,1763110541.4969757,0.14,0,3,1,0,225,250,272.85,0.0,0.0,0.0,0.0,unknown
1763110615.3761246,1763110541.4969757,0.14100000000000001,0,2,1,0,225,250,272.9,0.0,0.0,0.0,0.0,unknown
1763110615.3959322,1763110541.4969757,0.14200000000000002,0,2,1,0,224.97,250,273.04999999999995,0.0,0.0,0.0,0.0,unknown
1763110615.4095614,1763110541.4969757,0.143,0,3,1,0,224.97,250,273.05,0.0,0.0,0.0,0.0,unknown
1763110615.4320455,1763110541.4969757,0.145,0,3,1,0,224.97,250,272.95,0.0,0.0,0.0,0.0,unknown
1763110615.4423966,1763110541.4969757,0.147,0,3,1,0,224.97,250,273.0,0.0,0.0,0.0,0.0,unknown
1763110615.453183,1763110541.4969757,0.148,0,3,1,0,224.97,250,272.9,0.0,0.0,0.0,0.0,unknown
1763110615.4732363,1763110541.4969757,0.149,0,3,0,0,224.97,250,272.85,0.0,0.0,0.0,0.0,unknown
1763110615.4917607,1763110541.4969757,0.148,0,2,1,0,224.97,250,272.75,0.0,0.0,0.0,0.0,unknown
1763110615.5067284,1763110541.4969757,0.149,0,3,1,0,224.97,250,272.7,0.0,0.0,0.0,0.0,unknown
1763110615.5353434,1763110541.4969757,0.148,0,3,0,0,224.97,250,272.65,0.0,0.0,0.0,0.0,unknown
1763110615.5487282,1763110541.4969757,0.148,0,2,1,0,224.97,250,272.75,0.0,0.0,0.0,0.0,unknown
1763110615.5629268,1763110541.4969757,0.15,0,2,1,0,224.97,250,272.79999999999995,0.0,0.0,0.0,0.0,unknown
1763110615.5733378,1763110541.4969757,0.151,0,3,0,0,224.97,250,272.8,0.0,0.0,0.0,0.0,unknown
1763110615.5895429,1763110541.4969757,0.154,0,4,1,0,224.97,250,272.75,0.0,0.0,0.0,0.0,unknown
1763110615.6046805,1763110541.4969757,0.153,0,2,0,0,224.97,250,272.65,0.0,0.0,0.0,0.0,unknown
1763110615.6235805,1763110541.4969757,0.153,0,2,0,0,224.97,250,272.7,0.0,0.0,0.0,0.0,unknown
1763110615.633822,1763110541.4969757,0.151,0,1,0,0,224.97,250,272.70000000000005,0.0,0.0,0.0,0.0,unknown
1763110615.6442304,1763110541.4969757,0.15,0,2,0,0,224.97,250,272.7,0.0,0.0,0.0,0.0,unknown
1763110615.6646678,1763110541.4969757,0.149,0,2,1,0,224.97,250,272.7,0.0,0.0,0.0,0.0,unknown
1763110615.6800776,1763110541.4969757,0.15,0,3,0,0,224.97,250,272.75,0.0,0.0,0.0,0.0,unknown
1763110615.700089,1763110541.4969757,0.149,0,2,0,0,224.97,250,272.7,0.0,0.0,0.0,0.0,unknown
1763110615.7140872,1763110541.4969757,0.15,0,3,0,0,224.97,250,272.55,0.0,0.0,0.0,0.0,unknown
1763110615.73261,1763110541.4969757,0.151,0,3,0,0,224.97,250,272.5,0.0,0.0,0.0,0.0,unknown
1763110615.7577956,1763110541.4969757,0.149,0,2,0,0,224.97,250,272.5,0.0,0.0,0.0,0.0,unknown
1763110615.7724922,1763110541.4969757,0.149,0,3,1,0,224.97,250,272.55,0.0,0.0,0.0,0.0,unknown
1763110615.8039541,1763110541.4969757,0.149,0,2,0,0,224.97,250,272.65,0.0,0.0,0.0,0.0,unknown
1763110615.81644,1763110541.4969757,0.149,0,2,1,0,224.97,250,272.65,0.0,0.0,0.0,0.0,unknown
1763110615.8375692,1763110541.4969757,0.148,0,3,0,0,224.97,250,272.6,0.0,0.0,0.0,0.0,unknown
1763110615.875697,1763110541.4969757,0.146,0,3,0,0,224.97,250,272.6,0.0,0.0,0.0,0.0,unknown
1763110615.893071,1763110541.4969757,0.147,0,2,1,0,224.97,250,272.70000000000005,0.0,0.0,0.0,0.0,unknown
1763110615.9081979,1763110541.4969757,0.146,0,2,0,0,224.97,250,272.75,0.0,0.0,0.0,0.0,unknown
1763110615.9325345,1763110541.4969757,0.146,0,3,0,0,224.97,250,272.7,0.0,0.0,0.0,0.0,unknown
1763110615.9490037,1763110541.4969757,0.147,0,3,0,0,224.97,250,272.65,0.0,0.0,0.0,0.0,unknown
1763110615.9592881,1763110541.4969757,0.148,0,4,0,0,224.97,250,272.55,0.0,0.0,0.0,0.0,unknown
1763110615.969843,1763110541.4969757,0.15,0,3,1,0,224.97,250,272.5,0.0,0.0,0.0,0.0,unknown
1763110615.9830227,1763110541.4969757,0.152,0,3,1,0,224.97,250,272.5,0.0,0.0,0.0,0.0,unknown
1763110616.0030696,1763110541.4969757,0.152,0,3,1,0,224.99,250,272.6,0.0,0.0,0.0,0.0,unknown
1763110616.0143716,1763110541.4969757,0.153,0,3,1,0,224.99,250,272.65,0.0,0.0,0.0,0.0,unknown
1763110616.0302954,1763110541.4969757,0.153,0,2,0,0,224.99,250,272.65,0.0,0.0,0.0,0.0,unknown
1763110616.0454874,1763110541.4969757,0.151,0,1,0,0,224.99,250,272.55,0.0,0.0,0.0,0.0,unknown
1763110616.0662806,1763110541.4969757,0.152,0,2,1,0,225.01,250,272.55,0.0,0.0,0.0,0.0,unknown
1763110616.0859425,1763110541.4969757,0.151,0,3,0,0,225.01,250,272.5,0.0,0.0,0.0,0.0,unknown
1763110616.0966055,1763110541.4969757,0.151,0,3,0,0,225.01,250,272.5,0.0,0.0,0.0,0.0,unknown
1763110616.123264,1763110541.4969757,0.152,0,4,0,0,225.01,250,272.5,0.0,0.0,0.0,0.0,unknown
1763110616.1438212,1763110541.4969757,0.152,0,3,0,0,225.01,250,272.5,0.0,0.0,0.0,0.0,unknown
1763110616.156081,1763110541.4969757,0.152,0,3,0,0,225.01,250,272.5,0.0,0.0,0.0,0.0,unknown
1763110616.1770844,1763110541.4969757,0.152,0,3,0,0,225.01,250,272.55,0.0,0.0,0.0,0.0,unknown
1763110616.2024438,1763110541.4969757,0.153,0,3,0,0,225.01,250,272.65,0.0,0.0,0.0,0.0,unknown
1763110616.2178936,1763110541.4969757,0.153,0,3,0,0,225.01,250,272.75,0.0,0.0,0.0,0.0,unknown
1763110616.2452078,1763110541.4969757,0.153,0,4,0,0,225.01,250,272.75,0.0,0.0,0.0,0.0,unknown
1763110616.260337,1763110541.4969757,0.151,0,1,0,0,225.01,250,272.6,0.0,0.0,0.0,0.0,unknown
1763110616.2758915,1763110541.4969757,0.151,0,3,0,0,225.01,250,272.5,0.0,0.0,0.0,0.0,unknown
1763110616.2913585,1763110541.4969757,0.151,0,4,0,0,225.01,250,272.55,0.0,0.0,0.0,0.0,unknown
1763110616.3014758,1763110541.4969757,0.15,0,3,0,0,225.01,250,272.6,0.0,0.0,0.0,0.0,unknown
1763110616.3288496,1763110541.4969757,0.147,0,1,0,0,225.01,250,272.75,0.0,0.0,0.0,0.0,unknown
1763110616.345902,1763110541.4969757,0.145,0,2,0,0,225.01,250,272.70000000000005,0.0,0.0,0.0,0.0,unknown
1763110616.363586,1763110541.4969757,0.145,0,3,0,0,225.01,250,272.8,0.0,0.0,0.0,0.0,unknown
1763110616.3787243,1763110541.4969757,0.145,0,3,0,0,225.01,250,272.9,0.0,0.0,0.0,0.0,unknown
1763110616.3910363,1763110541.4969757,0.144,0,3,0,0,225.01,250,272.8,0.0,0.0,0.0,0.0,unknown
1763110616.4054823,1763110541.4969757,0.145,0,3,1,0,225.01,250,272.7,0.0,0.0,0.0,0.0,unknown
1763110616.4196687,1763110541.4969757,0.144,0,2,0,0,224.98,250,272.75,0.0,0.0,0.0,0.0,unknown
1763110616.4403226,1763110541.4969757,0.147,0,4,2,0,224.98,250,272.7,0.0,0.0,0.0,0.0,unknown
1763110616.4614503,1763110541.4969757,0.147,0,3,0,0,224.98,250,272.75,0.0,0.0,0.0,0.0,unknown
1763110616.4906397,1763110541.4969757,0.145,0,3,0,0,224.98,250,272.85,0.0,0.0,0.0,0.0,unknown
1763110616.5010247,1763110541.4969757,0.147,0,4,0,0,224.98,250,272.95,0.0,0.0,0.0,0.0,unknown
1763110616.5161486,1763110541.4969757,0.147,0,2,0,0,224.98,250,273.05,0.0,0.0,0.0,0.0,unknown
1763110616.5368326,1763110541.4969757,0.15,0,3,1,0,224.98,250,273.15,0.0,0.0,0.0,0.0,unknown
1763110616.5533688,1763110541.4969757,0.15,0,2,0,0,224.95,250,273.1,0.0,0.0,0.0,0.0,unknown
1763110616.5685024,1763110541.4969757,0.149,0,2,0,0,224.95,250,273.1,0.0,0.0,0.0,0.0,unknown
1763110616.578966,1763110541.4969757,0.149,0,3,0,0,224.95,250,273.15,0.0,0.0,0.0,0.0,unknown
1763110616.59502,1763110541.4969757,0.15,0,3,0,0,224.93,250,273.1,0.0,0.0,0.0,0.0,unknown
1763110616.6111948,1763110541.4969757,0.15,0,3,0,0,224.93,250,272.95,0.0,0.0,0.0,0.0,unknown
1763110616.6371312,1763110541.4969757,0.15,0,3,0,0,224.97,250,272.95,0.0,0.0,0.0,0.0,unknown
1763110616.6563911,1763110541.4969757,0.151,0,3,0,0,224.97,250,272.9,0.0,0.0,0.0,0.0,unknown
1763110616.680029,1763110541.4969757,0.15,0,3,0,0,224.97,250,272.85,0.0,0.0,0.0,0.0,unknown
1763110616.6964653,1763110541.4969757,0.15,0,2,0,0,224.97,250,272.9,0.0,0.0,0.0,0.0,unknown
1763110616.70938,1763110541.4969757,0.148,0,1,0,0,224.97,250,272.95,0.0,0.0,0.0,0.0,unknown
1763110616.7254937,1763110541.4969757,0.148,0,3,0,0,224.94,250,272.95,0.0,0.0,0.0,0.0,unknown
1763110616.7390983,1763110541.4969757,0.148,0,3,0,0,224.94,250,272.9,0.0,0.0,0.0,0.0,unknown
1763110616.7511086,1763110541.4969757,0.149,0,3,1,0,224.94,250,272.85,0.0,0.0,0.0,0.0,unknown
1763110616.7663803,1763110541.4969757,0.149,0,2,0,0,224.96,250,272.9,0.0,0.0,0.0,0.0,unknown
1763110616.7900457,1763110541.4969757,0.149,0,2,1,0,224.92,250,272.95000000000005,0.0,0.0,0.0,0.0,unknown
1763110616.8009777,1763110541.4969757,0.147,0,1,0,0,224.92,250,272.95000000000005,0.0,0.0,0.0,0.0,unknown
1763110616.816411,1763110541.4969757,0.146,0,3,0,0,224.95,250,272.9,0.0,0.0,0.0,0.0,unknown
1763110616.847438,1763110541.4969757,0.145,0,3,0,0,224.95,250,272.85,0.0,0.0,0.0,0.0,unknown
1763110616.8612263,1763110541.4969757,0.144,0,2,1,0,224.92,250,272.75,0.0,0.0,0.0,0.0,unknown
1763110616.887038,1763110541.4969757,0.143,0,3,0,0,224.92,250,272.7,0.0,0.0,0.0,0.0,unknown
1763110616.9038246,1763110541.4969757,0.142,0,3,0,0,224.92,250,272.65,0.0,0.0,0.0,0.0,unknown
1763110616.9189603,1763110541.4969757,0.141,0,1,0,0,224.92,250,272.55,0.0,0.0,0.0,0.0,unknown
1763110616.944045,1763110541.4969757,0.142,0,2,0,0,224.92,250,272.5,0.0,0.0,0.0,0.0,unknown
1763110616.973078,1763110541.4969757,0.142,0,3,0,0,224.92,250,272.45,0.0,0.0,0.0,0.0,unknown
1763110616.9983609,1763110541.4969757,0.143,0,4,0,0,224.92,250,272.5,0.0,0.0,0.0,0.0,unknown
1763110617.0192895,1763110541.4969757,0.143,0,2,1,0,224.92,250,272.6,0.0,0.0,0.0,0.0,unknown
1763110617.0354078,1763110541.4969757,0.141,0,2,0,0,224.92,250,272.65,0.0,0.0,0.0,0.0,unknown
1763110617.0617793,1763110541.4969757,0.141,0,3,0,0,224.92,250,272.6,0.0,0.0,0.0,0.0,unknown
1763110617.086585,1763110541.4969757,0.141,0,3,0,0,224.92,250,272.6,0.0,0.0,0.0,0.0,unknown
1763110617.1158164,1763110541.4969757,0.142,0,3,1,0,224.92,250,272.7,0.0,0.0,0.0,0.0,unknown
1763110617.1425943,1763110541.4969757,0.142,0,3,0,0,224.92,250,272.75,0.0,0.0,0.0,0.0,unknown
1763110617.178924,1763110541.4969757,0.142,0,3,0,0,224.92,250,272.65,0.0,0.0,0.0,0.0,unknown
1763110617.1980274,1763110541.4969757,0.14,0,2,0,0,224.95,250,272.65,0.0,0.0,0.0,0.0,unknown
1763110617.208398,1763110541.4969757,0.142,0,3,0,0,224.95,250,272.6,0.0,0.0,0.0,0.0,unknown
1763110617.2286148,1763110541.4969757,0.142,0,3,0,0,224.98,250,272.4,0.0,0.0,0.0,0.0,unknown
1763110617.24375,1763110541.4969757,0.14,0,2,0,0,224.98,250,272.3,0.0,0.0,0.0,0.0,unknown
1763110617.2725663,1763110541.4969757,0.138,0,1,0,0,224.98,250,272.3,0.0,0.0,0.0,0.0,unknown
1763110617.2858236,1763110541.4969757,0.138,0,1,0,0,225.02,250,272.35,0.0,0.0,0.0,0.0,unknown
1763110617.3013635,1763110541.4969757,0.138,0,2,0,0,225.02,250,272.4,0.0,0.0,0.0,0.0,unknown
1763110617.3259196,1763110541.4969757,0.138,0,2,1,0,225.02,250,272.4,0.0,0.0,0.0,0.0,unknown
1763110617.3366966,1763110541.4969757,0.141,0,4,2,0,225.02,250,272.5,0.0,0.0,0.0,0.0,unknown
1763110617.3489518,1763110541.4969757,0.142,0,4,0,0,225.02,250,272.65,0.0,0.0,0.0,0.0,unknown
1763110617.3663573,1763110541.4969757,0.141,0,3,0,0,225.02,250,272.8,0.0,0.0,0.0,0.0,unknown
1763110617.5487514,1763110541.4969757,0.142,0,3,0,0,225.02,250,272.75,0.0,0.0,0.0,0.0,unknown
1763110617.6976697,1763110541.4969757,0.139,0,3,0,0,225.02,250,272.65,0.0,0.0,0.0,0.0,unknown
1763110617.7340777,1763110541.4969757,0.139,0,3,0,0,225.02,250,272.7,0.0,0.0,0.0,0.0,unknown
1763110617.8360617,1763110541.4969757,0.139,0,3,0,0,225.06,250,272.7,0.0,0.0,0.0,0.0,unknown
1763110617.9619927,1763110541.4969757,0.137,0,2,0,0,225.06,250,272.6,0.0,0.0,0.0,0.0,unknown
1763110618.094324,1763110541.4969757,0.137,0,2,0,0,225.06,250,272.5,0.0,0.0,0.0,0.0,unknown
1763110618.2114503,1763110541.4969757,0.136,0,3,0,0,225.06,250,272.5,0.0,0.0,0.0,0.0,unknown
1763110618.3068907,1763110541.4969757,0.137,0,3,0,0,225.06,250,272.5,0.0,0.0,0.0,0.0,unknown
1763110618.3935652,1763110541.4969757,0.139,0,3,1,0,225.06,250,272.55,0.0,0.0,0.0,0.0,unknown
1763110618.4243743,1763110541.4969757,0.139,0,3,0,0,225.06,250,272.55,0.0,0.0,0.0,0.0,unknown
1763110618.460365,1763110541.4969757,0.138,0,2,0,0,225.06,250,272.5,0.0,0.0,0.0,0.0,unknown
1763110618.602947,1763110541.4969757,0.138,0,3,0,0,225.06,250,272.54999999999995,0.0,0.0,0.0,0.0,unknown
1763110618.6622374,1763110541.4969757,0.138,0,3,0,0,225.06,250,272.65,0.0,0.0,0.0,0.0,unknown
1763110618.76927,1763110541.4969757,0.139,0,3,1,0,225.06,250,272.65,0.0,0.0,0.0,0.0,unknown
1763110618.8406687,1763110541.4969757,0.138,0,1,1,0,225.06,250,272.6,0.0,0.0,0.0,0.0,unknown
1763110618.8801992,1763110541.4969757,0.139,0,3,0,0,225.06,250,272.45,0.0,0.0,0.0,0.0,unknown
1763110618.9522703,1763110541.4969757,0.141,0,3,0,0,225.06,250,272.45,0.0,0.0,0.0,0.0,unknown
1763110619.0644128,1763110541.4969757,0.142,0,4,0,0,225.06,250,272.5,0.0,0.0,0.0,0.0,unknown
1763110619.1509356,1763110541.4969757,0.142,0,3,0,0,225.06,250,272.55,0.0,0.0,0.0,0.0,unknown
1763110619.2251358,1763110541.4969757,0.141,0,3,0,0,225.06,250,272.5,0.0,0.0,0.0,0.0,unknown
1763110619.2998319,1763110541.4969757,0.143,0,4,0,0,225.06,250,272.4,0.0,0.0,0.0,0.0,unknown
1763110619.3877711,1763110541.4969757,0.142,0,2,0,0,225.06,250,272.45000000000005,0.0,0.0,0.0,0.0,unknown
1763110619.4718082,1763110541.4969757,0.145,0,3,1,0,225.06,250,272.3,0.0,0.0,0.0,0.0,unknown
1763110619.6143072,1763110541.4969757,0.147,0,4,1,0,225.06,250,272.25,0.0,0.0,0.0,0.0,unknown
1763110619.6653936,1763110541.4969757,0.148,0,4,0,0,225.06,250,272.2,0.0,0.0,0.0,0.0,unknown
1763110619.6859257,1763110541.4969757,0.147,0,2,0,0,225.06,250,272.05,0.0,0.0,0.0,0.0,unknown
1763110619.7114832,1763110541.4969757,0.147,0,3,0,0,225.04,250,271.9,0.0,0.0,0.0,0.0,unknown
1763110619.7319882,1763110541.4969757,0.147,0,3,0,0,225.04,250,271.7,0.0,0.0,0.0,0.0,unknown
1763110619.9792273,1763110541.4969757,0.148,0,2,0,0,225.04,250,271.7,0.0,0.0,0.0,0.0,unknown
1763110620.0607944,1763110541.4969757,0.151,0,3,2,0,225.04,250,271.65,0.0,0.0,0.0,0.0,unknown
1763110620.116859,1763110541.4969757,0.151,0,3,0,0,225.02,250,271.55,0.0,0.0,0.0,0.0,unknown
1763110620.2781508,1763110541.4969757,0.148,0,1,0,0,225.02,250,271.45,0.0,0.0,0.0,0.0,unknown
1763110620.3341897,1763110541.4969757,0.148,0,3,0,0,225.02,250,271.4,0.0,0.0,0.0,0.0,unknown
1763110620.5239985,1763110541.4969757,0.148,0,2,0,0,225.02,250,271.29999999999995,0.0,0.0,0.0,0.0,unknown
1763110620.5343149,1763110541.4969757,0.148,0,3,0,0,225.02,250,271.25,0.0,0.0,0.0,0.0,unknown
1763110620.6001918,1763110541.4969757,0.147,0,2,0,0,225.02,250,271.15,0.0,0.0,0.0,0.0,unknown
1763110620.6715977,1763110541.4969757,0.145,0,2,0,0,225.02,250,271.15,0.0,0.0,0.0,0.0,unknown
1763110620.839447,1763110541.4969757,0.147,0,4,1,0,225.02,250,271.1,0.0,0.0,0.0,0.0,unknown
1763110620.928428,1763110541.4969757,0.147,0,3,0,0,225.02,250,271.0,0.0,0.0,0.0,0.0,unknown
1763110620.9895709,1763110541.4969757,0.148,0,3,0,0,225.02,250,270.8,0.0,0.0,0.0,0.0,unknown
1763110621.1165197,1763110541.4969757,0.147,0,2,0,0,225.04,250,270.75,0.0,0.0,0.0,0.0,unknown
1763110621.1887875,1763110541.4969757,0.146,0,2,0,0,225.04,250,270.75,0.0,0.0,0.0,0.0,unknown
1763110621.4137344,1763110541.4969757,0.148,0,4,0,0,225.04,250,270.55,0.0,0.0,0.0,0.0,unknown
1763110621.5509734,1763110541.4969757,0.15,0,3,0,0,225.04,250,270.3,0.0,0.0,0.0,0.0,unknown
1763110621.6576834,1763110541.4969757,0.152,0,3,0,0,225.04,250,270.1,0.0,0.0,0.0,0.0,unknown
1763110621.779194,1763110541.4969757,0.153,0,3,0,0,225.04,250,269.95,0.0,0.0,0.0,0.0,unknown
1763110621.8048172,1763110541.4969757,0.155,0,4,1,0,225.06,250,269.8,0.0,0.0,0.0,0.0,unknown
1763110621.8202643,1763110541.4969757,0.152,0,3,0,0,225.1,250,269.75,0.0,0.0,0.0,0.0,unknown
1763110622.0460713,1763110541.4969757,0.15,0,2,0,0,225.1,250,269.75,0.0,0.0,0.0,0.0,unknown
1763110622.1126053,1763110541.4969757,0.148,0,1,0,0,225.1,250,269.75,0.0,0.0,0.0,0.0,unknown
1763110622.1890657,1763110541.4969757,0.148,0,3,0,0,225.13,250,269.6,0.0,0.0,0.0,0.0,unknown
1763110622.2553108,1763110541.4969757,0.148,0,3,0,0,225.13,250,269.55,0.0,0.0,0.0,0.0,unknown
1763110622.2760885,1763110541.4969757,0.149,0,4,0,0,225.13,250,269.4,0.0,0.0,0.0,0.0,unknown
1763110622.3160055,1763110541.4969757,3.791,0,1969,1676,0,225.13,250,269.25,0.0,0.0,0.0,0.0,unknown
1763110622.3569715,1763110541.4969757,7.434,0,1968,1677,0,225.13,250,269.2,0.0,0.0,0.0,0.0,unknown
1763110622.3778386,1763110541.4969757,11.076,0,1967,1677,0,225.13,250,269.2,0.0,0.0,0.0,0.0,unknown
1763110622.5400271,1763110541.4969757,14.718,0,1968,1677,0,225.13,250,269.15,0.0,0.0,0.0,0.0,unknown
1763110622.7705257,1763110541.4969757,14.715,0,0,0,0,225.16,250,269.2,0.0,0.0,0.0,0.0,unknown
1763110622.7912445,1763110541.4969757,14.711,0,0,0,0,225.16,250,269.15,0.0,0.0,0.0,0.0,unknown
1763110622.8907819,1763110541.4969757,14.709,0,0,1,0,225.16,250,269.15,0.0,0.0,0.0,0.0,unknown
1763110622.9775321,1763110541.4969757,14.706999999999999,0,0,0,0,225.16,250,269.15,0.0,0.0,0.0,0.0,unknown
1763110623.0082314,1763110541.4969757,14.705,0,1,0,0,225.16,250,269.20000000000005,0.0,0.0,0.0,0.0,unknown
1763110623.219803,1763110541.4969757,14.702,0,0,0,0,225.16,250,269.15,0.0,0.0,0.0,0.0,unknown
1763110623.2404017,1763110541.4969757,14.699,0,0,1,0,225.16,250,269.1,0.0,0.0,0.0,0.0,unknown
1763110623.250758,1763110541.4969757,14.699,0,1,1,0,225.16,250,269.1,0.0,0.0,0.0,0.0,unknown
1763110623.436584,1763110541.4969757,14.696,0,0,0,0,225.16,250,268.95,0.0,0.0,0.0,0.0,unknown
1763110623.487887,1763110541.4969757,14.693999999999999,0,1,0,0,225.16,250,268.85,0.0,0.0,0.0,0.0,unknown
1763110623.5550206,1763110541.4969757,14.69,0,0,0,0,225.19,250,268.75,0.0,0.0,0.0,0.0,unknown
1763110623.8478923,1763110541.4969757,14.687,0,0,0,0,225.19,250,268.65,0.0,0.0,0.0,0.0,unknown
1763110623.9905202,1763110541.4969757,14.684,0,0,0,0,225.19,250,268.6,0.0,0.0,0.0,0.0,unknown
1763110624.122936,1763110541.4969757,14.682,0,1,1,0,225.17,250,268.45,0.0,0.0,0.0,0.0,unknown
1763110624.2098532,1763110541.4969757,14.681,0,0,1,0,225.17,250,268.29999999999995,0.0,0.0,0.0,0.0,unknown
1763110624.3374505,1763110541.4969757,14.677999999999999,0,1,0,0,225.17,250,268.2,0.0,0.0,0.0,0.0,unknown
1763110624.352918,1763110541.4969757,14.674,0,0,1,0,225.21,250,268.1,0.0,0.0,0.0,0.0,unknown
1763110624.449549,1763110541.4969757,14.67,0,0,0,0,225.23,250,268.1,0.0,0.0,0.0,0.0,unknown
1763110624.5005908,1763110541.4969757,14.669,0,1,0,0,225.23,250,268.2,0.0,0.0,0.0,0.0,unknown
1763110624.6029215,1763110541.4969757,14.666,0,0,0,0,225.23,250,268.1,0.0,0.0,0.0,0.0,unknown
1763110624.7994165,1763110541.4969757,14.664,0,0,1,0,225.23,250,268.2,0.0,0.0,0.0,0.0,unknown
1763110624.9068875,1763110541.4969757,14.661999999999999,0,0,0,0,225.23,250,268.29999999999995,0.0,0.0,0.0,0.0,unknown
1763110625.0241845,1763110541.4969757,14.657,0,0,0,0,225.23,250,268.25,0.0,0.0,0.0,0.0,unknown
1763110625.0651398,1763110541.4969757,14.654,0,0,0,0,225.23,250,268.2,0.0,0.0,0.0,0.0,unknown
1763110625.2281265,1763110541.4969757,14.653,0,0,0,0,225.23,250,268.1,0.0,0.0,0.0,0.0,unknown
1763110625.2540014,1763110541.4969757,14.651,0,1,0,0,225.23,250,268.1,0.0,0.0,0.0,0.0,unknown
1763110625.2691398,1763110541.4969757,14.65,0,1,0,0,225.23,250,268.0,0.0,0.0,0.0,0.0,unknown
1763110625.2795148,1763110541.4969757,14.648,0,1,0,0,225.23,250,268.0,0.0,0.0,0.0,0.0,unknown
1763110625.2946928,1763110541.4969757,14.645999999999999,0,0,0,0,225.23,250,267.9,0.0,0.0,0.0,0.0,unknown
1763110625.36425,1763110541.4969757,14.644,0,0,0,0,225.23,250,267.9,0.0,0.0,0.0,0.0,unknown
1763110625.3849032,1763110541.4969757,14.639,0,0,0,0,225.23,250,267.9,0.0,0.0,0.0,0.0,unknown
1763110625.466545,1763110541.4969757,14.637,0,0,1,0,225.23,250,267.95,0.0,0.0,0.0,0.0,unknown
1763110625.609175,1763110541.4969757,14.635,0,1,0,0,225.23,250,267.8,0.0,0.0,0.0,0.0,unknown
1763110626.0026221,1763110541.4969757,14.633,0,0,0,0,225.23,250,267.85,0.0,0.0,0.0,0.0,unknown
1763110626.1347167,1763110541.4969757,14.631,0,0,0,0,225.23,250,267.8,0.0,0.0,0.0,0.0,unknown
1763110626.2789447,1763110541.4969757,14.626999999999999,0,0,0,0,225.23,250,267.75,0.0,0.0,0.0,0.0,unknown
1763110626.3351455,1763110541.4969757,14.624,0,0,0,0,225.23,250,267.70000000000005,0.0,0.0,0.0,0.0,unknown
1763110626.350563,1763110541.4969757,14.621,0,0,0,0,225.19,250,267.54999999999995,0.0,0.0,0.0,0.0,unknown
1763110626.4319398,1763110541.4969757,14.618,0,0,0,0,225.19,250,267.4,0.0,0.0,0.0,0.0,unknown
1763110626.6673725,1763110541.4969757,14.613,0,0,0,0,225.19,250,267.25,0.0,0.0,0.0,0.0,unknown
1763110626.7138968,1763110541.4969757,14.61,0,0,0,0,225.19,250,267.15,0.0,0.0,0.0,0.0,unknown
1763110626.7401285,1763110541.4969757,14.608,0,0,0,0,225.19,250,267.05,0.0,0.0,0.0,0.0,unknown
1763110626.8684254,1763110541.4969757,14.608,0,0,1,0,225.19,250,266.95,0.0,0.0,0.0,0.0,unknown
1763110626.8940172,1763110541.4969757,14.605,0,0,0,0,225.19,250,266.9,0.0,0.0,0.0,0.0,unknown
1763110626.9480624,1763110541.4969757,14.602,0,0,0,0,225.19,250,266.85,0.0,0.0,0.0,0.0,unknown
1763110626.9736605,1763110541.4969757,14.597999999999999,0,0,0,0,225.19,250,266.8,0.0,0.0,0.0,0.0,unknown
1763110627.2227752,1763110541.4969757,10.953,0,0,0,0,225.15,250,266.70000000000005,0.0,0.0,0.0,0.0,unknown
1763110627.3763938,1763110541.4969757,7.308,0,0,0,0,225.15,250,266.8,0.0,0.0,0.0,0.0,unknown
1763110627.4781694,1763110541.4969757,3.664,0,0,0,0,225.15,250,266.85,0.0,0.0,0.0,0.0,unknown
1763110627.498618,1763110541.4969757,0.019,0,0,0,0,225.17,250,266.8,0.0,0.0,0.0,0.0,unknown
1763110627.688061,1763110541.4969757,0.021,0,1,1,0,225.17,250,266.75,0.0,0.0,0.0,0.0,unknown
1763110627.784868,1763110541.4969757,0.022000000000000002,0,1,0,0,225.21,250,266.65,0.0,0.0,0.0,0.0,unknown
1763110627.8207135,1763110541.4969757,0.021,0,0,0,0,225.21,250,266.55,0.0,0.0,0.0,0.0,unknown
1763110627.9019783,1763110541.4969757,0.022000000000000002,0,1,0,0,225.21,250,266.55,0.0,0.0,0.0,0.0,unknown
1763110628.131577,1763110541.4969757,0.022000000000000002,0,0,1,0,225.21,250,266.4,0.0,0.0,0.0,0.0,unknown
1763110628.4076521,1763110541.4969757,0.023,0,1,0,0,225.21,250,266.3,0.0,0.0,0.0,0.0,unknown
1763110628.6181118,1763110541.4969757,0.022000000000000002,0,0,0,0,225.21,250,266.3,0.0,0.0,0.0,0.0,unknown
1763110628.6589699,1763110541.4969757,0.021,0,1,0,0,225.21,250,266.3,0.0,0.0,0.0,0.0,unknown
1763110628.7841704,1763110541.4969757,0.022000000000000002,0,0,1,0,225.21,250,266.25,0.0,0.0,0.0,0.0,unknown
1763110628.8098266,1763110541.4969757,0.023,0,1,1,0,225.21,250,266.2,0.0,0.0,0.0,0.0,unknown
1763110629.0124443,1763110541.4969757,0.024,0,1,0,0,225.21,250,266.1,0.0,0.0,0.0,0.0,unknown
1763110629.0334172,1763110541.4969757,0.025,0,0,1,0,225.21,250,266.0,0.0,0.0,0.0,0.0,unknown
1763110629.0644808,1763110541.4969757,0.025,0,0,0,0,225.18,250,265.95,0.0,0.0,0.0,0.0,unknown
1763110629.161228,1763110541.4969757,0.024,0,0,1,0,225.18,250,265.9,0.0,0.0,0.0,0.0,unknown
1763110629.314937,1763110541.4969757,0.024,0,1,0,0,225.18,250,265.8,0.0,0.0,0.0,0.0,unknown
1763110629.4371576,1763110541.4969757,0.025,0,1,1,0,225.18,250,265.8,0.0,0.0,0.0,0.0,unknown
1763110629.4527042,1763110541.4969757,0.024,0,0,0,0,225.18,250,265.75,0.0,0.0,0.0,0.0,unknown
1763110629.4630718,1763110541.4969757,0.024,0,0,0,0,225.18,250,265.75,0.0,0.0,0.0,0.0,unknown
1763110629.4734054,1763110541.4969757,0.024,0,1,0,0,225.18,250,265.85,0.0,0.0,0.0,0.0,unknown
1763110629.6338246,1763110541.4969757,0.026000000000000002,0,1,1,0,225.18,250,265.9,0.0,0.0,0.0,0.0,unknown
1763110629.7662022,1763110541.4969757,0.026000000000000002,0,1,0,0,225.18,250,265.95,0.0,0.0,0.0,0.0,unknown
1763110629.778017,1763110541.4969757,0.028,0,2,0,0,225.18,250,265.85,0.0,0.0,0.0,0.0,unknown
1763110629.8698492,1763110541.4969757,0.029,0,0,1,0,225.18,250,265.9,0.0,0.0,0.0,0.0,unknown
1763110629.96654,1763110541.4969757,0.030000000000000002,0,1,0,0,225.22,250,265.9,0.0,0.0,0.0,0.0,unknown
1763110630.0480633,1763110541.4969757,0.030000000000000002,0,0,0,0,225.22,250,265.9,0.0,0.0,0.0,0.0,unknown
1763110630.0584679,1763110541.4969757,0.029,0,0,0,0,225.22,250,265.79999999999995,0.0,0.0,0.0,0.0,unknown
1763110630.1923451,1763110541.4969757,0.029,0,0,1,0,225.22,250,265.85,0.0,0.0,0.0,0.0,unknown
1763110630.2311656,1763110541.4969757,0.029,0,0,1,0,225.22,250,265.75,0.0,0.0,0.0,0.0,unknown
1763110630.5420847,1763110541.4969757,0.031000000000000003,0,0,2,0,225.22,250,265.9,0.0,0.0,0.0,0.0,unknown
1763110630.6134481,1763110541.4969757,0.032,0,1,0,0,225.22,250,265.85,0.0,0.0,0.0,0.0,unknown
1763110630.6697128,1763110541.4969757,0.032,0,0,0,0,225.22,250,265.85,0.0,0.0,0.0,0.0,unknown
1763110630.802265,1763110541.4969757,0.033,0,0,2,0,225.22,250,265.9,0.0,0.0,0.0,0.0,unknown
1763110630.9529915,1763110541.4969757,0.032,0,0,0,0,225.22,250,266.05,0.0,0.0,0.0,0.0,unknown
1763110630.9890234,1763110541.4969757,0.032,0,0,0,0,225.2,250,266.15,0.0,0.0,0.0,0.0,unknown
1763110631.1368737,1763110541.4969757,0.033,0,0,1,0,225.22,250,266.1,0.0,0.0,0.0,0.0,unknown
1763110631.2843084,1763110541.4969757,0.034,0,0,1,0,225.22,250,266.15,0.0,0.0,0.0,0.0,unknown
1763110631.3671527,1763110541.4969757,0.035,0,1,0,0,225.22,250,266.35,0.0,0.0,0.0,0.0,unknown
1763110631.3826253,1763110541.4969757,0.036000000000000004,0,0,1,0,225.22,250,266.45,0.0,0.0,0.0,0.0,unknown
1763110631.4895241,1763110541.4969757,0.037000000000000005,0,1,0,0,225.22,250,266.55,0.0,0.0,0.0,0.0,unknown
1763110631.6220782,1763110541.4969757,0.039,0,1,1,0,225.2,250,266.6,0.0,0.0,0.0,0.0,unknown
1763110631.7747164,1763110541.4969757,0.039,0,0,0,0,225.16,250,266.7,0.0,0.0,0.0,0.0,unknown
1763110631.903567,1763110541.4969757,0.04,0,0,1,0,225.16,250,266.65,0.0,0.0,0.0,0.0,unknown
1763110631.9595704,1763110541.4969757,0.04,0,0,1,0,225.16,250,266.54999999999995,0.0,0.0,0.0,0.0,unknown
1763110631.975636,1763110541.4969757,0.04,0,0,0,0,225.16,250,266.7,0.0,0.0,0.0,0.0,unknown
1763110632.0327618,1763110541.4969757,0.04,0,0,0,0,225.16,250,266.65,0.0,0.0,0.0,0.0,unknown
1763110632.0536165,1763110541.4969757,0.041,0,1,0,0,225.16,250,266.75,0.0,0.0,0.0,0.0,unknown
1763110632.0894728,1763110541.4969757,0.042,0,0,1,0,225.16,250,266.65,0.0,0.0,0.0,0.0,unknown
1763110632.2118173,1763110541.4969757,0.043000000000000003,0,1,0,0,225.16,250,266.65,0.0,0.0,0.0,0.0,unknown
1763110632.3086956,1763110541.4969757,0.044000000000000004,0,0,1,0,225.16,250,266.55,0.0,0.0,0.0,0.0,unknown
1763110632.4256577,1763110541.4969757,0.045000000000000005,0,0,1,0,225.16,250,266.5,0.0,0.0,0.0,0.0,unknown
1763110632.4375033,1763110541.4969757,0.043000000000000003,0,0,0,0,225.16,250,266.4,0.0,0.0,0.0,0.0,unknown
1763110632.5292096,1763110541.4969757,0.045000000000000005,0,1,2,0,225.16,250,266.29999999999995,0.0,0.0,0.0,0.0,unknown
1763110632.7018993,1763110541.4969757,0.045000000000000005,0,0,0,0,225.16,250,266.15,0.0,0.0,0.0,0.0,unknown
1763110632.7122817,1763110541.4969757,0.045000000000000005,0,1,0,0,225.16,250,266.15,0.0,0.0,0.0,0.0,unknown
1763110632.8431537,1763110541.4969757,0.045000000000000005,0,0,1,0,225.16,250,266.15,0.0,0.0,0.0,0.0,unknown
1763110633.001455,1763110541.4969757,0.046,0,1,1,0,225.12,250,266.15,0.0,0.0,0.0,0.0,unknown
1763110633.1079476,1763110541.4969757,0.048,0,1,1,0,225.12,250,266.15,0.0,0.0,0.0,0.0,unknown
1763110633.118448,1763110541.4969757,0.048,0,1,0,0,225.12,250,266.05,0.0,0.0,0.0,0.0,unknown
1763110633.1340759,1763110541.4969757,0.048,0,1,0,0,225.12,250,266.05,0.0,0.0,0.0,0.0,unknown
1763110633.211038,1763110541.4969757,0.047,0,0,1,0,225.12,250,266.04999999999995,0.0,0.0,0.0,0.0,unknown
1763110633.3173695,1763110541.4969757,0.046,0,0,0,0,225.12,250,266.05,0.0,0.0,0.0,0.0,unknown
1763110633.4848943,1763110541.4969757,0.047,0,1,1,0,225.12,250,266.1,0.0,0.0,0.0,0.0,unknown
1763110633.614208,1763110541.4969757,0.047,0,0,0,0,225.12,250,266.0,0.0,0.0,0.0,0.0,unknown
1763110633.7260642,1763110541.4969757,0.047,0,0,1,0,225.12,250,266.0,0.0,0.0,0.0,0.0,unknown
1763110633.9351337,1763110541.4969757,0.047,0,0,1,0,225.12,250,266.0,0.0,0.0,0.0,0.0,unknown
1763110634.009595,1763110541.4969757,0.046,0,1,0,0,225.12,250,266.0,0.0,0.0,0.0,0.0,unknown
1763110634.066043,1763110541.4969757,0.047,0,1,0,0,225.08,250,266.0,0.0,0.0,0.0,0.0,unknown
1763110634.086969,1763110541.4969757,0.047,0,0,0,0,225.06,250,266.0,0.0,0.0,0.0,0.0,unknown
1763110634.1580849,1763110541.4969757,0.046,0,0,0,0,225.09,250,265.9,0.0,0.0,0.0,0.0,unknown
1763110634.2936673,1763110541.4969757,0.044000000000000004,0,0,0,0,225.09,250,265.95,0.0,0.0,0.0,0.0,unknown
1763110634.3246095,1763110541.4969757,0.044000000000000004,0,0,1,0,225.09,250,265.9,0.0,0.0,0.0,0.0,unknown
1763110634.3453271,1763110541.4969757,0.042,0,0,0,0,225.09,250,265.85,0.0,0.0,0.0,0.0,unknown
1763110634.4068265,1763110541.4969757,0.041,0,0,0,0,225.09,250,265.9,0.0,0.0,0.0,0.0,unknown
1763110634.6442554,1763110541.4969757,0.04,0,0,0,0,225.09,250,265.9,0.0,0.0,0.0,0.0,unknown
1763110634.7410116,1763110541.4969757,0.04,0,0,0,0,225.09,250,266.0,0.0,0.0,0.0,0.0,unknown
1763110634.797672,1763110541.4969757,0.04,0,0,0,0,225.09,250,265.95,0.0,0.0,0.0,0.0,unknown
1763110634.8896263,1763110541.4969757,0.039,0,0,0,0,225.09,250,265.95000000000005,0.0,0.0,0.0,0.0,unknown
1763110635.0268326,1763110541.4969757,0.04,0,0,2,0,225.06,250,265.95,0.0,0.0,0.0,0.0,unknown
1763110635.0524774,1763110541.4969757,0.038,0,0,0,0,225.06,250,265.95,0.0,0.0,0.0,0.0,unknown
1763110635.1088023,1763110541.4969757,0.037000000000000005,0,0,0,0,225.06,250,265.9,0.0,0.0,0.0,0.0,unknown
1763110635.2042196,1763110541.4969757,0.037000000000000005,0,0,0,0,225.06,250,265.85,0.0,0.0,0.0,0.0,unknown
1763110635.31649,1763110541.4969757,0.035,0,0,0,0,225.06,250,265.9,0.0,0.0,0.0,0.0,unknown
1763110635.332011,1763110541.4969757,0.036000000000000004,0,0,1,0,225.06,250,266.1,0.0,0.0,0.0,0.0,unknown
1763110635.4794128,1763110541.4969757,0.037000000000000005,0,0,1,0,225.06,250,265.9,0.0,0.0,0.0,0.0,unknown
1763110635.616758,1763110541.4969757,0.038,0,1,1,0,225.06,250,265.95,0.0,0.0,0.0,0.0,unknown
1763110635.720334,1763110541.4969757,0.037000000000000005,0,0,0,0,225.06,250,266.0,0.0,0.0,0.0,0.0,unknown
1763110635.8219388,1763110541.4969757,0.038,0,1,1,0,225.06,250,266.0,0.0,0.0,0.0,0.0,unknown
1763110635.9440198,1763110541.4969757,0.037000000000000005,0,0,0,0,225.06,250,266.0,0.0,0.0,0.0,0.0,unknown
1763110635.964508,1763110541.4969757,0.037000000000000005,0,0,1,0,225.06,250,265.95,0.0,0.0,0.0,0.0,unknown
1763110636.0012014,1763110541.4969757,0.037000000000000005,0,1,1,0,225.06,250,266.0,0.0,0.0,0.0,0.0,unknown
1763110636.0190678,1763110541.4969757,0.037000000000000005,0,0,0,0,225.06,250,266.04999999999995,0.0,0.0,0.0,0.0,unknown
1763110636.0752904,1763110541.4969757,0.037000000000000005,0,0,1,0,225.06,250,266.0,0.0,0.0,0.0,0.0,unknown
1763110636.1265655,1763110541.4969757,0.037000000000000005,0,1,0,0,225.06,250,265.95,0.0,0.0,0.0,0.0,unknown
1763110636.2741394,1763110541.4969757,0.038,0,0,1,0,225.06,250,265.95,0.0,0.0,0.0,0.0,unknown
1763110636.477264,1763110541.4969757,0.039,0,1,0,0,225.06,250,266.1,0.0,0.0,0.0,0.0,unknown
1763110636.7159271,1763110541.4969757,0.039,0,0,1,0,225.06,250,266.0,0.0,0.0,0.0,0.0,unknown
1763110636.8878918,1763110541.4969757,0.038,0,0,0,0,225.06,250,266.05,0.0,0.0,0.0,0.0,unknown
1763110636.9435613,1763110541.4969757,0.038,0,0,1,0,225.06,250,265.95,0.0,0.0,0.0,0.0,unknown
1763110636.9596357,1763110541.4969757,0.037000000000000005,0,0,0,0,225.06,250,265.95,0.0,0.0,0.0,0.0,unknown
1763110637.0463202,1763110541.4969757,0.036000000000000004,0,0,0,0,225.04,250,266.0,0.0,0.0,0.0,0.0,unknown
1763110637.077058,1763110541.4969757,0.037000000000000005,0,0,1,0,225.04,250,266.0,0.0,0.0,0.0,0.0,unknown
1763110637.107692,1763110541.4969757,0.034,0,0,0,0,225,250,266.1,0.0,0.0,0.0,0.0,unknown
1763110637.188007,1763110541.4969757,0.034,0,0,0,0,225,250,266.2,0.0,0.0,0.0,0.0,unknown
1763110637.300503,1763110541.4969757,0.033,0,0,0,0,225,250,266.2,0.0,0.0,0.0,0.0,unknown
1763110637.3210766,1763110541.4969757,0.032,0,0,0,0,225,250,266.2,0.0,0.0,0.0,0.0,unknown
1763110637.4181783,1763110541.4969757,0.030000000000000002,0,0,0,0,225,250,266.35,0.0,0.0,0.0,0.0,unknown
1763110637.5400805,1763110541.4969757,0.028,0,0,0,0,225,250,266.3,0.0,0.0,0.0,0.0,unknown
1763110637.7268527,1763110541.4969757,0.027000000000000003,0,0,0,0,225,250,266.3,0.0,0.0,0.0,0.0,unknown
1763110637.9043713,1763110541.4969757,0.027000000000000003,0,0,1,0,225,250,266.3,0.0,0.0,0.0,0.0,unknown
1763110638.123454,1763110541.4969757,0.026000000000000002,0,0,0,0,225,250,266.3,0.0,0.0,0.0,0.0,unknown
1763110638.1638606,1763110541.4969757,0.026000000000000002,0,0,0,0,225,250,266.3,0.0,0.0,0.0,0.0,unknown
1763110638.2348137,1763110541.4969757,0.024,0,0,0,0,225,250,266.2,0.0,0.0,0.0,0.0,unknown
1763110638.3321066,1763110541.4969757,0.024,0,0,0,0,225.03,250,266.1,0.0,0.0,0.0,0.0,unknown
1763110638.36285,1763110541.4969757,0.024,0,1,0,0,225.03,250,266.05,0.0,0.0,0.0,0.0,unknown
1763110638.4141796,1763110541.4969757,0.023,0,0,0,0,225.03,250,266.15,0.0,0.0,0.0,0.0,unknown
1763110638.440011,1763110541.4969757,0.022000000000000002,0,0,0,0,225.03,250,266.3,0.0,0.0,0.0,0.0,unknown
1763110638.4757059,1763110541.4969757,0.021,0,0,0,0,225.03,250,266.3,0.0,0.0,0.0,0.0,unknown
1763110638.5414715,1763110541.4969757,0.022000000000000002,0,1,0,0,225.03,250,266.25,0.0,0.0,0.0,0.0,unknown
1763110638.5571053,1763110541.4969757,0.023,0,1,0,0,225.03,250,266.25,0.0,0.0,0.0,0.0,unknown
1763110638.634265,1763110541.4969757,0.023,0,0,0,0,225.03,250,266.3,0.0,0.0,0.0,0.0,unknown
1763110638.6957924,1763110541.4969757,0.022000000000000002,0,0,0,0,225.03,250,266.35,0.0,0.0,0.0,0.0,unknown
1763110638.7361922,1763110541.4969757,0.022000000000000002,0,0,0,0,225.03,250,266.3,0.0,0.0,0.0,0.0,unknown
1763110638.9190214,1763110541.4969757,0.022000000000000002,0,0,0,0,225.03,250,266.3,0.0,0.0,0.0,0.0,unknown
1763110638.9864242,1763110541.4969757,0.023,0,1,0,0,224.99,250,266.25,0.0,0.0,0.0,0.0,unknown
1763110639.0124981,1763110541.4969757,0.024,0,1,0,0,224.99,250,266.35,0.0,0.0,0.0,0.0,unknown
1763110639.0332847,1763110541.4969757,0.025,0,0,1,0,224.99,250,266.35,0.0,0.0,0.0,0.0,unknown
1763110639.1045563,1763110541.4969757,0.025,0,0,0,0,224.99,250,266.25,0.0,0.0,0.0,0.0,unknown
1763110639.135242,1763110541.4969757,0.024,0,1,0,0,224.99,250,266.3,0.0,0.0,0.0,0.0,unknown
1763110639.3006456,1763110541.4969757,0.024,0,0,0,0,224.99,250,266.25,0.0,0.0,0.0,0.0,unknown
1763110639.3719332,1763110541.4969757,0.024,0,0,0,0,224.99,250,266.25,0.0,0.0,0.0,0.0,unknown
1763110639.397685,1763110541.4969757,0.025,0,0,1,0,224.99,250,266.25,0.0,0.0,0.0,0.0,unknown
1763110639.408103,1763110541.4969757,0.025,0,0,0,0,224.99,250,266.15,0.0,0.0,0.0,0.0,unknown
1763110639.4234715,1763110541.4969757,0.024,0,0,0,0,224.99,250,266.1,0.0,0.0,0.0,0.0,unknown
1763110639.5166068,1763110541.4969757,0.024,0,0,1,0,225.01,250,266.05,0.0,0.0,0.0,0.0,unknown
1763110639.597865,1763110541.4969757,0.022000000000000002,0,0,0,0,224.99,250,266.0,0.0,0.0,0.0,0.0,unknown
1763110639.8544996,1763110541.4969757,0.023,0,0,1,0,224.99,250,266.0,0.0,0.0,0.0,0.0,unknown
1763110639.954705,1763110541.4969757,0.021,0,0,0,0,224.99,250,265.9,0.0,0.0,0.0,0.0,unknown
1763110640.0260506,1763110541.4969757,0.021,0,0,0,0,224.99,250,265.8,0.0,0.0,0.0,0.0,unknown
1763110640.1810195,1763110541.4969757,0.02,0,0,0,0,224.99,250,265.8,0.0,0.0,0.0,0.0,unknown
1763110640.297876,1763110541.4969757,0.018000000000000002,0,0,0,0,224.99,250,265.8,0.0,0.0,0.0,0.0,unknown
1763110640.569574,1763110541.4969757,0.019,0,1,0,0,224.99,250,265.7,0.0,0.0,0.0,0.0,unknown
1763110640.6509995,1763110541.4969757,0.019,0,0,1,0,225.03,250,265.7,0.0,0.0,0.0,0.0,unknown
1763110640.712201,1763110541.4969757,0.018000000000000002,0,0,0,0,225.03,250,265.75,0.0,0.0,0.0,0.0,unknown
1763110640.7683616,1763110541.4969757,0.017,0,0,0,0,225.03,250,265.75,0.0,0.0,0.0,0.0,unknown
1763110640.8595576,1763110541.4969757,0.016,0,0,0,0,225.03,250,265.8,0.0,0.0,0.0,0.0,unknown
1763110640.928056,1763110541.4969757,0.016,0,0,1,0,225.07,250,265.8,0.0,0.0,0.0,0.0,unknown
1763110640.9537768,1763110541.4969757,0.016,0,0,0,0,225.07,250,266.0,0.0,0.0,0.0,0.0,unknown
1763110640.9946895,1763110541.4969757,0.015000000000000001,0,0,0,0,225.07,250,266.0,0.0,0.0,0.0,0.0,unknown
1763110641.07413,1763110541.4969757,0.016,0,0,1,0,225.07,250,265.95,0.0,0.0,0.0,0.0,unknown
1763110641.1201463,1763110541.4969757,0.017,0,0,1,0,225.07,250,265.95,0.0,0.0,0.0,0.0,unknown
1763110641.2219806,1763110541.4969757,0.016,0,0,0,0,225.07,250,265.9,0.0,0.0,0.0,0.0,unknown
1763110641.367497,1763110541.4969757,0.017,0,0,1,0,225.07,250,266.1,0.0,0.0,0.0,0.0,unknown
1763110641.3778605,1763110541.4969757,0.018000000000000002,0,0,1,0,225.07,250,266.2,0.0,0.0,0.0,0.0,unknown
1763110641.5001342,1763110541.4969757,0.018000000000000002,0,0,0,0,225.07,250,266.3,0.0,0.0,0.0,0.0,unknown
1763110641.5348961,1763110541.4969757,0.019,0,1,0,0,225.07,250,266.3,0.0,0.0,0.0,0.0,unknown
1763110641.6618433,1763110541.4969757,0.02,0,1,0,0,225.11,250,266.3,0.0,0.0,0.0,0.0,unknown
1763110641.6975985,1763110541.4969757,0.02,0,0,0,0,225.11,250,266.3,0.0,0.0,0.0,0.0,unknown
1763110641.738346,1763110541.4969757,0.021,0,0,1,0,225.11,250,266.35,0.0,0.0,0.0,0.0,unknown
1763110642.0030339,1763110541.4969757,0.02,0,0,0,0,225.11,250,266.45,0.0,0.0,0.0,0.0,unknown
1763110642.0343635,1763110541.4969757,0.02,0,0,0,0,225.11,250,266.45,0.0,0.0,0.0,0.0,unknown
1763110642.0955644,1763110541.4969757,0.02,0,0,0,0,225.11,250,266.6,0.0,0.0,0.0,0.0,unknown
1763110642.1973088,1763110541.4969757,0.02,0,0,0,0,225.11,250,266.70000000000005,0.0,0.0,0.0,0.0,unknown
1763110642.2292593,1763110541.4969757,0.02,0,0,0,0,225.11,250,266.85,0.0,0.0,0.0,0.0,unknown
1763110642.2446787,1763110541.4969757,0.02,0,0,1,0,225.11,250,266.9,0.0,0.0,0.0,0.0,unknown
1763110642.478647,1763110541.4969757,0.021,0,0,1,0,225.11,250,266.95,0.0,0.0,0.0,0.0,unknown
1763110642.538288,1763110541.4969757,0.023,0,0,2,0,225.13,250,266.95,0.0,0.0,0.0,0.0,unknown
1763110642.564189,1763110541.4969757,0.024,0,0,1,0,225.13,250,267.05,0.0,0.0,0.0,0.0,unknown
1763110642.666382,1763110541.4969757,0.024,0,0,1,0,225.13,250,267.05,0.0,0.0,0.0,0.0,unknown
1763110642.7074044,1763110541.4969757,0.023,0,0,0,0,225.13,250,267.1,0.0,0.0,0.0,0.0,unknown
1763110642.8349347,1763110541.4969757,0.024,0,0,1,0,225.13,250,267.15,0.0,0.0,0.0,0.0,unknown
1763110642.8813992,1763110541.4969757,0.025,0,1,0,0,225.13,250,267.15,0.0,0.0,0.0,0.0,unknown
1763110642.9560952,1763110541.4969757,0.025,0,0,0,0,225.13,250,267.15,0.0,0.0,0.0,0.0,unknown
1763110643.0578125,1763110541.4969757,0.026000000000000002,0,0,1,0,225.15,250,267.1,0.0,0.0,0.0,0.0,unknown
1763110643.200213,1763110541.4969757,0.027000000000000003,0,0,2,0,225.15,250,267.15,0.0,0.0,0.0,0.0,unknown
1763110643.3221865,1763110541.4969757,0.027000000000000003,0,0,1,0,225.15,250,267.05,0.0,0.0,0.0,0.0,unknown
1763110643.3326252,1763110541.4969757,0.027000000000000003,0,0,1,0,225.15,250,267.0,0.0,0.0,0.0,0.0,unknown
1763110643.353256,1763110541.4969757,0.028,0,0,1,0,225.15,250,267.05,0.0,0.0,0.0,0.0,unknown
1763110643.5870218,1763110541.4969757,0.029,0,0,2,0,225.22,250,267.0,0.0,0.0,0.0,0.0,unknown
1763110643.5973547,1763110541.4969757,0.031000000000000003,0,0,2,0,225.22,250,266.9,0.0,0.0,0.0,0.0,unknown
1763110643.6635425,1763110541.4969757,0.031000000000000003,0,0,0,0,225.22,250,266.85,0.0,0.0,0.0,0.0,unknown
1763110643.777645,1763110541.4969757,0.033,0,1,2,0,225.22,250,266.85,0.0,0.0,0.0,0.0,unknown
1763110643.9813063,1763110541.4969757,0.034,0,1,0,0,225.22,250,266.7,0.0,0.0,0.0,0.0,unknown
1763110644.0224326,1763110541.4969757,0.034,0,0,0,0,225.22,250,266.6,0.0,0.0,0.0,0.0,unknown
1763110644.0948925,1763110541.4969757,0.033,0,0,0,0,225.22,250,266.85,0.0,0.0,0.0,0.0,unknown
1763110644.1498036,1763110541.4969757,0.034,0,0,1,0,225.22,250,266.8,0.0,0.0,0.0,0.0,unknown
1763110644.2162113,1763110541.4969757,0.035,0,1,1,0,225.22,250,266.75,0.0,0.0,0.0,0.0,unknown
1763110644.363866,1763110541.4969757,0.038,0,1,2,0,225.22,250,266.75,0.0,0.0,0.0,0.0,unknown
1763110644.6485724,1763110541.4969757,0.04,0,1,1,0,225.22,250,266.75,0.0,0.0,0.0,0.0,unknown
1763110644.7806826,1763110541.4969757,0.042,0,0,2,0,225.22,250,266.75,0.0,0.0,0.0,0.0,unknown
1763110644.801287,1763110541.4969757,0.044000000000000004,0,1,1,0,225.22,250,266.7,0.0,0.0,0.0,0.0,unknown
1763110644.9050088,1763110541.4969757,0.045000000000000005,0,1,1,0,225.22,250,266.6,0.0,0.0,0.0,0.0,unknown
1763110645.0310278,1763110541.4969757,0.044000000000000004,0,0,0,0,225.22,250,266.65,0.0,0.0,0.0,0.0,unknown
1763110645.1176496,1763110541.4969757,0.045000000000000005,0,1,0,0,225.22,250,266.65,0.0,0.0,0.0,0.0,unknown
1763110645.1538332,1763110541.4969757,0.045000000000000005,0,0,0,0,225.22,250,266.7,0.0,0.0,0.0,0.0,unknown
1763110645.2901528,1763110541.4969757,0.047,0,1,1,0,225.22,250,266.6,0.0,0.0,0.0,0.0,unknown
1763110645.3775206,1763110541.4969757,0.047,0,0,1,0,225.22,250,266.65,0.0,0.0,0.0,0.0,unknown
1763110645.4746363,1763110541.4969757,0.048,0,0,1,0,225.22,250,266.55,0.0,0.0,0.0,0.0,unknown
1763110645.5666018,1763110541.4969757,0.048,0,0,0,0,225.22,250,266.55,0.0,0.0,0.0,0.0,unknown
1763110645.6332765,1763110541.4969757,0.049,0,0,2,0,225.22,250,266.45,0.0,0.0,0.0,0.0,unknown
1763110645.781357,1763110541.4969757,0.049,0,0,1,0,225.22,250,266.45,0.0,0.0,0.0,0.0,unknown
1763110645.9596596,1763110541.4969757,0.049,0,0,0,0,225.19,250,266.5,0.0,0.0,0.0,0.0,unknown
1763110646.0669127,1763110541.4969757,0.048,0,0,0,0,225.19,250,266.4,0.0,0.0,0.0,0.0,unknown
1763110646.097541,1763110541.4969757,0.047,0,0,0,0,225.19,250,266.4,0.0,0.0,0.0,0.0,unknown
1763110646.2444694,1763110541.4969757,0.048,0,0,1,0,225.19,250,266.45,0.0,0.0,0.0,0.0,unknown
1763110646.2598736,1763110541.4969757,0.048,0,0,1,0,225.21,250,266.5,0.0,0.0,0.0,0.0,unknown
1763110646.3079953,1763110541.4969757,0.048,0,1,0,0,225.21,250,266.29999999999995,0.0,0.0,0.0,0.0,unknown
1763110646.3911207,1763110541.4969757,0.048,0,0,0,0,225.21,250,266.35,0.0,0.0,0.0,0.0,unknown
1763110646.4269614,1763110541.4969757,0.047,0,0,0,0,225.21,250,266.4,0.0,0.0,0.0,0.0,unknown
1763110646.6244705,1763110541.4969757,0.047,0,0,0,0,225.21,250,266.45000000000005,0.0,0.0,0.0,0.0,unknown
1763110646.731283,1763110541.4969757,0.048,0,0,1,0,225.25,250,266.45000000000005,0.0,0.0,0.0,0.0,unknown
1763110646.8681247,1763110541.4969757,0.049,0,0,1,0,225.25,250,266.45000000000005,0.0,0.0,0.0,0.0,unknown
1763110647.0305834,1763110541.4969757,0.05,0,0,1,0,225.25,250,266.5,0.0,0.0,0.0,0.0,unknown
1763110647.1931849,1763110541.4969757,0.052000000000000005,0,1,1,0,225.25,250,266.7,0.0,0.0,0.0,0.0,unknown
1763110647.259367,1763110541.4969757,0.051000000000000004,0,0,0,0,225.25,250,266.79999999999995,0.0,0.0,0.0,0.0,unknown
1763110647.3712895,1763110541.4969757,0.05,0,0,0,0,225.25,250,266.7,0.0,0.0,0.0,0.0,unknown
1763110647.445257,1763110541.4969757,0.048,0,0,0,0,225.27,250,266.6,0.0,0.0,0.0,0.0,unknown
1763110647.5114608,1763110541.4969757,0.047,0,0,0,0,225.27,250,266.8,0.0,0.0,0.0,0.0,unknown
1763110647.6516738,1763110541.4969757,0.047,0,0,1,0,225.27,250,266.85,0.0,0.0,0.0,0.0,unknown
1763110647.7391481,1763110541.4969757,0.047,0,0,0,0,225.27,250,266.9,0.0,0.0,0.0,0.0,unknown
1763110647.8717194,1763110541.4969757,0.046,0,0,0,0,225.27,250,266.85,0.0,0.0,0.0,0.0,unknown
1763110647.9176862,1763110541.4969757,0.045000000000000005,0,0,0,0,225.31,250,266.95,0.0,0.0,0.0,0.0,unknown
1763110647.9422119,1763110541.4969757,0.048,0,0,3,0,225.31,250,267.1,0.0,0.0,0.0,0.0,unknown
1763110648.230998,1763110541.4969757,0.048,0,0,1,0,225.31,250,267.0,0.0,0.0,0.0,0.0,unknown
1763110648.2870536,1763110541.4969757,0.046,0,0,0,0,225.31,250,267.1,0.0,0.0,0.0,0.0,unknown
1763110648.3532245,1763110541.4969757,0.046,0,0,1,0,225.31,250,267.05,0.0,0.0,0.0,0.0,unknown
1763110648.368368,1763110541.4969757,0.045,0,0,0,0,225.31,250,267.2,0.0,0.0,0.0,0.0,unknown
1763110648.424833,1763110541.4969757,0.045,0,0,1,0,225.31,250,267.29999999999995,0.0,0.0,0.0,0.0,unknown
1763110648.4457483,1763110541.4969757,0.044000000000000004,0,0,1,0,225.33,250,267.4,0.0,0.0,0.0,0.0,unknown
1763110648.5474637,1763110541.4969757,0.043000000000000003,0,0,1,0,225.33,250,267.35,0.0,0.0,0.0,0.0,unknown
1763110648.6644294,1763110541.4969757,0.043000000000000003,0,0,0,0,225.33,250,267.35,0.0,0.0,0.0,0.0,unknown
1763110648.7854762,1763110541.4969757,0.041,0,1,0,0,225.33,250,267.29999999999995,0.0,0.0,0.0,0.0,unknown
1763110648.9179926,1763110541.4969757,0.04,0,0,0,0,225.33,250,267.35,0.0,0.0,0.0,0.0,unknown
1763110648.9441113,1763110541.4969757,0.04,0,0,0,0,225.33,250,267.35,0.0,0.0,0.0,0.0,unknown
1763110649.0157976,1763110541.4969757,0.042,0,0,2,0,225.31,250,267.35,0.0,0.0,0.0,0.0,unknown
1763110649.1767473,1763110541.4969757,0.042,0,0,1,0,225.31,250,267.35,0.0,0.0,0.0,0.0,unknown
1763110649.5099308,1763110541.4969757,0.041,0,0,1,0,225.31,250,267.35,0.0,0.0,0.0,0.0,unknown
1763110649.6136026,1763110541.4969757,0.039,0,0,1,0,225.33,250,267.4,0.0,0.0,0.0,0.0,unknown
1763110649.6393077,1763110541.4969757,0.04,0,2,1,0,225.3,250,267.5,0.0,0.0,0.0,0.0,unknown
1763110649.6544375,1763110541.4969757,0.04,0,1,1,0,225.3,250,267.5,0.0,0.0,0.0,0.0,unknown
1763110649.9223373,1763110541.4969757,0.038,0,0,0,0,225.3,250,267.55,0.0,0.0,0.0,0.0,unknown
1763110649.9476788,1763110541.4969757,0.037,0,0,1,0,225.3,250,267.6,0.0,0.0,0.0,0.0,unknown
1763110650.1435091,1763110541.4969757,0.038,0,0,1,0,225.26,250,267.7,0.0,0.0,0.0,0.0,unknown
1763110650.1589522,1763110541.4969757,0.038,0,0,1,0,225.26,250,267.8,0.0,0.0,0.0,0.0,unknown
1763110650.2862704,1763110541.4969757,0.038,0,0,0,0,225.26,250,267.8,0.0,0.0,0.0,0.0,unknown
1763110650.3630188,1763110541.4969757,0.037,0,0,1,0,225.26,250,267.9,0.0,0.0,0.0,0.0,unknown
1763110650.4293704,1763110541.4969757,0.036000000000000004,0,0,0,0,225.22,250,267.95000000000005,0.0,0.0,0.0,0.0,unknown
1763110650.4853985,1763110541.4969757,0.036000000000000004,0,0,1,0,225.22,250,267.9,0.0,0.0,0.0,0.0,unknown
1763110650.6438308,1763110541.4969757,0.036000000000000004,0,0,0,0,225.22,250,267.9,0.0,0.0,0.0,0.0,unknown
1763110650.7154012,1763110541.4969757,0.035,0,0,1,0,225.22,250,268.0,0.0,0.0,0.0,0.0,unknown
1763110650.786628,1763110541.4969757,0.037,0,1,2,0,225.22,250,268.1,0.0,0.0,0.0,0.0,unknown
1763110650.8174863,1763110541.4969757,0.04,0,1,2,0,225.22,250,268.25,0.0,0.0,0.0,0.0,unknown
1763110650.8405814,1763110541.4969757,0.042,0,0,2,0,225.22,250,268.1,0.0,0.0,0.0,0.0,unknown
1763110650.8663027,1763110541.4969757,0.043000000000000003,0,0,1,0,225.22,250,268.0,0.0,0.0,0.0,0.0,unknown
1763110650.926559,1763110541.4969757,0.043000000000000003,0,0,1,0,225.22,250,267.9,0.0,0.0,0.0,0.0,unknown
1763110651.0339499,1763110541.4969757,0.043000000000000003,0,1,0,0,225.22,250,267.9,0.0,0.0,0.0,0.0,unknown
1763110651.0545096,1763110541.4969757,0.043000000000000003,0,0,1,0,225.18,250,267.95,0.0,0.0,0.0,0.0,unknown
1763110651.0928264,1763110541.4969757,0.044000000000000004,0,0,1,0,225.18,250,268.05,0.0,0.0,0.0,0.0,unknown
1763110651.199838,1763110541.4969757,0.045,0,0,1,0,225.18,250,268.05,0.0,0.0,0.0,0.0,unknown
1763110651.2599802,1763110541.4969757,0.046,0,0,1,0,225.18,250,267.95000000000005,0.0,0.0,0.0,0.0,unknown
1763110651.4048276,1763110541.4969757,0.045,0,0,0,0,225.18,250,267.95,0.0,0.0,0.0,0.0,unknown
1763110651.471091,1763110541.4969757,0.044000000000000004,0,0,0,0,225.18,250,268.0,0.0,0.0,0.0,0.0,unknown
1763110651.5426798,1763110541.4969757,0.045,0,0,2,0,225.18,250,267.95,0.0,0.0,0.0,0.0,unknown
1763110651.6397412,1763110541.4969757,0.043000000000000003,0,0,0,0,225.18,250,267.85,0.0,0.0,0.0,0.0,unknown
1763110651.6980126,1763110541.4969757,0.046,0,1,2,0,225.18,250,267.79999999999995,0.0,0.0,0.0,0.0,unknown
1763110651.8403728,1763110541.4969757,0.047,0,0,1,0,225.18,250,267.85,0.0,0.0,0.0,0.0,unknown
1763110652.0304728,1763110541.4969757,3.69,0,1967,1676,0,225.16,250,267.79999999999995,0.0,0.0,0.0,0.0,unknown
1763110652.07136,1763110541.4969757,7.334,0,1967,1677,0,225.16,250,267.7,0.0,0.0,0.0,0.0,unknown
1763110652.1760962,1763110541.4969757,10.976,0,1966,1677,0,225.16,250,267.7,0.0,0.0,0.0,0.0,unknown
1763110652.2989538,1763110541.4969757,14.62,0,1968,1676,0,225.16,250,267.75,0.0,0.0,0.0,0.0,unknown
1763110652.401591,1763110541.4969757,18.265,0,1968,1677,0,225.16,250,267.8,0.0,0.0,0.0,0.0,unknown
1763110652.5085173,1763110541.4969757,21.909,0,1967,1677,0,225.16,250,267.85,0.0,0.0,0.0,0.0,unknown
1763110652.5822353,1763110541.4969757,25.551,0,1969,1676,0,225.16,250,267.9,0.0,0.0,0.0,0.0,unknown
1763110652.6585417,1763110541.4969757,29.195,0,1969,1676,0,225.14,250,267.9,0.0,0.0,0.0,0.0,unknown
1763110653.003896,1763110541.4969757,29.195,0,0,0,0,225.14,250,267.85,0.0,0.0,0.0,0.0,unknown
1763110653.1216223,1763110541.4969757,29.194,0,0,0,0,225.14,250,267.9,0.0,0.0,0.0,0.0,unknown
1763110653.147239,1763110541.4969757,29.194,0,0,0,0,225.14,250,268.0,0.0,0.0,0.0,0.0,unknown
1763110653.2032487,1763110541.4969757,29.192999999999998,0,0,0,0,225.14,250,268.05,0.0,0.0,0.0,0.0,unknown
1763110653.2400894,1763110541.4969757,29.195,0,2,1,0,225.1,250,268.15,0.0,0.0,0.0,0.0,unknown
1763110653.2556565,1763110541.4969757,29.195,0,0,1,0,225.1,250,268.3,0.0,0.0,0.0,0.0,unknown
1763110653.371076,1763110541.4969757,29.195,0,0,0,0,225.1,250,268.45,0.0,0.0,0.0,0.0,unknown
1763110653.5042326,1763110541.4969757,29.195,0,0,1,0,225.1,250,268.5,0.0,0.0,0.0,0.0,unknown
1763110653.5349865,1763110541.4969757,29.195999999999998,0,0,1,0,225.1,250,268.55,0.0,0.0,0.0,0.0,unknown
1763110653.6567688,1763110541.4969757,29.195999999999998,0,0,0,0,225.1,250,268.55,0.0,0.0,0.0,0.0,unknown
1763110653.788845,1763110541.4969757,29.194,0,0,0,0,225.12,250,268.45,0.0,0.0,0.0,0.0,unknown
1763110653.970787,1763110541.4969757,29.192999999999998,0,0,0,0,225.12,250,268.55,0.0,0.0,0.0,0.0,unknown
1763110654.0877032,1763110541.4969757,29.192,0,0,0,0,225.12,250,268.5,0.0,0.0,0.0,0.0,unknown
1763110654.179256,1763110541.4969757,29.191,0,0,0,0,225.12,250,268.5,0.0,0.0,0.0,0.0,unknown
1763110654.3320396,1763110541.4969757,29.188,0,0,0,0,225.12,250,268.55,0.0,0.0,0.0,0.0,unknown
1763110654.5034997,1763110541.4969757,29.186,0,0,0,0,225.12,250,268.6,0.0,0.0,0.0,0.0,unknown
1763110654.6879792,1763110541.4969757,29.186,0,0,0,0,225.12,250,268.6,0.0,0.0,0.0,0.0,unknown
1763110654.8710933,1763110541.4969757,29.185,0,0,0,0,225.12,250,268.75,0.0,0.0,0.0,0.0,unknown
1763110654.9043827,1763110541.4969757,29.184,0,0,0,0,225.14,250,268.8,0.0,0.0,0.0,0.0,unknown
1763110654.98457,1763110541.4969757,29.184,0,1,0,0,225.14,250,268.9,0.0,0.0,0.0,0.0,unknown
1763110655.020336,1763110541.4969757,29.185,0,1,0,0,225.14,250,268.85,0.0,0.0,0.0,0.0,unknown
1763110655.1302178,1763110541.4969757,29.184,0,0,0,0,225.14,250,268.9,0.0,0.0,0.0,0.0,unknown
1763110655.247371,1763110541.4969757,29.184,0,0,0,0,225.14,250,268.9,0.0,0.0,0.0,0.0,unknown
1763110655.3536386,1763110541.4969757,29.183,0,0,0,0,225.14,250,269.05,0.0,0.0,0.0,0.0,unknown
1763110655.4100482,1763110541.4969757,29.185,0,1,1,0,225.14,250,269.15,0.0,0.0,0.0,0.0,unknown
1763110655.4357462,1763110541.4969757,29.185,0,0,1,0,225.14,250,269.25,0.0,0.0,0.0,0.0,unknown
1763110655.5323663,1763110541.4969757,29.182,0,0,0,0,225.14,250,269.3,0.0,0.0,0.0,0.0,unknown
1763110655.6453602,1763110541.4969757,29.179,0,0,0,0,225.17,250,269.35,0.0,0.0,0.0,0.0,unknown
1763110655.7064407,1763110541.4969757,29.177,0,0,0,0,225.21,250,269.4,0.0,0.0,0.0,0.0,unknown
1763110655.839111,1763110541.4969757,29.176,0,0,0,0,225.21,250,269.4,0.0,0.0,0.0,0.0,unknown
1763110655.9664786,1763110541.4969757,29.175,0,0,0,0,225.21,250,269.29999999999995,0.0,0.0,0.0,0.0,unknown
1763110656.181512,1763110541.4969757,29.174,0,0,0,0,225.19,250,269.4,0.0,0.0,0.0,0.0,unknown
1763110656.2173786,1763110541.4969757,29.174,0,1,0,0,225.19,250,269.5,0.0,0.0,0.0,0.0,unknown
1763110656.3092995,1763110541.4969757,29.173,0,0,0,0,225.21,250,269.45000000000005,0.0,0.0,0.0,0.0,unknown
1763110656.3991811,1763110541.4969757,29.173,0,1,0,0,225.21,250,269.4,0.0,0.0,0.0,0.0,unknown
1763110656.4148846,1763110541.4969757,29.173,0,0,1,0,225.21,250,269.4,0.0,0.0,0.0,0.0,unknown
1763110656.4988341,1763110541.4969757,29.173,0,0,0,0,225.17,250,269.4,0.0,0.0,0.0,0.0,unknown
1763110656.5302613,1763110541.4969757,29.173,0,0,0,0,225.17,250,269.45,0.0,0.0,0.0,0.0,unknown
1763110656.601607,1763110541.4969757,29.172,0,0,1,0,225.17,250,269.6,0.0,0.0,0.0,0.0,unknown
1763110656.7645497,1763110541.4969757,29.172,0,0,0,0,225.19,250,269.54999999999995,0.0,0.0,0.0,0.0,unknown
1763110656.7800498,1763110541.4969757,29.169,0,0,0,0,225.19,250,269.55,0.0,0.0,0.0,0.0,unknown
1763110656.8413665,1763110541.4969757,29.169,0,0,1,0,225.23,250,269.5,0.0,0.0,0.0,0.0,unknown
1763110656.9483225,1763110541.4969757,25.528,0,1,1,0,225.21,250,269.5,0.0,0.0,0.0,0.0,unknown
1763110656.9928515,1763110541.4969757,21.884999999999998,0,0,1,0,225.21,250,269.35,0.0,0.0,0.0,0.0,unknown
1763110657.1687245,1763110541.4969757,18.242,0,0,0,0,225.21,250,269.35,0.0,0.0,0.0,0.0,unknown
1763110657.3932378,1763110541.4969757,14.597999999999999,0,0,0,0,225.21,250,269.2,0.0,0.0,0.0,0.0,unknown
1763110657.548254,1763110541.4969757,10.953,0,0,0,0,225.21,250,269.25,0.0,0.0,0.0,0.0,unknown
1763110657.6145995,1763110541.4969757,7.309,0,0,0,0,225.17,250,269.1,0.0,0.0,0.0,0.0,unknown
1763110657.677196,1763110541.4969757,3.664,0,0,0,0,225.14,250,269.05,0.0,0.0,0.0,0.0,unknown
1763110657.7182794,1763110541.4969757,0.019,0,0,0,0,225.16,250,269.1,0.0,0.0,0.0,0.0,unknown
1763110657.8955681,1763110541.4969757,0.019,0,0,0,0,225.16,250,269.05,0.0,0.0,0.0,0.0,unknown
1763110657.916133,1763110541.4969757,0.02,0,0,1,0,225.16,250,269.0,0.0,0.0,0.0,0.0,unknown
1763110658.038006,1763110541.4969757,0.02,0,0,0,0,225.16,250,268.95,0.0,0.0,0.0,0.0,unknown
1763110658.0939693,1763110541.4969757,0.02,0,0,0,0,225.16,250,268.85,0.0,0.0,0.0,0.0,unknown
1763110658.1216445,1763110541.4969757,0.017,0,0,0,0,225.14,250,268.85,0.0,0.0,0.0,0.0,unknown
1763110658.274225,1763110541.4969757,0.016,0,0,0,0,225.14,250,268.85,0.0,0.0,0.0,0.0,unknown
1763110658.4367924,1763110541.4969757,0.016,0,0,0,0,225.14,250,268.85,0.0,0.0,0.0,0.0,unknown
1763110658.5731714,1763110541.4969757,0.016,0,1,0,0,225.18,250,268.9,0.0,0.0,0.0,0.0,unknown
1763110658.5885954,1763110541.4969757,0.017,0,1,1,0,225.18,250,268.95,0.0,0.0,0.0,0.0,unknown
1763110658.7809002,1763110541.4969757,0.019,0,1,1,0,225.18,250,269.0,0.0,0.0,0.0,0.0,unknown
1763110658.898595,1763110541.4969757,0.021,0,1,1,0,225.18,250,269.0,0.0,0.0,0.0,0.0,unknown
1763110659.1052291,1763110541.4969757,0.022000000000000002,0,0,1,0,225.18,250,269.05,0.0,0.0,0.0,0.0,unknown
1763110659.146144,1763110541.4969757,0.023,0,0,1,0,225.18,250,269.1,0.0,0.0,0.0,0.0,unknown
1763110659.2041717,1763110541.4969757,0.024,0,1,0,0,225.16,250,269.0,0.0,0.0,0.0,0.0,unknown
1763110659.5203893,1763110541.4969757,0.026000000000000002,0,1,1,0,225.19,250,268.9,0.0,0.0,0.0,0.0,unknown
1763110659.682653,1763110541.4969757,0.027000000000000003,0,0,1,0,225.19,250,268.85,0.0,0.0,0.0,0.0,unknown
1763110659.8656662,1763110541.4969757,0.028,0,0,1,0,225.19,250,268.79999999999995,0.0,0.0,0.0,0.0,unknown
1763110660.0451105,1763110541.4969757,0.031,0,1,2,0,225.19,250,268.85,0.0,0.0,0.0,0.0,unknown
1763110660.1510203,1763110541.4969757,0.031,0,0,0,0,225.19,250,268.75,0.0,0.0,0.0,0.0,unknown
1763110660.20716,1763110541.4969757,0.031,0,0,1,0,225.19,250,268.7,0.0,0.0,0.0,0.0,unknown
1763110660.2684422,1763110541.4969757,0.032,0,1,1,0,225.19,250,268.7,0.0,0.0,0.0,0.0,unknown
1763110660.3965497,1763110541.4969757,0.034,0,1,1,0,225.21,250,268.54999999999995,0.0,0.0,0.0,0.0,unknown
1763110660.5441537,1763110541.4969757,0.034,0,0,0,0,225.21,250,268.5,0.0,0.0,0.0,0.0,unknown
1763110660.7308629,1763110541.4969757,0.036000000000000004,0,2,0,0,225.21,250,268.54999999999995,0.0,0.0,0.0,0.0,unknown
1763110660.8482437,1763110541.4969757,0.034,0,0,0,0,225.21,250,268.5,0.0,0.0,0.0,0.0,unknown
1763110660.9905188,1763110541.4969757,0.034,0,0,1,0,225.21,250,268.4,0.0,0.0,0.0,0.0,unknown
1763110661.0262284,1763110541.4969757,0.036000000000000004,0,0,2,0,225.21,250,268.4,0.0,0.0,0.0,0.0,unknown
1763110661.04075,1763110541.4969757,0.038,0,0,2,0,225.23,250,268.3,0.0,0.0,0.0,0.0,unknown
1763110661.317513,1763110541.4969757,0.039,0,1,0,0,225.27,250,268.3,0.0,0.0,0.0,0.0,unknown
1763110661.3431973,1763110541.4969757,0.041,0,1,1,0,225.27,250,268.35,0.0,0.0,0.0,0.0,unknown
1763110661.3688085,1763110541.4969757,0.042,0,0,1,0,225.27,250,268.35,0.0,0.0,0.0,0.0,unknown
1763110661.4349957,1763110541.4969757,0.044000000000000004,0,1,1,0,225.24,250,268.35,0.0,0.0,0.0,0.0,unknown
1763110661.6038175,1763110541.4969757,0.044000000000000004,0,0,1,0,225.24,250,268.25,0.0,0.0,0.0,0.0,unknown
1763110661.6193936,1763110541.4969757,0.046,0,1,1,0,225.24,250,268.15,0.0,0.0,0.0,0.0,unknown
1763110661.8689976,1763110541.4969757,0.045000000000000005,0,0,0,0,225.24,250,268.15,0.0,0.0,0.0,0.0,unknown
1763110661.9345896,1763110541.4969757,0.044000000000000004,0,0,0,0,225.24,250,268.2,0.0,0.0,0.0,0.0,unknown
1763110661.9805396,1763110541.4969757,0.046,0,0,2,0,225.24,250,268.15,0.0,0.0,0.0,0.0,unknown
1763110662.0011249,1763110541.4969757,0.047,0,0,1,0,225.26,250,268.05,0.0,0.0,0.0,0.0,unknown
1763110662.1079443,1763110541.4969757,0.047,0,0,1,0,225.26,250,267.95,0.0,0.0,0.0,0.0,unknown
1763110662.1591423,1763110541.4969757,0.048,0,0,1,0,225.26,250,267.9,0.0,0.0,0.0,0.0,unknown
1763110662.169767,1763110541.4969757,0.048,0,0,0,0,225.26,250,267.85,0.0,0.0,0.0,0.0,unknown
1763110662.2262583,1763110541.4969757,0.047,0,0,0,0,225.3,250,267.8,0.0,0.0,0.0,0.0,unknown
1763110662.3595302,1763110541.4969757,0.046,0,1,0,0,225.3,250,267.85,0.0,0.0,0.0,0.0,unknown
1763110662.3802574,1763110541.4969757,0.045000000000000005,0,0,0,0,225.32,250,267.9,0.0,0.0,0.0,0.0,unknown
1763110662.4211044,1763110541.4969757,0.045000000000000005,0,0,0,0,225.32,250,267.9,0.0,0.0,0.0,0.0,unknown
1763110662.5224059,1763110541.4969757,0.045000000000000005,0,0,0,0,225.32,250,267.75,0.0,0.0,0.0,0.0,unknown
1763110662.6052718,1763110541.4969757,0.045000000000000005,0,0,0,0,225.32,250,267.70000000000005,0.0,0.0,0.0,0.0,unknown
1763110662.6413007,1763110541.4969757,0.045000000000000005,0,0,0,0,225.32,250,267.65,0.0,0.0,0.0,0.0,unknown
1763110662.6721818,1763110541.4969757,0.045000000000000005,0,0,0,0,225.32,250,267.6,0.0,0.0,0.0,0.0,unknown
1763110662.6977913,1763110541.4969757,0.045000000000000005,0,0,0,0,225.32,250,267.70000000000005,0.0,0.0,0.0,0.0,unknown
1763110662.7740886,1763110541.4969757,0.046,0,1,0,0,225.32,250,267.65,0.0,0.0,0.0,0.0,unknown
1763110662.875506,1763110541.4969757,0.045000000000000005,0,0,0,0,225.32,250,267.65,0.0,0.0,0.0,0.0,unknown
1763110663.0279984,1763110541.4969757,0.045000000000000005,0,0,0,0,225.32,250,267.54999999999995,0.0,0.0,0.0,0.0,unknown
1763110663.0941455,1763110541.4969757,0.047,0,1,1,0,225.32,250,267.5,0.0,0.0,0.0,0.0,unknown
1763110663.1856031,1763110541.4969757,0.048,0,1,0,0,225.32,250,267.5,0.0,0.0,0.0,0.0,unknown
1763110663.2921925,1763110541.4969757,0.049,0,0,1,0,225.32,250,267.5,0.0,0.0,0.0,0.0,unknown
1763110663.478069,1763110541.4969757,0.051000000000000004,0,1,1,0,225.32,250,267.3,0.0,0.0,0.0,0.0,unknown
1763110663.5289314,1763110541.4969757,0.051000000000000004,0,0,1,0,225.32,250,267.25,0.0,0.0,0.0,0.0,unknown
1763110663.610657,1763110541.4969757,0.051000000000000004,0,1,1,0,225.32,250,267.2,0.0,0.0,0.0,0.0,unknown
1763110663.7321703,1763110541.4969757,0.049,0,0,0,0,225.32,250,267.25,0.0,0.0,0.0,0.0,unknown
1763110663.8593347,1763110541.4969757,0.047,0,0,0,0,225.3,250,267.25,0.0,0.0,0.0,0.0,unknown
1763110663.9936965,1763110541.4969757,0.047,0,1,0,0,225.3,250,267.15,0.0,0.0,0.0,0.0,unknown
1763110664.029596,1763110541.4969757,0.047,0,1,0,0,225.3,250,267.25,0.0,0.0,0.0,0.0,unknown
1763110664.081182,1763110541.4969757,0.047,0,0,1,0,225.3,250,267.15,0.0,0.0,0.0,0.0,unknown
1763110664.2701337,1763110541.4969757,0.045000000000000005,0,0,0,0,225.3,250,267.15,0.0,0.0,0.0,0.0,unknown
1763110664.394246,1763110541.4969757,0.045000000000000005,0,1,0,0,225.3,250,267.20000000000005,0.0,0.0,0.0,0.0,unknown
1763110664.409385,1763110541.4969757,0.045000000000000005,0,0,1,0,225.3,250,267.25,0.0,0.0,0.0,0.0,unknown
1763110664.5470164,1763110541.4969757,0.042,0,0,0,0,225.3,250,267.15,0.0,0.0,0.0,0.0,unknown
1763110664.7511916,1763110541.4969757,0.043000000000000003,0,0,1,0,225.28,250,267.04999999999995,0.0,0.0,0.0,0.0,unknown
1763110664.7718382,1763110541.4969757,0.043000000000000003,0,0,1,0,225.28,250,267.05,0.0,0.0,0.0,0.0,unknown
1763110664.9088757,1763110541.4969757,0.041,0,0,0,0,225.28,250,267.1,0.0,0.0,0.0,0.0,unknown
1763110664.9765358,1763110541.4969757,0.04,0,0,1,0,225.28,250,267.0,0.0,0.0,0.0,0.0,unknown
1763110665.1739142,1763110541.4969757,0.04,0,0,0,0,225.28,250,267.04999999999995,0.0,0.0,0.0,0.0,unknown
1763110665.2350016,1763110541.4969757,0.038,0,0,0,0,225.28,250,266.9,0.0,0.0,0.0,0.0,unknown
1763110665.4485466,1763110541.4969757,0.038,0,0,0,0,225.28,250,266.8,0.0,0.0,0.0,0.0,unknown
1763110665.5554447,1763110541.4969757,0.037000000000000005,0,0,0,0,225.28,250,266.75,0.0,0.0,0.0,0.0,unknown
1763110665.6980228,1763110541.4969757,3.681,0,1968,1678,0,225.28,250,266.65,0.0,0.0,0.0,0.0,unknown
1763110665.7981791,1763110541.4969757,7.324,0,1969,1676,0,225.3,250,266.6,0.0,0.0,0.0,0.0,unknown
1763110665.8763208,1763110541.4969757,10.968,0,1968,1677,0,225.26,250,266.55,0.0,0.0,0.0,0.0,unknown
1763110665.9069717,1763110541.4969757,14.61,0,1967,1677,0,225.26,250,266.35,0.0,0.0,0.0,0.0,unknown
1763110666.0545483,1763110541.4969757,14.609,0,0,0,0,225.26,250,266.4,0.0,0.0,0.0,0.0,unknown
1763110666.100827,1763110541.4969757,14.607,0,0,0,0,225.26,250,266.35,0.0,0.0,0.0,0.0,unknown
1763110666.2281797,1763110541.4969757,14.606,0,0,0,0,225.26,250,266.3,0.0,0.0,0.0,0.0,unknown
1763110666.3605564,1763110541.4969757,14.604,0,0,0,0,225.24,250,266.2,0.0,0.0,0.0,0.0,unknown
1763110666.3709464,1763110541.4969757,14.604,0,0,0,0,225.24,250,266.1,0.0,0.0,0.0,0.0,unknown
1763110666.4017005,1763110541.4969757,14.604,0,0,0,0,225.24,250,266.2,0.0,0.0,0.0,0.0,unknown
1763110666.4988213,1763110541.4969757,14.602,0,0,0,0,225.24,250,266.15,0.0,0.0,0.0,0.0,unknown
1763110666.6158822,1763110541.4969757,14.601,0,0,0,0,225.24,250,266.1,0.0,0.0,0.0,0.0,unknown
1763110666.722562,1763110541.4969757,14.6,0,0,0,0,225.24,250,265.9,0.0,0.0,0.0,0.0,unknown
1763110666.8714483,1763110541.4969757,14.599,0,0,0,0,225.22,250,265.79999999999995,0.0,0.0,0.0,0.0,unknown
1763110666.9844103,1763110541.4969757,14.599,0,0,0,0,225.22,250,265.75,0.0,0.0,0.0,0.0,unknown
1763110667.0718222,1763110541.4969757,14.599,0,0,0,0,225.18,250,265.79999999999995,0.0,0.0,0.0,0.0,unknown
1763110667.1439536,1763110541.4969757,14.599,0,1,0,0,225.18,250,265.75,0.0,0.0,0.0,0.0,unknown
1763110667.1695719,1763110541.4969757,14.599,0,0,0,0,225.18,250,265.7,0.0,0.0,0.0,0.0,unknown
1763110667.2690904,1763110541.4969757,14.599,0,0,0,0,225.18,250,265.65,0.0,0.0,0.0,0.0,unknown
1763110667.3839052,1763110541.4969757,14.599,0,0,0,0,225.18,250,265.75,0.0,0.0,0.0,0.0,unknown
1763110667.5710018,1763110541.4969757,14.599,0,0,0,0,225.2,250,265.75,0.0,0.0,0.0,0.0,unknown
1763110667.7461078,1763110541.4969757,14.599,0,0,0,0,225.2,250,265.75,0.0,0.0,0.0,0.0,unknown
1763110667.7667315,1763110541.4969757,14.599,0,0,0,0,225.23,250,265.6,0.0,0.0,0.0,0.0,unknown
1763110667.8585067,1763110541.4969757,14.599,0,0,0,0,225.21,250,265.55,0.0,0.0,0.0,0.0,unknown
1763110667.8743165,1763110541.4969757,14.598,0,0,0,0,225.21,250,265.6,0.0,0.0,0.0,0.0,unknown
1763110667.8846698,1763110541.4969757,14.599,0,1,0,0,225.21,250,265.65,0.0,0.0,0.0,0.0,unknown
1763110667.9814892,1763110541.4969757,14.599,0,0,0,0,225.21,250,265.55,0.0,0.0,0.0,0.0,unknown
1763110668.0427325,1763110541.4969757,14.597,0,0,0,0,225.21,250,265.55,0.0,0.0,0.0,0.0,unknown
1763110668.1211226,1763110541.4969757,14.596,0,0,0,0,225.21,250,265.45,0.0,0.0,0.0,0.0,unknown
1763110668.3195817,1763110541.4969757,14.595,0,0,0,0,225.21,250,265.45,0.0,0.0,0.0,0.0,unknown
1763110668.3350115,1763110541.4969757,14.594,0,1,0,0,225.21,250,265.4,0.0,0.0,0.0,0.0,unknown
1763110668.4536572,1763110541.4969757,14.593,0,0,0,0,225.17,250,265.35,0.0,0.0,0.0,0.0,unknown
1763110668.5146708,1763110541.4969757,14.591,0,0,0,0,225.17,250,265.3,0.0,0.0,0.0,0.0,unknown
1763110668.5881314,1763110541.4969757,14.594,0,1,2,0,225.17,250,265.3,0.0,0.0,0.0,0.0,unknown
1763110668.6645684,1763110541.4969757,14.594,0,0,0,0,225.17,250,265.15,0.0,0.0,0.0,0.0,unknown
1763110668.7663074,1763110541.4969757,14.594,0,1,0,0,225.17,250,265.1,0.0,0.0,0.0,0.0,unknown
1763110668.8790178,1763110541.4969757,14.594,0,1,0,0,225.17,250,265.0,0.0,0.0,0.0,0.0,unknown
1763110668.9199517,1763110541.4969757,14.593,0,0,0,0,225.17,250,265.05,0.0,0.0,0.0,0.0,unknown
1763110669.0319946,1763110541.4969757,14.593,0,0,0,0,225.17,250,265.1,0.0,0.0,0.0,0.0,unknown
1763110669.0421064,1763110541.4969757,14.593,0,1,0,0,225.17,250,265.1,0.0,0.0,0.0,0.0,unknown
1763110669.1134794,1763110541.4969757,14.593,0,0,1,0,225.17,250,265.1,0.0,0.0,0.0,0.0,unknown
1763110669.1339912,1763110541.4969757,14.593,0,0,0,0,225.17,250,265.0,0.0,0.0,0.0,0.0,unknown
1763110669.2439556,1763110541.4969757,14.593,0,0,1,0,225.17,250,265.0,0.0,0.0,0.0,0.0,unknown
1763110669.2644553,1763110541.4969757,14.593,0,1,0,0,225.17,250,265.0,0.0,0.0,0.0,0.0,unknown
1763110669.3882573,1763110541.4969757,14.593,0,0,0,0,225.17,250,265.05,0.0,0.0,0.0,0.0,unknown
1763110669.4935658,1763110541.4969757,14.592,0,0,0,0,225.15,250,265.05,0.0,0.0,0.0,0.0,unknown
1763110669.509355,1763110541.4969757,14.592,0,0,0,0,225.15,250,264.95000000000005,0.0,0.0,0.0,0.0,unknown
1763110669.5756674,1763110541.4969757,14.592,0,0,0,0,225.15,250,264.95000000000005,0.0,0.0,0.0,0.0,unknown
1763110669.6265836,1763110541.4969757,14.592,0,0,0,0,225.15,250,265.0,0.0,0.0,0.0,0.0,unknown
1763110669.7079258,1763110541.4969757,14.593,0,1,0,0,225.15,250,265.05,0.0,0.0,0.0,0.0,unknown
1763110669.8654377,1763110541.4969757,10.948,0,0,1,0,225.15,250,264.95,0.0,0.0,0.0,0.0,unknown
1763110669.9670181,1763110541.4969757,7.303999999999999,0,1,0,0,225.13,250,264.9,0.0,0.0,0.0,0.0,unknown
1763110669.982165,1763110541.4969757,3.659,0,0,0,0,225.09,250,264.95,0.0,0.0,0.0,0.0,unknown
1763110670.1091957,1763110541.4969757,0.015000000000000001,0,0,0,0,225.09,250,265.04999999999995,0.0,0.0,0.0,0.0,unknown
1763110670.1806083,1763110541.4969757,0.016,0,1,0,0,225.09,250,265.1,0.0,0.0,0.0,0.0,unknown
1763110670.2511635,1763110541.4969757,0.017,0,1,0,0,225.12,250,265.15,0.0,0.0,0.0,0.0,unknown
1763110670.3726048,1763110541.4969757,0.018000000000000002,0,1,0,0,225.12,250,265.20000000000005,0.0,0.0,0.0,0.0,unknown
1763110670.449252,1763110541.4969757,0.018000000000000002,0,0,0,0,225.12,250,265.15,0.0,0.0,0.0,0.0,unknown
1763110670.5858345,1763110541.4969757,0.018000000000000002,0,0,0,0,225.12,250,265.15,0.0,0.0,0.0,0.0,unknown
1763110670.7122538,1763110541.4969757,0.018000000000000002,0,0,0,0,225.12,250,265.15,0.0,0.0,0.0,0.0,unknown
1763110670.8742528,1763110541.4969757,0.018000000000000002,0,0,0,0,225.12,250,265.2,0.0,0.0,0.0,0.0,unknown
1763110670.8997989,1763110541.4969757,0.019,0,0,1,0,225.1,250,265.1,0.0,0.0,0.0,0.0,unknown
1763110671.0133276,1763110541.4969757,0.019,0,0,0,0,225.1,250,265.1,0.0,0.0,0.0,0.0,unknown
1763110671.1203582,1763110541.4969757,0.02,0,1,0,0,225.1,250,265.1,0.0,0.0,0.0,0.0,unknown
1763110671.2737215,1763110541.4969757,0.02,0,0,0,0,225.1,250,265.1,0.0,0.0,0.0,0.0,unknown
1763110671.4390957,1763110541.4969757,0.02,0,0,0,0,225.06,250,265.04999999999995,0.0,0.0,0.0,0.0,unknown
1763110671.5277224,1763110541.4969757,0.02,0,0,1,0,225.06,250,265.15,0.0,0.0,0.0,0.0,unknown
1763110671.548185,1763110541.4969757,0.021,0,1,0,0,225.04,250,265.15,0.0,0.0,0.0,0.0,unknown
1763110671.5993917,1763110541.4969757,0.022000000000000002,0,1,0,0,225.04,250,265.1,0.0,0.0,0.0,0.0,unknown
1763110671.6301422,1763110541.4969757,0.022000000000000002,0,0,0,0,225.04,250,265.2,0.0,0.0,0.0,0.0,unknown
1763110671.6710024,1763110541.4969757,0.023,0,1,0,0,225.04,250,265.25,0.0,0.0,0.0,0.0,unknown
1763110671.681386,1763110541.4969757,0.023,0,0,0,0,225.04,250,265.2,0.0,0.0,0.0,0.0,unknown
1763110671.8402765,1763110541.4969757,0.025,0,1,1,0,225.04,250,265.20000000000005,0.0,0.0,0.0,0.0,unknown
1763110671.9530227,1763110541.4969757,0.025,0,0,0,0,225.04,250,265.15,0.0,0.0,0.0,0.0,unknown
1763110672.2117264,1763110541.4969757,0.025,0,0,0,0,225.04,250,265.15,0.0,0.0,0.0,0.0,unknown
1763110672.3284152,1763110541.4969757,0.024,0,0,0,0,225.04,250,265.15,0.0,0.0,0.0,0.0,unknown
1763110672.3930707,1763110541.4969757,0.024,0,0,0,0,225.04,250,265.2,0.0,0.0,0.0,0.0,unknown
1763110672.5352862,1763110541.4969757,0.024,0,0,0,0,225.04,250,265.25,0.0,0.0,0.0,0.0,unknown
1763110672.550706,1763110541.4969757,0.025,0,0,1,0,225.04,250,265.2,0.0,0.0,0.0,0.0,unknown
1763110672.6525276,1763110541.4969757,0.027,0,2,0,0,225.04,250,265.25,0.0,0.0,0.0,0.0,unknown
1763110672.7085395,1763110541.4969757,0.026000000000000002,0,0,0,0,225.08,250,265.4,0.0,0.0,0.0,0.0,unknown
1763110672.9558482,1763110541.4969757,0.026000000000000002,0,0,0,0,225.08,250,265.4,0.0,0.0,0.0,0.0,unknown
1763110673.0132504,1763110541.4969757,0.027,0,1,0,0,225.08,250,265.45000000000005,0.0,0.0,0.0,0.0,unknown
1763110673.1203618,1763110541.4969757,0.024,0,0,0,0,225.05,250,265.4,0.0,0.0,0.0,0.0,unknown
1763110673.2949164,1763110541.4969757,0.025,0,0,1,0,225.05,250,265.4,0.0,0.0,0.0,0.0,unknown
1763110673.3510613,1763110541.4969757,0.025,0,1,0,0,225.05,250,265.5,0.0,0.0,0.0,0.0,unknown
1763110673.37157,1763110541.4969757,0.025,0,1,0,0,225.09,250,265.6,0.0,0.0,0.0,0.0,unknown
1763110673.3971493,1763110541.4969757,0.028,0,2,1,0,225.09,250,265.7,0.0,0.0,0.0,0.0,unknown
1763110673.5396292,1763110541.4969757,0.028,0,0,0,0,225.09,250,265.7,0.0,0.0,0.0,0.0,unknown
1763110673.5552647,1763110541.4969757,0.028,0,1,0,0,225.09,250,265.65,0.0,0.0,0.0,0.0,unknown
1763110673.611461,1763110541.4969757,0.027,0,0,0,0,225.09,250,265.55,0.0,0.0,0.0,0.0,unknown
1763110673.6217752,1763110541.4969757,0.027,0,0,0,0,225.09,250,265.45000000000005,0.0,0.0,0.0,0.0,unknown
1763110673.7185826,1763110541.4969757,0.026000000000000002,0,0,0,0,225.09,250,265.6,0.0,0.0,0.0,0.0,unknown
1763110673.825471,1763110541.4969757,0.026000000000000002,0,1,0,0,225.09,250,265.5,0.0,0.0,0.0,0.0,unknown
1763110673.917168,1763110541.4969757,0.027,0,0,1,0,225.09,250,265.5,0.0,0.0,0.0,0.0,unknown
1763110673.9508162,1763110541.4969757,0.027,0,0,0,0,225.09,250,265.55,0.0,0.0,0.0,0.0,unknown
1763110674.034698,1763110541.4969757,0.029,0,2,0,0,225.09,250,265.54999999999995,0.0,0.0,0.0,0.0,unknown
1763110674.0910003,1763110541.4969757,0.030000000000000002,0,0,1,0,225.09,250,265.6,0.0,0.0,0.0,0.0,unknown
1763110674.1015582,1763110541.4969757,0.031,0,1,0,0,225.09,250,265.6,0.0,0.0,0.0,0.0,unknown
1763110674.2845998,1763110541.4969757,0.030000000000000002,0,0,0,0,225.09,250,265.55,0.0,0.0,0.0,0.0,unknown
1763110674.370181,1763110541.4969757,0.029,0,0,0,0,225.09,250,265.6,0.0,0.0,0.0,0.0,unknown
1763110674.406269,1763110541.4969757,0.028,0,0,0,0,225.07,250,265.55,0.0,0.0,0.0,0.0,unknown
1763110674.4928887,1763110541.4969757,0.028,0,0,0,0,225.07,250,265.6,0.0,0.0,0.0,0.0,unknown
1763110674.6604497,1763110541.4969757,0.029,0,0,1,0,225.07,250,265.65,0.0,0.0,0.0,0.0,unknown
1763110674.670814,1763110541.4969757,0.028,0,0,0,0,225.07,250,265.65,0.0,0.0,0.0,0.0,unknown
1763110674.757448,1763110541.4969757,0.029,0,0,2,0,225.07,250,265.6,0.0,0.0,0.0,0.0,unknown
1763110674.7779455,1763110541.4969757,0.029,0,1,0,0,225.07,250,265.55,0.0,0.0,0.0,0.0,unknown
1763110675.0064178,1763110541.4969757,0.029,0,0,0,0,225.07,250,265.75,0.0,0.0,0.0,0.0,unknown
1763110675.1001341,1763110541.4969757,0.031,0,1,1,0,225.07,250,265.85,0.0,0.0,0.0,0.0,unknown
1763110675.1810412,1763110541.4969757,0.032,0,0,1,0,225.07,250,265.75,0.0,0.0,0.0,0.0,unknown
1763110675.2416837,1763110541.4969757,0.032,0,0,0,0,225.07,250,265.70000000000005,0.0,0.0,0.0,0.0,unknown
1763110675.4659894,1763110541.4969757,0.031,0,0,0,0,225.07,250,265.8,0.0,0.0,0.0,0.0,unknown
1763110675.6055899,1763110541.4969757,0.032,0,1,0,0,225.04,250,265.95,0.0,0.0,0.0,0.0,unknown
1763110675.6517568,1763110541.4969757,0.032,0,1,0,0,225.04,250,266.0,0.0,0.0,0.0,0.0,unknown
1763110675.748381,1763110541.4969757,0.033,0,0,1,0,225.04,250,266.0,0.0,0.0,0.0,0.0,unknown
1763110675.9163363,1763110541.4969757,0.033,0,0,0,0,225.04,250,265.95,0.0,0.0,0.0,0.0,unknown
1763110675.9695776,1763110541.4969757,0.033,0,0,1,0,225.04,250,266.1,0.0,0.0,0.0,0.0,unknown
1763110676.1071103,1763110541.4969757,0.032,0,0,0,0,225.04,250,266.15,0.0,0.0,0.0,0.0,unknown
1763110676.2552168,1763110541.4969757,0.032,0,0,1,0,225.04,250,266.2,0.0,0.0,0.0,0.0,unknown
1763110676.3541617,1763110541.4969757,0.032,0,0,0,0,225.04,250,266.25,0.0,0.0,0.0,0.0,unknown
1763110676.4102087,1763110541.4969757,0.031,0,0,0,0,225.02,250,266.15,0.0,0.0,0.0,0.0,unknown
1763110676.425704,1763110541.4969757,0.031,0,0,0,0,225.02,250,266.2,0.0,0.0,0.0,0.0,unknown
1763110676.6515386,1763110541.4969757,0.029,0,0,0,0,225.02,250,266.4,0.0,0.0,0.0,0.0,unknown
1763110676.6996036,1763110541.4969757,0.029,0,0,0,0,225.02,250,266.6,0.0,0.0,0.0,0.0,unknown
1763110676.8214242,1763110541.4969757,0.029,0,0,0,0,225.02,250,266.55,0.0,0.0,0.0,0.0,unknown
1763110676.8829584,1763110541.4969757,0.031,0,1,1,0,225.02,250,266.5,0.0,0.0,0.0,0.0,unknown
1763110676.9190116,1763110541.4969757,0.032,0,1,0,0,225.02,250,266.55,0.0,0.0,0.0,0.0,unknown
1763110676.955086,1763110541.4969757,0.032,0,0,0,0,225.02,250,266.6,0.0,0.0,0.0,0.0,unknown
1763110676.9655688,1763110541.4969757,0.031,0,0,0,0,225.02,250,266.7,0.0,0.0,0.0,0.0,unknown
1763110677.0269976,1763110541.4969757,0.030000000000000002,0,0,1,0,225.02,250,266.75,0.0,0.0,0.0,0.0,unknown
1763110677.2555156,1763110541.4969757,0.031,0,0,1,0,225.02,250,266.75,0.0,0.0,0.0,0.0,unknown
1763110677.3068078,1763110541.4969757,0.031,0,0,0,0,225.02,250,266.8,0.0,0.0,0.0,0.0,unknown
1763110677.3991244,1763110541.4969757,0.032,0,0,2,0,225.04,250,266.79999999999995,0.0,0.0,0.0,0.0,unknown
1763110677.4857678,1763110541.4969757,0.032,0,0,0,0,225.04,250,266.85,0.0,0.0,0.0,0.0,unknown
1763110677.6138735,1763110541.4969757,0.032,0,0,1,0,225.04,250,266.95,0.0,0.0,0.0,0.0,unknown
1763110677.8110504,1763110541.4969757,0.033,0,1,1,0,225.04,250,267.0,0.0,0.0,0.0,0.0,unknown
1763110677.9436264,1763110541.4969757,0.032,0,0,0,0,225.04,250,267.1,0.0,0.0,0.0,0.0,unknown
1763110678.0699205,1763110541.4969757,0.029,0,0,0,0,225.04,250,267.1,0.0,0.0,0.0,0.0,unknown
1763110678.1428983,1763110541.4969757,0.030000000000000002,0,0,1,0,225.04,250,267.20000000000005,0.0,0.0,0.0,0.0,unknown
1763110678.2709227,1763110541.4969757,0.032,0,1,2,0,225.04,250,267.15,0.0,0.0,0.0,0.0,unknown
1763110678.377513,1763110541.4969757,0.032,0,0,0,0,225.04,250,267.15,0.0,0.0,0.0,0.0,unknown
1763110678.3878574,1763110541.4969757,0.033,0,1,0,0,225.04,250,267.1,0.0,0.0,0.0,0.0,unknown
1763110678.4083467,1763110541.4969757,0.034,0,0,1,0,225.04,250,267.1,0.0,0.0,0.0,0.0,unknown
1763110678.5711138,1763110541.4969757,0.033,0,0,0,0,225.04,250,267.05,0.0,0.0,0.0,0.0,unknown
1763110678.653149,1763110541.4969757,0.033,0,0,1,0,225.04,250,266.95000000000005,0.0,0.0,0.0,0.0,unknown
1763110678.7244375,1763110541.4969757,0.033,0,0,0,0,225.04,250,267.0,0.0,0.0,0.0,0.0,unknown
1763110678.8262677,1763110541.4969757,0.032,0,0,1,0,225.04,250,267.1,0.0,0.0,0.0,0.0,unknown
1763110679.00957,1763110541.4969757,0.032,0,0,1,0,225.04,250,267.15,0.0,0.0,0.0,0.0,unknown
1763110679.119439,1763110541.4969757,0.032,0,0,1,0,225.04,250,267.1,0.0,0.0,0.0,0.0,unknown
1763110679.186995,1763110541.4969757,0.033,0,0,1,0,225.04,250,267.1,0.0,0.0,0.0,0.0,unknown
1763110679.2485125,1763110541.4969757,0.033,0,0,0,0,225.04,250,267.1,0.0,0.0,0.0,0.0,unknown
1763110679.3835323,1763110541.4969757,0.033,0,0,0,0,225.04,250,267.2,0.0,0.0,0.0,0.0,unknown
1763110679.4893765,1763110541.4969757,0.034,0,0,1,0,225.04,250,267.1,0.0,0.0,0.0,0.0,unknown
1763110679.560635,1763110541.4969757,0.034,0,0,1,0,225.04,250,267.0,0.0,0.0,0.0,0.0,unknown
1763110679.6369288,1763110541.4969757,0.035,0,0,1,0,225.01,250,267.0,0.0,0.0,0.0,0.0,unknown
1763110679.7995548,1763110541.4969757,0.034,0,0,1,0,225.01,250,266.85,0.0,0.0,0.0,0.0,unknown
1763110679.8759384,1763110541.4969757,0.033,0,0,0,0,225.01,250,266.79999999999995,0.0,0.0,0.0,0.0,unknown
1763110680.024519,1763110541.4969757,0.033,0,0,0,0,225.01,250,266.79999999999995,0.0,0.0,0.0,0.0,unknown
1763110680.0959523,1763110541.4969757,0.031,0,0,0,0,225.01,250,266.75,0.0,0.0,0.0,0.0,unknown
1763110680.1788993,1763110541.4969757,0.031,0,1,0,0,225.01,250,266.65,0.0,0.0,0.0,0.0,unknown
1763110680.31192,1763110541.4969757,0.032,0,0,1,0,225.01,250,266.6,0.0,0.0,0.0,0.0,unknown
1763110680.449429,1763110541.4969757,0.033,0,0,1,0,225.05,250,266.65,0.0,0.0,0.0,0.0,unknown
1763110680.5269642,1763110541.4969757,0.034,0,1,1,0,225.07,250,266.8,0.0,0.0,0.0,0.0,unknown
1763110680.6136053,1763110541.4969757,0.035,0,0,2,0,225.09,250,266.8,0.0,0.0,0.0,0.0,unknown
1763110680.6648738,1763110541.4969757,0.037,0,1,2,0,225.09,250,266.8,0.0,0.0,0.0,0.0,unknown
1763110680.761496,1763110541.4969757,0.037,0,0,0,0,225.09,250,266.9,0.0,0.0,0.0,0.0,unknown
1763110680.8481436,1763110541.4969757,0.036000000000000004,0,0,0,0,225.09,250,266.9,0.0,0.0,0.0,0.0,unknown
1763110680.9211202,1763110541.4969757,0.037,0,0,1,0,225.11,250,266.9,0.0,0.0,0.0,0.0,unknown
1763110681.0382595,1763110541.4969757,0.036000000000000004,0,0,0,0,225.11,250,266.9,0.0,0.0,0.0,0.0,unknown
1763110681.109498,1763110541.4969757,0.037,0,0,1,0,225.11,250,266.85,0.0,0.0,0.0,0.0,unknown
1763110681.2470038,1763110541.4969757,0.039,0,0,2,0,225.11,250,266.8,0.0,0.0,0.0,0.0,unknown
1763110681.303071,1763110541.4969757,0.039,0,0,0,0,225.11,250,266.75,0.0,0.0,0.0,0.0,unknown
1763110681.3235621,1763110541.4969757,0.04,0,1,0,0,225.11,250,266.75,0.0,0.0,0.0,0.0,unknown
1763110681.4100683,1763110541.4969757,0.04,0,0,0,0,225.11,250,266.7,0.0,0.0,0.0,0.0,unknown
1763110681.465222,1763110541.4969757,0.041,0,0,1,0,225.11,250,266.65,0.0,0.0,0.0,0.0,unknown
1763110681.6938748,1763110541.4969757,0.042,0,1,2,0,225.11,250,266.55,0.0,0.0,0.0,0.0,unknown
1763110681.8794014,1763110541.4969757,0.043000000000000003,0,1,1,0,225.11,250,266.45,0.0,0.0,0.0,0.0,unknown
1763110681.9857888,1763110541.4969757,0.044000000000000004,0,0,1,0,225.11,250,266.4,0.0,0.0,0.0,0.0,unknown
1763110682.041929,1763110541.4969757,0.045,0,0,1,0,225.11,250,266.4,0.0,0.0,0.0,0.0,unknown
1763110682.2953691,1763110541.4969757,0.044000000000000004,0,0,0,0,225.11,250,266.35,0.0,0.0,0.0,0.0,unknown
1763110682.4023445,1763110541.4969757,0.045,0,1,1,0,225.07,250,266.25,0.0,0.0,0.0,0.0,unknown
1763110682.5650418,1763110541.4969757,0.047,0,1,1,0,225.07,250,266.15,0.0,0.0,0.0,0.0,unknown
1763110682.671991,1763110541.4969757,0.046,0,0,1,0,225.07,250,266.25,0.0,0.0,0.0,0.0,unknown
1763110682.7290895,1763110541.4969757,0.047,0,1,0,0,225.1,250,266.3,0.0,0.0,0.0,0.0,unknown
1763110682.7548647,1763110541.4969757,0.046,0,0,0,0,225.1,250,266.25,0.0,0.0,0.0,0.0,unknown
1763110682.7942145,1763110541.4969757,0.045,0,0,1,0,225.1,250,266.2,0.0,0.0,0.0,0.0,unknown
1763110682.9010754,1763110541.4969757,0.046,0,1,0,0,225.06,250,266.05,0.0,0.0,0.0,0.0,unknown
1763110682.926652,1763110541.4969757,0.047,0,1,0,0,225.06,250,266.0,0.0,0.0,0.0,0.0,unknown
1763110683.0160837,1763110541.4969757,0.047,0,1,0,0,225.06,250,265.95,0.0,0.0,0.0,0.0,unknown
1763110683.2174115,1763110541.4969757,3.6879999999999997,0,1969,1675,0,225.06,250,265.95,0.0,0.0,0.0,0.0,unknown
1763110683.248401,1763110541.4969757,7.33,0,1967,1675,0,225.06,250,266.05,0.0,0.0,0.0,0.0,unknown
1763110683.364276,1763110541.4969757,10.971,0,1967,1675,0,225.06,250,266.15,0.0,0.0,0.0,0.0,unknown
1763110683.3899362,1763110541.4969757,14.611,0,1967,1674,0,225.06,250,266.05,0.0,0.0,0.0,0.0,unknown
1763110683.4104626,1763110541.4969757,18.254,0,1968,1675,0,225.06,250,266.1,0.0,0.0,0.0,0.0,unknown
1763110683.5072062,1763110541.4969757,18.253,0,0,0,0,225.06,250,266.0,0.0,0.0,0.0,0.0,unknown
1763110683.5328963,1763110541.4969757,18.253,0,0,0,0,225.06,250,265.95000000000005,0.0,0.0,0.0,0.0,unknown
1763110683.55358,1763110541.4969757,18.252,0,0,0,0,225.06,250,266.0,0.0,0.0,0.0,0.0,unknown
1763110683.6518502,1763110541.4969757,18.251,0,0,0,0,225.06,250,266.1,0.0,0.0,0.0,0.0,unknown
1763110683.7031112,1763110541.4969757,18.25,0,0,0,0,225.06,250,266.2,0.0,0.0,0.0,0.0,unknown
1763110683.78472,1763110541.4969757,18.251,0,1,1,0,225.06,250,266.25,0.0,0.0,0.0,0.0,unknown
1763110683.835839,1763110541.4969757,18.251,0,0,0,0,225.06,250,266.1,0.0,0.0,0.0,0.0,unknown
1763110683.9755328,1763110541.4969757,18.251,0,0,0,0,225.06,250,266.15,0.0,0.0,0.0,0.0,unknown
1763110684.1584396,1763110541.4969757,18.25,0,0,0,0,225.06,250,266.05,0.0,0.0,0.0,0.0,unknown
1763110684.2590635,1763110541.4969757,18.249,0,0,0,0,225.08,250,266.15,0.0,0.0,0.0,0.0,unknown
1763110684.2949345,1763110541.4969757,18.248,0,0,0,0,225.08,250,266.15,0.0,0.0,0.0,0.0,unknown
1763110684.4540255,1763110541.4969757,18.247,0,0,0,0,225.08,250,266.2,0.0,0.0,0.0,0.0,unknown
1763110684.5657861,1763110541.4969757,18.247,0,0,0,0,225.1,250,266.2,0.0,0.0,0.0,0.0,unknown
1763110684.7260897,1763110541.4969757,18.247,0,0,0,0,225.1,250,266.2,0.0,0.0,0.0,0.0,unknown
1763110685.0674314,1763110541.4969757,18.247,0,0,0,0,225.1,250,266.25,0.0,0.0,0.0,0.0,unknown
1763110685.0777845,1763110541.4969757,18.246,0,0,0,0,225.1,250,266.25,0.0,0.0,0.0,0.0,unknown
1763110685.1335685,1763110541.4969757,18.245,0,0,0,0,225.1,250,266.3,0.0,0.0,0.0,0.0,unknown
1763110685.2404444,1763110541.4969757,18.245,0,0,1,0,225.1,250,266.25,0.0,0.0,0.0,0.0,unknown
1763110685.2813256,1763110541.4969757,18.244,0,1,0,0,225.13,250,266.3,0.0,0.0,0.0,0.0,unknown
1763110685.476071,1763110541.4969757,18.242,0,0,0,0,225.13,250,266.35,0.0,0.0,0.0,0.0,unknown
1763110685.5526683,1763110541.4969757,18.241,0,0,2,0,225.13,250,266.4,0.0,0.0,0.0,0.0,unknown
1763110685.6895216,1763110541.4969757,18.241,0,0,0,0,225.13,250,266.45,0.0,0.0,0.0,0.0,unknown
1763110685.8002846,1763110541.4969757,18.241,0,0,0,0,225.13,250,266.35,0.0,0.0,0.0,0.0,unknown
1763110685.8258758,1763110541.4969757,18.24,0,0,0,0,225.13,250,266.29999999999995,0.0,0.0,0.0,0.0,unknown
1763110685.8415506,1763110541.4969757,18.24,0,0,0,0,225.13,250,266.2,0.0,0.0,0.0,0.0,unknown
1763110685.912811,1763110541.4969757,18.24,0,0,1,0,225.13,250,266.0,0.0,0.0,0.0,0.0,unknown
1763110686.0502114,1763110541.4969757,18.238,0,0,0,0,225.13,250,266.05,0.0,0.0,0.0,0.0,unknown
1763110686.1168406,1763110541.4969757,18.238,0,0,0,0,225.13,250,265.95,0.0,0.0,0.0,0.0,unknown
1763110686.3070018,1763110541.4969757,18.238,0,1,0,0,225.13,250,265.85,0.0,0.0,0.0,0.0,unknown
1763110686.3428078,1763110541.4969757,18.238,0,0,0,0,225.13,250,265.7,0.0,0.0,0.0,0.0,unknown
1763110686.4193976,1763110541.4969757,18.238,0,0,1,0,225.13,250,265.65,0.0,0.0,0.0,0.0,unknown
1763110686.4808521,1763110541.4969757,18.237,0,1,1,0,225.13,250,265.6,0.0,0.0,0.0,0.0,unknown
1763110686.5065274,1763110541.4969757,18.235,0,0,0,0,225.13,250,265.6,0.0,0.0,0.0,0.0,unknown
1763110686.6460044,1763110541.4969757,18.233999999999998,0,0,0,0,225.13,250,265.55,0.0,0.0,0.0,0.0,unknown
1763110686.6665967,1763110541.4969757,18.233,0,0,0,0,225.13,250,265.55,0.0,0.0,0.0,0.0,unknown
1763110686.789867,1763110541.4969757,18.233,0,0,0,0,225.13,250,265.6,0.0,0.0,0.0,0.0,unknown
1763110686.8459604,1763110541.4969757,18.231,0,0,0,0,225.13,250,265.7,0.0,0.0,0.0,0.0,unknown
1763110686.861107,1763110541.4969757,18.23,0,0,1,0,225.13,250,265.75,0.0,0.0,0.0,0.0,unknown
1763110687.0147176,1763110541.4969757,18.23,0,0,1,0,225.11,250,265.75,0.0,0.0,0.0,0.0,unknown
1763110687.080432,1763110541.4969757,18.23,0,0,1,0,225.11,250,265.65,0.0,0.0,0.0,0.0,unknown
1763110687.1265256,1763110541.4969757,18.23,0,0,0,0,225.11,250,265.6,0.0,0.0,0.0,0.0,unknown
1763110687.1574926,1763110541.4969757,18.231,0,1,1,0,225.11,250,265.6,0.0,0.0,0.0,0.0,unknown
1763110687.2388275,1763110541.4969757,18.23,0,0,0,0,225.11,250,265.55,0.0,0.0,0.0,0.0,unknown
1763110687.3205526,1763110541.4969757,18.229,0,0,0,0,225.11,250,265.6,0.0,0.0,0.0,0.0,unknown
1763110687.42599,1763110541.4969757,18.228,0,0,0,0,225.11,250,265.5,0.0,0.0,0.0,0.0,unknown
1763110687.4619806,1763110541.4969757,14.584,0,0,0,0,225.11,250,265.6,0.0,0.0,0.0,0.0,unknown
1763110687.500659,1763110541.4969757,10.942,0,0,0,0,225.11,250,265.6,0.0,0.0,0.0,0.0,unknown
1763110687.5388334,1763110541.4969757,7.301,0,1,0,0,225.11,250,265.70000000000005,0.0,0.0,0.0,0.0,unknown
1763110687.579135,1763110541.4969757,3.66,0,0,0,0,225.11,250,265.70000000000005,0.0,0.0,0.0,0.0,unknown
1763110687.5952106,1763110541.4969757,0.019,0,1,1,0,225.11,250,265.75,0.0,0.0,0.0,0.0,unknown
1763110687.6154306,1763110541.4969757,0.019,0,0,0,0,225.11,250,265.75,0.0,0.0,0.0,0.0,unknown
1763110687.6361668,1763110541.4969757,0.019,0,0,0,0,225.11,250,265.75,0.0,0.0,0.0,0.0,unknown
1763110687.651716,1763110541.4969757,0.019,0,0,0,0,225.11,250,265.75,0.0,0.0,0.0,0.0,unknown
1763110687.6719692,1763110541.4969757,0.019,0,0,0,0,225.11,250,265.6,0.0,0.0,0.0,0.0,unknown
1763110687.7029495,1763110541.4969757,0.02,0,1,0,0,225.08,250,265.7,0.0,0.0,0.0,0.0,unknown
1763110687.716863,1763110541.4969757,0.018000000000000002,0,0,0,0,225.08,250,265.85,0.0,0.0,0.0,0.0,unknown
1763110687.7374654,1763110541.4969757,0.019,0,1,0,0,225.08,250,265.95,0.0,0.0,0.0,0.0,unknown
1763110687.7681334,1763110541.4969757,0.02,0,1,0,0,225.08,250,265.95,0.0,0.0,0.0,0.0,unknown
1763110687.796407,1763110541.4969757,0.021,0,0,1,0,225.05,250,266.0,0.0,0.0,0.0,0.0,unknown
1763110687.8120615,1763110541.4969757,0.022000000000000002,0,0,1,0,225.05,250,266.05,0.0,0.0,0.0,0.0,unknown
1763110687.8299932,1763110541.4969757,0.022000000000000002,0,0,0,0,225.08,250,266.05,0.0,0.0,0.0,0.0,unknown
1763110687.8432388,1763110541.4969757,0.022000000000000002,0,0,0,0,225.08,250,266.2,0.0,0.0,0.0,0.0,unknown
1763110687.85884,1763110541.4969757,0.023,0,1,0,0,225.08,250,266.29999999999995,0.0,0.0,0.0,0.0,unknown
1763110687.8899832,1763110541.4969757,0.025,0,1,1,0,225.08,250,266.4,0.0,0.0,0.0,0.0,unknown
1763110687.9008756,1763110541.4969757,0.026000000000000002,0,1,0,0,225.08,250,266.5,0.0,0.0,0.0,0.0,unknown
1763110687.9164915,1763110541.4969757,0.026000000000000002,0,0,0,0,225.08,250,266.7,0.0,0.0,0.0,0.0,unknown
1763110687.951937,1763110541.4969757,0.026000000000000002,0,0,0,0,225.08,250,266.85,0.0,0.0,0.0,0.0,unknown
1763110687.9681056,1763110541.4969757,0.026000000000000002,0,0,1,0,225.06,250,266.95,0.0,0.0,0.0,0.0,unknown
1763110687.9791815,1763110541.4969757,0.025,0,0,0,0,225.04,250,266.95,0.0,0.0,0.0,0.0,unknown
1763110688.0065608,1763110541.4969757,0.025,0,0,0,0,225.02,250,267.0,0.0,0.0,0.0,0.0,unknown
1763110688.0322971,1763110541.4969757,0.024,0,0,1,0,225.02,250,267.15,0.0,0.0,0.0,0.0,unknown
1763110688.0529714,1763110541.4969757,0.026000000000000002,0,2,0,0,225.02,250,267.15,0.0,0.0,0.0,0.0,unknown
1763110688.0746303,1763110541.4969757,0.026000000000000002,0,0,0,0,225.02,250,266.95,0.0,0.0,0.0,0.0,unknown
1763110688.0949397,1763110541.4969757,0.026000000000000002,0,0,0,0,225,250,266.85,0.0,0.0,0.0,0.0,unknown
1763110688.1309385,1763110541.4969757,0.027000000000000003,0,1,0,0,225,250,266.8,0.0,0.0,0.0,0.0,unknown
1763110688.1821396,1763110541.4969757,0.027000000000000003,0,1,0,0,225,250,266.8,0.0,0.0,0.0,0.0,unknown
1763110688.2103174,1763110541.4969757,0.027000000000000003,0,0,0,0,225,250,266.9,0.0,0.0,0.0,0.0,unknown
1763110688.2652078,1763110541.4969757,0.027000000000000003,0,0,0,0,225,250,266.95,0.0,0.0,0.0,0.0,unknown
1763110688.280908,1763110541.4969757,0.027000000000000003,0,1,0,0,225,250,266.95,0.0,0.0,0.0,0.0,unknown
1763110688.291355,1763110541.4969757,0.028,0,1,0,0,225.02,250,267.0,0.0,0.0,0.0,0.0,unknown
1763110688.3065538,1763110541.4969757,0.029,0,1,1,0,225.02,250,267.1,0.0,0.0,0.0,0.0,unknown
1763110688.3329508,1763110541.4969757,0.028,0,1,0,0,225.02,250,267.2,0.0,0.0,0.0,0.0,unknown
1763110688.344619,1763110541.4969757,0.028,0,0,0,0,225.04,250,267.2,0.0,0.0,0.0,0.0,unknown
1763110688.360251,1763110541.4969757,0.029,0,0,1,0,225.04,250,267.05,0.0,0.0,0.0,0.0,unknown
1763110688.3706946,1763110541.4969757,0.029,0,0,0,0,225.04,250,267.0,0.0,0.0,0.0,0.0,unknown
1763110688.3908815,1763110541.4969757,0.029,0,0,0,0,225.04,250,266.95,0.0,0.0,0.0,0.0,unknown
1763110688.4065635,1763110541.4969757,0.030000000000000002,0,1,0,0,225.04,250,266.95,0.0,0.0,0.0,0.0,unknown
1763110688.4226093,1763110541.4969757,0.030000000000000002,0,1,0,0,225.06,250,266.95000000000005,0.0,0.0,0.0,0.0,unknown
1763110688.4736416,1763110541.4969757,0.030000000000000002,0,1,0,0,225.06,250,266.95,0.0,0.0,0.0,0.0,unknown
1763110688.4998465,1763110541.4969757,0.029,0,0,0,0,225.06,250,266.9,0.0,0.0,0.0,0.0,unknown
1763110688.524036,1763110541.4969757,0.030000000000000002,0,1,0,0,225.06,250,266.95000000000005,0.0,0.0,0.0,0.0,unknown
1763110688.5461571,1763110541.4969757,0.029,0,0,1,0,225.06,250,267.0,0.0,0.0,0.0,0.0,unknown
1763110688.557329,1763110541.4969757,0.029,0,0,0,0,225.06,250,267.05,0.0,0.0,0.0,0.0,unknown
1763110688.5758767,1763110541.4969757,0.029,0,0,0,0,225.06,250,267.1,0.0,0.0,0.0,0.0,unknown
1763110688.6420178,1763110541.4969757,0.031000000000000003,0,1,1,0,225.06,250,267.1,0.0,0.0,0.0,0.0,unknown
1763110688.6678839,1763110541.4969757,0.032,0,0,1,0,225.06,250,267.15,0.0,0.0,0.0,0.0,unknown
1763110688.6834934,1763110541.4969757,0.032,0,0,0,0,225.06,250,267.15,0.0,0.0,0.0,0.0,unknown
1763110688.7167885,1763110541.4969757,0.034,0,2,1,0,225.06,250,267.20000000000005,0.0,0.0,0.0,0.0,unknown
1763110688.767949,1763110541.4969757,0.035,0,1,0,0,225.06,250,267.15,0.0,0.0,0.0,0.0,unknown
1763110688.7986178,1763110541.4969757,0.033,0,0,0,0,225.06,250,267.1,0.0,0.0,0.0,0.0,unknown
1763110688.8553464,1763110541.4969757,0.035,0,1,1,0,225.06,250,267.15,0.0,0.0,0.0,0.0,unknown
1763110688.9005318,1763110541.4969757,0.037000000000000005,0,2,0,0,225.06,250,267.15,0.0,0.0,0.0,0.0,unknown
1763110688.9272735,1763110541.4969757,0.038,0,1,0,0,225.06,250,267.0,0.0,0.0,0.0,0.0,unknown
1763110688.9632266,1763110541.4969757,0.038,0,0,0,0,225.06,250,267.0,0.0,0.0,0.0,0.0,unknown
1763110689.0150871,1763110541.4969757,0.038,0,0,1,0,225.06,250,266.95,0.0,0.0,0.0,0.0,unknown
1763110689.0475948,1763110541.4969757,0.038,0,0,0,0,225.06,250,266.95,0.0,0.0,0.0,0.0,unknown
1763110689.0638885,1763110541.4969757,0.038,0,1,0,0,225.06,250,267.05,0.0,0.0,0.0,0.0,unknown
1763110689.0901175,1763110541.4969757,0.039,0,1,1,0,225.06,250,267.0,0.0,0.0,0.0,0.0,unknown
1763110689.1180973,1763110541.4969757,0.039,0,0,1,0,225.06,250,267.04999999999995,0.0,0.0,0.0,0.0,unknown
1763110689.167037,1763110541.4969757,0.039,0,1,0,0,225.06,250,267.0,0.0,0.0,0.0,0.0,unknown
1763110689.2028897,1763110541.4969757,0.039,0,0,0,0,225.06,250,267.04999999999995,0.0,0.0,0.0,0.0,unknown
1763110689.2367618,1763110541.4969757,0.04,0,1,0,0,225.06,250,267.05,0.0,0.0,0.0,0.0,unknown
1763110689.2518988,1763110541.4969757,0.041,0,1,1,0,225.04,250,267.1,0.0,0.0,0.0,0.0,unknown
1763110689.2741024,1763110541.4969757,0.04,0,1,0,0,225.04,250,267.0,0.0,0.0,0.0,0.0,unknown
1763110689.2910862,1763110541.4969757,0.04,0,1,0,0,225.04,250,267.0,0.0,0.0,0.0,0.0,unknown
1763110689.3168008,1763110541.4969757,0.04,0,0,0,0,225.04,250,267.0,0.0,0.0,0.0,0.0,unknown
1763110689.3381636,1763110541.4969757,0.04,0,0,0,0,225.04,250,267.0,0.0,0.0,0.0,0.0,unknown
1763110689.3503609,1763110541.4969757,0.039,0,0,0,0,225.04,250,266.95000000000005,0.0,0.0,0.0,0.0,unknown
1763110689.3807456,1763110541.4969757,0.039,0,0,0,0,225.04,250,266.85,0.0,0.0,0.0,0.0,unknown
1763110689.3972707,1763110541.4969757,0.039,0,0,0,0,225.04,250,266.8,0.0,0.0,0.0,0.0,unknown
1763110689.4278793,1763110541.4969757,0.038,0,0,0,0,225.08,250,266.8,0.0,0.0,0.0,0.0,unknown
1763110689.4382381,1763110541.4969757,0.036000000000000004,0,0,0,0,225.08,250,266.75,0.0,0.0,0.0,0.0,unknown
1763110689.4497476,1763110541.4969757,0.037000000000000005,0,0,1,0,225.08,250,266.70000000000005,0.0,0.0,0.0,0.0,unknown
1763110689.4800663,1763110541.4969757,0.038,0,1,0,0,225.08,250,266.8,0.0,0.0,0.0,0.0,unknown
1763110689.4904726,1763110541.4969757,0.038,0,1,0,0,225.08,250,266.9,0.0,0.0,0.0,0.0,unknown
1763110689.5018086,1763110541.4969757,0.038,0,1,0,0,225.08,250,267.05,0.0,0.0,0.0,0.0,unknown
1763110689.5324912,1763110541.4969757,0.038,0,0,0,0,225.08,250,267.1,0.0,0.0,0.0,0.0,unknown
1763110689.542935,1763110541.4969757,0.039,0,1,0,0,225.08,250,267.2,0.0,0.0,0.0,0.0,unknown
1763110689.5545151,1763110541.4969757,0.039,0,1,0,0,225.08,250,267.15,0.0,0.0,0.0,0.0,unknown
1763110689.5851223,1763110541.4969757,0.04,0,1,1,0,225.08,250,267.25,0.0,0.0,0.0,0.0,unknown
1763110689.6061747,1763110541.4969757,0.039,0,1,0,0,225.08,250,267.35,0.0,0.0,0.0,0.0,unknown
1763110689.6281388,1763110541.4969757,0.039,0,1,0,0,225.08,250,267.45,0.0,0.0,0.0,0.0,unknown
1763110689.658711,1763110541.4969757,0.041,0,2,0,0,225.08,250,267.45000000000005,0.0,0.0,0.0,0.0,unknown
1763110689.6738338,1763110541.4969757,0.04,0,0,0,0,225.08,250,267.5,0.0,0.0,0.0,0.0,unknown
1763110689.700807,1763110541.4969757,0.042,0,1,1,0,225.12,250,267.45000000000005,0.0,0.0,0.0,0.0,unknown
1763110689.7129283,1763110541.4969757,0.043000000000000003,0,1,0,0,225.12,250,267.4,0.0,0.0,0.0,0.0,unknown
1763110689.7280633,1763110541.4969757,0.042,0,0,0,0,225.12,250,267.35,0.0,0.0,0.0,0.0,unknown
1763110689.7539966,1763110541.4969757,0.041,0,0,0,0,225.12,250,267.29999999999995,0.0,0.0,0.0,0.0,unknown
1763110689.7654858,1763110541.4969757,0.04,0,0,0,0,225.12,250,267.35,0.0,0.0,0.0,0.0,unknown
1763110689.7808897,1763110541.4969757,0.041,0,0,1,0,225.16,250,267.4,0.0,0.0,0.0,0.0,unknown
1763110689.8161192,1763110541.4969757,0.041,0,0,1,0,225.16,250,267.55,0.0,0.0,0.0,0.0,unknown
1763110689.8378363,1763110541.4969757,0.04,0,0,0,0,225.16,250,267.6,0.0,0.0,0.0,0.0,unknown
1763110689.863106,1763110541.4969757,0.04,0,0,0,0,225.16,250,267.55,0.0,0.0,0.0,0.0,unknown
1763110689.878242,1763110541.4969757,0.042,0,2,0,0,225.16,250,267.45,0.0,0.0,0.0,0.0,unknown
1763110689.9099998,1763110541.4969757,0.04,0,0,0,0,225.16,250,267.5,0.0,0.0,0.0,0.0,unknown
1763110689.9216592,1763110541.4969757,0.041,0,2,0,0,225.16,250,267.5,0.0,0.0,0.0,0.0,unknown
1763110689.9520972,1763110541.4969757,0.043000000000000003,0,2,0,0,225.2,250,267.6,0.0,0.0,0.0,0.0,unknown
1763110689.973895,1763110541.4969757,0.041,0,1,0,0,225.2,250,267.65,0.0,0.0,0.0,0.0,unknown
1763110689.9893777,1763110541.4969757,0.042,0,1,1,0,225.2,250,267.8,0.0,0.0,0.0,0.0,unknown
1763110690.0215838,1763110541.4969757,0.043000000000000003,0,1,0,0,225.2,250,267.8,0.0,0.0,0.0,0.0,unknown
1763110690.0367734,1763110541.4969757,0.041,0,0,0,0,225.2,250,267.9,0.0,0.0,0.0,0.0,unknown
1763110690.051925,1763110541.4969757,0.039,0,0,0,0,225.2,250,267.9,0.0,0.0,0.0,0.0,unknown
1763110690.0750737,1763110541.4969757,0.038,0,0,0,0,225.22,250,267.95,0.0,0.0,0.0,0.0,unknown
1763110690.09037,1763110541.4969757,0.039,0,1,0,0,225.22,250,268.05,0.0,0.0,0.0,0.0,unknown
1763110690.1190631,1763110541.4969757,0.039,0,0,1,0,225.25,250,268.0,0.0,0.0,0.0,0.0,unknown
1763110690.1412709,1763110541.4969757,0.039,0,0,0,0,225.25,250,267.9,0.0,0.0,0.0,0.0,unknown
1763110690.1563952,1763110541.4969757,0.038,0,0,0,0,225.25,250,267.9,0.0,0.0,0.0,0.0,unknown
1763110690.1676986,1763110541.4969757,0.036000000000000004,0,0,0,0,225.25,250,267.95,0.0,0.0,0.0,0.0,unknown
1763110690.1832225,1763110541.4969757,0.036000000000000004,0,1,0,0,225.28,250,267.95,0.0,0.0,0.0,0.0,unknown
1763110690.211538,1763110541.4969757,0.035,0,0,0,0,225.28,250,267.9,0.0,0.0,0.0,0.0,unknown
1763110690.2335658,1763110541.4969757,0.035,0,0,0,0,225.3,250,267.9,0.0,0.0,0.0,0.0,unknown
1763110690.25199,1763110541.4969757,0.034,0,0,0,0,225.3,250,267.85,0.0,0.0,0.0,0.0,unknown
1763110690.2679162,1763110541.4969757,0.032,0,0,0,0,225.3,250,267.75,0.0,0.0,0.0,0.0,unknown
1763110690.293644,1763110541.4969757,0.032,0,1,0,0,225.3,250,267.65,0.0,0.0,0.0,0.0,unknown
1763110690.3102314,1763110541.4969757,0.031000000000000003,0,0,0,0,225.32,250,267.55,0.0,0.0,0.0,0.0,unknown
1763110690.3457625,1763110541.4969757,0.032,0,0,1,0,225.32,250,267.4,0.0,0.0,0.0,0.0,unknown
1763110690.3580058,1763110541.4969757,0.033,0,0,1,0,225.32,250,267.3,0.0,0.0,0.0,0.0,unknown
1763110690.37315,1763110541.4969757,0.033,0,0,0,0,225.3,250,267.2,0.0,0.0,0.0,0.0,unknown
1763110690.3951497,1763110541.4969757,0.034,0,0,1,0,225.3,250,267.05,0.0,0.0,0.0,0.0,unknown
1763110690.4118714,1763110541.4969757,0.035,0,1,0,0,225.3,250,266.95000000000005,0.0,0.0,0.0,0.0,unknown
1763110690.4422612,1763110541.4969757,0.035,0,0,0,0,225.3,250,266.79999999999995,0.0,0.0,0.0,0.0,unknown
1763110690.4691167,1763110541.4969757,0.035,0,0,0,0,225.3,250,266.75,0.0,0.0,0.0,0.0,unknown
1763110690.4996364,1763110541.4969757,0.034,0,0,0,0,225.3,250,266.79999999999995,0.0,0.0,0.0,0.0,unknown
1763110690.5114033,1763110541.4969757,0.033,0,0,0,0,225.3,250,266.85,0.0,0.0,0.0,0.0,unknown
1763110690.5319586,1763110541.4969757,0.032,0,0,0,0,225.3,250,266.9,0.0,0.0,0.0,0.0,unknown
1763110690.5579073,1763110541.4969757,0.032,0,1,0,0,225.3,250,266.95,0.0,0.0,0.0,0.0,unknown
1763110690.5730429,1763110541.4969757,0.033,0,1,0,0,225.3,250,266.85,0.0,0.0,0.0,0.0,unknown
1763110690.5881457,1763110541.4969757,0.032,0,0,0,0,225.3,250,266.85,0.0,0.0,0.0,0.0,unknown
1763110690.6014068,1763110541.4969757,0.031000000000000003,0,0,0,0,225.3,250,266.75,0.0,0.0,0.0,0.0,unknown
1763110690.6230521,1763110541.4969757,0.030000000000000002,0,0,1,0,225.28,250,266.65,0.0,0.0,0.0,0.0,unknown
1763110690.648889,1763110541.4969757,0.029,0,0,0,0,225.28,250,266.65,0.0,0.0,0.0,0.0,unknown
1763110690.6643257,1763110541.4969757,0.029,0,1,0,0,225.28,250,266.6,0.0,0.0,0.0,0.0,unknown
1763110690.676359,1763110541.4969757,0.028,0,1,0,0,225.28,250,266.7,0.0,0.0,0.0,0.0,unknown
1763110690.6916451,1763110541.4969757,0.031,0,2,1,0,225.28,250,266.9,0.0,0.0,0.0,0.0,unknown
1763110690.7230928,1763110541.4969757,0.030000000000000002,0,0,1,0,225.28,250,267.04999999999995,0.0,0.0,0.0,0.0,unknown
1763110690.7346678,1763110541.4969757,0.030000000000000002,0,0,1,0,225.28,250,267.15,0.0,0.0,0.0,0.0,unknown
1763110690.7456656,1763110541.4969757,0.031,0,1,0,0,225.28,250,267.2,0.0,0.0,0.0,0.0,unknown
1763110690.771089,1763110541.4969757,0.032,0,1,0,0,225.26,250,267.3,0.0,0.0,0.0,0.0,unknown
1763110690.7862346,1763110541.4969757,0.033,0,1,0,0,225.26,250,267.2,0.0,0.0,0.0,0.0,unknown
1763110690.8140266,1763110541.4969757,0.032,0,0,0,0,225.26,250,267.2,0.0,0.0,0.0,0.0,unknown
1763110690.840919,1763110541.4969757,0.031,0,0,0,0,225.26,250,267.2,0.0,0.0,0.0,0.0,unknown
1763110690.8676217,1763110541.4969757,0.031,0,0,0,0,225.26,250,267.2,0.0,0.0,0.0,0.0,unknown
1763110690.8830502,1763110541.4969757,0.031,0,0,0,0,225.26,250,267.2,0.0,0.0,0.0,0.0,unknown
1763110690.9020312,1763110541.4969757,0.029,0,0,0,0,225.3,250,267.15,0.0,0.0,0.0,0.0,unknown
1763110690.9228623,1763110541.4969757,0.031,0,1,1,0,225.3,250,267.1,0.0,0.0,0.0,0.0,unknown
1763110690.9453876,1763110541.4969757,0.031,0,2,0,0,225.3,250,267.0,0.0,0.0,0.0,0.0,unknown
1763110690.9608083,1763110541.4969757,0.030000000000000002,0,1,0,0,225.3,250,267.0,0.0,0.0,0.0,0.0,unknown
1763110690.9914181,1763110541.4969757,0.031,0,1,1,0,225.3,250,267.0,0.0,0.0,0.0,0.0,unknown
1763110691.0065577,1763110541.4969757,0.030000000000000002,0,1,0,0,225.3,250,267.0,0.0,0.0,0.0,0.0,unknown
1763110691.0350657,1763110541.4969757,0.029,0,0,0,0,225.3,250,267.05,0.0,0.0,0.0,0.0,unknown
1763110691.0586417,1763110541.4969757,0.029,0,0,0,0,225.3,250,267.1,0.0,0.0,0.0,0.0,unknown
1763110691.0694072,1763110541.4969757,0.030000000000000002,0,1,0,0,225.3,250,267.2,0.0,0.0,0.0,0.0,unknown
1763110691.0950387,1763110541.4969757,0.033,0,2,1,0,225.3,250,267.35,0.0,0.0,0.0,0.0,unknown
1763110691.106571,1763110541.4969757,0.034,0,2,0,0,225.34,250,267.35,0.0,0.0,0.0,0.0,unknown
1763110691.131985,1763110541.4969757,0.033,0,0,0,0,225.34,250,267.4,0.0,0.0,0.0,0.0,unknown
1763110691.1694617,1763110541.4969757,0.035,0,1,1,0,225.38,250,267.5,0.0,0.0,0.0,0.0,unknown
1763110691.2000377,1763110541.4969757,0.036000000000000004,0,1,0,0,225.38,250,267.4,0.0,0.0,0.0,0.0,unknown
1763110691.215164,1763110541.4969757,0.037,0,1,0,0,225.38,250,267.3,0.0,0.0,0.0,0.0,unknown
1763110691.237234,1763110541.4969757,0.037,0,1,0,0,225.38,250,267.25,0.0,0.0,0.0,0.0,unknown
1763110691.247746,1763110541.4969757,0.037,0,0,0,0,225.36,250,267.25,0.0,0.0,0.0,0.0,unknown
1763110691.264373,1763110541.4969757,0.037,0,0,0,0,225.36,250,267.2,0.0,0.0,0.0,0.0,unknown
1763110691.2911928,1763110541.4969757,0.037,0,0,0,0,225.36,250,267.25,0.0,0.0,0.0,0.0,unknown
1763110691.307201,1763110541.4969757,0.039,0,2,0,0,225.36,250,267.35,0.0,0.0,0.0,0.0,unknown
1763110691.3223252,1763110541.4969757,0.04,0,1,1,0,225.36,250,267.35,0.0,0.0,0.0,0.0,unknown
1763110691.3468456,1763110541.4969757,0.041,0,1,0,0,225.36,250,267.29999999999995,0.0,0.0,0.0,0.0,unknown
1763110691.3687725,1763110541.4969757,0.04,0,0,0,0,225.36,250,267.35,0.0,0.0,0.0,0.0,unknown
1763110691.3791313,1763110541.4969757,0.039,0,0,0,0,225.36,250,267.45000000000005,0.0,0.0,0.0,0.0,unknown
1763110691.399714,1763110541.4969757,0.039,0,0,0,0,225.36,250,267.5,0.0,0.0,0.0,0.0,unknown
1763110691.4214754,1763110541.4969757,0.039,0,1,0,0,225.36,250,267.55,0.0,0.0,0.0,0.0,unknown
1763110691.4470127,1763110541.4969757,0.038,0,0,0,0,225.36,250,267.55,0.0,0.0,0.0,0.0,unknown
1763110691.462193,1763110541.4969757,0.041,0,2,1,0,225.32,250,267.55,0.0,0.0,0.0,0.0,unknown
1763110691.4747088,1763110541.4969757,0.041,0,0,0,0,225.32,250,267.6,0.0,0.0,0.0,0.0,unknown
1763110691.489844,1763110541.4969757,0.043000000000000003,0,0,2,0,225.32,250,267.75,0.0,0.0,0.0,0.0,unknown
1763110691.510562,1763110541.4969757,0.045,0,0,2,0,225.32,250,267.7,0.0,0.0,0.0,0.0,unknown
1763110691.5327697,1763110541.4969757,0.046,0,1,0,0,225.32,250,267.7,0.0,0.0,0.0,0.0,unknown
1763110691.5533524,1763110541.4969757,0.048,0,2,1,0,225.29,250,267.7,0.0,0.0,0.0,0.0,unknown
1763110691.5804055,1763110541.4969757,0.048,0,0,1,0,225.29,250,267.7,0.0,0.0,0.0,0.0,unknown
1763110691.6059973,1763110541.4969757,0.048,0,0,0,0,225.29,250,267.7,0.0,0.0,0.0,0.0,unknown
1763110691.6231606,1763110541.4969757,0.048,0,0,0,0,225.29,250,267.75,0.0,0.0,0.0,0.0,unknown
1763110691.6340203,1763110541.4969757,0.048,0,0,1,0,225.29,250,267.65,0.0,0.0,0.0,0.0,unknown
1763110691.644304,1763110541.4969757,0.049,0,0,1,0,225.29,250,267.6,0.0,0.0,0.0,0.0,unknown
1763110691.6604905,1763110541.4969757,0.048,0,0,0,0,225.29,250,267.5,0.0,0.0,0.0,0.0,unknown
1763110691.675452,1763110541.4969757,0.047,0,0,0,0,225.29,250,267.4,0.0,0.0,0.0,0.0,unknown
1763110691.692052,1763110541.4969757,0.045,0,0,1,0,225.29,250,267.35,0.0,0.0,0.0,0.0,unknown
1763110691.712506,1763110541.4969757,0.044000000000000004,0,0,0,0,225.25,250,267.35,0.0,0.0,0.0,0.0,unknown
1763110691.74395,1763110541.4969757,0.044000000000000004,0,0,1,0,225.25,250,267.4,0.0,0.0,0.0,0.0,unknown
1763110691.7590694,1763110541.4969757,0.043000000000000003,0,0,0,0,225.25,250,267.45,0.0,0.0,0.0,0.0,unknown
1763110691.7847385,1763110541.4969757,0.042,0,0,0,0,225.25,250,267.4,0.0,0.0,0.0,0.0,unknown
1763110691.8013353,1763110541.4969757,0.041,0,0,0,0,225.25,250,267.35,0.0,0.0,0.0,0.0,unknown
1763110691.8274615,1763110541.4969757,0.041,0,0,0,0,225.21,250,267.35,0.0,0.0,0.0,0.0,unknown
1763110691.8500068,1763110541.4969757,0.041,0,0,0,0,225.21,250,267.4,0.0,0.0,0.0,0.0,unknown
1763110691.875559,1763110541.4969757,0.041,0,0,0,0,225.21,250,267.5,0.0,0.0,0.0,0.0,unknown
1763110691.8862844,1763110541.4969757,0.041,0,0,0,0,225.21,250,267.65,0.0,0.0,0.0,0.0,unknown
1763110691.904981,1763110541.4969757,0.042,0,0,1,0,225.21,250,267.8,0.0,0.0,0.0,0.0,unknown
1763110691.9260325,1763110541.4969757,0.041,0,1,0,0,225.23,250,267.9,0.0,0.0,0.0,0.0,unknown
1763110691.956202,1763110541.4969757,0.04,0,0,1,0,225.2,250,267.95,0.0,0.0,0.0,0.0,unknown
1763110691.9713366,1763110541.4969757,0.041,0,1,1,0,225.16,250,267.9,0.0,0.0,0.0,0.0,unknown
1763110691.9820948,1763110541.4969757,0.039,0,0,0,0,225.16,250,267.85,0.0,0.0,0.0,0.0,unknown
1763110691.9972262,1763110541.4969757,0.039,0,0,1,0,225.16,250,267.75,0.0,0.0,0.0,0.0,unknown
1763110692.0127056,1763110541.4969757,0.042,0,1,2,0,225.16,250,267.75,0.0,0.0,0.0,0.0,unknown
1763110692.0430532,1763110541.4969757,0.043000000000000003,0,0,1,0,225.16,250,267.65,0.0,0.0,0.0,0.0,unknown
1763110692.0649545,1763110541.4969757,0.046,0,2,2,0,225.16,250,267.70000000000005,0.0,0.0,0.0,0.0,unknown
1763110692.0861166,1763110541.4969757,0.044000000000000004,0,1,0,0,225.16,250,267.65,0.0,0.0,0.0,0.0,unknown
1763110692.1113229,1763110541.4969757,0.043000000000000003,0,1,0,0,225.16,250,267.7,0.0,0.0,0.0,0.0,unknown
1763110692.133499,1763110541.4969757,0.044000000000000004,0,1,0,0,225.16,250,267.6,0.0,0.0,0.0,0.0,unknown
1763110692.1544344,1763110541.4969757,0.042,0,0,0,0,225.16,250,267.6,0.0,0.0,0.0,0.0,unknown
1763110692.1714761,1763110541.4969757,0.042,0,1,0,0,225.16,250,267.55,0.0,0.0,0.0,0.0,unknown
1763110692.1919322,1763110541.4969757,0.042,0,0,1,0,225.16,250,267.54999999999995,0.0,0.0,0.0,0.0,unknown
1763110692.222323,1763110541.4969757,0.041,0,0,0,0,225.16,250,267.6,0.0,0.0,0.0,0.0,unknown
1763110692.2398221,1763110541.4969757,0.041,0,0,0,0,225.16,250,267.65,0.0,0.0,0.0,0.0,unknown
1763110692.2501788,1763110541.4969757,0.041,0,0,0,0,225.14,250,267.65,0.0,0.0,0.0,0.0,unknown
1763110692.2763233,1763110541.4969757,0.041,0,0,0,0,225.14,250,267.6,0.0,0.0,0.0,0.0,unknown
1763110692.2914548,1763110541.4969757,0.04,0,1,0,0,225.14,250,267.65,0.0,0.0,0.0,0.0,unknown
1763110692.3089511,1763110541.4969757,0.039,0,1,0,0,225.14,250,267.7,0.0,0.0,0.0,0.0,unknown
1763110692.3300192,1763110541.4969757,0.038,0,0,0,0,225.12,250,267.8,0.0,0.0,0.0,0.0,unknown
1763110692.3451416,1763110541.4969757,0.038,0,0,0,0,225.12,250,267.9,0.0,0.0,0.0,0.0,unknown
1763110692.3611627,1763110541.4969757,0.039,0,0,1,0,225.12,250,267.9,0.0,0.0,0.0,0.0,unknown
1763110692.388021,1763110541.4969757,0.04,0,0,1,0,225.12,250,267.85,0.0,0.0,0.0,0.0,unknown
1763110692.398364,1763110541.4969757,0.04,0,0,1,0,225.12,250,267.85,0.0,0.0,0.0,0.0,unknown
1763110692.423895,1763110541.4969757,0.04,0,0,0,0,225.12,250,267.9,0.0,0.0,0.0,0.0,unknown
1763110692.4363964,1763110541.4969757,0.037,0,0,0,0,225.12,250,268.0,0.0,0.0,0.0,0.0,unknown
1763110692.4568574,1763110541.4969757,0.038,0,0,1,0,225.12,250,268.0,0.0,0.0,0.0,0.0,unknown
1763110692.487589,1763110541.4969757,0.036000000000000004,0,0,0,0,225.12,250,268.1,0.0,0.0,0.0,0.0,unknown
1763110692.5197222,1763110541.4969757,0.034,0,0,0,0,225.12,250,268.15,0.0,0.0,0.0,0.0,unknown
1763110692.54177,1763110541.4969757,0.034,0,0,1,0,225.12,250,268.2,0.0,0.0,0.0,0.0,unknown
1763110692.56227,1763110541.4969757,0.032,0,1,0,0,225.12,250,268.20000000000005,0.0,0.0,0.0,0.0,unknown
1763110692.5882063,1763110541.4969757,0.031,0,0,0,0,225.12,250,268.25,0.0,0.0,0.0,0.0,unknown
1763110692.6061816,1763110541.4969757,0.032,0,1,0,0,225.12,250,268.3,0.0,0.0,0.0,0.0,unknown
1763110692.6264768,1763110541.4969757,0.032,0,0,0,0,225.09,250,268.4,0.0,0.0,0.0,0.0,unknown
1763110692.637447,1763110541.4969757,0.032,0,0,1,0,225.09,250,268.5,0.0,0.0,0.0,0.0,unknown
1763110692.6489258,1763110541.4969757,0.031,0,0,0,0,225.09,250,268.5,0.0,0.0,0.0,0.0,unknown
1763110692.6644151,1763110541.4969757,0.032,0,0,1,0,225.09,250,268.5,0.0,0.0,0.0,0.0,unknown
1763110692.690128,1763110541.4969757,0.032,0,0,0,0,225.11,250,268.5,0.0,0.0,0.0,0.0,unknown
1763110692.7116053,1763110541.4969757,0.031,0,0,0,0,225.11,250,268.5,0.0,0.0,0.0,0.0,unknown
1763110692.7322762,1763110541.4969757,0.031,0,0,0,0,225.11,250,268.4,0.0,0.0,0.0,0.0,unknown
1763110692.7432384,1763110541.4969757,0.030000000000000002,0,0,0,0,225.11,250,268.35,0.0,0.0,0.0,0.0,unknown
1763110692.7546062,1763110541.4969757,0.030000000000000002,0,0,0,0,225.11,250,268.4,0.0,0.0,0.0,0.0,unknown
1763110692.7706008,1763110541.4969757,0.031,0,0,1,0,225.11,250,268.4,0.0,0.0,0.0,0.0,unknown
1763110692.8004582,1763110541.4969757,0.031,0,0,0,0,225.11,250,268.45,0.0,0.0,0.0,0.0,unknown
1763110692.8156638,1763110541.4969757,0.031,0,0,0,0,225.11,250,268.45,0.0,0.0,0.0,0.0,unknown
1763110692.843526,1763110541.4969757,0.031,0,0,0,0,225.11,250,268.45,0.0,0.0,0.0,0.0,unknown
1763110692.8595078,1763110541.4969757,0.031,0,0,0,0,225.11,250,268.45000000000005,0.0,0.0,0.0,0.0,unknown
1763110692.8746345,1763110541.4969757,0.032,0,0,1,0,225.11,250,268.45,0.0,0.0,0.0,0.0,unknown
1763110692.9083629,1763110541.4969757,0.032,0,1,0,0,225.07,250,268.5,0.0,0.0,0.0,0.0,unknown
1763110692.923495,1763110541.4969757,0.031,0,0,0,0,225.07,250,268.54999999999995,0.0,0.0,0.0,0.0,unknown
1763110692.945511,1763110541.4969757,0.030000000000000002,0,0,0,0,225.07,250,268.54999999999995,0.0,0.0,0.0,0.0,unknown
1763110692.9559438,1763110541.4969757,0.028,0,0,0,0,225.07,250,268.45,0.0,0.0,0.0,0.0,unknown
1763110692.9684362,1763110541.4969757,0.028,0,0,0,0,225.11,250,268.35,0.0,0.0,0.0,0.0,unknown
1763110692.983626,1763110541.4969757,0.027,0,0,0,0,225.15,250,268.3,0.0,0.0,0.0,0.0,unknown
1763110693.000746,1763110541.4969757,0.024,0,0,0,0,225.15,250,268.25,0.0,0.0,0.0,0.0,unknown
1763110693.0224152,1763110541.4969757,0.024,0,1,0,0,225.15,250,268.15,0.0,0.0,0.0,0.0,unknown
1763110693.053251,1763110541.4969757,0.022000000000000002,0,1,1,0,225.15,250,268.0,0.0,0.0,0.0,0.0,unknown
1763110693.0636263,1763110541.4969757,0.021,0,0,0,0,225.12,250,267.9,0.0,0.0,0.0,0.0,unknown
1763110693.0739608,1763110541.4969757,0.021,0,0,1,0,225.08,250,267.85,0.0,0.0,0.0,0.0,unknown
1763110693.0890808,1763110541.4969757,0.022000000000000002,0,1,1,0,225.08,250,267.75,0.0,0.0,0.0,0.0,unknown
1763110693.1062062,1763110541.4969757,0.022000000000000002,0,0,0,0,225.06,250,267.65,0.0,0.0,0.0,0.0,unknown
1763110693.1284199,1763110541.4969757,0.021,0,0,0,0,225.06,250,267.75,0.0,0.0,0.0,0.0,unknown
1763110693.1590898,1763110541.4969757,0.02,0,0,0,0,225.06,250,267.9,0.0,0.0,0.0,0.0,unknown
1763110693.1750734,1763110541.4969757,0.021,0,0,1,0,225.06,250,268.04999999999995,0.0,0.0,0.0,0.0,unknown
1763110693.1902354,1763110541.4969757,0.021,0,0,0,0,225.06,250,268.15,0.0,0.0,0.0,0.0,unknown
1763110693.2121124,1763110541.4969757,0.021,0,0,0,0,225.06,250,268.2,0.0,0.0,0.0,0.0,unknown
1763110693.2342958,1763110541.4969757,0.021,0,0,0,0,225.06,250,268.25,0.0,0.0,0.0,0.0,unknown
1763110693.2647972,1763110541.4969757,0.02,0,0,0,0,225.06,250,268.15,0.0,0.0,0.0,0.0,unknown
1763110693.2853549,1763110541.4969757,0.02,0,0,1,0,225.06,250,268.05,0.0,0.0,0.0,0.0,unknown
1763110693.3173106,1763110541.4969757,0.021,0,0,1,0,225.06,250,268.1,0.0,0.0,0.0,0.0,unknown
1763110693.3391554,1763110541.4969757,0.021,0,0,0,0,225.06,250,268.05,0.0,0.0,0.0,0.0,unknown
1763110693.3848944,1763110541.4969757,0.021,0,0,1,0,225.06,250,267.95,0.0,0.0,0.0,0.0,unknown
1763110693.396617,1763110541.4969757,0.02,0,0,0,0,225.06,250,267.9,0.0,0.0,0.0,0.0,unknown
1763110693.4218605,1763110541.4969757,0.019,0,0,0,0,225.06,250,267.8,0.0,0.0,0.0,0.0,unknown
1763110693.4373133,1763110541.4969757,0.02,0,0,1,0,225.06,250,267.8,0.0,0.0,0.0,0.0,unknown
1763110693.4592447,1763110541.4969757,0.02,0,0,0,0,225.06,250,267.85,0.0,0.0,0.0,0.0,unknown
1763110693.485226,1763110541.4969757,0.02,0,0,1,0,225.06,250,267.95000000000005,0.0,0.0,0.0,0.0,unknown
1763110693.4972637,1763110541.4969757,0.022000000000000002,0,1,1,0,225.06,250,267.95000000000005,0.0,0.0,0.0,0.0,unknown
1763110693.5178072,1763110541.4969757,0.022000000000000002,0,0,0,0,225.06,250,267.9,0.0,0.0,0.0,0.0,unknown
1763110693.5336802,1763110541.4969757,0.021,0,0,0,0,225.06,250,267.85,0.0,0.0,0.0,0.0,unknown
1763110693.555702,1763110541.4969757,0.02,0,0,0,0,225.11,250,267.85,0.0,0.0,0.0,0.0,unknown
1763110693.5708373,1763110541.4969757,0.02,0,0,0,0,225.11,250,267.9,0.0,0.0,0.0,0.0,unknown
1763110693.5918663,1763110541.4969757,0.021,0,1,1,0,225.11,250,267.95,0.0,0.0,0.0,0.0,unknown
1763110693.608783,1763110541.4969757,0.021,0,0,0,0,225.11,250,267.95000000000005,0.0,0.0,0.0,0.0,unknown
1763110693.624249,1763110541.4969757,0.021,0,0,1,0,225.11,250,268.05,0.0,0.0,0.0,0.0,unknown
1763110693.6442847,1763110541.4969757,0.021,0,0,0,0,225.13,250,268.1,0.0,0.0,0.0,0.0,unknown
1763110693.6611412,1763110541.4969757,0.02,0,0,0,0,225.13,250,268.2,0.0,0.0,0.0,0.0,unknown
1763110693.6762795,1763110541.4969757,0.021,0,1,0,0,225.13,250,268.35,0.0,0.0,0.0,0.0,unknown
1763110693.6975837,1763110541.4969757,0.021,0,0,0,0,225.13,250,268.4,0.0,0.0,0.0,0.0,unknown
1763110693.7142813,1763110541.4969757,0.022000000000000002,0,0,1,0,225.13,250,268.45,0.0,0.0,0.0,0.0,unknown
1763110693.7447515,1763110541.4969757,0.022000000000000002,0,0,0,0,225.13,250,268.35,0.0,0.0,0.0,0.0,unknown
1763110693.771545,1763110541.4969757,0.022000000000000002,0,0,0,0,225.13,250,268.25,0.0,0.0,0.0,0.0,unknown
1763110693.7971323,1763110541.4969757,0.021,0,0,0,0,225.13,250,268.25,0.0,0.0,0.0,0.0,unknown
1763110693.8125596,1763110541.4969757,0.022000000000000002,0,0,1,0,225.13,250,268.3,0.0,0.0,0.0,0.0,unknown
1763110693.8299565,1763110541.4969757,0.022000000000000002,0,0,0,0,225.13,250,268.4,0.0,0.0,0.0,0.0,unknown
1763110693.8601158,1763110541.4969757,0.022000000000000002,0,0,0,0,225.13,250,268.3,0.0,0.0,0.0,0.0,unknown
1763110693.8752623,1763110541.4969757,0.022000000000000002,0,0,0,0,225.17,250,268.2,0.0,0.0,0.0,0.0,unknown
1763110693.8908768,1763110541.4969757,0.021,0,0,0,0,225.17,250,268.1,0.0,0.0,0.0,0.0,unknown
1763110693.9090097,1763110541.4969757,0.02,0,0,0,0,225.17,250,268.0,0.0,0.0,0.0,0.0,unknown
1763110693.9365566,1763110541.4969757,0.021,0,0,1,0,225.15,250,267.85,0.0,0.0,0.0,0.0,unknown
1763110693.9579532,1763110541.4969757,0.021,0,0,0,0,225.2,250,267.85,0.0,0.0,0.0,0.0,unknown
1763110693.9800382,1763110541.4969757,0.021,0,0,0,0,225.11,250,267.85,0.0,0.0,0.0,0.0,unknown
1763110693.9955783,1763110541.4969757,0.021,0,0,0,0,225.02,250,267.85,0.0,0.0,0.0,0.0,unknown
1763110694.016182,1763110541.4969757,0.022000000000000002,0,0,1,0,224.93,250,267.9,0.0,0.0,0.0,0.0,unknown
1763110694.0273852,1763110541.4969757,0.022000000000000002,0,0,0,0,224.84,250,267.9,0.0,0.0,0.0,0.0,unknown
1763110694.051915,1763110541.4969757,0.021,0,0,0,0,224.75,250,267.9,0.0,0.0,0.0,0.0,unknown
1763110694.0837135,1763110541.4969757,0.019,0,0,0,0,224.66,250,267.85,0.0,0.0,0.0,0.0,unknown
1763110694.0941417,1763110541.4969757,0.02,0,0,1,0,224.55,250,267.8,0.0,0.0,0.0,0.0,unknown
1763110694.114521,1763110541.4969757,0.019,0,0,0,0,224.46,250,267.75,0.0,0.0,0.0,0.0,unknown
1763110694.13552,1763110541.4969757,0.017,0,0,0,0,224.37,250,267.85,0.0,0.0,0.0,0.0,unknown
1763110694.1506522,1763110541.4969757,0.017,0,0,0,0,224.28,250,267.85,0.0,0.0,0.0,0.0,unknown
1763110694.1671536,1763110541.4969757,0.017,0,0,0,0,224.19,250,267.9,0.0,0.0,0.0,0.0,unknown
1763110694.1827013,1763110541.4969757,0.018000000000000002,0,1,0,0,224.1,250,267.95,0.0,0.0,0.0,0.0,unknown
1763110694.1995914,1763110541.4969757,0.018000000000000002,0,0,1,0,224.01,250,268.05,0.0,0.0,0.0,0.0,unknown
1763110694.2299826,1763110541.4969757,0.018000000000000002,0,0,0,0,223.92,250,268.04999999999995,0.0,0.0,0.0,0.0,unknown
1763110694.2567627,1763110541.4969757,0.018000000000000002,0,0,0,0,223.83,250,268.0,0.0,0.0,0.0,0.0,unknown
1763110694.2869844,1763110541.4969757,0.018000000000000002,0,0,0,0,223.74,250,268.04999999999995,0.0,0.0,0.0,0.0,unknown
1763110694.3041706,1763110541.4969757,0.018000000000000002,0,0,0,0,223.65,250,268.1,0.0,0.0,0.0,0.0,unknown
1763110694.324876,1763110541.4969757,0.017,0,0,0,0,223.56,250,268.15,0.0,0.0,0.0,0.0,unknown
1763110694.340034,1763110541.4969757,0.016,0,0,0,0,223.47,250,268.15,0.0,0.0,0.0,0.0,unknown
1763110694.3585315,1763110541.4969757,0.016,0,0,0,0,223.38,250,268.15,0.0,0.0,0.0,0.0,unknown
1763110694.3787873,1763110541.4969757,0.015000000000000001,0,0,0,0,223.29,250,268.25,0.0,0.0,0.0,0.0,unknown
1763110694.4114807,1763110541.4969757,0.015000000000000001,0,0,0,0,223.2,250,268.35,0.0,0.0,0.0,0.0,unknown
1763110694.4373975,1763110541.4969757,0.015000000000000001,0,0,0,0,223.11,250,268.5,0.0,0.0,0.0,0.0,unknown
1763110694.459079,1763110541.4969757,0.014,0,0,0,0,223.02,250,268.7,0.0,0.0,0.0,0.0,unknown
1763110694.499792,1763110541.4969757,0.014,0,0,0,0,222.93,250,268.7,0.0,0.0,0.0,0.0,unknown
1763110694.5149865,1763110541.4969757,0.013000000000000001,0,0,0,0,222.84,250,268.75,0.0,0.0,0.0,0.0,unknown
1763110694.5381608,1763110541.4969757,0.011000000000000001,0,0,0,0,222.75,250,268.8,0.0,0.0,0.0,0.0,unknown
1763110694.559748,1763110541.4969757,0.012,0,1,0,0,222.66,250,268.8,0.0,0.0,0.0,0.0,unknown
1763110694.5751302,1763110541.4969757,0.012,0,0,0,0,222.57,250,268.7,0.0,0.0,0.0,0.0,unknown
1763110694.5899673,1763110541.4969757,0.012,0,0,0,0,222.48,250,268.7,0.0,0.0,0.0,0.0,unknown
1763110694.6052914,1763110541.4969757,0.012,0,0,0,0,222.39,250,268.70000000000005,0.0,0.0,0.0,0.0,unknown
1763110694.6170785,1763110541.4969757,0.011000000000000001,0,1,0,0,222.3,250,268.65,0.0,0.0,0.0,0.0,unknown
1763110694.6332004,1763110541.4969757,0.012,0,1,0,0,222.24,250,268.6,0.0,0.0,0.0,0.0,unknown
1763110694.657888,1763110541.4969757,0.011000000000000001,0,0,0,0,222.15,250,268.65,0.0,0.0,0.0,0.0,unknown
1763110694.6796713,1763110541.4969757,0.011000000000000001,0,0,0,0,222.06,250,268.75,0.0,0.0,0.0,0.0,unknown
1763110694.7096748,1763110541.4969757,0.011000000000000001,0,0,0,0,221.97,250,268.85,0.0,0.0,0.0,0.0,unknown
1763110694.7249985,1763110541.4969757,0.01,0,0,0,0,221.84,250,268.95,0.0,0.0,0.0,0.0,unknown
1763110694.7358062,1763110541.4969757,0.01,0,0,0,0,221.75,250,268.95,0.0,0.0,0.0,0.0,unknown
1763110694.7509427,1763110541.4969757,0.009000000000000001,0,0,0,0,221.66,250,269.05,0.0,0.0,0.0,0.0,unknown
1763110694.770852,1763110541.4969757,0.01,0,1,0,0,221.57,250,269.1,0.0,0.0,0.0,0.0,unknown
1763110694.781268,1763110541.4969757,0.011000000000000001,0,1,0,0,221.48,250,269.04999999999995,0.0,0.0,0.0,0.0,unknown
1763110694.8115103,1763110541.4969757,0.011000000000000001,0,0,0,0,221.39,250,269.05,0.0,0.0,0.0,0.0,unknown
1763110694.8334455,1763110541.4969757,0.01,0,0,0,0,221.3,250,269.1,0.0,0.0,0.0,0.0,unknown
1763110694.8636856,1763110541.4969757,0.011000000000000001,0,1,0,0,221.21,250,269.2,0.0,0.0,0.0,0.0,unknown
1763110694.8800747,1763110541.4969757,0.012,0,0,1,0,221.12,250,269.3,0.0,0.0,0.0,0.0,unknown
1763110694.9102385,1763110541.4969757,0.012,0,0,0,0,221.03,250,269.4,0.0,0.0,0.0,0.0,unknown
1763110694.925659,1763110541.4969757,0.012,0,0,0,0,220.94,250,269.5,0.0,0.0,0.0,0.0,unknown
1763110694.942627,1763110541.4969757,0.012,0,0,0,0,220.85,250,269.6,0.0,0.0,0.0,0.0,unknown
1763110694.9677324,1763110541.4969757,0.012,0,0,1,0,220.76,250,269.6,0.0,0.0,0.0,0.0,unknown
1763110694.9885323,1763110541.4969757,0.012,0,0,0,0,220.67,250,269.55,0.0,0.0,0.0,0.0,unknown
1763110695.017287,1763110541.4969757,0.012,0,0,0,0,220.58,250,269.65,0.0,0.0,0.0,0.0,unknown
1763110695.0370672,1763110541.4969757,0.013000000000000001,0,0,1,0,220.45,250,269.75,0.0,0.0,0.0,0.0,unknown
1763110695.0611186,1763110541.4969757,0.013000000000000001,0,0,1,0,220.32,250,269.85,0.0,0.0,0.0,0.0,unknown
1763110695.0760283,1763110541.4969757,0.015000000000000001,0,1,1,0,220.23,250,269.95,0.0,0.0,0.0,0.0,unknown
1763110695.0980408,1763110541.4969757,0.015000000000000001,0,0,0,0,220.14,250,270.0,0.0,0.0,0.0,0.0,unknown
1763110695.11723,1763110541.4969757,0.015000000000000001,0,0,0,0,220.05,250,270.0,0.0,0.0,0.0,0.0,unknown
1763110695.1434386,1763110541.4969757,0.014,0,0,0,0,219.99,250,270.1,0.0,0.0,0.0,0.0,unknown
1763110695.1653101,1763110541.4969757,0.014,0,0,0,0,219.9,250,270.0,0.0,0.0,0.0,0.0,unknown
1763110695.1810586,1763110541.4969757,0.015000000000000001,0,1,0,0,219.81,250,269.95000000000005,0.0,0.0,0.0,0.0,unknown
1763110695.21446,1763110541.4969757,0.016,0,1,0,0,219.7,250,270.1,0.0,0.0,0.0,0.0,unknown
1763110695.2341506,1763110541.4969757,0.016,0,0,0,0,219.61,250,270.15,0.0,0.0,0.0,0.0,unknown
1763110695.2548368,1763110541.4969757,0.016,0,0,1,0,219.52,250,270.15,0.0,0.0,0.0,0.0,unknown
1763110695.2683282,1763110541.4969757,0.016,0,1,0,0,219.43,250,270.2,0.0,0.0,0.0,0.0,unknown
1763110695.278678,1763110541.4969757,0.016,0,0,0,0,219.34,250,270.25,0.0,0.0,0.0,0.0,unknown
1763110695.2931957,1763110541.4969757,0.016,0,0,0,0,219.25,250,270.29999999999995,0.0,0.0,0.0,0.0,unknown
1763110695.3142154,1763110541.4969757,0.016,0,0,0,0,219.16,250,270.2,0.0,0.0,0.0,0.0,unknown
1763110695.3421419,1763110541.4969757,0.016,0,0,0,0,219.07,250,270.25,0.0,0.0,0.0,0.0,unknown
1763110695.3572874,1763110541.4969757,0.016,0,0,0,0,218.98,250,270.4,0.0,0.0,0.0,0.0,unknown
1763110695.3724294,1763110541.4969757,0.017,0,1,0,0,218.89,250,270.4,0.0,0.0,0.0,0.0,unknown
1763110695.3875656,1763110541.4969757,0.018000000000000002,0,1,0,0,218.8,250,270.4,0.0,0.0,0.0,0.0,unknown
1763110695.4115736,1763110541.4969757,0.018000000000000002,0,0,0,0,218.71,250,270.5,0.0,0.0,0.0,0.0,unknown
1763110695.4333522,1763110541.4969757,0.018000000000000002,0,0,0,0,218.62,250,270.6,0.0,0.0,0.0,0.0,unknown
1763110695.446605,1763110541.4969757,0.019,0,1,0,0,218.53,250,270.70000000000005,0.0,0.0,0.0,0.0,unknown
1763110695.4723089,1763110541.4969757,0.019,0,0,0,0,218.44,250,270.8,0.0,0.0,0.0,0.0,unknown
1763110695.4985712,1763110541.4969757,0.02,0,1,0,0,218.35,250,270.70000000000005,0.0,0.0,0.0,0.0,unknown
1763110695.5139267,1763110541.4969757,0.02,0,0,0,0,218.26,250,270.54999999999995,0.0,0.0,0.0,0.0,unknown
1763110695.535536,1763110541.4969757,0.021,0,0,1,0,218.17,250,270.6,0.0,0.0,0.0,0.0,unknown
1763110695.5507262,1763110541.4969757,0.02,0,0,0,0,218.08,250,270.7,0.0,0.0,0.0,0.0,unknown
1763110695.5638392,1763110541.4969757,0.02,0,0,0,0,217.99,250,270.75,0.0,0.0,0.0,0.0,unknown
1763110695.594022,1763110541.4969757,0.02,0,0,0,0,217.88,250,270.75,0.0,0.0,0.0,0.0,unknown
1763110695.6216412,1763110541.4969757,0.021,0,0,1,0,217.79,250,270.7,0.0,0.0,0.0,0.0,unknown
1763110695.6368055,1763110541.4969757,0.02,0,0,0,0,217.7,250,270.75,0.0,0.0,0.0,0.0,unknown
1763110695.6523097,1763110541.4969757,0.02,0,1,0,0,217.61,250,270.79999999999995,0.0,0.0,0.0,0.0,unknown
1763110695.6796112,1763110541.4969757,0.02,0,0,0,0,217.52,250,270.75,0.0,0.0,0.0,0.0,unknown
1763110695.6904771,1763110541.4969757,0.02,0,0,0,0,217.41,250,270.8,0.0,0.0,0.0,0.0,unknown
1763110695.7012756,1763110541.4969757,0.021,0,0,1,0,217.32,250,270.9,0.0,0.0,0.0,0.0,unknown
1763110695.7240808,1763110541.4969757,0.022000000000000002,0,0,1,0,217.23,250,271.0,0.0,0.0,0.0,0.0,unknown
1763110695.7392612,1763110541.4969757,0.023,0,1,0,0,217.14,250,271.1,0.0,0.0,0.0,0.0,unknown
1763110695.760359,1763110541.4969757,0.024,0,1,0,0,217.05,250,271.2,0.0,0.0,0.0,0.0,unknown
1763110695.7755046,1763110541.4969757,0.024,0,1,0,0,216.96,250,271.3,0.0,0.0,0.0,0.0,unknown
1763110695.7906759,1763110541.4969757,0.024,0,0,1,0,216.87,250,271.35,0.0,0.0,0.0,0.0,unknown
1763110695.805804,1763110541.4969757,0.024,0,0,0,0,216.78,250,271.4,0.0,0.0,0.0,0.0,unknown
1763110695.8386657,1763110541.4969757,0.024,0,0,0,0,216.69,250,271.4,0.0,0.0,0.0,0.0,unknown
1763110695.8653367,1763110541.4969757,0.023,0,0,0,0,216.6,250,271.2,0.0,0.0,0.0,0.0,unknown
1763110695.882323,1763110541.4969757,0.024,0,0,2,0,216.51,250,271.15,0.0,0.0,0.0,0.0,unknown
1763110695.9022624,1763110541.4969757,0.024,0,0,0,0,216.38,250,271.15,0.0,0.0,0.0,0.0,unknown
1763110695.932214,1763110541.4969757,0.025,0,1,0,0,216.29,250,271.2,0.0,0.0,0.0,0.0,unknown
1763110695.9618123,1763110541.4969757,0.025,0,0,0,0,216.2,250,271.3,0.0,0.0,0.0,0.0,unknown
1763110695.9826894,1763110541.4969757,0.024,0,0,0,0,216.11,250,271.35,0.0,0.0,0.0,0.0,unknown
1763110695.998618,1763110541.4969757,0.024,0,0,0,0,216,250,271.35,0.0,0.0,0.0,0.0,unknown
1763110696.013796,1763110541.4969757,0.024,0,0,0,0,216,250,271.35,0.0,0.0,0.0,0.0,unknown
1763110696.0350776,1763110541.4969757,0.023,0,0,0,0,216,250,271.35,0.0,0.0,0.0,0.0,unknown
1763110696.05078,1763110541.4969757,0.022000000000000002,0,0,0,0,216,250,271.35,0.0,0.0,0.0,0.0,unknown
1763110696.065635,1763110541.4969757,0.02,0,0,0,0,216,250,271.4,0.0,0.0,0.0,0.0,unknown
1763110696.0808063,1763110541.4969757,0.021,0,1,0,0,216,250,271.54999999999995,0.0,0.0,0.0,0.0,unknown
1763110696.0981174,1763110541.4969757,0.021,0,0,0,0,216,250,271.54999999999995,0.0,0.0,0.0,0.0,unknown
1763110696.1092277,1763110541.4969757,0.021,0,0,0,0,216,250,271.55,0.0,0.0,0.0,0.0,unknown
1763110696.1234336,1763110541.4969757,0.022000000000000002,0,1,0,0,216,250,271.5,0.0,0.0,0.0,0.0,unknown
1763110696.1466663,1763110541.4969757,0.023,0,1,1,0,216,250,271.5,0.0,0.0,0.0,0.0,unknown
1763110696.1723433,1763110541.4969757,0.024,0,1,1,0,216,250,271.5,0.0,0.0,0.0,0.0,unknown
1763110696.186994,1763110541.4969757,0.025,0,1,0,0,216,250,271.4,0.0,0.0,0.0,0.0,unknown
1763110696.2164245,1763110541.4969757,0.024,0,0,0,0,216,250,271.3,0.0,0.0,0.0,0.0,unknown
1763110696.231561,1763110541.4969757,0.025,0,1,1,0,216,250,271.25,0.0,0.0,0.0,0.0,unknown
1763110696.2574997,1763110541.4969757,0.025,0,0,0,0,216,250,271.15,0.0,0.0,0.0,0.0,unknown
1763110696.2852132,1763110541.4969757,0.025,0,0,0,0,216,250,271.15,0.0,0.0,0.0,0.0,unknown
1763110696.3049898,1763110541.4969757,0.025,0,0,0,0,216,250,271.25,0.0,0.0,0.0,0.0,unknown
1763110696.3201346,1763110541.4969757,0.025,0,0,0,0,216,250,271.29999999999995,0.0,0.0,0.0,0.0,unknown
1763110696.3352664,1763110541.4969757,0.025,0,0,0,0,216,250,271.29999999999995,0.0,0.0,0.0,0.0,unknown
1763110696.3463368,1763110541.4969757,0.024,0,0,0,0,216,250,271.2,0.0,0.0,0.0,0.0,unknown
1763110696.3659248,1763110541.4969757,0.025,0,2,0,0,216,250,271.1,0.0,0.0,0.0,0.0,unknown
1763110696.3820062,1763110541.4969757,0.025,0,0,0,0,216,250,271.05,0.0,0.0,0.0,0.0,unknown
1763110696.3934205,1763110541.4969757,0.025,0,0,0,0,216,250,271.1,0.0,0.0,0.0,0.0,unknown
1763110696.4044306,1763110541.4969757,0.024,0,0,0,0,216,250,271.05,0.0,0.0,0.0,0.0,unknown
1763110696.4260795,1763110541.4969757,0.024,0,0,0,0,216,250,270.95,0.0,0.0,0.0,0.0,unknown
1763110696.4409928,1763110541.4969757,0.023,0,0,0,0,216,250,271.0,0.0,0.0,0.0,0.0,unknown
1763110696.4620712,1763110541.4969757,0.024,0,1,0,0,216,250,271.0,0.0,0.0,0.0,0.0,unknown
1763110696.4772115,1763110541.4969757,0.025,0,2,0,0,216,250,270.95,0.0,0.0,0.0,0.0,unknown
1763110696.5013707,1763110541.4969757,0.026000000000000002,0,1,0,0,216,250,271.0,0.0,0.0,0.0,0.0,unknown
1763110696.5235047,1763110541.4969757,0.027000000000000003,0,1,0,0,216,250,271.05,0.0,0.0,0.0,0.0,unknown
1763110696.5668242,1763110541.4969757,0.027000000000000003,0,0,0,0,216,250,271.0,0.0,0.0,0.0,0.0,unknown
1763110696.5850785,1763110541.4969757,0.027000000000000003,0,1,0,0,216,250,270.95000000000005,0.0,0.0,0.0,0.0,unknown
1763110696.6161098,1763110541.4969757,0.027000000000000003,0,0,0,0,216,250,271.1,0.0,0.0,0.0,0.0,unknown
1763110696.626759,1763110541.4969757,0.027000000000000003,0,1,0,0,216,250,271.25,0.0,0.0,0.0,0.0,unknown
1763110696.6453335,1763110541.4969757,0.028,0,1,0,0,216,250,271.25,0.0,0.0,0.0,0.0,unknown
1763110696.674763,1763110541.4969757,0.029,0,1,0,0,216,250,271.2,0.0,0.0,0.0,0.0,unknown
1763110696.7004893,1763110541.4969757,0.029,0,1,0,0,216,250,271.1,0.0,0.0,0.0,0.0,unknown
1763110696.7144825,1763110541.4969757,0.029,0,1,0,0,216,250,270.95,0.0,0.0,0.0,0.0,unknown
1763110696.7400753,1763110541.4969757,0.029,0,1,0,0,216,250,270.8,0.0,0.0,0.0,0.0,unknown
1763110696.7703085,1763110541.4969757,0.029,0,1,0,0,216,250,270.8,0.0,0.0,0.0,0.0,unknown
1763110696.787561,1763110541.4969757,0.029,0,1,0,0,216,250,270.75,0.0,0.0,0.0,0.0,unknown
1763110696.8200107,1763110541.4969757,0.030000000000000002,0,1,1,0,216,250,270.85,0.0,0.0,0.0,0.0,unknown
1763110696.8350239,1763110541.4969757,0.032,0,1,1,0,216,250,270.95,0.0,0.0,0.0,0.0,unknown
1763110696.860697,1763110541.4969757,0.032,0,0,0,0,216,250,270.9,0.0,0.0,0.0,0.0,unknown
1763110696.8848634,1763110541.4969757,0.032,0,0,0,0,216,250,270.8,0.0,0.0,0.0,0.0,unknown
1763110696.9000244,1763110541.4969757,0.030000000000000002,0,0,0,0,216,250,270.65,0.0,0.0,0.0,0.0,unknown
1763110696.92754,1763110541.4969757,0.032,0,1,1,0,216,250,270.54999999999995,0.0,0.0,0.0,0.0,unknown
1763110696.9381716,1763110541.4969757,0.032,0,1,0,0,216,250,270.45,0.0,0.0,0.0,0.0,unknown
1763110696.9533598,1763110541.4969757,0.032,0,0,0,0,216,250,270.4,0.0,0.0,0.0,0.0,unknown
1763110696.9653254,1763110541.4969757,0.032,0,0,0,0,216,250,270.45,0.0,0.0,0.0,0.0,unknown
1763110696.9799182,1763110541.4969757,0.032,0,0,0,0,216,250,270.65,0.0,0.0,0.0,0.0,unknown
1763110697.001589,1763110541.4969757,0.032,0,0,0,0,216,250,270.65,0.0,0.0,0.0,0.0,unknown
1763110697.0279853,1763110541.4969757,0.033,0,1,0,0,216,250,270.65,0.0,0.0,0.0,0.0,unknown
1763110697.0524209,1763110541.4969757,0.034,0,1,0,0,216,250,270.65,0.0,0.0,0.0,0.0,unknown
1763110697.067559,1763110541.4969757,0.034,0,0,0,0,216,250,270.65,0.0,0.0,0.0,0.0,unknown
1763110697.0908687,1763110541.4969757,0.034,0,1,0,0,216,250,270.75,0.0,0.0,0.0,0.0,unknown
1763110697.1168542,1763110541.4969757,0.034,0,0,0,0,216,250,270.85,0.0,0.0,0.0,0.0,unknown
1763110697.1320088,1763110541.4969757,0.035,0,1,0,0,216,250,270.8,0.0,0.0,0.0,0.0,unknown
1763110697.1472733,1763110541.4969757,0.035,0,0,1,0,216,250,270.95,0.0,0.0,0.0,0.0,unknown
1763110697.1728158,1763110541.4969757,0.034,0,1,0,0,216,250,271.0,0.0,0.0,0.0,0.0,unknown
1763110697.2002187,1763110541.4969757,0.032,0,0,0,0,216,250,270.85,0.0,0.0,0.0,0.0,unknown
1763110697.2113535,1763110541.4969757,0.033,0,1,1,0,216,250,270.8,0.0,0.0,0.0,0.0,unknown
1763110697.2269237,1763110541.4969757,0.034,0,1,0,0,216,250,270.8,0.0,0.0,0.0,0.0,unknown
1763110697.2420628,1763110541.4969757,0.032,0,0,0,0,216,250,270.7,0.0,0.0,0.0,0.0,unknown
1763110697.261531,1763110541.4969757,0.032,0,0,0,0,216,250,270.6,0.0,0.0,0.0,0.0,unknown
1763110697.2926445,1763110541.4969757,0.033,0,1,0,0,216,250,270.6,0.0,0.0,0.0,0.0,unknown
1763110697.318443,1763110541.4969757,0.033,0,0,0,0,216,250,270.55,0.0,0.0,0.0,0.0,unknown
1763110697.3285296,1763110541.4969757,0.034,0,1,0,0,216,250,270.45,0.0,0.0,0.0,0.0,unknown
1763110697.350787,1763110541.4969757,0.034,0,0,0,0,216,250,270.4,0.0,0.0,0.0,0.0,unknown
1763110697.3661342,1763110541.4969757,0.034,0,0,0,0,216,250,270.4,0.0,0.0,0.0,0.0,unknown
1763110697.396729,1763110541.4969757,0.033,0,0,1,0,216,250,270.5,0.0,0.0,0.0,0.0,unknown
1763110697.414554,1763110541.4969757,0.033,0,0,0,0,216,250,270.5,0.0,0.0,0.0,0.0,unknown
1763110697.4351058,1763110541.4969757,0.033,0,0,0,0,216,250,270.45,0.0,0.0,0.0,0.0,unknown
1763110697.450681,1763110541.4969757,0.033,0,0,0,0,216,250,270.5,0.0,0.0,0.0,0.0,unknown
1763110697.4678333,1763110541.4969757,0.034,0,1,0,0,216,250,270.5,0.0,0.0,0.0,0.0,unknown
1763110697.4934113,1763110541.4969757,0.035,0,1,0,0,216,250,270.5,0.0,0.0,0.0,0.0,unknown
1763110697.5144553,1763110541.4969757,0.034,0,0,0,0,216,250,270.65,0.0,0.0,0.0,0.0,unknown
1763110697.5316699,1763110541.4969757,0.032,0,0,0,0,216,250,270.6,0.0,0.0,0.0,0.0,unknown
1763110697.5622241,1763110541.4969757,0.032,0,1,0,0,216,250,270.55,0.0,0.0,0.0,0.0,unknown
1763110697.5790832,1763110541.4969757,0.031000000000000003,0,0,0,0,216,250,270.55,0.0,0.0,0.0,0.0,unknown
1763110697.605188,1763110541.4969757,0.032,0,1,0,0,216,250,270.6,0.0,0.0,0.0,0.0,unknown
1763110697.6281724,1763110541.4969757,0.031000000000000003,0,0,0,0,216,250,270.65,0.0,0.0,0.0,0.0,unknown
1763110697.6587107,1763110541.4969757,0.033,0,1,1,0,216,250,270.55,0.0,0.0,0.0,0.0,unknown
1763110697.680858,1763110541.4969757,0.032,0,0,0,0,216,250,270.55,0.0,0.0,0.0,0.0,unknown
1763110697.6912243,1763110541.4969757,0.032,0,1,0,0,216,250,270.5,0.0,0.0,0.0,0.0,unknown
1763110697.721603,1763110541.4969757,0.032,0,0,1,0,216,250,270.55,0.0,0.0,0.0,0.0,unknown
1763110697.7384574,1763110541.4969757,0.032,0,1,0,0,216,250,270.5,0.0,0.0,0.0,0.0,unknown
1763110697.764033,1763110541.4969757,0.032,0,1,0,0,216,250,270.45000000000005,0.0,0.0,0.0,0.0,unknown
1763110697.7802217,1763110541.4969757,0.032,0,1,0,0,216,250,270.45,0.0,0.0,0.0,0.0,unknown
1763110697.7968936,1763110541.4969757,0.032,0,1,0,0,216,250,270.45,0.0,0.0,0.0,0.0,unknown
1763110697.8272426,1763110541.4969757,0.032,0,1,0,0,216,250,270.29999999999995,0.0,0.0,0.0,0.0,unknown
1763110697.8394232,1763110541.4969757,0.031000000000000003,0,0,1,0,216,250,270.15,0.0,0.0,0.0,0.0,unknown
1763110697.8716173,1763110541.4969757,0.030000000000000002,0,0,1,0,216,250,269.55,0.0,0.0,0.0,0.0,unknown
1763110697.8973055,1763110541.4969757,0.030000000000000002,0,0,0,0,216,250,268.79999999999995,0.0,0.0,0.0,0.0,unknown
1763110697.912451,1763110541.4969757,0.031000000000000003,0,1,0,0,216,250,268.15,0.0,0.0,0.0,0.0,unknown
1763110697.929229,1763110541.4969757,0.032,0,0,1,0,216,250,267.54999999999995,0.0,0.0,0.0,0.0,unknown
1763110697.950289,1763110541.4969757,0.030000000000000002,0,0,0,0,216,250,266.85,0.0,0.0,0.0,0.0,unknown
1763110697.9616451,1763110541.4969757,0.030000000000000002,0,1,0,0,216,250,266.05,0.0,0.0,0.0,0.0,unknown
1763110697.9827251,1763110541.4969757,0.030000000000000002,0,0,0,0,216,250,265.25,0.0,0.0,0.0,0.0,unknown
1763110698.0048215,1763110541.4969757,0.030000000000000002,0,0,0,0,216,250,264.5,0.0,0.0,0.0,0.0,unknown
1763110698.0356638,1763110541.4969757,0.031000000000000003,0,1,0,0,216,250,263.75,0.0,0.0,0.0,0.0,unknown
1763110698.0460935,1763110541.4969757,0.032,0,0,1,0,216,250,263.05,0.0,0.0,0.0,0.0,unknown
1763110698.059016,1763110541.4969757,0.031000000000000003,0,0,0,0,216,250,262.35,0.0,0.0,0.0,0.0,unknown
1763110698.0741556,1763110541.4969757,0.031000000000000003,0,0,1,0,216,250,261.7,0.0,0.0,0.0,0.0,unknown
1763110698.090556,1763110541.4969757,0.034,0,2,1,0,216,250,261.1,0.0,0.0,0.0,0.0,unknown
1763110698.1065578,1763110541.4969757,0.035,0,1,1,0,216,250,260.45,0.0,0.0,0.0,0.0,unknown
1763110698.1182392,1763110541.4969757,0.036000000000000004,0,1,0,0,216,250,259.95000000000005,0.0,0.0,0.0,0.0,unknown
1763110698.1435723,1763110541.4969757,0.036000000000000004,0,1,0,0,216,250,259.55,0.0,0.0,0.0,0.0,unknown
1763110698.1656961,1763110541.4969757,0.036000000000000004,0,1,0,0,216,250,259.35,0.0,0.0,0.0,0.0,unknown
1763110698.1862328,1763110541.4969757,0.035,0,0,0,0,216,250,259.25,0.0,0.0,0.0,0.0,unknown
1763110698.2066798,1763110541.4969757,0.037000000000000005,0,0,2,0,216,250,259.15,0.0,0.0,0.0,0.0,unknown
1763110698.228418,1763110541.4969757,0.036000000000000004,0,0,1,0,216,250,259.15,0.0,0.0,0.0,0.0,unknown
1763110698.2537267,1763110541.4969757,0.036000000000000004,0,1,0,0,216,250,259.0,0.0,0.0,0.0,0.0,unknown
1763110698.2641609,1763110541.4969757,0.036000000000000004,0,0,0,0,216,250,258.75,0.0,0.0,0.0,0.0,unknown
1763110698.276817,1763110541.4969757,0.036000000000000004,0,0,0,0,216,250,258.54999999999995,0.0,0.0,0.0,0.0,unknown
1763110698.2871997,1763110541.4969757,0.037000000000000005,0,1,1,0,216,250,258.35,0.0,0.0,0.0,0.0,unknown
1763110698.3178196,1763110541.4969757,0.037000000000000005,0,0,0,0,216,250,258.1,0.0,0.0,0.0,0.0,unknown
1763110698.3296351,1763110541.4969757,0.037000000000000005,0,1,0,0,216,250,257.85,0.0,0.0,0.0,0.0,unknown
1763110698.3399549,1763110541.4969757,0.037000000000000005,0,0,0,0,216,250,257.7,0.0,0.0,0.0,0.0,unknown
1763110698.3704221,1763110541.4969757,0.039,0,2,0,0,216,250,257.65,0.0,0.0,0.0,0.0,unknown
1763110698.3855479,1763110541.4969757,0.038,0,0,0,0,216,250,257.65,0.0,0.0,0.0,0.0,unknown
1763110698.400682,1763110541.4969757,0.038,0,0,0,0,216,250,257.55,0.0,0.0,0.0,0.0,unknown
1763110698.4277894,1763110541.4969757,0.039,0,1,0,0,216,250,257.35,0.0,0.0,0.0,0.0,unknown
1763110698.4429924,1763110541.4969757,0.04,0,1,0,0,216,250,257.15,0.0,0.0,0.0,0.0,unknown
1763110698.4752648,1763110541.4969757,0.039,0,0,0,0,216,250,256.95,0.0,0.0,0.0,0.0,unknown
1763110698.486983,1763110541.4969757,0.039,0,1,0,0,216,250,256.65,0.0,0.0,0.0,0.0,unknown
1763110698.502117,1763110541.4969757,0.039,0,0,0,0,216,250,256.45000000000005,0.0,0.0,0.0,0.0,unknown
1763110698.5125594,1763110541.4969757,0.04,0,1,0,0,216,250,256.25,0.0,0.0,0.0,0.0,unknown
1763110698.5235937,1763110541.4969757,0.04,0,1,0,0,216,250,256.0,0.0,0.0,0.0,0.0,unknown
1763110698.5500348,1763110541.4969757,0.043000000000000003,0,2,1,0,216,250,255.95,0.0,0.0,0.0,0.0,unknown
1763110698.5747986,1763110541.4969757,0.043000000000000003,0,1,0,0,216,250,255.95,0.0,0.0,0.0,0.0,unknown
1763110698.5865788,1763110541.4969757,0.044000000000000004,0,1,0,0,216,250,255.9,0.0,0.0,0.0,0.0,unknown
1763110698.5969346,1763110541.4969757,0.043000000000000003,0,1,0,0,216,250,255.7,0.0,0.0,0.0,0.0,unknown
1763110698.631815,1763110541.4969757,0.045000000000000005,0,1,1,0,216,250,255.5,0.0,0.0,0.0,0.0,unknown
1763110698.6469512,1763110541.4969757,0.046,0,2,0,0,216,250,255.25,0.0,0.0,0.0,0.0,unknown
1763110698.6820216,1763110541.4969757,0.046,0,1,0,0,216,250,255.1,0.0,0.0,0.0,0.0,unknown
1763110698.6971624,1763110541.4969757,0.046,0,1,0,0,216,250,255.0,0.0,0.0,0.0,0.0,unknown
1763110698.7218626,1763110541.4969757,0.046,0,1,0,0,216,250,254.95,0.0,0.0,0.0,0.0,unknown
1763110698.737917,1763110541.4969757,0.047,0,1,1,0,216,250,254.95,0.0,0.0,0.0,0.0,unknown
1763110698.749607,1763110541.4969757,0.046,0,0,0,0,216,250,254.75,0.0,0.0,0.0,0.0,unknown
1763110698.7650313,1763110541.4969757,0.046,0,0,1,0,216,250,254.60000000000002,0.0,0.0,0.0,0.0,unknown
1763110698.7759619,1763110541.4969757,0.046,0,1,0,0,216,250,254.35,0.0,0.0,0.0,0.0,unknown
1763110698.791091,1763110541.4969757,0.046,0,1,0,0,216,250,254.15,0.0,0.0,0.0,0.0,unknown
1763110698.806227,1763110541.4969757,0.047,0,0,1,0,216,250,254.0,0.0,0.0,0.0,0.0,unknown
1763110698.8239539,1763110541.4969757,0.046,0,0,0,0,216,250,253.9,0.0,0.0,0.0,0.0,unknown
1763110698.8571312,1763110541.4969757,0.046,0,1,0,0,216,250,253.8,0.0,0.0,0.0,0.0,unknown
1763110698.874385,1763110541.4969757,0.047,0,1,0,0,216,250,253.64999999999998,0.0,0.0,0.0,0.0,unknown
1763110698.9013038,1763110541.4969757,0.046,0,0,0,0,216,250,253.5,0.0,0.0,0.0,0.0,unknown
1763110698.9259279,1763110541.4969757,0.046,0,0,0,0,216,250,253.25,0.0,0.0,0.0,0.0,unknown
1763110698.9627912,1763110541.4969757,0.047,0,1,0,0,216,250,253.1,0.0,0.0,0.0,0.0,unknown
1763110698.9961064,1763110541.4969757,0.047,0,1,0,0,216,250,253.0,0.0,0.0,0.0,0.0,unknown
1763110699.0230937,1763110541.4969757,0.048,0,1,1,0,216,250,252.89999999999998,0.0,0.0,0.0,0.0,unknown
1763110699.0391695,1763110541.4969757,0.049,0,1,0,0,216,250,252.8,0.0,0.0,0.0,0.0,unknown
1763110699.0567284,1763110541.4969757,0.048,0,0,0,0,216,250,252.7,0.0,0.0,0.0,0.0,unknown
1763110699.0765026,1763110541.4969757,0.046,0,1,0,0,216,250,252.55,0.0,0.0,0.0,0.0,unknown
1763110699.1011596,1763110541.4969757,0.045000000000000005,0,1,0,0,216,250,252.35,0.0,0.0,0.0,0.0,unknown
1763110699.1275442,1763110541.4969757,0.044000000000000004,0,0,0,0,216,250,252.2,0.0,0.0,0.0,0.0,unknown
1763110699.147237,1763110541.4969757,0.043000000000000003,0,0,0,0,216,250,252.1,0.0,0.0,0.0,0.0,unknown
1763110699.162688,1763110541.4969757,0.042,0,0,0,0,216,250,251.95,0.0,0.0,0.0,0.0,unknown
1763110699.1817043,1763110541.4969757,0.042,0,0,0,0,216,250,251.85,0.0,0.0,0.0,0.0,unknown
1763110699.2036386,1763110541.4969757,0.04,0,0,0,0,216,250,251.75,0.0,0.0,0.0,0.0,unknown
1763110699.2380328,1763110541.4969757,0.04,0,1,0,0,216,250,251.65,0.0,0.0,0.0,0.0,unknown
1763110699.253477,1763110541.4969757,0.041,0,2,0,0,216,250,251.5,0.0,0.0,0.0,0.0,unknown
1763110699.2697794,1763110541.4969757,0.042,0,0,1,0,216,250,251.35,0.0,0.0,0.0,0.0,unknown
1763110699.3041499,1763110541.4969757,0.042,0,0,0,0,216,250,251.25,0.0,0.0,0.0,0.0,unknown
1763110699.3192844,1763110541.4969757,0.041,0,1,0,0,216,250,251.10000000000002,0.0,0.0,0.0,0.0,unknown
1763110699.3365486,1763110541.4969757,0.041,0,0,0,0,216,250,251.2,0.0,0.0,0.0,0.0,unknown
1763110699.3520505,1763110541.4969757,0.041,0,1,0,0,216,250,251.25,0.0,0.0,0.0,0.0,unknown
1763110699.364333,1763110541.4969757,0.042,0,1,0,0,216,250,251.20000000000002,0.0,0.0,0.0,0.0,unknown
1763110699.3867636,1763110541.4969757,0.041,0,0,1,0,216,250,251.15,0.0,0.0,0.0,0.0,unknown
1763110699.4022288,1763110541.4969757,0.042,0,1,0,0,216,250,251.04999999999998,0.0,0.0,0.0,0.0,unknown
1763110699.4180458,1763110541.4969757,0.043000000000000003,0,0,1,0,216,250,250.85,0.0,0.0,0.0,0.0,unknown
1763110699.4283843,1763110541.4969757,0.042,0,0,0,0,216,250,250.70000000000002,0.0,0.0,0.0,0.0,unknown
1763110699.4490383,1763110541.4969757,0.042,0,0,1,0,216,250,250.55,0.0,0.0,0.0,0.0,unknown
1763110699.4655056,1763110541.4969757,0.044000000000000004,0,1,1,0,216,250,250.39999999999998,0.0,0.0,0.0,0.0,unknown
1763110699.4952266,1763110541.4969757,0.044000000000000004,0,1,0,0,216,250,250.45,0.0,0.0,0.0,0.0,unknown
1763110699.5125124,1763110541.4969757,0.045000000000000005,0,0,1,0,216,250,250.25,0.0,0.0,0.0,0.0,unknown
1763110699.5452244,1763110541.4969757,0.045000000000000005,0,0,1,0,216,250,250.15,0.0,0.0,0.0,0.0,unknown
1763110699.5603082,1763110541.4969757,0.045000000000000005,0,0,1,0,216,250,250.05,0.0,0.0,0.0,0.0,unknown
1763110699.5876315,1763110541.4969757,0.044000000000000004,0,1,1,0,216,250,249.85000000000002,0.0,0.0,0.0,0.0,unknown
1763110699.6076357,1763110541.4969757,0.043000000000000003,0,0,0,0,216,250,249.6,0.0,0.0,0.0,0.0,unknown
1763110699.617948,1763110541.4969757,0.043000000000000003,0,0,1,0,216,250,249.39999999999998,0.0,0.0,0.0,0.0,unknown
1763110699.6483042,1763110541.4969757,0.042,0,0,0,0,216,250,249.39999999999998,0.0,0.0,0.0,0.0,unknown
1763110699.6609018,1763110541.4969757,0.04,0,0,0,0,216,250,249.35,0.0,0.0,0.0,0.0,unknown
1763110699.6712666,1763110541.4969757,0.038,0,0,0,0,216,250,249.3,0.0,0.0,0.0,0.0,unknown
1763110699.6962032,1763110541.4969757,0.037000000000000005,0,0,0,0,216,250,249.05,0.0,0.0,0.0,0.0,unknown
1763110699.7128208,1763110541.4969757,0.036000000000000004,0,0,0,0,216,250,248.9,0.0,0.0,0.0,0.0,unknown
1763110699.728353,1763110541.4969757,0.036000000000000004,0,1,0,0,216,250,248.75,0.0,0.0,0.0,0.0,unknown
1763110699.7510772,1763110541.4969757,0.034,0,0,0,0,216,250,248.6,0.0,0.0,0.0,0.0,unknown
1763110699.7662127,1763110541.4969757,0.035,0,0,1,0,216,250,248.4,0.0,0.0,0.0,0.0,unknown
1763110699.782364,1763110541.4969757,0.034,0,0,0,0,216,250,248.4,0.0,0.0,0.0,0.0,unknown
1763110699.8023036,1763110541.4969757,0.033,0,0,0,0,216,250,248.39999999999998,0.0,0.0,0.0,0.0,unknown
1763110699.8206716,1763110541.4969757,0.033,0,1,0,0,216,250,248.85,0.0,0.0,0.0,0.0,unknown
1763110699.8471754,1763110541.4969757,0.033,0,1,0,0,216,250,249.5,0.0,0.0,0.0,0.0,unknown
1763110699.8623092,1763110541.4969757,0.034,0,1,0,0,216,250,250.15,0.0,0.0,0.0,0.0,unknown
1763110699.8815415,1763110541.4969757,0.033,0,0,0,0,216,250,250.75,0.0,0.0,0.0,0.0,unknown
1763110699.8991046,1763110541.4969757,0.032,0,0,0,0,216,250,251.45,0.0,0.0,0.0,0.0,unknown
1763110699.9180384,1763110541.4969757,0.032,0,0,0,0,216,250,252.25,0.0,0.0,0.0,0.0,unknown
1763110699.933672,1763110541.4969757,0.032,0,0,0,0,216,250,252.9,0.0,0.0,0.0,0.0,unknown
1763110699.9468122,1763110541.4969757,0.032,0,1,0,0,216,250,253.55,0.0,0.0,0.0,0.0,unknown
1763110699.9619584,1763110541.4969757,0.031000000000000003,0,0,0,0,216,250,254.2,0.0,0.0,0.0,0.0,unknown
1763110699.9770968,1763110541.4969757,0.029,0,0,0,0,216,250,254.85,0.0,0.0,0.0,0.0,unknown
1763110699.999649,1763110541.4969757,0.029,0,1,0,0,216,250,255.5,0.0,0.0,0.0,0.0,unknown
1763110700.01717,1763110541.4969757,0.029,0,0,0,0,216,250,256.0,0.0,0.0,0.0,0.0,unknown
1763110700.037724,1763110541.4969757,0.030000000000000002,0,2,0,0,216,250,256.5,0.0,0.0,0.0,0.0,unknown
1763110700.0578957,1763110541.4969757,0.030000000000000002,0,1,0,0,216,250,257.0,0.0,0.0,0.0,0.0,unknown
1763110700.0698478,1763110541.4969757,0.030000000000000002,0,0,0,0,216,250,257.5,0.0,0.0,0.0,0.0,unknown
1763110700.0920532,1763110541.4969757,0.031000000000000003,0,1,0,0,216,250,257.9,0.0,0.0,0.0,0.0,unknown
1763110700.10795,1763110541.4969757,0.031000000000000003,0,0,0,0,216,250,258.15,0.0,0.0,0.0,0.0,unknown
1763110700.1284122,1763110541.4969757,0.031000000000000003,0,0,0,0,216,250,258.25,0.0,0.0,0.0,0.0,unknown
1763110700.1537938,1763110541.4969757,0.031000000000000003,0,0,0,0,216,250,258.25,0.0,0.0,0.0,0.0,unknown
1763110700.175809,1763110541.4969757,0.030000000000000002,0,0,0,0,216,250,258.25,0.0,0.0,0.0,0.0,unknown
1763110700.208802,1763110541.4969757,0.028,0,0,0,0,216,250,258.3,0.0,0.0,0.0,0.0,unknown
1763110700.2211869,1763110541.4969757,0.027000000000000003,0,0,0,0,216,250,258.4,0.0,0.0,0.0,0.0,unknown
1763110700.233003,1763110541.4969757,0.027000000000000003,0,0,0,0,216,250,258.6,0.0,0.0,0.0,0.0,unknown
1763110700.2435799,1763110541.4969757,0.027000000000000003,0,1,0,0,216,250,258.85,0.0,0.0,0.0,0.0,unknown
1763110700.2597265,1763110541.4969757,0.028,0,1,0,0,216,250,259.0,0.0,0.0,0.0,0.0,unknown
1763110700.2733629,1763110541.4969757,0.029,0,1,1,0,216,250,259.15,0.0,0.0,0.0,0.0,unknown
1763110700.300617,1763110541.4969757,0.028,0,0,0,0,216,250,259.29999999999995,0.0,0.0,0.0,0.0,unknown
1763110700.316891,1763110541.4969757,0.027000000000000003,0,0,0,0,216,250,259.5,0.0,0.0,0.0,0.0,unknown
1763110700.3424037,0,0.026000000000000002,0.5,0,0,1,216,250,259.5,None,None,None,0.0,unknown
1763110700.503248,0,0.025,0.5,0,0,1,216,249.9,259.54999999999995,None,None,None,0.0,unknown
1763110700.822168,0,0.025,0.5,0,0,1,216,249.8,259.65,None,None,None,0.0,unknown
1763110701.001581,0,0.024,0.5,0,0,1,216,249.70000000000002,259.75,None,None,None,0.0,unknown
1763110701.1235595,0,0.022000000000000002,0.5,0,0,1,216,249.60000000000002,259.9,None,None,None,0.0,unknown
1763110701.3306627,0,0.021,0.5,0,0,1,216,249.50000000000003,260.0,None,None,None,0.0,unknown
1763110701.559426,0,0.02,0.5,0,0,1,216,249.40000000000003,260.1,None,None,None,0.0,unknown
1763110701.670642,0,0.02,0.5,1,0,1,216,249.30000000000004,260.3,None,None,None,0.0,unknown
1763110701.7045324,0,0.019,0.5,0,0,1,216.13,249.20000000000005,260.45,None,None,None,0.0,unknown
1763110701.8511715,0,0.019,0.5,1,1,1,216.33,249.10000000000005,260.5,None,None,None,0.0,unknown
1763110701.95469,0,0.02,0.5,1,0,1,216.53,249.00000000000006,260.55,None,None,None,0.0,unknown
1763110701.9971473,0,0.02,0.5,1,0,1,216.73,248.90000000000006,260.65,None,None,None,0.0,unknown
1763110702.1931891,0,0.021,0.5,1,0,1,216.93,248.80000000000007,260.75,None,None,None,0.0,unknown
1763110702.4375002,0,0.024,0.5,2,1,1,217.13,248.70000000000007,260.9,None,None,None,0.0,unknown
1763110702.657503,0,0.025,0.5,1,0,1,217.33,248.60000000000008,261.1,None,None,None,0.0,unknown
1763110702.705403,0,0.026000000000000002,0.5,1,0,1,217.53,248.50000000000009,261.15,None,None,None,0.0,unknown
1763110702.7765167,0,0.027,0.5,1,0,1,217.71,248.4000000000001,261.25,None,None,None,0.0,unknown
1763110703.027453,0,0.026000000000000002,0.5,0,0,1,217.8,248.3000000000001,261.2,None,None,None,0.0,unknown
1763110703.231052,0,0.027,0.5,1,0,1,217.89,248.2000000000001,261.29999999999995,None,None,None,0.0,unknown
1763110703.3453922,0,0.028,0.5,1,1,1,217.98,248.1000000000001,261.45,None,None,None,0.0,unknown
1763110703.5331159,0,0.028,0.5,0,0,1,218.07,248.0000000000001,261.65,None,None,None,0.0,unknown
1763110703.6889496,0,0.029,0.5,1,0,1,218.16,247.90000000000012,261.7,None,None,None,0.0,unknown
1763110703.8013616,0,0.028,0.5,0,0,1,218.25,247.80000000000013,261.8,None,None,None,0.0,unknown
1763110703.9654899,0,0.029,0.5,0,2,1,218.34,247.70000000000013,261.85,None,None,None,0.0,unknown
1763110704.3060348,0,0.029,0.5,0,1,1,218.43,247.60000000000014,261.9,None,None,None,0.0,unknown
1763110704.479119,0,0.030000000000000002,0.5,0,1,1,218.49,247.50000000000014,262.05,None,None,None,0.0,unknown
1763110704.6143854,0,0.031,0.5,1,0,1,218.58,247.40000000000015,262.15,None,None,None,0.0,unknown
1763110704.7711937,0,0.032,0.5,1,0,1,218.67,247.30000000000015,262.25,None,None,None,0.0,unknown
1763110704.911787,0,0.033,0.5,1,0,1,218.99,247.20000000000016,262.35,None,None,None,0.0,unknown
1763110704.945544,0,0.033,0.5,1,0,1,219.33,247.10000000000016,262.4,None,None,None,0.0,unknown
1763110705.1234891,0,0.034,0.5,1,0,1,219.67,247.00000000000017,262.4,None,None,None,0.0,unknown
1763110705.1887345,0,0.035,0.5,1,0,1,219.99,246.90000000000018,262.5,None,None,None,0.0,unknown
1763110705.3921592,0,0.036000000000000004,0.5,2,0,1,220.31,246.80000000000018,262.7,0.0,0.0,0.0,0.0,unknown
1763110705.4404464,0,0.038,0.5,2,0,1,220.65,246.7000000000002,262.8,0.0,0.0,0.0,0.0,unknown
1763110705.5724094,0,0.038,0.5,2,0,1,220.97,246.6000000000002,262.9,0.0,0.0,0.0,0.0,unknown
1763110705.7389157,0,0.038,0.5,1,0,1,221.29,246.5000000000002,263.05,0.0,0.0,0.0,0.0,unknown
1763110705.8510916,0,0.04,0.5,1,1,1,221.61,246.4000000000002,263.2,0.0,0.0,0.0,0.0,unknown
1763110705.9481022,0,0.039,0.5,0,0,1,221.7,246.3000000000002,263.2,0.0,0.0,0.0,0.0,unknown
1763110705.9693644,0,0.04,0.5,1,0,1,221.79,246.20000000000022,263.25,0.0,0.0,0.0,0.0,unknown
1763110706.0873125,0,0.042,0.5,2,0,1,221.88,246.10000000000022,263.3,0.0,0.0,0.0,0.0,unknown
1763110706.1224964,0,0.042,0.5,0,0,1,221.97,246.00000000000023,263.5,0.0,0.0,0.0,0.0,unknown
1763110706.2134347,0,0.043000000000000003,0.5,1,0,1,222.06,245.90000000000023,263.55,0.0,0.0,0.0,0.0,unknown
1763110706.2780871,0,0.045000000000000005,0.5,2,0,1,222.15,245.80000000000024,263.70000000000005,0.0,0.0,0.0,0.0,unknown
1763110706.3829796,0,0.045000000000000005,0.5,0,0,1,222.24,245.70000000000024,263.85,0.0,0.0,0.0,0.0,unknown
1763110706.675168,0,0.045000000000000005,0.5,0,0,1,222.33,245.60000000000025,263.9,0.0,0.0,0.0,0.0,unknown
1763110706.7301638,0,0.046,0.5,1,1,1,222.42,245.50000000000026,264.0,0.0,0.0,0.0,0.0,unknown
1763110706.7889483,0,0.046,0.5,1,0,1,222.55,245.40000000000026,263.95,0.0,0.0,0.0,0.0,unknown
1763110706.846267,0,0.046,0.5,1,1,1,222.64,245.30000000000027,264.0,0.0,0.0,0.0,0.0,unknown
1763110706.871745,0,0.047,0.5,1,0,1,222.73,245.20000000000027,264.15,0.0,0.0,0.0,0.0,unknown
1763110706.9651253,0,0.048,0.5,1,0,1,222.91,245.10000000000028,264.3,0.0,0.0,0.0,0.0,unknown
1763110707.11572,0,0.049,0.5,1,0,1,223.23,245.00000000000028,264.5,0.0,0.0,0.0,0.0,unknown
1763110707.1897001,0,0.05,0.5,1,0,1,223.55,244.9000000000003,264.75,0.0,0.0,0.0,0.0,unknown
1763110707.2775133,0,0.052000000000000005,0.5,2,0,1,223.87,244.8000000000003,264.95000000000005,0.0,0.0,0.0,0.0,unknown
1763110707.340286,0,0.053000000000000005,0.5,1,0,1,224.19,244.7000000000003,265.25,0.0,0.0,0.0,0.0,unknown
1763110707.3796444,0,0.054,0.5,1,0,1,224.51,244.6000000000003,265.4,0.0,0.0,0.0,0.0,unknown
1763110707.4983819,0,0.056,0.5,2,0,1,224.83,244.5000000000003,265.5,0.0,0.0,0.0,0.0,unknown
1763110707.584113,0,0.056,0.5,0,0,1,225.15,244.40000000000032,265.6,0.0,0.0,0.0,0.0,unknown
1763110707.59575,0,0.057,0.5,2,0,1,225.47,244.30000000000032,265.65,0.0,0.0,0.0,0.0,unknown
1763110707.7324264,0,0.059000000000000004,0.5,2,0,1,225.56,244.20000000000033,265.8,0.0,0.0,0.0,0.0,unknown
1763110707.8260818,0,0.058,0.5,1,0,1,225.65,244.10000000000034,265.9,0.0,0.0,0.0,0.0,unknown
1763110707.8922975,0,0.057,0.5,0,0,1,225.74,244.00000000000034,266.1,0.0,0.0,0.0,0.0,unknown
1763110707.9044871,0,0.056,0.5,0,0,1,225.87,243.90000000000035,266.2,0.0,0.0,0.0,0.0,unknown
1763110707.9768248,0,0.056,0.5,1,0,1,225.96,243.80000000000035,266.3,0.0,0.0,0.0,0.0,unknown
1763110708.052621,0,0.054000000000000006,0.5,0,1,1,226.05,243.70000000000036,266.3,0.0,0.0,0.0,0.0,unknown
1763110708.1024728,0,0.054000000000000006,0.5,1,0,1,226.14,243.60000000000036,266.4,0.0,0.0,0.0,0.0,unknown
1763110708.2680738,0,0.053000000000000005,0.5,0,0,1,226.23,243.50000000000037,266.5,0.0,0.0,0.0,0.0,unknown
1763110708.315608,0,0.054000000000000006,0.5,2,0,1,226.32,243.40000000000038,266.55,0.0,0.0,0.0,0.0,unknown
1763110708.366402,0,0.054000000000000006,0.5,0,0,1,226.41,243.30000000000038,266.6,0.0,0.0,0.0,0.0,unknown
1763110708.4814143,0,0.054000000000000006,0.5,1,0,1,226.54,243.2000000000004,266.65,0.0,0.0,0.0,0.0,unknown
1763110708.5030434,0,0.054000000000000006,0.5,2,0,1,226.63,243.1000000000004,266.8,0.0,0.0,0.0,0.0,unknown
1763110708.5362954,0,0.055,0.5,1,0,1,226.9,243.0000000000004,267.0,0.0,0.0,0.0,0.0,unknown
1763110708.59688,0,0.055,0.5,1,0,1,227.17,242.9000000000004,267.15,0.0,0.0,0.0,0.0,unknown
1763110708.8734722,0,0.057,0.5,1,1,1,227.49,242.8000000000004,267.35,0.0,0.0,0.0,0.0,unknown
1763110708.8843484,0,0.058,0.5,2,1,1,227.81,242.70000000000041,267.5,0.0,0.0,0.0,0.0,unknown
1763110708.9368262,0,0.059000000000000004,0.5,2,0,1,228.13,242.60000000000042,267.6,0.0,0.0,0.0,0.0,unknown
1763110708.9655728,0,0.059000000000000004,0.5,1,0,1,228.45,242.50000000000043,267.7,0.0,0.0,0.0,0.0,unknown
1763110709.0302238,0,0.059000000000000004,0.5,1,0,1,228.77,242.40000000000043,267.7,0.0,0.0,0.0,0.0,unknown
1763110709.077314,0,0.061000000000000006,0.5,2,1,1,229.09,242.30000000000044,267.7,0.0,0.0,0.0,0.0,unknown
1763110709.1314723,0,0.062,0.5,1,1,1,229.36,242.20000000000044,267.9,0.0,0.0,0.0,0.0,unknown
1763110709.23086,0,0.061000000000000006,0.5,0,0,1,229.45,242.10000000000045,267.95,0.0,0.0,0.0,0.0,unknown
1763110709.367593,0,0.060000000000000005,0.5,0,0,1,229.54,242.00000000000045,267.9,0.0,0.0,0.0,0.0,unknown
1763110709.407477,0,0.061000000000000006,0.5,1,1,1,229.63,241.90000000000046,268.0,0.0,0.0,0.0,0.0,unknown
1763110709.4322126,0,0.059000000000000004,0.5,0,0,1,229.72,241.80000000000047,268.0,0.0,0.0,0.0,0.0,unknown
1763110709.5065608,0,0.057,0.5,0,0,1,229.81,241.70000000000047,268.1,0.0,0.0,0.0,0.0,unknown
1763110709.595634,0,0.056,0.5,1,0,1,229.92,241.60000000000048,268.1,0.0,0.0,0.0,0.0,unknown
1763110709.6412153,0,0.056,0.5,1,0,1,230.01,241.50000000000048,268.04999999999995,0.0,0.0,0.0,0.0,unknown
1763110709.7539675,0,0.056,0.5,1,1,1,230.1,241.4000000000005,268.1,0.0,0.0,0.0,0.0,unknown
1763110709.8259356,0,0.057,0.5,1,0,1,230.19,241.3000000000005,268.15,0.0,0.0,0.0,0.0,unknown
1763110709.8895118,0,0.058,0.5,2,0,1,230.37,241.2000000000005,268.15,0.0,0.0,0.0,0.0,unknown
1763110709.9317062,0,0.058,0.5,2,0,1,230.46,241.1000000000005,268.1,0.0,0.0,0.0,0.0,unknown
1763110709.9817564,0,0.059000000000000004,0.5,1,0,1,230.78,241.0000000000005,268.25,0.0,0.0,0.0,0.0,unknown
1763110710.0223732,0,0.060000000000000005,0.5,2,0,1,231.1,240.90000000000052,268.35,0.0,0.0,0.0,0.0,unknown
1763110710.2262943,0,0.059000000000000004,0.5,1,0,1,231.42,240.80000000000052,268.6,0.0,0.0,0.0,0.0,unknown
1763110710.3654335,0,0.062,0.5,2,1,1,231.74,240.70000000000053,268.75,0.0,0.0,0.0,0.0,unknown
1763110710.3877428,0,0.063,0.5,0,1,1,232.06,240.60000000000053,268.9,0.0,0.0,0.0,0.0,unknown
1763110710.43535,0,0.063,0.5,1,1,1,232.38,240.50000000000054,269.05,0.0,0.0,0.0,0.0,unknown
1763110710.4576645,0,0.062,0.5,0,0,1,232.7,240.40000000000055,269.15,0.0,0.0,0.0,0.0,unknown
1763110710.5651865,0,0.060000000000000005,0.5,0,0,1,232.79,240.30000000000055,269.20000000000005,0.0,0.0,0.0,0.0,unknown
1763110710.7172823,0,0.059000000000000004,0.5,0,0,1,232.88,240.20000000000056,269.2,0.0,0.0,0.0,0.0,unknown
1763110710.8184369,0,0.059000000000000004,0.5,1,0,1,232.97,240.10000000000056,269.25,0.0,0.0,0.0,0.0,unknown
1763110710.9310758,0,0.058,0.5,0,0,1,233.06,240.00000000000057,269.5,0.0,0.0,0.0,0.0,unknown
1763110710.9665926,0,0.059000000000000004,0.5,2,0,1,233.15,239.90000000000057,269.65,0.0,0.0,0.0,0.0,unknown
1763110711.2372785,0,0.058,0.5,1,0,1,233.24,239.80000000000058,269.6,0.0,0.0,0.0,0.0,unknown
1763110711.3589256,0,0.058,0.5,1,0,1,233.3,239.70000000000059,269.75,0.0,0.0,0.0,0.0,unknown
1763110711.5039313,0,0.057,0.5,0,0,1,233.41,239.6000000000006,269.85,0.0,0.0,0.0,0.0,unknown
1763110711.7707624,0,0.057,0.5,2,0,1,233.5,239.5000000000006,270.05,0.0,0.0,0.0,0.0,unknown
1763110711.9397118,0,0.057,0.5,0,0,1,233.61,239.4000000000006,270.20000000000005,0.0,0.0,0.0,0.0,unknown
1763110711.9751482,0,0.056,0.5,1,0,1,233.7,239.3000000000006,270.25,0.0,0.0,0.0,0.0,unknown
1763110712.0554223,0,0.055,0.5,0,1,1,233.66,239.2000000000006,270.25,0.0,0.0,0.0,0.0,unknown
1763110712.0912225,0,0.056,0.5,1,1,1,233.55,239.10000000000062,270.4,0.0,0.0,0.0,0.0,unknown
1763110712.1722999,0,0.056,0.5,0,0,1,233.44,239.00000000000063,270.4,0.0,0.0,0.0,0.0,unknown
1763110712.2656415,0,0.056,0.5,0,0,1,233.33,238.90000000000063,270.5,0.0,0.0,0.0,0.0,unknown
1763110712.3281176,0,0.057,0.5,2,0,1,233.22,238.80000000000064,270.6,0.0,0.0,0.0,0.0,unknown
1763110712.3391016,0,0.057,0.5,1,0,1,233.11,238.70000000000064,270.7,0.0,0.0,0.0,0.0,unknown
1763110712.4273646,0,0.058,0.5,2,0,1,233,238.60000000000065,270.75,0.0,0.0,0.0,0.0,unknown
1763110712.4930615,0,0.058,0.5,0,0,1,232.89,238.50000000000065,270.85,0.0,0.0,0.0,0.0,unknown
1763110712.577413,0,0.057,0.5,0,1,1,232.84,238.40000000000066,270.95,0.0,0.0,0.0,0.0,unknown
1763110712.7999623,0,0.058,0.5,1,0,1,232.84,238.30000000000067,271.15,0.0,0.0,0.0,0.0,unknown
1763110712.8185165,0,0.058,0.5,1,0,1,232.84,238.20000000000067,271.15,0.0,0.0,0.0,0.0,unknown
1763110712.8451838,0,0.057,0.5,1,0,1,232.84,238.10000000000068,271.20000000000005,0.0,0.0,0.0,0.0,unknown
1763110712.8710785,0,0.060000000000000005,0.5,2,2,1,232.84,238.00000000000068,271.20000000000005,0.0,0.0,0.0,0.0,unknown
1763110712.9609287,0,0.060000000000000005,0.5,1,0,1,232.84,237.9000000000007,271.3,0.0,0.0,0.0,0.0,unknown
1763110712.9732852,0,0.059000000000000004,0.5,1,0,1,232.84,237.8000000000007,271.35,0.0,0.0,0.0,0.0,unknown
1763110713.2000785,0,0.058,0.5,2,0,1,232.86,237.7000000000007,271.54999999999995,0.0,0.0,0.0,0.0,unknown
1763110713.2606971,0,0.058,0.5,2,0,1,232.86,237.6000000000007,271.7,0.0,0.0,0.0,0.0,unknown
1763110713.3625953,0,0.058,0.5,1,0,1,232.89,237.5000000000007,271.75,0.0,0.0,0.0,0.0,unknown
1763110713.4700959,0,0.059000000000000004,0.5,2,0,1,232.89,237.40000000000072,272.0,0.0,0.0,0.0,0.0,unknown
1763110713.642742,0,0.058,0.5,2,0,1,232.89,237.30000000000072,272.1,0.0,0.0,0.0,0.0,unknown
1763110713.7041109,0,0.056,0.5,0,0,1,232.66,237.20000000000073,272.3,0.0,0.0,0.0,0.0,unknown
1763110713.8593254,0,0.057,0.5,1,0,1,232.41,237.10000000000073,272.45000000000005,0.0,0.0,0.0,0.0,unknown
1763110713.9481397,0,0.058,0.5,1,0,1,232.16,237.00000000000074,272.6,0.0,0.0,0.0,0.0,unknown
1763110714.109473,0,0.057,0.5,1,0,1,231.93,236.90000000000074,272.55,0.0,0.0,0.0,0.0,unknown
1763110714.1335278,0,0.059000000000000004,0.5,2,0,1,231.7,236.80000000000075,272.5,0.0,0.0,0.0,0.0,unknown
1763110714.204095,0,0.060000000000000005,0.5,1,0,1,231.45,236.70000000000076,272.55,0.0,0.0,0.0,0.0,unknown
1763110714.2866547,0,0.061000000000000006,0.5,1,1,1,231.22,236.60000000000076,272.6,0.0,0.0,0.0,0.0,unknown
1763110714.317666,0,0.062000000000000006,0.5,1,1,1,230.99,236.50000000000077,272.65,0.0,0.0,0.0,0.0,unknown
1763110714.3839743,0,0.061000000000000006,0.5,1,0,1,230.76,236.40000000000077,272.65,0.0,0.0,0.0,0.0,unknown
1763110714.4034722,0,0.061000000000000006,0.5,1,0,1,230.76,236.30000000000078,272.65,0.0,0.0,0.0,0.0,unknown
1763110714.5410192,0,0.060000000000000005,0.5,1,0,1,230.76,236.20000000000078,272.7,0.0,0.0,0.0,0.0,unknown
1763110714.5691264,0,0.058,0.5,0,0,1,230.76,236.1000000000008,272.75,0.0,0.0,0.0,0.0,unknown
1763110714.6087081,0,0.058,0.5,1,0,1,230.76,236.0000000000008,272.70000000000005,0.0,0.0,0.0,0.0,unknown
1763110714.7339072,0,0.057,0.5,1,0,1,230.76,235.9000000000008,272.8,0.0,0.0,0.0,0.0,unknown
1763110714.769556,0,0.056,0.5,0,0,1,230.76,235.8000000000008,272.85,0.0,0.0,0.0,0.0,unknown
1763110714.8381357,0,0.053000000000000005,0.5,0,0,1,230.76,235.7000000000008,273.0,0.0,0.0,0.0,0.0,unknown
1763110714.871568,0,0.053000000000000005,0.5,1,0,1,230.78,235.60000000000082,273.1,0.0,0.0,0.0,0.0,unknown
1763110714.9987977,0,0.054,0.5,2,1,1,230.78,235.50000000000082,273.1,0.0,0.0,0.0,0.0,unknown
1763110715.0202327,0,0.056,0.5,2,0,1,230.74,235.40000000000083,273.1,0.0,0.0,0.0,0.0,unknown
1763110715.1162002,0,0.059000000000000004,0.5,2,1,1,230.78,235.30000000000084,273.20000000000005,0.0,0.0,0.0,0.0,unknown
1763110715.149245,0,0.060000000000000005,0.5,1,0,1,230.78,235.20000000000084,273.15,0.0,0.0,0.0,0.0,unknown
1763110715.209285,0,0.059000000000000004,0.5,0,0,1,230.69,235.10000000000085,273.1,0.0,0.0,0.0,0.0,unknown
1763110715.2821577,0,0.060000000000000005,0.5,1,0,1,230.46,235.00000000000085,273.0,0.0,0.0,0.0,0.0,unknown
1763110715.3044016,0,0.059000000000000004,0.5,1,0,1,230.23,234.90000000000086,273.0,0.0,0.0,0.0,0.0,unknown
1763110715.4803615,0,0.059000000000000004,0.5,1,0,1,230,234.80000000000086,273.05,0.0,0.0,0.0,0.0,unknown
1763110715.5488834,0,0.059000000000000004,0.5,1,0,1,229.77,234.70000000000087,272.85,0.0,0.0,0.0,0.0,unknown
1763110715.6084168,0,0.061000000000000006,0.5,2,0,1,229.54,234.60000000000088,272.79999999999995,0.0,0.0,0.0,0.0,unknown
1763110715.7041814,0,0.060000000000000005,0.5,1,0,1,229.35,234.50000000000088,272.75,0.0,0.0,0.0,0.0,unknown
1763110715.8142228,0,0.060000000000000005,0.5,0,0,1,229.12,234.4000000000009,272.75,0.0,0.0,0.0,0.0,unknown
1763110715.8356571,0,0.061000000000000006,0.5,2,0,1,228.89,234.3000000000009,272.75,0.0,0.0,0.0,0.0,unknown
1763110715.9193573,0,0.061000000000000006,0.5,1,0,1,228.89,234.2000000000009,272.75,0.0,0.0,0.0,0.0,unknown
1763110716.1036904,0,0.059000000000000004,0.5,0,0,1,228.89,234.1000000000009,272.95,0.0,0.0,0.0,0.0,unknown
1763110716.1628609,0,0.061000000000000006,0.5,2,0,1,228.89,234.0000000000009,272.95,0.0,0.0,0.0,0.0,unknown
1763110716.2106757,0,0.062,0.5,1,0,1,228.85,233.90000000000092,273.0,0.0,0.0,0.0,0.0,unknown
1763110716.2335813,0,0.060000000000000005,0.5,0,0,1,228.82,233.80000000000092,272.9,0.0,0.0,0.0,0.0,unknown
1763110716.316106,0,0.060000000000000005,0.5,1,0,1,228.82,233.70000000000093,273.0,0.0,0.0,0.0,0.0,unknown
1763110716.358298,0,0.058,0.5,0,0,1,228.82,233.60000000000093,273.0,0.0,0.0,0.0,0.0,unknown
1763110716.3793604,0,0.060000000000000005,0.5,1,1,1,228.82,233.50000000000094,273.05,0.0,0.0,0.0,0.0,unknown
1763110716.4659815,0,0.060000000000000005,0.5,1,0,1,228.82,233.40000000000094,273.1,0.0,0.0,0.0,0.0,unknown
1763110716.643811,0,0.061000000000000006,0.5,1,1,1,228.82,233.30000000000095,273.2,0.0,0.0,0.0,0.0,unknown
1763110716.708915,0,0.060000000000000005,0.5,0,0,1,228.78,233.20000000000095,273.25,0.0,0.0,0.0,0.0,unknown
1763110716.7649722,0,0.059000000000000004,0.5,0,0,1,228.78,233.10000000000096,273.35,0.0,0.0,0.0,0.0,unknown
1763110716.8527179,0,0.055,0.5,0,0,1,228.6,233.00000000000097,273.25,0.0,0.0,0.0,0.0,unknown
1763110716.920115,0,0.055,0.5,1,0,1,228.42,232.90000000000097,273.3,0.0,0.0,0.0,0.0,unknown
1763110716.9764256,0,0.055,0.5,1,0,1,228.16,232.80000000000098,273.3,0.0,0.0,0.0,0.0,unknown
1763110717.0307012,0,0.054,0.5,1,0,1,227.93,232.70000000000098,273.2,0.0,0.0,0.0,0.0,unknown
1763110717.0853355,0,0.052000000000000005,0.5,0,0,1,227.7,232.600000000001,273.15,0.0,0.0,0.0,0.0,unknown
1763110717.1108804,0,0.052000000000000005,0.5,1,0,1,227.47,232.500000000001,273.1,0.0,0.0,0.0,0.0,unknown
1763110717.1365712,0,0.051000000000000004,0.5,1,0,1,227.24,232.400000000001,273.15,0.0,0.0,0.0,0.0,unknown
1763110717.2987034,0,0.05,0.5,1,0,1,227.01,232.300000000001,273.15,0.0,0.0,0.0,0.0,unknown
1763110717.353495,0,0.05,0.5,0,0,1,226.83,232.200000000001,273.15,0.0,0.0,0.0,0.0,unknown
1763110717.4142876,0,0.049,0.5,0,0,1,226.83,232.10000000000102,273.25,0.0,0.0,0.0,0.0,unknown
1763110717.4266353,0,0.048,0.5,0,0,1,226.83,232.00000000000102,273.35,0.0,0.0,0.0,0.0,unknown
1763110717.4494758,0,0.047,0.5,0,0,1,226.87,231.90000000000103,273.25,0.0,0.0,0.0,0.0,unknown
1763110717.5709019,0,0.045000000000000005,0.5,0,0,1,226.87,231.80000000000103,273.25,0.0,0.0,0.0,0.0,unknown
1763110717.6389558,0,0.045000000000000005,0.5,1,0,1,226.87,231.70000000000104,273.3,0.0,0.0,0.0,0.0,unknown
1763110717.6542246,0,0.043000000000000003,0.5,0,0,1,226.85,231.60000000000105,273.4,0.0,0.0,0.0,0.0,unknown
1763110717.7516923,0,0.041,0.5,0,0,1,226.85,231.50000000000105,273.45,0.0,0.0,0.0,0.0,unknown
1763110717.794652,0,0.04,0.5,0,0,1,226.85,231.40000000000106,273.45,0.0,0.0,0.0,0.0,unknown
1763110717.8047245,0,0.04,0.5,1,0,1,226.85,231.30000000000106,273.5,0.0,0.0,0.0,0.0,unknown
1763110717.856315,0,0.039,0.5,0,0,1,226.85,231.20000000000107,273.55,0.0,0.0,0.0,0.0,unknown
1763110717.8832173,0,0.039,0.5,0,0,1,226.85,231.10000000000107,273.6,0.0,0.0,0.0,0.0,unknown
1763110717.893519,0,0.038,0.5,0,0,1,226.62,231.00000000000108,273.5,0.0,0.0,0.0,0.0,unknown
1763110717.9964278,0,0.037,0.5,0,0,1,226.39,230.90000000000109,273.55,0.0,0.0,0.0,0.0,unknown
1763110718.1186042,0,0.037,0.5,0,0,1,226.16,230.8000000000011,273.45000000000005,0.0,0.0,0.0,0.0,unknown
1763110718.2728515,0,0.038,0.5,1,0,1,225.93,230.7000000000011,273.35,0.0,0.0,0.0,0.0,unknown
1763110718.3156455,0,0.039,0.5,1,1,1,225.7,230.6000000000011,273.3,0.0,0.0,0.0,0.0,unknown
1763110718.3384957,0,0.036000000000000004,0.5,0,0,1,225.49,230.5000000000011,273.15,0.0,0.0,0.0,0.0,unknown
1763110718.4337876,0,0.035,0.5,1,0,1,225.26,230.4000000000011,273.15,0.0,0.0,0.0,0.0,unknown
1763110718.4963,0,0.033,0.5,1,0,1,225.26,230.30000000000112,273.15,0.0,0.0,0.0,0.0,unknown
1763110718.5814693,0,0.033,0.5,1,0,1,225.26,230.20000000000113,273.25,0.0,0.0,0.0,0.0,unknown
1763110718.6082296,0,0.035,0.5,1,1,1,225.26,230.10000000000113,273.2,0.0,0.0,0.0,0.0,unknown
1763110718.6801057,0,0.035,0.5,1,0,1,225.28,230.00000000000114,273.05,0.0,0.0,0.0,0.0,unknown
1763110718.7672718,0,0.035,0.5,0,1,1,225.28,229.90000000000114,273.0,0.0,0.0,0.0,0.0,unknown
1763110718.8235586,0,0.034,0.5,0,0,1,225.28,229.80000000000115,273.05,0.0,0.0,0.0,0.0,unknown
1763110718.8552768,0,0.033,0.5,0,0,1,225.31,229.70000000000115,273.05,0.0,0.0,0.0,0.0,unknown
1763110719.0604756,0,0.033,0.5,2,0,1,225.29,229.60000000000116,273.05,0.0,0.0,0.0,0.0,unknown
1763110719.1331758,0,0.034,0.5,2,0,1,225.29,229.50000000000117,273.05,0.0,0.0,0.0,0.0,unknown
1763110719.1857395,0,0.035,0.5,1,0,1,225.27,229.40000000000117,273.05,0.0,0.0,0.0,0.0,unknown
1763110719.1981242,0,0.034,0.5,1,0,1,225.27,229.30000000000118,273.1,0.0,0.0,0.0,0.0,unknown
1763110719.2215621,0,0.034,0.5,1,0,1,225.27,229.20000000000118,273.25,0.0,0.0,0.0,0.0,unknown
1763110719.409844,0,0.035,0.5,1,0,1,225.18,229.1000000000012,273.0,0.0,0.0,0.0,0.0,unknown
1763110719.4775848,0,0.033,0.5,0,0,1,225.09,229.0000000000012,272.9,0.0,0.0,0.0,0.0,unknown
1763110719.6500134,0,0.032,0.5,0,0,1,225,228.9000000000012,272.7,0.0,0.0,0.0,0.0,unknown
1763110719.8764422,0,0.033,0.5,0,1,1,224.91,228.8000000000012,272.55,0.0,0.0,0.0,0.0,unknown
1763110719.9214008,0,0.033,0.5,1,0,1,224.82,228.7000000000012,272.35,0.0,0.0,0.0,0.0,unknown
1763110719.9951854,0,0.033,0.5,0,0,1,224.73,228.60000000000122,272.2,0.0,0.0,0.0,0.0,unknown
1763110720.0064893,0,0.032,0.5,1,0,1,224.64,228.50000000000122,272.1,0.0,0.0,0.0,0.0,unknown
1763110720.0532196,0,0.031000000000000003,0.5,0,0,1,224.51,228.40000000000123,271.9,0.0,0.0,0.0,0.0,unknown
1763110720.1193633,0,0.030000000000000002,0.5,0,1,1,224.42,228.30000000000123,271.7,0.0,0.0,0.0,0.0,unknown
1763110720.155816,0,0.030000000000000002,0.5,0,0,1,224.33,228.20000000000124,271.5,0.0,0.0,0.0,0.0,unknown
1763110720.2761593,0,0.033,0.5,3,0,1,224.33,228.10000000000124,271.45,0.0,0.0,0.0,0.0,unknown
1763110720.3161683,0,0.033,0.5,0,0,1,224.33,228.00000000000125,271.4,0.0,0.0,0.0,0.0,unknown
1763110720.3303025,0,0.032,0.5,0,0,1,224.33,227.90000000000126,271.45,0.0,0.0,0.0,0.0,unknown
1763110720.4352624,0,0.033,0.5,1,1,1,224.33,227.80000000000126,271.35,0.0,0.0,0.0,0.0,unknown
1763110720.4652324,0,0.032,0.5,0,0,1,224.31,227.70000000000127,271.1,0.0,0.0,0.0,0.0,unknown
1763110720.541065,0,0.033,0.5,1,0,1,224.31,227.60000000000127,270.95,0.0,0.0,0.0,0.0,unknown
1763110720.5674653,0,0.032,0.5,0,0,1,224.31,227.50000000000128,270.95,0.0,0.0,0.0,0.0,unknown
1763110720.6372569,0,0.032,0.5,0,1,1,224.31,227.40000000000128,270.8,0.0,0.0,0.0,0.0,unknown
1763110720.7732327,0,0.035,0.5,2,2,1,224.4,227.3000000000013,270.7,0.0,0.0,0.0,0.0,unknown
1763110720.875024,0,0.036000000000000004,0.5,1,0,1,224.21,227.2000000000013,270.45,0.0,0.0,0.0,0.0,unknown
1763110720.9827278,0,0.036000000000000004,0.5,0,0,1,224.02,227.1000000000013,270.4,0.0,0.0,0.0,0.0,unknown
1763110721.0564384,0,0.038,0.5,1,1,1,223.83,227.0000000000013,270.3,0.0,0.0,0.0,0.0,unknown
1763110721.1012454,0,0.04,0.5,2,0,1,223.64,226.9000000000013,270.29999999999995,0.0,0.0,0.0,0.0,unknown
1763110721.2354515,0,0.041,0.5,1,0,1,223.43,226.80000000000132,270.20000000000005,0.0,0.0,0.0,0.0,unknown
1763110721.2727046,0,0.041,0.5,1,0,1,223.24,226.70000000000132,270.15,0.0,0.0,0.0,0.0,unknown
1763110721.4109125,0,0.041,0.5,0,0,1,223.05,226.60000000000133,270.05,0.0,0.0,0.0,0.0,unknown
1763110721.4941504,0,0.042,0.5,1,0,1,222.86,226.50000000000134,269.9,0.0,0.0,0.0,0.0,unknown
1763110721.5412986,0,0.043000000000000003,0.5,1,0,1,222.67,226.40000000000134,269.9,0.0,0.0,0.0,0.0,unknown
1763110721.646178,0,0.043000000000000003,0.5,1,0,1,222.48,226.30000000000135,270.0,0.0,0.0,0.0,0.0,unknown
1763110721.767775,0,0.045000000000000005,0.5,1,1,1,222.48,226.20000000000135,269.85,0.0,0.0,0.0,0.0,unknown
1763110721.9445968,0,0.046,0.5,1,0,1,222.48,226.10000000000136,269.85,0.0,0.0,0.0,0.0,unknown
1763110721.973141,0,0.048,0.5,1,1,1,222.48,226.00000000000136,269.8,0.0,0.0,0.0,0.0,unknown
1763110721.9853873,0,0.049,0.5,0,1,1,222.48,225.90000000000137,269.75,0.0,0.0,0.0,0.0,unknown
1763110722.050598,0,0.051000000000000004,0.5,1,1,1,222.48,225.80000000000138,269.65,0.0,0.0,0.0,0.0,unknown
1763110722.0920634,0,0.051000000000000004,0.5,1,0,1,222.52,225.70000000000138,269.4,0.0,0.0,0.0,0.0,unknown
1763110722.188957,0,0.05,0.5,1,0,1,222.5,225.6000000000014,269.35,0.0,0.0,0.0,0.0,unknown
1763110722.2355866,0,0.051000000000000004,0.5,1,0,1,222.5,225.5000000000014,269.35,0.0,0.0,0.0,0.0,unknown
1763110722.3261855,0,0.051000000000000004,0.5,0,1,1,222.5,225.4000000000014,269.5,0.0,0.0,0.0,0.0,unknown
1763110722.345529,0,0.051000000000000004,0.5,0,1,1,222.48,225.3000000000014,269.4,0.0,0.0,0.0,0.0,unknown
1763110722.4181123,0,0.051000000000000004,0.5,0,1,1,222.48,225.2000000000014,269.35,0.0,0.0,0.0,0.0,unknown
1763110722.4797227,0,0.051000000000000004,0.5,1,1,1,222.45,225.10000000000142,269.25,0.0,0.0,0.0,0.0,unknown
1763110722.6262362,0,0.05,0.5,0,0,1,222.26,225.00000000000142,269.1,0.0,0.0,0.0,0.0,unknown
1763110722.655637,0,0.049,0.5,0,0,1,222.07,224.90000000000143,268.85,0.0,0.0,0.0,0.0,unknown
1763110722.7457104,0,0.049,0.5,0,0,1,221.88,224.80000000000143,268.55,0.0,0.0,0.0,0.0,unknown
1763110722.773627,0,0.051000000000000004,0.5,1,1,1,221.69,224.70000000000144,268.35,0.0,0.0,0.0,0.0,unknown
1763110722.8957145,0,0.049,0.5,0,0,1,221.5,224.60000000000144,268.3,0.0,0.0,0.0,0.0,unknown
1763110722.961911,0,0.047,0.5,0,0,1,221.27,224.50000000000145,268.15,0.0,0.0,0.0,0.0,unknown
1763110723.146066,0,0.046,0.5,0,0,1,221.08,224.40000000000146,268.05,0.0,0.0,0.0,0.0,unknown
1763110723.1871717,0,0.046,0.5,1,0,1,220.89,224.30000000000146,268.0,0.0,0.0,0.0,0.0,unknown
1763110723.2643518,0,0.045000000000000005,0.5,0,0,1,220.7,224.20000000000147,267.85,0.0,0.0,0.0,0.0,unknown
1763110723.2894673,0,0.045000000000000005,0.5,1,0,1,220.61,224.10000000000147,267.6,0.0,0.0,0.0,0.0,unknown
1763110723.3046904,0,0.046,0.5,1,0,1,220.42,224.00000000000148,267.5,0.0,0.0,0.0,0.0,unknown
1763110723.440374,0,0.046,0.5,0,0,1,220.42,223.90000000000148,267.45000000000005,0.0,0.0,0.0,0.0,unknown
1763110723.5434425,0,0.045000000000000005,0.5,0,0,1,220.45,223.8000000000015,267.5,0.0,0.0,0.0,0.0,unknown
1763110723.5862045,0,0.046,0.5,1,1,1,220.45,223.7000000000015,267.4,0.0,0.0,0.0,0.0,unknown
1763110723.7856717,0,0.048,0.5,1,1,1,220.45,223.6000000000015,267.35,0.0,0.0,0.0,0.0,unknown
1763110723.8313744,0,0.048,0.5,0,1,1,220.45,223.5000000000015,267.3,0.0,0.0,0.0,0.0,unknown
1763110723.911799,0,0.05,0.5,1,1,1,220.45,223.4000000000015,267.2,0.0,0.0,0.0,0.0,unknown
1763110724.0527356,0,0.05,0.5,0,1,1,220.49,223.30000000000152,267.05,0.0,0.0,0.0,0.0,unknown
1763110724.0939326,0,0.05,0.5,0,0,1,220.3,223.20000000000152,267.0,0.0,0.0,0.0,0.0,unknown
1763110724.2040792,0,0.047,0.5,0,0,1,220.11,223.10000000000153,266.8,0.0,0.0,0.0,0.0,unknown
1763110724.2528527,0,0.048,0.5,0,1,1,219.92,223.00000000000153,266.75,None,None,None,0.0,unknown
1763110724.3715146,0,0.05,0.5,0,2,1,219.73,222.90000000000154,266.6,None,None,None,0.0,unknown
1763110724.5219631,0,0.049,0.5,0,1,1,219.57,222.80000000000155,266.5,None,None,None,0.0,unknown
1763110724.6970956,0,0.051000000000000004,0.5,0,2,1,219.38,222.70000000000155,266.5,None,None,None,0.0,unknown
1763110724.8458488,0,0.051000000000000004,0.5,0,1,1,219.19,222.60000000000156,266.45000000000005,None,None,None,0.0,unknown
1763110724.8591585,0,0.052000000000000005,0.5,0,1,1,219,222.50000000000156,266.35,None,None,None,0.0,unknown
1763110724.9124842,0,0.052000000000000005,0.5,0,1,1,218.81,222.40000000000157,266.20000000000005,None,None,None,0.0,unknown
1763110725.0340102,0,0.05,0.5,0,2,1,218.62,222.30000000000157,266.25,None,None,None,0.0,unknown
1763110725.1203012,0,0.051000000000000004,0.5,0,2,1,218.62,222.20000000000158,266.05,None,None,None,0.0,unknown
1763110725.505175,0,0.055,0.5,0,4,1,218.62,222.1000000000016,265.85,None,None,None,0.0,unknown
1763110725.540358,0,0.056,0.5,0,3,1,218.62,222.0000000000016,265.79999999999995,None,None,None,0.0,unknown
1763110725.6213417,0,0.055,0.5,0,1,1,218.58,221.9000000000016,265.75,None,None,None,0.0,unknown
1763110725.7555826,0,0.056,0.5,0,2,1,218.58,221.8000000000016,265.7,None,None,None,0.0,unknown
1763110725.7858415,0,0.057,0.5,0,2,1,218.58,221.7000000000016,265.6,None,None,None,0.0,unknown
1763110725.947014,0,0.059000000000000004,0.5,0,2,1,218.58,221.60000000000161,265.45,None,None,None,0.0,unknown
1763110726.1337895,0,0.061000000000000006,0.5,0,3,1,218.58,221.50000000000162,265.45,None,None,None,0.0,unknown
1763110726.4182558,0,0.062,0.5,0,2,1,218.58,221.40000000000163,265.35,None,None,None,0.0,unknown
1763110726.4808464,0,0.064,0.5,1,2,1,218.58,221.30000000000163,265.15,None,None,None,0.0,unknown
1763110726.673083,0,0.063,0.5,0,1,1,218.3,221.20000000000164,265.0,None,None,None,0.0,unknown
1763110726.868324,0,0.064,0.5,1,1,1,218.11,221.10000000000164,264.85,None,None,None,0.0,unknown
1763110727.1591992,0,0.065,0.5,0,3,1,217.92,221.00000000000165,264.9,None,None,None,0.0,unknown
1763110727.209389,0,0.066,0.5,0,2,1,217.73,220.90000000000165,264.75,None,None,None,0.0,unknown
1763110727.3659265,0,0.065,0.5,0,1,1,217.54,220.80000000000166,264.65,None,None,None,0.0,unknown
1763110727.453273,0,0.065,0.5,0,1,1,217.35,220.70000000000167,264.6,None,None,None,0.0,unknown
1763110727.5254025,0,0.066,0.5,0,2,1,217.16,220.60000000000167,264.45,None,None,None,0.0,unknown
1763110727.586164,0,0.066,0.5,0,1,1,216.93,220.50000000000168,264.35,None,None,None,0.0,unknown
1763110727.693672,0,0.068,0.5,1,2,1,216.74,220.40000000000168,264.2,None,None,None,0.0,unknown
1763110727.8586543,0,0.069,0.5,0,2,1,216.65,220.3000000000017,264.1,None,None,None,0.0,unknown
1763110727.9426532,0,0.07100000000000001,0.5,0,3,1,216.65,220.2000000000017,263.8,None,None,None,0.0,unknown
1763110728.0667768,0,0.07100000000000001,0.5,0,2,1,216.65,220.1000000000017,263.7,None,None,None,0.0,unknown
1763110728.2275965,0,0.074,0.5,0,3,1,216.63,220.0000000000017,263.6,None,None,None,0.0,unknown
1763110728.3976972,0,0.076,0.5,0,2,1,216.63,219.9000000000017,263.5,None,None,None,0.0,unknown
1763110728.7435837,0,0.077,0.5,0,1,1,216.63,219.80000000000172,263.5,None,None,None,0.0,unknown
1763110728.7958133,0,0.079,0.5,1,3,1,216.63,219.70000000000172,263.45,None,None,None,0.0,unknown
1763110728.8823273,0,0.081,0.5,0,2,1,216.63,219.60000000000173,263.3,None,None,None,0.0,unknown
1763110728.9527628,0,0.085,0.5,1,3,1,216.63,219.50000000000173,263.20000000000005,None,None,None,0.0,unknown
1763110729.1436062,0,0.08700000000000001,0.5,0,2,1,216.63,219.40000000000174,263.15,None,None,None,0.0,unknown
1763110729.2465384,0,0.08700000000000001,0.5,0,1,1,216.63,219.30000000000175,263.05,None,None,None,0.0,unknown
1763110729.2985792,0,0.08800000000000001,0.5,0,1,1,216.7,219.20000000000175,262.9,None,None,None,0.0,unknown
1763110729.407649,0,0.08800000000000001,0.5,0,1,1,216.49,219.10000000000176,262.95,None,None,None,0.0,unknown
1763110729.5812438,0,0.09,0.5,0,3,1,216.28,219.00000000000176,263.05,None,None,None,0.0,unknown
1763110729.686695,0,0.092,0.5,0,2,1,216.07,218.90000000000177,262.95,None,None,None,0.0,unknown
1763110729.7482789,0,0.094,0.5,0,2,1,215.86,218.80000000000177,262.9,None,None,None,0.0,unknown
1763110729.9021149,0,0.094,0.5,0,2,1,215.65,218.70000000000178,262.9,None,None,None,0.0,unknown
1763110730.0653093,0,0.094,0.5,0,2,1,215.44,218.60000000000178,262.8,None,None,None,0.0,unknown
1763110730.1756268,0,0.094,0.5,0,1,1,215.23,218.5000000000018,262.8,None,None,None,0.0,unknown
1763110730.292482,0,0.093,0.5,0,1,1,215.02,218.4000000000018,262.75,None,None,None,0.0,unknown
1763110730.3998084,0,0.094,0.5,0,2,1,215.02,218.3000000000018,262.85,None,None,None,0.0,unknown
1763110730.5861187,0,0.096,0.5,0,2,1,215.02,218.2000000000018,263.0,None,None,None,0.0,unknown
1763110730.6046188,0,0.097,0.5,0,1,1,214.93,218.1000000000018,262.9,None,None,None,0.0,unknown
1763110730.7980783,0,0.098,0.5,0,2,1,214.84,218.00000000000182,262.75,None,None,None,0.0,unknown
1763110730.90173,0,0.096,0.5,0,0,1,214.75,217.90000000000182,262.7,None,None,None,0.0,unknown
1763110730.913715,0,0.097,0.5,0,2,1,214.66,217.80000000000183,262.70000000000005,None,None,None,0.0,unknown
1763110730.9407382,0,0.097,0.5,1,1,1,214.57,217.70000000000184,262.85,None,None,None,0.0,unknown
1763110730.9509017,0,0.098,0.5,0,2,1,214.48,217.60000000000184,262.95,None,None,None,0.0,unknown
1763110730.9707687,0,0.098,0.5,0,1,1,214.39,217.50000000000185,262.8,None,None,None,0.0,unknown
1763110731.0429494,0,0.098,0.5,0,1,1,214.3,217.40000000000185,262.65,None,None,None,0.0,unknown
1763110731.1112616,0,0.097,0.5,0,1,1,214.12,217.30000000000186,262.5,None,None,None,0.0,unknown
1763110731.1489105,0,0.097,0.5,0,2,1,214.22,217.20000000000186,262.5,None,None,None,0.0,unknown
1763110731.1976151,0,0.095,0.5,0,2,1,214.32,217.10000000000187,262.4,None,None,None,0.0,unknown
1763110731.3423755,0,0.094,0.5,0,2,1,214.21,217.00000000000188,262.25,None,None,None,0.0,unknown
1763110731.4730642,0,0.095,0.5,0,2,1,214.1,216.90000000000188,262.25,None,None,None,0.0,unknown
1763110731.5574377,0,0.093,0.5,0,0,1,214.01,216.8000000000019,262.15,None,None,None,0.0,unknown
1763110731.6662452,0,0.091,0.5,0,0,1,213.9,216.7000000000019,262.05,None,None,None,0.0,unknown
1763110731.8066518,0,0.09,0.5,0,1,1,213.79,216.6000000000019,262.0,None,None,None,0.0,unknown
1763110731.9157643,0,0.08800000000000001,0.5,1,0,1,213.68,216.5000000000019,262.0,None,None,None,0.0,unknown
1763110732.1432667,0,0.08700000000000001,0.5,0,1,1,213.57,216.4000000000019,261.9,None,None,None,0.0,unknown
1763110732.298009,0,0.085,0.5,0,1,1,213.46,216.30000000000192,261.8,None,None,None,0.0,unknown
1763110732.4917605,0,0.085,0.5,0,1,1,213.37,216.20000000000192,261.85,None,None,None,0.0,unknown
1763110732.5316617,0,0.085,0.5,0,2,1,213.28,216.10000000000193,261.85,None,None,None,0.0,unknown
1763110732.7605944,0,0.084,0.5,0,2,1,213.19,216.00000000000193,261.95,None,None,None,0.0,unknown
1763110732.7887256,0,0.083,0.5,0,1,1,213.1,215.90000000000194,262.0,None,None,None,0.0,unknown
1763110732.9632792,0,0.083,0.5,0,1,1,213.01,215.80000000000194,262.0,None,None,None,0.0,unknown
1763110733.0432534,0,0.083,0.5,1,0,1,212.88,215.70000000000195,262.0,None,None,None,0.0,unknown
1763110733.13304,0,0.082,0.5,1,0,1,212.79,215.60000000000196,261.95,None,None,None,0.0,unknown
1763110733.4235418,0,0.083,0.5,1,1,1,212.7,215.50000000000196,261.9,None,None,None,0.0,unknown
1763110733.6031215,0,0.081,0.5,0,1,1,212.61,215.40000000000197,261.65,None,None,None,0.0,unknown
1763110733.8344972,0,0.081,0.5,1,1,1,212.29,215.30000000000197,261.54999999999995,None,None,None,0.0,unknown
1763110733.8513067,0,0.079,0.5,0,1,1,211.99,215.20000000000198,261.5,None,None,None,0.0,unknown
1763110733.913626,0,0.077,0.5,0,0,1,211.72,215.10000000000198,261.35,None,None,None,0.0,unknown
1763110734.1486204,0,0.076,0.5,1,1,1,211.61,215.000000000002,261.25,None,None,None,0.0,unknown
1763110734.2933948,0,0.075,0.5,0,1,1,211.5,214.900000000002,261.25,None,None,None,0.0,unknown
1763110734.3492148,0,0.075,0.5,0,1,1,211.39,214.800000000002,261.4,None,None,None,0.0,unknown
1763110734.464375,0,0.07200000000000001,0.5,0,1,1,211.28,214.700000000002,261.5,None,None,None,0.0,unknown
1763110734.5101876,0,0.07200000000000001,0.5,1,1,1,211.17,214.600000000002,261.45,None,None,None,0.0,unknown
1763110734.6594946,0,0.068,0.5,0,0,1,211.06,214.50000000000202,261.4,None,None,None,0.0,unknown
1763110734.8581965,0,0.066,0.5,0,0,1,210.95,214.40000000000202,261.4,None,None,None,0.0,unknown
1763110734.890746,0,0.066,0.5,0,1,1,210.84,214.30000000000203,261.3,None,None,None,0.0,unknown
1763110735.0021536,0,0.066,0.5,0,1,1,210.75,214.20000000000203,261.25,None,None,None,0.0,unknown
1763110735.0794933,0,0.065,0.5,0,0,1,210.75,214.10000000000204,261.35,None,None,None,0.0,unknown
1763110735.2363412,0,0.062000000000000006,0.5,0,0,1,210.85,214.00000000000205,261.4,None,None,None,0.0,unknown
1763110735.4224823,0,0.060000000000000005,0.5,0,0,1,210.76,213.90000000000205,261.4,None,None,None,0.0,unknown
1763110735.4406083,0,0.058,0.5,0,0,1,210.67,213.80000000000206,261.5,None,None,None,0.0,unknown
1763110735.6254094,0,0.056,0.5,0,0,1,210.58,213.70000000000206,261.45,None,None,None,0.0,unknown
1763110735.6665525,0,0.055,0.5,0,1,1,210.49,213.60000000000207,261.5,None,None,None,0.0,unknown
1763110735.9225707,0,0.054000000000000006,0.5,0,0,1,210.4,213.50000000000207,261.45,None,None,None,0.0,unknown
1763110735.9734411,0,0.053000000000000005,0.5,0,0,1,210.31,213.40000000000208,261.5,None,None,None,0.0,unknown
1763110736.0864818,0,0.052000000000000005,0.5,1,0,1,210.18,213.3000000000021,261.54999999999995,None,None,None,0.0,unknown
1763110736.3503683,0,0.05,0.5,0,0,1,210.07,213.2000000000021,261.4,None,None,None,0.0,unknown
1763110736.600835,0,0.049,0.5,0,0,1,209.96,213.1000000000021,261.29999999999995,None,None,None,0.0,unknown
1763110736.7187443,0,0.047,0.5,0,0,1,209.85,213.0000000000021,261.25,None,None,None,0.0,unknown
1763110737.1099908,0,0.048,0.5,0,1,1,209.74,212.9000000000021,261.25,None,None,None,0.0,unknown
1763110737.1754663,0,0.046,0.5,0,0,1,209.63,212.80000000000211,261.0,None,None,None,0.0,unknown
1763110737.27066,0,0.044000000000000004,0.5,0,0,1,209.52,212.70000000000212,260.85,None,None,None,0.0,unknown
1763110737.4016113,0,0.043000000000000003,0.5,0,1,1,209.41,212.60000000000213,260.75,None,None,None,0.0,unknown
1763110737.5111153,0,0.043000000000000003,0.5,1,0,1,209.3,212.50000000000213,260.65,None,None,None,0.0,unknown
1763110737.932399,0,0.042,0.5,0,0,1,209.19,212.40000000000214,260.55,None,None,None,0.0,unknown
1763110738.000531,0,0.041,0.5,0,0,1,209.08,212.30000000000214,260.35,None,None,None,0.0,unknown
1763110738.1602926,0,0.04,0.5,1,0,1,208.99,212.20000000000215,260.29999999999995,None,None,None,0.0,unknown
1763110738.2270498,0,0.038,0.5,0,0,1,208.9,212.10000000000215,260.29999999999995,None,None,None,0.0,unknown
1763110738.3611853,0,0.037000000000000005,0.5,1,0,1,208.81,212.00000000000216,260.3,None,None,None,0.0,unknown
1763110738.5472279,0,0.036000000000000004,0.5,1,0,1,208.72,211.90000000000217,260.35,None,None,None,0.0,unknown
1763110738.6873782,0,0.036000000000000004,0.5,0,0,1,208.63,211.80000000000217,260.4,None,None,None,0.0,unknown
1763110738.7384944,0,0.036000000000000004,0.5,0,0,1,208.54,211.70000000000218,260.45,None,None,None,0.0,unknown
1763110738.8470623,0,0.035,0.5,0,0,1,208.45,211.60000000000218,260.5,None,None,None,0.0,unknown
1763110738.932119,0,0.034,0.5,0,0,1,208.36,211.5000000000022,260.55,None,None,None,0.0,unknown
1763110739.2431428,0,0.033,0.5,0,0,1,208.27,211.4000000000022,260.6,None,None,None,0.0,unknown
1763110739.413048,0,0.033,0.5,0,1,1,208.18,211.3000000000022,260.8,None,None,None,0.0,unknown
1763110739.6072054,0,0.033,0.5,1,0,1,208.07,211.2000000000022,260.70000000000005,None,None,None,0.0,unknown
1763110739.7725098,0,0.031000000000000003,0.5,0,0,1,207.96,211.1000000000022,260.65,None,None,None,0.0,unknown
1763110739.9745884,0,0.031000000000000003,0.5,1,1,1,207.85,211.00000000000222,260.45,None,None,None,0.0,unknown
1763110740.1245012,0,0.030000000000000002,0.5,0,0,1,207.74,210.90000000000222,260.25,None,None,None,0.0,unknown
1763110740.3440523,0,0.030000000000000002,0.5,1,0,1,207.63,210.80000000000223,260.15,None,None,None,0.0,unknown
1763110740.3907917,0,0.030000000000000002,0.5,0,1,1,207.52,210.70000000000223,260.05,None,None,None,0.0,unknown
1763110740.5725834,0,0.029,0.5,0,0,1,207.41,210.60000000000224,260.0,None,None,None,0.0,unknown
1763110740.6043034,0,0.027000000000000003,0.5,0,0,1,207.32,210.50000000000225,259.9,None,None,None,0.0,unknown
1763110740.6754806,0,0.028,0.5,1,1,1,207.21,210.40000000000225,259.70000000000005,None,None,None,0.0,unknown
1763110740.8441482,0,0.026000000000000002,0.5,0,0,1,207,210.30000000000226,259.70000000000005,None,None,None,0.0,unknown
1763110740.929709,0,0.027000000000000003,0.5,2,0,1,206.91,210.20000000000226,259.85,None,None,None,0.0,unknown
1763110741.0096169,0,0.028,0.5,1,0,1,206.82,210.10000000000227,259.8,None,None,None,0.0,unknown
1763110741.1308122,0,0.026000000000000002,0.5,0,0,1,206.73,210.00000000000227,259.9,None,None,None,0.0,unknown
1763110741.181344,0,0.026000000000000002,0.5,1,0,1,206.64,209.90000000000228,259.9,None,None,None,0.0,unknown
1763110741.3605566,0,0.025,0.5,0,0,1,206.55,209.80000000000229,259.9,None,None,None,0.0,unknown
1763110741.464138,0,0.026000000000000002,0.5,2,0,1,206.46,209.7000000000023,259.85,None,None,None,0.0,unknown
1763110741.5497835,0,0.024,0.5,0,0,1,206.37,209.6000000000023,259.95,None,None,None,0.0,unknown
1763110741.741635,0,0.024,0.5,0,0,1,206.28,209.5000000000023,259.9,None,None,None,0.0,unknown
1763110741.9012814,0,0.024,0.5,0,0,1,206.19,209.4000000000023,259.85,None,None,None,0.0,unknown
1763110742.0971963,0,0.024,0.5,1,0,1,205.89,209.3000000000023,259.8,None,None,None,0.0,unknown
1763110742.3320634,0,0.023,0.5,0,0,1,205.38,209.20000000000232,259.75,None,None,None,0.0,unknown
1763110742.6467845,0,0.023,0.5,0,0,1,205.28,209.10000000000232,259.6,None,None,None,0.0,unknown
1763110742.7984052,0,0.024,0.5,0,1,1,205.14,209.00000000000233,259.3,None,None,None,0.0,unknown
1763110742.9070466,0,0.026000000000000002,0.5,1,1,1,205.04,208.90000000000234,259.25,None,None,None,0.0,unknown
1763110742.9695787,0,0.026000000000000002,0.5,0,0,1,204.9,208.80000000000234,259.05,None,None,None,0.0,unknown
1763110743.0535061,0,0.026000000000000002,0.5,0,0,1,204.8,208.70000000000235,258.95,None,None,None,0.0,unknown
1763110743.1400437,0,0.027000000000000003,0.5,1,1,1,204.66,208.60000000000235,259.0,None,None,None,0.0,unknown
1763110743.2113123,0,0.027000000000000003,0.5,0,0,1,204.56,208.50000000000236,258.8,None,None,None,0.0,unknown
1763110743.2709956,0,0.027000000000000003,0.5,0,0,1,204.46,208.40000000000236,258.85,None,None,None,0.0,unknown
1763110743.3193197,0,0.028,0.5,2,0,1,204.15,208.30000000000237,258.5,None,None,None,0.0,unknown
1763110743.431567,0,0.029,0.5,0,1,1,203.94,208.20000000000238,258.5,None,None,None,0.0,unknown
1763110743.4926894,0,0.029,0.5,0,0,1,203.84,208.10000000000238,258.55,None,None,None,0.0,unknown
1763110743.6818464,0,0.029,0.5,0,0,1,203.72,208.0000000000024,258.6,None,None,None,0.0,unknown
1763110744.0107872,0,0.029,0.5,1,0,1,203.62,207.9000000000024,258.55,None,None,None,0.0,unknown
1763110744.0777507,0,0.030000000000000002,0.5,0,1,1,203.52,207.8000000000024,258.55,None,None,None,0.0,unknown
1763110744.2012491,0,0.031000000000000003,0.5,1,0,1,203.42,207.7000000000024,258.54999999999995,None,None,None,0.0,unknown
1763110744.260412,0,0.030000000000000002,0.5,0,0,1,203.32,207.6000000000024,258.5,None,None,None,0.0,unknown
1763110744.2814968,0,0.030000000000000002,0.5,0,1,1,203.22,207.50000000000242,258.5,None,None,None,0.0,unknown
1763110744.3847234,0,0.030000000000000002,0.5,0,0,1,203.12,207.40000000000242,258.55,None,None,None,0.0,unknown
1763110744.441266,0,0.030000000000000002,0.5,0,0,1,203.02,207.30000000000243,258.7,None,None,None,0.0,unknown
1763110744.6558654,0,0.030000000000000002,0.5,1,0,1,202.71,207.20000000000243,258.6,None,None,None,0.0,unknown
1763110744.7189138,0,0.030000000000000002,0.5,0,0,1,202.36,207.10000000000244,258.45,None,None,None,0.0,unknown
1763110744.9633617,0,0.031000000000000003,0.5,1,1,1,202.26,207.00000000000244,258.4,None,None,None,0.0,unknown
1763110745.2081552,0,0.030000000000000002,0.5,0,0,1,202.12,206.90000000000245,258.2,None,None,None,0.0,unknown
1763110745.3232648,0,0.030000000000000002,0.5,0,0,1,202.02,206.80000000000246,258.1,None,None,None,0.0,unknown
1763110745.5417268,0,0.031000000000000003,0.5,1,0,1,201.92,206.70000000000246,258.0,None,None,None,0.0,unknown
1763110745.818571,0,0.031000000000000003,0.5,0,0,1,201.78,206.60000000000247,257.8,None,None,None,0.0,unknown
1763110746.056401,0,0.031000000000000003,0.5,0,0,1,201.64,206.50000000000247,257.65,None,None,None,0.0,unknown
1763110746.1555984,0,0.031000000000000003,0.5,0,0,1,201.5,206.40000000000248,257.45,None,None,None,0.0,unknown
1763110746.30427,0,0.030000000000000002,0.5,0,0,1,201.4,206.30000000000248,257.35,None,None,None,0.0,unknown
1763110746.4592645,0,0.029,0.5,0,0,1,201.3,206.2000000000025,257.3,None,None,None,0.0,unknown
1763110746.5771682,0,0.030000000000000002,0.5,1,0,1,201.2,206.1000000000025,257.2,None,None,None,0.0,unknown
1763110746.682617,0,0.030000000000000002,0.5,1,1,1,201.1,206.0000000000025,257.04999999999995,None,None,None,0.0,unknown
1763110746.822739,0,0.030000000000000002,0.5,0,0,1,201,205.9000000000025,256.95,None,None,None,0.0,unknown
1763110747.0667188,0,0.029,0.5,0,0,1,200.9,205.8000000000025,256.95,None,None,None,0.0,unknown
1763110747.3092988,0,0.028,0.5,0,0,1,200.78,205.70000000000252,256.95000000000005,None,None,None,0.0,unknown
1763110747.4412668,0,0.028,0.5,0,0,1,200.68,205.60000000000252,256.9,None,None,None,0.0,unknown
1763110747.5548956,0,0.028,0.5,0,0,1,200.58,205.50000000000253,256.9,None,None,None,0.0,unknown
1763110747.659568,0,0.027000000000000003,0.5,1,0,1,200.48,205.40000000000254,257.15,None,None,None,0.0,unknown
1763110747.7423472,0,0.027000000000000003,0.5,0,0,1,200.59,205.30000000000254,257.2,None,None,None,0.0,unknown
1763110747.9348526,0,0.025,0.5,0,0,1,200.45,205.20000000000255,257.1,None,None,None,0.0,unknown
1763110748.0285017,0,0.026000000000000002,0.5,0,2,1,200.31,205.10000000000255,257.1,None,None,None,0.0,unknown
1763110748.1503847,0,0.027000000000000003,0.5,0,1,1,200.21,205.00000000000256,257.0,None,None,None,0.0,unknown
1763110748.3174567,0,0.027000000000000003,0.5,0,1,1,200.11,204.90000000000256,256.85,None,None,None,0.0,unknown
1763110748.4576979,0,0.028,0.5,1,0,1,200.01,204.80000000000257,256.7,None,None,None,0.0,unknown
1763110748.6094134,0,0.027000000000000003,0.5,1,0,1,199.87,204.70000000000258,256.6,None,None,None,0.0,unknown
1763110748.720195,0,0.027000000000000003,0.5,0,0,1,199.77,204.60000000000258,256.5,None,None,None,0.0,unknown
1763110748.8396866,0,0.028,0.5,1,0,1,199.63,204.5000000000026,256.45,None,None,None,0.0,unknown
1763110749.0056462,0,0.028,0.5,0,0,1,199.53,204.4000000000026,256.25,None,None,None,0.0,unknown
1763110749.2400105,0,0.027000000000000003,0.5,0,0,1,199.53,204.3000000000026,256.3,None,None,None,0.0,unknown
1763110749.3980644,0,0.027000000000000003,0.5,0,0,1,199.62,204.2000000000026,256.3,None,None,None,0.0,unknown
1763110749.5275886,0,0.027000000000000003,0.5,0,0,1,199.52,204.1000000000026,256.3,None,None,None,0.0,unknown
1763110749.6276014,0,0.026000000000000002,0.5,0,0,1,199.42,204.00000000000261,256.3,None,None,None,0.0,unknown
1763110749.6671844,0,0.024,0.5,0,0,1,199.32,203.90000000000262,256.25,None,None,None,0.0,unknown
1763110749.9718568,0,0.024,0.5,0,0,1,199.22,203.80000000000263,256.1,None,None,None,0.0,unknown
1763110750.1933177,0,0.025,0.5,0,1,1,199.1,203.70000000000263,256.25,None,None,None,0.0,unknown
1763110750.3431706,0,0.023,0.5,0,0,1,199,203.60000000000264,256.25,None,None,None,0.0,unknown
1763110750.484312,0,0.024,0.5,0,1,1,198.9,203.50000000000264,256.35,None,None,None,0.0,unknown
1763110750.7249787,0,0.024,0.5,0,0,1,198.78,203.40000000000265,256.4,None,None,None,0.0,unknown
1763110750.9145513,0,0.022000000000000002,0.5,0,0,1,198.43,203.30000000000265,256.35,None,None,None,0.0,unknown
1763110751.0857038,0,0.021,0.5,0,0,1,198.29,203.20000000000266,256.35,None,None,None,0.0,unknown
1763110751.1546867,0,0.021,0.5,0,0,1,198.15,203.10000000000267,256.35,None,None,None,0.0,unknown
1763110751.310001,0,0.023,0.5,1,1,1,198.05,203.00000000000267,256.2,None,None,None,0.0,unknown
1763110751.5368764,0,0.023,0.5,0,1,1,197.91,202.90000000000268,256.15,None,None,None,0.0,unknown
1763110751.618415,0,0.022000000000000002,0.5,0,0,1,197.81,202.80000000000268,256.3,None,None,None,0.0,unknown
1763110751.9718623,0,0.021,0.5,0,0,1,197.71,202.7000000000027,256.3,None,None,None,0.0,unknown
1763110752.1513574,0,0.021,0.5,0,0,1,197.57,202.6000000000027,256.35,None,None,None,0.0,unknown
1763110752.4336207,0,0.02,0.5,0,0,1,197.47,202.5000000000027,256.29999999999995,None,None,None,0.0,unknown
1763110752.6463778,0,0.02,0.5,0,0,1,197.37,202.4000000000027,256.25,None,None,None,0.0,unknown
1763110752.7371638,0,0.02,0.5,0,0,1,197.27,202.3000000000027,256.2,None,None,None,0.0,unknown
1763110752.936414,0,0.019,0.5,0,0,1,197.17,202.20000000000272,256.3,None,None,None,0.0,unknown
1763110753.0715554,0,0.019,0.5,0,0,1,197.07,202.10000000000272,256.35,None,None,None,0.0,unknown
1763110753.193795,0,0.017,0.5,0,0,1,196.97,202.00000000000273,256.25,None,None,None,0.0,unknown
1763110753.4081676,0,0.018000000000000002,0.5,1,0,1,196.87,201.90000000000273,256.15,None,None,None,0.0,unknown
1763110753.460393,0,0.018000000000000002,0.5,0,0,1,196.77,201.80000000000274,256.1,None,None,None,0.0,unknown
1763110753.6116977,0,0.017,0.5,0,0,1,196.67,201.70000000000275,256.0,None,None,None,0.0,unknown
1763110753.6859543,0,0.018000000000000002,0.5,0,1,1,196.57,201.60000000000275,255.89999999999998,None,None,None,0.0,unknown
1763110753.9384744,0,0.019,0.5,0,1,1,196.47,201.50000000000276,255.85,None,None,None,0.0,unknown
1763110754.1977367,0,0.019,0.5,0,0,1,196.37,201.40000000000276,255.9,None,None,None,0.0,unknown
1763110754.2829285,0,0.019,0.5,0,0,1,196.27,201.30000000000277,255.8,None,None,None,0.0,unknown
1763110754.6100702,0,0.019,0.5,0,0,1,196.13,201.20000000000277,255.8,None,None,None,0.0,unknown
1763110754.7804408,0,0.019,0.5,0,1,1,195.99,201.10000000000278,255.8,None,None,None,0.0,unknown
1763110754.9144614,0,0.019,0.5,2,0,1,195.85,201.00000000000279,255.8,None,None,None,0.0,unknown
1763110754.9575746,0,0.019,0.5,0,0,1,195.75,200.9000000000028,255.75,None,None,None,0.0,unknown
1763110755.1824589,0,0.02,0.5,0,1,1,195.65,200.8000000000028,255.85000000000002,None,None,None,0.0,unknown
1763110755.3564575,0,0.021,0.5,1,0,1,195.51,200.7000000000028,255.95,None,None,None,0.0,unknown
1763110755.5724077,0,0.021,0.5,0,0,1,195.41,200.6000000000028,256.0,None,None,None,0.0,unknown
1763110755.651289,0,0.021,0.5,0,0,1,195.27,200.5000000000028,256.0,None,None,None,0.0,unknown
1763110755.8188543,0,0.021,0.5,1,0,1,195.17,200.40000000000282,256.25,None,None,None,0.0,unknown
1763110755.8425183,0,0.023,0.5,1,1,1,195.07,200.30000000000283,256.2,None,None,None,0.0,unknown
1763110755.8543322,0,0.024,0.5,1,0,1,194.76,200.20000000000283,256.15,None,None,None,0.0,unknown
1763110756.0823462,0,0.023,0.5,0,1,1,194.66,200.10000000000284,256.25,None,None,None,0.0,unknown
1763110756.1413875,0,0.023,0.5,0,1,1,194.56,200.00000000000284,256.15,None,None,None,0.0,unknown
1763110756.359648,0,0.023,0.5,0,1,1,194.46,199.90000000000285,256.15,None,None,None,0.0,unknown
1763110756.489576,0,0.022000000000000002,0.5,0,0,1,194.36,199.80000000000285,256.15,None,None,None,0.0,unknown
1763110756.5497038,0,0.021,0.5,0,0,1,194.26,199.70000000000286,256.2,None,None,None,0.0,unknown
1763110756.7325227,0,0.023,0.5,1,1,1,194.16,199.60000000000286,256.1,None,None,None,0.0,unknown
1763110756.9430377,0,0.023,0.5,1,0,1,194.06,199.50000000000287,256.2,None,None,None,0.0,unknown
1763110756.9905753,0,0.024,0.5,1,0,1,193.96,199.40000000000288,256.2,None,None,None,0.0,unknown
1763110757.166804,0,0.025,0.5,1,0,1,193.96,199.30000000000288,256.25,None,None,None,0.0,unknown
1763110757.2945397,0,0.027000000000000003,0.5,1,1,1,193.93,199.2000000000029,256.1,None,None,None,0.0,unknown
1763110757.3662972,0,0.028,0.5,1,0,1,193.86,199.1000000000029,256.15,None,None,None,0.0,unknown
1763110757.5583148,0,0.030000000000000002,0.5,2,0,1,193.83,199.0000000000029,256.25,None,None,None,0.0,unknown
1763110757.7244842,0,0.030000000000000002,0.5,0,0,1,193.76,198.9000000000029,256.3,None,None,None,0.0,unknown
1763110757.7408154,0,0.030000000000000002,0.5,0,0,1,193.73,198.8000000000029,256.35,None,None,None,0.0,unknown
1763110757.8544395,0,0.030000000000000002,0.5,0,1,1,193.66,198.70000000000292,256.25,None,None,None,0.0,unknown
1763110757.979429,0,0.031000000000000003,0.5,1,0,1,193.63,198.60000000000292,256.15,None,None,None,0.0,unknown
1763110758.137387,0,0.031000000000000003,0.5,1,0,1,193.56,198.50000000000293,256.15,None,None,None,0.0,unknown
1763110758.3550546,0,0.032,0.5,1,0,1,193.49,198.40000000000293,256.05,None,None,None,0.0,unknown
1763110758.389634,0,0.032,0.5,0,0,1,193.42,198.30000000000294,256.15,None,None,None,0.0,unknown
1763110758.4932945,0,0.033,0.5,0,1,1,193.42,198.20000000000294,256.25,None,None,None,0.0,unknown
1763110758.5898445,0,0.035,0.5,1,1,1,193.31,198.10000000000295,256.3,None,None,None,0.0,unknown
1763110758.719587,0,0.034,0.5,1,0,1,193.22,198.00000000000296,256.35,None,None,None,0.0,unknown
1763110758.980381,0,0.033,0.5,0,0,1,193.11,197.90000000000296,256.2,None,None,None,0.0,unknown
1763110759.1970088,0,0.034,0.5,0,1,1,193,197.80000000000297,256.2,None,None,None,0.0,unknown
1763110759.3388455,0,0.035,0.5,0,1,1,192.89,197.70000000000297,256.15,None,None,None,0.0,unknown
1763110759.3716826,0,0.037000000000000005,0.5,0,2,1,192.78,197.60000000000298,256.05,None,None,None,0.0,unknown
1763110759.7760696,0,0.039,0.5,0,2,1,192.67,197.50000000000298,256.05,None,None,None,0.0,unknown
1763110760.0044422,0,0.04,0.5,0,1,1,192.56,197.400000000003,255.95000000000002,None,None,None,0.0,unknown
1763110760.0771627,0,0.042,0.5,1,1,1,192.45,197.300000000003,255.95,None,None,None,0.0,unknown
1763110760.314452,0,0.042,0.5,0,0,1,192.38,197.200000000003,255.89999999999998,None,None,None,0.0,unknown
1763110760.5015051,0,0.042,0.5,0,0,1,192.35,197.100000000003,255.85,None,None,None,0.0,unknown
1763110760.752921,0,0.044000000000000004,0.5,1,1,1,192.28,197.000000000003,255.7,None,None,None,0.0,unknown
1763110760.9248643,0,0.044000000000000004,0.5,1,0,1,192.25,196.90000000000302,255.60000000000002,None,None,None,0.0,unknown
1763110761.082264,0,0.044000000000000004,0.5,0,0,1,192.18,196.80000000000302,255.4,None,None,None,0.0,unknown
1763110761.3792653,0,0.046,0.5,1,1,1,192.11,196.70000000000303,255.25,None,None,None,0.0,unknown
1763110761.4828966,0,0.045000000000000005,0.5,0,0,1,192.08,196.60000000000304,255.15,None,None,None,0.0,unknown
1763110761.757982,0,0.044000000000000004,0.5,0,0,1,192.05,196.50000000000304,255.04999999999998,None,None,None,0.0,unknown
1763110761.8850584,0,0.045000000000000005,0.5,1,0,1,192.02,196.40000000000305,255.0,None,None,None,0.0,unknown
1763110761.988493,0,0.045000000000000005,0.5,0,0,1,191.95,196.30000000000305,254.75,None,None,None,0.0,unknown
1763110762.0908964,0,0.047,0.5,1,1,1,191.84,196.20000000000306,254.7,None,None,None,0.0,unknown
1763110762.5100996,0,0.047,0.5,1,0,1,191.73,196.10000000000306,254.7,None,None,None,0.0,unknown
1763110762.969654,0,0.045000000000000005,0.5,0,0,1,191.62,196.00000000000307,254.8,None,None,None,0.0,unknown
1763110763.067323,0,0.047,0.5,1,1,1,191.51,195.90000000000308,254.85,None,None,None,0.0,unknown
1763110763.190437,0,0.047,0.5,0,1,1,191.4,195.80000000000308,254.9,None,None,None,0.0,unknown
1763110763.340489,0,0.047,0.5,1,0,1,191.31,195.7000000000031,255.05,None,None,None,0.0,unknown
1763110763.5495481,0,0.05,0.5,2,1,1,191.2,195.6000000000031,255.05,None,None,None,0.0,unknown
1763110763.6154883,0,0.052000000000000005,0.5,1,1,1,191.09,195.5000000000031,255.05,None,None,None,0.0,unknown
1763110763.6750882,0,0.051000000000000004,0.5,0,0,1,190.98,195.4000000000031,255.0,None,None,None,0.0,unknown
1763110763.7941186,0,0.05,0.5,1,0,1,190.87,195.3000000000031,255.05,None,None,None,0.0,unknown
1763110764.0787463,0,0.051000000000000004,0.5,1,1,1,190.84,195.20000000000312,254.95,None,None,None,0.0,unknown
1763110764.2265692,0,0.05,0.5,0,0,1,190.81,195.10000000000312,254.85000000000002,None,None,None,0.0,unknown
1763110764.3413885,0,0.05,0.5,0,1,1,190.74,195.00000000000313,254.75,None,None,None,0.0,unknown
1763110764.555067,0,0.05,0.5,0,1,1,190.67,194.90000000000313,254.7,None,None,None,0.0,unknown
1763110764.6474416,0,0.051000000000000004,0.5,1,0,1,190.6,194.80000000000314,254.55,None,None,None,0.0,unknown
1763110764.9356513,0,0.052000000000000005,0.5,0,1,1,190.57,194.70000000000314,254.39999999999998,None,None,None,0.0,unknown
1763110765.034775,0,0.052000000000000005,0.5,2,0,1,190.5,194.60000000000315,254.3,None,None,None,0.0,unknown
1763110765.087662,0,0.052000000000000005,0.5,1,0,1,190.47,194.50000000000315,254.2,None,None,None,0.0,unknown
1763110765.3401406,0,0.052000000000000005,0.5,1,0,1,190.4,194.40000000000316,254.15,None,None,None,0.0,unknown
1763110765.5542326,0,0.053000000000000005,0.5,1,1,1,190.4,194.30000000000317,254.2,None,None,None,0.0,unknown
1763110765.6164215,0,0.051000000000000004,0.5,0,0,1,190.29,194.20000000000317,254.25,None,None,None,0.0,unknown
1763110765.8265505,0,0.052000000000000005,0.5,1,1,1,190.18,194.10000000000318,254.3,None,None,None,0.0,unknown
1763110766.0243566,0,0.052000000000000005,0.5,1,1,1,190.07,194.00000000000318,254.35,None,None,None,0.0,unknown
1763110766.0703332,0,0.052000000000000005,0.5,0,0,1,189.96,193.9000000000032,254.35000000000002,None,None,None,0.0,unknown
1763110766.171817,0,0.053000000000000005,0.5,0,1,1,189.85,193.8000000000032,254.35,None,None,None,0.0,unknown
1763110766.2763793,0,0.053000000000000005,0.5,0,1,1,189.76,193.7000000000032,254.3,None,None,None,0.0,unknown
1763110766.529415,0,0.052000000000000005,0.5,0,0,1,189.65,193.6000000000032,254.25,None,None,None,0.0,unknown
1763110766.5864244,0,0.052000000000000005,0.5,0,1,1,189.54,193.5000000000032,254.25,None,None,None,0.0,unknown
1763110766.8115761,0,0.052000000000000005,0.5,1,0,1,189.45,193.40000000000322,254.2,None,None,None,0.0,unknown
1763110766.8879535,0,0.052000000000000005,0.5,0,0,1,189.59,193.30000000000322,254.25,None,None,None,0.0,unknown
1763110766.9847436,0,0.051000000000000004,0.5,0,0,1,189.73,193.20000000000323,254.39999999999998,None,None,None,0.0,unknown
1763110767.1029563,0,0.05,0.5,1,0,1,189.7,193.10000000000323,254.15,None,None,None,0.0,unknown
1763110767.1157813,0,0.051000000000000004,0.5,1,1,1,189.63,193.00000000000324,254.1,None,None,None,0.0,unknown
1763110767.323277,0,0.053000000000000005,0.5,1,1,1,189.6,192.90000000000325,253.9,None,None,None,0.0,unknown
1763110767.4230006,0,0.053000000000000005,0.5,0,1,1,189.53,192.80000000000325,253.7,None,None,None,0.0,unknown
1763110767.6475463,0,0.052000000000000005,0.5,0,0,1,189.46,192.70000000000326,253.60000000000002,None,None,None,0.0,unknown
1763110767.8127744,0,0.05,0.5,0,0,1,189.43,192.60000000000326,253.35000000000002,None,None,None,0.0,unknown
1763110767.9273915,0,0.048,0.5,0,0,1,189.36,192.50000000000327,253.25,None,None,None,0.0,unknown
1763110768.1457531,0,0.048,0.5,0,1,1,189.29,192.40000000000327,253.2,None,None,None,0.0,unknown
1763110768.325404,0,0.047,0.5,0,1,1,189.22,192.30000000000328,253.0,None,None,None,0.0,unknown
1763110768.4545913,0,0.047,0.5,0,0,1,189.11,192.20000000000329,253.05,None,None,None,0.0,unknown
1763110768.8426456,0,0.047,0.5,0,0,1,189,192.1000000000033,253.10000000000002,None,None,None,0.0,unknown
1763110768.984334,0,0.045000000000000005,0.5,0,0,1,188.89,192.0000000000033,253.15,None,None,None,0.0,unknown
1763110769.0619154,0,0.046,0.5,2,0,1,188.78,191.9000000000033,253.25,None,None,None,0.0,unknown
1763110769.1732042,0,0.047,0.5,1,0,1,188.67,191.8000000000033,253.3,None,None,None,0.0,unknown
1763110769.4583805,0,0.045000000000000005,0.5,0,0,1,188.56,191.7000000000033,253.35000000000002,None,None,None,0.0,unknown
1763110769.6848116,0,0.048,0.5,1,2,1,188.45,191.60000000000332,253.5,None,None,None,0.0,unknown
1763110769.7836761,0,0.049,0.5,1,0,1,188.34,191.50000000000333,253.55,None,None,None,0.0,unknown
1763110769.9756124,0,0.049,0.5,1,0,1,188.23,191.40000000000333,253.45,None,None,None,0.0,unknown
1763110770.2170508,0,0.049,0.5,0,0,1,187.95,191.30000000000334,253.14999999999998,None,None,None,0.0,unknown
1763110770.3405464,0,0.048,0.5,1,0,1,187.92,191.20000000000334,253.1,None,None,None,0.0,unknown
1763110770.4601183,0,0.049,0.5,2,0,1,187.89,191.10000000000335,253.0,None,None,None,0.0,unknown
1763110770.74338,0,0.049,0.5,0,0,1,187.86,191.00000000000335,252.95,None,None,None,0.0,unknown
1763110771.0554988,0,0.049,0.5,1,1,1,187.79,190.90000000000336,253.0,None,None,None,0.0,unknown
1763110771.1976821,0,0.05,0.5,1,1,1,187.72,190.80000000000337,252.7,None,None,None,0.0,unknown
1763110771.536365,0,0.05,0.5,1,0,1,187.69,190.70000000000337,252.4,None,None,None,0.0,unknown
1763110771.7899964,0,0.049,0.5,1,1,1,187.62,190.60000000000338,252.25,None,None,None,0.0,unknown
1763110771.8513832,0,0.047,0.5,0,0,1,187.59,190.50000000000338,252.05,None,None,None,0.0,unknown
1763110771.9685955,0,0.048,0.5,1,0,1,187.52,190.4000000000034,251.9,None,None,None,0.0,unknown
1763110772.1159396,0,0.047,0.5,0,0,1,187.45,190.3000000000034,251.8,None,None,None,0.0,unknown
1763110772.2650568,0,0.046,0.5,1,0,1,187.55,190.2000000000034,251.89999999999998,None,None,None,0.0,unknown
1763110772.7570813,0,0.047,0.5,1,0,1,187.44,190.1000000000034,251.85,None,None,None,0.0,unknown
1763110772.9359634,0,0.046,0.5,0,0,1,187.33,190.0000000000034,251.95,None,None,None,0.0,unknown
1763110773.1142528,0,0.046,0.5,1,0,1,187.22,189.90000000000342,252.0,None,None,None,0.0,unknown
1763110773.2202666,0,0.045000000000000005,0.5,0,0,1,187.11,189.80000000000342,252.05,None,None,None,0.0,unknown
1763110773.269584,0,0.044000000000000004,0.5,0,0,1,187,189.70000000000343,252.05,None,None,None,0.0,unknown
1763110773.3743804,0,0.043000000000000003,0.5,1,0,1,186.89,189.60000000000343,252.2,None,None,None,0.0,unknown
1763110773.4168217,0,0.042,0.5,0,0,1,186.78,189.50000000000344,252.14999999999998,None,None,None,0.0,unknown
1763110773.5106866,0,0.042,0.5,1,0,1,186.67,189.40000000000344,252.29999999999998,None,None,None,0.0,unknown
1763110773.660877,0,0.042,0.5,2,0,1,186.67,189.30000000000345,252.3,None,None,None,0.0,unknown
1763110773.7711015,0,0.044000000000000004,0.5,2,0,1,186.51,189.20000000000346,252.15,None,None,None,0.0,unknown
1763110773.9245431,0,0.044000000000000004,0.5,1,1,1,186.35,189.10000000000346,252.0,None,None,None,0.0,unknown
1763110774.0766075,0,0.046,0.5,2,2,1,186.19,189.00000000000347,251.8,None,None,None,0.0,unknown
1763110774.3690665,0,0.048,0.5,1,1,1,186.03,188.90000000000347,251.7,None,None,None,0.0,unknown
1763110774.544842,0,0.049,0.5,1,1,1,185.87,188.80000000000348,251.5,None,None,None,0.0,unknown
1763110774.6411185,0,0.05,0.5,2,0,1,185.71,188.70000000000348,251.45,None,None,None,0.0,unknown
1763110774.7652736,0,0.053000000000000005,0.5,2,1,1,185.55,188.6000000000035,251.4,None,None,None,0.0,unknown
1763110775.0380769,0,0.054,0.5,1,1,1,185.39,188.5000000000035,251.2,None,None,None,0.0,unknown
1763110775.1924279,0,0.056,0.5,2,1,1,185.23,188.4000000000035,251.10000000000002,None,None,None,0.0,unknown
1763110775.345691,0,0.057,0.5,1,0,1,185.23,188.3000000000035,251.25,None,None,None,0.0,unknown
1763110775.6752973,0,0.058,0.5,1,0,1,185.06,188.2000000000035,251.05,None,None,None,0.0,unknown
1763110775.6905103,0,0.057,0.5,0,0,1,184.89,188.10000000000352,250.9,None,None,None,0.0,unknown
1763110775.7487826,0,0.059000000000000004,0.5,3,1,1,184.72,188.00000000000352,250.8,None,None,None,0.0,unknown
1763110775.8064501,0,0.059000000000000004,0.5,2,0,1,184.55,187.90000000000353,250.79999999999998,None,None,None,0.0,unknown
1763110775.8904836,0,0.058,0.5,0,0,1,184.38,187.80000000000354,250.7,None,None,None,0.0,unknown
1763110776.0902722,0,0.060000000000000005,0.5,1,1,1,184.21,187.70000000000354,250.6,None,None,None,0.0,unknown
1763110776.3416543,0,0.060000000000000005,0.5,0,0,1,184.04,187.60000000000355,250.64999999999998,None,None,None,0.0,unknown
1763110776.4846218,0,0.062,0.5,1,1,1,183.87,187.50000000000355,250.55,None,None,None,0.0,unknown
1763110776.7003994,0,0.061000000000000006,0.5,0,0,1,183.7,187.40000000000356,250.6,None,None,None,0.0,unknown
1763110776.8987849,0,0.063,0.5,3,0,1,183.37,187.30000000000356,250.1,None,None,None,0.0,unknown
1763110777.0374527,0,0.064,0.5,1,0,1,183.21,187.20000000000357,249.9,None,None,None,0.0,unknown
1763110777.270582,0,0.065,0.5,1,0,1,183.05,187.10000000000358,249.75,None,None,None,0.0,unknown
1763110777.4657557,0,0.067,0.5,2,0,1,182.89,187.00000000000358,249.60000000000002,None,None,None,0.0,unknown
1763110777.5501997,0,0.066,0.5,1,0,1,182.73,186.9000000000036,249.5,None,None,None,0.0,unknown
1763110777.707694,0,0.067,0.5,1,1,1,182.57,186.8000000000036,249.35,None,None,None,0.0,unknown
1763110777.777542,0,0.069,0.5,2,0,1,182.45,186.7000000000036,249.15,None,None,None,0.0,unknown
1763110778.0821412,0,0.069,0.5,2,1,1,182.29,186.6000000000036,249.04999999999998,None,None,None,0.0,unknown
1763110778.2233956,0,0.069,0.5,0,1,1,182.13,186.5000000000036,248.85,None,None,None,0.0,unknown
1763110778.501982,0,0.07,0.5,1,1,1,181.97,186.40000000000362,248.64999999999998,None,None,None,0.0,unknown
1763110778.6006386,0,0.07200000000000001,0.5,1,1,1,181.81,186.30000000000362,248.6,None,None,None,0.0,unknown
1763110778.9826646,0,0.07100000000000001,0.5,0,0,1,181.71,186.20000000000363,248.7,None,None,None,0.0,unknown
1763110779.0336518,0,0.069,0.5,0,0,1,181.57,186.10000000000363,248.7,None,None,None,0.0,unknown
1763110779.2874424,0,0.069,0.5,0,0,1,181.47,186.00000000000364,248.60000000000002,None,None,None,0.0,unknown
1763110779.3891542,0,0.067,0.5,0,0,1,181.33,185.90000000000364,248.5,None,None,None,0.0,unknown
1763110779.6331532,0,0.065,0.5,0,0,1,181.23,185.80000000000365,248.35000000000002,None,None,None,0.0,unknown
1763110779.7651834,0,0.066,0.5,1,1,1,181.13,185.70000000000366,248.3,None,None,None,0.0,unknown
1763110779.7994542,0,0.064,0.5,0,0,1,181.03,185.60000000000366,248.3,None,None,None,0.0,unknown
1763110780.2711093,0,0.064,0.5,0,0,1,180.93,185.50000000000367,248.3,None,None,None,0.0,unknown
1763110780.376521,0,0.063,0.5,0,0,1,180.83,185.40000000000367,248.25,None,None,None,0.0,unknown
1763110780.566271,0,0.066,0.5,2,1,1,180.66,185.30000000000368,248.04999999999998,None,None,None,0.0,unknown
1763110780.600389,0,0.069,0.5,3,1,1,180.5,185.20000000000368,248.05,None,None,None,0.0,unknown
1763110780.816598,0,0.07,0.5,2,0,1,180.34,185.1000000000037,247.95,None,None,None,0.0,unknown
1763110780.8896332,0,0.07100000000000001,0.5,1,0,1,180.18,185.0000000000037,247.8,None,None,None,0.0,unknown
1763110780.9698427,0,0.07200000000000001,0.5,1,1,1,180.02,184.9000000000037,247.75,None,None,None,0.0,unknown
1763110781.263335,0,0.07300000000000001,0.5,1,0,1,179.83,184.8000000000037,247.75,None,None,None,0.0,unknown
1763110781.3630884,0,0.075,0.5,2,0,1,179.67,184.7000000000037,247.7,None,None,None,0.0,unknown
1763110781.4967062,0,0.077,0.5,2,1,1,179.51,184.60000000000372,247.55,None,None,None,0.0,unknown
1763110781.6078475,0,0.081,0.5,3,1,1,179.35,184.50000000000372,247.35,None,None,None,0.0,unknown
1763110781.7895424,0,0.082,0.5,2,0,1,179.19,184.40000000000373,247.3,None,None,None,0.0,unknown
1763110782.058254,0,0.08,0.5,0,0,1,179.02,184.30000000000373,247.14999999999998,None,None,None,0.0,unknown
1763110782.3563118,0,0.079,0.5,0,1,1,178.85,184.20000000000374,247.14999999999998,None,None,None,0.0,unknown
1763110782.466833,0,0.077,0.5,0,0,1,178.68,184.10000000000375,247.0,None,None,None,0.0,unknown
1763110782.7982304,0,0.07300000000000001,0.5,0,0,1,178.51,184.00000000000375,247.0,None,None,None,0.0,unknown
1763110783.068036,0,0.07100000000000001,0.5,0,0,1,178.34,183.90000000000376,247.0,None,None,None,0.0,unknown
1763110783.2741046,0,0.07,0.5,1,0,1,178.17,183.80000000000376,246.85,None,None,None,0.0,unknown
1763110783.3217428,0,0.07,0.5,2,0,1,178,183.70000000000377,246.7,None,None,None,0.0,unknown
1763110783.4336433,0,0.067,0.5,0,0,1,177.83,183.60000000000377,246.60000000000002,None,None,None,0.0,unknown
1763110783.4916239,0,0.066,0.5,0,1,1,177.66,183.50000000000378,246.4,None,None,None,0.0,unknown
1763110783.6073105,0,0.064,0.5,1,0,1,177.49,183.40000000000379,246.4,None,None,None,0.0,unknown
1763110783.7101133,0,0.063,0.5,0,0,1,177.16,183.3000000000038,246.3,None,None,None,0.0,unknown
1763110783.8647928,0,0.065,0.5,2,1,1,176.87,183.2000000000038,246.0,None,None,None,0.0,unknown
1763110784.082013,0,0.067,0.5,2,0,1,176.71,183.1000000000038,245.89999999999998,None,None,None,0.0,unknown
1763110784.421733,0,0.065,0.5,1,1,1,176.55,183.0000000000038,245.8,None,None,None,0.0,unknown
1763110784.5324,0,0.066,0.5,2,1,1,176.39,182.9000000000038,245.8,None,None,None,0.0,unknown
1763110784.7066479,0,0.069,0.5,3,0,1,176.23,182.80000000000382,245.75,None,None,None,0.0,unknown
1763110784.886073,0,0.07,0.5,2,1,1,176.07,182.70000000000383,245.65,None,None,None,0.0,unknown
1763110785.0278387,0,0.07200000000000001,0.5,2,0,1,175.91,182.60000000000383,245.7,None,None,None,0.0,unknown
1763110785.221162,0,0.073,0.5,2,1,1,175.75,182.50000000000384,245.64999999999998,None,None,None,0.0,unknown
1763110785.3969262,0,0.075,0.5,1,1,1,175.59,182.40000000000384,245.5,None,None,None,0.0,unknown
1763110785.4883456,0,0.07200000000000001,0.5,0,0,1,175.43,182.30000000000385,245.55,None,None,None,0.0,unknown
1763110785.676045,0,0.07200000000000001,0.5,1,0,1,175.33,182.20000000000385,245.39999999999998,None,None,None,0.0,unknown
1763110785.7240603,0,0.07200000000000001,0.5,1,0,1,175.23,182.10000000000386,245.35000000000002,None,None,None,0.0,unknown
1763110785.8825393,0,0.07,0.5,0,0,1,175.13,182.00000000000387,245.39999999999998,None,None,None,0.0,unknown
1763110785.9859128,0,0.069,0.5,0,0,1,174.99,181.90000000000387,245.35000000000002,None,None,None,0.0,unknown
1763110786.1704705,0,0.068,0.5,1,0,1,174.85,181.80000000000388,245.3,None,None,None,0.0,unknown
1763110786.5457945,0,0.066,0.5,0,0,1,174.75,181.70000000000388,245.15,None,None,None,0.0,unknown
1763110786.7494977,0,0.063,0.5,0,0,1,174.65,181.6000000000039,245.0,None,None,None,0.0,unknown
1763110786.8401904,0,0.062,0.5,0,0,1,174.51,181.5000000000039,244.9,None,None,None,0.0,unknown
1763110786.9890242,0,0.060000000000000005,0.5,0,0,1,174.41,181.4000000000039,244.89999999999998,None,None,None,0.0,unknown
1763110787.0755494,0,0.058,0.5,0,0,1,174.48,181.3000000000039,245.1,None,None,None,0.0,unknown
1763110787.1001077,0,0.058,0.5,0,0,1,174.55,181.2000000000039,245.3,None,None,None,0.0,unknown
1763110787.3408692,0,0.059000000000000004,0.5,1,0,1,174.39,181.10000000000392,245.14999999999998,None,None,None,0.0,unknown
1763110787.4418964,0,0.062,0.5,2,1,1,174.23,181.00000000000392,244.95,None,None,None,0.0,unknown
1763110787.616195,0,0.064,0.5,2,0,1,174.07,180.90000000000393,244.75,None,None,None,0.0,unknown
1763110787.7141163,0,0.065,0.5,1,0,1,173.91,180.80000000000393,244.60000000000002,None,None,None,0.0,unknown
1763110787.8304133,0,0.066,0.5,2,1,1,173.75,180.70000000000394,244.60000000000002,None,None,None,0.0,unknown
1763110787.9603274,0,0.068,0.5,2,0,1,173.59,180.60000000000394,244.45,None,None,None,0.0,unknown
1763110788.1135206,0,0.07100000000000001,0.5,2,1,1,173.43,180.50000000000395,244.35000000000002,None,None,None,0.0,unknown
1763110788.2670825,0,0.072,0.5,1,0,1,173.27,180.40000000000396,244.3,None,None,None,0.0,unknown
1763110788.5095108,0,0.069,0.5,0,0,1,173.27,180.30000000000396,244.35,None,None,None,0.0,unknown
1763110788.5733924,0,0.068,0.5,2,1,1,173.1,180.20000000000397,244.10000000000002,None,None,None,0.0,unknown
1763110788.7551806,0,0.066,0.5,0,0,1,172.96,180.10000000000397,244.05,None,None,None,0.0,unknown
1763110788.8366115,0,0.066,0.5,0,1,1,172.82,180.00000000000398,243.95,None,None,None,0.0,unknown
1763110789.1366875,0,0.065,0.5,0,1,1,172.68,179.90000000000398,243.8,None,None,None,0.0,unknown
1763110789.2435973,0,0.065,0.5,1,0,1,172.58,179.800000000004,243.65,None,None,None,0.0,unknown
1763110789.2623963,0,0.064,0.5,1,0,1,172.44,179.700000000004,243.60000000000002,None,None,None,0.0,unknown
1763110789.4560711,0,0.062,0.5,0,1,1,172.3,179.600000000004,243.39999999999998,None,None,None,0.0,unknown
1763110789.5327055,0,0.059000000000000004,0.5,1,0,1,172.2,179.500000000004,243.4,None,None,None,0.0,unknown
1763110789.7363265,0,0.057,0.5,0,0,1,172.06,179.400000000004,243.2,None,None,None,0.0,unknown
1763110789.8947947,0,0.058,0.5,0,1,1,171.89,179.30000000000402,243.05,None,None,None,0.0,unknown
1763110789.9832745,0,0.061,0.5,3,1,1,171.89,179.20000000000402,243.1,None,None,None,0.0,unknown
1763110790.0302637,0,0.066,0.5,3,2,1,171.89,179.10000000000403,243.1,None,None,None,0.0,unknown
1763110790.0827074,0,0.069,0.5,2,1,1,171.89,179.00000000000404,243.1,None,None,None,0.0,unknown
1763110790.3940856,0,0.07100000000000001,0.5,2,0,1,171.89,178.90000000000404,243.04999999999998,None,None,None,0.0,unknown
1763110790.4814973,0,0.073,0.5,3,0,1,171.89,178.80000000000405,243.15,None,None,None,0.0,unknown
1763110790.526295,0,0.074,0.5,2,1,1,171.89,178.70000000000405,243.05,None,None,None,0.0,unknown
1763110790.8938954,0,0.077,0.5,3,0,1,171.89,178.60000000000406,242.95,None,None,None,0.0,unknown
1763110791.0684419,0,0.078,0.5,2,0,1,171.89,178.50000000000406,242.9,None,None,None,0.0,unknown
1763110791.3035362,0,0.081,0.5,3,1,1,171.89,178.40000000000407,242.85,None,None,None,0.0,unknown
1763110791.3901162,0,0.085,0.5,2,2,1,171.73,178.30000000000408,242.5,None,None,None,0.0,unknown
1763110791.4177299,0,0.084,0.5,2,0,1,171.57,178.20000000000408,242.20000000000002,None,None,None,0.0,unknown
1763110791.5565546,0,0.085,0.5,2,1,1,171.41,178.1000000000041,241.89999999999998,None,None,None,0.0,unknown
1763110791.7003834,0,0.08600000000000001,0.5,2,1,1,171.25,178.0000000000041,241.55,None,None,None,0.0,unknown
1763110791.9705653,0,0.085,0.5,2,0,1,171.09,177.9000000000041,241.35,None,None,None,0.0,unknown
1763110792.2372572,0,0.08600000000000001,0.5,3,1,1,170.93,177.8000000000041,241.05,None,None,None,0.0,unknown
1763110792.3756263,0,0.085,0.5,2,0,1,170.77,177.7000000000041,240.8,None,None,None,0.0,unknown
1763110792.6062007,0,0.08600000000000001,0.5,2,1,1,170.65,177.60000000000412,240.5,None,None,None,0.0,unknown
1763110792.70142,0,0.08600000000000001,0.5,1,2,1,170.49,177.50000000000412,240.3,None,None,None,0.0,unknown
1763110792.8427334,0,0.085,0.5,1,0,1,170.33,177.40000000000413,239.95,None,None,None,0.0,unknown
1763110793.0331366,0,0.088,0.5,2,1,1,170.33,177.30000000000413,240.15,None,None,None,0.0,unknown
1763110793.0564196,0,0.089,0.5,2,0,1,170.33,177.20000000000414,240.35,None,None,None,0.0,unknown
1763110793.3736687,0,0.092,0.5,3,1,1,170.33,177.10000000000414,240.4,None,None,None,0.0,unknown
1763110793.4233499,0,0.096,0.5,2,2,1,170.33,177.00000000000415,240.45,None,None,None,0.0,unknown
1763110793.5746107,0,0.1,0.5,3,1,1,170.33,176.90000000000416,240.45000000000002,None,None,None,0.0,unknown
1763110793.8273404,0,0.101,0.5,1,1,1,170.33,176.80000000000416,240.64999999999998,None,None,None,0.0,unknown
1763110793.9147346,0,0.104,0.5,2,1,1,170.29,176.70000000000417,240.8,None,None,None,0.0,unknown
1763110794.0053656,0,0.107,0.5,2,1,1,170.29,176.60000000000417,240.9,None,None,None,0.0,unknown
1763110794.3234327,0,0.11,0.5,2,1,1,170.29,176.50000000000418,241.0,None,None,None,0.0,unknown
1763110794.4992826,0,0.115,0.5,4,1,1,170.29,176.40000000000418,241.20000000000002,None,None,None,0.0,unknown
1763110794.7321725,0,0.11800000000000001,0.5,2,1,1,170.29,176.3000000000042,241.29999999999998,None,None,None,0.0,unknown
1763110794.9783309,0,0.121,0.5,2,1,1,170.06,176.2000000000042,240.95000000000002,None,None,None,0.0,unknown
1763110795.2878938,0,0.123,0.5,2,1,1,169.87,176.1000000000042,240.64999999999998,None,None,None,0.0,unknown
1763110795.42849,0,0.122,0.5,1,1,1,169.64,176.0000000000042,240.25,None,None,None,0.0,unknown
1763110795.5444746,0,0.122,0.5,1,1,1,169.45,175.9000000000042,239.95,None,None,None,0.0,unknown
1763110795.719063,0,0.124,0.5,1,2,1,169.22,175.80000000000422,239.65,None,None,None,0.0,unknown
1763110795.7501085,0,0.122,0.5,1,0,1,168.99,175.70000000000422,239.3,None,None,None,0.0,unknown
1763110795.7978587,0,0.123,0.5,2,1,1,168.76,175.60000000000423,238.95000000000002,None,None,None,0.0,unknown
1763110796.0644712,0,0.124,0.5,2,2,1,168.53,175.50000000000423,238.5,None,None,None,0.0,unknown
1763110796.3774474,0,0.126,0.5,2,1,1,168.3,175.40000000000424,238.10000000000002,None,None,None,0.0,unknown
1763110796.5772452,0,0.128,0.5,2,0,1,168.14,175.30000000000425,237.85,None,None,None,0.0,unknown
1763110796.701552,0,0.128,0.5,2,1,1,168.14,175.20000000000425,237.65,None,None,None,0.0,unknown
1763110796.923279,0,0.131,0.5,2,1,1,168.14,175.10000000000426,237.65,None,None,None,0.0,unknown
1763110797.0713987,0,0.133,0.5,2,1,1,168.14,175.00000000000426,237.79999999999998,None,None,None,0.0,unknown
1763110797.266715,0,0.133,0.5,1,0,1,168.14,174.90000000000427,237.7,None,None,None,0.0,unknown
1763110797.4188073,0,0.133,0.5,1,0,1,168.17,174.80000000000427,237.55,None,None,None,0.0,unknown
1763110797.5471563,0,0.135,0.5,3,0,1,168.17,174.70000000000428,237.55,None,None,None,0.0,unknown
1763110797.7633953,0,0.138,0.5,3,1,1,168.17,174.6000000000043,237.55,None,None,None,0.0,unknown
1763110797.8553922,0,0.139,0.5,1,1,1,168.17,174.5000000000043,237.60000000000002,None,None,None,0.0,unknown
1763110798.0972726,0,0.143,0.5,3,1,1,168.17,174.4000000000043,237.55,None,None,None,0.0,unknown
1763110798.395849,0,0.144,0.5,2,0,1,168.01,174.3000000000043,237.35,None,None,None,0.0,unknown
1763110798.4805286,0,0.14200000000000002,0.5,2,0,1,167.85,174.2000000000043,237.05,None,None,None,0.0,unknown
1763110798.6908991,0,0.14,0.5,2,1,1,167.69,174.10000000000431,236.75,None,None,None,0.0,unknown
1763110798.9647667,0,0.139,0.5,1,1,1,167.53,174.00000000000432,236.25,None,None,None,0.0,unknown
1763110799.2656953,0,0.14100000000000001,0.5,3,1,1,167.37,173.90000000000433,235.95,None,None,None,0.0,unknown
1763110799.4504097,0,0.14,0.5,2,0,1,167.21,173.80000000000433,235.64999999999998,None,None,None,0.0,unknown
1763110799.577985,0,0.138,0.5,1,0,1,167.05,173.70000000000434,235.45,None,None,None,0.0,unknown
1763110799.6460552,0,0.139,0.5,3,1,1,166.89,173.60000000000434,235.14999999999998,None,None,None,0.0,unknown
1763110799.758337,0,0.139,0.5,2,0,1,166.73,173.50000000000435,234.85000000000002,None,None,None,0.0,unknown
1763110799.9984944,0,0.14,0.5,3,2,1,166.57,173.40000000000435,234.45,None,None,None,0.0,unknown
1763110800.1042855,0,0.139,0.5,3,0,1,166.57,173.30000000000436,234.2,None,None,None,0.0,unknown
1763110800.2167916,0,0.14100000000000001,0.5,2,2,1,166.53,173.20000000000437,234.15,None,None,None,0.0,unknown
1763110800.3545315,0,0.14200000000000002,0.5,3,1,1,166.53,173.10000000000437,234.3,None,None,None,0.0,unknown
1763110800.4742136,0,0.14200000000000002,0.5,2,1,1,166.53,173.00000000000438,234.3,None,None,None,0.0,unknown
1763110800.499627,0,0.144,0.5,3,1,1,166.53,172.90000000000438,234.25,None,None,None,0.0,unknown
1763110800.5685556,0,0.143,0.5,2,1,1,166.53,172.8000000000044,234.2,None,None,None,0.0,unknown
1763110800.6329117,0,0.143,0.5,2,0,1,166.57,172.7000000000044,234.15,None,None,None,0.0,unknown
1763110800.9007628,0,0.14200000000000002,0.5,1,1,1,166.57,172.6000000000044,234.0,None,None,None,0.0,unknown
1763110801.0601742,0,0.14200000000000002,0.5,2,1,1,166.57,172.5000000000044,233.9,None,None,None,0.0,unknown
1763110801.3192985,0,0.14300000000000002,0.5,1,1,1,166.57,172.4000000000044,233.95,None,None,None,0.0,unknown
1763110801.601289,0,0.14300000000000002,0.5,2,1,1,166.57,172.30000000000442,233.85,None,None,None,0.0,unknown
1763110801.666089,0,0.144,0.5,2,1,1,166.34,172.20000000000442,233.55,None,None,None,0.0,unknown
1763110801.7617161,0,0.14100000000000001,0.5,1,0,1,166.11,172.10000000000443,233.29999999999998,None,None,None,0.0,unknown
1763110801.965098,0,0.14,0.5,2,1,1,165.88,172.00000000000443,232.95000000000002,None,None,None,0.0,unknown
1763110802.0017529,0,0.138,0.5,1,1,1,165.73,171.90000000000444,232.60000000000002,None,None,None,0.0,unknown
1763110802.2698977,0,0.139,0.5,1,2,1,165.54,171.80000000000445,232.25,None,None,None,0.0,unknown
1763110802.3904312,0,0.139,0.5,1,2,1,165.31,171.70000000000445,232.05,None,None,None,0.0,unknown
1763110802.5371764,0,0.138,0.5,0,2,1,165.08,171.60000000000446,231.75,None,None,None,0.0,unknown
1763110802.780056,0,0.137,0.5,1,1,1,164.89,171.50000000000446,231.39999999999998,None,None,None,0.0,unknown
1763110803.096979,0,0.132,0.5,0,0,1,164.66,171.40000000000447,231.05,None,None,None,0.0,unknown
1763110803.2877815,0,0.131,0.5,1,1,1,164.43,171.30000000000447,230.75,None,None,None,0.0,unknown
1763110803.3182795,0,0.129,0.5,1,0,1,164.2,171.20000000000448,230.4,None,None,None,0.0,unknown
1763110803.4741926,0,0.126,0.5,0,0,1,164.2,171.10000000000448,230.45,None,None,None,0.0,unknown
1763110803.529794,0,0.127,0.5,1,2,1,164.2,171.0000000000045,230.4,None,None,None,0.0,unknown
1763110803.7296777,0,0.126,0.5,0,1,1,164.2,170.9000000000045,230.39999999999998,None,None,None,0.0,unknown
1763110803.9344223,0,0.125,0.5,1,1,1,164.2,170.8000000000045,230.5,None,None,None,0.0,unknown
1763110804.1109602,0,0.125,0.5,0,1,1,164.2,170.7000000000045,230.45,None,None,None,0.0,unknown
1763110804.4043941,0,0.124,0.5,1,1,1,164.2,170.6000000000045,230.45000000000002,None,None,None,0.0,unknown
1763110804.692224,0,0.122,0.5,0,2,1,164.2,170.50000000000452,230.45000000000002,None,None,None,0.0,unknown
1763110804.9237275,0,0.122,0.5,1,2,1,164.2,170.40000000000452,230.25,None,None,None,0.0,unknown
1763110805.0282936,0,0.122,0.5,1,1,1,164.04,170.30000000000453,230.0,None,None,None,0.0,unknown
1763110805.0999405,0,0.12,0.5,0,1,1,163.88,170.20000000000454,229.85,None,None,None,0.0,unknown
1763110805.317301,0,0.11900000000000001,0.5,1,1,1,163.69,170.10000000000454,229.60000000000002,None,None,None,0.0,unknown
1763110805.4506495,0,0.117,0.5,0,1,1,163.5,170.00000000000455,229.3,None,None,None,0.0,unknown
1763110805.5940123,0,0.117,0.5,1,0,1,163.28,169.90000000000455,229.0,None,None,None,0.0,unknown
1763110805.8852215,0,0.11800000000000001,0.5,0,2,1,163.09,169.80000000000456,228.75,None,None,None,0.0,unknown
1763110806.1402607,0,0.117,0.5,1,1,1,162.9,169.70000000000456,228.25,None,None,None,0.0,unknown
1763110806.558455,0,0.114,0.5,0,1,1,162.71,169.60000000000457,227.95,None,None,None,0.0,unknown
1763110806.5956235,0,0.113,0.5,1,0,1,162.48,169.50000000000458,227.6,None,None,None,0.0,unknown
1763110806.7504327,0,0.11,0.5,1,0,1,162.29,169.40000000000458,227.2,None,None,None,0.0,unknown
1763110807.068141,0,0.113,0.5,3,2,1,162.01,169.3000000000046,226.7,None,None,None,0.0,unknown
1763110807.310075,0,0.117,0.5,3,3,1,161.94,169.2000000000046,226.5,None,None,None,0.0,unknown
1763110807.501896,0,0.117,0.5,1,2,1,161.87,169.1000000000046,226.35000000000002,None,None,None,0.0,unknown
1763110807.7033188,0,0.12,0.5,3,2,1,161.8,169.0000000000046,226.2,None,None,None,0.0,unknown
1763110807.9443288,0,0.12,0.5,2,2,1,161.73,168.9000000000046,226.04999999999998,None,None,None,0.0,unknown
1763110808.0863469,0,0.12,0.5,2,0,1,161.66,168.80000000000462,225.85,None,None,None,0.0,unknown
1763110808.150376,0,0.123,0.5,2,2,1,161.59,168.70000000000462,225.7,None,None,None,0.0,unknown
1763110808.2621312,0,0.124,0.5,2,3,1,161.52,168.60000000000463,225.6,None,None,None,0.0,unknown
1763110808.3288007,0,0.126,0.5,2,2,1,161.45,168.50000000000463,225.5,None,None,None,0.0,unknown
1763110808.5360794,0,0.124,0.5,3,0,1,161.33,168.40000000000464,225.3,None,None,None,0.0,unknown
1763110808.6175685,0,0.125,0.5,3,1,1,161.26,168.30000000000464,225.2,None,None,None,0.0,unknown
1763110808.7498744,0,0.124,0.5,1,2,1,161.19,168.20000000000465,225.15,None,None,None,0.0,unknown
1763110809.0682747,0,0.123,0.5,1,2,1,161.12,168.10000000000466,225.05,None,None,None,0.0,unknown
1763110809.3110569,0,0.123,0.5,2,1,1,161.05,168.00000000000466,224.95,None,None,None,0.0,unknown
1763110809.582498,0,0.123,0.5,2,2,1,160.98,167.90000000000467,224.75,None,None,None,0.0,unknown
1763110809.8474982,0,0.125,0.5,3,2,1,160.91,167.80000000000467,224.64999999999998,None,None,None,0.0,unknown
1763110809.9494689,0,0.127,0.5,3,1,1,160.84,167.70000000000468,224.55,None,None,None,0.0,unknown
1763110810.2307343,0,0.128,0.5,2,1,1,160.73,167.60000000000468,224.45000000000002,None,None,None,0.0,unknown
1763110810.283088,0,0.128,0.5,2,1,1,160.66,167.5000000000047,224.3,None,None,None,0.0,unknown
1763110810.4111717,0,0.128,0.5,2,0,1,160.59,167.4000000000047,224.1,None,None,None,0.0,unknown
1763110810.421391,0,0.127,0.5,1,1,1,160.52,167.3000000000047,223.85,None,None,None,0.0,unknown
1763110810.5067685,0,0.129,0.5,4,1,1,160.45,167.2000000000047,223.55,None,None,None,0.0,unknown
1763110810.6991425,0,0.132,0.5,2,2,1,160.38,167.1000000000047,223.39999999999998,None,None,None,0.0,unknown
1763110810.9777145,0,0.131,0.5,1,1,1,160.31,167.00000000000472,223.25,None,None,None,0.0,unknown
1763110811.151299,0,0.132,0.5,2,1,1,160.24,166.90000000000472,223.1,None,None,None,0.0,unknown
1763110811.2840312,0,0.132,0.5,1,2,1,160.17,166.80000000000473,222.9,None,None,None,0.0,unknown
1763110811.6419346,0,0.132,0.5,2,1,1,160.1,166.70000000000474,222.7,None,None,None,0.0,unknown
1763110811.7909214,0,0.133,0.5,2,1,1,160.03,166.60000000000474,222.55,None,None,None,0.0,unknown
1763110811.9226136,0,0.134,0.5,2,1,1,159.91,166.50000000000475,222.35,None,None,None,0.0,unknown
1763110812.261639,0,0.137,0.5,2,1,1,159.84,166.40000000000475,222.05,None,None,None,0.0,unknown
1763110812.299739,0,0.137,0.5,1,1,1,159.81,166.30000000000476,221.85000000000002,None,None,None,0.0,unknown
1763110812.428172,0,0.139,0.5,3,0,1,159.69,166.20000000000476,221.70000000000002,None,None,None,0.0,unknown
1763110812.6757407,0,0.14100000000000001,0.5,2,0,1,159.62,166.10000000000477,221.60000000000002,None,None,None,0.0,unknown
1763110812.9029984,0,0.14,0.5,2,0,1,159.55,166.00000000000477,221.5,None,None,None,0.0,unknown
1763110813.0960002,0,0.14100000000000001,0.5,0,2,1,159.48,165.90000000000478,221.4,None,None,None,0.0,unknown
1763110813.14834,0,0.14,0.5,1,0,1,159.41,165.8000000000048,221.3,None,None,None,0.0,unknown
1763110813.200544,0,0.14100000000000001,0.5,2,0,1,159.29,165.7000000000048,220.95,None,None,None,0.0,unknown
1763110813.285474,0,0.14200000000000002,0.5,2,1,1,159.22,165.6000000000048,220.85,None,None,None,0.0,unknown
1763110813.4411163,0,0.143,0.5,2,1,1,159.15,165.5000000000048,220.79999999999998,None,None,None,0.0,unknown
1763110813.812519,0,0.143,0.5,2,1,1,159.08,165.4000000000048,220.60000000000002,None,None,None,0.0,unknown
1763110813.9627502,0,0.14200000000000002,0.5,1,0,1,159.01,165.30000000000481,220.45,None,None,None,0.0,unknown
1763110814.0047896,0,0.14200000000000002,0.5,1,0,1,158.94,165.20000000000482,220.39999999999998,None,None,None,0.0,unknown
1763110814.3153577,0,0.143,0.5,3,0,1,158.87,165.10000000000483,220.25,None,None,None,0.0,unknown
1763110814.4671106,0,0.145,0.5,3,0,1,158.8,165.00000000000483,220.1,None,None,None,0.0,unknown
1763110814.545616,0,0.147,0.5,2,1,1,158.73,164.90000000000484,220.05,None,None,None,0.0,unknown
1763110814.671239,0,0.149,0.5,2,2,1,158.66,164.80000000000484,219.95000000000002,None,None,None,0.0,unknown
1763110814.8171337,0,0.15,0.5,2,1,1,158.59,164.70000000000485,219.7,None,None,None,0.0,unknown
1763110814.846122,0,0.152,0.5,1,2,1,158.52,164.60000000000485,219.5,None,None,None,0.0,unknown
1763110814.9824712,0,0.154,0.5,2,1,1,158.45,164.50000000000486,219.2,None,None,None,0.0,unknown
1763110815.213929,0,0.153,0.5,0,0,1,158.33,164.40000000000487,219.05,None,None,None,0.0,unknown
1763110815.4587846,0,0.151,0.5,2,1,1,158.26,164.30000000000487,218.8,None,None,None,0.0,unknown
1763110815.5407543,0,0.149,0.5,2,2,1,158.19,164.20000000000488,218.5,None,None,None,0.0,unknown
1763110815.6074939,0,0.147,0.5,1,0,1,158.12,164.10000000000488,218.25,None,None,None,0.0,unknown
1763110815.7167904,0,0.144,0.5,1,1,1,158.05,164.0000000000049,218.10000000000002,None,None,None,0.0,unknown
1763110815.8652751,0,0.143,0.5,2,1,1,157.98,163.9000000000049,217.89999999999998,None,None,None,0.0,unknown
1763110815.9124336,0,0.145,0.5,3,1,1,157.91,163.8000000000049,217.8,None,None,None,0.0,unknown
1763110816.0691767,0,0.145,0.5,3,1,1,157.84,163.7000000000049,217.6,None,None,None,0.0,unknown
1763110816.1395726,0,0.143,0.5,2,1,1,157.77,163.6000000000049,217.5,None,None,None,0.0,unknown
1763110816.3383675,0,0.142,0.5,3,0,1,157.65,163.50000000000492,217.3,None,None,None,0.0,unknown
1763110816.5718691,0,0.142,0.5,3,0,1,157.58,163.40000000000492,217.2,None,None,None,0.0,unknown
1763110816.8316176,0,0.141,0.5,3,0,1,157.51,163.30000000000493,217.0,None,None,None,0.0,unknown
1763110817.2099562,0,0.141,0.5,2,1,1,157.39,163.20000000000493,216.8,None,None,None,0.0,unknown
1763110817.3299015,0,0.141,0.5,2,1,1,157.32,163.10000000000494,216.5,None,None,None,0.0,unknown
1763110817.4596817,0,0.141,0.5,3,0,1,157.25,163.00000000000495,216.20000000000002,None,None,None,0.0,unknown
1763110817.6487424,0,0.141,0.5,2,2,1,157.18,162.90000000000495,215.95,None,None,None,0.0,unknown
1763110817.7681174,0,0.139,0.5,2,1,1,157.11,162.80000000000496,215.75,None,None,None,0.0,unknown
1763110817.8768554,0,0.138,0.5,2,1,1,157,162.70000000000496,215.5,None,None,None,0.0,unknown
1763110817.9554906,0,0.138,0.5,2,1,1,156.93,162.60000000000497,215.39999999999998,None,None,None,0.0,unknown
1763110818.134263,0,0.139,0.5,3,1,1,156.86,162.50000000000497,215.20000000000002,None,None,None,0.0,unknown
1763110818.3341005,0,0.14,0.5,2,1,1,156.79,162.40000000000498,214.95,None,None,None,0.0,unknown
1763110818.5091383,0,0.14,0.5,2,0,1,156.72,162.30000000000499,214.85,None,None,None,0.0,unknown
1763110818.5945919,0,0.139,0.5,3,1,1,156.65,162.200000000005,214.70000000000002,None,None,None,0.0,unknown
1763110818.884625,0,0.137,0.5,2,0,1,156.58,162.100000000005,214.35,None,None,None,0.0,unknown
1763110819.149985,0,0.139,0.5,3,1,1,156.51,162.000000000005,214.15,None,None,None,0.0,unknown
1763110819.2961984,0,0.138,0.5,2,0,1,156.4,161.900000000005,213.95,None,None,None,0.0,unknown
1763110819.4874766,0,0.14,0.5,3,2,1,156.33,161.800000000005,213.8,None,None,None,0.0,unknown
1763110819.853671,0,0.14100000000000001,0.5,2,2,1,156.26,161.70000000000502,213.6,None,None,None,0.0,unknown
1763110820.0175877,0,0.14100000000000001,0.5,2,1,1,156.19,161.60000000000502,213.45,None,None,None,0.0,unknown
1763110820.119982,0,0.14,0.5,2,0,1,156.12,161.50000000000503,213.35,None,None,None,0.0,unknown
1763110820.2050374,0,0.14,0.5,2,1,1,156,161.40000000000504,213.15,None,None,None,0.0,unknown
1763110820.375266,0,0.14100000000000001,0.5,2,1,1,155.93,161.30000000000504,213.05,None,None,None,0.0,unknown
1763110820.636866,0,0.142,0.5,3,1,1,155.86,161.20000000000505,212.85000000000002,None,None,None,0.0,unknown
1763110820.8456888,0,0.145,0.5,3,2,1,155.79,161.10000000000505,212.6,None,None,None,0.0,unknown
1763110820.9894285,0,0.145,0.5,1,1,1,155.72,161.00000000000506,212.5,None,None,None,0.0,unknown
1763110821.1504662,0,0.147,0.5,2,2,1,155.65,160.90000000000506,212.4,None,None,None,0.0,unknown
1763110821.269471,0,0.15,0.5,3,1,1,155.53,160.80000000000507,212.25,None,None,None,0.0,unknown
1763110821.4161294,0,0.151,0.5,2,1,1,155.46,160.70000000000508,212.2,None,None,None,0.0,unknown
1763110821.6836758,0,0.151,0.5,2,1,1,155.39,160.60000000000508,212.1,None,None,None,0.0,unknown
1763110821.7672188,0,0.151,0.5,2,1,1,155.32,160.5000000000051,212.0,None,None,None,0.0,unknown
1763110822.0051491,0,0.149,0.5,1,0,1,155.25,160.4000000000051,211.85,None,None,None,0.0,unknown
1763110822.1113622,0,0.153,0.5,3,2,1,155.18,160.3000000000051,211.85,None,None,None,0.0,unknown
1763110822.264935,0,0.156,0.5,2,2,1,155.11,160.2000000000051,211.7,None,None,None,0.0,unknown
1763110822.5530522,0,0.158,0.5,2,3,1,154.99,160.1000000000051,211.4,None,None,None,0.0,unknown
1763110822.765592,0,0.157,0.5,1,1,1,154.92,160.00000000000512,211.2,None,None,None,0.0,unknown
1763110823.0324898,0,0.157,0.5,2,1,1,154.88,159.90000000000512,211.1,None,None,None,0.0,unknown
1763110823.2124588,0,0.156,0.5,2,1,1,154.77,159.80000000000513,211.0,None,None,None,0.0,unknown
1763110823.377739,0,0.156,0.5,2,1,1,154.7,159.70000000000513,211.0,None,None,None,0.0,unknown
1763110823.5048532,0,0.154,0.5,0,1,1,154.63,159.60000000000514,210.89999999999998,None,None,None,0.0,unknown
1763110823.6153197,0,0.152,0.5,1,0,1,154.56,159.50000000000514,210.75,None,None,None,0.0,unknown
1763110823.9262211,0,0.156,0.5,2,2,1,154.49,159.40000000000515,210.64999999999998,None,None,None,0.0,unknown
1763110824.3712487,0,0.164,0.5,6,5,1,154.37,159.30000000000516,210.60000000000002,None,None,None,0.0,unknown
1763110824.4842536,0,0.169,0.5,5,4,1,154.2,159.20000000000516,210.5,None,None,None,0.0,unknown
1763110824.7674417,0,0.178,0.5,5,5,1,154.03,159.10000000000517,210.3,None,None,None,0.0,unknown
1763110824.8356364,0,0.186,0.5,6,4,1,153.86,159.00000000000517,210.04999999999998,None,None,None,0.0,unknown
1763110824.9462547,0,0.192,0.5,5,4,1,153.69,158.90000000000518,209.85000000000002,None,None,None,0.0,unknown
1763110825.1955373,0,0.196,0.5,4,4,1,153.52,158.80000000000518,209.65,None,None,None,0.0,unknown
1763110825.375297,0,0.202,0.5,6,4,1,153.35,158.7000000000052,209.55,None,None,None,153.35,unknown
1763110825.60522,0,0.209,0.5,5,5,1,153.18,158.6000000000052,209.45,None,None,None,153.35,unknown
1763110825.7817373,0,0.213,0.5,4,3,1,153.01,158.5000000000052,209.35000000000002,0.0,None,0.20925,153.35,unknown
1763110826.078908,0,0.219,0.5,5,4,1,152.89,158.4000000000052,209.3,0.10336256965438999,None,0.11076243034561002,153.35,unknown
1763110826.1123917,0,0.223,0.5,5,2,1,152.72,158.3000000000052,209.3,0.06062324692626814,None,0.15793925307373186,153.35,unknown
1763110826.3241339,0,0.229,0.5,5,4,1,152.55,158.20000000000522,209.1,0.030913999095827125,None,0.19286725090417287,153.35,unknown
1763110826.3934164,0,0.234,0.5,4,4,1,152.38,158.10000000000522,209.0,0.012549204004470146,None,0.21634142099552986,153.35,unknown
1763110826.623504,0,0.23600000000000002,0.5,3,2,1,152.21,158.00000000000523,208.95,0.0018203952772097454,None,0.23062491722279024,153.35,unknown
1763110826.732517,0,0.239,0.5,4,3,1,152.04,157.90000000000524,208.95,-0.004401703501583465,None,0.24012435975158347,153.35,unknown
1763110826.9169295,0,0.244,0.5,5,3,1,151.87,157.80000000000524,208.85,-0.008128569755207666,None,0.24798989788020767,153.35,unknown
1763110827.144343,0,0.25,0.5,5,4,1,151.7,157.70000000000525,208.64999999999998,-0.010496262662256318,None,0.2554269267247563,153.35,unknown
1763110827.3758001,0,0.254,0.5,4,3,1,151.53,157.60000000000525,208.6,-0.012099828118238856,None,0.26156516014948883,153.35,unknown
1763110827.5321903,0,0.258,0.5,5,3,1,151.36,157.50000000000526,208.45,-0.013235829833702466,None,0.26696849584932747,153.35,unknown
1763110827.584983,0,0.264,0.5,5,4,1,151.19,157.40000000000526,208.45000000000002,-0.01404276010801785,None,0.27290909311583034,153.35,unknown
1763110827.68336,0,0.267,0.5,3,2,1,151.02,157.30000000000527,208.4,-0.014574696551133654,None,0.2775078630550399,153.35,unknown
1763110827.8522403,0,0.269,0.5,3,3,1,150.85,157.20000000000528,208.35,-0.014848631890160986,None,0.2808152151421141,153.35,unknown
1763110827.8915663,0,0.275,0.5,4,4,1,150.68,157.10000000000528,208.29999999999998,-0.014862056329445601,None,0.28534534795542216,153.35,unknown
1763110828.0931487,0,0.28,0.5,6,3,1,150.51,157.0000000000053,208.25,-0.014592420895309433,None,0.2898340667082977,153.35,unknown
1763110828.3289964,0,0.287,0.5,5,4,1,150.34,156.9000000000053,208.25,-0.014014766587864982,None,0.2951355894943591,153.35,unknown
1763110828.4453256,0,0.289,0.5,5,2,1,150.17,156.8000000000053,208.2,-0.013095429140479285,None,0.2981558405937263,153.35,unknown
1763110828.4993227,0,0.294,0.5,5,4,1,150,156.7000000000053,208.10000000000002,-0.011817097376256545,None,0.30134730310288,153.35,unknown
1763110828.761993,0,0.3,0.5,4,5,1,149.83,156.6000000000053,208.0,-0.010148689564812742,None,0.30491379242812444,153.35,unknown
1763110828.863227,0,0.306,0.5,4,4,1,149.71,156.50000000000531,208.0,-0.007998792050449397,None,0.3083813434821052,153.35,unknown
1763110829.012281,0,0.31,0.5,4,3,1,149.54,156.40000000000532,207.95,-0.0054718799292751644,None,0.3106631556451031,153.35,unknown
1763110829.2565002,0,0.313,0.5,4,2,1,149.33,156.30000000000533,207.9,-0.0025214025793876254,None,0.31161704043730154,153.35,unknown
1763110829.3293974,0,0.317,0.5,5,3,1,149.21,156.20000000000533,207.9,0.0009442111776760651,None,0.3121036077512809,153.35,unknown
1763110829.4239936,0,0.319,0.5,4,3,1,149.04,156.10000000000534,207.85000000000002,0.004876070875994224,None,0.3111478385884842,153.35,unknown
1763110829.5536888,0,0.325,0.5,4,4,1,148.87,156.00000000000534,207.89999999999998,0.00929976973913526,None,0.311212184993104,153.35,unknown
1763110829.8976033,0,0.328,0.5,5,2,1,148.7,155.90000000000535,207.9,0.01425810058511995,None,0.3099978767809997,153.35,unknown
1763110830.0142493,0,0.332,0.5,5,3,1,148.53,155.80000000000535,207.9,0.01975442788436112,None,0.3083735607986987,153.35,unknown
1763110830.1442237,0,0.335,0.5,4,2,1,148.41,155.70000000000536,207.89999999999998,0.025663870351412488,None,0.30590012399011746,153.35,unknown
1763110830.3550577,0,0.34,0.5,5,3,1,148.24,155.60000000000537,207.89999999999998,0.03211232406960508,None,0.3036696731011599,153.35,unknown
1763110830.568508,0,0.342,0.5,3,2,1,148.07,155.50000000000537,207.89999999999998,0.03911806015307627,None,0.29977293843230624,153.35,unknown
1763110830.8477783,0,0.34700000000000003,0.5,4,2,1,147.9,155.40000000000538,207.95,0.04665216006211029,None,0.296293339230581,153.35,unknown
1763110831.1006663,0,0.348,0.5,4,2,1,147.73,155.30000000000538,207.89999999999998,0.05472035807128364,None,0.29075239157506194,153.35,unknown
1763110831.2365108,0,0.35,0.5,4,2,1,147.56,155.2000000000054,207.8,0.063269475139532,None,0.28446689968364075,153.35,unknown
1763110831.4720664,0,0.35,0.5,4,1,1,147.39,155.1000000000054,207.7,0.07226733130597449,None,0.2766008561056119,153.35,unknown
1763110831.7588716,0,0.354,0.5,3,3,1,147.22,155.0000000000054,207.54999999999998,0.08165427938591745,None,0.2697798143198757,153.35,unknown
1763110831.8713946,0,0.358,0.5,4,3,1,147.05,154.9000000000054,207.5,0.0914337747986821,None,0.2632832720542145,153.35,unknown
1763110832.0108628,0,0.362,0.5,4,3,1,146.88,154.8000000000054,207.5,0.10159166933267433,None,0.2567668540937739,153.35,unknown
1763110832.0955064,0,0.366,0.5,4,3,1,146.71,154.70000000000542,207.5,0.11210336343422987,None,0.25007589827899424,153.35,unknown
1763110832.1532376,0,0.373,0.5,5,3,1,146.54,154.60000000000542,207.55,0.12293790828237558,None,0.24465172257423648,153.35,unknown
1763110832.4576266,0,0.377,0.5,4,1,1,146.37,154.50000000000543,207.65,0.13410967219034983,None,0.23818514323795617,153.35,unknown
1763110832.606115,0,0.379,0.5,4,2,1,146.25,154.40000000000543,207.64999999999998,0.14503787771989238,None,0.23060952999426063,153.35,unknown
1763110832.6596527,0,0.373,0.5,3,2,1,146.08,154.30000000000544,207.75,0.15636792734660127,None,0.2179557765104752,153.35,unknown
1763110832.7177544,0,0.371,0.5,4,3,1,145.91,154.20000000000545,207.79999999999998,0.1678005188238692,None,0.20486133310466903,153.35,unknown
1763110832.759346,0,0.368,0.5,4,3,1,145.74,154.10000000000545,207.89999999999998,0.17922608496148815,None,0.19110484100278094,153.35,unknown
1763110832.8961568,0,0.363,0.5,3,2,1,145.57,154.00000000000546,207.95,0.19054651717220367,0.02591663517039415,0.17611894580993087,153.35,ripe
1763110832.9735656,0,0.361,0.5,4,3,1,145.4,153.90000000000546,207.85000000000002,0.20165167152447924,0.0267314654086347,0.16218105996658802,153.35,ripe
1763110833.1558125,0,0.361,0.5,6,2,1,145.23,153.80000000000547,207.85,0.2125255932808483,0.02748527225766399,0.1498907724646853,153.35,ripe
1763110833.2524645,0,0.355,0.5,3,1,1,145.06,153.70000000000547,207.75,0.22318577961961217,0.028166585873292963,0.13552240325315462,153.35,ripe
1763110833.4591923,0,0.352,0.5,4,3,1,144.89,153.60000000000548,207.64999999999998,0.23350374787612768,0.028778191957951768,0.12185034356025573,153.35,ripe
1763110833.6776726,0,0.349,0.5,3,1,1,144.77,153.50000000000549,207.65,0.24274545452589383,0.02932446120073972,0.10943159119229787,153.35,ripe
1763110833.7470083,0,0.344,0.5,3,1,1,144.6,153.4000000000055,207.5,0.25197114888595773,0.02980191253391729,0.09611737397313813,153.35,ripe
1763110833.9520366,0,0.342,0.5,3,2,1,144.43,153.3000000000055,207.45000000000002,0.26095336046340484,0.030217475308398783,0.08409090096614308,153.35,ripe
1763110834.2895591,0,0.338,0.5,4,1,1,144.31,153.2000000000055,207.45,0.2688790569344021,0.03057349277205357,0.07264307378037188,153.35,ripe
1763110834.3384476,0,0.334,0.5,3,1,1,144.14,153.1000000000055,207.5,0.27681440771601423,0.03086996502761557,0.0609466576413728,153.35,ripe
1763110834.5022748,0,0.333,0.5,3,1,1,143.97,153.0000000000055,207.6,0.28452947945564844,0.0311154842247088,0.05085105322304506,153.35,ripe
1763110834.6942148,0,0.332,0.5,5,1,1,143.8,152.90000000000552,207.6,0.29197265614418977,0.031315322938191115,0.04171761019515696,153.35,ripe
1763110834.8954082,0,0.329,0.5,4,1,1,143.63,152.80000000000553,207.64999999999998,0.29911639247316624,0.0314684070713215,0.03222874069650716,153.35,ripe
1763110835.153878,0,0.325,0.5,4,1,1,143.46,152.70000000000553,207.64999999999998,0.3059005805157688,0.031573240883148494,0.02227198606906794,153.35,ripe
1763110835.3332746,0,0.322,0.5,3,1,1,143.29,152.60000000000554,207.65,0.3122732303051457,0.031632969141694764,0.0128130529872727,153.35,ripe
1763110835.4355087,0,0.319,0.5,4,1,1,143.12,152.50000000000554,207.7,0.3182346216775861,0.03165054063235512,0.003808519968623081,153.35,ripe
1763110835.671011,0,0.316,0.5,4,2,1,142.95,152.40000000000555,207.75,0.32378850865594194,0.031628784923332647,-0.004766937832837381,153.35,ripe
1763110835.8402395,0,0.315,0.5,4,0,1,142.78,152.30000000000555,207.7,0.32894110100079776,0.03157495286123172,-0.01193031558924551,153.35,ripe
1763110835.9328184,0,0.315,0.5,4,2,1,142.61,152.20000000000556,207.65,0.33374811916342545,0.031495838239463794,-0.01774272645764935,153.35,ripe
1763110836.31984,0,0.313,0.5,5,1,1,142.44,152.10000000000556,207.75,0.33826573531523435,0.03139117471644517,-0.023763038962346272,153.35,ripe
1763110836.6359696,0,0.309,0.5,4,1,1,142.27,152.00000000000557,207.7,0.34247793174928975,0.03125754863241626,-0.030726583572845745,153.35,ripe
1763110836.9717166,0,0.306,0.5,4,2,1,142.1,151.90000000000558,207.64999999999998,0.3463337461847404,0.03109676244350816,-0.03745807209651836,153.35,ripe
1763110837.0623221,0,0.303,0.5,3,1,1,141.93,151.80000000000558,207.6,0.34983863088218303,0.030910827921610703,-0.043900793838071994,153.35,ripe
1763110837.3293178,0,0.297,0.5,3,0,1,141.76,151.7000000000056,207.45,0.3530016814015289,0.03069553600202862,-0.05153276287947339,153.35,ripe
1763110837.447823,0,0.294,0.5,5,1,1,141.59,151.6000000000056,207.35000000000002,0.3557612754394655,0.030456471315798667,-0.0580268161784378,153.35,ripe
1763110837.640671,0,0.292,0.5,5,1,1,141.42,151.5000000000056,207.10000000000002,0.3581681092104605,0.030199350567930335,-0.06330087957994668,153.35,ripe
1763110837.806701,0,0.291,0.5,4,2,1,141.3,151.4000000000056,207.1,0.3595232717519524,0.029933240863025512,-0.0665896569366955,153.35,ripe
1763110838.1017272,0,0.291,0.5,3,3,1,141.13,151.3000000000056,206.95,0.36106971951633776,0.029661278220555344,-0.06910291210870928,153.35,ripe
1763110838.2690854,0,0.29,0.5,4,3,1,140.96,151.20000000000562,206.85000000000002,0.36264620363981465,0.029383406797987358,-0.07166279993600039,153.35,ripe
1763110838.343539,0,0.288,0.5,3,2,1,140.79,151.10000000000562,206.9,0.3641522337674547,0.029098150152823847,-0.07466053191554761,153.35,ripe
1763110838.4168322,0,0.284,0.5,3,1,1,140.62,151.00000000000563,206.85000000000002,0.3655182319742417,0.028801588247306022,-0.07877238104828821,153.35,ripe
1763110838.9126878,0,0.28099999999999997,0.5,2,2,1,140.45,150.90000000000563,206.8,0.36666671972560966,0.02849446348112433,-0.08279379426263295,153.35,ripe
1763110839.1075194,0,0.27999999999999997,0.5,5,2,1,140.33,150.80000000000564,206.65,0.3668773480170507,0.02818456626017309,-0.08494088528556237,153.35,ripe
1763110839.1665611,0,0.27799999999999997,0.5,3,1,1,140.16,150.70000000000564,206.45,0.36732086460743246,0.027870802327992203,-0.08735263324168835,153.35,ripe
1763110839.508439,0,0.275,0.5,3,2,1,139.99,150.60000000000565,206.4,0.3677927969904897,0.02755129205755925,-0.09030868130761766,153.35,ripe
1763110839.647122,0,0.274,0.5,3,1,1,139.82,150.50000000000566,206.39999999999998,0.3681727049603784,0.027229121149097764,-0.09243064711894239,153.35,ripe
1763110839.9136972,0,0.272,0.5,3,1,1,139.65,150.40000000000566,206.3,0.36845321942540704,0.026904312650380298,-0.09458219050468902,153.35,ripe
1763110839.926665,0,0.271,0.5,3,2,1,139.48,150.30000000000567,206.05,0.36861043072766314,0.026578898576548594,-0.09617491626730412,153.35,ripe
1763110840.1542778,0,0.271,0.5,4,2,1,139.31,150.20000000000567,205.89999999999998,0.36865986786440447,0.026255719603190005,-0.09694211063422492,153.35,ripe
1763110840.3940616,0,0.271,0.5,3,2,1,139.19,150.10000000000568,205.85,0.36797911843538417,0.025938872619269287,-0.09662023982029438,153.35,ripe
1763110840.5644467,0,0.27,0.5,4,1,1,139.02,150.00000000000568,205.85,0.3676212448693714,0.025625851857449138,-0.09694180556182652,153.35,ripe
1763110840.7156358,0,0.268,0.5,4,1,1,138.85,149.9000000000057,205.6,0.3673798895047101,0.02531399390808358,-0.09804016985093766,153.35,ripe
1763110840.989686,0,0.265,0.5,3,1,1,138.68,149.8000000000057,205.4,0.3671326455721676,0.025000675875588293,-0.09996278574528139,153.35,ripe
1763110841.2975564,0,0.262,0.5,3,1,1,138.51,149.7000000000057,205.35,0.3667992886034884,0.02468495303264302,-0.1022143586900453,153.35,ripe
1763110841.6790287,0,0.261,0.5,5,2,1,138.34,149.6000000000057,205.2,0.36634414114312625,0.024369722878396588,-0.10355167618640465,153.35,ripe
1763110841.7712626,0,0.262,0.5,4,2,1,138.17,149.5000000000057,205.05,0.3657991353602683,0.024059481684901636,-0.10340290288190751,153.35,ripe
1763110842.065359,0,0.262,0.5,4,2,1,138,149.40000000000572,205.0,0.36522766837980414,0.023754803852045585,-0.1030295521406237,153.35,ripe
1763110842.2560256,0,0.273,0.5,9,7,1,137.93,149.30000000000572,204.95,0.36345083714801857,0.023476245034641855,-0.09585177902842834,153.35,ripe
1763110842.479199,0,0.279,0.5,7,6,1,137.86,149.20000000000573,204.7,0.36141794770474484,0.023224860324758602,-0.08811841864494968,153.35,ripe
1763110842.840223,0,0.285,0.5,7,6,1,137.79,149.10000000000574,204.4,0.359463347188649,0.022999998429272105,-0.08031358265875138,153.35,ripe
1763110843.0884829,0,0.293,0.5,7,6,1,137.72,149.00000000000574,204.15,0.3577365085587141,0.022803051817168362,-0.07166162629376527,153.35,ripe
1763110843.240264,0,0.296,0.5,6,4,1,137.65,148.90000000000575,203.95,0.35634058064851964,0.022626816123970078,-0.06530313951604522,153.35,ripe
1763110843.392366,0,0.302,0.5,8,6,1,137.58,148.80000000000575,203.7,0.35520572834559366,0.022471220554419986,-0.05868700777935648,153.35,ripe
1763110843.610683,0,0.31,0.5,6,6,1,137.51,148.70000000000576,203.39999999999998,0.3543536270625698,0.022338073525826754,-0.05109426677945117,153.35,ripe
1763110843.6881056,0,0.317,0.5,7,7,1,137.44,148.60000000000576,203.14999999999998,0.35382637601694794,0.022226098684820082,-0.04369669587538866,153.35,ripe
1763110843.8443792,0,0.325,0.5,7,5,1,137.37,148.50000000000577,203.0,0.35361289758644565,0.0221352184391791,-0.03604805751566598,153.35,ripe
1763110844.1210551,0,0.332,0.5,6,5,1,137.3,148.40000000000578,202.7,0.3537186332711133,0.02206341573298571,-0.028936213235723485,153.35,ripe
1763110844.1473062,0,0.339,0.5,7,5,1,137.23,148.30000000000578,202.4,0.3541167473200259,0.022009109420032657,-0.022225537302330955,153.35,ripe
1763110844.2486978,0,0.345,0.5,6,5,1,137.16,148.2000000000058,202.0,0.35478630757695667,0.021969777352850092,-0.01634070256810921,153.35,ripe
1763110844.365578,0,0.351,0.5,6,4,1,137.09,148.1000000000058,201.7,0.35569042768484055,0.021943761530434456,-0.010967625180416829,153.35,ripe
1763110844.4120855,0,0.358,0.5,6,5,1,137.02,148.0000000000058,201.4,0.3568054288144382,0.02193103068311476,-0.0054440275622263945,153.35,ripe
1763110844.600583,0,0.362,0.5,6,4,1,136.95,147.9000000000058,201.0,0.3581336642588261,0.02192767979819741,-0.0014529636327201834,153.35,ripe
1763110844.7047217,0,0.367,0.5,6,4,1,136.88,147.8000000000058,200.7,0.3596139152973215,0.02193274540335947,0.0022264350157314428,153.35,ripe
1763110845.0193708,0,0.371,0.5,6,3,1,136.81,147.70000000000582,200.4,0.3612323000929152,0.02194439389157761,0.005187875063611291,153.35,ripe
1763110845.13314,0,0.377,0.5,6,4,1,136.74,147.60000000000582,200.0,0.36296026661205105,0.021963788185706493,0.008749820966212185,153.35,ripe
1763110845.4661407,0,0.386,0.5,7,7,1,136.67,147.50000000000583,199.65,0.36481851758357176,0.021994510885956792,0.01403652620555984,153.35,ripe
1763110845.4991775,0,0.391,0.5,6,5,1,136.6,147.40000000000583,199.3,0.36686843948432857,0.02203355405217831,0.018059082410237237,153.35,ripe
1763110845.5732238,0,0.398,0.5,7,4,1,136.53,147.30000000000584,199.0,0.36906202932541315,0.02208140604499748,0.022401731621869758,153.35,ripe
1763110845.855607,0,0.402,0.5,6,4,1,136.46,147.20000000000584,198.7,0.37140924915143203,0.022134863827087493,0.025322631322209466,153.35,ripe
1763110845.9599273,0,0.406,0.5,6,4,1,136.39,147.10000000000585,198.35000000000002,0.37385784977615905,0.022192269677072794,0.027508090460661716,153.35,ripe
1763110846.2448695,0,0.412,0.5,6,5,1,136.32,147.00000000000585,198.10000000000002,0.37638089359113874,0.02225479662803696,0.030302076527271626,153.35,ripe
1763110846.3905303,0,0.418,0.5,6,6,1,136.25,146.90000000000586,197.8,0.3789991865092755,0.02232284080139822,0.033342298549929705,153.35,ripe
1763110846.5935924,0,0.426,0.5,6,6,1,136.18,146.80000000000587,197.45,0.38172057767071127,0.022398445213246996,0.037450164858891355,153.35,ripe
1763110846.8131876,0,0.432,0.5,5,4,1,136.11,146.70000000000587,197.15,0.38458130429479537,0.022480350522547744,0.04100406697000597,153.35,ripe
1763110847.0836728,0,0.437,0.5,6,5,1,136.04,146.60000000000588,196.85,0.38756124300036493,0.022566799688742787,0.04373144263203571,153.35,ripe
1763110847.2328491,0,0.443,0.5,6,6,1,135.97,146.50000000000588,196.5,0.3906313026079424,0.022657818065996663,0.046515040208257974,153.35,ripe
1763110847.2936468,0,0.449,0.5,6,6,1,135.9,146.4000000000059,196.14999999999998,0.3937928779849158,0.022753286819261885,0.04928029342318441,153.35,ripe
1763110847.3378189,1763110847.3637233,0.454,0.5,5,6,0,135.88,146.3000000000059,195.85,0.3964760228245808,0.02285302205886332,0.05206056287946931,153.35,ripe
1763110847.397408,1763110847.3637233,0.458,0.5,6,5,0,135.81,146.3000000000059,195.45,0.3995279581435468,0.02295492885267866,0.05374033470847828,153.35,ripe
1763110847.738859,1763110847.3637233,0.467,0.5,7,7,0,135.74,146.3000000000059,195.1,0.40277292038104595,0.023062655628775054,0.05736122604496663,153.35,ripe
1763110848.030622,1763110847.3637233,0.474,0.5,5,6,0,135.67,146.3000000000059,194.7,0.4062054364214346,0.023175896698791876,0.060861636791571694,153.35,ripe
1763110848.2954073,1763110847.3637233,0.48,0.5,5,5,0,135.6,146.3000000000059,194.3,0.40978606597316486,0.02329343695269358,0.06374747063333824,153.35,ripe
1763110848.5117152,1763110847.3637233,0.483,0.5,5,5,0,135.53,146.3000000000059,193.85000000000002,0.4134767039078964,0.02341184479023454,0.06479006439535512,153.35,ripe
1763110848.7815442,1763110847.3637233,0.49,0.5,5,6,0,135.46,146.3000000000059,193.65,0.4172082194138334,0.023533094950533417,0.06692516473779236,153.35,ripe
1763110848.971159,1763110847.3637233,0.495,0.5,5,5,0,135.39,146.3000000000059,193.25,0.42101166497264175,0.023656240360785837,0.06855502710317113,153.35,ripe
1763110849.2937353,1763110847.3637233,0.501,0.5,4,6,0,135.32,146.3000000000059,192.9,0.4248683870594321,0.023781667226426724,0.07041495897847438,153.35,ripe
1763110849.4170508,1763110847.3637233,0.507,0.5,5,5,0,135.25,146.3000000000059,192.60000000000002,0.4287846213066916,0.023909490729374868,0.0723570517122617,153.35,ripe
1763110849.4849708,1763110847.3637233,0.514,0.5,5,7,0,135.18,146.3000000000059,192.35000000000002,0.4327623659294848,0.024040571775198704,0.07480847057999185,153.35,ripe
1763110849.652614,1763110847.3637233,0.52,0.5,6,6,0,135.11,146.3000000000059,192.1,0.4368174826193705,0.02417435795162082,0.07696793563536786,153.35,ripe
1763110849.7155964,1763110847.3637233,0.525,0.5,5,5,0,135.04,146.3000000000059,191.9,0.44094043658613485,0.024309649421162538,0.07845227254123427,153.35,ripe
1763110849.966364,1763110847.3637233,0.531,0.5,5,6,0,134.97,146.3000000000059,191.65,0.4451097550886484,0.02444668639482835,0.08008659947503621,153.35,ripe
1763110850.1844888,1763110847.3637233,0.537,0.5,5,6,0,134.9,146.3000000000059,191.3,0.4493301332396279,0.02458552892295308,0.0817680440422145,153.35,ripe
1763110850.312845,1763110847.3637233,0.544,0.5,5,6,0,134.83,146.3000000000059,190.95,0.453603027385754,0.024726993181393042,0.08394606125516724,153.35,ripe
1763110850.4664001,1763110847.3637233,0.552,0.5,5,7,0,134.76,146.3000000000059,190.7,0.45794392315199833,0.024872228386894617,0.08683062116846224,153.35,ripe
1763110850.717543,1763110847.3637233,0.556,0.5,5,6,0,134.69,146.3000000000059,190.35,0.4623747304563719,0.0250183585588478,0.08801254170385842,153.35,ripe
1763110850.918931,1763110847.3637233,0.56,0.5,4,6,0,134.62,146.3000000000059,190.0,0.4668425730940363,0.025163986898941094,0.08835106298607887,153.35,ripe
1763110851.085212,1763110847.3637233,0.5660000000000001,0.5,6,6,0,134.55,146.3000000000059,189.7,0.4713214758170788,0.025310085360418382,0.08927534222297878,153.35,ripe
1763110851.1666126,1763110847.3637233,0.5640000000000001,0.5,6,8,0,134.48,146.3000000000059,189.39999999999998,0.4758296053793049,0.02545059094482758,0.0864688036407239,153.35,ripe
1763110851.4763594,1763110847.3637233,0.559,0.5,4,4,0,134.41,146.3000000000059,189.25,0.480252651432291,0.025580317968114302,0.08039655307772342,153.35,ripe
1763110851.6974878,1763110847.3637233,0.556,0.5,4,6,0,134.34,146.3000000000059,188.9,0.48449122246855525,0.02569863368245747,0.07383337978645199,153.35,ripe
1763110851.7974582,1763110847.3637233,0.554,0.5,5,6,0,134.27,146.3000000000059,188.60000000000002,0.4885310263801041,0.025806272921805765,0.06763127474739955,153.35,ripe
1763110852.0573287,1763110847.3637233,0.554,0.5,4,6,0,134.2,146.3000000000059,188.35,0.4923836873865083,0.025905388534228045,0.06269746317724356,153.35,ripe
1763110852.151124,1763110847.3637233,0.55,0.5,4,6,0,134.13,146.3000000000059,188.1,0.49608819044976804,0.02599403841383599,0.056452384832107905,153.35,ripe
1763110852.329259,1763110847.3637233,0.55,0.5,6,6,0,134.06,146.3000000000059,187.9,0.4996054183236111,0.02607463723800919,0.05166486931732689,153.35,ripe
1763110852.6264267,1763110847.3637233,0.548,0.5,5,7,0,133.99,146.3000000000059,187.65,0.5029797523260537,0.026146948437883497,0.04665539149441522,153.35,ripe
1763110852.7905526,1763110847.3637233,0.547,0.5,5,6,0,133.92,146.3000000000059,187.5,0.5062049217598595,0.026211799729024963,0.04211265015037491,153.35,ripe
1763110852.9454906,1763110847.3637233,0.549,0.5,6,7,0,133.85,146.3000000000059,187.3,0.5092952687361756,0.026272032576388257,0.03936351721894171,153.35,ripe
1763110853.0795877,1763110847.3637233,0.549,0.5,6,6,0,133.78,146.3000000000059,187.05,0.5123046352401825,0.026327570620939822,0.03652475773737618,153.35,ripe
1763110853.2827308,1763110847.3637233,0.549,0.5,4,7,0,133.71,146.3000000000059,186.75,0.5152305570520985,0.026378471109700194,0.033684139436680915,153.35,ripe
1763110853.5036695,1763110847.3637233,0.55,0.5,6,5,0,133.64,146.3000000000059,186.6,0.5180731725946653,0.026425604559626687,0.0313841756497244,153.35,ripe
1763110853.6248684,1763110847.3637233,0.55,0.5,5,6,0,133.57,146.3000000000059,186.25,0.5208486658703189,0.02646871335040763,0.028880008251876088,153.35,ripe
1763110853.7636905,1763110847.3637233,0.553,0.5,6,7,0,133.5,146.3000000000059,186.05,0.5235511500711013,0.026509979753575576,0.02781318698999613,153.35,ripe
1763110853.9073055,1763110847.3637233,0.553,0.5,5,5,0,133.43,146.3000000000059,185.85,0.5262230981084942,0.02654826566195013,0.025959070422054586,153.35,ripe
1763110854.1584775,1763110847.3637233,0.555,0.5,5,6,0,133.36,146.3000000000059,185.64999999999998,0.5288414519860559,0.026584552446910367,0.02474963227921856,153.35,ripe
1763110854.523363,1763110847.3637233,0.557,0.5,6,6,0,133.29,146.3000000000059,185.3,0.5314252034137429,0.02661934558238871,0.023870338718894435,153.35,ripe
1763110854.6325738,1763110847.3637233,0.554,0.5,6,5,0,133.22,146.3000000000059,185.1,0.5339840723827198,0.026649290491610765,0.020663698683598852,153.35,ripe
1763110854.8283443,1763110847.3637233,0.554,0.5,5,6,0,133.15,146.3000000000059,184.85,0.5364502175961258,0.02667504377999935,0.0178736679370336,153.35,ripe
1763110855.187799,1763110847.3637233,0.554,0.5,5,6,0,133.08,146.3000000000059,184.60000000000002,0.5388358843559871,0.026697000986314674,0.015326058410592647,153.35,ripe
1763110855.349802,1763110847.3637233,0.555,0.5,6,5,0,133.01,146.3000000000059,184.4,0.5411482099925986,0.026716137485184064,0.013432761390691272,153.35,ripe
1763110855.6134636,1763110847.3637233,0.557,0.5,5,7,0,132.94,146.3000000000059,184.1,0.5434062364486439,0.02673368194023382,0.012384249243000967,153.35,ripe
1763110855.8571332,1763110847.3637233,0.557,0.5,5,6,0,132.87,146.3000000000059,183.95,0.5456344484001722,0.026748842298556237,0.010760794445650368,153.35,ripe
1763110856.1545377,1763110847.3637233,0.557,0.5,7,5,0,132.8,146.3000000000059,183.8,0.5478162902744315,0.026761286285214948,0.008881331148479887,153.35,ripe
1763110856.334281,1763110847.3637233,0.556,0.5,6,5,0,132.73,146.3000000000059,183.5,0.5499444331611671,0.026770211027111027,0.006404377550288554,153.35,ripe
1763110856.3816288,1763110847.3637233,0.559,0.5,6,6,0,132.66,146.3000000000059,183.4,0.5520017513790293,0.02677807356491169,0.005672653976698583,153.35,ripe
1763110856.5111551,1763110847.3637233,0.559,0.5,5,6,0,132.59,146.3000000000059,183.25,0.5540383420580227,0.02678400019093665,0.004298860619841194,153.35,ripe
1763110856.81027,1763110847.3637233,0.561,0.5,7,7,0,132.52,146.3000000000059,183.14999999999998,0.5560358439638446,0.026788982008348255,0.003632757375087392,153.35,ripe
1763110856.8799267,1763110847.3637233,0.558,0.5,5,4,0,132.45,146.3000000000059,182.95,0.5580144952338941,0.026790100360501154,0.0008198054355719187,153.35,ripe
1763110857.108863,1763110847.3637233,0.559,0.5,6,6,0,132.38,146.3000000000059,182.8,0.559913097534474,0.026788748788543242,-0.000995947199741054,153.35,ripe
1763110857.5610487,1763110847.3637233,0.559,0.5,5,6,0,132.31,146.3000000000059,182.65,0.5617600620957517,0.026784966585592283,-0.0028014869283852217,153.35,ripe
1763110857.7248716,1763110847.3637233,0.554,0.5,4,5,0,132.24,146.3000000000059,182.35,0.5635556969608614,0.02677546184089608,-0.007076409377178128,153.35,ripe
1763110857.8763077,1763110847.3637233,0.554,0.5,5,6,0,132.17,146.3000000000059,182.1,0.5652299994613162,0.026762111349167266,-0.009990355669474593,153.35,ripe
1763110857.989694,1763110847.3637233,0.554,0.5,5,5,0,132.1,146.3000000000059,181.85000000000002,0.5668215183753627,0.02674588792604403,-0.012201696479441804,153.35,ripe
1763110858.224383,1763110847.3637233,0.556,0.5,5,7,0,132.03,146.3000000000059,181.7,0.5683501184284355,0.02672863631937324,-0.013040207480475074,153.35,ripe
1763110858.362596,1763110847.3637233,0.557,0.5,5,7,0,131.96,146.3000000000059,181.5,0.5698545263290373,0.026710602353825212,-0.01369957085505713,153.35,ripe
1763110858.5740743,1763110847.3637233,0.559,0.5,6,6,0,131.89,146.3000000000059,181.2,0.5713397843483213,0.02669257504700898,-0.013762306611331154,153.35,ripe
1763110858.6977406,1763110847.3637233,0.56,0.5,5,6,0,131.82,146.3000000000059,180.95,0.5728226605088127,0.026674281841524997,-0.014033921640317581,153.35,ripe
1763110858.9002435,1763110847.3637233,0.562,0.5,5,7,0,131.75,146.3000000000059,180.75,0.5742972880480331,0.026656247372069442,-0.013902918613785564,153.35,ripe
1763110859.075444,1763110847.3637233,0.5630000000000001,0.5,6,7,0,131.68,146.3000000000059,180.6,0.5757749432366998,0.026638074117944287,-0.014077758519575934,153.35,ripe
1763110859.2393322,1763110847.3637233,0.5630000000000001,0.5,4,8,0,131.61,146.3000000000059,180.5,0.5772470661358524,0.026618933425599796,-0.014898473777290477,153.35,ripe
1763110859.3853285,1763110847.3637233,0.5660000000000001,0.5,7,6,0,131.54,146.3000000000059,180.35000000000002,0.5786956126725394,0.02660036593927456,-0.014521316493258385,153.35,ripe
1763110859.523226,1763110847.3637233,0.5660000000000001,0.5,5,6,0,131.47,146.3000000000059,180.05,0.580153981135578,0.026581191853631336,-0.015066833045937478,153.35,ripe
1763110859.6955388,1763110847.3637233,0.5670000000000001,0.5,6,6,0,131.4,146.3000000000059,180.1,0.5815964777574534,0.026561491965140023,-0.01555290371263307,153.35,ripe
1763110860.016038,1763110847.3637233,0.5670000000000001,0.5,5,6,0,131.33,146.3000000000059,180.0,0.5830247486348232,0.026540686015690134,-0.016502961612413047,153.35,ripe
1763110860.1503644,1763110847.3637233,0.5660000000000001,0.5,5,6,0,131.26,146.3000000000059,179.8,0.5844259060654966,0.026517890562722763,-0.018165012554291482,153.35,ripe
1763110860.3154671,1763110847.3637233,0.5670000000000001,0.5,6,6,0,131.19,146.3000000000059,179.75,0.5857802025305457,0.026493969751841415,-0.019149755774943156,153.35,ripe
1763110860.471221,1763110847.3637233,0.5660000000000001,0.5,5,4,0,131.12,146.3000000000059,179.60000000000002,0.5871063697008055,0.026468117150903383,-0.020791146323004273,153.35,ripe
1763110860.6711,1763110847.3637233,0.5680000000000001,0.5,7,7,0,131.05,146.3000000000059,179.35,0.588386244264582,0.02644184027338627,-0.021228632575681305,153.35,ripe
1763110861.0397584,1763110847.3637233,0.5650000000000001,0.5,6,5,0,131.05,146.3000000000059,179.25,0.588727573686945,0.026413973283281936,-0.022648767842494588,153.35,ripe
1763110861.3315222,1763110847.3637233,0.5670000000000001,0.5,5,5,0,131.05,146.3000000000059,179.45,0.5885693596847293,0.026387046649382424,-0.022029956762504077,153.35,ripe
1763110861.5253286,1763110847.3637233,0.5680000000000001,0.5,6,5,0,131.05,146.3000000000059,179.64999999999998,0.5882002536230455,0.02636163812482969,-0.020930552161932847,153.35,ripe
1763110861.6248062,1763110847.3637233,0.5680000000000001,0.5,5,6,0,131.05,146.3000000000059,179.8,0.5877491980169055,0.026337387113097292,-0.020114347286349088,153.35,ripe
1763110861.88413,1763110847.3637233,0.5670000000000001,0.5,5,4,0,131.05,146.3000000000059,179.95,0.5872661195877593,0.026313497966944918,-0.019948694222481134,153.35,ripe
1763110862.2299871,1763110847.3637233,0.5650000000000001,0.5,4,4,0,131.05,146.3000000000059,180.2,0.5867622242744699,0.026288987785929575,-0.020603511591830825,153.35,ripe
1763110862.6207764,1763110847.3637233,0.562,0.5,5,4,0,131.05,146.3000000000059,180.35000000000002,0.5862300508360337,0.026262807326630014,-0.022150694494714185,153.35,ripe
1763110863.0848517,1763110847.3637233,0.56,0.5,5,5,0,131.05,146.3000000000059,180.55,0.5856534221474705,0.026235073611568058,-0.023613743976810708,153.35,ripe
1763110863.3570247,1763110847.3637233,0.558,0.5,5,4,0,131.05,146.3000000000059,180.6,0.5850385547114969,0.0262058704044505,-0.025018715626166976,153.35,ripe
1763110863.3865094,1763110847.3637233,0.554,0.5,5,4,0,131.05,146.3000000000059,180.8,0.5843891186023236,0.026174103362665607,-0.027379199059658577,153.35,ripe
1763110863.6685405,1763110847.3637233,0.552,0.5,5,5,0,131.05,146.3000000000059,180.9,0.5836816103647691,0.026140448438106728,-0.02917665059343655,153.35,ripe
1763110863.8433518,1763110847.3637233,0.55,0.5,5,4,0,131.05,146.3000000000059,181.3,0.5829315534336001,0.02610526182470861,-0.030679073547933866,153.35,ripe
1763110864.0175016,1763110847.3637233,0.547,0.5,4,4,0,131.05,146.3000000000059,181.5,0.5821471156235788,0.026068169629483325,-0.03252087568074569,153.35,ripe
1763110864.2459364,1763110847.3637233,0.544,0.5,4,4,0,131.05,146.3000000000059,181.6,0.5813200713622413,0.02602902491335454,-0.034506951390824714,153.35,ripe
1763110864.491734,1763110847.3637233,0.539,0.5,3,5,0,131.05,146.3000000000059,181.8,0.5804471999638097,0.025986663170204982,-0.03754063997810131,153.35,ripe
1763110864.8339949,1763110847.3637233,0.539,0.5,5,5,0,131.05,146.3000000000059,182.0,0.5795025609388198,0.025943386723618653,-0.03854928094596555,153.35,ripe
1763110865.1264567,1763110847.3637233,0.538,0.5,4,6,0,131.05,146.3000000000059,182.25,0.5785375100814322,0.025899755616389342,-0.03906087008500503,153.35,ripe
1763110865.2684522,1763110847.3637233,0.536,0.5,4,6,0,131.05,146.3000000000059,182.45,0.577564543329501,0.025855486929118997,-0.03982622333128749,153.35,ripe
1763110865.5243676,1763110847.3637233,0.535,0.5,4,6,0,131.05,146.3000000000059,182.75,0.5765773550672733,0.025811006610994423,-0.04020819506816653,153.35,ripe
1763110865.8389037,1763110847.3637233,0.536,0.5,6,6,0,131.05,146.3000000000059,182.95,0.5755854457021046,0.025767621980063993,-0.03940086570255119,153.35,ripe
1763110866.0547526,1763110847.3637233,0.536,0.5,5,6,0,131.05,146.3000000000059,183.1,0.5746179692953394,0.025725393363894546,-0.03852567929556272,153.35,ripe
1763110866.4041243,1763110847.3637233,0.536,0.5,5,6,0,131.05,146.3000000000059,183.3,0.5736762715855092,0.025684328843024552,-0.037630126585620816,153.35,ripe
1763110866.6590877,1763110847.3637233,0.536,0.5,6,6,0,131.05,146.3000000000059,183.5,0.5727605329851203,0.025644411511234876,-0.03673746048517612,153.35,ripe
1763110866.7953305,1763110847.3637233,0.536,0.5,5,6,0,131.05,146.3000000000059,183.60000000000002,0.5718703765935405,0.025605612976065187,-0.03585884034356834,153.35,ripe
1763110867.528974,1763110847.3637233,0.534,0.5,4,6,0,131.05,146.3000000000059,183.7,0.5710051693128358,0.025566822489710237,-0.03599940118784983,153.35,ripe
1763110868.9556475,1763110847.3637233,0.535,0.5,5,7,0,131.05,146.3000000000059,183.8,0.5701401414938696,0.025529112920356655,-0.035137257431376634,153.35,ripe
1763110870.153617,1763110847.3637233,0.534,0.5,5,6,0,131.05,146.3000000000059,184.0,0.5692992181106385,0.02549191397085606,-0.03479777607939205,153.35,ripe
1763110871.7363102,1763110847.3637233,0.533,0.5,4,6,0,131.05,146.3000000000059,184.05,0.5684696815434422,0.02545494120582622,-0.034718960527818976,153.35,ripe
1763110873.3296025,1763110847.3637233,0.532,0.5,6,7,0,131.05,146.3000000000059,184.3,0.5676451888866053,0.025418052515595393,-0.03476982837879372,153.35,ripe
1763110874.8705583,1763110847.3637233,0.533,0.5,4,6,0,131.05,146.3000000000059,184.65,0.5668225710961198,0.025382233749940575,-0.03388489084221391,153.35,ripe
1763110876.2704756,1763110847.3637233,0.531,0.5,4,6,0,131,146.3000000000059,184.8,0.5666583684665957,0.025345655931536207,-0.03468952833964278,153.35,ripe
1763110878.0151896,1763110847.3637233,0.531,0.5,4,7,0,131,146.3000000000059,185.05,0.5661585893702766,0.02530920384726041,-0.03467416930680012,153.35,ripe
1763110879.5006735,1763110847.3637233,0.531,0.5,5,4,0,131,146.3000000000059,185.2,0.5655025234620183,0.025273302273540445,-0.03426031343028013,153.35,ripe
1763110880.6053004,1763110847.3637233,0.53,0.5,4,6,0,131,146.3000000000059,185.35,0.564779326743921,0.02523762471791495,-0.03415822172805183,153.35,ripe
1763110881.6394954,1763110847.3637233,0.529,0.5,5,4,0,131,146.3000000000059,185.5,0.5640214786567258,0.025202008719086965,-0.034210926148791176,153.35,ripe
1763110883.0331252,1763110847.3637233,0.527,0.5,5,5,0,131,146.3000000000059,185.7,0.563245205802256,0.02516585476393681,-0.03483992954828874,153.35,ripe
1763110884.69753,1763110847.3637233,0.525,0.5,5,5,0,131,146.3000000000059,185.85000000000002,0.5624470235619576,0.025128879651903784,-0.035744385434973935,153.35,ripe
1763110886.522896,1763110847.3637233,0.522,0.5,4,5,0,131,146.3000000000059,186.05,0.5616255522357361,0.025090441589571487,-0.03727423317224421,153.35,ripe
1763110887.925082,1763110847.3637233,0.519,0.5,3,5,0,131,146.3000000000059,186.2,0.5607689192884829,0.025050250025864997,-0.03909325975673694,153.35,ripe
1763110889.041284,1763110847.3637233,0.517,0.5,4,6,0,131,146.3000000000059,186.3,0.5598718649213414,0.025008700847673072,-0.040534035155468384,153.35,ripe
1763110890.9733632,1763110847.3637233,0.514,0.5,4,6,0,131,146.3000000000059,186.45,0.5589438533815068,0.024965492843227056,-0.042274938498570225,153.35,ripe
1763110892.017354,1763110847.3637233,0.512,0.5,4,6,0,131,146.3000000000059,186.60000000000002,0.5579784602915729,0.024921012005088963,-0.04364400285010461,153.35,ripe
1763110892.5657275,1763110847.3637233,0.51,0.5,5,6,0,131,146.3000000000059,186.65,0.5569844662079518,0.02487546198671863,-0.044817237487217665,153.35,ripe
1763110893.1954014,1763110847.3637233,0.509,0.5,4,6,0,131,146.3000000000059,186.89999999999998,0.5559664994892757,0.024829461975730986,-0.045382885128908645,153.35,ripe
1763110894.0389144,1763110847.3637233,0.507,0.5,5,5,0,131,146.3000000000059,187.10000000000002,0.554938437270835,0.024782811637288873,-0.04614663009065145,153.35,ripe
1763110894.2344477,1763110847.3637233,0.506,0.5,5,5,0,131,146.3000000000059,187.25,0.5538958211856214,0.024735925773471484,-0.04649991759552963,153.35,ripe
1763110894.8327053,1763110847.3637233,0.506,0.5,5,6,0,131,146.3000000000059,187.3,0.5528479316010807,0.0246895104373575,-0.04614997980603486,153.35,ripe
1763110895.4201562,1763110847.3637233,0.503,0.5,5,4,0,131,146.3000000000059,187.5,0.5518105535657896,0.024642395610944914,-0.046961577668266585,153.35,ripe
1763110896.0082476,1763110847.3637233,0.504,0.5,5,5,0,131,146.3000000000059,187.75,0.5507575395545367,0.02459602371750338,-0.046333051605775166,153.35,ripe
1763110896.811686,1763110847.3637233,0.499,0.5,4,5,0,131,146.3000000000059,187.85000000000002,0.5497211289133707,0.024548088132510193,-0.048008884938989915,153.35,ripe
1763110897.2999785,1763110847.3637233,0.497,0.5,4,5,0,131,146.3000000000059,187.85000000000002,0.5486497691763307,0.024498983467106356,-0.04929364718914031,153.35,ripe
1763110897.7527351,1763110847.3637233,0.498,0.5,5,6,0,131,146.3000000000059,187.95,0.5475522801977762,0.024450406614938712,-0.04887421920418106,153.35,ripe
1763110898.5847702,1763110847.3637233,0.496,0.5,4,5,0,131,146.3000000000059,188.10000000000002,0.5464665876981443,0.02440168583469935,-0.04912755720134665,153.35,ripe
1763110899.261363,1763110847.3637233,0.495,0.5,4,6,0,131,146.3000000000059,188.2,0.5453776783328076,0.024352990538462984,-0.049208163084408785,153.35,ripe
1763110899.726853,1763110847.3637233,0.497,0.5,5,6,0,131,146.3000000000059,188.3,0.5442893384983588,0.024305882883217108,-0.04770458087415941,153.35,ripe
1763110900.4590852,1763110847.3637233,0.499,0.5,5,5,0,131,146.3000000000059,188.45,0.5432364824217929,0.024261100135270556,-0.0454441036096932,153.35,ripe
1763110900.8434517,1763110847.3637233,0.502,0.5,5,7,0,131,146.3000000000059,188.5,0.5422355880142588,0.024219461216878336,-0.0423393986082089,153.35,ripe
1763110901.30901,1763110847.3637233,0.502,0.5,5,5,0,131,146.3000000000059,188.6,0.5413049581927194,0.024179850472222274,-0.04035686348969447,153.35,ripe
1763110901.4993868,1763110847.3637233,0.505,0.5,5,7,0,131,146.3000000000059,188.7,0.5404196580519158,0.024143168202977888,-0.03744561070040331,153.35,ripe
1763110902.0571592,1763110847.3637233,0.507,0.5,5,6,0,131,146.3000000000059,188.8,0.5395998093354314,0.024109325122590855,-0.03461278565967507,153.35,ripe
1763110902.376138,1763110847.3637233,0.505,0.5,3,5,0,131,146.3000000000059,188.9,0.5388434164893441,0.024076289173840495,-0.03384990465146598,153.35,ripe
1763110902.8180242,1763110847.3637233,0.504,0.5,3,5,0,131,146.3000000000059,188.95,0.5381050630350546,0.02404354835822205,-0.03360830711611551,153.35,ripe
1763110903.0696263,1763110847.3637233,0.505,0.5,4,5,0,131,146.3000000000059,188.8,0.5373733058061227,0.02401182179362463,-0.03262492784665327,153.35,ripe
1763110903.3086715,1763110847.3637233,0.507,0.5,4,6,0,131,146.3000000000059,188.9,0.5366642170874405,0.023981931449624624,-0.030790028107705814,153.35,ripe
1763110903.4745932,1763110847.3637233,0.508,0.5,4,5,0,131,146.3000000000059,188.9,0.5359961678990752,0.023953769271196124,-0.02905907340920788,153.35,ripe
1763110903.527671,1763110847.3637233,0.507,0.5,4,5,0,131,146.3000000000059,188.85,0.5353667432112158,0.02392629318770666,-0.028398195966282125,153.35,ripe
1763110903.942715,1763110847.3637233,0.507,0.5,4,6,0,131,146.3000000000059,188.89999999999998,0.5347526527452351,0.023899470038630178,-0.027768379122768305,153.35,ripe
1763110904.4758382,1763110847.3637233,0.507,0.5,4,6,0,131,146.3000000000059,188.95,0.53415315536338,0.02387327520479724,-0.0271610185521467,153.35,ripe
1763110905.092765,1763110847.3637233,0.504,0.5,3,4,0,131,146.3000000000059,188.95,0.5335677008272159,0.023846244181913855,-0.02807163242159927,153.35,ripe
1763110905.665012,1763110847.3637233,0.501,0.5,4,5,0,131,146.3000000000059,189.0,0.5329635574657734,0.023817673676621694,-0.029715523262965116,153.35,ripe
1763110905.9424121,1763110847.3637233,0.499,0.5,3,6,0,131,146.3000000000059,189.1,0.5323250066724942,0.023787719539555517,-0.031200989571089965,153.35,ripe
1763110906.2827723,1763110847.3637233,0.497,0.5,3,6,0,131,146.3000000000059,189.0,0.5316555317090654,0.023756474037285345,-0.032593523158363336,153.35,ripe
1763110907.100203,1763110847.3637233,0.494,0.5,4,5,0,131,146.3000000000059,189.10000000000002,0.5309571947333271,0.023723518646583553,-0.034426190457976125,153.35,ripe
1763110907.7133245,1763110847.3637233,0.491,0.5,3,5,0,131,146.3000000000059,189.0,0.5302206417511421,0.02368866960918954,-0.036455139613466636,153.35,ripe
1763110908.4113336,1763110847.3637233,0.49,0.5,4,5,0,131,146.3000000000059,189.0,0.5294417657653862,0.023652814284330557,-0.03755901469654843,153.35,ripe
1763110909.1934087,1763110847.3637233,0.488,0.5,4,6,0,131,146.3000000000059,189.1,0.5286403992547878,0.0236159199597098,-0.03869902372036893,153.35,ripe
1763110909.9771492,1763110847.3637233,0.485,0.5,3,5,0,131,146.3000000000059,189.1,0.5278158110995139,0.023577506534258764,-0.0403451233323045,153.35,ripe
1763110910.5285957,1763110847.3637233,0.485,0.5,4,6,0,131,146.3000000000059,189.14999999999998,0.5269572710406832,0.02353878390706608,-0.040721927157078563,153.35,ripe
1763110911.1404324,1763110847.3637233,0.48,0.5,4,4,0,131,146.3000000000059,189.2,0.5260918203229268,0.023497970761044207,-0.042974148381124455,153.35,ripe
1763110911.8509867,1763110847.3637233,0.481,0.5,5,6,0,131,146.3000000000059,189.14999999999998,0.5251796465093379,0.023457068478452678,-0.04312081053843675,153.35,ripe
1763110912.4905756,1763110847.3637233,0.47900000000000004,0.5,3,5,0,131,146.3000000000059,189.1,0.5242654804934173,0.023415632326093297,-0.04373606250796669,153.35,ripe
1763110912.9855037,1763110847.3637233,0.47600000000000003,0.5,3,5,0,131,146.3000000000059,189.14999999999998,0.523339382488185,0.023372978061081646,-0.04507467349545968,153.35,ripe
1763110913.59039,1763110847.3637233,0.47500000000000003,0.5,3,5,0,131,146.3000000000059,189.2,0.5223860596651746,0.02332973095478394,-0.04575370516881194,153.35,ripe
1763110914.029775,1763110847.3637233,0.47300000000000003,0.5,3,5,0,131,146.3000000000059,189.3,0.521419486839421,0.023285730314845626,-0.046603309591239594,153.35,ripe
1763110914.449128,1763110847.3637233,0.47000000000000003,0.5,2,4,0,131,146.3000000000059,189.3,0.5204360725367996,0.02324043447234684,-0.048027983912708905,153.35,ripe
1763110914.4995387,1763110847.3637233,0.46900000000000003,0.5,3,6,0,131,146.3000000000059,189.25,0.5194237104569517,0.023194535800712422,-0.048719666144906304,153.35,ripe
1763110914.660865,1763110847.3637233,0.467,0.5,2,6,0,131,146.3000000000059,189.25,0.5183978751459225,0.02314790801380573,-0.049545852989899775,153.35,ripe
1763110914.9347875,1763110847.3637233,0.464,0.5,2,4,0,131,146.3000000000059,189.35,0.5173557441085579,0.02310002734496455,-0.05092973303054649,153.35,ripe
1763110915.311518,1763110847.3637233,0.465,0.5,3,6,0,131,146.3000000000059,189.3,0.5162856111599575,0.023052530487402034,-0.05057260562095178,153.35,ripe
1763110915.3744097,1763110847.3637233,0.461,0.5,2,4,0,131,146.3000000000059,189.4,0.5152240563934353,0.02300386565119441,-0.05186755362393236,153.35,ripe
1763110915.5287871,1763110847.3637233,0.458,0.5,3,4,0,131,146.3000000000059,189.45,0.5141363973041949,0.022953757040536725,-0.05345814591944342,153.35,ripe
1763110915.6196046,1763110847.3637233,0.455,0.5,2,5,0,131,146.3000000000059,189.4,0.5130164698559957,0.022902086019157174,-0.05517734416361997,153.35,ripe
1763110915.8422697,1763110847.3637233,0.453,0.5,4,5,0,131,146.3000000000059,189.45,0.5118616225281627,0.022849279746375656,-0.0564420596819748,153.35,ripe
1763110916.0462756,1763110847.3637233,0.452,0.5,3,6,0,131,146.3000000000059,189.5,0.5106814023314957,0.02279602650096305,-0.0569716209084018,153.35,ripe
1763110916.1235847,1763110847.3637233,0.451,0.5,4,5,0,131,146.3000000000059,189.35,0.5094911922965241,0.02274266688142813,-0.05713630158497707,153.35,ripe
1763110916.352435,1763110847.3637233,0.449,0.5,3,5,0,131,146.3000000000059,189.25,0.5082986047999186,0.022688901372760965,-0.05762115944414514,153.35,ripe
1763110916.5745032,1763110847.3637233,0.447,0.5,4,5,0,131,146.3000000000059,189.14999999999998,0.5070969456812074,0.02263458783852027,-0.05825822300332073,153.35,ripe
1763110916.6880834,1763110847.3637233,0.444,0.5,3,3,0,131,146.3000000000059,189.0,0.505883038190928,0.022579196816340855,-0.059463676851984615,153.35,ripe
1763110916.7314866,1763110847.3637233,0.442,0.5,3,5,0,131,146.3000000000059,189.05,0.504645048845218,0.022522946736829984,-0.06043536817574635,153.35,ripe
1763110916.9497159,1763110847.3637233,0.441,0.5,3,5,0,131,146.3000000000059,189.1,0.50338785956815,0.022466418429525764,-0.060783019233414226,153.35,ripe
1763110917.1769638,1763110847.3637233,0.44,0.5,3,5,0,131,146.3000000000059,189.14999999999998,0.5021244518999007,0.02240989823920919,-0.060822031732532866,153.35,ripe
1763110917.3100414,1763110847.3637233,0.437,0.5,3,5,0,131,146.3000000000059,189.05,0.5008612256463253,0.022352596948075176,-0.06171001556264133,153.35,ripe
1763110917.5894926,1763110847.3637233,0.436,0.5,3,5,0,131,146.3000000000059,189.05,0.4995805417894801,0.02229506514197173,-0.06200493674763807,153.35,ripe
1763110917.7212079,1763110847.3637233,0.434,0.5,3,5,0,131,146.3000000000059,189.1,0.498294705923068,0.022237110331462077,-0.06250690340214704,153.35,ripe
1763110917.740037,1763110847.3637233,0.43,0.5,3,4,0,131,146.3000000000059,189.0,0.4969994159081773,0.022177716232686204,-0.06410551464771685,153.35,ripe
1763110918.1501381,1763110847.3637233,0.428,0.5,3,5,0,131,146.3000000000059,188.95,0.4956719578005365,0.02211732763665134,-0.06522500717030633,153.35,ripe
1763110918.3698182,1763110847.3637233,0.425,0.5,3,6,0,131,146.3000000000059,188.9,0.4943222726791573,0.022055709802567314,-0.06659879736404217,153.35,ripe
1763110918.6428711,1763110847.3637233,0.424,0.5,3,6,0,131,146.3000000000059,188.7,0.49294511408737934,0.02199368571039696,-0.06708337642982182,153.35,ripe
1763110918.6995935,1763110847.3637233,0.423,0.5,5,6,0,131,146.3000000000059,188.65,0.4915588756273719,0.02193166156330837,-0.0671280067985931,153.35,ripe
1763110918.7413058,1763110847.3637233,0.419,0.5,3,4,0,131,146.3000000000059,188.6,0.4901726359399419,0.021868450413381795,-0.06845720152555251,153.35,ripe
1763110918.860859,1763110847.3637233,0.418,0.5,3,4,0,131,146.3000000000059,188.5,0.488759866739083,0.02180486893102015,-0.06890214953188833,153.35,ripe
1763110919.0965364,1763110847.3637233,0.41600000000000004,0.5,1,5,0,131,146.3000000000059,188.25,0.48733882060830025,0.02174085879972176,-0.0694099620047029,153.35,ripe
1763110919.1302063,1763110847.3637233,0.41600000000000004,0.5,4,5,0,131,146.3000000000059,188.15,0.48590819417378117,0.021677317437177584,-0.0689437648719825,153.35,ripe
1763110919.3591726,1763110847.3637233,0.41400000000000003,0.5,3,5,0,131,146.3000000000059,188.1,0.4844880447209189,0.021613756924232175,-0.06900583007001954,153.35,ripe
1763110919.404504,0,0.41300000000000003,0.0,3,5,0,131,146.3000000000059,188.0,0.0,0.0,0.0,0.0,unknown
1763110919.4375799,0,0.41100000000000003,0.0,3,4,0,131,250,187.85,0.0,0.0,0.0,0.0,unknown
1763110919.4688468,0,0.40700000000000003,0.0,2,4,0,131,250,187.8,0.0,0.0,0.0,0.0,unknown
1763110919.4860144,0,0.404,0.0,3,4,0,131.05,250,187.7,0.0,0.0,0.0,0.0,unknown
1763110919.5111752,0,0.4,0.0,0,3,0,131.12,250,187.55,0.0,0.0,0.0,0.0,unknown
1763110919.5374193,0,0.391,0.0,0,0,0,131.47,250,187.45,0.0,0.0,0.0,0.0,unknown
1763110919.552545,0,0.382,0.0,0,0,0,131.94,250,187.55,0.0,0.0,0.0,0.0,unknown
1763110919.5876024,0,0.374,0.0,0,1,0,132.81,250,188.0,0.0,0.0,0.0,0.0,unknown
1763110919.609552,0,0.367,0.0,1,1,0,133.84,250,188.3,0.0,0.0,0.0,0.0,unknown
1763110919.630451,0,0.36,0.0,1,0,0,134.89,250,188.6,0.0,0.0,0.0,0.0,unknown
1763110919.645573,0,0.35100000000000003,0.0,0,0,0,136.06,250,189.25,0.0,0.0,0.0,0.0,unknown
1763110919.6602366,0,0.342,0.0,1,0,0,137.21,250,190.4,0.0,0.0,0.0,0.0,unknown
1763110919.6754863,0,0.336,0.0,1,1,0,138.38,250,191.5,0.0,0.0,0.0,0.0,unknown
1763110919.6921968,0,0.327,0.0,1,0,0,139.55,250,192.7,0.0,0.0,0.0,0.0,unknown
1763110919.710491,0,0.321,0.0,2,0,0,140.72,250,193.75,0.0,0.0,0.0,0.0,unknown
1763110919.7288232,0,0.311,0.0,1,0,0,141.89,250,194.8,0.0,0.0,0.0,0.0,unknown
1763110919.7499287,0,0.304,0.0,1,0,0,143.06,250,196.05,0.0,0.0,0.0,0.0,unknown
1763110919.7662666,0,0.297,0.0,1,0,0,144.23,250,197.2,0.0,0.0,0.0,0.0,unknown
1763110919.8006713,0,0.29,0.0,1,0,0,145.35,250,198.25,0.0,0.0,0.0,0.0,unknown
1763110919.8225067,0,0.28300000000000003,0.0,1,0,0,146.52,250,199.25,0.0,0.0,0.0,0.0,unknown
1763110919.8493924,0,0.279,0.0,2,0,0,147.69,250,200.25,0.0,0.0,0.0,0.0,unknown
1763110919.8644214,0,0.273,0.0,2,1,0,148.86,250,201.35000000000002,0.0,0.0,0.0,0.0,unknown
1763110919.8866026,0,0.267,0.0,2,0,0,150.03,250,202.45,0.0,0.0,0.0,0.0,unknown
1763110919.902202,0,0.263,0.0,2,0,0,151.2,250,203.55,0.0,0.0,0.0,0.0,unknown
1763110919.9150333,0,0.256,0.0,2,0,0,152.37,250,204.6,0.0,0.0,0.0,0.0,unknown
1763110919.9263036,0,0.251,0.0,1,0,0,153.54,250,205.6,0.0,0.0,0.0,0.0,unknown
1763110919.9408858,0,0.247,0.0,3,0,0,154.71,250,206.65,0.0,0.0,0.0,0.0,unknown
1763110919.9645805,0,0.24,0.0,0,0,0,155.9,250,207.7,0.0,0.0,0.0,0.0,unknown
1763110919.9801912,0,0.233,0.0,1,1,0,157.07,250,208.85,0.0,0.0,0.0,0.0,unknown
1763110920.0086045,0,0.226,0.0,2,0,0,158.24,250,209.8,0.0,0.0,0.0,0.0,unknown
1763110920.0287893,0,0.218,0.0,1,0,0,159.41,250,210.9,0.0,0.0,0.0,0.0,unknown
1763110920.0547745,0,0.212,0.0,2,0,0,160.58,250,212.05,0.0,0.0,0.0,0.0,unknown
1763110920.0654535,0,0.20500000000000002,0.0,2,0,0,161.75,250,213.2,0.0,0.0,0.0,0.0,unknown
1763110920.0900962,0,0.201,0.0,2,0,0,162.92,250,214.15,0.0,0.0,0.0,0.0,unknown
1763110920.100454,0,0.194,0.0,1,0,0,164.09,250,215.15,0.0,0.0,0.0,0.0,unknown
1763110920.1347666,0,0.189,0.0,2,1,0,165.26,250,216.25,0.0,0.0,0.0,0.0,unknown
1763110920.1648245,0,0.183,0.0,1,1,0,166.43,250,217.5,0.0,0.0,0.0,0.0,unknown
1763110920.1875696,0,0.178,0.0,3,0,0,167.6,250,218.55,0.0,0.0,0.0,0.0,unknown
1763110920.2147777,0,0.17,0.0,0,0,0,168.77,250,219.64999999999998,0.0,0.0,0.0,0.0,unknown
1763110920.2345693,0,0.163,0.0,1,0,0,169.94,250,220.75,0.0,0.0,0.0,0.0,unknown
1763110920.2537086,0,0.157,0.0,1,0,0,171.11,250,221.95,0.0,0.0,0.0,0.0,unknown
1763110920.2700272,0,0.15,0.0,1,0,0,172.28,250,223.0,0.0,0.0,0.0,0.0,unknown
1763110920.2977884,0,0.14200000000000002,0.0,1,0,0,173.45,250,224.14999999999998,0.0,0.0,0.0,0.0,unknown
1763110920.318053,0,0.135,0.0,2,0,0,174.62,250,225.25,0.0,0.0,0.0,0.0,unknown
1763110920.336277,0,0.125,0.0,1,0,0,175.74,250,226.25,0.0,0.0,0.0,0.0,unknown
1763110920.3557618,0,0.12,0.0,1,1,0,176.91,250,227.3,0.0,0.0,0.0,0.0,unknown
1763110920.3773568,0,0.113,0.0,0,0,0,178.08,250,228.45,0.0,0.0,0.0,0.0,unknown
1763110920.389777,0,0.107,0.0,0,0,0,179.25,250,229.65,0.0,0.0,0.0,0.0,unknown
1763110920.4002934,0,0.099,0.0,1,0,0,180.42,250,230.85,0.0,0.0,0.0,0.0,unknown
1763110920.415054,0,0.092,0.0,1,0,0,181.59,250,232.05,0.0,0.0,0.0,0.0,unknown
1763110920.4335694,0,0.08600000000000001,0.0,1,1,0,182.76,250,233.3,0.0,0.0,0.0,0.0,unknown
1763110920.4540787,0,0.081,0.0,2,0,0,183.93,250,234.45,0.0,0.0,0.0,0.0,unknown
1763110920.4662654,0,0.077,0.0,2,0,0,185.1,250,235.6,0.0,0.0,0.0,0.0,unknown
1763110920.4962518,0,0.07100000000000001,0.0,1,0,0,186.27,250,236.9,0.0,0.0,0.0,0.0,unknown
1763110920.5131745,0,0.068,0.0,0,0,0,187.44,250,238.1,0.0,0.0,0.0,0.0,unknown
1763110920.530143,0,0.069,0.0,1,0,0,188.63,250,239.35,0.0,0.0,0.0,0.0,unknown
1763110920.5605373,0,0.07100000000000001,0.0,2,0,0,189.8,250,240.5,0.0,0.0,0.0,0.0,unknown
1763110920.5852988,0,0.07100000000000001,0.0,1,0,0,190.97,250,241.9,0.0,0.0,0.0,0.0,unknown
1763110920.6006382,0,0.069,0.0,0,0,0,192.14,250,243.15,0.0,0.0,0.0,0.0,unknown
1763110920.6237195,0,0.068,0.0,0,0,0,193.31,250,244.5,0.0,0.0,0.0,0.0,unknown
1763110920.6385596,0,0.07,0.0,1,1,0,194.43,250,245.75,0.0,0.0,0.0,0.0,unknown
1763110920.6494293,0,0.07100000000000001,0.0,2,0,0,195.6,250,247.0,0.0,0.0,0.0,0.0,unknown
1763110920.6679053,0,0.07,0.0,1,0,0,196.77,250,248.25,0.0,0.0,0.0,0.0,unknown
1763110920.6819973,0,0.07,0.0,1,0,0,197.94,250,249.45,0.0,0.0,0.0,0.0,unknown
1763110920.7071848,0,0.068,0.0,0,0,0,199.11,250,250.75,0.0,0.0,0.0,0.0,unknown
1763110920.721502,0,0.069,0.0,2,0,0,200.28,250,252.1,0.0,0.0,0.0,0.0,unknown
1763110920.7511342,0,0.069,0.0,1,0,0,201.45,250,253.39999999999998,0.0,0.0,0.0,0.0,unknown
1763110920.7665405,0,0.068,0.0,0,0,0,202.62,250,254.65,0.0,0.0,0.0,0.0,unknown
1763110920.779184,0,0.069,0.0,1,1,0,203.74,250,255.89999999999998,0.0,0.0,0.0,0.0,unknown
1763110920.7913363,0,0.07,0.0,2,0,0,204.91,250,257.15,0.0,0.0,0.0,0.0,unknown
1763110920.8117185,0,0.07200000000000001,0.0,3,1,0,206.08,250,258.4,0.0,0.0,0.0,0.0,unknown
1763110920.838926,0,0.07100000000000001,0.0,2,0,0,207.25,250,259.6,0.0,0.0,0.0,0.0,unknown
1763110920.8598294,0,0.07,0.0,1,0,0,208.42,250,260.8,0.0,0.0,0.0,0.0,unknown
1763110920.8716753,0,0.07,0.0,1,1,0,209.54,250,261.95,0.0,0.0,0.0,0.0,unknown
1763110920.8975961,0,0.068,0.0,0,0,0,210.71,250,263.15,0.0,0.0,0.0,0.0,unknown
1763110920.919372,0,0.07,0.0,2,1,0,211.88,250,264.3,0.0,0.0,0.0,0.0,unknown
1763110920.930263,0,0.067,0.0,0,0,0,213.05,250,265.45,0.0,0.0,0.0,0.0,unknown
1763110920.951908,0,0.068,0.0,1,0,0,214.17,250,266.70000000000005,0.0,0.0,0.0,0.0,unknown
1763110920.9721859,0,0.067,0.0,0,1,0,215.34,250,267.85,0.0,0.0,0.0,0.0,unknown
1763110920.9928339,0,0.066,0.0,0,1,0,216.51,250,269.05,0.0,0.0,0.0,0.0,unknown
1763110921.0198267,0,0.066,0.0,1,0,0,217.68,250,270.3,0.0,0.0,0.0,0.0,unknown
1763110921.0455303,0,0.064,0.0,0,0,0,218.85,250,271.54999999999995,0.0,0.0,0.0,0.0,unknown
1763110921.0765016,0,0.064,0.0,2,0,0,220.02,250,272.85,0.0,0.0,0.0,0.0,unknown
1763110921.098251,0,0.064,0.0,2,0,0,221.19,250,274.15,0.0,0.0,0.0,0.0,unknown
1763110921.1250057,0,0.063,0.0,0,0,0,222.36,250,275.3,0.0,0.0,0.0,0.0,unknown
1763110921.1414886,0,0.062,0.0,2,0,0,223.53,250,276.55,0.0,0.0,0.0,0.0,unknown
1763110921.1621943,0,0.060000000000000005,0.0,0,0,0,224.7,250,277.7,0.0,0.0,0.0,0.0,unknown
1763110921.1845112,0,0.057,0.0,0,0,0,225.87,250,278.85,0.0,0.0,0.0,0.0,unknown
1763110921.2080522,0,0.058,0.0,1,0,0,227.04,250,280.0,0.0,0.0,0.0,0.0,unknown
1763110921.2413452,0,0.057,0.0,0,0,0,228.21,250,281.25,0.0,0.0,0.0,0.0,unknown
1763110921.2581887,0,0.057,0.0,1,0,0,229.38,250,282.45000000000005,0.0,0.0,0.0,0.0,unknown
1763110921.2734268,0,0.056,0.0,0,0,0,230.55,250,283.6,0.0,0.0,0.0,0.0,unknown
1763110921.2956488,0,0.056,0.0,1,0,0,231.72,250,284.9,0.0,0.0,0.0,0.0,unknown
1763110921.312384,0,0.055,0.0,1,0,0,232.89,250,286.2,0.0,0.0,0.0,0.0,unknown
1763110921.3453188,0,0.055,0.0,1,0,0,234.06,250,287.4,0.0,0.0,0.0,0.0,unknown
1763110921.3678813,0,0.053000000000000005,0.0,0,0,0,235.23,250,288.65,0.0,0.0,0.0,0.0,unknown
1763110921.3884985,0,0.054,0.0,1,0,0,236.4,250,290.05,0.0,0.0,0.0,0.0,unknown
1763110921.4189174,0,0.056,0.0,2,0,0,237.57,250,291.3,0.0,0.0,0.0,0.0,unknown
1763110921.4359381,0,0.055,0.0,0,0,0,238.74,250,292.5,0.0,0.0,0.0,0.0,unknown
1763110921.4612656,0,0.055,0.0,0,1,0,239.91,250,293.85,0.0,0.0,0.0,0.0,unknown
1763110921.4782667,0,0.053000000000000005,0.0,0,0,0,241.08,250,295.15,0.0,0.0,0.0,0.0,unknown
1763110921.49914,0,0.052000000000000005,0.0,1,0,0,242.25,250,296.4,0.0,0.0,0.0,0.0,unknown
1763110921.520194,0,0.051000000000000004,0.0,1,0,0,243.42,250,297.54999999999995,0.0,0.0,0.0,0.0,unknown
1763110921.5371084,0,0.051000000000000004,0.0,1,0,0,244.54,250,298.75,0.0,0.0,0.0,0.0,unknown
1763110921.5631437,1763110921.5812137,0.051000000000000004,0.0,0,0,0,245.64,250,300.1,0.0,0.0,0.0,0.0,unknown
1763110921.5812256,1763110921.5812137,0.051000000000000004,0.0,1,0,0,246.46,250,301.35,0.0,0.0,0.0,0.0,unknown
1763110921.5916188,1763110921.5812137,0.05,0.0,1,0,0,247.16,250,302.4,0.0,0.0,0.0,0.0,unknown
1763110921.602511,1763110921.5812137,0.05,0.0,1,0,0,247.46,250,303.1,0.0,0.0,0.0,0.0,unknown
1763110921.6226823,1763110921.5812137,0.05,0.0,0,0,0,247.6,250,303.95,0.0,0.0,0.0,0.0,unknown
1763110921.6444514,1763110921.5812137,0.05,0.0,0,0,0,247.72,250,304.8,0.0,0.0,0.0,0.0,unknown
1763110921.6749804,1763110921.5812137,0.048,0.0,0,0,0,247.72,250,305.3,0.0,0.0,0.0,0.0,unknown
1763110921.6868773,1763110921.5812137,0.046,0.0,0,0,0,247.74,250,305.45,0.0,0.0,0.0,0.0,unknown
1763110921.7090688,1763110921.5812137,0.045000000000000005,0.0,0,0,0,247.74,250,305.55,0.0,0.0,0.0,0.0,unknown
1763110921.7291756,1763110921.5812137,0.044000000000000004,0.0,0,0,0,247.74,250,305.65,0.0,0.0,0.0,0.0,unknown
1763110921.754678,1763110921.5812137,0.044000000000000004,0.0,0,0,0,247.74,250,305.70000000000005,0.0,0.0,0.0,0.0,unknown
1763110921.7652385,1763110921.5812137,0.044000000000000004,0.0,1,1,0,247.74,250,305.65,0.0,0.0,0.0,0.0,unknown
1763110921.7773914,1763110921.5812137,0.045000000000000005,0.0,1,1,0,247.74,250,305.55,0.0,0.0,0.0,0.0,unknown
1763110921.7932897,1763110921.5812137,0.046,0.0,1,0,0,247.74,250,305.54999999999995,0.0,0.0,0.0,0.0,unknown
1763110921.8131127,1763110921.5812137,0.046,0.0,1,1,0,247.79,250,305.65,0.0,0.0,0.0,0.0,unknown
1763110921.830987,1763110921.5812137,0.045000000000000005,0.0,1,0,0,247.74,250,305.79999999999995,0.0,0.0,0.0,0.0,unknown
1763110921.8464322,1763110921.5812137,0.041,0.0,0,0,0,247.74,250,305.95,0.0,0.0,0.0,0.0,unknown
1763110921.8621984,1763110921.5812137,0.041,0.0,1,1,0,247.76,250,306.0,0.0,0.0,0.0,0.0,unknown
1763110921.8735473,1763110921.5812137,0.041,0.0,0,1,0,247.76,250,306.04999999999995,0.0,0.0,0.0,0.0,unknown
1763110921.8897712,1763110921.5812137,0.04,0.0,0,1,0,247.78,250,306.15,0.0,0.0,0.0,0.0,unknown
1763110921.9205024,1763110921.5812137,0.042,0.0,2,0,0,247.73,250,306.29999999999995,0.0,0.0,0.0,0.0,unknown
1763110921.9533038,1763110921.5812137,0.039,0.0,0,0,0,247.73,250,306.5,0.0,0.0,0.0,0.0,unknown
1763110921.9837613,1763110921.5812137,0.04,0.0,0,1,0,247.73,250,306.55,0.0,0.0,0.0,0.0,unknown
1763110922.021123,1763110921.5812137,0.04,0.0,0,1,0,247.71,250,306.6,0.0,0.0,0.0,0.0,unknown
1763110922.0363448,1763110921.5812137,0.039,0.0,0,0,0,247.71,250,306.65,0.0,0.0,0.0,0.0,unknown
1763110922.051486,1763110921.5812137,0.038,0.0,0,0,0,247.71,250,306.75,0.0,0.0,0.0,0.0,unknown
1763110922.0672407,1763110921.5812137,0.037000000000000005,0.0,0,0,0,247.71,250,306.7,0.0,0.0,0.0,0.0,unknown
1763110922.0823328,1763110921.5812137,0.038,0.0,0,1,0,247.71,250,306.70000000000005,0.0,0.0,0.0,0.0,unknown
1763110922.112584,1763110921.5812137,0.036000000000000004,0.0,0,0,0,247.71,250,306.75,0.0,0.0,0.0,0.0,unknown
1763110922.1333325,1763110921.5812137,0.036000000000000004,0.0,1,1,0,247.71,250,306.95000000000005,0.0,0.0,0.0,0.0,unknown
1763110922.1484735,1763110921.5812137,0.037000000000000005,0.0,1,0,0,247.71,250,307.15,0.0,0.0,0.0,0.0,unknown
1763110922.171638,1763110921.5812137,0.036000000000000004,0.0,1,0,0,247.71,250,307.3,0.0,0.0,0.0,0.0,unknown
1763110922.1870627,1763110921.5812137,0.037000000000000005,0.0,1,0,0,247.71,250,307.35,0.0,0.0,0.0,0.0,unknown
1763110922.1989489,1763110921.5812137,0.038,0.0,1,0,0,247.71,250,307.45,0.0,0.0,0.0,0.0,unknown
1763110922.2095573,1763110921.5812137,0.038,0.0,1,0,0,247.66,250,307.6,0.0,0.0,0.0,0.0,unknown
1763110922.2351873,1763110921.5812137,0.04,0.0,2,0,0,247.61,250,307.65,0.0,0.0,0.0,0.0,unknown
1763110922.2488747,1763110921.5812137,0.039,0.0,0,0,0,247.56,250,307.70000000000005,0.0,0.0,0.0,0.0,unknown
1763110922.2771046,1763110921.5812137,0.04,0.0,1,0,0,247.56,250,307.70000000000005,0.0,0.0,0.0,0.0,unknown
1763110922.29746,1763110921.5812137,0.04,0.0,1,0,0,247.56,250,307.65,0.0,0.0,0.0,0.0,unknown
1763110922.3192883,1763110921.5812137,0.04,0.0,1,0,0,247.56,250,307.75,0.0,0.0,0.0,0.0,unknown
1763110922.3464897,1763110921.5812137,0.04,0.0,1,0,0,247.61,250,307.9,0.0,0.0,0.0,0.0,unknown
1763110922.3629165,1763110921.5812137,0.043000000000000003,0.0,2,1,0,247.61,250,308.0,0.0,0.0,0.0,0.0,unknown
1763110922.394609,1763110921.5812137,0.044000000000000004,0.0,2,0,0,247.61,250,308.1,0.0,0.0,0.0,0.0,unknown
1763110922.4269402,1763110921.5812137,0.043000000000000003,0.0,1,0,0,247.61,250,308.05,0.0,0.0,0.0,0.0,unknown
1763110922.4468663,1763110921.5812137,0.044000000000000004,0.0,1,0,0,247.61,250,308.05,0.0,0.0,0.0,0.0,unknown
1763110922.4685183,1763110921.5812137,0.044000000000000004,0.0,1,0,0,247.61,250,308.05,0.0,0.0,0.0,0.0,unknown
1763110922.495699,1763110921.5812137,0.044000000000000004,0.0,0,0,0,247.61,250,308.0,0.0,0.0,0.0,0.0,unknown
1763110922.532666,1763110921.5812137,0.044000000000000004,0.0,1,0,0,247.61,250,308.1,0.0,0.0,0.0,0.0,unknown
1763110922.552819,1763110921.5812137,0.043000000000000003,0.0,0,0,0,247.56,250,308.25,0.0,0.0,0.0,0.0,unknown
1763110922.5679772,1763110921.5812137,0.044000000000000004,0.0,1,1,0,247.56,250,308.35,0.0,0.0,0.0,0.0,unknown
1763110922.578363,1763110921.5812137,0.045000000000000005,0.0,1,0,0,247.56,250,308.5,0.0,0.0,0.0,0.0,unknown
1763110922.589865,1763110921.5812137,0.046,0.0,1,1,0,247.54,250,308.5,0.0,0.0,0.0,0.0,unknown
1763110922.6078625,1763110921.5812137,0.045000000000000005,0.0,0,0,0,247.54,250,308.45,0.0,0.0,0.0,0.0,unknown
1763110922.6278188,1763110921.5812137,0.044000000000000004,0.0,0,0,0,247.56,250,308.4,0.0,0.0,0.0,0.0,unknown
1763110922.6532352,1763110921.5812137,0.044000000000000004,0.0,0,0,0,247.58,250,308.25,0.0,0.0,0.0,0.0,unknown
1763110922.676595,1763110921.5812137,0.044000000000000004,0.0,0,0,0,247.58,250,308.2,0.0,0.0,0.0,0.0,unknown
1763110922.7091095,1763110921.5812137,0.045000000000000005,0.0,0,1,0,247.63,250,308.1,0.0,0.0,0.0,0.0,unknown
1763110922.7242877,1763110921.5812137,0.046,0.0,0,1,0,247.63,250,308.04999999999995,0.0,0.0,0.0,0.0,unknown
1763110922.7504137,1763110921.5812137,0.047,0.0,1,0,0,247.63,250,308.1,0.0,0.0,0.0,0.0,unknown
1763110922.7655845,1763110921.5812137,0.048,0.0,1,0,0,247.58,250,308.04999999999995,0.0,0.0,0.0,0.0,unknown
1763110922.7937038,1763110921.5812137,0.048,0.0,0,0,0,247.58,250,307.95000000000005,0.0,0.0,0.0,0.0,unknown
1763110922.8164086,1763110921.5812137,0.046,0.0,0,0,0,247.58,250,307.9,0.0,0.0,0.0,0.0,unknown
1763110922.8332732,1763110921.5812137,0.046,0.0,1,1,0,247.58,250,307.95000000000005,0.0,0.0,0.0,0.0,unknown
1763110922.8484092,1763110921.5812137,0.047,0.0,0,2,0,247.58,250,307.9,0.0,0.0,0.0,0.0,unknown
1763110922.8593311,1763110921.5812137,0.046,0.0,0,1,0,247.63,250,307.9,0.0,0.0,0.0,0.0,unknown
1763110922.871116,1763110921.5812137,0.045000000000000005,0.0,0,0,0,247.63,250,307.85,0.0,0.0,0.0,0.0,unknown
1763110922.8822033,1763110921.5812137,0.045000000000000005,0.0,0,0,0,247.63,250,307.8,0.0,0.0,0.0,0.0,unknown
1763110922.9070282,1763110921.5812137,0.043000000000000003,0.0,0,0,0,247.63,250,307.85,0.0,0.0,0.0,0.0,unknown
1763110922.93734,1763110921.5812137,0.042,0.0,0,0,0,247.63,250,307.85,0.0,0.0,0.0,0.0,unknown
1763110922.952474,1763110921.5812137,0.041,0.0,0,0,0,247.68,250,307.75,0.0,0.0,0.0,0.0,unknown
1763110922.9769676,1763110921.5812137,0.039,0.0,0,0,0,247.68,250,307.79999999999995,0.0,0.0,0.0,0.0,unknown
1763110923.0103426,1763110921.5812137,0.04,0.0,0,1,0,247.68,250,307.85,0.0,0.0,0.0,0.0,unknown
1763110923.0308986,1763110921.5812137,0.041,0.0,1,1,0,247.68,250,307.95000000000005,0.0,0.0,0.0,0.0,unknown
1763110923.0447323,1763110921.5812137,0.041,0.0,0,1,0,247.75,250,307.9,0.0,0.0,0.0,0.0,unknown
1763110923.0599463,1763110921.5812137,0.041,0.0,0,0,0,247.73,250,307.9,0.0,0.0,0.0,0.0,unknown
1763110923.08247,1763110921.5812137,0.042,0.0,1,0,0,247.73,250,307.95,0.0,0.0,0.0,0.0,unknown
1763110923.1104207,1763110921.5812137,0.042,0.0,0,0,0,247.68,250,308.0,0.0,0.0,0.0,0.0,unknown
1763110923.126741,1763110921.5812137,0.042,0.0,1,0,0,247.68,250,308.1,0.0,0.0,0.0,0.0,unknown
1763110923.1423123,1763110921.5812137,0.043000000000000003,0.0,1,0,0,247.68,250,308.15,0.0,0.0,0.0,0.0,unknown
1763110923.153666,1763110921.5812137,0.042,0.0,1,0,0,247.68,250,308.20000000000005,0.0,0.0,0.0,0.0,unknown
1763110923.1713755,1763110921.5812137,0.041,0.0,0,0,0,247.68,250,308.20000000000005,0.0,0.0,0.0,0.0,unknown
1763110923.1978507,1763110921.5812137,0.04,0.0,0,0,0,247.68,250,308.1,0.0,0.0,0.0,0.0,unknown
1763110923.2190912,1763110921.5812137,0.041,0.0,2,0,0,247.68,250,308.15,0.0,0.0,0.0,0.0,unknown
1763110923.236864,1763110921.5812137,0.041,0.0,1,0,0,247.68,250,308.15,0.0,0.0,0.0,0.0,unknown
1763110923.2520494,1763110921.5812137,0.042,0.0,1,1,0,247.68,250,308.1,0.0,0.0,0.0,0.0,unknown
1763110923.2853675,1763110921.5812137,0.04,0.0,0,0,0,247.7,250,308.04999999999995,0.0,0.0,0.0,0.0,unknown
1763110923.30779,1763110921.5812137,0.041,0.0,1,0,0,247.7,250,308.04999999999995,0.0,0.0,0.0,0.0,unknown
1763110923.3422487,1763110921.5812137,0.04,0.0,0,0,0,247.7,250,308.0,0.0,0.0,0.0,0.0,unknown
1763110923.3684263,1763110921.5812137,0.04,0.0,1,0,0,247.7,250,308.0,0.0,0.0,0.0,0.0,unknown
1763110923.3825068,1763110921.5812137,0.04,0.0,1,0,0,247.7,250,308.05,0.0,0.0,0.0,0.0,unknown
1763110923.4030943,1763110921.5812137,0.04,0.0,1,0,0,247.65,250,308.20000000000005,0.0,0.0,0.0,0.0,unknown
1763110923.4149938,1763110921.5812137,0.038,0.0,1,0,0,247.65,250,308.1,0.0,0.0,0.0,0.0,unknown
1763110923.430019,1763110921.5812137,0.036000000000000004,0.0,0,0,0,247.65,250,307.9,0.0,0.0,0.0,0.0,unknown
1763110923.4457617,1763110921.5812137,0.036000000000000004,0.0,1,0,0,247.65,250,307.9,0.0,0.0,0.0,0.0,unknown
1763110923.480835,1763110921.5812137,0.036000000000000004,0.0,1,0,0,247.65,250,307.9,0.0,0.0,0.0,0.0,unknown
1763110923.4960215,1763110921.5812137,0.035,0.0,0,0,0,247.65,250,307.75,0.0,0.0,0.0,0.0,unknown
1763110923.5111568,1763110921.5812137,0.035,0.0,0,0,0,247.6,250,307.65,0.0,0.0,0.0,0.0,unknown
1763110923.526276,1763110921.5812137,0.037000000000000005,0.0,2,1,0,247.6,250,307.70000000000005,0.0,0.0,0.0,0.0,unknown
1763110923.539539,1763110921.5812137,0.039,0.0,1,1,0,247.6,250,307.75,0.0,0.0,0.0,0.0,unknown
1763110923.5534387,1763110921.5812137,0.038,0.0,0,1,0,247.6,250,307.85,0.0,0.0,0.0,0.0,unknown
1763110923.578764,1763110921.5812137,0.037000000000000005,0.0,0,0,0,247.6,250,307.8,0.0,0.0,0.0,0.0,unknown
1763110923.5910275,1763110921.5812137,0.036000000000000004,0.0,0,1,0,247.6,250,307.8,0.0,0.0,0.0,0.0,unknown
1763110923.602675,1763110921.5812137,0.037000000000000005,0.0,1,0,0,247.6,250,307.8,0.0,0.0,0.0,0.0,unknown
1763110923.6200275,1763110921.5812137,0.038,0.0,1,0,0,247.6,250,307.75,0.0,0.0,0.0,0.0,unknown
1763110923.6492403,1763110921.5812137,0.039,0.0,0,1,0,247.6,250,307.70000000000005,0.0,0.0,0.0,0.0,unknown
1763110923.671097,1763110921.5812137,0.039,0.0,0,0,0,247.6,250,307.75,0.0,0.0,0.0,0.0,unknown
1763110923.7068055,1763110921.5812137,0.04,0.0,1,1,0,247.6,250,307.9,0.0,0.0,0.0,0.0,unknown
1763110923.7240243,1763110921.5812137,0.04,0.0,1,0,0,247.6,250,307.85,0.0,0.0,0.0,0.0,unknown
1763110923.7456405,1763110921.5812137,0.041,0.0,2,0,0,247.6,250,307.79999999999995,0.0,0.0,0.0,0.0,unknown
1763110923.7702768,1763110921.5812137,0.041,0.0,1,0,0,247.6,250,307.70000000000005,0.0,0.0,0.0,0.0,unknown
1763110923.7859502,1763110921.5812137,0.041,0.0,0,0,0,247.6,250,307.65,0.0,0.0,0.0,0.0,unknown
1763110923.801076,1763110921.5812137,0.041,0.0,0,0,0,247.55,250,307.7,0.0,0.0,0.0,0.0,unknown
1763110923.82154,1763110921.5812137,0.04,0.0,1,0,0,247.55,250,307.70000000000005,0.0,0.0,0.0,0.0,unknown
1763110923.8426993,1763110921.5812137,0.038,0.0,0,0,0,247.53,250,307.65,0.0,0.0,0.0,0.0,unknown
1763110923.86883,1763110921.5812137,0.037000000000000005,0.0,0,0,0,247.53,250,307.7,0.0,0.0,0.0,0.0,unknown
1763110923.8826232,1763110921.5812137,0.037000000000000005,0.0,0,0,0,247.58,250,307.75,0.0,0.0,0.0,0.0,unknown
1763110923.9072082,1763110921.5812137,0.038,0.0,1,0,0,247.58,250,307.7,0.0,0.0,0.0,0.0,unknown
1763110923.9223366,1763110921.5812137,0.038,0.0,0,0,0,247.56,250,307.7,0.0,0.0,0.0,0.0,unknown
1763110923.949093,1763110921.5812137,0.039,0.0,0,1,0,247.56,250,307.65,0.0,0.0,0.0,0.0,unknown
1763110923.9632697,1763110921.5812137,0.04,0.0,0,1,0,247.54,250,307.6,0.0,0.0,0.0,0.0,unknown
1763110923.9883103,1763110921.5812137,0.04,0.0,0,0,0,247.59,250,307.54999999999995,0.0,0.0,0.0,0.0,unknown
1763110924.0229616,1763110921.5812137,0.039,0.0,0,0,0,247.54,250,307.55,0.0,0.0,0.0,0.0,unknown
1763110924.04602,1763110921.5812137,0.037000000000000005,0.0,0,0,0,247.54,250,307.6,0.0,0.0,0.0,0.0,unknown
1763110924.0612533,1763110921.5812137,0.037000000000000005,0.0,1,0,0,247.54,250,307.65,0.0,0.0,0.0,0.0,unknown
1763110924.0720718,1763110921.5812137,0.037000000000000005,0.0,0,0,0,247.49,250,307.65,0.0,0.0,0.0,0.0,unknown
1763110924.087205,1763110921.5812137,0.036000000000000004,0.0,0,0,0,247.49,250,307.75,0.0,0.0,0.0,0.0,unknown
1763110924.112395,1763110921.5812137,0.038,0.0,2,0,0,247.44,250,307.85,0.0,0.0,0.0,0.0,unknown
1763110924.1291246,1763110921.5812137,0.037000000000000005,0.0,0,0,0,247.44,250,307.9,0.0,0.0,0.0,0.0,unknown
1763110924.1496286,1763110921.5812137,0.037000000000000005,0.0,1,0,0,247.44,250,308.0,0.0,0.0,0.0,0.0,unknown
1763110924.1782608,1763110921.5812137,0.038,0.0,1,1,0,247.39,250,307.95000000000005,0.0,0.0,0.0,0.0,unknown
1763110924.205496,1763110921.5812137,0.039,0.0,1,0,0,247.39,250,308.0,0.0,0.0,0.0,0.0,unknown
1763110924.2254298,1763110921.5812137,0.04,0.0,1,0,0,247.39,250,308.0,0.0,0.0,0.0,0.0,unknown
1763110924.2588673,1763110921.5812137,0.038,0.0,0,0,0,247.39,250,307.9,0.0,0.0,0.0,0.0,unknown
1763110924.2694247,1763110921.5812137,0.037000000000000005,0.0,0,0,0,247.39,250,307.8,0.0,0.0,0.0,0.0,unknown
1763110924.2798076,1763110921.5812137,0.035,0.0,0,0,0,247.44,250,307.70000000000005,0.0,0.0,0.0,0.0,unknown
1763110924.2959714,1763110921.5812137,0.035,0.0,0,0,0,247.49,250,307.70000000000005,0.0,0.0,0.0,0.0,unknown
1763110924.318709,1763110921.5812137,0.035,0.0,1,0,0,247.54,250,307.6,0.0,0.0,0.0,0.0,unknown
1763110924.3345187,1763110921.5812137,0.035,0.0,0,0,0,247.54,250,307.6,0.0,0.0,0.0,0.0,unknown
1763110924.3552165,1763110921.5812137,0.034,0.0,0,0,0,247.54,250,307.70000000000005,0.0,0.0,0.0,0.0,unknown
1763110924.3725126,1763110921.5812137,0.036000000000000004,0.0,2,1,0,247.54,250,307.65,0.0,0.0,0.0,0.0,unknown
1763110924.3949676,1763110921.5812137,0.036000000000000004,0.0,1,0,0,247.54,250,307.6,0.0,0.0,0.0,0.0,unknown
1763110924.4149542,1763110921.5812137,0.035,0.0,0,0,0,247.49,250,307.6,0.0,0.0,0.0,0.0,unknown
1763110924.4254134,1763110921.5812137,0.035,0.0,0,0,0,247.49,250,307.54999999999995,0.0,0.0,0.0,0.0,unknown
1763110924.4486256,1763110921.5812137,0.034,0.0,0,0,0,247.49,250,307.6,0.0,0.0,0.0,0.0,unknown
1763110924.4703841,1763110921.5812137,0.033,0.0,0,0,0,247.44,250,307.65,0.0,0.0,0.0,0.0,unknown
1763110924.488323,1763110921.5812137,0.034,0.0,0,1,0,247.44,250,307.7,0.0,0.0,0.0,0.0,unknown
1763110924.508853,1763110921.5812137,0.035,0.0,0,1,0,247.44,250,307.70000000000005,0.0,0.0,0.0,0.0,unknown
1763110924.5394795,1763110921.5812137,0.033,0.0,1,0,0,247.44,250,307.70000000000005,0.0,0.0,0.0,0.0,unknown
1763110924.5630238,1763110921.5812137,0.031,0.0,0,0,0,247.51,250,307.65,0.0,0.0,0.0,0.0,unknown
1763110924.5827787,1763110921.5812137,0.031,0.0,1,0,0,247.51,250,307.5,0.0,0.0,0.0,0.0,unknown
1763110924.594375,1763110921.5812137,0.033,0.0,2,0,0,247.51,250,307.29999999999995,0.0,0.0,0.0,0.0,unknown
1763110924.6050858,1763110921.5812137,0.032,0.0,0,0,0,247.51,250,307.1,0.0,0.0,0.0,0.0,unknown
