Time,ReachedHoldTime,Force,DesiredForce,State,ActualWidth,CommandWidth,Proximity,RawFzL,RawFzR,ForcePrediction,SpringConstant,RLSError,BaselineWidth,Ripeness
1762152107.9914029,0,0.025,0,1,0,0,699,400,695.0,0.0,0.0,0.0,0.0,unknown
1762152108.0015144,0,0.016666666666666666,0,0,0,0,598,400,630.0,0.0,0.0,0.0,0.0,unknown
1762152108.0116096,0,0.0125,0,0,0,0,547.5,400,597.5,0.0,0.0,0.0,0.0,unknown
1762152108.0216897,0,0.01,0,0,0,0,517.2,400,578.0,0.0,0.0,0.0,0.0,unknown
1762152108.0317848,0,0.008333333333333333,0,0,0,0,497,400,565.8333333333333,0.0,0.0,0.0,0.0,unknown
1762152108.0418918,0,0.0071428571428571435,0,0,0,0,482.57142857142856,400,557.8571428571429,0.0,0.0,0.0,0.0,unknown
1762152108.0519838,0,0.0125,0,1,0,0,471.75,400,551.875,0.0,0.0,0.0,0.0,unknown
1762152108.0620923,0,0.011111111111111112,0,0,0,0,463.3333333333333,400,546.6666666666667,0.0,0.0,0.0,0.0,unknown
1762152108.0722015,0,0.015000000000000001,0,1,0,0,456.6,400,542.0,0.0,0.0,0.0,0.0,unknown
1762152108.0823252,0,0.013636363636363637,0,0,0,0,451.09090909090907,400,538.6363636363636,0.0,0.0,0.0,0.0,unknown
1762152108.0924084,0,0.016666666666666666,0,1,0,0,446.5,400,535.8333333333333,0.0,0.0,0.0,0.0,unknown
1762152108.1025631,0,0.019230769230769232,0,1,0,0,442.61538461538464,400,533.4615384615385,0.0,0.0,0.0,0.0,unknown
1762152108.1126642,0,0.02142857142857143,0,1,0,0,439.2857142857143,400,531.4285714285714,0.0,0.0,0.0,0.0,unknown
1762152108.1227536,0,0.02,0,0,0,0,436.4,400,529.3333333333334,0.0,0.0,0.0,0.0,unknown
1762152108.1328378,0,0.018750000000000003,0,0,0,0,433.875,400,527.5,0.0,0.0,0.0,0.0,unknown
1762152108.1429362,0,0.020588235294117647,0,1,0,0,431.6470588235294,400,525.8823529411765,0.0,0.0,0.0,0.0,unknown
1762152108.15302,0,0.022222222222222223,0,1,0,0,429.6666666666667,400,524.7222222222222,0.0,0.0,0.0,0.0,unknown
1762152108.1631393,0,0.02368421052631579,0,1,0,0,427.89473684210526,400,523.6842105263158,0.0,0.0,0.0,0.0,unknown
1762152108.1732311,0,0.022500000000000003,0,0,0,0,426.3,400,523.0,0.0,0.0,0.0,0.0,unknown
1762152108.1832943,0,0.02142857142857143,0,0,0,0,424.85714285714283,400,522.3809523809523,0.0,0.0,0.0,0.0,unknown
1762152108.193389,0,0.020454545454545454,0,0,0,0,423.54545454545456,400,521.5909090909091,0.0,0.0,0.0,0.0,unknown
1762152108.2034771,0,0.01956521739130435,0,0,0,0,422.3478260869565,400,520.8695652173913,0.0,0.0,0.0,0.0,unknown
1762152108.2135637,0,0.018750000000000003,0,0,0,0,421.25,400,520.0,0.0,0.0,0.0,0.0,unknown
1762152108.2236328,0,0.018000000000000002,0,0,0,0,420.24,400,519.4,0.0,0.0,0.0,0.0,unknown
1762152108.2336953,0,0.01730769230769231,0,0,0,0,419.3076923076923,400,518.8461538461538,0.0,0.0,0.0,0.0,unknown
1762152108.2437944,0,0.01851851851851852,0,1,0,0,418.44444444444446,400,518.3333333333334,0.0,0.0,0.0,0.0,unknown
1762152108.2538862,0,0.02142857142857143,0,1,1,0,417.64285714285717,400,517.6785714285714,0.0,0.0,0.0,0.0,unknown
1762152108.2640114,0,0.020689655172413793,0,0,0,0,416.8965517241379,400,516.8965517241379,0.0,0.0,0.0,0.0,unknown
1762152108.274139,0,0.021666666666666667,0,1,0,0,416.2,400,516.0,0.0,0.0,0.0,0.0,unknown
1762152108.284264,0,0.022580645161290325,0,1,0,0,415.5483870967742,400,514.6774193548388,0.0,0.0,0.0,0.0,unknown
1762152108.294375,0,0.0234375,0,1,0,0,414.9375,400,513.59375,0.0,0.0,0.0,0.0,unknown
1762152108.304484,0,0.022727272727272728,0,0,0,0,414.3636363636364,400,512.7272727272727,0.0,0.0,0.0,0.0,unknown
1762152108.314594,0,0.025,0,1,1,0,413.8235294117647,400,511.9117647058823,0.0,0.0,0.0,0.0,unknown
1762152108.3247037,0,0.024285714285714285,0,0,0,0,413.3142857142857,400,511.28571428571433,0.0,0.0,0.0,0.0,unknown
1762152108.3347938,0,0.023611111111111114,0,0,0,0,412.8333333333333,400,510.69444444444446,0.0,0.0,0.0,0.0,unknown
1762152108.344897,0,0.022972972972972974,0,0,0,0,412.3783783783784,400,510.27027027027026,0.0,0.0,0.0,0.0,unknown
1762152108.354993,0,0.02236842105263158,0,0,0,0,411.94736842105266,400,510.0,0.0,0.0,0.0,0.0,unknown
1762152108.3651066,0,0.023076923076923078,0,0,1,0,411.53846153846155,400,509.4871794871795,0.0,0.0,0.0,0.0,unknown
1762152108.3752904,0,0.022500000000000003,0,0,0,0,411.15,400,508.75,0.0,0.0,0.0,0.0,unknown
1762152108.3854825,0,0.023170731707317073,0,1,0,0,410.780487804878,400,507.9268292682927,0.0,0.0,0.0,0.0,unknown
1762152108.395662,0,0.02380952380952381,0,0,1,0,410.42857142857144,400,507.2619047619047,0.0,0.0,0.0,0.0,unknown
1762152108.4058342,0,0.023255813953488372,0,0,0,0,410.09302325581393,400,506.74418604651163,0.0,0.0,0.0,0.0,unknown
1762152108.416018,0,0.022727272727272728,0.8,0,0,3,409.77272727272725,400,506.3636363636364,0.0,0.0,0.0,0.0,unknown
1762152108.4261677,0,0.022222222222222223,0.8,0,0,3,409.46666666666664,399.9,506.0,0.0,0.0,0.0,0.0,unknown
1762152108.4363458,0,0.02282608695652174,0.8,0,1,3,409.17391304347825,399.79999999999995,505.6521739130435,0.0,0.0,0.0,0.0,unknown
1762152108.4464521,0,0.02340425531914894,0.8,0,1,3,408.8936170212766,399.69999999999993,505.4255319148936,0.0,0.0,0.0,0.0,unknown
1762152108.4566412,0,0.02291666666666667,0.8,0,0,3,408.625,399.5999999999999,505.10416666666663,0.0,0.0,0.0,0.0,unknown
1762152108.466843,0,0.02346938775510204,0.8,0,1,3,408.3673469387755,399.4999999999999,504.795918367347,0.0,0.0,0.0,0.0,unknown
1762152108.4770198,0,0.023,0.8,0,0,3,408.12,399.39999999999986,504.6,0.0,0.0,0.0,0.0,unknown
1762152108.487129,0,0.023,0.8,0,0,3,407.88235294117646,399.29999999999984,504.4117647058823,0.0,0.0,0.0,0.0,unknown
1762152108.49726,0,0.023,0.8,1,0,3,407.65384615384613,399.1999999999998,504.23076923076917,0.0,0.0,0.0,0.0,unknown
1762152108.5073755,0,0.024,0.8,1,0,3,407.4339622641509,399.0999999999998,503.9622641509434,0.0,0.0,0.0,0.0,unknown
1762152108.5174818,0,0.024,0.8,0,0,3,407.22222222222223,398.9999999999998,503.7037037037037,0.0,0.0,0.0,0.0,unknown
1762152108.5275838,0,0.024,0.8,0,0,3,407.0181818181818,398.89999999999975,503.3636363636364,0.0,0.0,0.0,0.0,unknown
1762152108.537676,0,0.024,0.8,0,0,3,406.82142857142856,398.7999999999997,503.0357142857143,0.0,0.0,0.0,0.0,unknown
1762152108.5477786,0,0.024,0.8,0,0,3,406.63157894736844,398.6999999999997,502.719298245614,0.0,0.0,0.0,0.0,unknown
1762152108.5578873,0,0.023,0.8,0,0,3,406.44827586206895,398.5999999999997,502.41379310344826,0.0,0.0,0.0,0.0,unknown
1762152108.5680122,0,0.023,0.8,0,0,3,406.271186440678,398.49999999999966,502.2881355932204,0.0,0.0,0.0,0.0,unknown
1762152108.5781345,0,0.022000000000000002,0.8,0,0,3,406.1,398.39999999999964,502.08333333333337,0.0,0.0,0.0,0.0,unknown
1762152108.5882585,0,0.022000000000000002,0.8,0,0,3,405.9344262295082,398.2999999999996,501.80327868852453,0.0,0.0,0.0,0.0,unknown
1762152108.598373,0,0.021,0.8,0,0,3,405.7741935483871,398.1999999999996,501.53225806451616,0.0,0.0,0.0,0.0,unknown
1762152108.608483,0,0.02,0.8,0,0,3,405.73015873015873,398.09999999999957,501.1904761904762,0.0,0.0,0.0,0.0,unknown
1762152108.6186037,0,0.019,0.8,0,0,3,405.609375,397.99999999999955,500.78125,0.0,0.0,0.0,0.0,unknown
1762152108.6287155,0,0.019,0.8,0,0,3,405.32307692307694,397.8999999999995,500.46153846153845,0.0,0.0,0.0,0.0,unknown
1762152108.6388144,0,0.019,0.8,0,0,3,405.04545454545456,397.7999999999995,500.1515151515151,0.0,0.0,0.0,0.0,unknown
1762152108.6489222,0,0.018000000000000002,0.8,0,0,3,404.6119402985075,397.6999999999995,499.85074626865674,0.0,0.0,0.0,0.0,unknown
1762152108.6590254,0,0.017,0.8,0,0,3,404.05882352941177,397.59999999999945,499.63235294117646,0.0,0.0,0.0,0.0,unknown
1762152108.6691313,0,0.017,0.8,0,1,3,403.5217391304348,397.49999999999943,499.2028985507246,0.0,0.0,0.0,0.0,unknown
1762152108.6792378,0,0.018000000000000002,0.8,1,0,3,403,397.3999999999994,498.7857142857143,0.0,0.0,0.0,0.0,unknown
1762152108.6893475,0,0.018000000000000002,0.8,0,0,3,402.49295774647885,397.2999999999994,498.38028169014086,0.0,0.0,0.0,0.0,unknown
1762152108.6994672,0,0.019,0.8,1,0,3,402,397.19999999999936,498.05555555555554,0.0,0.0,0.0,0.0,unknown
1762152108.7095718,0,0.019,0.8,0,0,3,401.52054794520546,397.09999999999934,497.67123287671234,0.0,0.0,0.0,0.0,unknown
1762152108.7196848,0,0.019,0.8,0,0,3,401.05405405405406,396.9999999999993,497.2972972972973,0.0,0.0,0.0,0.0,unknown
1762152108.7297916,0,0.02,0.8,1,0,3,400.6,396.8999999999993,496.8666666666667,0.0,0.0,0.0,0.0,unknown
1762152108.7399237,0,0.02,0.8,0,0,3,400.1578947368421,396.7999999999993,496.31578947368416,0.0,0.0,0.0,0.0,unknown
1762152108.7500322,0,0.019,0.8,0,0,3,399.72727272727275,396.69999999999925,495.7142857142857,0.0,0.0,0.0,0.0,unknown
1762152108.7601523,0,0.017,0.8,0,0,3,399.3076923076923,396.5999999999992,495.19230769230774,0.0,0.0,0.0,0.0,unknown
1762152108.7702715,0,0.017,0.8,0,0,3,398.8987341772152,396.4999999999992,494.6835443037975,0.0,0.0,0.0,0.0,unknown
1762152108.7803907,0,0.016,0.8,0,0,3,398.5875,396.3999999999992,494.25,0.0,0.0,0.0,0.0,unknown
1762152108.790505,0,0.015000000000000001,0.8,0,0,3,398.28395061728395,396.29999999999916,493.88888888888886,0.0,0.0,0.0,0.0,unknown
1762152108.8006282,0,0.015000000000000001,0.8,1,0,3,398.0487804878049,396.19999999999914,493.5365853658537,0.0,0.0,0.0,0.0,unknown
1762152108.8107533,0,0.015000000000000001,0.8,0,0,3,397.9156626506024,396.0999999999991,493.2530120481928,0.0,0.0,0.0,0.0,unknown
1762152108.8208613,0,0.013000000000000001,0.8,0,0,3,397.7857142857143,395.9999999999991,493.0357142857143,0.0,0.0,0.0,0.0,unknown
1762152108.8309746,0,0.014,0.8,1,0,3,397.6588235294118,395.89999999999907,492.88235294117646,0.0,0.0,0.0,0.0,unknown
1762152108.8411107,0,0.014,0.8,0,0,3,397.5348837209302,395.79999999999905,492.7325581395349,0.0,0.0,0.0,0.0,unknown
1762152108.8512163,0,0.015000000000000001,0.8,1,0,3,397.41379310344826,395.699999999999,492.58620689655174,0.0,0.0,0.0,0.0,unknown
1762152108.8613224,0,0.016,0.8,1,0,3,397.29545454545456,395.599999999999,492.4431818181818,0.0,0.0,0.0,0.0,unknown
1762152108.871413,0,0.016,0.8,0,1,3,397.17977528089887,395.499999999999,492.35955056179773,0.0,0.0,0.0,0.0,unknown
1762152108.881496,0,0.017,0.8,1,0,3,397.06666666666666,395.39999999999895,492.27777777777777,0.0,0.0,0.0,0.0,unknown
1762152108.8916204,0,0.017,0.8,1,0,3,396.95604395604397,395.29999999999893,492.1978021978022,0.0,0.0,0.0,0.0,unknown
1762152108.9017396,0,0.016,0.8,0,0,3,396.8478260869565,395.1999999999989,492.1195652173913,0.0,0.0,0.0,0.0,unknown
1762152108.911845,0,0.016,0.8,0,0,3,396.741935483871,395.0999999999989,491.98924731182797,0.0,0.0,0.0,0.0,unknown
1762152108.921966,0,0.016,0.8,0,0,3,396.63829787234044,394.99999999999886,491.86170212765956,0.0,0.0,0.0,0.0,unknown
1762152108.9320984,0,0.016,0.8,0,0,3,396.63157894736844,394.89999999999884,491.8421052631579,0.0,0.0,0.0,0.0,unknown
1762152108.9422023,0,0.016,0.8,0,1,3,396.625,394.7999999999988,491.875,0.0,0.0,0.0,0.0,unknown
1762152108.9523158,0,0.015000000000000001,0.8,0,0,3,396.6185567010309,394.6999999999988,491.9072164948454,0.0,0.0,0.0,0.0,unknown
1762152108.9624312,0,0.015000000000000001,0.8,0,0,3,396.6326530612245,394.5999999999988,491.9387755102041,0.0,0.0,0.0,0.0,unknown
1762152108.9725523,0,0.015000000000000001,0.8,1,0,3,396.62626262626264,394.49999999999875,491.86868686868684,0.0,0.0,0.0,0.0,unknown
1762152108.9826844,0,0.016,0.8,1,0,3,396.53,394.3999999999987,491.75,0.0,0.0,0.0,0.0,unknown
1762152108.9927866,0,0.017,0.8,1,0,3,390.38,394.2999999999987,487.75,0.0,0.0,0.0,0.0,unknown
1762152109.0028925,0,0.016,0.8,0,0,3,390.12,394.1999999999987,487.5,0.0,0.0,0.0,0.0,unknown
1762152109.0130048,0,0.016,0.8,1,0,3,389.86,394.09999999999866,487.1,0.0,0.0,0.0,0.0,unknown
1762152109.023141,0,0.016,0.8,0,0,3,389.57,393.99999999999864,486.6,0.0,0.0,0.0,0.0,unknown
1762152109.033259,0,0.017,0.8,0,1,3,389.28,393.8999999999986,486.1,0.0,0.0,0.0,0.0,unknown
1762152109.043363,0,0.017,0.8,0,0,3,388.99,393.7999999999986,485.55,0.0,0.0,0.0,0.0,unknown
1762152109.0534413,0,0.017,0.8,0,0,3,388.7,393.69999999999857,485.05,0.0,0.0,0.0,0.0,unknown
1762152109.0635226,0,0.018000000000000002,0.8,0,1,3,388.41,393.59999999999854,484.5,0.0,0.0,0.0,0.0,unknown
1762152109.073622,0,0.019,0.8,1,0,3,388.12,393.4999999999985,484.0,0.0,0.0,0.0,0.0,unknown
1762152109.0837452,0,0.019,0.8,0,0,3,387.83,393.3999999999985,483.55,0.0,0.0,0.0,0.0,unknown
1762152109.093886,0,0.019,0.8,0,0,3,387.54,393.2999999999985,483.05,0.0,0.0,0.0,0.0,unknown
1762152109.1039956,0,0.02,0.8,1,0,3,387.28,393.19999999999845,482.5,0.0,0.0,0.0,0.0,unknown
1762152109.1141307,0,0.021,0.8,1,0,3,387.06,393.09999999999843,482.0,0.0,0.0,0.0,0.0,unknown
1762152109.1242297,0,0.021,0.8,0,0,3,386.8,392.9999999999984,481.5,0.0,0.0,0.0,0.0,unknown
1762152109.1343305,0,0.021,0.8,0,0,3,386.58,392.8999999999984,481.04999999999995,0.0,0.0,0.0,0.0,unknown
1762152109.1444323,0,0.021,0.8,0,0,3,386.36,392.79999999999836,480.6,0.0,0.0,0.0,0.0,unknown
1762152109.1545184,0,0.022000000000000002,0.8,1,0,3,386.19,392.69999999999834,480.15,0.0,0.0,0.0,0.0,unknown
1762152109.1646438,0,0.023,0.8,1,0,3,386.15,392.5999999999983,479.55,0.0,0.0,0.0,0.0,unknown
1762152109.1747549,0,0.025,0.8,2,1,3,386.15,392.4999999999983,479.0,0.0,0.0,0.0,0.0,unknown
1762152109.1848345,0,0.025,0.8,1,0,3,386.06,392.3999999999983,478.45,0.0,0.0,0.0,0.0,unknown
1762152109.1949975,0,0.026000000000000002,0.8,1,0,3,385.97,392.29999999999825,478.0,0.0,0.0,0.0,0.0,unknown
1762152109.2051241,0,0.025,0.8,0,0,3,385.88,392.1999999999982,477.8,0.0,0.0,0.0,0.0,unknown
1762152109.2152524,0,0.025,0.8,0,0,3,385.79,392.0999999999982,477.65,0.0,0.0,0.0,0.0,unknown
1762152109.2253563,0,0.026000000000000002,0.8,0,1,3,385.75,391.9999999999982,477.6,0.0,0.0,0.0,0.0,unknown
1762152109.2354598,0,0.025,0.8,0,0,3,385.66,391.89999999999816,477.5,0.0,0.0,0.0,0.0,unknown
1762152109.245581,0,0.025,0.8,0,0,3,385.57,391.79999999999814,477.29999999999995,0.0,0.0,0.0,0.0,unknown
1762152109.255696,0,0.026000000000000002,0.8,1,0,3,385.48,391.6999999999981,477.04999999999995,0.0,0.0,0.0,0.0,unknown
1762152109.265794,0,0.028,0.8,1,1,3,385.37,391.5999999999981,476.85,0.0,0.0,0.0,0.0,unknown
1762152109.2759025,0,0.028,0.8,0,0,3,385.37,391.49999999999807,476.8,0.0,0.0,0.0,0.0,unknown
1762152109.286027,0,0.028,0.8,0,0,3,385.37,391.39999999999804,476.85,0.0,0.0,0.0,0.0,unknown
1762152109.2961414,0,0.028,0.8,0,0,3,385.37,391.299999999998,477.1,0.0,0.0,0.0,0.0,unknown
1762152109.3062575,0,0.027,0.8,0,0,3,385.44,391.199999999998,477.29999999999995,0.0,0.0,0.0,0.0,unknown
1762152109.316375,0,0.028,0.8,1,0,3,385.46,391.099999999998,477.45,0.0,0.0,0.0,0.0,unknown
1762152109.326478,0,0.030000000000000002,0.8,1,1,3,385.46,390.99999999999795,477.54999999999995,0.0,0.0,0.0,0.0,unknown
1762152109.3365993,0,0.030000000000000002,0.8,1,0,3,385.42,390.89999999999793,477.55,0.0,0.0,0.0,0.0,unknown
1762152109.3467197,0,0.031,0.8,1,0,3,385.33,390.7999999999979,477.55,0.0,0.0,0.0,0.0,unknown
1762152109.3568208,0,0.032,0.8,0,2,3,385.16,390.6999999999979,477.45000000000005,0.0,0.0,0.0,0.0,unknown
1762152109.3669248,0,0.032,0.8,0,1,3,384.87,390.59999999999786,477.3,0.0,0.0,0.0,0.0,unknown
1762152109.3770754,0,0.031,0.8,0,0,3,384.58,390.49999999999784,477.2,0.0,0.0,0.0,0.0,unknown
1762152109.387174,0,0.030000000000000002,0.8,0,0,3,384.29,390.3999999999978,477.1,0.0,0.0,0.0,0.0,unknown
1762152109.3972735,0,0.029,0.8,0,0,3,384,390.2999999999978,477.0,0.0,0.0,0.0,0.0,unknown
1762152109.407377,0,0.029,0.8,0,0,3,383.71,390.1999999999978,476.9,0.0,0.0,0.0,0.0,unknown
1762152109.4174936,0,0.030000000000000002,0.8,0,1,3,383.42,390.09999999999775,476.75,0.0,0.0,0.0,0.0,unknown
1762152109.4276092,0,0.031,0.8,1,0,3,383.13,389.9999999999977,476.6,0.0,0.0,0.0,0.0,unknown
1762152109.4377005,0,0.031,0.8,0,0,3,382.84,389.8999999999977,476.45,0.0,0.0,0.0,0.0,unknown
1762152109.4477682,0,0.031,0.8,1,0,3,382.55,389.7999999999977,476.35,0.0,0.0,0.0,0.0,unknown
1762152109.4578545,0,0.032,0.8,1,0,3,382.26,389.69999999999766,476.15,0.0,0.0,0.0,0.0,unknown
1762152109.4679804,0,0.032,0.8,0,0,3,381.97,389.59999999999764,475.95,0.0,0.0,0.0,0.0,unknown
1762152109.478166,0,0.031,0.8,0,0,3,381.68,389.4999999999976,475.8,0.0,0.0,0.0,0.0,unknown
1762152109.4882693,0,0.030000000000000002,0.8,0,0,3,381.46,389.3999999999976,475.65,0.0,0.0,0.0,0.0,unknown
1762152109.49848,0,0.029,0.8,0,0,3,381.17,389.29999999999757,475.45000000000005,0.0,0.0,0.0,0.0,unknown
1762152109.5086026,0,0.030000000000000002,0.8,0,1,3,381,389.19999999999754,475.2,0.0,0.0,0.0,0.0,unknown
1762152109.5187058,0,0.030000000000000002,0.8,0,1,3,380.91,389.0999999999975,475.0,0.0,0.0,0.0,0.0,unknown
1762152109.5287874,0,0.030000000000000002,0.8,0,0,3,380.82,388.9999999999975,474.8,0.0,0.0,0.0,0.0,unknown
1762152109.5391319,0,0.029,0.8,0,0,3,380.73,388.8999999999975,474.65,0.0,0.0,0.0,0.0,unknown
1762152109.5492535,0,0.030000000000000002,0.8,1,0,3,380.64,388.79999999999745,474.55,0.0,0.0,0.0,0.0,unknown
1762152109.5593708,0,0.030000000000000002,0.8,0,0,3,380.55,388.69999999999743,474.55,0.0,0.0,0.0,0.0,unknown
1762152109.5695133,0,0.030000000000000002,0.8,1,0,3,380.46,388.5999999999974,474.6,0.0,0.0,0.0,0.0,unknown
1762152109.579611,0,0.029,0.8,0,0,3,380.37,388.4999999999974,474.6,0.0,0.0,0.0,0.0,unknown
1762152109.5897398,0,0.029,0.8,0,0,3,380.28,388.39999999999736,474.6,0.0,0.0,0.0,0.0,unknown
1762152109.599804,0,0.029,0.8,0,0,3,380.19,388.29999999999734,474.65,0.0,0.0,0.0,0.0,unknown
1762152109.6099067,0,0.028,0.8,0,0,3,380.1,388.1999999999973,474.70000000000005,0.0,0.0,0.0,0.0,unknown
1762152109.6200159,0,0.027,0.8,0,0,3,379.94,388.0999999999973,474.8,0.0,0.0,0.0,0.0,unknown
1762152109.6301374,0,0.028,0.8,0,1,3,379.83,387.99999999999727,475.05,0.0,0.0,0.0,0.0,unknown
1762152109.64027,0,0.030000000000000002,0.8,0,2,3,379.92,387.89999999999725,475.35,0.0,0.0,0.0,0.0,unknown
1762152109.6504025,0,0.030000000000000002,0.8,0,0,3,380.01,387.7999999999972,475.6,0.0,0.0,0.0,0.0,unknown
1762152109.6605115,0,0.029,0.8,0,0,3,380.23,387.6999999999972,475.79999999999995,0.0,0.0,0.0,0.0,unknown
1762152109.670605,0,0.029,0.8,0,1,3,380.52,387.5999999999972,475.85,0.0,0.0,0.0,0.0,unknown
1762152109.6807156,0,0.026000000000000002,0.8,0,0,3,380.81,387.49999999999716,476.05,0.0,0.0,0.0,0.0,unknown
1762152109.6908057,0,0.025,0.8,0,0,3,381.01,387.39999999999714,476.2,0.0,0.0,0.0,0.0,unknown
1762152109.7008955,0,0.025,0.8,1,0,3,381.13,387.2999999999971,476.35,0.0,0.0,0.0,0.0,unknown
1762152109.711032,0,0.026000000000000002,0.8,1,0,3,381.13,387.1999999999971,476.4,0.0,0.0,0.0,0.0,unknown
1762152109.721128,0,0.026000000000000002,0.8,0,0,3,381.13,387.09999999999707,476.5,0.0,0.0,0.0,0.0,unknown
1762152109.7312381,0,0.026000000000000002,0.8,1,0,3,381.13,386.99999999999704,476.55,0.0,0.0,0.0,0.0,unknown
1762152109.741333,0,0.026000000000000002,0.8,0,0,3,381.16,386.899999999997,476.55,0.0,0.0,0.0,0.0,unknown
1762152109.7514322,0,0.026000000000000002,0.8,0,0,3,381.16,386.799999999997,476.65,0.0,0.0,0.0,0.0,unknown
1762152109.7615337,0,0.027000000000000003,0.8,2,0,3,381.16,386.699999999997,476.79999999999995,0.0,0.0,0.0,0.0,unknown
1762152109.7716408,0,0.027000000000000003,0.8,1,1,3,381.16,386.59999999999695,476.95,0.0,0.0,0.0,0.0,unknown
1762152109.781747,0,0.029,0.8,0,2,3,381.28,386.49999999999693,477.15,0.0,0.0,0.0,0.0,unknown
1762152109.7918446,0,0.030000000000000002,0.8,0,1,3,381.33,386.3999999999969,477.25,0.0,0.0,0.0,0.0,unknown
1762152109.8019385,0,0.030000000000000002,0.8,0,0,3,381.38,386.2999999999969,477.35,0.0,0.0,0.0,0.0,unknown
1762152109.8120522,0,0.030000000000000002,0.8,0,0,3,381.55,386.19999999999686,477.45,0.0,0.0,0.0,0.0,unknown
1762152109.8221698,0,0.029,0.8,0,0,3,381.55,386.09999999999684,477.45000000000005,0.0,0.0,0.0,0.0,unknown
1762152109.8322835,0,0.028,0.8,0,1,3,381.55,385.9999999999968,477.4,0.0,0.0,0.0,0.0,unknown
1762152109.8423893,0,0.027000000000000003,0.8,0,0,3,381.47,385.8999999999968,477.25,0.0,0.0,0.0,0.0,unknown
1762152109.8525202,0,0.026000000000000002,0.8,0,0,3,381.21,385.79999999999677,477.1,0.0,0.0,0.0,0.0,unknown
1762152109.862643,0,0.024,0.8,0,0,3,380.95,385.69999999999675,477.0,0.0,0.0,0.0,0.0,unknown
1762152109.8727713,0,0.023,0.8,0,0,3,380.69,385.5999999999967,476.9,0.0,0.0,0.0,0.0,unknown
1762152109.8828783,0,0.023,0.8,0,0,3,380.43,385.4999999999967,476.75,0.0,0.0,0.0,0.0,unknown
1762152109.8929899,0,0.023,0.8,0,0,3,380.17,385.3999999999967,476.45,0.0,0.0,0.0,0.0,unknown
1762152109.9030826,0,0.023,0.8,0,0,3,379.91,385.29999999999666,476.15,0.0,0.0,0.0,0.0,unknown
1762152109.913201,0,0.024,0.8,0,1,3,379.65,385.19999999999663,475.8,0.0,0.0,0.0,0.0,unknown
1762152109.9233158,0,0.023,0.8,0,0,3,379.39,385.0999999999966,475.5,0.0,0.0,0.0,0.0,unknown
1762152109.9334087,0,0.024,0.8,1,1,3,379.13,384.9999999999966,475.25,0.0,0.0,0.0,0.0,unknown
1762152109.943506,0,0.025,0.8,0,1,3,378.78,384.89999999999657,474.9,0.0,0.0,0.0,0.0,unknown
1762152109.9536033,0,0.024,0.8,0,0,3,378.43,384.79999999999654,474.5,0.0,0.0,0.0,0.0,unknown
1762152109.9636934,0,0.023,0.8,0,0,3,378.08,384.6999999999965,474.1,0.0,0.0,0.0,0.0,unknown
1762152109.9738128,0,0.023,0.8,0,0,3,377.71,384.5999999999965,473.75,0.0,0.0,0.0,0.0,unknown
1762152109.9839146,0,0.023,0.8,0,0,3,377.38,384.4999999999965,473.45000000000005,0.0,0.0,0.0,0.0,unknown
1762152109.9940302,0,0.024,0.8,0,1,3,377.12,384.39999999999645,473.2,0.0,0.0,0.0,0.0,unknown
1762152110.0041308,0,0.024,0.8,0,0,3,376.92,384.29999999999643,472.95,0.0,0.0,0.0,0.0,unknown
1762152110.0142355,0,0.023,0.8,0,0,3,376.89,384.1999999999964,472.75,0.0,0.0,0.0,0.0,unknown
1762152110.0243416,0,0.023,0.8,1,0,3,376.86,384.0999999999964,472.75,0.0,0.0,0.0,0.0,unknown
1762152110.0344353,0,0.024,0.8,1,0,3,377.06,383.99999999999636,472.9,0.0,0.0,0.0,0.0,unknown
1762152110.0445378,0,0.024,0.8,0,0,3,377.26,383.89999999999634,473.15,0.0,0.0,0.0,0.0,unknown
1762152110.0546262,0,0.024,0.8,0,1,3,377.46,383.7999999999963,473.45,0.0,0.0,0.0,0.0,unknown
1762152110.064721,0,0.025,0.8,1,0,3,377.66,383.6999999999963,473.6,0.0,0.0,0.0,0.0,unknown
1762152110.0748224,0,0.025,0.8,1,0,3,377.86,383.59999999999627,473.8,0.0,0.0,0.0,0.0,unknown
1762152110.084943,0,0.025,0.8,0,0,3,378.06,383.49999999999625,474.1,0.0,0.0,0.0,0.0,unknown
1762152110.0950592,0,0.025,0.8,0,0,3,378.26,383.3999999999962,474.35,0.0,0.0,0.0,0.0,unknown
1762152110.1051598,0,0.025,0.8,0,0,3,378.46,383.2999999999962,474.54999999999995,0.0,0.0,0.0,0.0,unknown
1762152110.1152701,0,0.026000000000000002,0.8,0,1,3,378.72,383.1999999999962,474.8,0.0,0.0,0.0,0.0,unknown
1762152110.1254797,0,0.028,0.8,1,1,3,378.85,383.09999999999616,475.05,0.0,0.0,0.0,0.0,unknown
1762152110.135586,0,0.029,0.8,1,1,3,379.02,382.99999999999613,475.4,0.0,0.0,0.0,0.0,unknown
1762152110.145711,0,0.028,0.8,0,1,3,379.15,382.8999999999961,475.75,0.0,0.0,0.0,0.0,unknown
1762152110.1558316,0,0.028,0.8,0,0,3,379.33,382.7999999999961,476.1,0.0,0.0,0.0,0.0,unknown
1762152110.1659493,0,0.029,0.8,0,1,3,379.5,382.69999999999607,476.45000000000005,0.0,0.0,0.0,0.0,unknown
1762152110.176083,0,0.029,0.8,0,1,3,379.54,382.59999999999604,476.85,0.0,0.0,0.0,0.0,unknown
1762152110.1861858,0,0.030000000000000002,0.8,0,1,3,379.54,382.499999999996,477.25,0.0,0.0,0.0,0.0,unknown
1762152110.196299,0,0.030000000000000002,0.8,0,0,3,379.46,382.399999999996,477.55,0.0,0.0,0.0,0.0,unknown
1762152110.2064116,0,0.029,0.8,0,0,3,379.2,382.299999999996,477.65,0.0,0.0,0.0,0.0,unknown
1762152110.2165265,0,0.028,0.8,0,0,3,378.94,382.19999999999595,477.5,0.0,0.0,0.0,0.0,unknown
1762152110.2266345,0,0.028,0.8,0,0,3,378.68,382.09999999999593,477.25,0.0,0.0,0.0,0.0,unknown
1762152110.2367392,0,0.027000000000000003,0.8,0,0,3,378.37,381.9999999999959,476.95,0.0,0.0,0.0,0.0,unknown
1762152110.246867,0,0.027000000000000003,0.8,0,0,3,378.11,381.8999999999959,476.6,0.0,0.0,0.0,0.0,unknown
1762152110.25697,0,0.027000000000000003,0.8,0,0,3,377.85,381.79999999999586,476.29999999999995,0.0,0.0,0.0,0.0,unknown
1762152110.267089,0,0.026000000000000002,0.8,1,0,3,377.59,381.69999999999584,476.05,0.0,0.0,0.0,0.0,unknown
1762152110.2771845,0,0.024,0.8,0,0,3,377.35,381.5999999999958,475.8,0.0,0.0,0.0,0.0,unknown
1762152110.287296,0,0.023,0.8,1,0,3,377,381.4999999999958,475.5,0.0,0.0,0.0,0.0,unknown
1762152110.297396,0,0.022000000000000002,0.8,0,0,3,376.65,381.39999999999577,475.15,0.0,0.0,0.0,0.0,unknown
1762152110.3074987,0,0.022000000000000002,0.8,0,0,3,376.3,381.29999999999575,474.75,0.0,0.0,0.0,0.0,unknown
1762152110.3176134,0,0.023,0.8,0,1,3,375.88,381.1999999999957,474.3,0.0,0.0,0.0,0.0,unknown
1762152110.3277454,0,0.023,0.8,0,0,3,375.51,381.0999999999957,473.9,0.0,0.0,0.0,0.0,unknown
1762152110.337832,0,0.023,0.8,0,1,3,375.16,380.9999999999957,473.55,0.0,0.0,0.0,0.0,unknown
1762152110.3479462,0,0.024,0.8,0,1,3,374.85,380.89999999999566,473.25,0.0,0.0,0.0,0.0,unknown
1762152110.3580625,0,0.024,0.8,0,0,3,374.68,380.79999999999563,472.95000000000005,0.0,0.0,0.0,0.0,unknown
1762152110.3681612,0,0.025,0.8,0,1,3,374.56,380.6999999999956,472.70000000000005,0.0,0.0,0.0,0.0,unknown
1762152110.3782673,0,0.027000000000000003,0.8,1,1,3,374.56,380.5999999999956,472.54999999999995,0.0,0.0,0.0,0.0,unknown
1762152110.3883712,0,0.029,0.8,1,1,3,374.68,380.49999999999557,472.55,0.0,0.0,0.0,0.0,unknown
1762152110.3984745,0,0.031000000000000003,0.8,1,1,3,374.8,380.39999999999554,472.7,0.0,0.0,0.0,0.0,unknown
1762152110.408586,0,0.032,0.8,0,1,3,374.92,380.2999999999955,472.85,0.0,0.0,0.0,0.0,unknown
1762152110.4186914,0,0.033,0.8,2,0,3,375.04,380.1999999999955,472.95,0.0,0.0,0.0,0.0,unknown
1762152110.4288092,0,0.035,0.8,1,1,3,375.16,380.0999999999955,473.15,0.0,0.0,0.0,0.0,unknown
1762152110.43891,0,0.034,0.8,1,0,3,375.28,379.99999999999545,473.3,0.0,0.0,0.0,0.0,unknown
1762152110.449029,0,0.034,0.8,1,0,3,375.4,379.89999999999543,473.45000000000005,0.0,0.0,0.0,0.0,unknown
1762152110.4591358,0,0.034,0.8,0,0,3,375.52,379.7999999999954,473.55,0.0,0.0,0.0,0.0,unknown
1762152110.4692523,0,0.035,0.8,1,0,3,375.64,379.6999999999954,473.70000000000005,0.0,0.0,0.0,0.0,unknown
1762152110.4793918,0,0.037000000000000005,0.8,2,0,3,375.76,379.59999999999536,473.9,0.0,0.0,0.0,0.0,unknown
1762152110.489495,0,0.037000000000000005,0.8,0,0,3,375.96,379.49999999999534,474.1,0.0,0.0,0.0,0.0,unknown
1762152110.4996068,0,0.036000000000000004,0.8,0,0,3,376.09,379.3999999999953,474.25,0.0,0.0,0.0,0.0,unknown
1762152110.5097046,0,0.036000000000000004,0.8,0,0,3,376.38,379.2999999999953,474.45,0.0,0.0,0.0,0.0,unknown
1762152110.5198176,0,0.036000000000000004,0.8,0,0,3,376.55,379.19999999999527,474.65,0.0,0.0,0.0,0.0,unknown
1762152110.5299206,0,0.036000000000000004,0.8,1,0,3,376.55,379.09999999999525,474.85,0.0,0.0,0.0,0.0,unknown
1762152110.5400178,0,0.037000000000000005,0.8,1,1,3,376.55,378.9999999999952,475.04999999999995,0.0,0.0,0.0,0.0,unknown
1762152110.5501049,0,0.039,0.8,1,1,3,376.47,378.8999999999952,475.15,0.0,0.0,0.0,0.0,unknown
1762152110.5601978,0,0.038,0.8,0,0,3,376.39,378.7999999999952,475.1,0.0,0.0,0.0,0.0,unknown
1762152110.5702927,0,0.038,0.8,1,0,3,376.19,378.69999999999516,474.9,0.0,0.0,0.0,0.0,unknown
1762152110.5803754,0,0.037000000000000005,0.8,0,0,3,375.93,378.59999999999513,474.65,0.0,0.0,0.0,0.0,unknown
1762152110.5904765,0,0.037000000000000005,0.8,0,0,3,375.67,378.4999999999951,474.4,0.0,0.0,0.0,0.0,unknown
1762152110.6005826,0,0.038,0.8,1,0,3,375.41,378.3999999999951,474.15,0.0,0.0,0.0,0.0,unknown
1762152110.6106865,0,0.038,0.8,0,0,3,375.15,378.29999999999507,473.85,0.0,0.0,0.0,0.0,unknown
1762152110.6207588,0,0.037000000000000005,0.8,0,0,3,374.89,378.19999999999504,473.55,0.0,0.0,0.0,0.0,unknown
1762152110.6308746,0,0.036000000000000004,0.8,1,0,3,374.63,378.099999999995,473.3,0.0,0.0,0.0,0.0,unknown
1762152110.6409724,0,0.035,0.8,1,0,3,374.37,377.999999999995,473.0,0.0,0.0,0.0,0.0,unknown
1762152110.651076,0,0.036000000000000004,0.8,2,0,3,374.02,377.899999999995,472.6,0.0,0.0,0.0,0.0,unknown
1762152110.6611621,0,0.037000000000000005,0.8,1,0,3,373.67,377.79999999999495,472.2,0.0,0.0,0.0,0.0,unknown
1762152110.6712596,0,0.037000000000000005,0.8,1,0,3,373.3,377.69999999999493,471.95000000000005,0.0,0.0,0.0,0.0,unknown
1762152110.6813574,0,0.037000000000000005,0.8,1,0,3,372.97,377.5999999999949,471.79999999999995,0.0,0.0,0.0,0.0,unknown
1762152110.691442,0,0.036000000000000004,0.8,0,0,3,372.64,377.4999999999949,471.65,0.0,0.0,0.0,0.0,unknown
1762152110.7015553,0,0.037000000000000005,0.8,0,1,3,372.38,377.39999999999486,471.45,0.0,0.0,0.0,0.0,unknown
1762152110.7116468,0,0.038,0.8,1,0,3,372.26,377.29999999999484,471.25,0.0,0.0,0.0,0.0,unknown
1762152110.7217498,0,0.038,0.8,0,0,3,372.26,377.1999999999948,471.1,0.0,0.0,0.0,0.0,unknown
1762152110.7318306,0,0.038,0.8,0,0,3,372.26,377.0999999999948,471.0,0.0,0.0,0.0,0.0,unknown
1762152110.741911,0,0.04,0.8,1,1,3,372.38,376.99999999999477,471.0,0.0,0.0,0.0,0.0,unknown
1762152110.7520015,0,0.041,0.8,0,1,3,372.47,376.89999999999475,471.15,0.0,0.0,0.0,0.0,unknown
1762152110.7620971,0,0.042,0.8,0,1,3,372.59,376.7999999999947,471.3,0.0,0.0,0.0,0.0,unknown
1762152110.7721677,0,0.041,0.8,0,0,3,372.71,376.6999999999947,471.45,0.0,0.0,0.0,0.0,unknown
1762152110.7822416,0,0.042,0.8,0,1,3,372.83,376.5999999999947,471.6,0.0,0.0,0.0,0.0,unknown
1762152110.7923253,0,0.042,0.8,0,1,3,372.83,376.49999999999466,471.7,0.0,0.0,0.0,0.0,unknown
1762152110.8024096,0,0.042,0.8,0,0,3,372.83,376.39999999999463,471.9,0.0,0.0,0.0,0.0,unknown
1762152110.8125026,0,0.042,0.8,0,0,3,372.83,376.2999999999946,472.1,0.0,0.0,0.0,0.0,unknown
1762152110.8225932,0,0.041,0.8,0,0,3,372.66,376.1999999999946,472.3,0.0,0.0,0.0,0.0,unknown
1762152110.8326707,0,0.041,0.8,0,0,3,372.58,376.09999999999457,472.55,0.0,0.0,0.0,0.0,unknown
1762152110.842749,0,0.04,0.8,0,0,3,372.5,375.99999999999454,472.79999999999995,0.0,0.0,0.0,0.0,unknown
1762152110.8528295,0,0.04,0.8,0,1,3,372.58,375.8999999999945,473.04999999999995,0.0,0.0,0.0,0.0,unknown
1762152110.8629122,0,0.041,0.8,1,0,3,372.93,375.7999999999945,473.25,0.0,0.0,0.0,0.0,unknown
1762152110.8730001,0,0.04,0.8,0,0,3,373.28,375.6999999999945,473.4,0.0,0.0,0.0,0.0,unknown
1762152110.8831744,0,0.04,0.8,1,1,3,373.59,375.59999999999445,473.5,0.0,0.0,0.0,0.0,unknown
1762152110.8932798,0,0.038,0.8,0,0,3,373.77,375.49999999999443,473.6,0.0,0.0,0.0,0.0,unknown
1762152110.9033704,0,0.037000000000000005,0.8,1,0,3,373.83,375.3999999999944,473.9,0.0,0.0,0.0,0.0,unknown
1762152110.9134593,0,0.037000000000000005,0.8,0,1,3,373.89,375.2999999999944,474.2,0.0,0.0,0.0,0.0,unknown
1762152110.923556,0,0.035,0.8,0,0,3,373.8,375.19999999999436,474.54999999999995,0.0,0.0,0.0,0.0,unknown
1762152110.9336574,0,0.033,0.8,0,0,3,373.69,375.09999999999434,474.79999999999995,0.0,0.0,0.0,0.0,unknown
1762152110.9437594,0,0.034,0.8,1,1,3,373.58,374.9999999999943,474.95000000000005,0.0,0.0,0.0,0.0,unknown
1762152110.9538493,0,0.033,0.8,0,0,3,373.47,374.8999999999943,475.04999999999995,0.0,0.0,0.0,0.0,unknown
1762152110.963955,0,0.033,0.8,0,0,3,373.36,374.79999999999427,475.1,0.0,0.0,0.0,0.0,unknown
1762152110.9740634,0,0.032,0.8,0,0,3,373.25,374.69999999999425,475.15,0.0,0.0,0.0,0.0,unknown
1762152110.984159,0,0.031000000000000003,0.8,1,0,3,373.09,374.5999999999942,475.15,0.0,0.0,0.0,0.0,unknown
1762152110.9942558,0,0.032,0.8,0,1,3,372.96,374.4999999999942,475.20000000000005,0.0,0.0,0.0,0.0,unknown
1762152111.004355,0,0.033,0.8,1,0,3,372.85,374.3999999999942,475.29999999999995,0.0,0.0,0.0,0.0,unknown
1762152111.0144615,0,0.033,0.8,0,0,3,372.68,374.29999999999416,475.4,0.0,0.0,0.0,0.0,unknown
1762152111.0245776,0,0.033,0.8,0,0,3,372.51,374.19999999999413,475.5,0.0,0.0,0.0,0.0,unknown
1762152111.0346682,0,0.032,0.8,0,0,3,372.34,374.0999999999941,475.6,0.0,0.0,0.0,0.0,unknown
1762152111.0447588,0,0.030000000000000002,0.8,0,0,3,372.08,373.9999999999941,475.5,0.0,0.0,0.0,0.0,unknown
1762152111.054875,0,0.029,0.8,0,1,3,371.73,373.89999999999407,475.3,0.0,0.0,0.0,0.0,unknown
1762152111.0650024,0,0.030000000000000002,0.8,0,1,3,371.47,373.79999999999404,475.0,0.0,0.0,0.0,0.0,unknown
1762152111.0751064,0,0.030000000000000002,0.8,0,1,3,371.21,373.699999999994,474.75,0.0,0.0,0.0,0.0,unknown
1762152111.0852304,0,0.030000000000000002,0.8,0,0,3,371.13,373.599999999994,474.65,0.0,0.0,0.0,0.0,unknown
1762152111.0953321,0,0.031000000000000003,0.8,0,1,3,370.93,373.499999999994,474.5,0.0,0.0,0.0,0.0,unknown
1762152111.105443,0,0.030000000000000002,0.8,0,0,3,370.73,373.39999999999395,474.45000000000005,0.0,0.0,0.0,0.0,unknown
1762152111.1155608,0,0.031000000000000003,0.8,1,0,3,370.56,373.29999999999393,474.45000000000005,0.0,0.0,0.0,0.0,unknown
1762152111.1258242,0,0.031000000000000003,0.8,0,0,3,370.27,373.1999999999939,474.45000000000005,0.0,0.0,0.0,0.0,unknown
1762152111.1359334,0,0.031000000000000003,0.8,0,1,3,370.07,373.0999999999939,474.45,0.0,0.0,0.0,0.0,unknown
1762152111.1460347,0,0.031000000000000003,0.8,0,1,3,369.87,372.99999999999386,474.4,0.0,0.0,0.0,0.0,unknown
1762152111.156137,0,0.030000000000000002,0.8,0,1,3,369.67,372.89999999999384,474.35,0.0,0.0,0.0,0.0,unknown
1762152111.1662126,0,0.030000000000000002,0.8,1,0,3,369.42,372.7999999999938,474.35,0.0,0.0,0.0,0.0,unknown
1762152111.1763172,0,0.031000000000000003,0.8,0,2,3,369.13,372.6999999999938,474.3,0.0,0.0,0.0,0.0,unknown
1762152111.186407,0,0.032,0.8,1,1,3,368.84,372.59999999999377,474.25,0.0,0.0,0.0,0.0,unknown
1762152111.1964943,0,0.034,0.8,1,1,3,368.55,372.49999999999375,474.1,0.0,0.0,0.0,0.0,unknown
1762152111.206564,0,0.034,0.8,0,1,3,368.43,372.3999999999937,474.04999999999995,0.0,0.0,0.0,0.0,unknown
1762152111.2167182,0,0.033,0.8,0,0,3,368.56,372.2999999999937,474.15,0.0,0.0,0.0,0.0,unknown
1762152111.2268877,0,0.034,0.8,1,0,3,368.71,372.1999999999937,474.35,0.0,0.0,0.0,0.0,unknown
1762152111.2370877,0,0.036000000000000004,0.8,1,1,3,368.8,372.09999999999366,474.70000000000005,0.0,0.0,0.0,0.0,unknown
1762152111.2472725,0,0.035,0.8,0,1,3,368.86,371.99999999999363,475.05,0.0,0.0,0.0,0.0,unknown
1762152111.257484,0,0.035,0.8,1,0,3,368.92,371.8999999999936,475.45,0.0,0.0,0.0,0.0,unknown
1762152111.2676759,0,0.034,0.8,0,0,3,368.76,371.7999999999936,475.85,0.0,0.0,0.0,0.0,unknown
1762152111.2777784,0,0.034,0.8,0,0,3,368.65,371.69999999999357,476.1,0.0,0.0,0.0,0.0,unknown
1762152111.2878966,0,0.035,0.8,2,0,3,368.54,371.59999999999354,476.29999999999995,0.0,0.0,0.0,0.0,unknown
1762152111.2980301,0,0.035,0.8,1,0,3,368.43,371.4999999999935,476.35,0.0,0.0,0.0,0.0,unknown
1762152111.3081424,0,0.037000000000000005,0.8,1,1,3,368.34,371.3999999999935,476.35,0.0,0.0,0.0,0.0,unknown
1762152111.3182595,0,0.037000000000000005,0.8,0,0,3,368.25,371.2999999999935,476.35,0.0,0.0,0.0,0.0,unknown
1762152111.3283513,0,0.038,0.8,1,0,3,368.14,371.19999999999345,476.35,0.0,0.0,0.0,0.0,unknown
1762152111.3384585,0,0.04,0.8,1,1,3,367.98,371.09999999999343,476.25,0.0,0.0,0.0,0.0,unknown
1762152111.3485818,0,0.041,0.8,0,1,3,367.82,370.9999999999934,476.15,0.0,0.0,0.0,0.0,unknown
1762152111.3587034,0,0.04,0.8,0,0,3,367.71,370.8999999999934,476.1,0.0,0.0,0.0,0.0,unknown
1762152111.3688228,0,0.04,0.8,1,0,3,367.53,370.79999999999336,476.1,0.0,0.0,0.0,0.0,unknown
1762152111.3789308,0,0.04,0.8,0,0,3,367.38,370.69999999999334,476.15,0.0,0.0,0.0,0.0,unknown
1762152111.3890347,0,0.039,0.8,0,1,3,367.23,370.5999999999933,476.20000000000005,0.0,0.0,0.0,0.0,unknown
1762152111.3991523,0,0.039,0.8,0,0,3,366.96,370.4999999999933,476.15,0.0,0.0,0.0,0.0,unknown
1762152111.4092598,0,0.039,0.8,0,1,3,366.69,370.39999999999327,476.0,0.0,0.0,0.0,0.0,unknown
1762152111.419374,0,0.038,0.8,0,0,3,366.51,370.29999999999325,475.85,0.0,0.0,0.0,0.0,unknown
1762152111.4294782,0,0.038,0.8,0,0,3,366.48,370.1999999999932,475.7,0.0,0.0,0.0,0.0,unknown
1762152111.4395957,0,0.038,0.8,0,0,3,366.36,370.0999999999932,475.45,0.0,0.0,0.0,0.0,unknown
1762152111.4497168,0,0.036000000000000004,0.8,0,0,3,366.27,369.9999999999932,475.25,0.0,0.0,0.0,0.0,unknown
1762152111.4598327,0,0.036000000000000004,0.8,0,0,3,366.15,369.89999999999316,475.15,0.0,0.0,0.0,0.0,unknown
1762152111.4699311,0,0.036000000000000004,0.8,0,0,3,366.03,369.79999999999313,475.1,0.0,0.0,0.0,0.0,unknown
1762152111.480067,0,0.037000000000000005,0.8,0,1,3,365.91,369.6999999999931,475.04999999999995,0.0,0.0,0.0,0.0,unknown
1762152111.490186,0,0.036000000000000004,0.8,0,0,3,365.79,369.5999999999931,475.0,0.0,0.0,0.0,0.0,unknown
1762152111.5003202,0,0.036000000000000004,0.8,0,1,3,365.59,369.49999999999307,474.9,0.0,0.0,0.0,0.0,unknown
1762152111.5104256,0,0.037000000000000005,0.8,1,1,3,365.39,369.39999999999304,474.8,0.0,0.0,0.0,0.0,unknown
1762152111.5205402,0,0.037000000000000005,0.8,0,0,3,365.1,369.299999999993,474.7,0.0,0.0,0.0,0.0,unknown
1762152111.5306513,0,0.039,0.8,1,1,3,364.81,369.199999999993,474.65,0.0,0.0,0.0,0.0,unknown
1762152111.540764,0,0.041,0.8,1,1,3,364.61,369.099999999993,474.6,0.0,0.0,0.0,0.0,unknown
1762152111.5508804,0,0.042,0.8,1,0,3,364.41,368.99999999999295,474.54999999999995,0.0,0.0,0.0,0.0,unknown
1762152111.5610003,0,0.044000000000000004,0.8,2,1,3,364.36,368.89999999999293,474.6,0.0,0.0,0.0,0.0,unknown
1762152111.5711322,0,0.045000000000000005,0.8,1,1,3,364.24,368.7999999999929,474.7,0.0,0.0,0.0,0.0,unknown
1762152111.581228,0,0.045000000000000005,0.8,1,0,3,364.27,368.6999999999929,474.85,0.0,0.0,0.0,0.0,unknown
1762152111.5913615,0,0.046,0.8,1,0,3,364.33,368.59999999999286,474.95,0.0,0.0,0.0,0.0,unknown
1762152111.601465,0,0.047,0.8,1,1,3,364.39,368.49999999999284,475.05,0.0,0.0,0.0,0.0,unknown
1762152111.6115756,0,0.048,0.8,0,1,3,364.28,368.3999999999928,475.20000000000005,0.0,0.0,0.0,0.0,unknown
1762152111.6216538,0,0.049,0.8,0,2,3,364.12,368.2999999999928,475.29999999999995,0.0,0.0,0.0,0.0,unknown
1762152111.6317239,0,0.051000000000000004,0.8,0,2,3,363.96,368.19999999999277,475.4,0.0,0.0,0.0,0.0,unknown
1762152111.6417956,0,0.05,0.8,0,0,3,363.87,368.09999999999275,475.4,0.0,0.0,0.0,0.0,unknown
1762152111.6519244,0,0.05,0.8,1,0,3,363.76,367.9999999999927,475.35,0.0,0.0,0.0,0.0,unknown
1762152111.6620731,0,0.05,0.8,0,1,3,363.65,367.8999999999927,475.25,0.0,0.0,0.0,0.0,unknown
1762152111.6721761,0,0.05,0.8,0,1,3,363.54,367.7999999999927,475.2,0.0,0.0,0.0,0.0,unknown
1762152111.6822796,0,0.049,0.8,1,0,3,363.45,367.69999999999266,475.05,0.0,0.0,0.0,0.0,unknown
1762152111.6923862,0,0.048,0.8,1,0,3,363.32,367.59999999999263,474.85,0.0,0.0,0.0,0.0,unknown
1762152111.7024772,0,0.048,0.8,1,1,3,363.19,367.4999999999926,474.65,0.0,0.0,0.0,0.0,unknown
1762152111.7125823,0,0.049,0.8,0,2,3,363.08,367.3999999999926,474.5,0.0,0.0,0.0,0.0,unknown
1762152111.7226734,0,0.049,0.8,0,0,3,362.91,367.29999999999256,474.35,0.0,0.0,0.0,0.0,unknown
1762152111.7327673,0,0.048,0.8,0,0,3,362.76,367.19999999999254,474.29999999999995,0.0,0.0,0.0,0.0,unknown
1762152111.7428665,0,0.046,0.8,0,0,3,362.61,367.0999999999925,474.25,0.0,0.0,0.0,0.0,unknown
1762152111.7529626,0,0.046,0.8,0,1,3,362.43,366.9999999999925,474.15,0.0,0.0,0.0,0.0,unknown
1762152111.7630804,0,0.046,0.8,0,1,3,362.25,366.8999999999925,474.0,0.0,0.0,0.0,0.0,unknown
1762152111.773178,0,0.046,0.8,0,0,3,362.25,366.79999999999245,473.75,0.0,0.0,0.0,0.0,unknown
1762152111.7832665,0,0.047,0.8,1,0,3,362.13,366.69999999999243,473.45,0.0,0.0,0.0,0.0,unknown
1762152111.793357,0,0.046,0.8,0,1,3,362.01,366.5999999999924,473.15,0.0,0.0,0.0,0.0,unknown
1762152111.8034747,0,0.046,0.8,0,1,3,361.89,366.4999999999924,472.9,0.0,0.0,0.0,0.0,unknown
1762152111.813588,0,0.044000000000000004,0.8,0,0,3,361.77,366.39999999999236,472.8,0.0,0.0,0.0,0.0,unknown
1762152111.8236785,0,0.044000000000000004,0.8,0,0,3,361.65,366.29999999999234,472.65,0.0,0.0,0.0,0.0,unknown
1762152111.8337407,0,0.046,0.8,1,2,3,361.53,366.1999999999923,472.5,0.0,0.0,0.0,0.0,unknown
1762152111.8438075,0,0.046,0.8,0,2,3,361.41,366.0999999999923,472.4,0.0,0.0,0.0,0.0,unknown
1762152111.853874,0,0.046,0.8,0,1,3,361.29,365.99999999999227,472.29999999999995,0.0,0.0,0.0,0.0,unknown
1762152111.8639517,0,0.048,0.8,1,1,3,361.09,365.89999999999225,472.20000000000005,0.0,0.0,0.0,0.0,unknown
1762152111.8740718,0,0.048,0.8,0,1,3,360.8,365.7999999999922,472.15,0.0,0.0,0.0,0.0,unknown
1762152111.884165,0,0.049,0.8,0,1,3,360.51,365.6999999999922,472.1,0.0,0.0,0.0,0.0,unknown
1762152111.8942616,0,0.048,0.8,0,0,3,360.26,365.5999999999922,472.25,0.0,0.0,0.0,0.0,unknown
1762152111.9043736,0,0.048,0.8,0,0,3,360.21,365.49999999999216,472.3,0.0,0.0,0.0,0.0,unknown
1762152111.9144871,0,0.048,0.8,1,0,3,360.24,365.39999999999213,472.3,0.0,0.0,0.0,0.0,unknown
1762152111.924607,0,0.048,0.8,0,0,3,360.27,365.2999999999921,472.25,0.0,0.0,0.0,0.0,unknown
1762152111.934713,0,0.049,0.8,1,0,3,360.42,365.1999999999921,472.20000000000005,0.0,0.0,0.0,0.0,unknown
1762152111.9448195,0,0.049,0.8,0,0,3,360.53,365.09999999999206,472.20000000000005,0.0,0.0,0.0,0.0,unknown
1762152111.9549174,0,0.05,0.8,0,1,3,360.64,364.99999999999204,472.20000000000005,0.0,0.0,0.0,0.0,unknown
1762152111.9650207,0,0.051000000000000004,0.8,0,1,3,360.66,364.899999999992,472.25,0.0,0.0,0.0,0.0,unknown
1762152111.9751334,0,0.052000000000000005,0.8,1,0,3,360.57,364.799999999992,472.29999999999995,0.0,0.0,0.0,0.0,unknown
1762152111.9852326,0,0.051000000000000004,0.8,0,0,3,360.46,364.699999999992,472.25,0.0,0.0,0.0,0.0,unknown
1762152111.9953291,0,0.052000000000000005,0.8,0,1,3,360.42,364.59999999999195,472.2,0.0,0.0,0.0,0.0,unknown
1762152112.0054471,0,0.051000000000000004,0.8,0,0,3,360.33,364.4999999999919,472.15,0.0,0.0,0.0,0.0,unknown
1762152112.0155551,0,0.049,0.8,0,0,3,360.24,364.3999999999919,472.05,0.0,0.0,0.0,0.0,unknown
1762152112.0256588,0,0.05,0.8,0,1,3,360.15,364.2999999999919,472.0,0.0,0.0,0.0,0.0,unknown
1762152112.0357752,0,0.049,0.8,0,1,3,360.04,364.19999999999186,472.0,0.0,0.0,0.0,0.0,unknown
1762152112.0458744,0,0.049,0.8,1,1,3,359.93,364.09999999999184,472.1,0.0,0.0,0.0,0.0,unknown
1762152112.055969,0,0.049,0.8,1,0,3,359.71,363.9999999999918,472.29999999999995,0.0,0.0,0.0,0.0,unknown
1762152112.066093,0,0.047,0.8,0,1,3,359.58,363.8999999999918,472.5,0.0,0.0,0.0,0.0,unknown
1762152112.0761976,0,0.046,0.8,0,1,3,359.38,363.79999999999177,472.65,0.0,0.0,0.0,0.0,unknown
1762152112.086313,0,0.047,0.8,1,1,3,359.18,363.69999999999175,472.65,0.0,0.0,0.0,0.0,unknown
1762152112.0964127,0,0.047,0.8,0,1,3,358.8,363.5999999999917,472.54999999999995,0.0,0.0,0.0,0.0,unknown
1762152112.1064947,0,0.046,0.8,0,1,3,358.54,363.4999999999917,472.4,0.0,0.0,0.0,0.0,unknown
1762152112.1166046,0,0.046,0.8,0,1,3,358.39,363.3999999999917,472.2,0.0,0.0,0.0,0.0,unknown
1762152112.126689,0,0.044000000000000004,0.8,0,0,3,358.14,363.29999999999166,471.95000000000005,0.0,0.0,0.0,0.0,unknown
1762152112.1367908,0,0.042,0.8,0,0,3,358.1,363.19999999999163,471.70000000000005,0.0,0.0,0.0,0.0,unknown
1762152112.1469138,0,0.042,0.8,0,0,3,358.04,363.0999999999916,471.5,0.0,0.0,0.0,0.0,unknown
1762152112.157033,0,0.042,0.8,1,0,3,357.98,362.9999999999916,471.25,0.0,0.0,0.0,0.0,unknown
1762152112.1671443,0,0.041,0.8,0,0,3,357.92,362.89999999999156,471.04999999999995,0.0,0.0,0.0,0.0,unknown
1762152112.177262,0,0.042,0.8,1,1,3,357.88,362.79999999999154,470.8,0.0,0.0,0.0,0.0,unknown
1762152112.187378,0,0.042,0.8,1,0,3,357.82,362.6999999999915,470.6,0.0,0.0,0.0,0.0,unknown
1762152112.1974888,0,0.041,0.8,0,0,3,357.76,362.5999999999915,470.45000000000005,0.0,0.0,0.0,0.0,unknown
1762152112.2075977,0,0.04,0.8,0,1,3,357.7,362.4999999999915,470.4,0.0,0.0,0.0,0.0,unknown
1762152112.2177231,0,0.038,0.8,0,0,3,357.64,362.39999999999145,470.29999999999995,0.0,0.0,0.0,0.0,unknown
1762152112.2278452,0,0.039,0.8,0,1,3,357.29,362.2999999999914,470.15,0.0,0.0,0.0,0.0,unknown
1762152112.2379415,0,0.039,0.8,0,0,3,356.92,362.1999999999914,469.8,0.0,0.0,0.0,0.0,unknown
1762152112.2480762,0,0.041,0.8,1,1,3,356.61,362.0999999999914,469.35,0.0,0.0,0.0,0.0,unknown
1762152112.258205,0,0.042,0.8,0,2,3,356.35,361.99999999999136,468.85,0.0,0.0,0.0,0.0,unknown
1762152112.2683065,0,0.043000000000000003,0.8,0,2,3,356.07,361.89999999999134,468.4,0.0,0.0,0.0,0.0,unknown
1762152112.2784164,0,0.043000000000000003,0.8,0,0,3,356.01,361.7999999999913,467.95000000000005,0.0,0.0,0.0,0.0,unknown
1762152112.2885199,0,0.042,0.8,0,0,3,355.9,361.6999999999913,467.65,0.0,0.0,0.0,0.0,unknown
1762152112.2986233,0,0.042,0.8,0,1,3,355.74,361.59999999999127,467.4,0.0,0.0,0.0,0.0,unknown
1762152112.308731,0,0.042,0.8,0,1,3,355.63,361.49999999999125,467.25,0.0,0.0,0.0,0.0,unknown
1762152112.3188376,0,0.042,0.8,0,0,3,355.52,361.3999999999912,467.15,0.0,0.0,0.0,0.0,unknown
1762152112.3289354,0,0.043000000000000003,0.8,1,0,3,355.39,361.2999999999912,467.1,0.0,0.0,0.0,0.0,unknown
1762152112.339055,0,0.04,0.8,0,0,3,355.3,361.1999999999912,467.05,0.0,0.0,0.0,0.0,unknown
1762152112.3491702,0,0.039,0.8,1,0,3,355.26,361.09999999999116,467.05,0.0,0.0,0.0,0.0,unknown
1762152112.3592887,0,0.038,0.8,0,0,3,355.22,360.99999999999113,467.05,0.0,0.0,0.0,0.0,unknown
1762152112.369386,0,0.036000000000000004,0.8,0,0,3,355.13,360.8999999999911,467.0,0.0,0.0,0.0,0.0,unknown
1762152112.3794954,0,0.036000000000000004,0.8,0,1,3,355.11,360.7999999999911,466.95000000000005,0.0,0.0,0.0,0.0,unknown
1762152112.3896036,0,0.036000000000000004,0.8,1,0,3,355.09,360.69999999999106,466.85,0.0,0.0,0.0,0.0,unknown
1762152112.3997176,0,0.037000000000000005,0.8,1,0,3,355.2,360.59999999999104,466.7,0.0,0.0,0.0,0.0,unknown
1762152112.4098232,0,0.037000000000000005,0.8,0,0,3,355.29,360.499999999991,466.6,0.0,0.0,0.0,0.0,unknown
1762152112.4199262,0,0.037000000000000005,0.8,1,0,3,355.38,360.399999999991,466.6,0.0,0.0,0.0,0.0,unknown
1762152112.430034,0,0.037000000000000005,0.8,0,0,3,355.38,360.299999999991,466.7,0.0,0.0,0.0,0.0,unknown
1762152112.440137,0,0.036000000000000004,0.8,0,0,3,355.23,360.19999999999095,466.8,0.0,0.0,0.0,0.0,unknown
1762152112.4502463,0,0.037000000000000005,0.8,0,1,3,355.17,360.0999999999909,466.9,0.0,0.0,0.0,0.0,unknown
1762152112.4603686,0,0.036000000000000004,0.8,0,0,3,355.08,359.9999999999909,466.9,0.0,0.0,0.0,0.0,unknown
1762152112.4704783,0,0.035,0.8,0,0,3,355.02,359.8999999999909,466.9,0.0,0.0,0.0,0.0,unknown
1762152112.4805834,0,0.034,0.8,0,0,3,354.96,359.79999999999086,466.85,0.0,0.0,0.0,0.0,unknown
1762152112.49069,0,0.035,0.8,1,0,3,354.9,359.69999999999084,466.75,0.0,0.0,0.0,0.0,unknown
1762152112.5007951,0,0.035,0.8,0,1,3,354.9,359.5999999999908,466.5,0.0,0.0,0.0,0.0,unknown
1762152112.5109034,0,0.036000000000000004,0.8,0,1,3,354.9,359.4999999999908,466.3,0.0,0.0,0.0,0.0,unknown
1762152112.5210106,0,0.036000000000000004,0.8,0,0,3,354.9,359.39999999999077,466.05,0.0,0.0,0.0,0.0,unknown
1762152112.5311294,0,0.037000000000000005,0.8,1,1,3,354.97,359.29999999999075,465.85,0.0,0.0,0.0,0.0,unknown
1762152112.5412495,0,0.037000000000000005,0.8,1,0,3,354.97,359.1999999999907,465.7,0.0,0.0,0.0,0.0,unknown
1762152112.5513577,0,0.035,0.8,0,0,3,354.93,359.0999999999907,465.54999999999995,0.0,0.0,0.0,0.0,unknown
1762152112.561468,0,0.034,0.8,0,0,3,354.87,358.9999999999907,465.4,0.0,0.0,0.0,0.0,unknown
1762152112.5715804,0,0.033,0.8,0,0,3,354.74,358.89999999999065,465.25,0.0,0.0,0.0,0.0,unknown
1762152112.5816877,0,0.032,0.8,0,0,3,354.46,358.79999999999063,465.1,0.0,0.0,0.0,0.0,unknown
1762152112.5917993,0,0.030000000000000002,0.8,0,0,3,354.15,358.6999999999906,464.9,0.0,0.0,0.0,0.0,unknown
1762152112.6019022,0,0.029,0.8,0,0,3,353.87,358.5999999999906,464.65,0.0,0.0,0.0,0.0,unknown
1762152112.612013,0,0.029,0.8,1,0,3,353.61,358.49999999999056,464.25,0.0,0.0,0.0,0.0,unknown
1762152112.6221182,0,0.028,0.8,0,0,3,353.5,358.39999999999054,463.9,0.0,0.0,0.0,0.0,unknown
1762152112.6322677,0,0.030000000000000002,0.8,1,1,3,353.44,358.2999999999905,463.7,0.0,0.0,0.0,0.0,unknown
1762152112.6423564,0,0.030000000000000002,0.8,0,0,3,353.4,358.1999999999905,463.55,0.0,0.0,0.0,0.0,unknown
1762152112.6524582,0,0.031000000000000003,0.8,0,1,3,353.27,358.0999999999905,463.45,0.0,0.0,0.0,0.0,unknown
1762152112.6625636,0,0.032,0.8,1,1,3,353.16,357.99999999999045,463.35,0.0,0.0,0.0,0.0,unknown
1762152112.6726635,0,0.034,0.8,1,1,3,353.05,357.8999999999904,463.3,0.0,0.0,0.0,0.0,unknown
1762152112.6827607,0,0.032,0.8,0,0,3,352.94,357.7999999999904,463.29999999999995,0.0,0.0,0.0,0.0,unknown
1762152112.692868,0,0.031000000000000003,0.8,0,0,3,352.83,357.6999999999904,463.3,0.0,0.0,0.0,0.0,unknown
1762152112.7029748,0,0.031000000000000003,0.8,0,0,3,352.74,357.59999999999036,463.35,0.0,0.0,0.0,0.0,unknown
1762152112.713093,0,0.030000000000000002,0.8,0,0,3,352.65,357.49999999999034,463.35,0.0,0.0,0.0,0.0,unknown
1762152112.723204,0,0.030000000000000002,0.8,0,0,3,352.6,357.3999999999903,463.29999999999995,0.0,0.0,0.0,0.0,unknown
1762152112.7333164,0,0.029,0.8,0,0,3,352.6,357.2999999999903,463.25,0.0,0.0,0.0,0.0,unknown
1762152112.7434223,0,0.031000000000000003,0.8,1,1,3,352.6,357.19999999999027,463.1,0.0,0.0,0.0,0.0,unknown
1762152112.7535398,0,0.031000000000000003,0.8,1,1,3,352.69,357.09999999999025,463.0,0.0,0.0,0.0,0.0,unknown
1762152112.7636418,0,0.030000000000000002,0.8,0,1,3,352.69,356.9999999999902,463.0,0.0,0.0,0.0,0.0,unknown
1762152112.7737365,0,0.028,0.8,0,0,3,352.69,356.8999999999902,463.1,0.0,0.0,0.0,0.0,unknown
1762152112.7838345,0,0.029,0.8,0,1,3,352.51,356.7999999999902,463.29999999999995,0.0,0.0,0.0,0.0,unknown
1762152112.7939374,0,0.029,0.8,0,0,3,352.45,356.69999999999015,463.5,0.0,0.0,0.0,0.0,unknown
1762152112.804067,0,0.029,0.8,0,1,3,352.39,356.59999999999013,463.6,0.0,0.0,0.0,0.0,unknown
1762152112.8141704,0,0.030000000000000002,0.8,1,1,3,352.33,356.4999999999901,463.75,0.0,0.0,0.0,0.0,unknown
1762152112.8242598,0,0.030000000000000002,0.8,0,0,3,352.27,356.3999999999901,463.7,0.0,0.0,0.0,0.0,unknown
1762152112.8343575,0,0.030000000000000002,0.8,1,0,3,352.21,356.29999999999006,463.7,0.0,0.0,0.0,0.0,unknown
1762152112.8444502,0,0.030000000000000002,0.8,0,0,3,352.15,356.19999999999004,463.7,0.0,0.0,0.0,0.0,unknown
1762152112.8545616,0,0.030000000000000002,0.8,1,0,3,352.22,356.09999999999,463.65,0.0,0.0,0.0,0.0,unknown
1762152112.864675,0,0.031000000000000003,0.8,0,1,3,352.29,355.99999999999,463.54999999999995,0.0,0.0,0.0,0.0,unknown
1762152112.8747687,0,0.031000000000000003,0.8,0,0,3,352.36,355.89999999999,463.55,0.0,0.0,0.0,0.0,unknown
1762152112.8848786,0,0.030000000000000002,0.8,0,0,3,352.43,355.79999999998995,463.55,0.0,0.0,0.0,0.0,unknown
1762152112.8949883,0,0.030000000000000002,0.8,1,0,3,352.46,355.6999999999899,463.55,0.0,0.0,0.0,0.0,unknown
1762152112.9051213,0,0.030000000000000002,0.8,0,1,3,352.4,355.5999999999899,463.45000000000005,0.0,0.0,0.0,0.0,unknown
1762152112.9152246,0,0.031000000000000003,0.8,1,0,3,352.16,355.4999999999899,463.45,0.0,0.0,0.0,0.0,unknown
1762152112.9253235,0,0.032,0.8,2,0,3,351.87,355.39999999998986,463.29999999999995,0.0,0.0,0.0,0.0,unknown
1762152112.9354272,0,0.033,0.8,1,0,3,351.58,355.29999999998984,463.15,0.0,0.0,0.0,0.0,unknown
1762152112.9455307,0,0.035,0.8,1,1,3,351.3,355.1999999999898,462.95,0.0,0.0,0.0,0.0,unknown
1762152112.9556375,0,0.035,0.8,1,0,3,351.08,355.0999999999898,462.75,0.0,0.0,0.0,0.0,unknown
1762152112.9657462,0,0.035,0.8,0,0,3,350.86,354.99999999998977,462.6,0.0,0.0,0.0,0.0,unknown
1762152112.9758515,0,0.036000000000000004,0.8,0,1,3,350.73,354.89999999998975,462.45000000000005,0.0,0.0,0.0,0.0,unknown
1762152112.9859717,0,0.037000000000000005,0.8,0,1,3,350.73,354.7999999999897,462.4,0.0,0.0,0.0,0.0,unknown
1762152112.9960845,0,0.036000000000000004,0.8,0,0,3,350.75,354.6999999999897,462.4,0.0,0.0,0.0,0.0,unknown
1762152113.0061934,0,0.035,0.8,0,0,3,350.73,354.5999999999897,462.35,0.0,0.0,0.0,0.0,unknown
1762152113.016311,0,0.035,0.8,0,1,3,350.71,354.49999999998965,462.25,0.0,0.0,0.0,0.0,unknown
1762152113.026419,0,0.035,0.8,0,0,3,350.69,354.39999999998963,462.2,0.0,0.0,0.0,0.0,unknown
1762152113.0365298,0,0.033,0.8,0,0,3,350.67,354.2999999999896,462.04999999999995,0.0,0.0,0.0,0.0,unknown
1762152113.0466456,0,0.032,0.8,0,0,3,350.69,354.1999999999896,461.85,0.0,0.0,0.0,0.0,unknown
1762152113.0567532,0,0.032,0.8,0,0,3,350.71,354.09999999998956,461.54999999999995,0.0,0.0,0.0,0.0,unknown
1762152113.06688,0,0.032,0.8,0,0,3,350.73,353.99999999998954,461.29999999999995,0.0,0.0,0.0,0.0,unknown
1762152113.0769815,0,0.032,0.8,0,0,3,350.75,353.8999999999895,461.1,0.0,0.0,0.0,0.0,unknown
1762152113.087104,0,0.032,0.8,0,0,3,350.75,353.7999999999895,460.95,0.0,0.0,0.0,0.0,unknown
1762152113.097206,0,0.032,0.8,0,0,3,350.95,353.6999999999895,461.0,0.0,0.0,0.0,0.0,unknown
1762152113.1073124,0,0.032,0.8,0,0,3,350.99,353.59999999998945,461.04999999999995,0.0,0.0,0.0,0.0,unknown
1762152113.1174052,0,0.032,0.8,0,1,3,351.08,353.4999999999894,461.15,0.0,0.0,0.0,0.0,unknown
1762152113.127515,0,0.032,0.8,0,0,3,351.06,353.3999999999894,461.2,0.0,0.0,0.0,0.0,unknown
1762152113.137607,0,0.030000000000000002,0.8,0,0,3,351.11,353.2999999999894,461.29999999999995,0.0,0.0,0.0,0.0,unknown
1762152113.1476903,0,0.032,0.8,1,1,3,350.98,353.19999999998936,461.4,0.0,0.0,0.0,0.0,unknown
1762152113.1577818,0,0.032,0.8,0,1,3,350.82,353.09999999998934,461.5,0.0,0.0,0.0,0.0,unknown
1762152113.1678843,0,0.031000000000000003,0.8,1,0,3,350.66,352.9999999999893,461.6,0.0,0.0,0.0,0.0,unknown
1762152113.177986,0,0.030000000000000002,0.8,0,1,3,350.5,352.8999999999893,461.65,0.0,0.0,0.0,0.0,unknown
1762152113.1880987,0,0.030000000000000002,0.8,0,0,3,350.39,352.79999999998927,461.7,0.0,0.0,0.0,0.0,unknown
1762152113.198203,0,0.031000000000000003,0.8,1,0,3,350.28,352.69999999998925,461.7,0.0,0.0,0.0,0.0,unknown
1762152113.208295,0,0.031000000000000003,0.8,0,0,3,350.12,352.5999999999892,461.70000000000005,0.0,0.0,0.0,0.0,unknown
1762152113.2183805,0,0.031000000000000003,0.8,0,0,3,350.01,352.4999999999892,461.65,0.0,0.0,0.0,0.0,unknown
1762152113.2285078,0,0.032,0.8,0,1,3,349.96,352.3999999999892,461.65,0.0,0.0,0.0,0.0,unknown
1762152113.2386248,0,0.032,0.8,0,0,3,350.09,352.29999999998915,461.70000000000005,0.0,0.0,0.0,0.0,unknown
1762152113.248728,0,0.031000000000000003,0.8,1,0,3,350.22,352.19999999998913,461.85,0.0,0.0,0.0,0.0,unknown
1762152113.2588534,0,0.030000000000000002,0.8,1,0,3,350.33,352.0999999999891,462.0,0.0,0.0,0.0,0.0,unknown
1762152113.2689848,0,0.029,0.8,0,0,3,350.37,351.9999999999891,462.1,0.0,0.0,0.0,0.0,unknown
1762152113.2792165,0,0.030000000000000002,0.8,1,0,3,350.39,351.89999999998906,462.15,0.0,0.0,0.0,0.0,unknown
1762152113.2893395,0,0.029,0.8,0,0,3,350.25,351.79999999998904,462.2,0.0,0.0,0.0,0.0,unknown
1762152113.2994497,0,0.029,0.8,0,0,3,350.11,351.699999999989,462.2,0.0,0.0,0.0,0.0,unknown
1762152113.3095794,0,0.028,0.8,0,0,3,350.02,351.599999999989,462.2,0.0,0.0,0.0,0.0,unknown
1762152113.3196983,0,0.026000000000000002,0.8,0,0,3,349.88,351.499999999989,462.15,0.0,0.0,0.0,0.0,unknown
1762152113.329811,0,0.026000000000000002,0.8,0,0,3,349.74,351.39999999998895,462.1,0.0,0.0,0.0,0.0,unknown
1762152113.3399127,0,0.025,0.8,0,0,3,349.6,351.2999999999889,462.0,0.0,0.0,0.0,0.0,unknown
1762152113.350031,0,0.025,0.8,0,0,3,349.44,351.1999999999889,462.0,0.0,0.0,0.0,0.0,unknown
1762152113.3601284,0,0.024,0.8,0,0,3,349.28,351.0999999999889,462.0,0.0,0.0,0.0,0.0,unknown
1762152113.3702314,0,0.023,0.8,0,0,3,349.12,350.99999999998886,462.0,0.0,0.0,0.0,0.0,unknown
1762152113.380333,0,0.024,0.8,0,1,3,348.98,350.89999999998884,461.95,0.0,0.0,0.0,0.0,unknown
1762152113.3904488,0,0.024,0.8,0,0,3,348.73,350.7999999999888,461.79999999999995,0.0,0.0,0.0,0.0,unknown
1762152113.4005299,0,0.024,0.8,0,1,3,348.48,350.6999999999888,461.65,0.0,0.0,0.0,0.0,unknown
1762152113.4106286,0,0.023,0.8,0,0,3,348.17,350.59999999998877,461.45000000000005,0.0,0.0,0.0,0.0,unknown
1762152113.4207108,0,0.022000000000000002,0.8,0,0,3,347.88,350.49999999998875,461.25,0.0,0.0,0.0,0.0,unknown
1762152113.4308004,0,0.021,0.8,0,1,3,347.68,350.3999999999887,461.04999999999995,0.0,0.0,0.0,0.0,unknown
1762152113.4408884,0,0.02,0.8,0,0,3,347.48,350.2999999999887,460.79999999999995,0.0,0.0,0.0,0.0,unknown
1762152113.450964,0,0.018000000000000002,0.8,0,0,3,347.26,350.1999999999887,460.55,0.0,0.0,0.0,0.0,unknown
1762152113.4610693,0,0.019,0.8,1,1,3,347.1,350.09999999998865,460.4,0.0,0.0,0.0,0.0,unknown
1762152113.4711735,0,0.02,0.8,1,0,3,346.94,349.99999999998863,460.29999999999995,0.0,0.0,0.0,0.0,unknown
1762152113.481279,0,0.019,0.8,0,0,3,346.83,349.8999999999886,460.15,0.0,0.0,0.0,0.0,unknown
1762152113.4913793,0,0.019,0.8,1,0,3,346.72,349.7999999999886,460.05,0.0,0.0,0.0,0.0,unknown
1762152113.5014977,0,0.022000000000000002,0.8,2,1,3,346.61,349.69999999998856,460.0,0.0,0.0,0.0,0.0,unknown
1762152113.5116067,0,0.023,0.8,0,1,3,346.44,349.59999999998854,460.1,0.0,0.0,0.0,0.0,unknown
1762152113.5217001,0,0.022000000000000002,0.8,0,0,3,346.27,349.4999999999885,460.1,0.0,0.0,0.0,0.0,unknown
1762152113.5318327,0,0.022000000000000002,0.8,0,0,3,346.1,349.3999999999885,460.15,0.0,0.0,0.0,0.0,unknown
1762152113.5419397,0,0.022000000000000002,0.8,0,0,3,345.86,349.2999999999885,460.25,0.0,0.0,0.0,0.0,unknown
1762152113.552055,0,0.022000000000000002,0.8,0,0,3,345.64,349.19999999998845,460.3,0.0,0.0,0.0,0.0,unknown
1762152113.562165,0,0.022000000000000002,0.8,0,0,3,345.51,349.0999999999884,460.3,0.0,0.0,0.0,0.0,unknown
1762152113.5722635,0,0.022000000000000002,0.8,0,0,3,345.46,348.9999999999884,460.3,0.0,0.0,0.0,0.0,unknown
1762152113.5823646,0,0.022000000000000002,0.8,0,0,3,345.37,348.8999999999884,460.29999999999995,0.0,0.0,0.0,0.0,unknown
1762152113.592454,0,0.022000000000000002,0.8,0,0,3,345.5,348.79999999998836,460.35,0.0,0.0,0.0,0.0,unknown
1762152113.6025412,0,0.022000000000000002,0.8,0,0,3,345.63,348.69999999998834,460.5,0.0,0.0,0.0,0.0,unknown
1762152113.6126184,0,0.023,0.8,0,1,3,345.74,348.5999999999883,460.79999999999995,0.0,0.0,0.0,0.0,unknown
1762152113.6227038,0,0.022000000000000002,0.8,0,0,3,345.78,348.4999999999883,461.15,0.0,0.0,0.0,0.0,unknown
1762152113.632797,0,0.024,0.8,0,2,3,345.71,348.39999999998827,461.4,0.0,0.0,0.0,0.0,unknown
1762152113.6428957,0,0.024,0.8,0,0,3,345.57,348.29999999998824,461.5,0.0,0.0,0.0,0.0,unknown
1762152113.6529722,0,0.023,0.8,1,0,3,345.43,348.1999999999882,461.5,0.0,0.0,0.0,0.0,unknown
1762152113.6630747,0,0.022000000000000002,0.8,0,0,3,345.31,348.0999999999882,461.5,0.0,0.0,0.0,0.0,unknown
1762152113.673153,0,0.021,0.8,0,0,3,345.24,347.9999999999882,461.5,0.0,0.0,0.0,0.0,unknown
1762152113.6832643,0,0.021,0.8,0,1,3,345.12,347.89999999998815,461.45000000000005,0.0,0.0,0.0,0.0,unknown
1762152113.6933455,0,0.022000000000000002,0.8,0,1,3,344.98,347.79999999998813,461.35,0.0,0.0,0.0,0.0,unknown
1762152113.7034318,0,0.021,0.8,0,0,3,344.98,347.6999999999881,461.15,0.0,0.0,0.0,0.0,unknown
1762152113.7135215,0,0.021,0.8,0,0,3,344.98,347.5999999999881,460.95000000000005,0.0,0.0,0.0,0.0,unknown
1762152113.723614,0,0.021,0.8,0,0,3,344.98,347.49999999998806,460.85,0.0,0.0,0.0,0.0,unknown
1762152113.733704,0,0.021,0.8,0,1,3,344.92,347.39999999998804,460.85,0.0,0.0,0.0,0.0,unknown
1762152113.7437835,0,0.022000000000000002,0.8,1,0,3,344.83,347.299999999988,460.85,0.0,0.0,0.0,0.0,unknown
1762152113.75386,0,0.022000000000000002,0.8,0,1,3,344.72,347.199999999988,460.9,0.0,0.0,0.0,0.0,unknown
1762152113.763935,0,0.023,0.8,1,1,3,344.52,347.099999999988,460.9,0.0,0.0,0.0,0.0,unknown
1762152113.7740679,0,0.023,0.8,0,0,3,344.32,346.99999999998795,460.95000000000005,0.0,0.0,0.0,0.0,unknown
1762152113.7841802,0,0.022000000000000002,0.8,0,0,3,344.12,346.8999999999879,460.9,0.0,0.0,0.0,0.0,unknown
1762152113.7942843,0,0.022000000000000002,0.8,0,0,3,343.92,346.7999999999879,460.79999999999995,0.0,0.0,0.0,0.0,unknown
1762152113.80439,0,0.022000000000000002,0.8,0,0,3,343.72,346.6999999999879,460.70000000000005,0.0,0.0,0.0,0.0,unknown
1762152113.814503,0,0.022000000000000002,0.8,0,0,3,343.5,346.59999999998786,460.5,0.0,0.0,0.0,0.0,unknown
1762152113.824616,0,0.023,0.8,1,0,3,343.1,346.49999999998784,460.20000000000005,0.0,0.0,0.0,0.0,unknown
1762152113.834728,0,0.023,0.8,0,0,3,342.65,346.3999999999878,459.85,0.0,0.0,0.0,0.0,unknown
1762152113.8448267,0,0.023,0.8,0,0,3,342.2,346.2999999999878,459.45000000000005,0.0,0.0,0.0,0.0,unknown
1762152113.8549516,0,0.023,0.8,0,0,3,341.8,346.19999999998777,459.05,0.0,0.0,0.0,0.0,unknown
1762152113.8650644,0,0.023,0.8,0,0,3,341.27,346.09999999998774,458.65,0.0,0.0,0.0,0.0,unknown
1762152113.875193,0,0.024,0.8,1,0,3,340.74,345.9999999999877,458.25,0.0,0.0,0.0,0.0,unknown
1762152113.8853064,0,0.024,0.8,0,1,3,340.21,345.8999999999877,457.85,0.0,0.0,0.0,0.0,unknown
1762152113.89541,0,0.024,0.8,0,0,3,339.63,345.7999999999877,457.4,0.0,0.0,0.0,0.0,unknown
1762152113.905512,0,0.024,0.8,1,0,3,339.09,345.69999999998765,457.0,0.0,0.0,0.0,0.0,unknown
1762152113.91563,0,0.025,0.8,1,0,3,338.64,345.59999999998763,456.55,0.0,0.0,0.0,0.0,unknown
1762152113.9257398,0,0.025,0.8,0,0,3,338.3,345.4999999999876,456.0,0.0,0.0,0.0,0.0,unknown
1762152113.9358542,0,0.025,0.8,0,1,3,338.05,345.3999999999876,455.55,0.0,0.0,0.0,0.0,unknown
1762152113.9459524,0,0.025,0.8,0,0,3,337.8,345.29999999998756,455.1,0.0,0.0,0.0,0.0,unknown
1762152113.9560668,0,0.025,0.8,0,0,3,337.57,345.19999999998754,454.75,0.0,0.0,0.0,0.0,unknown
1762152113.9661658,0,0.024,0.8,1,0,3,337.41,345.0999999999875,454.5,0.0,0.0,0.0,0.0,unknown
1762152113.9762628,0,0.023,0.8,0,0,3,337.25,344.9999999999875,454.3,0.0,0.0,0.0,0.0,unknown
1762152113.98638,0,0.024,0.8,1,0,3,337.13,344.8999999999875,454.05,0.0,0.0,0.0,0.0,unknown
1762152113.9964802,0,0.023,0.8,0,0,3,336.97,344.79999999998745,453.75,0.0,0.0,0.0,0.0,unknown
1762152114.0065913,0,0.021,0.8,1,0,3,336.97,344.6999999999874,453.45000000000005,0.0,0.0,0.0,0.0,unknown
1762152114.0167108,0,0.022000000000000002,0.8,1,1,3,336.97,344.5999999999874,453.29999999999995,0.0,0.0,0.0,0.0,unknown
1762152114.0268152,0,0.022000000000000002,0.8,0,0,3,336.97,344.4999999999874,453.25,0.0,0.0,0.0,0.0,unknown
1762152114.0369194,0,0.023,0.8,0,1,3,336.97,344.39999999998736,453.3,0.0,0.0,0.0,0.0,unknown
1762152114.0472693,0,0.023,0.8,0,0,3,336.97,344.29999999998734,453.4,0.0,0.0,0.0,0.0,unknown
1762152114.0573905,0,0.023,0.8,0,0,3,336.95,344.1999999999873,453.45000000000005,0.0,0.0,0.0,0.0,unknown
1762152114.067509,0,0.023,0.8,0,0,3,336.95,344.0999999999873,453.5,0.0,0.0,0.0,0.0,unknown
1762152114.0776021,0,0.023,0.8,0,0,3,336.95,343.99999999998727,453.6,0.0,0.0,0.0,0.0,unknown
1762152114.0877008,0,0.023,0.8,0,0,3,336.95,343.89999999998724,453.65,0.0,0.0,0.0,0.0,unknown
1762152114.0977936,0,0.023,0.8,0,0,3,336.93,343.7999999999872,453.75,0.0,0.0,0.0,0.0,unknown
1762152114.1079662,0,0.024,0.8,1,0,3,336.71,343.6999999999872,453.75,0.0,0.0,0.0,0.0,unknown
1762152114.118111,0,0.024,0.8,0,1,3,336.67,343.5999999999872,453.7,0.0,0.0,0.0,0.0,unknown
1762152114.1282146,0,0.024,0.8,0,0,3,336.56,343.49999999998715,453.6,0.0,0.0,0.0,0.0,unknown
1762152114.1383157,0,0.022000000000000002,0.8,0,0,3,336.47,343.39999999998713,453.55,0.0,0.0,0.0,0.0,unknown
1762152114.1484272,0,0.022000000000000002,0.8,0,0,3,336.38,343.2999999999871,453.55,0.0,0.0,0.0,0.0,unknown
1762152114.1585665,0,0.021,0.8,0,0,3,336.29,343.1999999999871,453.6,0.0,0.0,0.0,0.0,unknown
1762152114.168739,0,0.021,0.8,0,0,3,336.23,343.09999999998706,453.55,0.0,0.0,0.0,0.0,unknown
1762152114.1788378,0,0.022000000000000002,0.8,1,0,3,336.19,342.99999999998704,453.45000000000005,0.0,0.0,0.0,0.0,unknown
1762152114.1889374,0,0.022000000000000002,0.8,0,1,3,335.9,342.899999999987,453.25,0.0,0.0,0.0,0.0,unknown
1762152114.1990254,0,0.021,0.8,0,0,3,335.54,342.799999999987,452.95,0.0,0.0,0.0,0.0,unknown
1762152114.2091477,0,0.023,0.8,0,2,3,335.2,342.69999999998697,452.6,0.0,0.0,0.0,0.0,unknown
1762152114.2192328,0,0.025,0.8,1,1,3,334.96,342.59999999998695,452.25,0.0,0.0,0.0,0.0,unknown
1762152114.2293034,0,0.026000000000000002,0.8,0,1,3,334.67,342.4999999999869,451.85,0.0,0.0,0.0,0.0,unknown
1762152114.2394695,0,0.025,0.8,0,0,3,334.27,342.3999999999869,451.45,0.0,0.0,0.0,0.0,unknown
1762152114.249541,0,0.024,0.8,0,0,3,333.91,342.2999999999869,451.04999999999995,0.0,0.0,0.0,0.0,unknown
1762152114.2596576,0,0.023,0.8,0,0,3,333.6,342.19999999998686,450.75,0.0,0.0,0.0,0.0,unknown
1762152114.269757,0,0.022000000000000002,0.8,0,1,3,333.31,342.09999999998684,450.5,0.0,0.0,0.0,0.0,unknown
1762152114.2798703,0,0.023,0.8,1,0,3,333.07,341.9999999999868,450.3,0.0,0.0,0.0,0.0,unknown
1762152114.2899833,0,0.023,0.8,0,0,3,332.82,341.8999999999868,450.04999999999995,0.0,0.0,0.0,0.0,unknown
1762152114.3000917,0,0.023,0.8,0,0,3,332.78,341.79999999998677,449.9,0.0,0.0,0.0,0.0,unknown
1762152114.310193,0,0.023,0.8,0,0,3,332.76,341.69999999998674,449.85,0.0,0.0,0.0,0.0,unknown
1762152114.3202882,0,0.023,0.8,0,0,3,332.72,341.5999999999867,449.8,0.0,0.0,0.0,0.0,unknown
1762152114.3303895,0,0.022000000000000002,0.8,0,0,3,332.68,341.4999999999867,449.79999999999995,0.0,0.0,0.0,0.0,unknown
1762152114.340562,0,0.022000000000000002,0.8,0,0,3,332.68,341.3999999999867,449.8,0.0,0.0,0.0,0.0,unknown
1762152114.350681,0,0.022000000000000002,0.8,0,0,3,332.68,341.29999999998665,449.75,0.0,0.0,0.0,0.0,unknown
1762152114.3607955,0,0.022000000000000002,0.8,0,0,3,332.84,341.19999999998663,449.7,0.0,0.0,0.0,0.0,unknown
1762152114.3708935,0,0.023,0.8,1,0,3,333,341.0999999999866,449.7,0.0,0.0,0.0,0.0,unknown
1762152114.3810194,0,0.023,0.8,0,1,3,333.14,340.9999999999866,449.75,0.0,0.0,0.0,0.0,unknown
1762152114.391111,0,0.022000000000000002,0.8,0,0,3,333.28,340.89999999998656,449.85,0.0,0.0,0.0,0.0,unknown
1762152114.4012341,0,0.022000000000000002,0.8,0,0,3,333.44,340.79999999998654,449.95,0.0,0.0,0.0,0.0,unknown
1762152114.4113457,0,0.021,0.8,0,0,3,333.58,340.6999999999865,450.05,0.0,0.0,0.0,0.0,unknown
1762152114.4214704,0,0.021,0.8,0,1,3,333.65,340.5999999999865,450.15,0.0,0.0,0.0,0.0,unknown
1762152114.4315848,0,0.021,0.8,0,0,3,333.72,340.49999999998647,450.15,0.0,0.0,0.0,0.0,unknown
1762152114.4416978,0,0.022000000000000002,0.8,1,1,3,333.7,340.39999999998645,450.1,0.0,0.0,0.0,0.0,unknown
1762152114.4518332,0,0.023,0.8,0,1,3,333.68,340.2999999999864,450.05,0.0,0.0,0.0,0.0,unknown
1762152114.4619007,0,0.026000000000000002,0.8,3,0,3,333.7,340.1999999999864,450.15,0.0,0.0,0.0,0.0,unknown
1762152114.4720123,0,0.026000000000000002,0.8,1,0,3,333.66,340.0999999999864,450.2,0.0,0.0,0.0,0.0,unknown
1762152114.4821143,0,0.027,0.8,1,0,3,333.62,339.99999999998636,450.3,0.0,0.0,0.0,0.0,unknown
1762152114.4922063,0,0.026000000000000002,0.8,0,0,3,333.53,339.89999999998633,450.3,0.0,0.0,0.0,0.0,unknown
1762152114.502277,0,0.026000000000000002,0.8,0,0,3,333.44,339.7999999999863,450.1,0.0,0.0,0.0,0.0,unknown
1762152114.512342,0,0.025,0.8,0,0,3,333.35,339.6999999999863,449.85,0.0,0.0,0.0,0.0,unknown
1762152114.5224433,0,0.025,0.8,1,1,3,333.24,339.59999999998627,449.65,0.0,0.0,0.0,0.0,unknown
1762152114.532544,0,0.026000000000000002,0.8,0,1,3,333.15,339.49999999998624,449.5,0.0,0.0,0.0,0.0,unknown
1762152114.5426445,0,0.026000000000000002,0.8,1,0,3,332.81,339.3999999999862,449.35,0.0,0.0,0.0,0.0,unknown
1762152114.5527449,0,0.026000000000000002,0.8,0,0,3,332.47,339.2999999999862,449.0,0.0,0.0,0.0,0.0,unknown
1762152114.5628333,0,0.026000000000000002,0.8,0,0,3,332.18,339.1999999999862,448.6,0.0,0.0,0.0,0.0,unknown
1762152114.5729482,0,0.027,0.8,0,1,3,331.84,339.09999999998615,448.2,0.0,0.0,0.0,0.0,unknown
1762152114.5830634,0,0.027,0.8,0,0,3,331.49,338.99999999998613,447.85,0.0,0.0,0.0,0.0,unknown
1762152114.593282,0,0.027,0.8,0,0,3,331.13,338.8999999999861,447.45000000000005,0.0,0.0,0.0,0.0,unknown
1762152114.6034594,0,0.028,0.8,0,1,3,330.82,338.7999999999861,447.1,0.0,0.0,0.0,0.0,unknown
1762152114.6135888,0,0.028,0.8,1,0,3,330.46,338.69999999998606,446.70000000000005,0.0,0.0,0.0,0.0,unknown
1762152114.623781,0,0.028,0.8,1,0,3,330.12,338.59999999998604,446.25,0.0,0.0,0.0,0.0,unknown
1762152114.6339614,0,0.030000000000000002,0.8,0,2,3,329.88,338.499999999986,445.85,0.0,0.0,0.0,0.0,unknown
1762152114.6440983,0,0.031,0.8,0,1,3,329.74,338.399999999986,445.55,0.0,0.0,0.0,0.0,unknown
1762152114.654203,0,0.032,0.8,1,0,3,329.65,338.29999999998597,445.4,0.0,0.0,0.0,0.0,unknown
1762152114.6643178,0,0.032,0.8,0,0,3,329.61,338.19999999998595,445.25,0.0,0.0,0.0,0.0,unknown
1762152114.6744032,0,0.032,0.8,0,0,3,329.57,338.0999999999859,445.1,0.0,0.0,0.0,0.0,unknown
1762152114.6845179,0,0.031,0.8,0,0,3,329.46,337.9999999999859,444.9,0.0,0.0,0.0,0.0,unknown
1762152114.6946099,0,0.030000000000000002,0.8,0,0,3,329.44,337.8999999999859,444.8,0.0,0.0,0.0,0.0,unknown
1762152114.7047348,0,0.030000000000000002,0.8,0,0,3,329.44,337.79999999998586,444.70000000000005,0.0,0.0,0.0,0.0,unknown
1762152114.7148297,0,0.028,0.8,0,0,3,329.44,337.69999999998583,444.75,0.0,0.0,0.0,0.0,unknown
1762152114.725015,0,0.027,0.8,1,0,3,329.42,337.5999999999858,444.9,0.0,0.0,0.0,0.0,unknown
1762152114.735144,0,0.026000000000000002,0.8,0,0,3,329.42,337.4999999999858,445.05,0.0,0.0,0.0,0.0,unknown
1762152114.7452626,0,0.026000000000000002,0.8,0,0,3,329.44,337.39999999998577,445.2,0.0,0.0,0.0,0.0,unknown
1762152114.7553535,0,0.026000000000000002,0.8,0,0,3,329.44,337.29999999998574,445.29999999999995,0.0,0.0,0.0,0.0,unknown
1762152114.7654576,0,0.026000000000000002,0.8,0,0,3,329.42,337.1999999999857,445.25,0.0,0.0,0.0,0.0,unknown
1762152114.7755466,0,0.026000000000000002,0.8,0,1,3,329.42,337.0999999999857,445.15,0.0,0.0,0.0,0.0,unknown
1762152114.7856436,0,0.025,0.8,0,0,3,329.4,336.9999999999857,445.0,0.0,0.0,0.0,0.0,unknown
1762152114.7957404,0,0.026000000000000002,0.8,0,1,3,329.38,336.89999999998565,444.9,0.0,0.0,0.0,0.0,unknown
1762152114.8058417,0,0.026000000000000002,0.8,0,0,3,329.36,336.79999999998563,444.95000000000005,0.0,0.0,0.0,0.0,unknown
1762152114.8159304,0,0.026000000000000002,0.8,0,0,3,329.34,336.6999999999856,444.95000000000005,0.0,0.0,0.0,0.0,unknown
1762152114.8260324,0,0.026000000000000002,0.8,0,0,3,329.34,336.5999999999856,445.1,0.0,0.0,0.0,0.0,unknown
1762152114.836146,0,0.027,0.8,1,0,3,329.54,336.49999999998556,445.20000000000005,0.0,0.0,0.0,0.0,unknown
1762152114.8462577,0,0.028,0.8,1,0,3,329.79,336.39999999998554,445.35,0.0,0.0,0.0,0.0,unknown
1762152114.8563619,0,0.030000000000000002,0.8,1,1,3,330.04,336.2999999999855,445.55,0.0,0.0,0.0,0.0,unknown
1762152114.8664756,0,0.031,0.8,1,0,3,330.24,336.1999999999855,445.75,0.0,0.0,0.0,0.0,unknown
1762152114.8765898,0,0.030000000000000002,0.8,0,0,3,330.42,336.09999999998547,445.95000000000005,0.0,0.0,0.0,0.0,unknown
1762152114.8867073,0,0.029,0.8,0,0,3,330.48,335.99999999998545,446.04999999999995,0.0,0.0,0.0,0.0,unknown
1762152114.8968158,0,0.029,0.8,0,0,3,330.48,335.8999999999854,446.1,0.0,0.0,0.0,0.0,unknown
1762152114.9069161,0,0.030000000000000002,0.8,1,0,3,330.48,335.7999999999854,446.15,0.0,0.0,0.0,0.0,unknown
1762152114.917031,0,0.030000000000000002,0.8,0,0,3,330.53,335.6999999999854,446.15,0.0,0.0,0.0,0.0,unknown
1762152114.9271502,0,0.030000000000000002,0.8,1,0,3,330.53,335.59999999998536,446.15,0.0,0.0,0.0,0.0,unknown
1762152114.9372432,0,0.033,0.8,1,2,3,330.53,335.49999999998533,446.20000000000005,0.0,0.0,0.0,0.0,unknown
1762152114.947335,0,0.032,0.8,0,1,3,330.58,335.3999999999853,446.25,0.0,0.0,0.0,0.0,unknown
1762152114.9574482,0,0.032,0.8,0,1,3,330.63,335.2999999999853,446.35,0.0,0.0,0.0,0.0,unknown
1762152114.9675367,0,0.029,0.8,0,0,3,330.63,335.19999999998527,446.3,0.0,0.0,0.0,0.0,unknown
1762152114.97765,0,0.029,0.8,1,0,3,330.56,335.09999999998524,446.2,0.0,0.0,0.0,0.0,unknown
1762152114.987765,0,0.028,0.8,0,0,3,330.54,334.9999999999852,446.05,0.0,0.0,0.0,0.0,unknown
1762152114.99788,0,0.028,0.8,0,0,3,330.43,334.8999999999852,446.0,0.0,0.0,0.0,0.0,unknown
1762152115.0079806,0,0.028,0.8,0,0,3,330.34,334.7999999999852,446.0,0.0,0.0,0.0,0.0,unknown
1762152115.018094,0,0.029,0.8,0,1,3,330.16,334.69999999998515,446.04999999999995,0.0,0.0,0.0,0.0,unknown
1762152115.028216,0,0.028,0.8,0,1,3,329.98,334.59999999998513,446.0,0.0,0.0,0.0,0.0,unknown
1762152115.0383432,0,0.028,0.8,1,0,3,329.8,334.4999999999851,445.75,0.0,0.0,0.0,0.0,unknown
1762152115.048454,0,0.027,0.8,0,0,3,329.62,334.3999999999851,445.35,0.0,0.0,0.0,0.0,unknown
1762152115.058553,0,0.029,0.8,2,0,3,329.44,334.29999999998506,444.95000000000005,0.0,0.0,0.0,0.0,unknown
1762152115.068664,0,0.030000000000000002,0.8,1,0,3,329.3,334.19999999998504,444.6,0.0,0.0,0.0,0.0,unknown
1762152115.078752,0,0.030000000000000002,0.8,0,1,3,329.14,334.099999999985,444.4,0.0,0.0,0.0,0.0,unknown
1762152115.0888557,0,0.030000000000000002,0.8,0,0,3,328.98,333.999999999985,444.20000000000005,0.0,0.0,0.0,0.0,unknown
1762152115.098965,0,0.030000000000000002,0.8,0,0,3,328.84,333.89999999998497,444.05,0.0,0.0,0.0,0.0,unknown
1762152115.1090906,0,0.030000000000000002,0.8,1,0,3,328.7,333.79999999998495,443.9,0.0,0.0,0.0,0.0,unknown
1762152115.1192052,0,0.029,0.8,0,0,3,328.56,333.6999999999849,443.8,0.0,0.0,0.0,0.0,unknown
1762152115.1293068,0,0.029,0.8,1,0,3,328.4,333.5999999999849,443.75,0.0,0.0,0.0,0.0,unknown
1762152115.1394274,0,0.027,0.8,0,0,3,328.26,333.4999999999849,443.70000000000005,0.0,0.0,0.0,0.0,unknown
1762152115.1495523,0,0.026000000000000002,0.8,0,0,3,328.1,333.39999999998486,443.75,0.0,0.0,0.0,0.0,unknown
1762152115.1596768,0,0.026000000000000002,0.8,1,0,3,327.94,333.29999999998483,443.70000000000005,0.0,0.0,0.0,0.0,unknown
1762152115.1697848,0,0.027,0.8,1,0,3,327.94,333.1999999999848,443.55,0.0,0.0,0.0,0.0,unknown
1762152115.1798954,0,0.028,0.8,1,0,3,327.96,333.0999999999848,443.35,0.0,0.0,0.0,0.0,unknown
1762152115.1900175,0,0.029,0.8,0,1,3,327.96,332.99999999998477,443.1,0.0,0.0,0.0,0.0,unknown
1762152115.2001514,0,0.030000000000000002,0.8,0,1,3,328.21,332.89999999998474,442.95,0.0,0.0,0.0,0.0,unknown
1762152115.210264,0,0.031,0.8,0,1,3,328.46,332.7999999999847,442.9,0.0,0.0,0.0,0.0,unknown
1762152115.2203662,0,0.031,0.8,0,0,3,328.57,332.6999999999847,442.95,0.0,0.0,0.0,0.0,unknown
1762152115.2304769,0,0.031,0.8,0,1,3,328.63,332.5999999999847,443.05,0.0,0.0,0.0,0.0,unknown
1762152115.2405777,0,0.031,0.8,0,0,3,328.58,332.49999999998465,443.25,0.0,0.0,0.0,0.0,unknown
1762152115.2506702,0,0.032,0.8,0,1,3,328.63,332.39999999998463,443.4,0.0,0.0,0.0,0.0,unknown
1762152115.2607667,0,0.033,0.8,0,1,3,328.68,332.2999999999846,443.45,0.0,0.0,0.0,0.0,unknown
1762152115.2708776,0,0.033,0.8,0,0,3,328.63,332.1999999999846,443.35,0.0,0.0,0.0,0.0,unknown
1762152115.280991,0,0.032,0.8,0,0,3,328.63,332.09999999998456,443.15,0.0,0.0,0.0,0.0,unknown
1762152115.2911131,0,0.033,0.8,1,0,3,328.63,331.99999999998454,442.95,0.0,0.0,0.0,0.0,unknown
1762152115.301219,0,0.032,0.8,0,0,3,328.63,331.8999999999845,442.8,0.0,0.0,0.0,0.0,unknown
1762152115.3113117,0,0.032,0.8,0,0,3,328.58,331.7999999999845,442.55,0.0,0.0,0.0,0.0,unknown
1762152115.3214157,0,0.032,0.8,0,0,3,328.51,331.69999999998447,442.25,0.0,0.0,0.0,0.0,unknown
1762152115.331512,0,0.032,0.8,0,0,3,328.46,331.59999999998445,442.0,0.0,0.0,0.0,0.0,unknown
1762152115.3416364,0,0.031,0.8,0,0,3,328.32,331.4999999999844,441.8,0.0,0.0,0.0,0.0,unknown
1762152115.3517442,0,0.031,0.8,1,0,3,328.12,331.3999999999844,441.6,0.0,0.0,0.0,0.0,unknown
1762152115.3618562,0,0.029,0.8,0,0,3,328.01,331.2999999999844,441.4,0.0,0.0,0.0,0.0,unknown
1762152115.371959,0,0.029,0.8,1,0,3,327.74,331.19999999998436,441.15,0.0,0.0,0.0,0.0,unknown
1762152115.3820832,0,0.030000000000000002,0.8,1,0,3,327.54,331.09999999998433,440.85,0.0,0.0,0.0,0.0,unknown
1762152115.3921797,0,0.031,0.8,1,0,3,327.31,330.9999999999843,440.54999999999995,0.0,0.0,0.0,0.0,unknown
1762152115.4022985,0,0.031,0.8,0,0,3,327.06,330.8999999999843,440.20000000000005,0.0,0.0,0.0,0.0,unknown
1762152115.4124155,0,0.030000000000000002,0.8,0,0,3,327.04,330.79999999998427,439.85,0.0,0.0,0.0,0.0,unknown
1762152115.4225287,0,0.030000000000000002,0.8,0,0,3,327.04,330.69999999998424,439.65,0.0,0.0,0.0,0.0,unknown
1762152115.432653,0,0.030000000000000002,0.8,1,0,3,327.04,330.5999999999842,439.54999999999995,0.0,0.0,0.0,0.0,unknown
1762152115.4428062,0,0.028,0.8,1,0,3,327.04,330.4999999999842,439.5,0.0,0.0,0.0,0.0,unknown
1762152115.4529104,0,0.027000000000000003,0.8,0,0,3,326.97,330.3999999999842,439.4,0.0,0.0,0.0,0.0,unknown
1762152115.463,0,0.027000000000000003,0.8,1,0,3,326.97,330.29999999998415,439.35,0.0,0.0,0.0,0.0,unknown
1762152115.4730961,0,0.027000000000000003,0.8,0,0,3,326.95,330.19999999998413,439.15,0.0,0.0,0.0,0.0,unknown
1762152115.4831965,0,0.027000000000000003,0.8,0,1,3,326.95,330.0999999999841,438.9,0.0,0.0,0.0,0.0,unknown
1762152115.4932837,0,0.027000000000000003,0.8,0,0,3,326.95,329.9999999999841,438.6,0.0,0.0,0.0,0.0,unknown
1762152115.503381,0,0.027000000000000003,0.8,0,0,3,326.95,329.89999999998406,438.45,0.0,0.0,0.0,0.0,unknown
1762152115.5135112,0,0.028,0.8,1,0,3,326.93,329.79999999998404,438.45,0.0,0.0,0.0,0.0,unknown
1762152115.5236378,0,0.027000000000000003,0.8,0,0,3,326.93,329.699999999984,438.54999999999995,0.0,0.0,0.0,0.0,unknown
1762152115.5337553,0,0.026000000000000002,0.8,0,0,3,326.95,329.599999999984,438.5,0.0,0.0,0.0,0.0,unknown
1762152115.5438483,0,0.025,0.8,0,0,3,326.95,329.49999999998397,438.4,0.0,0.0,0.0,0.0,unknown
1762152115.5539367,0,0.025,0.8,0,0,3,327.2,329.39999999998395,438.3,0.0,0.0,0.0,0.0,unknown
1762152115.5640829,0,0.023,0.8,0,0,3,327.36,329.2999999999839,438.3,0.0,0.0,0.0,0.0,unknown
1762152115.5741918,0,0.022000000000000002,0.8,0,0,3,327.52,329.1999999999839,438.35,0.0,0.0,0.0,0.0,unknown
1762152115.5842798,0,0.021,0.8,0,0,3,327.43,329.0999999999839,438.4,0.0,0.0,0.0,0.0,unknown
1762152115.5943959,0,0.021,0.8,0,0,3,327.29,328.99999999998386,438.4,0.0,0.0,0.0,0.0,unknown
1762152115.6045034,0,0.022000000000000002,0.8,0,1,3,327.2,328.89999999998383,438.45000000000005,0.0,0.0,0.0,0.0,unknown
1762152115.614604,0,0.022000000000000002,0.8,1,0,3,327.06,328.7999999999838,438.45,0.0,0.0,0.0,0.0,unknown
1762152115.6247141,0,0.022000000000000002,0.8,0,0,3,326.97,328.6999999999838,438.45000000000005,0.0,0.0,0.0,0.0,unknown
1762152115.6348329,0,0.021,0.8,0,0,3,326.88,328.59999999998377,438.45,0.0,0.0,0.0,0.0,unknown
1762152115.6449296,0,0.021,0.8,0,0,3,326.74,328.49999999998374,438.45,0.0,0.0,0.0,0.0,unknown
1762152115.6550598,0,0.021,0.8,0,0,3,326.63,328.3999999999837,438.4,0.0,0.0,0.0,0.0,unknown
1762152115.6651673,0,0.021,0.8,0,1,3,326.54,328.2999999999837,438.29999999999995,0.0,0.0,0.0,0.0,unknown
1762152115.67527,0,0.02,0.8,0,0,3,326.38,328.1999999999837,438.2,0.0,0.0,0.0,0.0,unknown
1762152115.685389,0,0.019,0.8,0,0,3,326.22,328.09999999998365,438.2,0.0,0.0,0.0,0.0,unknown
1762152115.6954947,0,0.019,0.8,0,1,3,326.08,327.99999999998363,438.3,0.0,0.0,0.0,0.0,unknown
1762152115.7056034,0,0.02,0.8,1,1,3,325.97,327.8999999999836,438.25,0.0,0.0,0.0,0.0,unknown
1762152115.7157054,0,0.019,0.8,0,0,3,325.86,327.7999999999836,438.15,0.0,0.0,0.0,0.0,unknown
1762152115.7258043,0,0.02,0.8,0,1,3,325.66,327.69999999998356,437.95000000000005,0.0,0.0,0.0,0.0,unknown
1762152115.7358902,0,0.02,0.8,0,1,3,325.43,327.59999999998354,437.70000000000005,0.0,0.0,0.0,0.0,unknown
1762152115.74599,0,0.021,0.8,0,1,3,325.18,327.4999999999835,437.4,0.0,0.0,0.0,0.0,unknown
1762152115.7561166,0,0.021,0.8,1,0,3,325.16,327.3999999999835,437.15,0.0,0.0,0.0,0.0,unknown
1762152115.766219,0,0.02,0.8,0,0,3,325.14,327.29999999998347,437.05,0.0,0.0,0.0,0.0,unknown
1762152115.7763438,0,0.02,0.8,0,0,3,325.14,327.19999999998345,437.1,0.0,0.0,0.0,0.0,unknown
1762152115.7864475,0,0.02,0.8,0,0,3,325.14,327.0999999999834,437.15,0.0,0.0,0.0,0.0,unknown
1762152115.796554,0,0.02,0.8,0,1,3,325.16,326.9999999999834,437.1,0.0,0.0,0.0,0.0,unknown
1762152115.806644,0,0.02,0.8,0,0,3,325.16,326.8999999999834,437.05,0.0,0.0,0.0,0.0,unknown
1762152115.8167582,0,0.02,0.8,0,0,3,325.16,326.79999999998336,436.9,0.0,0.0,0.0,0.0,unknown
1762152115.8268652,0,0.021,0.8,1,0,3,325.11,326.69999999998333,436.85,0.0,0.0,0.0,0.0,unknown
1762152115.8369646,0,0.021,0.8,0,0,3,325.13,326.5999999999833,436.75,0.0,0.0,0.0,0.0,unknown
1762152115.8470776,0,0.022000000000000002,0.8,0,1,3,325.13,326.4999999999833,436.75,0.0,0.0,0.0,0.0,unknown
1762152115.857194,0,0.022000000000000002,0.8,0,1,3,325.13,326.39999999998327,436.75,0.0,0.0,0.0,0.0,unknown
1762152115.8673072,0,0.024,0.8,0,2,3,325.13,326.29999999998324,436.7,0.0,0.0,0.0,0.0,unknown
1762152115.877415,0,0.025,0.8,0,2,3,325.13,326.1999999999832,436.65,0.0,0.0,0.0,0.0,unknown
1762152115.887514,0,0.024,0.8,0,0,3,325.15,326.0999999999832,436.54999999999995,0.0,0.0,0.0,0.0,unknown
1762152115.8976343,0,0.024,0.8,0,1,3,325.29,325.9999999999832,436.6,0.0,0.0,0.0,0.0,unknown
1762152115.9077594,0,0.026000000000000002,0.8,1,1,3,325.35,325.89999999998315,436.7,0.0,0.0,0.0,0.0,unknown
1762152115.9178498,0,0.026000000000000002,0.8,0,0,3,325.35,325.79999999998313,436.8,0.0,0.0,0.0,0.0,unknown
1762152115.9279387,0,0.028,0.8,1,1,3,325.35,325.6999999999831,436.85,0.0,0.0,0.0,0.0,unknown
1762152115.9380786,0,0.027000000000000003,0.8,0,0,3,325.4,325.5999999999831,436.85,0.0,0.0,0.0,0.0,unknown
1762152115.9481733,0,0.026000000000000002,0.8,0,0,3,325.2,325.49999999998306,436.85,0.0,0.0,0.0,0.0,unknown
1762152115.9582644,0,0.029,0.8,2,1,3,324.95,325.39999999998304,436.9,0.0,0.0,0.0,0.0,unknown
1762152115.9683812,0,0.030000000000000002,0.8,1,1,3,324.72,325.299999999983,436.9,0.0,0.0,0.0,0.0,unknown
1762152115.978502,0,0.031,0.8,1,0,3,324.54,325.199999999983,436.95,0.0,0.0,0.0,0.0,unknown
1762152115.988595,0,0.030000000000000002,0.8,0,0,3,324.36,325.09999999998297,437.0,0.0,0.0,0.0,0.0,unknown
1762152115.9986877,0,0.030000000000000002,0.8,0,0,3,324.11,324.99999999998295,437.0,0.0,0.0,0.0,0.0,unknown
1762152116.0087745,0,0.030000000000000002,0.8,0,0,3,323.91,324.8999999999829,437.0,0.0,0.0,0.0,0.0,unknown
1762152116.018881,0,0.029,0.8,0,0,3,323.73,324.7999999999829,436.95000000000005,0.0,0.0,0.0,0.0,unknown
1762152116.0289922,0,0.029,0.8,0,0,3,323.46,324.6999999999829,436.85,0.0,0.0,0.0,0.0,unknown
1762152116.0390933,0,0.030000000000000002,0.8,0,1,3,323.23,324.59999999998286,436.75,0.0,0.0,0.0,0.0,unknown
1762152116.0492327,0,0.030000000000000002,0.8,0,0,3,323,324.49999999998283,436.79999999999995,0.0,0.0,0.0,0.0,unknown
1762152116.059333,0,0.030000000000000002,0.8,0,0,3,322.75,324.3999999999828,436.85,0.0,0.0,0.0,0.0,unknown
1762152116.069437,0,0.031,0.8,0,1,3,322.59,324.2999999999828,437.0,0.0,0.0,0.0,0.0,unknown
1762152116.0795279,0,0.031,0.8,0,0,3,322.37,324.19999999998277,437.15,0.0,0.0,0.0,0.0,unknown
1762152116.0896306,0,0.031,0.8,0,0,3,322.19,324.09999999998274,437.15,0.0,0.0,0.0,0.0,unknown
1762152116.0997245,0,0.032,0.8,0,1,3,322.03,323.9999999999827,437.04999999999995,0.0,0.0,0.0,0.0,unknown
1762152116.1098127,0,0.033,0.8,0,2,3,321.97,323.8999999999827,436.85,0.0,0.0,0.0,0.0,unknown
1762152116.119901,0,0.032,0.8,0,0,3,321.88,323.7999999999827,436.70000000000005,0.0,0.0,0.0,0.0,unknown
1762152116.1300278,0,0.032,0.8,0,0,3,321.79,323.69999999998265,436.6,0.0,0.0,0.0,0.0,unknown
1762152116.1401134,0,0.034,0.8,1,1,3,321.75,323.59999999998263,436.55,0.0,0.0,0.0,0.0,unknown
1762152116.1502109,0,0.036000000000000004,0.8,1,1,3,321.71,323.4999999999826,436.55,0.0,0.0,0.0,0.0,unknown
1762152116.160313,0,0.037000000000000005,0.8,1,0,3,321.67,323.3999999999826,436.4,0.0,0.0,0.0,0.0,unknown
1762152116.1704187,0,0.037000000000000005,0.8,1,0,3,321.65,323.29999999998256,436.25,0.0,0.0,0.0,0.0,unknown
1762152116.1804988,0,0.039,0.8,1,1,3,321.4,323.19999999998254,436.15,0.0,0.0,0.0,0.0,unknown
1762152116.190565,0,0.04,0.8,1,0,3,320.97,323.0999999999825,436.04999999999995,0.0,0.0,0.0,0.0,unknown
1762152116.200688,0,0.039,0.8,0,0,3,320.54,322.9999999999825,436.04999999999995,0.0,0.0,0.0,0.0,unknown
1762152116.2108004,0,0.038,0.8,0,1,3,320.11,322.89999999998247,436.05,0.0,0.0,0.0,0.0,unknown
1762152116.2209015,0,0.039,0.8,1,0,3,319.68,322.79999999998245,436.0,0.0,0.0,0.0,0.0,unknown
1762152116.231008,0,0.038,0.8,0,0,3,319.37,322.6999999999824,435.85,0.0,0.0,0.0,0.0,unknown
1762152116.2411008,0,0.039,0.8,1,1,3,319.06,322.5999999999824,435.65,0.0,0.0,0.0,0.0,unknown
1762152116.2512279,0,0.039,0.8,1,0,3,318.86,322.4999999999824,435.4,0.0,0.0,0.0,0.0,unknown
1762152116.2613513,0,0.038,0.8,0,0,3,318.63,322.39999999998236,435.15,0.0,0.0,0.0,0.0,unknown
1762152116.2714677,0,0.038,0.8,0,0,3,318.4,322.29999999998233,434.95,0.0,0.0,0.0,0.0,unknown
1762152116.281584,0,0.039,0.8,1,0,3,318.2,322.1999999999823,434.85,0.0,0.0,0.0,0.0,unknown
1762152116.2917721,0,0.039,0.8,0,0,3,317.97,322.0999999999823,434.8,0.0,0.0,0.0,0.0,unknown
1762152116.3019803,0,0.038,0.8,0,0,3,317.72,321.99999999998226,434.85,0.0,0.0,0.0,0.0,unknown
1762152116.3122203,0,0.039,0.8,0,1,3,317.54,321.89999999998224,434.9,0.0,0.0,0.0,0.0,unknown
1762152116.3223956,0,0.04,0.8,0,1,3,317.43,321.7999999999822,434.95,0.0,0.0,0.0,0.0,unknown
1762152116.3325977,0,0.04,0.8,0,1,3,317.3,321.6999999999822,435.05,0.0,0.0,0.0,0.0,unknown
1762152116.3427753,0,0.04,0.8,0,0,3,317.21,321.5999999999822,435.15,0.0,0.0,0.0,0.0,unknown
1762152116.352951,0,0.039,0.8,0,0,3,317.21,321.49999999998215,435.20000000000005,0.0,0.0,0.0,0.0,unknown
1762152116.363148,0,0.039,0.8,0,1,3,317.37,321.39999999998213,435.29999999999995,0.0,0.0,0.0,0.0,unknown
1762152116.373251,0,0.039,0.8,1,1,3,317.39,321.2999999999821,435.45,0.0,0.0,0.0,0.0,unknown
1762152116.3833582,0,0.038,0.8,1,0,3,317.41,321.1999999999821,435.6,0.0,0.0,0.0,0.0,unknown
1762152116.3934603,0,0.039,0.8,0,1,3,317.41,321.09999999998206,435.8,0.0,0.0,0.0,0.0,unknown
1762152116.4035602,0,0.038,0.8,0,0,3,317.46,320.99999999998204,436.0,0.0,0.0,0.0,0.0,unknown
1762152116.4136631,0,0.036000000000000004,0.8,0,0,3,317.46,320.899999999982,436.29999999999995,0.0,0.0,0.0,0.0,unknown
1762152116.4237826,0,0.038,0.8,0,2,3,317.23,320.799999999982,436.6,0.0,0.0,0.0,0.0,unknown
1762152116.4338844,0,0.037000000000000005,0.8,0,1,3,317.05,320.69999999998197,436.70000000000005,0.0,0.0,0.0,0.0,unknown
1762152116.4439826,0,0.038,0.8,0,1,3,316.87,320.59999999998195,436.65,0.0,0.0,0.0,0.0,unknown
1762152116.4542196,0,0.039,0.8,1,0,3,316.64,320.4999999999819,436.6,0.0,0.0,0.0,0.0,unknown
1762152116.464332,0,0.037000000000000005,0.8,1,0,3,316.48,320.3999999999819,436.65,0.0,0.0,0.0,0.0,unknown
1762152116.474434,0,0.037000000000000005,0.8,2,0,3,316.3,320.2999999999819,436.65,0.0,0.0,0.0,0.0,unknown
1762152116.4845755,0,0.037000000000000005,0.8,1,0,3,316.07,320.19999999998186,436.70000000000005,0.0,0.0,0.0,0.0,unknown
1762152116.4946947,0,0.037000000000000005,0.8,0,0,3,315.89,320.09999999998183,436.75,0.0,0.0,0.0,0.0,unknown
1762152116.5048122,0,0.038,0.8,1,0,3,315.71,319.9999999999818,436.75,0.0,0.0,0.0,0.0,unknown
1762152116.5149374,0,0.039,0.8,0,1,3,315.51,319.8999999999818,436.65,0.0,0.0,0.0,0.0,unknown
1762152116.5250738,0,0.04,0.8,0,1,3,315.33,319.79999999998176,436.54999999999995,0.0,0.0,0.0,0.0,unknown
1762152116.5351684,0,0.042,0.8,2,0,3,314.9,319.69999999998174,436.4,0.0,0.0,0.0,0.0,unknown
1762152116.5452864,0,0.042,0.8,1,0,3,314.47,319.5999999999817,436.3,0.0,0.0,0.0,0.0,unknown
1762152116.5554082,0,0.043000000000000003,0.8,0,1,3,314.04,319.4999999999817,436.2,0.0,0.0,0.0,0.0,unknown
1762152116.5654993,0,0.044000000000000004,0.8,0,1,3,313.61,319.3999999999817,436.05,0.0,0.0,0.0,0.0,unknown
1762152116.5755877,0,0.044000000000000004,0.8,1,0,3,313.25,319.29999999998165,435.95000000000005,0.0,0.0,0.0,0.0,unknown
1762152116.58569,0,0.045000000000000005,0.8,0,1,3,312.91,319.1999999999816,435.8,0.0,0.0,0.0,0.0,unknown
1762152116.5957994,0,0.048,0.8,1,2,3,312.82,319.0999999999816,435.65,0.0,0.0,0.0,0.0,unknown
1762152116.6059065,0,0.048,0.8,0,1,3,312.73,318.9999999999816,435.5,0.0,0.0,0.0,0.0,unknown
1762152116.616011,0,0.046,0.8,0,0,3,312.62,318.89999999998156,435.35,0.0,0.0,0.0,0.0,unknown
1762152116.6261191,0,0.046,0.8,0,0,3,312.53,318.79999999998154,435.29999999999995,0.0,0.0,0.0,0.0,unknown
1762152116.6362052,0,0.047,0.8,1,0,3,312.44,318.6999999999815,435.3,0.0,0.0,0.0,0.0,unknown
1762152116.6462996,0,0.045000000000000005,0.8,0,0,3,312.42,318.5999999999815,435.2,0.0,0.0,0.0,0.0,unknown
1762152116.6564085,0,0.044000000000000004,0.8,1,0,3,312.38,318.49999999998147,435.1,0.0,0.0,0.0,0.0,unknown
1762152116.6665134,0,0.044000000000000004,0.8,1,0,3,312.36,318.39999999998145,434.95,0.0,0.0,0.0,0.0,unknown
1762152116.67662,0,0.045000000000000005,0.8,1,1,3,312.29,318.2999999999814,434.8,0.0,0.0,0.0,0.0,unknown
1762152116.686699,0,0.044000000000000004,0.8,0,1,3,312.29,318.1999999999814,434.75,0.0,0.0,0.0,0.0,unknown
1762152116.6967776,0,0.043000000000000003,0.8,0,0,3,312.29,318.0999999999814,434.54999999999995,0.0,0.0,0.0,0.0,unknown
1762152116.7068927,0,0.043000000000000003,0.8,0,0,3,312.45,317.99999999998136,434.29999999999995,0.0,0.0,0.0,0.0,unknown
1762152116.7169986,0,0.042,0.8,0,0,3,312.52,317.89999999998133,434.20000000000005,0.0,0.0,0.0,0.0,unknown
1762152116.727104,0,0.042,0.8,0,1,3,312.54,317.7999999999813,434.3,0.0,0.0,0.0,0.0,unknown
1762152116.7371953,0,0.043000000000000003,0.8,1,0,3,312.54,317.6999999999813,434.45000000000005,0.0,0.0,0.0,0.0,unknown
1762152116.747286,0,0.041,0.8,0,0,3,312.54,317.59999999998126,434.5,0.0,0.0,0.0,0.0,unknown
1762152116.7573998,0,0.04,0.8,0,0,3,312.59,317.49999999998124,434.5,0.0,0.0,0.0,0.0,unknown
1762152116.7675097,0,0.04,0.8,0,0,3,312.36,317.3999999999812,434.45000000000005,0.0,0.0,0.0,0.0,unknown
1762152116.7776244,0,0.041,0.8,0,1,3,312.13,317.2999999999812,434.29999999999995,0.0,0.0,0.0,0.0,unknown
1762152116.7877374,0,0.041,0.8,0,1,3,311.9,317.1999999999812,434.1,0.0,0.0,0.0,0.0,unknown
1762152116.79784,0,0.042,0.8,1,0,3,311.7,317.09999999998115,434.0,0.0,0.0,0.0,0.0,unknown
1762152116.8079739,0,0.043000000000000003,0.8,0,1,3,311.5,316.9999999999811,433.95,0.0,0.0,0.0,0.0,unknown
1762152116.818093,0,0.044000000000000004,0.8,1,1,3,311.32,316.8999999999811,433.85,0.0,0.0,0.0,0.0,unknown
1762152116.8282077,0,0.044000000000000004,0.8,1,0,3,311.14,316.7999999999811,433.75,0.0,0.0,0.0,0.0,unknown
1762152116.83831,0,0.046,0.8,1,2,3,311.03,316.69999999998106,433.65,0.0,0.0,0.0,0.0,unknown
1762152116.8484251,0,0.048,0.8,1,1,3,310.83,316.59999999998104,433.6,0.0,0.0,0.0,0.0,unknown
1762152116.8585134,0,0.05,0.8,1,1,3,310.63,316.499999999981,433.5,0.0,0.0,0.0,0.0,unknown
1762152116.86864,0,0.05,0.8,1,0,3,310.43,316.399999999981,433.4,0.0,0.0,0.0,0.0,unknown
1762152116.8787384,0,0.05,0.8,2,0,3,310.09,316.29999999998097,433.29999999999995,0.0,0.0,0.0,0.0,unknown
1762152116.888854,0,0.05,0.8,0,1,3,309.66,316.19999999998095,433.1,0.0,0.0,0.0,0.0,unknown
1762152116.8989627,0,0.049,0.8,0,0,3,309.21,316.0999999999809,432.9,0.0,0.0,0.0,0.0,unknown
1762152116.9090807,0,0.049,0.8,0,0,3,308.78,315.9999999999809,432.7,0.0,0.0,0.0,0.0,unknown
1762152116.9192073,0,0.05,0.8,1,0,3,308.49,315.8999999999809,432.4,0.0,0.0,0.0,0.0,unknown
1762152116.929318,0,0.048,0.8,0,0,3,308.31,315.79999999998086,432.15,0.0,0.0,0.0,0.0,unknown
1762152116.93943,0,0.049,0.8,1,1,3,308.06,315.69999999998083,432.0,0.0,0.0,0.0,0.0,unknown
1762152116.9495137,0,0.05,0.8,1,1,3,307.83,315.5999999999808,431.8,0.0,0.0,0.0,0.0,unknown
1762152116.9596055,0,0.05,0.8,0,1,3,307.83,315.4999999999808,431.65,0.0,0.0,0.0,0.0,unknown
1762152116.9696844,0,0.05,0.8,1,0,3,307.83,315.39999999998076,431.54999999999995,0.0,0.0,0.0,0.0,unknown
1762152116.9797719,0,0.051000000000000004,0.8,2,1,3,307.81,315.29999999998074,431.45,0.0,0.0,0.0,0.0,unknown
1762152116.9898477,0,0.051000000000000004,0.8,1,0,3,307.79,315.1999999999807,431.35,0.0,0.0,0.0,0.0,unknown
1762152116.9999444,0,0.052000000000000005,0.8,1,0,3,307.79,315.0999999999807,431.25,0.0,0.0,0.0,0.0,unknown
1762152117.0100265,0,0.053000000000000005,0.8,1,1,3,307.79,314.9999999999807,431.25,0.0,0.0,0.0,0.0,unknown
1762152117.0201313,0,0.053000000000000005,0.8,0,1,3,307.88,314.89999999998065,431.25,0.0,0.0,0.0,0.0,unknown
1762152117.0302517,0,0.053000000000000005,0.8,1,0,3,307.88,314.7999999999806,431.2,0.0,0.0,0.0,0.0,unknown
1762152117.040363,0,0.052000000000000005,0.8,1,0,3,307.9,314.6999999999806,431.2,0.0,0.0,0.0,0.0,unknown
1762152117.050447,0,0.052000000000000005,0.8,1,0,3,307.9,314.5999999999806,431.15,0.0,0.0,0.0,0.0,unknown
1762152117.060538,0,0.052000000000000005,0.8,1,0,3,307.9,314.49999999998056,431.1,0.0,0.0,0.0,0.0,unknown
1762152117.0706265,0,0.052000000000000005,0.8,1,0,3,308.01,314.39999999998054,431.15,0.0,0.0,0.0,0.0,unknown
1762152117.0807045,0,0.052000000000000005,0.8,0,1,3,308.03,314.2999999999805,431.1,0.0,0.0,0.0,0.0,unknown
1762152117.0907884,0,0.052000000000000005,0.8,0,1,3,308.07,314.1999999999805,431.1,0.0,0.0,0.0,0.0,unknown
1762152117.1008742,0,0.052000000000000005,0.8,2,1,3,308.09,314.09999999998047,431.1,0.0,0.0,0.0,0.0,unknown
1762152117.1109624,0,0.051000000000000004,0.8,0,0,3,308.14,313.99999999998045,431.1,0.0,0.0,0.0,0.0,unknown
1762152117.121071,0,0.052000000000000005,0.8,0,1,3,308.02,313.8999999999804,431.15,0.0,0.0,0.0,0.0,unknown
1762152117.1311574,0,0.054,0.8,1,1,3,307.93,313.7999999999804,431.15,0.0,0.0,0.0,0.0,unknown
1762152117.1412334,0,0.055,0.8,1,1,3,307.84,313.6999999999804,431.1,0.0,0.0,0.0,0.0,unknown
1762152117.1513166,0,0.056,0.8,1,0,3,307.7,313.59999999998035,430.9,0.0,0.0,0.0,0.0,unknown
1762152117.1614358,0,0.055,0.8,0,0,3,307.36,313.49999999998033,430.6,0.0,0.0,0.0,0.0,unknown
1762152117.1715374,0,0.054,0.8,0,0,3,307.02,313.3999999999803,430.35,0.0,0.0,0.0,0.0,unknown
1762152117.18165,0,0.053000000000000005,0.8,1,0,3,306.66,313.2999999999803,430.1,0.0,0.0,0.0,0.0,unknown
1762152117.1917603,0,0.053000000000000005,0.8,0,1,3,306.37,313.19999999998026,429.8,0.0,0.0,0.0,0.0,unknown
1762152117.201867,0,0.054,0.8,1,0,3,306.26,313.09999999998024,429.6,0.0,0.0,0.0,0.0,unknown
1762152117.2119677,0,0.054,0.8,0,0,3,306.15,312.9999999999802,429.4,0.0,0.0,0.0,0.0,unknown
1762152117.2221224,0,0.055,0.8,0,1,3,306.04,312.8999999999802,429.2,0.0,0.0,0.0,0.0,unknown
1762152117.2322202,0,0.056,0.8,1,1,3,305.93,312.7999999999802,429.04999999999995,0.0,0.0,0.0,0.0,unknown
1762152117.2423234,0,0.057,0.8,1,1,3,305.84,312.69999999998015,428.9,0.0,0.0,0.0,0.0,unknown
1762152117.2524195,0,0.058,0.8,1,0,3,305.75,312.5999999999801,428.75,0.0,0.0,0.0,0.0,unknown
1762152117.2625182,0,0.058,0.8,0,0,3,305.66,312.4999999999801,428.65,0.0,0.0,0.0,0.0,unknown
1762152117.2725987,0,0.059000000000000004,0.8,0,1,3,305.55,312.3999999999801,428.54999999999995,0.0,0.0,0.0,0.0,unknown
1762152117.2827027,0,0.058,0.8,0,0,3,305.44,312.29999999998006,428.5,0.0,0.0,0.0,0.0,unknown
1762152117.29281,0,0.057,0.8,0,0,3,305.44,312.19999999998004,428.45,0.0,0.0,0.0,0.0,unknown
1762152117.3028994,0,0.056,0.8,0,0,3,305.44,312.09999999998,428.4,0.0,0.0,0.0,0.0,unknown
1762152117.312998,0,0.057,0.8,2,0,3,305.44,311.99999999998,428.25,0.0,0.0,0.0,0.0,unknown
1762152117.3231118,0,0.055,0.8,0,0,3,305.42,311.89999999997997,428.1,0.0,0.0,0.0,0.0,unknown
1762152117.3332157,0,0.054,0.8,0,0,3,305.46,311.79999999997995,428.0,0.0,0.0,0.0,0.0,unknown
1762152117.343316,0,0.052000000000000005,0.8,1,0,3,305.5,311.6999999999799,427.95000000000005,0.0,0.0,0.0,0.0,unknown
1762152117.3534336,0,0.052000000000000005,0.8,1,1,3,305.5,311.5999999999799,427.95000000000005,0.0,0.0,0.0,0.0,unknown
1762152117.3635304,0,0.05,0.8,0,0,3,305.52,311.4999999999799,428.0,0.0,0.0,0.0,0.0,unknown
1762152117.373633,0,0.049,0.8,0,0,3,305.38,311.39999999997985,428.0,0.0,0.0,0.0,0.0,unknown
1762152117.383738,0,0.048,0.8,1,0,3,305.29,311.29999999997983,428.0,0.0,0.0,0.0,0.0,unknown
1762152117.3938496,0,0.047,0.8,0,0,3,305.2,311.1999999999798,428.0,0.0,0.0,0.0,0.0,unknown
1762152117.4041495,0,0.048,0.8,0,1,3,305.06,311.0999999999798,427.9,0.0,0.0,0.0,0.0,unknown
1762152117.4142303,0,0.049,0.8,0,1,3,304.92,310.99999999997976,427.65,0.0,0.0,0.0,0.0,unknown
1762152117.4243338,0,0.049,0.8,0,1,3,304.83,310.89999999997974,427.35,0.0,0.0,0.0,0.0,unknown
1762152117.4344242,0,0.049,0.8,0,0,3,304.9,310.7999999999797,427.1,0.0,0.0,0.0,0.0,unknown
1762152117.4445038,0,0.047,0.8,0,0,3,304.92,310.6999999999797,427.0,0.0,0.0,0.0,0.0,unknown
1762152117.4545803,0,0.045000000000000005,0.8,0,0,3,304.94,310.5999999999797,427.04999999999995,0.0,0.0,0.0,0.0,unknown
1762152117.4646585,0,0.045000000000000005,0.8,1,0,3,305.01,310.49999999997965,427.15,0.0,0.0,0.0,0.0,unknown
1762152117.474761,0,0.045000000000000005,0.8,0,1,3,305.08,310.3999999999796,427.15,0.0,0.0,0.0,0.0,unknown
1762152117.4848561,0,0.044000000000000004,0.8,1,1,3,305.01,310.2999999999796,427.15,0.0,0.0,0.0,0.0,unknown
1762152117.4949384,0,0.045000000000000005,0.8,1,1,3,304.92,310.1999999999796,427.05,0.0,0.0,0.0,0.0,unknown
1762152117.5050366,0,0.046,0.8,1,1,3,304.56,310.09999999997956,426.95000000000005,0.0,0.0,0.0,0.0,unknown
1762152117.5151331,0,0.045000000000000005,0.8,0,1,3,304.2,309.99999999997954,426.85,0.0,0.0,0.0,0.0,unknown
1762152117.5252185,0,0.044000000000000004,0.8,0,0,3,303.86,309.8999999999795,426.65,0.0,0.0,0.0,0.0,unknown
1762152117.5353162,0,0.043000000000000003,0.8,0,0,3,303.52,309.7999999999795,426.4,0.0,0.0,0.0,0.0,unknown
1762152117.5454013,0,0.042,0.8,0,0,3,303.41,309.69999999997947,426.15,0.0,0.0,0.0,0.0,unknown
1762152117.55548,0,0.041,0.8,0,0,3,303.3,309.59999999997945,426.0,0.0,0.0,0.0,0.0,unknown
1762152117.5655656,0,0.04,0.8,0,0,3,303.19,309.4999999999794,425.9,0.0,0.0,0.0,0.0,unknown
1762152117.5756595,0,0.039,0.8,0,0,3,303.08,309.3999999999794,425.8,0.0,0.0,0.0,0.0,unknown
1762152117.5857475,0,0.038,0.8,0,0,3,302.99,309.2999999999794,425.55,0.0,0.0,0.0,0.0,unknown
1762152117.5958428,0,0.038,0.8,0,1,3,302.88,309.19999999997935,425.3,0.0,0.0,0.0,0.0,unknown
1762152117.6059284,0,0.036000000000000004,0.8,0,1,3,302.77,309.09999999997933,425.25,0.0,0.0,0.0,0.0,unknown
1762152117.6160064,0,0.036000000000000004,0.8,0,0,3,302.66,308.9999999999793,425.25,0.0,0.0,0.0,0.0,unknown
1762152117.6261158,0,0.035,0.8,0,0,3,302.57,308.8999999999793,425.25,0.0,0.0,0.0,0.0,unknown
1762152117.6362395,0,0.033,0.8,0,0,3,302.46,308.79999999997926,425.20000000000005,0.0,0.0,0.0,0.0,unknown
1762152117.6463447,0,0.033,0.8,0,2,3,302.46,308.69999999997924,425.0,0.0,0.0,0.0,0.0,unknown
1762152117.6564472,0,0.033,0.8,0,1,3,302.39,308.5999999999792,424.85,0.0,0.0,0.0,0.0,unknown
1762152117.666534,0,0.036000000000000004,0.8,1,2,3,302.34,308.4999999999792,424.7,0.0,0.0,0.0,0.0,unknown
1762152117.6766746,0,0.037000000000000005,0.8,1,0,3,302.38,308.3999999999792,424.6,0.0,0.0,0.0,0.0,unknown
1762152117.6867976,0,0.037000000000000005,0.8,1,0,3,302.45,308.29999999997915,424.65,0.0,0.0,0.0,0.0,unknown
1762152117.6969154,0,0.037000000000000005,0.8,1,0,3,302.45,308.1999999999791,424.65,0.0,0.0,0.0,0.0,unknown
1762152117.7070372,0,0.038,0.8,1,1,3,302.45,308.0999999999791,424.75,0.0,0.0,0.0,0.0,unknown
1762152117.7171557,0,0.041,0.8,2,1,3,302.29,307.9999999999791,424.85,0.0,0.0,0.0,0.0,unknown
1762152117.7272468,0,0.042,0.8,1,1,3,302.15,307.89999999997906,424.95,0.0,0.0,0.0,0.0,unknown
1762152117.7373674,0,0.041,0.8,1,0,3,302.06,307.79999999997904,424.9,0.0,0.0,0.0,0.0,unknown
1762152117.747474,0,0.04,0.8,0,1,3,301.92,307.699999999979,424.9,0.0,0.0,0.0,0.0,unknown
1762152117.7575755,0,0.041,0.8,1,1,3,301.83,307.599999999979,424.95000000000005,0.0,0.0,0.0,0.0,unknown
1762152117.7676914,0,0.042,0.8,0,1,3,301.69,307.49999999997897,425.1,0.0,0.0,0.0,0.0,unknown
1762152117.777798,0,0.042,0.8,0,1,3,301.74,307.39999999997895,425.25,0.0,0.0,0.0,0.0,unknown
1762152117.7879171,0,0.043000000000000003,0.8,0,1,3,301.74,307.2999999999789,425.4,0.0,0.0,0.0,0.0,unknown
1762152117.7980225,0,0.045000000000000005,0.8,1,1,3,301.81,307.1999999999789,425.6,0.0,0.0,0.0,0.0,unknown
1762152117.8081348,0,0.046,0.8,1,0,3,301.81,307.0999999999789,425.70000000000005,0.0,0.0,0.0,0.0,unknown
1762152117.818249,0,0.044000000000000004,0.8,0,0,3,301.67,306.99999999997885,425.70000000000005,0.0,0.0,0.0,0.0,unknown
1762152117.8283637,0,0.045000000000000005,0.8,1,0,3,301.55,306.89999999997883,425.70000000000005,0.0,0.0,0.0,0.0,unknown
1762152117.8384647,0,0.045000000000000005,0.8,0,0,3,301.48,306.7999999999788,425.70000000000005,0.0,0.0,0.0,0.0,unknown
1762152117.8485842,0,0.044000000000000004,0.8,0,0,3,301.12,306.6999999999788,425.65,0.0,0.0,0.0,0.0,unknown
1762152117.858692,0,0.042,0.8,0,0,3,300.78,306.59999999997876,425.55,0.0,0.0,0.0,0.0,unknown
1762152117.868801,0,0.044000000000000004,0.8,1,1,3,300.44,306.49999999997874,425.35,0.0,0.0,0.0,0.0,unknown
1762152117.878899,0,0.045000000000000005,0.8,1,0,3,300.17,306.3999999999787,425.1,0.0,0.0,0.0,0.0,unknown
1762152117.888987,0,0.045000000000000005,0.8,0,1,3,299.97,306.2999999999787,424.9,0.0,0.0,0.0,0.0,unknown
1762152117.8991034,0,0.046,0.8,0,1,3,299.86,306.1999999999787,424.79999999999995,0.0,0.0,0.0,0.0,unknown
1762152117.9092274,0,0.047,0.8,1,1,3,299.77,306.09999999997865,424.75,0.0,0.0,0.0,0.0,unknown
1762152117.9193487,0,0.046,0.8,0,0,3,299.75,305.9999999999786,424.75,0.0,0.0,0.0,0.0,unknown
1762152117.9294484,0,0.045000000000000005,0.8,0,0,3,299.75,305.8999999999786,424.79999999999995,0.0,0.0,0.0,0.0,unknown
1762152117.9395554,0,0.046,0.8,1,0,3,299.73,305.7999999999786,424.85,0.0,0.0,0.0,0.0,unknown
1762152117.9496598,0,0.046,0.8,0,0,3,299.8,305.69999999997856,424.8,0.0,0.0,0.0,0.0,unknown
1762152117.9597797,0,0.047,0.8,0,1,3,299.85,305.59999999997854,424.9,0.0,0.0,0.0,0.0,unknown
1762152117.9698675,0,0.047,0.8,0,1,3,299.92,305.4999999999785,425.0,0.0,0.0,0.0,0.0,unknown
1762152117.9799662,0,0.048,0.8,1,1,3,299.94,305.3999999999785,425.05,0.0,0.0,0.0,0.0,unknown
1762152117.9900808,0,0.047,0.8,0,1,3,299.85,305.29999999997847,425.1,0.0,0.0,0.0,0.0,unknown
1762152118.0001721,0,0.047,0.8,2,0,3,299.76,305.19999999997844,425.2,0.0,0.0,0.0,0.0,unknown
1762152118.010256,0,0.046,0.8,1,0,3,299.65,305.0999999999784,425.3,0.0,0.0,0.0,0.0,unknown
1762152118.0203567,0,0.045000000000000005,0.8,0,0,3,299.56,304.9999999999784,425.3,0.0,0.0,0.0,0.0,unknown
1762152118.0304704,0,0.045000000000000005,0.8,0,0,3,299.38,304.8999999999784,425.15,0.0,0.0,0.0,0.0,unknown
1762152118.040573,0,0.046,0.8,0,1,3,299.27,304.79999999997835,425.0,0.0,0.0,0.0,0.0,unknown
1762152118.0506754,0,0.046,0.8,0,0,3,299.16,304.69999999997833,424.85,0.0,0.0,0.0,0.0,unknown
1762152118.0608053,0,0.046,0.8,0,0,3,299.05,304.5999999999783,424.8,0.0,0.0,0.0,0.0,unknown
1762152118.0709205,0,0.048,0.8,1,1,3,298.94,304.4999999999783,424.7,0.0,0.0,0.0,0.0,unknown
1762152118.081139,0,0.051000000000000004,0.8,1,2,3,298.74,304.39999999997826,424.5,0.0,0.0,0.0,0.0,unknown
1762152118.091247,0,0.053000000000000005,0.8,1,1,3,298.54,304.29999999997824,424.25,0.0,0.0,0.0,0.0,unknown
1762152118.1013446,0,0.053000000000000005,0.8,0,1,3,298.34,304.1999999999782,423.95,0.0,0.0,0.0,0.0,unknown
1762152118.1114535,0,0.053000000000000005,0.8,0,1,3,298.12,304.0999999999782,423.6,0.0,0.0,0.0,0.0,unknown
1762152118.1215575,0,0.054,0.8,0,1,3,297.92,303.9999999999782,423.3,0.0,0.0,0.0,0.0,unknown
1762152118.1316786,0,0.054,0.8,0,0,3,297.7,303.89999999997815,423.0,0.0,0.0,0.0,0.0,unknown
1762152118.1417956,0,0.054,0.8,0,0,3,297.5,303.7999999999781,422.75,0.0,0.0,0.0,0.0,unknown
1762152118.1518953,0,0.052000000000000005,0.8,0,0,3,297.3,303.6999999999781,422.6,0.0,0.0,0.0,0.0,unknown
1762152118.1619978,0,0.051000000000000004,0.8,0,0,3,297.1,303.5999999999781,422.55,0.0,0.0,0.0,0.0,unknown
1762152118.172142,0,0.048,0.8,0,0,3,297.21,303.49999999997806,422.55,0.0,0.0,0.0,0.0,unknown
1762152118.182241,0,0.049,0.8,1,1,3,297.32,303.39999999997804,422.6,0.0,0.0,0.0,0.0,unknown
1762152118.1923468,0,0.048,0.8,0,0,3,297.43,303.299999999978,422.7,0.0,0.0,0.0,0.0,unknown
1762152118.202417,0,0.048,0.8,1,0,3,297.54,303.199999999978,422.85,0.0,0.0,0.0,0.0,unknown
1762152118.2124887,0,0.047,0.8,0,1,3,297.65,303.09999999997797,423.0,0.0,0.0,0.0,0.0,unknown
1762152118.2226048,0,0.045000000000000005,0.8,0,1,3,297.74,302.99999999997794,423.25,0.0,0.0,0.0,0.0,unknown
1762152118.232713,0,0.044000000000000004,0.8,0,1,3,297.85,302.8999999999779,423.5,0.0,0.0,0.0,0.0,unknown
1762152118.2428234,0,0.044000000000000004,0.8,0,1,3,297.94,302.7999999999779,423.70000000000005,0.0,0.0,0.0,0.0,unknown
1762152118.2529166,0,0.044000000000000004,0.8,0,1,3,298.03,302.6999999999779,424.0,0.0,0.0,0.0,0.0,unknown
1762152118.2630243,0,0.043000000000000003,0.8,0,1,3,298.14,302.59999999997785,424.3,0.0,0.0,0.0,0.0,unknown
1762152118.273125,0,0.042,0.8,0,0,3,298.3,302.49999999997783,424.5,0.0,0.0,0.0,0.0,unknown
1762152118.283221,0,0.042,0.8,1,0,3,298.48,302.3999999999778,424.65,0.0,0.0,0.0,0.0,unknown
1762152118.2933211,0,0.042,0.8,1,0,3,298.66,302.2999999999778,424.79999999999995,0.0,0.0,0.0,0.0,unknown
1762152118.3034146,0,0.04,0.8,0,0,3,298.73,302.19999999997776,425.0,0.0,0.0,0.0,0.0,unknown
1762152118.3135161,0,0.04,0.8,0,1,3,298.73,302.09999999997774,425.25,0.0,0.0,0.0,0.0,unknown
1762152118.3236284,0,0.042,0.8,0,2,3,298.73,301.9999999999777,425.55,0.0,0.0,0.0,0.0,unknown
1762152118.3337362,0,0.043000000000000003,0.8,0,2,3,298.73,301.8999999999777,425.8,0.0,0.0,0.0,0.0,unknown
1762152118.3438306,0,0.043000000000000003,0.8,0,0,3,298.67,301.7999999999777,425.95000000000005,0.0,0.0,0.0,0.0,unknown
1762152118.3539233,0,0.044000000000000004,0.8,1,0,3,298.47,301.69999999997765,425.95000000000005,0.0,0.0,0.0,0.0,unknown
1762152118.3640518,0,0.045000000000000005,0.8,0,1,3,298.27,301.5999999999776,425.85,0.0,0.0,0.0,0.0,unknown
1762152118.3741496,0,0.044000000000000004,0.8,1,0,3,298.05,301.4999999999776,425.65,0.0,0.0,0.0,0.0,unknown
1762152118.384248,0,0.043000000000000003,0.8,0,0,3,297.83,301.3999999999776,425.4,0.0,0.0,0.0,0.0,unknown
1762152118.3943553,0,0.044000000000000004,0.8,1,1,3,297.63,301.29999999997756,425.15,0.0,0.0,0.0,0.0,unknown
1762152118.4044542,0,0.043000000000000003,0.8,0,0,3,297.43,301.19999999997754,424.9,0.0,0.0,0.0,0.0,unknown
1762152118.414547,0,0.043000000000000003,0.8,0,2,3,297.23,301.0999999999775,424.65,0.0,0.0,0.0,0.0,unknown
1762152118.4246337,0,0.044000000000000004,0.8,0,1,3,297.03,300.9999999999775,424.5,0.0,0.0,0.0,0.0,unknown
1762152118.4347274,0,0.044000000000000004,0.8,0,0,3,296.83,300.89999999997747,424.29999999999995,0.0,0.0,0.0,0.0,unknown
1762152118.4448261,0,0.043000000000000003,0.8,0,0,3,296.47,300.79999999997744,424.1,0.0,0.0,0.0,0.0,unknown
1762152118.4549315,0,0.043000000000000003,0.8,0,0,3,296.11,300.6999999999774,423.85,0.0,0.0,0.0,0.0,unknown
1762152118.4650633,0,0.042,0.8,0,0,3,295.75,300.5999999999774,423.5,0.0,0.0,0.0,0.0,unknown
1762152118.475176,0,0.041,0.8,0,0,3,295.39,300.4999999999774,423.1,0.0,0.0,0.0,0.0,unknown
1762152118.4852662,0,0.039,0.8,0,0,3,295.03,300.39999999997735,422.7,0.0,0.0,0.0,0.0,unknown
1762152118.4953885,0,0.04,0.8,0,2,3,294.76,300.29999999997733,422.35,0.0,0.0,0.0,0.0,unknown
1762152118.5054774,0,0.038,0.8,0,0,3,294.56,300.1999999999773,422.04999999999995,0.0,0.0,0.0,0.0,unknown
1762152118.5155826,0,0.038,0.8,0,1,3,294.56,300.0999999999773,421.8,0.0,0.0,0.0,0.0,unknown
1762152118.525692,0,0.038,0.8,0,0,3,294.67,299.99999999997726,421.65,0.0,0.0,0.0,0.0,unknown
1762152118.535773,0,0.038,0.8,0,0,3,294.76,299.89999999997724,421.65,0.0,0.0,0.0,0.0,unknown
1762152118.5458822,0,0.037000000000000005,0.8,0,0,3,294.87,299.7999999999772,421.70000000000005,0.0,0.0,0.0,0.0,unknown
1762152118.5559938,0,0.038,0.8,1,0,3,294.96,299.6999999999772,421.79999999999995,0.0,0.0,0.0,0.0,unknown
1762152118.5661159,0,0.039,0.8,1,0,3,295.05,299.5999999999772,421.9,0.0,0.0,0.0,0.0,unknown
1762152118.5762222,0,0.038,0.8,1,0,3,295.14,299.49999999997715,422.0,0.0,0.0,0.0,0.0,unknown
1762152118.586329,0,0.036000000000000004,0.8,0,1,3,295.23,299.3999999999771,422.15,0.0,0.0,0.0,0.0,unknown
1762152118.5964303,0,0.034,0.8,0,0,3,295.34,299.2999999999771,422.4,0.0,0.0,0.0,0.0,unknown
1762152118.606529,0,0.034,0.8,0,1,3,295.43,299.1999999999771,422.65,0.0,0.0,0.0,0.0,unknown
1762152118.6166387,0,0.034,0.8,0,1,3,295.52,299.09999999997706,422.7,0.0,0.0,0.0,0.0,unknown
1762152118.6267548,0,0.033,0.8,0,0,3,295.61,298.99999999997704,422.70000000000005,0.0,0.0,0.0,0.0,unknown
1762152118.6368814,0,0.033,0.8,0,0,3,295.72,298.899999999977,422.75,0.0,0.0,0.0,0.0,unknown
1762152118.64701,0,0.034,0.8,0,1,3,295.88,298.799999999977,422.75,0.0,0.0,0.0,0.0,unknown
1762152118.6571403,0,0.036000000000000004,0.8,0,2,3,295.93,298.69999999997697,422.9,0.0,0.0,0.0,0.0,unknown
1762152118.6672509,0,0.036000000000000004,0.8,0,0,3,295.98,298.59999999997694,423.15,0.0,0.0,0.0,0.0,unknown
1762152118.677365,0,0.037000000000000005,0.8,1,0,3,295.98,298.4999999999769,423.45000000000005,0.0,0.0,0.0,0.0,unknown
1762152118.6874592,0,0.036000000000000004,0.8,0,1,3,295.85,298.3999999999769,423.70000000000005,0.0,0.0,0.0,0.0,unknown
1762152118.6975412,0,0.036000000000000004,0.8,0,0,3,295.65,298.2999999999769,423.75,0.0,0.0,0.0,0.0,unknown
1762152118.7076097,0,0.035,0.8,0,0,3,295.45,298.19999999997685,423.75,0.0,0.0,0.0,0.0,unknown
1762152118.7176816,0,0.034,0.8,0,0,3,295.25,298.09999999997683,423.65,0.0,0.0,0.0,0.0,unknown
1762152118.727749,0,0.034,0.8,0,1,3,295.05,297.9999999999768,423.5,0.0,0.0,0.0,0.0,unknown
1762152118.7378144,0,0.035,0.8,1,1,3,294.85,297.8999999999768,423.25,0.0,0.0,0.0,0.0,unknown
1762152118.7478762,0,0.035,0.8,0,1,3,294.65,297.79999999997676,423.04999999999995,0.0,0.0,0.0,0.0,unknown
1762152118.7579417,0,0.034,0.8,0,0,3,294.45,297.69999999997674,422.8,0.0,0.0,0.0,0.0,unknown
1762152118.768019,0,0.033,0.8,0,0,3,294.25,297.5999999999767,422.6,0.0,0.0,0.0,0.0,unknown
1762152118.778127,0,0.033,0.8,0,0,3,294.05,297.4999999999767,422.29999999999995,0.0,0.0,0.0,0.0,unknown
1762152118.7882543,0,0.032,0.8,0,0,3,293.71,297.39999999997667,422.0,0.0,0.0,0.0,0.0,unknown
1762152118.7983534,0,0.033,0.8,0,2,3,293.42,297.29999999997665,421.7,0.0,0.0,0.0,0.0,unknown
1762152118.808445,0,0.033,0.8,0,0,3,293.06,297.1999999999766,421.29999999999995,0.0,0.0,0.0,0.0,unknown
1762152118.8185666,0,0.032,0.8,0,0,3,292.72,297.0999999999766,420.9,0.0,0.0,0.0,0.0,unknown
1762152118.8286853,0,0.031000000000000003,0.8,0,1,3,292.52,296.9999999999766,420.55,0.0,0.0,0.0,0.0,unknown
1762152118.8387892,0,0.029,0.8,0,0,3,292.3,296.89999999997656,420.25,0.0,0.0,0.0,0.0,unknown
1762152118.84889,0,0.030000000000000002,0.8,0,1,3,292.03,296.79999999997654,419.95,0.0,0.0,0.0,0.0,unknown
1762152118.8590176,0,0.030000000000000002,0.8,1,0,3,292.03,296.6999999999765,419.7,0.0,0.0,0.0,0.0,unknown
1762152118.869123,0,0.029,0.8,0,0,3,292.12,296.5999999999765,419.5,0.0,0.0,0.0,0.0,unknown
1762152118.879253,0,0.029,0.8,0,1,3,292.23,296.49999999997647,419.54999999999995,0.0,0.0,0.0,0.0,unknown
1762152118.8893566,0,0.030000000000000002,0.8,0,1,3,292.27,296.39999999997644,419.65,0.0,0.0,0.0,0.0,unknown
1762152118.8994586,0,0.028,0.8,0,0,3,292.38,296.2999999999764,419.75,0.0,0.0,0.0,0.0,unknown
1762152118.9095662,0,0.028,0.8,0,0,3,292.47,296.1999999999764,419.85,0.0,0.0,0.0,0.0,unknown
1762152118.9196925,0,0.026000000000000002,0.8,0,0,3,292.58,296.0999999999764,419.9,0.0,0.0,0.0,0.0,unknown
1762152118.929791,0,0.025,0.8,0,0,3,292.58,295.99999999997635,419.9,0.0,0.0,0.0,0.0,unknown
1762152118.9399104,0,0.025,0.8,0,0,3,292.56,295.89999999997633,419.95,0.0,0.0,0.0,0.0,unknown
1762152118.9500375,0,0.025,0.8,0,0,3,292.58,295.7999999999763,419.95,0.0,0.0,0.0,0.0,unknown
1762152118.9601455,0,0.026000000000000002,0.8,1,0,3,292.51,295.6999999999763,420.0,0.0,0.0,0.0,0.0,unknown
1762152118.9702628,0,0.027000000000000003,0.8,1,0,3,292.51,295.59999999997626,420.0,0.0,0.0,0.0,0.0,unknown
1762152118.9803786,0,0.029,0.8,1,1,3,292.51,295.49999999997624,419.95,0.0,0.0,0.0,0.0,unknown
1762152118.9904869,0,0.030000000000000002,0.8,1,0,3,292.56,295.3999999999762,419.9,0.0,0.0,0.0,0.0,unknown
1762152119.000589,0,0.029,0.8,1,0,3,292.67,295.2999999999762,419.85,0.0,0.0,0.0,0.0,unknown
1762152119.0106986,0,0.030000000000000002,0.8,1,0,3,292.78,295.19999999997617,419.75,0.0,0.0,0.0,0.0,unknown
1762152119.0208032,0,0.030000000000000002,0.8,1,0,3,292.89,295.09999999997615,419.70000000000005,0.0,0.0,0.0,0.0,unknown
1762152119.0309079,0,0.031000000000000003,0.8,0,1,3,292.89,294.9999999999761,419.65,0.0,0.0,0.0,0.0,unknown
1762152119.0410311,0,0.035,0.8,2,2,3,292.82,294.8999999999761,419.75,0.0,0.0,0.0,0.0,unknown
1762152119.0511327,0,0.036000000000000004,0.8,1,0,3,292.73,294.7999999999761,419.85,0.0,0.0,0.0,0.0,unknown
1762152119.061232,0,0.035,0.8,0,0,3,292.64,294.69999999997606,419.9,0.0,0.0,0.0,0.0,unknown
1762152119.0713346,0,0.035,0.8,0,1,3,292.57,294.59999999997603,419.9,0.0,0.0,0.0,0.0,unknown
1762152119.0814297,0,0.035,0.8,0,1,3,292.48,294.499999999976,419.95,0.0,0.0,0.0,0.0,unknown
1762152119.0915394,0,0.035,0.8,0,1,3,292.39,294.399999999976,420.0,0.0,0.0,0.0,0.0,unknown
1762152119.1016576,0,0.036000000000000004,0.8,0,1,3,292.32,294.29999999997597,420.1,0.0,0.0,0.0,0.0,unknown
1762152119.1117666,0,0.035,0.8,0,0,3,292.23,294.19999999997594,420.2,0.0,0.0,0.0,0.0,unknown
1762152119.1218824,0,0.034,0.8,0,0,3,292.14,294.0999999999759,420.3,0.0,0.0,0.0,0.0,unknown
1762152119.1319864,0,0.034,0.8,0,0,3,291.98,293.9999999999759,420.35,0.0,0.0,0.0,0.0,unknown
1762152119.142104,0,0.034,0.8,0,0,3,291.91,293.8999999999759,420.5,0.0,0.0,0.0,0.0,unknown
1762152119.152191,0,0.033,0.8,0,0,3,291.82,293.79999999997585,420.65,0.0,0.0,0.0,0.0,unknown
1762152119.1622887,0,0.032,0.8,0,1,3,291.75,293.69999999997583,420.70000000000005,0.0,0.0,0.0,0.0,unknown
1762152119.1723745,0,0.032,0.8,0,0,3,291.72,293.5999999999758,420.7,0.0,0.0,0.0,0.0,unknown
1762152119.1824865,0,0.033,0.8,1,1,3,291.54,293.4999999999758,420.7,0.0,0.0,0.0,0.0,unknown
1762152119.1925929,0,0.034,0.8,1,1,3,291.43,293.39999999997576,420.6,0.0,0.0,0.0,0.0,unknown
1762152119.2027166,0,0.035,0.8,0,1,3,291.32,293.29999999997574,420.5,0.0,0.0,0.0,0.0,unknown
1762152119.2127895,0,0.035,0.8,0,0,3,291.3,293.1999999999757,420.4,0.0,0.0,0.0,0.0,unknown
1762152119.2228725,0,0.035,0.8,0,0,3,291.19,293.0999999999757,420.25,0.0,0.0,0.0,0.0,unknown
1762152119.2329915,0,0.036000000000000004,0.8,1,1,3,291.1,292.99999999997567,420.04999999999995,0.0,0.0,0.0,0.0,unknown
1762152119.2431002,0,0.034,0.8,0,0,3,290.99,292.89999999997565,419.9,0.0,0.0,0.0,0.0,unknown
1762152119.253212,0,0.033,0.8,0,0,3,290.9,292.7999999999756,419.85,0.0,0.0,0.0,0.0,unknown
1762152119.2633247,0,0.034,0.8,0,1,3,290.81,292.6999999999756,419.85,0.0,0.0,0.0,0.0,unknown
1762152119.2734368,0,0.036000000000000004,0.8,1,1,3,290.7,292.5999999999756,419.79999999999995,0.0,0.0,0.0,0.0,unknown
1762152119.2835286,0,0.037000000000000005,0.8,1,0,3,290.54,292.49999999997556,419.79999999999995,0.0,0.0,0.0,0.0,unknown
1762152119.2936332,0,0.038,0.8,0,1,3,290.29,292.39999999997553,419.85,0.0,0.0,0.0,0.0,unknown
1762152119.3038495,0,0.037000000000000005,0.8,1,0,3,289.93,292.2999999999755,419.79999999999995,0.0,0.0,0.0,0.0,unknown
1762152119.3140788,0,0.038,0.8,1,0,3,289.59,292.1999999999755,419.65,0.0,0.0,0.0,0.0,unknown
1762152119.3241851,0,0.038,0.8,0,0,3,289.3,292.09999999997547,419.4,0.0,0.0,0.0,0.0,unknown
1762152119.3343613,0,0.038,0.8,0,1,3,289.03,291.99999999997544,419.15,0.0,0.0,0.0,0.0,unknown
1762152119.344556,0,0.039,0.8,1,0,3,288.76,291.8999999999754,418.9,0.0,0.0,0.0,0.0,unknown
1762152119.354735,0,0.038,0.8,0,0,3,288.42,291.7999999999754,418.75,0.0,0.0,0.0,0.0,unknown
1762152119.3648267,0,0.037000000000000005,0.8,0,0,3,288.24,291.6999999999754,418.6,0.0,0.0,0.0,0.0,unknown
1762152119.3749316,0,0.038,0.8,0,1,3,288.06,291.59999999997535,418.45000000000005,0.0,0.0,0.0,0.0,unknown
1762152119.3850539,0,0.037000000000000005,0.8,0,0,3,287.88,291.49999999997533,418.35,0.0,0.0,0.0,0.0,unknown
1762152119.395158,0,0.036000000000000004,0.8,0,0,3,287.7,291.3999999999753,418.35,0.0,0.0,0.0,0.0,unknown
1762152119.40528,0,0.038,0.8,1,1,3,287.52,291.2999999999753,418.35,0.0,0.0,0.0,0.0,unknown
1762152119.4154043,0,0.038,0.8,0,0,3,287.36,291.19999999997526,418.35,0.0,0.0,0.0,0.0,unknown
1762152119.4255152,0,0.04,0.8,1,1,3,287.18,291.09999999997524,418.35,0.0,0.0,0.0,0.0,unknown
1762152119.4356163,0,0.041,0.8,0,1,3,287,290.9999999999752,418.4,0.0,0.0,0.0,0.0,unknown
1762152119.4457335,0,0.042,0.8,1,0,3,286.93,290.8999999999752,418.5,0.0,0.0,0.0,0.0,unknown
1762152119.4558525,0,0.043000000000000003,0.8,0,1,3,286.93,290.79999999997517,418.6,0.0,0.0,0.0,0.0,unknown
1762152119.465979,0,0.045000000000000005,0.8,1,2,3,286.93,290.69999999997515,418.65,0.0,0.0,0.0,0.0,unknown
1762152119.4761012,0,0.045000000000000005,0.8,0,1,3,286.93,290.5999999999751,418.70000000000005,0.0,0.0,0.0,0.0,unknown
1762152119.4862208,0,0.043000000000000003,0.8,0,0,3,286.93,290.4999999999751,418.85,0.0,0.0,0.0,0.0,unknown
1762152119.4963298,0,0.042,0.8,0,0,3,286.93,290.3999999999751,419.1,0.0,0.0,0.0,0.0,unknown
1762152119.5064507,0,0.041,0.8,0,0,3,286.93,290.29999999997506,419.35,0.0,0.0,0.0,0.0,unknown
1762152119.5165846,0,0.041,0.8,1,0,3,286.93,290.19999999997503,419.6,0.0,0.0,0.0,0.0,unknown
1762152119.526713,0,0.041,0.8,0,1,3,286.93,290.099999999975,419.7,0.0,0.0,0.0,0.0,unknown
1762152119.5368097,0,0.041,0.8,0,1,3,286.82,289.999999999975,419.7,0.0,0.0,0.0,0.0,unknown
1762152119.5469236,0,0.038,0.8,0,1,3,286.73,289.89999999997497,419.75,0.0,0.0,0.0,0.0,unknown
1762152119.5570343,0,0.037000000000000005,0.8,0,0,3,286.62,289.79999999997494,419.85,0.0,0.0,0.0,0.0,unknown
1762152119.5671368,0,0.038,0.8,1,0,3,286.62,289.6999999999749,419.9,0.0,0.0,0.0,0.0,unknown
1762152119.5772378,0,0.038,0.8,0,1,3,286.64,289.5999999999749,419.85,0.0,0.0,0.0,0.0,unknown
1762152119.5873544,0,0.037000000000000005,0.8,0,0,3,286.71,289.4999999999749,419.70000000000005,0.0,0.0,0.0,0.0,unknown
1762152119.5974722,0,0.037000000000000005,0.8,0,1,3,286.78,289.39999999997485,419.55,0.0,0.0,0.0,0.0,unknown
1762152119.6075904,0,0.037000000000000005,0.8,0,1,3,286.67,289.29999999997483,419.5,0.0,0.0,0.0,0.0,unknown
1762152119.6177142,0,0.039,0.8,2,0,3,286.58,289.1999999999748,419.5,0.0,0.0,0.0,0.0,unknown
1762152119.6278315,0,0.04,0.8,1,0,3,286.49,289.0999999999748,419.6,0.0,0.0,0.0,0.0,unknown
1762152119.6379344,0,0.04,0.8,0,0,3,286.49,288.99999999997476,419.7,0.0,0.0,0.0,0.0,unknown
1762152119.64803,0,0.04,0.8,0,0,3,286.2,288.89999999997474,419.7,0.0,0.0,0.0,0.0,unknown
1762152119.658138,0,0.04,0.8,0,0,3,285.86,288.7999999999747,419.65,0.0,0.0,0.0,0.0,unknown
1762152119.6682496,0,0.04,0.8,0,1,3,285.52,288.6999999999747,419.45000000000005,0.0,0.0,0.0,0.0,unknown
1762152119.678338,0,0.041,0.8,1,0,3,285.22,288.59999999997467,419.15,0.0,0.0,0.0,0.0,unknown
1762152119.6884227,0,0.041,0.8,1,1,3,284.93,288.49999999997465,418.79999999999995,0.0,0.0,0.0,0.0,unknown
1762152119.6985269,0,0.041,0.8,1,1,3,284.66,288.3999999999746,418.6,0.0,0.0,0.0,0.0,unknown
1762152119.7086287,0,0.042,0.8,1,1,3,284.48,288.2999999999746,418.45,0.0,0.0,0.0,0.0,unknown
1762152119.7187374,0,0.043000000000000003,0.8,1,0,3,284.48,288.1999999999746,418.4,0.0,0.0,0.0,0.0,unknown
1762152119.7288108,0,0.043000000000000003,0.8,0,0,3,284.48,288.09999999997456,418.45000000000005,0.0,0.0,0.0,0.0,unknown
1762152119.7389176,0,0.042,0.8,1,0,3,284.48,287.99999999997453,418.55,0.0,0.0,0.0,0.0,unknown
1762152119.749018,0,0.043000000000000003,0.8,1,0,3,284.48,287.8999999999745,418.70000000000005,0.0,0.0,0.0,0.0,unknown
1762152119.7591445,0,0.043000000000000003,0.8,0,0,3,284.48,287.7999999999745,418.75,0.0,0.0,0.0,0.0,unknown
1762152119.769235,0,0.043000000000000003,0.8,0,1,3,284.48,287.69999999997447,418.8,0.0,0.0,0.0,0.0,unknown
1762152119.779323,0,0.042,0.8,1,0,3,284.48,287.59999999997444,418.8,0.0,0.0,0.0,0.0,unknown
1762152119.7894177,0,0.041,0.8,0,0,3,284.48,287.4999999999744,418.9,0.0,0.0,0.0,0.0,unknown
1762152119.799528,0,0.041,0.8,0,1,3,284.3,287.3999999999744,419.05,0.0,0.0,0.0,0.0,unknown
1762152119.8096461,0,0.04,0.8,0,0,3,284.12,287.2999999999744,419.15,0.0,0.0,0.0,0.0,unknown
1762152119.819765,0,0.042,0.8,1,2,3,283.91,287.19999999997435,419.25,0.0,0.0,0.0,0.0,unknown
1762152119.8298867,0,0.044000000000000004,0.8,1,1,3,283.73,287.09999999997433,419.25,0.0,0.0,0.0,0.0,unknown
1762152119.8400059,0,0.045000000000000005,0.8,1,1,3,283.55,286.9999999999743,419.25,0.0,0.0,0.0,0.0,unknown
1762152119.8501298,0,0.045000000000000005,0.8,1,0,3,283.37,286.8999999999743,419.15,0.0,0.0,0.0,0.0,unknown
1762152119.8602295,0,0.045000000000000005,0.8,0,0,3,283.19,286.79999999997426,419.0,0.0,0.0,0.0,0.0,unknown
1762152119.870322,0,0.045000000000000005,0.8,0,0,3,283.01,286.69999999997424,418.85,0.0,0.0,0.0,0.0,unknown
1762152119.8804126,0,0.044000000000000004,0.8,0,0,3,282.74,286.5999999999742,418.70000000000005,0.0,0.0,0.0,0.0,unknown
1762152119.8905282,0,0.044000000000000004,0.8,0,0,3,282.45,286.4999999999742,418.45000000000005,0.0,0.0,0.0,0.0,unknown
1762152119.900633,0,0.044000000000000004,0.8,0,0,3,282.16,286.39999999997417,418.25,0.0,0.0,0.0,0.0,unknown
1762152119.910742,0,0.042,0.8,0,0,3,281.87,286.29999999997415,418.0,0.0,0.0,0.0,0.0,unknown
1762152119.9208448,0,0.043000000000000003,0.8,1,0,3,281.6,286.1999999999741,417.65,0.0,0.0,0.0,0.0,unknown
1762152119.9309716,0,0.042,0.8,0,1,3,281.28,286.0999999999741,417.35,0.0,0.0,0.0,0.0,unknown
1762152119.9411106,0,0.041,0.8,0,0,3,280.94,285.9999999999741,417.1,0.0,0.0,0.0,0.0,unknown
1762152119.9512308,0,0.04,0.8,0,0,3,280.67,285.89999999997406,416.8,0.0,0.0,0.0,0.0,unknown
1762152119.9613328,0,0.04,0.8,1,0,3,280.35,285.79999999997403,416.54999999999995,0.0,0.0,0.0,0.0,unknown
1762152119.9714637,0,0.037000000000000005,0.8,0,0,3,280.08,285.699999999974,416.35,0.0,0.0,0.0,0.0,unknown
1762152119.9815814,0,0.038,0.8,2,0,3,279.92,285.599999999974,416.15,0.0,0.0,0.0,0.0,unknown
1762152119.991688,0,0.041,0.8,1,2,3,279.76,285.49999999997397,416.05,0.0,0.0,0.0,0.0,unknown
1762152120.0017762,0,0.043000000000000003,0.8,1,1,3,279.6,285.39999999997394,415.95,0.0,0.0,0.0,0.0,unknown
1762152120.0118997,0,0.043000000000000003,0.8,0,0,3,279.49,285.2999999999739,415.9,0.0,0.0,0.0,0.0,unknown
1762152120.0220127,0,0.042,0.8,0,0,3,279.38,285.1999999999739,415.9,0.0,0.0,0.0,0.0,unknown
1762152120.0321145,0,0.042,0.8,1,0,3,279.27,285.0999999999739,415.8,0.0,0.0,0.0,0.0,unknown
1762152120.042238,0,0.041,0.8,0,0,3,279.27,284.99999999997385,415.75,0.0,0.0,0.0,0.0,unknown
1762152120.0523412,0,0.041,0.8,1,0,3,279.34,284.89999999997383,415.65,0.0,0.0,0.0,0.0,unknown
1762152120.0624428,0,0.041,0.8,0,0,3,279.43,284.7999999999738,415.65,0.0,0.0,0.0,0.0,unknown
1762152120.0725496,0,0.041,0.8,1,0,3,279.52,284.6999999999738,415.70000000000005,0.0,0.0,0.0,0.0,unknown
1762152120.082655,0,0.042,0.8,1,1,3,279.59,284.59999999997376,415.7,0.0,0.0,0.0,0.0,unknown
1762152120.092772,0,0.043000000000000003,0.8,1,0,3,279.68,284.49999999997374,415.65,0.0,0.0,0.0,0.0,unknown
1762152120.1028721,0,0.044000000000000004,0.8,1,1,3,279.86,284.3999999999737,415.65,0.0,0.0,0.0,0.0,unknown
1762152120.1129768,0,0.045000000000000005,0.8,1,1,3,279.93,284.2999999999737,415.6,0.0,0.0,0.0,0.0,unknown
1762152120.1231134,0,0.044000000000000004,0.8,0,1,3,280.02,284.19999999997367,415.55,0.0,0.0,0.0,0.0,unknown
1762152120.1332123,0,0.045000000000000005,0.8,1,1,3,280.11,284.09999999997365,415.55,0.0,0.0,0.0,0.0,unknown
1762152120.143308,0,0.046,0.8,0,1,3,280.2,283.9999999999736,415.65,0.0,0.0,0.0,0.0,unknown
1762152120.1534283,0,0.048,0.8,0,2,3,280.09,283.8999999999736,415.65,0.0,0.0,0.0,0.0,unknown
1762152120.1635284,0,0.048,0.8,0,0,3,280,283.7999999999736,415.54999999999995,0.0,0.0,0.0,0.0,unknown
1762152120.1736326,0,0.048,0.8,1,0,3,279.89,283.69999999997356,415.4,0.0,0.0,0.0,0.0,unknown
1762152120.1837244,0,0.047,0.8,0,0,3,279.74,283.59999999997353,415.15,0.0,0.0,0.0,0.0,unknown
1762152120.1938326,0,0.045000000000000005,0.8,0,0,3,279.63,283.4999999999735,414.9,0.0,0.0,0.0,0.0,unknown
1762152120.2039258,0,0.043000000000000003,0.8,0,0,3,279.45,283.3999999999735,414.7,0.0,0.0,0.0,0.0,unknown
1762152120.214095,0,0.042,0.8,0,1,3,279.27,283.29999999997347,414.55,0.0,0.0,0.0,0.0,unknown
1762152120.224197,0,0.041,0.8,0,0,3,279,283.19999999997344,414.4,0.0,0.0,0.0,0.0,unknown
1762152120.2342887,0,0.041,0.8,0,0,3,278.82,283.0999999999734,414.29999999999995,0.0,0.0,0.0,0.0,unknown
1762152120.2443898,0,0.042,0.8,1,1,3,278.64,282.9999999999734,414.1,0.0,0.0,0.0,0.0,unknown
1762152120.2544916,0,0.043000000000000003,0.8,1,1,3,278.46,282.8999999999734,413.9,0.0,0.0,0.0,0.0,unknown
1762152120.2645986,0,0.044000000000000004,0.8,0,1,3,278.28,282.79999999997335,413.65,0.0,0.0,0.0,0.0,unknown
1762152120.2747173,0,0.043000000000000003,0.8,0,0,3,278.1,282.69999999997333,413.3,0.0,0.0,0.0,0.0,unknown
1762152120.2848527,0,0.042,0.8,0,0,3,277.92,282.5999999999733,412.95000000000005,0.0,0.0,0.0,0.0,unknown
1762152120.2949822,0,0.043000000000000003,0.8,0,1,3,277.74,282.4999999999733,412.6,0.0,0.0,0.0,0.0,unknown
1762152120.3051403,0,0.044000000000000004,0.8,2,0,3,277.63,282.39999999997326,412.25,0.0,0.0,0.0,0.0,unknown
1762152120.3153012,0,0.044000000000000004,0.8,0,0,3,277.6,282.29999999997324,412.0,0.0,0.0,0.0,0.0,unknown
1762152120.3253756,0,0.041,0.8,0,0,3,277.75,282.1999999999732,411.9,0.0,0.0,0.0,0.0,unknown
1762152120.3354514,0,0.04,0.8,1,0,3,277.93,282.0999999999732,411.79999999999995,0.0,0.0,0.0,0.0,unknown
1762152120.3455505,0,0.038,0.8,0,0,3,278.11,281.99999999997317,411.75,0.0,0.0,0.0,0.0,unknown
1762152120.3556528,0,0.037000000000000005,0.8,0,0,3,278.29,281.89999999997315,411.79999999999995,0.0,0.0,0.0,0.0,unknown
1762152120.3657293,0,0.037000000000000005,0.8,0,0,3,278.47,281.7999999999731,411.9,0.0,0.0,0.0,0.0,unknown
1762152120.3758144,0,0.037000000000000005,0.8,0,0,3,278.65,281.6999999999731,412.05,0.0,0.0,0.0,0.0,unknown
1762152120.3859038,0,0.037000000000000005,0.8,0,0,3,278.83,281.5999999999731,412.15,0.0,0.0,0.0,0.0,unknown
1762152120.3960106,0,0.037000000000000005,0.8,0,0,3,279.01,281.49999999997306,412.25,0.0,0.0,0.0,0.0,unknown
1762152120.4061255,0,0.037000000000000005,0.8,0,0,3,279.19,281.39999999997303,412.3,0.0,0.0,0.0,0.0,unknown
1762152120.4162111,0,0.037000000000000005,0.8,0,0,3,279.37,281.299999999973,412.35,0.0,0.0,0.0,0.0,unknown
1762152120.426302,0,0.036000000000000004,0.8,0,0,3,279.53,281.199999999973,412.4,0.0,0.0,0.0,0.0,unknown
1762152120.4364152,0,0.035,0.8,0,0,3,279.71,281.09999999997297,412.5,0.0,0.0,0.0,0.0,unknown
1762152120.4465122,0,0.035,0.8,0,0,3,279.89,280.99999999997294,412.45,0.0,0.0,0.0,0.0,unknown
1762152120.4566257,0,0.036000000000000004,0.8,1,0,3,279.96,280.8999999999729,412.45,0.0,0.0,0.0,0.0,unknown
1762152120.4667332,0,0.036000000000000004,0.8,1,0,3,279.96,280.7999999999729,412.45,0.0,0.0,0.0,0.0,unknown
1762152120.4768462,0,0.037000000000000005,0.8,1,0,3,279.96,280.6999999999729,412.45000000000005,0.0,0.0,0.0,0.0,unknown
1762152120.486947,0,0.035,0.8,0,0,3,279.96,280.59999999997285,412.45,0.0,0.0,0.0,0.0,unknown
1762152120.4970963,0,0.033,0.8,1,0,3,279.78,280.49999999997283,412.35,0.0,0.0,0.0,0.0,unknown
1762152120.5071988,0,0.031000000000000003,0.8,0,0,3,279.6,280.3999999999728,412.20000000000005,0.0,0.0,0.0,0.0,unknown
1762152120.5172846,0,0.033,0.8,1,1,3,279.42,280.2999999999728,411.95,0.0,0.0,0.0,0.0,unknown
1762152120.527402,0,0.034,0.8,0,1,3,279.24,280.19999999997276,411.6,0.0,0.0,0.0,0.0,unknown
1762152120.5375078,0,0.034,0.8,0,1,3,279.06,280.09999999997274,411.3,0.0,0.0,0.0,0.0,unknown
1762152120.5476315,0,0.035,0.8,1,0,3,278.88,279.9999999999727,411.05,0.0,0.0,0.0,0.0,unknown
1762152120.5577319,0,0.035,0.8,0,1,3,278.7,279.8999999999727,410.7,0.0,0.0,0.0,0.0,unknown
1762152120.5678325,0,0.036000000000000004,0.8,0,1,3,278.52,279.79999999997267,410.35,0.0,0.0,0.0,0.0,unknown
1762152120.5779555,0,0.035,0.8,0,0,3,278.25,279.69999999997265,410.1,0.0,0.0,0.0,0.0,unknown
1762152120.5880785,0,0.034,0.8,0,1,3,277.96,279.5999999999726,409.95,0.0,0.0,0.0,0.0,unknown
1762152120.5981784,0,0.034,0.8,0,1,3,277.62,279.4999999999726,409.9,0.0,0.0,0.0,0.0,unknown
1762152120.6082807,0,0.032,0.8,0,0,3,277.3,279.3999999999726,409.8,0.0,0.0,0.0,0.0,unknown
1762152120.6183808,0,0.031000000000000003,0.8,1,0,3,277.12,279.29999999997256,409.55,0.0,0.0,0.0,0.0,unknown
1762152120.628475,0,0.032,0.8,1,1,3,276.96,279.19999999997253,409.25,0.0,0.0,0.0,0.0,unknown
1762152120.6385715,0,0.032,0.8,2,0,3,276.78,279.0999999999725,408.9,0.0,0.0,0.0,0.0,unknown
1762152120.6486695,0,0.032,0.8,1,0,3,276.51,278.9999999999725,408.55,0.0,0.0,0.0,0.0,unknown
1762152120.6587858,0,0.030000000000000002,0.8,0,0,3,276.51,278.89999999997247,408.20000000000005,0.0,0.0,0.0,0.0,unknown
1762152120.6688857,0,0.031000000000000003,0.8,0,1,3,276.69,278.79999999997244,407.95,0.0,0.0,0.0,0.0,unknown
1762152120.6789854,0,0.031000000000000003,0.8,0,1,3,276.87,278.6999999999724,407.9,0.0,0.0,0.0,0.0,unknown
1762152120.68912,0,0.032,0.8,0,1,3,277.01,278.5999999999724,407.95,0.0,0.0,0.0,0.0,unknown
1762152120.6992044,0,0.032,0.8,0,0,3,277.19,278.4999999999724,408.05,0.0,0.0,0.0,0.0,unknown
1762152120.7093,0,0.032,0.8,0,0,3,277.37,278.39999999997235,408.1,0.0,0.0,0.0,0.0,unknown
1762152120.7193987,0,0.031000000000000003,0.8,0,0,3,277.55,278.29999999997233,408.1,0.0,0.0,0.0,0.0,unknown
1762152120.729506,0,0.031000000000000003,0.8,0,0,3,277.55,278.1999999999723,408.0,0.0,0.0,0.0,0.0,unknown
1762152120.7396238,0,0.031000000000000003,0.8,0,0,3,277.55,278.0999999999723,407.85,0.0,0.0,0.0,0.0,unknown
1762152120.7497149,0,0.029,0.8,0,0,3,277.55,277.99999999997226,407.70000000000005,0.0,0.0,0.0,0.0,unknown
1762152120.7598333,0,0.029,0.8,1,1,3,277.55,277.89999999997224,407.6,0.0,0.0,0.0,0.0,unknown
1762152120.7699444,0,0.029,0.8,1,0,3,277.55,277.7999999999722,407.5,0.0,0.0,0.0,0.0,unknown
1762152120.7800457,0,0.029,0.8,0,0,3,277.55,277.6999999999722,407.4,0.0,0.0,0.0,0.0,unknown
1762152120.7901804,0,0.031000000000000003,0.8,1,1,3,277.64,277.59999999997217,407.2,0.0,0.0,0.0,0.0,unknown
1762152120.8002806,0,0.031000000000000003,0.8,0,1,3,277.64,277.49999999997215,406.9,0.0,0.0,0.0,0.0,unknown
1762152120.8104086,0,0.029,0.8,0,0,3,277.82,277.3999999999721,406.6,0.0,0.0,0.0,0.0,unknown
1762152120.8205268,0,0.029,0.8,0,0,3,278,277.2999999999721,406.35,0.0,0.0,0.0,0.0,unknown
1762152120.8306391,0,0.029,0.8,0,0,3,278.21,277.1999999999721,406.25,0.0,0.0,0.0,0.0,unknown
1762152120.8407502,0,0.028,0.8,0,0,3,278.39,277.09999999997206,406.25,0.0,0.0,0.0,0.0,unknown
1762152120.8508682,0,0.029,0.8,1,0,3,278.39,276.99999999997203,406.2,0.0,0.0,0.0,0.0,unknown
1762152120.8609817,0,0.029,0.8,0,0,3,278.39,276.899999999972,406.15,0.0,0.0,0.0,0.0,unknown
1762152120.871138,0,0.030000000000000002,0.8,0,1,3,278.39,276.799999999972,406.2,0.0,0.0,0.0,0.0,unknown
1762152120.8812423,0,0.030000000000000002,0.8,0,0,3,278.39,276.69999999997196,406.25,0.0,0.0,0.0,0.0,unknown
1762152120.8913622,0,0.030000000000000002,0.8,0,0,3,278.39,276.59999999997194,406.35,0.0,0.0,0.0,0.0,unknown
1762152120.9014695,0,0.030000000000000002,0.8,0,0,3,278.39,276.4999999999719,406.3,0.0,0.0,0.0,0.0,unknown
1762152120.9115784,0,0.030000000000000002,0.8,0,0,3,278.36,276.3999999999719,406.15,0.0,0.0,0.0,0.0,unknown
1762152120.9216864,0,0.030000000000000002,0.8,0,0,3,278.36,276.2999999999719,406.0,0.0,0.0,0.0,0.0,unknown
1762152120.931809,0,0.030000000000000002,0.8,0,0,3,278.29,276.19999999997185,405.95,0.0,0.0,0.0,0.0,unknown
1762152120.941906,0,0.030000000000000002,0.8,0,0,3,278.25,276.0999999999718,405.9,0.0,0.0,0.0,0.0,unknown
1762152120.952026,0,0.030000000000000002,0.8,0,0,3,278.22,275.9999999999718,405.75,0.0,0.0,0.0,0.0,unknown
1762152120.962149,0,0.029,0.8,0,0,3,278.22,275.8999999999718,405.6,0.0,0.0,0.0,0.0,unknown
1762152120.9722698,0,0.028,0.8,0,0,3,278.22,275.79999999997176,405.5,0.0,0.0,0.0,0.0,unknown
1762152120.9823866,0,0.027000000000000003,0.8,0,0,3,278.22,275.69999999997174,405.45000000000005,0.0,0.0,0.0,0.0,unknown
1762152120.9924903,0,0.028,0.8,0,1,3,278.04,275.5999999999717,405.4,0.0,0.0,0.0,0.0,unknown
1762152121.0026,0,0.028,0.8,0,1,3,277.83,275.4999999999717,405.25,0.0,0.0,0.0,0.0,unknown
1762152121.0127091,0,0.028,0.8,0,0,3,277.65,275.39999999997167,405.1,0.0,0.0,0.0,0.0,unknown
1762152121.022841,0,0.026000000000000002,0.8,0,0,3,277.44,275.29999999997165,405.0,0.0,0.0,0.0,0.0,unknown
1762152121.033022,0,0.026000000000000002,0.8,1,0,3,277.26,275.1999999999716,404.9,0.0,0.0,0.0,0.0,unknown
1762152121.0432134,0,0.026000000000000002,0.8,1,0,3,277.08,275.0999999999716,404.8,0.0,0.0,0.0,0.0,unknown
1762152121.0533922,0,0.026000000000000002,0.8,1,0,3,276.9,274.9999999999716,404.75,0.0,0.0,0.0,0.0,unknown
1762152121.0635056,0,0.025,0.8,0,0,3,276.72,274.89999999997156,404.70000000000005,0.0,0.0,0.0,0.0,unknown
1762152121.0736215,0,0.024,0.8,0,0,3,276.54,274.79999999997153,404.6,0.0,0.0,0.0,0.0,unknown
1762152121.0837307,0,0.024,0.8,0,0,3,276.33,274.6999999999715,404.45000000000005,0.0,0.0,0.0,0.0,unknown
1762152121.093833,0,0.023,0.8,0,0,3,276.15,274.5999999999715,404.4,0.0,0.0,0.0,0.0,unknown
1762152121.103936,0,0.023,0.8,0,1,3,275.97,274.49999999997146,404.4,0.0,0.0,0.0,0.0,unknown
1762152121.1140525,0,0.023,0.8,0,0,3,275.7,274.39999999997144,404.4,0.0,0.0,0.0,0.0,unknown
1762152121.1241655,0,0.022000000000000002,0.8,0,0,3,275.52,274.2999999999714,404.35,0.0,0.0,0.0,0.0,unknown
1762152121.1342635,0,0.02,0.8,0,0,3,275.34,274.1999999999714,404.35,0.0,0.0,0.0,0.0,unknown
1762152121.1443825,0,0.018000000000000002,0.8,0,0,3,275.16,274.0999999999714,404.4,0.0,0.0,0.0,0.0,unknown
1762152121.1544864,0,0.018000000000000002,0.8,1,0,3,275,273.99999999997135,404.45,0.0,0.0,0.0,0.0,unknown
1762152121.1645896,0,0.019,0.8,0,1,3,275,273.8999999999713,404.54999999999995,0.0,0.0,0.0,0.0,unknown
1762152121.1747153,0,0.019,0.8,1,0,3,275.11,273.7999999999713,404.6,0.0,0.0,0.0,0.0,unknown
1762152121.184816,0,0.018000000000000002,0.8,0,0,3,275.11,273.6999999999713,404.65,0.0,0.0,0.0,0.0,unknown
1762152121.1949244,0,0.017,0.8,0,0,3,275.11,273.59999999997126,404.8,0.0,0.0,0.0,0.0,unknown
1762152121.2050622,0,0.018000000000000002,0.8,0,1,3,275.11,273.49999999997124,404.9,0.0,0.0,0.0,0.0,unknown
1762152121.215164,0,0.018000000000000002,0.8,0,0,3,275.11,273.3999999999712,404.95,0.0,0.0,0.0,0.0,unknown
1762152121.2252672,0,0.018000000000000002,0.8,0,0,3,275.11,273.2999999999712,405.0,0.0,0.0,0.0,0.0,unknown
1762152121.2353654,0,0.018000000000000002,0.8,0,0,3,275.11,273.19999999997117,405.05,0.0,0.0,0.0,0.0,unknown
1762152121.2454493,0,0.018000000000000002,0.8,0,0,3,275.11,273.09999999997115,405.1,0.0,0.0,0.0,0.0,unknown
1762152121.255553,0,0.018000000000000002,0.8,0,0,3,275.11,272.9999999999711,405.1,0.0,0.0,0.0,0.0,unknown
1762152121.265663,0,0.016,0.8,0,0,3,275.2,272.8999999999711,405.05,0.0,0.0,0.0,0.0,unknown
1762152121.2757654,0,0.015000000000000001,0.8,0,0,3,275.17,272.7999999999711,405.0,0.0,0.0,0.0,0.0,unknown
1762152121.2858698,0,0.015000000000000001,0.8,0,0,3,275.17,272.69999999997106,405.0,0.0,0.0,0.0,0.0,unknown
1762152121.2959893,0,0.013000000000000001,0.8,0,0,3,275.17,272.59999999997103,405.15,0.0,0.0,0.0,0.0,unknown
1762152121.3061152,0,0.012,0.8,0,0,3,275.17,272.499999999971,405.3,0.0,0.0,0.0,0.0,unknown
1762152121.316244,0,0.012,0.8,0,0,3,275.17,272.399999999971,405.45,0.0,0.0,0.0,0.0,unknown
1762152121.3263552,0,0.012,0.8,0,0,3,275.2,272.29999999997096,405.54999999999995,0.0,0.0,0.0,0.0,unknown
1762152121.3364704,0,0.012,0.8,0,0,3,275.05,272.19999999997094,405.55,0.0,0.0,0.0,0.0,unknown
1762152121.346565,0,0.012,0.8,0,0,3,274.87,272.0999999999709,405.6,0.0,0.0,0.0,0.0,unknown
1762152121.35668,0,0.011000000000000001,0.8,0,0,3,274.69,271.9999999999709,405.55,0.0,0.0,0.0,0.0,unknown
1762152121.366812,0,0.012,0.8,1,0,3,274.51,271.8999999999709,405.45000000000005,0.0,0.0,0.0,0.0,unknown
1762152121.3769155,0,0.011000000000000001,0.8,0,0,3,274.33,271.79999999997085,405.35,0.0,0.0,0.0,0.0,unknown
1762152121.3870795,0,0.011000000000000001,0.8,0,0,3,274.12,271.6999999999708,405.2,0.0,0.0,0.0,0.0,unknown
1762152121.397198,0,0.011000000000000001,0.8,0,0,3,273.94,271.5999999999708,405.1,0.0,0.0,0.0,0.0,unknown
1762152121.407306,0,0.011000000000000001,0.8,0,0,3,273.76,271.4999999999708,405.0,0.0,0.0,0.0,0.0,unknown
1762152121.417415,0,0.011000000000000001,0.8,0,0,3,273.58,271.39999999997076,404.85,0.0,0.0,0.0,0.0,unknown
1762152121.427523,0,0.011000000000000001,0.8,0,0,3,273.4,271.29999999997074,404.70000000000005,0.0,0.0,0.0,0.0,unknown
1762152121.4376485,0,0.011000000000000001,0.8,0,0,3,273.22,271.1999999999707,404.55,0.0,0.0,0.0,0.0,unknown
1762152121.4477706,0,0.011000000000000001,0.8,0,0,3,273.04,271.0999999999707,404.55,0.0,0.0,0.0,0.0,unknown
1762152121.4578927,0,0.011000000000000001,0.8,0,0,3,272.86,270.99999999997067,404.65,0.0,0.0,0.0,0.0,unknown
1762152121.4680016,0,0.012,0.8,1,0,3,272.68,270.89999999997065,404.70000000000005,0.0,0.0,0.0,0.0,unknown
1762152121.4781103,0,0.013000000000000001,0.8,1,0,3,272.5,270.7999999999706,404.7,0.0,0.0,0.0,0.0,unknown
1762152121.4882135,0,0.013000000000000001,0.8,0,0,3,272.32,270.6999999999706,404.70000000000005,0.0,0.0,0.0,0.0,unknown
1762152121.4983268,0,0.012,0.8,0,0,3,272.14,270.5999999999706,404.65,0.0,0.0,0.0,0.0,unknown
1762152121.5084171,0,0.011000000000000001,0.8,0,0,3,272.14,270.49999999997056,404.6,0.0,0.0,0.0,0.0,unknown
1762152121.518506,0,0.011000000000000001,0.8,0,0,3,272.14,270.39999999997053,404.65,0.0,0.0,0.0,0.0,unknown
1762152121.5285952,0,0.013000000000000001,0.8,0,2,3,272.14,270.2999999999705,404.75,0.0,0.0,0.0,0.0,unknown
1762152121.5386984,0,0.013000000000000001,0.8,0,1,3,272.14,270.1999999999705,404.95,0.0,0.0,0.0,0.0,unknown
1762152121.5488012,0,0.012,0.8,0,0,3,272.14,270.09999999997046,405.2,0.0,0.0,0.0,0.0,unknown
1762152121.558906,0,0.011000000000000001,0.8,0,0,3,272.25,269.99999999997044,405.45,0.0,0.0,0.0,0.0,unknown
1762152121.5690246,0,0.011000000000000001,0.8,0,0,3,272.22,269.8999999999704,405.75,0.0,0.0,0.0,0.0,unknown
1762152121.579145,0,0.011000000000000001,0.8,0,0,3,272.22,269.7999999999704,405.95,0.0,0.0,0.0,0.0,unknown
1762152121.589272,0,0.011000000000000001,0.8,0,0,3,272.22,269.6999999999704,406.04999999999995,0.0,0.0,0.0,0.0,unknown
1762152121.5993752,0,0.011000000000000001,0.8,0,0,3,272.22,269.59999999997035,406.1,0.0,0.0,0.0,0.0,unknown
1762152121.6094866,0,0.01,0.8,0,0,3,272.22,269.4999999999703,406.20000000000005,0.0,0.0,0.0,0.0,unknown
1762152121.619594,0,0.01,0.8,0,0,3,272.2,269.3999999999703,406.29999999999995,0.0,0.0,0.0,0.0,unknown
1762152121.6296878,0,0.01,0.8,0,0,3,272.17,269.2999999999703,406.45000000000005,0.0,0.0,0.0,0.0,unknown
1762152121.6397996,0,0.01,0.8,0,0,3,272.15,269.19999999997026,406.6,0.0,0.0,0.0,0.0,unknown
1762152121.6498883,0,0.011000000000000001,0.8,1,0,3,272.15,269.09999999997024,406.75,0.0,0.0,0.0,0.0,unknown
1762152121.659997,0,0.011000000000000001,0.8,1,0,3,272.15,268.9999999999702,406.9,0.0,0.0,0.0,0.0,unknown
1762152121.6701083,0,0.01,0.8,0,0,3,272.15,268.8999999999702,407.1,0.0,0.0,0.0,0.0,unknown
1762152121.6802263,0,0.009000000000000001,0.8,0,0,3,271.97,268.79999999997017,407.2,0.0,0.0,0.0,0.0,unknown
1762152121.6903265,0,0.01,0.8,1,0,3,271.79,268.69999999997015,407.25,0.0,0.0,0.0,0.0,unknown
1762152121.7004266,0,0.011000000000000001,0.8,1,0,3,271.61,268.5999999999701,407.3,0.0,0.0,0.0,0.0,unknown
1762152121.710512,0,0.011000000000000001,0.8,1,0,3,271.43,268.4999999999701,407.3,0.0,0.0,0.0,0.0,unknown
1762152121.720635,0,0.013000000000000001,0.8,1,1,3,271.25,268.3999999999701,407.20000000000005,0.0,0.0,0.0,0.0,unknown
1762152121.730767,0,0.013000000000000001,0.8,0,0,3,271.07,268.29999999997005,407.1,0.0,0.0,0.0,0.0,unknown
1762152121.74087,0,0.013000000000000001,0.8,0,0,3,270.89,268.19999999997003,407.1,0.0,0.0,0.0,0.0,unknown
1762152121.750963,0,0.014,0.8,1,0,3,270.71,268.09999999997,407.15,0.0,0.0,0.0,0.0,unknown
1762152121.7611156,0,0.014,0.8,0,0,3,270.46,267.99999999997,407.2,0.0,0.0,0.0,0.0,unknown
1762152121.7712178,0,0.014,0.8,0,0,3,270.14,267.89999999996996,407.2,0.0,0.0,0.0,0.0,unknown
1762152121.7813163,0,0.015000000000000001,0.8,0,1,3,269.93,267.79999999996994,407.25,0.0,0.0,0.0,0.0,unknown
1762152121.7914224,0,0.016,0.8,0,1,3,269.54,267.6999999999699,407.25,0.0,0.0,0.0,0.0,unknown
1762152121.8015447,0,0.016,0.8,0,0,3,269.06,267.5999999999699,407.35,0.0,0.0,0.0,0.0,unknown
1762152121.8116543,0,0.016,0.8,0,0,3,268.67,267.4999999999699,407.45000000000005,0.0,0.0,0.0,0.0,unknown
1762152121.8217578,0,0.017,0.8,0,1,3,268.32,267.39999999996985,407.5,0.0,0.0,0.0,0.0,unknown
1762152121.8318648,0,0.017,0.8,0,0,3,267.93,267.2999999999698,407.5,0.0,0.0,0.0,0.0,unknown
1762152121.8420148,0,0.019,0.8,0,2,3,267.54,267.1999999999698,407.35,0.0,0.0,0.0,0.0,unknown
1762152121.8521364,0,0.021,0.8,1,1,3,267.15,267.0999999999698,407.20000000000005,0.0,0.0,0.0,0.0,unknown
1762152121.8622375,0,0.022000000000000002,0.8,0,1,3,267.05,266.99999999996976,407.1,0.0,0.0,0.0,0.0,unknown
1762152121.8723438,0,0.021,0.8,0,0,3,266.95,266.89999999996974,407.1,0.0,0.0,0.0,0.0,unknown
1762152121.8824477,0,0.021,0.8,0,0,3,266.85,266.7999999999697,407.15,0.0,0.0,0.0,0.0,unknown
1762152121.8925526,0,0.021,0.8,0,0,3,266.75,266.6999999999697,407.25,0.0,0.0,0.0,0.0,unknown
1762152121.9026804,0,0.021,0.8,0,0,3,266.65,266.59999999996967,407.15,0.0,0.0,0.0,0.0,unknown
1762152121.9127753,0,0.021,0.8,0,0,3,266.55,266.49999999996965,407.15,0.0,0.0,0.0,0.0,unknown
1762152121.922894,0,0.021,0.8,0,0,3,266.48,266.3999999999696,407.2,0.0,0.0,0.0,0.0,unknown
1762152121.933007,0,0.022000000000000002,0.8,0,1,3,266.36,266.2999999999696,407.3,0.0,0.0,0.0,0.0,unknown
1762152121.9431171,0,0.023,0.8,1,0,3,266.22,266.1999999999696,407.4,0.0,0.0,0.0,0.0,unknown
1762152121.9532006,0,0.023,0.8,0,0,3,266.08,266.09999999996955,407.45000000000005,0.0,0.0,0.0,0.0,unknown
1762152121.9633045,0,0.023,0.8,0,0,3,265.97,265.99999999996953,407.5,0.0,0.0,0.0,0.0,unknown
1762152121.9734213,0,0.022000000000000002,0.8,0,0,3,265.76,265.8999999999695,407.55,0.0,0.0,0.0,0.0,unknown
1762152121.9835377,0,0.021,0.8,0,0,3,265.53,265.7999999999695,407.45000000000005,0.0,0.0,0.0,0.0,unknown
1762152121.9936392,0,0.021,0.8,0,0,3,265.32,265.69999999996946,407.20000000000005,0.0,0.0,0.0,0.0,unknown
1762152122.003738,0,0.022000000000000002,0.8,1,0,3,265.11,265.59999999996944,406.95,0.0,0.0,0.0,0.0,unknown
1762152122.013845,0,0.022000000000000002,0.8,0,0,3,264.93,265.4999999999694,406.8,0.0,0.0,0.0,0.0,unknown
1762152122.0239425,0,0.022000000000000002,0.8,0,0,3,264.72,265.3999999999694,406.65,0.0,0.0,0.0,0.0,unknown
1762152122.034036,0,0.02,0.8,0,0,3,264.52,265.2999999999694,406.4,0.0,0.0,0.0,0.0,unknown
1762152122.0441556,0,0.019,0.8,0,0,3,264.24,265.19999999996935,406.15,0.0,0.0,0.0,0.0,unknown
1762152122.0542934,0,0.02,0.8,0,1,3,263.89,265.0999999999693,406.0,0.0,0.0,0.0,0.0,unknown
1762152122.0644135,0,0.021,0.8,0,1,3,263.63,264.9999999999693,405.9,0.0,0.0,0.0,0.0,unknown
1762152122.0745237,0,0.022000000000000002,0.8,0,1,3,263.35,264.8999999999693,405.79999999999995,0.0,0.0,0.0,0.0,unknown
1762152122.0846155,0,0.022000000000000002,0.8,0,0,3,263.09,264.79999999996926,405.70000000000005,0.0,0.0,0.0,0.0,unknown
1762152122.0947258,0,0.022000000000000002,0.8,0,0,3,262.91,264.69999999996924,405.54999999999995,0.0,0.0,0.0,0.0,unknown
1762152122.1048234,0,0.023,0.8,1,0,3,262.7,264.5999999999692,405.4,0.0,0.0,0.0,0.0,unknown
1762152122.1149402,0,0.024,0.8,0,1,3,262.7,264.4999999999692,405.35,0.0,0.0,0.0,0.0,unknown
1762152122.1250515,0,0.026000000000000002,0.8,1,1,3,262.7,264.39999999996917,405.25,0.0,0.0,0.0,0.0,unknown
1762152122.1351807,0,0.026000000000000002,0.8,0,0,3,262.7,264.29999999996915,405.25,0.0,0.0,0.0,0.0,unknown
1762152122.1452937,0,0.027000000000000003,0.8,0,1,3,262.7,264.1999999999691,405.20000000000005,0.0,0.0,0.0,0.0,unknown
1762152122.1554074,0,0.026000000000000002,0.8,0,0,3,262.7,264.0999999999691,405.1,0.0,0.0,0.0,0.0,unknown
1762152122.1655066,0,0.025,0.8,0,0,3,262.68,263.9999999999691,405.0,0.0,0.0,0.0,0.0,unknown
1762152122.1756103,0,0.025,0.8,0,0,3,262.68,263.89999999996905,404.95,0.0,0.0,0.0,0.0,unknown
1762152122.185731,0,0.025,0.8,0,0,3,262.57,263.79999999996903,405.0,0.0,0.0,0.0,0.0,unknown
1762152122.1958454,0,0.024,0.8,0,0,3,262.57,263.699999999969,405.05,0.0,0.0,0.0,0.0,unknown
1762152122.2059648,0,0.023,0.8,0,0,3,262.57,263.599999999969,405.05,0.0,0.0,0.0,0.0,unknown
1762152122.2161086,0,0.022000000000000002,0.8,0,0,3,262.57,263.49999999996896,405.1,0.0,0.0,0.0,0.0,unknown
1762152122.226212,0,0.02,0.8,0,0,3,262.57,263.39999999996894,405.2,0.0,0.0,0.0,0.0,unknown
1762152122.2363188,0,0.022000000000000002,0.8,2,0,3,262.59,263.2999999999689,405.2,0.0,0.0,0.0,0.0,unknown
1762152122.246389,0,0.022000000000000002,0.8,0,0,3,262.59,263.1999999999689,405.20000000000005,0.0,0.0,0.0,0.0,unknown
1762152122.2565005,0,0.021,0.8,0,0,3,262.59,263.0999999999689,405.15,0.0,0.0,0.0,0.0,unknown
1762152122.266575,0,0.021,0.8,0,0,3,262.59,262.99999999996885,405.15,0.0,0.0,0.0,0.0,unknown
1762152122.2766633,0,0.021,0.8,0,0,3,262.38,262.8999999999688,405.15,0.0,0.0,0.0,0.0,unknown
1762152122.2867498,0,0.02,0.8,0,0,3,262.22,262.7999999999688,405.15,0.0,0.0,0.0,0.0,unknown
1762152122.2968574,0,0.019,0.8,0,0,3,262.01,262.6999999999688,405.15,0.0,0.0,0.0,0.0,unknown
1762152122.306971,0,0.019,0.8,0,0,3,261.8,262.59999999996876,405.04999999999995,0.0,0.0,0.0,0.0,unknown
1762152122.3171244,0,0.02,0.8,0,1,3,261.59,262.49999999996874,404.9,0.0,0.0,0.0,0.0,unknown
1762152122.3272324,0,0.02,0.8,0,1,3,261.33,262.3999999999687,404.75,0.0,0.0,0.0,0.0,unknown
1762152122.3373277,0,0.021,0.8,0,1,3,261.12,262.2999999999687,404.6,0.0,0.0,0.0,0.0,unknown
1762152122.3474264,0,0.019,0.8,0,0,3,260.86,262.19999999996867,404.4,0.0,0.0,0.0,0.0,unknown
1762152122.3575404,0,0.017,0.8,0,0,3,260.65,262.09999999996865,404.2,0.0,0.0,0.0,0.0,unknown
1762152122.367632,0,0.016,0.8,0,0,3,260.42,261.9999999999686,404.1,0.0,0.0,0.0,0.0,unknown
1762152122.3777444,0,0.017,0.8,0,1,3,260.23,261.8999999999686,404.0,0.0,0.0,0.0,0.0,unknown
1762152122.3878348,0,0.017,0.8,0,0,3,260.02,261.7999999999686,403.9,0.0,0.0,0.0,0.0,unknown
1762152122.3979616,0,0.017,0.8,0,0,3,259.7,261.69999999996855,403.85,0.0,0.0,0.0,0.0,unknown
1762152122.4081001,0,0.018000000000000002,0.8,1,0,3,259.42,261.59999999996853,403.79999999999995,0.0,0.0,0.0,0.0,unknown
1762152122.4182148,0,0.018000000000000002,0.8,0,0,3,259.14,261.4999999999685,403.7,0.0,0.0,0.0,0.0,unknown
1762152122.4283113,0,0.019,0.8,0,1,3,258.86,261.3999999999685,403.65,0.0,0.0,0.0,0.0,unknown
1762152122.4384253,0,0.019,0.8,0,1,3,258.67,261.29999999996846,403.6,0.0,0.0,0.0,0.0,unknown
1762152122.4485211,0,0.019,0.8,0,1,3,258.46,261.19999999996844,403.54999999999995,0.0,0.0,0.0,0.0,unknown
1762152122.458641,0,0.019,0.8,0,0,3,258.43,261.0999999999684,403.4,0.0,0.0,0.0,0.0,unknown
1762152122.4687457,0,0.019,0.8,0,0,3,258.43,260.9999999999684,403.29999999999995,0.0,0.0,0.0,0.0,unknown
1762152122.478848,0,0.019,0.8,0,0,3,258.43,260.8999999999684,403.2,0.0,0.0,0.0,0.0,unknown
1762152122.4889357,0,0.019,0.8,0,0,3,258.43,260.79999999996835,403.2,0.0,0.0,0.0,0.0,unknown
1762152122.4990683,0,0.02,0.8,1,0,3,258.43,260.6999999999683,403.1,0.0,0.0,0.0,0.0,unknown
1762152122.5091712,0,0.02,0.8,1,0,3,258.43,260.5999999999683,403.05,0.0,0.0,0.0,0.0,unknown
1762152122.5192838,0,0.02,0.8,0,0,3,258.43,260.4999999999683,403.1,0.0,0.0,0.0,0.0,unknown
1762152122.5294101,0,0.02,0.8,0,0,3,258.43,260.39999999996826,403.1,0.0,0.0,0.0,0.0,unknown
1762152122.5395112,0,0.02,0.8,0,0,3,258.43,260.29999999996824,403.1,0.0,0.0,0.0,0.0,unknown
1762152122.549613,0,0.02,0.8,0,0,3,258.43,260.1999999999682,403.04999999999995,0.0,0.0,0.0,0.0,unknown
1762152122.5597205,0,0.02,0.8,1,0,3,258.43,260.0999999999682,402.9,0.0,0.0,0.0,0.0,unknown
1762152122.5698395,0,0.019,0.8,0,0,3,258.29,259.99999999996817,402.75,0.0,0.0,0.0,0.0,unknown
1762152122.579936,0,0.018000000000000002,0.8,0,0,3,258.32,259.89999999996814,402.6,0.0,0.0,0.0,0.0,unknown
1762152122.5900548,0,0.018000000000000002,0.8,0,0,3,258.36,259.7999999999681,402.55,0.0,0.0,0.0,0.0,unknown
1762152122.6001718,0,0.018000000000000002,0.8,0,0,3,258.36,259.6999999999681,402.55,0.0,0.0,0.0,0.0,unknown
1762152122.6102943,0,0.017,0.8,0,0,3,258.29,259.5999999999681,402.54999999999995,0.0,0.0,0.0,0.0,unknown
1762152122.6203973,0,0.016,0.8,0,0,3,258.19,259.49999999996805,402.5,0.0,0.0,0.0,0.0,unknown
1762152122.6305146,0,0.015000000000000001,0.8,1,0,3,258.09,259.39999999996803,402.45,0.0,0.0,0.0,0.0,unknown
1762152122.6406343,0,0.016,0.8,1,0,3,257.79,259.299999999968,402.35,0.0,0.0,0.0,0.0,unknown
1762152122.6507256,0,0.016,0.8,1,0,3,257.44,259.199999999968,402.20000000000005,0.0,0.0,0.0,0.0,unknown
1762152122.6608407,0,0.017,0.8,1,0,3,257.09,259.09999999996796,402.04999999999995,0.0,0.0,0.0,0.0,unknown
1762152122.6709495,0,0.018000000000000002,0.8,1,0,3,256.79,258.99999999996794,401.85,0.0,0.0,0.0,0.0,unknown
1762152122.6810486,0,0.018000000000000002,0.8,0,0,3,256.44,258.8999999999679,401.6,0.0,0.0,0.0,0.0,unknown
1762152122.6911764,0,0.018000000000000002,0.8,0,0,3,256.11,258.7999999999679,401.4,0.0,0.0,0.0,0.0,unknown
1762152122.7012951,0,0.018000000000000002,0.8,0,0,3,255.78,258.6999999999679,401.15,0.0,0.0,0.0,0.0,unknown
1762152122.7114143,0,0.018000000000000002,0.8,0,0,3,255.43,258.59999999996785,400.9,0.0,0.0,0.0,0.0,unknown
1762152122.721548,0,0.018000000000000002,0.8,0,0,3,255.08,258.4999999999678,400.6,0.0,0.0,0.0,0.0,unknown
1762152122.731653,0,0.019,0.8,1,0,3,254.75,258.3999999999678,400.4,0.0,0.0,0.0,0.0,unknown
1762152122.741758,0,0.018000000000000002,0.8,1,0,3,254.42,258.2999999999678,400.20000000000005,0.0,0.0,0.0,0.0,unknown
1762152122.7518313,0,0.02,0.8,1,1,3,254.09,258.19999999996776,399.95000000000005,0.0,0.0,0.0,0.0,unknown
1762152122.7619274,0,0.022000000000000002,0.8,1,1,3,253.81,258.09999999996774,399.65,0.0,0.0,0.0,0.0,unknown
1762152122.7720118,0,0.022000000000000002,0.8,0,0,3,253.6,257.9999999999677,399.35,0.0,0.0,0.0,0.0,unknown
1762152122.7821343,0,0.023,0.8,0,1,3,253.46,257.8999999999677,399.1,0.0,0.0,0.0,0.0,unknown
1762152122.7922323,0,0.023,0.8,0,0,3,253.28,257.79999999996767,398.85,0.0,0.0,0.0,0.0,unknown
1762152122.8023388,0,0.023,0.8,0,0,3,253.28,257.69999999996764,398.6,0.0,0.0,0.0,0.0,unknown
1762152122.812456,0,0.023,0.8,0,0,3,253.46,257.5999999999676,398.4,0.0,0.0,0.0,0.0,unknown
1762152122.8225756,0,0.022000000000000002,0.8,0,0,3,253.64,257.4999999999676,398.35,0.0,0.0,0.0,0.0,unknown
1762152122.8326726,0,0.021,0.8,0,0,3,253.78,257.3999999999676,398.35,0.0,0.0,0.0,0.0,unknown
1762152122.8427744,0,0.02,0.8,0,0,3,253.99,257.29999999996755,398.45,0.0,0.0,0.0,0.0,unknown
1762152122.8528943,0,0.02,0.8,0,0,3,254.2,257.19999999996753,398.65,0.0,0.0,0.0,0.0,unknown
1762152122.8630118,0,0.02,0.8,0,0,3,254.41,257.0999999999675,398.85,0.0,0.0,0.0,0.0,unknown
1762152122.8731117,0,0.02,0.8,0,0,3,254.51,256.9999999999675,398.95,0.0,0.0,0.0,0.0,unknown
1762152122.8832166,0,0.02,0.8,1,0,3,254.58,256.89999999996746,399.0,0.0,0.0,0.0,0.0,unknown
1762152122.8933175,0,0.021,0.8,1,0,3,254.68,256.79999999996744,399.0,0.0,0.0,0.0,0.0,unknown
1762152122.9034383,0,0.022000000000000002,0.8,0,1,3,254.78,256.6999999999674,399.0,0.0,0.0,0.0,0.0,unknown
1762152122.913541,0,0.023,0.8,1,1,3,254.88,256.5999999999674,399.15,0.0,0.0,0.0,0.0,unknown
1762152122.923649,0,0.023,0.8,0,0,3,254.98,256.4999999999674,399.25,0.0,0.0,0.0,0.0,unknown
1762152122.9337516,0,0.023,0.8,0,1,3,255.08,256.39999999996735,399.35,0.0,0.0,0.0,0.0,unknown
1762152122.9438527,0,0.022000000000000002,0.8,0,0,3,255.22,256.2999999999673,399.35,0.0,0.0,0.0,0.0,unknown
1762152122.9539754,0,0.021,0.8,0,0,3,255.43,256.1999999999673,399.4,0.0,0.0,0.0,0.0,unknown
1762152122.964103,0,0.021,0.8,0,0,3,255.64,256.0999999999673,399.5,0.0,0.0,0.0,0.0,unknown
1762152122.9742205,0,0.022000000000000002,0.8,1,0,3,255.68,255.9999999999673,399.65,0.0,0.0,0.0,0.0,unknown
1762152122.9843233,0,0.023,0.8,0,1,3,255.63,255.8999999999673,399.79999999999995,0.0,0.0,0.0,0.0,unknown
1762152122.9944255,0,0.023,0.8,0,0,3,255.47,255.7999999999673,400.0,0.0,0.0,0.0,0.0,unknown
1762152123.0045493,0,0.022000000000000002,0.8,0,0,3,255.24,255.6999999999673,400.15,0.0,0.0,0.0,0.0,unknown
1762152123.014653,0,0.022000000000000002,0.8,0,1,3,255.03,255.5999999999673,400.20000000000005,0.0,0.0,0.0,0.0,unknown
1762152123.0247533,0,0.022000000000000002,0.8,0,0,3,254.8,255.49999999996732,400.2,0.0,0.0,0.0,0.0,unknown
1762152123.0348651,0,0.022000000000000002,0.8,0,0,3,254.57,255.39999999996732,400.15,0.0,0.0,0.0,0.0,unknown
1762152123.044977,0,0.022000000000000002,0.8,0,0,3,254.36,255.29999999996733,400.2,0.0,0.0,0.0,0.0,unknown
1762152123.0551014,0,0.023,0.8,0,1,3,254.2,255.19999999996733,400.29999999999995,0.0,0.0,0.0,0.0,unknown
1762152123.065193,0,0.023,0.8,0,1,3,254.11,255.09999999996734,400.4,0.0,0.0,0.0,0.0,unknown
1762152123.0753098,0,0.023,0.8,0,0,3,253.93,254.99999999996734,400.35,0.0,0.0,0.0,0.0,unknown
1762152123.0854125,0,0.023,0.8,0,0,3,253.77,254.89999999996735,400.25,0.0,0.0,0.0,0.0,unknown
1762152123.0956943,0,0.023,0.8,0,0,3,253.59,254.79999999996735,400.15,0.0,0.0,0.0,0.0,unknown
1762152123.1058016,0,0.023,0.8,0,0,3,253.36,254.69999999996736,400.15,0.0,0.0,0.0,0.0,unknown
1762152123.1159074,0,0.023,0.8,0,0,3,253.2,254.59999999996737,400.1,0.0,0.0,0.0,0.0,unknown
1762152123.1259937,0,0.023,0.8,0,0,3,252.85,254.49999999996737,399.95000000000005,0.0,0.0,0.0,0.0,unknown
1762152123.136101,0,0.023,0.8,1,0,3,252.52,254.39999999996738,399.8,0.0,0.0,0.0,0.0,unknown
1762152123.146211,0,0.022000000000000002,0.8,0,0,3,252.19,254.29999999996738,399.6,0.0,0.0,0.0,0.0,unknown
1762152123.1563177,0,0.021,0.8,0,0,3,251.86,254.1999999999674,399.45,0.0,0.0,0.0,0.0,unknown
1762152123.1664402,0,0.02,0.8,0,0,3,251.65,254.0999999999674,399.35,0.0,0.0,0.0,0.0,unknown
1762152123.1765337,0,0.02,0.8,1,0,3,251.44,253.9999999999674,399.2,0.0,0.0,0.0,0.0,unknown
1762152123.186658,0,0.022000000000000002,0.8,1,1,3,251.18,253.8999999999674,399.0,0.0,0.0,0.0,0.0,unknown
1762152123.1967723,0,0.023,0.8,1,0,3,250.97,253.7999999999674,398.75,0.0,0.0,0.0,0.0,unknown
1762152123.2068868,0,0.023,0.8,0,0,3,250.76,253.69999999996742,398.55,0.0,0.0,0.0,0.0,unknown
1762152123.217002,0,0.024,0.8,0,1,3,250.55,253.59999999996742,398.4,0.0,0.0,0.0,0.0,unknown
1762152123.227124,0,0.024,0.8,0,0,3,250.34,253.49999999996743,398.2,0.0,0.0,0.0,0.0,unknown
1762152123.237254,0,0.023,0.8,0,0,3,250.13,253.39999999996743,397.95000000000005,0.0,0.0,0.0,0.0,unknown
1762152123.2473466,0,0.022000000000000002,0.8,0,0,3,249.9,253.29999999996744,397.85,0.0,0.0,0.0,0.0,unknown
1762152123.2574158,0,0.02,0.8,0,0,3,249.69,253.19999999996745,397.75,0.0,0.0,0.0,0.0,unknown
1762152123.2675118,0,0.018000000000000002,0.8,0,0,3,249.48,253.09999999996745,397.7,0.0,0.0,0.0,0.0,unknown
1762152123.2776556,0,0.018000000000000002,0.8,0,0,3,249.27,252.99999999996746,397.75,0.0,0.0,0.0,0.0,unknown
1762152123.2877824,0,0.017,0.8,0,0,3,249.22,252.89999999996746,397.75,0.0,0.0,0.0,0.0,unknown
1762152123.297928,0,0.018000000000000002,0.8,0,1,3,249.24,252.79999999996747,397.7,0.0,0.0,0.0,0.0,unknown
1762152123.3080359,0,0.019,0.8,0,1,3,249.26,252.69999999996747,397.6,0.0,0.0,0.0,0.0,unknown
1762152123.3181534,0,0.02,0.8,1,0,3,249.28,252.59999999996748,397.55,0.0,0.0,0.0,0.0,unknown
1762152123.328255,0,0.02,0.8,0,0,3,249.32,252.49999999996749,397.6,0.0,0.0,0.0,0.0,unknown
1762152123.3383253,0,0.02,0.8,0,0,3,249.14,252.3999999999675,397.65,0.0,0.0,0.0,0.0,unknown
1762152123.3484807,0,0.02,0.8,0,0,3,248.91,252.2999999999675,397.65,0.0,0.0,0.0,0.0,unknown
1762152123.3585882,0,0.02,0.8,0,0,3,248.73,252.1999999999675,397.7,0.0,0.0,0.0,0.0,unknown
1762152123.3687181,0,0.021,0.8,0,1,3,248.5,252.0999999999675,397.7,0.0,0.0,0.0,0.0,unknown
1762152123.3788466,0,0.021,0.8,0,0,3,248.29,251.9999999999675,397.6,0.0,0.0,0.0,0.0,unknown
1762152123.3890367,0,0.021,0.8,1,0,3,248.04,251.89999999996752,397.45000000000005,0.0,0.0,0.0,0.0,unknown
1762152123.3992143,0,0.021,0.8,1,0,3,247.81,251.79999999996753,397.29999999999995,0.0,0.0,0.0,0.0,unknown
1762152123.4093795,0,0.021,0.8,1,0,3,247.72,251.69999999996753,397.15,0.0,0.0,0.0,0.0,unknown
1762152123.4194882,0,0.02,0.8,1,0,3,247.56,251.59999999996754,397.05,0.0,0.0,0.0,0.0,unknown
1762152123.4296172,0,0.021,0.8,1,0,3,247.4,251.49999999996754,397.0,0.0,0.0,0.0,0.0,unknown
1762152123.4397204,0,0.02,0.8,0,0,3,247.24,251.39999999996755,397.0,0.0,0.0,0.0,0.0,unknown
1762152123.4498348,0,0.02,0.8,0,0,3,246.99,251.29999999996755,397.0,0.0,0.0,0.0,0.0,unknown
1762152123.4599614,0,0.02,0.8,0,0,3,246.83,251.19999999996756,397.05,0.0,0.0,0.0,0.0,unknown
1762152123.4701,0,0.021,0.8,0,1,3,246.49,251.09999999996757,397.0,0.0,0.0,0.0,0.0,unknown
1762152123.4802165,0,0.02,0.8,0,0,3,246.16,250.99999999996757,396.8,0.0,0.0,0.0,0.0,unknown
1762152123.4903364,0,0.019,0.8,0,0,3,245.83,250.89999999996758,396.6,0.0,0.0,0.0,0.0,unknown
1762152123.5004551,0,0.019,0.8,0,0,3,245.5,250.79999999996758,396.35,0.0,0.0,0.0,0.0,unknown
1762152123.5105653,0,0.019,0.8,0,0,3,245.29,250.6999999999676,396.25,0.0,0.0,0.0,0.0,unknown
1762152123.5206766,0,0.018000000000000002,0.8,0,0,3,245.08,250.5999999999676,396.15,0.0,0.0,0.0,0.0,unknown
1762152123.5307777,0,0.018000000000000002,0.8,0,0,3,244.87,250.4999999999676,396.0,0.0,0.0,0.0,0.0,unknown
1762152123.5408757,0,0.02,0.8,1,1,3,244.66,250.3999999999676,395.85,0.0,0.0,0.0,0.0,unknown
1762152123.55098,0,0.021,0.8,0,1,3,244.45,250.2999999999676,395.7,0.0,0.0,0.0,0.0,unknown
1762152123.5611098,0,0.021,0.8,1,0,3,244.24,250.19999999996762,395.6,0.0,0.0,0.0,0.0,unknown
1762152123.571237,0,0.02,0.8,0,0,3,244.03,250.09999999996762,395.55,0.0,0.0,0.0,0.0,unknown
1762152123.5813391,0,0.02,0.8,0,0,3,243.85,249.99999999996763,395.54999999999995,0.0,0.0,0.0,0.0,unknown
1762152123.5915327,0,0.02,0.8,0,0,3,243.64,249.89999999996763,395.45,0.0,0.0,0.0,0.0,unknown
1762152123.6017203,0,0.02,0.8,0,0,3,243.34,249.79999999996764,395.29999999999995,0.0,0.0,0.0,0.0,unknown
1762152123.6118746,0,0.02,0.8,0,0,3,243.15,249.69999999996764,395.1,0.0,0.0,0.0,0.0,unknown
1762152123.6220605,0,0.02,0.8,0,0,3,243.05,249.59999999996765,394.85,0.0,0.0,0.0,0.0,unknown
1762152123.6322517,0,0.02,0.8,0,0,3,242.98,249.49999999996766,394.6,0.0,0.0,0.0,0.0,unknown
1762152123.642462,0,0.019,0.8,0,0,3,242.89,249.39999999996766,394.4,0.0,0.0,0.0,0.0,unknown
1762152123.6525757,0,0.019,0.8,0,0,3,243.01,249.29999999996767,394.3,0.0,0.0,0.0,0.0,unknown
1762152123.662702,0,0.019,0.8,0,0,3,243.15,249.19999999996767,394.35,0.0,0.0,0.0,0.0,unknown
1762152123.6727972,0,0.02,0.8,0,1,3,243.22,249.09999999996768,394.35,0.0,0.0,0.0,0.0,unknown
1762152123.6828954,0,0.02,0.8,1,0,3,243.08,248.99999999996768,394.4,0.0,0.0,0.0,0.0,unknown
1762152123.6929882,0,0.018000000000000002,0.8,0,0,3,242.99,248.8999999999677,394.5,0.0,0.0,0.0,0.0,unknown
1762152123.7030933,0,0.017,0.8,0,0,3,242.9,248.7999999999677,394.54999999999995,0.0,0.0,0.0,0.0,unknown
1762152123.7131763,0,0.017,0.8,0,0,3,242.79,248.6999999999677,394.55,0.0,0.0,0.0,0.0,unknown
1762152123.7232707,0,0.016,0.8,0,0,3,242.7,248.5999999999677,394.55,0.0,0.0,0.0,0.0,unknown
1762152123.7333863,0,0.016,0.8,0,0,3,242.61,248.4999999999677,394.6,0.0,0.0,0.0,0.0,unknown
1762152123.743495,0,0.016,0.8,0,0,3,242.5,248.39999999996772,394.65,0.0,0.0,0.0,0.0,unknown
1762152123.7535942,0,0.016,0.8,0,0,3,242.39,248.29999999996772,394.7,0.0,0.0,0.0,0.0,unknown
1762152123.7637045,0,0.016,0.8,0,0,3,242.28,248.19999999996773,394.75,0.0,0.0,0.0,0.0,unknown
1762152123.7738163,0,0.016,0.8,0,0,3,242.16,248.09999999996774,394.79999999999995,0.0,0.0,0.0,0.0,unknown
1762152123.783901,0,0.016,0.8,0,0,3,242,247.99999999996774,394.8,0.0,0.0,0.0,0.0,unknown
1762152123.794026,0,0.016,0.8,0,0,3,241.84,247.89999999996775,394.75,0.0,0.0,0.0,0.0,unknown
1762152123.8041356,0,0.015000000000000001,0.8,0,0,3,241.7,247.79999999996775,394.70000000000005,0.0,0.0,0.0,0.0,unknown
1762152123.8142228,0,0.014,0.8,0,0,3,241.51,247.69999999996776,394.7,0.0,0.0,0.0,0.0,unknown
1762152123.824341,0,0.013000000000000001,0.8,0,0,3,241.21,247.59999999996776,394.75,0.0,0.0,0.0,0.0,unknown
1762152123.8344512,0,0.013000000000000001,0.8,0,0,3,240.91,247.49999999996777,394.75,0.0,0.0,0.0,0.0,unknown
1762152123.84457,0,0.013000000000000001,0.8,0,0,3,240.61,247.39999999996778,394.70000000000005,0.0,0.0,0.0,0.0,unknown
1762152123.8546777,0,0.013000000000000001,0.8,0,0,3,240.4,247.29999999996778,394.45,0.0,0.0,0.0,0.0,unknown
1762152123.8647811,0,0.014,0.8,1,0,3,240.19,247.1999999999678,394.2,0.0,0.0,0.0,0.0,unknown
1762152123.874906,0,0.013000000000000001,0.8,0,0,3,239.98,247.0999999999678,393.95,0.0,0.0,0.0,0.0,unknown
1762152123.885027,0,0.013000000000000001,0.8,0,0,3,239.77,246.9999999999678,393.85,0.0,0.0,0.0,0.0,unknown
1762152123.8951354,0,0.012,0.8,0,0,3,239.59,246.8999999999678,393.8,0.0,0.0,0.0,0.0,unknown
1762152123.9052546,0,0.011000000000000001,0.8,0,0,3,239.38,246.7999999999678,393.70000000000005,0.0,0.0,0.0,0.0,unknown
1762152123.915379,0,0.01,0.8,0,0,3,239.17,246.69999999996782,393.5,0.0,0.0,0.0,0.0,unknown
1762152123.925482,0,0.01,0.8,0,1,3,238.96,246.59999999996782,393.35,0.0,0.0,0.0,0.0,unknown
1762152123.9355772,0,0.01,0.8,1,0,3,238.75,246.49999999996783,393.2,0.0,0.0,0.0,0.0,unknown
1762152123.9456844,0,0.01,0.8,0,0,3,238.54,246.39999999996783,393.04999999999995,0.0,0.0,0.0,0.0,unknown
1762152123.9557786,0,0.011000000000000001,0.8,0,1,3,238.31,246.29999999996784,392.95,0.0,0.0,0.0,0.0,unknown
1762152123.9658766,0,0.011000000000000001,0.8,0,0,3,238.1,246.19999999996784,392.79999999999995,0.0,0.0,0.0,0.0,unknown
1762152123.9759798,0,0.01,0.8,0,0,3,237.93,246.09999999996785,392.70000000000005,0.0,0.0,0.0,0.0,unknown
1762152123.986089,0,0.01,0.8,0,0,3,237.93,245.99999999996786,392.65,0.0,0.0,0.0,0.0,unknown
1762152123.9962254,0,0.01,0.8,0,0,3,238,245.89999999996786,392.55,0.0,0.0,0.0,0.0,unknown
1762152124.0063252,0,0.01,0.8,0,0,3,238.23,245.79999999996787,392.45000000000005,0.0,0.0,0.0,0.0,unknown
1762152124.0164149,0,0.011000000000000001,0.8,1,0,3,238.32,245.69999999996787,392.5,0.0,0.0,0.0,0.0,unknown
1762152124.0265121,0,0.011000000000000001,0.8,0,0,3,238.41,245.59999999996788,392.55,0.0,0.0,0.0,0.0,unknown
1762152124.0366096,0,0.011000000000000001,0.8,0,0,3,238.57,245.49999999996788,392.55,0.0,0.0,0.0,0.0,unknown
1762152124.0467103,0,0.01,0.8,0,1,3,238.57,245.3999999999679,392.5,0.0,0.0,0.0,0.0,unknown
1762152124.056829,0,0.009000000000000001,0.8,0,0,3,238.57,245.2999999999679,392.45,0.0,0.0,0.0,0.0,unknown
1762152124.066924,0,0.008,0.8,0,0,3,238.61,245.1999999999679,392.29999999999995,0.0,0.0,0.0,0.0,unknown
1762152124.0770633,0,0.008,0.8,0,0,3,238.61,245.0999999999679,392.15,0.0,0.0,0.0,0.0,unknown
1762152124.087184,0,0.009000000000000001,0.8,0,1,3,238.61,244.9999999999679,392.1,0.0,0.0,0.0,0.0,unknown
1762152124.0972984,0,0.009000000000000001,0.8,0,0,3,238.61,244.89999999996792,392.15,0.0,0.0,0.0,0.0,unknown
1762152124.1074047,0,0.009000000000000001,0.8,0,0,3,238.65,244.79999999996792,392.15,0.0,0.0,0.0,0.0,unknown
1762152124.1175172,0,0.009000000000000001,0.8,0,0,3,238.65,244.69999999996793,392.15,0.0,0.0,0.0,0.0,unknown
1762152124.127621,0,0.009000000000000001,0.8,0,0,3,238.58,244.59999999996793,392.1,0.0,0.0,0.0,0.0,unknown
1762152124.1377423,0,0.009000000000000001,0.8,0,0,3,238.51,244.49999999996794,392.0,0.0,0.0,0.0,0.0,unknown
1762152124.147857,0,0.009000000000000001,0.8,0,0,3,238.4,244.39999999996795,391.85,0.0,0.0,0.0,0.0,unknown
1762152124.157946,0,0.01,0.8,1,0,3,238.29,244.29999999996795,391.7,0.0,0.0,0.0,0.0,unknown
1762152124.168089,0,0.01,0.8,0,0,3,238.27,244.19999999996796,391.55,0.0,0.0,0.0,0.0,unknown
1762152124.1781936,0,0.009000000000000001,0.8,0,0,3,238.08,244.09999999996796,391.4,0.0,0.0,0.0,0.0,unknown
1762152124.1882954,0,0.008,0.8,0,0,3,237.89,243.99999999996797,391.3,0.0,0.0,0.0,0.0,unknown
1762152124.1983807,0,0.008,0.8,0,0,3,237.71,243.89999999996797,391.15,0.0,0.0,0.0,0.0,unknown
1762152124.2084823,0,0.008,0.8,0,0,3,237.57,243.79999999996798,391.0,0.0,0.0,0.0,0.0,unknown
1762152124.2186022,0,0.009000000000000001,0.8,1,0,3,237.43,243.69999999996799,390.9,0.0,0.0,0.0,0.0,unknown
1762152124.2286882,0,0.01,0.8,1,0,3,237.31,243.599999999968,390.85,0.0,0.0,0.0,0.0,unknown
1762152124.2387965,0,0.01,0.8,0,0,3,237.17,243.499999999968,390.85,0.0,0.0,0.0,0.0,unknown
1762152124.248884,0,0.01,0.8,0,0,3,237.03,243.399999999968,390.9,0.0,0.0,0.0,0.0,unknown
1762152124.2589896,0,0.011000000000000001,0.8,1,0,3,236.89,243.299999999968,390.85,0.0,0.0,0.0,0.0,unknown
1762152124.2691233,0,0.011000000000000001,0.8,0,0,3,236.77,243.199999999968,390.8,0.0,0.0,0.0,0.0,unknown
1762152124.279221,0,0.011000000000000001,0.8,0,0,3,236.65,243.09999999996802,390.65,0.0,0.0,0.0,0.0,unknown
1762152124.2893076,0,0.011000000000000001,0.8,0,0,3,236.53,242.99999999996803,390.5,0.0,0.0,0.0,0.0,unknown
1762152124.2994142,0,0.011000000000000001,0.8,0,0,3,236.37,242.89999999996803,390.4,0.0,0.0,0.0,0.0,unknown
1762152124.3095214,0,0.011000000000000001,0.8,0,0,3,236.28,242.79999999996804,390.35,0.0,0.0,0.0,0.0,unknown
1762152124.3196175,0,0.011000000000000001,0.8,0,0,3,236.3,242.69999999996804,390.4,0.0,0.0,0.0,0.0,unknown
1762152124.3297057,0,0.011000000000000001,0.8,0,0,3,236.32,242.59999999996805,390.4,0.0,0.0,0.0,0.0,unknown
1762152124.3397877,0,0.011000000000000001,0.8,0,0,3,236.32,242.49999999996805,390.35,0.0,0.0,0.0,0.0,unknown
1762152124.3498774,0,0.011000000000000001,0.8,0,0,3,236.57,242.39999999996806,390.3,0.0,0.0,0.0,0.0,unknown
1762152124.3599734,0,0.011000000000000001,0.8,0,0,3,236.68,242.29999999996807,390.25,0.0,0.0,0.0,0.0,unknown
1762152124.3700871,0,0.01,0.8,0,0,3,236.79,242.19999999996807,390.15,0.0,0.0,0.0,0.0,unknown
1762152124.380189,0,0.01,0.8,0,0,3,236.79,242.09999999996808,390.1,0.0,0.0,0.0,0.0,unknown
1762152124.3902962,0,0.011000000000000001,0.8,0,1,3,236.79,241.99999999996808,390.1,0.0,0.0,0.0,0.0,unknown
1762152124.4004166,0,0.011000000000000001,0.8,0,0,3,236.79,241.8999999999681,390.15,0.0,0.0,0.0,0.0,unknown
1762152124.4105308,0,0.011000000000000001,0.8,0,0,3,236.81,241.7999999999681,390.1,0.0,0.0,0.0,0.0,unknown
1762152124.4206507,0,0.012,0.8,0,1,3,236.81,241.6999999999681,390.0,0.0,0.0,0.0,0.0,unknown
1762152124.43074,0,0.012,0.8,0,1,3,236.81,241.5999999999681,389.85,0.0,0.0,0.0,0.0,unknown
1762152124.440847,0,0.011000000000000001,0.8,0,0,3,236.81,241.4999999999681,389.70000000000005,0.0,0.0,0.0,0.0,unknown
1762152124.450963,0,0.011000000000000001,0.8,0,0,3,236.81,241.39999999996812,389.5,0.0,0.0,0.0,0.0,unknown
1762152124.461094,0,0.011000000000000001,0.8,1,0,3,236.81,241.29999999996812,389.35,0.0,0.0,0.0,0.0,unknown
1762152124.4712095,0,0.013000000000000001,0.8,1,1,3,236.76,241.19999999996813,389.15,0.0,0.0,0.0,0.0,unknown
1762152124.4813137,0,0.015000000000000001,0.8,2,0,3,236.6,241.09999999996813,389.04999999999995,0.0,0.0,0.0,0.0,unknown
1762152124.4914222,0,0.015000000000000001,0.8,0,0,3,236.4,240.99999999996814,389.05,0.0,0.0,0.0,0.0,unknown
1762152124.5015404,0,0.015000000000000001,0.8,0,0,3,236.26,240.89999999996814,389.1,0.0,0.0,0.0,0.0,unknown
1762152124.5116582,0,0.015000000000000001,0.8,0,0,3,236.08,240.79999999996815,389.1,0.0,0.0,0.0,0.0,unknown
1762152124.5217764,0,0.016,0.8,1,1,3,235.87,240.69999999996816,389.0,0.0,0.0,0.0,0.0,unknown
1762152124.531904,0,0.017,0.8,0,1,3,235.66,240.59999999996816,388.85,0.0,0.0,0.0,0.0,unknown
1762152124.5420318,0,0.018000000000000002,0.8,0,1,3,235.43,240.49999999996817,388.65,0.0,0.0,0.0,0.0,unknown
1762152124.5522723,0,0.017,0.8,0,0,3,235.43,240.39999999996817,388.5,0.0,0.0,0.0,0.0,unknown
1762152124.5624516,0,0.017,0.8,0,0,3,235.43,240.29999999996818,388.35,0.0,0.0,0.0,0.0,unknown
1762152124.572564,0,0.017,0.8,0,0,3,235.38,240.19999999996818,388.2,0.0,0.0,0.0,0.0,unknown
1762152124.5826967,0,0.017,0.8,0,0,3,235.4,240.0999999999682,388.1,0.0,0.0,0.0,0.0,unknown
1762152124.5928028,0,0.016,0.8,0,0,3,235.38,239.9999999999682,387.95,0.0,0.0,0.0,0.0,unknown
1762152124.6029084,0,0.016,0.8,0,0,3,235.38,239.8999999999682,387.85,0.0,0.0,0.0,0.0,unknown
1762152124.6130178,0,0.017,0.8,0,1,3,235.41,239.7999999999682,387.75,0.0,0.0,0.0,0.0,unknown
1762152124.6231341,0,0.017,0.8,0,0,3,235.39,239.6999999999682,387.7,0.0,0.0,0.0,0.0,unknown
1762152124.633247,0,0.017,0.8,0,0,3,235.37,239.59999999996822,387.79999999999995,0.0,0.0,0.0,0.0,unknown
1762152124.643352,0,0.017,0.8,0,0,3,235.33,239.49999999996822,387.85,0.0,0.0,0.0,0.0,unknown
1762152124.6534617,0,0.017,0.8,0,0,3,235.31,239.39999999996823,387.95,0.0,0.0,0.0,0.0,unknown
1762152124.6635733,0,0.016,0.8,0,0,3,235.33,239.29999999996824,387.95000000000005,0.0,0.0,0.0,0.0,unknown
1762152124.6736863,0,0.016,0.8,0,0,3,235.37,239.19999999996824,387.9,0.0,0.0,0.0,0.0,unknown
1762152124.6837802,0,0.016,0.8,0,0,3,235.48,239.09999999996825,387.85,0.0,0.0,0.0,0.0,unknown
1762152124.6938806,0,0.017,0.8,1,0,3,235.73,238.99999999996825,387.8,0.0,0.0,0.0,0.0,unknown
1762152124.7039816,0,0.018000000000000002,0.8,0,1,3,235.84,238.89999999996826,387.7,0.0,0.0,0.0,0.0,unknown
1762152124.714096,0,0.018000000000000002,0.8,0,0,3,235.96,238.79999999996826,387.65,0.0,0.0,0.0,0.0,unknown
1762152124.724189,0,0.017,0.8,0,0,3,235.96,238.69999999996827,387.7,0.0,0.0,0.0,0.0,unknown
1762152124.7342865,0,0.017,0.8,1,0,3,235.96,238.59999999996828,387.7,0.0,0.0,0.0,0.0,unknown
1762152124.7443752,0,0.017,0.8,0,0,3,235.96,238.49999999996828,387.65,0.0,0.0,0.0,0.0,unknown
1762152124.7544985,0,0.019,0.8,1,1,3,235.96,238.3999999999683,387.45,0.0,0.0,0.0,0.0,unknown
1762152124.7646039,0,0.018000000000000002,0.8,0,0,3,235.96,238.2999999999683,387.3,0.0,0.0,0.0,0.0,unknown
1762152124.774711,0,0.018000000000000002,0.8,0,0,3,235.96,238.1999999999683,387.15,0.0,0.0,0.0,0.0,unknown
1762152124.7848184,0,0.018000000000000002,0.8,0,0,3,235.92,238.0999999999683,387.05,0.0,0.0,0.0,0.0,unknown
1762152124.7949111,0,0.018000000000000002,0.8,0,0,3,235.94,237.9999999999683,387.0,0.0,0.0,0.0,0.0,unknown
1762152124.805034,0,0.019,0.8,0,1,3,235.94,237.89999999996832,387.0,0.0,0.0,0.0,0.0,unknown
1762152124.8151429,0,0.02,0.8,0,1,3,235.78,237.79999999996832,386.95000000000005,0.0,0.0,0.0,0.0,unknown
1762152124.8252478,0,0.022000000000000002,0.8,1,1,3,235.65,237.69999999996833,386.95000000000005,0.0,0.0,0.0,0.0,unknown
1762152124.8353412,0,0.023,0.8,0,1,3,235.45,237.59999999996833,386.85,0.0,0.0,0.0,0.0,unknown
1762152124.845442,0,0.023,0.8,0,0,3,235.31,237.49999999996834,386.7,0.0,0.0,0.0,0.0,unknown
1762152124.8555562,0,0.023,0.8,0,0,3,235.17,237.39999999996834,386.45,0.0,0.0,0.0,0.0,unknown
1762152124.865644,0,0.023,0.8,0,0,3,234.94,237.29999999996835,386.35,0.0,0.0,0.0,0.0,unknown
1762152124.8757212,0,0.023,0.8,0,0,3,234.71,237.19999999996836,386.15,0.0,0.0,0.0,0.0,unknown
1762152124.8858309,0,0.024,0.8,1,0,3,234.48,237.09999999996836,385.9,0.0,0.0,0.0,0.0,unknown
1762152124.8959239,0,0.024,0.8,1,0,3,234.48,236.99999999996837,385.65,0.0,0.0,0.0,0.0,unknown
1762152124.9060245,0,0.024,0.8,0,0,3,234.46,236.89999999996837,385.4,0.0,0.0,0.0,0.0,unknown
1762152124.9161334,0,0.024,0.8,0,0,3,234.46,236.79999999996838,385.2,0.0,0.0,0.0,0.0,unknown
1762152124.92624,0,0.023,0.8,0,0,3,234.46,236.69999999996838,385.04999999999995,0.0,0.0,0.0,0.0,unknown
1762152124.93632,0,0.022000000000000002,0.8,0,0,3,234.41,236.5999999999684,384.85,0.0,0.0,0.0,0.0,unknown
1762152124.946407,0,0.022000000000000002,0.8,0,0,3,234.41,236.4999999999684,384.7,0.0,0.0,0.0,0.0,unknown
1762152124.9564977,0,0.022000000000000002,0.8,0,0,3,234.41,236.3999999999684,384.6,0.0,0.0,0.0,0.0,unknown
1762152124.966578,0,0.022000000000000002,0.8,0,1,3,234.41,236.2999999999684,384.5,0.0,0.0,0.0,0.0,unknown
1762152124.9766629,0,0.021,0.8,0,1,3,234.36,236.1999999999684,384.35,0.0,0.0,0.0,0.0,unknown
1762152124.9867496,0,0.019,0.8,0,0,3,234.27,236.09999999996842,384.05,0.0,0.0,0.0,0.0,unknown
1762152124.9968562,0,0.02,0.8,0,1,3,234.27,235.99999999996842,383.7,0.0,0.0,0.0,0.0,unknown
1762152125.00697,0,0.02,0.8,0,0,3,234.29,235.89999999996843,383.45000000000005,0.0,0.0,0.0,0.0,unknown
1762152125.0170624,0,0.02,0.8,0,0,3,234.31,235.79999999996843,383.3,0.0,0.0,0.0,0.0,unknown
1762152125.0271468,0,0.018000000000000002,0.8,0,0,3,234.49,235.69999999996844,383.2,0.0,0.0,0.0,0.0,unknown
1762152125.0372345,0,0.017,0.8,0,0,3,234.63,235.59999999996845,383.2,0.0,0.0,0.0,0.0,unknown
1762152125.0473168,0,0.016,0.8,0,0,3,234.47,235.49999999996845,383.2,0.0,0.0,0.0,0.0,unknown
1762152125.0574064,0,0.016,0.8,0,0,3,234.47,235.39999999996846,383.25,0.0,0.0,0.0,0.0,unknown
1762152125.0674977,0,0.017,0.8,1,0,3,234.56,235.29999999996846,383.20000000000005,0.0,0.0,0.0,0.0,unknown
1762152125.0775943,0,0.018000000000000002,0.8,0,1,3,234.43,235.19999999996847,383.20000000000005,0.0,0.0,0.0,0.0,unknown
1762152125.0876887,0,0.018000000000000002,0.8,0,0,3,234.34,235.09999999996847,383.1,0.0,0.0,0.0,0.0,unknown
1762152125.097772,0,0.02,0.8,1,1,3,234.25,234.99999999996848,382.9,0.0,0.0,0.0,0.0,unknown
1762152125.1078613,0,0.021,0.8,0,1,3,234.16,234.8999999999685,382.70000000000005,0.0,0.0,0.0,0.0,unknown
1762152125.1179287,0,0.021,0.8,1,0,3,234.03,234.7999999999685,382.6,0.0,0.0,0.0,0.0,unknown
1762152125.127999,0,0.021,0.8,0,0,3,233.94,234.6999999999685,382.45,0.0,0.0,0.0,0.0,unknown
1762152125.1380668,0,0.021,0.8,0,0,3,233.85,234.5999999999685,382.35,0.0,0.0,0.0,0.0,unknown
1762152125.1481464,0,0.021,0.8,0,0,3,233.74,234.4999999999685,382.25,0.0,0.0,0.0,0.0,unknown
1762152125.1582124,0,0.022000000000000002,0.8,0,1,3,233.65,234.39999999996851,382.15,0.0,0.0,0.0,0.0,unknown
1762152125.1683004,0,0.022000000000000002,0.8,0,0,3,233.56,234.29999999996852,382.04999999999995,0.0,0.0,0.0,0.0,unknown
1762152125.1783836,0,0.022000000000000002,0.8,0,0,3,233.38,234.19999999996853,381.9,0.0,0.0,0.0,0.0,unknown
1762152125.1884687,0,0.022000000000000002,0.8,0,0,3,233.25,234.09999999996853,381.75,0.0,0.0,0.0,0.0,unknown
1762152125.1985323,0,0.022000000000000002,0.8,0,1,3,233.14,233.99999999996854,381.55,0.0,0.0,0.0,0.0,unknown
1762152125.2086046,0,0.021,0.8,0,0,3,233.07,233.89999999996854,381.35,0.0,0.0,0.0,0.0,unknown
1762152125.2186964,0,0.021,0.8,0,0,3,232.89,233.79999999996855,381.25,0.0,0.0,0.0,0.0,unknown
1762152125.2288017,0,0.022000000000000002,0.8,0,1,3,232.71,233.69999999996855,381.1,0.0,0.0,0.0,0.0,unknown
1762152125.238924,0,0.021,0.8,0,0,3,232.6,233.59999999996856,381.0,0.0,0.0,0.0,0.0,unknown
1762152125.2490203,0,0.021,0.8,0,0,3,232.51,233.49999999996857,380.95000000000005,0.0,0.0,0.0,0.0,unknown
1762152125.259141,0,0.02,0.8,1,0,3,232.42,233.39999999996857,380.9,0.0,0.0,0.0,0.0,unknown
1762152125.2692497,0,0.021,0.8,1,0,3,232.33,233.29999999996858,380.85,0.0,0.0,0.0,0.0,unknown
1762152125.2793703,0,0.022000000000000002,0.8,1,0,3,232.22,233.19999999996858,380.79999999999995,0.0,0.0,0.0,0.0,unknown
1762152125.2894523,0,0.022000000000000002,0.8,0,0,3,232.11,233.0999999999686,380.75,0.0,0.0,0.0,0.0,unknown
1762152125.2995436,0,0.023,0.8,0,1,3,232,232.9999999999686,380.70000000000005,0.0,0.0,0.0,0.0,unknown
1762152125.3096523,0,0.022000000000000002,0.8,0,0,3,231.89,232.8999999999686,380.6,0.0,0.0,0.0,0.0,unknown
1762152125.3197594,0,0.021,0.8,0,0,3,231.71,232.7999999999686,380.5,0.0,0.0,0.0,0.0,unknown
1762152125.3298624,0,0.019,0.8,0,0,3,231.44,232.6999999999686,380.35,0.0,0.0,0.0,0.0,unknown
1762152125.339986,0,0.02,0.8,1,1,3,231.17,232.59999999996862,380.25,0.0,0.0,0.0,0.0,unknown
1762152125.3500814,0,0.02,0.8,0,0,3,230.9,232.49999999996862,380.15,0.0,0.0,0.0,0.0,unknown
1762152125.360166,0,0.02,0.8,0,0,3,230.65,232.39999999996863,380.05,0.0,0.0,0.0,0.0,unknown
1762152125.3702564,0,0.021,0.8,1,0,3,230.63,232.29999999996863,380.0,0.0,0.0,0.0,0.0,unknown
1762152125.380372,0,0.022000000000000002,0.8,1,0,3,230.59,232.19999999996864,379.95,0.0,0.0,0.0,0.0,unknown
1762152125.3904767,0,0.021,0.8,0,0,3,230.63,232.09999999996865,379.9,0.0,0.0,0.0,0.0,unknown
1762152125.40059,0,0.021,0.8,1,0,3,230.63,231.99999999996865,379.85,0.0,0.0,0.0,0.0,unknown
1762152125.4106941,0,0.023,0.8,1,1,3,230.63,231.89999999996866,379.8,0.0,0.0,0.0,0.0,unknown
1762152125.4208174,0,0.023,0.8,0,0,3,230.61,231.79999999996866,379.7,0.0,0.0,0.0,0.0,unknown
1762152125.4309273,0,0.025,0.8,1,1,3,230.52,231.69999999996867,379.54999999999995,0.0,0.0,0.0,0.0,unknown
1762152125.4410236,0,0.025,0.8,0,0,3,230.43,231.59999999996867,379.4,0.0,0.0,0.0,0.0,unknown
1762152125.4511323,0,0.025,0.8,0,0,3,230.34,231.49999999996868,379.3,0.0,0.0,0.0,0.0,unknown
1762152125.4612389,0,0.026000000000000002,0.8,1,0,3,230.25,231.39999999996868,379.20000000000005,0.0,0.0,0.0,0.0,unknown
1762152125.4713457,0,0.026000000000000002,0.8,1,0,3,230.16,231.2999999999687,379.0,0.0,0.0,0.0,0.0,unknown
1762152125.4814441,0,0.025,0.8,0,0,3,230.05,231.1999999999687,378.7,0.0,0.0,0.0,0.0,unknown
1762152125.4915326,0,0.025,0.8,0,0,3,230.05,231.0999999999687,378.4,0.0,0.0,0.0,0.0,unknown
1762152125.5016272,0,0.024,0.8,0,0,3,230.05,230.9999999999687,378.1,0.0,0.0,0.0,0.0,unknown
1762152125.5117285,0,0.024,0.8,0,0,3,229.99,230.8999999999687,377.85,0.0,0.0,0.0,0.0,unknown
1762152125.5218284,0,0.024,0.8,0,0,3,229.97,230.79999999996872,377.65,0.0,0.0,0.0,0.0,unknown
1762152125.5319605,0,0.024,0.8,0,0,3,229.86,230.69999999996872,377.5,0.0,0.0,0.0,0.0,unknown
1762152125.5421147,0,0.024,0.8,0,0,3,229.75,230.59999999996873,377.45,0.0,0.0,0.0,0.0,unknown
1762152125.5522318,0,0.026000000000000002,0.8,1,1,3,229.72,230.49999999996874,377.35,0.0,0.0,0.0,0.0,unknown
1762152125.5623178,0,0.026000000000000002,0.8,0,0,3,229.42,230.39999999996874,377.15,0.0,0.0,0.0,0.0,unknown
1762152125.57243,0,0.025,0.8,0,0,3,229.12,230.29999999996875,376.9,0.0,0.0,0.0,0.0,unknown
1762152125.5825212,0,0.024,0.8,0,0,3,228.85,230.19999999996875,376.7,0.0,0.0,0.0,0.0,unknown
1762152125.5926108,0,0.024,0.8,0,0,3,228.51,230.09999999996876,376.54999999999995,0.0,0.0,0.0,0.0,unknown
1762152125.6027136,0,0.023,0.8,1,0,3,228.3,229.99999999996876,376.45,0.0,0.0,0.0,0.0,unknown
1762152125.6128118,0,0.023,0.8,1,0,3,228.07,229.89999999996877,376.35,0.0,0.0,0.0,0.0,unknown
1762152125.622914,0,0.022000000000000002,0.8,0,0,3,227.88,229.79999999996878,376.25,0.0,0.0,0.0,0.0,unknown
1762152125.6330693,0,0.022000000000000002,0.8,0,0,3,227.65,229.69999999996878,376.1,0.0,0.0,0.0,0.0,unknown
1762152125.6431706,0,0.022000000000000002,0.8,0,0,3,227.4,229.5999999999688,375.95000000000005,0.0,0.0,0.0,0.0,unknown
1762152125.6532593,0,0.022000000000000002,0.8,0,0,3,227.17,229.4999999999688,375.9,0.0,0.0,0.0,0.0,unknown
1762152125.663361,0,0.021,0.8,0,0,3,226.94,229.3999999999688,375.85,0.0,0.0,0.0,0.0,unknown
1762152125.673447,0,0.021,0.8,0,0,3,226.69,229.2999999999688,375.85,0.0,0.0,0.0,0.0,unknown
1762152125.6835532,0,0.021,0.8,0,0,3,226.42,229.1999999999688,375.85,0.0,0.0,0.0,0.0,unknown
1762152125.6936617,0,0.021,0.8,0,0,3,226.15,229.09999999996882,375.85,0.0,0.0,0.0,0.0,unknown
1762152125.7037694,0,0.02,0.8,0,0,3,225.97,228.99999999996882,375.85,0.0,0.0,0.0,0.0,unknown
1762152125.7138665,0,0.02,0.8,0,0,3,225.95,228.89999999996883,375.85,0.0,0.0,0.0,0.0,unknown
1762152125.7240067,0,0.02,0.8,0,0,3,225.9,228.79999999996883,375.9,0.0,0.0,0.0,0.0,unknown
1762152125.7341347,0,0.019,0.8,0,0,3,225.99,228.69999999996884,375.9,0.0,0.0,0.0,0.0,unknown
1762152125.7442513,0,0.019,0.8,0,0,3,226.03,228.59999999996884,375.95,0.0,0.0,0.0,0.0,unknown
1762152125.7543614,0,0.019,0.8,0,0,3,226.03,228.49999999996885,375.95000000000005,0.0,0.0,0.0,0.0,unknown
1762152125.764453,0,0.019,0.8,1,0,3,226.03,228.39999999996886,376.0,0.0,0.0,0.0,0.0,unknown
1762152125.7745454,0,0.018000000000000002,0.8,0,0,3,225.96,228.29999999996886,376.0,0.0,0.0,0.0,0.0,unknown
1762152125.7846565,0,0.017,0.8,0,0,3,225.87,228.19999999996887,375.95,0.0,0.0,0.0,0.0,unknown
1762152125.7947648,0,0.017,0.8,0,0,3,225.78,228.09999999996887,375.79999999999995,0.0,0.0,0.0,0.0,unknown
1762152125.8048425,0,0.016,0.8,0,0,3,225.67,227.99999999996888,375.6,0.0,0.0,0.0,0.0,unknown
1762152125.814942,0,0.016,0.8,0,0,3,225.58,227.89999999996888,375.35,0.0,0.0,0.0,0.0,unknown
1762152125.825088,0,0.016,0.8,0,0,3,225.56,227.7999999999689,375.15,0.0,0.0,0.0,0.0,unknown
1762152125.8351915,0,0.017,0.8,1,0,3,225.56,227.6999999999689,374.9,0.0,0.0,0.0,0.0,unknown
1762152125.845306,0,0.015000000000000001,0.8,0,0,3,225.56,227.5999999999689,374.70000000000005,0.0,0.0,0.0,0.0,unknown
1762152125.855416,0,0.016,0.8,0,1,3,225.5,227.4999999999689,374.6,0.0,0.0,0.0,0.0,unknown
1762152125.865523,0,0.016,0.8,0,0,3,225.44,227.3999999999689,374.6,0.0,0.0,0.0,0.0,unknown
1762152125.8756201,0,0.015000000000000001,0.8,0,0,3,225.35,227.29999999996892,374.54999999999995,0.0,0.0,0.0,0.0,unknown
1762152125.8857272,0,0.014,0.8,0,0,3,225.26,227.19999999996892,374.5,0.0,0.0,0.0,0.0,unknown
1762152125.8958147,0,0.014,0.8,0,0,3,225.23,227.09999999996893,374.5,0.0,0.0,0.0,0.0,unknown
1762152125.9059,0,0.014,0.8,1,0,3,224.93,226.99999999996894,374.4,0.0,0.0,0.0,0.0,unknown
1762152125.9159853,0,0.012,0.8,0,0,3,224.65,226.89999999996894,374.29999999999995,0.0,0.0,0.0,0.0,unknown
1762152125.9260721,0,0.012,0.8,0,0,3,224.33,226.79999999996895,374.15,0.0,0.0,0.0,0.0,unknown
1762152125.936162,0,0.01,0.8,0,0,3,224.01,226.69999999996895,374.1,0.0,0.0,0.0,0.0,unknown
1762152125.9462667,0,0.01,0.8,0,0,3,223.83,226.59999999996896,374.04999999999995,0.0,0.0,0.0,0.0,unknown
1762152125.956367,0,0.01,0.8,0,0,3,223.6,226.49999999996896,374.0,0.0,0.0,0.0,0.0,unknown
1762152125.9664757,0,0.009000000000000001,0.8,0,0,3,223.37,226.39999999996897,373.9,0.0,0.0,0.0,0.0,unknown
1762152125.9765892,0,0.008,0.8,0,0,3,223.18,226.29999999996897,373.95,0.0,0.0,0.0,0.0,unknown
1762152125.986668,0,0.009000000000000001,0.8,0,1,3,223,226.19999999996898,374.1,0.0,0.0,0.0,0.0,unknown
1762152125.9967716,0,0.01,0.8,0,1,3,222.82,226.099999999969,374.3,0.0,0.0,0.0,0.0,unknown
1762152126.0068588,0,0.01,0.8,0,0,3,222.59,225.999999999969,374.5,0.0,0.0,0.0,0.0,unknown
1762152126.0169609,0,0.01,0.8,0,0,3,222.32,225.899999999969,374.65,0.0,0.0,0.0,0.0,unknown
1762152126.0270839,0,0.01,0.8,0,0,3,222.05,225.799999999969,374.75,0.0,0.0,0.0,0.0,unknown
1762152126.0371752,0,0.01,0.8,0,0,3,221.78,225.699999999969,374.75,0.0,0.0,0.0,0.0,unknown
1762152126.0472786,0,0.01,0.8,0,0,3,221.53,225.59999999996901,374.75,0.0,0.0,0.0,0.0,unknown
1762152126.057404,0,0.008,0.8,0,0,3,221.55,225.49999999996902,374.85,0.0,0.0,0.0,0.0,unknown
1762152126.0675294,0,0.008,0.8,0,0,3,221.64,225.39999999996903,375.0,0.0,0.0,0.0,0.0,unknown
1762152126.0776172,0,0.008,0.8,0,0,3,221.64,225.29999999996903,375.2,0.0,0.0,0.0,0.0,unknown
1762152126.0877137,0,0.008,0.8,0,0,3,221.77,225.19999999996904,375.4,0.0,0.0,0.0,0.0,unknown
1762152126.097786,0,0.009000000000000001,0.8,0,1,3,221.9,225.09999999996904,375.6,0.0,0.0,0.0,0.0,unknown
1762152126.1078715,0,0.008,0.8,0,0,3,221.9,224.99999999996905,375.85,0.0,0.0,0.0,0.0,unknown
1762152126.1179714,0,0.007,0.8,0,0,3,221.9,224.89999999996905,376.0,0.0,0.0,0.0,0.0,unknown
1762152126.128089,0,0.007,0.8,0,0,3,221.8,224.79999999996906,376.1,0.0,0.0,0.0,0.0,unknown
1762152126.13819,0,0.007,0.8,0,0,3,221.7,224.69999999996907,376.25,0.0,0.0,0.0,0.0,unknown
1762152126.1482954,0,0.007,0.8,0,0,3,221.6,224.59999999996907,376.35,0.0,0.0,0.0,0.0,unknown
1762152126.1584005,0,0.008,0.8,0,1,3,221.5,224.49999999996908,376.4,0.0,0.0,0.0,0.0,unknown
1762152126.1685023,0,0.008,0.8,0,0,3,221.4,224.39999999996908,376.45000000000005,0.0,0.0,0.0,0.0,unknown
1762152126.178603,0,0.008,0.8,0,0,3,221.3,224.2999999999691,376.5,0.0,0.0,0.0,0.0,unknown
1762152126.1886938,0,0.009000000000000001,0.8,0,1,3,221.2,224.1999999999691,376.6,0.0,0.0,0.0,0.0,unknown
1762152126.1987917,0,0.01,0.8,0,1,3,221.08,224.0999999999691,376.65,0.0,0.0,0.0,0.0,unknown
1762152126.2089007,0,0.01,0.8,0,0,3,220.96,223.9999999999691,376.7,0.0,0.0,0.0,0.0,unknown
1762152126.2190034,0,0.011000000000000001,0.8,0,1,3,220.84,223.8999999999691,376.75,0.0,0.0,0.0,0.0,unknown
1762152126.2291172,0,0.012,0.8,1,0,3,220.74,223.79999999996912,376.75,0.0,0.0,0.0,0.0,unknown
1762152126.2392151,0,0.013000000000000001,0.8,0,1,3,220.64,223.69999999996912,376.75,0.0,0.0,0.0,0.0,unknown
1762152126.2493122,0,0.014,0.8,1,0,3,220.55,223.59999999996913,376.65,0.0,0.0,0.0,0.0,unknown
1762152126.2594264,0,0.016,0.8,2,0,3,220.46,223.49999999996913,376.55,0.0,0.0,0.0,0.0,unknown
1762152126.269529,0,0.015000000000000001,0.8,0,0,3,220.27,223.39999999996914,376.4,0.0,0.0,0.0,0.0,unknown
1762152126.2796361,0,0.016,0.8,0,1,3,220.18,223.29999999996915,376.2,0.0,0.0,0.0,0.0,unknown
1762152126.2897243,0,0.018000000000000002,0.8,1,1,3,220.18,223.19999999996915,376.0,0.0,0.0,0.0,0.0,unknown
1762152126.2998648,0,0.019,0.8,0,1,3,220.18,223.09999999996916,375.9,0.0,0.0,0.0,0.0,unknown
1762152126.309994,0,0.021,0.8,0,2,3,220.18,222.99999999996916,375.79999999999995,0.0,0.0,0.0,0.0,unknown
1762152126.3200963,0,0.021,0.8,0,0,3,220.18,222.89999999996917,375.8,0.0,0.0,0.0,0.0,unknown
1762152126.3301954,0,0.022000000000000002,0.8,0,1,3,220.18,222.79999999996917,375.8,0.0,0.0,0.0,0.0,unknown
1762152126.3404014,0,0.022000000000000002,0.8,0,1,3,220.22,222.69999999996918,375.75,0.0,0.0,0.0,0.0,unknown
1762152126.3505034,0,0.022000000000000002,0.8,0,0,3,220.22,222.59999999996919,375.65,0.0,0.0,0.0,0.0,unknown
1762152126.3606067,0,0.022000000000000002,0.8,0,1,3,220.22,222.4999999999692,375.65,0.0,0.0,0.0,0.0,unknown
1762152126.3707001,0,0.023,0.8,1,0,3,220.22,222.3999999999692,375.65,0.0,0.0,0.0,0.0,unknown
1762152126.3808143,0,0.023,0.8,0,0,3,220.13,222.2999999999692,375.65,0.0,0.0,0.0,0.0,unknown
1762152126.39102,0,0.024,0.8,0,1,3,220.06,222.1999999999692,375.65,0.0,0.0,0.0,0.0,unknown
1762152126.4012315,0,0.024,0.8,0,0,3,220.09,222.0999999999692,375.7,0.0,0.0,0.0,0.0,unknown
1762152126.4115121,0,0.025,0.8,1,1,3,220.16,221.99999999996922,375.75,0.0,0.0,0.0,0.0,unknown
1762152126.4216967,0,0.026000000000000002,0.8,1,0,3,220.25,221.89999999996922,375.79999999999995,0.0,0.0,0.0,0.0,unknown
1762152126.4318037,0,0.027000000000000003,0.8,0,1,3,220.29,221.79999999996923,375.9,0.0,0.0,0.0,0.0,unknown
1762152126.4419928,0,0.028,0.8,0,1,3,220.35,221.69999999996924,376.1,0.0,0.0,0.0,0.0,unknown
1762152126.4521196,0,0.029,0.8,0,1,3,220.35,221.59999999996924,376.29999999999995,0.0,0.0,0.0,0.0,unknown
1762152126.4622297,0,0.030000000000000002,0.8,0,1,3,220.35,221.49999999996925,376.4,0.0,0.0,0.0,0.0,unknown
1762152126.4723318,0,0.030000000000000002,0.8,0,0,3,220.25,221.39999999996925,376.4,0.0,0.0,0.0,0.0,unknown
1762152126.4824536,0,0.030000000000000002,0.8,0,0,3,220.15,221.29999999996926,376.4,0.0,0.0,0.0,0.0,unknown
1762152126.4925585,0,0.029,0.8,0,0,3,220.05,221.19999999996926,376.4,0.0,0.0,0.0,0.0,unknown
1762152126.5026615,0,0.029,0.8,0,1,3,219.95,221.09999999996927,376.35,0.0,0.0,0.0,0.0,unknown
1762152126.5127587,0,0.030000000000000002,0.8,0,1,3,219.85,220.99999999996928,376.4,0.0,0.0,0.0,0.0,unknown
1762152126.5228784,0,0.031000000000000003,0.8,0,1,3,219.75,220.89999999996928,376.35,0.0,0.0,0.0,0.0,unknown
1762152126.5330052,0,0.032,0.8,0,1,3,219.65,220.7999999999693,376.25,0.0,0.0,0.0,0.0,unknown
1762152126.5431066,0,0.032,0.8,0,0,3,219.55,220.6999999999693,376.15,0.0,0.0,0.0,0.0,unknown
1762152126.5532355,0,0.033,0.8,1,0,3,219.45,220.5999999999693,376.0,0.0,0.0,0.0,0.0,unknown
1762152126.5633366,0,0.033,0.8,0,0,3,219.22,220.4999999999693,376.0,0.0,0.0,0.0,0.0,unknown
1762152126.5734553,0,0.034,0.8,0,1,3,218.99,220.3999999999693,376.0,0.0,0.0,0.0,0.0,unknown
1762152126.5835636,0,0.035,0.8,0,1,3,218.8,220.29999999996932,376.04999999999995,0.0,0.0,0.0,0.0,unknown
1762152126.5936584,0,0.035,0.8,0,0,3,218.63,220.19999999996932,376.04999999999995,0.0,0.0,0.0,0.0,unknown
1762152126.6037698,0,0.034,0.8,0,0,3,218.42,220.09999999996933,376.0,0.0,0.0,0.0,0.0,unknown
1762152126.6138809,0,0.036000000000000004,0.8,1,1,3,218.33,219.99999999996933,375.95,0.0,0.0,0.0,0.0,unknown
1762152126.6239896,0,0.036000000000000004,0.8,0,0,3,218.24,219.89999999996934,375.9,0.0,0.0,0.0,0.0,unknown
1762152126.6341097,0,0.036000000000000004,0.8,0,0,3,218.22,219.79999999996934,375.85,0.0,0.0,0.0,0.0,unknown
1762152126.6442163,0,0.036000000000000004,0.8,0,0,3,218.22,219.69999999996935,375.85,0.0,0.0,0.0,0.0,unknown
1762152126.6543088,0,0.036000000000000004,0.8,0,0,3,218.22,219.59999999996936,375.8,0.0,0.0,0.0,0.0,unknown
1762152126.6643937,0,0.035,0.8,0,0,3,218.24,219.49999999996936,375.7,0.0,0.0,0.0,0.0,unknown
1762152126.674485,0,0.035,0.8,0,0,3,218.24,219.39999999996937,375.54999999999995,0.0,0.0,0.0,0.0,unknown
1762152126.6846,0,0.035,0.8,0,0,3,218.24,219.29999999996937,375.35,0.0,0.0,0.0,0.0,unknown
1762152126.6947107,0,0.035,0.8,0,1,3,218.24,219.19999999996938,375.1,0.0,0.0,0.0,0.0,unknown
1762152126.704817,0,0.034,0.8,0,0,3,218.24,219.09999999996938,374.9,0.0,0.0,0.0,0.0,unknown
1762152126.714943,0,0.036000000000000004,0.8,1,1,3,218.17,218.9999999999694,374.7,0.0,0.0,0.0,0.0,unknown
1762152126.7250798,0,0.035,0.8,0,0,3,218.08,218.8999999999694,374.54999999999995,0.0,0.0,0.0,0.0,unknown
1762152126.7351942,0,0.035,0.8,0,1,3,217.99,218.7999999999694,374.35,0.0,0.0,0.0,0.0,unknown
1762152126.745292,0,0.034,0.8,0,0,3,217.9,218.6999999999694,374.20000000000005,0.0,0.0,0.0,0.0,unknown
1762152126.7554038,0,0.034,0.8,0,1,3,217.9,218.5999999999694,374.05,0.0,0.0,0.0,0.0,unknown
1762152126.765499,0,0.032,0.8,0,0,3,217.99,218.49999999996942,374.05,0.0,0.0,0.0,0.0,unknown
1762152126.775605,0,0.032,0.8,0,0,3,218.03,218.39999999996942,374.05,0.0,0.0,0.0,0.0,unknown
1762152126.7857084,0,0.031000000000000003,0.8,0,0,3,218.03,218.29999999996943,374.1,0.0,0.0,0.0,0.0,unknown
1762152126.7957947,0,0.030000000000000002,0.8,0,1,3,218.03,218.19999999996944,374.20000000000005,0.0,0.0,0.0,0.0,unknown
1762152126.8058608,0,0.031000000000000003,0.8,1,1,3,218.03,218.09999999996944,374.35,0.0,0.0,0.0,0.0,unknown
1762152126.8159611,0,0.029,0.8,0,0,3,217.82,217.99999999996945,374.5,0.0,0.0,0.0,0.0,unknown
1762152126.8260868,0,0.029,0.8,0,0,3,217.61,217.89999999996945,374.65,0.0,0.0,0.0,0.0,unknown
1762152126.8361926,0,0.028,0.8,0,0,3,217.4,217.79999999996946,374.75,0.0,0.0,0.0,0.0,unknown
1762152126.8462827,0,0.028,0.8,1,0,3,217.19,217.69999999996946,374.75,0.0,0.0,0.0,0.0,unknown
1762152126.856398,0,0.028,0.8,0,0,3,216.98,217.59999999996947,374.65,0.0,0.0,0.0,0.0,unknown
1762152126.866486,0,0.028,0.8,0,1,3,216.77,217.49999999996948,374.45000000000005,0.0,0.0,0.0,0.0,unknown
1762152126.8765981,0,0.028,0.8,0,1,3,216.56,217.39999999996948,374.3,0.0,0.0,0.0,0.0,unknown
1762152126.8867059,0,0.028,0.8,0,0,3,216.35,217.2999999999695,374.2,0.0,0.0,0.0,0.0,unknown
1762152126.8968124,0,0.027000000000000003,0.8,0,0,3,216.14,217.1999999999695,374.15,0.0,0.0,0.0,0.0,unknown
1762152126.906934,0,0.027000000000000003,0.8,0,0,3,215.87,217.0999999999695,374.15,0.0,0.0,0.0,0.0,unknown
1762152126.917071,0,0.025,0.8,0,0,3,215.64,216.9999999999695,374.15,0.0,0.0,0.0,0.0,unknown
1762152126.9271867,0,0.025,0.8,0,1,3,215.41,216.8999999999695,374.15,0.0,0.0,0.0,0.0,unknown
1762152126.9372828,0,0.024,0.8,0,0,3,215.22,216.79999999996951,374.15,0.0,0.0,0.0,0.0,unknown
1762152126.9473898,0,0.024,0.8,1,0,3,215.05,216.69999999996952,374.05,0.0,0.0,0.0,0.0,unknown
1762152126.9574916,0,0.024,0.8,0,1,3,214.75,216.59999999996953,373.95,0.0,0.0,0.0,0.0,unknown
1762152126.9675937,0,0.024,0.8,0,1,3,214.66,216.49999999996953,373.75,0.0,0.0,0.0,0.0,unknown
1762152126.9776876,0,0.025,0.8,0,1,3,214.57,216.39999999996954,373.6,0.0,0.0,0.0,0.0,unknown
1762152126.9877932,0,0.026000000000000002,0.8,1,0,3,214.53,216.29999999996954,373.35,0.0,0.0,0.0,0.0,unknown
1762152126.9979002,0,0.026000000000000002,0.8,0,0,3,214.53,216.19999999996955,373.05,0.0,0.0,0.0,0.0,unknown
1762152127.0080216,0,0.026000000000000002,0.8,1,0,3,214.53,216.09999999996955,372.95,0.0,0.0,0.0,0.0,unknown
1762152127.018119,0,0.026000000000000002,0.8,1,0,3,214.49,215.99999999996956,372.85,0.0,0.0,0.0,0.0,unknown
1762152127.028235,0,0.025,0.8,0,0,3,214.49,215.89999999996957,372.7,0.0,0.0,0.0,0.0,unknown
1762152127.038353,0,0.024,0.8,0,0,3,214.49,215.79999999996957,372.6,0.0,0.0,0.0,0.0,unknown
1762152127.0484726,0,0.025,0.8,1,0,3,214.49,215.69999999996958,372.45000000000005,0.0,0.0,0.0,0.0,unknown
1762152127.058571,0,0.026000000000000002,0.8,1,1,3,214.49,215.59999999996958,372.35,0.0,0.0,0.0,0.0,unknown
1762152127.0686786,0,0.028,0.8,1,1,3,214.47,215.4999999999696,372.15,0.0,0.0,0.0,0.0,unknown
1762152127.0788076,0,0.028,0.8,1,0,3,214.38,215.3999999999696,371.9,0.0,0.0,0.0,0.0,unknown
1762152127.0889223,0,0.028,0.8,1,0,3,214.36,215.2999999999696,371.70000000000005,0.0,0.0,0.0,0.0,unknown
1762152127.099052,0,0.028,0.8,0,0,3,214.39,215.1999999999696,371.45,0.0,0.0,0.0,0.0,unknown
1762152127.1091561,0,0.029,0.8,0,1,3,214.44,215.0999999999696,371.3,0.0,0.0,0.0,0.0,unknown
1762152127.1192443,0,0.027000000000000003,0.8,0,0,3,214.6,214.99999999996962,371.20000000000005,0.0,0.0,0.0,0.0,unknown
1762152127.129343,0,0.028,0.8,1,0,3,214.73,214.89999999996962,371.15,0.0,0.0,0.0,0.0,unknown
1762152127.1394448,0,0.028,0.8,0,0,3,214.96,214.79999999996963,371.15,0.0,0.0,0.0,0.0,unknown
1762152127.149544,0,0.028,0.8,0,0,3,215.06,214.69999999996963,371.1,0.0,0.0,0.0,0.0,unknown
1762152127.1596386,0,0.028,0.8,0,0,3,215.16,214.59999999996964,371.15,0.0,0.0,0.0,0.0,unknown
1762152127.1697648,0,0.028,0.8,0,0,3,215.05,214.49999999996965,371.3,0.0,0.0,0.0,0.0,unknown
1762152127.1798723,0,0.029,0.8,0,1,3,214.94,214.39999999996965,371.4,0.0,0.0,0.0,0.0,unknown
1762152127.1900098,0,0.030000000000000002,0.8,0,1,3,214.83,214.29999999996966,371.5,0.0,0.0,0.0,0.0,unknown
1762152127.2001107,0,0.029,0.8,0,0,3,214.72,214.19999999996966,371.4,0.0,0.0,0.0,0.0,unknown
1762152127.2102318,0,0.029,0.8,0,0,3,214.63,214.09999999996967,371.3,0.0,0.0,0.0,0.0,unknown
1762152127.220336,0,0.027000000000000003,0.8,0,0,3,214.52,213.99999999996967,371.15,0.0,0.0,0.0,0.0,unknown
1762152127.2304547,0,0.029,0.8,1,1,3,214.41,213.89999999996968,370.95,0.0,0.0,0.0,0.0,unknown
1762152127.240562,0,0.029,0.8,0,1,3,214.3,213.79999999996969,370.7,0.0,0.0,0.0,0.0,unknown
1762152127.2506638,0,0.030000000000000002,0.8,1,0,3,214.19,213.6999999999697,370.45,0.0,0.0,0.0,0.0,unknown
1762152127.2607768,0,0.030000000000000002,0.8,1,0,3,213.98,213.5999999999697,370.29999999999995,0.0,0.0,0.0,0.0,unknown
1762152127.2708905,0,0.030000000000000002,0.8,0,0,3,213.77,213.4999999999697,370.15,0.0,0.0,0.0,0.0,unknown
1762152127.2810078,0,0.030000000000000002,0.8,0,0,3,213.66,213.3999999999697,370.0,0.0,0.0,0.0,0.0,unknown
1762152127.2911146,0,0.030000000000000002,0.8,0,0,3,213.45,213.2999999999697,369.9,0.0,0.0,0.0,0.0,unknown
1762152127.3011806,0,0.029,0.8,0,0,3,213.19,213.19999999996972,369.8,0.0,0.0,0.0,0.0,unknown
1762152127.3112807,0,0.027000000000000003,0.8,0,0,3,212.89,213.09999999996973,369.75,0.0,0.0,0.0,0.0,unknown
1762152127.321381,0,0.029,0.8,1,1,3,212.59,212.99999999996973,369.6,0.0,0.0,0.0,0.0,unknown
1762152127.3314834,0,0.029,0.8,0,0,3,212.29,212.89999999996974,369.4,0.0,0.0,0.0,0.0,unknown
1762152127.3415868,0,0.029,0.8,0,0,3,212.2,212.79999999996974,369.20000000000005,0.0,0.0,0.0,0.0,unknown
1762152127.3516958,0,0.028,0.8,0,0,3,212.07,212.69999999996975,369.05,0.0,0.0,0.0,0.0,unknown
1762152127.3618238,0,0.028,0.8,0,0,3,211.98,212.59999999996975,369.0,0.0,0.0,0.0,0.0,unknown
1762152127.3719258,0,0.028,0.8,0,1,3,211.89,212.49999999996976,368.9,0.0,0.0,0.0,0.0,unknown
1762152127.3820236,0,0.027000000000000003,0.8,0,0,3,211.8,212.39999999996976,368.75,0.0,0.0,0.0,0.0,unknown
1762152127.3921447,0,0.027000000000000003,0.8,0,0,3,211.71,212.29999999996977,368.6,0.0,0.0,0.0,0.0,unknown
1762152127.4022481,0,0.027000000000000003,0.8,0,0,3,211.62,212.19999999996978,368.45,0.0,0.0,0.0,0.0,unknown
1762152127.4123657,0,0.027000000000000003,0.8,0,0,3,211.46,212.09999999996978,368.25,0.0,0.0,0.0,0.0,unknown
1762152127.4224694,0,0.027000000000000003,0.8,0,0,3,211.3,211.9999999999698,368.05,0.0,0.0,0.0,0.0,unknown
1762152127.4325833,0,0.026000000000000002,0.8,0,0,3,211.12,211.8999999999698,367.9,0.0,0.0,0.0,0.0,unknown
1762152127.4426963,0,0.026000000000000002,0.8,0,0,3,210.99,211.7999999999698,367.8,0.0,0.0,0.0,0.0,unknown
1762152127.4527998,0,0.026000000000000002,0.8,1,0,3,210.93,211.6999999999698,367.65,0.0,0.0,0.0,0.0,unknown
1762152127.4629173,0,0.026000000000000002,0.8,1,0,3,210.93,211.5999999999698,367.5,0.0,0.0,0.0,0.0,unknown
1762152127.4730163,0,0.027000000000000003,0.8,1,1,3,210.99,211.49999999996982,367.4,0.0,0.0,0.0,0.0,unknown
1762152127.4831326,0,0.027000000000000003,0.8,0,1,3,211.11,211.39999999996982,367.4,0.0,0.0,0.0,0.0,unknown
1762152127.4932458,0,0.026000000000000002,0.8,0,0,3,211.21,211.29999999996983,367.5,0.0,0.0,0.0,0.0,unknown
1762152127.5033472,0,0.027000000000000003,0.8,1,0,3,211.31,211.19999999996983,367.7,0.0,0.0,0.0,0.0,unknown
1762152127.5134494,0,0.027000000000000003,0.8,1,0,3,211.2,211.09999999996984,367.9,0.0,0.0,0.0,0.0,unknown
1762152127.523549,0,0.027000000000000003,0.8,1,0,3,211.09,210.99999999996984,367.9,0.0,0.0,0.0,0.0,unknown
1762152127.5336435,0,0.027000000000000003,0.8,0,0,3,210.98,210.89999999996985,367.9,0.0,0.0,0.0,0.0,unknown
1762152127.5437617,0,0.027000000000000003,0.8,0,0,3,210.87,210.79999999996986,367.85,0.0,0.0,0.0,0.0,unknown
1762152127.5538743,0,0.027000000000000003,0.8,0,1,3,210.76,210.69999999996986,367.79999999999995,0.0,0.0,0.0,0.0,unknown
1762152127.5639975,0,0.025,0.8,0,0,3,210.65,210.59999999996987,367.75,0.0,0.0,0.0,0.0,unknown
1762152127.5741112,0,0.023,0.8,0,0,3,210.61,210.49999999996987,367.65,0.0,0.0,0.0,0.0,unknown
1762152127.5842338,0,0.023,0.8,0,1,3,210.61,210.39999999996988,367.5,0.0,0.0,0.0,0.0,unknown
1762152127.5943356,0,0.023,0.8,0,1,3,210.57,210.29999999996988,367.35,0.0,0.0,0.0,0.0,unknown
1762152127.6044402,0,0.024,0.8,1,0,3,210.53,210.1999999999699,367.2,0.0,0.0,0.0,0.0,unknown
1762152127.614564,0,0.024,0.8,1,0,3,210.53,210.0999999999699,367.0,0.0,0.0,0.0,0.0,unknown
1762152127.624685,0,0.024,0.8,0,0,3,210.32,209.9999999999699,366.75,0.0,0.0,0.0,0.0,unknown
1762152127.6347823,0,0.024,0.8,1,0,3,210.15,209.8999999999699,366.5,0.0,0.0,0.0,0.0,unknown
1762152127.644972,0,0.024,0.8,0,0,3,209.89,209.7999999999699,366.29999999999995,0.0,0.0,0.0,0.0,unknown
1762152127.655104,0,0.025,0.8,1,0,3,209.59,209.69999999996992,366.05,0.0,0.0,0.0,0.0,unknown
1762152127.6652422,0,0.026000000000000002,0.8,0,1,3,209.29,209.59999999996992,365.7,0.0,0.0,0.0,0.0,unknown
1762152127.6753623,0,0.027000000000000003,0.8,1,0,3,208.97,209.49999999996993,365.35,0.0,0.0,0.0,0.0,unknown
1762152127.6854792,0,0.026000000000000002,0.8,0,0,3,208.88,209.39999999996994,365.0,0.0,0.0,0.0,0.0,unknown
1762152127.695577,0,0.025,0.8,0,0,3,208.79,209.29999999996994,364.85,0.0,0.0,0.0,0.0,unknown
1762152127.7056875,0,0.027000000000000003,0.8,1,1,3,208.7,209.19999999996995,364.85,0.0,0.0,0.0,0.0,unknown
1762152127.715815,0,0.028,0.8,1,0,3,208.61,209.09999999996995,364.95000000000005,0.0,0.0,0.0,0.0,unknown
1762152127.725925,0,0.028,0.8,0,0,3,208.52,208.99999999996996,365.1,0.0,0.0,0.0,0.0,unknown
1762152127.7360198,0,0.026000000000000002,0.8,0,0,3,208.43,208.89999999996996,365.15,0.0,0.0,0.0,0.0,unknown
1762152127.7461162,0,0.025,0.8,0,0,3,208.34,208.79999999996997,365.2,0.0,0.0,0.0,0.0,unknown
1762152127.7562294,0,0.025,0.8,0,1,3,208.25,208.69999999996998,365.15,0.0,0.0,0.0,0.0,unknown
1762152127.7663503,0,0.025,0.8,0,1,3,208.12,208.59999999996998,365.05,0.0,0.0,0.0,0.0,unknown
1762152127.7764428,0,0.027000000000000003,0.8,1,1,3,207.94,208.49999999997,364.85,0.0,0.0,0.0,0.0,unknown
1762152127.7865632,0,0.029,0.8,1,1,3,207.83,208.39999999997,364.7,0.0,0.0,0.0,0.0,unknown
1762152127.796667,0,0.030000000000000002,0.8,0,1,3,207.83,208.29999999997,364.55,0.0,0.0,0.0,0.0,unknown
1762152127.806738,0,0.030000000000000002,0.8,0,0,3,207.89,208.19999999997,364.4,0.0,0.0,0.0,0.0,unknown
1762152127.8168054,0,0.030000000000000002,0.8,0,0,3,207.91,208.09999999997,364.25,0.0,0.0,0.0,0.0,unknown
1762152127.826913,0,0.028,0.8,0,0,3,208.14,207.99999999997002,364.20000000000005,0.0,0.0,0.0,0.0,unknown
1762152127.8370347,0,0.029,0.8,0,1,3,208.35,207.89999999997002,364.20000000000005,0.0,0.0,0.0,0.0,unknown
1762152127.847165,0,0.031000000000000003,0.8,1,1,3,208.56,207.79999999997003,364.25,0.0,0.0,0.0,0.0,unknown
1762152127.857284,0,0.031000000000000003,0.8,0,0,3,208.56,207.69999999997003,364.4,0.0,0.0,0.0,0.0,unknown
1762152127.8673818,0,0.032,0.8,0,1,3,208.56,207.59999999997004,364.55,0.0,0.0,0.0,0.0,unknown
1762152127.8774974,0,0.031000000000000003,0.8,0,0,3,208.56,207.49999999997004,364.65,0.0,0.0,0.0,0.0,unknown
1762152127.8875961,0,0.031000000000000003,0.8,0,0,3,208.6,207.39999999997005,364.6,0.0,0.0,0.0,0.0,unknown
1762152127.897701,0,0.031000000000000003,0.8,0,0,3,208.6,207.29999999997005,364.55,0.0,0.0,0.0,0.0,unknown
1762152127.907799,0,0.032,0.8,0,1,3,208.6,207.19999999997006,364.5,0.0,0.0,0.0,0.0,unknown
1762152127.9179049,0,0.032,0.8,0,0,3,208.6,207.09999999997007,364.45,0.0,0.0,0.0,0.0,unknown
1762152127.9279833,0,0.032,0.8,0,0,3,208.6,206.99999999997007,364.45000000000005,0.0,0.0,0.0,0.0,unknown
1762152127.9381669,0,0.032,0.8,0,0,3,208.6,206.89999999997008,364.45000000000005,0.0,0.0,0.0,0.0,unknown
1762152127.9482706,0,0.032,0.8,0,0,3,208.58,206.79999999997008,364.4,0.0,0.0,0.0,0.0,unknown
1762152127.958378,0,0.031000000000000003,0.8,0,0,3,208.58,206.6999999999701,364.35,0.0,0.0,0.0,0.0,unknown
1762152127.9684873,0,0.031000000000000003,0.8,0,1,3,208.58,206.5999999999701,364.25,0.0,0.0,0.0,0.0,unknown
1762152127.9785917,0,0.030000000000000002,0.8,0,1,3,208.37,206.4999999999701,364.3,0.0,0.0,0.0,0.0,unknown
1762152127.9886837,0,0.031000000000000003,0.8,0,2,3,208.16,206.3999999999701,364.35,0.0,0.0,0.0,0.0,unknown
1762152127.998795,0,0.032,0.8,0,1,3,207.86,206.2999999999701,364.4,0.0,0.0,0.0,0.0,unknown
1762152128.0088851,0,0.032,0.8,0,1,3,207.49,206.19999999997012,364.35,0.0,0.0,0.0,0.0,unknown
1762152128.018994,0,0.032,0.8,0,1,3,207.02,206.09999999997012,364.1,0.0,0.0,0.0,0.0,unknown
1762152128.0291274,0,0.033,0.8,0,2,3,206.55,205.99999999997013,363.75,0.0,0.0,0.0,0.0,unknown
1762152128.0392451,0,0.033,0.8,0,0,3,206.08,205.89999999997013,363.4,0.0,0.0,0.0,0.0,unknown
1762152128.0493562,0,0.034,0.8,0,1,3,205.61,205.79999999997014,363.05,0.0,0.0,0.0,0.0,unknown
1762152128.0594468,0,0.033,0.8,0,0,3,205.14,205.69999999997015,362.75,0.0,0.0,0.0,0.0,unknown
1762152128.0695574,0,0.034,0.8,1,0,3,204.67,205.59999999997015,362.4,0.0,0.0,0.0,0.0,unknown
1762152128.0796628,0,0.034,0.8,0,0,3,204.2,205.49999999997016,362.20000000000005,0.0,0.0,0.0,0.0,unknown
1762152128.0897777,0,0.033,0.8,0,0,3,203.73,205.39999999997016,362.04999999999995,0.0,0.0,0.0,0.0,unknown
1762152128.0998616,0,0.033,0.8,1,0,3,203.19,205.29999999997017,361.8,0.0,0.0,0.0,0.0,unknown
1762152128.1099677,0,0.033,0.8,1,0,3,202.65,205.19999999997017,361.6,0.0,0.0,0.0,0.0,unknown
1762152128.1201046,0,0.032,0.8,0,0,3,202.09,205.09999999997018,361.35,0.0,0.0,0.0,0.0,unknown
1762152128.130207,0,0.033,0.8,0,1,3,201.55,204.99999999997019,361.04999999999995,0.0,0.0,0.0,0.0,unknown
1762152128.1403098,0,0.033,0.8,0,1,3,201.04,204.8999999999702,360.75,0.0,0.0,0.0,0.0,unknown
1762152128.1504035,0,0.035,0.8,2,0,3,200.53,204.7999999999702,360.4,0.0,0.0,0.0,0.0,unknown
1762152128.160511,0,0.035,0.8,1,0,3,200.22,204.6999999999702,360.15,0.0,0.0,0.0,0.0,unknown
1762152128.1706,0,0.037000000000000005,0.8,2,1,3,200.01,204.5999999999702,359.85,0.0,0.0,0.0,0.0,unknown
1762152128.1807268,0,0.037000000000000005,0.8,1,0,3,200.01,204.4999999999702,359.54999999999995,0.0,0.0,0.0,0.0,unknown
1762152128.190831,0,0.037000000000000005,0.8,0,0,3,200.12,204.39999999997022,359.4,0.0,0.0,0.0,0.0,unknown
1762152128.2009273,0,0.037000000000000005,0.8,0,0,3,200.23,204.29999999997023,359.25,0.0,0.0,0.0,0.0,unknown
1762152128.2110283,0,0.035,0.8,0,0,3,200.34,204.19999999997023,359.3,0.0,0.0,0.0,0.0,unknown
1762152128.2211266,0,0.034,0.8,0,0,3,200.45,204.09999999997024,359.4,0.0,0.0,0.0,0.0,unknown
1762152128.2312481,0,0.034,0.8,0,0,3,200.56,203.99999999997024,359.6,0.0,0.0,0.0,0.0,unknown
1762152128.2413664,0,0.034,0.8,0,0,3,200.67,203.89999999997025,359.79999999999995,0.0,0.0,0.0,0.0,unknown
1762152128.2514842,0,0.034,0.8,0,0,3,200.78,203.79999999997025,360.0,0.0,0.0,0.0,0.0,unknown
1762152128.2616093,0,0.034,0.8,0,1,3,200.89,203.69999999997026,360.20000000000005,0.0,0.0,0.0,0.0,unknown
1762152128.2717218,0,0.033,0.8,0,0,3,201,203.59999999997027,360.29999999999995,0.0,0.0,0.0,0.0,unknown
1762152128.2818077,0,0.031,0.8,0,0,3,201.11,203.49999999997027,360.35,0.0,0.0,0.0,0.0,unknown
1762152128.2919135,0,0.029,0.8,0,0,3,201.22,203.39999999997028,360.5,0.0,0.0,0.0,0.0,unknown
1762152128.3020337,0,0.028,0.8,0,0,3,201.33,203.29999999997028,360.65,0.0,0.0,0.0,0.0,unknown
1762152128.3121278,0,0.030000000000000002,0.8,1,1,3,201.5,203.1999999999703,360.8,0.0,0.0,0.0,0.0,unknown
1762152128.3222036,0,0.030000000000000002,0.8,0,0,3,201.71,203.0999999999703,360.8,0.0,0.0,0.0,0.0,unknown
1762152128.3323123,0,0.030000000000000002,0.8,0,0,3,201.82,202.9999999999703,360.85,0.0,0.0,0.0,0.0,unknown
1762152128.3424153,0,0.029,0.8,0,0,3,201.82,202.8999999999703,360.85,0.0,0.0,0.0,0.0,unknown
1762152128.3525267,0,0.027,0.8,0,0,3,201.61,202.7999999999703,360.9,0.0,0.0,0.0,0.0,unknown
1762152128.3626537,0,0.028,0.8,1,0,3,201.23,202.69999999997032,360.95,0.0,0.0,0.0,0.0,unknown
1762152128.3727531,0,0.028,0.8,1,0,3,200.85,202.59999999997032,360.85,0.0,0.0,0.0,0.0,unknown
1762152128.3828769,0,0.030000000000000002,0.8,2,0,3,200.47,202.49999999997033,360.7,0.0,0.0,0.0,0.0,unknown
1762152128.3929758,0,0.030000000000000002,0.8,0,0,3,200.09,202.39999999997033,360.55,0.0,0.0,0.0,0.0,unknown
1762152128.4030747,0,0.030000000000000002,0.8,0,0,3,199.71,202.29999999997034,360.4,0.0,0.0,0.0,0.0,unknown
1762152128.413167,0,0.029,0.8,0,0,3,199.33,202.19999999997034,360.29999999999995,0.0,0.0,0.0,0.0,unknown
1762152128.423281,0,0.029,0.8,0,0,3,198.95,202.09999999997035,360.15,0.0,0.0,0.0,0.0,unknown
1762152128.4334667,0,0.029,0.8,0,0,3,198.57,201.99999999997036,360.0,0.0,0.0,0.0,0.0,unknown
1762152128.4435725,0,0.030000000000000002,0.8,0,1,3,198.19,201.89999999997036,359.8,0.0,0.0,0.0,0.0,unknown
1762152128.4536705,0,0.030000000000000002,0.8,0,0,3,197.81,201.79999999997037,359.55,0.0,0.0,0.0,0.0,unknown
1762152128.463789,0,0.031,0.8,1,0,3,197.43,201.69999999997037,359.3,0.0,0.0,0.0,0.0,unknown
1762152128.4738786,0,0.031,0.8,1,0,3,197.05,201.59999999997038,359.0,0.0,0.0,0.0,0.0,unknown
1762152128.4839861,0,0.030000000000000002,0.8,0,0,3,196.61,201.49999999997038,358.7,0.0,0.0,0.0,0.0,unknown
1762152128.4941056,0,0.029,0.8,0,1,3,196.21,201.3999999999704,358.5,0.0,0.0,0.0,0.0,unknown
1762152128.5042186,0,0.029,0.8,0,1,3,195.9,201.2999999999704,358.25,0.0,0.0,0.0,0.0,unknown
1762152128.5143154,0,0.028,0.8,0,0,3,195.69,201.1999999999704,358.0,0.0,0.0,0.0,0.0,unknown
1762152128.5244322,0,0.029,0.8,1,1,3,195.69,201.0999999999704,357.8,0.0,0.0,0.0,0.0,unknown
1762152128.5345342,0,0.029,0.8,1,1,3,195.69,200.9999999999704,357.7,0.0,0.0,0.0,0.0,unknown
1762152128.5446372,0,0.030000000000000002,0.8,0,1,3,195.69,200.89999999997042,357.65,0.0,0.0,0.0,0.0,unknown
1762152128.554763,0,0.030000000000000002,0.8,0,1,3,195.69,200.79999999997042,357.7,0.0,0.0,0.0,0.0,unknown
1762152128.564879,0,0.031,0.8,0,1,3,195.69,200.69999999997043,357.85,0.0,0.0,0.0,0.0,unknown
1762152128.574996,0,0.031,0.8,0,1,3,195.69,200.59999999997044,358.0,0.0,0.0,0.0,0.0,unknown
1762152128.5850947,0,0.032,0.8,1,0,3,195.69,200.49999999997044,358.15,0.0,0.0,0.0,0.0,unknown
1762152128.5951862,0,0.034,0.8,1,1,3,195.69,200.39999999997045,358.35,0.0,0.0,0.0,0.0,unknown
1762152128.6052942,0,0.034,0.8,0,1,3,195.69,200.29999999997045,358.5,0.0,0.0,0.0,0.0,unknown
1762152128.6153827,0,0.033,0.8,0,0,3,195.69,200.19999999997046,358.6,0.0,0.0,0.0,0.0,unknown
1762152128.6254756,0,0.034,0.8,1,0,3,195.69,200.09999999997046,358.70000000000005,0.0,0.0,0.0,0.0,unknown
1762152128.6355705,0,0.034,0.8,0,1,3,195.9,199.99999999997047,358.85,0.0,0.0,0.0,0.0,unknown
1762152128.6456563,0,0.034,0.8,0,1,3,196.07,199.89999999997048,359.0,0.0,0.0,0.0,0.0,unknown
1762152128.6557577,0,0.032,0.8,0,0,3,196.24,199.79999999997048,359.15,0.0,0.0,0.0,0.0,unknown
1762152128.6658409,0,0.031,0.8,0,0,3,196.45,199.6999999999705,359.3,0.0,0.0,0.0,0.0,unknown
1762152128.675931,0,0.030000000000000002,0.8,1,1,3,196.56,199.5999999999705,359.45,0.0,0.0,0.0,0.0,unknown
1762152128.686024,0,0.031000000000000003,0.8,1,1,3,196.56,199.4999999999705,359.55,0.0,0.0,0.0,0.0,unknown
1762152128.6961198,0,0.032,0.8,0,1,3,196.25,199.3999999999705,359.6,0.0,0.0,0.0,0.0,unknown
1762152128.7062135,0,0.033,0.8,0,1,3,195.87,199.2999999999705,359.5,0.0,0.0,0.0,0.0,unknown
1762152128.7162895,0,0.034,0.8,0,1,3,195.49,199.19999999997052,359.3,0.0,0.0,0.0,0.0,unknown
1762152128.7263887,0,0.034,0.8,0,0,3,195.11,199.09999999997052,359.0,0.0,0.0,0.0,0.0,unknown
1762152128.7364795,0,0.035,0.8,1,0,3,194.73,198.99999999997053,358.7,0.0,0.0,0.0,0.0,unknown
1762152128.7465823,0,0.035,0.8,0,0,3,194.35,198.89999999997053,358.45,0.0,0.0,0.0,0.0,unknown
1762152128.7567906,0,0.036000000000000004,0.8,0,1,3,193.97,198.79999999997054,358.20000000000005,0.0,0.0,0.0,0.0,unknown
1762152128.7669082,0,0.035,0.8,0,0,3,193.59,198.69999999997054,357.95,0.0,0.0,0.0,0.0,unknown
1762152128.7770283,0,0.036000000000000004,0.8,0,1,3,193.21,198.59999999997055,357.75,0.0,0.0,0.0,0.0,unknown
1762152128.7871287,0,0.036000000000000004,0.8,0,0,3,192.83,198.49999999997056,357.65,0.0,0.0,0.0,0.0,unknown
1762152128.797312,0,0.036000000000000004,0.8,0,0,3,192.43,198.39999999997056,357.5,0.0,0.0,0.0,0.0,unknown
1762152128.8074286,0,0.037000000000000005,0.8,0,1,3,192.03,198.29999999997057,357.35,0.0,0.0,0.0,0.0,unknown
1762152128.8175251,0,0.035,0.8,0,0,3,191.59,198.19999999997057,357.2,0.0,0.0,0.0,0.0,unknown
1762152128.8276238,0,0.035,0.8,0,0,3,191.19,198.09999999997058,357.04999999999995,0.0,0.0,0.0,0.0,unknown
1762152128.837711,0,0.035,0.8,0,0,3,190.79,197.99999999997058,356.85,0.0,0.0,0.0,0.0,unknown
1762152128.8478334,0,0.036000000000000004,0.8,1,0,3,190.48,197.8999999999706,356.65,0.0,0.0,0.0,0.0,unknown
1762152128.8579564,0,0.036000000000000004,0.8,0,0,3,190.27,197.7999999999706,356.5,0.0,0.0,0.0,0.0,unknown
1762152128.8681324,0,0.035,0.8,0,0,3,190.27,197.6999999999706,356.35,0.0,0.0,0.0,0.0,unknown
1762152128.8782516,0,0.035,0.8,1,0,3,190.27,197.5999999999706,356.2,0.0,0.0,0.0,0.0,unknown
1762152128.888389,0,0.033,0.8,0,0,3,190.27,197.4999999999706,356.15,0.0,0.0,0.0,0.0,unknown
1762152128.8985076,0,0.033,0.8,0,0,3,190.23,197.39999999997062,356.2,0.0,0.0,0.0,0.0,unknown
1762152128.908613,0,0.033,0.8,0,0,3,190.23,197.29999999997062,356.3,0.0,0.0,0.0,0.0,unknown
1762152128.9187055,0,0.034,0.8,0,1,3,190.23,197.19999999997063,356.4,0.0,0.0,0.0,0.0,unknown
1762152128.928825,0,0.034,0.8,0,0,3,190.23,197.09999999997063,356.5,0.0,0.0,0.0,0.0,unknown
1762152128.9389174,0,0.034,0.8,0,0,3,190.23,196.99999999997064,356.55,0.0,0.0,0.0,0.0,unknown
1762152128.949033,0,0.034,0.8,1,0,3,190.23,196.89999999997065,356.55,0.0,0.0,0.0,0.0,unknown
1762152128.9591472,0,0.034,0.8,0,0,3,190.23,196.79999999997065,356.54999999999995,0.0,0.0,0.0,0.0,unknown
1762152128.969257,0,0.034,0.8,1,0,3,190.19,196.69999999997066,356.6,0.0,0.0,0.0,0.0,unknown
1762152128.9793496,0,0.033,0.8,0,0,3,190.3,196.59999999997066,356.7,0.0,0.0,0.0,0.0,unknown
1762152128.9894636,0,0.033,0.8,0,0,3,190.41,196.49999999997067,356.75,0.0,0.0,0.0,0.0,unknown
1762152128.999577,0,0.032,0.8,0,0,3,190.62,196.39999999997067,356.8,0.0,0.0,0.0,0.0,unknown
1762152129.0096786,0,0.032,0.8,0,1,3,190.83,196.29999999997068,356.8,0.0,0.0,0.0,0.0,unknown
1762152129.0197766,0,0.033,0.8,0,1,3,191.11,196.1999999999707,356.85,0.0,0.0,0.0,0.0,unknown
1762152129.0298584,0,0.033,0.8,1,1,3,191.28,196.0999999999707,356.95000000000005,0.0,0.0,0.0,0.0,unknown
1762152129.0399787,0,0.034,0.8,1,2,3,191.45,195.9999999999707,357.20000000000005,0.0,0.0,0.0,0.0,unknown
1762152129.0501435,0,0.035,0.8,1,1,3,191.45,195.8999999999707,357.5,0.0,0.0,0.0,0.0,unknown
1762152129.0602658,0,0.036000000000000004,0.8,0,2,3,191.45,195.7999999999707,357.65,0.0,0.0,0.0,0.0,unknown
1762152129.0703824,0,0.038,0.8,1,2,3,191.45,195.69999999997071,357.75,0.0,0.0,0.0,0.0,unknown
1762152129.0804665,0,0.038,0.8,0,1,3,191.45,195.59999999997072,357.75,0.0,0.0,0.0,0.0,unknown
1762152129.0905461,0,0.038,0.8,1,0,3,191.45,195.49999999997073,357.6,0.0,0.0,0.0,0.0,unknown
1762152129.1006463,0,0.036000000000000004,0.8,0,0,3,191.45,195.39999999997073,357.45,0.0,0.0,0.0,0.0,unknown
1762152129.1107523,0,0.035,0.8,0,0,3,191.45,195.29999999997074,357.35,0.0,0.0,0.0,0.0,unknown
1762152129.1208568,0,0.036000000000000004,0.8,0,1,3,191.45,195.19999999997074,357.25,0.0,0.0,0.0,0.0,unknown
1762152129.1309555,0,0.035,0.8,0,0,3,191.45,195.09999999997075,357.15,0.0,0.0,0.0,0.0,unknown
1762152129.1410937,0,0.034,0.8,0,0,3,191.45,194.99999999997075,356.95,0.0,0.0,0.0,0.0,unknown
1762152129.1512017,0,0.035,0.8,1,1,3,191.45,194.89999999997076,356.8,0.0,0.0,0.0,0.0,unknown
1762152129.1613028,0,0.035,0.8,0,0,3,191.45,194.79999999997077,356.65,0.0,0.0,0.0,0.0,unknown
1762152129.171406,0,0.036000000000000004,0.8,1,0,3,191.38,194.69999999997077,356.5,0.0,0.0,0.0,0.0,unknown
1762152129.181524,0,0.035,0.8,1,0,3,191.21,194.59999999997078,356.3,0.0,0.0,0.0,0.0,unknown
1762152129.1916368,0,0.034,0.8,1,0,3,191.04,194.49999999997078,356.1,0.0,0.0,0.0,0.0,unknown
1762152129.2017374,0,0.033,0.8,0,0,3,190.76,194.3999999999708,355.9,0.0,0.0,0.0,0.0,unknown
1762152129.211846,0,0.033,0.8,0,1,3,190.48,194.2999999999708,355.75,0.0,0.0,0.0,0.0,unknown
1762152129.2219534,0,0.032,0.8,0,0,3,190.37,194.1999999999708,355.55,0.0,0.0,0.0,0.0,unknown
1762152129.2320607,0,0.033,0.8,0,1,3,190.26,194.0999999999708,355.4,0.0,0.0,0.0,0.0,unknown
1762152129.242165,0,0.033,0.8,0,1,3,190.15,193.9999999999708,355.2,0.0,0.0,0.0,0.0,unknown
1762152129.2522788,0,0.035,0.8,1,1,3,190.04,193.89999999997082,355.1,0.0,0.0,0.0,0.0,unknown
1762152129.26238,0,0.035,0.8,0,1,3,189.93,193.79999999997082,355.1,0.0,0.0,0.0,0.0,unknown
1762152129.272484,0,0.036000000000000004,0.8,1,0,3,189.82,193.69999999997083,355.1,0.0,0.0,0.0,0.0,unknown
1762152129.2825885,0,0.035,0.8,0,0,3,189.71,193.59999999997083,355.1,0.0,0.0,0.0,0.0,unknown
1762152129.2926874,0,0.036000000000000004,0.8,1,0,3,189.6,193.49999999997084,355.1,0.0,0.0,0.0,0.0,unknown
1762152129.3028076,0,0.038,0.8,1,1,3,189.49,193.39999999997085,355.0,0.0,0.0,0.0,0.0,unknown
1762152129.3129137,0,0.038,0.8,0,1,3,189.38,193.29999999997085,354.85,0.0,0.0,0.0,0.0,unknown
1762152129.3230298,0,0.04,0.8,1,1,3,189.17,193.19999999997086,354.7,0.0,0.0,0.0,0.0,unknown
1762152129.333126,0,0.04,0.8,0,0,3,188.96,193.09999999997086,354.6,0.0,0.0,0.0,0.0,unknown
1762152129.3432286,0,0.041,0.8,0,1,3,188.85,192.99999999997087,354.45,0.0,0.0,0.0,0.0,unknown
1762152129.353326,0,0.04,0.8,0,0,3,188.89,192.89999999997087,354.35,0.0,0.0,0.0,0.0,unknown
1762152129.3634288,0,0.04,0.8,0,0,3,188.89,192.79999999997088,354.2,0.0,0.0,0.0,0.0,unknown
1762152129.3735378,0,0.041,0.8,0,1,3,189.06,192.69999999997088,354.05,0.0,0.0,0.0,0.0,unknown
1762152129.3836405,0,0.041,0.8,1,0,3,189.23,192.5999999999709,354.0,0.0,0.0,0.0,0.0,unknown
1762152129.393746,0,0.041,0.8,0,0,3,189.4,192.4999999999709,353.95000000000005,0.0,0.0,0.0,0.0,unknown
1762152129.4038699,0,0.041,0.8,0,0,3,189.4,192.3999999999709,353.85,0.0,0.0,0.0,0.0,unknown
1762152129.4139884,0,0.041,0.8,0,0,3,189.4,192.2999999999709,353.75,0.0,0.0,0.0,0.0,unknown
1762152129.4240801,0,0.04,0.8,0,0,3,189.4,192.1999999999709,353.6,0.0,0.0,0.0,0.0,unknown
1762152129.4341722,0,0.04,0.8,0,0,3,189.4,192.09999999997092,353.55,0.0,0.0,0.0,0.0,unknown
1762152129.4442756,0,0.04,0.8,0,0,3,189.4,191.99999999997092,353.45,0.0,0.0,0.0,0.0,unknown
1762152129.4543688,0,0.04,0.8,1,0,3,189.4,191.89999999997093,353.35,0.0,0.0,0.0,0.0,unknown
1762152129.464469,0,0.041,0.8,1,0,3,189.4,191.79999999997094,353.3,0.0,0.0,0.0,0.0,unknown
1762152129.474572,0,0.041,0.8,1,0,3,189.4,191.69999999997094,353.3,0.0,0.0,0.0,0.0,unknown
1762152129.4846942,0,0.041,0.8,0,0,3,189.4,191.59999999997095,353.35,0.0,0.0,0.0,0.0,unknown
1762152129.4947987,0,0.041,0.8,0,0,3,189.4,191.49999999997095,353.45,0.0,0.0,0.0,0.0,unknown
1762152129.5049126,0,0.041,0.8,0,0,3,189.4,191.39999999997096,353.5,0.0,0.0,0.0,0.0,unknown
1762152129.5150332,0,0.042,0.8,1,1,3,189.33,191.29999999997096,353.6,0.0,0.0,0.0,0.0,unknown
1762152129.5251389,0,0.042,0.8,1,0,3,189.16,191.19999999997097,353.65,0.0,0.0,0.0,0.0,unknown
1762152129.5352433,0,0.04,0.8,0,0,3,188.99,191.09999999997098,353.65,0.0,0.0,0.0,0.0,unknown
1762152129.545365,0,0.037000000000000005,0.8,0,0,3,188.82,190.99999999997098,353.65,0.0,0.0,0.0,0.0,unknown
1762152129.5554683,0,0.035,0.8,0,0,3,188.65,190.899999999971,353.6,0.0,0.0,0.0,0.0,unknown
1762152129.5655801,0,0.034,0.8,0,1,3,188.48,190.799999999971,353.54999999999995,0.0,0.0,0.0,0.0,unknown
1762152129.575715,0,0.031000000000000003,0.8,0,0,3,188.48,190.699999999971,353.35,0.0,0.0,0.0,0.0,unknown
1762152129.5858319,0,0.030000000000000002,0.8,0,0,3,188.48,190.599999999971,353.2,0.0,0.0,0.0,0.0,unknown
1762152129.595953,0,0.029,0.8,0,0,3,188.48,190.499999999971,353.04999999999995,0.0,0.0,0.0,0.0,unknown
1762152129.6060734,0,0.030000000000000002,0.8,1,0,3,188.48,190.39999999997102,352.95000000000005,0.0,0.0,0.0,0.0,unknown
1762152129.6161723,0,0.031000000000000003,0.8,1,0,3,188.48,190.29999999997102,352.85,0.0,0.0,0.0,0.0,unknown
1762152129.6262898,0,0.030000000000000002,0.8,0,0,3,188.48,190.19999999997103,352.85,0.0,0.0,0.0,0.0,unknown
1762152129.636402,0,0.030000000000000002,0.8,0,0,3,188.48,190.09999999997103,352.95000000000005,0.0,0.0,0.0,0.0,unknown
1762152129.6465023,0,0.030000000000000002,0.8,0,0,3,188.27,189.99999999997104,353.0,0.0,0.0,0.0,0.0,unknown
1762152129.6566222,0,0.029,0.8,1,0,3,188.06,189.89999999997104,353.0,0.0,0.0,0.0,0.0,unknown
1762152129.6667442,0,0.030000000000000002,0.8,0,1,3,187.85,189.79999999997105,353.0,0.0,0.0,0.0,0.0,unknown
1762152129.6768463,0,0.029,0.8,0,0,3,187.64,189.69999999997106,352.95,0.0,0.0,0.0,0.0,unknown
1762152129.6869454,0,0.028,0.8,0,0,3,187.53,189.59999999997106,352.95,0.0,0.0,0.0,0.0,unknown
1762152129.6970627,0,0.027000000000000003,0.8,0,0,3,187.57,189.49999999997107,353.05,0.0,0.0,0.0,0.0,unknown
1762152129.7071743,0,0.027000000000000003,0.8,0,0,3,187.71,189.39999999997107,353.2,0.0,0.0,0.0,0.0,unknown
1762152129.7172396,0,0.026000000000000002,0.8,0,0,3,187.88,189.29999999997108,353.35,0.0,0.0,0.0,0.0,unknown
1762152129.7273023,0,0.027000000000000003,0.8,1,0,3,188.05,189.19999999997108,353.5,0.0,0.0,0.0,0.0,unknown
1762152129.737365,0,0.026000000000000002,0.8,0,0,3,188.22,189.0999999999711,353.5,0.0,0.0,0.0,0.0,unknown
1762152129.7474291,0,0.025,0.8,0,0,3,188.22,188.9999999999711,353.4,0.0,0.0,0.0,0.0,unknown
1762152129.7574933,0,0.023,0.8,0,0,3,188.22,188.8999999999711,353.35,0.0,0.0,0.0,0.0,unknown
1762152129.767556,0,0.023,0.8,0,1,3,188.22,188.7999999999711,353.29999999999995,0.0,0.0,0.0,0.0,unknown
1762152129.777618,0,0.022000000000000002,0.8,0,0,3,188.22,188.6999999999711,353.35,0.0,0.0,0.0,0.0,unknown
1762152129.7876933,0,0.023,0.8,1,0,3,188.22,188.59999999997112,353.35,0.0,0.0,0.0,0.0,unknown
1762152129.797776,0,0.023,0.8,1,0,3,188.22,188.49999999997112,353.25,0.0,0.0,0.0,0.0,unknown
1762152129.8078563,0,0.022000000000000002,0.8,1,0,3,188.22,188.39999999997113,353.15,0.0,0.0,0.0,0.0,unknown
1762152129.8179424,0,0.022000000000000002,0.8,1,0,3,188.22,188.29999999997113,353.0,0.0,0.0,0.0,0.0,unknown
1762152129.8280082,0,0.02,0.8,0,0,3,188.22,188.19999999997114,352.85,0.0,0.0,0.0,0.0,unknown
1762152129.838081,0,0.02,0.8,0,0,3,188.22,188.09999999997115,352.75,0.0,0.0,0.0,0.0,unknown
1762152129.8481429,0,0.02,0.8,1,0,3,188.22,187.99999999997115,352.65,0.0,0.0,0.0,0.0,unknown
1762152129.8582485,0,0.021,0.8,1,0,3,188.15,187.89999999997116,352.54999999999995,0.0,0.0,0.0,0.0,unknown
1762152129.8683147,0,0.022000000000000002,0.8,1,0,3,187.98,187.79999999997116,352.4,0.0,0.0,0.0,0.0,unknown
1762152129.8783789,0,0.023,0.8,1,1,3,187.81,187.69999999997117,352.25,0.0,0.0,0.0,0.0,unknown
1762152129.8884447,0,0.025,0.8,1,2,3,187.64,187.59999999997117,352.20000000000005,0.0,0.0,0.0,0.0,unknown
1762152129.8985102,0,0.026000000000000002,0.8,0,1,3,187.47,187.49999999997118,352.1,0.0,0.0,0.0,0.0,unknown
1762152129.9085863,0,0.027,0.8,0,1,3,187.3,187.3999999999712,351.95000000000005,0.0,0.0,0.0,0.0,unknown
1762152129.9186525,0,0.029,0.8,2,0,3,187.3,187.2999999999712,351.75,0.0,0.0,0.0,0.0,unknown
1762152129.9287217,0,0.030000000000000002,0.8,1,0,3,187.3,187.1999999999712,351.6,0.0,0.0,0.0,0.0,unknown
1762152129.938786,0,0.031,0.8,1,0,3,187.3,187.0999999999712,351.45000000000005,0.0,0.0,0.0,0.0,unknown
1762152129.9488776,0,0.032,0.8,1,0,3,187.3,186.9999999999712,351.4,0.0,0.0,0.0,0.0,unknown
1762152129.9589865,0,0.033,0.8,1,1,3,187.3,186.89999999997121,351.35,0.0,0.0,0.0,0.0,unknown
1762152129.9690948,0,0.033,0.8,1,0,3,187.3,186.79999999997122,351.35,0.0,0.0,0.0,0.0,unknown
1762152129.979206,0,0.033,0.8,1,0,3,187.3,186.69999999997123,351.29999999999995,0.0,0.0,0.0,0.0,unknown
1762152129.98931,0,0.033,0.8,0,0,3,187.19,186.59999999997123,351.29999999999995,0.0,0.0,0.0,0.0,unknown
1762152129.999413,0,0.034,0.8,0,1,3,187.08,186.49999999997124,351.29999999999995,0.0,0.0,0.0,0.0,unknown
1762152130.00952,0,0.035,0.8,1,0,3,186.87,186.39999999997124,351.3,0.0,0.0,0.0,0.0,unknown
1762152130.0196226,0,0.034,0.8,1,0,3,186.66,186.29999999997125,351.29999999999995,0.0,0.0,0.0,0.0,unknown
1762152130.0297194,0,0.034,0.8,0,1,3,186.47,186.19999999997125,351.35,0.0,0.0,0.0,0.0,unknown
1762152130.0398197,0,0.035,0.8,1,0,3,186.51,186.09999999997126,351.35,0.0,0.0,0.0,0.0,unknown
1762152130.0499196,0,0.038,0.8,2,1,3,186.53,185.99999999997127,351.2,0.0,0.0,0.0,0.0,unknown
1762152130.0600212,0,0.038,0.8,0,0,3,186.7,185.89999999997127,351.1,0.0,0.0,0.0,0.0,unknown
1762152130.0701048,0,0.037,0.8,0,0,3,186.87,185.79999999997128,351.04999999999995,0.0,0.0,0.0,0.0,unknown
1762152130.0801873,0,0.037,0.8,0,0,3,186.87,185.69999999997128,351.04999999999995,0.0,0.0,0.0,0.0,unknown
1762152130.0902705,0,0.038,0.8,1,0,3,186.87,185.5999999999713,351.15,0.0,0.0,0.0,0.0,unknown
1762152130.1003435,0,0.038,0.8,0,0,3,186.71,185.4999999999713,351.2,0.0,0.0,0.0,0.0,unknown
1762152130.1104198,0,0.037,0.8,0,0,3,186.55,185.3999999999713,351.25,0.0,0.0,0.0,0.0,unknown
1762152130.120496,0,0.037,0.8,0,1,3,186.43,185.2999999999713,351.25,0.0,0.0,0.0,0.0,unknown
1762152130.1305687,0,0.039,0.8,0,2,3,186.31,185.1999999999713,351.25,0.0,0.0,0.0,0.0,unknown
1762152130.1406443,0,0.039,0.8,0,0,3,186.15,185.09999999997132,351.25,0.0,0.0,0.0,0.0,unknown
1762152130.1507773,0,0.042,0.8,1,2,3,185.99,184.99999999997132,351.25,0.0,0.0,0.0,0.0,unknown
1762152130.1608586,0,0.041,0.8,0,0,3,185.83,184.89999999997133,351.2,0.0,0.0,0.0,0.0,unknown
1762152130.17095,0,0.041,0.8,1,0,3,185.64,184.79999999997133,351.15,0.0,0.0,0.0,0.0,unknown
1762152130.181046,0,0.042,0.8,1,0,3,185.52,184.69999999997134,351.15,0.0,0.0,0.0,0.0,unknown
1762152130.1911273,0,0.043000000000000003,0.8,1,0,3,185.36,184.59999999997135,351.25,0.0,0.0,0.0,0.0,unknown
1762152130.2011983,0,0.045,0.8,1,1,3,185.2,184.49999999997135,351.3,0.0,0.0,0.0,0.0,unknown
1762152130.2112725,0,0.047,0.8,1,1,3,185.04,184.39999999997136,351.29999999999995,0.0,0.0,0.0,0.0,unknown
1762152130.2213604,0,0.048,0.8,1,0,3,185.04,184.29999999997136,351.20000000000005,0.0,0.0,0.0,0.0,unknown
1762152130.2314382,0,0.047,0.8,0,0,3,184.78,184.19999999997137,351.15,0.0,0.0,0.0,0.0,unknown
1762152130.2415254,0,0.049,0.8,0,2,3,184.61,184.09999999997137,351.0,0.0,0.0,0.0,0.0,unknown
1762152130.2516541,0,0.05,0.8,1,0,3,184.44,183.99999999997138,350.85,0.0,0.0,0.0,0.0,unknown
1762152130.261725,0,0.051000000000000004,0.8,1,0,3,184.27,183.89999999997139,350.65,0.0,0.0,0.0,0.0,unknown
1762152130.271795,0,0.051000000000000004,0.8,0,1,3,184.1,183.7999999999714,350.5,0.0,0.0,0.0,0.0,unknown
1762152130.2818623,0,0.051000000000000004,0.8,0,0,3,183.93,183.6999999999714,350.35,0.0,0.0,0.0,0.0,unknown
1762152130.29197,0,0.05,0.8,0,0,3,183.76,183.5999999999714,350.3,0.0,0.0,0.0,0.0,unknown
1762152130.3021042,0,0.049,0.8,0,0,3,183.59,183.4999999999714,350.2,0.0,0.0,0.0,0.0,unknown
1762152130.3121736,0,0.049,0.8,1,0,3,183.42,183.3999999999714,350.1,0.0,0.0,0.0,0.0,unknown
1762152130.322238,0,0.049,0.8,0,1,3,183.25,183.29999999997142,350.04999999999995,0.0,0.0,0.0,0.0,unknown
1762152130.332302,0,0.051000000000000004,0.8,1,1,3,183.08,183.19999999997142,350.0,0.0,0.0,0.0,0.0,unknown
1762152130.3423667,0,0.052000000000000005,0.8,1,0,3,182.91,183.09999999997143,349.95,0.0,0.0,0.0,0.0,unknown
1762152130.3524344,0,0.051000000000000004,0.8,0,0,3,182.74,182.99999999997144,349.95,0.0,0.0,0.0,0.0,unknown
1762152130.3624985,0,0.051000000000000004,0.8,0,1,3,182.53,182.89999999997144,349.9,0.0,0.0,0.0,0.0,unknown
1762152130.3726487,0,0.05,0.8,0,0,3,182.43,182.79999999997145,349.85,0.0,0.0,0.0,0.0,unknown
1762152130.3827689,0,0.05,0.8,1,1,3,182.33,182.69999999997145,349.79999999999995,0.0,0.0,0.0,0.0,unknown
1762152130.392848,0,0.048,0.8,0,1,3,182.26,182.59999999997146,349.8,0.0,0.0,0.0,0.0,unknown
1762152130.4029322,0,0.048,0.8,1,0,3,182.16,182.49999999997146,349.75,0.0,0.0,0.0,0.0,unknown
1762152130.413019,0,0.047,0.8,0,0,3,182.16,182.39999999997147,349.79999999999995,0.0,0.0,0.0,0.0,unknown
1762152130.4231434,0,0.047,0.8,1,1,3,182.16,182.29999999997148,349.9,0.0,0.0,0.0,0.0,unknown
1762152130.433238,0,0.047,0.8,1,0,3,182.04,182.19999999997148,350.0,0.0,0.0,0.0,0.0,unknown
1762152130.4433217,0,0.047,0.8,1,0,3,181.88,182.0999999999715,350.0,0.0,0.0,0.0,0.0,unknown
1762152130.453414,0,0.046,0.8,0,0,3,181.72,181.9999999999715,349.95000000000005,0.0,0.0,0.0,0.0,unknown
1762152130.4635034,0,0.044000000000000004,0.8,0,0,3,181.56,181.8999999999715,349.8,0.0,0.0,0.0,0.0,unknown
1762152130.4735856,0,0.044000000000000004,0.8,0,1,3,181.4,181.7999999999715,349.7,0.0,0.0,0.0,0.0,unknown
1762152130.4836683,0,0.044000000000000004,0.8,0,1,3,181.24,181.6999999999715,349.6,0.0,0.0,0.0,0.0,unknown
1762152130.493761,0,0.044000000000000004,0.8,0,0,3,181.08,181.59999999997152,349.5,0.0,0.0,0.0,0.0,unknown
1762152130.5038383,0,0.043000000000000003,0.8,0,0,3,180.92,181.49999999997152,349.35,0.0,0.0,0.0,0.0,unknown
1762152130.5139196,0,0.044000000000000004,0.8,0,2,3,180.76,181.39999999997153,349.15,0.0,0.0,0.0,0.0,unknown
1762152130.5240133,0,0.045000000000000005,0.8,1,1,3,180.6,181.29999999997153,348.95,0.0,0.0,0.0,0.0,unknown
1762152130.5341306,0,0.046,0.8,1,1,3,180.44,181.19999999997154,348.75,0.0,0.0,0.0,0.0,unknown
1762152130.5442142,0,0.046,0.8,0,1,3,180.28,181.09999999997154,348.6,0.0,0.0,0.0,0.0,unknown
1762152130.5543044,0,0.045000000000000005,0.8,0,2,3,180.19,180.99999999997155,348.5,0.0,0.0,0.0,0.0,unknown
1762152130.5643919,0,0.048,0.8,1,2,3,180.1,180.89999999997156,348.45,0.0,0.0,0.0,0.0,unknown
1762152130.5745165,0,0.05,0.8,1,1,3,179.98,180.79999999997156,348.4,0.0,0.0,0.0,0.0,unknown
1762152130.5846033,0,0.051000000000000004,0.8,0,1,3,179.81,180.69999999997157,348.3,0.0,0.0,0.0,0.0,unknown
1762152130.5946858,0,0.051000000000000004,0.8,0,1,3,179.64,180.59999999997157,348.1,0.0,0.0,0.0,0.0,unknown
1762152130.6047583,0,0.053000000000000005,0.8,0,2,3,179.47,180.49999999997158,347.9,0.0,0.0,0.0,0.0,unknown
1762152130.6148388,0,0.054,0.8,0,1,3,179.3,180.39999999997158,347.65,0.0,0.0,0.0,0.0,unknown
1762152130.6249194,0,0.053000000000000005,0.8,0,0,3,179.13,180.2999999999716,347.55,0.0,0.0,0.0,0.0,unknown
1762152130.6350102,0,0.052000000000000005,0.8,1,0,3,178.96,180.1999999999716,347.45,0.0,0.0,0.0,0.0,unknown
1762152130.645267,0,0.054,0.8,2,0,3,178.79,180.0999999999716,347.29999999999995,0.0,0.0,0.0,0.0,unknown
1762152130.6553392,0,0.051000000000000004,0.8,0,0,3,178.62,179.9999999999716,347.20000000000005,0.0,0.0,0.0,0.0,unknown
1762152130.6654124,0,0.053000000000000005,0.8,1,1,3,178.45,179.8999999999716,347.20000000000005,0.0,0.0,0.0,0.0,unknown
1762152130.6755006,0,0.053000000000000005,0.8,1,0,3,178.28,179.79999999997162,347.15,0.0,0.0,0.0,0.0,unknown
1762152130.6856186,0,0.054,0.8,1,1,3,178.11,179.69999999997162,347.15,0.0,0.0,0.0,0.0,unknown
1762152130.6957314,0,0.057,0.8,2,2,3,177.94,179.59999999997163,347.1,0.0,0.0,0.0,0.0,unknown
1762152130.7058027,0,0.057,0.8,1,1,3,177.8,179.49999999997164,346.95000000000005,0.0,0.0,0.0,0.0,unknown
1762152130.7158825,0,0.055,0.8,0,0,3,177.69,179.39999999997164,346.8,0.0,0.0,0.0,0.0,unknown
1762152130.725961,0,0.054,0.8,0,0,3,177.62,179.29999999997165,346.65,0.0,0.0,0.0,0.0,unknown
1762152130.7360935,0,0.055,0.8,0,1,3,177.52,179.19999999997165,346.5,0.0,0.0,0.0,0.0,unknown
1762152130.7461689,0,0.055,0.8,0,2,3,177.45,179.09999999997166,346.54999999999995,0.0,0.0,0.0,0.0,unknown
1762152130.7562647,0,0.055,0.8,0,1,3,177.45,178.99999999997166,346.65,0.0,0.0,0.0,0.0,unknown
1762152130.7663472,0,0.055,0.8,1,0,3,177.45,178.89999999997167,346.75,0.0,0.0,0.0,0.0,unknown
1762152130.7764328,0,0.056,0.8,1,1,3,177.45,178.79999999997167,346.85,0.0,0.0,0.0,0.0,unknown
1762152130.7865047,0,0.059000000000000004,0.8,1,2,3,177.29,178.69999999997168,346.85,0.0,0.0,0.0,0.0,unknown
1762152130.7966092,0,0.061000000000000006,0.8,1,1,3,177.13,178.5999999999717,346.8,0.0,0.0,0.0,0.0,unknown
1762152130.8067133,0,0.063,0.8,1,1,3,176.97,178.4999999999717,346.8,0.0,0.0,0.0,0.0,unknown
1762152130.816815,0,0.062,0.8,0,0,3,176.85,178.3999999999717,346.79999999999995,0.0,0.0,0.0,0.0,unknown
1762152130.8268824,0,0.063,0.8,1,1,3,176.69,178.2999999999717,346.85,0.0,0.0,0.0,0.0,unknown
1762152130.836974,0,0.063,0.8,0,2,3,176.53,178.1999999999717,346.95,0.0,0.0,0.0,0.0,unknown
1762152130.847049,0,0.064,0.8,0,2,3,176.37,178.09999999997171,346.95,0.0,0.0,0.0,0.0,unknown
1762152130.857134,0,0.065,0.8,1,0,3,176.21,177.99999999997172,346.9,0.0,0.0,0.0,0.0,unknown
1762152130.8672156,0,0.065,0.8,1,0,3,176.05,177.89999999997173,346.75,0.0,0.0,0.0,0.0,unknown
1762152130.8772914,0,0.067,0.8,1,1,3,175.89,177.79999999997173,346.55,0.0,0.0,0.0,0.0,unknown
1762152130.8873746,0,0.066,0.8,0,1,3,175.73,177.69999999997174,346.4,0.0,0.0,0.0,0.0,unknown
1762152130.897441,0,0.067,0.8,1,1,3,175.57,177.59999999997174,346.2,0.0,0.0,0.0,0.0,unknown
1762152130.9075184,0,0.068,0.8,0,2,3,175.45,177.49999999997175,346.0,0.0,0.0,0.0,0.0,unknown
1762152130.9176016,0,0.07,0.8,1,1,3,175.36,177.39999999997175,345.85,0.0,0.0,0.0,0.0,unknown
1762152130.9276729,0,0.07,0.8,1,1,3,175.1,177.29999999997176,345.70000000000005,0.0,0.0,0.0,0.0,unknown
1762152130.9377587,0,0.07100000000000001,0.8,1,1,3,174.93,177.19999999997177,345.6,0.0,0.0,0.0,0.0,unknown
1762152130.9478405,0,0.07100000000000001,0.8,1,0,3,174.76,177.09999999997177,345.45,0.0,0.0,0.0,0.0,unknown
1762152130.957919,0,0.07100000000000001,0.8,0,0,3,174.59,176.99999999997178,345.25,0.0,0.0,0.0,0.0,unknown
1762152130.9680119,0,0.07300000000000001,0.8,1,1,3,174.42,176.89999999997178,345.1,0.0,0.0,0.0,0.0,unknown
1762152130.9781418,0,0.07400000000000001,0.8,1,1,3,174.25,176.7999999999718,344.95,0.0,0.0,0.0,0.0,unknown
1762152130.9882183,0,0.075,0.8,1,1,3,174.08,176.6999999999718,344.9,0.0,0.0,0.0,0.0,unknown
1762152130.9982939,0,0.076,0.8,0,1,3,173.91,176.5999999999718,344.85,0.0,0.0,0.0,0.0,unknown
1762152131.0083954,0,0.077,0.8,0,1,3,173.74,176.4999999999718,344.9,0.0,0.0,0.0,0.0,unknown
1762152131.0184824,0,0.077,0.8,1,1,3,173.57,176.3999999999718,344.9,0.0,0.0,0.0,0.0,unknown
1762152131.0285802,0,0.075,0.8,0,0,3,173.4,176.29999999997182,344.9,0.0,0.0,0.0,0.0,unknown
1762152131.0386841,0,0.07300000000000001,0.8,0,0,3,173.21,176.19999999997182,344.85,0.0,0.0,0.0,0.0,unknown
1762152131.0488093,0,0.07200000000000001,0.8,0,0,3,173,176.09999999997183,344.75,0.0,0.0,0.0,0.0,unknown
1762152131.0589085,0,0.07100000000000001,0.8,0,1,3,172.84,175.99999999997183,344.75,0.0,0.0,0.0,0.0,unknown
1762152131.0690348,0,0.068,0.8,0,0,3,172.74,175.89999999997184,344.7,0.0,0.0,0.0,0.0,unknown
1762152131.0791268,0,0.066,0.8,0,0,3,172.6,175.79999999997185,344.7,0.0,0.0,0.0,0.0,unknown
1762152131.0892463,0,0.065,0.8,0,0,3,172.74,175.69999999997185,344.7,0.0,0.0,0.0,0.0,unknown
1762152131.0993505,0,0.064,0.8,0,0,3,172.81,175.59999999997186,344.7,0.0,0.0,0.0,0.0,unknown
1762152131.109458,0,0.064,0.8,1,1,3,172.97,175.49999999997186,344.79999999999995,0.0,0.0,0.0,0.0,unknown
1762152131.1195543,0,0.065,0.8,1,1,3,173.13,175.39999999997187,344.9,0.0,0.0,0.0,0.0,unknown
1762152131.1296794,0,0.065,0.8,0,0,3,173.25,175.29999999997187,345.0,0.0,0.0,0.0,0.0,unknown
1762152131.1397989,0,0.065,0.8,0,1,3,173.14,175.19999999997188,345.05,0.0,0.0,0.0,0.0,unknown
1762152131.149912,0,0.066,0.8,2,1,3,173.07,175.09999999997189,345.0,0.0,0.0,0.0,0.0,unknown
1762152131.1600668,0,0.068,0.8,1,1,3,173,174.9999999999719,344.95000000000005,0.0,0.0,0.0,0.0,unknown
1762152131.170186,0,0.067,0.8,0,1,3,172.93,174.8999999999719,344.9,0.0,0.0,0.0,0.0,unknown
1762152131.1803133,0,0.066,0.8,0,0,3,172.89,174.7999999999719,344.9,0.0,0.0,0.0,0.0,unknown
1762152131.190411,0,0.065,0.8,0,1,3,172.78,174.6999999999719,344.79999999999995,0.0,0.0,0.0,0.0,unknown
1762152131.2004905,0,0.061000000000000006,0.8,0,0,3,172.71,174.5999999999719,344.65,0.0,0.0,0.0,0.0,unknown
1762152131.210564,0,0.059000000000000004,0.8,0,0,3,172.59,174.49999999997192,344.6,0.0,0.0,0.0,0.0,unknown
1762152131.2206352,0,0.060000000000000005,0.8,0,1,3,172.52,174.39999999997193,344.5,0.0,0.0,0.0,0.0,unknown
1762152131.230706,0,0.060000000000000005,0.8,0,0,3,172.24,174.29999999997193,344.45000000000005,0.0,0.0,0.0,0.0,unknown
1762152131.2407897,0,0.061000000000000006,0.8,1,1,3,172.1,174.19999999997194,344.29999999999995,0.0,0.0,0.0,0.0,unknown
1762152131.2509038,0,0.061000000000000006,0.8,1,1,3,171.87,174.09999999997194,344.20000000000005,0.0,0.0,0.0,0.0,unknown
1762152131.2609878,0,0.061000000000000006,0.8,1,0,3,171.68,173.99999999997195,344.1,0.0,0.0,0.0,0.0,unknown
1762152131.271064,0,0.061000000000000006,0.8,1,0,3,171.49,173.89999999997195,344.0,0.0,0.0,0.0,0.0,unknown
1762152131.2811422,0,0.061000000000000006,0.8,2,0,3,171.33,173.79999999997196,343.85,0.0,0.0,0.0,0.0,unknown
1762152131.291214,0,0.060000000000000005,0.8,2,0,3,171.17,173.69999999997196,343.7,0.0,0.0,0.0,0.0,unknown
1762152131.301327,0,0.058,0.8,0,0,3,171.01,173.59999999997197,343.45,0.0,0.0,0.0,0.0,unknown
1762152131.311394,0,0.056,0.8,0,0,3,171.01,173.49999999997198,343.25,0.0,0.0,0.0,0.0,unknown
1762152131.3215027,0,0.056,0.8,0,0,3,171.01,173.39999999997198,343.1,0.0,0.0,0.0,0.0,unknown
1762152131.3315957,0,0.054,0.8,0,0,3,171.01,173.299999999972,343.0,0.0,0.0,0.0,0.0,unknown
1762152131.3416874,0,0.052000000000000005,0.8,0,0,3,171.01,173.199999999972,342.95,0.0,0.0,0.0,0.0,unknown
1762152131.3518023,0,0.05,0.8,0,0,3,171.01,173.099999999972,342.95000000000005,0.0,0.0,0.0,0.0,unknown
1762152131.361923,0,0.051000000000000004,0.8,1,1,3,171.01,172.999999999972,342.9,0.0,0.0,0.0,0.0,unknown
1762152131.3720036,0,0.052000000000000005,0.8,1,1,3,171.01,172.899999999972,342.85,0.0,0.0,0.0,0.0,unknown
1762152131.3821087,0,0.051000000000000004,0.8,1,0,3,170.94,172.79999999997202,342.8,0.0,0.0,0.0,0.0,unknown
1762152131.3922243,0,0.051000000000000004,0.8,1,0,3,170.87,172.69999999997202,342.7,0.0,0.0,0.0,0.0,unknown
1762152131.4023254,0,0.049,0.8,0,0,3,170.77,172.59999999997203,342.54999999999995,0.0,0.0,0.0,0.0,unknown
1762152131.4124253,0,0.048,0.8,1,0,3,170.7,172.49999999997203,342.5,0.0,0.0,0.0,0.0,unknown
1762152131.4225206,0,0.048,0.8,1,1,3,170.7,172.39999999997204,342.5,0.0,0.0,0.0,0.0,unknown
1762152131.4326146,0,0.047,0.8,1,0,3,170.7,172.29999999997204,342.35,0.0,0.0,0.0,0.0,unknown
1762152131.442726,0,0.046,0.8,0,1,3,170.82,172.19999999997205,342.25,0.0,0.0,0.0,0.0,unknown
1762152131.4527938,0,0.048,0.8,2,1,3,170.98,172.09999999997206,342.20000000000005,0.0,0.0,0.0,0.0,unknown
1762152131.4628782,0,0.048,0.8,0,0,3,171.14,171.99999999997206,342.25,0.0,0.0,0.0,0.0,unknown
1762152131.472988,0,0.047,0.8,0,1,3,171.11,171.89999999997207,342.35,0.0,0.0,0.0,0.0,unknown
1762152131.4831035,0,0.045000000000000005,0.8,0,0,3,171.04,171.79999999997207,342.5,0.0,0.0,0.0,0.0,unknown
1762152131.4931679,0,0.043000000000000003,0.8,0,0,3,170.97,171.69999999997208,342.6,0.0,0.0,0.0,0.0,unknown
1762152131.503234,0,0.042,0.8,0,0,3,170.9,171.59999999997208,342.7,0.0,0.0,0.0,0.0,unknown
1762152131.5133097,0,0.041,0.8,0,0,3,170.83,171.4999999999721,342.8,0.0,0.0,0.0,0.0,unknown
1762152131.523393,0,0.04,0.8,1,0,3,170.76,171.3999999999721,342.85,0.0,0.0,0.0,0.0,unknown
1762152131.5334628,0,0.041,0.8,0,1,3,170.69,171.2999999999721,342.8,0.0,0.0,0.0,0.0,unknown
1762152131.543559,0,0.043000000000000003,0.8,1,1,3,170.57,171.1999999999721,342.75,0.0,0.0,0.0,0.0,unknown
1762152131.5536835,0,0.044000000000000004,0.8,1,0,3,170.5,171.0999999999721,342.75,0.0,0.0,0.0,0.0,unknown
1762152131.5637708,0,0.043000000000000003,0.8,0,0,3,170.36,170.99999999997212,342.7,0.0,0.0,0.0,0.0,unknown
1762152131.5738497,0,0.044000000000000004,0.8,1,0,3,170.22,170.89999999997212,342.65,0.0,0.0,0.0,0.0,unknown
1762152131.5839546,0,0.044000000000000004,0.8,0,0,3,170.11,170.79999999997213,342.54999999999995,0.0,0.0,0.0,0.0,unknown
1762152131.5940728,0,0.044000000000000004,0.8,0,0,3,169.88,170.69999999997214,342.54999999999995,0.0,0.0,0.0,0.0,unknown
1762152131.604207,0,0.044000000000000004,0.8,0,0,3,169.69,170.59999999997214,342.55,0.0,0.0,0.0,0.0,unknown
1762152131.6143093,0,0.043000000000000003,0.8,0,1,3,169.5,170.49999999997215,342.45,0.0,0.0,0.0,0.0,unknown
1762152131.6244104,0,0.043000000000000003,0.8,1,1,3,169.38,170.39999999997215,342.35,0.0,0.0,0.0,0.0,unknown
1762152131.6345215,0,0.043000000000000003,0.8,0,0,3,169.26,170.29999999997216,342.15,0.0,0.0,0.0,0.0,unknown
1762152131.6446068,0,0.042,0.8,0,0,3,169.14,170.19999999997216,341.9,0.0,0.0,0.0,0.0,unknown
1762152131.654683,0,0.04,0.8,1,0,3,169.14,170.09999999997217,341.65,0.0,0.0,0.0,0.0,unknown
1762152131.6647718,0,0.038,0.8,0,0,3,169.14,169.99999999997218,341.45,0.0,0.0,0.0,0.0,unknown
1762152131.6748857,0,0.037000000000000005,0.8,0,0,3,169.14,169.89999999997218,341.25,0.0,0.0,0.0,0.0,unknown
1762152131.685023,0,0.038,0.8,0,1,3,169.14,169.7999999999722,341.1,0.0,0.0,0.0,0.0,unknown
1762152131.6951077,0,0.038,0.8,0,1,3,169.14,169.6999999999722,341.04999999999995,0.0,0.0,0.0,0.0,unknown
1762152131.705193,0,0.039,0.8,0,1,3,169.14,169.5999999999722,340.95,0.0,0.0,0.0,0.0,unknown
1762152131.7153125,0,0.041,0.8,0,2,3,169.07,169.4999999999722,340.85,0.0,0.0,0.0,0.0,unknown
1762152131.7253966,0,0.041,0.8,0,1,3,168.97,169.3999999999722,340.75,0.0,0.0,0.0,0.0,unknown
1762152131.7354708,0,0.043000000000000003,0.8,1,1,3,168.87,169.29999999997221,340.7,0.0,0.0,0.0,0.0,unknown
1762152131.7455616,0,0.042,0.8,0,1,3,168.8,169.19999999997222,340.75,0.0,0.0,0.0,0.0,unknown
1762152131.755678,0,0.041,0.8,0,1,3,168.7,169.09999999997223,340.75,0.0,0.0,0.0,0.0,unknown
1762152131.7657595,0,0.04,0.8,0,0,3,168.7,168.99999999997223,340.7,0.0,0.0,0.0,0.0,unknown
1762152131.7758405,0,0.04,0.8,0,1,3,168.7,168.89999999997224,340.6,0.0,0.0,0.0,0.0,unknown
1762152131.785959,0,0.039,0.8,1,0,3,168.7,168.79999999997224,340.4,0.0,0.0,0.0,0.0,unknown
1762152131.7960913,0,0.039,0.8,0,2,3,168.86,168.69999999997225,340.25,0.0,0.0,0.0,0.0,unknown
1762152131.8061788,0,0.04,0.8,0,1,3,169.02,168.59999999997225,340.15,0.0,0.0,0.0,0.0,unknown
1762152131.8162687,0,0.042,0.8,1,1,3,168.95,168.49999999997226,340.1,0.0,0.0,0.0,0.0,unknown
1762152131.8263593,0,0.042,0.8,0,0,3,168.84,168.39999999997227,340.04999999999995,0.0,0.0,0.0,0.0,unknown
1762152131.8364506,0,0.045000000000000005,0.8,2,1,3,168.77,168.29999999997227,339.95,0.0,0.0,0.0,0.0,unknown
1762152131.8465471,0,0.045000000000000005,0.8,0,0,3,168.7,168.19999999997228,339.8,0.0,0.0,0.0,0.0,unknown
1762152131.8566556,0,0.046,0.8,1,0,3,168.63,168.09999999997228,339.6,0.0,0.0,0.0,0.0,unknown
1762152131.8667989,0,0.045000000000000005,0.8,0,1,3,168.6,167.9999999999723,339.4,0.0,0.0,0.0,0.0,unknown
1762152131.8768797,0,0.045000000000000005,0.8,1,1,3,168.53,167.8999999999723,339.29999999999995,0.0,0.0,0.0,0.0,unknown
1762152131.8869724,0,0.046,0.8,1,1,3,168.46,167.7999999999723,339.25,0.0,0.0,0.0,0.0,unknown
1762152131.8970742,0,0.046,0.8,1,0,3,168.39,167.6999999999723,339.2,0.0,0.0,0.0,0.0,unknown
1762152131.9072208,0,0.047,0.8,1,0,3,168.32,167.5999999999723,339.15,0.0,0.0,0.0,0.0,unknown
1762152131.9172988,0,0.047,0.8,1,0,3,168.21,167.49999999997232,339.1,0.0,0.0,0.0,0.0,unknown
1762152131.9274716,0,0.046,0.8,0,1,3,168.07,167.39999999997232,339.1,0.0,0.0,0.0,0.0,unknown
1762152131.937543,0,0.047,0.8,1,1,3,167.93,167.29999999997233,339.05,0.0,0.0,0.0,0.0,unknown
1762152131.947658,0,0.049,0.8,1,2,3,167.7,167.19999999997233,338.9,0.0,0.0,0.0,0.0,unknown
1762152131.9577656,0,0.048,0.8,1,1,3,167.47,167.09999999997234,338.8,0.0,0.0,0.0,0.0,unknown
1762152131.9678464,0,0.05,0.8,2,0,3,167.24,166.99999999997235,338.65,0.0,0.0,0.0,0.0,unknown
1762152131.9779193,0,0.05,0.8,1,0,3,167.05,166.89999999997235,338.4,0.0,0.0,0.0,0.0,unknown
1762152131.9880083,0,0.05,0.8,0,0,3,166.82,166.79999999997236,338.1,0.0,0.0,0.0,0.0,unknown
1762152131.998113,0,0.051000000000000004,0.8,1,0,3,166.59,166.69999999997236,337.7,0.0,0.0,0.0,0.0,unknown
1762152132.0081952,0,0.052000000000000005,0.8,1,0,3,166.36,166.59999999997237,337.3,0.0,0.0,0.0,0.0,unknown
1762152132.0182672,0,0.052000000000000005,0.8,0,0,3,166.13,166.49999999997237,336.8,0.0,0.0,0.0,0.0,unknown
1762152132.0283606,0,0.052000000000000005,0.8,0,1,3,165.9,166.39999999997238,336.3,0.0,0.0,0.0,0.0,unknown
1762152132.0384312,0,0.051000000000000004,0.8,0,0,3,165.67,166.29999999997239,335.8,0.0,0.0,0.0,0.0,unknown
1762152132.0485086,0,0.05,0.8,0,1,3,165.44,166.1999999999724,335.35,0.0,0.0,0.0,0.0,unknown
1762152132.0585985,0,0.051000000000000004,0.8,1,1,3,165.21,166.0999999999724,335.05,0.0,0.0,0.0,0.0,unknown
1762152132.0687134,0,0.052000000000000005,0.8,1,0,3,164.95,165.9999999999724,334.75,0.0,0.0,0.0,0.0,unknown
1762152132.078786,0,0.051000000000000004,0.8,0,0,3,164.69,165.8999999999724,334.45000000000005,0.0,0.0,0.0,0.0,unknown
1762152132.0888658,0,0.053000000000000005,0.8,0,2,3,164.43,165.7999999999724,334.15,0.0,0.0,0.0,0.0,unknown
1762152132.09898,0,0.054,0.8,1,0,3,164.06,165.69999999997242,333.85,0.0,0.0,0.0,0.0,unknown
1762152132.109086,0,0.055,0.8,0,1,3,163.71,165.59999999997243,333.5,0.0,0.0,0.0,0.0,unknown
1762152132.1191921,0,0.055,0.8,0,1,3,163.48,165.49999999997243,333.15,0.0,0.0,0.0,0.0,unknown
1762152132.1292894,0,0.054,0.8,1,0,3,163.25,165.39999999997244,332.75,0.0,0.0,0.0,0.0,unknown
1762152132.139384,0,0.055,0.8,1,0,3,163.02,165.29999999997244,332.45000000000005,0.0,0.0,0.0,0.0,unknown
1762152132.1494894,0,0.056,0.8,1,0,3,163.02,165.19999999997245,332.2,0.0,0.0,0.0,0.0,unknown
1762152132.1596012,0,0.055,0.8,0,0,3,163.02,165.09999999997245,332.05,0.0,0.0,0.0,0.0,unknown
1762152132.1697063,0,0.055,0.8,0,0,3,163.06,164.99999999997246,331.95,0.0,0.0,0.0,0.0,unknown
1762152132.179797,0,0.055,0.8,0,0,3,163.06,164.89999999997247,331.9,0.0,0.0,0.0,0.0,unknown
1762152132.1899207,0,0.054,0.8,0,0,3,163.06,164.79999999997247,331.79999999999995,0.0,0.0,0.0,0.0,unknown
1762152132.2000227,0,0.053000000000000005,0.8,0,0,3,163.06,164.69999999997248,331.8,0.0,0.0,0.0,0.0,unknown
1762152132.210144,0,0.053000000000000005,0.8,0,1,3,163.06,164.59999999997248,331.79999999999995,0.0,0.0,0.0,0.0,unknown
1762152132.2202547,0,0.054,0.8,1,2,3,163.11,164.4999999999725,331.75,0.0,0.0,0.0,0.0,unknown
1762152132.230373,0,0.055,0.8,1,1,3,163.11,164.3999999999725,331.70000000000005,0.0,0.0,0.0,0.0,unknown
1762152132.2404864,0,0.054,0.8,0,1,3,163.11,164.2999999999725,331.6,0.0,0.0,0.0,0.0,unknown
1762152132.2505915,0,0.055,0.8,1,1,3,163.11,164.1999999999725,331.54999999999995,0.0,0.0,0.0,0.0,unknown
1762152132.260707,0,0.057,0.8,2,1,3,163.11,164.0999999999725,331.45,0.0,0.0,0.0,0.0,unknown
1762152132.2708313,0,0.059000000000000004,0.8,1,1,3,163.07,163.99999999997252,331.4,0.0,0.0,0.0,0.0,unknown
1762152132.280936,0,0.059000000000000004,0.8,0,1,3,163.03,163.89999999997252,331.35,0.0,0.0,0.0,0.0,unknown
1762152132.291052,0,0.060000000000000005,0.8,0,2,3,162.96,163.79999999997253,331.25,0.0,0.0,0.0,0.0,unknown
1762152132.3011608,0,0.060000000000000005,0.8,0,2,3,162.84,163.69999999997253,331.05,0.0,0.0,0.0,0.0,unknown
1762152132.3112862,0,0.059000000000000004,0.8,0,0,3,162.77,163.59999999997254,330.85,0.0,0.0,0.0,0.0,unknown
1762152132.3213854,0,0.058,0.8,0,1,3,162.54,163.49999999997254,330.65,0.0,0.0,0.0,0.0,unknown
1762152132.3314884,0,0.059000000000000004,0.8,1,0,3,162.31,163.39999999997255,330.5,0.0,0.0,0.0,0.0,unknown
1762152132.3416011,0,0.057,0.8,0,1,3,162.08,163.29999999997256,330.35,0.0,0.0,0.0,0.0,unknown
1762152132.3517077,0,0.060000000000000005,0.8,2,1,3,161.8,163.19999999997256,330.15,0.0,0.0,0.0,0.0,unknown
1762152132.3618011,0,0.061000000000000006,0.8,1,1,3,161.57,163.09999999997257,329.85,0.0,0.0,0.0,0.0,unknown
1762152132.3719344,0,0.061000000000000006,0.8,0,1,3,161.34,162.99999999997257,329.65,0.0,0.0,0.0,0.0,unknown
1762152132.3820703,0,0.059000000000000004,0.8,0,0,3,161.15,162.89999999997258,329.5,0.0,0.0,0.0,0.0,unknown
1762152132.3921545,0,0.057,0.8,0,0,3,160.92,162.79999999997258,329.35,0.0,0.0,0.0,0.0,unknown
1762152132.4022613,0,0.056,0.8,0,0,3,160.69,162.6999999999726,329.25,0.0,0.0,0.0,0.0,unknown
1762152132.4123993,0,0.056,0.8,0,1,3,160.46,162.5999999999726,329.15,0.0,0.0,0.0,0.0,unknown
1762152132.4224877,0,0.055,0.8,0,0,3,160.23,162.4999999999726,329.0,0.0,0.0,0.0,0.0,unknown
1762152132.432574,0,0.054,0.8,0,0,3,160,162.3999999999726,328.85,0.0,0.0,0.0,0.0,unknown
1762152132.4426715,0,0.053,0.8,0,1,3,159.77,162.2999999999726,328.8,0.0,0.0,0.0,0.0,unknown
1762152132.4527683,0,0.051000000000000004,0.8,0,1,3,159.54,162.19999999997262,328.7,0.0,0.0,0.0,0.0,unknown
1762152132.4629505,0,0.049,0.8,0,0,3,159.31,162.09999999997262,328.6,0.0,0.0,0.0,0.0,unknown
1762152132.473181,0,0.049,0.8,2,0,3,159.12,161.99999999997263,328.45000000000005,0.0,0.0,0.0,0.0,unknown
1762152132.483348,0,0.05,0.8,1,1,3,159.08,161.89999999997264,328.3,0.0,0.0,0.0,0.0,unknown
1762152132.4936519,0,0.052000000000000005,0.8,1,1,3,159.03,161.79999999997264,328.05,0.0,0.0,0.0,0.0,unknown
1762152132.5038588,0,0.053000000000000005,0.8,0,2,3,159.03,161.69999999997265,327.85,0.0,0.0,0.0,0.0,unknown
1762152132.5140643,0,0.054,0.8,1,1,3,159.03,161.59999999997265,327.6,0.0,0.0,0.0,0.0,unknown
1762152132.5242608,0,0.055,0.8,0,1,3,159.03,161.49999999997266,327.4,0.0,0.0,0.0,0.0,unknown
1762152132.5344694,0,0.056,0.8,1,1,3,159.03,161.39999999997266,327.25,0.0,0.0,0.0,0.0,unknown
1762152132.5447354,0,0.057,0.8,0,1,3,159.03,161.29999999997267,327.15,0.0,0.0,0.0,0.0,unknown
1762152132.5549371,0,0.057,0.8,1,0,3,159.08,161.19999999997268,327.1,0.0,0.0,0.0,0.0,unknown
1762152132.5651338,0,0.055,0.8,0,0,3,159.08,161.09999999997268,326.95,0.0,0.0,0.0,0.0,unknown
1762152132.5754015,0,0.054,0.8,0,0,3,159.03,160.9999999999727,326.85,0.0,0.0,0.0,0.0,unknown
1762152132.5856805,0,0.056,0.8,1,1,3,158.98,160.8999999999727,326.7,0.0,0.0,0.0,0.0,unknown
1762152132.5959609,0,0.055,0.8,1,0,3,158.98,160.7999999999727,326.6,0.0,0.0,0.0,0.0,unknown
1762152132.6062253,0,0.057,0.8,1,2,3,158.91,160.6999999999727,326.5,0.0,0.0,0.0,0.0,unknown
1762152132.616413,0,0.058,0.8,1,1,3,158.87,160.5999999999727,326.45000000000005,0.0,0.0,0.0,0.0,unknown
1762152132.6265366,0,0.059000000000000004,0.8,1,1,3,158.83,160.49999999997272,326.4,0.0,0.0,0.0,0.0,unknown
1762152132.636662,0,0.060000000000000005,0.8,1,1,3,158.72,160.39999999997272,326.35,0.0,0.0,0.0,0.0,unknown
1762152132.6467648,0,0.061000000000000006,0.8,2,0,3,158.61,160.29999999997273,326.3,0.0,0.0,0.0,0.0,unknown
1762152132.6568596,0,0.063,0.8,1,2,3,158.5,160.19999999997273,326.29999999999995,0.0,0.0,0.0,0.0,unknown
1762152132.666952,0,0.065,0.8,1,1,3,158.27,160.09999999997274,326.35,0.0,0.0,0.0,0.0,unknown
1762152132.67707,0,0.065,0.8,0,0,3,158.04,159.99999999997274,326.3,0.0,0.0,0.0,0.0,unknown
1762152132.6871839,0,0.065,0.8,0,0,3,157.81,159.89999999997275,326.20000000000005,0.0,0.0,0.0,0.0,unknown
1762152132.6972897,0,0.066,0.8,1,0,3,157.58,159.79999999997275,326.04999999999995,0.0,0.0,0.0,0.0,unknown
1762152132.7073972,0,0.066,0.8,0,0,3,157.35,159.69999999997276,325.79999999999995,0.0,0.0,0.0,0.0,unknown
1762152132.7175076,0,0.067,0.8,1,1,3,157.12,159.59999999997277,325.70000000000005,0.0,0.0,0.0,0.0,unknown
1762152132.727632,0,0.066,0.8,1,1,3,156.89,159.49999999997277,325.65,0.0,0.0,0.0,0.0,unknown
1762152132.7377422,0,0.066,0.8,0,2,3,156.66,159.39999999997278,325.6,0.0,0.0,0.0,0.0,unknown
1762152132.7478597,0,0.065,0.8,0,0,3,156.43,159.29999999997278,325.5,0.0,0.0,0.0,0.0,unknown
1762152132.7579715,0,0.063,0.8,0,0,3,156.2,159.1999999999728,325.25,0.0,0.0,0.0,0.0,unknown
1762152132.7680817,0,0.062,0.8,1,1,3,155.97,159.0999999999728,324.95,0.0,0.0,0.0,0.0,unknown
1762152132.7781835,0,0.062,0.8,1,1,3,155.78,158.9999999999728,324.65,0.0,0.0,0.0,0.0,unknown
1762152132.7882783,0,0.062,0.8,0,1,3,155.59,158.8999999999728,324.5,0.0,0.0,0.0,0.0,unknown
1762152132.7983983,0,0.062,0.8,1,1,3,155.36,158.7999999999728,324.5,0.0,0.0,0.0,0.0,unknown
1762152132.8085158,0,0.062,0.8,1,1,3,154.96,158.69999999997282,324.5,0.0,0.0,0.0,0.0,unknown
1762152132.818645,0,0.066,0.8,2,2,3,154.56,158.59999999997282,324.45,0.0,0.0,0.0,0.0,unknown
1762152132.8287437,0,0.068,0.8,1,2,3,154.39,158.49999999997283,324.29999999999995,0.0,0.0,0.0,0.0,unknown
1762152132.8388417,0,0.07,0.8,1,2,3,154.15,158.39999999997283,324.15,0.0,0.0,0.0,0.0,unknown
1762152132.848947,0,0.07,0.8,1,0,3,153.91,158.29999999997284,323.95000000000005,0.0,0.0,0.0,0.0,unknown
1762152132.8590643,0,0.067,0.8,0,0,3,153.67,158.19999999997285,323.75,0.0,0.0,0.0,0.0,unknown
1762152132.8691761,0,0.065,0.8,0,0,3,153.43,158.09999999997285,323.65,0.0,0.0,0.0,0.0,unknown
1762152132.8792768,0,0.064,0.8,0,0,3,153.15,157.99999999997286,323.6,0.0,0.0,0.0,0.0,unknown
1762152132.8893788,0,0.067,0.8,1,2,3,152.91,157.89999999997286,323.45,0.0,0.0,0.0,0.0,unknown
1762152132.8995147,0,0.07,0.8,1,2,3,152.67,157.79999999997287,323.35,0.0,0.0,0.0,0.0,unknown
1762152132.9096038,0,0.07100000000000001,0.8,0,1,3,152.43,157.69999999997287,323.25,0.0,0.0,0.0,0.0,unknown
1762152132.919717,0,0.07100000000000001,0.8,1,0,3,152.19,157.59999999997288,323.15,0.0,0.0,0.0,0.0,unknown
1762152132.9298425,0,0.07200000000000001,0.8,1,0,3,151.95,157.49999999997289,323.05,0.0,0.0,0.0,0.0,unknown
1762152132.939957,0,0.07300000000000001,0.8,0,1,3,151.71,157.3999999999729,322.8,0.0,0.0,0.0,0.0,unknown
1762152132.9501185,0,0.07200000000000001,0.8,0,0,3,151.47,157.2999999999729,322.65,0.0,0.0,0.0,0.0,unknown
1762152132.960236,0,0.07100000000000001,0.8,0,0,3,151.23,157.1999999999729,322.45000000000005,0.0,0.0,0.0,0.0,unknown
1762152132.9703412,0,0.07100000000000001,0.8,0,0,3,151.06,157.0999999999729,322.29999999999995,0.0,0.0,0.0,0.0,unknown
1762152132.980437,0,0.07,0.8,0,1,3,150.87,156.9999999999729,322.20000000000005,0.0,0.0,0.0,0.0,unknown
1762152132.9906158,0,0.069,0.8,1,0,3,150.66,156.89999999997292,322.15,0.0,0.0,0.0,0.0,unknown
1762152133.000731,0,0.067,0.8,0,0,3,150.49,156.79999999997293,322.15,0.0,0.0,0.0,0.0,unknown
1762152133.0108395,0,0.065,0.8,0,0,3,150.49,156.69999999997293,322.1,0.0,0.0,0.0,0.0,unknown
1762152133.0209334,0,0.063,0.8,0,0,3,150.49,156.59999999997294,322.04999999999995,0.0,0.0,0.0,0.0,unknown
1762152133.0310705,0,0.063,0.8,0,1,3,150.49,156.49999999997294,322.0,0.0,0.0,0.0,0.0,unknown
1762152133.04119,0,0.063,0.8,1,1,3,150.49,156.39999999997295,322.05,0.0,0.0,0.0,0.0,unknown
1762152133.0512896,0,0.062,0.8,0,0,3,150.49,156.29999999997295,322.15,0.0,0.0,0.0,0.0,unknown
1762152133.0613937,0,0.062,0.8,1,0,3,150.49,156.19999999997296,322.25,0.0,0.0,0.0,0.0,unknown
1762152133.0714908,0,0.063,0.8,1,0,3,150.49,156.09999999997297,322.35,0.0,0.0,0.0,0.0,unknown
1762152133.0815985,0,0.065,0.8,1,1,3,150.49,155.99999999997297,322.4,0.0,0.0,0.0,0.0,unknown
1762152133.0917218,0,0.064,0.8,0,1,3,150.45,155.89999999997298,322.4,0.0,0.0,0.0,0.0,unknown
1762152133.1018193,0,0.063,0.8,0,0,3,150.45,155.79999999997298,322.4,0.0,0.0,0.0,0.0,unknown
1762152133.1119092,0,0.061,0.8,1,0,3,150.49,155.699999999973,322.35,0.0,0.0,0.0,0.0,unknown
1762152133.1220245,0,0.059000000000000004,0.8,0,0,3,150.58,155.599999999973,322.4,0.0,0.0,0.0,0.0,unknown
1762152133.1321328,0,0.057,0.8,0,0,3,150.62,155.499999999973,322.45,0.0,0.0,0.0,0.0,unknown
1762152133.1422396,0,0.056,0.8,1,0,3,150.66,155.399999999973,322.5,0.0,0.0,0.0,0.0,unknown
1762152133.152333,0,0.056,0.8,2,0,3,150.68,155.299999999973,322.45000000000005,0.0,0.0,0.0,0.0,unknown
1762152133.1624599,0,0.055,0.8,1,1,3,150.68,155.19999999997302,322.35,0.0,0.0,0.0,0.0,unknown
1762152133.1725376,0,0.055,0.8,1,1,3,150.68,155.09999999997302,322.3,0.0,0.0,0.0,0.0,unknown
1762152133.1826189,0,0.057,0.8,2,0,3,150.45,154.99999999997303,322.35,0.0,0.0,0.0,0.0,unknown
1762152133.1927552,0,0.060000000000000005,0.8,2,1,3,150.21,154.89999999997303,322.4,0.0,0.0,0.0,0.0,unknown
1762152133.2028608,0,0.060000000000000005,0.8,0,1,3,149.97,154.79999999997304,322.45000000000005,0.0,0.0,0.0,0.0,unknown
1762152133.2129483,0,0.061,0.8,0,1,3,149.73,154.69999999997304,322.35,0.0,0.0,0.0,0.0,unknown
1762152133.2230659,0,0.061,0.8,1,1,3,149.49,154.59999999997305,322.2,0.0,0.0,0.0,0.0,unknown
1762152133.2331846,0,0.060000000000000005,0.8,0,1,3,149.25,154.49999999997306,321.95,0.0,0.0,0.0,0.0,unknown
1762152133.2432866,0,0.060000000000000005,0.8,1,1,3,149.01,154.39999999997306,321.79999999999995,0.0,0.0,0.0,0.0,unknown
1762152133.2533884,0,0.061,0.8,1,0,3,148.82,154.29999999997307,321.7,0.0,0.0,0.0,0.0,unknown
1762152133.2634864,0,0.062,0.8,0,1,3,148.58,154.19999999997307,321.6,0.0,0.0,0.0,0.0,unknown
1762152133.2735753,0,0.063,0.8,1,2,3,148.34,154.09999999997308,321.55,0.0,0.0,0.0,0.0,unknown
1762152133.2836814,0,0.062,0.8,0,1,3,148.1,153.99999999997308,321.45000000000005,0.0,0.0,0.0,0.0,unknown
1762152133.2937863,0,0.061,0.8,0,0,3,147.86,153.8999999999731,321.35,0.0,0.0,0.0,0.0,unknown
1762152133.303888,0,0.059000000000000004,0.8,0,0,3,147.62,153.7999999999731,321.25,0.0,0.0,0.0,0.0,unknown
1762152133.3139932,0,0.058,0.8,1,0,3,147.5,153.6999999999731,321.15,0.0,0.0,0.0,0.0,unknown
1762152133.3240852,0,0.057,0.8,1,2,3,147.31,153.5999999999731,321.04999999999995,0.0,0.0,0.0,0.0,unknown
1762152133.3342185,0,0.057,0.8,1,2,3,147.14,153.4999999999731,320.95000000000005,0.0,0.0,0.0,0.0,unknown
1762152133.3443336,0,0.056,0.8,0,2,3,146.97,153.39999999997312,320.9,0.0,0.0,0.0,0.0,unknown
1762152133.354443,0,0.056,0.8,0,1,3,146.97,153.29999999997312,320.79999999999995,0.0,0.0,0.0,0.0,unknown
1762152133.3645506,0,0.057,0.8,0,1,3,147.02,153.19999999997313,320.75,0.0,0.0,0.0,0.0,unknown
1762152133.3746693,0,0.059000000000000004,0.8,1,1,3,146.97,153.09999999997314,320.75,0.0,0.0,0.0,0.0,unknown
1762152133.38479,0,0.061,0.8,1,1,3,146.97,152.99999999997314,320.75,0.0,0.0,0.0,0.0,unknown
1762152133.3949134,0,0.058,0.8,0,0,3,146.93,152.89999999997315,320.8,0.0,0.0,0.0,0.0,unknown
1762152133.4050326,0,0.056,0.8,0,1,3,146.93,152.79999999997315,320.85,0.0,0.0,0.0,0.0,unknown
1762152133.4151618,0,0.057,0.8,0,2,3,146.93,152.69999999997316,320.9,0.0,0.0,0.0,0.0,unknown
1762152133.425234,0,0.058,0.8,0,2,3,146.93,152.59999999997316,320.8,0.0,0.0,0.0,0.0,unknown
1762152133.4353254,0,0.059000000000000004,0.8,0,2,3,146.93,152.49999999997317,320.7,0.0,0.0,0.0,0.0,unknown
1762152133.445438,0,0.059000000000000004,0.8,0,1,3,146.93,152.39999999997318,320.54999999999995,0.0,0.0,0.0,0.0,unknown
1762152133.455552,0,0.060000000000000005,0.8,1,0,3,146.93,152.29999999997318,320.4,0.0,0.0,0.0,0.0,unknown
1762152133.4656425,0,0.061000000000000006,0.8,1,0,3,146.93,152.1999999999732,320.35,0.0,0.0,0.0,0.0,unknown
1762152133.4757335,0,0.064,0.8,2,1,3,146.93,152.0999999999732,320.3,0.0,0.0,0.0,0.0,unknown
1762152133.4858177,0,0.065,0.8,1,1,3,146.93,151.9999999999732,320.29999999999995,0.0,0.0,0.0,0.0,unknown
1762152133.495916,0,0.064,0.8,0,0,3,146.97,151.8999999999732,320.29999999999995,0.0,0.0,0.0,0.0,unknown
1762152133.5060341,0,0.065,0.8,1,0,3,147.02,151.7999999999732,320.25,0.0,0.0,0.0,0.0,unknown
1762152133.516147,0,0.067,0.8,1,1,3,147.02,151.69999999997322,320.2,0.0,0.0,0.0,0.0,unknown
1762152133.5262716,0,0.068,0.8,0,1,3,147.02,151.59999999997322,320.25,0.0,0.0,0.0,0.0,unknown
1762152133.5363753,0,0.067,0.8,0,0,3,146.78,151.49999999997323,320.25,0.0,0.0,0.0,0.0,unknown
1762152133.5464818,0,0.066,0.8,1,0,3,146.54,151.39999999997323,320.25,0.0,0.0,0.0,0.0,unknown
1762152133.556604,0,0.068,0.8,2,0,3,146.3,151.29999999997324,320.25,0.0,0.0,0.0,0.0,unknown
1762152133.566714,0,0.068,0.8,1,0,3,146.06,151.19999999997324,320.25,0.0,0.0,0.0,0.0,unknown
1762152133.5768168,0,0.067,0.8,0,0,3,145.82,151.09999999997325,320.20000000000005,0.0,0.0,0.0,0.0,unknown
1762152133.5869133,0,0.066,0.8,0,1,3,145.63,150.99999999997326,320.04999999999995,0.0,0.0,0.0,0.0,unknown
1762152133.5970125,0,0.065,0.8,0,0,3,145.44,150.89999999997326,319.9,0.0,0.0,0.0,0.0,unknown
1762152133.6071002,0,0.066,0.8,0,1,3,145.2,150.79999999997327,319.75,0.0,0.0,0.0,0.0,unknown
1762152133.617206,0,0.066,0.8,0,1,3,145.03,150.69999999997327,319.6,0.0,0.0,0.0,0.0,unknown
1762152133.6272933,0,0.067,0.8,1,0,3,144.79,150.59999999997328,319.4,0.0,0.0,0.0,0.0,unknown
1762152133.6374123,0,0.069,0.8,1,1,3,144.55,150.49999999997328,319.25,0.0,0.0,0.0,0.0,unknown
1762152133.6475348,0,0.069,0.8,0,1,3,144.31,150.3999999999733,319.15,0.0,0.0,0.0,0.0,unknown
1762152133.6576376,0,0.07100000000000001,0.8,2,2,3,144.14,150.2999999999733,319.05,0.0,0.0,0.0,0.0,unknown
1762152133.6677256,0,0.07100000000000001,0.8,1,1,3,143.95,150.1999999999733,318.85,0.0,0.0,0.0,0.0,unknown
1762152133.6778166,0,0.07100000000000001,0.8,1,1,3,143.76,150.0999999999733,318.6,0.0,0.0,0.0,0.0,unknown
1762152133.6879117,0,0.07100000000000001,0.8,1,1,3,143.59,149.9999999999733,318.3,0.0,0.0,0.0,0.0,unknown
1762152133.6980088,0,0.07,0.8,1,1,3,143.42,149.89999999997332,318.05,0.0,0.0,0.0,0.0,unknown
1762152133.7081137,0,0.07,0.8,1,0,3,143.42,149.79999999997332,317.85,0.0,0.0,0.0,0.0,unknown
1762152133.7182157,0,0.07,0.8,1,0,3,143.42,149.69999999997333,317.7,0.0,0.0,0.0,0.0,unknown
1762152133.7283344,0,0.069,0.8,0,1,3,143.42,149.59999999997333,317.5,0.0,0.0,0.0,0.0,unknown
1762152133.7384372,0,0.069,0.8,1,0,3,143.44,149.49999999997334,317.35,0.0,0.0,0.0,0.0,unknown
1762152133.7485442,0,0.07,0.8,1,2,3,143.44,149.39999999997335,317.25,0.0,0.0,0.0,0.0,unknown
1762152133.7586627,0,0.07100000000000001,0.8,1,1,3,143.44,149.29999999997335,317.2,0.0,0.0,0.0,0.0,unknown
1762152133.7687683,0,0.07200000000000001,0.8,1,1,3,143.44,149.19999999997336,317.2,0.0,0.0,0.0,0.0,unknown
1762152133.778892,0,0.07,0.8,1,0,3,143.44,149.09999999997336,317.25,0.0,0.0,0.0,0.0,unknown
1762152133.7890055,0,0.07100000000000001,0.8,2,0,3,143.4,148.99999999997337,317.35,0.0,0.0,0.0,0.0,unknown
1762152133.7991195,0,0.07200000000000001,0.8,1,0,3,143.36,148.89999999997337,317.35,0.0,0.0,0.0,0.0,unknown
1762152133.8092365,0,0.07200000000000001,0.8,0,0,3,143.4,148.79999999997338,317.20000000000005,0.0,0.0,0.0,0.0,unknown
1762152133.8193579,0,0.07200000000000001,0.8,0,1,3,143.61,148.6999999999734,317.05,0.0,0.0,0.0,0.0,unknown
1762152133.8294528,0,0.07,0.8,1,0,3,143.82,148.5999999999734,317.0,0.0,0.0,0.0,0.0,unknown
1762152133.8395433,0,0.067,0.8,0,0,3,144.03,148.4999999999734,317.0,0.0,0.0,0.0,0.0,unknown
1762152133.8496459,0,0.066,0.8,1,0,3,144.27,148.3999999999734,317.1,0.0,0.0,0.0,0.0,unknown
1762152133.8597488,0,0.066,0.8,1,0,3,144.51,148.2999999999734,317.3,0.0,0.0,0.0,0.0,unknown
1762152133.8698473,0,0.066,0.8,0,1,3,144.7,148.19999999997341,317.45,0.0,0.0,0.0,0.0,unknown
1762152133.8799436,0,0.064,0.8,0,0,3,144.77,148.09999999997342,317.65,0.0,0.0,0.0,0.0,unknown
1762152133.8900712,0,0.063,0.8,0,1,3,144.77,147.99999999997343,317.8,0.0,0.0,0.0,0.0,unknown
1762152133.900191,0,0.065,0.8,1,1,3,144.77,147.89999999997343,317.95,0.0,0.0,0.0,0.0,unknown
1762152133.910315,0,0.066,0.8,1,1,3,144.77,147.79999999997344,318.0,0.0,0.0,0.0,0.0,unknown
1762152133.920403,0,0.066,0.8,1,1,3,144.77,147.69999999997344,317.95,0.0,0.0,0.0,0.0,unknown
1762152133.9304743,0,0.066,0.8,1,1,3,144.77,147.59999999997345,317.95,0.0,0.0,0.0,0.0,unknown
1762152133.940575,0,0.066,0.8,0,2,3,144.77,147.49999999997345,317.95,0.0,0.0,0.0,0.0,unknown
1762152133.9506822,0,0.067,0.8,1,1,3,144.77,147.39999999997346,318.04999999999995,0.0,0.0,0.0,0.0,unknown
1762152133.9607754,0,0.068,0.8,1,1,3,144.77,147.29999999997347,318.1,0.0,0.0,0.0,0.0,unknown
1762152133.9708834,0,0.068,0.8,0,1,3,144.77,147.19999999997347,318.2,0.0,0.0,0.0,0.0,unknown
1762152133.980986,0,0.066,0.8,0,1,3,144.7,147.09999999997348,318.15,0.0,0.0,0.0,0.0,unknown
1762152133.9911036,0,0.065,0.8,0,1,3,144.65,146.99999999997348,318.1,0.0,0.0,0.0,0.0,unknown
1762152134.0011942,0,0.067,0.8,1,1,3,144.65,146.8999999999735,318.04999999999995,0.0,0.0,0.0,0.0,unknown
1762152134.0112805,0,0.068,0.8,2,0,3,144.63,146.7999999999735,318.0,0.0,0.0,0.0,0.0,unknown
1762152134.0213785,0,0.067,0.8,1,0,3,144.44,146.6999999999735,318.0,0.0,0.0,0.0,0.0,unknown
1762152134.0314624,0,0.066,0.8,0,0,3,144.27,146.5999999999735,317.95000000000005,0.0,0.0,0.0,0.0,unknown
1762152134.0415542,0,0.068,0.8,2,0,3,144.1,146.4999999999735,317.95,0.0,0.0,0.0,0.0,unknown
1762152134.0516467,0,0.068,0.8,1,0,3,143.93,146.39999999997352,317.9,0.0,0.0,0.0,0.0,unknown
1762152134.0617368,0,0.068,0.8,2,0,3,143.93,146.29999999997352,317.79999999999995,0.0,0.0,0.0,0.0,unknown
1762152134.0718257,0,0.068,0.8,1,0,3,143.93,146.19999999997353,317.75,0.0,0.0,0.0,0.0,unknown
1762152134.081939,0,0.069,0.8,1,0,3,143.93,146.09999999997353,317.6,0.0,0.0,0.0,0.0,unknown
1762152134.0920615,0,0.07100000000000001,0.8,3,0,3,143.93,145.99999999997354,317.5,0.0,0.0,0.0,0.0,unknown
1762152134.1021578,0,0.07200000000000001,0.8,1,0,3,143.93,145.89999999997355,317.5,0.0,0.0,0.0,0.0,unknown
1762152134.112252,0,0.07100000000000001,0.8,0,0,3,143.93,145.79999999997355,317.54999999999995,0.0,0.0,0.0,0.0,unknown
1762152134.122352,0,0.07200000000000001,0.8,2,0,3,143.89,145.69999999997356,317.65,0.0,0.0,0.0,0.0,unknown
1762152134.1324427,0,0.07200000000000001,0.8,0,1,3,143.85,145.59999999997356,317.6,0.0,0.0,0.0,0.0,unknown
1762152134.1425507,0,0.07100000000000001,0.8,0,1,3,143.76,145.49999999997357,317.55,0.0,0.0,0.0,0.0,unknown
1762152134.1526608,0,0.07,0.8,0,0,3,143.72,145.39999999997357,317.5,0.0,0.0,0.0,0.0,unknown
1762152134.162766,0,0.067,0.8,0,1,3,143.7,145.29999999997358,317.5,0.0,0.0,0.0,0.0,unknown
1762152134.1728566,0,0.066,0.8,0,1,3,143.7,145.19999999997358,317.55,0.0,0.0,0.0,0.0,unknown
1762152134.1829503,0,0.065,0.8,0,1,3,143.74,145.0999999999736,317.55,0.0,0.0,0.0,0.0,unknown
1762152134.1931407,0,0.064,0.8,0,1,3,143.97,144.9999999999736,317.54999999999995,0.0,0.0,0.0,0.0,unknown
1762152134.203244,0,0.063,0.8,1,0,3,144.25,144.8999999999736,317.5,0.0,0.0,0.0,0.0,unknown
1762152134.2133121,0,0.063,0.8,1,0,3,144.32,144.7999999999736,317.45000000000005,0.0,0.0,0.0,0.0,unknown
1762152134.2234156,0,0.063,0.8,0,1,3,144.39,144.6999999999736,317.45000000000005,0.0,0.0,0.0,0.0,unknown
1762152134.233523,0,0.062,0.8,0,0,3,144.27,144.59999999997362,317.5,0.0,0.0,0.0,0.0,unknown
1762152134.2436411,0,0.062,0.8,0,1,3,144.15,144.49999999997362,317.55,0.0,0.0,0.0,0.0,unknown
1762152134.2537575,0,0.060000000000000005,0.8,1,0,3,144.03,144.39999999997363,317.55,0.0,0.0,0.0,0.0,unknown
1762152134.2638643,0,0.060000000000000005,0.8,1,1,3,143.91,144.29999999997364,317.5,0.0,0.0,0.0,0.0,unknown
1762152134.2739813,0,0.060000000000000005,0.8,0,2,3,143.79,144.19999999997364,317.4,0.0,0.0,0.0,0.0,unknown
1762152134.2840905,0,0.060000000000000005,0.8,0,1,3,143.67,144.09999999997365,317.25,0.0,0.0,0.0,0.0,unknown
1762152134.294199,0,0.059000000000000004,0.8,1,0,3,143.55,143.99999999997365,317.1,0.0,0.0,0.0,0.0,unknown
1762152134.304303,0,0.060000000000000005,0.8,1,1,3,143.43,143.89999999997366,317.0,0.0,0.0,0.0,0.0,unknown
1762152134.3144073,0,0.060000000000000005,0.8,0,0,3,143.31,143.79999999997366,317.0,0.0,0.0,0.0,0.0,unknown
1762152134.324487,0,0.061000000000000006,0.8,1,1,3,143.12,143.69999999997367,317.1,0.0,0.0,0.0,0.0,unknown
1762152134.3345885,0,0.061000000000000006,0.8,1,0,3,142.95,143.59999999997368,317.20000000000005,0.0,0.0,0.0,0.0,unknown
1762152134.3446789,0,0.063,0.8,1,1,3,142.76,143.49999999997368,317.25,0.0,0.0,0.0,0.0,unknown
1762152134.3547764,0,0.063,0.8,0,1,3,142.57,143.3999999999737,317.15,0.0,0.0,0.0,0.0,unknown
1762152134.3648787,0,0.063,0.8,0,1,3,142.21,143.2999999999737,317.05,0.0,0.0,0.0,0.0,unknown
1762152134.375006,0,0.063,0.8,0,1,3,141.85,143.1999999999737,316.9,0.0,0.0,0.0,0.0,unknown
1762152134.3851213,0,0.064,0.8,0,1,3,141.66,143.0999999999737,316.75,0.0,0.0,0.0,0.0,unknown
1762152134.3952441,0,0.064,0.8,0,1,3,141.42,142.9999999999737,316.5,0.0,0.0,0.0,0.0,unknown
1762152134.4053457,0,0.063,0.8,0,1,3,141.25,142.89999999997372,316.25,0.0,0.0,0.0,0.0,unknown
1762152134.4154596,0,0.063,0.8,0,2,3,141.08,142.79999999997372,316.0,0.0,0.0,0.0,0.0,unknown
1762152134.4255319,0,0.062000000000000006,0.8,0,1,3,140.91,142.69999999997373,315.8,0.0,0.0,0.0,0.0,unknown
1762152134.4356513,0,0.062000000000000006,0.8,1,1,3,140.74,142.59999999997373,315.75,0.0,0.0,0.0,0.0,unknown
1762152134.4457347,0,0.061000000000000006,0.8,0,1,3,140.57,142.49999999997374,315.65,0.0,0.0,0.0,0.0,unknown
1762152134.4558322,0,0.061000000000000006,0.8,1,1,3,140.4,142.39999999997374,315.6,0.0,0.0,0.0,0.0,unknown
1762152134.465954,0,0.061000000000000006,0.8,1,1,3,140.23,142.29999999997375,315.5,0.0,0.0,0.0,0.0,unknown
1762152134.4760957,0,0.061000000000000006,0.8,1,0,3,140.06,142.19999999997376,315.35,0.0,0.0,0.0,0.0,unknown
1762152134.486186,0,0.060000000000000005,0.8,0,0,3,139.89,142.09999999997376,315.2,0.0,0.0,0.0,0.0,unknown
1762152134.4963038,0,0.060000000000000005,0.8,1,0,3,139.68,141.99999999997377,315.1,0.0,0.0,0.0,0.0,unknown
1762152134.5064063,0,0.059000000000000004,0.8,0,1,3,139.47,141.89999999997377,315.04999999999995,0.0,0.0,0.0,0.0,unknown
1762152134.5165012,0,0.058,0.8,0,1,3,139.3,141.79999999997378,315.05,0.0,0.0,0.0,0.0,unknown
1762152134.5265858,0,0.058,0.8,0,1,3,139.13,141.69999999997378,315.05,0.0,0.0,0.0,0.0,unknown
1762152134.5366988,0,0.058,0.8,0,0,3,138.96,141.5999999999738,315.0,0.0,0.0,0.0,0.0,unknown
1762152134.5468116,0,0.058,0.8,0,2,3,139.03,141.4999999999738,314.95,0.0,0.0,0.0,0.0,unknown
1762152134.5569115,0,0.058,0.8,0,1,3,139.1,141.3999999999738,314.85,0.0,0.0,0.0,0.0,unknown
1762152134.5670357,0,0.058,0.8,0,2,3,139.17,141.2999999999738,314.79999999999995,0.0,0.0,0.0,0.0,unknown
1762152134.5771537,0,0.058,0.8,1,0,3,139.05,141.1999999999738,314.75,0.0,0.0,0.0,0.0,unknown
1762152134.587257,0,0.058,0.8,0,1,3,138.93,141.09999999997382,314.75,0.0,0.0,0.0,0.0,unknown
1762152134.597376,0,0.056,0.8,0,1,3,138.81,140.99999999997382,314.75,0.0,0.0,0.0,0.0,unknown
1762152134.6074884,0,0.055,0.8,0,0,3,138.69,140.89999999997383,314.7,0.0,0.0,0.0,0.0,unknown
1762152134.6175976,0,0.056,0.8,0,1,3,138.57,140.79999999997383,314.65,0.0,0.0,0.0,0.0,unknown
1762152134.6277177,0,0.056,0.8,1,1,3,138.45,140.69999999997384,314.6,0.0,0.0,0.0,0.0,unknown
1762152134.6378186,0,0.056,0.8,0,1,3,138.33,140.59999999997385,314.65,0.0,0.0,0.0,0.0,unknown
1762152134.6479445,0,0.056,0.8,1,0,3,138.21,140.49999999997385,314.65,0.0,0.0,0.0,0.0,unknown
1762152134.658075,0,0.058,0.8,1,1,3,138.09,140.39999999997386,314.65,0.0,0.0,0.0,0.0,unknown
1762152134.6681871,0,0.060000000000000005,0.8,1,2,3,137.9,140.29999999997386,314.6,0.0,0.0,0.0,0.0,unknown
1762152134.6782937,0,0.060000000000000005,0.8,0,1,3,137.73,140.19999999997387,314.6,0.0,0.0,0.0,0.0,unknown
1762152134.6884253,0,0.061000000000000006,0.8,2,0,3,137.56,140.09999999997387,314.6,0.0,0.0,0.0,0.0,unknown
1762152134.6985257,0,0.063,0.8,1,2,3,137.37,139.99999999997388,314.65,0.0,0.0,0.0,0.0,unknown
1762152134.7086158,0,0.064,0.8,1,1,3,137.18,139.8999999999739,314.55,0.0,0.0,0.0,0.0,unknown
1762152134.7187345,0,0.065,0.8,2,0,3,136.82,139.7999999999739,314.4,0.0,0.0,0.0,0.0,unknown
1762152134.7288523,0,0.065,0.8,1,0,3,136.58,139.6999999999739,314.2,0.0,0.0,0.0,0.0,unknown
1762152134.7389562,0,0.066,0.8,1,0,3,136.34,139.5999999999739,314.1,0.0,0.0,0.0,0.0,unknown
1762152134.7490597,0,0.066,0.8,0,1,3,136.15,139.4999999999739,313.95,0.0,0.0,0.0,0.0,unknown
1762152134.7591872,0,0.065,0.8,0,0,3,135.98,139.39999999997391,313.75,0.0,0.0,0.0,0.0,unknown
1762152134.7693374,0,0.064,0.8,0,1,3,135.81,139.29999999997392,313.54999999999995,0.0,0.0,0.0,0.0,unknown
1762152134.7794344,0,0.064,0.8,1,1,3,135.64,139.19999999997393,313.35,0.0,0.0,0.0,0.0,unknown
1762152134.7895544,0,0.065,0.8,1,1,3,135.47,139.09999999997393,313.1,0.0,0.0,0.0,0.0,unknown
1762152134.7996716,0,0.065,0.8,0,1,3,135.3,138.99999999997394,312.85,0.0,0.0,0.0,0.0,unknown
1762152134.8097768,0,0.065,0.8,1,1,3,135.13,138.89999999997394,312.65,0.0,0.0,0.0,0.0,unknown
1762152134.8198755,0,0.065,0.8,0,0,3,134.92,138.79999999997395,312.54999999999995,0.0,0.0,0.0,0.0,unknown
1762152134.8300269,0,0.066,0.8,2,1,3,134.71,138.69999999997395,312.45,0.0,0.0,0.0,0.0,unknown
1762152134.8401506,0,0.065,0.8,0,0,3,134.5,138.59999999997396,312.4,0.0,0.0,0.0,0.0,unknown
1762152134.8502674,0,0.064,0.8,0,1,3,134.29,138.49999999997397,312.35,0.0,0.0,0.0,0.0,unknown
1762152134.860371,0,0.063,0.8,0,0,3,134.12,138.39999999997397,312.25,0.0,0.0,0.0,0.0,unknown
1762152134.87047,0,0.063,0.8,0,1,3,133.95,138.29999999997398,312.15,0.0,0.0,0.0,0.0,unknown
1762152134.8805704,0,0.062,0.8,0,0,3,133.83,138.19999999997398,312.0,0.0,0.0,0.0,0.0,unknown
1762152134.8906722,0,0.062,0.8,0,1,3,133.83,138.099999999974,311.85,0.0,0.0,0.0,0.0,unknown
1762152134.9007792,0,0.062,0.8,0,1,3,133.9,137.999999999974,311.79999999999995,0.0,0.0,0.0,0.0,unknown
1762152134.9108818,0,0.063,0.8,1,1,3,133.97,137.899999999974,311.75,0.0,0.0,0.0,0.0,unknown
1762152134.920988,0,0.063,0.8,1,1,3,133.85,137.799999999974,311.7,0.0,0.0,0.0,0.0,unknown
1762152134.9311116,0,0.064,0.8,1,1,3,133.73,137.699999999974,311.7,0.0,0.0,0.0,0.0,unknown
1762152134.941208,0,0.063,0.8,0,1,3,133.61,137.59999999997402,311.65,0.0,0.0,0.0,0.0,unknown
1762152134.9513314,0,0.062,0.8,0,0,3,133.49,137.49999999997402,311.6,0.0,0.0,0.0,0.0,unknown
1762152134.9614315,0,0.060000000000000005,0.8,0,0,3,133.37,137.39999999997403,311.5,0.0,0.0,0.0,0.0,unknown
1762152134.971544,0,0.059000000000000004,0.8,1,0,3,133.25,137.29999999997403,311.4,0.0,0.0,0.0,0.0,unknown
1762152134.9816604,0,0.059000000000000004,0.8,1,0,3,133.13,137.19999999997404,311.25,0.0,0.0,0.0,0.0,unknown
1762152134.991769,0,0.060000000000000005,0.8,0,1,3,133.13,137.09999999997405,311.20000000000005,0.0,0.0,0.0,0.0,unknown
1762152135.001871,0,0.060000000000000005,0.8,0,1,3,133.13,136.99999999997405,311.1,0.0,0.0,0.0,0.0,unknown
1762152135.0119965,0,0.060000000000000005,0.8,0,1,3,133.06,136.89999999997406,311.04999999999995,0.0,0.0,0.0,0.0,unknown
1762152135.0220988,0,0.060000000000000005,0.8,0,1,3,133.08,136.79999999997406,311.05,0.0,0.0,0.0,0.0,unknown
1762152135.0322227,0,0.061000000000000006,0.8,1,1,3,133.1,136.69999999997407,311.04999999999995,0.0,0.0,0.0,0.0,unknown
1762152135.0423093,0,0.061000000000000006,0.8,0,0,3,133.08,136.59999999997407,311.0,0.0,0.0,0.0,0.0,unknown
1762152135.052427,0,0.059000000000000004,0.8,0,0,3,133.06,136.49999999997408,310.9,0.0,0.0,0.0,0.0,unknown
1762152135.0625403,0,0.059000000000000004,0.8,1,0,3,132.99,136.39999999997409,310.79999999999995,0.0,0.0,0.0,0.0,unknown
1762152135.0726361,0,0.057,0.8,0,0,3,132.54,136.2999999999741,310.75,0.0,0.0,0.0,0.0,unknown
1762152135.0827436,0,0.056,0.8,0,0,3,132.09,136.1999999999741,310.65,0.0,0.0,0.0,0.0,unknown
1762152135.0928392,0,0.055,0.8,0,0,3,131.64,136.0999999999741,310.55,0.0,0.0,0.0,0.0,unknown
1762152135.1029577,0,0.054,0.8,0,0,3,131.19,135.9999999999741,310.45,0.0,0.0,0.0,0.0,unknown
1762152135.1130788,0,0.055,0.8,1,0,3,130.74,135.8999999999741,310.25,0.0,0.0,0.0,0.0,unknown
1762152135.1231759,0,0.055,0.8,1,0,3,130.29,135.79999999997412,309.95,0.0,0.0,0.0,0.0,unknown
1762152135.1332936,0,0.055,0.8,1,1,3,129.84,135.69999999997412,309.6,0.0,0.0,0.0,0.0,unknown
1762152135.1433976,0,0.055,0.8,0,1,3,129.39,135.59999999997413,309.29999999999995,0.0,0.0,0.0,0.0,unknown
1762152135.153498,0,0.057,0.8,1,2,3,128.99,135.49999999997414,309.1,0.0,0.0,0.0,0.0,unknown
1762152135.1636045,0,0.058,0.8,2,1,3,128.54,135.39999999997414,309.0,0.0,0.0,0.0,0.0,unknown
1762152135.1737204,0,0.057,0.8,1,1,3,128.04,135.29999999997415,308.95,0.0,0.0,0.0,0.0,unknown
1762152135.1838315,0,0.058,0.8,2,0,3,127.54,135.19999999997415,308.85,0.0,0.0,0.0,0.0,unknown
1762152135.1939397,0,0.058,0.8,1,1,3,127.12,135.09999999997416,308.70000000000005,0.0,0.0,0.0,0.0,unknown
1762152135.2040682,0,0.057,0.8,1,1,3,126.63,134.99999999997416,308.5,0.0,0.0,0.0,0.0,unknown
1762152135.2141879,0,0.058,0.8,2,1,3,126.14,134.89999999997417,308.35,0.0,0.0,0.0,0.0,unknown
1762152135.224314,0,0.057,0.8,1,0,3,125.95,134.79999999997418,308.15,0.0,0.0,0.0,0.0,unknown
1762152135.2344148,0,0.059000000000000004,0.8,2,1,3,125.76,134.69999999997418,308.0,0.0,0.0,0.0,0.0,unknown
1762152135.244513,0,0.058,0.8,0,0,3,125.76,134.5999999999742,307.85,0.0,0.0,0.0,0.0,unknown
1762152135.2546275,0,0.057,0.8,0,0,3,125.88,134.4999999999742,307.85,0.0,0.0,0.0,0.0,unknown
1762152135.2647376,0,0.057,0.8,0,0,3,126,134.3999999999742,307.85,0.0,0.0,0.0,0.0,unknown
1762152135.2748406,0,0.058,0.8,1,1,3,126.12,134.2999999999742,307.9,0.0,0.0,0.0,0.0,unknown
1762152135.284961,0,0.058,0.8,1,1,3,126.24,134.1999999999742,308.0,0.0,0.0,0.0,0.0,unknown
1762152135.295088,0,0.057,0.8,0,1,3,126.36,134.09999999997422,308.1,0.0,0.0,0.0,0.0,unknown
1762152135.3051994,0,0.057,0.8,0,1,3,126.48,133.99999999997422,308.25,0.0,0.0,0.0,0.0,unknown
1762152135.315303,0,0.055,0.8,0,0,3,126.6,133.89999999997423,308.35,0.0,0.0,0.0,0.0,unknown
1762152135.3253694,0,0.055,0.8,0,0,3,126.72,133.79999999997423,308.35,0.0,0.0,0.0,0.0,unknown
1762152135.3354445,0,0.054,0.8,0,2,3,126.84,133.69999999997424,308.35,0.0,0.0,0.0,0.0,unknown
1762152135.34554,0,0.056,0.8,1,1,3,126.96,133.59999999997424,308.29999999999995,0.0,0.0,0.0,0.0,unknown
1762152135.3556356,0,0.056,0.8,0,1,3,127.13,133.49999999997425,308.25,0.0,0.0,0.0,0.0,unknown
1762152135.36575,0,0.058,0.8,1,1,3,127.32,133.39999999997426,308.29999999999995,0.0,0.0,0.0,0.0,unknown
1762152135.3758664,0,0.058,0.8,0,1,3,127.51,133.29999999997426,308.35,0.0,0.0,0.0,0.0,unknown
1762152135.3859735,0,0.059000000000000004,0.8,0,1,3,127.68,133.19999999997427,308.35,0.0,0.0,0.0,0.0,unknown
1762152135.3960786,0,0.060000000000000005,0.8,0,2,3,127.73,133.09999999997427,308.35,0.0,0.0,0.0,0.0,unknown
1762152135.4061892,0,0.062,0.8,1,2,3,127.73,132.99999999997428,308.4,0.0,0.0,0.0,0.0,unknown
1762152135.4163847,0,0.062,0.8,2,0,3,127.66,132.89999999997428,308.45,0.0,0.0,0.0,0.0,unknown
1762152135.4265025,0,0.060000000000000005,0.8,0,0,3,127.38,132.7999999999743,308.5,0.0,0.0,0.0,0.0,unknown
1762152135.4366136,0,0.060000000000000005,0.8,1,1,3,127.1,132.6999999999743,308.5,0.0,0.0,0.0,0.0,unknown
1762152135.4467158,0,0.060000000000000005,0.8,1,0,3,126.77,132.5999999999743,308.4,0.0,0.0,0.0,0.0,unknown
1762152135.4568074,0,0.062,0.8,1,1,3,126.49,132.4999999999743,308.29999999999995,0.0,0.0,0.0,0.0,unknown
1762152135.4669378,0,0.063,0.8,1,0,3,126.21,132.3999999999743,308.15,0.0,0.0,0.0,0.0,unknown
1762152135.4770148,0,0.062,0.8,0,0,3,125.93,132.29999999997432,308.0,0.0,0.0,0.0,0.0,unknown
1762152135.4871204,0,0.062,0.8,0,1,3,125.65,132.19999999997432,307.85,0.0,0.0,0.0,0.0,unknown
1762152135.4972925,0,0.063,0.8,1,1,3,125.37,132.09999999997433,307.7,0.0,0.0,0.0,0.0,unknown
1762152135.5073922,0,0.064,0.8,1,1,3,125.09,131.99999999997434,307.5,0.0,0.0,0.0,0.0,unknown
1762152135.5174649,0,0.064,0.8,0,1,3,124.76,131.89999999997434,307.4,0.0,0.0,0.0,0.0,unknown
1762152135.5277343,0,0.065,0.8,1,1,3,124.48,131.79999999997435,307.25,0.0,0.0,0.0,0.0,unknown
1762152135.538001,0,0.065,0.8,0,2,3,124.2,131.69999999997435,307.15,0.0,0.0,0.0,0.0,unknown
1762152135.5481331,0,0.066,0.8,0,1,3,123.99,131.59999999997436,307.05,0.0,0.0,0.0,0.0,unknown
1762152135.5582557,0,0.066,0.8,0,0,3,123.71,131.49999999997436,306.95,0.0,0.0,0.0,0.0,unknown
1762152135.5683439,0,0.066,0.8,1,0,3,123.43,131.39999999997437,306.95,0.0,0.0,0.0,0.0,unknown
1762152135.5784492,0,0.066,0.8,0,0,3,123.24,131.29999999997437,306.8,0.0,0.0,0.0,0.0,unknown
1762152135.588543,0,0.067,0.8,0,1,3,123.36,131.19999999997438,306.65,0.0,0.0,0.0,0.0,unknown
1762152135.598672,0,0.068,0.8,1,0,3,123.48,131.0999999999744,306.55,0.0,0.0,0.0,0.0,unknown
1762152135.608776,0,0.068,0.8,0,0,3,123.6,130.9999999999744,306.5,0.0,0.0,0.0,0.0,unknown
1762152135.6188796,0,0.068,0.8,1,0,3,123.77,130.8999999999744,306.6,0.0,0.0,0.0,0.0,unknown
1762152135.6289895,0,0.068,0.8,1,0,3,123.89,130.7999999999744,306.7,0.0,0.0,0.0,0.0,unknown
1762152135.639083,0,0.067,0.8,1,0,3,124.01,130.6999999999744,306.79999999999995,0.0,0.0,0.0,0.0,unknown
1762152135.6492727,0,0.066,0.8,0,0,3,124.13,130.59999999997441,306.75,0.0,0.0,0.0,0.0,unknown
1762152135.6593823,0,0.064,0.8,0,1,3,124.25,130.49999999997442,306.75,0.0,0.0,0.0,0.0,unknown
1762152135.6694858,0,0.062,0.8,0,1,3,124.37,130.39999999997443,306.75,0.0,0.0,0.0,0.0,unknown
1762152135.6796086,0,0.060000000000000005,0.8,0,0,3,124.49,130.29999999997443,306.8,0.0,0.0,0.0,0.0,unknown
1762152135.689781,0,0.059000000000000004,0.8,0,1,3,124.61,130.19999999997444,306.8,0.0,0.0,0.0,0.0,unknown
1762152135.6998966,0,0.058,0.8,0,1,3,124.73,130.09999999997444,306.8,0.0,0.0,0.0,0.0,unknown
1762152135.7100177,0,0.056,0.8,0,0,3,124.85,129.99999999997445,306.75,0.0,0.0,0.0,0.0,unknown
1762152135.7201045,0,0.054,0.8,1,0,3,125.04,129.89999999997445,306.85,0.0,0.0,0.0,0.0,unknown
1762152135.7302241,0,0.056,0.8,1,2,3,125.21,129.79999999997446,306.95000000000005,0.0,0.0,0.0,0.0,unknown
1762152135.740326,0,0.054,0.8,0,1,3,125.26,129.69999999997447,307.1,0.0,0.0,0.0,0.0,unknown
1762152135.7504432,0,0.054,0.8,0,0,3,125.26,129.59999999997447,307.15,0.0,0.0,0.0,0.0,unknown
1762152135.7605393,0,0.054,0.8,0,0,3,125.19,129.49999999997448,307.2,0.0,0.0,0.0,0.0,unknown
1762152135.7706287,0,0.054,0.8,0,0,3,124.86,129.39999999997448,307.3,0.0,0.0,0.0,0.0,unknown
1762152135.7807312,0,0.053000000000000005,0.8,0,1,3,124.53,129.2999999999745,307.35,0.0,0.0,0.0,0.0,unknown
1762152135.7908208,0,0.052000000000000005,0.8,0,1,3,124.2,129.1999999999745,307.35,0.0,0.0,0.0,0.0,unknown
1762152135.8009443,0,0.051000000000000004,0.8,0,0,3,123.92,129.0999999999745,307.3,0.0,0.0,0.0,0.0,unknown
1762152135.8110352,0,0.05,0.8,0,0,3,123.64,128.9999999999745,307.20000000000005,0.0,0.0,0.0,0.0,unknown
1762152135.8211505,0,0.052000000000000005,0.8,1,1,3,123.36,128.8999999999745,307.0,0.0,0.0,0.0,0.0,unknown
1762152135.8312442,0,0.052000000000000005,0.8,0,0,3,123.08,128.79999999997452,306.85,0.0,0.0,0.0,0.0,unknown
1762152135.841344,0,0.052000000000000005,0.8,2,0,3,122.75,128.69999999997452,306.7,0.0,0.0,0.0,0.0,unknown
1762152135.8514378,0,0.053000000000000005,0.8,1,2,3,122.47,128.59999999997453,306.5,0.0,0.0,0.0,0.0,unknown
1762152135.8615222,0,0.053000000000000005,0.8,1,0,3,122.19,128.49999999997453,306.29999999999995,0.0,0.0,0.0,0.0,unknown
1762152135.8716352,0,0.054,0.8,2,1,3,121.91,128.39999999997454,306.1,0.0,0.0,0.0,0.0,unknown
1762152135.8817306,0,0.054,0.8,1,0,3,121.63,128.29999999997455,305.8,0.0,0.0,0.0,0.0,unknown
1762152135.8918343,0,0.053,0.8,0,0,3,121.42,128.19999999997455,305.6,0.0,0.0,0.0,0.0,unknown
1762152135.90196,0,0.053,0.8,1,1,3,121.14,128.09999999997456,305.35,0.0,0.0,0.0,0.0,unknown
1762152135.9120722,0,0.051000000000000004,0.8,0,1,3,120.95,127.99999999997456,305.05,0.0,0.0,0.0,0.0,unknown
1762152135.9221733,0,0.05,0.8,1,0,3,120.76,127.89999999997457,304.8,0.0,0.0,0.0,0.0,unknown
1762152135.9322424,0,0.05,0.8,0,0,3,120.88,127.79999999997457,304.65,0.0,0.0,0.0,0.0,unknown
1762152135.9423149,0,0.049,0.8,1,0,3,121,127.69999999997458,304.55,0.0,0.0,0.0,0.0,unknown
1762152135.952394,0,0.048,0.8,0,0,3,121.12,127.59999999997459,304.45,0.0,0.0,0.0,0.0,unknown
1762152135.9624956,0,0.048,0.8,1,1,3,121.24,127.49999999997459,304.4,0.0,0.0,0.0,0.0,unknown
1762152135.9726112,0,0.048,0.8,0,1,3,121.36,127.3999999999746,304.4,0.0,0.0,0.0,0.0,unknown
1762152135.982737,0,0.049,0.8,1,0,3,121.48,127.2999999999746,304.4,0.0,0.0,0.0,0.0,unknown
1762152135.9928463,0,0.051000000000000004,0.8,1,2,3,121.6,127.19999999997461,304.54999999999995,0.0,0.0,0.0,0.0,unknown
1762152136.0029376,0,0.052000000000000005,0.8,1,2,3,121.6,127.09999999997461,304.65,0.0,0.0,0.0,0.0,unknown
1762152136.0130348,0,0.052000000000000005,0.8,0,2,3,121.6,126.99999999997462,304.79999999999995,0.0,0.0,0.0,0.0,unknown
1762152136.0231497,0,0.052000000000000005,0.8,0,1,3,121.6,126.89999999997463,304.85,0.0,0.0,0.0,0.0,unknown
1762152136.0332763,0,0.051000000000000004,0.8,0,1,3,121.58,126.79999999997463,304.85,0.0,0.0,0.0,0.0,unknown
1762152136.0433881,0,0.05,0.8,0,1,3,121.56,126.69999999997464,304.8,0.0,0.0,0.0,0.0,unknown
1762152136.0535038,0,0.05,0.8,0,1,3,121.56,126.59999999997464,304.79999999999995,0.0,0.0,0.0,0.0,unknown
1762152136.0636053,0,0.052000000000000005,0.8,1,1,3,121.58,126.49999999997465,304.85,0.0,0.0,0.0,0.0,unknown
1762152136.0737076,0,0.052000000000000005,0.8,0,1,3,121.63,126.39999999997465,304.85,0.0,0.0,0.0,0.0,unknown
1762152136.083806,0,0.053,0.8,0,1,3,121.72,126.29999999997466,304.8,0.0,0.0,0.0,0.0,unknown
1762152136.0939028,0,0.053,0.8,0,1,3,121.81,126.19999999997466,304.7,0.0,0.0,0.0,0.0,unknown
1762152136.104014,0,0.053,0.8,0,1,3,121.9,126.09999999997467,304.6,0.0,0.0,0.0,0.0,unknown
1762152136.114143,0,0.055,0.8,1,1,3,121.9,125.99999999997468,304.5,0.0,0.0,0.0,0.0,unknown
1762152136.1242602,0,0.056,0.8,1,1,3,121.85,125.89999999997468,304.4,0.0,0.0,0.0,0.0,unknown
1762152136.1343486,0,0.055,0.8,0,0,3,121.85,125.79999999997469,304.35,0.0,0.0,0.0,0.0,unknown
1762152136.144461,0,0.055,0.8,0,1,3,121.85,125.6999999999747,304.29999999999995,0.0,0.0,0.0,0.0,unknown
1762152136.15457,0,0.056,0.8,0,1,3,121.85,125.5999999999747,304.3,0.0,0.0,0.0,0.0,unknown
1762152136.1646824,0,0.056,0.8,0,1,3,121.85,125.4999999999747,304.25,0.0,0.0,0.0,0.0,unknown
1762152136.17478,0,0.057,0.8,0,2,3,121.85,125.39999999997471,304.15,0.0,0.0,0.0,0.0,unknown
1762152136.1848905,0,0.058,0.8,0,1,3,121.9,125.29999999997472,303.95000000000005,0.0,0.0,0.0,0.0,unknown
1762152136.194985,0,0.058,0.8,0,1,3,121.9,125.19999999997472,303.8,0.0,0.0,0.0,0.0,unknown
1762152136.2050984,0,0.058,0.8,0,1,3,121.83,125.09999999997473,303.75,0.0,0.0,0.0,0.0,unknown
1762152136.2152143,0,0.059000000000000004,0.8,0,1,3,121.83,124.99999999997473,303.75,0.0,0.0,0.0,0.0,unknown
1762152136.2253332,0,0.060000000000000005,0.8,1,1,3,121.83,124.89999999997474,303.65,0.0,0.0,0.0,0.0,unknown
1762152136.235449,0,0.059000000000000004,0.8,2,0,3,121.83,124.79999999997474,303.54999999999995,0.0,0.0,0.0,0.0,unknown
1762152136.2455382,0,0.059000000000000004,0.8,1,0,3,121.74,124.69999999997475,303.4,0.0,0.0,0.0,0.0,unknown
1762152136.2556596,0,0.060000000000000005,0.8,0,1,3,121.65,124.59999999997476,303.25,0.0,0.0,0.0,0.0,unknown
1762152136.2657864,0,0.061000000000000006,0.8,1,0,3,121.44,124.49999999997476,303.05,0.0,0.0,0.0,0.0,unknown
1762152136.2758884,0,0.062,0.8,1,0,3,121.23,124.39999999997477,302.85,0.0,0.0,0.0,0.0,unknown
1762152136.2860065,0,0.062,0.8,1,0,3,121.11,124.29999999997477,302.65,0.0,0.0,0.0,0.0,unknown
1762152136.2961063,0,0.062,0.8,1,0,3,120.99,124.19999999997478,302.5,0.0,0.0,0.0,0.0,unknown
1762152136.3062298,0,0.064,0.8,1,1,3,120.87,124.09999999997478,302.35,0.0,0.0,0.0,0.0,unknown
1762152136.31633,0,0.065,0.8,1,0,3,120.75,123.99999999997479,302.2,0.0,0.0,0.0,0.0,unknown
1762152136.3264408,0,0.063,0.8,0,0,3,120.63,123.8999999999748,302.04999999999995,0.0,0.0,0.0,0.0,unknown
1762152136.336561,0,0.064,0.8,0,1,3,120.51,123.7999999999748,301.95000000000005,0.0,0.0,0.0,0.0,unknown
1762152136.3466642,0,0.064,0.8,0,2,3,120.39,123.6999999999748,301.85,0.0,0.0,0.0,0.0,unknown
1762152136.3567698,0,0.063,0.8,0,2,3,120.27,123.59999999997481,301.8,0.0,0.0,0.0,0.0,unknown
1762152136.3668904,0,0.063,0.8,0,1,3,120.1,123.49999999997482,301.8,0.0,0.0,0.0,0.0,unknown
1762152136.3769853,0,0.061000000000000006,0.8,0,1,3,119.91,123.39999999997482,301.79999999999995,0.0,0.0,0.0,0.0,unknown
1762152136.3870862,0,0.060000000000000005,0.8,0,0,3,119.72,123.29999999997483,301.8,0.0,0.0,0.0,0.0,unknown
1762152136.3971927,0,0.061000000000000006,0.8,0,1,3,119.55,123.19999999997484,301.85,0.0,0.0,0.0,0.0,unknown
1762152136.4073071,0,0.060000000000000005,0.8,0,1,3,119.48,123.09999999997484,301.9,0.0,0.0,0.0,0.0,unknown
1762152136.4174333,0,0.059000000000000004,0.8,0,0,3,119.36,122.99999999997485,301.95000000000005,0.0,0.0,0.0,0.0,unknown
1762152136.4275365,0,0.058,0.8,0,0,3,119.24,122.89999999997485,301.95000000000005,0.0,0.0,0.0,0.0,unknown
1762152136.4376051,0,0.058,0.8,0,0,3,119.33,122.79999999997486,301.9,0.0,0.0,0.0,0.0,unknown
1762152136.4477115,0,0.057,0.8,0,0,3,119.42,122.69999999997486,301.79999999999995,0.0,0.0,0.0,0.0,unknown
1762152136.4578247,0,0.059000000000000004,0.8,0,2,3,119.42,122.59999999997487,301.70000000000005,0.0,0.0,0.0,0.0,unknown
1762152136.4679494,0,0.058,0.8,0,1,3,119.37,122.49999999997488,301.65,0.0,0.0,0.0,0.0,unknown
1762152136.478127,0,0.058,0.8,0,1,3,119.37,122.39999999997488,301.5,0.0,0.0,0.0,0.0,unknown
1762152136.488224,0,0.058,0.8,0,1,3,119.37,122.29999999997489,301.45,0.0,0.0,0.0,0.0,unknown
1762152136.498326,0,0.058,0.8,0,3,3,119.32,122.19999999997489,301.45,0.0,0.0,0.0,0.0,unknown
1762152136.508431,0,0.056,0.8,0,1,3,119.27,122.0999999999749,301.45000000000005,0.0,0.0,0.0,0.0,unknown
1762152136.5185335,0,0.054,0.8,0,0,3,119.22,121.9999999999749,301.45,0.0,0.0,0.0,0.0,unknown
1762152136.5286531,0,0.056,0.8,1,2,3,119.27,121.89999999997491,301.35,0.0,0.0,0.0,0.0,unknown
1762152136.5387545,0,0.056,0.8,0,1,3,119.27,121.79999999997491,301.4,0.0,0.0,0.0,0.0,unknown
1762152136.5488563,0,0.058,0.8,1,2,3,119.27,121.69999999997492,301.4,0.0,0.0,0.0,0.0,unknown
1762152136.5589745,0,0.059000000000000004,0.8,1,1,3,119.13,121.59999999997493,301.35,0.0,0.0,0.0,0.0,unknown
1762152136.5690815,0,0.058,0.8,0,1,3,119.03,121.49999999997493,301.20000000000005,0.0,0.0,0.0,0.0,unknown
1762152136.5791945,0,0.057,0.8,0,0,3,118.96,121.39999999997494,301.05,0.0,0.0,0.0,0.0,unknown
1762152136.5892987,0,0.056,0.8,0,0,3,118.8,121.29999999997494,301.0,0.0,0.0,0.0,0.0,unknown
1762152136.5993872,0,0.056,0.8,0,1,3,118.49,121.19999999997495,301.04999999999995,0.0,0.0,0.0,0.0,unknown
1762152136.6094875,0,0.057,0.8,1,1,3,118.23,121.09999999997495,301.0,0.0,0.0,0.0,0.0,unknown
1762152136.6195745,0,0.056,0.8,0,1,3,117.97,120.99999999997496,300.95000000000005,0.0,0.0,0.0,0.0,unknown
1762152136.6296651,0,0.055,0.8,1,0,3,117.71,120.89999999997497,300.8,0.0,0.0,0.0,0.0,unknown
1762152136.6397283,0,0.055,0.8,0,0,3,117.59,120.79999999997497,300.70000000000005,0.0,0.0,0.0,0.0,unknown
1762152136.649815,0,0.054,0.8,0,0,3,117.47,120.69999999997498,300.65,0.0,0.0,0.0,0.0,unknown
1762152136.659916,0,0.054,0.8,1,0,3,117.35,120.59999999997498,300.70000000000005,0.0,0.0,0.0,0.0,unknown
1762152136.670035,0,0.054,0.8,1,0,3,117.23,120.49999999997499,300.8,0.0,0.0,0.0,0.0,unknown
1762152136.68015,0,0.053000000000000005,0.8,0,1,3,117.11,120.399999999975,300.9,0.0,0.0,0.0,0.0,unknown
1762152136.6902568,0,0.054,0.8,0,2,3,116.99,120.299999999975,300.9,0.0,0.0,0.0,0.0,unknown
1762152136.7003706,0,0.055,0.8,1,1,3,116.87,120.199999999975,300.9,0.0,0.0,0.0,0.0,unknown
1762152136.7104878,0,0.056,0.8,1,1,3,116.75,120.09999999997501,300.85,0.0,0.0,0.0,0.0,unknown
1762152136.7205799,0,0.057,0.8,1,1,3,116.63,119.99999999997502,300.85,0.0,0.0,0.0,0.0,unknown
1762152136.7306845,0,0.055,0.8,0,0,3,116.44,119.89999999997502,300.8,0.0,0.0,0.0,0.0,unknown
1762152136.740779,0,0.054,0.8,0,1,3,116.27,119.79999999997503,300.70000000000005,0.0,0.0,0.0,0.0,unknown
1762152136.7508671,0,0.055,0.8,0,2,3,116.1,119.69999999997503,300.54999999999995,0.0,0.0,0.0,0.0,unknown
1762152136.7609906,0,0.055,0.8,1,0,3,115.98,119.59999999997504,300.45,0.0,0.0,0.0,0.0,unknown
1762152136.7710893,0,0.054,0.8,0,0,3,115.86,119.49999999997505,300.4,0.0,0.0,0.0,0.0,unknown
1762152136.781194,0,0.053000000000000005,0.8,0,0,3,116,119.39999999997505,300.35,0.0,0.0,0.0,0.0,unknown
1762152136.7912796,0,0.053000000000000005,0.8,0,1,3,116.14,119.29999999997506,300.3,0.0,0.0,0.0,0.0,unknown
1762152136.8014016,0,0.053000000000000005,0.8,0,1,3,116.26,119.19999999997506,300.20000000000005,0.0,0.0,0.0,0.0,unknown
1762152136.8114986,0,0.051000000000000004,0.8,0,0,3,116.21,119.09999999997507,300.2,0.0,0.0,0.0,0.0,unknown
1762152136.8215992,0,0.051000000000000004,0.8,1,0,3,116.16,118.99999999997507,300.2,0.0,0.0,0.0,0.0,unknown
1762152136.8316932,0,0.052000000000000005,0.8,0,1,3,116.11,118.89999999997508,300.29999999999995,0.0,0.0,0.0,0.0,unknown
1762152136.8417962,0,0.051000000000000004,0.8,0,0,3,116.11,118.79999999997509,300.25,0.0,0.0,0.0,0.0,unknown
1762152136.8518896,0,0.051000000000000004,0.8,1,1,3,116.16,118.69999999997509,300.20000000000005,0.0,0.0,0.0,0.0,unknown
1762152136.861998,0,0.051000000000000004,0.8,0,2,3,116.16,118.5999999999751,300.1,0.0,0.0,0.0,0.0,unknown
1762152136.8721106,0,0.051000000000000004,0.8,1,0,3,116.16,118.4999999999751,300.05,0.0,0.0,0.0,0.0,unknown
1762152136.882233,0,0.05,0.8,0,0,3,116.16,118.39999999997511,300.0,None,None,None,0.0,unknown
1762152136.8923316,0,0.05,0.8,0,0,3,116.16,118.29999999997511,300.0,None,None,None,0.0,unknown
1762152136.9024284,0,0.051000000000000004,0.8,1,1,3,116.09,118.19999999997512,300.05,0.0,0.0,0.0,0.0,unknown
1762152136.9125314,0,0.051000000000000004,0.8,0,1,3,115.99,118.09999999997513,300.1,0.0,0.0,0.0,0.0,unknown
1762152136.9226327,0,0.052000000000000005,0.8,0,1,3,115.8,117.99999999997513,300.2,0.0,0.0,0.0,0.0,unknown
1762152136.9327347,0,0.052000000000000005,0.8,0,0,3,115.64,117.89999999997514,300.3,0.0,0.0,0.0,0.0,unknown
1762152136.9428024,0,0.053000000000000005,0.8,0,1,3,115.36,117.79999999997514,300.3,0.0,0.0,0.0,0.0,unknown
1762152136.9528675,0,0.054,0.8,0,1,3,115.08,117.69999999997515,300.25,0.0,0.0,0.0,0.0,unknown
1762152136.9629862,0,0.053000000000000005,0.8,1,0,3,114.87,117.59999999997515,300.2,0.0,0.0,0.0,0.0,unknown
1762152136.9731185,0,0.054,0.8,1,1,3,114.66,117.49999999997516,300.04999999999995,0.0,0.0,0.0,0.0,unknown
1762152136.9832435,0,0.055,0.8,1,1,3,114.54,117.39999999997517,299.9,None,None,None,0.0,unknown
1762152136.9933577,0,0.056,0.8,1,1,3,114.42,117.29999999997517,299.85,None,None,None,0.0,unknown
1762152137.003458,0,0.055,0.8,1,1,3,114.3,117.19999999997518,299.75,None,None,None,0.0,unknown
1762152137.0135565,0,0.057,0.8,1,2,3,114.18,117.09999999997518,299.65,None,None,None,0.0,unknown
1762152137.02365,0,0.059000000000000004,0.8,1,1,3,114.06,116.99999999997519,299.5,None,None,None,0.0,unknown
1762152137.0337532,0,0.056,0.8,0,0,3,113.94,116.8999999999752,299.45,None,None,None,0.0,unknown
1762152137.0438695,0,0.056,0.8,1,0,3,113.77,116.7999999999752,299.45,None,None,None,0.0,unknown
1762152137.053995,0,0.053000000000000005,0.8,0,0,3,113.6,116.6999999999752,299.55,None,None,None,0.0,unknown
1762152137.0641038,0,0.051000000000000004,0.8,0,0,3,113.43,116.59999999997521,299.65,None,None,None,0.0,unknown
1762152137.0742145,0,0.052000000000000005,0.8,1,1,3,113.24,116.49999999997522,299.65,None,None,None,0.0,unknown
1762152137.0843532,0,0.054,0.8,1,1,3,113.07,116.39999999997522,299.6,None,None,None,0.0,unknown
1762152137.094477,0,0.056,0.8,1,1,3,113.07,116.29999999997523,299.6,None,None,None,0.0,unknown
1762152137.1045763,0,0.057,0.8,1,1,3,113.07,116.19999999997523,299.6,None,None,None,0.0,unknown
1762152137.1146863,0,0.055,0.8,0,0,3,113.07,116.09999999997524,299.65,None,None,None,0.0,unknown
1762152137.1247902,0,0.054,0.8,0,0,3,113.16,115.99999999997524,299.65,None,None,None,0.0,unknown
1762152137.1348987,0,0.053000000000000005,0.8,0,0,3,113.21,115.89999999997525,299.75,None,None,None,0.0,unknown
1762152137.1450164,0,0.053000000000000005,0.8,0,0,3,113.16,115.79999999997526,299.85,None,None,None,0.0,unknown
1762152137.1551363,0,0.053000000000000005,0.8,0,0,3,113.06,115.69999999997526,299.95000000000005,None,None,None,0.0,unknown
1762152137.1652546,0,0.052000000000000005,0.8,0,0,3,112.96,115.59999999997527,300.0,None,None,None,0.0,unknown
1762152137.1753526,0,0.051000000000000004,0.8,0,0,3,112.86,115.49999999997527,299.95,None,None,None,0.0,unknown
1762152137.1854563,0,0.05,0.8,0,0,3,112.76,115.39999999997528,299.9,None,None,None,0.0,unknown
1762152137.1955543,0,0.048,0.8,0,0,3,112.66,115.29999999997528,299.9,None,None,None,0.0,unknown
1762152137.205648,0,0.046,0.8,0,0,3,112.61,115.19999999997529,299.9,None,None,None,0.0,unknown
1762152137.2157683,0,0.044000000000000004,0.8,0,0,3,112.51,115.0999999999753,299.79999999999995,None,None,None,0.0,unknown
1762152137.225875,0,0.042,0.8,0,0,3,112.41,114.9999999999753,299.75,None,None,None,0.0,unknown
1762152137.2360075,0,0.043000000000000003,0.8,1,0,3,112.31,114.89999999997531,299.75,None,None,None,0.0,unknown
1762152137.2461307,0,0.042,0.8,0,0,3,112.12,114.79999999997531,299.8,None,None,None,0.0,unknown
1762152137.2562408,0,0.04,0.8,0,0,3,112.02,114.69999999997532,299.85,None,None,None,0.0,unknown
1762152137.2663672,0,0.039,0.8,0,0,3,111.92,114.59999999997532,299.8,None,None,None,0.0,unknown
1762152137.2764728,0,0.041,0.8,1,1,3,111.85,114.49999999997533,299.7,None,None,None,0.0,unknown
1762152137.286584,0,0.041,0.8,0,0,3,111.78,114.39999999997534,299.55,None,None,None,0.0,unknown
1762152137.2966938,0,0.041,0.8,1,0,3,111.62,114.29999999997534,299.4,None,None,None,0.0,unknown
1762152137.306822,0,0.04,0.8,0,0,3,111.43,114.19999999997535,299.25,None,None,None,0.0,unknown
1762152137.316916,0,0.041,0.8,1,0,3,111.24,114.09999999997535,299.15,None,None,None,0.0,unknown
1762152137.3270175,0,0.04,0.8,0,0,3,111.1,113.99999999997536,299.04999999999995,None,None,None,0.0,unknown
1762152137.3371212,0,0.039,0.8,0,0,3,110.96,113.89999999997536,299.0,None,None,None,0.0,unknown
1762152137.347212,0,0.039,0.8,0,0,3,110.82,113.79999999997537,299.0,None,None,None,0.0,unknown
1762152137.3573267,0,0.038,0.8,1,0,3,110.73,113.69999999997538,299.0,None,None,None,0.0,unknown
1762152137.367428,0,0.036000000000000004,0.8,0,0,3,110.64,113.59999999997538,299.04999999999995,None,None,None,0.0,unknown
1762152137.3775465,0,0.035,0.8,0,0,3,110.55,113.49999999997539,298.95000000000005,None,None,None,0.0,unknown
1762152137.3876452,0,0.037000000000000005,0.8,1,1,3,110.46,113.39999999997539,298.79999999999995,None,None,None,0.0,unknown
1762152137.3977697,0,0.038,0.8,1,0,3,110.37,113.2999999999754,298.65,None,None,None,0.0,unknown
1762152137.4078684,0,0.037000000000000005,0.8,1,0,3,110.23,113.1999999999754,298.5,None,None,None,0.0,unknown
1762152137.4179866,0,0.036000000000000004,0.8,0,0,3,110.04,113.09999999997541,298.35,None,None,None,0.0,unknown
1762152137.428107,0,0.035,0.8,0,0,3,109.95,112.99999999997542,298.25,None,None,None,0.0,unknown
1762152137.4382107,0,0.035,0.8,0,0,3,109.93,112.89999999997542,298.15,None,None,None,0.0,unknown
1762152137.4482965,0,0.034,0.8,0,0,3,109.84,112.79999999997543,298.15,None,None,None,0.0,unknown
1762152137.4584057,0,0.034,0.8,1,0,3,109.75,112.69999999997543,298.2,None,None,None,0.0,unknown
1762152137.4685185,0,0.034,0.8,0,1,3,109.8,112.59999999997544,298.25,None,None,None,0.0,unknown
1762152137.4786103,0,0.033,0.8,0,1,3,109.85,112.49999999997544,298.3,None,None,None,0.0,unknown
1762152137.4887154,0,0.031,0.8,0,0,3,109.85,112.39999999997545,298.45000000000005,None,None,None,0.0,unknown
1762152137.4988196,0,0.030000000000000002,0.8,0,1,3,109.66,112.29999999997546,298.5,None,None,None,0.0,unknown
1762152137.508922,0,0.029,0.8,1,0,3,109.52,112.19999999997546,298.45,None,None,None,0.0,unknown
1762152137.5190325,0,0.026000000000000002,0.8,0,0,3,109.38,112.09999999997547,298.29999999999995,None,None,None,0.0,unknown
1762152137.5291371,0,0.024,0.8,0,0,3,109.24,111.99999999997547,298.15,None,None,None,0.0,unknown
1762152137.539258,0,0.024,0.8,0,0,3,109.05,111.89999999997548,298.0,None,None,None,0.0,unknown
1762152137.5493515,0,0.023,0.8,0,0,3,108.86,111.79999999997548,297.75,None,None,None,0.0,unknown
1762152137.5594842,0,0.024,0.8,1,0,3,108.67,111.69999999997549,297.55,None,None,None,0.0,unknown
1762152137.5695844,0,0.024,0.8,0,0,3,108.55,111.5999999999755,297.45,None,None,None,0.0,unknown
1762152137.579672,0,0.023,0.8,1,0,3,108.46,111.4999999999755,297.5,None,None,None,0.0,unknown
1762152137.589773,0,0.021,0.8,0,0,3,108.34,111.3999999999755,297.5,None,None,None,0.0,unknown
1762152137.5998936,0,0.021,0.8,1,1,3,108.22,111.29999999997551,297.55,None,None,None,0.0,unknown
1762152137.6100197,0,0.02,0.8,1,0,3,108.13,111.19999999997552,297.4,None,None,None,0.0,unknown
1762152137.6201308,0,0.02,0.8,0,0,3,108.06,111.09999999997552,297.25,None,None,None,0.0,unknown
1762152137.6302602,0,0.022000000000000002,0.8,2,0,3,107.94,110.99999999997553,297.04999999999995,None,None,None,0.0,unknown
1762152137.6403675,0,0.023,0.8,1,0,3,107.77,110.89999999997553,296.79999999999995,None,None,None,0.0,unknown
1762152137.6504686,0,0.024,0.8,0,1,3,107.58,110.79999999997554,296.6,None,None,None,0.0,unknown
1762152137.6605694,0,0.024,0.8,0,0,3,107.39,110.69999999997555,296.35,None,None,None,0.0,unknown
1762152137.670673,0,0.024,0.8,0,0,3,107.3,110.59999999997555,296.1,None,None,None,0.0,unknown
1762152137.6807976,0,0.025,0.8,0,1,3,107.21,110.49999999997556,295.85,None,None,None,0.0,unknown
1762152137.6908953,0,0.025,0.8,0,0,3,107.12,110.39999999997556,295.6,None,None,None,0.0,unknown
1762152137.7010217,0,0.027000000000000003,0.8,2,0,3,107.03,110.29999999997557,295.45000000000005,None,None,None,0.0,unknown
1762152137.7111397,0,0.028,0.8,1,0,3,106.94,110.19999999997557,295.35,None,None,None,0.0,unknown
1762152137.7212389,0,0.029,0.8,0,1,3,106.8,110.09999999997558,295.29999999999995,None,None,None,0.0,unknown
1762152137.7313538,0,0.030000000000000002,0.8,1,0,3,106.71,109.99999999997559,295.25,None,None,None,0.0,unknown
1762152137.7414482,0,0.032,0.8,2,1,3,106.62,109.89999999997559,295.2,None,None,None,0.0,unknown
1762152137.7515564,0,0.033,0.8,1,0,3,106.48,109.7999999999756,295.20000000000005,None,None,None,0.0,unknown
1762152137.761656,0,0.033,0.8,0,0,3,106.39,109.6999999999756,295.2,None,None,None,0.0,unknown
1762152137.771717,0,0.033,0.8,0,0,3,106.3,109.59999999997561,295.2,None,None,None,0.0,unknown
1762152137.7817812,0,0.031,0.8,0,0,3,106.21,109.49999999997561,295.15,None,None,None,0.0,unknown
1762152137.7918546,0,0.031,0.8,0,0,3,106.12,109.39999999997562,295.1,None,None,None,0.0,unknown
1762152137.8019524,0,0.030000000000000002,0.8,0,0,3,106.03,109.29999999997563,295.04999999999995,None,None,None,0.0,unknown
1762152137.8120217,0,0.030000000000000002,0.8,0,0,3,105.96,109.19999999997563,295.05,None,None,None,0.0,unknown
1762152137.8221319,0,0.030000000000000002,0.8,1,0,3,106.01,109.09999999997564,295.04999999999995,None,None,None,0.0,unknown
1762152137.832229,0,0.032,0.8,2,0,3,106.06,108.99999999997564,295.1,None,None,None,0.0,unknown
1762152137.8423305,0,0.033,0.8,1,0,3,105.92,108.89999999997565,295.1,None,None,None,0.0,unknown
1762152137.852422,0,0.034,0.8,1,0,3,105.73,108.79999999997565,295.20000000000005,None,None,None,0.0,unknown
1762152137.8624835,0,0.033,0.8,0,0,3,105.54,108.69999999997566,295.25,None,None,None,0.0,unknown
1762152137.872606,0,0.034,0.8,0,1,3,105.35,108.59999999997567,295.25,None,None,None,0.0,unknown
1762152137.8827248,0,0.035,0.8,1,0,3,105.16,108.49999999997567,295.2,None,None,None,0.0,unknown
1762152137.8928282,0,0.034,0.8,0,1,3,104.97,108.39999999997568,295.15,None,None,None,0.0,unknown
1762152137.9029453,0,0.033,0.8,0,0,3,104.78,108.29999999997568,295.15,None,None,None,0.0,unknown
1762152137.9130838,0,0.032,0.8,0,0,3,104.59,108.19999999997569,295.1,None,None,None,0.0,unknown
1762152137.9231913,0,0.032,0.8,0,0,3,104.5,108.0999999999757,294.95,None,None,None,0.0,unknown
1762152137.9333048,0,0.032,0.8,0,0,3,104.41,107.9999999999757,294.75,None,None,None,0.0,unknown
1762152137.943387,0,0.032,0.8,0,0,3,104.29,107.8999999999757,294.55,None,None,None,0.0,unknown
1762152137.953463,0,0.032,0.8,0,0,3,104.17,107.79999999997571,294.45,None,None,None,0.0,unknown
1762152137.9635327,0,0.031,0.8,0,0,3,104.07,107.69999999997572,294.35,None,None,None,0.0,unknown
1762152137.9736373,0,0.031,0.8,1,0,3,103.9,107.59999999997572,294.25,None,None,None,0.0,unknown
1762152137.9837558,0,0.031,0.8,1,0,3,103.73,107.49999999997573,294.15,None,None,None,0.0,unknown
1762152137.993857,0,0.032,0.8,1,0,3,103.54,107.39999999997573,294.1,None,None,None,0.0,unknown
1762152138.0039873,0,0.031,0.8,0,0,3,103.35,107.29999999997574,294.0,None,None,None,0.0,unknown
1762152138.0141065,0,0.030000000000000002,0.8,0,0,3,103.16,107.19999999997574,293.85,None,None,None,0.0,unknown
1762152138.0242279,0,0.031,0.8,0,1,3,103.07,107.09999999997575,293.7,None,None,None,0.0,unknown
1762152138.0343602,0,0.031,0.8,0,0,3,102.93,106.99999999997576,293.65,None,None,None,0.0,unknown
1762152138.0444531,0,0.031,0.8,0,0,3,102.84,106.89999999997576,293.6,None,None,None,0.0,unknown
1762152138.0545628,0,0.031,0.8,0,0,3,102.75,106.79999999997577,293.5,None,None,None,0.0,unknown
1762152138.064669,0,0.030000000000000002,0.8,0,0,3,102.66,106.69999999997577,293.4,None,None,None,0.0,unknown
1762152138.074777,0,0.030000000000000002,0.8,0,0,3,102.57,106.59999999997578,293.15,None,None,None,0.0,unknown
1762152138.0848827,0,0.030000000000000002,0.8,1,0,3,102.43,106.49999999997578,292.9,None,None,None,0.0,unknown
1762152138.0949903,0,0.030000000000000002,0.8,0,0,3,102.34,106.39999999997579,292.75,None,None,None,0.0,unknown
1762152138.10511,0,0.029,0.8,0,1,3,102.2,106.2999999999758,292.6,None,None,None,0.0,unknown
1762152138.1152182,0,0.028,0.8,0,0,3,102.11,106.1999999999758,292.6,None,None,None,0.0,unknown
1762152138.1253216,0,0.029,0.8,1,0,3,102.09,106.09999999997581,292.54999999999995,None,None,None,0.0,unknown
1762152138.1354184,0,0.029,0.8,2,0,3,102,105.99999999997581,292.6,None,None,None,0.0,unknown
1762152138.1455142,0,0.029,0.8,1,0,3,102.07,105.89999999997582,292.6,None,None,None,0.0,unknown
1762152138.1556036,0,0.028,0.8,0,0,3,102.12,105.79999999997582,292.65,None,None,None,0.0,unknown
1762152138.165722,0,0.029,0.8,1,0,3,102.22,105.69999999997583,292.75,None,None,None,0.0,unknown
1762152138.1758235,0,0.031,0.8,2,0,3,102.32,105.59999999997584,292.85,None,None,None,0.0,unknown
1762152138.1859238,0,0.031,0.8,1,0,3,102.32,105.49999999997584,292.95,None,None,None,0.0,unknown
1762152138.196065,0,0.032,0.8,1,0,3,102.25,105.39999999997585,293.0,None,None,None,0.0,unknown
1762152138.2061653,0,0.030000000000000002,0.8,0,0,3,102.16,105.29999999997585,293.04999999999995,None,None,None,0.0,unknown
1762152138.2162828,0,0.030000000000000002,0.8,1,0,3,102.02,105.19999999997586,293.05,None,None,None,0.0,unknown
1762152138.226401,0,0.030000000000000002,0.8,1,0,3,101.95,105.09999999997586,293.05,None,None,None,0.0,unknown
1762152138.2364964,0,0.029,0.8,0,0,3,101.88,104.99999999997587,292.95,None,None,None,0.0,unknown
1762152138.2465951,0,0.027000000000000003,0.8,0,1,3,101.81,104.89999999997588,292.8,None,None,None,0.0,unknown
1762152138.2566884,0,0.026000000000000002,0.8,0,0,3,101.74,104.79999999997588,292.6,None,None,None,0.0,unknown
1762152138.266804,0,0.026000000000000002,0.8,0,0,3,101.67,104.69999999997589,292.4,None,None,None,0.0,unknown
1762152138.2769022,0,0.027000000000000003,0.8,1,0,3,101.67,104.59999999997589,292.35,None,None,None,0.0,unknown
1762152138.2870197,0,0.027000000000000003,0.8,0,0,3,101.64,104.4999999999759,292.4,None,None,None,0.0,unknown
1762152138.2971375,0,0.027000000000000003,0.8,0,0,3,101.61,104.3999999999759,292.54999999999995,None,None,None,0.0,unknown
1762152138.3072565,0,0.028,0.8,1,0,3,101.58,104.29999999997591,292.70000000000005,None,None,None,0.0,unknown
1762152138.3173656,0,0.030000000000000002,0.8,2,0,3,101.58,104.19999999997592,292.8,None,None,None,0.0,unknown
1762152138.327462,0,0.031000000000000003,0.8,1,1,3,101.58,104.09999999997592,292.85,None,None,None,0.0,unknown
1762152138.3375676,0,0.031000000000000003,0.8,1,1,3,101.53,103.99999999997593,292.85,None,None,None,0.0,unknown
1762152138.347658,0,0.031000000000000003,0.8,1,0,3,101.48,103.89999999997593,292.79999999999995,None,None,None,0.0,unknown
1762152138.357774,0,0.032,0.8,1,1,3,101.43,103.79999999997594,292.65,None,None,None,0.0,unknown
1762152138.36786,0,0.033,0.8,0,1,3,101.33,103.69999999997594,292.5,None,None,None,0.0,unknown
1762152138.3779738,0,0.034,0.8,1,1,3,101.23,103.59999999997595,292.29999999999995,None,None,None,0.0,unknown
1762152138.388091,0,0.035,0.8,2,0,3,101.13,103.49999999997596,292.25,None,None,None,0.0,unknown
1762152138.3981953,0,0.034,0.8,0,0,3,101.03,103.39999999997596,292.2,None,None,None,0.0,unknown
1762152138.4082835,0,0.035,0.8,1,0,3,100.93,103.29999999997597,292.15,None,None,None,0.0,unknown
1762152138.4184003,0,0.035,0.8,0,0,3,100.88,103.19999999997597,292.05,None,None,None,0.0,unknown
1762152138.4285243,0,0.035,0.8,0,0,3,100.78,103.09999999997598,291.95,None,None,None,0.0,unknown
1762152138.4386518,0,0.035,0.8,0,0,3,100.68,102.99999999997598,291.8,None,None,None,0.0,unknown
1762152138.4487283,0,0.035,0.8,0,0,3,100.51,102.89999999997599,291.65,None,None,None,0.0,unknown
1762152138.4588327,0,0.037000000000000005,0.8,1,1,3,100.41,102.799999999976,291.4,None,None,None,0.0,unknown
1762152138.468934,0,0.039,0.8,1,1,3,100.31,102.699999999976,291.15,None,None,None,0.0,unknown
1762152138.4790514,0,0.04,0.8,1,1,3,100.21,102.599999999976,290.95,None,None,None,0.0,unknown
1762152138.4891698,0,0.039,0.8,0,0,3,100.11,102.49999999997601,290.8,None,None,None,0.0,unknown
1762152138.4993608,0,0.039,0.8,0,1,3,100.01,102.39999999997602,290.70000000000005,None,None,None,0.0,unknown
1762152138.5094423,0,0.039,0.8,0,0,3,100.1,102.29999999997602,290.70000000000005,None,None,None,0.0,unknown
1762152138.5195613,0,0.039,0.8,0,0,3,100.19,102.19999999997603,290.75,None,None,None,0.0,unknown
1762152138.5296578,0,0.04,0.8,1,1,3,100.28,102.09999999997603,290.8,None,None,None,0.0,unknown
1762152138.5398662,0,0.041,0.8,0,1,3,100.4,101.99999999997604,290.85,None,None,None,0.0,unknown
1762152138.5500586,0,0.042,0.8,0,1,3,100.52,101.89999999997605,290.9,None,None,None,0.0,unknown
1762152138.560268,0,0.043000000000000003,0.8,0,1,3,100.61,101.79999999997605,290.95000000000005,None,None,None,0.0,unknown
1762152138.5703669,0,0.045000000000000005,0.8,0,2,3,100.7,101.69999999997606,291.0,None,None,None,0.0,unknown
1762152138.5804946,0,0.047,0.8,0,2,3,100.79,101.59999999997606,291.0,None,None,None,0.0,unknown
1762152138.5905902,0,0.048,0.8,0,2,3,100.88,101.49999999997607,291.0,None,None,None,0.0,unknown
1762152138.600689,0,0.049,0.8,0,1,3,100.97,101.39999999997607,291.0,None,None,None,0.0,unknown
1762152138.6108012,0,0.049,0.8,1,0,3,101.06,101.29999999997608,290.95000000000005,None,None,None,0.0,unknown
1762152138.6209188,0,0.052000000000000005,0.8,1,2,3,101.15,101.19999999997609,291.0,None,None,None,0.0,unknown
1762152138.6310341,0,0.052000000000000005,0.8,1,0,3,101.17,101.09999999997609,291.15,None,None,None,0.0,unknown
1762152138.6411588,0,0.05,0.8,0,0,3,101.24,100.9999999999761,291.3,None,None,None,0.0,unknown
1762152138.651291,0,0.05,0.8,1,0,3,101.31,100.8999999999761,291.45000000000005,None,None,None,0.0,unknown
1762152138.6614096,0,0.051000000000000004,0.8,1,0,3,101.31,100.79999999997611,291.5,None,None,None,0.0,unknown
1762152138.67152,0,0.05,0.8,0,0,3,101.31,100.69999999997611,291.55,None,None,None,0.0,unknown
1762152138.681626,0,0.048,0.8,0,0,3,101.21,100.59999999997612,291.55,None,None,None,0.0,unknown
1762152138.691722,0,0.047,0.8,0,0,3,101.11,100.49999999997613,291.45,None,None,None,0.0,unknown
1762152138.701852,0,0.047,0.8,1,0,3,101.01,100.39999999997613,291.3,None,None,None,0.0,unknown
1762152138.71195,0,0.047,0.8,0,0,3,100.91,100.29999999997614,291.15,None,None,None,0.0,unknown
1762152138.7220654,0,0.047,0.8,0,1,3,100.81,100.19999999997614,291.0,None,None,None,0.0,unknown
1762152138.7322204,0,0.046,0.8,0,0,3,100.76,100.09999999997615,290.85,None,None,None,0.0,unknown
1762152138.7423413,0,0.046,0.8,0,0,3,100.66,99.99999999997615,290.75,None,None,None,0.0,unknown
1762152138.752452,0,0.046,0.8,1,0,3,100.56,99.89999999997616,290.7,None,None,None,0.0,unknown
1762152138.7625535,0,0.047,0.8,0,1,3,100.51,99.79999999997617,290.65,None,None,None,0.0,unknown
1762152138.7726784,0,0.047,0.8,0,0,3,100.41,99.69999999997617,290.6,None,None,None,0.0,unknown
1762152138.7828004,0,0.047,0.8,1,0,3,100.31,99.59999999997618,290.5,None,None,None,0.0,unknown
1762152138.7929132,0,0.047,0.8,0,0,3,100.21,99.49999999997618,290.35,None,None,None,0.0,unknown
1762152138.803023,0,0.047,0.8,0,0,3,100.11,99.39999999997619,290.2,None,None,None,0.0,unknown
1762152138.8131194,0,0.046,0.8,0,0,3,100.01,99.2999999999762,290.05,None,None,None,0.0,unknown
1762152138.823218,0,0.047,0.8,1,2,3,99.91,99.1999999999762,289.9,None,None,None,0.0,unknown
1762152138.8333237,0,0.047,0.8,0,2,3,99.81,99.0999999999762,289.75,None,None,None,0.0,unknown
1762152138.8434322,0,0.046,0.8,0,1,3,99.71,98.99999999997621,289.6,None,None,None,0.0,unknown
1762152138.8535511,0,0.046,0.8,1,0,3,99.8,98.89999999997622,289.45,None,None,None,0.0,unknown
1762152138.8636694,0,0.045000000000000005,0.8,1,0,3,99.89,98.79999999997622,289.3,None,None,None,0.0,unknown
1762152138.8737786,0,0.046,0.8,2,0,3,99.98,98.69999999997623,289.2,None,None,None,0.0,unknown
1762152138.8838801,0,0.046,0.8,2,0,3,100.07,98.59999999997623,289.2,None,None,None,0.0,unknown
1762152138.8939874,0,0.045000000000000005,0.8,1,0,3,100.16,98.49999999997624,289.20000000000005,None,None,None,0.0,unknown
1762152138.9040935,0,0.047,0.8,1,1,3,100.25,98.39999999997625,289.2,None,None,None,0.0,unknown
1762152138.9142103,0,0.049,0.8,2,1,3,100.34,98.29999999997625,289.15,None,None,None,0.0,unknown
1762152138.9243135,0,0.049,0.8,0,0,3,100.43,98.19999999997626,289.1,None,None,None,0.0,unknown
1762152138.9344046,0,0.049,0.8,0,0,3,100.55,98.09999999997626,289.25,None,None,None,0.0,unknown
1762152138.944516,0,0.05,0.8,0,1,3,100.57,97.99999999997627,289.35,None,None,None,0.0,unknown
1762152138.9546168,0,0.05,0.8,0,0,3,100.57,97.89999999997627,289.4,None,None,None,0.0,unknown
1762152138.9646864,0,0.05,0.8,1,1,3,100.57,97.79999999997628,289.3,None,None,None,0.0,unknown
1762152138.974795,0,0.048,0.8,0,0,3,100.55,97.69999999997628,289.2,None,None,None,0.0,unknown
1762152138.9849102,0,0.047,0.8,1,0,3,100.53,97.59999999997629,289.0,None,None,None,0.0,unknown
1762152138.995029,0,0.047,0.8,0,0,3,100.51,97.4999999999763,288.85,None,None,None,0.0,unknown
1762152139.005139,0,0.046,0.8,0,0,3,100.42,97.3999999999763,288.70000000000005,None,None,None,0.0,unknown
1762152139.0152388,0,0.046,0.8,0,0,3,100.26,97.29999999997631,288.5,None,None,None,0.0,unknown
1762152139.0253427,0,0.049,0.8,2,1,3,100.07,97.19999999997631,288.29999999999995,None,None,None,0.0,unknown
1762152139.0354662,0,0.047,0.8,0,0,3,99.76,97.09999999997632,288.1,None,None,None,0.0,unknown
1762152139.045582,0,0.047,0.8,0,1,3,99.5,96.99999999997632,287.8,None,None,None,0.0,unknown
1762152139.0556903,0,0.046,0.8,0,0,3,99.19,96.89999999997633,287.45000000000005,None,None,None,0.0,unknown
1762152139.0657964,0,0.046,0.8,1,0,3,98.88,96.79999999997634,287.15,None,None,None,0.0,unknown
1762152139.0759125,0,0.046,0.8,1,1,3,98.57,96.69999999997634,286.79999999999995,None,None,None,0.0,unknown
1762152139.0860255,0,0.045,0.8,0,1,3,98.26,96.59999999997635,286.6,None,None,None,0.0,unknown
1762152139.0961478,0,0.044000000000000004,0.8,0,1,3,98.02,96.49999999997635,286.45,None,None,None,0.0,unknown
1762152139.1062417,0,0.044000000000000004,0.8,1,0,3,97.71,96.39999999997636,286.29999999999995,None,None,None,0.0,unknown
1762152139.1163585,0,0.044000000000000004,0.8,1,0,3,97.45,96.29999999997636,286.15,None,None,None,0.0,unknown
1762152139.1264653,0,0.042,0.8,0,1,3,97.14,96.19999999997637,285.8,None,None,None,0.0,unknown
1762152139.136559,0,0.042,0.8,1,0,3,96.76,96.09999999997638,285.45000000000005,None,None,None,0.0,unknown
1762152139.146657,0,0.042,0.8,0,0,3,96.45,95.99999999997638,285.15,None,None,None,0.0,unknown
1762152139.1567736,0,0.041,0.8,0,0,3,96.07,95.89999999997639,284.9,None,None,None,0.0,unknown
1762152139.166875,0,0.04,0.8,0,0,3,95.76,95.7999999999764,284.6,None,None,None,0.0,unknown
1762152139.176997,0,0.041,0.8,1,0,3,95.45,95.6999999999764,284.3,None,None,None,0.0,unknown
1762152139.18713,0,0.042,0.8,1,0,3,95.14,95.5999999999764,283.95,None,None,None,0.0,unknown
1762152139.1972308,0,0.043000000000000003,0.8,1,0,3,94.93,95.49999999997641,283.65,None,None,None,0.0,unknown
1762152139.207342,0,0.044000000000000004,0.8,1,1,3,94.81,95.39999999997642,283.4,None,None,None,0.0,unknown
1762152139.2174354,0,0.046,0.8,2,0,3,94.69,95.29999999997642,283.1,None,None,None,0.0,unknown
1762152139.2275403,0,0.046,0.8,1,0,3,94.62,95.19999999997643,282.85,None,None,None,0.0,unknown
1762152139.2376332,0,0.047,0.8,1,0,3,94.48,95.09999999997643,282.65,None,None,None,0.0,unknown
1762152139.2477272,0,0.047,0.8,0,0,3,94.34,94.99999999997644,282.45,None,None,None,0.0,unknown
1762152139.2578328,0,0.047,0.8,1,0,3,94.2,94.89999999997644,282.29999999999995,None,None,None,0.0,unknown
1762152139.2679248,0,0.047,0.8,1,0,3,94.06,94.79999999997645,282.25,None,None,None,0.0,unknown
1762152139.278034,0,0.048,0.8,1,0,3,93.92,94.69999999997646,282.15,None,None,None,0.0,unknown
1762152139.2881231,0,0.048,0.8,1,0,3,93.73,94.59999999997646,282.0,None,None,None,0.0,unknown
1762152139.29822,0,0.048,0.8,0,0,3,93.52,94.49999999997647,281.85,None,None,None,0.0,unknown
1762152139.3083093,0,0.048,0.8,0,0,3,93.31,94.39999999997647,281.75,None,None,None,0.0,unknown
1762152139.318386,0,0.049,0.8,0,1,3,93.1,94.29999999997648,281.6,None,None,None,0.0,unknown
1762152139.3284636,0,0.048,0.8,1,1,3,92.89,94.19999999997648,281.45,None,None,None,0.0,unknown
1762152139.3385663,0,0.046,0.8,0,0,3,92.68,94.09999999997649,281.25,None,None,None,0.0,unknown
1762152139.3486686,0,0.045000000000000005,0.8,0,0,3,92.47,93.9999999999765,281.05,None,None,None,0.0,unknown
1762152139.358764,0,0.044000000000000004,0.8,0,0,3,92.31,93.8999999999765,280.9,None,None,None,0.0,unknown
1762152139.368849,0,0.043000000000000003,0.8,0,0,3,92.12,93.7999999999765,280.75,None,None,None,0.0,unknown
1762152139.3789504,0,0.041,0.8,0,0,3,91.91,93.69999999997651,280.54999999999995,None,None,None,0.0,unknown
1762152139.389057,0,0.04,0.8,0,1,3,91.7,93.59999999997652,280.35,None,None,None,0.0,unknown
1762152139.3991654,0,0.039,0.8,0,0,3,91.49,93.49999999997652,280.15,None,None,None,0.0,unknown
1762152139.4092736,0,0.038,0.8,0,1,3,91.28,93.39999999997653,279.95,None,None,None,0.0,unknown
1762152139.4193742,0,0.037000000000000005,0.8,1,1,3,91.07,93.29999999997654,279.75,None,None,None,0.0,unknown
1762152139.4294875,0,0.037000000000000005,0.8,0,0,3,90.86,93.19999999997654,279.55,None,None,None,0.0,unknown
1762152139.4395807,0,0.037000000000000005,0.8,0,0,3,90.65,93.09999999997655,279.35,None,None,None,0.0,unknown
1762152139.449686,0,0.036000000000000004,0.8,0,0,3,90.49,92.99999999997655,279.2,None,None,None,0.0,unknown
1762152139.4597924,0,0.036000000000000004,0.8,0,0,3,90.28,92.89999999997656,279.05,None,None,None,0.0,unknown
1762152139.4699018,0,0.034,0.8,0,0,3,90.07,92.79999999997656,279.0,None,None,None,0.0,unknown
1762152139.4800224,0,0.035,0.8,1,0,3,89.88,92.69999999997657,279.0,None,None,None,0.0,unknown
1762152139.4901202,0,0.035,0.8,1,0,3,89.67,92.59999999997657,279.0,None,None,None,0.0,unknown
1762152139.500221,0,0.037000000000000005,0.8,2,0,3,89.48,92.49999999997658,278.9,None,None,None,0.0,unknown
1762152139.5103376,0,0.039,0.8,2,0,3,89.27,92.39999999997659,278.75,None,None,None,0.0,unknown
1762152139.520427,0,0.042,0.8,2,1,3,89.06,92.29999999997659,278.5,None,None,None,0.0,unknown
1762152139.530534,0,0.041,0.8,1,1,3,88.87,92.1999999999766,278.25,None,None,None,0.0,unknown
1762152139.5406392,0,0.042,0.8,0,1,3,88.66,92.0999999999766,278.1,None,None,None,0.0,unknown
1762152139.5507512,0,0.042,0.8,1,0,3,88.42,91.99999999997661,277.95,None,None,None,0.0,unknown
1762152139.5608737,0,0.042,0.8,0,0,3,88.18,91.89999999997661,277.8,None,None,None,0.0,unknown
1762152139.5709789,0,0.041,0.8,0,0,3,87.99,91.79999999997662,277.6,None,None,None,0.0,unknown
1762152139.5810926,0,0.04,0.8,1,0,3,87.78,91.69999999997663,277.35,None,None,None,0.0,unknown
1762152139.591177,0,0.039,0.8,0,0,3,87.57,91.59999999997663,277.05,None,None,None,0.0,unknown
1762152139.6012821,0,0.039,0.8,1,0,3,87.36,91.49999999997664,276.75,None,None,None,0.0,unknown
1762152139.6113656,0,0.038,0.8,0,0,3,87.15,91.39999999997664,276.45,None,None,None,0.0,unknown
1762152139.6214573,0,0.037000000000000005,0.8,0,0,3,86.94,91.29999999997665,276.15,None,None,None,0.0,unknown
1762152139.6315591,0,0.036000000000000004,0.8,0,0,3,86.75,91.19999999997665,275.79999999999995,None,None,None,0.0,unknown
1762152139.6416445,0,0.035,0.8,0,0,3,86.54,91.09999999997666,275.5,None,None,None,0.0,unknown
1762152139.6517453,0,0.036000000000000004,0.8,0,1,3,86.33,90.99999999997667,275.25,None,None,None,0.0,unknown
1762152139.6618433,0,0.036000000000000004,0.8,0,0,3,86.12,90.89999999997667,275.05,None,None,None,0.0,unknown
1762152139.6719322,0,0.037000000000000005,0.8,1,0,3,85.91,90.79999999997668,274.9,None,None,None,0.0,unknown
1762152139.6821172,0,0.036000000000000004,0.8,0,0,3,85.7,90.69999999997668,274.8,None,None,None,0.0,unknown
1762152139.6922138,0,0.035,0.8,0,0,3,85.51,90.59999999997669,274.7,None,None,None,0.0,unknown
1762152139.70232,0,0.034,0.8,0,0,3,85.32,90.4999999999767,274.6,None,None,None,0.0,unknown
1762152139.7124362,0,0.032,0.8,0,0,3,85.13,90.3999999999767,274.5,None,None,None,0.0,unknown
1762152139.7225554,0,0.031,0.8,1,0,3,84.92,90.2999999999767,274.45,None,None,None,0.0,unknown
1762152139.732679,0,0.030000000000000002,0.8,0,0,3,84.71,90.19999999997671,274.35,None,None,None,0.0,unknown
1762152139.7427971,0,0.029,0.8,0,0,3,84.5,90.09999999997672,274.25,None,None,None,0.0,unknown
1762152139.7529209,0,0.029,0.8,0,0,3,84.29,89.99999999997672,274.1,None,None,None,0.0,unknown
1762152139.7630556,0,0.028,0.8,0,0,3,84.08,89.89999999997673,273.9,None,None,None,0.0,unknown
1762152139.7731614,0,0.027,0.8,0,0,3,83.87,89.79999999997673,273.65,None,None,None,0.0,unknown
1762152139.7832816,0,0.027,0.8,1,0,3,83.66,89.69999999997674,273.4,None,None,None,0.0,unknown
1762152139.7933872,0,0.027,0.8,1,0,3,83.45,89.59999999997675,273.15,None,None,None,0.0,unknown
1762152139.803497,0,0.027,0.8,0,0,3,83.24,89.49999999997675,273.1,None,None,None,0.0,unknown
1762152139.8135998,0,0.028,0.8,1,0,3,83.05,89.39999999997676,273.0,None,None,None,0.0,unknown
1762152139.823686,0,0.027,0.8,0,0,3,82.86,89.29999999997676,272.9,None,None,None,0.0,unknown
1762152139.833814,0,0.026000000000000002,0.8,1,0,3,82.65,89.19999999997677,272.75,None,None,None,0.0,unknown
1762152139.843919,0,0.028,0.8,1,1,3,82.49,89.09999999997677,272.6,None,None,None,0.0,unknown
1762152139.8540196,0,0.029,0.8,1,0,3,82.33,88.99999999997678,272.5,None,None,None,0.0,unknown
1762152139.8641253,0,0.029,0.8,0,0,3,82.14,88.89999999997679,272.35,None,None,None,0.0,unknown
1762152139.8742385,0,0.030000000000000002,0.8,1,0,3,81.81,88.79999999997679,272.25,None,None,None,0.0,unknown
1762152139.8843455,0,0.031,0.8,1,0,3,81.48,88.6999999999768,272.15,None,None,None,0.0,unknown
1762152139.894476,0,0.030000000000000002,0.8,0,0,3,81.15,88.5999999999768,272.0,None,None,None,0.0,unknown
1762152139.90459,0,0.032,0.8,1,1,3,80.82,88.49999999997681,271.8,None,None,None,0.0,unknown
1762152139.914685,0,0.032,0.8,0,1,3,80.49,88.39999999997681,271.5,None,None,None,0.0,unknown
1762152139.9247947,0,0.032,0.8,1,1,3,80.16,88.29999999997682,271.25,None,None,None,0.0,unknown
1762152139.9348845,0,0.033,0.8,0,1,3,79.83,88.19999999997682,271.1,None,None,None,0.0,unknown
1762152139.9449975,0,0.035,0.8,0,2,3,79.47,88.09999999997683,270.85,None,None,None,0.0,unknown
1762152139.955121,0,0.037000000000000005,0.8,1,1,3,79.21,87.99999999997684,270.65,None,None,None,0.0,unknown
1762152139.9652543,0,0.038,0.8,1,0,3,78.97,87.89999999997684,270.4,None,None,None,0.0,unknown
1762152139.975378,0,0.04,0.8,1,1,3,78.73,87.79999999997685,270.25,None,None,None,0.0,unknown
1762152139.9854753,0,0.04,0.8,1,0,3,78.49,87.69999999997685,270.20000000000005,None,None,None,0.0,unknown
1762152139.9955804,0,0.04,0.8,0,1,3,78.25,87.59999999997686,270.3,None,None,None,0.0,unknown
1762152140.005654,0,0.038,0.8,0,0,3,78.01,87.49999999997686,270.35,None,None,None,0.0,unknown
1762152140.0157566,0,0.037000000000000005,0.8,1,0,3,77.77,87.39999999997687,270.35,None,None,None,0.0,unknown
1762152140.0258632,0,0.035,0.8,1,0,3,77.6,87.29999999997688,270.35,None,None,None,0.0,unknown
1762152140.0359774,0,0.034,0.8,1,0,3,77.46,87.19999999997688,270.35,None,None,None,0.0,unknown
1762152140.046104,0,0.034,0.8,0,1,3,77.34,87.09999999997689,270.35,None,None,None,0.0,unknown
1762152140.0562084,0,0.033,0.8,0,0,3,77.22,86.9999999999769,270.4,None,None,None,0.0,unknown
1762152140.066307,0,0.034,0.8,1,0,3,77.1,86.8999999999769,270.5,None,None,None,0.0,unknown
1762152140.076412,0,0.035,0.8,1,0,3,76.98,86.7999999999769,270.55,None,None,None,0.0,unknown
1762152140.0865319,0,0.034,0.8,0,0,3,76.86,86.69999999997691,270.6,None,None,None,0.0,unknown
1762152140.096641,0,0.034,0.8,0,0,3,76.74,86.59999999997692,270.7,None,None,None,0.0,unknown
1762152140.1067362,0,0.034,0.8,1,0,3,76.6,86.49999999997692,270.75,None,None,None,0.0,unknown
1762152140.116856,0,0.035,0.8,1,0,3,76.48,86.39999999997693,270.75,None,None,None,0.0,unknown
1762152140.1270945,0,0.036000000000000004,0.8,0,1,3,76.36,86.29999999997693,270.65,None,None,None,0.0,unknown
1762152140.137221,0,0.037000000000000005,0.8,1,0,3,76.24,86.19999999997694,270.65,None,None,None,0.0,unknown
1762152140.1473305,0,0.037000000000000005,0.8,0,0,3,76.12,86.09999999997694,270.5,None,None,None,0.0,unknown
1762152140.1574314,0,0.036000000000000004,0.8,0,0,3,76,85.99999999997695,270.25,None,None,None,0.0,unknown
1762152140.167529,0,0.036000000000000004,0.8,0,0,3,75.88,85.89999999997696,270.05,None,None,None,0.0,unknown
1762152140.1776428,0,0.036000000000000004,0.8,0,1,3,75.76,85.79999999997696,269.9,None,None,None,0.0,unknown
1762152140.187752,0,0.036000000000000004,0.8,0,0,3,75.62,85.69999999997697,269.7,None,None,None,0.0,unknown
1762152140.1978643,0,0.036000000000000004,0.8,0,0,3,75.5,85.59999999997697,269.55,None,None,None,0.0,unknown
1762152140.2079983,0,0.036000000000000004,0.8,0,0,3,75.38,85.49999999997698,269.4,None,None,None,0.0,unknown
1762152140.218123,0,0.037000000000000005,0.8,1,0,3,75.24,85.39999999997698,269.29999999999995,None,None,None,0.0,unknown
1762152140.2282274,0,0.036000000000000004,0.8,0,0,3,75.12,85.29999999997699,269.25,None,None,None,0.0,unknown
1762152140.238346,0,0.037000000000000005,0.8,1,0,3,75,85.199999999977,269.2,None,None,None,0.0,unknown
1762152140.2484477,0,0.039,0.8,2,0,3,74.88,85.099999999977,269.15,None,None,None,0.0,unknown
1762152140.2585547,0,0.041,0.8,1,1,3,74.76,84.999999999977,269.1,None,None,None,0.0,unknown
1762152140.2686434,0,0.041,0.8,0,0,3,74.64,84.89999999997701,269.0,None,None,None,0.0,unknown
1762152140.278762,0,0.042,0.8,0,1,3,74.52,84.79999999997702,268.85,None,None,None,0.0,unknown
1762152140.288853,0,0.043000000000000003,0.8,1,1,3,74.4,84.69999999997702,268.75,None,None,None,0.0,unknown
1762152140.2989445,0,0.042,0.8,0,0,3,74.26,84.59999999997703,268.70000000000005,None,None,None,0.0,unknown
1762152140.309046,0,0.044000000000000004,0.8,1,1,3,74.14,84.49999999997704,268.65,None,None,None,0.0,unknown
1762152140.3191586,0,0.044000000000000004,0.8,0,1,3,74.02,84.39999999997704,268.55,None,None,None,0.0,unknown
1762152140.3292406,0,0.045000000000000005,0.8,0,1,3,73.9,84.29999999997705,268.55,None,None,None,0.0,unknown
1762152140.3393312,0,0.046,0.8,1,1,3,73.78,84.19999999997705,268.5,None,None,None,0.0,unknown
1762152140.3494213,0,0.046,0.8,1,1,3,73.66,84.09999999997706,268.45,None,None,None,0.0,unknown
1762152140.3595169,0,0.046,0.8,1,0,3,73.54,83.99999999997706,268.4,None,None,None,0.0,unknown
1762152140.3696196,0,0.047,0.8,1,0,3,73.37,83.89999999997707,268.3,None,None,None,0.0,unknown
1762152140.3797073,0,0.046,0.8,0,0,3,73.23,83.79999999997708,268.15,None,None,None,0.0,unknown
1762152140.3898191,0,0.046,0.8,1,0,3,73.11,83.69999999997708,268.05,None,None,None,0.0,unknown
1762152140.399923,0,0.046,0.8,0,0,3,72.99,83.59999999997709,267.95,None,None,None,0.0,unknown
1762152140.4100685,0,0.044000000000000004,0.8,0,0,3,72.87,83.49999999997709,267.9,None,None,None,0.0,unknown
1762152140.4201722,0,0.043000000000000003,0.8,0,0,3,72.75,83.3999999999771,267.8,None,None,None,0.0,unknown
1762152140.430279,0,0.041,0.8,0,0,3,72.63,83.2999999999771,267.7,None,None,None,0.0,unknown
1762152140.4403965,0,0.04,0.8,0,0,3,72.51,83.19999999997711,267.7,None,None,None,0.0,unknown
1762152140.4505165,0,0.038,0.8,0,0,3,72.39,83.09999999997711,267.7,None,None,None,0.0,unknown
1762152140.4606442,0,0.037000000000000005,0.8,0,1,3,72.22,82.99999999997712,267.7,None,None,None,0.0,unknown
1762152140.4707654,0,0.036000000000000004,0.8,0,0,3,72.1,82.89999999997713,267.65,None,None,None,0.0,unknown
1762152140.4808674,0,0.034,0.8,0,0,3,71.98,82.79999999997713,267.6,None,None,None,0.0,unknown
1762152140.490984,0,0.033,0.8,0,0,3,71.84,82.69999999997714,267.5,None,None,None,0.0,unknown
1762152140.5010939,0,0.033,0.8,1,0,3,71.72,82.59999999997714,267.4,None,None,None,0.0,unknown
1762152140.511218,0,0.035,0.8,2,0,3,71.56,82.49999999997715,267.29999999999995,None,None,None,0.0,unknown
1762152140.521344,0,0.035,0.8,1,0,3,71.44,82.39999999997715,267.2,None,None,None,0.0,unknown
1762152140.5314782,0,0.035,0.8,1,0,3,71.32,82.29999999997716,267.1,None,None,None,0.0,unknown
1762152140.541573,0,0.035,0.8,1,0,3,71.18,82.19999999997717,267.04999999999995,None,None,None,0.0,unknown
1762152140.5516884,0,0.035,0.8,0,1,3,71.06,82.09999999997717,266.95,None,None,None,0.0,unknown
1762152140.5618002,0,0.035,0.8,0,0,3,70.94,81.99999999997718,266.85,None,None,None,0.0,unknown
1762152140.5719175,0,0.035,0.8,1,0,3,70.82,81.89999999997718,266.75,None,None,None,0.0,unknown
1762152140.5820217,0,0.036000000000000004,0.8,2,0,3,70.68,81.79999999997719,266.75,None,None,None,0.0,unknown
1762152140.5921519,0,0.036000000000000004,0.8,0,0,3,70.56,81.6999999999772,266.75,None,None,None,0.0,unknown
1762152140.602257,0,0.037000000000000005,0.8,1,0,3,70.44,81.5999999999772,266.8,None,None,None,0.0,unknown
1762152140.6123555,0,0.038,0.8,1,1,3,70.32,81.4999999999772,266.8,None,None,None,0.0,unknown
1762152140.6224816,0,0.038,0.8,1,0,3,70.2,81.39999999997721,266.8,None,None,None,0.0,unknown
1762152140.6325743,0,0.038,0.8,1,0,3,70.08,81.29999999997722,266.8,None,None,None,0.0,unknown
1762152140.6426387,0,0.038,0.8,1,0,3,69.94,81.19999999997722,266.8,None,None,None,0.0,unknown
1762152140.652742,0,0.04,0.8,1,1,3,69.82,81.09999999997723,266.75,None,None,None,0.0,unknown
1762152140.6627982,0,0.04,0.8,0,0,3,69.7,80.99999999997723,266.65,None,None,None,0.0,unknown
1762152140.672901,0,0.042,0.8,1,1,3,69.58,80.89999999997724,266.54999999999995,None,None,None,0.0,unknown
1762152140.6830204,0,0.041,0.8,0,0,3,69.46,80.79999999997725,266.35,None,None,None,0.0,unknown
1762152140.6931386,0,0.042,0.8,1,0,3,69.34,80.69999999997725,266.1,None,None,None,0.0,unknown
1762152140.7032287,0,0.043000000000000003,0.8,1,0,3,69.2,80.59999999997726,265.9,None,None,None,0.0,unknown
1762152140.7133431,0,0.045000000000000005,0.8,1,1,3,69.06,80.49999999997726,265.75,None,None,None,0.0,unknown
1762152140.7234745,0,0.045000000000000005,0.8,1,0,3,68.92,80.39999999997727,265.6,None,None,None,0.0,unknown
1762152140.7335837,0,0.046,0.8,0,1,3,68.8,80.29999999997727,265.4,None,None,None,0.0,unknown
1762152140.7436943,0,0.045000000000000005,0.8,0,0,3,68.68,80.19999999997728,265.29999999999995,None,None,None,0.0,unknown
1762152140.7538028,0,0.043000000000000003,0.8,0,0,3,68.56,80.09999999997729,265.3,None,None,None,0.0,unknown
1762152140.7638998,0,0.042,0.8,1,0,3,68.44,79.99999999997729,265.25,None,None,None,0.0,unknown
1762152140.7740037,0,0.043000000000000003,0.8,1,0,3,68.32,79.8999999999773,265.15,None,None,None,0.0,unknown
1762152140.7841065,0,0.043000000000000003,0.8,1,0,3,68.2,79.7999999999773,265.1,None,None,None,0.0,unknown
1762152140.7942088,0,0.042,0.8,0,1,3,68.08,79.69999999997731,265.0,None,None,None,0.0,unknown
1762152140.8043246,0,0.042,0.8,0,0,3,67.96,79.59999999997731,264.9,None,None,None,0.0,unknown
1762152140.8144326,0,0.04,0.8,0,0,3,67.84,79.49999999997732,264.70000000000005,None,None,None,0.0,unknown
1762152140.8245568,0,0.04,0.8,0,1,3,67.7,79.39999999997733,264.55,None,None,None,0.0,unknown
1762152140.8346617,0,0.04,0.8,0,1,3,67.56,79.29999999997733,264.35,None,None,None,0.0,unknown
1762152140.8447556,0,0.038,0.8,0,0,3,67.44,79.19999999997734,264.25,None,None,None,0.0,unknown
1762152140.8548512,0,0.037000000000000005,0.8,0,1,3,67.27,79.09999999997734,264.15,None,None,None,0.0,unknown
1762152140.8649757,0,0.037000000000000005,0.8,0,1,3,67.1,78.99999999997735,264.0,None,None,None,0.0,unknown
1762152140.8751035,0,0.039,0.8,1,2,3,66.96,78.89999999997735,263.95000000000005,None,None,None,0.0,unknown
1762152140.885198,0,0.04,0.8,1,0,3,66.96,78.79999999997736,263.85,None,None,None,0.0,unknown
1762152140.8953135,0,0.04,0.8,1,0,3,66.96,78.69999999997736,263.8,None,None,None,0.0,unknown
1762152140.9054024,0,0.041,0.8,0,1,3,66.96,78.59999999997737,263.75,None,None,None,0.0,unknown
1762152140.9155135,0,0.041,0.8,0,0,3,66.96,78.49999999997738,263.75,None,None,None,0.0,unknown
1762152140.9256177,0,0.042,0.8,0,1,3,66.96,78.39999999997738,263.85,None,None,None,0.0,unknown
1762152140.9357376,0,0.043000000000000003,0.8,1,0,3,66.96,78.29999999997739,264.0,None,None,None,0.0,unknown
1762152140.9458675,0,0.043000000000000003,0.8,0,0,3,67.01,78.1999999999774,264.05,None,None,None,0.0,unknown
1762152140.9559634,0,0.044000000000000004,0.8,1,0,3,67.06,78.0999999999774,264.1,None,None,None,0.0,unknown
1762152140.9660819,0,0.044000000000000004,0.8,1,0,3,67.06,77.9999999999774,264.15,None,None,None,0.0,unknown
1762152140.9761891,0,0.046,0.8,1,1,3,67.06,77.89999999997741,264.3,None,None,None,0.0,unknown
1762152140.9863012,0,0.05,0.8,3,1,3,67.06,77.79999999997742,264.4,None,None,None,0.0,unknown
1762152140.996406,0,0.051000000000000004,0.8,1,0,3,67.06,77.69999999997742,264.4,None,None,None,0.0,unknown
1762152141.0065136,0,0.051000000000000004,0.8,1,0,3,67.06,77.59999999997743,264.3,None,None,None,0.0,unknown
1762152141.016625,0,0.049,0.8,0,0,3,67.06,77.49999999997743,264.3,None,None,None,0.0,unknown
1762152141.0267317,0,0.048,0.8,0,0,3,67.06,77.39999999997744,264.15,None,None,None,0.0,unknown
1762152141.0368192,0,0.049,0.8,1,1,3,67.06,77.29999999997744,263.95,None,None,None,0.0,unknown
1762152141.0469134,0,0.049,0.8,1,0,3,67.06,77.19999999997745,263.7,None,None,None,0.0,unknown
1762152141.057014,0,0.049,0.8,1,0,3,67.06,77.09999999997746,263.5,None,None,None,0.0,unknown
1762152141.0671406,0,0.049,0.8,0,0,3,67.06,76.99999999997746,263.3,None,None,None,0.0,unknown
1762152141.077245,0,0.049,0.8,1,0,3,67.06,76.89999999997747,263.1,None,None,None,0.0,unknown
1762152141.08738,0,0.048,0.8,1,0,3,67.06,76.79999999997747,262.9,None,None,None,0.0,unknown
1762152141.0975013,0,0.049,0.8,1,0,3,67.06,76.69999999997748,262.75,None,None,None,0.0,unknown
1762152141.1076064,0,0.049,0.8,1,0,3,67.06,76.59999999997748,262.55,None,None,None,0.0,unknown
1762152141.1177216,0,0.048,0.8,1,0,3,67.06,76.49999999997749,262.4,None,None,None,0.0,unknown
1762152141.1278343,0,0.048,0.8,1,0,3,67.06,76.3999999999775,262.25,None,None,None,0.0,unknown
1762152141.1379564,0,0.047,0.8,0,0,3,67.06,76.2999999999775,262.1,None,None,None,0.0,unknown
1762152141.1480849,0,0.048,0.8,1,1,3,67.06,76.1999999999775,261.95,None,None,None,0.0,unknown
1762152141.1581767,0,0.047,0.8,1,0,3,67.06,76.09999999997751,261.95000000000005,None,None,None,0.0,unknown
1762152141.1682985,0,0.049,0.8,1,1,3,67.06,75.99999999997752,261.95,None,None,None,0.0,unknown
1762152141.1784034,0,0.047,0.8,0,0,3,67.06,75.89999999997752,261.85,None,None,None,0.0,unknown
1762152141.188502,0,0.049,0.8,1,1,3,67.06,75.79999999997753,261.7,None,None,None,0.0,unknown
1762152141.1985981,0,0.051000000000000004,0.8,1,2,3,67.08,75.69999999997754,261.6,None,None,None,0.0,unknown
1762152141.2086933,0,0.052000000000000005,0.8,1,1,3,67.08,75.59999999997754,261.5,None,None,None,0.0,unknown
1762152141.218811,0,0.05,0.8,0,0,3,67.08,75.49999999997755,261.45000000000005,None,None,None,0.0,unknown
1762152141.228909,0,0.049,0.8,0,0,3,67.08,75.39999999997755,261.4,None,None,None,0.0,unknown
1762152141.2390149,0,0.048,0.8,0,0,3,67.08,75.29999999997756,261.35,None,None,None,0.0,unknown
1762152141.2491257,0,0.048,0.8,0,0,3,67.08,75.19999999997756,261.3,None,None,None,0.0,unknown
1762152141.2592516,0,0.05,0.8,1,1,3,67.08,75.09999999997757,261.3,None,None,None,0.0,unknown
1762152141.269362,0,0.05,0.8,0,1,3,67.08,74.99999999997758,261.35,None,None,None,0.0,unknown
1762152141.279469,0,0.05,0.8,0,1,3,67.06,74.89999999997758,261.4,None,None,None,0.0,unknown
1762152141.2895737,0,0.05,0.8,1,0,3,67.06,74.79999999997759,261.45000000000005,None,None,None,0.0,unknown
1762152141.299677,0,0.049,0.8,0,0,3,67.06,74.69999999997759,261.55,None,None,None,0.0,unknown
1762152141.3097975,0,0.049,0.8,0,0,3,67.06,74.5999999999776,261.6,None,None,None,0.0,unknown
1762152141.3199005,0,0.049,0.8,0,0,3,67.06,74.4999999999776,261.55,None,None,None,0.0,unknown
1762152141.3300285,0,0.049,0.8,1,0,3,67.06,74.39999999997761,261.35,None,None,None,0.0,unknown
1762152141.3401377,0,0.049,0.8,1,0,3,67.06,74.29999999997762,261.05,None,None,None,0.0,unknown
1762152141.3502429,0,0.051000000000000004,0.8,1,1,3,67.06,74.19999999997762,260.8,None,None,None,0.0,unknown
1762152141.3603783,0,0.05,0.8,0,0,3,67.06,74.09999999997763,260.6,None,None,None,0.0,unknown
1762152141.3704793,0,0.05,0.8,0,1,3,67.06,73.99999999997763,260.4,None,None,None,0.0,unknown
1762152141.380588,0,0.049,0.8,0,2,3,67.04,73.89999999997764,260.25,None,None,None,0.0,unknown
1762152141.3907077,0,0.05,0.8,1,1,3,67.04,73.79999999997764,260.15,None,None,None,0.0,unknown
1762152141.400806,0,0.052000000000000005,0.8,2,1,3,67.04,73.69999999997765,260.15,None,None,None,0.0,unknown
1762152141.410906,0,0.053000000000000005,0.8,0,2,3,67.04,73.59999999997765,260.15,None,None,None,0.0,unknown
1762152141.4210072,0,0.053000000000000005,0.8,0,0,3,67.04,73.49999999997766,260.1,None,None,None,0.0,unknown
1762152141.4311137,0,0.052000000000000005,0.8,0,0,3,67.04,73.39999999997767,260.1,None,None,None,0.0,unknown
1762152141.441222,0,0.051000000000000004,0.8,0,0,3,67.04,73.29999999997767,260.1,None,None,None,0.0,unknown
1762152141.4513216,0,0.051000000000000004,0.8,0,0,3,67.04,73.19999999997768,260.05,None,None,None,0.0,unknown
1762152141.4614453,0,0.05,0.8,0,0,3,67.04,73.09999999997768,260.0,None,None,None,0.0,unknown
1762152141.471547,0,0.05,0.8,1,0,3,67.04,72.99999999997769,259.9,None,None,None,0.0,unknown
1762152141.4816513,0,0.05,0.8,1,1,3,67.04,72.8999999999777,259.85,None,None,None,0.0,unknown
1762152141.4917257,0,0.046,0.8,0,0,3,67.04,72.7999999999777,259.8,None,None,None,0.0,unknown
1762152141.5018373,0,0.046,0.8,1,0,3,67.04,72.6999999999777,259.7,None,None,None,0.0,unknown
1762152141.5119407,0,0.046,0.8,1,0,3,67.04,72.59999999997771,259.6,None,None,None,0.0,unknown
1762152141.5220308,0,0.048,0.8,2,0,3,67.06,72.49999999997772,259.55,None,None,None,0.0,unknown
1762152141.5321264,0,0.049,0.8,0,1,3,67.06,72.39999999997772,259.5,None,None,None,0.0,unknown
1762152141.5422745,0,0.049,0.8,1,1,3,67.06,72.29999999997773,259.5,None,None,None,0.0,unknown
1762152141.5523758,0,0.048,0.8,0,0,3,67.06,72.19999999997773,259.4,None,None,None,0.0,unknown
1762152141.5624712,0,0.048,0.8,0,1,3,67.06,72.09999999997774,259.4,None,None,None,0.0,unknown
1762152141.5726807,0,0.049,0.8,1,0,3,67.06,71.99999999997775,259.4,None,None,None,0.0,unknown
1762152141.5829427,0,0.049,0.8,1,0,3,67.04,71.89999999997775,259.4,None,None,None,0.0,unknown
1762152141.5932071,0,0.049,0.8,1,0,3,67.04,71.79999999997776,259.35,None,None,None,0.0,unknown
1762152141.6033173,0,0.048,0.8,0,0,3,67.04,71.69999999997776,259.25,None,None,None,0.0,unknown
1762152141.6135068,0,0.048,0.8,0,1,3,67.04,71.59999999997777,259.2,None,None,None,0.0,unknown
1762152141.6236908,0,0.049,0.8,1,1,3,67.04,71.49999999997777,259.15,None,None,None,0.0,unknown
1762152141.6337948,0,0.05,0.8,1,1,3,67.04,71.39999999997778,259.1,None,None,None,0.0,unknown
1762152141.6439044,0,0.052000000000000005,0.8,2,0,3,67.04,71.29999999997779,259.0,None,None,None,0.0,unknown
1762152141.6540024,0,0.052000000000000005,0.8,1,1,3,67.04,71.19999999997779,259.0,None,None,None,0.0,unknown
1762152141.6641173,0,0.052000000000000005,0.8,0,1,3,67.02,71.0999999999778,258.95,None,None,None,0.0,unknown
1762152141.6742074,0,0.051000000000000004,0.8,1,0,3,67,70.9999999999778,258.95,None,None,None,0.0,unknown
1762152141.6843107,0,0.051000000000000004,0.8,0,0,3,67,70.89999999997781,258.95000000000005,None,None,None,0.0,unknown
1762152141.694436,0,0.05,0.8,1,0,3,67,70.79999999997781,259.0,None,None,None,0.0,unknown
1762152141.7045577,0,0.049,0.8,1,1,3,67,70.69999999997782,259.1,None,None,None,0.0,unknown
1762152141.7146735,0,0.048,0.8,1,0,3,67,70.59999999997783,259.15,None,None,None,0.0,unknown
1762152141.7247994,0,0.049,0.8,0,1,3,67,70.49999999997783,259.25,None,None,None,0.0,unknown
1762152141.7349098,0,0.051000000000000004,0.8,1,1,3,67,70.39999999997784,259.35,None,None,None,0.0,unknown
1762152141.7450294,0,0.051000000000000004,0.8,0,0,3,67,70.29999999997784,259.45,None,None,None,0.0,unknown
1762152141.7551394,0,0.051000000000000004,0.8,0,0,3,67,70.19999999997785,259.45000000000005,None,None,None,0.0,unknown
1762152141.7652462,0,0.05,0.8,0,1,3,67,70.09999999997785,259.4,None,None,None,0.0,unknown
1762152141.775351,0,0.049,0.8,0,0,3,67,69.99999999997786,259.4,None,None,None,0.0,unknown
1762152141.785454,0,0.048,0.8,0,0,3,66.98,69.89999999997787,259.45,None,None,None,0.0,unknown
1762152141.7955813,0,0.049,0.8,2,0,3,66.98,69.79999999997787,259.55,None,None,None,0.0,unknown
1762152141.8057036,0,0.05,0.8,1,0,3,66.98,69.69999999997788,259.65,None,None,None,0.0,unknown
1762152141.8158228,0,0.05,0.8,0,0,3,66.98,69.59999999997788,259.75,None,None,None,0.0,unknown
1762152141.8259144,0,0.05,0.8,0,0,3,66.98,69.49999999997789,259.8,None,None,None,0.0,unknown
1762152141.8360202,0,0.049,0.8,0,0,3,66.98,69.3999999999779,259.8,None,None,None,0.0,unknown
1762152141.8461366,0,0.048,0.8,0,0,3,66.98,69.2999999999779,259.9,None,None,None,0.0,unknown
1762152141.8562436,0,0.046,0.8,0,0,3,66.98,69.1999999999779,259.95,None,None,None,0.0,unknown
1762152141.8663824,0,0.048,0.8,1,1,3,66.98,69.09999999997791,259.95000000000005,None,None,None,0.0,unknown
1762152141.876491,0,0.047,0.8,0,0,3,66.98,68.99999999997792,259.95,None,None,None,0.0,unknown
1762152141.8866065,0,0.046,0.8,0,1,3,66.98,68.89999999997792,259.9,None,None,None,0.0,unknown
1762152141.8967233,0,0.045000000000000005,0.8,1,0,3,66.98,68.79999999997793,259.8,None,None,None,0.0,unknown
1762152141.906842,0,0.044000000000000004,0.8,1,1,3,66.98,68.69999999997793,259.65,None,None,None,0.0,unknown
1762152141.916933,0,0.044000000000000004,0.8,0,2,3,66.98,68.59999999997794,259.5,None,None,None,0.0,unknown
1762152141.9270685,0,0.045000000000000005,0.8,0,1,3,66.98,68.49999999997794,259.45000000000005,None,None,None,0.0,unknown
1762152141.937176,0,0.046,0.8,1,0,3,66.98,68.39999999997795,259.4,None,None,None,0.0,unknown
1762152141.9472682,0,0.046,0.8,0,0,3,66.91,68.29999999997796,259.25,None,None,None,0.0,unknown
1762152141.9573739,0,0.046,0.8,0,0,3,66.74,68.19999999997796,259.1,None,None,None,0.0,unknown
1762152141.967496,0,0.046,0.8,0,0,3,66.67,68.09999999997797,258.95,None,None,None,0.0,unknown
1762152141.9776165,0,0.046,0.8,0,1,3,66.65,67.99999999997797,258.85,None,None,None,0.0,unknown
1762152141.98772,0,0.046,0.8,1,1,3,66.58,67.89999999997798,258.7,None,None,None,0.0,unknown
1762152141.9977877,0,0.048,0.8,1,1,3,66.56,67.79999999997798,258.55,None,None,None,0.0,unknown
1762152142.007874,0,0.051000000000000004,0.8,2,2,3,66.49,67.69999999997799,258.4,None,None,None,0.0,unknown
1762152142.0180035,0,0.053000000000000005,0.8,2,1,3,66.37,67.599999999978,258.3,None,None,None,0.0,unknown
1762152142.0281198,0,0.055,0.8,2,2,3,66.25,67.499999999978,258.15,None,None,None,0.0,unknown
1762152142.0382504,0,0.055,0.8,1,0,3,66.13,67.39999999997801,258.15,None,None,None,0.0,unknown
1762152142.0483494,0,0.056,0.8,2,1,3,66.11,67.29999999997801,258.15,None,None,None,0.0,unknown
1762152142.0584576,0,0.059000000000000004,0.8,1,2,3,66.09,67.19999999997802,258.20000000000005,None,None,None,0.0,unknown
1762152142.068553,0,0.061000000000000006,0.8,1,2,3,66.02,67.09999999997802,258.2,None,None,None,0.0,unknown
1762152142.078679,0,0.061000000000000006,0.8,1,0,3,65.95,66.99999999997803,258.2,None,None,None,0.0,unknown
1762152142.0887785,0,0.063,0.8,2,1,3,65.83,66.89999999997804,258.15,None,None,None,0.0,unknown
1762152142.0988932,0,0.064,0.8,1,1,3,65.71,66.79999999997804,258.05,None,None,None,0.0,unknown
1762152142.1090093,0,0.066,0.8,1,1,3,65.59,66.69999999997805,257.85,None,None,None,0.0,unknown
1762152142.119141,0,0.067,0.8,1,1,3,65.47,66.59999999997805,257.65,None,None,None,0.0,unknown
1762152142.12925,0,0.066,0.8,1,0,3,65.35,66.49999999997806,257.5,None,None,None,0.0,unknown
1762152142.1393533,0,0.066,0.8,1,1,3,65.23,66.39999999997806,257.4,None,None,None,0.0,unknown
1762152142.1494484,0,0.067,0.8,1,2,3,65.16,66.29999999997807,257.35,None,None,None,0.0,unknown
1762152142.1595604,0,0.067,0.8,1,1,3,65.09,66.19999999997808,257.3,None,None,None,0.0,unknown
1762152142.1696777,0,0.067,0.8,0,1,3,64.97,66.09999999997808,257.3,None,None,None,0.0,unknown
1762152142.1797986,0,0.067,0.8,1,0,3,64.85,65.99999999997809,257.35,None,None,None,0.0,unknown
1762152142.1899152,0,0.067,0.8,0,0,3,64.73,65.89999999997809,257.35,None,None,None,0.0,unknown
1762152142.200027,0,0.068,0.8,1,1,3,64.61,65.7999999999781,257.35,None,None,None,0.0,unknown
1762152142.210143,0,0.066,0.8,0,0,3,64.49,65.6999999999781,257.35,None,None,None,0.0,unknown
1762152142.220264,0,0.067,0.8,1,1,3,64.47,65.59999999997811,257.35,None,None,None,0.0,unknown
1762152142.2303643,0,0.07,0.8,2,2,3,64.35,65.49999999997812,257.29999999999995,None,None,None,0.0,unknown
1762152142.2404835,0,0.07,0.8,1,1,3,64.33,65.39999999997812,257.2,None,None,None,0.0,unknown
1762152142.2505944,0,0.07200000000000001,0.8,2,0,3,64.26,65.29999999997813,257.05,None,None,None,0.0,unknown
1762152142.260698,0,0.074,0.8,2,0,3,64.19,65.19999999997813,256.9,None,None,None,0.0,unknown
1762152142.2708056,0,0.077,0.8,2,2,3,64.07,65.09999999997814,256.7,None,None,None,0.0,unknown
1762152142.2809255,0,0.079,0.8,1,1,3,63.95,64.99999999997814,256.45,None,None,None,0.0,unknown
1762152142.2910511,0,0.082,0.8,2,1,3,63.85,64.89999999997815,256.3,None,None,None,0.0,unknown
1762152142.301181,0,0.081,0.8,1,0,3,63.73,64.79999999997816,256.15,None,None,None,0.0,unknown
1762152142.3112848,0,0.083,0.8,2,1,3,63.66,64.69999999997816,255.95000000000002,None,None,None,0.0,unknown
1762152142.3213863,0,0.08600000000000001,0.8,1,2,3,63.59,64.59999999997817,255.75,None,None,None,0.0,unknown
1762152142.3314948,0,0.08800000000000001,0.8,1,1,3,63.47,64.49999999997817,255.54999999999998,None,None,None,0.0,unknown
1762152142.3416023,0,0.089,0.8,1,0,3,63.35,64.39999999997818,255.5,None,None,None,0.0,unknown
1762152142.3517015,0,0.089,0.8,0,0,3,63.28,64.29999999997818,255.45,None,None,None,0.0,unknown
1762152142.3618007,0,0.09,0.8,1,0,3,63.16,64.19999999997819,255.4,None,None,None,0.0,unknown
1762152142.371906,0,0.09,0.8,2,0,3,63.14,64.0999999999782,255.45,None,None,None,0.0,unknown
1762152142.38203,0,0.09,0.8,0,0,3,63.02,63.99999999997819,255.5,None,None,None,0.0,unknown
1762152142.3921452,0,0.09,0.8,1,0,3,62.92,63.89999999997819,255.5,None,None,None,0.0,unknown
1762152142.4022439,0,0.09,0.8,1,0,3,62.85,63.79999999997819,255.45,None,None,None,0.0,unknown
1762152142.4123368,0,0.09,0.8,1,1,3,62.73,63.69999999997819,255.3,None,None,None,0.0,unknown
1762152142.4224272,0,0.089,0.8,1,0,3,62.66,63.59999999997819,255.20000000000002,None,None,None,0.0,unknown
1762152142.4325428,0,0.089,0.8,1,0,3,62.54,63.499999999978186,255.1,None,None,None,0.0,unknown
1762152142.4426317,0,0.089,0.8,1,0,3,62.42,63.399999999978185,254.9,None,None,None,0.0,unknown
1762152142.4527419,0,0.09,0.8,0,1,3,62.3,63.29999999997818,254.7,None,None,None,0.0,unknown
1762152142.462848,0,0.093,0.8,2,1,3,62.23,63.19999999997818,254.55,None,None,None,0.0,unknown
1762152142.472951,0,0.095,0.8,1,1,3,62.11,63.09999999997818,254.45,None,None,None,0.0,unknown
1762152142.483122,0,0.096,0.8,1,1,3,62.04,62.99999999997818,254.39999999999998,None,None,None,0.0,unknown
1762152142.4932017,0,0.095,0.8,0,1,3,61.92,62.89999999997818,254.35000000000002,None,None,None,0.0,unknown
1762152142.5032828,0,0.094,0.8,0,1,3,61.85,62.799999999978176,254.25,None,None,None,0.0,unknown
1762152142.5134,0,0.091,0.8,1,0,3,61.73,62.699999999978175,254.15,None,None,None,0.0,unknown
1762152142.5235045,0,0.089,0.8,1,0,3,61.61,62.59999999997817,254.05,None,None,None,0.0,unknown
1762152142.5336046,0,0.085,0.8,0,0,3,61.49,62.49999999997817,253.95000000000002,None,None,None,0.0,unknown
1762152142.5437074,0,0.085,0.8,1,0,3,61.37,62.39999999997817,253.89999999999998,None,None,None,0.0,unknown
1762152142.5538132,0,0.082,0.8,0,0,3,61.25,62.29999999997817,253.8,None,None,None,0.0,unknown
1762152142.56392,0,0.081,0.8,2,0,3,61.13,62.19999999997817,253.75,None,None,None,0.0,unknown
1762152142.5740213,0,0.079,0.8,1,0,3,61.06,62.099999999978166,253.6,None,None,None,0.0,unknown
1762152142.5841315,0,0.081,0.8,2,1,3,60.99,61.999999999978165,253.45,None,None,None,0.0,unknown
1762152142.5942554,0,0.08,0.8,2,0,3,60.89,61.899999999978164,253.35,None,None,None,0.0,unknown
1762152142.6043577,0,0.079,0.8,1,0,3,60.77,61.79999999997816,253.25,None,None,None,0.0,unknown
1762152142.6144755,0,0.079,0.8,2,0,3,60.65,61.69999999997816,253.14999999999998,None,None,None,0.0,unknown
1762152142.6245975,0,0.079,0.8,1,1,3,60.53,61.59999999997816,253.0,None,None,None,0.0,unknown
1762152142.6346881,0,0.079,0.8,0,1,3,60.41,61.49999999997816,252.8,None,None,None,0.0,unknown
1762152142.6448023,0,0.079,0.8,2,0,3,60.29,61.39999999997816,252.6,None,None,None,0.0,unknown
1762152142.6549044,0,0.078,0.8,1,1,3,60.17,61.299999999978155,252.45,None,None,None,0.0,unknown
1762152142.6650329,0,0.078,0.8,1,1,3,60.05,61.199999999978154,252.35,None,None,None,0.0,unknown
1762152142.6751437,0,0.079,0.8,1,1,3,59.97,61.09999999997815,252.25,None,None,None,0.0,unknown
1762152142.6852627,0,0.08,0.8,1,1,3,59.87,60.99999999997815,252.2,None,None,None,0.0,unknown
1762152142.6953661,0,0.082,0.8,1,1,3,59.75,60.89999999997815,252.1,None,None,None,0.0,unknown
1762152142.7054932,0,0.082,0.8,1,1,3,59.63,60.79999999997815,252.0,None,None,None,0.0,unknown
1762152142.7156096,0,0.082,0.8,0,0,3,59.51,60.69999999997815,251.75,None,None,None,0.0,unknown
1762152142.725711,0,0.08,0.8,0,0,3,59.41,60.599999999978145,251.55,None,None,None,0.0,unknown
1762152142.7358344,0,0.078,0.8,2,0,3,59.29,60.499999999978144,251.3,None,None,None,0.0,unknown
1762152142.745953,0,0.076,0.8,0,0,3,59.22,60.39999999997814,251.05,None,None,None,0.0,unknown
1762152142.756126,0,0.075,0.8,0,1,3,59.1,60.29999999997814,250.9,None,None,None,0.0,unknown
1762152142.7662303,0,0.07300000000000001,0.8,0,0,3,58.98,60.19999999997814,250.75,None,None,None,0.0,unknown
1762152142.7763445,0,0.07,0.8,1,0,3,58.88,60.09999999997814,250.55,None,None,None,0.0,unknown
1762152142.7864366,0,0.069,0.8,1,0,3,58.76,59.99999999997814,250.29999999999998,None,None,None,0.0,unknown
1762152142.796566,0,0.068,0.8,1,1,3,58.76,59.899999999978135,250.05,None,None,None,0.0,unknown
1762152142.8066697,0,0.069,0.8,1,1,3,58.64,59.799999999978134,249.8,None,None,None,0.0,unknown
1762152142.8167684,0,0.067,0.8,0,1,3,58.52,59.69999999997813,249.54999999999998,None,None,None,0.0,unknown
1762152142.8268938,0,0.065,0.8,1,0,3,58.4,59.59999999997813,249.3,None,None,None,0.0,unknown
1762152142.8370082,0,0.064,0.8,1,0,3,58.28,59.49999999997813,249.04999999999998,None,None,None,0.0,unknown
1762152142.847132,0,0.063,0.8,0,0,3,58.21,59.39999999997813,248.8,None,None,None,0.0,unknown
1762152142.8572345,0,0.063,0.8,0,0,3,58.09,59.29999999997813,248.5,None,None,None,0.0,unknown
1762152142.8673592,0,0.062,0.8,0,0,3,57.97,59.199999999978125,248.35000000000002,None,None,None,0.0,unknown
1762152142.8774672,0,0.061000000000000006,0.8,1,0,3,57.95,59.099999999978124,248.3,None,None,None,0.0,unknown
1762152142.8875904,0,0.064,0.8,1,2,3,57.83,58.99999999997812,248.25,None,None,None,0.0,unknown
1762152142.8976972,0,0.066,0.8,1,2,3,57.71,58.89999999997812,248.2,None,None,None,0.0,unknown
1762152142.9078045,0,0.066,0.8,1,0,3,57.59,58.79999999997812,248.10000000000002,None,None,None,0.0,unknown
1762152142.9179149,0,0.065,0.8,0,1,3,57.47,58.69999999997812,247.95,None,None,None,0.0,unknown
1762152142.9280243,0,0.065,0.8,1,0,3,57.4,58.59999999997812,247.8,None,None,None,0.0,unknown
1762152142.9381378,0,0.066,0.8,1,1,3,57.33,58.499999999978115,247.6,None,None,None,0.0,unknown
1762152142.9482431,0,0.066,0.8,1,0,3,57.31,58.399999999978114,247.45,None,None,None,0.0,unknown
1762152142.95834,0,0.065,0.8,0,0,3,57.36,58.29999999997811,247.35,None,None,None,0.0,unknown
1762152142.968454,0,0.063,0.8,1,0,3,57.46,58.19999999997811,247.25,None,None,None,0.0,unknown
1762152142.97857,0,0.062,0.8,1,0,3,57.46,58.09999999997811,247.14999999999998,None,None,None,0.0,unknown
1762152142.9886734,0,0.063,0.8,2,1,3,57.46,57.99999999997811,247.0,None,None,None,0.0,unknown
1762152142.9987876,0,0.068,0.8,4,2,3,57.41,57.89999999997811,246.85,None,None,None,0.0,unknown
1762152143.0088665,0,0.073,0.8,4,2,3,57.19,57.799999999978105,246.75,None,None,None,0.0,unknown
1762152143.0189717,0,0.075,0.8,3,0,3,57.02,57.699999999978104,246.65,None,None,None,0.0,unknown
1762152143.0290997,0,0.078,0.8,3,1,3,56.9,57.5999999999781,246.6,None,None,None,0.0,unknown
1762152143.0391867,0,0.082,0.8,3,1,3,56.78,57.4999999999781,246.55,None,None,None,0.0,unknown
1762152143.049289,0,0.085,0.8,3,1,3,56.66,57.3999999999781,246.55,None,None,None,0.0,unknown
1762152143.0593963,0,0.09,0.8,4,1,3,56.44,57.2999999999781,246.55,None,None,None,0.0,unknown
1762152143.0695183,0,0.093,0.8,4,1,3,56.22,57.1999999999781,246.5,None,None,None,0.0,unknown
1762152143.079622,0,0.096,0.8,4,0,3,56.05,57.099999999978095,246.45000000000002,None,None,None,0.0,unknown
1762152143.0897243,0,0.098,0.8,4,1,3,55.88,56.999999999978094,246.4,None,None,None,0.0,unknown
1762152143.099829,0,0.099,0.8,2,1,3,55.76,56.89999999997809,246.35,None,None,None,0.0,unknown
1762152143.1099467,0,0.101,0.8,2,1,3,55.64,56.79999999997809,246.35,None,None,None,0.0,unknown
1762152143.1201427,0,0.104,0.8,3,2,3,55.52,56.69999999997809,246.39999999999998,None,None,None,0.0,unknown
1762152143.130264,0,0.106,0.8,3,1,3,55.4,56.59999999997809,246.45,None,None,None,0.0,unknown
1762152143.140362,0,0.109,0.8,3,1,3,55.28,56.49999999997809,246.45,None,None,None,0.0,unknown
1762152143.1504629,0,0.112,0.8,3,2,3,55.16,56.399999999978085,246.39999999999998,None,None,None,0.0,unknown
1762152143.1605783,0,0.113,0.8,3,0,3,54.99,56.299999999978084,246.35000000000002,None,None,None,0.0,unknown
1762152143.170687,0,0.114,0.8,2,1,3,54.82,56.19999999997808,246.35,None,None,None,0.0,unknown
1762152143.1807885,0,0.116,0.8,4,0,3,54.7,56.09999999997808,246.35,None,None,None,0.0,unknown
1762152143.1909056,0,0.116,0.8,2,0,3,54.58,55.99999999997808,246.3,None,None,None,0.0,unknown
1762152143.2010095,0,0.116,0.8,2,0,3,54.46,55.89999999997808,246.25,None,None,None,0.0,unknown
1762152143.2111177,0,0.119,0.8,3,2,3,54.34,55.79999999997808,246.25,None,None,None,0.0,unknown
1762152143.221221,0,0.122,0.8,2,1,3,54.22,55.699999999978075,246.25,None,None,None,0.0,unknown
1762152143.2313237,0,0.126,0.8,3,1,3,54,55.599999999978074,246.35,None,None,None,0.0,unknown
1762152143.241432,0,0.129,0.8,4,1,3,53.88,55.49999999997807,246.45,None,None,None,0.0,unknown
1762152143.2515268,0,0.133,0.8,3,1,3,53.66,55.39999999997807,246.5,None,None,None,0.0,unknown
1762152143.2616405,0,0.135,0.8,2,1,3,53.49,55.29999999997807,246.6,None,None,None,0.0,unknown
1762152143.2717469,0,0.138,0.8,2,1,3,53.32,55.19999999997807,246.7,None,None,None,0.0,unknown
1762152143.2818868,0,0.14100000000000001,0.8,2,2,3,53.2,55.09999999997807,246.8,None,None,None,0.0,unknown
1762152143.2920535,0,0.144,0.8,2,2,3,53.08,54.999999999978066,246.85,None,None,None,0.0,unknown
1762152143.3022454,0,0.145,0.8,2,1,3,52.96,54.899999999978064,246.85,None,None,None,0.0,unknown
1762152143.3123515,0,0.146,0.8,3,0,3,52.84,54.79999999997806,246.9,None,None,None,0.0,unknown
1762152143.3224535,0,0.147,0.8,2,0,3,52.67,54.69999999997806,246.95,None,None,None,0.0,unknown
1762152143.3325753,0,0.148,0.8,2,0,3,52.5,54.59999999997806,247.05,None,None,None,0.0,unknown
1762152143.3426986,0,0.15,0.8,3,0,3,52.38,54.49999999997806,247.15,None,None,None,52.38,unknown
1762152143.352817,0,0.154,0.8,3,1,3,52.26,54.39999999997806,247.2,None,None,None,52.38,unknown
1762152143.3629348,0,0.156,0.8,2,0,3,52.09,54.299999999978056,247.25,0.0,None,0.154,52.38,unknown
1762152143.373059,0,0.159,0.8,2,1,3,51.97,54.199999999978054,247.3,0.02595573869465663,None,0.13054426130534336,52.38,unknown
1762152143.3831677,0,0.161,0.8,2,1,3,51.75,54.09999999997805,247.25,0.06738208295094363,-0.03999926114238197,0.09136791704905638,52.38,overripe
1762152143.3932862,0,0.162,0.8,3,1,3,51.63,53.99999999997805,247.2,-0.007027785252691612,None,0.1674027852526916,52.38,unknown
1762152143.403406,0,0.162,0.8,2,1,3,51.51,53.89999999997805,247.2,-0.0031488526296104885,None,0.16433635262961047,52.38,unknown
1762152143.4135046,0,0.165,0.8,2,2,3,51.34,53.79999999997805,247.25,-0.017712801798417083,None,0.18080655179841706,52.38,unknown
1762152143.4236069,0,0.168,0.8,3,1,3,51.22,53.69999999997805,247.3,-0.020816260379878906,None,0.1863631353798789,52.38,unknown
1762152143.4337263,0,0.171,0.8,3,1,3,51.05,53.599999999978046,247.35,-0.016006619515529313,None,0.18428005701552932,52.38,unknown
1762152143.4438384,0,0.17200000000000001,0.8,2,1,3,50.93,53.499999999978044,247.4,-0.0045815718021975545,None,0.1747182905521976,52.38,unknown
1762152143.453936,0,0.174,0.8,2,1,3,50.81,53.39999999997804,247.5,0.010595351525446182,None,0.16147300784955382,52.38,unknown
1762152143.4640768,0,0.178,0.8,3,1,3,50.69,53.29999999997804,247.6,0.02783612499204531,None,0.14719805469545472,52.38,unknown
1762152143.4741943,0,0.179,0.8,2,0,3,50.52,53.19999999997804,247.6,0.04704625187538579,None,0.12997083796836423,52.38,unknown
1762152143.484299,0,0.181,0.8,2,1,3,50.4,53.09999999997804,247.55,0.06601073153166565,None,0.11299781339020937,52.38,unknown
1762152143.494404,0,0.18,0.8,1,1,3,50.23,52.99999999997804,247.39999999999998,0.08582640568456071,0.04703984179110183,0.0936778667763768,52.38,ripe
1762152143.5045125,0,0.176,0.8,1,1,3,50.11,52.899999999978036,247.2,0.10668680979511756,0.051144362421591524,0.0710653264353512,52.38,ripe
1762152143.5146184,0,0.17300000000000001,0.8,2,1,3,49.94,52.799999999978034,247.1,0.12780284214453247,0.053797109798371524,0.047573225970701905,52.38,ripe
1762152143.5246894,0,0.17300000000000001,0.8,2,1,3,49.82,52.69999999997803,247.10000000000002,0.1442636308221913,0.055369170734873,0.02992440323542589,52.38,ripe
1762152143.5347545,0,0.17200000000000001,0.8,2,1,3,49.7,52.59999999997803,247.05,0.15883318698298418,0.056071964932172674,0.01426083004582443,52.38,ripe
1762152143.5448685,0,0.171,0.8,2,1,3,49.58,52.49999999997803,247.0,0.1704363790342993,0.056145950402344845,0.0016106294801049859,52.38,ripe
1762152143.5549612,0,0.17200000000000001,0.8,3,2,3,49.46,52.39999999997803,246.85,0.18065722601975237,0.055776036965258326,-0.008633721762550228,52.38,ripe
1762152143.565107,0,0.171,0.8,2,2,3,49.34,52.29999999997803,246.8,0.18936678288783163,0.055062825055857925,-0.017855030759230534,52.38,ripe
1762152143.575232,0,0.169,0.8,2,1,3,49.22,52.199999999978026,246.7,0.1963184122432408,0.05409305364404304,-0.02606253617894025,52.38,ripe
1762152143.5853655,0,0.167,0.8,2,0,3,49.05,52.099999999978024,246.7,0.20521940118955775,0.05281031174309733,-0.036591463157407494,52.38,ripe
1762152143.5954797,0,0.166,0.8,2,2,3,48.88,51.99999999997802,246.64999999999998,0.21220443636855116,0.051331445194005156,-0.04489046735247601,52.38,ripe
1762152143.6056046,0,0.166,0.8,2,1,3,48.76,51.89999999997802,246.5,0.21653478632548037,0.04979615182761301,-0.04987780181744281,52.38,ripe
1762152143.6157117,0,0.167,0.8,3,1,3,48.64,51.79999999997802,246.35,0.21940863059846472,0.048285733920426246,-0.052580138344445915,52.38,ripe
1762152143.625823,0,0.166,0.8,3,1,3,48.52,51.69999999997802,246.25,0.22260868548145102,0.04677418212846583,-0.05619443935444163,52.38,ripe
1762152143.6359458,0,0.163,0.8,1,0,3,48.4,51.59999999997802,246.25,0.22397439056904556,0.04528399906709672,-0.059267267505540844,52.38,ripe
1762152143.6460857,0,0.161,0.8,2,0,3,48.28,51.499999999978016,246.35000000000002,0.2247804059582683,0.043825515568164296,-0.06192684442651594,52.38,ripe
1762152143.6561837,0,0.157,0.8,1,0,3,48.16,51.399999999978014,246.4,0.22602290918884554,0.04236153274020267,-0.06609612842296936,52.38,ripe
1762152143.6662896,0,0.157,0.8,3,0,3,48.04,51.29999999997801,246.45,0.22591242170027453,0.04095655575373077,-0.06744903131733643,52.38,ripe
1762152143.6763911,0,0.158,0.8,3,1,3,47.92,51.19999999997801,246.35,0.226100713275729,0.039622893011441306,-0.06786901808425994,52.38,ripe
1762152143.6864998,0,0.156,0.8,2,0,3,47.78,51.09999999997801,246.25,0.22734923951823766,0.038314958181388664,-0.07023339192250311,52.38,ripe
1762152143.696614,0,0.157,0.8,2,1,3,47.66,50.99999999997801,246.10000000000002,0.22653435681342884,0.03709204122771385,-0.06947643301556158,52.38,ripe
1762152143.706732,0,0.158,0.8,2,1,3,47.54,50.89999999997801,246.05,0.22673443024306272,0.03593696813192246,-0.0692054683441291,52.38,ripe
1762152143.7168343,0,0.156,0.8,2,1,3,47.42,50.799999999978006,246.0,0.22738258967521255,0.03481752477443714,-0.07061810872574573,52.38,ripe
1762152143.726947,0,0.157,0.8,2,2,3,47.3,50.699999999978004,246.04999999999998,0.22620556131427688,0.03377507134094253,-0.06932332083954346,52.38,ripe
1762152143.7370617,0,0.158,0.8,3,2,3,47.16,50.599999999978,246.1,0.22570118643348594,0.0327977471109779,-0.06826006619611921,52.38,ripe
1762152143.74714,0,0.157,0.8,3,1,3,47.04,50.499999999978,246.15,0.2264764070175188,0.0318520439272572,-0.06925584689883546,52.38,ripe
1762152143.7572403,0,0.156,0.8,2,1,3,46.87,50.399999999978,246.14999999999998,0.22711388918301714,0.030930824694281496,-0.07050360912367545,52.38,ripe
1762152143.7673454,0,0.156,0.8,2,1,3,46.75,50.299999999978,246.05,0.22596806076154966,0.030061648284027295,-0.06966292073187882,52.38,ripe
1762152143.7774093,0,0.157,0.8,3,1,3,46.63,50.199999999978,245.95,0.22696874701473702,0.029223261706471056,-0.07031617699990161,52.38,ripe
1762152143.7875087,0,0.158,0.8,3,2,3,46.49,50.099999999977996,245.85000000000002,0.2257417408789576,0.028442705494697795,-0.06841545587153991,52.38,ripe
1762152143.7976332,0,0.158,0.8,3,1,3,46.37,49.999999999977994,245.75,0.22474636241959278,0.027709965964701398,-0.06708321991588395,52.38,ripe
1762152143.8077366,0,0.159,0.8,3,1,3,46.15,49.89999999997799,245.64999999999998,0.22714171551532691,0.026985610807068287,-0.06881014426347248,52.38,ripe
1762152143.817853,0,0.158,0.8,2,0,3,46.03,49.79999999997799,245.60000000000002,0.22782247625767385,0.026282101768233184,-0.06965669063174665,52.38,ripe
1762152143.827958,0,0.159,0.8,2,1,3,45.91,49.69999999997799,245.64999999999998,0.22757418966404627,0.025614477386809237,-0.06899129685108266,52.38,ripe
1762152143.8380678,0,0.159,0.8,2,0,3,45.79,49.59999999997799,245.7,0.22677779265087467,0.02498382387514792,-0.06798634624439287,52.38,ripe
1762152143.848192,0,0.159,0.8,1,2,3,45.67,49.49999999997799,245.7,0.22644425875352198,0.0243835215795653,-0.06754853555028106,52.38,ripe
1762152143.858319,0,0.157,0.8,1,1,3,45.5,49.399999999977986,245.7,0.22635680180093093,0.02379802971776023,-0.06840894019931049,52.38,ripe
1762152143.868429,0,0.158,0.8,2,1,3,45.38,49.299999999977985,245.7,0.22769655574529013,0.023227957394940307,-0.0697226249444799,52.38,ripe
1762152143.8785517,0,0.158,0.8,2,1,3,45.26,49.19999999997798,245.6,0.2241333562985474,0.022702778742133403,-0.06614639089814225,52.38,ripe
1762152143.8886702,0,0.158,0.8,3,0,3,45.04,49.09999999997798,245.5,0.2265667181462499,0.022179398414713135,-0.06857323544604732,52.38,ripe
1762152143.8987758,0,0.156,0.8,2,0,3,44.92,48.99999999997798,245.45,0.22603540678433076,0.02167059469278612,-0.06903866543422948,52.38,ripe
1762152143.908907,0,0.158,0.8,4,1,3,44.8,48.89999999997798,245.35,0.22551176307901905,0.021188350317723828,-0.06801339240396842,52.38,ripe
1762152143.919006,0,0.157,0.8,2,1,3,44.68,48.79999999997798,245.35,0.22392951200931654,0.020730792100952515,-0.06668032667179125,52.38,ripe
1762152143.9291415,0,0.158,0.8,3,2,3,44.56,48.699999999977976,245.39999999999998,0.22533778038980715,0.020290595234666933,-0.06771318772104448,52.38,ripe
1762152143.9392402,0,0.158,0.8,3,1,3,44.39,48.599999999977975,245.45,0.2239595997000479,0.019871416565562655,-0.06614730336566657,52.38,ripe
1762152143.9493508,0,0.158,0.8,2,1,3,44.22,48.49999999997797,245.5,0.22533911434753992,0.01946267566139135,-0.06743296618034925,52.38,ripe
1762152143.9594622,0,0.158,0.8,2,1,3,44,48.39999999997797,245.5,0.22478070039746884,0.01906389612993402,-0.06682762631387351,52.38,ripe
1762152143.9695637,0,0.159,0.8,4,1,3,43.78,48.29999999997797,245.5,0.22724528308655617,0.01867068487202496,-0.06876874604475852,52.38,ripe
1762152143.9796612,0,0.161,0.8,3,1,3,43.56,48.19999999997797,245.45,0.22859956770407197,0.01828924975326362,-0.06886129918317313,52.38,ripe
1762152143.989768,0,0.161,0.8,2,1,3,43.46,48.09999999997797,245.35,0.2282173245251162,0.017926888477218465,-0.06784819026466679,52.38,ripe
1762152143.9998732,0,0.163,0.8,3,1,3,43.24,47.999999999977966,245.25,0.22813422352793788,0.017580631639265955,-0.06644965639771316,52.38,ripe
1762152144.0100021,0,0.167,0.8,5,1,3,43.05,47.899999999977965,245.15,0.22798465623685565,0.01725615005023753,-0.06364237267174327,52.38,ripe
1762152144.0200703,0,0.17300000000000001,0.8,8,1,3,42.95,47.79999999997796,245.1,0.23163608722738743,0.01696988622820731,-0.06296494544483122,52.38,ripe
1762152144.0301442,0,0.179,0.8,7,2,3,42.85,47.69999999997796,245.15,0.2274469840012546,0.016720055412244705,-0.0536114131099765,52.38,ripe
1762152144.0402281,0,0.187,0.8,9,2,3,42.75,47.59999999997796,245.10000000000002,0.2276415372583176,0.01651220471412289,-0.047223751812678544,52.38,ripe
1762152144.0503273,0,0.197,0.8,9,4,3,42.65,47.49999999997796,245.05,0.22565980656622975,0.016349347556376556,-0.036950913843410205,52.38,ripe
1762152144.0604467,0,0.203,0.8,8,3,3,42.55,47.39999999997796,244.85,0.22552601746731177,0.016221914761288425,-0.02967157110590199,52.38,ripe
1762152144.070559,0,0.211,0.8,8,4,3,42.45,47.299999999977956,244.7,0.22729497040222493,0.016125860447682296,-0.023867747221520047,52.38,ripe
1762152144.0806696,0,0.218,0.8,7,3,3,42.35,47.199999999977955,244.65,0.2283890235735029,0.01605728971670809,-0.017675411983150452,52.38,ripe
1762152144.0907648,0,0.226,0.8,7,3,3,42.25,47.09999999997795,244.6,0.23095489201988978,0.01601185473384451,-0.012598086224713534,52.38,ripe
1762152144.1008708,0,0.23,0.8,6,2,3,42.15,46.99999999997795,244.54999999999998,0.2307356308017116,0.015987399628312117,-0.006557227904123497,52.38,ripe
1762152144.110998,0,0.234,0.8,5,2,3,42.05,46.89999999997795,244.5,0.23309772058080358,0.015973088656860937,-0.004008519132009503,52.38,ripe
1762152144.1210895,0,0.23800000000000002,0.8,6,2,3,41.95,46.79999999997795,244.45,0.23695803610215554,0.015962050783814966,-0.0034134353777585114,52.38,ripe
1762152144.1311986,0,0.242,0.8,6,2,3,41.85,46.69999999997795,244.45,0.23802987152804628,0.015961202971162353,-0.0002575711658477642,52.38,ripe
1762152144.1413336,0,0.249,0.8,6,2,3,41.75,46.599999999977946,244.4,0.23971178591223474,0.015973303184563404,0.0036743642688645273,52.38,ripe
1762152144.151455,0,0.256,0.8,7,2,3,41.65,46.499999999977945,244.39999999999998,0.24284589587010644,0.01599465351145944,0.0068471792204432,52.38,ripe
1762152144.1624327,0,0.263,0.8,7,1,3,41.55,46.39999999997794,244.4,0.2408512807638919,0.01605259127142674,0.015495256781382916,52.38,ripe
1762152144.172557,0,0.267,0.8,6,1,3,41.45,46.29999999997794,244.4,0.24945306093051833,0.01608691250976294,0.01222020784211908,52.38,ripe
1762152144.182665,0,0.271,0.8,6,2,3,41.35,46.19999999997794,244.35,0.2515505830866078,0.01612944538318797,0.01478605129971089,52.38,ripe
1762152144.192775,0,0.279,0.8,6,4,3,41.25,46.09999999997794,244.3,0.25565875893436674,0.01617445715648739,0.017009558258792634,52.38,ripe
1762152144.2028627,0,0.28600000000000003,0.8,6,4,3,41.15,45.99999999997794,244.3,0.25985194806456974,0.01622169592461223,0.01948221053200999,52.38,ripe
1762152144.2129645,0,0.291,0.8,5,3,3,41.05,45.899999999977936,244.35000000000002,0.26183909759067675,0.01628221667022667,0.023327981707613132,52.38,ripe
1762152144.2230926,0,0.294,0.8,5,1,3,40.95,45.799999999977935,244.3,0.2659363736738754,0.016339871679538903,0.023647165975269557,52.38,ripe
1762152144.2332168,0,0.298,0.8,6,2,3,40.85,45.69999999997793,244.25,0.26944838617723155,0.016398021065321462,0.0243433836473409,52.38,ripe
1762152144.2433212,0,0.3,0.8,6,1,3,40.75,45.59999999997793,244.14999999999998,0.27309702135387515,0.01645330219738532,0.0237988635584111,52.38,ripe
1762152144.2534215,0,0.304,0.8,6,2,3,40.65,45.49999999997793,244.05,0.27667136701435885,0.016507210895390638,0.023776575441784298,52.38,ripe
1762152144.2635226,0,0.309,0.8,6,2,3,40.55,45.39999999997793,243.95,0.2817651214645108,0.016551692504063926,0.022958849763560774,52.38,ripe
1762152144.2736273,0,0.314,0.8,6,2,3,40.45,45.29999999997793,243.85,0.2830002238794832,0.016612816310045693,0.026361761734552625,52.38,ripe
1762152144.2837427,0,0.318,0.8,6,2,3,40.35,45.199999999977926,243.7,0.28804541243227766,0.016664308419308056,0.02563558037474023,52.38,ripe
1762152144.2938647,0,0.32,0.8,5,2,3,40.25,45.099999999977925,243.6,0.2915789868425994,0.016714490601616592,0.025261509560909556,52.38,ripe
1762152144.3039756,0,0.325,0.8,6,3,3,40.15,44.99999999997792,243.55,0.29526056922817123,0.016764093545573414,0.025659678973583233,52.38,ripe
1762152144.3141148,0,0.33,0.8,7,2,3,40.05,44.89999999997792,243.55,0.29900162902945393,0.016813646942864142,0.026458495071423282,52.38,ripe
1762152144.3242285,0,0.337,0.8,6,3,3,39.95,44.79999999997792,243.55,0.3027147870183924,0.016865741878301383,0.028515275032046206,52.38,ripe
1762152144.3343403,0,0.342,0.8,5,3,3,39.85,44.69999999997792,243.55,0.3087241925945198,0.01690291883918601,0.027890838430699505,52.38,ripe
1762152144.3444345,0,0.34800000000000003,0.8,5,3,3,39.75,44.59999999997792,243.45,0.31016913156369064,0.016960368801721533,0.03213838394891899,52.38,ripe
1762152144.3545318,0,0.353,0.8,5,3,3,39.65,44.499999999977916,243.35000000000002,0.31417222029317404,0.017018480144857046,0.03348153746313076,52.38,ripe
1762152144.3646495,0,0.358,0.8,5,2,3,39.55,44.399999999977915,243.25,0.318964393079707,0.017070265810342444,0.03386248579844542,52.38,ripe
1762152144.3747714,0,0.363,0.8,6,2,3,39.45,44.29999999997791,243.2,0.3230160037623459,0.017122307297961544,0.03489743567673026,52.38,ripe
1762152144.384906,0,0.369,0.8,6,3,3,39.35,44.19999999997791,243.1,0.3268784363906367,0.01717737818515855,0.036578283328901395,52.38,ripe
1762152144.395019,0,0.376,0.8,7,3,3,39.25,44.09999999997791,243.04999999999998,0.3327334438178725,0.01721781543401645,0.03699491604189653,52.38,ripe
1762152144.4051335,0,0.382,0.8,6,2,3,39.15,43.99999999997791,243.04999999999998,0.3337651781015773,0.017292758406358518,0.042099001828307225,52.38,ripe
1762152144.4152527,0,0.384,0.8,6,1,3,39.05,43.89999999997791,243.0,0.33954117636640474,0.017350060864047865,0.040390913598537526,52.38,ripe
1762152144.4253385,0,0.387,0.8,5,1,3,38.95,43.799999999977906,242.95,0.34616233699688187,0.01738191200573536,0.037303707985589296,52.38,ripe
1762152144.4354491,0,0.391,0.8,7,2,3,38.85,43.699999999977905,242.8,0.34891868715116836,0.017427020904693426,0.03831433534006723,52.38,ripe
1762152144.445541,0,0.395,0.8,6,2,3,38.75,43.5999999999779,242.65,0.35433238471865314,0.017459146425025582,0.03678412652696467,52.38,ripe
1762152144.4556413,0,0.401,0.8,6,3,3,38.65,43.4999999999779,242.5,0.35648671103927243,0.017512302924433263,0.03957154458353651,52.38,ripe
1762152144.4657423,0,0.406,0.8,5,3,3,38.55,43.3999999999779,242.45,0.3610654485434108,0.017561921236911603,0.03996367926799366,52.38,ripe
1762152144.475849,0,0.40900000000000003,0.8,5,3,3,38.45,43.2999999999779,242.35,0.36770600700265077,0.017585737305444174,0.03730855690305146,52.38,ripe
1762152144.485948,0,0.41500000000000004,0.8,6,4,3,38.35,43.1999999999779,242.29999999999998,0.3702190703696304,0.017627599083007827,0.03978821158322071,52.38,ripe
1762152144.496081,0,0.42,0.8,5,3,3,38.25,43.099999999977896,242.25,0.371543867701307,0.017705071646974695,0.043459773275118574,52.38,ripe
1762152144.5061822,0,0.426,0.8,6,4,3,38.15,42.999999999977895,242.25,0.3782324311185694,0.01775420315064701,0.04226938936964336,52.38,ripe
1762152144.5162857,0,0.428,0.8,6,2,3,38.05,42.899999999977894,242.35,0.3851008851546943,0.01777358223717252,0.039150025089412066,52.38,ripe
1762152144.5264049,0,0.428,0.8,6,3,3,37.95,42.79999999997789,242.3,0.39294477079692636,0.01775891249722195,0.03318068432512683,52.38,ripe
1762152144.5364833,0,0.428,0.8,6,3,3,37.85,42.69999999997789,242.2,0.3956285463728024,0.017757399325590683,0.031434181188224164,52.38,ripe
1762152144.546588,0,0.426,0.8,6,3,3,37.75,42.59999999997789,242.2,0.39571037815369564,0.01778858034484236,0.03082098562681762,52.38,ripe
1762152144.5566921,0,0.421,0.8,6,2,3,37.65,42.49999999997789,242.20000000000002,0.4023585353347562,0.01779411121259515,0.021407146555500467,52.38,ripe
1762152144.566831,0,0.419,0.8,7,2,3,37.55,42.39999999997789,242.3,0.40585834932087106,0.017798523134655343,0.015524491624257286,52.38,ripe
1762152144.57693,0,0.41400000000000003,0.8,5,2,3,37.45,42.299999999977885,242.35000000000002,0.40637515603016144,0.01781078050961427,0.011316264442402746,52.38,ripe
1762152144.5870442,0,0.40900000000000003,0.8,4,1,3,37.35,42.199999999977884,242.35000000000002,0.4081548331541785,0.017818414413917096,0.005190877082103584,52.38,ripe
1762152144.597139,0,0.406,0.8,5,2,3,37.25,42.09999999997788,242.29999999999998,0.4180642148769401,0.017823331973167225,-0.008391359758799066,52.38,ripe
1762152144.6072383,0,0.405,0.8,5,2,3,37.15,41.99999999997788,242.25,0.41951975945494113,0.01782679122207697,-0.01218333189587062,52.38,ripe
1762152144.6173332,0,0.405,0.8,6,1,3,37.05,41.89999999997788,242.25,0.4201369264277861,0.017823560315188308,-0.013968712648250836,52.38,ripe
1762152144.6275835,0,0.405,0.8,6,2,3,36.95,41.79999999997788,242.29999999999998,0.4192315044178562,0.017807055481514563,-0.013647397528088578,52.38,ripe
1762152144.6378329,0,0.405,0.8,5,3,3,36.85,41.69999999997788,242.35000000000002,0.42141465756189467,0.017787543205840868,-0.01612260411701083,52.38,ripe
1762152144.6481414,0,0.405,0.8,6,2,3,36.75,41.599999999977875,242.3,0.4161061749660133,0.01774764701872321,-0.010960148243571388,52.38,ripe
1762152144.658319,0,0.404,0.8,6,2,3,36.65,41.499999999977874,242.2,0.4336266570165957,0.01779078468152444,-0.029053643655374717,52.38,ripe
1762152144.6684265,0,0.405,0.8,6,3,3,36.55,41.39999999997787,242.10000000000002,0.4290768197834893,0.01777515106914943,-0.024290313102878824,52.38,ripe
1762152144.678536,0,0.405,0.8,5,2,3,36.45,41.29999999997787,241.95,0.4328809052295205,0.017776852200677727,-0.02798765188921526,52.38,ripe
1762152144.6886427,0,0.404,0.8,5,2,3,36.35,41.19999999997787,241.9,0.43514070175875286,0.017785155198268482,-0.030694075088600226,52.38,ripe
1762152144.6987443,0,0.4,0.8,4,2,3,36.25,41.09999999997787,241.9,0.43506711866328485,0.017773787223279824,-0.03284380532820852,52.38,ripe
1762152144.7088532,0,0.397,0.8,5,2,3,36.15,40.99999999997787,241.9,0.44164490172544413,0.017840978922602363,-0.042033245057905955,52.38,ripe
1762152144.7189674,0,0.396,0.8,5,2,3,36.05,40.899999999977865,241.85000000000002,0.43482383064402313,0.017783324922341255,-0.03701800231025404,52.38,ripe
1762152144.7290947,0,0.398,0.8,6,2,3,35.95,40.799999999977864,241.8,0.4435888209728017,0.017850508362377945,-0.045685906805917165,52.38,ripe
1762152144.7392097,0,0.397,0.8,5,2,3,35.85,40.69999999997786,241.8,0.44122737447092175,0.017853216262939262,-0.043775917387479435,52.38,ripe
1762152144.7493095,0,0.397,0.8,5,2,3,35.75,40.59999999997786,241.79999999999998,0.44280094005343135,0.01786576319345218,-0.04557521151171018,52.38,ripe
1762152144.759404,0,0.396,0.8,4,3,3,35.65,40.49999999997786,241.79999999999998,0.44414995929231477,0.01788605329492352,-0.047537095021454145,52.38,ripe
1762152144.7695324,0,0.397,0.8,6,3,3,35.55,40.39999999997786,241.85,0.44412003367939423,0.01788495706148191,-0.04731360154396391,52.38,ripe
1762152144.7796605,0,0.396,0.8,5,2,3,35.45,40.29999999997786,241.95,0.4463954470696899,0.017915718299338735,-0.04999223100197475,52.38,ripe
1762152144.7897933,0,0.396,0.8,5,3,3,35.35,40.199999999977855,242.1,0.4465196745308373,0.017928833471383375,-0.050318066496979674,52.38,ripe
1762152144.7999208,0,0.398,0.8,6,3,3,35.25,40.099999999977854,242.25,0.4482963113476334,0.01796720830019644,-0.051195507330704604,52.38,ripe
1762152144.8100207,0,0.398,0.8,6,3,3,35.15,39.99999999997785,242.4,0.44805499200423177,0.01797737639392738,-0.050504589995767346,52.38,ripe
1762152144.820137,0,0.398,0.8,6,3,3,35.05,39.89999999997785,242.55,0.4496725479451857,0.018010852367812212,-0.05189734694095344,52.38,ripe
1762152144.8302538,0,0.397,0.8,6,2,3,34.95,39.79999999997785,242.60000000000002,0.45097155651266707,0.01806224894720304,-0.05358395601055094,52.38,ripe
1762152144.8403642,0,0.395,0.8,5,1,3,34.85,39.69999999997785,242.6,0.4505290088084469,0.018077851988524185,-0.05433520855738877,52.38,ripe
1762152144.8504755,0,0.392,0.8,5,0,3,34.75,39.59999999997785,242.7,0.4522534574614696,0.018132675625877444,-0.05815655733594055,52.38,ripe
1762152144.8605921,0,0.392,0.8,6,2,3,34.65,39.499999999977845,242.85000000000002,0.45385591018318283,0.018233086865021033,-0.060807460120418266,52.38,ripe
1762152144.8706963,0,0.39,0.8,4,1,3,34.55,39.399999999977844,243.0,0.45246698027669807,0.01826066857026812,-0.06094275524531578,52.38,ripe
1762152144.8808155,0,0.388,0.8,5,1,3,34.45,39.29999999997784,243.10000000000002,0.45343599591659833,0.01831424668738636,-0.06367388340090718,52.38,ripe
1762152144.8909347,0,0.386,0.8,5,2,3,34.35,39.19999999997784,243.10000000000002,0.45407740424807025,0.018386452906395317,-0.06619634799022467,52.38,ripe
1762152144.9010506,0,0.383,0.8,5,2,3,34.25,39.09999999997784,243.05,0.4551968424968359,0.0185124630452634,-0.06975631436791307,52.38,ripe
1762152144.9111671,0,0.382,0.8,5,2,3,34.15,38.99999999997784,242.95000000000002,0.45280659110321475,0.018499480599782816,-0.06908632703875334,52.38,ripe
1762152144.9212868,0,0.383,0.8,5,3,3,34.05,38.89999999997784,242.9,0.45595941626201997,0.018673464059721638,-0.07259928422978923,52.38,ripe
1762152144.9314678,0,0.386,0.8,7,2,3,33.95,38.799999999977835,242.85000000000002,0.45221201762673907,0.01861089123234897,-0.0675319516106237,52.38,ripe
1762152144.9415684,0,0.386,0.8,7,2,3,33.85,38.699999999977834,242.75,0.45552785876489366,0.018753742199214277,-0.07018782575683596,52.38,ripe
1762152144.9516695,0,0.385,0.8,6,1,3,33.75,38.59999999997783,242.7,0.4540195587252025,0.018790472681195988,-0.06884954222117368,52.38,ripe
1762152144.961757,0,0.384,0.8,6,2,3,33.65,38.49999999997783,242.6,0.4554019758266815,0.018924444380960498,-0.0708169675746671,52.38,ripe
1762152144.9718525,0,0.384,0.8,6,2,3,33.55,38.39999999997783,242.55,0.4541841614496334,0.018963342652432536,-0.06989165732362618,52.38,ripe
1762152144.98198,0,0.384,0.8,6,2,3,33.45,38.29999999997783,242.5,0.4553312386549001,0.019095810830629632,-0.07118498659189648,52.38,ripe
1762152144.9921124,0,0.381,0.8,5,2,3,33.35,38.19999999997783,242.5,0.45502075282576127,0.019207552503043412,-0.07244762679425942,52.38,ripe
1762152145.0022287,0,0.38,0.8,6,1,3,33.23,38.099999999977825,242.55,0.45592557067084893,0.01940035077896212,-0.07463900765509801,52.38,ripe
1762152145.012323,0,0.38,0.8,7,3,3,33.21,37.999999999977824,242.5,0.4540280477166623,0.019499546824212316,-0.07338476620878681,52.38,ripe
1762152145.022421,0,0.387,0.8,11,4,3,33.26,37.89999999997782,242.5,0.45206505265153907,0.019628855694342286,-0.0682434118976013,52.38,ripe
1762152145.0325208,0,0.398,0.8,15,5,3,33.29,37.79999999997782,242.45,0.4524999482284551,0.020067991083482326,-0.06158912785148618,52.38,ripe
1762152145.0426273,0,0.41,0.8,17,4,3,33.2,37.69999999997782,242.20000000000002,0.44809464686945727,0.02013676953598215,-0.04763923668097286,52.38,ripe
1762152145.052722,0,0.425,0.8,18,6,3,33.11,37.59999999997782,241.9,0.44729491451411024,0.02012875614310874,-0.03456720941986807,52.38,ripe
1762152145.0628378,0,0.44,0.8,17,6,3,33.02,37.49999999997782,241.6,0.44596386043564457,0.020032172605239467,-0.019600007888523507,52.38,ripe
1762152145.0729373,0,0.456,0.8,19,6,3,32.93,37.399999999977815,241.45,0.45171372600643467,0.020088384943531018,-0.010531799732874103,52.38,ripe
1762152145.0830746,0,0.473,0.8,18,6,3,32.84,37.299999999977814,241.35000000000002,0.45180567200590593,0.020079810755313968,0.005285291130874337,52.38,ripe
1762152145.0931928,0,0.494,0.8,19,7,3,32.75,37.19999999997781,241.2,0.4538084461127027,0.020056556264316402,0.021737035455687448,52.38,ripe
1762152145.1033216,0,0.512,0.8,18,7,3,32.66,37.09999999997781,241.05,0.4565142416816673,0.020022569827206495,0.037258499102527765,52.38,ripe
1762152145.113429,0,0.528,0.8,17,6,3,32.57,36.99999999997781,240.8,0.45989171707987364,0.01996310648611617,0.05099465331222397,52.38,ripe
1762152145.1235352,0,0.544,0.8,17,6,3,32.48,36.89999999997781,240.5,0.4653784178522629,0.019634896284810424,0.06206476734378591,52.38,ripe
1762152145.133644,0,0.558,0.8,16,6,3,32.39,36.79999999997781,240.25,0.4669934368035673,0.01968333419005949,0.07572815579445713,52.38,ripe
1762152145.1437628,0,0.572,0.8,16,6,3,32.3,36.699999999977805,239.95000000000002,0.47390101397937234,0.01930150973884437,0.0834597823196398,52.38,ripe
1762152145.1538925,0,0.587,0.8,17,6,3,32.21,36.599999999977804,239.75,0.476136503043297,0.019386721057767307,0.09604389510620903,52.38,ripe
1762152145.1640174,0,0.602,0.8,17,6,3,32.12,36.4999999999778,239.45,0.48271164013846013,0.019179837191670285,0.10437855893629289,52.38,ripe
1762152145.1741216,0,0.615,0.8,17,5,3,32.03,36.3999999999778,239.2,0.48838026152127556,0.018923710196282348,0.11266483801610094,52.38,ripe
1762152145.1842258,0,0.631,0.8,17,6,3,31.94,36.2999999999778,238.95,0.4918027088959013,0.019145602069032253,0.12421984087278692,52.38,ripe
1762152145.194351,0,0.646,0.8,16,6,3,31.85,36.1999999999778,238.75,0.5022235140171665,0.018375978581251395,0.1287877608671777,52.38,ripe
1762152145.204462,0,0.662,0.8,16,6,3,31.76,36.0999999999778,238.54999999999998,0.5084854085315527,0.017693028637468883,0.13802022891061938,52.38,ripe
1762152145.214577,0,0.677,0.8,17,5,3,31.67,35.999999999977796,238.3,0.5134197465074463,0.017379175050692516,0.14833307221363978,52.38,ripe
1762152145.2246764,0,0.692,0.8,17,5,3,31.58,35.899999999977794,238.05,0.5205014681644516,0.017023805386911634,0.1563749411960914,52.38,ripe
1762152145.2347708,1762152145.2358906,0.706,0.8,17,5,0,31.49,35.79999999997779,237.79999999999998,0.5277721277008619,0.016645874509498573,0.1636660769794096,52.38,ripe
1762152145.2448747,1762152145.2358906,0.718,0.8,16,3,0,31.4,35.79999999997779,237.55,0.53540374335445,0.016226596346761407,0.16931535898568584,52.38,ripe
1762152145.254996,1762152145.2358906,0.733,0.8,17,5,0,31.31,35.79999999997779,237.35,0.5423379347234267,0.015933909513156902,0.17652161644664122,52.38,ripe
1762152145.2651114,1762152145.2358906,0.745,0.8,15,4,0,31.22,35.79999999997779,237.1,0.5540246400570433,0.01492876179363074,0.1779051355279907,52.38,ripe
1762152145.2752101,1762152145.2358906,0.756,0.8,16,4,0,31.13,35.79999999997779,236.89999999999998,0.5595376883189042,0.014421761371076059,0.18442719947361286,52.38,ripe
1762152145.2853425,1762152145.2358906,0.771,0.8,16,6,0,31.04,35.79999999997779,236.64999999999998,0.5653737837678825,0.014307680568314865,0.19210866012837602,52.38,ripe
1762152145.2954578,1762152145.2358906,0.786,0.8,16,7,0,30.95,35.79999999997779,236.45000000000002,0.5781649097173692,0.013413330276027976,0.19357631223076,52.38,ripe
1762152145.3055594,1762152145.2358906,0.799,0.8,16,6,0,30.86,35.79999999997779,236.2,0.5864340356311959,0.012598785624676156,0.19893657534286868,52.38,ripe
1762152145.3156586,1762152145.2358906,0.811,0.8,16,5,0,30.77,35.79999999997779,235.95,0.5925286107559321,0.012216849387664507,0.20565669473110015,52.38,ripe
1762152145.3257604,1762152145.2358906,0.825,0.8,17,6,0,30.68,35.79999999997779,235.7,0.601973218529313,0.011728563413668201,0.20961943421420315,52.38,ripe
1762152145.3358676,1762152145.2358906,0.84,0.8,17,6,0,30.59,35.79999999997779,235.4,0.616173961658556,0.010444549240655899,0.20962236471320206,52.38,ripe
1762152145.3459826,1762152145.2358906,0.854,0.8,15,5,0,30.5,35.79999999997779,235.1,0.616180127819577,0.010574237663059427,0.22371803536630208,52.38,ripe
1762152145.3561022,1762152145.2358906,0.872,0.8,17,6,0,30.41,35.79999999997779,234.85000000000002,0.629945740617308,0.009993366240599029,0.22600334097563157,52.38,overripe
1762152145.3661933,1762152145.2358906,0.885,0.8,16,5,0,30.32,35.79999999997779,234.64999999999998,0.6503552662620445,0.007850252609687705,0.22011927453442526,52.38,overripe
1762152145.3763058,1762152145.2358906,0.902,0.8,16,6,0,30.23,35.79999999997779,234.39999999999998,0.6493746116913754,0.0073053320233177925,0.2368626587068594,52.38,overripe
1762152145.3864174,1762152145.2358906,0.918,0.8,17,5,0,30.14,35.79999999997779,234.15,0.6610500026242292,0.006502368085101613,0.2410686325748883,52.38,overripe
1762152145.3965375,1762152145.2358906,0.933,0.8,17,5,0,30.05,35.79999999997779,234.0,0.6702418771869266,0.005826530532392604,0.24731744041263215,52.38,overripe
1762152145.4066586,1762152145.2358906,0.948,0.8,16,6,0,29.96,35.79999999997779,233.8,0.6820713492370153,0.004933166670681544,0.25070830956276413,52.38,overripe
1762152145.4167798,1762152145.2358906,0.961,0.8,15,5,0,29.87,35.79999999997779,233.55,0.6921312820913329,0.004101032227217023,0.25475854730855685,52.38,overripe
1762152145.4269,1762152145.2358906,0.974,0.8,16,5,0,29.78,35.79999999997779,233.3,0.7029101458791046,0.0032476654547657757,0.25753476882084025,52.38,overripe
1762152145.4370005,1762152145.2358906,0.986,0.8,16,5,0,29.69,35.79999999997779,233.1,0.7192066733232982,0.0016892435898380632,0.25401578402667413,52.38,overripe
1762152145.4471157,1762152145.2358906,0.997,0.8,15,5,0,29.6,35.79999999997779,232.95,0.7290584842443226,0.000308806555359081,0.2560527444306635,52.38,overripe
1762152145.4572327,1762152145.2358906,1.0110000000000001,0.8,16,5,0,29.51,35.79999999997779,232.75,0.7298258215112147,0.00018987487297183572,0.26822979282627846,52.38,overripe
1762152145.46734,1762152145.2358906,1.025,0.8,17,5,0,29.42,35.79999999997779,232.5,0.7608102160794267,-0.0023134351754007065,0.2507175910893199,52.38,overripe
1762152145.4774919,1762152145.2358906,1.037,0.8,15,5,0,29.33,35.79999999997779,232.2,0.7429818000573539,-0.0013410480901283734,0.2812821035270193,52.38,overripe
1762152145.4876208,1762152145.2358906,1.05,0.8,16,5,0,29.24,35.79999999997779,231.89999999999998,0.7758689811862494,-0.0030458122881218764,0.2612629706059373,52.38,overripe
1762152145.4977288,1762152145.2358906,1.065,0.8,17,5,0,29.15,35.79999999997779,231.55,0.7916571991692408,-0.005195830323508481,0.25940877672685236,52.38,overripe
1762152145.5078344,1762152145.2358906,1.079,0.8,17,4,0,29.06,35.79999999997779,231.20000000000002,0.7960837634963834,-0.006546788696624706,0.268949224451663,52.38,overripe
1762152145.5179486,1762152145.2358906,1.089,0.8,16,4,0,28.97,35.79999999997779,230.85000000000002,0.7871247299274331,-0.005558661689871692,0.2898917640465901,52.38,overripe
1762152145.528105,1762152145.2358906,1.094,0.8,15,5,0,28.88,35.79999999997779,230.5,0.7982468740535458,-0.004535954407883473,0.2872613729334659,52.38,overripe
1762152145.5382297,1762152145.2358906,1.094,0.8,16,4,0,28.79,35.79999999997779,230.25,0.8536658614798546,-0.00821375043346898,0.23608826201365118,52.38,overripe
1762152145.5483308,1762152145.2358906,1.094,0.8,17,4,0,28.7,35.79999999997779,230.1,0.8528166303429747,-0.010483606445679649,0.23906043140377808,52.38,overripe
1762152145.5584166,1762152145.2358906,1.09,0.8,16,4,0,28.61,35.79999999997779,229.95,0.884635123130359,-0.01396539922631098,0.20630340774301736,52.38,overripe
1762152145.568486,1762152145.2358906,1.089,0.8,17,5,0,28.52,35.79999999997779,229.75,0.8867502612407387,-0.016550994256731965,0.2032190041959494,52.38,overripe
1762152145.5786002,1762152145.2358906,1.088,0.8,18,6,0,28.43,35.79999999997779,229.5,0.8466015872401977,-0.015352866302302424,0.24238304547814638,52.38,overripe
1762152145.588712,1762152145.2358906,1.085,0.8,16,5,0,28.34,35.79999999997779,229.2,0.8678778673847112,-0.01512350290674264,0.21911444897446097,52.38,overripe
1762152145.5988207,1762152145.2358906,1.08,0.8,16,5,0,28.25,35.79999999997779,228.95,0.8929877813829241,-0.0159942172724897,0.190508376796662,52.38,overripe
1762152145.6089444,1762152145.2358906,1.075,0.8,16,4,0,28.16,35.79999999997779,228.70000000000002,0.9036486988176032,-0.016887288789259765,0.1755993802721899,52.38,overripe
1762152145.6190817,1762152145.2358906,1.073,0.8,16,5,0,28.07,35.79999999997779,228.5,0.9190373025295334,-0.018052618030425804,0.15708673701536313,52.38,overripe
1762152145.6291714,1762152145.2358906,1.069,0.8,15,4,0,27.98,35.79999999997779,228.29999999999998,0.9165266843902903,-0.01859081239534797,0.15603533538215786,52.38,overripe
1762152145.6393006,1762152145.2358906,1.067,0.8,16,4,0,27.89,35.79999999997779,228.1,0.924248826351391,-0.01907441636134124,0.1455321835348331,52.38,overripe
1762152145.6493883,1762152145.2358906,1.065,0.8,16,4,0,27.8,35.79999999997779,227.9,0.9319140941914812,-0.019520029286544536,0.13547641075163086,52.38,overripe
1762152145.659492,1762152145.2358906,1.063,0.8,16,5,0,27.71,35.79999999997779,227.75,0.9630687757592521,-0.02073024126666495,0.1021264767123039,52.38,overripe
1762152145.6695938,1762152145.2358906,1.06,0.8,15,5,0,27.62,35.79999999997779,227.64999999999998,0.9606090422392274,-0.02157144546586348,0.10198858399655075,52.38,overripe
1762152145.6797142,1762152145.2358906,1.058,0.8,15,5,0,27.53,35.79999999997779,227.60000000000002,0.963755478523831,-0.022233590537013993,0.09654333459405795,52.38,overripe
1762152145.689823,1762152145.2358906,1.055,0.8,16,4,0,27.44,35.79999999997779,227.6,0.9635998142177674,-0.022646520759352265,0.09404959234117694,52.38,overripe
1762152145.6999133,1762152145.2358906,1.053,0.8,16,4,0,27.35,35.79999999997779,227.5,0.9744527175492611,-0.023134492614565037,0.08087198573021104,52.38,overripe
1762152145.7100163,1762152145.2358906,1.052,0.8,16,5,0,27.26,35.79999999997779,227.3,0.9747738276018179,-0.02344214751323157,0.07888852403791824,52.38,overripe
1762152145.7201302,1762152145.2358906,1.052,0.8,17,5,0,27.17,35.79999999997779,227.05,0.9864047473763178,-0.023843968419213213,0.06642642844355029,52.38,overripe
1762152145.7302344,1762152145.2358906,1.053,0.8,16,7,0,27.08,35.79999999997779,226.8,1.0009755036135164,-0.02433212049440957,0.05194008429641772,52.38,overripe
1762152145.740335,1762152145.2358906,1.05,0.8,14,5,0,26.99,35.79999999997779,226.64999999999998,0.994014902165011,-0.024600294361825467,0.05744289178995621,52.38,overripe
1762152145.7504497,1762152145.2358906,1.053,0.8,16,6,0,26.9,35.79999999997779,226.5,1.0186958995311346,-0.02500602174580725,0.03353299744634897,52.38,overripe
1762152145.7605643,1762152145.2358906,1.052,0.8,15,6,0,26.81,35.79999999997779,226.35000000000002,1.008841910528294,-0.025279230100119465,0.04327253796044772,52.38,overripe
1762152145.7706702,1762152145.2358906,1.052,0.8,14,5,0,26.72,35.79999999997779,226.15,1.0057660413268996,-0.0254244730889531,0.04629118291747125,52.38,overripe
1762152145.7808757,1762152145.2358906,1.053,0.8,16,5,0,26.63,35.79999999997779,225.9,0.9860956390513144,-0.024976742989366627,0.06643297307087115,52.38,overripe
1762152145.7910984,1762152145.2358906,1.051,0.8,15,5,0,26.54,35.79999999997779,225.6,1.0663187247610924,-0.02463376310952931,-0.014554418699999516,52.38,overripe
1762152145.8012083,1762152145.2358906,1.049,0.8,16,5,0,26.45,35.79999999997779,225.25,0.9503230898145583,-0.022116445051623572,0.10005906321598812,52.38,overripe
1762152145.8113244,1762152145.2358906,1.048,0.8,16,5,0,26.36,35.79999999997779,224.8,1.0756674633766967,-0.021469547094606085,-0.026476386861423507,52.38,overripe
1762152145.8214304,1762152145.2358906,1.048,0.8,16,5,0,26.27,35.79999999997779,224.45,1.0626193297290838,-0.02122476547280561,-0.014023791471447167,52.38,overripe
1762152145.8315344,1762152145.2358906,1.046,0.8,16,5,0,26.18,35.79999999997779,224.1,1.0306308120756578,-0.021259220909096332,0.01666695705316057,52.38,overripe
1762152145.8416336,1762152145.2358906,1.042,0.8,14,5,0,26.09,35.79999999997779,223.85,1.0555147138862697,-0.02113677271563729,-0.01086582932186042,52.38,overripe
1762152145.8517315,1762152145.2358906,1.045,0.8,17,6,0,26,35.79999999997779,223.65,1.036002595335661,-0.021144846989946352,0.008821846946543532,52.38,overripe
1762152145.8618503,1762152145.2358906,1.043,0.8,16,5,0,25.91,35.79999999997779,223.4,1.0717158723965263,-0.020714270277084102,-0.027803651255424056,52.38,overripe
1762152145.871958,1762152145.2358906,1.042,0.8,16,4,0,25.82,35.79999999997779,223.14999999999998,1.0668217238768753,-0.02043224511005102,-0.023865613306324196,52.38,overripe
1762152145.8820791,1762152145.2358906,1.042,0.8,17,5,0,25.73,35.79999999997779,222.89999999999998,1.058861637613137,-0.020324470572891242,-0.016383582327861523,52.38,overripe
1762152145.8921854,1762152145.2358906,1.042,0.8,16,6,0,25.64,35.79999999997779,222.65,1.0703325321638049,-0.020026764348066724,-0.02809350452116699,52.38,overripe
1762152145.90229,1762152145.2358906,1.041,0.8,16,5,0,25.55,35.79999999997779,222.55,1.0633093871755381,-0.01990368687846377,-0.021689873354219236,52.38,overripe
1762152145.9123926,1762152145.2358906,1.04,0.8,16,5,0,25.46,35.79999999997779,222.4,1.0729595410357384,-0.019612901186786803,-0.03214978412507907,52.38,overripe
1762152145.9224906,1762152145.2358906,1.041,0.8,16,5,0,25.37,35.79999999997779,222.2,1.0925139284132115,-0.018701460228895714,-0.05160904995788185,52.38,overripe
1762152145.9326138,1762152145.2358906,1.041,0.8,16,5,0,25.28,35.79999999997779,222.0,1.0673790063134754,-0.01861649777919809,-0.026426567085810593,52.38,overripe
1762152145.9427178,1762152145.2358906,1.041,0.8,16,5,0,25.19,35.79999999997779,221.75,1.1000124553008384,-0.01747762194796784,-0.059036235687006,52.38,overripe
1762152145.9528525,1762152145.2358906,1.042,0.8,16,5,0,25.1,35.79999999997779,221.55,1.0567191040847974,-0.017567826648768426,-0.015230994277881216,52.38,overripe
1762152145.9629488,1762152145.2358906,1.04,0.8,15,4,0,25.01,35.79999999997779,221.3,1.0966259057564944,-0.0167219063793036,-0.05588185085303632,52.38,overripe
1762152145.9731212,1762152145.2358906,1.039,0.8,16,5,0,24.92,35.79999999997779,221.05,1.0670033895713054,-0.016814245937078382,-0.02713136211957634,52.38,overripe
1762152145.983243,1762152145.2358906,1.039,0.8,15,5,0,24.83,35.79999999997779,220.7,1.0992751124597544,-0.01595944016034267,-0.05983909873388993,52.38,overripe
1762152145.993365,1762152145.2358906,1.039,0.8,16,5,0,24.74,35.79999999997779,220.4,1.0975094999979573,-0.01525387897019239,-0.05829149313502513,52.38,overripe
1762152146.0034866,1762152145.2358906,1.037,0.8,15,5,0,24.65,35.79999999997779,220.14999999999998,1.0839372369248552,-0.015148950548672335,-0.04582823349338905,52.38,overripe
1762152146.013599,1762152145.2358906,1.037,0.8,16,5,0,24.46,35.79999999997779,219.9,1.0896526841202678,-0.014979027922217251,-0.05209818240453479,52.38,overripe
1762152146.0237052,1762152145.2358906,1.036,0.8,14,5,0,24.29,35.79999999997779,219.75,1.1212570146670362,-0.013201809077425648,-0.08447976380916966,52.38,overripe
1762152146.0338101,1762152145.2358906,1.037,0.8,16,5,0,24.12,35.79999999997779,219.60000000000002,1.10208655984043,-0.012845875713141839,-0.06519793441149657,52.38,overripe
1762152146.0439184,1762152145.2358906,1.037,0.8,16,4,0,24,35.79999999997779,219.45,1.1018638735039032,-0.012673430159060755,-0.06491956078943661,52.38,overripe
1762152146.0540254,1762152145.2358906,1.036,0.8,15,5,0,24,35.79999999997779,219.39999999999998,1.144035050371693,-0.009230820935929973,-0.10756289401445973,52.38,overripe
1762152146.0641484,1762152145.2358906,1.034,0.8,15,3,0,24,35.79999999997779,219.45,1.1432677201240364,-0.005591831247975986,-0.1080316419454197,52.38,overripe
1762152146.0742486,1762152145.2358906,1.032,0.8,16,4,0,24,35.79999999997779,219.5,1.104173121018007,-0.005207461704137928,-0.07055508192869864,52.38,overripe
1762152146.08437,1762152145.2358906,1.027,0.8,15,4,0,24,35.79999999997779,219.5,1.0631812638078018,-0.006128747159863494,-0.0328722442631475,52.38,overripe
1762152146.0944836,1762152145.2358906,1.023,0.8,14,3,0,24,35.79999999997779,219.5,1.1259097972641134,-0.0035549881948168057,-0.09925528749178625,52.38,overripe
1762152146.104609,1762152145.2358906,1.021,0.8,14,5,0,24,35.79999999997779,219.5,1.1008101019799619,-0.003006336187110038,-0.07698284709379832,52.38,overripe
1762152146.1147127,1762152145.2358906,1.021,0.8,14,6,0,24,35.79999999997779,219.55,1.0829236182849107,-0.0034661752208625138,-0.06050999084182895,52.38,overripe
1762152146.1248157,1762152145.2358906,1.02,0.8,14,6,0,24,35.79999999997779,219.65,1.077560098422984,-0.004086943844644601,-0.056353284701443185,52.38,overripe
1762152146.134929,1762152145.2358906,1.022,0.8,15,6,0,24,35.79999999997779,219.8,1.1449390379121644,0.002136032979391627,-0.123335631051394,52.38,overripe
1762152146.145074,1762152145.2358906,1.023,0.8,16,5,0,24,35.79999999997779,219.85000000000002,1.0923833702663686,0.002628589218753859,-0.07008166683598338,52.38,overripe
1762152146.1551764,1762152145.2358906,1.024,0.8,16,5,0,24,35.79999999997779,219.8,1.0887520595697548,0.002965070230554453,-0.06560120785456225,52.38,overripe
1762152146.165277,1762152145.2358906,1.022,0.8,15,4,0,24,35.79999999997779,219.75,1.0765215014583744,0.0026038753521863502,-0.05394607560077813,52.38,overripe
1762152146.1753774,1762152145.2358906,1.022,0.8,15,5,0,24,35.79999999997779,219.64999999999998,1.1015494260766496,0.00443729295986082,-0.07926171314785146,52.38,overripe
1762152146.1854777,1762152145.2358906,1.022,0.8,15,5,0,24,35.79999999997779,219.55,1.083765865670684,0.004762450274815489,-0.06162200920628469,52.38,overripe
1762152146.195571,1762152145.2358906,1.022,0.8,15,5,0,24,35.79999999997779,219.6,1.0951897696048674,0.006318802675874456,-0.07311784137266786,52.38,overripe
1762152146.2056868,1762152145.2358906,1.021,0.8,15,4,0,24,35.79999999997779,219.64999999999998,1.0801997990720598,0.006606153013583483,-0.05866383495596006,52.38,overripe
1762152146.2158134,1762152145.2358906,1.021,0.8,16,5,0,24,35.79999999997779,219.75,1.0798942363976027,0.006988796549041935,-0.05862625433955282,52.38,overripe
1762152146.2259305,1762152145.2358906,1.02,0.8,15,6,0,24,35.79999999997779,219.8,1.0510412762025143,0.0060353234367397516,-0.03040728517348934,52.38,overripe
1762152146.2360632,1762152145.2358906,1.0190000000000001,0.8,16,6,0,24,35.79999999997779,219.85000000000002,1.1044699546712422,0.009577044819089078,-0.08465295915672955,52.38,overripe
1762152146.2461798,1762152145.2358906,1.021,0.8,16,5,0,24,35.79999999997779,219.95,1.0795730528866778,0.010328266693746875,-0.05916455512942154,52.38,ripe
1762152146.2563157,1762152145.2358906,1.018,0.8,15,4,0,24,35.79999999997779,220.05,1.0707708815450983,0.01040365753729053,-0.0515666326664701,52.38,ripe
1762152146.2664146,1762152145.2358906,1.017,0.8,15,5,0,24,35.79999999997779,220.05,1.0732772023323451,0.010820179087757821,-0.05517507789303111,52.38,ripe
1762152146.2765462,1762152145.2358906,1.016,0.8,15,3,0,24,35.79999999997779,220.05,1.0697726995663932,0.011033657443853874,-0.052721637346736294,52.38,ripe
1762152146.28664,1762152145.2358906,1.016,0.8,16,5,0,24,35.79999999997779,220.0,1.0705812927700487,0.01144861174476101,-0.05405576166022019,52.38,ripe
1762152146.296737,1762152145.2358906,1.0170000000000001,0.8,16,5,0,24,35.79999999997779,220.05,1.0578640779659365,0.010931727247377787,-0.04110131241102222,52.38,ripe
1762152146.3068702,1762152145.2358906,1.0150000000000001,0.8,15,4,0,24,35.79999999997779,220.15,1.0741588872620107,0.012005891318967576,-0.0582775044845536,52.38,ripe
1762152146.3169706,1762152145.2358906,1.012,0.8,14,4,0,24,35.79999999997779,220.25,1.0755046656364669,0.01348822536447116,-0.061563974247738296,52.38,ripe
1762152146.327115,1762152145.2358906,1.0090000000000001,0.8,14,4,0,24,35.79999999997779,220.3,1.0583275763229016,0.013195854659214062,-0.046857230628537305,52.38,ripe
1762152146.3372254,1762152145.2358906,1.0070000000000001,0.8,15,4,0,24,35.79999999997779,220.3,1.066180679186019,0.013887323641520595,-0.05694550633883688,52.38,ripe
1762152146.3473308,1762152145.2358906,1.0070000000000001,0.8,15,4,0,24,35.79999999997779,220.39999999999998,1.0666107702019954,0.014837026380153145,-0.05849318377840418,52.38,ripe
1762152146.3574414,1762152145.2358906,1.0050000000000001,0.8,16,5,0,24,35.79999999997779,220.55,1.0623819398051817,0.015419731640047485,-0.05582314659338605,52.38,ripe
1762152146.367559,1762152145.2358906,1.004,0.8,15,5,0,24,35.79999999997779,220.65,1.0550036518925205,0.015234886721945775,-0.04972425528662283,52.38,ripe
1762152146.3776612,1762152145.2358906,1.0030000000000001,0.8,15,4,0,24,35.79999999997779,220.75,1.0554322474879592,0.015243678789829766,-0.05129254918501025,52.38,ripe
1762152146.3877556,1762152145.2358906,1.002,0.8,15,6,0,24,35.79999999997779,220.85,1.060122838054935,0.016080182162797718,-0.057052988903460555,52.38,ripe
1762152146.3978765,1762152145.2358906,1.0,0.8,15,5,0,24,35.79999999997779,220.89999999999998,1.0522169948449525,0.015982087111673482,-0.05068207026921523,52.38,ripe
1762152146.407979,1762152145.2358906,1.0,0.8,15,6,0,24,35.79999999997779,220.89999999999998,1.0671816357135173,0.01862577747274553,-0.0664141734256487,52.38,ripe
1762152146.418117,1762152145.2358906,1.0,0.8,15,6,0,24,35.79999999997779,220.89999999999998,1.0393803780016393,0.01733442585119842,-0.038996646857704986,52.38,ripe
1762152146.4282181,1762152145.2358906,0.998,0.8,15,4,0,24,35.79999999997779,220.95,1.058416861248667,0.01882500295049111,-0.05922499567669992,52.38,ripe
1762152146.4383214,1762152145.2358906,0.996,0.8,15,4,0,24,35.79999999997779,221.0,1.0426104925704778,0.018044552136883843,-0.0450145597844942,52.38,ripe
1762152146.44844,1762152145.2358906,0.993,0.8,14,4,0,24,35.79999999997779,220.95,1.0549957474903269,0.019455111291011695,-0.059697781097335145,52.38,ripe
1762152146.45854,1762152145.2358906,0.992,0.8,15,5,0,24,35.79999999997779,220.9,1.04748552729034,0.01974018059870611,-0.053836544093844196,52.38,ripe
1762152146.4686296,1762152145.2358906,0.992,0.8,15,4,0,24,35.79999999997779,220.9,1.050999256836835,0.020991461842634875,-0.058174765238587,52.38,ripe
1762152146.4787126,1762152145.2358906,0.991,0.8,14,6,0,24,35.79999999997779,220.95,1.0441928646050922,0.021129939759735088,-0.05228061880596824,52.38,ripe
1762152146.4887946,1762152145.2358906,0.992,0.8,15,6,0,24,35.79999999997779,221.0,1.0491423738089647,0.022628039501616133,-0.05718625090940277,52.38,ripe
1762152146.4988773,1762152145.2358906,0.989,0.8,15,3,0,24,35.79999999997779,221.14999999999998,1.0432144074938825,0.02309895167452762,-0.05273634604410149,52.38,ripe
1762152146.5089853,1762152145.2358906,0.988,0.8,15,4,0,24,35.79999999997779,221.35,1.034712424784664,0.022001808989288302,-0.045473394059773464,52.38,ripe
1762152146.5191214,1762152145.2358906,0.987,0.8,15,5,0,24,35.79999999997779,221.55,1.0392698627504815,0.022088306437193044,-0.051150347388036255,52.38,ripe
1762152146.5292299,1762152145.2358906,0.986,0.8,14,4,0,24,35.79999999997779,221.7,1.0392799690119072,0.022445924188066926,-0.05222021133068466,52.38,ripe
1762152146.5393536,1762152145.2358906,0.983,0.8,14,4,0,24,35.79999999997779,221.9,1.0370059812418044,0.022545345031496754,-0.0519761024011931,52.38,ripe
1762152146.549464,1762152145.2358906,0.981,0.8,14,4,0,24,35.79999999997779,222.1,1.0430494561065262,0.02469163770053101,-0.06003451668622062,52.38,ripe
1762152146.5595298,1762152145.2358906,0.979,0.8,15,3,0,24,35.79999999997779,222.15,1.044542547435435,0.028228184178308427,-0.06353507772528233,52.38,ripe
1762152146.5696118,1762152145.2358906,0.978,0.8,14,3,0,24,35.79999999997779,222.15,1.0334099350292913,0.028392217440709924,-0.05390620017421499,52.38,ripe
1762152146.5797172,1762152145.2358906,0.974,0.8,14,2,0,24,35.79999999997779,222.15,1.0248914096414756,0.025741751428041977,-0.04813954221393746,52.38,ripe
1762152146.5898254,1762152145.2358906,0.974,0.8,15,4,0,24,35.79999999997779,222.2,1.0348789838418948,0.027256247411483876,-0.059503050128125734,52.38,ripe
1762152146.5999458,1762152145.2358906,0.976,0.8,14,5,0,24,35.79999999997779,222.3,1.026126267373705,0.026070914520082623,-0.05043830051682052,52.38,ripe
1762152146.6100633,1762152145.2358906,0.976,0.8,15,4,0,24,35.79999999997779,222.4,1.0335110431755954,0.028002439947899277,-0.05766705974715314,52.38,ripe
1762152146.6201835,1762152145.2358906,0.976,0.8,15,5,0,24,35.79999999997779,222.5,1.0260137027441432,0.02757815824622737,-0.05009171102992205,52.38,ripe
1762152146.6302905,1762152145.2358906,0.976,0.8,15,5,0,24,35.79999999997779,222.6,1.0265657721796981,0.027823671210649114,-0.05060477632258764,52.38,ripe
1762152146.640408,1762152145.2358906,0.975,0.8,15,5,0,24,35.79999999997779,222.7,1.0252436781257548,0.027986789559807806,-0.04976318019719961,52.38,ripe
1762152146.650533,1762152145.2358906,0.972,0.8,15,3,0,24,35.79999999997779,222.7,1.0243380002706803,0.028237679369364062,-0.05059775130640276,52.38,ripe
1762152146.6606398,1762152145.2358906,0.969,0.8,14,4,0,24,35.79999999997779,222.7,1.0220847499523933,0.0279666991083097,-0.050714625470254515,52.38,ripe
1762152146.6707385,1762152145.2358906,0.968,0.8,14,4,0,24,35.79999999997779,222.64999999999998,1.022073814721054,0.028214280277502852,-0.052388752479984646,52.38,ripe
1762152146.6808264,1762152145.2358906,0.967,0.8,14,5,0,24,35.79999999997779,222.55,1.0235717171296528,0.029862689237232072,-0.05522918600911808,52.38,ripe
1762152146.6909251,1762152145.2358906,0.965,0.8,14,4,0,24,35.79999999997779,222.45,1.018967650096337,0.0296654850689541,-0.05229638453606955,52.38,ripe
1762152146.7010243,1762152145.2358906,0.962,0.8,14,3,0,24,35.79999999997779,222.39999999999998,1.0180091330767624,0.029583645728088748,-0.05367350029662876,52.38,ripe
1762152146.7111387,1762152145.2358906,0.96,0.8,14,3,0,24,35.79999999997779,222.45,1.0182458880359302,0.030473759202542004,-0.056078071645863314,52.38,ripe
1762152146.721271,1762152145.2358906,0.958,0.8,15,4,0,24,35.79999999997779,222.5,1.0147938669589067,0.029675541425918644,-0.0547099587638733,52.38,ripe
1762152146.7313943,1762152145.2358906,0.955,0.8,14,4,0,24,35.79999999997779,222.55,1.0149217169998122,0.02993577696252109,-0.057379762902295406,52.38,ripe
1762152146.741513,1762152145.2358906,0.953,0.8,15,5,0,24,35.79999999997779,222.55,1.0120561010146207,0.028893216179185412,-0.05678512396586233,52.38,ripe
1762152146.7516184,1762152145.2358906,0.952,0.8,15,5,0,24,35.79999999997779,222.5,1.0135214163483202,0.029935153159971452,-0.059885927823940976,52.38,ripe
1762152146.7617216,1762152145.2358906,0.951,0.8,14,4,0,24,35.79999999997779,222.4,1.0114005194577271,0.030428441501386256,-0.05908277519553762,52.38,ripe
1762152146.7718203,1762152145.2358906,0.951,0.8,15,5,0,24,35.79999999997779,222.35000000000002,1.011160948103781,0.031998316839968566,-0.05950207597268631,52.38,ripe
1762152146.7819257,1762152145.2358906,0.951,0.8,14,4,0,24,35.79999999997779,222.3,1.007104936384305,0.03032005811026822,-0.055775500318757665,52.38,ripe
1762152146.7920597,1762152145.2358906,0.948,0.8,14,4,0,24,35.79999999997779,222.25,1.0090334731661186,0.03224167816170022,-0.05936875513334494,52.38,ripe
1762152146.8021853,1762152145.2358906,0.945,0.8,15,3,0,24,35.79999999997779,222.14999999999998,1.005901548024875,0.03227824664204436,-0.058569189008488176,52.38,ripe
1762152146.812285,1762152145.2358906,0.943,0.8,14,3,0,24,35.79999999997779,222.2,1.0044780511123583,0.03201571340873253,-0.059311871604164956,52.38,ripe
1762152146.8223882,1762152145.2358906,0.942,0.8,15,2,0,24,35.79999999997779,222.35,1.0037606117653557,0.032678833131115755,-0.06017752201125903,52.38,ripe
1762152146.8324897,1762152145.2358906,0.942,0.8,15,3,0,24,35.79999999997779,222.45,1.0018573879513282,0.03219029434392899,-0.05906584307427987,52.38,ripe
1762152146.8425918,1762152145.2358906,0.941,0.8,15,3,0,24,35.79999999997779,222.55,1.0020891238254999,0.03453265998750741,-0.06019335138697568,52.38,ripe
1762152146.8526976,1762152145.2358906,0.9380000000000001,0.8,13,3,0,24,35.79999999997779,222.60000000000002,0.9992377466486158,0.03187714451744633,-0.05928986042935369,52.38,ripe
1762152146.862825,1762152145.2358906,0.936,0.8,15,4,0,24,35.79999999997779,222.55,0.9997199877185698,0.034375249167535836,-0.061746044608938844,52.38,ripe
1762152146.8729622,1762152145.2358906,0.934,0.8,14,4,0,24,35.79999999997779,222.45,0.9967103103688382,0.03198032526875977,-0.0607233388140227,52.38,ripe
1762152146.8830864,1762152145.2358906,0.937,0.8,16,6,0,24,35.79999999997779,222.35000000000002,0.9973326412332535,0.03493147170318556,-0.06083915545584573,52.38,ripe
1762152146.8932152,1762152145.2358906,0.934,0.8,15,3,0,24,35.79999999997779,222.3,0.9944521989970835,0.03373776022468751,-0.05920545610837957,52.38,ripe
1762152146.9033222,1762152145.2358906,0.932,0.8,15,3,0,24,35.79999999997779,222.35000000000002,0.993223676955619,0.033689021355872976,-0.05960030551126694,52.38,ripe
1762152146.913412,1762152145.2358906,0.929,0.8,15,3,0,24,35.79999999997779,222.3,0.9925164237713299,0.036266858400102714,-0.06120473804915383,52.38,ripe
1762152146.9234924,1762152145.2358906,0.925,0.8,15,2,0,24,35.79999999997779,222.3,0.9901095028169921,0.03885147264516497,-0.06195365995590396,52.38,ripe
1762152146.9335856,1762152145.2358906,0.925,0.8,15,4,0,24,35.79999999997779,222.35000000000002,0.9909190193439186,0.03632471698819032,-0.0643410979133745,52.38,ripe
1762152146.9437037,1762152145.2358906,0.925,0.8,15,4,0,24,35.79999999997779,222.4,0.9886275660372963,0.033898846771137525,-0.06283860532202423,52.38,ripe
1762152146.9538116,1762152145.2358906,0.926,0.8,15,4,0,24,35.79999999997779,222.55,0.9869724221971342,0.03543769932497691,-0.06107794183949811,52.38,ripe
1762152146.963926,1762152145.2358906,0.926,0.8,15,5,0,24,35.79999999997779,222.65,0.9853986186728645,0.0360452501113547,-0.05945137849404647,52.38,ripe
1762152146.9740324,1762152145.2358906,0.925,0.8,14,4,0,24,35.79999999997779,222.7,0.9842195151783262,0.03603701757009715,-0.058745895088917144,52.38,ripe
1762152146.984157,1762152145.2358906,0.923,0.8,14,4,0,24,35.79999999997779,222.75,0.9831540389915281,0.03528535281506043,-0.05891722894682361,52.38,ripe
1762152146.9942753,1762152145.2358906,0.92,0.8,14,4,0,24,35.79999999997779,222.8,0.9816987092141479,0.03590703981739168,-0.05958030419179561,52.38,ripe
1762152147.0043795,1762152145.2358906,0.921,0.8,15,4,0,24,35.79999999997779,222.85,0.9807937404994815,0.03454702767036021,-0.05923453798830536,52.38,ripe
1762152147.0145016,1762152145.2358906,0.922,0.8,16,4,0,24,35.79999999997779,222.9,0.9792879612870551,0.03523579822881718,-0.057508360031466976,52.38,ripe
1762152147.024615,1762152145.2358906,0.922,0.8,16,4,0,24,35.79999999997779,222.95,0.9783706155781628,0.0328767464097559,-0.05648081495036883,52.38,ripe
1762152147.034727,1762152145.2358906,0.924,0.8,16,4,0,24,35.79999999997779,222.95,0.9793535606860184,0.040864559162376406,-0.056408660372121444,52.38,ripe
1762152147.044798,1762152145.2358906,0.925,0.8,15,4,0,24,35.79999999997779,222.95,0.975274180198132,0.041210642010004066,-0.051301730041183435,52.38,ripe
1762152147.0549164,1762152145.2358906,0.928,0.8,16,5,0,24,35.79999999997779,223.0,0.9737647429395624,0.04180203227692796,-0.04777851786108811,52.38,ripe
1762152147.0649981,1762152145.2358906,0.929,0.8,14,5,0,24,35.79999999997779,223.05,0.9765921347053814,0.039975858102926705,-0.04909902216614426,52.38,ripe
1762152147.0750806,1762152145.2358906,0.93,0.8,14,4,0,24,35.79999999997779,223.05,0.9706361783968189,0.04142556552416013,-0.041889622127200266,52.38,ripe
1762152147.0851917,1762152145.2358906,0.932,0.8,14,4,0,24,35.79999999997779,223.0,0.9739972506163217,0.04012646942829472,-0.043623972481512396,52.38,ripe
1762152147.095273,1762152145.2358906,0.931,0.8,15,3,0,24,35.79999999997779,222.9,0.9695648748273727,0.041005917382623304,-0.03887823575996807,52.38,ripe
1762152147.1053905,1762152145.2358906,0.93,0.8,15,3,0,24,35.79999999997779,222.75,0.9754492122369934,0.03766777366651681,-0.04510589270329113,52.38,ripe
1762152147.1155102,1762152145.2358906,0.93,0.8,15,4,0,24,35.79999999997779,222.7,0.9682353390890033,0.03875505761761901,-0.038063679322152044,52.38,ripe
1762152147.1255991,1762152145.2358906,0.93,0.8,16,4,0,24,35.79999999997779,222.65,0.9694813979945229,0.037923779341053725,-0.039395568111097345,52.38,ripe
1762152147.1357307,1762152145.2358906,0.93,0.8,16,4,0,24,35.79999999997779,222.65,0.9668501439088771,0.03871143513310301,-0.03680722896716426,52.38,ripe
1762152147.1458242,1762152145.2358906,0.932,0.8,16,6,0,24,35.79999999997779,222.7,0.966621670932301,0.03892538210066219,-0.035600213461444596,52.38,ripe
1762152147.1559167,1762152145.2358906,0.934,0.8,15,5,0,24,35.79999999997779,222.75,0.964876473764041,0.03978749875209141,-0.03236574502861278,52.38,ripe
1762152147.1660206,1762152145.2358906,0.934,0.8,15,3,0,24,35.79999999997779,222.89999999999998,0.9639748084771258,0.04059938308144352,-0.03071944410941163,52.38,ripe
1762152147.1761274,1762152145.2358906,0.934,0.8,14,4,0,24,35.79999999997779,222.95,0.965625145693396,0.040173327613039794,-0.031997463509538804,52.38,ripe
1762152147.1862144,1762152145.2358906,0.935,0.8,15,5,0,24,35.79999999997779,223.1,0.9610072968916156,0.041579790204923736,-0.02669345579968696,52.38,ripe
1762152147.1963067,1762152145.2358906,0.936,0.8,14,5,0,24,35.79999999997779,223.25,0.9657886815712426,0.04062119733821794,-0.030631761025278315,52.38,ripe
1762152147.2064104,1762152145.2358906,0.9380000000000001,0.8,14,5,0,24,35.79999999997779,223.2,0.9627305852332757,0.040710654204137824,-0.02615212496029351,52.38,ripe
1762152147.2164984,1762152145.2358906,0.9390000000000001,0.8,14,4,0,24,35.79999999997779,223.10000000000002,0.9598430861104591,0.0416054364349691,-0.022053855973967917,52.38,ripe
1762152147.226583,1762152145.2358906,0.9400000000000001,0.8,15,5,0,24,35.79999999997779,222.95,0.9603964904646504,0.04206134604588355,-0.0215018753964048,52.38,ripe
1762152147.2367022,1762152145.2358906,0.9430000000000001,0.8,15,6,0,24,35.79999999997779,222.85,0.9630131720346988,0.04158018111089954,-0.022065864500576016,52.38,ripe
1762152147.2468204,1762152145.2358906,0.944,0.8,16,5,0,24,35.79999999997779,222.75,0.9612638087125842,0.041505637541815577,-0.01879015494552283,52.38,ripe
1762152147.2569282,1762152145.2358906,0.9420000000000001,0.8,15,3,0,24,35.79999999997779,222.65,0.9648481155244617,0.040103848174808276,-0.022611288640930982,52.38,ripe
1762152147.2670233,1762152145.2358906,0.9420000000000001,0.8,15,3,0,24,35.79999999997779,222.55,0.9567037441431598,0.041011982672744494,-0.01458533070139445,52.38,ripe
1762152147.2771523,1762152145.2358906,0.9400000000000001,0.8,14,4,0,24,35.79999999997779,222.5,0.9586702191173216,0.04134051074559243,-0.01761101239643892,52.38,ripe
1762152147.2872267,1762152145.2358906,0.9400000000000001,0.8,15,3,0,24,35.79999999997779,222.5,0.9577298705328837,0.04179467299164787,-0.017200267172442385,52.38,ripe
1762152147.297301,1762152145.2358906,0.9390000000000001,0.8,14,3,0,24,35.79999999997779,222.5,0.9626955665074999,0.040620400486711325,-0.022930764827279182,52.38,ripe
1762152147.3074186,1762152145.2358906,0.9390000000000001,0.8,15,3,0,24,35.79999999997779,222.5,0.9655527237018716,0.0378966670195854,-0.02617032286176124,52.38,ripe
1762152147.3175573,1762152145.2358906,0.9420000000000001,0.8,15,5,0,24,35.79999999997779,222.5,0.9571327088838731,0.0383904283722833,-0.016441508463817978,52.38,ripe
1762152147.3276615,1762152145.2358906,0.944,0.8,14,5,0,24,35.79999999997779,222.5,0.9576934083255563,0.03848176592550755,-0.015347808115528716,52.38,ripe
1762152147.3377874,1762152145.2358906,0.948,0.8,17,5,0,24,35.79999999997779,222.55,0.9584032354750263,0.038247124354774995,-0.013230435370012561,52.38,ripe
1762152147.3478916,1762152145.2358906,0.948,0.8,15,3,0,24,35.79999999997779,222.55,0.9574229430837413,0.03823520196889128,-0.010836543031234491,52.38,ripe
1762152147.358001,1762152145.2358906,0.952,0.8,15,5,0,24,35.79999999997779,222.45,0.9570868793791794,0.038249101164426993,-0.007793679352925964,52.38,ripe
1762152147.3681195,1762152145.2358906,0.951,0.8,14,4,0,24,35.79999999997779,222.3,0.9594784392407142,0.03767703288227773,-0.009331839227587513,52.38,ripe
1762152147.378246,1762152145.2358906,0.951,0.8,14,4,0,24,35.79999999997779,222.25,0.9543725563419385,0.03793722907930244,-0.003799256335375256,52.38,ripe
1762152147.3883655,1762152145.2358906,0.949,0.8,16,4,0,24,35.79999999997779,222.1,0.9581405670861083,0.037630026352960984,-0.008353917082826623,52.38,ripe
1762152147.3984702,1762152145.2358906,0.949,0.8,14,4,0,24,35.79999999997779,222.0,0.9560270384230685,0.03773639778843996,-0.0066337134214276006,52.38,ripe
1762152147.4085753,1762152145.2358906,0.95,0.8,15,4,0,24,35.79999999997779,221.95,0.9550460721205105,0.037944870114217315,-0.005349409619690104,52.38,ripe
1762152147.4186952,1762152145.2358906,0.95,0.8,15,3,0,24,35.79999999997779,221.85000000000002,0.9559546659443201,0.03800230301474471,-0.006106334693909865,52.38,ripe
1762152147.4288034,1762152145.2358906,0.951,0.8,14,4,0,24,35.79999999997779,221.75,0.9565546832264059,0.03793823541546055,-0.006130517601200869,52.38,ripe
1762152147.438927,1762152145.2358906,0.948,0.8,14,2,0,24,35.79999999997779,221.64999999999998,0.9564447789106072,0.037858719881024884,-0.007232696098004698,52.38,ripe
1762152147.4490328,1762152145.2358906,0.9450000000000001,0.8,13,3,0,24,35.79999999997779,221.6,0.9562440554820006,0.03777095069309645,-0.009138014075699363,52.38,ripe
1762152147.4591527,1762152145.2358906,0.9450000000000001,0.8,15,4,0,24,35.79999999997779,221.6,0.956136724290038,0.03764841496518916,-0.010083703586887371,52.38,ripe
1762152147.4692585,1762152145.2358906,0.9430000000000001,0.8,14,4,0,24,35.79999999997779,221.64999999999998,0.9553042749101892,0.03772917661105559,-0.01077776455861379,52.38,ripe
1762152147.4793835,1762152145.2358906,0.9420000000000001,0.8,14,3,0,24,35.79999999997779,221.64999999999998,0.955952936387609,0.03747284691817079,-0.012689681211821235,52.38,ripe
1762152147.4894946,1762152145.2358906,0.9420000000000001,0.8,15,3,0,24,35.79999999997779,221.64999999999998,0.9541950312919424,0.03781913099497569,-0.011563403704048514,52.38,ripe
1762152147.4995906,1762152145.2358906,0.9420000000000001,0.8,15,3,0,24,35.79999999997779,221.64999999999998,0.9557009724385137,0.03744361178583659,-0.013385158644566797,52.38,ripe
1762152147.5097075,1762152145.2358906,0.9410000000000001,0.8,14,4,0,24,35.79999999997779,221.60000000000002,0.9534509186357804,0.037904069772356275,-0.011793011738806869,52.38,ripe
1762152147.519812,1762152145.2358906,0.9390000000000001,0.8,14,4,0,24,35.79999999997779,221.55,0.9544268349602435,0.037846993996692925,-0.014097881511756727,52.38,ripe
1762152147.529914,1762152145.2358906,0.937,0.8,14,4,0,24,35.79999999997779,221.5,0.9541507949013515,0.03777856924440103,-0.015486318177108105,52.38,ripe
1762152147.5400515,1762152145.2358906,0.935,0.8,15,3,0,24,35.79999999997779,221.45,0.9557489608769992,0.03650650156465134,-0.018916722514877526,52.38,ripe
1762152147.5501854,1762152145.2358906,0.934,0.8,15,3,0,24,35.79999999997779,221.3,0.9516228107468432,0.03780003146245582,-0.01620669156578236,52.38,ripe
1762152147.5603013,1762152145.2358906,0.93,0.8,14,3,0,24,35.79999999997779,221.1,0.952216285888366,0.03828844399610436,-0.019508226297835662,52.38,ripe
1762152147.570407,1762152145.2358906,0.93,0.8,15,4,0,24,35.79999999997779,220.95,0.9536369881702355,0.037605531140411465,-0.022282958374970296,52.38,ripe
1762152147.5805132,1762152145.2358906,0.93,0.8,14,4,0,24,35.79999999997779,220.85000000000002,0.951720708025062,0.03792091267789798,-0.021043693127429375,52.38,ripe
1762152147.5906546,1762152145.2358906,0.929,0.8,14,3,0,24,35.79999999997779,220.75,0.9532457489591044,0.03677727282294273,-0.023407241510288057,52.38,ripe
1762152147.6007428,1762152145.2358906,0.928,0.8,14,3,0,24,35.79999999997779,220.60000000000002,0.9488580552907536,0.038741347238751375,-0.01993880156634542,52.38,ripe
1762152147.6108396,1762152145.2358906,0.929,0.8,14,5,0,24,35.79999999997779,220.45,0.9499349172446945,0.03921672859351736,-0.020975290382490352,52.38,ripe
1762152147.6209514,1762152145.2358906,0.929,0.8,15,4,0,24,35.79999999997779,220.4,0.9500069419600635,0.03940015195158848,-0.021027128528961492,52.38,ripe
1762152147.6310627,1762152145.2358906,0.927,0.8,14,4,0,24,35.79999999997779,220.4,0.9516588460970798,0.03844618449797957,-0.02366893938152881,52.38,ripe
1762152147.6411421,1762152145.2358906,0.925,0.8,13,5,0,24,35.79999999997779,220.45,0.9479350357618743,0.039382112654718034,-0.02144008240409878,52.38,ripe
1762152147.651229,1762152145.2358906,0.923,0.8,15,5,0,24,35.79999999997779,220.45,0.9481750495850043,0.03985835105099668,-0.023427572906116523,52.38,ripe
1762152147.6613896,1762152145.2358906,0.921,0.8,15,3,0,24,35.79999999997779,220.5,0.9559135597852679,0.035240703203431915,-0.03303982144582407,52.38,ripe
1762152147.6714928,1762152145.2358906,0.921,0.8,15,3,0,24,35.79999999997779,220.5,0.9478714326820428,0.0355250575552405,-0.02593456351232082,52.38,ripe
1762152147.6816053,1762152145.2358906,0.921,0.8,14,4,0,24,35.79999999997779,220.5,0.9482507101834138,0.03435949903567067,-0.02678227559855284,52.38,ripe
1762152147.6918073,1762152145.2358906,0.918,0.8,14,3,0,24,35.79999999997779,220.5,0.9469379928768277,0.03452047069329889,-0.027203775584397127,52.38,ripe
1762152147.702027,1762152145.2358906,0.917,0.8,14,4,0,24,35.79999999997779,220.55,0.946923652405228,0.03300095324344239,-0.02855654375901273,52.38,ripe
1762152147.7121515,1762152145.2358906,0.915,0.8,13,4,0,24,35.79999999997779,220.6,0.9458819469107351,0.033100950427075664,-0.029198392587627464,52.38,ripe
1762152147.7222695,1762152145.2358906,0.915,0.8,14,4,0,24,35.79999999997779,220.6,0.9453095280737488,0.03360113063479019,-0.02946775091219489,52.38,ripe
1762152147.732372,1762152145.2358906,0.912,0.8,14,3,0,24,35.79999999997779,220.64999999999998,0.9448015447160619,0.03209223297251343,-0.0308806561352849,52.38,ripe
1762152147.7424574,1762152145.2358906,0.908,0.8,14,3,0,24,35.79999999997779,220.64999999999998,0.9447531061642978,0.03461920656638621,-0.03379266187390928,52.38,ripe
1762152147.752559,1762152145.2358906,0.905,0.8,14,4,0,24,35.79999999997779,220.65,0.943419225412244,0.03451938468144159,-0.03543900326704974,52.38,ripe
1762152147.7626536,1762152145.2358906,0.905,0.8,14,4,0,24,35.79999999997779,220.65,0.9424615875189307,0.0353076755515702,-0.03597147644633358,52.38,ripe
1762152147.7727427,1762152145.2358906,0.906,0.8,15,4,0,24,35.79999999997779,220.7,0.9418886159420768,0.03542698562002631,-0.03564356040577821,52.38,ripe
1762152147.782866,1762152145.2358906,0.907,0.8,15,4,0,24,35.79999999997779,220.75,0.9417108185649007,0.03437257960351673,-0.035088290796751354,52.38,ripe
1762152147.792959,1762152145.2358906,0.909,0.8,16,4,0,24,35.79999999997779,220.8,0.9401343457965794,0.035803232466259126,-0.03232308191250466,52.38,ripe
1762152147.8031008,1762152145.2358906,0.91,0.8,14,4,0,24,35.79999999997779,220.8,0.9413646129599521,0.033328941471749696,-0.03245898101791467,52.38,ripe
1762152147.8132226,1762152145.2358906,0.909,0.8,14,3,0,24,35.79999999997779,220.85000000000002,0.9392305766656643,0.033619516316597,-0.030277760694645606,52.38,ripe
1762152147.8233175,1762152145.2358906,0.907,0.8,14,4,0,24,35.79999999997779,220.8,0.9384673785363644,0.03492022539865029,-0.030490970550855034,52.38,ripe
1762152147.833421,1762152145.2358906,0.906,0.8,14,4,0,24,35.79999999997779,220.75,0.9372306626985247,0.036671121963283,-0.030242458705770026,52.38,ripe
1762152147.8434994,1762152145.2358906,0.901,0.8,14,3,0,24,35.79999999997779,220.8,0.9366059726486476,0.03764130519475378,-0.032611870652270336,52.38,ripe
1762152147.853587,1762152145.2358906,0.901,0.8,14,4,0,24,35.79999999997779,220.8,0.9376866079166026,0.036567772935019185,-0.03518955691841397,52.38,ripe
1762152147.8636987,1762152145.2358906,0.899,0.8,15,3,0,24,35.79999999997779,220.8,0.93707669435291,0.035015817379563136,-0.03632816885381562,52.38,ripe
1762152147.8737953,1762152145.2358906,0.899,0.8,15,3,0,24,35.79999999997779,220.85,0.9353286588921756,0.034966861377899026,-0.035454396142628464,52.38,ripe
1762152147.8839183,1762152145.2358906,0.899,0.8,14,4,0,24,35.79999999997779,220.89999999999998,0.9345269738347907,0.0351438156777433,-0.03508984246001712,52.38,ripe
1762152147.8940547,1762152145.2358906,0.897,0.8,14,4,0,24,35.79999999997779,220.95,0.9341958673779969,0.03438464908084144,-0.035977301690610086,52.38,ripe
1762152147.9041772,1762152145.2358906,0.897,0.8,14,4,0,24,35.79999999997779,221.0,0.9331113750349398,0.034604286482587204,-0.03550209219124634,52.38,ripe
1762152147.914276,1762152145.2358906,0.896,0.8,15,3,0,24,35.79999999997779,221.0,0.9324689089540014,0.03455567801130835,-0.03566426753215468,52.38,ripe
1762152147.924387,1762152145.2358906,0.895,0.8,14,3,0,24,35.79999999997779,221.14999999999998,0.9319127889071287,0.03395942503841614,-0.03601046819620535,52.38,ripe
1762152147.9345229,1762152145.2358906,0.894,0.8,15,2,0,24,35.79999999997779,221.25,0.9310584006593113,0.03374645598209398,-0.03610724030384971,52.38,ripe
1762152147.9446304,1762152145.2358906,0.896,0.8,15,3,0,24,35.79999999997779,221.35,0.929867229927821,0.03620787043653094,-0.034391649750090236,52.38,ripe
1762152147.9547315,1762152145.2358906,0.899,0.8,15,4,0,24,35.79999999997779,221.45,0.9299208859590765,0.03567254883680517,-0.03268309587021112,52.38,ripe
1762152147.9648433,1762152145.2358906,0.898,0.8,15,3,0,24,35.79999999997779,221.3,0.9290217910609537,0.0355092982583102,-0.03140289601652102,52.38,ripe
1762152147.974953,1762152145.2358906,0.896,0.8,13,3,0,24,35.79999999997779,221.2,0.9295287174331621,0.03310882622164673,-0.03271926991094576,52.38,ripe
1762152147.985097,1762152145.2358906,0.895,0.8,13,3,0,24,35.79999999997779,221.10000000000002,0.9276826732293236,0.03304717105995571,-0.03177794946821544,52.38,ripe
1762152147.9952028,1762152145.2358906,0.893,0.8,13,3,0,24,35.79999999997779,221.10000000000002,0.9271017471274391,0.03211430394846513,-0.03264938524688499,52.38,ripe
1762152148.0053089,1762152145.2358906,0.893,0.8,14,4,0,24,35.79999999997779,221.15,0.9264773089251398,0.03310070920823501,-0.03275112798486279,52.38,ripe
1762152148.0154135,1762152145.2358906,0.893,0.8,13,5,0,24,35.79999999997779,221.2,0.9256234172566019,0.03432512805266538,-0.0322603267864634,52.38,ripe
1762152148.02553,1762152145.2358906,0.895,0.8,15,5,0,24,35.79999999997779,221.15,0.9257823193993882,0.03202898508995868,-0.031600774164318945,52.38,ripe
1762152148.0356333,1762152145.2358906,0.898,0.8,16,5,0,24,35.79999999997779,221.15,0.9246514189641584,0.03381154825619987,-0.028560646346623697,52.38,ripe
1762152148.0457804,1762152145.2358906,0.9,0.8,15,5,0,24,35.79999999997779,221.2,0.9237512357413897,0.034285079209835895,-0.02570584943262233,52.38,ripe
1762152148.0558643,1762152145.2358906,0.901,0.8,15,4,0,24,35.79999999997779,221.2,0.9228387031186989,0.035533039062525744,-0.023316009964315154,52.38,ripe
1762152148.065977,1762152145.2358906,0.901,0.8,14,3,0,24,35.79999999997779,221.15,0.920891188553298,0.03784075545531224,-0.020629841976106178,52.38,ripe
1762152148.0761108,1762152145.2358906,0.898,0.8,13,3,0,24,35.79999999997779,221.10000000000002,0.9223252270166287,0.03790476450952379,-0.023194553728032696,52.38,ripe
1762152148.086185,1762152145.2358906,0.897,0.8,14,3,0,24,35.79999999997779,221.15,0.9244575577327357,0.035812856120858584,-0.02639222108843775,52.38,ripe
1762152148.09628,1762152145.2358906,0.896,0.8,12,4,0,24,35.79999999997779,221.25,0.9232511158897507,0.033493735424190284,-0.02621844756760172,52.38,ripe
1762152148.10637,1762152145.2358906,0.896,0.8,13,4,0,24,35.79999999997779,221.4,0.9204563108217475,0.03547218257009148,-0.023939976660673046,52.38,ripe
1762152148.1164563,1762152145.2358906,0.896,0.8,15,4,0,24,35.79999999997779,221.55,0.9209300763882964,0.034878947875752436,-0.0246719093077592,52.38,ripe
1762152148.126581,1762152145.2358906,0.895,0.8,15,3,0,24,35.79999999997779,221.55,0.9203251613038215,0.034336236328677744,-0.02469607776355287,52.38,ripe
1762152148.1366792,1762152145.2358906,0.895,0.8,14,4,0,24,35.79999999997779,221.45,0.9196002142511275,0.03415390146318549,-0.024285672480993226,52.38,ripe
1762152148.1467793,1762152145.2358906,0.896,0.8,15,4,0,24,35.79999999997779,221.4,0.9190929514435117,0.03400803601184309,-0.02343568055844447,52.38,ripe
1762152148.1568985,1762152145.2358906,0.895,0.8,15,4,0,24,35.79999999997779,221.4,0.9188765260919204,0.03320644124448044,-0.023547890649386782,52.38,ripe
1762152148.1670234,1762152145.2358906,0.895,0.8,14,4,0,24,35.79999999997779,221.5,0.9183308752125904,0.03208002268659833,-0.02316655749132357,52.38,ripe
1762152148.1771555,1762152145.2358906,0.894,0.8,14,3,0,24,35.79999999997779,221.55,0.9177325703710807,0.033560571120925156,-0.023150411510447277,52.38,ripe
1762152148.1872935,1762152145.2358906,0.895,0.8,15,4,0,24,35.79999999997779,221.55,0.9173273866652292,0.03305192046247845,-0.02253630723491251,52.38,ripe
1762152148.1974015,1762152145.2358906,0.897,0.8,16,3,0,24,35.79999999997779,221.55,0.9166368203227997,0.03349897872587524,-0.020741280607641355,52.38,ripe
1762152148.2074933,1762152145.2358906,0.896,0.8,15,2,0,24,35.79999999997779,221.5,0.9162586059127085,0.03364418292393799,-0.02031083605512929,52.38,ripe
1762152148.2175977,1762152145.2358906,0.899,0.8,15,5,0,24,35.79999999997779,221.55,0.9161429546864809,0.03300292087585492,-0.018669069757691337,52.38,ripe
1762152148.2276893,1762152145.2358906,0.898,0.8,14,3,0,24,35.79999999997779,221.6,0.9152293034728233,0.034325793825710396,-0.017492361008428436,52.38,ripe
1762152148.237817,1762152145.2358906,0.898,0.8,13,4,0,24,35.79999999997779,221.6,0.9153768002239494,0.03398501166107589,-0.01750832899175203,52.38,ripe
1762152148.2479265,1762152145.2358906,0.899,0.8,14,4,0,24,35.79999999997779,221.55,0.914796529995944,0.034027659270786416,-0.016362294379845266,52.38,ripe
1762152148.2580662,1762152145.2358906,0.9,0.8,16,3,0,24,35.79999999997779,221.45,0.914743794534303,0.03359458132030662,-0.01552667672625363,52.38,ripe
1762152148.2681785,1762152145.2358906,0.9,0.8,15,3,0,24,35.79999999997779,221.45,0.9146160285976799,0.03266421179210214,-0.015007469693655184,52.38,ripe
1762152148.2783186,1762152145.2358906,0.9,0.8,15,4,0,24,35.79999999997779,221.45,0.9139637043440605,0.03224650391967631,-0.014159424892048134,52.38,ripe
1762152148.2884367,1762152145.2358906,0.9,0.8,15,4,0,24,35.79999999997779,221.5,0.9136129303811592,0.032351221925457634,-0.013710790655153016,52.38,ripe
1762152148.2985396,1762152145.2358906,0.898,0.8,14,4,0,24,35.79999999997779,221.55,0.9132698878213845,0.0335499336987351,-0.014318817958381413,52.38,ripe
1762152148.3086538,1762152145.2358906,0.898,0.8,15,3,0,24,35.79999999997779,221.65,0.9135133965584843,0.03251729066719116,-0.01503786162698273,52.38,ripe
1762152148.3187592,1762152145.2358906,0.897,0.8,14,2,0,24,35.79999999997779,221.7,0.9127382197523376,0.032686925961975935,-0.015000452286586863,52.38,ripe
1762152148.3288713,1762152145.2358906,0.897,0.8,14,4,0,24,35.79999999997779,221.65,0.9124252304769022,0.03286770424744576,-0.015056346744026783,52.38,ripe
1762152148.3389838,1762152145.2358906,0.896,0.8,14,3,0,24,35.79999999997779,221.6,0.9121187240229808,0.03302173488462046,-0.015434282156543078,52.38,ripe
1762152148.3491971,1762152145.2358906,0.895,0.8,14,2,0,24,35.79999999997779,221.55,0.9119723919897966,0.03250591516784335,-0.01613017105657777,52.38,ripe
1762152148.3593028,1762152145.2358906,0.893,0.8,14,2,0,24,35.79999999997779,221.55,0.9115075202258907,0.03265187476425493,-0.017086409759281218,52.38,ripe
1762152148.369405,1762152145.2358906,0.893,0.8,15,3,0,24,35.79999999997779,221.55,0.9111960058948217,0.0325274766495217,-0.017485450661517077,52.38,ripe
1762152148.379505,1762152145.2358906,0.892,0.8,15,2,0,24,35.79999999997779,221.5,0.9107823400244175,0.03297281142819498,-0.017927062407765204,52.38,ripe
1762152148.3896244,1762152145.2358906,0.892,0.8,14,4,0,24,35.79999999997779,221.4,0.9105930614157147,0.032370377335773914,-0.018165422607388626,52.38,ripe
1762152148.3997421,1762152145.2358906,0.891,0.8,14,3,0,24,35.79999999997779,221.45,0.9100974023845654,0.03251204037240032,-0.018383582980402324,52.38,ripe
1762152148.4098675,1762152145.2358906,0.892,0.8,15,4,0,24,35.79999999997779,221.5,0.9096576265373855,0.03327061059764493,-0.01780071683530393,52.38,ripe
1762152148.4199932,1762152145.2358906,0.893,0.8,15,4,0,24,35.79999999997779,221.55,0.9095709258678254,0.032604933904478536,-0.017142471016784566,52.38,ripe
1762152148.4301147,1762152145.2358906,0.893,0.8,13,4,0,24,35.79999999997779,221.65,0.9094145047077161,0.030127561541634647,-0.016700277282195697,52.38,ripe
1762152148.440293,1762152145.2358906,0.894,0.8,15,3,0,24,35.79999999997779,221.7,0.9087124371611603,0.030114860914024485,-0.015355323448400071,52.38,ripe
1762152148.4503903,1762152145.2358906,0.894,0.8,14,4,0,24,35.79999999997779,221.7,0.909202696446884,0.031584144821663086,-0.015524139590503916,52.38,ripe
1762152148.4604833,1762152145.2358906,0.893,0.8,14,4,0,24,35.79999999997779,221.75,0.9081210527153285,0.03166207153195614,-0.01478177428713845,52.38,ripe
1762152148.4705951,1762152145.2358906,0.893,0.8,14,4,0,24,35.79999999997779,221.8,0.9078089902086875,0.03159596493050875,-0.01463935099459246,52.38,ripe
1762152148.4807093,1762152145.2358906,0.894,0.8,14,3,0,24,35.79999999997779,221.85000000000002,0.907486445054898,0.03128625466971912,-0.013901625447850452,52.38,ripe
1762152148.4908202,1762152145.2358906,0.897,0.8,15,4,0,24,35.79999999997779,221.9,0.9072168062678267,0.031172470846266016,-0.011924396464302989,52.38,ripe
1762152148.500938,1762152145.2358906,0.898,0.8,14,3,0,24,35.79999999997779,221.95,0.9063035754640204,0.02937623673379221,-0.009657370562258571,52.38,ripe
1762152148.5110502,1762152145.2358906,0.9,0.8,15,5,0,24,35.79999999997779,222.0,0.9103581062098189,0.03188865982002612,-0.012035003758938068,52.38,ripe
1762152148.5211658,1762152145.2358906,0.9,0.8,14,4,0,24,35.79999999997779,222.05,0.9066070699288833,0.031536636296305626,-0.007445518703442788,52.38,ripe
1762152148.5312796,1762152145.2358906,0.898,0.8,14,4,0,24,35.79999999997779,222.14999999999998,0.9064799831211088,0.031546203072468686,-0.007899207508388573,52.38,ripe
1762152148.5413976,1762152145.2358906,0.896,0.8,15,4,0,24,35.79999999997779,222.2,0.9063648909306878,0.03171740605990577,-0.009074503124327782,52.38,ripe
1762152148.5514934,1762152145.2358906,0.895,0.8,15,4,0,24,35.79999999997779,222.3,0.9061403611596572,0.0317442350971003,-0.0099951672564772,52.38,ripe
1762152148.5616138,1762152145.2358906,0.895,0.8,15,4,0,24,35.79999999997779,222.35000000000002,0.9060623509781732,0.032875789654240345,-0.010489754026583253,52.38,ripe
1762152148.5716934,1762152145.2358906,0.896,0.8,14,4,0,24,35.79999999997779,222.35000000000002,0.9058291637524063,0.03270502760311421,-0.010042865276611357,52.38,ripe
1762152148.5818055,1762152145.2358906,0.896,0.8,14,2,0,24,35.79999999997779,222.35,0.9054180849629938,0.03290694246970832,-0.009524935725096384,52.38,ripe
1762152148.5918703,1762152145.2358906,0.897,0.8,15,3,0,24,35.79999999997779,222.3,0.9050477394487094,0.03329203012088585,-0.008601164829760699,52.38,ripe
1762152148.6019833,1762152145.2358906,0.897,0.8,13,3,0,24,35.79999999997779,222.35000000000002,0.9060131765411025,0.032416732764591664,-0.009289889231628101,52.38,ripe
1762152148.6121013,1762152145.2358906,0.897,0.8,13,4,0,24,35.79999999997779,222.45,0.9051555402358326,0.03200923797613971,-0.008293896581095361,52.38,ripe
1762152148.6222239,1762152145.2358906,0.896,0.8,14,4,0,24,35.79999999997779,222.55,0.9048374674406751,0.031883714066731454,-0.008406645613306396,52.38,ripe
1762152148.6323304,1762152145.2358906,0.896,0.8,14,4,0,24,35.79999999997779,222.60000000000002,0.9046572446986607,0.03197456668455242,-0.008441833784976316,52.38,ripe
1762152148.6424556,1762152145.2358906,0.896,0.8,14,4,0,24,35.79999999997779,222.55,0.904473883015691,0.03216121542950829,-0.00836617755884872,52.38,ripe
1762152148.6525593,1762152145.2358906,0.896,0.8,15,4,0,24,35.79999999997779,222.45,0.9044075646205819,0.0317563857523048,-0.00835371189216072,52.38,ripe
1762152148.6626763,1762152145.2358906,0.896,0.8,14,5,0,24,35.79999999997779,222.39999999999998,0.904181636064237,0.032097358940490095,-0.008154709700026297,52.38,ripe
1762152148.672775,1762152145.2358906,0.896,0.8,14,4,0,24,35.79999999997779,222.35,0.9039723693830157,0.032201000898131285,-0.007958906200910443,52.38,ripe
1762152148.6828992,1762152145.2358906,0.897,0.8,15,3,0,24,35.79999999997779,222.3,0.9038839599542908,0.03201267699984363,-0.007377228363238175,52.38,ripe
1762152148.6930075,1762152145.2358906,0.894,0.8,12,4,0,24,35.79999999997779,222.3,0.9036792041214776,0.03206353116286871,-0.00842583832595123,52.38,ripe
1762152148.7031474,1762152145.2358906,0.892,0.8,13,4,0,24,35.79999999997779,222.35,0.9035473675481549,0.03182106965259078,-0.009920684650391642,52.38,ripe
1762152148.713253,1762152145.2358906,0.893,0.8,14,4,0,24,35.79999999997779,222.39999999999998,0.9033095565845044,0.030175117131588165,-0.009996215135622766,52.38,ripe
1762152148.7233605,1762152145.2358906,0.891,0.8,15,3,0,24,35.79999999997779,222.35,0.9047692552243084,0.03181949720502929,-0.012612584499867574,52.38,ripe
1762152148.733464,1762152145.2358906,0.893,0.8,15,4,0,24,35.79999999997779,222.3,0.9028964507641141,0.032485721755736045,-0.010318115401893646,52.38,ripe
1762152148.743572,1762152145.2358906,0.894,0.8,14,4,0,24,35.79999999997779,222.3,0.9029396899327746,0.032022748936903676,-0.009650522251664406,52.38,ripe
1762152148.7536783,1762152145.2358906,0.894,0.8,14,4,0,24,35.79999999997779,222.4,0.902506190772421,0.03200455045410874,-0.008861606931865884,52.38,ripe
1762152148.7637572,1762152145.2358906,0.892,0.8,14,3,0,24,35.79999999997779,222.5,0.9021222423663187,0.033080444183469615,-0.00929995044604115,52.38,ripe
1762152148.773824,1762152145.2358906,0.893,0.8,14,5,0,24,35.79999999997779,222.6,0.9013791930393324,0.033656497675287216,-0.008468047079193686,52.38,ripe
1762152148.7839055,1762152145.2358906,0.892,0.8,14,4,0,24,35.79999999997779,222.64999999999998,0.9033964370577304,0.03270627873678891,-0.010940864077661039,52.38,ripe
1762152148.7940238,1762152145.2358906,0.891,0.8,13,5,0,24,35.79999999997779,222.65,0.9018356394956826,0.0326072991909587,-0.010107853005647871,52.38,ripe
1762152148.8041337,1762152145.2358906,0.891,0.8,14,4,0,24,35.79999999997779,222.7,0.9017057484238148,0.032392715698579724,-0.010341855178797377,52.38,ripe
1762152148.8142397,1762152145.2358906,0.889,0.8,13,3,0,24,35.79999999997779,222.9,0.9014102410563121,0.03227163105970034,-0.011228294433803354,52.38,ripe
1762152148.8243515,1762152145.2358906,0.889,0.8,13,3,0,24,35.79999999997779,223.0,0.9011811367655663,0.03213286343142299,-0.011590163454311964,52.38,ripe
1762152148.8344765,1762152145.2358906,0.889,0.8,14,4,0,24,35.79999999997779,223.0,0.9008705447075798,0.032237580479190196,-0.01157505805195258,52.38,ripe
1762152148.8445997,1762152145.2358906,0.89,0.8,14,4,0,24,35.79999999997779,223.0,0.9007075408901127,0.032123625391513394,-0.011059797562299134,52.38,ripe
1762152148.8547058,1762152145.2358906,0.894,0.8,15,5,0,24,35.79999999997779,222.95,0.9004549224040773,0.032099375220847826,-0.008631050740170454,52.38,ripe
1762152148.8648105,1762152145.2358906,0.898,0.8,15,5,0,24,35.79999999997779,223.0,0.9000919405123152,0.0324147427101292,-0.005180004680361727,52.38,ripe
1762152148.8749216,1762152145.2358906,0.899,0.8,15,4,0,24,35.79999999997779,223.05,0.9004946511066445,0.032204278347321764,-0.0035386831906677463,52.38,ripe
1762152148.885057,1762152145.2358906,0.898,0.8,13,3,0,24,35.79999999997779,223.1,0.9000204677913831,0.0322579718506514,-0.0025424838333947264,52.38,ripe
1762152148.89517,1762152145.2358906,0.897,0.8,14,3,0,24,35.79999999997779,223.14999999999998,0.9000819117324054,0.032235266529917886,-0.0028429197534111106,52.38,ripe
1762152148.9052856,1762152145.2358906,0.898,0.8,15,3,0,24,35.79999999997779,223.25,0.8999794510319447,0.03224300910399995,-0.002359955042447459,52.38,ripe
1762152148.9153867,1762152145.2358906,0.896,0.8,14,3,0,24,35.79999999997779,223.2,0.8999129829445429,0.03226812756469286,-0.0031032349497943645,52.38,ripe
1762152148.9255035,1762152145.2358906,0.894,0.8,14,3,0,24,35.79999999997779,223.14999999999998,0.8999630752612593,0.03217713282590245,-0.004558201263884953,52.38,ripe
1762152148.9356241,1762152145.2358906,0.894,0.8,14,3,0,24,35.79999999997779,223.0,0.8998193275509486,0.03213665110940587,-0.005116890552261499,52.38,ripe
1762152148.945747,1762152145.2358906,0.893,0.8,14,3,0,24,35.79999999997779,222.89999999999998,0.8997008150689717,0.032117794459101394,-0.005849596569628135,52.38,ripe
1762152148.9558544,1762152145.2358906,0.893,0.8,14,4,0,24,35.79999999997779,222.8,0.8995786912176085,0.032108186082850064,-0.0061530819679367355,52.38,ripe
1762152148.9659607,1762152145.2358906,0.891,0.8,13,3,0,24,35.79999999997779,222.7,0.8993597832029923,0.032341180460671894,-0.007146978578156382,52.38,ripe
1762152148.976085,1762152145.2358906,0.889,0.8,13,3,0,24,35.79999999997779,222.8,0.899555025431263,0.03183463214970665,-0.008948623118845034,52.38,ripe
1762152148.9862137,1762152145.2358906,0.889,0.8,14,3,0,24,35.79999999997779,222.85000000000002,0.8991417604967068,0.031756550494291394,-0.009338559340497876,52.38,ripe
1762152148.9963207,1762152145.2358906,0.886,0.8,14,2,0,24,35.79999999997779,222.95,0.8989490626580782,0.03171070735695088,-0.011047462079973758,52.38,ripe
1762152149.0064359,1762152145.2358906,0.885,0.8,14,2,0,24,35.79999999997779,222.95,0.8987272216101095,0.03165462001483505,-0.01227642132105733,52.38,ripe
1762152149.016557,1762152145.2358906,0.883,0.8,15,3,0,24,35.79999999997779,222.95,0.8984818777287454,0.032354687146138886,-0.013756477584219273,52.38,ripe
1762152149.0266957,1762152145.2358906,0.882,0.8,14,3,0,24,35.79999999997779,222.85,0.8981297443351481,0.032597633072365115,-0.01476704426288511,52.38,ripe
1762152149.0368323,1762152145.2358906,0.883,0.8,15,4,0,24,35.79999999997779,222.85,0.8984669582697746,0.031205171612603565,-0.015285608233643111,52.38,ripe
1762152149.0469441,1762152145.2358906,0.882,0.8,14,4,0,24,35.79999999997779,222.8,0.8976196818604862,0.031230171881247912,-0.015029006842420478,52.38,ripe
1762152149.0570736,1762152145.2358906,0.882,0.8,15,4,0,24,35.79999999997779,222.8,0.8973454318360193,0.031424604304167415,-0.015050094326986452,52.38,ripe
1762152149.067178,1762152145.2358906,0.882,0.8,15,4,0,24,35.79999999997779,222.89999999999998,0.8969890648908551,0.031106560030161177,-0.014841396136338614,52.38,ripe
1762152149.0772808,1762152145.2358906,0.883,0.8,14,5,0,24,35.79999999997779,222.95,0.8968031337663304,0.031524391546498616,-0.014229299389072136,52.38,ripe
1762152149.087353,1762152145.2358906,0.886,0.8,14,5,0,24,35.79999999997779,223.0,0.8965085384496964,0.03355334149881519,-0.012221621261067184,52.38,ripe
1762152149.0974226,1762152145.2358906,0.887,0.8,14,5,0,24,35.79999999997779,223.0,0.8966530706178322,0.03319096659111121,-0.011009612023517579,52.38,ripe
1762152149.1074948,1762152145.2358906,0.889,0.8,14,4,0,24,35.79999999997779,222.9,0.8959135133670331,0.03323234409301786,-0.008591784069875708,52.38,ripe
1762152149.1175966,1762152145.2358906,0.889,0.8,14,3,0,24,35.79999999997779,222.8,0.8965476139310004,0.03270836763594565,-0.008386749282421668,52.38,ripe
1762152149.1277082,1762152145.2358906,0.889,0.8,14,4,0,24,35.79999999997779,222.7,0.8955145716882362,0.032819947562098106,-0.006934139363946823,52.38,ripe
1762152149.1378307,1762152145.2358906,0.887,0.8,13,3,0,24,35.79999999997779,222.7,0.8959148853154867,0.03244534607849577,-0.008124669153341979,52.38,ripe
1762152149.1479232,1762152145.2358906,0.884,0.8,14,1,0,24,35.79999999997779,222.8,0.8951855769041881,0.03269218019012211,-0.009290468823115683,52.38,ripe
1762152149.1580596,1762152145.2358906,0.883,0.8,15,3,0,24,35.79999999997779,222.8,0.8952777327021868,0.03253020103951931,-0.010830178661650591,52.38,ripe
1762152149.1681662,1762152145.2358906,0.882,0.8,15,3,0,24,35.79999999997779,222.7,0.8951130151465262,0.03223428581312469,-0.011889238126258084,52.38,ripe
1762152149.1782818,1762152145.2358906,0.883,0.8,15,4,0,24,35.79999999997779,222.60000000000002,0.8946816681619533,0.03231365304850567,-0.011569779651819156,52.38,ripe
1762152149.1884193,1762152145.2358906,0.885,0.8,16,4,0,24,35.79999999997779,222.55,0.8945437591388581,0.0321854148147844,-0.010487814883791025,52.38,ripe
1762152149.1985273,1762152145.2358906,0.888,0.8,15,4,0,24,35.79999999997779,222.60000000000002,0.894391340388298,0.03195426930137412,-0.008363368260764559,52.38,ripe
1762152149.208643,1762152145.2358906,0.889,0.8,15,3,0,24,35.79999999997779,222.7,0.8941286269181774,0.03190773454762184,-0.006614640854410658,52.38,ripe
1762152149.2187274,1762152145.2358906,0.888,0.8,14,3,0,24,35.79999999997779,222.8,0.893485676160451,0.03282106539676524,-0.005728683128567669,52.38,ripe
1762152149.2288363,1762152145.2358906,0.888,0.8,14,4,0,24,35.79999999997779,222.75,0.8952342057857637,0.03191406439252577,-0.007355709269822097,52.38,ripe
1762152149.2389276,1762152145.2358906,0.886,0.8,14,3,0,24,35.79999999997779,222.65,0.8936278506011697,0.032111248395981486,-0.006688602343198902,52.38,ripe
1762152149.2490606,1762152145.2358906,0.885,0.8,14,3,0,24,35.79999999997779,222.55,0.8938234775944879,0.03176748151839758,-0.007853853465502492,52.38,ripe
1762152149.2591493,1762152145.2358906,0.883,0.8,13,3,0,24,35.79999999997779,222.5,0.8932581900214119,0.03243072690212521,-0.008773377956919237,52.38,ripe
1762152149.2692327,1762152145.2358906,0.883,0.8,13,4,0,24,35.79999999997779,222.55,0.8932811499410025,0.03240714277713905,-0.009538743908756198,52.38,ripe
1762152149.2793226,1762152145.2358906,0.881,0.8,13,4,0,24,35.79999999997779,222.55,0.8937398278618514,0.031483496538289524,-0.011368624845728204,52.38,ripe
1762152149.289411,1762152145.2358906,0.881,0.8,14,4,0,24,35.79999999997779,222.55,0.8928506668351802,0.032116131290898416,-0.011165065327118584,52.38,ripe
1762152149.2995129,1762152145.2358906,0.88,0.8,13,4,0,24,35.79999999997779,222.55,0.8925389539486895,0.03230966173769069,-0.011696153194658776,52.38,ripe
1762152149.309619,1762152145.2358906,0.879,0.8,13,4,0,24,35.79999999997779,222.55,0.8924420170514908,0.03223373093962193,-0.01252061667447546,52.38,ripe
1762152149.3197217,1762152145.2358906,0.879,0.8,13,3,0,24,35.79999999997779,222.55,0.8922426653001813,0.03205266000504456,-0.01278196511167351,52.38,ripe
1762152149.3298087,1762152145.2358906,0.881,0.8,14,4,0,24,35.79999999997779,222.55,0.8917576771608948,0.03235952153093803,-0.011527327066640947,52.38,ripe
1762152149.3399208,1762152145.2358906,0.88,0.8,14,3,0,24,35.79999999997779,222.6,0.8924279166250965,0.031210302279342052,-0.012312741577969466,52.38,ripe
1762152149.3500364,1762152145.2358906,0.88,0.8,14,4,0,24,35.79999999997779,222.64999999999998,0.8915792642123467,0.032118576981443867,-0.011521676688783233,52.38,ripe
1762152149.360137,1762152145.2358906,0.878,0.8,15,3,0,24,35.79999999997779,222.64999999999998,0.8910583167732171,0.032388372768852265,-0.012029523011435339,52.38,ripe
1762152149.370223,1762152145.2358906,0.877,0.8,15,4,0,24,35.79999999997779,222.6,0.8910809805261135,0.032202747578871295,-0.013066583645222618,52.38,ripe
1762152149.3803093,1762152145.2358906,0.876,0.8,14,4,0,24,35.79999999997779,222.6,0.8905780933403004,0.03243490738944841,-0.013570894899854857,52.38,ripe
1762152149.390407,1762152145.2358906,0.877,0.8,13,4,0,24,35.79999999997779,222.65,0.8904978654230326,0.03232315960157827,-0.013494266202809801,52.38,ripe
1762152149.4005105,1762152145.2358906,0.876,0.8,12,4,0,24,35.79999999997779,222.75,0.8901009512328905,0.03241675499980229,-0.013599151622779027,52.38,ripe
1762152149.410603,1762152145.2358906,0.872,0.8,12,2,0,24,35.79999999997779,222.75,0.8898730578024215,0.03243275184111109,-0.015622157997365771,52.38,ripe
1762152149.420689,1762152145.2358906,0.874,0.8,14,5,0,24,35.79999999997779,222.7,0.8893465485144769,0.03282106603823134,-0.01522109861194898,52.38,ripe
1762152149.4307706,1762152145.2358906,0.876,0.8,14,5,0,24,35.79999999997779,222.65,0.8889254749098757,0.03321290752906732,-0.013862749958611809,52.38,ripe
1762152149.4408529,1762152145.2358906,0.876,0.8,13,4,0,24,35.79999999997779,222.65,0.8898927786205362,0.032335047131841106,-0.01436141614490416,52.38,ripe
1762152149.4509711,1762152145.2358906,0.876,0.8,13,4,0,24,35.79999999997779,222.75,0.8884516247549609,0.032737680714166134,-0.012685943517144804,52.38,ripe
1762152149.4610734,1762152145.2358906,0.876,0.8,14,4,0,24,35.79999999997779,222.8,0.8882695402884039,0.032934651439657514,-0.012386699669495793,52.38,ripe
1762152149.4711561,1762152145.2358906,0.879,0.8,15,4,0,24,35.79999999997779,222.75,0.888446267594922,0.032711552680162355,-0.011004847285467911,52.38,ripe
1762152149.4812522,1762152145.2358906,0.881,0.8,14,4,0,24,35.79999999997779,222.7,0.8882332762775705,0.03249691699362528,-0.009012566122843513,52.38,ripe
1762152149.4913538,1762152145.2358906,0.881,0.8,14,3,0,24,35.79999999997779,222.6,0.8871859528380883,0.03297133735014681,-0.007075597760724861,52.38,ripe
1762152149.5014331,1762152145.2358906,0.884,0.8,14,5,0,24,35.79999999997779,222.6,0.887781313815798,0.03291118687520598,-0.005726136277116156,52.38,ripe
1762152149.5115461,1762152145.2358906,0.886,0.8,13,5,0,24,35.79999999997779,222.60000000000002,0.8875028622242314,0.03292110251125388,-0.003475273454890404,52.38,ripe
1762152149.5216432,1762152145.2358906,0.887,0.8,14,5,0,24,35.79999999997779,222.60000000000002,0.8874717395835674,0.032920274813964485,-0.0019579451988969154,52.38,ripe
1762152149.5317578,1762152145.2358906,0.888,0.8,14,4,0,24,35.79999999997779,222.55,0.8871757600298875,0.03292934972052789,-0.0004188628375523251,52.38,ripe
1762152149.5418694,1762152145.2358906,0.888,0.8,15,4,0,24,35.79999999997779,222.4,0.8884392883756037,0.03283933563760829,-0.0010608397794361624,52.38,ripe
1762152149.5520866,1762152145.2358906,0.889,0.8,15,4,0,24,35.79999999997779,222.3,0.8883442935691062,0.03282705130298973,-0.00015506927102237889,52.38,ripe
1762152149.5621934,1762152145.2358906,0.887,0.8,14,3,0,24,35.79999999997779,222.2,0.8872923048919502,0.032823448640332833,0.00030230725709168293,52.38,ripe
1762152149.5723002,1762152145.2358906,0.886,0.8,15,3,0,24,35.79999999997779,222.25,0.8877359712164167,0.03279807180023051,-0.0009386651418957781,52.38,ripe
1762152149.5824375,1762152145.2358906,0.884,0.8,14,3,0,24,35.79999999997779,222.3,0.885809747875157,0.032850775267609066,-0.0004110948378965862,52.38,ripe
1762152149.5925562,1762152145.2358906,0.882,0.8,14,3,0,24,35.79999999997779,222.35000000000002,0.8877226758890909,0.03274221488126645,-0.0040233493704607826,52.38,ripe
1762152149.6026773,1762152145.2358906,0.88,0.8,14,3,0,24,35.79999999997779,222.39999999999998,0.887805476262703,0.03249072879772537,-0.0059558130033878776,52.38,ripe
1762152149.6127608,1762152145.2358906,0.879,0.8,14,3,0,24,35.79999999997779,222.39999999999998,0.8867535071689836,0.03277548851114702,-0.006328675539326034,52.38,ripe
1762152149.622882,1762152145.2358906,0.877,0.8,13,2,0,24,35.79999999997779,222.35,0.8868605410495829,0.03291113873604544,-0.008148125234754167,52.38,ripe
1762152149.6329963,1762152145.2358906,0.874,0.8,13,2,0,24,35.79999999997779,222.35000000000002,0.8876816945539321,0.032231383249576515,-0.01132548664651778,52.38,ripe
1762152149.643118,1762152145.2358906,0.873,0.8,12,3,0,24,35.79999999997779,222.3,0.8866640437723302,0.032263024388626486,-0.01198593981862306,52.38,ripe
1762152149.6532602,1762152145.2358906,0.876,0.8,14,4,0,24,35.79999999997779,222.35000000000002,0.8870599707445137,0.031382032446527305,-0.011720918767660127,52.38,ripe
1762152149.6633801,1762152145.2358906,0.877,0.8,15,4,0,24,35.79999999997779,222.39999999999998,0.8861764804308034,0.03178852074915608,-0.010006954442376648,52.38,ripe
1762152149.6735044,1762152145.2358906,0.877,0.8,14,4,0,24,35.79999999997779,222.45,0.8860298086879957,0.031773719512881556,-0.00944504569378235,52.38,ripe
1762152149.6836095,1762152145.2358906,0.877,0.8,15,4,0,24,35.79999999997779,222.5,0.8858351910576632,0.03177147951524421,-0.009042809560556475,52.38,ripe
1762152149.6937194,1762152145.2358906,0.875,0.8,14,4,0,24,35.79999999997779,222.55,0.8856938683906893,0.031676970202715676,-0.009797677642135905,52.38,ripe
1762152149.7039318,1762152145.2358906,0.872,0.8,13,3,0,24,35.79999999997779,222.6,0.8854740163415016,0.03162573114768316,-0.011525920967224934,52.38,ripe
1762152149.7141378,1762152145.2358906,0.871,0.8,14,3,0,24,35.79999999997779,222.6,0.8855935548059916,0.030222065527297084,-0.013119507118853235,52.38,ripe
1762152149.7242563,1762152145.2358906,0.872,0.8,15,3,0,24,35.79999999997779,222.55,0.8851312597720704,0.030482820727633603,-0.012894235928501252,52.38,ripe
1762152149.734365,1762152145.2358906,0.872,0.8,14,4,0,24,35.79999999997779,222.5,0.8848197181347763,0.03071302218095955,-0.012701206212991756,52.38,ripe
1762152149.7444808,1762152145.2358906,0.873,0.8,14,4,0,24,35.79999999997779,222.45,0.8844824572575003,0.030753664653483774,-0.011923201296607955,52.38,ripe
1762152149.7545843,1762152145.2358906,0.876,0.8,16,4,0,24,35.79999999997779,222.3,0.8843814696639735,0.031255039450645214,-0.010101841683527346,52.38,ripe
1762152149.7646887,1762152145.2358906,0.878,0.8,15,3,0,24,35.79999999997779,222.05,0.8840810630077957,0.030750299291522374,-0.007941249017572649,52.38,ripe
1762152149.774812,1762152145.2358906,0.879,0.8,14,4,0,24,35.79999999997779,221.89999999999998,0.8839682966847867,0.030953111599300295,-0.00639838968967521,52.38,ripe
1762152149.7849255,1762152145.2358906,0.878,0.8,13,3,0,24,35.79999999997779,221.75,0.8837565735791983,0.030989366238625627,-0.005971620081642648,52.38,ripe
1762152149.7950058,1762152145.2358906,0.877,0.8,14,3,0,24,35.79999999997779,221.7,0.8837643485620735,0.03172707165464909,-0.006371871813295682,52.38,ripe
1762152149.805098,1762152145.2358906,0.877,0.8,13,4,0,24,35.79999999997779,221.7,0.883794614232057,0.03132308420401549,-0.006598375857667982,52.38,ripe
1762152149.8152034,1762152145.2358906,0.876,0.8,13,3,0,24,35.79999999997779,221.7,0.8834916520960996,0.030831756793752926,-0.006893532908905042,52.38,ripe
1762152149.8253233,1762152145.2358906,0.876,0.8,13,3,0,24,35.79999999997779,221.6,0.8832474931454006,0.030844287079946263,-0.006948433551803301,52.38,ripe
1762152149.8354392,1762152145.2358906,0.877,0.8,15,4,0,24,35.79999999997779,221.55,0.883098845448182,0.030828181983458117,-0.006449315651383292,52.38,ripe
1762152149.845558,1762152145.2358906,0.879,0.8,14,5,0,24,35.79999999997779,221.5,0.8830049988806069,0.030897857039708744,-0.005180233982207572,52.38,ripe
1762152149.8556728,1762152145.2358906,0.88,0.8,15,4,0,24,35.79999999997779,221.45,0.8828971583763744,0.03096048056503067,-0.003984775927174722,52.38,ripe
1762152149.8657959,1762152145.2358906,0.88,0.8,14,4,0,24,35.79999999997779,221.4,0.8827673576586496,0.0308852635453419,-0.003311166434049717,52.38,ripe
1762152149.8759131,1762152145.2358906,0.88,0.8,15,4,0,24,35.79999999997779,221.25,0.8827357535641779,0.030903659273040885,-0.0030076579518779623,52.38,ripe
1762152149.8860486,1762152145.2358906,0.881,0.8,15,4,0,24,35.79999999997779,221.05,0.8825890787571039,0.03078670565101213,-0.0022250309509539434,52.38,ripe
1762152149.8961563,1762152145.2358906,0.881,0.8,14,3,0,24,35.79999999997779,220.85000000000002,0.882721850784934,0.030876701887967723,-0.002039826881858997,52.38,ripe
1762152149.9062443,1762152145.2358906,0.884,0.8,14,5,0,24,35.79999999997779,220.75,0.8825745890666903,0.03087573700271793,-0.00023357711515270552,52.38,ripe
1762152149.9163437,1762152145.2358906,0.889,0.8,15,4,0,24,35.79999999997779,220.55,0.8826416860742624,0.03075129130238702,0.0030288199015063855,52.38,ripe
1762152149.9264333,1762152145.2358906,0.888,0.8,15,3,0,24,35.79999999997779,220.45,0.882670265875264,0.03069787893176336,0.004164987112620477,52.38,ripe
1762152149.93654,1762152145.2358906,0.886,0.8,14,3,0,24,35.79999999997779,220.3,0.8826849216394667,0.03074906218333852,0.0037327048544756325,52.38,ripe
1762152149.9466565,1762152145.2358906,0.886,0.8,14,3,0,24,35.79999999997779,220.2,0.8828312820909072,0.03070066735635264,0.0033775311560639842,52.38,ripe
1762152149.9568179,1762152145.2358906,0.885,0.8,13,3,0,24,35.79999999997779,220.14999999999998,0.8827690649136369,0.03080111010882806,0.002835341709848671,52.38,ripe
1762152149.9669228,1762152145.2358906,0.883,0.8,13,3,0,24,35.79999999997779,220.1,0.8829303815726564,0.030793808645025015,0.001371821739086454,52.38,ripe
1762152149.9770567,1762152145.2358906,0.882,0.8,15,3,0,24,35.79999999997779,220.0,0.8828725979132644,0.03080396312369265,0.0002785037426069614,52.38,ripe
1762152149.9871614,1762152145.2358906,0.881,0.8,14,3,0,24,35.79999999997779,219.89999999999998,0.8829870986265331,0.03082066460767704,-0.0009115477985974785,52.38,ripe
1762152149.9972637,1762152145.2358906,0.882,0.8,14,4,0,24,35.79999999997779,219.75,0.882907473143473,0.030807995955889494,-0.0008696977295050701,52.38,ripe
1762152150.0073695,1762152145.2358906,0.881,0.8,14,4,0,24,35.79999999997779,219.6,0.8829128658134724,0.03080569666532388,-0.0013939781064884471,52.38,ripe
1762152150.017475,1762152145.2358906,0.882,0.8,15,4,0,24,35.79999999997779,219.45,0.8828855855679688,0.030804217613891207,-0.0011261417144768915,52.38,ripe
1762152150.027592,1762152145.2358906,0.879,0.8,13,3,0,24,35.79999999997779,219.35,0.8829011096657147,0.030854625739529636,-0.0025213877389687056,52.38,ripe
1762152150.0377083,1762152145.2358906,0.879,0.8,14,4,0,24,35.79999999997779,219.35,0.8827676574571225,0.030753766356867884,-0.0030777964937495073,52.38,ripe
1762152150.0478354,1762152145.2358906,0.877,0.8,13,4,0,24,35.79999999997779,219.35,0.8827846043962053,0.03082339644739939,-0.004439673914518827,52.38,ripe
1762152150.057939,1762152145.2358906,0.875,0.8,14,3,0,24,35.79999999997779,219.3,0.8824590235385477,0.03012204672327286,-0.005786558297704358,52.38,ripe
1762152150.0680528,1762152145.2358906,0.873,0.8,13,2,0,24,35.79999999997779,219.2,0.8819977398055647,0.029480924160152546,-0.007161507185143079,52.38,ripe
1762152150.0781386,1762152145.2358906,0.87,0.8,13,2,0,24,35.79999999997779,219.0,0.8856242958947312,0.032071518775813025,-0.013206179584520417,52.38,ripe
1762152150.088205,1762152145.2358906,0.869,0.8,13,3,0,24,35.79999999997779,218.89999999999998,0.8817804461358083,0.03251691349267158,-0.011071387980702951,52.38,ripe
1762152150.098271,1762152145.2358906,0.87,0.8,13,5,0,24,35.79999999997779,218.8,0.8813377810200655,0.03297826613201918,-0.010983251942512817,52.38,ripe
1762152150.1083446,1762152145.2358906,0.87,0.8,13,4,0,24,35.79999999997779,218.75,0.8819372014682595,0.0328406459933309,-0.011759936929483072,52.38,ripe
1762152150.118432,1762152145.2358906,0.87,0.8,13,4,0,24,35.79999999997779,218.75,0.8830043113828546,0.03178633930981353,-0.012915679113466472,52.38,ripe
1762152150.1285446,1762152145.2358906,0.872,0.8,13,4,0,24,35.79999999997779,218.75,0.8811875237197277,0.03188928378268872,-0.01014320758503362,52.38,ripe
1762152150.1386461,1762152145.2358906,0.873,0.8,13,3,0,24,35.79999999997779,218.75,0.8810050339432058,0.03194613759036786,-0.008982875875858776,52.38,ripe
1762152150.1487432,1762152145.2358906,0.875,0.8,13,4,0,24,35.79999999997779,218.60000000000002,0.8808915929210784,0.031934616334075204,-0.007380513887404905,52.38,ripe
1762152150.1588726,1762152145.2358906,0.874,0.8,14,3,0,24,35.79999999997779,218.4,0.8809448858511763,0.031758483516176876,-0.00718934633433943,52.38,ripe
1762152150.1689806,1762152145.2358906,0.872,0.8,14,3,0,24,35.79999999997779,218.2,0.8809306004970875,0.03137472371437432,-0.008052830738669026,52.38,ripe
1762152150.1791193,1762152145.2358906,0.871,0.8,14,3,0,24,35.79999999997779,218.05,0.8803277400092309,0.031652432661773006,-0.008388855130021633,52.38,ripe
1762152150.1892304,1762152145.2358906,0.869,0.8,14,3,0,24,35.79999999997779,217.89999999999998,0.8802457630546033,0.031688810434874676,-0.009776320614998668,52.38,ripe
1762152150.199335,1762152145.2358906,0.869,0.8,14,4,0,24,35.79999999997779,217.8,0.8801485711897715,0.031561936256953624,-0.010413849969969191,52.38,ripe
1762152150.2094355,1762152145.2358906,0.869,0.8,13,3,0,24,35.79999999997779,217.75,0.8799173930668964,0.031455075689082554,-0.010550032456995262,52.38,ripe
1762152150.2195604,1762152145.2358906,0.868,0.8,14,2,0,24,35.79999999997779,217.64999999999998,0.8795073064864002,0.031844186346882394,-0.010823626181449608,52.38,ripe
1762152150.2296662,1762152145.2358906,0.866,0.8,13,3,0,24,35.79999999997779,217.5,0.8794260494321677,0.0318576836658049,-0.012084209279692448,52.38,ripe
1762152150.2397857,1762152145.2358906,0.864,0.8,13,3,0,24,35.79999999997779,217.45,0.8796710624190587,0.031006518933609978,-0.014000142342821098,52.38,ripe
1762152150.249901,1762152145.2358906,0.864,0.8,14,4,0,24,35.79999999997779,217.45,0.8789103665453716,0.031721490363381684,-0.014074906507252849,52.38,ripe
1762152150.260031,1762152145.2358906,0.862,0.8,14,4,0,24,35.79999999997779,217.55,0.8790054524598917,0.030895881401133907,-0.015587722440832397,52.38,ripe
1762152150.2701383,1762152145.2358906,0.861,0.8,14,3,0,24,35.79999999997779,217.7,0.8783437185194498,0.030980811033164697,-0.016134853509920166,52.38,ripe
1762152150.2802458,1762152145.2358906,0.86,0.8,14,3,0,24,35.79999999997779,217.8,0.8780141299009009,0.031154695162300246,-0.016909697396136125,52.38,ripe
1762152150.2904336,1762152145.2358906,0.859,0.8,13,2,0,24,35.79999999997779,217.85,0.8776512581399339,0.031400640825858334,-0.01759904188755157,52.38,ripe
1762152150.3005512,1762152145.2358906,0.86,0.8,14,4,0,24,35.79999999997779,217.9,0.8774636505785657,0.030810918460264895,-0.0174375424523745,52.38,ripe
1762152150.3106675,1762152145.2358906,0.861,0.8,14,4,0,24,35.79999999997779,217.85000000000002,0.8769697513858178,0.030545896574835158,-0.016456697322722147,52.38,ripe
1762152150.3207667,1762152145.2358906,0.863,0.8,14,4,0,24,35.79999999997779,217.8,0.8767523522924809,0.031068183233661013,-0.014995825260933127,52.38,ripe
1762152150.3308682,1762152145.2358906,0.864,0.8,14,3,0,24,35.79999999997779,217.75,0.8763727483111878,0.0308926124021451,-0.01349448479541393,52.38,ripe
1762152150.3409913,1762152145.2358906,0.862,0.8,13,4,0,24,35.79999999997779,217.64999999999998,0.8760843359560264,0.030893633096703184,-0.013645204198139416,52.38,ripe
1762152150.3511186,1762152145.2358906,0.859,0.8,13,3,0,24,35.79999999997779,217.55,0.8758133654604245,0.030777604697826165,-0.015093799581481049,52.38,ripe
1762152150.3612242,1762152145.2358906,0.857,0.8,14,3,0,24,35.79999999997779,217.45,0.8755126708262159,0.030856452573839423,-0.016652887886744128,52.38,ripe
1762152150.3713229,1762152145.2358906,0.856,0.8,14,3,0,24,35.79999999997779,217.4,0.875173059110255,0.03130500440692801,-0.017743167640519197,52.38,ripe
1762152150.3814285,1762152145.2358906,0.854,0.8,13,4,0,24,35.79999999997779,217.45,0.8748080408236159,0.031365897140029665,-0.019093095088748013,52.38,ripe
1762152150.3915486,1762152145.2358906,0.852,0.8,13,4,0,24,35.79999999997779,217.35,0.8744788857382026,0.03114781003228255,-0.020621412870768685,52.38,ripe
1762152150.4016519,1762152145.2358906,0.852,0.8,13,4,0,24,35.79999999997779,217.25,0.874064641332878,0.03081900631545657,-0.02113590489916095,52.38,ripe
1762152150.4117672,1762152145.2358906,0.848,0.8,12,3,0,24,35.79999999997779,217.1,0.8736042695783652,0.03095293466909028,-0.023139901361506787,52.38,ripe
1762152150.421859,1762152145.2358906,0.845,0.8,13,3,0,24,35.79999999997779,217.05,0.8731416021224304,0.030964266002650242,-0.025409418014001206,52.38,ripe
1762152150.431981,1762152145.2358906,0.843,0.8,13,3,0,24,35.79999999997779,217.1,0.8726560833561483,0.030541252235680143,-0.02728999130193377,52.38,ripe
1762152150.4421177,1762152145.2358906,0.843,0.8,14,3,0,24,35.79999999997779,217.15,0.8720849451632888,0.030419611375071702,-0.027901899136181574,52.38,ripe
1762152150.452231,1762152145.2358906,0.843,0.8,13,4,0,24,35.79999999997779,217.15,0.8714193941829416,0.02875735546402432,-0.027827871169388008,52.38,ripe
1762152150.462339,1762152145.2358906,0.844,0.8,13,4,0,24,35.79999999997779,217.1,0.871857349401391,0.03067885176154672,-0.028061587894614215,52.38,ripe
1762152150.4724565,1762152145.2358906,0.844,0.8,14,2,0,24,35.79999999997779,217.1,0.8704305249221206,0.02986530048714029,-0.026532644168732245,52.38,ripe
1762152150.4825811,1762152145.2358906,0.842,0.8,13,3,0,24,35.79999999997779,217.15,0.8699503561796226,0.030125820152406287,-0.027001415802928475,52.38,ripe
1762152150.4926922,1762152145.2358906,0.842,0.8,13,4,0,24,35.79999999997779,217.15,0.8692011283179721,0.028798328936651248,-0.026726658129625047,52.38,ripe
1762152150.5027971,1762152145.2358906,0.842,0.8,13,5,0,24,35.79999999997779,217.2,0.8697453107637168,0.030932331657751385,-0.027508075669543164,52.38,ripe
1762152150.512912,1762152145.2358906,0.842,0.8,13,5,0,24,35.79999999997779,217.10000000000002,0.8683141535514414,0.030617264054235094,-0.026195536004354647,52.38,ripe
1762152150.5230575,1762152145.2358906,0.841,0.8,14,4,0,24,35.79999999997779,217.0,0.8677603696236673,0.031217740038948703,-0.02620106085012397,52.38,ripe
1762152150.533179,1762152145.2358906,0.842,0.8,13,4,0,24,35.79999999997779,216.89999999999998,0.8677097963068727,0.028433839489233018,-0.025930141920101013,52.38,ripe
1762152150.5433066,1762152145.2358906,0.841,0.8,14,3,0,24,35.79999999997779,216.85,0.8669263999841857,0.028775241469195523,-0.025536572790799905,52.38,ripe
1762152150.5534194,1762152145.2358906,0.84,0.8,14,2,0,24,35.79999999997779,216.85,0.8669291757160996,0.03036741800122463,-0.026234262119406715,52.38,ripe
1762152150.5635192,1762152145.2358906,0.84,0.8,14,3,0,24,35.79999999997779,216.85,0.8657102123621465,0.030199295059101874,-0.025362755563800077,52.38,ripe
1762152150.5736291,1762152145.2358906,0.84,0.8,13,2,0,24,35.79999999997779,216.85,0.8652389609141783,0.030609368191003274,-0.02506523251500503,52.38,ripe
1762152150.58372,1762152145.2358906,0.842,0.8,14,3,0,24,35.79999999997779,216.8,0.8646946152180551,0.030938520756836244,-0.02360775101846857,52.38,ripe
1762152150.593792,1762152145.2358906,0.842,0.8,14,2,0,24,35.79999999997779,216.8,0.8639338605789559,0.03307403232911656,-0.022390428479162727,52.38,ripe
1762152150.6039004,1762152145.2358906,0.841,0.8,13,4,0,24,35.79999999997779,216.75,0.8652651113723344,0.03102148940651446,-0.023993395322437827,52.38,ripe
1762152150.6140246,1762152145.2358906,0.84,0.8,14,2,0,24,35.79999999997779,216.7,0.8630496752289153,0.03256652801412354,-0.022413817203967068,52.38,ripe
1762152150.6242034,1762152145.2358906,0.838,0.8,13,2,0,24,35.79999999997779,216.7,0.8648000220718908,0.0294762729911208,-0.02548209305941662,52.38,ripe
1762152150.6343186,1762152145.2358906,0.838,0.8,14,3,0,24,35.79999999997779,216.65,0.862258521659759,0.02893462000634462,-0.02359955715352202,52.38,ripe
1762152150.6444263,1762152145.2358906,0.837,0.8,13,2,0,24,35.79999999997779,216.55,0.8619934150651022,0.029065526453008594,-0.0241639328119837,52.38,ripe
1762152150.654532,1762152145.2358906,0.836,0.8,13,3,0,24,35.79999999997779,216.5,0.8625919067511496,0.03198372335516963,-0.025677165624590437,52.38,ripe
1762152150.6646414,1762152145.2358906,0.835,0.8,13,3,0,24,35.79999999997779,216.39999999999998,0.8612449398138556,0.03138857854237234,-0.02528756925057607,52.38,ripe
1762152150.6747346,1762152145.2358906,0.835,0.8,13,4,0,24,35.79999999997779,216.3,0.860091126126599,0.032483352473962994,-0.02461244084495917,52.38,ripe
1762152150.6848018,1762152145.2358906,0.835,0.8,13,4,0,24,35.79999999997779,216.2,0.8600325961591114,0.03235264935225704,-0.024793253518291536,52.38,ripe
1762152150.6948671,1762152145.2358906,0.835,0.8,13,4,0,24,35.79999999997779,216.10000000000002,0.8584507834051219,0.03385402882885958,-0.023331112084712058,52.38,ripe
1762152150.7049887,1762152145.2358906,0.832,0.8,12,3,0,24,35.79999999997779,216.10000000000002,0.8604695886870731,0.03235252508018173,-0.026909753026868155,52.38,ripe
1762152150.71509,1762152145.2358906,0.833,0.8,14,3,0,24,35.79999999997779,216.10000000000002,0.858694698456401,0.031966527524024464,-0.02541478062629854,52.38,ripe
1762152150.7252178,1762152145.2358906,0.833,0.8,13,3,0,24,35.79999999997779,216.10000000000002,0.8592501219928367,0.029475313154492547,-0.026110163077785464,52.38,ripe
1762152150.7353122,1762152145.2358906,0.833,0.8,13,3,0,24,35.79999999997779,216.10000000000002,0.8577182137953364,0.030529196142542157,-0.024648234337810826,52.38,ripe
1762152150.7454062,1762152145.2358906,0.835,0.8,14,4,0,24,35.79999999997779,216.15,0.8569806801047818,0.030511494308859827,-0.022945690376019012,52.38,ripe
1762152150.7554853,1762152145.2358906,0.835,0.8,14,4,0,24,35.79999999997779,216.2,0.8565513511651868,0.03023108912522615,-0.022033856300805343,52.38,ripe
1762152150.7655923,1762152145.2358906,0.834,0.8,13,4,0,24,35.79999999997779,216.35000000000002,0.8560567451034775,0.031308252092547506,-0.021797997671286762,52.38,ripe
1762152150.7757187,1762152145.2358906,0.834,0.8,12,5,0,24,35.79999999997779,216.6,0.8561003755388626,0.030137379458267347,-0.021971001822767344,52.38,ripe
1762152150.7858305,1762152145.2358906,0.835,0.8,13,5,0,24,35.79999999997779,216.75,0.855214762436725,0.030072870456050466,-0.020650075578677374,52.38,ripe
1762152150.7959936,1762152145.2358906,0.837,0.8,13,4,0,24,35.79999999997779,216.8,0.8547817192174993,0.028962235056042354,-0.018999375788475548,52.38,ripe
1762152150.8060873,1762152145.2358906,0.835,0.8,13,3,0,24,35.79999999997779,216.65,0.854662516915423,0.029508166275780668,-0.019271345200911116,52.38,ripe
1762152150.816201,1762152145.2358906,0.835,0.8,14,4,0,24,35.79999999997779,216.5,0.853985473770235,0.029245904094644403,-0.018789887912979086,52.38,ripe
1762152150.8263092,1762152145.2358906,0.834,0.8,13,4,0,24,35.79999999997779,216.35000000000002,0.8539068920424436,0.03002904395196726,-0.01930909911381573,52.38,ripe
1762152150.8363996,1762152145.2358906,0.833,0.8,13,3,0,24,35.79999999997779,216.3,0.8532806771202214,0.029881020839165183,-0.019481780655907444,52.38,ripe
1762152150.846511,1762152145.2358906,0.834,0.8,14,4,0,24,35.79999999997779,216.3,0.8529002512846808,0.029989534730451906,-0.01900080305252394,52.38,ripe
1762152150.8566463,1762152145.2358906,0.834,0.8,13,3,0,24,35.79999999997779,216.4,0.8524990984614969,0.02921066380355511,-0.018549374345418368,52.38,ripe
1762152150.8667326,1762152145.2358906,0.832,0.8,12,3,0,24,35.79999999997779,216.5,0.8524165974707054,0.0301739241075688,-0.01944173541266614,52.38,ripe
1762152150.8768363,1762152145.2358906,0.832,0.8,13,4,0,24,35.79999999997779,216.55,0.8516989190155442,0.031214566254659123,-0.01921148798652461,52.38,ripe
1762152150.886916,1762152145.2358906,0.831,0.8,13,3,0,24,35.79999999997779,216.64999999999998,0.8515373465140788,0.030794252226250422,-0.01979363099956899,52.38,ripe
1762152150.8970153,1762152145.2358906,0.829,0.8,13,2,0,24,35.79999999997779,216.75,0.8509851747977989,0.03076040743200428,-0.020613317040544032,52.38,ripe
1762152150.9071112,1762152145.2358906,0.827,0.8,13,2,0,24,35.79999999997779,216.85000000000002,0.8504361518405292,0.03131666308644484,-0.021750222961901766,52.38,ripe
1762152150.9172018,1762152145.2358906,0.83,0.8,14,4,0,24,35.79999999997779,216.95,0.8500481137234768,0.03150296094609773,-0.020705149284163005,52.38,ripe
1762152150.9272995,1762152145.2358906,0.832,0.8,14,4,0,24,35.79999999997779,217.1,0.8495747792479817,0.03176642494854756,-0.01890329702832494,52.38,ripe
1762152150.9374056,1762152145.2358906,0.833,0.8,14,3,0,24,35.79999999997779,217.2,0.8499812579608131,0.030709743276889502,-0.018145516850984755,52.38,ripe
1762152150.9475098,1762152145.2358906,0.832,0.8,13,3,0,24,35.79999999997779,217.35,0.8488402513238996,0.03120483181901544,-0.016922380768985446,52.38,ripe
1762152150.9575963,1762152145.2358906,0.83,0.8,13,2,0,24,35.79999999997779,217.4,0.8488524639576701,0.03070611397600758,-0.01789352868021299,52.38,ripe
1762152150.9676917,1762152145.2358906,0.829,0.8,13,3,0,24,35.79999999997779,217.4,0.8480652309452116,0.0315349565734609,-0.018085763306483038,52.38,ripe
1762152150.977784,1762152145.2358906,0.828,0.8,13,2,0,24,35.79999999997779,217.35,0.8479421713634554,0.03148295082182586,-0.01895243754409115,52.38,ripe
1762152150.987867,1762152145.2358906,0.828,0.8,13,3,0,24,35.79999999997779,217.39999999999998,0.8477019509361572,0.03113870438260564,-0.019207084026475085,52.38,ripe
1762152150.9979727,1762152145.2358906,0.83,0.8,14,5,0,24,35.79999999997779,217.45,0.8470959035806102,0.031293479845893854,-0.017848470125769178,52.38,ripe
1762152151.0081146,1762152145.2358906,0.83,0.8,13,5,0,24,35.79999999997779,217.55,0.8473469257415769,0.030098790200182267,-0.01772320901415636,52.38,ripe
1762152151.018237,1762152145.2358906,0.829,0.8,12,5,0,24,35.79999999997779,217.60000000000002,0.8463434887084729,0.03138383461875081,-0.017031630344762627,52.38,ripe
1762152151.02837,1762152145.2358906,0.826,0.8,12,3,0,24,35.79999999997779,217.7,0.8465063415215565,0.03053902732185511,-0.018850412339701417,52.38,ripe
1762152151.0384593,1762152145.2358906,0.826,0.8,13,4,0,24,35.79999999997779,217.8,0.8457612904021348,0.030467528956476544,-0.018933325811207213,52.38,ripe
1762152151.0485528,1762152145.2358906,0.826,0.8,13,4,0,24,35.79999999997779,217.9,0.8453557061661352,0.030530213831148886,-0.0189417238706715,52.38,ripe
1762152151.0586672,1762152145.2358906,0.829,0.8,14,5,0,24,35.79999999997779,217.95,0.8446652044701753,0.03185714532195716,-0.016958213322443516,52.38,ripe
1762152151.0687652,1762152145.2358906,0.829,0.8,14,3,0,24,35.79999999997779,218.05,0.8456893385026316,0.030303270916083466,-0.017335842928765777,52.38,ripe
1762152151.0788684,1762152145.2358906,0.83,0.8,13,3,0,24,35.79999999997779,218.1,0.8442234560724857,0.030767345644327655,-0.015046708285552768,52.38,ripe
1762152151.088992,1762152145.2358906,0.829,0.8,14,2,0,24,35.79999999997779,218.15,0.8440262092499113,0.030731737829203166,-0.014937835356444884,52.38,ripe
1762152151.0990732,1762152145.2358906,0.83,0.8,14,3,0,24,35.79999999997779,218.1,0.8428334980226017,0.03265240041994162,-0.013289311075868393,52.38,ripe
1762152151.1091433,1762152145.2358906,0.829,0.8,13,3,0,24,35.79999999997779,218.1,0.8425605307527376,0.03329882786774834,-0.013288437279371013,52.38,ripe
1762152151.119208,1762152145.2358906,0.831,0.8,14,4,0,24,35.79999999997779,218.10000000000002,0.8420713084191691,0.03388834251570641,-0.01193526168248582,52.38,ripe
1762152151.1293085,1762152145.2358906,0.836,0.8,15,5,0,24,35.79999999997779,218.15,0.8440682408336443,0.03336242781095043,-0.011000217465302664,52.38,ripe
1762152151.139396,1762152145.2358906,0.837,0.8,13,5,0,24,35.79999999997779,218.2,0.8458953788461804,0.03192205948055676,-0.010861367162009583,52.38,ripe
1762152151.1495128,1762152145.2358906,0.839,0.8,13,4,0,24,35.79999999997779,218.25,0.8424443060855306,0.0319546581216242,-0.005427300243445177,52.38,ripe
1762152151.159602,1762152145.2358906,0.838,0.8,12,3,0,24,35.79999999997779,218.4,0.8423082675128107,0.03199209579496242,-0.004799764591768008,52.38,ripe
1762152151.1696935,1762152145.2358906,0.836,0.8,12,2,0,24,35.79999999997779,218.55,0.8429202059261437,0.031738862859627244,-0.006165954465622403,52.38,ripe
1762152151.179799,1762152145.2358906,0.834,0.8,13,2,0,24,35.79999999997779,218.7,0.8423360023186025,0.031671150914720815,-0.006958876588341822,52.38,ripe
1762152151.1899028,1762152145.2358906,0.833,0.8,13,3,0,24,35.79999999997779,218.8,0.8413790809236084,0.03207669978492953,-0.007190518058478035,52.38,ripe
1762152151.200034,1762152145.2358906,0.833,0.8,13,4,0,24,35.79999999997779,218.85000000000002,0.8429241070873172,0.031449557719106416,-0.009329825654752044,52.38,ripe
1762152151.2101376,1762152145.2358906,0.835,0.8,13,4,0,24,35.79999999997779,218.9,0.8409946849978823,0.031900648277860676,-0.006697544281599743,52.38,ripe
1762152151.2202587,1762152145.2358906,0.835,0.8,13,4,0,24,35.79999999997779,219.0,0.8421703767761797,0.03159365204667427,-0.007521806418038457,52.38,ripe
1762152151.230374,1762152145.2358906,0.837,0.8,14,4,0,24,35.79999999997779,219.10000000000002,0.841455809689879,0.03159696565029547,-0.0056315245108083944,52.38,ripe
1762152151.240477,1762152145.2358906,0.838,0.8,14,3,0,24,35.79999999997779,219.2,0.8414748085111574,0.031548109343583125,-0.004562665921622133,52.38,ripe
1762152151.250594,1762152145.2358906,0.838,0.8,14,4,0,24,35.79999999997779,219.3,0.840631298204409,0.03172405050371158,-0.0031752269096413377,52.38,ripe
1762152151.2606957,1762152145.2358906,0.838,0.8,14,4,0,24,35.79999999997779,219.35,0.8412719979405039,0.03169858032840259,-0.003543962293120151,52.38,ripe
1762152151.2707937,1762152145.2358906,0.839,0.8,14,4,0,24,35.79999999997779,219.45,0.8424502415777427,0.03126790693626823,-0.004086223754050877,52.38,ripe
1762152151.2808845,1762152145.2358906,0.839,0.8,14,3,0,24,35.79999999997779,219.55,0.840377017258737,0.03138243425428509,-0.0016950083468911803,52.38,ripe
1762152151.290983,1762152145.2358906,0.838,0.8,14,3,0,24,35.79999999997779,219.64999999999998,0.8404188925798396,0.031496406191375635,-0.002077888123916627,52.38,ripe
1762152151.3011029,1762152145.2358906,0.836,0.8,12,3,0,24,35.79999999997779,219.7,0.8409150151022642,0.031511023958468325,-0.0037445128743027745,52.38,ripe
1762152151.3111863,1762152145.2358906,0.837,0.8,14,3,0,24,35.79999999997779,219.65,0.8411621498631329,0.031409856365088445,-0.00407689874915218,52.38,ripe
1762152151.3212729,1762152145.2358906,0.835,0.8,12,4,0,24,35.79999999997779,219.65,0.840980296495348,0.03132834776008523,-0.004937670938357619,52.38,ripe
1762152151.3313904,1762152145.2358906,0.834,0.8,12,4,0,24,35.79999999997779,219.60000000000002,0.8406980044230586,0.0313369074092591,-0.005676691644563525,52.38,ripe
1762152151.3414738,1762152145.2358906,0.834,0.8,13,3,0,24,35.79999999997779,219.60000000000002,0.8406532750425441,0.031302366248763945,-0.006142618653296572,52.38,ripe
1762152151.3515687,1762152145.2358906,0.833,0.8,13,4,0,24,35.79999999997779,219.65,0.8398688785299827,0.031692429107002484,-0.006113550335358986,52.38,ripe
1762152151.36166,1762152145.2358906,0.833,0.8,13,3,0,24,35.79999999997779,219.75,0.8406219237755188,0.0315164698905973,-0.007244259678206966,52.38,ripe
1762152151.3717504,1762152145.2358906,0.832,0.8,12,2,0,24,35.79999999997779,219.85,0.8404728527046929,0.031314818854821874,-0.007784020656037005,52.38,ripe
1762152151.3818374,1762152145.2358906,0.83,0.8,13,2,0,24,35.79999999997779,219.89999999999998,0.8395447260416234,0.0317613071335025,-0.008200310017295487,52.38,ripe
1762152151.3919303,1762152145.2358906,0.831,0.8,14,3,0,24,35.79999999997779,220.0,0.8402004794455845,0.031509554392989386,-0.009028271433420554,52.38,ripe
1762152151.402105,1762152145.2358906,0.833,0.8,14,3,0,24,35.79999999997779,220.14999999999998,0.8403141413549594,0.031020663308291334,-0.008228037348877448,52.38,ripe
1762152151.412201,1762152145.2358906,0.835,0.8,14,3,0,24,35.79999999997779,220.3,0.8397906604196462,0.030824670064747216,-0.006247608416605321,52.38,ripe
1762152151.4222817,1762152145.2358906,0.834,0.8,14,3,0,24,35.79999999997779,220.45,0.8390447603844813,0.031137177124069822,-0.005273234382960901,52.38,ripe
1762152151.432384,1762152145.2358906,0.832,0.8,13,3,0,24,35.79999999997779,220.55,0.8392074612548864,0.031224605542893556,-0.006321698254126207,52.38,ripe
1762152151.4424863,1762152145.2358906,0.832,0.8,14,3,0,24,35.79999999997779,220.60000000000002,0.8393489070771899,0.03109371003154876,-0.006906025576809749,52.38,ripe
1762152151.4525928,1762152145.2358906,0.833,0.8,14,3,0,24,35.79999999997779,220.60000000000002,0.8385835203365332,0.031451210798053006,-0.005862079586343105,52.38,ripe
1762152151.4626975,1762152145.2358906,0.834,0.8,13,3,0,24,35.79999999997779,220.6,0.8393400755079693,0.03119050707862439,-0.005979355132874287,52.38,ripe
1762152151.4728289,1762152145.2358906,0.834,0.8,13,3,0,24,35.79999999997779,220.55,0.8391977345502444,0.030931232860354856,-0.005517374362696836,52.38,ripe
1762152151.4829483,1762152145.2358906,0.835,0.8,14,2,0,24,35.79999999997779,220.45,0.8385397291279022,0.031040714270070015,-0.004199549034128447,52.38,ripe
1762152151.4930775,1762152145.2358906,0.835,0.8,14,2,0,24,35.79999999997779,220.3,0.8390313471183938,0.030797007136290102,-0.004361257071506919,52.38,ripe
1762152151.5032125,1762152145.2358906,0.832,0.8,13,3,0,24,35.79999999997779,220.2,0.8386028045751001,0.030749108111739917,-0.005267759551656703,52.38,ripe
1762152151.5133948,1762152145.2358906,0.83,0.8,13,3,0,24,35.79999999997779,220.15,0.839025050011649,0.030025041215177687,-0.007357527499927352,52.38,ripe
1762152151.523521,1762152145.2358906,0.83,0.8,13,4,0,24,35.79999999997779,220.2,0.8382973722446296,0.030069566902872654,-0.0074636109887689095,52.38,ripe
1762152151.533626,1762152145.2358906,0.831,0.8,13,3,0,24,35.79999999997779,220.3,0.838200277440734,0.02995785472249305,-0.007283396812803655,52.38,ripe
1762152151.5437496,1762152145.2358906,0.829,0.8,13,2,0,24,35.79999999997779,220.4,0.8378771745440838,0.030504029278531693,-0.007918734230118685,52.38,ripe
1762152151.5539212,1762152145.2358906,0.827,0.8,12,3,0,24,35.79999999997779,220.45,0.837756983546692,0.030701935519479626,-0.009277763389709426,52.38,ripe
1762152151.5640583,1762152145.2358906,0.822,0.8,12,2,0,24,35.79999999997779,220.5,0.8382263137403491,0.0294132526870823,-0.012986703661857724,52.38,ripe
1762152151.574174,1762152145.2358906,0.822,0.8,13,4,0,24,35.79999999997779,220.6,0.8373968240262998,0.028655370742734908,-0.01377701898705419,52.38,ripe
1762152151.5842974,1762152145.2358906,0.822,0.8,12,4,0,24,35.79999999997779,220.75,0.8372416466327572,0.029000644439077225,-0.014431744113134526,52.38,ripe
1762152151.5943787,1762152145.2358906,0.821,0.8,13,2,0,24,35.79999999997779,220.75,0.8373978190113054,0.03195604298342125,-0.015492867751494055,52.38,ripe
1762152151.60446,1762152145.2358906,0.819,0.8,12,3,0,24,35.79999999997779,220.8,0.839053873879257,0.029142214339440507,-0.018601398249351364,52.38,ripe
1762152151.6145256,1762152145.2358906,0.82,0.8,13,4,0,24,35.79999999997779,220.85000000000002,0.8367393294974007,0.031993310223861204,-0.016513091682447967,52.38,ripe
1762152151.6246297,1762152145.2358906,0.8160000000000001,0.8,13,1,0,24,35.79999999997779,220.9,0.8360934825036714,0.031838066497103086,-0.017980363596195037,52.38,ripe
1762152151.6347008,1762152145.2358906,0.811,0.8,13,2,0,24,35.79999999997779,220.95,0.8361717150982044,0.03118670680555691,-0.021615155644466144,52.38,ripe
1762152151.644813,1762152145.2358906,0.809,0.8,13,3,0,24,35.79999999997779,221.0,0.836533300161328,0.029021694792704566,-0.024755020434458874,52.38,ripe
1762152151.6549098,1762152145.2358906,0.807,0.8,12,3,0,24,35.79999999997779,221.05,0.8346551021018557,0.02887039927507686,-0.025265962238421147,52.38,ripe
1762152151.6650355,1762152145.2358906,0.809,0.8,14,3,0,24,35.79999999997779,221.10000000000002,0.8339982857774776,0.027946172872406635,-0.024803715845760244,52.38,ripe
1762152151.6751437,1762152145.2358906,0.812,0.8,15,2,0,24,35.79999999997779,221.15,0.834576137648324,0.02960317840976671,-0.023978852682465246,52.38,ripe
1762152151.6852458,1762152145.2358906,0.8130000000000001,0.8,14,2,0,24,35.79999999997779,221.14999999999998,0.8332316130513545,0.029345177403781075,-0.02143297056842519,52.38,ripe
1762152151.695363,1762152145.2358906,0.8150000000000001,0.8,15,3,0,24,35.79999999997779,221.14999999999998,0.832778723338327,0.029364800048990843,-0.019379402096862286,52.38,ripe
1762152151.705471,1762152145.2358906,0.8130000000000001,0.8,13,2,0,24,35.79999999997779,221.2,0.832389645897072,0.029448795616081925,-0.01918998527633964,52.38,ripe
1762152151.715554,1762152145.2358906,0.811,0.8,12,3,0,24,35.79999999997779,221.2,0.831971900322553,0.030063639529396596,-0.019872070012186827,52.38,ripe
1762152151.7256548,1762152145.2358906,0.81,0.8,14,2,0,24,35.79999999997779,221.2,0.8320011356262718,0.028789642981076113,-0.02095122047108866,52.38,ripe
1762152151.7357597,1762152145.2358906,0.809,0.8,14,3,0,24,35.79999999997779,221.14999999999998,0.8314528102319062,0.03003940164864658,-0.021427852654314683,52.38,ripe
1762152151.7458634,1762152145.2358906,0.807,0.8,13,2,0,24,35.79999999997779,221.1,0.8309905275925649,0.029283622102541707,-0.022478048803769024,52.38,ripe
1762152151.7559912,1762152145.2358906,0.805,0.8,14,2,0,24,35.79999999997779,221.1,0.8303318685023358,0.028988559639520118,-0.023575629107937868,52.38,ripe
1762152151.7661328,1762152145.2358906,0.803,0.8,14,2,0,24,35.79999999997779,221.1,0.8298263887919799,0.02859457626128588,-0.024948269094780873,52.38,ripe
1762152151.7762392,1762152145.2358906,0.799,0.8,12,2,0,24,35.79999999997779,221.05,0.8294029082279898,0.028816359119121022,-0.0274638483793902,52.38,ripe
1762152151.7863395,1762152145.2358906,0.797,0.8,13,2,0,24,35.79999999997779,220.9,0.8287893143448555,0.02860007974183483,-0.029319784420555717,52.38,ripe
1762152151.7964394,1762152145.2358906,0.795,0.8,12,3,0,24,35.79999999997779,220.8,0.8282583854501626,0.02881993469402588,-0.03102362048801277,52.38,ripe
1762152151.8065393,1762152145.2358906,0.796,0.8,13,3,0,24,35.79999999997779,220.75,0.8276859507715983,0.02977719378027865,-0.031068568290523402,52.38,ripe
1762152151.816649,1762152145.2358906,0.796,0.8,14,3,0,24,35.79999999997779,220.8,0.8270302471431664,0.02945675471986191,-0.030721555902628928,52.38,ripe
1762152151.8267376,1762152145.2358906,0.796,0.8,13,3,0,24,35.79999999997779,220.85,0.8262972643261499,0.030307575220442026,-0.03014291870588115,52.38,ripe
1762152151.8368683,1762152145.2358906,0.796,0.8,13,3,0,24,35.79999999997779,220.9,0.82612115452947,0.029088992405543523,-0.030043981719335644,52.38,ripe
1762152151.846998,1762152145.2358906,0.796,0.8,13,3,0,24,35.79999999997779,220.9,0.8251734849662443,0.02860074900330108,-0.029134898561177125,52.38,ripe
1762152151.8571267,1762152145.2358906,0.793,0.8,13,1,0,24,35.79999999997779,220.95,0.8245457123359791,0.02817411324707329,-0.030026419133445503,52.38,ripe
1762152151.8672369,1762152145.2358906,0.791,0.8,12,2,0,24,35.79999999997779,221.05,0.824018543434835,0.028312223528709556,-0.031258896833568306,52.38,ripe
1762152151.877343,1762152145.2358906,0.794,0.8,13,4,0,24,35.79999999997779,221.10000000000002,0.8233469908117091,0.028188587414275317,-0.029967167511075754,52.38,ripe
1762152151.887464,1762152145.2358906,0.796,0.8,14,3,0,24,35.79999999997779,221.15,0.8227415486400215,0.028053236752007254,-0.028051636989704698,52.38,ripe
1762152151.8975596,1762152145.2358906,0.795,0.8,13,3,0,24,35.79999999997779,221.14999999999998,0.8221878254960292,0.02796873752656687,-0.02734286967087074,52.38,ripe
1762152151.907682,1762152145.2358906,0.793,0.8,12,3,0,24,35.79999999997779,221.14999999999998,0.8215724156530066,0.02758780422280837,-0.027649937740427344,52.38,ripe
1762152151.9177673,1762152145.2358906,0.791,0.8,12,3,0,24,35.79999999997779,221.15,0.8225188956520844,0.031847809926100715,-0.030057656695794632,52.38,ripe
1762152151.9278848,1762152145.2358906,0.79,0.8,13,3,0,24,35.79999999997779,221.10000000000002,0.8227048480548065,0.028835846733929787,-0.0314742285766616,52.38,ripe
1762152151.9380052,1762152145.2358906,0.789,0.8,12,3,0,24,35.79999999997779,221.05,0.8199185518231271,0.027235993636628437,-0.029803242084054604,52.38,ripe
1762152151.9481082,1762152145.2358906,0.789,0.8,13,4,0,24,35.79999999997779,221.0,0.819192100766033,0.026854096261244867,-0.029634445896496775,52.38,ripe
1762152151.9582465,1762152145.2358906,0.788,0.8,13,3,0,24,35.79999999997779,220.9,0.8192430551769269,0.02782546146966683,-0.030464227742158734,52.38,ripe
1762152151.9683635,1762152145.2358906,0.787,0.8,12,3,0,24,35.79999999997779,220.85000000000002,0.8182260758883172,0.02811338705681921,-0.030336662170933115,52.38,ripe
1762152151.9784715,1762152145.2358906,0.789,0.8,15,3,0,24,35.79999999997779,220.8,0.8174872420328068,0.027763201127961937,-0.029042535174114703,52.38,ripe
1762152151.9885755,1762152145.2358906,0.789,0.8,13,3,0,24,35.79999999997779,220.9,0.8169965448204118,0.027873755979113294,-0.028274191391065795,52.38,ripe
1762152151.9986787,1762152145.2358906,0.79,0.8,13,4,0,24,35.79999999997779,220.95,0.8165696198889826,0.02859666254273283,-0.027208443174309482,52.38,ripe
1762152152.0087805,1762152145.2358906,0.79,0.8,14,2,0,24,35.79999999997779,221.0,0.815850595370907,0.028412528078127212,-0.026170007013570418,52.38,ripe
1762152152.0189002,1762152145.2358906,0.791,0.8,14,3,0,24,35.79999999997779,221.05,0.815280532831129,0.027779580758889595,-0.024940238652460645,52.38,ripe
1762152152.0290217,1762152145.2358906,0.789,0.8,13,2,0,24,35.79999999997779,221.25,0.8146110197496536,0.02687534967376298,-0.024940872660319413,52.38,ripe
1762152152.0391314,1762152145.2358906,0.79,0.8,14,3,0,24,35.79999999997779,221.39999999999998,0.8155451310079982,0.029298778301397828,-0.025710057463331104,52.38,ripe
1762152152.049194,1762152145.2358906,0.792,0.8,14,3,0,24,35.79999999997779,221.5,0.8135664071027975,0.03069226879382028,-0.02264887033046392,52.38,ripe
1762152152.0592608,1762152145.2358906,0.794,0.8,13,4,0,24,35.79999999997779,221.55,0.8126155154753709,0.03175252085326911,-0.02015674708920412,52.38,ripe
1762152152.0693269,1762152145.2358906,0.796,0.8,13,3,0,24,35.79999999997779,221.5,0.8122552011155241,0.03232824252412763,-0.01802581692244065,52.38,ripe
1762152152.0793867,1762152145.2358906,0.796,0.8,13,4,0,24,35.79999999997779,221.45,0.8128931269425947,0.03210220043637219,-0.017778434846053015,52.38,ripe
1762152152.0894556,1762152145.2358906,0.796,0.8,13,3,0,24,35.79999999997779,221.4,0.8122341545833786,0.03209426728284254,-0.016676808535107668,52.38,ripe
1762152152.0995166,1762152145.2358906,0.795,0.8,12,2,0,24,35.79999999997779,221.35000000000002,0.8113651190488657,0.03246076890317781,-0.016086446024730194,52.38,ripe
1762152152.109583,1762152145.2358906,0.796,0.8,13,3,0,24,35.79999999997779,221.4,0.810367442745318,0.03315022589527514,-0.014728106233250271,52.38,ripe
1762152152.1196432,1762152145.2358906,0.794,0.8,13,2,0,24,35.79999999997779,221.45,0.8118779252319884,0.032777322412917365,-0.017058256975954533,52.38,ripe
1762152152.1297088,1762152145.2358906,0.794,0.8,11,3,0,24,35.79999999997779,221.5,0.8120495301986751,0.03202795709378705,-0.017639696070658073,52.38,ripe
1762152152.1398203,1762152145.2358906,0.795,0.8,13,3,0,24,35.79999999997779,221.55,0.8136200932420816,0.029669028953828003,-0.018915176178073034,52.38,ripe
1762152152.1499298,1762152145.2358906,0.795,0.8,13,3,0,24,35.79999999997779,221.55,0.81011115159102,0.029986846524485553,-0.015258693059015727,52.38,ripe
1762152152.16007,1762152145.2358906,0.797,0.8,14,3,0,24,35.79999999997779,221.55,0.8094124910159997,0.03072640428180483,-0.013486261749997563,52.38,ripe
1762152152.170182,1762152145.2358906,0.794,0.8,13,1,0,24,35.79999999997779,221.55,0.8107677502694614,0.029610857826415593,-0.015804635636460285,52.38,ripe
1762152152.1802855,1762152145.2358906,0.792,0.8,12,3,0,24,35.79999999997779,221.5,0.8095703458900335,0.029223651605605444,-0.01608878857353291,52.38,ripe
1762152152.190379,1762152145.2358906,0.793,0.8,13,4,0,24,35.79999999997779,221.5,0.8087719715242464,0.030160262262096522,-0.015531192865996135,52.38,ripe
1762152152.2004921,1762152145.2358906,0.792,0.8,13,4,0,24,35.79999999997779,221.5,0.8091792092314722,0.029540868867469913,-0.01655881990234709,52.38,ripe
1762152152.21061,1762152145.2358906,0.792,0.8,12,3,0,24,35.79999999997779,221.5,0.8082279087055274,0.029992782199135117,-0.01591771404096487,52.38,ripe
1762152152.2207234,1762152145.2358906,0.793,0.8,13,3,0,24,35.79999999997779,221.5,0.8081117006657792,0.029984933867552275,-0.015456603333497965,52.38,ripe
1762152152.2308204,1762152145.2358906,0.793,0.8,12,4,0,24,35.79999999997779,221.45,0.8077362339180675,0.03007708018156315,-0.01490868525192679,52.38,ripe
1762152152.2409306,1762152145.2358906,0.791,0.8,12,3,0,24,35.79999999997779,221.39999999999998,0.8080471506537918,0.029237236698808487,-0.016133376320721426,52.38,ripe
1762152152.2510514,1762152145.2358906,0.793,0.8,13,4,0,24,35.79999999997779,221.45,0.8070222978930117,0.029714693055638588,-0.014565410726476546,52.38,ripe
1762152152.2611747,1762152145.2358906,0.794,0.8,14,3,0,24,35.79999999997779,221.5,0.8070130783540536,0.02950935025316159,-0.013784634770785953,52.38,ripe
1762152152.2712963,1762152145.2358906,0.793,0.8,13,2,0,24,35.79999999997779,221.60000000000002,0.8070728598325528,0.02859304437877853,-0.013958638040919014,52.38,ripe
1762152152.2814026,1762152145.2358906,0.794,0.8,13,2,0,24,35.79999999997779,221.55,0.8063570901238193,0.028557998828026124,-0.012799979228002356,52.38,ripe
1762152152.2915256,1762152145.2358906,0.795,0.8,13,3,0,24,35.79999999997779,221.45,0.8060729416565235,0.028873380366542127,-0.01179438620861506,52.38,ripe
1762152152.3016417,1762152145.2358906,0.797,0.8,14,3,0,24,35.79999999997779,221.3,0.8059506927191001,0.028550602479603355,-0.010311414995145873,52.38,ripe
1762152152.31175,1762152145.2358906,0.797,0.8,13,3,0,24,35.79999999997779,221.2,0.8056681848731369,0.028444801689737825,-0.009348546011159753,52.38,ripe
1762152152.3219118,1762152145.2358906,0.795,0.8,13,2,0,24,35.79999999997779,221.2,0.8054539804505408,0.028893088158273947,-0.009794161019552328,52.38,ripe
1762152152.33214,1762152145.2358906,0.796,0.8,13,4,0,24,35.79999999997779,221.25,0.8057568580141525,0.027492836444402067,-0.009926948298658256,52.38,ripe
1762152152.3422513,1762152145.2358906,0.796,0.8,12,4,0,24,35.79999999997779,221.35,0.805366536903542,0.02794528624076999,-0.009451582045794882,52.38,ripe
1762152152.3524334,1762152145.2358906,0.796,0.8,12,4,0,24,35.79999999997779,221.45,0.8046285422716585,0.027111717114887197,-0.008671064842784904,52.38,ripe
1762152152.3625298,1762152145.2358906,0.797,0.8,13,2,0,24,35.79999999997779,221.5,0.8054173569191106,0.02781024003362103,-0.008938618204673898,52.38,ripe
1762152152.3726997,1762152145.2358906,0.8,0.8,14,3,0,24,35.79999999997779,221.5,0.8042400720461328,0.02731883747685976,-0.006000702688914394,52.38,ripe
1762152152.382904,1762152145.2358906,0.8,0.8,14,3,0,24,35.79999999997779,221.45,0.8048712270366196,0.027650746081135408,-0.005751542358010342,52.38,ripe
1762152152.393125,1762152145.2358906,0.799,0.8,14,2,0,24,35.79999999997779,221.45,0.8040110362083056,0.027341119032157486,-0.004951193869000892,52.38,ripe
1762152152.4033084,1762152145.2358906,0.799,0.8,14,2,0,24,35.79999999997779,221.39999999999998,0.8038106001876495,0.027072037050610682,-0.004780679017997169,52.38,ripe
1762152152.4134288,1762152145.2358906,0.799,0.8,13,2,0,24,35.79999999997779,221.45,0.8043573231177308,0.027207659513059933,-0.005342362532904543,52.38,ripe
1762152152.4236102,1762152145.2358906,0.8,0.8,12,4,0,24,35.79999999997779,221.5,0.8035052356590252,0.026958157115718407,-0.003997755366612066,52.38,ripe
1762152152.4338086,1762152145.2358906,0.8,0.8,13,3,0,24,35.79999999997779,221.6,0.8038396294225838,0.026920030030349207,-0.004085889276377208,52.38,ripe
1762152152.443992,1762152145.2358906,0.803,0.8,14,4,0,24,35.79999999997779,221.64999999999998,0.8026620531883628,0.026780453118149323,-0.0012851831152594917,52.38,ripe
1762152152.454216,1762152145.2358906,0.803,0.8,13,4,0,24,35.79999999997779,221.7,0.8045967026747172,0.02693775868559022,-0.0024082676381654844,52.38,ripe
1762152152.4644105,1762152145.2358906,0.803,0.8,13,3,0,24,35.79999999997779,221.75,0.802714896958592,0.026926711946399815,-0.00012067944031612932,52.38,ripe
1762152152.4745255,1762152145.2358906,0.804,0.8,13,3,0,24,35.79999999997779,221.8,0.8048391637646799,0.027064612033361964,-0.0015420550055419424,52.38,ripe
1762152152.4846222,1762152145.2358906,0.802,0.8,13,3,0,24,35.79999999997779,221.85,0.8037473032052429,0.027065805425368933,-0.0010987488256739564,52.38,ripe
1762152152.4947193,1762152145.2358906,0.802,0.8,13,3,0,24,35.79999999997779,221.95,0.8036909337322272,0.027062842258147705,-0.0013666565424427235,52.38,ripe
1762152152.5048223,1762152145.2358906,0.8,0.8,13,2,0,24,35.79999999997779,222.10000000000002,0.8040613154097395,0.027166637822346688,-0.002899176814847193,52.38,ripe
1762152152.5149167,1762152145.2358906,0.8,0.8,13,3,0,24,35.79999999997779,222.2,0.8037905567765953,0.02721958251828222,-0.0032094874791490646,52.38,ripe
1762152152.5250535,1762152145.2358906,0.798,0.8,13,2,0,24,35.79999999997779,222.25,0.8033057851068133,0.027098141621889577,-0.004015250458090147,52.38,ripe
1762152152.5351763,1762152145.2358906,0.798,0.8,12,3,0,24,35.79999999997779,222.25,0.8031841365693184,0.026955550459678145,-0.0045388692449568335,52.38,ripe
1762152152.5453064,1762152145.2358906,0.797,0.8,12,4,0,24,35.79999999997779,222.25,0.8037614484413576,0.02716025450669994,-0.005938814779176793,52.38,ripe
1762152152.5553932,1762152145.2358906,0.797,0.8,13,4,0,24,35.79999999997779,222.25,0.8032875343088348,0.0271651228136206,-0.005876217477744472,52.38,ripe
1762152152.5655081,1762152145.2358906,0.795,0.8,13,2,0,24,35.79999999997779,222.3,0.8028086845197292,0.026897174469347012,-0.006603026104183951,52.38,ripe
1762152152.5756133,1762152145.2358906,0.795,0.8,14,2,0,24,35.79999999997779,222.3,0.8034461398773924,0.027206711295765424,-0.007843310669619852,52.38,ripe
1762152152.5857167,1762152145.2358906,0.792,0.8,12,2,0,24,35.79999999997779,222.25,0.802785160593015,0.027107036169824,-0.008983745989128655,52.38,ripe
1762152152.5958366,1762152145.2358906,0.791,0.8,12,3,0,24,35.79999999997779,222.14999999999998,0.8027793044519593,0.027209461098023607,-0.0103785971500161,52.38,ripe
1762152152.6059399,1762152145.2358906,0.793,0.8,13,3,0,24,35.79999999997779,222.10000000000002,0.801840891090841,0.0264757515547619,-0.009140537439869423,52.38,ripe
1762152152.6160643,1762152145.2358906,0.793,0.8,13,3,0,24,35.79999999997779,222.05,0.8044673968651264,0.028058426200297044,-0.011617220039640497,52.38,ripe
1762152152.626209,1762152145.2358906,0.794,0.8,13,3,0,24,35.79999999997779,222.05,0.8021091385498779,0.028107224765251442,-0.008684050137134913,52.38,ripe
1762152152.6362803,1762152145.2358906,0.797,0.8,14,3,0,24,35.79999999997779,222.05,0.802002681124654,0.02850671705886354,-0.006790136918282452,52.38,ripe
1762152152.646346,1762152145.2358906,0.795,0.8,12,2,0,24,35.79999999997779,222.0,0.8016630801508009,0.02887138633343925,-0.006556808047615048,52.38,ripe
1762152152.6564503,1762152145.2358906,0.792,0.8,12,1,0,24,35.79999999997779,222.0,0.8018389467579337,0.02858930143613024,-0.008285810706340713,52.38,ripe
1762152152.6665277,1762152145.2358906,0.791,0.8,14,2,0,24,35.79999999997779,222.0,0.80183545058054,0.02760227470362708,-0.009558882554743464,52.38,ripe
1762152152.6766653,1762152145.2358906,0.792,0.8,13,2,0,24,35.79999999997779,222.05,0.801219534741997,0.0274575615739078,-0.009081250729098711,52.38,ripe
1762152152.6868012,1762152145.2358906,0.792,0.8,12,3,0,24,35.79999999997779,222.05,0.8010261673637306,0.027324735473997094,-0.008957025357281378,52.38,ripe
1762152152.696932,1762152145.2358906,0.788,0.8,12,1,0,24,35.79999999997779,222.1,0.8009545730571288,0.02732922720048776,-0.010920002053904199,52.38,ripe
1762152152.7070725,1762152145.2358906,0.786,0.8,13,2,0,24,35.79999999997779,222.2,0.8007591766763895,0.027372012548014277,-0.012741891174777198,52.38,ripe
1762152152.7171843,1762152145.2358906,0.786,0.8,12,3,0,24,35.79999999997779,222.25,0.8004450975138302,0.027310599822183552,-0.01343645476302402,52.38,ripe
1762152152.727285,1762152145.2358906,0.785,0.8,13,2,0,24,35.79999999997779,222.3,0.8001628495019201,0.027223732738561785,-0.014158528126516967,52.38,ripe
1762152152.7374032,1762152145.2358906,0.784,0.8,13,2,0,24,35.79999999997779,222.3,0.8002625945960861,0.027854595984681905,-0.015260433908384496,52.38,ripe
1762152152.747523,1762152145.2358906,0.782,0.8,12,1,0,24,35.79999999997779,222.39999999999998,0.7995497891423428,0.02741413740373045,-0.016048708798491962,52.38,ripe
1762152152.757643,1762152145.2358906,0.781,0.8,14,2,0,24,35.79999999997779,222.45,0.7993923163386216,0.02766196934470168,-0.01714177616669621,52.38,ripe
1762152152.767745,1762152145.2358906,0.779,0.8,13,2,0,24,35.79999999997779,222.45,0.7990240965661465,0.02795666742151493,-0.01839882648018376,52.38,ripe
1762152152.7778537,1762152145.2358906,0.779,0.8,13,2,0,24,35.79999999997779,222.4,0.7985239819843953,0.027082651028566346,-0.018711346941413964,52.38,ripe
1762152152.7879784,1762152145.2358906,0.779,0.8,12,3,0,24,35.79999999997779,222.35,0.7984829585668879,0.02768462684534502,-0.01907664104539719,52.38,ripe
1762152152.7981057,1762152145.2358906,0.78,0.8,13,4,0,24,35.79999999997779,222.45,0.7978073280339283,0.02749616251163453,-0.018104169273182924,52.38,ripe
1762152152.8082216,1762152145.2358906,0.781,0.8,14,4,0,24,35.79999999997779,222.55,0.797241574069219,0.026638100823670303,-0.016889994688846333,52.38,ripe
1762152152.8183262,1762152145.2358906,0.781,0.8,13,3,0,24,35.79999999997779,222.7,0.7978621274623184,0.02772124369112643,-0.017186337772132076,52.38,ripe
1762152152.8285327,1762152145.2358906,0.781,0.8,13,2,0,24,35.79999999997779,222.8,0.7966901473081546,0.02705313433390918,-0.015852252463061434,52.38,ripe
1762152152.8387141,1762152145.2358906,0.779,0.8,13,2,0,24,35.79999999997779,222.85,0.7960398543632176,0.026138250748775998,-0.01612090694067103,52.38,ripe
1762152152.8488345,1762152145.2358906,0.779,0.8,13,3,0,24,35.79999999997779,222.95,0.7967480289636845,0.026812541421831048,-0.017288555252411242,52.38,ripe
1762152152.8589563,1762152145.2358906,0.778,0.8,13,2,0,24,35.79999999997779,223.05,0.7956817650706719,0.026550492593854523,-0.016952028215035275,52.38,ripe
1762152152.86907,1762152145.2358906,0.778,0.8,13,2,0,24,35.79999999997779,223.05,0.795590563694813,0.026711545297711286,-0.01722569526699458,52.38,ripe
1762152152.8791766,1762152145.2358906,0.777,0.8,12,4,0,24,35.79999999997779,223.0,0.7951972788223021,0.026809779071594233,-0.01751484460839281,52.38,ripe
1762152152.889301,1762152145.2358906,0.778,0.8,14,4,0,24,35.79999999997779,223.0,0.7946101996274256,0.026454431983309733,-0.016768982520470987,52.38,ripe
1762152152.899412,1762152145.2358906,0.779,0.8,13,4,0,24,35.79999999997779,223.0,0.7944665334540267,0.026469544471059234,-0.016045924900549458,52.38,ripe
1762152152.909532,1762152145.2358906,0.779,0.8,12,4,0,24,35.79999999997779,223.0,0.7941858281546206,0.026543727010909655,-0.01547552387788187,52.38,ripe
1762152152.919644,1762152145.2358906,0.781,0.8,13,4,0,24,35.79999999997779,223.0,0.79383107305228,0.026550299232265023,-0.013975920913910533,52.38,ripe
1762152152.9297593,1762152145.2358906,0.781,0.8,12,4,0,24,35.79999999997779,223.0,0.7940502483760524,0.027263844821503073,-0.013622672306867645,52.38,ripe
1762152152.9398766,1762152145.2358906,0.781,0.8,13,3,0,24,35.79999999997779,222.95,0.7932316935227605,0.027128562185388328,-0.012517905488168002,52.38,ripe
1762152152.9500015,1762152145.2358906,0.78,0.8,12,5,0,24,35.79999999997779,222.89999999999998,0.7925039565853209,0.025999259618634984,-0.012147062568024669,52.38,ripe
1762152152.9601173,1762152145.2358906,0.779,0.8,12,4,0,24,35.79999999997779,222.9,0.7945039457136733,0.02772983157508201,-0.014825498705025142,52.38,ripe
1762152152.970228,1762152145.2358906,0.779,0.8,13,3,0,24,35.79999999997779,223.0,0.7924103270213919,0.02684397099563284,-0.01307110351706775,52.38,ripe
1762152152.9803498,1762152145.2358906,0.778,0.8,12,3,0,24,35.79999999997779,223.05,0.7924746797096579,0.02721720521617461,-0.013805067957495809,52.38,ripe
1762152152.9904783,1762152145.2358906,0.777,0.8,12,3,0,24,35.79999999997779,223.10000000000002,0.7918868886223087,0.026963152841460877,-0.014052082746227601,52.38,ripe
1762152153.0005932,1762152145.2358906,0.776,0.8,12,3,0,24,35.79999999997779,223.05,0.7918476972953516,0.02728736826936286,-0.01493029435731108,52.38,ripe
1762152153.0107095,1762152145.2358906,0.777,0.8,12,4,0,24,35.79999999997779,223.0,0.7913532584421411,0.027127722274282028,-0.014394556973120864,52.38,ripe
1762152153.0208168,1762152145.2358906,0.777,0.8,13,3,0,24,35.79999999997779,222.95,0.7911986310491852,0.02735708996081946,-0.014219280314675009,52.38,ripe
1762152153.030924,1762152145.2358906,0.779,0.8,13,4,0,24,35.79999999997779,222.95,0.7908370334084984,0.02738542091181579,-0.012847358041243373,52.38,ripe
1762152153.0410595,1762152145.2358906,0.78,0.8,12,4,0,24,35.79999999997779,222.89999999999998,0.7904806877893844,0.027059301017912058,-0.011485850105756867,52.38,ripe
1762152153.0511806,1762152145.2358906,0.779,0.8,12,3,0,24,35.79999999997779,222.85,0.7905398989692707,0.027485994265330407,-0.011542480127456844,52.38,ripe
1762152153.0612807,1762152145.2358906,0.778,0.8,13,3,0,24,35.79999999997779,222.8,0.790139410250555,0.02761485564245923,-0.011640700829648076,52.38,ripe
1762152153.0713804,1762152145.2358906,0.78,0.8,13,4,0,24,35.79999999997779,222.75,0.7898772888277892,0.02759133376408591,-0.010627934117335647,52.38,ripe
1762152153.0814872,1762152145.2358906,0.781,0.8,14,3,0,24,35.79999999997779,222.8,0.7894509411301378,0.026393505718984592,-0.00932626377491097,52.38,ripe
1762152153.0915954,1762152145.2358906,0.782,0.8,12,3,0,24,35.79999999997779,222.9,0.7908923525662945,0.027595733305507554,-0.0098300138886811,52.38,ripe
1762152153.1017041,1762152145.2358906,0.781,0.8,12,2,0,24,35.79999999997779,222.95,0.7892145737970861,0.027155308504209556,-0.008183404458279364,52.38,ripe
1762152153.1117966,1762152145.2358906,0.78,0.8,12,3,0,24,35.79999999997779,223.05,0.7899188474789853,0.02834735425235902,-0.009403262809581925,52.38,ripe
1762152153.121858,1762152145.2358906,0.781,0.8,13,4,0,24,35.79999999997779,223.1,0.7886992802510513,0.02875896928799379,-0.007941487916349521,52.38,ripe
1762152153.1319206,1762152145.2358906,0.782,0.8,13,4,0,24,35.79999999997779,223.1,0.7886096635864812,0.028912439755472908,-0.007230767419130313,52.38,ripe
1762152153.1419964,1762152145.2358906,0.781,0.8,12,4,0,24,35.79999999997779,223.05,0.7886185232266428,0.02893517588341609,-0.007429075142967423,52.38,ripe
1762152153.1520605,1762152145.2358906,0.783,0.8,13,3,0,24,35.79999999997779,222.95,0.7884612776872317,0.028959464701264797,-0.0063665536453940685,52.38,ripe
1762152153.1621537,1762152145.2358906,0.785,0.8,12,3,0,24,35.79999999997779,222.9,0.7891385628558847,0.02856142610517784,-0.005591200834965893,52.38,ripe
1762152153.1722524,1762152145.2358906,0.785,0.8,13,3,0,24,35.79999999997779,222.9,0.7882653020258314,0.028568454162163255,-0.003991621015372093,52.38,ripe
1762152153.1823518,1762152145.2358906,0.786,0.8,13,3,0,24,35.79999999997779,222.9,0.7886876986504763,0.02832910422090056,-0.0035508581452465826,52.38,ripe
1762152153.1924746,1762152145.2358906,0.787,0.8,13,3,0,24,35.79999999997779,223.0,0.787885623673809,0.02841850303946409,-0.001817203421194069,52.38,ripe
1762152153.2026136,1762152145.2358906,0.791,0.8,13,4,0,24,35.79999999997779,223.1,0.7880575345591035,0.028415395759841238,0.00047667556720398796,52.38,ripe
1762152153.2127936,1762152145.2358906,0.79,0.8,11,3,0,24,35.79999999997779,223.14999999999998,0.7887015886942372,0.0284695744465739,0.0005655163689165521,52.38,ripe
1762152153.2229776,1762152145.2358906,0.791,0.8,12,4,0,24,35.79999999997779,223.25,0.7878391985362899,0.02837171505307072,0.0022943539952869907,52.38,ripe
1762152153.2332025,1762152145.2358906,0.792,0.8,12,4,0,24,35.79999999997779,223.25,0.7885650765580338,0.028539511676845677,0.002501699707754712,52.38,ripe
1762152153.2433183,1762152145.2358906,0.791,0.8,12,2,0,24,35.79999999997779,223.25,0.7878898054090622,0.028400629259166074,0.0031435827238320835,52.38,ripe
1762152153.2534478,1762152145.2358906,0.792,0.8,12,2,0,24,35.79999999997779,223.25,0.7882427636450744,0.028379779474339457,0.003273930421372695,52.38,ripe
1762152153.2635546,1762152145.2358906,0.793,0.8,13,4,0,24,35.79999999997779,223.2,0.7884759098987654,0.028465303309548492,0.0037824371344582497,52.38,ripe
1762152153.2736773,1762152145.2358906,0.793,0.8,12,3,0,24,35.79999999997779,223.10000000000002,0.7885051868056938,0.02851765261819416,0.0041239867109179595,52.38,ripe
1762152153.2837968,1762152145.2358906,0.793,0.8,12,3,0,24,35.79999999997779,223.0,0.7884761107649082,0.028497350031226557,0.00433847599339765,52.38,ripe
1762152153.293895,1762152145.2358906,0.793,0.8,12,3,0,24,35.79999999997779,222.95,0.7885085730308141,0.028438709420692737,0.00439872034833888,52.38,ripe
1762152153.3040266,1762152145.2358906,0.793,0.8,13,4,0,24,35.79999999997779,222.9,0.7887891773538935,0.02851744688341499,0.004164469335683041,52.38,ripe
1762152153.31413,1762152145.2358906,0.792,0.8,14,3,0,24,35.79999999997779,222.85000000000002,0.7888186129688427,0.028548300019728575,0.003658210375945603,52.38,ripe
1762152153.3242254,1762152145.2358906,0.79,0.8,12,2,0,24,35.79999999997779,222.75,0.7886484082193623,0.02847162204002768,0.0025900034530318417,52.38,ripe
1762152153.3343482,1762152145.2358906,0.79,0.8,12,3,0,24,35.79999999997779,222.7,0.7888858726986956,0.02847096916287502,0.0017333331375015693,52.38,ripe
1762152153.3444514,1762152145.2358906,0.791,0.8,12,4,0,24,35.79999999997779,222.65,0.7889268532939355,0.028472400504308448,0.001882749624163127,52.38,ripe
1762152153.3545647,1762152145.2358906,0.791,0.8,12,4,0,24,35.79999999997779,222.60000000000002,0.7888936395247245,0.02844771001137935,0.0020111619343249343,52.38,ripe
1762152153.3646998,1762152145.2358906,0.791,0.8,12,3,0,24,35.79999999997779,222.5,0.7890967051315675,0.028482877137555162,0.0018556955979572853,52.38,ripe
1762152153.3748305,1762152145.2358906,0.792,0.8,13,3,0,24,35.79999999997779,222.4,0.7890617623881087,0.02849358501548039,0.0024144379766537494,52.38,ripe
1762152153.3849666,1762152145.2358906,0.794,0.8,14,4,0,24,35.79999999997779,222.25,0.7890387495638022,0.028459680417746155,0.003699350618579067,52.38,ripe
1762152153.3951056,1762152145.2358906,0.793,0.8,14,3,0,24,35.79999999997779,222.15,0.7891919083002286,0.02848354934185619,0.003677141790962013,52.38,ripe
1762152153.4052098,1762152145.2358906,0.794,0.8,14,4,0,24,35.79999999997779,222.2,0.789288349077838,0.028528873733468248,0.004146175967757348,52.38,ripe
1762152153.415318,1762152145.2358906,0.795,0.8,13,4,0,24,35.79999999997779,222.25,0.7893753461128968,0.028582657091519366,0.004841916409900837,52.38,ripe
1762152153.4254234,1762152145.2358906,0.795,0.8,13,4,0,24,35.79999999997779,222.2,0.7893878010196027,0.028555666009631886,0.005220830241796204,52.38,ripe
1762152153.43554,1762152145.2358906,0.796,0.8,13,4,0,24,35.79999999997779,222.15,0.789559890197793,0.028600896192059775,0.00574442543290643,52.38,ripe
1762152153.445668,1762152145.2358906,0.795,0.8,12,3,0,24,35.79999999997779,222.0,0.7895328985678809,0.028492049598776457,0.005619259247468866,52.38,ripe
1762152153.4557998,1762152145.2358906,0.795,0.8,13,4,0,24,35.79999999997779,221.89999999999998,0.7899287926317408,0.028702099338317986,0.005147286275934193,52.38,ripe
1762152153.4659343,1762152145.2358906,0.795,0.8,12,4,0,24,35.79999999997779,221.8,0.7897498617158796,0.028608624007461367,0.0052881777379578665,52.38,ripe
1762152153.4761324,1762152145.2358906,0.794,0.8,13,2,0,24,35.79999999997779,221.75,0.7903369305269164,0.028914971584093025,0.0041820892000022925,52.38,ripe
1762152153.4862552,1762152145.2358906,0.794,0.8,12,3,0,24,35.79999999997779,221.7,0.7899574014290142,0.028861574424663063,0.004302108434445229,52.38,ripe
1762152153.4963512,1762152145.2358906,0.793,0.8,12,2,0,24,35.79999999997779,221.7,0.7900069985536035,0.028794141542619583,0.0036227563781262573,52.38,ripe
1762152153.5064764,1762152145.2358906,0.791,0.8,12,1,0,24,35.79999999997779,221.75,0.7900366675035668,0.028732655974398603,0.0022782099622979946,52.38,ripe
1762152153.516595,1762152145.2358906,0.788,0.8,12,1,0,24,35.79999999997779,221.75,0.790295774052171,0.02873134156822198,-0.00013833531923856945,52.38,ripe
1762152153.5266962,1762152145.2358906,0.787,0.8,12,3,0,24,35.79999999997779,221.8,0.790093606616785,0.02877230096087512,-0.001514887250318786,52.38,ripe
1762152153.5368145,1762152145.2358906,0.784,0.8,12,2,0,24,35.79999999997779,221.85,0.7899964549114808,0.028910851605523306,-0.0037070952282477476,52.38,ripe
1762152153.5469518,1762152145.2358906,0.782,0.8,12,2,0,24,35.79999999997779,221.9,0.7905238374302326,0.02852480671543867,-0.006379157588616069,52.38,ripe
1762152153.5570931,1762152145.2358906,0.782,0.8,13,2,0,24,35.79999999997779,221.9,0.7900121822892003,0.028522257045516686,-0.0069398423683920685,52.38,ripe
1762152153.567211,1762152145.2358906,0.781,0.8,13,2,0,24,35.79999999997779,221.9,0.7899037980901256,0.028460247829848913,-0.007867628129721416,52.38,ripe
1762152153.5773175,1762152145.2358906,0.781,0.8,15,2,0,24,35.79999999997779,221.89999999999998,0.7897740639312754,0.028327480366049432,-0.008255978951073217,52.38,ripe
1762152153.5874221,1762152145.2358906,0.781,0.8,15,2,0,24,35.79999999997779,221.89999999999998,0.7895391000610679,0.028364730466653925,-0.008280057570966726,52.38,ripe
1762152153.5975406,1762152145.2358906,0.781,0.8,13,2,0,24,35.79999999997779,221.85,0.7893560342226351,0.028445596441176956,-0.008226512977584477,52.38,ripe
1762152153.6076558,1762152145.2358906,0.782,0.8,11,4,0,24,35.79999999997779,221.8,0.7892711927073381,0.02833245072972291,-0.007706432084812809,52.38,ripe
1762152153.6177585,1762152145.2358906,0.781,0.8,12,2,0,24,35.79999999997779,221.8,0.7887827644602533,0.029052589818537703,-0.007500384148990569,52.38,ripe
1762152153.6278691,1762152145.2358906,0.78,0.8,12,4,0,24,35.79999999997779,221.8,0.7895426507016828,0.028270559751495776,-0.008901460546051454,52.38,ripe
1762152153.6379461,1762152145.2358906,0.779,0.8,12,4,0,24,35.79999999997779,221.8,0.7882251236912918,0.02961150091901324,-0.008404528613476181,52.38,ripe
1762152153.6480591,1762152145.2358906,0.779,0.8,13,3,0,24,35.79999999997779,221.8,0.7895143296917557,0.02885325384917769,-0.01010403215284783,52.38,ripe
1762152153.6581662,1762152145.2358906,0.778,0.8,12,3,0,24,35.79999999997779,221.8,0.7883529783802352,0.02889098244224237,-0.009647829610781256,52.38,ripe
1762152153.668255,1762152145.2358906,0.778,0.8,12,3,0,24,35.79999999997779,221.8,0.7877724519862683,0.029403533601077687,-0.009419877601541282,52.38,ripe
1762152153.6783485,1762152145.2358906,0.777,0.8,12,3,0,24,35.79999999997779,221.8,0.7882417734563798,0.029160153278432514,-0.010565486264016322,52.38,ripe
1762152153.6884508,1762152145.2358906,0.777,0.8,12,4,0,24,35.79999999997779,221.75,0.7877990197780467,0.0291424809074366,-0.010460876181864975,52.38,ripe
1762152153.6986701,1762152145.2358906,0.776,0.8,13,2,0,24,35.79999999997779,221.75,0.7876018282904091,0.029109272494339308,-0.010932756492318285,52.38,ripe
1762152153.7087696,1762152145.2358906,0.772,0.8,12,1,0,24,35.79999999997779,221.85000000000002,0.7874811272119707,0.02891974194019041,-0.013146591312925282,52.38,ripe
1762152153.7188609,1762152145.2358906,0.772,0.8,13,1,0,24,35.79999999997779,221.85000000000002,0.7869367044271576,0.029219019241132453,-0.013769436477634844,52.38,ripe
1762152153.7289703,1762152145.2358906,0.771,0.8,13,2,0,24,35.79999999997779,221.85000000000002,0.7862000570386775,0.030148829117373866,-0.014116423063916028,52.38,ripe
1762152153.7391481,1762152145.2358906,0.77,0.8,13,2,0,24,35.79999999997779,221.8,0.7874198198717921,0.029181739410437252,-0.01637800288441138,52.38,ripe
1762152153.7492495,1762152145.2358906,0.772,0.8,12,4,0,24,35.79999999997779,221.75,0.7867329857539103,0.02832772439088443,-0.015212077260219892,52.38,ripe
1762152153.7593634,1762152145.2358906,0.774,0.8,13,3,0,24,35.79999999997779,221.65,0.7862373594861899,0.027280703608640322,-0.01347690523934475,52.38,ripe
1762152153.7694845,1762152145.2358906,0.773,0.8,13,3,0,24,35.79999999997779,221.65,0.7857236609935201,0.027585973321814075,-0.012843433870097565,52.38,ripe
1762152153.779589,1762152145.2358906,0.774,0.8,12,4,0,24,35.79999999997779,221.65,0.785415964826457,0.02779544107910303,-0.011975851264745763,52.38,ripe
1762152153.7896903,1762152145.2358906,0.777,0.8,13,5,0,24,35.79999999997779,221.7,0.7851902162393856,0.02749013801963479,-0.00997015945852997,52.38,ripe
1762152153.7997913,1762152145.2358906,0.779,0.8,13,4,0,24,35.79999999997779,221.7,0.7849786808563958,0.027569820561640628,-0.007868652465968018,52.38,ripe
1762152153.8099096,1762152145.2358906,0.78,0.8,14,4,0,24,35.79999999997779,221.64999999999998,0.7847968583355296,0.027391359127346446,-0.0062418441403157,52.38,ripe
1762152153.8200488,1762152145.2358906,0.779,0.8,14,2,0,24,35.79999999997779,221.6,0.7847974387703126,0.027826588502652735,-0.006019931672705647,52.38,ripe
1762152153.8301787,1762152145.2358906,0.781,0.8,13,3,0,24,35.79999999997779,221.55,0.7846108523343838,0.02763082695663762,-0.004722098785580275,52.38,ripe
1762152153.8402877,1762152145.2358906,0.782,0.8,13,3,0,24,35.79999999997779,221.55,0.7844764784528225,0.02777904190858689,-0.0035321016784207737,52.38,ripe
1762152153.8504148,1762152145.2358906,0.781,0.8,13,2,0,24,35.79999999997779,221.55,0.7844276757972637,0.02767107285997302,-0.003455487410062741,52.38,ripe
1762152153.860517,1762152145.2358906,0.779,0.8,13,1,0,24,35.79999999997779,221.45,0.7843436681334169,0.027464115419986754,-0.004357573939816395,52.38,ripe
1762152153.87064,1762152145.2358906,0.779,0.8,12,3,0,24,35.79999999997779,221.35,0.784237884284573,0.027412293522101585,-0.0047448371877727435,52.38,ripe
1762152153.88076,1762152145.2358906,0.78,0.8,14,3,0,24,35.79999999997779,221.3,0.7842358903444807,0.02771428638859244,-0.004489366796080585,52.38,ripe
1762152153.8908796,1762152145.2358906,0.778,0.8,13,3,0,24,35.79999999997779,221.25,0.7840711707656053,0.02763688962445698,-0.0051979089914052645,52.38,ripe
1762152153.9009826,1762152145.2358906,0.777,0.8,13,3,0,24,35.79999999997779,221.2,0.7839597234991291,0.027702058699403724,-0.006023092612029046,52.38,ripe
1762152153.911107,1762152145.2358906,0.774,0.8,12,3,0,24,35.79999999997779,221.14999999999998,0.7838374040430075,0.027744364813906103,-0.007869088599457452,52.38,ripe
1762152153.921216,1762152145.2358906,0.774,0.8,13,4,0,24,35.79999999997779,221.14999999999998,0.7836891489335774,0.027654600855616673,-0.008704991211802349,52.38,ripe
1762152153.9313273,1762152145.2358906,0.775,0.8,14,4,0,24,35.79999999997779,221.14999999999998,0.7835147521460081,0.027431831698247623,-0.008522673285120574,52.38,ripe
1762152153.9414608,1762152145.2358906,0.774,0.8,12,4,0,24,35.79999999997779,221.2,0.7833624980046617,0.02767621689225414,-0.008866458574217972,52.38,ripe
1762152153.951567,1762152145.2358906,0.775,0.8,12,4,0,24,35.79999999997779,221.25,0.7831758919948512,0.02736697755747372,-0.008427872279629267,52.38,ripe
1762152153.9616861,1762152145.2358906,0.774,0.8,13,3,0,24,35.79999999997779,221.3,0.7830765878447147,0.028012318749946235,-0.008702577987103721,52.38,ripe
1762152153.971815,1762152145.2358906,0.774,0.8,13,3,0,24,35.79999999997779,221.3,0.7829335157207198,0.027543755394775365,-0.008746510791914242,52.38,ripe
1762152153.9819334,1762152145.2358906,0.776,0.8,13,4,0,24,35.79999999997779,221.2,0.7826554072094122,0.02786929607561906,-0.007561904745009396,52.38,ripe
1762152153.992068,1762152145.2358906,0.777,0.8,13,3,0,24,35.79999999997779,221.2,0.7826042379013972,0.027386921372389534,-0.006557486669195867,52.38,ripe
1762152154.002193,1762152145.2358906,0.778,0.8,13,2,0,24,35.79999999997779,221.25,0.78238037014043,0.02745832293782903,-0.0053569945243293615,52.38,ripe
1762152154.0122964,1762152145.2358906,0.777,0.8,11,1,0,24,35.79999999997779,221.35,0.7822440209539004,0.027277013127206828,-0.005232333145850032,52.38,ripe
1762152154.0223837,1762152145.2358906,0.78,0.8,12,4,0,24,35.79999999997779,221.45,0.7821598661137827,0.027284597938491445,-0.0036540222097575237,52.38,ripe
1762152154.0324702,1762152145.2358906,0.78,0.8,13,2,0,24,35.79999999997779,221.55,0.7822615088991214,0.027673898833629876,-0.0030085869471088156,52.38,ripe
1762152154.042573,1762152145.2358906,0.78,0.8,12,2,0,24,35.79999999997779,221.64999999999998,0.7820525211828906,0.02756507957182342,-0.002426060206884295,52.38,ripe
1762152154.0526924,1762152145.2358906,0.783,0.8,14,3,0,24,35.79999999997779,221.7,0.781976435808837,0.02759020893065971,-0.0006632053208338595,52.38,ripe
1762152154.0627968,1762152145.2358906,0.783,0.8,13,2,0,24,35.79999999997779,221.7,0.7819749052330137,0.027600107178943782,0.00018171001098787887,52.38,ripe
1762152154.072916,1762152145.2358906,0.783,0.8,13,2,0,24,35.79999999997779,221.7,0.7819725820030482,0.027610050062844914,0.0006057256189525573,52.38,ripe
1762152154.0830472,1762152145.2358906,0.782,0.8,13,3,0,24,35.79999999997779,221.64999999999998,0.7819696034322642,0.02759623696437417,0.00031955037873621084,52.38,ripe
1762152154.0931737,1762152145.2358906,0.782,0.8,13,4,0,24,35.79999999997779,221.64999999999998,0.7820014009565801,0.027606357841058755,0.00014317594892010455,52.38,ripe
1762152154.1032805,1762152145.2358906,0.782,0.8,12,3,0,24,35.79999999997779,221.55,0.7819825372552455,0.027603462991904214,8.975119750465055e-05,52.38,ripe
1762152154.1133847,1762152145.2358906,0.783,0.8,13,3,0,24,35.79999999997779,221.55,0.7820277190352096,0.027675776527340403,0.0005084251911654514,52.38,ripe
1762152154.1234877,1762152145.2358906,0.784,0.8,13,2,0,24,35.79999999997779,221.55,0.7819284742091219,0.027523463022076106,0.0013395979040655703,52.38,ripe
1762152154.1335952,1762152145.2358906,0.783,0.8,13,2,0,24,35.79999999997779,221.6,0.782063875233198,0.027342196681701448,0.0010701608233957272,52.38,ripe
1762152154.1436613,1762152145.2358906,0.781,0.8,13,1,0,24,35.79999999997779,221.64999999999998,0.7821433418496694,0.027347200257234472,-7.63238213724593e-05,52.38,ripe
1762152154.1537256,1762152145.2358906,0.78,0.8,13,2,0,24,35.79999999997779,221.64999999999998,0.7820393504683405,0.027337889722596355,-0.0010058414541920246,52.38,ripe
1762152154.1637871,1762152145.2358906,0.781,0.8,13,3,0,24,35.79999999997779,221.7,0.7821338975481522,0.027418617738838035,-0.001117143041077906,52.38,ripe
1762152154.173853,1762152145.2358906,0.781,0.8,12,3,0,24,35.79999999997779,221.7,0.7820353312943519,0.027447426537443503,-0.0010269540408146538,52.38,ripe
1762152154.1839406,1762152145.2358906,0.78,0.8,12,2,0,24,35.79999999997779,221.65,0.7819123413271448,0.02729589617537299,-0.0014081527003761973,52.38,ripe
1762152154.1940334,1762152145.2358906,0.78,0.8,13,3,0,24,35.79999999997779,221.65,0.781966938400163,0.02730116359369505,-0.0017148440867785775,52.38,ripe
1762152154.204154,1762152145.2358906,0.78,0.8,13,2,0,24,35.79999999997779,221.55,0.7816481996001355,0.027083274435905982,-0.0015221524434433364,52.38,ripe
1762152154.2142668,1762152145.2358906,0.783,0.8,12,4,0,24,35.79999999997779,221.5,0.7822589479505512,0.027149309465575554,-0.0006959243722050035,52.38,ripe
1762152154.2243676,1762152145.2358906,0.786,0.8,14,3,0,24,35.79999999997779,221.5,0.7817106339989658,0.027258813482024906,0.002070877790207315,52.38,ripe
1762152154.2344697,1762152145.2358906,0.785,0.8,12,2,0,24,35.79999999997779,221.45,0.7820358558480278,0.02714934181397888,0.0023549000465588055,52.38,ripe
1762152154.2445967,1762152145.2358906,0.784,0.8,12,2,0,24,35.79999999997779,221.5,0.7817715934076591,0.02729454064399706,0.0024237845396342106,52.38,ripe
1762152154.254706,1762152145.2358906,0.784,0.8,13,3,0,24,35.79999999997779,221.5,0.7821251770381847,0.02719651305867068,0.0019725119354618847,52.38,ripe
1762152154.2647984,1762152145.2358906,0.784,0.8,13,3,0,24,35.79999999997779,221.5,0.7820197126401032,0.02722373828309808,0.002029131846720156,52.38,ripe
1762152154.2748964,1762152145.2358906,0.784,0.8,14,2,0,24,35.79999999997779,221.45,0.7822595053083441,0.027121104868767003,0.0017649169350675287,52.38,ripe
1762152154.2849946,1762152145.2358906,0.783,0.8,13,2,0,24,35.79999999997779,221.4,0.7820085183517506,0.027175483520937273,0.0015036927699553226,52.38,ripe
1762152154.2950945,1762152145.2358906,0.78,0.8,13,2,0,24,35.79999999997779,221.35000000000002,0.7821425808917768,0.02717263995461718,-0.0003864753309238411,52.38,ripe
1762152154.3051975,1762152145.2358906,0.779,0.8,14,2,0,24,35.79999999997779,221.35000000000002,0.7821365257707401,0.027160749984732682,-0.0017584729903136198,52.38,ripe
1762152154.3152945,1762152145.2358906,0.775,0.8,12,2,0,24,35.79999999997779,221.4,0.7822167537929697,0.027300193562299027,-0.004527727402756532,52.38,ripe
1762152154.3253925,1762152145.2358906,0.775,0.8,13,3,0,24,35.79999999997779,221.55,0.7819860964486038,0.027166889354627147,-0.005641583253497284,52.38,ripe
1762152154.335483,1762152145.2358906,0.776,0.8,13,4,0,24,35.79999999997779,221.7,0.7820823603205954,0.027493817648310177,-0.005910103723042126,52.38,ripe
1762152154.3455722,1762152145.2358906,0.775,0.8,12,3,0,24,35.79999999997779,221.8,0.7817992238958419,0.027443732646542766,-0.006213095597065288,52.38,ripe
1762152154.3556745,1762152145.2358906,0.776,0.8,13,3,0,24,35.79999999997779,221.85000000000002,0.7816643445779624,0.02733146979558704,-0.005871280428574099,52.38,ripe
1762152154.3657658,1762152145.2358906,0.777,0.8,13,2,0,24,35.79999999997779,221.85,0.7815294821220645,0.027223307634962866,-0.005132950047370355,52.38,ripe
1762152154.3759007,1762152145.2358906,0.777,0.8,12,3,0,24,35.79999999997779,221.85,0.7814438490646688,0.02719206567721049,-0.004745583027321643,52.38,ripe
1762152154.386022,1762152145.2358906,0.776,0.8,12,4,0,24,35.79999999997779,221.9,0.7813437101616203,0.027150601676538436,-0.00499457714294671,52.38,ripe
1762152154.3961327,1762152145.2358906,0.775,0.8,12,3,0,24,35.79999999997779,222.0,0.781264581576723,0.027153361989558256,-0.0055900150673862115,52.38,ripe
1762152154.4062428,1762152145.2358906,0.774,0.8,12,3,0,24,35.79999999997779,222.14999999999998,0.7812024423924697,0.027283295503912,-0.006365159137801335,52.38,ripe
1762152154.4163485,1762152145.2358906,0.773,0.8,13,1,0,24,35.79999999997779,222.15,0.7810607713930784,0.027448274904293357,-0.007142129765744132,52.38,ripe
1762152154.4264767,1762152145.2358906,0.77,0.8,11,3,0,24,35.79999999997779,222.10000000000002,0.7808820738282255,0.027455876704219385,-0.00892275301455836,52.38,ripe
1762152154.4366026,1762152145.2358906,0.767,0.8,12,3,0,24,35.79999999997779,222.05,0.780698629567285,0.027303893960001546,-0.011218969160451397,52.38,ripe
1762152154.4467294,1762152145.2358906,0.765,0.8,12,2,0,24,35.79999999997779,222.0,0.7804564368444449,0.0270576114609399,-0.013216606641028084,52.38,ripe
1762152154.4569147,1762152145.2358906,0.765,0.8,13,3,0,24,35.79999999997779,222.0,0.779943897886427,0.02572694805041803,-0.013823982784718636,52.38,ripe
1762152154.467125,1762152145.2358906,0.764,0.8,12,3,0,24,35.79999999997779,222.05,0.7802843323417064,0.026192746781368067,-0.015224374790852147,52.38,ripe
1762152154.4772382,1762152145.2358906,0.764,0.8,14,2,0,24,35.79999999997779,222.05,0.7796156891566527,0.026146999719616357,-0.015085710381225526,52.38,ripe
1762152154.4873393,1762152145.2358906,0.763,0.8,13,3,0,24,35.79999999997779,222.0,0.7793152275207571,0.02610321876313187,-0.01555023813304346,52.38,ripe
1762152154.4974399,1762152145.2358906,0.761,0.8,12,2,0,24,35.79999999997779,221.95,0.7788719384421471,0.0257900524812135,-0.0164894437482902,52.38,ripe
1762152154.507551,1762152145.2358906,0.759,0.8,11,2,0,24,35.79999999997779,222.0,0.7786895759878674,0.025779902164768467,-0.017998328640938865,52.38,ripe
1762152154.517652,1762152145.2358906,0.763,0.8,13,3,0,24,35.79999999997779,221.95,0.7783935502748497,0.02588116644538831,-0.016547926601385377,52.38,ripe
1762152154.5277445,1762152145.2358906,0.762,0.8,12,3,0,24,35.79999999997779,221.95,0.7783365556657096,0.02649953214587029,-0.016413743828977423,52.38,ripe
1762152154.5378644,1762152145.2358906,0.761,0.8,12,2,0,24,35.79999999997779,221.95,0.7774030215675589,0.02564273852154794,-0.01594161564919283,52.38,ripe
1762152154.5479667,1762152145.2358906,0.761,0.8,12,2,0,24,35.79999999997779,221.95,0.7763663434631821,0.024192104227612442,-0.01513564050399907,52.38,ripe
1762152154.5580955,1762152145.2358906,0.762,0.8,14,4,0,24,35.79999999997779,221.9,0.7795420504406539,0.026375651522083897,-0.01792669896106236,52.38,ripe
1762152154.568189,1762152145.2358906,0.764,0.8,14,3,0,24,35.79999999997779,221.8,0.7761592785148607,0.025223911078692172,-0.013351602775064864,52.38,ripe
1762152154.578301,1762152145.2358906,0.763,0.8,12,2,0,24,35.79999999997779,221.7,0.777558946323483,0.026345266012529976,-0.014655108453585086,52.38,ripe
1762152154.5884032,1762152145.2358906,0.762,0.8,13,2,0,24,35.79999999997779,221.65,0.7761871864433814,0.026364971722971225,-0.013735267508432347,52.38,ripe
1762152154.5985224,1762152145.2358906,0.762,0.8,14,3,0,24,35.79999999997779,221.65,0.7758664488814563,0.026286234341207988,-0.013640489413981771,52.38,ripe
1762152154.6086235,1762152145.2358906,0.764,0.8,14,3,0,24,35.79999999997779,221.7,0.7761465672514402,0.027261760293819874,-0.013033587517702894,52.38,ripe
1762152154.6187315,1762152145.2358906,0.763,0.8,12,3,0,24,35.79999999997779,221.75,0.7753604775275003,0.02679821329349561,-0.012303987660631677,52.38,ripe
1762152154.6288424,1762152145.2358906,0.762,0.8,11,3,0,24,35.79999999997779,221.85,0.7750979125779923,0.026672875576597213,-0.012569667644558025,52.38,ripe
1762152154.6389194,1762152145.2358906,0.762,0.8,13,2,0,24,35.79999999997779,221.9,0.775424087596517,0.028288045162903706,-0.013159965129799889,52.38,ripe
1762152154.6490443,1762152145.2358906,0.763,0.8,13,2,0,24,35.79999999997779,221.95,0.774687352221212,0.028168395636582827,-0.012055290987853406,52.38,ripe
1762152154.659109,1762152145.2358906,0.762,0.8,12,2,0,24,35.79999999997779,221.95,0.7743187704036255,0.028291974289251703,-0.012002739786946215,52.38,ripe
1762152154.669218,1762152145.2358906,0.761,0.8,13,2,0,24,35.79999999997779,221.95,0.7741657071358732,0.02824091285913332,-0.01250769182753353,52.38,ripe
1762152154.679296,1762152145.2358906,0.762,0.8,14,2,0,24,35.79999999997779,221.95,0.7742141699773081,0.027613064845169576,-0.012385162323138244,52.38,ripe
1762152154.689419,1762152145.2358906,0.764,0.8,14,2,0,24,35.79999999997779,222.0,0.7738111362108507,0.02686918117887567,-0.010896632383765814,52.38,ripe
1762152154.699521,1762152145.2358906,0.764,0.8,13,3,0,24,35.79999999997779,222.05,0.7734464153188915,0.026898488082112915,-0.009989163405348944,52.38,ripe
1762152154.7096279,1762152145.2358906,0.765,0.8,14,2,0,24,35.79999999997779,222.1,0.773234850135303,0.026880738112527534,-0.009006224178531808,52.38,ripe
1762152154.719723,1762152145.2358906,0.764,0.8,13,2,0,24,35.79999999997779,222.05,0.7730035342539547,0.02666267881838443,-0.008889221275569126,52.38,ripe
1762152154.729854,1762152145.2358906,0.761,0.8,12,2,0,24,35.79999999997779,222.05,0.7729221164142257,0.02678296816137992,-0.010364959925032835,52.38,ripe
1762152154.739957,1762152145.2358906,0.76,0.8,12,1,0,24,35.79999999997779,222.0,0.7725591798455855,0.02630581388367583,-0.011280601600989093,52.38,ripe
1762152154.7501028,1762152145.2358906,0.762,0.8,13,3,0,24,35.79999999997779,221.95,0.7728648068594899,0.027129509949643638,-0.011225517737191604,52.38,ripe
1762152154.760209,1762152145.2358906,0.761,0.8,13,2,0,24,35.79999999997779,221.9,0.7721691261231336,0.025925656270338028,-0.010849481561984398,52.38,ripe
1762152154.7703097,1762152145.2358906,0.76,0.8,13,2,0,24,35.79999999997779,221.85000000000002,0.7733449251503852,0.027663151172613618,-0.012685102869810616,52.38,ripe
1762152154.7804286,1762152145.2358906,0.759,0.8,12,3,0,24,35.79999999997779,221.75,0.771979968328895,0.026983960905080647,-0.012150057188607732,52.38,ripe
1762152154.7905324,1762152145.2358906,0.76,0.8,13,3,0,24,35.79999999997779,221.64999999999998,0.7715426830618649,0.02696572666063647,-0.011627727491721251,52.38,ripe
1762152154.800623,1762152145.2358906,0.76,0.8,12,3,0,24,35.79999999997779,221.55,0.7713906523022678,0.027530413858727665,-0.011433174517195943,52.38,ripe
1762152154.8107207,1762152145.2358906,0.76,0.8,13,3,0,24,35.79999999997779,221.55,0.771244319217562,0.02685579280521256,-0.011265580325026114,52.38,ripe
1762152154.8208115,1762152145.2358906,0.762,0.8,14,2,0,24,35.79999999997779,221.60000000000002,0.7709932720974925,0.02741675048785256,-0.010003902651224528,52.38,ripe
1762152154.830938,1762152145.2358906,0.763,0.8,14,3,0,24,35.79999999997779,221.65,0.7707027525071843,0.027239735954904767,-0.00870806778405031,52.38,ripe
1762152154.8410516,1762152145.2358906,0.761,0.8,12,3,0,24,35.79999999997779,221.64999999999998,0.7705108524044345,0.026967920746870933,-0.009013510042867545,52.38,ripe
1762152154.8511465,1762152145.2358906,0.76,0.8,12,2,0,24,35.79999999997779,221.6,0.7703838589644331,0.02750552485498897,-0.00963518778364958,52.38,ripe
1762152154.8612707,1762152145.2358906,0.76,0.8,13,3,0,24,35.79999999997779,221.55,0.7702641015892784,0.026973351199585927,-0.00988976599888658,52.38,ripe
1762152154.8713915,1762152145.2358906,0.761,0.8,13,3,0,24,35.79999999997779,221.55,0.7699703815717888,0.027336276801527833,-0.009283213776592913,52.38,ripe
1762152154.8814993,1762152145.2358906,0.763,0.8,14,3,0,24,35.79999999997779,221.55,0.7697945046850874,0.027051267069889466,-0.00795092078748949,52.38,ripe
1762152154.8916092,1762152145.2358906,0.764,0.8,14,3,0,24,35.79999999997779,221.55,0.7695765350175516,0.026959622656715983,-0.006654743068752689,52.38,ripe
1762152154.901726,1762152145.2358906,0.766,0.8,14,3,0,24,35.79999999997779,221.55,0.7694800249736936,0.02710087269870538,-0.005019128999294131,52.38,ripe
1762152154.9118423,1762152145.2358906,0.766,0.8,12,3,0,24,35.79999999997779,221.55,0.7693503214638834,0.02715134288821695,-0.004119873476683633,52.38,ripe
1762152154.9220636,1762152145.2358906,0.767,0.8,12,3,0,24,35.79999999997779,221.55,0.7692948201968922,0.026875160223390263,-0.003179596203292334,52.38,ripe
1762152154.9322364,1762152145.2358906,0.769,0.8,13,3,0,24,35.79999999997779,221.6,0.7689990708753615,0.026706770426902785,-0.001441458878561508,52.38,ripe
1762152154.942334,1762152145.2358906,0.77,0.8,13,3,0,24,35.79999999997779,221.65,0.7695459609845858,0.0267919821664411,-0.0007671549861858473,52.38,ripe
1762152154.9524431,1762152145.2358906,0.77,0.8,12,2,0,24,35.79999999997779,221.65,0.769126535068065,0.02679592684223109,0.0002628679311349469,52.38,ripe
1762152154.9625375,1762152145.2358906,0.77,0.8,13,3,0,24,35.79999999997779,221.65,0.7692162374015493,0.026787032146136203,0.00047846409805074597,52.38,ripe
1762152154.9726303,1762152145.2358906,0.771,0.8,12,4,0,24,35.79999999997779,221.6,0.7694007769688915,0.026709254764510363,0.0009465737809084551,52.38,ripe
1762152154.9827185,1762152145.2358906,0.77,0.8,13,2,0,24,35.79999999997779,221.55,0.7694370697430464,0.026659117541414527,0.0007366056318536263,52.38,ripe
1762152154.992799,1762152145.2358906,0.768,0.8,12,2,0,24,35.79999999997779,221.55,0.7692967799230123,0.02666314653071951,-0.00020994223556225489,52.38,ripe
1762152155.002947,1762152145.2358906,0.769,0.8,13,2,0,24,35.79999999997779,221.45,0.7691342461195532,0.026661012356270077,-9.082727582820915e-05,52.38,ripe
1762152155.0131204,1762152145.2358906,0.77,0.8,12,2,0,24,35.79999999997779,221.39999999999998,0.7691799641930591,0.026664544874643415,0.00034174522880336955,52.38,ripe
1762152155.0232978,1762152145.2358906,0.771,0.8,13,4,0,24,35.79999999997779,221.35,0.7690131690944917,0.026736605848857013,0.00124768561643962,52.38,ripe
1762152155.0334618,1762152145.2358906,0.77,0.8,13,1,0,24,35.79999999997779,221.35,0.7691113921576636,0.0267810766661511,0.0010190351978021095,52.38,ripe
1762152155.043657,1762152145.2358906,0.771,0.8,13,2,0,24,35.79999999997779,221.3,0.7692967402169324,0.026764154032057317,0.00126847346080039,52.38,ripe
1762152155.053774,1762152145.2358906,0.773,0.8,14,2,0,24,35.79999999997779,221.14999999999998,0.7692552701583362,0.026794353792157725,0.00252733668053029,52.38,ripe
1762152155.0639358,1762152145.2358906,0.771,0.8,14,2,0,24,35.79999999997779,221.0,0.7692634126207564,0.026858380537593318,0.0021278907986769235,52.38,ripe
1762152155.0740094,1762152145.2358906,0.77,0.8,13,3,0,24,35.79999999997779,220.95,0.7694166281307872,0.02683311354500766,0.0012790235789295057,52.38,ripe
1762152155.0841153,1762152145.2358906,0.772,0.8,12,4,0,24,35.79999999997779,220.95,0.7693358487966176,0.026898677576601377,0.0020119770582406327,52.38,ripe
1762152155.0941973,1762152145.2358906,0.773,0.8,13,3,0,24,35.79999999997779,221.0,0.7693622914316001,0.02703893624098815,0.002811621495829142,52.38,ripe
1762152155.1043007,1762152145.2358906,0.772,0.8,13,3,0,24,35.79999999997779,220.95,0.7694662848463593,0.02718047759218147,0.0026206716173553524,52.38,ripe
1762152155.1144254,1762152145.2358906,0.772,0.8,13,4,0,24,35.79999999997779,220.95,0.7695442410062591,0.0271595180551866,0.0024992372255981943,52.38,ripe
1762152155.1245446,1762152145.2358906,0.773,0.8,13,3,0,24,35.79999999997779,220.9,0.7696070035703294,0.027241510417542778,0.0029147355455992896,52.38,ripe
1762152155.134632,1762152145.2358906,0.775,0.8,13,3,0,24,35.79999999997779,220.85000000000002,0.7695346489008814,0.026728818216202557,0.004226220657082891,52.38,ripe
1762152155.1447005,1762152145.2358906,0.776,0.8,13,3,0,24,35.79999999997779,220.75,0.7698295247091137,0.026589364586941226,0.005050910069868464,52.38,ripe
1762152155.1547697,1762152145.2358906,0.777,0.8,13,3,0,24,35.79999999997779,220.65,0.7701366252176417,0.02620713222744155,0.005803592171849448,52.38,ripe
1762152155.1648896,1762152145.2358906,0.781,0.8,13,5,0,24,35.79999999997779,220.60000000000002,0.7697883423409568,0.02641658098377968,0.008681766353788811,52.38,ripe
1762152155.1751654,1762152145.2358906,0.781,0.8,12,3,0,24,35.79999999997779,220.65,0.7695750988489833,0.027344894036251344,0.01015995549838955,52.38,ripe
1762152155.1852813,1762152145.2358906,0.783,0.8,15,3,0,24,35.79999999997779,220.8,0.7704429651454857,0.028077963301707455,0.01092456202820069,52.38,ripe
1762152155.1953826,1762152145.2358906,0.785,0.8,15,3,0,24,35.79999999997779,221.0,0.7708074690331251,0.028489198105784243,0.012376294553718137,52.38,ripe
1762152155.205524,1762152145.2358906,0.785,0.8,14,2,0,24,35.79999999997779,221.1,0.770835247184517,0.028540508899681006,0.013256634608904694,52.38,ripe
1762152155.2156415,1762152145.2358906,0.785,0.8,14,2,0,24,35.79999999997779,221.25,0.7711106340360916,0.02860329800514093,0.013435306860619223,52.38,ripe
1762152155.2257628,1762152145.2358906,0.786,0.8,13,3,0,24,35.79999999997779,221.35000000000002,0.7710649689226399,0.028283840684606154,0.014208001525715552,52.38,ripe
1762152155.23588,1762152145.2358906,0.788,0.8,13,3,0,24,35.79999999997779,221.45,0.7714133047058789,0.02794811200964766,0.015223180518298851,52.38,ripe
1762152155.2459908,1762152145.2358906,0.791,0.8,14,2,0,24,35.79999999997779,221.6,0.7720666911021284,0.02839021591219085,0.01675155150996044,52.38,ripe
1762152155.2561173,1762152145.2358906,0.789,0.8,12,2,0,24,35.79999999997779,221.64999999999998,0.7726045662325327,0.02902155814390621,0.016304555073511695,52.38,ripe
1762152155.266224,1762152145.2358906,0.789,0.8,12,3,0,24,35.79999999997779,221.64999999999998,0.7729632980465592,0.029466389675857897,0.015991262606462997,52.38,ripe
1762152155.2763295,1762152145.2358906,0.788,0.8,12,2,0,24,35.79999999997779,221.64999999999998,0.7717398292554363,0.028360076547316797,0.016737451071074827,52.38,ripe
1762152155.2864327,1762152145.2358906,0.79,0.8,13,4,0,24,35.79999999997779,221.64999999999998,0.7732828665650225,0.02848035451001169,0.01595577359823308,52.38,ripe
1762152155.2965512,1762152145.2358906,0.79,0.8,13,3,0,24,35.79999999997779,221.7,0.7734881513899746,0.028393568031239193,0.016131168691653208,52.38,ripe
1762152155.3066735,1762152145.2358906,0.79,0.8,12,3,0,24,35.79999999997779,221.75,0.7738694795978449,0.028411597868826355,0.015940180442969076,52.38,ripe
1762152155.31678,1762152145.2358906,0.789,0.8,12,3,0,24,35.79999999997779,221.75,0.7740529600365031,0.028176607312215985,0.01535186998390392,52.38,ripe
1762152155.3268821,1762152145.2358906,0.788,0.8,13,2,0,24,35.79999999997779,221.7,0.7746196487413416,0.028476399709944363,0.014082766268861957,52.38,ripe
1762152155.3370013,1762152145.2358906,0.788,0.8,14,3,0,24,35.79999999997779,221.6,0.7743412742475175,0.027765288981325284,0.014009933257584262,52.38,ripe
1762152155.3471437,1762152145.2358906,0.788,0.8,12,3,0,24,35.79999999997779,221.55,0.7752321178907882,0.028516062914370425,0.012943485861762749,52.38,ripe
1762152155.3572469,1762152145.2358906,0.79,0.8,14,2,0,24,35.79999999997779,221.6,0.7753679095018559,0.02862404101438139,0.013719892374419618,52.38,ripe
1762152155.3673644,1762152145.2358906,0.791,0.8,14,3,0,24,35.79999999997779,221.6,0.7757813528574333,0.028949727929964423,0.014262548080704374,52.38,ripe
1762152155.3774705,1762152145.2358906,0.791,0.8,13,3,0,24,35.79999999997779,221.65,0.7756345809934545,0.02863667190003209,0.01488736947561431,52.38,ripe
1762152155.387593,1762152145.2358906,0.789,0.8,13,2,0,24,35.79999999997779,221.65,0.7756871547469724,0.02787708130351826,0.014073820487562116,52.38,ripe
1762152155.3977141,1762152145.2358906,0.789,0.8,14,3,0,24,35.79999999997779,221.60000000000002,0.776471209471024,0.028012761542945207,0.012909278146243208,52.38,ripe
1762152155.4078214,1762152145.2358906,0.788,0.8,13,3,0,24,35.79999999997779,221.60000000000002,0.7766918547213328,0.028008801553339593,0.011998389087300776,52.38,ripe
1762152155.4179423,1762152145.2358906,0.789,0.8,13,3,0,24,35.79999999997779,221.55,0.7769829849622224,0.028154490045348406,0.011862136942094481,52.38,ripe
1762152155.428068,1762152145.2358906,0.79,0.8,13,3,0,24,35.79999999997779,221.55,0.7774372510399641,0.028803272195498053,0.011985309912194375,52.38,ripe
1762152155.4381692,1762152145.2358906,0.789,0.8,13,2,0,24,35.79999999997779,221.55,0.7769012522287153,0.028105388263879476,0.012310028247363936,52.38,ripe
1762152155.4482872,1762152145.2358906,0.788,0.8,12,3,0,24,35.79999999997779,221.55,0.7777103200031501,0.028249289935481692,0.010895320234889594,52.38,ripe
1762152155.458384,1762152145.2358906,0.789,0.8,13,2,0,24,35.79999999997779,221.5,0.7775865364002894,0.02764460753395484,0.011216283718730402,52.38,ripe
