Time,ReachedHoldTime,Force,DesiredForce,State,ActualWidth,CommandWidth,Proximity,RawFzL,RawFzR,ForcePrediction,SpringConstant,RLSError,BaselineWidth,Ripeness
1763617851.78296,0,0.05,0.5,0,1,1,197,220,205.0,None,None,None,0.0,unknown
1763617851.9408116,0,0.08333333333333333,0.5,0,3,1,203.33333333333334,219.9,205.0,None,None,None,0.0,unknown
1763617852.118967,0,0.1,0.5,1,2,1,206.5,219.8,207.5,None,None,None,206.5,unknown
1763617852.4742758,0,0.1,0.5,1,1,1,208.4,219.70000000000002,211.0,None,None,None,206.5,unknown
1763617852.5603154,0,0.10833333333333334,0.5,1,2,1,209.66666666666666,219.60000000000002,211.66666666666669,0.0,None,0.10416666666666667,206.5,unknown
1763617852.677926,1763617852.745719,0.1,0.5,0,1,1,210.57142857142858,219.50000000000003,212.85714285714283,0.05603339632981334,-0.0023039064054110885,0.04604993700351999,206.5,overripe
1763617853.0416975,1763617852.745719,0.09375,0.5,0,1,1,211.25,219.40000000000003,213.125,None,None,None,206.5,unknown
1763617853.078797,1763617852.745719,0.08888888888888889,0.5,0,1,1,211.77777777777777,219.30000000000004,213.33333333333334,None,None,None,206.5,unknown
1763617853.1735969,1763617852.745719,0.085,0.5,0,1,1,212.4,219.20000000000005,213.5,None,None,None,206.5,unknown
1763617853.339581,1763617852.745719,0.08636363636363636,0.5,0,2,1,210.8181818181818,219.10000000000005,212.27272727272725,None,None,None,206.5,unknown
1763617853.5912404,1763617852.745719,0.09166666666666667,0.5,1,2,1,209.5,219.00000000000006,211.25,None,None,None,206.5,unknown
1763617853.8380651,1763617852.745719,0.09230769230769231,0.5,0,2,1,208.3846153846154,218.90000000000006,211.53846153846155,None,None,None,206.5,unknown
1763617854.071552,1763617852.745719,0.09285714285714286,0.5,0,2,1,207.42857142857142,218.80000000000007,211.07142857142858,None,None,None,206.5,unknown
1763617854.1256623,1763617852.745719,0.09,0.5,0,1,1,206.6,218.70000000000007,211.0,None,None,None,206.5,unknown
1763617854.4257514,1763617852.745719,0.090625,0.5,1,1,1,205.875,218.60000000000008,210.625,None,None,None,206.5,unknown
1763617854.634194,1763617852.745719,0.09411764705882353,0.5,1,2,1,205.23529411764707,218.50000000000009,210.0,None,None,None,206.5,unknown
1763617854.859464,1763617852.745719,0.09444444444444444,0.5,0,2,1,204.66666666666666,218.4000000000001,209.72222222222223,None,None,None,206.5,unknown
1763617854.9661613,1763617852.745719,0.09210526315789473,0.5,1,0,1,204.1578947368421,218.3000000000001,209.73684210526318,None,None,None,206.5,unknown
1763617855.0844004,1763617852.745719,0.0925,0.5,0,2,1,204.75,218.2000000000001,209.5,None,None,None,206.5,unknown
1763617855.264021,1763617852.745719,0.09285714285714286,0.5,1,1,1,205.28571428571428,218.1000000000001,209.76190476190476,None,None,None,206.5,unknown
1763617855.4383464,1763617852.745719,0.09090909090909091,0.5,0,1,1,205.77272727272728,218.0000000000001,208.86363636363637,None,None,None,206.5,unknown
1763617855.7303114,1763617852.745719,0.0891304347826087,0.5,0,1,1,206.2173913043478,217.90000000000012,206.95652173913044,None,None,None,206.5,unknown
1763617855.7917175,1763617852.745719,0.08750000000000001,0.5,1,0,1,206.625,217.80000000000013,205.0,None,None,None,206.5,unknown
1763617855.910291,1763617852.745719,0.08600000000000001,0.5,0,1,1,207,217.70000000000013,203.39999999999998,None,None,None,206.5,unknown
1763617856.0216694,1763617852.745719,0.08269230769230769,0.5,0,0,1,207.34615384615384,217.60000000000014,201.53846153846155,None,None,None,206.5,unknown
1763617856.1548579,1763617852.745719,0.07962962962962963,0.5,0,0,1,207.66666666666666,217.50000000000014,199.8148148148148,None,None,None,206.5,unknown
1763617856.2004824,1763617852.745719,0.08035714285714286,0.5,1,1,1,207.96428571428572,217.40000000000015,198.03571428571428,None,None,None,206.5,unknown
1763617856.2681663,1763617852.745719,0.08103448275862069,0.5,1,1,1,208.24137931034483,217.30000000000015,196.89655172413794,None,None,None,206.5,unknown
1763617856.6985512,1763617852.745719,0.08,0.5,0,1,1,207.8,217.20000000000016,195.33333333333331,None,None,None,206.5,unknown
1763617856.8323023,1763617852.745719,0.07741935483870968,0.5,0,0,1,207.38709677419354,217.10000000000016,194.03225806451616,None,None,None,206.5,unknown
1763617857.1292024,1763617852.745719,0.0765625,0.5,1,0,1,207,217.00000000000017,192.65625,None,None,None,206.5,unknown
1763617857.393836,1763617852.745719,0.07424242424242425,0.5,0,0,1,206.63636363636363,216.90000000000018,191.66666666666669,None,None,None,206.5,unknown
1763617857.4912472,1763617852.745719,0.07352941176470588,0.5,0,1,1,206.2941176470588,216.80000000000018,190.73529411764707,None,None,None,206.5,unknown
1763617857.6098168,1763617852.745719,0.07142857142857142,0.5,0,0,1,205.97142857142856,216.7000000000002,189.71428571428572,None,None,None,206.5,unknown
1763617857.9498973,1763617852.745719,0.07222222222222223,0.5,0,2,1,205.66666666666666,216.6000000000002,189.16666666666666,None,None,None,206.5,unknown
1763617858.1364584,1763617852.745719,0.07027027027027027,0.5,0,0,1,205.3783783783784,216.5000000000002,188.78378378378378,None,None,None,206.5,unknown
1763617858.307667,1763617852.745719,0.06973684210526317,0.5,0,1,1,205.10526315789474,216.4000000000002,188.0263157894737,None,None,None,206.5,unknown
1763617858.3681211,1763617852.745719,0.06794871794871796,0.5,0,0,1,204.84615384615384,216.3000000000002,187.30769230769232,None,None,None,206.5,unknown
1763617858.4738507,1763617852.745719,0.06625,0.5,0,0,1,204.6,216.20000000000022,186.5,None,None,None,206.5,unknown
1763617858.5855844,1763617852.745719,0.06463414634146342,0.5,0,0,1,204.8780487804878,216.10000000000022,185.97560975609758,None,None,None,206.5,unknown
1763617858.7082233,1763617852.745719,0.0630952380952381,0.5,0,0,1,205.14285714285714,216.00000000000023,185.47619047619048,None,None,None,206.5,unknown
1763617858.775154,1763617852.745719,0.06279069767441861,0.5,0,1,1,205.3953488372093,215.90000000000023,185.0,None,None,None,206.5,unknown
1763617858.8809984,1763617852.745719,0.06136363636363636,0.5,0,0,1,205.63636363636363,215.80000000000024,184.54545454545456,None,None,None,206.5,unknown
1763617859.1036055,1763617852.745719,0.060000000000000005,0.5,0,0,1,205.86666666666667,215.70000000000024,184.11111111111111,None,None,None,206.5,unknown
1763617859.139556,1763617852.745719,0.059782608695652176,0.5,0,1,1,206.08695652173913,215.60000000000025,183.80434782608694,None,None,None,206.5,unknown
1763617859.2165012,1763617852.745719,0.059574468085106386,0.5,1,0,1,206.29787234042553,215.50000000000026,183.40425531914894,None,None,None,206.5,unknown
1763617859.4745831,1763617852.745719,0.06041666666666667,0.5,2,0,1,206.5,215.40000000000026,183.33333333333334,None,None,None,206.5,unknown
1763617859.5516922,1763617852.745719,0.06020408163265306,0.5,0,1,1,206.69387755102042,215.30000000000027,182.85714285714286,None,None,None,206.5,unknown
1763617859.726397,1763617852.745719,0.060000000000000005,0.5,0,1,1,206.46,215.20000000000027,182.4,None,None,None,206.5,unknown
1763617860.1705167,1763617852.745719,0.060000000000000005,0.5,0,1,1,206.23529411764707,215.10000000000028,181.9607843137255,None,None,None,206.5,unknown
1763617860.209614,1763617852.745719,0.059000000000000004,0.5,0,0,1,206.01923076923077,215.00000000000028,181.44230769230768,None,None,None,206.5,unknown
1763617860.6452231,1763617852.745719,0.057,0.5,0,1,1,205.81132075471697,214.9000000000003,181.22641509433964,None,None,None,206.5,unknown
1763617860.7930946,1763617852.745719,0.056,0.5,1,1,1,205.61111111111111,214.8000000000003,181.01851851851853,None,None,None,206.5,unknown
1763617860.971214,1763617852.745719,0.054,0.5,0,0,1,205.4181818181818,214.7000000000003,180.72727272727275,None,None,None,206.5,unknown
1763617861.1253722,1763617852.745719,0.051000000000000004,0.5,0,0,1,205.23214285714286,214.6000000000003,180.44642857142856,None,None,None,206.5,unknown
1763617861.230549,1763617852.745719,0.051000000000000004,0.5,0,1,1,205.05263157894737,214.5000000000003,180.26315789473682,None,None,None,206.5,unknown
1763617861.3135839,1763617852.745719,0.051000000000000004,0.5,0,1,1,204.8793103448276,214.40000000000032,179.74137931034483,None,None,None,206.5,unknown
1763617861.3473556,1763617852.745719,0.053000000000000005,0.5,1,2,1,204.71186440677965,214.30000000000032,179.40677966101694,None,None,None,206.5,unknown
1763617861.3884857,1763617852.745719,0.053000000000000005,0.5,1,0,1,204.55,214.20000000000033,179.08333333333331,None,None,None,206.5,unknown
1763617861.429784,1763617852.745719,0.053000000000000005,0.5,1,1,1,204.45901639344262,214.10000000000034,178.68852459016392,None,None,None,206.5,unknown
1763617861.575134,1763617852.745719,0.052000000000000005,0.5,1,1,1,204.6451612903226,214.00000000000034,178.38709677419354,None,None,None,206.5,unknown
1763617861.6105404,1763617852.745719,0.052000000000000005,0.5,0,2,1,204.82539682539684,213.90000000000035,178.25396825396825,None,None,None,206.5,unknown
1763617861.66625,1763617852.745719,0.05,0.5,0,0,1,205,213.80000000000035,178.046875,None,None,None,206.5,unknown
1763617861.729297,1763617852.745719,0.05,0.5,0,1,1,205.16923076923078,213.70000000000036,177.84615384615387,None,None,None,206.5,unknown
1763617861.906294,1763617852.745719,0.049,0.5,1,0,1,205.33333333333334,213.60000000000036,177.57575757575756,None,None,None,206.5,unknown
1763617862.1105936,1763617852.745719,0.047,0.5,0,1,1,205.49253731343285,213.50000000000037,177.3134328358209,None,None,None,206.5,unknown
1763617862.398682,1763617852.745719,0.047,0.5,1,1,1,205.64705882352942,213.40000000000038,177.13235294117646,None,None,None,206.5,unknown
1763617862.5083594,1763617852.745719,0.047,0.5,0,1,1,205.65217391304347,213.30000000000038,176.95652173913044,None,None,None,206.5,unknown
1763617862.7216873,1763617852.745719,0.046,0.5,0,1,1,205.5,213.2000000000004,176.85714285714283,None,None,None,206.5,unknown
1763617862.914228,1763617852.745719,0.045000000000000005,0.5,1,0,1,205.35211267605635,213.1000000000004,176.69014084507043,None,None,None,206.5,unknown
1763617863.1217625,1763617852.745719,0.044000000000000004,0.5,0,0,1,205.20833333333334,213.0000000000004,176.52777777777777,None,None,None,206.5,unknown
1763617863.3196332,1763617852.745719,0.044000000000000004,0.5,0,1,1,205.06849315068493,212.9000000000004,176.3013698630137,None,None,None,206.5,unknown
1763617863.3607945,1763617852.745719,0.044000000000000004,0.5,1,0,1,204.93243243243242,212.8000000000004,176.21621621621622,None,None,None,206.5,unknown
1763617863.4669855,1763617852.745719,0.044000000000000004,0.5,1,0,1,204.8,212.70000000000041,176.13333333333333,None,None,None,206.5,unknown
1763617863.5267062,1763617852.745719,0.044000000000000004,0.5,0,0,1,204.67105263157896,212.60000000000042,176.11842105263156,None,None,None,206.5,unknown
1763617863.6102164,1763617852.745719,0.046,0.5,1,1,1,204.54545454545453,212.50000000000043,176.1038961038961,None,None,None,206.5,unknown
1763617863.8380728,1763617852.745719,0.044000000000000004,0.5,0,0,1,204.42307692307693,212.40000000000043,175.96153846153845,None,None,None,206.5,unknown
1763617863.962032,1763617852.745719,0.043000000000000003,0.5,0,1,1,204.30379746835442,212.30000000000044,175.7594936708861,None,None,None,206.5,unknown
1763617864.094837,1763617852.745719,0.042,0.5,0,0,1,204.45,212.20000000000044,175.625,None,None,None,206.5,unknown
1763617864.1933734,1763617852.745719,0.042,0.5,0,0,1,204.59259259259258,212.10000000000045,175.55555555555554,None,None,None,206.5,unknown
1763617864.2464402,1763617852.745719,0.041,0.5,0,0,1,204.73170731707316,212.00000000000045,175.3658536585366,None,None,None,206.5,unknown
1763617864.3406887,1763617852.745719,0.041,0.5,0,0,1,204.86746987951807,211.90000000000046,175.24096385542168,None,None,None,206.5,unknown
1763617864.3828754,1763617852.745719,0.042,0.5,1,1,1,205,211.80000000000047,175.17857142857142,None,None,None,206.5,unknown
1763617864.5335166,1763617852.745719,0.042,0.5,0,0,1,205.12941176470588,211.70000000000047,175.11764705882354,None,None,None,206.5,unknown
1763617864.6627693,1763617852.745719,0.042,0.5,1,1,1,205.25581395348837,211.60000000000048,175.0581395348837,None,None,None,206.5,unknown
1763617864.8581767,1763617852.745719,0.042,0.5,0,0,1,205.3793103448276,211.50000000000048,175.0574712643678,None,None,None,206.5,unknown
1763617864.9909291,1763617852.745719,0.041,0.5,0,0,1,205.5,211.4000000000005,175.0,None,None,None,206.5,unknown
1763617865.0823338,1763617852.745719,0.043000000000000003,0.5,1,1,1,205.61797752808988,211.3000000000005,174.9438202247191,None,None,None,206.5,unknown
1763617865.152663,1763617852.745719,0.045000000000000005,0.5,1,1,1,205.5,211.2000000000005,174.83333333333331,None,None,None,206.5,unknown
1763617865.21626,1763617852.745719,0.045000000000000005,0.5,0,0,1,205.3846153846154,211.1000000000005,174.7802197802198,None,None,None,206.5,unknown
1763617865.457229,1763617852.745719,0.045000000000000005,0.5,0,0,1,205.27173913043478,211.0000000000005,174.7826086956522,None,None,None,206.5,unknown
1763617865.5771697,1763617852.745719,0.044000000000000004,0.5,0,0,1,205.16129032258064,210.90000000000052,174.7311827956989,None,None,None,206.5,unknown
1763617865.591614,1763617852.745719,0.045000000000000005,0.5,0,1,1,205.0531914893617,210.80000000000052,174.68085106382978,None,None,None,206.5,unknown
1763617865.8051555,1763617852.745719,0.045000000000000005,0.5,0,0,1,204.94736842105263,210.70000000000053,174.78947368421052,None,None,None,206.5,unknown
1763617866.1795824,1763617852.745719,0.044000000000000004,0.5,0,0,1,204.84375,210.60000000000053,174.73958333333331,None,None,None,206.5,unknown
1763617866.2984147,1763617852.745719,0.043000000000000003,0.5,0,0,1,204.7422680412371,210.50000000000054,174.63917525773195,None,None,None,206.5,unknown
1763617866.4393213,1763617852.745719,0.043000000000000003,0.5,0,2,1,204.64285714285714,210.40000000000055,174.48979591836735,None,None,None,206.5,unknown
1763617866.6041517,1763617852.745719,0.042,0.5,0,0,1,204.54545454545453,210.30000000000055,174.44444444444446,None,None,None,206.5,unknown
1763617866.8005202,1763617852.745719,0.041,0.5,0,0,1,204.66,210.20000000000056,174.3,None,None,None,206.5,unknown
1763617866.8964138,1763617852.745719,0.041,0.5,1,0,1,205.04,210.10000000000056,173.89999999999998,None,None,None,206.5,unknown
1763617866.9922729,1763617852.745719,0.042,0.5,1,0,1,205.04,210.00000000000057,173.45,None,None,None,206.5,unknown
1763617867.1326656,1763617852.745719,0.041,0.5,0,0,1,205.04,209.90000000000057,173.10000000000002,None,None,None,206.5,unknown
1763617867.2545934,1763617852.745719,0.04,0.5,0,1,1,205.04,209.80000000000058,172.55,None,None,None,206.5,unknown
1763617867.6238978,1763617852.745719,0.041,0.5,1,0,1,205.04,209.70000000000059,172.0,None,None,None,206.5,unknown
1763617867.6414204,1763617852.745719,0.042,0.5,1,0,1,205.04,209.6000000000006,171.55,None,None,None,206.5,unknown
1763617867.68969,1763617852.745719,0.041,0.5,0,0,1,205.04,209.5000000000006,170.95,None,None,None,206.5,unknown
1763617867.8473175,1763617852.745719,0.04,0.5,0,0,1,205.04,209.4000000000006,170.55,None,None,None,206.5,unknown
1763617868.0054462,1763617852.745719,0.038,0.5,1,0,1,205.06,209.3000000000006,170.05,None,None,None,206.5,unknown
1763617868.0623114,1763617852.745719,0.037000000000000005,0.5,0,0,1,204.69,209.2000000000006,169.65,None,None,None,206.5,unknown
1763617868.3592649,1763617852.745719,0.035,0.5,0,0,1,204.59,209.10000000000062,169.25,None,None,None,206.5,unknown
1763617868.7973807,1763617852.745719,0.035,0.5,2,0,1,204.49,209.00000000000063,169.0,None,None,None,206.5,unknown
1763617868.8448675,1763617852.745719,0.035,0.5,2,0,1,204.35,208.90000000000063,168.60000000000002,None,None,None,206.5,unknown
1763617868.8926737,1763617852.745719,0.036000000000000004,0.5,1,0,1,204.21,208.80000000000064,168.3,None,None,None,206.5,unknown
1763617869.0034938,1763617852.745719,0.035,0.5,0,0,1,204.07,208.70000000000064,167.9,None,None,None,206.5,unknown
1763617869.1305456,1763617852.745719,0.034,0.5,0,0,1,203.93,208.60000000000065,167.65,None,None,None,206.5,unknown
1763617869.2652729,1763617852.745719,0.035,0.5,1,1,1,203.79,208.50000000000065,167.55,None,None,None,206.5,unknown
1763617869.3665457,1763617852.745719,0.034,0.5,1,0,1,203.69,208.40000000000066,167.2,None,None,None,206.5,unknown
1763617869.4871264,1763617852.745719,0.034,0.5,1,0,1,203.62,208.30000000000067,166.9,None,None,None,206.5,unknown
1763617869.6317496,1763617852.745719,0.034,0.5,1,0,1,203.52,208.20000000000067,166.7,None,None,None,206.5,unknown
1763617869.6864128,1763617852.745719,0.033,0.5,0,0,1,203.42,208.10000000000068,166.45,None,None,None,206.5,unknown
1763617869.8644,1763617852.745719,0.033,0.5,0,0,1,203.32,208.00000000000068,166.39999999999998,None,None,None,206.5,unknown
1763617870.0451167,1763617852.745719,0.032,0.5,0,0,1,203.22,207.9000000000007,166.45,None,None,None,206.5,unknown
1763617870.1265757,1763617852.745719,0.032,0.5,1,0,1,203.12,207.8000000000007,166.60000000000002,None,None,None,206.5,unknown
1763617870.2150788,1763617852.745719,0.032,0.5,1,0,1,203.02,207.7000000000007,166.7,None,None,None,206.5,unknown
1763617870.2617342,1763617852.745719,0.033,0.5,1,0,1,202.92,207.6000000000007,166.95,None,None,None,206.5,unknown
1763617870.4192698,1763617852.745719,0.031000000000000003,0.5,0,0,1,202.82,207.5000000000007,167.2,None,None,None,206.5,unknown
1763617870.4449804,1763617852.745719,0.032,0.5,1,0,1,202.72,207.40000000000072,167.55,None,None,None,206.5,unknown
1763617870.5336673,1763617852.745719,0.031000000000000003,0.5,0,0,1,202.62,207.30000000000072,167.75,None,None,None,206.5,unknown
1763617870.7341857,1763617852.745719,0.032,0.5,0,1,1,202.48,207.20000000000073,167.95,None,None,None,206.5,unknown
1763617870.825182,1763617852.745719,0.033,0.5,0,1,1,202.38,207.10000000000073,168.10000000000002,None,None,None,206.5,unknown
1763617870.9601293,1763617852.745719,0.035,0.5,1,1,1,202.24,207.00000000000074,168.3,None,None,None,206.5,unknown
1763617871.0581365,1763617852.745719,0.037000000000000005,0.5,0,2,1,202.14,206.90000000000074,168.4,None,None,None,206.5,unknown
1763617871.142809,1763617852.745719,0.036000000000000004,0.5,0,1,1,202.04,206.80000000000075,168.45,None,None,None,206.5,unknown
1763617871.257771,1763617852.745719,0.039,0.5,2,1,1,201.9,206.70000000000076,168.5,None,None,None,206.5,unknown
1763617871.4344556,1763617852.745719,0.038,0.5,1,0,1,201.8,206.60000000000076,168.5,None,None,None,206.5,unknown
1763617871.5739346,1763617852.745719,0.038,0.5,0,0,1,201.7,206.50000000000077,168.45,None,None,None,206.5,unknown
1763617871.8688266,1763617852.745719,0.04,0.5,0,2,1,201.6,206.40000000000077,168.55,None,None,None,206.5,unknown
1763617871.9138322,1763617852.745719,0.039,0.5,0,1,1,201.5,206.30000000000078,168.65,None,None,None,206.5,unknown
1763617871.953546,1763617852.745719,0.037000000000000005,0.5,0,0,1,201.4,206.20000000000078,168.8,None,None,None,206.5,unknown
1763617872.1962333,1763617852.745719,0.038,0.5,0,1,1,201.19,206.1000000000008,169.0,None,None,None,206.5,unknown
1763617872.386959,1763617852.745719,0.038,0.5,0,0,1,200.98,206.0000000000008,169.2,None,None,None,206.5,unknown
1763617872.6779528,1763617852.745719,0.039,0.5,0,1,1,200.88,205.9000000000008,169.35,None,None,None,206.5,unknown
1763617872.764007,1763617852.745719,0.038,0.5,0,0,1,200.78,205.8000000000008,169.5,None,None,None,206.5,unknown
1763617872.907449,1763617852.745719,0.039,0.5,0,1,1,200.68,205.7000000000008,169.6,None,None,None,206.5,unknown
1763617872.945961,1763617852.745719,0.039,0.5,0,0,1,200.58,205.60000000000082,169.7,None,None,None,206.5,unknown
1763617873.0281656,1763617852.745719,0.04,0.5,0,1,1,200.48,205.50000000000082,169.8,None,None,None,206.5,unknown
1763617873.1588953,1763617852.745719,0.039,0.5,0,1,1,200.38,205.40000000000083,169.75,None,None,None,206.5,unknown
1763617873.3105183,1763617852.745719,0.039,0.5,0,0,1,200.17,205.30000000000084,169.9,None,None,None,206.5,unknown
1763617873.4290476,1763617852.745719,0.04,0.5,0,1,1,200.03,205.20000000000084,169.89999999999998,None,None,None,206.5,unknown
1763617873.5136533,1763617852.745719,0.041,0.5,0,2,1,199.89,205.10000000000085,169.95,None,None,None,206.5,unknown
1763617873.644864,1763617852.745719,0.04,0.5,0,0,1,199.79,205.00000000000085,170.1,None,None,None,206.5,unknown
1763617873.8089914,1763617852.745719,0.04,0.5,0,0,1,199.65,204.90000000000086,170.0,None,None,None,206.5,unknown
1763617874.0980282,1763617852.745719,0.04,0.5,1,0,1,199.51,204.80000000000086,169.95,None,None,None,206.5,unknown
1763617874.2207816,1763617852.745719,0.04,0.5,0,1,1,199.37,204.70000000000087,169.95,None,None,None,206.5,unknown
1763617874.451754,1763617852.745719,0.04,0.5,0,1,1,199.27,204.60000000000088,169.89999999999998,None,None,None,206.5,unknown
1763617874.6334846,1763617852.745719,0.042,0.5,0,2,1,199.17,204.50000000000088,169.85000000000002,None,None,None,206.5,unknown
1763617874.9451888,1763617852.745719,0.043000000000000003,0.5,1,0,1,199.03,204.4000000000009,170.0,None,None,None,206.5,unknown
1763617875.0505748,1763617852.745719,0.043000000000000003,0.5,0,1,1,198.93,204.3000000000009,170.05,None,None,None,206.5,unknown
1763617875.1968486,1763617852.745719,0.045000000000000005,0.5,1,1,1,199.04,204.2000000000009,170.3,None,None,None,206.5,unknown
1763617875.3508701,1763617852.745719,0.045000000000000005,0.5,0,0,1,199.11,204.1000000000009,170.60000000000002,None,None,None,206.5,unknown
1763617875.531259,1763617852.745719,0.045000000000000005,0.5,0,2,1,199.01,204.0000000000009,170.8,None,None,None,206.5,unknown
1763617875.6333823,1763617852.745719,0.045000000000000005,0.5,1,1,1,198.91,203.90000000000092,171.05,None,None,None,206.5,unknown
1763617875.7926402,1763617852.745719,0.046,0.5,1,1,1,198.81,203.80000000000092,171.25,None,None,None,206.5,unknown
1763617875.935407,1763617852.745719,0.049,0.5,2,1,1,198.71,203.70000000000093,171.5,None,None,None,206.5,unknown
1763617875.9518003,1763617852.745719,0.05,0.5,1,0,1,198.59,203.60000000000093,171.8,None,None,None,206.5,unknown
1763617876.0203156,1763617852.745719,0.051000000000000004,0.5,1,2,1,198.49,203.50000000000094,172.15,None,None,None,206.5,unknown
1763617876.2044096,1763617852.745719,0.052000000000000005,0.5,0,2,1,198.39,203.40000000000094,172.3,None,None,None,206.5,unknown
1763617876.246064,1763617852.745719,0.053000000000000005,0.5,1,1,1,198.39,203.30000000000095,172.5,None,None,None,206.5,unknown
1763617876.352792,1763617852.745719,0.053000000000000005,0.5,0,1,1,198.5,203.20000000000095,172.60000000000002,None,None,None,206.5,unknown
1763617876.4583402,1763617852.745719,0.054,0.5,0,1,1,198.4,203.10000000000096,172.85,None,None,None,206.5,unknown
1763617876.6214247,1763617852.745719,0.057,0.5,2,1,1,198.3,203.00000000000097,173.1,None,None,None,206.5,unknown
1763617876.8015065,1763617852.745719,0.059000000000000004,0.5,1,1,1,198.2,202.90000000000097,173.5,None,None,None,206.5,unknown
1763617876.9345062,1763617852.745719,0.059000000000000004,0.5,0,1,1,198.1,202.80000000000098,173.7,None,None,None,206.5,unknown
1763617876.9978411,1763617852.745719,0.063,0.5,2,3,1,198,202.70000000000098,173.95,None,None,None,206.5,unknown
1763617877.1428382,1763617852.745719,0.065,0.5,1,2,1,197.9,202.600000000001,174.1,None,None,None,206.5,unknown
1763617877.340251,1763617852.745719,0.068,0.5,1,2,1,197.8,202.500000000001,174.3,None,None,None,206.5,unknown
1763617877.4665203,1763617852.745719,0.07,0.5,2,1,1,197.7,202.400000000001,174.55,None,None,None,206.5,unknown
1763617877.4893653,1763617852.745719,0.07200000000000001,0.5,0,2,1,197.6,202.300000000001,174.89999999999998,None,None,None,206.5,unknown
1763617877.504365,1763617852.745719,0.073,0.5,0,2,1,197.29,202.200000000001,175.2,None,None,None,206.5,unknown
1763617877.5646791,1763617852.745719,0.074,0.5,1,1,1,196.98,202.10000000000102,175.5,None,None,None,206.5,unknown
1763617877.595926,1763617852.745719,0.076,0.5,2,2,1,196.7,202.00000000000102,175.89999999999998,None,None,None,206.5,unknown
1763617877.944608,1763617852.745719,0.075,0.5,1,0,1,196.6,201.90000000000103,176.14999999999998,None,None,None,206.5,unknown
1763617878.124679,1763617852.745719,0.076,0.5,1,1,1,196.5,201.80000000000103,176.25,None,None,None,206.5,unknown
1763617878.181324,1763617852.745719,0.074,0.5,0,1,1,196.4,201.70000000000104,176.4,None,None,None,206.5,unknown
1763617878.216536,1763617852.745719,0.075,0.5,1,1,1,196.3,201.60000000000105,176.5,None,None,None,206.5,unknown
1763617878.3329837,1763617852.745719,0.079,0.5,2,2,1,196.2,201.50000000000105,176.65,None,None,None,206.5,unknown
1763617878.4084635,1763617852.745719,0.079,0.5,1,1,1,196.1,201.40000000000106,176.8,None,None,None,206.5,unknown
1763617878.4732172,1763617852.745719,0.082,0.5,1,3,1,196,201.30000000000106,176.95,None,None,None,206.5,unknown
1763617878.6375005,1763617852.745719,0.084,0.5,0,2,1,195.86,201.20000000000107,177.1,None,None,None,206.5,unknown
1763617878.6607642,1763617852.745719,0.08700000000000001,0.5,1,3,1,195.76,201.10000000000107,177.25,None,None,None,206.5,unknown
1763617878.704428,1763617852.745719,0.09,0.5,1,2,1,195.66,201.00000000000108,177.35000000000002,None,None,None,206.5,unknown
1763617878.7415001,1763617852.745719,0.092,0.5,2,1,1,195.56,200.90000000000109,177.5,None,None,None,206.5,unknown
1763617878.9598637,1763617852.745719,0.094,0.5,0,2,1,195.42,200.8000000000011,177.55,None,None,None,206.5,unknown
1763617879.1262362,1763617852.745719,0.095,0.5,1,1,1,195.32,200.7000000000011,177.45,None,None,None,206.5,unknown
1763617879.2793984,1763617852.745719,0.095,0.5,0,0,1,195.22,200.6000000000011,177.65,None,None,None,206.5,unknown
1763617879.4311872,1763617852.745719,0.096,0.5,1,1,1,195.12,200.5000000000011,177.9,None,None,None,206.5,unknown
1763617879.6158788,1763617852.745719,0.095,0.5,0,0,1,195.02,200.4000000000011,178.1,None,None,None,206.5,unknown
1763617879.7067313,1763617852.745719,0.096,0.5,1,0,1,194.95,200.30000000000112,178.3,None,None,None,206.5,unknown
1763617879.8312736,1763617852.745719,0.1,0.5,2,3,1,194.74,200.20000000000113,178.45,None,None,None,206.5,unknown
1763617879.994413,1763617852.745719,0.099,0.5,0,1,1,194.62,200.10000000000113,178.7,None,None,None,206.5,unknown
1763617880.117194,1763617852.745719,0.1,0.5,0,1,1,194.52,200.00000000000114,178.8,None,None,None,206.5,unknown
1763617880.2593408,1763617852.745719,0.10300000000000001,0.5,2,1,1,194.42,199.90000000000114,178.85000000000002,None,None,None,206.5,unknown
1763617880.3665714,1763617852.745719,0.105,0.5,1,2,1,194.32,199.80000000000115,178.9,-0.021973884469144864,None,0.1253540928024782,206.5,unknown
1763617880.4974024,1763617852.745719,0.10400000000000001,0.5,0,0,1,194.22,199.70000000000115,178.85,-0.02158490147903619,None,0.12527500564570287,206.5,unknown
1763617880.7507522,1763617852.745719,0.105,0.5,1,1,1,194.12,199.60000000000116,178.7,-0.018764274798139753,None,0.12310932688147308,206.5,unknown
1763617880.83277,1763617852.745719,0.105,0.5,0,2,1,194.02,199.50000000000117,178.75,-0.014866185434351115,None,0.11953871147601777,206.5,unknown
1763617881.0244687,1763617852.745719,0.105,0.5,0,1,1,193.92,199.40000000000117,178.75,-0.010573716326212042,None,0.11540997934704536,206.5,unknown
1763617881.1207938,1763617852.745719,0.105,0.5,0,1,1,193.8,199.30000000000118,178.9,-0.006206444227664859,None,0.11112457573808152,206.5,unknown
1763617881.1847014,1763617852.745719,0.105,0.5,1,1,1,193.94,199.20000000000118,178.95,-0.0018676278619829884,None,0.10682669361719131,206.5,unknown
1763617881.3150637,1763617852.745719,0.105,0.5,0,0,1,193.87,199.1000000000012,178.8,0.0022528334054063154,None,0.10272669947219785,206.5,unknown
1763617881.4500134,1763617881.5213568,0.10400000000000001,0.5,0,1,1,193.8,199.0000000000012,178.5,0.006192222717157862,0.0007832181910914279,0.09829754372164423,206.5,overripe
1763617881.743334,1763617881.5213568,0.10300000000000001,0.5,0,1,1,193.77,198.9000000000012,178.14999999999998,0.009935639285918294,0.0010592163623402472,0.09380924393348275,206.5,overripe
1763617881.8909643,1763617881.5213568,0.101,0.5,0,0,1,193.74,198.8000000000012,177.75,0.013476229446149098,0.00131700408917336,0.08889621216355142,206.5,overripe
1763617882.1123111,1763617881.5213568,0.099,0.5,0,1,1,193.71,198.7000000000012,177.5,None,None,None,206.5,unknown
1763617882.230863,1763617881.5213568,0.099,0.5,0,1,1,193.68,198.60000000000122,177.05,None,None,None,206.5,unknown
1763617882.267485,1763617881.5213568,0.096,0.5,0,0,1,193.65,198.50000000000122,176.6,None,None,None,206.5,unknown
1763617882.3330302,1763617881.5213568,0.094,0.5,0,0,1,193.58,198.40000000000123,176.3,None,None,None,206.5,unknown
1763617882.4950135,1763617881.5213568,0.094,0.5,0,2,1,193.65,198.30000000000123,176.3,None,None,None,206.5,unknown
1763617882.806355,1763617881.5213568,0.093,0.5,0,0,1,193.54,198.20000000000124,176.25,None,None,None,206.5,unknown
1763617882.9281044,1763617881.5213568,0.092,0.5,0,0,1,193.43,198.10000000000124,176.1,None,None,None,206.5,unknown
1763617883.0598283,1763617881.5213568,0.09,0.5,1,0,1,193.32,198.00000000000125,176.0,None,None,None,206.5,unknown
1763617883.1142046,1763617881.5213568,0.09,0.5,1,1,1,193.21,197.90000000000126,176.1,None,None,None,206.5,unknown
1763617883.1773973,1763617881.5213568,0.09,0.5,0,1,1,193.1,197.80000000000126,176.15,None,None,None,206.5,unknown
1763617883.3013535,1763617881.5213568,0.08600000000000001,0.5,0,1,1,192.99,197.70000000000127,176.3,None,None,None,206.5,unknown
1763617883.479173,1763617881.5213568,0.084,0.5,1,0,1,192.88,197.60000000000127,176.35,None,None,None,206.5,unknown
1763617883.6260965,1763617881.5213568,0.081,0.5,0,0,1,192.77,197.50000000000128,176.39999999999998,None,None,None,206.5,unknown
1763617883.7672348,1763617881.5213568,0.08,0.5,0,2,1,192.66,197.40000000000128,176.39999999999998,None,None,None,206.5,unknown
1763617883.8670459,1763617881.5213568,0.08,0.5,0,2,1,192.55,197.3000000000013,176.39999999999998,None,None,None,206.5,unknown
1763617883.87838,1763617881.5213568,0.079,0.5,0,1,1,192.69,197.2000000000013,176.55,None,None,None,206.5,unknown
1763617884.1280951,1763617881.5213568,0.077,0.5,0,0,1,192.62,197.1000000000013,176.15,None,None,None,206.5,unknown
1763617884.2067869,1763617881.5213568,0.07300000000000001,0.5,0,0,1,192.59,197.0000000000013,175.75,None,None,None,206.5,unknown
1763617884.3224106,1763617881.5213568,0.07300000000000001,0.5,1,0,1,192.52,196.9000000000013,175.45,None,None,None,206.5,unknown
1763617884.4780142,1763617881.5213568,0.07100000000000001,0.5,0,0,1,192.45,196.80000000000132,175.05,None,None,None,206.5,unknown
1763617884.5978622,1763617881.5213568,0.07,0.5,0,0,1,192.42,196.70000000000132,174.85,None,None,None,206.5,unknown
1763617884.6515298,1763617881.5213568,0.068,0.5,0,0,1,192.35,196.60000000000133,174.5,None,None,None,206.5,unknown
1763617884.700554,1763617881.5213568,0.064,0.5,0,0,1,192.28,196.50000000000134,174.10000000000002,None,None,None,206.5,unknown
1763617884.7623756,1763617881.5213568,0.062,0.5,0,0,1,192.21,196.40000000000134,173.75,None,None,None,206.5,unknown
1763617884.8956106,1763617881.5213568,0.059000000000000004,0.5,1,0,1,192.31,196.30000000000135,173.85,None,None,None,206.5,unknown
1763617884.9344926,1763617881.5213568,0.057,0.5,0,0,1,192.41,196.20000000000135,173.85,None,None,None,206.5,unknown
1763617885.003159,1763617881.5213568,0.054,0.5,0,1,1,192.41,196.10000000000136,173.75,None,None,None,206.5,unknown
1763617885.1161885,1763617881.5213568,0.052000000000000005,0.5,1,0,1,192.41,196.00000000000136,173.75,None,None,None,206.5,unknown
1763617885.521808,1763617881.5213568,0.05,0.5,1,0,1,192.3,195.90000000000137,173.7,None,None,None,206.5,unknown
1763617885.6254082,1763617881.5213568,0.051000000000000004,0.5,1,2,1,192.19,195.80000000000138,173.6,None,None,None,206.5,unknown
1763617885.7053273,1763617881.5213568,0.05,0.5,0,1,1,192.08,195.70000000000138,173.65,None,None,None,206.5,unknown
1763617885.7215722,1763617881.5213568,0.051000000000000004,0.5,0,1,1,191.97,195.6000000000014,173.7,None,None,None,206.5,unknown
1763617885.8343987,1763617881.5213568,0.052000000000000005,0.5,1,2,1,191.86,195.5000000000014,173.8,None,None,None,206.5,unknown
1763617886.0053494,1763617881.5213568,0.053,0.5,0,1,1,191.75,195.4000000000014,173.9,None,None,None,206.5,unknown
1763617886.232408,1763617881.5213568,0.052000000000000005,0.5,0,0,1,191.58,195.3000000000014,173.55,None,None,None,206.5,unknown
1763617886.4105375,1763617881.5213568,0.047,0.5,0,0,1,191.55,195.2000000000014,173.25,None,None,None,206.5,unknown
1763617886.4364464,1763617881.5213568,0.047,0.5,0,1,1,191.52,195.10000000000142,172.9,None,None,None,206.5,unknown
1763617886.6431239,1763617881.5213568,0.048,0.5,1,1,1,191.45,195.00000000000142,172.55,None,None,None,206.5,unknown
1763617886.6671295,1763617881.5213568,0.045,0.5,0,0,1,191.42,194.90000000000143,172.25,None,None,None,206.5,unknown
1763617886.7581327,1763617881.5213568,0.042,0.5,0,0,1,191.39,194.80000000000143,171.95,None,None,None,206.5,unknown
1763617886.9652777,1763617881.5213568,0.045,0.5,1,2,1,191.36,194.70000000000144,171.7,None,None,None,206.5,unknown
1763617887.1004019,1763617881.5213568,0.045,0.5,1,1,1,191.29,194.60000000000144,171.39999999999998,None,None,None,206.5,unknown
1763617887.1783855,1763617881.5213568,0.045,0.5,1,1,1,191.22,194.50000000000145,171.1,None,None,None,206.5,unknown
1763617887.2358928,1763617881.5213568,0.045,0.5,1,0,1,191.19,194.40000000000146,170.75,None,None,None,206.5,unknown
1763617887.2512724,1763617881.5213568,0.047,0.5,2,1,1,191.12,194.30000000000146,170.4,None,None,None,206.5,unknown
1763617887.2624693,1763617881.5213568,0.046,0.5,1,0,1,190.84,194.20000000000147,169.8,None,None,None,206.5,unknown
1763617887.3012638,1763617881.5213568,0.049,0.5,0,3,1,190.56,194.10000000000147,169.25,None,None,None,206.5,unknown
1763617887.357179,1763617881.5213568,0.048,0.5,0,0,1,190.45,194.00000000000148,169.14999999999998,None,None,None,206.5,unknown
1763617887.5531955,1763617881.5213568,0.048,0.5,0,1,1,190.34,193.90000000000148,168.95,None,None,None,206.5,unknown
1763617887.6467807,1763617881.5213568,0.048,0.5,0,0,1,190.23,193.8000000000015,168.75,None,None,None,206.5,unknown
1763617887.7963488,1763617881.5213568,0.048,0.5,0,1,1,190.12,193.7000000000015,168.55,None,None,None,206.5,unknown
1763617887.9223447,1763617881.5213568,0.048,0.5,0,1,1,190.03,193.6000000000015,168.4,None,None,None,206.5,unknown
1763617888.0302558,1763617881.5213568,0.05,0.5,1,1,1,189.92,193.5000000000015,168.3,None,None,None,206.5,unknown
1763617888.3633296,1763617881.5213568,0.051000000000000004,0.5,0,1,1,189.81,193.4000000000015,168.3,None,None,None,206.5,unknown
1763617888.6323225,1763617881.5213568,0.049,0.5,0,0,1,189.53,193.30000000000152,167.8,None,None,None,206.5,unknown
1763617888.7281027,1763617881.5213568,0.05,0.5,0,1,1,189.25,193.20000000000152,167.25,None,None,None,206.5,unknown
1763617888.8435082,1763617881.5213568,0.052000000000000005,0.5,1,1,1,189.18,193.10000000000153,166.7,None,None,None,206.5,unknown
1763617889.0294292,1763617881.5213568,0.051000000000000004,0.5,0,0,1,189.11,193.00000000000153,166.15,None,None,None,206.5,unknown
1763617889.1110718,1763617881.5213568,0.05,0.5,0,1,1,189.04,192.90000000000154,165.4,None,None,None,206.5,unknown
1763617889.2651062,1763617881.5213568,0.052000000000000005,0.5,2,1,1,188.97,192.80000000000155,164.75,None,None,None,206.5,unknown
1763617889.3368907,1763617881.5213568,0.053,0.5,0,2,1,188.9,192.70000000000155,164.1,None,None,None,206.5,unknown
1763617889.4715393,1763617881.5213568,0.052000000000000005,0.5,0,0,1,188.83,192.60000000000156,163.55,None,None,None,206.5,unknown
1763617889.6414711,1763617881.5213568,0.053,0.5,0,1,1,188.76,192.50000000000156,162.95,None,None,None,206.5,unknown
1763617889.7555947,1763617881.5213568,0.053,0.5,1,1,1,188.69,192.40000000000157,162.35,None,None,None,206.5,unknown
1763617889.777646,1763617881.5213568,0.051000000000000004,0.5,0,0,1,188.62,192.30000000000157,161.65,None,None,None,206.5,unknown
1763617889.892347,1763617881.5213568,0.051000000000000004,0.5,0,1,1,188.72,192.20000000000158,161.4,None,None,None,206.5,unknown
1763617889.979728,1763617881.5213568,0.052000000000000005,0.5,0,1,1,188.82,192.1000000000016,161.05,None,None,None,206.5,unknown
1763617890.50107,1763617881.5213568,0.053,0.5,0,1,1,188.89,192.0000000000016,160.8,None,None,None,206.5,unknown
1763617890.7894442,1763617881.5213568,0.055,0.5,0,3,1,188.78,191.9000000000016,160.7,None,None,None,206.5,unknown
1763617890.91617,1763617881.5213568,0.056,0.5,0,1,1,188.67,191.8000000000016,160.6,None,None,None,206.5,unknown
1763617891.0546012,1763617881.5213568,0.057,0.5,0,1,1,188.56,191.7000000000016,160.55,None,None,None,206.5,unknown
1763617891.2512786,1763617881.5213568,0.058,0.5,0,1,1,188.45,191.60000000000161,160.55,None,None,None,206.5,unknown
1763617891.3542807,1763617881.5213568,0.060000000000000005,0.5,1,1,1,188.34,191.50000000000162,160.5,None,None,None,206.5,unknown
1763617891.512046,1763617881.5213568,0.061,0.5,0,1,1,188.23,191.40000000000163,160.35,None,None,None,206.5,unknown
1763617891.5878243,1763617881.5213568,0.062,0.5,0,2,1,188.12,191.30000000000163,160.25,None,None,None,206.5,unknown
1763617891.6768975,1763617881.5213568,0.062,0.5,0,0,1,188.26,191.20000000000164,160.2,None,None,None,206.5,unknown
1763617891.9131336,1763617881.5213568,0.062,0.5,1,0,1,188.19,191.10000000000164,159.75,None,None,None,206.5,unknown
1763617892.0118384,1763617881.5213568,0.062,0.5,0,1,1,188.12,191.00000000000165,159.3,None,None,None,206.5,unknown
1763617892.128168,1763617881.5213568,0.062,0.5,0,1,1,188.05,190.90000000000165,158.75,None,None,None,206.5,unknown
1763617892.2954078,1763617881.5213568,0.060000000000000005,0.5,1,0,1,188.02,190.80000000000166,158.3,None,None,None,206.5,unknown
1763617892.4427094,1763617881.5213568,0.060000000000000005,0.5,0,1,1,187.95,190.70000000000167,157.8,None,None,None,206.5,unknown
1763617892.6072066,1763617881.5213568,0.060000000000000005,0.5,0,1,1,187.88,190.60000000000167,157.25,None,None,None,206.5,unknown
1763617892.7156138,1763617881.5213568,0.058,0.5,0,1,1,187.81,190.50000000000168,156.65,None,None,None,206.5,unknown
1763617892.7746093,1763617881.5213568,0.057,0.5,0,0,1,187.74,190.40000000000168,156.1,None,None,None,206.5,unknown
1763617892.851446,1763617881.5213568,0.057,0.5,0,0,1,187.64,190.3000000000017,155.45,None,None,None,206.5,unknown
1763617892.9443107,1763617881.5213568,0.059000000000000004,0.5,0,2,1,187.64,190.2000000000017,155.45,None,None,None,206.5,unknown
1763617893.0407634,1763617881.5213568,0.059000000000000004,0.5,0,1,1,187.55,190.1000000000017,155.3,None,None,None,206.5,unknown
1763617893.115579,1763617881.5213568,0.058,0.5,0,1,1,187.44,190.0000000000017,155.3,None,None,None,206.5,unknown
1763617893.2202415,1763617881.5213568,0.060000000000000005,0.5,0,2,1,187.33,189.9000000000017,155.3,None,None,None,206.5,unknown
1763617893.4048843,1763617881.5213568,0.063,0.5,1,2,1,187.22,189.80000000000172,155.45,None,None,None,206.5,unknown
1763617893.4863787,1763617881.5213568,0.063,0.5,1,2,1,187.11,189.70000000000172,155.55,None,None,None,206.5,unknown
1763617893.5631993,1763617881.5213568,0.062,0.5,0,1,1,187,189.60000000000173,155.7,None,None,None,206.5,unknown
1763617893.6523917,1763617881.5213568,0.061,0.5,0,1,1,186.89,189.50000000000173,155.8,None,None,None,206.5,unknown
1763617893.7261682,1763617881.5213568,0.061,0.5,0,1,1,186.78,189.40000000000174,155.8,None,None,None,206.5,unknown
1763617893.8452468,1763617881.5213568,0.058,0.5,0,0,1,186.71,189.30000000000175,155.75,None,None,None,206.5,unknown
1763617894.2714603,1763617881.5213568,0.060000000000000005,0.5,2,1,1,186.54,189.20000000000175,155.3,None,None,None,206.5,unknown
1763617894.3230903,1763617881.5213568,0.059000000000000004,0.5,2,0,1,186.54,189.10000000000176,155.25,None,None,None,206.5,unknown
1763617894.3688686,1763617881.5213568,0.061,0.5,2,0,1,186.54,189.00000000000176,155.1,None,None,None,206.5,unknown
1763617894.4711986,1763617881.5213568,0.062,0.5,2,0,1,186.54,188.90000000000177,154.95,None,None,None,206.5,unknown
1763617894.5086503,1763617881.5213568,0.063,0.5,1,0,1,186.54,188.80000000000177,155.0,None,None,None,206.5,unknown
1763617894.5342827,1763617881.5213568,0.064,0.5,2,0,1,186.54,188.70000000000178,154.95,None,None,None,206.5,unknown
1763617894.8698702,1763617881.5213568,0.065,0.5,2,0,1,186.54,188.60000000000178,154.9,None,None,None,206.5,unknown
1763617895.0127773,1763617881.5213568,0.063,0.5,0,0,1,186.54,188.5000000000018,154.7,None,None,None,206.5,unknown
1763617895.2255888,1763617881.5213568,0.064,0.5,2,0,1,186.54,188.4000000000018,154.6,None,None,None,206.5,unknown
1763617895.3325796,1763617881.5213568,0.067,0.5,2,1,1,186.37,188.3000000000018,154.05,None,None,None,206.5,unknown
1763617895.613818,1763617881.5213568,0.069,0.5,3,0,1,186.2,188.2000000000018,153.5,None,None,None,206.5,unknown
1763617895.6595852,1763617881.5213568,0.069,0.5,1,1,1,186.03,188.1000000000018,153.1,None,None,None,206.5,unknown
1763617895.697192,1763617881.5213568,0.07200000000000001,0.5,2,1,1,185.86,188.00000000000182,152.6,None,None,None,206.5,unknown
1763617895.7484963,1763617881.5213568,0.073,0.5,1,1,1,185.69,187.90000000000182,152.15,None,None,None,206.5,unknown
1763617895.858102,1763617881.5213568,0.07100000000000001,0.5,1,0,1,185.52,187.80000000000183,151.7,None,None,None,206.5,unknown
1763617896.0279925,1763617881.5213568,0.07100000000000001,0.5,1,1,1,185.35,187.70000000000184,151.0,None,None,None,206.5,unknown
1763617896.2060387,1763617881.5213568,0.07100000000000001,0.5,0,0,1,185.18,187.60000000000184,150.45,None,None,None,206.5,unknown
1763617896.4059374,1763617881.5213568,0.07200000000000001,0.5,1,1,1,185.01,187.50000000000185,149.85,None,None,None,206.5,unknown
1763617896.5792,1763617881.5213568,0.07100000000000001,0.5,1,0,1,184.84,187.40000000000185,149.35,None,None,None,206.5,unknown
1763617896.8657672,1763617881.5213568,0.07200000000000001,0.5,1,0,1,184.67,187.30000000000186,148.8,None,None,None,206.5,unknown
1763617896.9707453,1763617881.5213568,0.074,0.5,2,1,1,184.5,187.20000000000186,148.2,None,None,None,206.5,unknown
1763617897.0165453,1763617881.5213568,0.076,0.5,3,0,1,184.5,187.10000000000187,148.2,None,None,None,206.5,unknown
1763617897.1484344,1763617881.5213568,0.077,0.5,1,1,1,184.5,187.00000000000188,148.2,None,None,None,206.5,unknown
1763617897.1743448,1763617881.5213568,0.076,0.5,1,1,1,184.5,186.90000000000188,148.10000000000002,None,None,None,206.5,unknown
1763617897.299429,1763617881.5213568,0.077,0.5,1,1,1,184.5,186.8000000000019,148.1,None,None,None,206.5,unknown
1763617897.433869,1763617881.5213568,0.08,0.5,3,1,1,184.5,186.7000000000019,148.05,None,None,None,206.5,unknown
1763617897.5616312,1763617881.5213568,0.08,0.5,0,1,1,184.5,186.6000000000019,148.0,None,None,None,206.5,unknown
1763617897.7530527,1763617881.5213568,0.081,0.5,2,1,1,184.5,186.5000000000019,148.0,None,None,None,206.5,unknown
1763617897.9949014,1763617881.5213568,0.081,0.5,1,0,1,184.5,186.4000000000019,147.95,None,None,None,206.5,unknown
1763617898.102023,1763617881.5213568,0.081,0.5,1,1,1,184.33,186.30000000000192,147.45,None,None,None,206.5,unknown
1763617898.2762394,1763617881.5213568,0.082,0.5,1,0,1,184.16,186.20000000000192,147.05,None,None,None,206.5,unknown
1763617898.4506128,1763617881.5213568,0.084,0.5,3,0,1,183.99,186.10000000000193,146.5,None,None,None,206.5,unknown
1763617898.635138,1763617881.5213568,0.085,0.5,2,0,1,183.82,186.00000000000193,146.0,None,None,None,206.5,unknown
1763617898.7547657,1763617881.5213568,0.085,0.5,1,0,1,183.65,185.90000000000194,145.45,None,None,None,206.5,unknown
1763617898.7940464,1763617881.5213568,0.08600000000000001,0.5,2,0,1,183.48,185.80000000000194,145.0,None,None,None,206.5,unknown
1763617898.925451,1763617881.5213568,0.08700000000000001,0.5,2,0,1,183.31,185.70000000000195,144.55,None,None,None,206.5,unknown
1763617899.1720533,1763617881.5213568,0.08800000000000001,0.5,2,0,1,183.14,185.60000000000196,144.0,None,None,None,206.5,unknown
1763617899.237779,1763617881.5213568,0.08800000000000001,0.5,1,0,1,182.97,185.50000000000196,143.5,None,None,None,206.5,unknown
1763617899.3282914,1763617881.5213568,0.09,0.5,2,0,1,182.8,185.40000000000197,142.95,None,None,None,206.5,unknown
1763617899.3881218,1763617881.5213568,0.091,0.5,1,0,1,182.8,185.30000000000197,142.9,None,None,None,206.5,unknown
1763617899.4157617,1763617881.5213568,0.092,0.5,2,1,1,182.8,185.20000000000198,142.85,None,None,None,206.5,unknown
1763617899.495428,1763617881.5213568,0.093,0.5,2,0,1,182.8,185.10000000000198,142.9,None,None,None,206.5,unknown
1763617899.5744803,1763617881.5213568,0.094,0.5,2,0,1,182.8,185.000000000002,142.85,None,None,None,206.5,unknown
1763617899.6738555,1763617881.5213568,0.093,0.5,1,0,1,182.8,184.900000000002,142.85,None,None,None,206.5,unknown
1763617899.8242123,1763617881.5213568,0.091,0.5,1,0,1,182.8,184.800000000002,142.8,None,None,None,206.5,unknown
1763617899.9627993,1763617881.5213568,0.089,0.5,1,0,1,182.8,184.700000000002,142.7,None,None,None,206.5,unknown
1763617900.1022859,1763617881.5213568,0.09,0.5,1,1,1,182.8,184.600000000002,142.75,None,None,None,206.5,unknown
1763617900.2289674,1763617881.5213568,0.09,0.5,1,0,1,182.8,184.50000000000202,142.7,None,None,None,206.5,unknown
1763617900.2985942,1763617881.5213568,0.09,0.5,1,0,1,182.8,184.40000000000202,142.65,None,None,None,206.5,unknown
1763617900.4218242,1763617881.5213568,0.092,0.5,2,0,1,182.8,184.30000000000203,142.75,None,None,None,206.5,unknown
1763617900.4922876,1763617881.5213568,0.091,0.5,2,0,1,182.8,184.20000000000203,142.75,None,None,None,206.5,unknown
1763617900.6042752,1763617881.5213568,0.091,0.5,1,1,1,182.8,184.10000000000204,142.79999999999998,None,None,None,206.5,unknown
1763617900.7128139,1763617881.5213568,0.092,0.5,2,1,1,182.63,184.00000000000205,142.45000000000002,None,None,None,206.5,unknown
1763617900.8203773,1763617881.5213568,0.091,0.5,1,0,1,182.46,183.90000000000205,142.05,None,None,None,206.5,unknown
1763617901.0021627,1763617881.5213568,0.091,0.5,0,1,1,182.29,183.80000000000206,141.75,None,None,None,206.5,unknown
1763617901.0456624,1763617881.5213568,0.091,0.5,1,1,1,182.12,183.70000000000206,141.4,None,None,None,206.5,unknown
1763617901.1974323,1763617881.5213568,0.089,0.5,0,0,1,181.95,183.60000000000207,140.95,None,None,None,206.5,unknown
1763617901.2381172,1763617881.5213568,0.089,0.5,0,0,1,181.78,183.50000000000207,140.35,None,None,None,206.5,unknown
1763617901.3085742,1763617881.5213568,0.08800000000000001,0.5,1,0,1,181.61,183.40000000000208,139.75,None,None,None,206.5,unknown
1763617901.3486907,1763617881.5213568,0.08700000000000001,0.5,2,0,1,181.61,183.3000000000021,139.75,None,None,None,206.5,unknown
1763617901.45025,1763617881.5213568,0.085,0.5,1,0,1,181.61,183.2000000000021,139.8,None,None,None,206.5,unknown
1763617901.6032808,1763617881.5213568,0.084,0.5,1,0,1,181.61,183.1000000000021,139.7,None,None,None,206.5,unknown
1763617901.7419195,1763617881.5213568,0.081,0.5,0,0,1,181.61,183.0000000000021,139.65,None,None,None,206.5,unknown
1763617901.8392167,1763617881.5213568,0.08,0.5,0,1,1,181.61,182.9000000000021,139.85,None,None,None,206.5,unknown
1763617901.9912333,1763617881.5213568,0.081,0.5,2,0,1,181.61,182.80000000000211,139.9,None,None,None,206.5,unknown
1763617902.0435827,1763617881.5213568,0.08,0.5,1,0,1,181.61,182.70000000000212,139.85,None,None,None,206.5,unknown
1763617902.06723,1763617881.5213568,0.081,0.5,1,0,1,181.61,182.60000000000213,139.85,None,None,None,206.5,unknown
1763617902.4881468,1763617881.5213568,0.081,0.5,2,0,1,181.61,182.50000000000213,139.75,None,None,None,206.5,unknown
1763617902.6994126,1763617881.5213568,0.081,0.5,1,0,1,181.61,182.40000000000214,139.8,None,None,None,206.5,unknown
1763617902.7503963,1763617881.5213568,0.082,0.5,2,0,1,181.61,182.30000000000214,139.85,None,None,None,206.5,unknown
1763617902.8431227,1763617881.5213568,0.08,0.5,0,1,1,181.44,182.20000000000215,139.5,None,None,None,206.5,unknown
1763617902.8855262,1763617881.5213568,0.079,0.5,2,0,1,181.27,182.10000000000215,139.2,None,None,None,206.5,unknown
1763617903.0367305,1763617881.5213568,0.078,0.5,1,0,1,181.1,182.00000000000216,138.75,None,None,None,206.5,unknown
1763617903.0825675,1763617881.5213568,0.077,0.5,1,0,1,180.93,181.90000000000217,138.3,None,None,None,206.5,unknown
1763617903.1761248,1763617881.5213568,0.078,0.5,2,1,1,180.76,181.80000000000217,137.8,None,None,None,206.5,unknown
1763617903.238174,1763617881.5213568,0.077,0.5,2,1,1,180.59,181.70000000000218,137.3,None,None,None,206.5,unknown
1763617903.2602491,1763617881.5213568,0.078,0.5,2,0,1,180.42,181.60000000000218,136.8,None,None,None,206.5,unknown
1763617903.37739,1763617881.5213568,0.077,0.5,2,0,1,180.25,181.5000000000022,136.15,None,None,None,206.5,unknown
1763617903.4980621,1763617881.5213568,0.077,0.5,1,0,1,180.08,181.4000000000022,135.75,None,None,None,206.5,unknown
1763617903.5285144,1763617881.5213568,0.076,0.5,0,1,1,179.91,181.3000000000022,135.3,None,None,None,206.5,unknown
1763617903.6690354,1763617881.5213568,0.077,0.5,0,2,1,179.74,181.2000000000022,134.8,None,None,None,206.5,unknown
1763617903.780749,1763617881.5213568,0.076,0.5,2,0,1,179.74,181.1000000000022,134.75,None,None,None,206.5,unknown
1763617903.8567605,1763617881.5213568,0.075,0.5,1,0,1,179.74,181.00000000000222,134.6,None,None,None,206.5,unknown
1763617904.1077673,1763617881.5213568,0.074,0.5,0,0,1,179.74,180.90000000000222,134.65,None,None,None,206.5,unknown
1763617904.1917129,1763617881.5213568,0.07300000000000001,0.5,1,0,1,179.74,180.80000000000223,134.8,None,None,None,206.5,unknown
1763617904.2892532,1763617881.5213568,0.07200000000000001,0.5,1,0,1,179.74,180.70000000000223,134.9,None,None,None,206.5,unknown
1763617904.3822637,1763617881.5213568,0.07,0.5,0,0,1,179.74,180.60000000000224,134.9,None,None,None,206.5,unknown
1763617904.4633472,1763617881.5213568,0.07,0.5,1,0,1,179.74,180.50000000000225,134.95000000000002,None,None,None,206.5,unknown
1763617904.6008112,1763617881.5213568,0.07,0.5,2,0,1,179.74,180.40000000000225,135.0,None,None,None,206.5,unknown
1763617904.7165115,1763617881.5213568,0.069,0.5,0,0,1,179.74,180.30000000000226,135.1,None,None,None,206.5,unknown
1763617904.7886193,1763617881.5213568,0.068,0.5,2,0,1,179.57,180.20000000000226,134.7,None,None,None,206.5,unknown
1763617904.8491569,1763617881.5213568,0.066,0.5,0,0,1,179.4,180.10000000000227,134.3,None,None,None,206.5,unknown
1763617904.8986444,1763617881.5213568,0.065,0.5,1,0,1,179.23,180.00000000000227,133.9,None,None,None,206.5,unknown
1763617905.0327222,1763617881.5213568,0.065,0.5,1,0,1,179.06,179.90000000000228,133.45,None,None,None,206.5,unknown
1763617905.2081792,1763617881.5213568,0.065,0.5,0,1,1,178.89,179.80000000000229,132.95,None,None,None,206.5,unknown
1763617905.2485957,1763617881.5213568,0.064,0.5,0,0,1,178.72,179.7000000000023,132.5,None,None,None,206.5,unknown
1763617905.4438784,1763617881.5213568,0.063,0.5,1,0,1,178.55,179.6000000000023,132.15,None,None,None,206.5,unknown
1763617905.4937613,1763617881.5213568,0.062,0.5,0,0,1,178.38,179.5000000000023,131.75,None,None,None,206.5,unknown
1763617905.5684288,1763617881.5213568,0.061000000000000006,0.5,0,0,1,178.21,179.4000000000023,131.29999999999998,None,None,None,206.5,unknown
1763617905.680943,1763617881.5213568,0.064,0.5,4,1,1,177.84,179.3000000000023,131.15,None,None,None,206.5,unknown
1763617905.9101112,1763617881.5213568,0.067,0.5,2,3,1,177.68,179.20000000000232,131.35,None,None,None,206.5,unknown
1763617905.987218,1763617881.5213568,0.07,0.5,2,3,1,177.52,179.10000000000232,131.6,None,None,None,206.5,unknown
1763617906.0364392,1763617881.5213568,0.073,0.5,4,2,1,177.36,179.00000000000233,131.9,None,None,None,206.5,unknown
1763617906.1084874,1763617881.5213568,0.076,0.5,2,2,1,177.2,178.90000000000234,132.25,None,None,None,206.5,unknown
1763617906.225268,1763617881.5213568,0.08,0.5,3,2,1,177.04,178.80000000000234,132.4,None,None,None,206.5,unknown
1763617906.264373,1763617881.5213568,0.082,0.5,3,1,1,176.88,178.70000000000235,132.65,None,None,None,206.5,unknown
1763617906.3200705,1763617881.5213568,0.08700000000000001,0.5,2,3,1,176.72,178.60000000000235,132.95,None,None,None,206.5,unknown
1763617906.4205067,1763617881.5213568,0.09,0.5,2,1,1,176.56,178.50000000000236,133.25,None,None,None,206.5,unknown
1763617906.4811218,1763617881.5213568,0.093,0.5,4,0,1,176.4,178.40000000000236,133.55,None,None,None,206.5,unknown
1763617906.762203,1763617881.5213568,0.095,0.5,2,2,1,176.24,178.30000000000237,133.9,None,None,None,206.5,unknown
1763617906.7739003,1763617881.5213568,0.098,0.5,2,2,1,176.08,178.20000000000238,134.3,None,None,None,206.5,unknown
1763617906.8831043,1763617881.5213568,0.10300000000000001,0.5,4,2,1,175.92,178.10000000000238,134.5,None,None,None,206.5,unknown
1763617906.9635708,1763617881.5213568,0.108,0.5,3,2,1,175.76,178.0000000000024,134.79999999999998,None,None,None,206.5,unknown
1763617907.1066215,1763617907.13522,0.111,0.5,2,2,1,175.6,177.9000000000024,135.0,0.03759764008466691,0.0017109216882839077,0.07057391511654568,206.5,overripe
1763617907.140632,1763617907.13522,0.114,0.5,4,1,1,175.44,177.8000000000024,135.15,0.05099218485969966,0.002014454945090718,0.06009359274090662,206.5,overripe
1763617907.242841,1763617907.13522,0.117,0.5,2,2,1,175.28,177.7000000000024,135.6,0.0614649756153421,0.002253412519562416,0.052577913184961036,206.5,overripe
1763617907.3867705,1763617907.13522,0.12000000000000001,0.5,2,2,1,175.12,177.6000000000024,135.85,0.06973406262636786,0.0024475701574128116,0.04728738177378372,206.5,overripe
1763617907.4852192,1763617907.13522,0.122,0.5,2,2,1,174.96,177.50000000000242,136.35,0.0764694120509413,0.002608379401602816,0.043041310149134496,206.5,overripe
1763617907.5380888,1763617907.13522,0.124,0.5,2,1,1,174.8,177.40000000000242,136.55,0.08208960041388369,0.0027442823105417605,0.03966576068615421,206.5,overripe
1763617907.7441163,1763617907.13522,0.128,0.5,3,3,1,174.64,177.30000000000243,136.9,0.08689975130258228,0.0028644876537721976,0.037977929247436676,206.5,overripe
1763617907.8061972,1763617907.13522,0.132,0.5,3,2,1,174.48,177.20000000000243,137.15,0.09121351902451026,0.0029740564378577207,0.037225321250499224,206.5,overripe
1763617907.9423656,1763617907.13522,0.135,0.5,2,3,1,174.36,177.10000000000244,137.4,0.0951443389537885,0.0030747049227765125,0.03657508118371626,206.5,overripe
1763617908.0200334,1763617907.13522,0.139,0.5,2,3,1,174.2,177.00000000000244,137.65,0.0988385988083537,0.003169181431352194,0.036521111260398684,206.5,overripe
1763617908.1269386,1763617907.13522,0.14,0.5,2,0,1,174.04,176.90000000000245,137.95,0.10237362165810465,0.0032554432362671406,0.035306233376271534,206.5,overripe
1763617908.1787999,1763617907.13522,0.14,0.5,2,1,1,173.88,176.80000000000246,138.25,0.10567634148320863,0.003332280544977279,0.03316358603397947,206.5,overripe
1763617908.3148043,1763617907.13522,0.14100000000000001,0.5,2,2,1,173.72,176.70000000000246,138.4,0.10870137331807324,0.0034011150619077243,0.03121859044052082,206.5,overripe
1763617908.3776565,1763617907.13522,0.14200000000000002,0.5,2,1,1,173.56,176.60000000000247,138.75,0.11148976730152535,0.0034631476637524577,0.029470214577771686,206.5,overripe
1763617908.4344137,1763617907.13522,0.14300000000000002,0.5,2,1,1,173.4,176.50000000000247,139.0,0.11407670291545159,0.003519375274644674,0.027903288024196934,206.5,overripe
1763617908.476975,1763617907.13522,0.145,0.5,2,1,1,173.24,176.40000000000248,139.25,0.11649163605045504,0.0035715882496840236,0.026998359419369233,206.5,overripe
1763617908.5777159,1763617907.13522,0.147,0.5,2,1,1,173.08,176.30000000000248,139.5,0.11879118474698963,0.003620798895489073,0.026453812987922487,206.5,overripe
1763617908.6193652,1763617907.13522,0.15,0.5,3,2,1,172.92,176.2000000000025,139.7,0.1210071799677495,0.0036685214195142633,0.026615318899706544,206.5,overripe
1763617908.6685174,1763617907.13522,0.151,0.5,1,2,1,172.8,176.1000000000025,140.1,0.12311561981215793,0.003713855459822537,0.0261956296215701,206.5,overripe
1763617908.739953,1763617907.13522,0.156,0.5,3,3,1,172.64,176.0000000000025,140.35,0.1251940882904125,0.0037598185470803735,0.027461536426451494,206.5,overripe
1763617908.9713757,1763617907.13522,0.159,0.5,2,1,1,172.48,175.9000000000025,140.75,0.12732626559511326,0.003806034390958694,0.028501546763318758,206.5,overripe
1763617909.0104213,1763617907.13522,0.162,0.5,3,1,1,172.32,175.8000000000025,141.05,0.12949081038003277,0.003852326546361182,0.029423095799183258,206.5,overripe
1763617909.1411464,1763617907.13522,0.165,0.5,2,2,1,172.16,175.70000000000252,141.2,0.1316773394519429,0.0038986134642868355,0.030279613637665098,206.5,overripe
1763617909.2516167,1763617907.13522,0.17,0.5,3,2,1,172,175.60000000000252,141.55,0.1338808243577479,0.003946345575473871,0.032097652187056125,206.5,overripe
1763617909.347127,1763617907.13522,0.171,0.5,1,1,1,171.84,175.50000000000253,141.75,0.13615015627553217,0.003993182921947514,0.032339081996869856,206.5,overripe
1763617909.721901,1763617907.13522,0.17300000000000001,0.5,3,1,1,171.68,175.40000000000254,141.95,0.1384043443579649,0.004038849306074126,0.032340274778236144,206.5,overripe
1763617909.8392026,1763617907.13522,0.176,0.5,2,1,1,171.52,175.30000000000254,142.15,0.14063304854881167,0.0040839661815367375,0.03273926101928884,206.5,overripe
1763617909.9886503,1763617907.13522,0.176,0.5,1,1,1,171.4,175.20000000000255,142.4,0.14277561732554178,0.004126899716533299,0.03191053745850847,206.5,overripe
1763617910.0286195,1763617907.13522,0.179,0.5,2,1,1,171.24,175.10000000000255,142.6,0.1448955296960067,0.0041689145237830925,0.03194754769601843,206.5,overripe
1763617910.0738811,1763617907.13522,0.182,0.5,3,1,1,171.08,175.00000000000256,142.95,0.14701681141600198,0.0042106103270631795,0.03240472728001059,206.5,overripe
1763617910.2539532,1763617907.13522,0.184,0.5,2,1,1,170.92,174.90000000000256,143.2,0.1491503648814976,0.004251635817802402,0.03256040446650868,206.5,overripe
1763617910.3326018,1763617907.13522,0.185,0.5,1,1,1,170.76,174.80000000000257,143.5,0.1512785273279486,0.004291241735747836,0.03207685734605453,206.5,overripe
1763617910.4160645,1763617907.13522,0.186,0.5,1,0,1,170.6,174.70000000000258,143.8,0.15337166690297002,0.004329146899768824,0.03130602543403155,206.5,overripe
1763617910.6227176,1763617907.13522,0.186,0.5,1,0,1,170.44,174.60000000000258,144.05,0.1554177292038841,0.004364695925003491,0.029921116964616662,206.5,overripe
1763617910.6485934,1763617907.13522,0.188,0.5,2,0,1,170.28,174.5000000000026,144.35,0.15739161837210752,0.00439884885061542,0.029277804712142863,206.5,overripe
1763617910.7811208,1763617907.13522,0.192,0.5,2,2,1,170.12,174.4000000000026,144.65,0.15932664970094282,0.004433237245767658,0.030008061841182376,206.5,overripe
1763617910.8808079,1763617907.13522,0.191,0.5,2,2,1,169.96,174.3000000000026,144.85000000000002,0.16128134451277534,0.004465774260365728,0.028886011258287242,206.5,overripe
1763617911.006295,1763617907.13522,0.188,0.5,1,1,1,169.8,174.2000000000026,145.3,0.16317947886636805,0.004494468571809461,0.025904199019163243,206.5,overripe
1763617911.1231022,1763617907.13522,0.186,0.5,1,2,1,169.64,174.1000000000026,145.5,0.16494704056247492,0.004519093654424895,0.022594798380290743,206.5,overripe
1763617911.2914314,1763617907.13522,0.182,0.5,1,1,1,169.52,174.00000000000261,145.75,0.16648343233802163,0.004538702290949153,0.018287487133361202,206.5,overripe
1763617911.6062446,1763617907.13522,0.18,0.5,1,1,1,169.36,173.90000000000262,146.0,0.16788660884467957,0.004554008459643782,0.014498850891011855,206.5,overripe
1763617911.751253,1763617907.13522,0.176,0.5,1,0,1,169.2,173.80000000000263,146.25,0.16915864980342432,0.00456444343439332,0.010034080064421386,206.5,overripe
1763617912.0457237,1763617907.13522,0.17300000000000001,0.5,1,0,1,169.04,173.70000000000263,146.45,0.1702651540028163,0.004570420033927065,0.005831210931106556,206.5,overripe
1763617912.1085143,1763617907.13522,0.17200000000000001,0.5,2,2,1,168.88,173.60000000000264,146.7,0.1712136488934575,0.004573284444609804,0.002834533573503939,206.5,overripe
1763617912.2470784,1763617907.13522,0.171,0.5,1,1,1,168.72,173.50000000000264,146.9,0.17204981980819026,0.004573757160591346,0.00047427142529046784,206.5,overripe
1763617912.3965447,1763617907.13522,0.17,0.5,1,2,1,168.56,173.40000000000265,147.25,0.17279797517588563,0.004572246681268641,-0.001535929559145277,206.5,overripe
1763617912.7359824,1763617907.13522,0.169,0.5,2,1,1,168.4,173.30000000000265,147.45,0.1734717536756344,0.004569004052669879,-0.003340730867264219,206.5,overripe
1763617912.9551697,1763617907.13522,0.167,0.5,0,2,1,168.24,173.20000000000266,147.8,0.1740794114474811,0.004563720064332146,-0.005513900043296022,206.5,overripe
1763617913.1670947,1763617907.13522,0.164,0.5,2,1,1,168.08,173.10000000000267,148.2,0.17460810797527096,0.004555840873517652,-0.008325352273178405,206.5,overripe
1763617913.2856305,1763617907.13522,0.161,0.5,2,0,1,167.92,173.00000000000267,148.5,0.17503549536358165,0.0045451881934506595,-0.011394117512535384,206.5,overripe
1763617913.4772553,1763617907.13522,0.16,0.5,2,1,1,167.76,172.90000000000268,148.65,0.17535340490078768,0.004532686170732534,-0.013532715975264537,206.5,overripe
1763617913.5841982,1763617907.13522,0.157,0.5,1,1,1,167.6,172.80000000000268,148.9,0.17559628439184904,0.004517906545224841,-0.016185939929087456,206.5,overripe
1763617913.6530175,1763617907.13522,0.157,0.5,2,2,1,167.44,172.7000000000027,149.3,0.17574657564198978,0.00450207116448795,-0.017541403410608974,206.5,overripe
1763617913.7688138,1763617907.13522,0.157,0.5,2,2,1,167.28,172.6000000000027,149.55,0.17585090518193602,0.004485780835254729,-0.018248319066245633,206.5,overripe
1763617913.88959,1763617907.13522,0.158,0.5,2,3,1,167.12,172.5000000000027,149.9,0.17593232709726353,0.00446977153107098,-0.018131034039418348,206.5,overripe
1763617913.9293454,1763617907.13522,0.158,0.5,1,2,1,166.96,172.4000000000027,150.2,0.17601960425797486,0.004453943672047712,-0.018118957729052254,206.5,overripe
1763617914.0268998,1763617907.13522,0.157,0.5,2,3,1,166.8,172.3000000000027,150.45,0.17610893347255063,0.004437814954037678,-0.018658610208089343,206.5,overripe
1763617914.1164098,1763617907.13522,0.154,0.5,1,1,1,166.64,172.20000000000272,150.75,0.17618125401395707,0.004420313914038255,-0.02045609238172641,206.5,overripe
1763617914.2750802,1763617907.13522,0.152,0.5,2,1,1,166.48,172.10000000000272,151.0,0.17619371278222773,0.004401401008277008,-0.022331131966112416,206.5,overripe
1763617914.2977314,1763617907.13522,0.151,0.5,2,2,1,166.32,172.00000000000273,151.3,0.1761440684352165,0.004381516316647443,-0.02371277802715885,206.5,overripe
1763617914.45424,1763617907.13522,0.151,0.5,1,1,1,166.16,171.90000000000273,151.55,0.17604932564468992,0.004361308811633386,-0.024333680440661115,206.5,overripe
1763617914.5979905,1763617907.13522,0.151,0.5,2,1,1,166,171.80000000000274,151.85,0.17593519748209224,0.00434109326119165,-0.02457737488007783,206.5,overripe
1763617914.7101104,1763617907.13522,0.15,0.5,1,2,1,165.84,171.70000000000275,152.15,0.1758142770886143,0.00432061210535758,-0.02513536578760711,206.5,overripe
1763617914.8566196,1763617907.13522,0.15,0.5,2,1,1,165.68,171.60000000000275,152.4,0.17567608820899103,0.004300156670317178,-0.02533663255848742,206.5,overripe
1763617914.9201214,1763617907.13522,0.15,0.5,1,2,1,165.52,171.50000000000276,152.75,0.17553239528491088,0.004279865165438393,-0.025362667459659094,206.5,overripe
1763617915.1598694,1763617907.13522,0.15,0.5,1,2,1,165.36,171.40000000000276,153.05,0.1753888744809411,0.004259800368983976,-0.025304010568315216,206.5,overripe
1763617915.6214204,1763617907.13522,0.149,0.5,1,1,1,165.2,171.30000000000277,153.35,0.1752481871806357,0.004239595029690759,-0.02570575522432275,206.5,overripe
1763617915.7102456,1763617907.13522,0.147,0.5,3,0,1,165.04,171.20000000000277,153.8,0.17509527472654432,0.004218691827931356,-0.026824058748387863,206.5,overripe
1763617915.7640858,1763617907.13522,0.148,0.5,2,2,1,164.88,171.10000000000278,154.0,0.17490696318619126,0.0041980060756942935,-0.026771355197113045,206.5,overripe
1763617915.8080633,1763617907.13522,0.147,0.5,3,2,1,164.72,171.00000000000279,154.3,0.17472101287047473,0.004177199869606835,-0.027153208875935614,206.5,overripe
1763617915.8586316,1763617907.13522,0.147,0.5,2,1,1,164.56,170.9000000000028,154.65,0.1745234105522125,0.004156498550319176,-0.02723950855494295,206.5,overripe
1763617915.9484267,1763617907.13522,0.146,0.5,2,1,1,164.4,170.8000000000028,154.75,0.17432354920040563,0.00413563100428619,-0.02768159820177088,206.5,overripe
1763617916.0845685,1763617907.13522,0.144,0.5,1,1,1,164.24,170.7000000000028,155.0,0.17411006528045822,0.004114101088396031,-0.028789089781140836,206.5,overripe
1763617916.2039146,1763617907.13522,0.14300000000000002,0.5,3,1,1,164.12,170.6000000000028,155.2,0.17377962997385313,0.004092133649886409,-0.029619142224194428,206.5,overripe
1763617916.3193867,1763617907.13522,0.14300000000000002,0.5,1,1,1,163.96,170.5000000000028,155.4,0.17346554541868722,0.004070144096460818,-0.02988530154385785,206.5,overripe
1763617916.3921592,1763617907.13522,0.14100000000000001,0.5,2,0,1,163.8,170.40000000000282,155.7,0.17316428058392666,0.004047601294232974,-0.030874158646511968,206.5,overripe
1763617916.4128456,1763617907.13522,0.14,0.5,1,1,1,163.64,170.30000000000283,155.95,0.1728426942669842,0.004024630995310425,-0.03169763329827685,206.5,overripe
1763617916.535839,1763617907.13522,0.14100000000000001,0.5,2,1,1,163.48,170.20000000000283,156.14999999999998,0.1725007152477493,0.004002023939013039,-0.031428184763395595,206.5,overripe
1763617916.6299715,1763617907.13522,0.14100000000000001,0.5,1,2,1,163.32,170.10000000000284,156.4,0.172169571121303,0.003979791631233083,-0.031133305879126133,206.5,overripe
1763617916.67395,1763617907.13522,0.14,0.5,2,1,1,163.16,170.00000000000284,156.7,0.1718486463215294,0.003957578672427805,-0.03133051370044099,206.5,overripe
1763617916.778404,1763617907.13522,0.14,0.5,2,1,1,163,169.90000000000285,157.0,0.1715220780346887,0.003935570124954412,-0.031263011724144474,206.5,overripe
1763617916.8231719,1763617907.13522,0.14100000000000001,0.5,2,1,1,162.84,169.80000000000285,157.35,0.17119760790193292,0.003914200819945077,-0.030568074746660817,206.5,overripe
1763617916.9005942,1763617907.13522,0.143,0.5,2,1,1,162.68,169.70000000000286,157.65,0.17089416069727156,0.003894012139222436,-0.029079394119635532,206.5,overripe
1763617917.047175,1763617907.13522,0.144,0.5,2,0,1,162.52,169.60000000000286,157.9,0.17063568799565174,0.0038748923357536137,-0.027728304706833712,206.5,overripe
1763617917.125295,1763617907.13522,0.144,0.5,1,1,1,162.36,169.50000000000287,158.1,0.17041780276718937,0.0038564243369182826,-0.026964111122780354,206.5,overripe
1763617917.2876768,1763617907.13522,0.14200000000000002,0.5,2,0,1,162.2,169.40000000000288,158.35,0.17022258906176996,0.003837717176367039,-0.02749574323956544,206.5,overripe
1763617917.4039967,1763617907.13522,0.14100000000000001,0.5,2,1,1,162.2,169.30000000000288,158.45,0.1697038629083772,0.0038189316576090616,-0.027840439997274924,206.5,overripe
1763617917.5592659,1763617907.13522,0.15,0.5,6,5,1,162.13,169.2000000000029,158.75,0.16915958243557522,0.003803386422275135,-0.0232278709800241,206.5,overripe
1763617917.6721203,1763617907.13522,0.158,0.5,6,5,1,162.06,169.1000000000029,159.0,0.1687467494116949,0.0037922459650643232,-0.016780893683919357,206.5,overripe
1763617917.6869519,1763617907.13522,0.166,0.5,6,4,1,161.99,169.0000000000029,159.3,0.1685226715373038,0.0037859625754140306,-0.009539743673416007,206.5,overripe
1763617917.7274127,1763617907.13522,0.17500000000000002,0.5,7,4,1,161.92,168.9000000000029,159.64999999999998,0.16851082858276092,0.00378496954707723,-0.0015193646508170067,206.5,overripe
1763617917.9000897,1763617907.13522,0.186,0.5,6,6,1,161.85,168.8000000000029,159.95,0.16873275989448971,0.003790005057148738,0.007762972071482244,206.5,overripe
1763617917.9582434,1763617907.13522,0.196,0.5,6,5,1,161.78,168.70000000000292,160.15,0.1692231337579782,0.0038009669116572694,0.017024732225007777,206.5,overripe
1763617918.042588,1763617907.13522,0.202,0.5,5,5,1,161.71,168.60000000000292,160.45,0.1699789434112708,0.0038164013145765585,0.02414498958022221,206.5,overripe
1763617918.0743008,1763617907.13522,0.209,0.5,5,4,1,161.59,168.50000000000293,160.8,0.17103187587096813,0.0038357899518734074,0.03053009062477835,206.5,overripe
1763617918.2716308,1763617907.13522,0.218,0.5,7,5,1,161.52,168.40000000000293,161.25,0.17221730446475425,0.0038594863424500653,0.037563678783119,206.5,overripe
1763617918.3453968,1763617907.13522,0.225,0.5,5,5,1,161.45,168.30000000000294,161.65,0.17357553621266905,0.003886942037024743,0.04381495541126759,206.5,overripe
1763617918.470609,1763617907.13522,0.231,0.5,5,3,1,161.38,168.20000000000294,161.85,0.17509457309952342,0.003917507061237941,0.04910067271244489,206.5,overripe
1763617918.5883336,1763617907.13522,0.23900000000000002,0.5,8,3,1,161.31,168.10000000000295,162.25,0.17675178793638147,0.003951426879366832,0.054845834969602714,206.5,overripe
1763617918.6884096,1763617907.13522,0.248,0.5,5,6,1,161.19,168.00000000000296,162.5,0.17866067447598027,0.003989016925322577,0.061138136977011814,206.5,overripe
1763617918.7504725,1763617907.13522,0.254,0.5,5,4,1,161.07,167.90000000000296,162.9,0.18079065895408775,0.004029439440265803,0.0661087467724083,206.5,overripe
1763617918.8665273,1763617907.13522,0.261,0.5,5,4,1,161,167.80000000000297,163.39999999999998,0.18298109355249265,0.004072581278276921,0.07096860931075538,206.5,overripe
1763617918.917039,1763617907.13522,0.267,0.5,5,5,1,160.93,167.70000000000297,163.6,0.18526386937782574,0.004118032004677181,0.07521098205379828,206.5,overripe
1763617918.9726872,1763617907.13522,0.273,0.5,6,4,1,160.86,167.60000000000298,163.9,0.1876392137882315,0.004165550128229555,0.07909821192758054,206.5,overripe
1763617919.0838602,1763617907.13522,0.277,0.5,4,5,1,160.79,167.50000000000298,164.1,0.19010584298741834,0.004214382748054866,0.0817628698704877,206.5,overripe
1763617919.1810422,1763617907.13522,0.28300000000000003,0.5,5,4,1,160.72,167.400000000003,164.45,0.19263444515833983,0.004264738514661992,0.0847999112706132,206.5,overripe
1763617919.2354815,1763617907.13522,0.28700000000000003,0.5,5,4,1,160.65,167.300000000003,164.60000000000002,0.19523720426044264,0.004316097458091591,0.08697997395403392,206.5,overripe
1763617919.2988544,1763617907.13522,0.295,0.5,6,4,1,160.58,167.200000000003,164.8,0.1978917907795624,0.004369366156858472,0.0907167983276759,206.5,overripe
1763617919.4180827,1763617907.13522,0.303,0.5,6,5,1,160.47,167.100000000003,165.15,0.20072803452466906,0.004424914053814666,0.09507626002895006,206.5,overripe
1763617919.5864692,1763617907.13522,0.309,0.5,6,4,1,160.4,167.000000000003,165.45,0.20363421728495096,0.004482321322506191,0.09876792999185863,206.5,overripe
1763617919.6195498,1763617907.13522,0.317,0.5,5,5,1,160.33,166.90000000000302,165.7,0.20661243550087255,0.004541930167878301,0.10308863813753227,206.5,overripe
1763617919.7872446,1763617907.13522,0.323,0.5,5,4,1,160.26,166.80000000000302,166.0,0.20968947699263854,0.004603288327095007,0.1066610598265639,206.5,overripe
1763617919.8433363,1763617907.13522,0.328,0.5,4,4,1,160.19,166.70000000000303,166.45,0.21285025555041137,0.0046658605210676395,0.10932501285918983,206.5,overripe
1763617919.9102798,1763617907.13522,0.335,0.5,5,5,1,160.12,166.60000000000304,166.7,0.21607306298636916,0.004729937202453086,0.11251457121843148,206.5,overripe
1763617920.083203,1763617907.13522,0.342,0.5,6,4,1,160.05,166.50000000000304,167.0,0.21937299840548458,0.004795630040271155,0.11592081869691578,206.5,overripe
1763617920.1913247,1763617907.13522,0.34800000000000003,0.5,5,4,1,159.98,166.40000000000305,167.4,0.22275626050798064,0.004862681155016964,0.11889064804321953,206.5,overripe
1763617920.3163326,1763617907.13522,0.354,0.5,4,4,1,159.91,166.30000000000305,167.7,0.22621154462294635,0.004930942087335374,0.12161190965265373,206.5,overripe
1763617920.6296604,1763617907.13522,0.358,0.5,4,3,1,159.84,166.20000000000306,168.15,0.22973239780855761,0.004999760896528067,0.12317932932924244,206.5,overripe
1763617920.8117404,1763617907.13522,0.361,0.5,4,3,1,159.73,166.10000000000306,168.4,0.23338874027566678,0.005068508332518704,0.12356712329323324,206.5,overripe
1763617921.0043595,1763617907.13522,0.365,0.5,6,3,1,159.66,166.00000000000307,168.7,0.23700339976511273,0.005137184488894889,0.12397453201933731,206.5,overripe
1763617921.047796,1763617907.13522,0.371,0.5,5,4,1,159.59,165.90000000000308,169.0,0.24060001026784672,0.005206341609595592,0.1253889556243783,206.5,overripe
1763617921.1072102,1763617907.13522,0.377,0.5,6,3,1,159.52,165.80000000000308,169.25,0.24421645624724234,0.005276236123196049,0.1272780266988702,206.5,overripe
1763617921.1442077,1763617907.13522,0.383,0.5,5,3,1,159.45,165.7000000000031,169.55,0.2478709712842131,0.00534697784785424,0.12937627018884318,206.5,overripe
1763617921.164695,1763617907.13522,0.387,0.5,5,3,1,159.38,165.6000000000031,169.75,0.2515719625926986,0.005418059804119315,0.13055165814382957,206.5,overripe
1763617921.1773946,1763617907.13522,0.394,0.5,5,4,1,159.31,165.5000000000031,170.1,0.25529728316071604,0.005490044772167761,0.13276452720754806,206.5,overripe
1763617921.2059731,1763617907.13522,0.401,0.5,6,3,1,159.24,165.4000000000031,170.45,0.259074354135187,0.005563187321742086,0.13545655104894505,206.5,overripe
1763617921.3327737,1763617907.13522,0.40700000000000003,0.5,5,3,1,159.17,165.3000000000031,170.9,0.26291579777394286,0.005637320665715688,0.13784965481812317,206.5,overripe
1763617921.4188893,1763617907.13522,0.41300000000000003,0.5,5,4,1,159.06,165.20000000000312,171.25,0.2669269130971611,0.005712316643681921,0.13995581319887196,206.5,overripe
1763617921.5398922,1763617907.13522,0.42,0.5,6,4,1,158.99,165.10000000000312,171.6,0.2709350667313889,0.005788393094421579,0.1425062964166276,206.5,overripe
1763617921.5933046,1763617907.13522,0.427,0.5,6,4,1,158.92,165.00000000000313,171.75,0.27497755736760987,0.005865636066571784,0.1452431242063984,206.5,overripe
1763617921.7417047,1763617907.13522,0.434,0.5,6,4,1,158.85,164.90000000000313,172.05,0.27907227128834144,0.005944066689299068,0.14803806949866272,206.5,overripe
1763617921.790304,1763617907.13522,0.44,0.5,4,5,1,158.78,164.80000000000314,172.35,0.28322733313558074,0.006023410602084908,0.15032783725792137,206.5,overripe
1763617921.8542302,1763617907.13522,0.447,0.5,5,5,1,158.71,164.70000000000314,172.7,0.28743338193983575,0.0061037823878903955,0.15284420325691533,206.5,overripe
1763617921.9223022,1763617907.13522,0.453,0.5,4,4,0,158.64,164.60000000000315,173.05,0.29169784915616764,0.006184957360056934,0.15494094344220793,206.5,overripe
1763617922.0254664,1763617907.13522,0.458,0.5,4,3,0,158.57,164.60000000000315,173.35000000000002,0.2960110909633813,0.006266551893189442,0.15630830533580653,206.5,overripe
1763617922.2748163,1763617907.13522,0.465,0.5,5,4,0,158.5,164.60000000000315,173.75,0.30035534170906264,0.006348893023460163,0.1583043564405313,206.5,overripe
1763617922.3428988,1763617907.13522,0.47000000000000003,0.5,4,4,0,158.43,164.60000000000315,174.05,0.30474661663759545,0.006431606799831915,0.15958323243720157,206.5,overripe
1763617922.4250476,1763617907.13522,0.468,0.5,5,4,0,158.36,164.60000000000315,174.2,0.30916721300501215,0.006512697649256553,0.1569977115323864,206.5,overripe
1763617922.5802155,1763617907.13522,0.468,0.5,5,6,0,158.29,164.60000000000315,174.45,0.3135212011103054,0.006591741661551526,0.1535612611583939,206.5,overripe
1763617922.787114,1763617907.13522,0.467,0.5,5,4,0,158.18,164.60000000000315,174.8,0.3179196680874659,0.006668271025610935,0.1491215630468838,206.5,overripe
1763617922.9540367,1763617907.13522,0.465,0.5,5,4,0,158.11,164.60000000000315,175.10000000000002,0.3221441569354776,0.006741875281651053,0.1438764586316973,206.5,overripe
1763617923.071323,1763617907.13522,0.462,0.5,6,3,0,158.04,164.60000000000315,175.4,0.32620562725676827,0.006812146106313612,0.13780468052681916,206.5,overripe
1763617923.2341554,1763617907.13522,0.461,0.5,6,4,0,157.92,164.60000000000315,175.7,0.3302698694334171,0.006879391872908832,0.13223528445837662,206.5,overripe
1763617923.338326,1763617907.13522,0.461,0.5,6,4,0,157.85,164.60000000000315,175.85000000000002,0.33410626344413036,0.0069441093676182375,0.12764631350176653,206.5,overripe
1763617923.4310658,1763617907.13522,0.46,0.5,5,3,0,157.78,164.60000000000315,176.25,0.33778317892106635,0.00700632464594826,0.12309310955188213,206.5,overripe
1763617923.529375,1763617907.13522,0.455,0.5,4,3,0,157.66,164.60000000000315,176.65,0.3414992100901923,0.007065020767030314,0.11643893414628198,206.5,overripe
1763617923.5602627,1763617907.13522,0.454,0.5,5,4,0,157.59,164.60000000000315,177.0,0.3449551582276933,0.007120819106315882,0.11101391389054382,206.5,overripe
1763617923.6032667,1763617907.13522,0.455,0.5,6,3,0,157.52,164.60000000000315,177.25,0.3482286377804914,0.007174565477820487,0.10725589827862714,206.5,overripe
1763617923.6783063,1763617907.13522,0.452,0.5,5,3,0,157.45,164.60000000000315,177.45,0.35138471369686974,0.007225700259864047,0.10235755433268956,206.5,overripe
1763617923.750075,1763617907.13522,0.449,0.5,5,3,0,157.38,164.60000000000315,177.7,0.35440775515861306,0.00727399207023958,0.09696337885616663,206.5,overripe
1763617923.9223998,1763617907.13522,0.448,0.5,5,3,0,157.31,164.60000000000315,178.0,0.35729202628061996,0.007319868033160877,0.09239354072676986,206.5,overripe
1763617924.023863,1763617907.13522,0.448,0.5,5,4,0,157.24,164.60000000000315,178.39999999999998,0.3600610560620156,0.007363817878710287,0.08878172744167928,206.5,overripe
1763617924.105331,1763617907.13522,0.448,0.5,5,5,0,157.17,164.60000000000315,178.64999999999998,0.36274003269641064,0.007406106575707288,0.08568135905543683,206.5,overripe
1763617924.174184,1763617907.13522,0.446,0.5,5,3,0,157.1,164.60000000000315,178.89999999999998,0.3653424146776019,0.007446394276561414,0.08186828119832185,206.5,overripe
1763617924.216835,1763617907.13522,0.445,0.5,6,2,0,157.03,164.60000000000315,179.2,0.36785146367344934,0.0074847911942654815,0.07825388426451252,206.5,overripe
1763617924.3501453,1763617907.13522,0.443,0.5,5,2,0,156.96,164.60000000000315,179.35,0.3702724125196476,0.007521133477823858,0.0742802614493333,206.5,overripe
1763617924.4109747,1763617907.13522,0.44,0.5,4,2,0,156.89,164.60000000000315,179.7,0.372596848056429,0.007555127810870572,0.06967948892806142,206.5,overripe
1763617924.5084493,1763617907.13522,0.437,0.5,5,2,0,156.82,164.60000000000315,179.9,0.3748098382437919,0.007586666478836217,0.06482833024845336,206.5,overripe
1763617924.6912696,1763617907.13522,0.435,0.5,5,4,0,156.75,164.60000000000315,180.15,0.37690556433235184,0.007615975644034432,0.06041351991377081,206.5,overripe
1763617924.7190893,1763617907.13522,0.433,0.5,5,3,0,156.68,164.60000000000315,180.45,0.3788947750717256,0.007643197026082304,0.05626476705133571,206.5,overripe
1763617924.78849,1763617907.13522,0.432,0.5,5,4,0,156.61,164.60000000000315,180.7,0.38078406920630264,0.007668670593860098,0.05279570185522803,206.5,overripe
1763617924.910783,1763617907.13522,0.43,0.5,4,3,0,156.54,164.60000000000315,181.05,0.38258997260006794,0.007692345377590769,0.04919991293069742,206.5,overripe
1763617925.0106437,1763617907.13522,0.428,0.5,4,2,0,156.47,164.60000000000315,181.25,0.38430957339549215,0.00771422250297634,0.045585369369890494,206.5,overripe
1763617925.1207793,1763617907.13522,0.426,0.5,5,3,0,156.4,164.60000000000315,181.55,0.38594255098706165,0.007734328256454483,0.04200492039562964,206.5,overripe
1763617925.1608887,1763617907.13522,0.423,0.5,4,3,0,156.33,164.60000000000315,181.85,0.3874898452288567,0.007752461983396856,0.0379838904624889,206.5,overripe
1763617925.2722726,1763617907.13522,0.422,0.5,5,3,0,156.26,164.60000000000315,182.1,0.38894101749677207,0.007769030906070403,0.0347958503489007,206.5,overripe
1763617925.354208,1763617907.13522,0.423,0.5,6,3,0,156.19,164.60000000000315,182.4,0.3903161126156283,0.007784729452792961,0.03305232130720809,206.5,overripe
1763617925.4864511,1763617907.13522,0.424,0.5,4,4,0,156.12,164.60000000000315,182.55,0.391649738717233,0.007799906141209191,0.032034478244185205,206.5,overripe
1763617925.5617223,1763617907.13522,0.425,0.5,5,3,0,156.05,164.60000000000315,182.89999999999998,0.3929592713676771,0.007814736935073504,0.03138283711303197,206.5,overripe
1763617925.6605732,1763617907.13522,0.423,0.5,5,2,0,155.98,164.60000000000315,183.25,0.3942534783612122,0.007828604576811456,0.029417575879142344,206.5,overripe
1763617925.7720828,1763617907.13522,0.421,0.5,4,3,0,155.91,164.60000000000315,183.45,0.39550110321388,0.007841223491373143,0.02683442390629731,206.5,overripe
1763617925.8449743,1763617907.13522,0.418,0.5,4,2,0,155.84,164.60000000000315,183.8,0.3966874964252446,0.007852238300343003,0.02348026713484408,206.5,overripe
1763617925.9290931,1763617907.13522,0.417,0.5,4,3,0,155.77,164.60000000000315,184.1,0.39779439229371283,0.00786196738451015,0.020789489486331525,206.5,overripe
1763617925.999667,1763617907.13522,0.418,0.5,5,4,0,155.66,164.60000000000315,184.4,0.39899484476305724,0.00787097992294885,0.019297096126964952,206.5,overripe
1763617926.089576,1763617907.13522,0.417,0.5,5,3,0,155.59,164.60000000000315,184.7,0.4000819094830731,0.00787916507731439,0.017564060961937966,206.5,overripe
1763617926.1970859,1763617907.13522,0.416,0.5,5,3,0,155.52,164.60000000000315,184.85,0.40108889826048033,0.007886480761799045,0.015734086962025162,206.5,overripe
1763617926.2492619,1763617907.13522,0.416,0.5,5,3,0,155.45,164.60000000000315,185.0,0.4020330730345064,0.007893150719878781,0.014378419576746349,206.5,overripe
1763617926.4173667,1763617907.13522,0.415,0.5,4,4,0,155.38,164.60000000000315,185.2,0.4029354778113597,0.007899061007348638,0.012770268494266712,206.5,overripe
1763617926.5097737,1763617907.13522,0.415,0.5,5,5,0,155.31,164.60000000000315,185.5,0.4037950617825067,0.007904397848901847,0.011557811370306537,206.5,overripe
1763617926.6573236,1763617907.13522,0.41200000000000003,0.5,4,3,0,155.24,164.60000000000315,185.75,0.40462365576094467,0.007908568433652577,0.009052780815461958,206.5,overripe
1763617926.7342856,1763617907.13522,0.41000000000000003,0.5,5,3,0,155.17,164.60000000000315,186.0,0.40539198219520683,0.007911531454474765,0.0064462360929964935,206.5,overripe
1763617926.8441865,1763617907.13522,0.40900000000000003,0.5,3,5,0,155.05,164.60000000000315,186.25,0.40629607975615334,0.007913423222166146,0.00412302938794834,206.5,overripe
1763617926.9404454,1763617907.13522,0.40800000000000003,0.5,6,3,0,154.98,164.60000000000315,186.5,0.40704639787207486,0.0079144137331444,0.002163156699976021,206.5,overripe
1763617927.0554101,1763617907.13522,0.40800000000000003,0.5,5,3,0,154.91,164.60000000000315,186.75,0.4077009758673733,0.007914826701847243,0.0009038014186521504,206.5,overripe
1763617927.1283407,1763617907.13522,0.41000000000000003,0.5,5,4,0,154.84,164.60000000000315,187.0,0.4083010984216261,0.007915283219446284,0.0010012902213866193,206.5,overripe
1763617927.1582494,1763617907.13522,0.40800000000000003,0.5,4,3,0,154.77,164.60000000000315,187.3,0.4088911248377206,0.007915174067660243,-0.00023993051621423733,206.5,overripe
1763617927.181663,1763617907.13522,0.40900000000000003,0.5,5,4,0,154.7,164.60000000000315,187.45,0.40944575146616846,0.007914892557490116,-0.000620154305415288,206.5,overripe
1763617927.273682,1763617907.13522,0.40900000000000003,0.5,5,4,0,154.7,164.60000000000315,187.5,0.40971131182183657,0.007914531105935723,-0.0007985132414599638,206.5,overripe
1763617927.3583899,1763617907.13522,0.406,0.5,5,3,0,154.7,164.60000000000315,187.45,0.40983265635561356,0.007913458808787058,-0.002376257065425269,206.5,overripe
1763617927.406381,1763617907.13522,0.404,0.5,4,3,0,154.65,164.60000000000315,187.39999999999998,0.4100449847871046,0.00791151616618849,-0.004316785142010449,206.5,overripe
1763617927.4895406,1763617907.13522,0.403,0.5,5,3,0,154.65,164.60000000000315,187.35,0.4100782188698669,0.007908952401050778,-0.005714119047319832,206.5,overripe
1763617927.601405,1763617907.13522,0.401,0.5,5,2,0,154.65,164.60000000000315,187.35000000000002,0.4100122565155355,0.00790567370626841,-0.0073302066042619796,206.5,overripe
1763617927.72935,1763617907.13522,0.399,0.5,4,4,0,154.65,164.60000000000315,187.4,0.40987573280268524,0.007901645141241592,-0.009034707847048462,206.5,overripe
1763617927.8124483,1763617907.13522,0.397,0.5,5,3,0,154.65,164.60000000000315,187.45,0.4096835846621302,0.007896860631828453,-0.010763072184311773,206.5,overripe
1763617927.9176955,1763617907.13522,0.399,0.5,6,4,0,154.7,164.60000000000315,187.3,0.4092464493496955,0.007892304012358374,-0.010286193110786324,206.5,overripe
1763617927.945653,1763617907.13522,0.4,0.5,4,4,0,154.7,164.60000000000315,187.1,0.40891582760279066,0.00788813739079364,-0.009435699483336057,206.5,overripe
1763617928.0261896,1763617907.13522,0.398,0.5,5,2,0,154.7,164.60000000000315,187.0,0.408652731784849,0.00788377319714207,-0.009912667725121727,206.5,overripe
1763617928.140046,1763617907.13522,0.398,0.5,5,4,0,154.65,164.60000000000315,187.05,0.4086001403516794,0.007879280037790244,-0.010230108321815756,206.5,overripe
1763617928.2159567,1763617907.13522,0.397,0.5,3,4,0,154.65,164.60000000000315,186.95,0.4084539694403257,0.007874562290777135,-0.010768953425393857,206.5,overripe
1763617928.2260208,1763617907.13522,0.397,0.5,4,4,0,154.7,164.60000000000315,187.05,0.4080558664160983,0.007869883264972982,-0.010713358408632356,206.5,overripe
1763617928.2362912,1763617907.13522,0.396,0.5,4,3,0,154.7,164.60000000000315,187.05,0.4077366773862423,0.007865064028325848,-0.01106542338250932,206.5,overripe
1763617928.2483642,1763617907.13522,0.394,0.5,4,3,0,154.65,164.60000000000315,187.0,0.40764528190670357,0.007859714630015618,-0.012309654904837042,206.5,overripe
1763617928.2634947,1763617907.13522,0.392,0.5,4,4,0,154.65,164.60000000000315,187.0,0.4074471134148412,0.00785374053541828,-0.013779299913907916,206.5,overripe
1763617928.3338203,1763617907.13522,0.39,0.5,4,2,0,154.65,164.60000000000315,187.0,0.4071769317435408,0.007847104290208977,-0.015343024993074161,206.5,overripe
1763617928.3942947,1763617907.13522,0.391,0.5,5,4,0,154.65,164.60000000000315,186.9,0.4068526166330655,0.00784044381385488,-0.015435663257832188,206.5,overripe
1763617928.4612186,1763617907.13522,0.393,0.5,5,4,0,154.65,164.60000000000315,186.9,0.4065171497190587,0.007834284101530267,-0.014308673031442065,206.5,overripe
1763617928.6211843,1763617907.13522,0.395,0.5,5,3,0,154.65,164.60000000000315,187.05,0.40620270352365434,0.007828873105272315,-0.01259846517984603,206.5,overripe
1763617928.6558385,1763617907.13522,0.396,0.5,4,4,0,154.65,164.60000000000315,187.2,0.40592460863956736,0.007824106822954239,-0.011122489467663199,206.5,overripe
1763617928.7859995,1763617907.13522,0.393,0.5,3,3,0,154.65,164.60000000000315,187.2,0.4056787085851791,0.007819070947187836,-0.011777648999227008,206.5,overripe
1763617928.9133978,1763617907.13522,0.393,0.5,5,3,0,154.65,164.60000000000315,187.25,0.40541821391508576,0.00781396488863719,-0.01196768412210969,206.5,overripe
1763617929.0325897,1763617907.13522,0.392,0.5,3,5,0,154.6,164.60000000000315,187.2,0.405349121450459,0.007808587795519967,-0.012623856553970914,206.5,overripe
1763617929.1184838,1763617907.13522,0.393,0.5,5,3,0,154.6,164.60000000000315,187.14999999999998,0.40516794577192483,0.0078033561411932455,-0.012305313323680789,206.5,overripe
1763617929.273806,1763617907.13522,0.395,0.5,4,4,0,154.55,164.60000000000315,187.05,0.4051404199729289,0.007798597603741577,-0.011209103748806848,206.5,overripe
1763617929.535591,1763617907.13522,0.393,0.5,4,2,0,154.55,164.60000000000315,187.05,0.40501525410887323,0.007793703096510646,-0.011549595996812212,206.5,overripe
1763617929.7064197,1763617907.13522,0.393,0.5,4,3,0,154.55,164.60000000000315,187.05,0.40482196841133933,0.007788800972523177,-0.011589139355308808,206.5,overripe
1763617929.7560906,1763617907.13522,0.392,0.5,4,3,0,154.55,164.60000000000315,186.95,0.404597775951328,0.007783742547891766,-0.011981361423312742,206.5,overripe
1763617929.8900564,1763617907.13522,0.389,0.5,3,3,0,154.55,164.60000000000315,186.95,0.40435021796019416,0.007778036045629344,-0.01354201069618649,206.5,overripe
1763617930.0380206,1763617907.13522,0.389,0.5,5,3,0,154.55,164.60000000000315,186.8,0.4040613744435614,0.007772081427382229,-0.014157270811557543,206.5,overripe
1763617930.1507173,1763617907.13522,0.388,0.5,4,3,0,154.55,164.60000000000315,186.75,0.403755833997508,0.007765866325301671,-0.014803782181506075,206.5,overripe
1763617930.2170942,1763617907.13522,0.388,0.5,4,3,0,154.55,164.60000000000315,186.75,0.4034348590397584,0.007759597446731796,-0.014958833131757443,206.5,overripe
1763617930.2845638,1763617907.13522,0.389,0.5,5,3,0,154.5,164.60000000000315,186.7,0.403304129779538,0.007753501118108083,-0.014566116825537545,206.5,overripe
1763617930.336669,1763617907.13522,0.39,0.5,4,3,0,154.5,164.60000000000315,186.8,0.4030846659926778,0.0077477694499914216,-0.013715659515677547,206.5,overripe
1763617930.399518,1763617907.13522,0.392,0.5,5,4,0,154.5,164.60000000000315,186.85,0.40283535132298004,0.007742699863448626,-0.012150848084479915,206.5,overripe
1763617930.501409,1763617907.13522,0.392,0.5,4,5,0,154.5,164.60000000000315,186.89999999999998,0.40259607878087966,0.007738012196960261,-0.011253827161629593,206.5,overripe
1763617930.7192383,1763617907.13522,0.393,0.5,4,5,0,154.45,164.60000000000315,186.85,0.4025579348478874,0.007733690731118564,-0.010386809038262335,206.5,overripe
1763617930.7976236,1763617907.13522,0.392,0.5,4,3,0,154.4,164.60000000000315,186.95,0.40262920223201054,0.007729308134180741,-0.010543639327197984,206.5,overripe
1763617930.8944342,1763617907.13522,0.392,0.5,4,4,0,154.4,164.60000000000315,186.7,0.40254899525518956,0.007724946710553801,-0.01050621380278327,206.5,overripe
1763617931.0704162,1763617907.13522,0.392,0.5,4,4,0,154.4,164.60000000000315,186.7,0.40239578609638715,0.007720646218909093,-0.01037439537018403,206.5,overripe
1763617931.1781557,1763617907.13522,0.388,0.5,4,2,0,154.4,164.60000000000315,186.65,0.4022087198240066,0.007715597377792802,-0.01219802446090501,206.5,overripe
1763617931.2046762,1763617907.13522,0.39,0.5,5,4,0,154.35,164.60000000000315,186.75,0.40215705130782214,0.0077105730291952695,-0.012151703626271326,206.5,overripe
1763617931.303384,1763617907.13522,0.389,0.5,3,4,0,154.35,164.60000000000315,186.8,0.402000776316027,0.007705412160931492,-0.012498102475251571,206.5,overripe
1763617931.548568,1763617907.13522,0.388,0.5,4,3,0,154.35,164.60000000000315,186.75,0.4017844759570037,0.007700037898294327,-0.01303313903661596,206.5,overripe
1763617931.6615758,1763617907.13522,0.387,0.5,5,3,0,154.35,164.60000000000315,186.64999999999998,0.4015306106802862,0.007694415320811884,-0.013654942220092392,206.5,overripe
1763617931.720265,1763617907.13522,0.387,0.5,5,3,0,154.35,164.60000000000315,186.5,0.4012505857485979,0.007688735944563103,-0.013812751518500976,206.5,overripe
1763617931.7506454,1763617907.13522,0.387,0.5,6,3,0,154.35,164.60000000000315,186.4,0.40096099775478594,0.007683093672035963,-0.013742080639737475,206.5,overripe
1763617931.9093113,1763617907.13522,0.388,0.5,5,3,0,154.35,164.60000000000315,186.3,0.4006700465345502,0.007677738726012802,-0.013060587977025917,206.5,overripe
1763617932.0431654,1763617907.13522,0.388,0.5,4,5,0,154.35,164.60000000000315,186.2,0.4003924314764976,0.007672584768132394,-0.012587702197735473,206.5,overripe
1763617932.154002,1763617907.13522,0.388,0.5,4,5,0,154.3,164.60000000000315,186.2,0.40031628928626256,0.007667506487703014,-0.012413924646881458,206.5,overripe
1763617932.313423,1763617907.13522,0.389,0.5,6,3,0,154.3,164.60000000000315,186.25,0.40014758460317457,0.007662727050725362,-0.011696402283484009,206.5,overripe
1763617932.4056962,1763617907.13522,0.391,0.5,4,5,0,154.3,164.60000000000315,186.1,0.3999462550197373,0.007658555683126514,-0.01022066385989201,206.5,overripe
1763617932.4701881,1763617907.13522,0.391,0.5,5,3,0,154.3,164.60000000000315,186.05,0.3997525712364582,0.007654728188841772,-0.009389775656535537,206.5,overripe
1763617932.4838593,1763617907.13522,0.391,0.5,4,3,0,154.3,164.60000000000315,186.0,0.3995647997522245,0.00765111161737905,-0.008883401962263116,206.5,overripe
1763617932.5435483,1763617907.13522,0.389,0.5,3,3,0,154.35,164.60000000000315,186.05,0.39919074562163365,0.007647311511699617,-0.00935004672665296,206.5,overripe
1763617932.5688143,1763617907.13522,0.388,0.5,4,3,0,154.35,164.60000000000315,186.15,0.3988998867122419,0.007643261346195172,-0.009979537264751592,206.5,overripe
1763617932.6198003,1763617907.13522,0.385,0.5,3,4,0,154.3,164.60000000000315,186.15,0.3988334319071858,0.007638446576404048,-0.011873257183440622,206.5,overripe
1763617932.7527418,1763617907.13522,0.384,0.5,4,3,0,154.35,164.60000000000315,186.2,0.3984635905524518,0.0076331891862682555,-0.012983503190579226,206.5,overripe
1763617932.9272196,1763617907.13522,0.384,0.5,3,4,0,154.3,164.60000000000315,186.10000000000002,0.3983209057744833,0.007627694340547434,-0.01358086209354703,206.5,overripe
1763617933.0380132,1763617907.13522,0.383,0.5,5,3,0,154.3,164.60000000000315,186.15,0.39809990705827236,0.00762194239133158,-0.014229885217804217,206.5,overripe
1763617933.0825014,1763617907.13522,0.385,0.5,5,4,0,154.3,164.60000000000315,186.10000000000002,0.3978325488542781,0.007616532394634807,-0.013397537934044024,206.5,overripe
1763617933.1178567,1763617907.13522,0.385,0.5,5,3,0,154.3,164.60000000000315,186.05,0.39756658066952283,0.00761134924664366,-0.012849075209405758,206.5,overripe
1763617933.1376953,1763617907.13522,0.384,0.5,3,3,0,154.3,164.60000000000315,185.95,0.3973042310933121,0.007606132616015119,-0.012945478363253549,206.5,overripe
1763617933.2058513,1763617907.13522,0.386,0.5,5,4,0,154.3,164.60000000000315,185.89999999999998,0.3970360255751409,0.007601359640850876,-0.011856649210111592,206.5,overripe
1763617933.3275652,1763617907.13522,0.386,0.5,4,4,0,154.3,164.60000000000315,185.85,0.3967889260474535,0.007596855852295458,-0.011199237864938871,206.5,overripe
1763617933.421508,1763617907.13522,0.388,0.5,5,3,0,154.3,164.60000000000315,185.8,0.39655485249382394,0.0075929347326044085,-0.009760008402566633,206.5,overripe
1763617933.5164886,1763617907.13522,0.388,0.5,5,4,0,154.25,164.60000000000315,185.75,0.39654050517627565,0.007589263341652687,-0.00914308313064699,206.5,overripe
1763617933.5950506,1763617907.13522,0.387,0.5,5,3,0,154.25,164.60000000000315,185.8,0.3964438883161852,0.007585553702812322,-0.009245177293370876,206.5,overripe
1763617933.7152457,1763617907.13522,0.388,0.5,5,4,0,154.25,164.60000000000315,185.75,0.39629764357704544,0.007582066451753037,-0.008698288065638271,206.5,overripe
1763617933.7857556,1763617907.13522,0.388,0.5,5,3,0,154.25,164.60000000000315,185.85,0.39613921433365623,0.007578725993717654,-0.008339536577952666,206.5,overripe
1763617933.862587,1763617907.13522,0.39,0.5,4,4,0,154.25,164.60000000000315,185.89999999999998,0.39597655952005023,0.007575893911450369,-0.007076720642198442,206.5,overripe
1763617934.0358531,1763617907.13522,0.389,0.5,4,3,0,154.25,164.60000000000315,185.85,0.3958345222659564,0.007573141178637237,-0.006884602827030517,206.5,overripe
1763617934.1847847,1763617907.13522,0.39,0.5,5,4,0,154.25,164.60000000000315,185.85,0.39569366035831516,0.007570656895817752,-0.006218700638852215,206.5,overripe
1763617934.3132348,1763617907.13522,0.389,0.5,4,3,0,154.25,164.60000000000315,185.9,0.3955653401802555,0.007568131201049018,-0.00632786032052407,206.5,overripe
1763617934.4404306,1763617907.13522,0.391,0.5,5,5,0,154.25,164.60000000000315,185.95,0.39543411418901436,0.0075660114372132475,-0.005315374259148631,206.5,overripe
1763617934.7476492,1763617907.13522,0.394,0.5,4,5,0,154.2,164.60000000000315,186.0,0.395512877451207,0.0075646347030805675,-0.0034535074862741544,206.5,overripe
1763617934.7953174,1763617907.13522,0.397,0.5,7,3,0,154.2,164.60000000000315,185.9,0.39553565185646966,0.007564233920617991,-0.001005966874003228,206.5,overripe
1763617934.8838422,1763617907.13522,0.399,0.5,5,4,0,154.2,164.60000000000315,185.95,0.3955620650007949,0.007564712770247429,0.0012027774904383448,206.5,overripe
1763617935.018475,1763617907.13522,0.4,0.5,4,3,0,154.2,164.60000000000315,185.85000000000002,0.39561079186084197,0.0075658153710992495,0.0027716293847746543,206.5,overripe
1763617935.2541447,1763617907.13522,0.4,0.5,4,4,0,154.2,164.60000000000315,185.9,0.39568029917075376,0.007567210988003509,0.003510911452054566,206.5,overripe
1763617935.2681234,1763617907.13522,0.401,0.5,4,4,0,154.2,164.60000000000315,185.95,0.3957592112112541,0.00756893340684218,0.004336394100150076,206.5,overripe
1763617935.2834692,1763617907.13522,0.404,0.5,6,4,0,154.2,164.60000000000315,185.89999999999998,0.3958522547730438,0.007571392399039603,0.006195547882658303,206.5,overripe
1763617935.3707762,1763617907.13522,0.403,0.5,4,3,0,154.2,164.60000000000315,185.85,0.39598234078615774,0.007573986766478418,0.006541560541693359,206.5,overripe
1763617935.4253154,1763617907.13522,0.406,0.5,5,5,0,154.2,164.60000000000315,185.85,0.39611876679116215,0.0075772139452360485,0.008143183872763415,206.5,overripe
1763617935.4511669,1763617907.13522,0.405,0.5,4,4,0,154.2,164.60000000000315,185.85,0.39628791863013013,0.007580517936488513,0.008343056701832663,206.5,overripe
1763617935.4696863,1763617907.13522,0.402,0.5,4,2,0,154.2,164.60000000000315,185.89999999999998,0.3964609026446699,0.007583230538593714,0.006854585021311532,206.5,overripe
1763617935.480129,1763617907.13522,0.4,0.5,4,3,0,154.2,164.60000000000315,185.95,0.39660286441843395,0.00758522954067679,0.005054879414556734,206.5,overripe
1763617935.4902346,1763617907.13522,0.401,0.5,4,4,0,154.2,164.60000000000315,186.10000000000002,0.3967074585901627,0.007587055877948687,0.004621413326332646,206.5,overripe
1763617935.50743,1763617907.13522,0.401,0.5,4,4,0,154.2,164.60000000000315,186.25,0.3968029992175152,0.007588778323756821,0.004361436740732472,206.5,overripe
1763617935.614083,1763617907.13522,0.401,0.5,5,3,0,154.2,164.60000000000315,186.4,0.3968930947302478,0.007590431636165842,0.004189123248876048,206.5,overripe
1763617935.7498097,1763617907.13522,0.403,0.5,4,4,0,154.2,164.60000000000315,186.55,0.3969795687690928,0.007592427983645386,0.0050615402204691184,206.5,overripe
1763617935.8194726,1763617907.13522,0.402,0.5,4,4,0,154.2,164.60000000000315,186.55,0.39708398064270034,0.007594373820724925,0.004936573852080628,206.5,overripe
1763617935.9704409,1763617907.13522,0.403,0.5,5,3,0,154.2,164.60000000000315,186.5,0.39718574937256507,0.007596471286827073,0.005324527874825458,206.5,overripe
1763617936.1468406,1763617907.13522,0.404,0.5,4,4,0,154.25,164.60000000000315,186.4,0.39710553579301056,0.007598891202992762,0.0061496028306847195,206.5,overripe
1763617936.2204907,1763617907.13522,0.403,0.5,3,4,0,154.25,164.60000000000315,186.39999999999998,0.3971370511333563,0.007601246633564324,0.005990518178491389,206.5,overripe
1763617936.334466,1763617907.13522,0.403,0.5,4,4,0,154.25,164.60000000000315,186.5,0.39721264421361296,0.007603545735144554,0.005851140442310887,206.5,overripe
1763617936.5034766,1763617907.13522,0.4,0.5,3,3,0,154.25,164.60000000000315,186.55,0.3973090256509064,0.007605204056192871,0.0042228666770555146,206.5,overripe
1763617936.599341,1763617907.13522,0.4,0.5,5,3,0,154.25,164.60000000000315,186.65,0.397383795021996,0.007606531499874826,0.0033821511419849792,206.5,overripe
1763617936.7346568,1763617907.13522,0.399,0.5,4,4,0,154.25,164.60000000000315,186.60000000000002,0.39744721344848033,0.007607487000000377,0.0024357596335101706,206.5,overripe
1763617936.8079329,1763617907.13522,0.396,0.5,3,3,0,154.25,164.60000000000315,186.6,0.3974941674132708,0.007607662385994553,0.0004473191277244437,206.5,overripe
1763617936.860557,1763617907.13522,0.394,0.5,4,3,0,154.25,164.60000000000315,186.64999999999998,0.3975018455340959,0.007607062361659366,-0.0015311022635982607,206.5,overripe
1763617937.0227394,1763617907.13522,0.391,0.5,3,3,0,154.25,164.60000000000315,186.7,0.3974697512710462,0.007605501667621099,-0.003984379635797397,206.5,overripe
1763617937.0707123,1763617907.13522,0.389,0.5,3,3,0,154.25,164.60000000000315,186.64999999999998,0.3973878334941691,0.007603095718542572,-0.006145147676544671,206.5,overripe
1763617937.144351,1763617907.13522,0.388,0.5,4,2,0,154.25,164.60000000000315,186.7,0.39726193691559397,0.007600105639753925,-0.007640594006781742,206.5,overripe
1763617937.2369986,1763617907.13522,0.389,0.5,4,3,0,154.25,164.60000000000315,186.64999999999998,0.39710561245151504,0.007597056524057446,-0.007794940997108923,206.5,overripe
1763617937.3087423,1763617907.13522,0.389,0.5,4,3,0,154.25,164.60000000000315,186.45,0.3969462497505775,0.007594010319455799,-0.007790914023374451,206.5,overripe
1763617937.4107254,1763617907.13522,0.388,0.5,3,3,0,154.2,164.60000000000315,186.55,0.39697691262454365,0.00759072616439138,-0.008399244760942115,206.5,overripe
1763617937.6073687,1763617907.13522,0.389,0.5,4,4,0,154.2,164.60000000000315,186.6,0.396900105903099,0.007587555275802794,-0.00811127197129824,206.5,overripe
1763617937.7142367,1763617907.13522,0.388,0.5,4,2,0,154.2,164.60000000000315,186.65,0.39678172449283555,0.007584277546105337,-0.008387307526935173,206.5,overripe
1763617937.7830398,1763617907.13522,0.386,0.5,3,3,0,154.25,164.60000000000315,186.6,0.3964444107484862,0.00758066679765541,-0.009247202265535992,206.5,overripe
1763617937.9724545,1763617907.13522,0.384,0.5,4,3,0,154.25,164.60000000000315,186.64999999999998,0.3961727551664865,0.007576540439347505,-0.010574150925011405,206.5,overripe
1763617938.0242903,1763617907.13522,0.384,0.5,4,4,0,154.25,164.60000000000315,186.6,0.39591567288398727,0.007572204633189427,-0.011116370763249728,206.5,overripe
1763617938.1540904,1763617907.13522,0.385,0.5,4,3,0,154.3,164.60000000000315,186.60000000000002,0.3954790925764311,0.007568081923978901,-0.010579441516062327,206.5,overripe
1763617938.2996464,1763617907.13522,0.384,0.5,5,3,0,154.35,164.60000000000315,186.55,0.3949696225750908,0.007563986828596909,-0.01051979704490641,206.5,overripe
1763617938.3992925,1763617907.13522,0.384,0.5,4,4,0,154.35,164.60000000000315,186.55,0.39460890864865555,0.007559947317123397,-0.010383995883563368,206.5,overripe
1763617938.7051241,1763617907.13522,0.384,0.5,5,3,0,154.35,164.60000000000315,186.6,0.39432471110551204,0.0075559764949441706,-0.010212254722965941,206.5,overripe
1763617938.814191,1763617907.13522,0.384,0.5,4,5,0,154.3,164.60000000000315,186.7,0.39426978359062737,0.007552004812614961,-0.010213555399354313,206.5,overripe
1763617938.963434,1763617907.13522,0.385,0.5,5,4,0,154.3,164.60000000000315,186.7,0.39413859649378735,0.007548268038434627,-0.009610482398150821,206.5,overripe
1763617939.0576801,1763617907.13522,0.384,0.5,4,4,0,154.3,164.60000000000315,186.65,0.39398158306008213,0.007544490398964279,-0.009717526012263833,206.5,overripe
1763617939.2185457,1763617907.13522,0.385,0.5,5,4,0,154.3,164.60000000000315,186.7,0.3938034040637948,0.007540925943331357,-0.009171375539885673,206.5,overripe
1763617939.2934477,1763617907.13522,0.385,0.5,5,3,0,154.3,164.60000000000315,186.65,0.3936268413479412,0.007537502516639342,-0.008810827085986628,206.5,overripe
1763617939.3701127,1763617907.13522,0.386,0.5,5,3,0,154.3,164.60000000000315,186.5,0.393452887076386,0.007534377541101676,-0.0080448799454087,206.5,overripe
1763617939.4603734,1763617907.13522,0.385,0.5,5,3,0,154.3,164.60000000000315,186.55,0.3932921364828824,0.007531236614453113,-0.008088132917393742,206.5,overripe
1763617939.5273347,1763617907.13522,0.384,0.5,4,2,0,154.25,164.60000000000315,186.55,0.3933176471027457,0.007527851353825635,-0.008715645320001353,206.5,overripe
1763617939.5827217,1763617907.13522,0.382,0.5,5,3,0,154.3,164.60000000000315,186.55,0.3930473465344328,0.007524067698172463,-0.009746345643060594,206.5,overripe
1763617939.774481,1763617907.13522,0.379,0.5,3,3,0,154.3,164.60000000000315,186.55,0.3928030632779675,0.007519545759774566,-0.011652562832281388,206.5,overripe
1763617939.9132597,1763617907.13522,0.377,0.5,5,3,0,154.3,164.60000000000315,186.6,0.3925436393348017,0.00751432081818779,-0.013468389111958634,206.5,overripe
1763617940.0285435,1763617907.13522,0.375,0.5,3,4,0,154.3,164.60000000000315,186.5,0.39225921393410207,0.007508417392979152,-0.015221588822680543,206.5,overripe
1763617940.0682623,1763617907.13522,0.376,0.5,4,4,0,154.25,164.60000000000315,186.5,0.39213292737766436,0.00750236052390672,-0.015614114821953629,206.5,overripe
1763617940.0907793,1763617907.13522,0.376,0.5,4,4,0,154.2,164.60000000000315,186.55,0.3920950290442666,0.0074962151326296205,-0.015835622766411206,206.5,overripe
1763617940.2423384,1763617907.13522,0.376,0.5,5,3,0,154.2,164.60000000000315,186.65,0.3919129522918713,0.007490089706233246,-0.0157832491529436,206.5,overripe
1763617940.3824375,1763617907.13522,0.374,0.5,4,4,0,154.2,164.60000000000315,186.55,0.39166219889512127,0.007483649103749249,-0.01659734732565743,206.5,overripe
1763617940.4504874,1763617907.13522,0.373,0.5,3,3,0,154.25,164.60000000000315,186.65,0.39117304040587425,0.007477002108321299,-0.017140614621142303,206.5,overripe
1763617940.5333645,1763617907.13522,0.369,0.5,4,2,0,154.25,164.60000000000315,186.60000000000002,0.39074947985746983,0.0074695470057304925,-0.019233266965103857,206.5,overripe
1763617940.6240876,1763617907.13522,0.369,0.5,4,4,0,154.25,164.60000000000315,186.65,0.3903218529498845,0.007461772720306909,-0.02006374650370152,206.5,overripe
1763617940.7526608,1763617907.13522,0.371,0.5,5,3,0,154.25,164.60000000000315,186.7,0.38989661579972074,0.007454309137740273,-0.01926756257662926,206.5,overripe
1763617940.8300898,1763617907.13522,0.372,0.5,5,3,0,154.3,164.60000000000315,186.7,0.38931078080244313,0.007447343056624228,-0.0179962541908974,206.5,overripe
1763617941.038481,1763617907.13522,0.372,0.5,5,3,0,154.35,164.60000000000315,186.65,0.3886629543771643,0.007440766440941448,-0.017005691071391438,206.5,overripe
1763617941.163796,1763617907.13522,0.372,0.5,4,4,0,154.35,164.60000000000315,186.8,0.38817785147836714,0.007434447074296828,-0.01634921982548071,206.5,overripe
1763617941.2295723,1763617907.13522,0.373,0.5,5,4,0,154.35,164.60000000000315,186.75,0.38777729546692796,0.007428510931759112,-0.01536297964048472,206.5,overripe
1763617941.262836,1763617907.13522,0.373,0.5,4,4,0,154.35,164.60000000000315,186.75,0.38743225706461126,0.007422822636947455,-0.014725099151389642,206.5,overripe
1763617941.2933595,1763617907.13522,0.373,0.5,5,3,0,154.4,164.60000000000315,186.75,0.38693232237942193,0.007417387570264046,-0.014078743422811124,206.5,overripe
1763617941.304576,1763617907.13522,0.373,0.5,5,3,0,154.4,164.60000000000315,186.75,0.3865474494923644,0.007412131321170042,-0.013620660014059038,206.5,overripe
1763617941.316111,1763617907.13522,0.376,0.5,6,5,0,154.4,164.60000000000315,186.8,0.3862227843901155,0.007407594416188695,-0.011759389650962793,206.5,overripe
1763617941.3261824,1763617907.13522,0.379,0.5,4,6,0,154.4,164.60000000000315,186.85,0.3859610248324569,0.007404034230356639,-0.009229327462880577,206.5,overripe
1763617941.341404,1763617907.13522,0.379,0.5,5,3,0,154.4,164.60000000000315,186.95,0.3857628551829431,0.007400988380197242,-0.007897006498154946,206.5,overripe
1763617941.3520868,1763617907.13522,0.381,0.5,4,4,0,154.4,164.60000000000315,187.05,0.38559782789251706,0.007398610861057781,-0.006164903550123002,206.5,overripe
1763617941.367223,1763617907.13522,0.382,0.5,6,3,0,154.4,164.60000000000315,187.0,0.38547079148596763,0.0073967775201502425,-0.0047543293147706,206.5,overripe
1763617941.478477,1763617907.13522,0.382,0.5,5,3,0,154.4,164.60000000000315,187.05,0.3853736912200428,0.007395229244858938,-0.00401546013444426,206.5,overripe
1763617941.493903,1763617907.13522,0.385,0.5,5,4,0,154.4,164.60000000000315,187.10000000000002,0.3852922347016441,0.007394414545330006,-0.002113119158844823,206.5,overripe
1763617941.678366,1763617907.13522,0.387,0.5,5,4,0,154.4,164.60000000000315,187.15,0.38524939329036706,0.007394352927184535,-0.00015983551896742165,206.5,overripe
1763617941.878228,1763617907.13522,0.391,0.5,6,4,0,154.4,164.60000000000315,187.3,0.38524598524400333,0.007395431797007215,0.0027987936416964954,206.5,overripe
1763617942.0093925,1763617907.13522,0.392,0.5,4,3,0,154.4,164.60000000000315,187.35000000000002,0.38530209550734584,0.00739725120838857,0.004720293935504105,206.5,overripe
1763617942.0956786,1763617907.13522,0.394,0.5,5,3,0,154.4,164.60000000000315,187.3,0.38539683741084296,0.007399800467601788,0.00661435731058202,206.5,overripe
1763617942.1403582,1763617907.13522,0.398,0.5,6,5,0,154.4,164.60000000000315,187.3,0.3855296290974738,0.0074034523363974165,0.00947596826323871,206.5,overripe
1763617942.1923602,1763617907.13522,0.401,0.5,6,4,0,154.4,164.60000000000315,187.39999999999998,0.3857198791001193,0.007408185582779431,0.012282919580236973,206.5,overripe
1763617942.3433692,1763617907.13522,0.404,0.5,5,4,0,154.45,164.60000000000315,187.45,0.3857812704141013,0.00741404753643747,0.015220128926076826,206.5,overripe
1763617942.3978307,1763617907.13522,0.405,0.5,6,3,0,154.45,164.60000000000315,187.35,0.3859938529636564,0.007420595756465746,0.01700684670643271,206.5,overripe
1763617942.4778953,1763617907.13522,0.40800000000000003,0.5,5,4,0,154.5,164.60000000000315,187.35,0.38610287450391667,0.007428059804909483,0.0193974753311279,206.5,overripe
1763617942.7270026,1763617907.13522,0.41000000000000003,0.5,5,3,0,154.5,164.60000000000315,187.3,0.3863751740656787,0.007436282248244195,0.02137500085184363,206.5,overripe
1763617942.8573976,1763617907.13522,0.41400000000000003,0.5,6,5,0,154.45,164.60000000000315,187.4,0.3869306803083651,0.00744549591712764,0.023944407150396085,206.5,overripe
1763617942.8798766,1763617907.13522,0.41500000000000004,0.5,5,4,0,154.45,164.60000000000315,187.55,0.38747407795039474,0.007455295449557472,0.025463465778985894,206.5,overripe
1763617942.9690175,1763617907.13522,0.41600000000000004,0.5,6,2,0,154.45,164.60000000000315,187.65,0.38801609377417906,0.0074654761992927745,0.026452678090511272,206.5,overripe
1763617943.1946223,1763617907.13522,0.41700000000000004,0.5,6,3,0,154.45,164.60000000000315,187.55,0.38856199711290723,0.0074759340354681484,0.027172388819437954,206.5,overripe
1763617943.3644514,1763617907.13522,0.41800000000000004,0.5,5,4,0,154.45,164.60000000000315,187.60000000000002,0.38911433578200677,0.007486615149992088,0.027752857184165813,206.5,overripe
1763617943.416346,1763617907.13522,0.41700000000000004,0.5,5,2,0,154.45,164.60000000000315,187.64999999999998,0.3896742974381237,0.007497106081054715,0.027259299044962604,206.5,overripe
1763617943.5883448,1763617907.13522,0.41800000000000004,0.5,6,4,0,154.45,164.60000000000315,187.60000000000002,0.3902223581420356,0.007507591014175223,0.027244440099507605,206.5,overripe
1763617943.638724,1763617907.13522,0.41900000000000004,0.5,6,4,0,154.45,164.60000000000315,187.6,0.3907691041915045,0.0075181602544575525,0.027464294929267108,206.5,overripe
1763617943.7693622,1763617907.13522,0.42100000000000004,0.5,6,4,0,154.4,164.60000000000315,187.6,0.3915076904931165,0.0075289822728717695,0.02810900906726932,206.5,overripe
1763617943.8447783,1763617907.13522,0.423,0.5,6,5,0,154.4,164.60000000000315,187.5,0.3921656113960411,0.007540204321836275,0.029142738384151823,206.5,overripe
1763617943.9477334,1763617907.13522,0.424,0.5,5,4,0,154.4,164.60000000000315,187.5,0.392797392331217,0.007551701996693852,0.02985678255887947,206.5,overripe
1763617944.0359051,1763617907.13522,0.427,0.5,7,4,0,154.4,164.60000000000315,187.55,0.3934200115827972,0.007563796641132331,0.031407075862251055,206.5,overripe
1763617944.2446663,1763617907.13522,0.428,0.5,5,4,0,154.4,164.60000000000315,187.45,0.3940619548318853,0.007576254596424881,0.03235158889063888,206.5,overripe
1763617944.52339,1763617907.13522,0.431,0.5,6,3,0,154.4,164.60000000000315,187.35,0.39471692962926636,0.007589342787066633,0.03398984223199569,206.5,overripe
1763617944.6161103,1763617907.13522,0.432,0.5,6,3,0,154.4,164.60000000000315,187.35,0.3954017866576321,0.007602800584178845,0.0349515992729989,206.5,overripe
1763617944.7401822,1763617907.13522,0.435,0.5,5,4,0,154.45,164.60000000000315,187.3,0.3959143515113088,0.007616948266594836,0.0367623414540067,206.5,overripe
1763617944.7813282,1763617907.13522,0.435,0.5,4,4,0,154.45,164.60000000000315,187.45,0.3965566232893714,0.007631291966937658,0.03728172319328632,206.5,overripe
1763617944.914121,1763617907.13522,0.437,0.5,5,4,0,154.45,164.60000000000315,187.4,0.39725606883153053,0.007645972643286065,0.03816310440979831,206.5,overripe
1763617945.075285,1763617907.13522,0.44,0.5,6,5,0,154.45,164.60000000000315,187.45,0.39799658257698856,0.007661248281825497,0.03971300404367584,206.5,overripe
1763617945.2308724,1763617907.13522,0.441,0.5,5,4,0,154.4,164.60000000000315,187.35,0.3989713812042514,0.007676788164731697,0.04038341210608082,206.5,overripe
1763617945.5298913,1763617907.13522,0.443,0.5,5,5,0,154.4,164.60000000000315,187.25,0.39987065403998745,0.007692686160391368,0.04130674261517864,206.5,overripe
1763617945.578413,1763617907.13522,0.445,0.5,5,5,0,154.35,164.60000000000315,187.3,0.40093616823816763,0.007708918134642389,0.042152530089415385,206.5,overripe
1763617945.6026638,1763617907.13522,0.448,0.5,6,3,0,154.35,164.60000000000315,187.35,0.40190112272935474,0.007725727743210551,0.043643226434436744,206.5,overripe
1763617945.6806319,1763617907.13522,0.452,0.5,5,5,0,154.35,164.60000000000315,187.4,0.4028370931159446,0.007743421177199721,0.045935081465951155,206.5,overripe
1763617945.8755267,1763617907.13522,0.454,0.5,6,4,0,154.35,164.60000000000315,187.4,0.40378954178691573,0.007761754335272057,0.04759654550403214,206.5,overripe
1763617945.9133914,1763617907.13522,0.456,0.5,6,4,0,154.35,164.60000000000315,187.4,0.40476051691954423,0.007780601140932467,0.04893252672592968,206.5,overripe
1763617945.9656465,1763617907.13522,0.457,0.5,5,4,0,154.35,164.60000000000315,187.3,0.4057508454903591,0.007799702074420236,0.049595676332377825,206.5,overripe
1763617946.131672,1763617907.13522,0.46,0.5,7,4,0,154.35,164.60000000000315,187.3,0.4067507019654227,0.007819312554821996,0.05092255894594583,206.5,overripe
1763617946.2889783,1763617907.13522,0.46,0.5,4,4,0,154.35,164.60000000000315,187.2,0.4077752643978335,0.007838974945934786,0.05106136605785072,206.5,overripe
1763617946.3906097,1763617907.13522,0.461,0.5,5,5,0,154.3,164.60000000000315,187.10000000000002,0.4089975727656538,0.007858590653571335,0.050920742462188306,206.5,overripe
1763617946.4878657,1763617907.13522,0.462,0.5,5,4,0,154.25,164.60000000000315,187.05,0.41031619079794707,0.007878110906324511,0.05064296681597397,206.5,overripe
1763617946.5993142,1763617907.13522,0.464,0.5,4,6,0,154.25,164.60000000000315,187.0,0.4114833428368162,0.007897771649996017,0.050996235970144355,206.5,overripe
1763617946.6716082,1763617907.13522,0.464,0.5,5,3,0,154.2,164.60000000000315,187.1,0.41278185237847165,0.007917234489750192,0.05045793702500867,206.5,overripe
1763617946.7542918,1763617907.13522,0.461,0.5,5,3,0,154.15,164.60000000000315,187.2,0.41413315755381236,0.007935755503081314,0.04798673714792784,206.5,overripe
1763617946.8690221,1763617907.13522,0.462,0.5,6,5,0,154.15,164.60000000000315,187.25,0.4152693758466009,0.00795381842286802,0.046790571504269185,206.5,overripe
1763617946.9346063,1763617907.13522,0.463,0.5,5,4,0,154.15,164.60000000000315,187.2,0.41629849152590576,0.007971665379616131,0.04623148214952927,206.5,overripe
1763617946.980928,1763617907.13522,0.464,0.5,5,4,0,154.15,164.60000000000315,187.25,0.4172746370356668,0.007989417331323159,0.045990349802050745,206.5,overripe
1763617947.1256676,1763617907.13522,0.465,0.5,5,5,0,154.15,164.60000000000315,187.2,0.41822492768588476,0.008007134558997738,0.045907565732974,206.5,overripe
1763617947.1934855,1763617907.13522,0.467,0.5,5,5,0,154.15,164.60000000000315,187.25,0.41916293599724536,0.00802503991688853,0.04640331071218401,206.5,overripe
1763617947.3050356,1763617907.13522,0.468,0.5,5,5,0,154.15,164.60000000000315,187.25,0.4201055487610152,0.008043047729099707,0.04667757459369953,206.5,overripe
1763617947.5059292,1763617907.13522,0.466,0.5,4,3,0,154.15,164.60000000000315,187.2,0.42105089723806793,0.00806053645182716,0.04534066443928947,206.5,overripe
1763617947.5534885,1763617907.13522,0.464,0.5,5,3,0,154.2,164.60000000000315,187.14999999999998,0.4217662412691379,0.00807727717435248,0.04342953956954082,206.5,overripe
1763617947.6494896,1763617907.13522,0.467,0.5,6,4,0,154.15,164.60000000000315,187.25,0.42274382844667435,0.008093989824978977,0.043354061972665,206.5,overripe
1763617947.7015388,1763617907.13522,0.467,0.5,4,4,0,154.15,164.60000000000315,187.3,0.42366944637958104,0.008110518538517082,0.04287949883008868,206.5,overripe
1763617947.800493,1763617907.13522,0.467,0.5,5,6,0,154.15,164.60000000000315,187.3,0.4245601330195634,0.00812678891450028,0.04221433958527143,206.5,overripe
1763617947.8687425,1763617907.13522,0.466,0.5,4,5,0,154.1,164.60000000000315,187.5,0.4256277875709772,0.008142503434107749,0.04075944873144022,206.5,overripe
1763617947.9234827,1763617907.13522,0.467,0.5,5,5,0,154.15,164.60000000000315,187.5,0.42635543279756927,0.00815804921264297,0.04033818535363942,206.5,overripe
1763617948.012953,1763617907.13522,0.467,0.5,4,5,0,154.15,164.60000000000315,187.35,0.4271216563413836,0.00817335434659901,0.03972515273422078,206.5,overripe
1763617948.0881114,1763617907.13522,0.467,0.5,4,5,0,154.15,164.60000000000315,187.35000000000002,0.4278990348937716,0.008188386101865567,0.03902436964403061,206.5,overripe
1763617948.3347468,1763617907.13522,0.46900000000000003,0.5,4,6,0,154.15,164.60000000000315,187.39999999999998,0.42867400186681376,0.008203516374925219,0.039287700402087344,206.5,overripe
1763617948.4446397,1763617907.13522,0.467,0.5,4,5,0,154.15,164.60000000000315,187.3,0.429460088021283,0.00821815617352424,0.0380207631131676,206.5,overripe
1763617948.5462065,1763617907.13522,0.468,0.5,5,5,0,154.15,164.60000000000315,187.3,0.4302234839398657,0.008232599604913753,0.03751694162735958,206.5,overripe
1763617948.6245036,1763617907.13522,0.47000000000000003,0.5,5,5,0,154.15,164.60000000000315,187.15,0.43097809608867965,0.008247185176705116,0.037892116694932976,206.5,overripe
1763617948.7165482,1763617907.13522,0.46900000000000003,0.5,4,4,0,154.15,164.60000000000315,187.15,0.43174089872099725,0.00826149992379097,0.03719420767080911,206.5,overripe
1763617948.825601,1763617907.13522,0.46900000000000003,0.5,5,4,0,154.15,164.60000000000315,187.15,0.4324898990256885,0.008275536809301655,0.0364776541702147,206.5,overripe
1763617949.0602577,1763617907.13522,0.47100000000000003,0.5,5,4,0,154.15,164.60000000000315,187.1,0.4332245412956949,0.00828967999689658,0.036759235302256776,206.5,overripe
1763617949.1468778,1763617907.13522,0.47000000000000003,0.5,4,5,0,154.2,164.60000000000315,187.05,0.43375760066377506,0.00830361284189669,0.03623428763520081,206.5,overripe
1763617949.281274,1763617907.13522,0.46900000000000003,0.5,5,4,0,154.2,164.60000000000315,187.05,0.4343827942844907,0.008317109868189126,0.035113149864997195,206.5,overripe
1763617949.3465102,1763617907.13522,0.468,0.5,5,4,0,154.2,164.60000000000315,186.9,0.43503685182795093,0.008330065084274613,0.033711120246793014,206.5,overripe
1763617949.5412903,1763617907.13522,0.467,0.5,5,5,0,154.2,164.60000000000315,186.95,0.4356884472719668,0.008342432055015739,0.03218553876540514,206.5,overripe
1763617949.6512227,1763617907.13522,0.466,0.5,4,4,0,154.2,164.60000000000315,187.0,0.43632223749175886,0.008354193990241874,0.030614755526927107,206.5,overripe
1763617949.8178787,1763617907.13522,0.463,0.5,4,4,0,154.2,164.60000000000315,187.14999999999998,0.43693087539008435,0.008364964646711565,0.02803762111925867,206.5,overripe
1763617949.833634,1763617907.13522,0.464,0.5,4,6,0,154.25,164.60000000000315,187.2,0.4372817959662771,0.008375408649396048,0.027202452288394408,206.5,overripe
1763617950.0316029,1763617907.13522,0.466,0.5,6,5,0,154.3,164.60000000000315,187.25,0.43751204589331866,0.008386047108331556,0.02773007823401713,206.5,overripe
1763617950.043588,1763617907.13522,0.466,0.5,5,4,0,154.3,164.60000000000315,187.3,0.4379097167628221,0.008396674266416597,0.027711345300845847,206.5,overripe
1763617950.121218,1763617907.13522,0.466,0.5,5,4,0,154.3,164.60000000000315,187.2,0.4383855257096524,0.008407189522734174,0.027425005322181617,206.5,overripe
1763617950.1387527,1763617907.13522,0.467,0.5,4,5,0,154.3,164.60000000000315,187.05,0.4388949071351784,0.008417736400641812,0.027510358380738564,206.5,overripe
1763617950.1744816,1763617907.13522,0.467,0.5,4,5,0,154.3,164.60000000000315,187.25,0.4394256719857799,0.008428193197824117,0.027276960772178616,206.5,overripe
1763617950.305408,1763617907.13522,0.466,0.5,7,3,0,154.3,164.60000000000315,187.25,0.43996161318046917,0.008438309517519359,0.02638970319851014,206.5,overripe
1763617950.416229,1763617907.13522,0.467,0.5,5,5,0,154.3,164.60000000000315,187.25,0.4404847268999533,0.008448349420325364,0.026190931289536312,206.5,overripe
1763617950.5639687,1763617907.13522,0.466,0.5,5,4,0,154.25,164.60000000000315,187.15,0.441217536475918,0.008457983185306375,0.025120292618826867,206.5,overripe
1763617950.7222836,1763617907.13522,0.463,0.5,3,4,0,154.25,164.60000000000315,187.2,0.4418251420607041,0.008466745630632024,0.022843772486668357,206.5,overripe
1763617950.7672784,1763617907.13522,0.462,0.5,5,3,0,154.25,164.60000000000315,187.14999999999998,0.4423351653945877,0.008474801180610532,0.020999291879098547,206.5,overripe
1763617950.8236296,1763617907.13522,0.461,0.5,5,4,0,154.25,164.60000000000315,187.25,0.4427821899068791,0.00848223760100234,0.019385038729964,206.5,overripe
1763617950.95784,1763617907.13522,0.459,0.5,4,4,0,154.25,164.60000000000315,187.35000000000002,0.4431838172798292,0.008488912353793778,0.017399797038592346,206.5,overripe
1763617951.1931102,1763617907.13522,0.457,0.5,5,3,0,154.25,164.60000000000315,187.3,0.4435391166462304,0.008494763283930168,0.015252690512980338,206.5,overripe
1763617951.319078,1763617907.13522,0.457,0.5,5,4,0,154.25,164.60000000000315,187.35000000000002,0.44384810240700745,0.008500151826271509,0.014047801172597962,206.5,overripe
1763617951.4154873,1763617907.13522,0.454,0.5,5,3,0,154.25,164.60000000000315,187.2,0.4441312922934624,0.00850468435817338,0.011816659496340365,206.5,overripe
1763617951.4294007,1763617907.13522,0.454,0.5,5,3,0,154.25,164.60000000000315,187.05,0.44436893696253116,0.008508751985443541,0.010605038932370248,206.5,overripe
1763617951.4706464,1763617907.13522,0.452,0.5,5,3,0,154.25,164.60000000000315,187.10000000000002,0.4445818806671361,0.00851216745735904,0.008905107280314573,206.5,overripe
1763617951.4932852,1763617907.13522,0.45,0.5,4,3,0,154.25,164.60000000000315,187.15,0.4447605442784621,0.008514845597522216,0.006982949695263252,206.5,overripe
1763617951.54104,1763617907.13522,0.45,0.5,6,4,0,154.2,164.60000000000315,187.15,0.4451134508938929,0.008517054979814496,0.005758296092969795,206.5,overripe
1763617951.596639,1763617907.13522,0.45,0.5,4,4,0,154.2,164.60000000000315,187.2,0.44533546088543396,0.00851901227827194,0.005100412607997429,206.5,overripe
1763617951.6271298,1763617907.13522,0.449,0.5,4,3,0,154.2,164.60000000000315,187.3,0.4454910726351722,0.008520634429881213,0.0042268641115434935,206.5,overripe
1763617951.8907824,1763617907.13522,0.446,0.5,4,4,0,154.15,164.60000000000315,187.3,0.4458155567126395,0.008521418984641692,0.0020434116607183084,206.5,overripe
1763617951.9894419,1763617907.13522,0.444,0.5,4,3,0,154.15,164.60000000000315,187.39999999999998,0.4459764449667787,0.008521400951299425,-4.696078009980287e-05,206.5,overripe
1763617952.120435,1763617907.13522,0.441,0.5,3,3,0,154.15,164.60000000000315,187.35,0.44603542048772166,0.008520413757652608,-0.002570678394382242,206.5,overripe
1763617952.2190866,1763617907.13522,0.437,0.5,4,2,0,154.1,164.60000000000315,187.45,0.4462267143714425,0.008518110834363959,-0.005994343324772833,206.5,overripe
1763617952.3291268,1763617907.13522,0.433,0.5,3,3,0,154.1,164.60000000000315,187.55,0.4462275572907599,0.008514417790320935,-0.009611371767425103,206.5,overripe
1763617952.4882963,1763617907.13522,0.432,0.5,5,4,0,154.15,164.60000000000315,187.60000000000002,0.445881932880642,0.008509972720868564,-0.01157384011897461,206.5,overripe
1763617952.7006083,1763617907.13522,0.435,0.5,6,4,0,154.15,164.60000000000315,187.55,0.44557311299711805,0.00850578028329908,-0.010919066616284334,206.5,overripe
1763617952.811237,1763617907.13522,0.434,0.5,3,4,0,154.15,164.60000000000315,187.5,0.44531559962971934,0.008501561939224925,-0.010988576439302511,206.5,overripe
1763617952.9688914,1763617907.13522,0.432,0.5,4,4,0,154.15,164.60000000000315,187.5,0.44507575899465307,0.008496989647868389,-0.011912247399444686,206.5,overripe
1763617953.0947766,1763617907.13522,0.432,0.5,4,4,0,154.15,164.60000000000315,187.55,0.4448268986970473,0.008492290120818688,-0.012245142899443118,206.5,overripe
1763617953.1914854,1763617907.13522,0.431,0.5,6,4,0,154.1,164.60000000000315,187.6,0.44478843776890153,0.00848730004810094,-0.012997559870099429,206.5,overripe
1763617953.2775977,1763617907.13522,0.433,0.5,6,5,0,154.1,164.60000000000315,187.60000000000002,0.4446308012219959,0.008482602057661317,-0.012235362272594863,206.5,overripe
1763617953.4140587,1763617907.13522,0.432,0.5,5,4,0,154.1,164.60000000000315,187.60000000000002,0.4444365158787247,0.008477902764121538,-0.012238796404024144,206.5,overripe
1763617953.561768,1763617907.13522,0.43,0.5,4,3,0,154.1,164.60000000000315,187.45,0.4442162032258448,0.008472866447525412,-0.013117343488494526,206.5,overripe
1763617953.6536586,1763617907.13522,0.431,0.5,6,4,0,154.1,164.60000000000315,187.45,0.4439652587367249,0.00846790794478084,-0.012915828868049761,206.5,overripe
1763617953.7475815,1763617907.13522,0.429,0.5,4,4,0,154.1,164.60000000000315,187.45,0.4437119085370062,0.008462653845429557,-0.013687193602668624,206.5,overripe
1763617953.8053036,1763617907.13522,0.427,0.5,5,2,0,154.1,164.60000000000315,187.45,0.4434398296222887,0.008456924256526381,-0.014927472155119914,206.5,overripe
1763617953.960875,1763617907.13522,0.425,0.5,5,3,0,154.1,164.60000000000315,187.4,0.4431412161969342,0.008450635897778764,-0.016385037463349794,206.5,overripe
1763617953.978956,1763617907.13522,0.423,0.5,5,3,0,154.1,164.60000000000315,187.5,0.4428125142214625,0.00844375365222635,-0.01793442485467034,206.5,overripe
1763617954.0185564,1763617907.13522,0.423,0.5,5,3,0,154.1,164.60000000000315,187.55,0.44245228829412864,0.00843665005028145,-0.018513243610732588,206.5,overripe
1763617954.0906036,1763617907.13522,0.424,0.5,5,5,0,154.1,164.60000000000315,187.55,0.44208026126303557,0.008429701624833712,-0.01811073892133752,206.5,overripe
1763617954.2334104,1763617907.13522,0.423,0.5,4,4,0,154.1,164.60000000000315,187.60000000000002,0.4417162645383552,0.008422707591979465,-0.01823150336750623,206.5,overripe
1763617954.3493748,1763617907.13522,0.421,0.5,4,3,0,154.15,164.60000000000315,187.85,0.4411392598701934,0.008415462362238597,-0.018896879284768908,206.5,overripe
1763617954.4834013,1763617907.13522,0.419,0.5,4,3,0,154.15,164.60000000000315,187.85,0.44065462283446977,0.008407783749366429,-0.02003343254175749,206.5,overripe
1763617954.5693913,1763617907.13522,0.419,0.5,5,4,0,154.2,164.60000000000315,187.89999999999998,0.43998982079136245,0.008400054227302407,-0.02017922564500635,206.5,overripe
1763617954.6287007,1763617907.13522,0.417,0.5,5,3,0,154.2,164.60000000000315,187.89999999999998,0.4394540806696482,0.008391994301499223,-0.02104878309647018,206.5,overripe
1763617954.6438348,1763617907.13522,0.416,0.5,4,3,0,154.2,164.60000000000315,187.95,0.43896686129411117,0.008383661891535726,-0.021764212507522196,206.5,overripe
1763617954.721931,1763617907.13522,0.416,0.5,4,4,0,154.15,164.60000000000315,187.95,0.4387078555905351,0.008375195369044313,-0.022106531197240653,206.5,overripe
1763617954.8755198,1763617907.13522,0.41400000000000003,0.5,4,4,0,154.15,164.60000000000315,188.1,0.4383531446499334,0.008366365215822135,-0.02305248245328617,206.5,overripe
1763617955.0737503,1763617907.13522,0.41000000000000003,0.5,4,3,0,154.15,164.60000000000315,188.1,0.4379350991541934,0.008356679527381847,-0.025284768055869766,206.5,overripe
1763617955.2105985,1763617907.13522,0.40800000000000003,0.5,4,3,0,154.15,164.60000000000315,188.14999999999998,0.43745013885005407,0.008346288953811067,-0.027124973300892252,206.5,overripe
1763617955.4707112,1763617907.13522,0.40700000000000003,0.5,5,3,0,154.15,164.60000000000315,188.2,0.4369172232264477,0.008335465951354693,-0.02825464045186682,206.5,overripe
1763617955.5020304,1763617907.13522,0.406,0.5,4,4,0,154.15,164.60000000000315,188.2,0.43635614793500377,0.00832434836274195,-0.029024856547713307,206.5,overripe
1763617955.5544155,1763617907.13522,0.40700000000000003,0.5,5,5,0,154.15,164.60000000000315,188.25,0.4357768931446105,0.008313389702242506,-0.02861124745096527,206.5,overripe
1763617955.58359,1763617907.13522,0.406,0.5,5,4,0,154.1,164.60000000000315,188.3,0.4354124156384336,0.008302342878838801,-0.02882959279161096,206.5,overripe
1763617955.6396267,1763617907.13522,0.404,0.5,4,4,0,154.15,164.60000000000315,188.39999999999998,0.4347307448951761,0.008291065760261177,-0.029439333471764806,206.5,overripe
1763617955.6888576,1763617907.13522,0.404,0.5,5,4,0,154.15,164.60000000000315,188.39999999999998,0.434088770126271,0.008279789151407473,-0.029443064414565345,206.5,overripe
1763617955.7738333,1763617907.13522,0.405,0.5,4,4,0,154.2,164.60000000000315,188.4,0.4332656711285856,0.008268901816340287,-0.02844281827273276,206.5,overripe
1763617955.8490644,1763617907.13522,0.405,0.5,5,3,0,154.15,164.60000000000315,188.35,0.43278648380398066,0.00825822998742172,-0.027875057376054224,206.5,overripe
1763617955.9375083,1763617907.13522,0.405,0.5,5,4,0,154.15,164.60000000000315,188.3,0.4322731351173334,0.008247770991376411,-0.027317421903370165,206.5,overripe
1763617956.0325706,1763617907.13522,0.40700000000000003,0.5,5,5,0,154.15,164.60000000000315,188.3,0.431748237662207,0.008237904219733801,-0.02577038105522539,206.5,overripe
1763617956.2183542,1763617907.13522,0.40700000000000003,0.5,4,4,0,154.15,164.60000000000315,188.25,0.43124301253732045,0.008228426723602184,-0.024754084233829632,206.5,overripe
1763617956.3367224,1763617907.13522,0.406,0.5,5,3,0,154.15,164.60000000000315,188.3,0.4307525087825604,0.00821904370878898,-0.024508044630814962,206.5,overripe
1763617956.4176028,1763617907.13522,0.40700000000000003,0.5,5,4,0,154.15,164.60000000000315,188.25,0.4302641262662013,0.008209992628461399,-0.023641894190328583,206.5,overripe
1763617956.4923825,1763617907.13522,0.40700000000000003,0.5,4,4,0,154.15,164.60000000000315,188.35000000000002,0.4297917097037754,0.008201195059141256,-0.02298059366583899,206.5,overripe
1763617956.5888088,1763617907.13522,0.40800000000000003,0.5,5,4,0,154.2,164.60000000000315,188.35000000000002,0.4291268300239302,0.008192883729680111,-0.02172127200496199,206.5,overripe
1763617956.6807501,1763617907.13522,0.40900000000000003,0.5,4,4,0,154.25,164.60000000000315,188.25,0.4283850576482635,0.008185166745655763,-0.020182278638779416,206.5,overripe
1763617956.8184083,1763617907.13522,0.40700000000000003,0.5,4,4,0,154.25,164.60000000000315,188.3,0.4278282593183098,0.008177435315861412,-0.02022686981356775,206.5,overripe
1763617956.8669136,1763617907.13522,0.40900000000000003,0.5,5,5,0,154.23,164.60000000000315,188.2,0.42742934563631957,0.008170123425295748,-0.019128650883948495,206.5,overripe
1763617956.9952219,1763617907.13522,0.41000000000000003,0.5,4,4,0,154.28,164.60000000000315,188.15,0.42684550151675044,0.008163362416473712,-0.017695154140564884,206.5,overripe
