Time,ReachedHoldTime,Force,DesiredForce,State,ActualWidth,CommandWidth,Proximity,RawFzL,RawFzR,ForcePrediction,SpringConstant,RLSError,BaselineWidth,Ripeness
1763617543.0910738,0,0.1,0.3,1,2,1,211,220,180.0,None,None,None,0.0,unknown
1763617543.239036,0,0.08333333333333333,0.3,0,1,1,209.33333333333334,219.9,171.66666666666669,None,None,None,0.0,unknown
1763617543.3523645,0,0.075,0.3,1,0,1,208,219.8,168.75,None,None,None,0.0,unknown
1763617543.3943505,0,0.07,0.3,0,1,1,207.6,219.70000000000002,166.0,None,None,None,0.0,unknown
1763617543.4044135,0,0.06666666666666667,0.3,0,1,1,207.33333333333334,219.60000000000002,164.16666666666666,None,None,None,0.0,unknown
1763617543.4224124,0,0.0642857142857143,0.3,1,0,1,207.14285714285714,219.50000000000003,162.14285714285714,None,None,None,0.0,unknown
1763617543.5078619,0,0.0625,0.3,0,1,1,207,219.40000000000003,161.25,None,None,None,0.0,unknown
1763617543.5229914,0,0.05555555555555556,0.3,0,0,1,206.88888888888889,219.30000000000004,160.55555555555554,None,None,None,0.0,unknown
1763617543.6742969,0,0.060000000000000005,0.3,0,2,1,206.8,219.20000000000005,160.5,None,None,None,0.0,unknown
1763617543.698569,0,0.05454545454545455,0.3,0,0,1,206.72727272727272,219.10000000000005,160.9090909090909,None,None,None,0.0,unknown
1763617543.8048198,0,0.05416666666666667,0.3,1,0,1,206.66666666666666,219.00000000000006,161.66666666666669,None,None,None,0.0,unknown
1763617543.8872285,0,0.06153846153846154,0.3,1,2,1,206.46153846153845,218.90000000000006,161.53846153846155,None,None,None,0.0,unknown
1763617543.9264162,0,0.05714285714285714,0.3,0,0,1,206.28571428571428,218.80000000000007,161.42857142857144,None,None,None,0.0,unknown
1763617544.1041024,0,0.05666666666666667,0.3,0,1,1,206.26666666666668,218.70000000000007,161.33333333333331,None,None,None,0.0,unknown
1763617544.2863424,0,0.05625,0.3,0,1,1,206.25,218.60000000000008,161.875,None,None,None,0.0,unknown
1763617544.3546622,0,0.052941176470588235,0.3,0,0,1,206.23529411764707,218.50000000000009,161.76470588235293,None,None,None,0.0,unknown
1763617544.472767,0,0.05,0.3,0,0,1,206.22222222222223,218.4000000000001,160.83333333333334,None,None,None,0.0,unknown
1763617544.5041409,0,0.04736842105263158,0.3,0,0,1,206.21052631578948,218.3000000000001,160.78947368421052,None,None,None,0.0,unknown
1763617544.673232,0,0.0475,0.3,0,1,1,206.1,218.2000000000001,160.5,None,None,None,0.0,unknown
1763617544.8197122,0,0.05,0.3,1,1,1,206.0952380952381,218.1000000000001,160.71428571428572,None,None,None,0.0,unknown
1763617544.9151864,0,0.04772727272727273,0.3,0,0,1,206.0909090909091,218.0000000000001,160.45454545454544,None,None,None,0.0,unknown
1763617545.1207314,0,0.04782608695652174,0.3,1,0,1,206.08695652173913,217.90000000000012,160.43478260869566,None,None,None,0.0,unknown
1763617545.3951168,0,0.04583333333333334,0.3,0,0,1,206.08333333333334,217.80000000000013,160.0,None,None,None,0.0,unknown
1763617545.4819353,0,0.046,0.3,1,0,1,206.08,217.70000000000013,160.0,None,None,None,0.0,unknown
1763617545.556732,0,0.04423076923076923,0.3,0,0,1,206.07692307692307,217.60000000000014,159.6153846153846,None,None,None,0.0,unknown
1763617545.6442087,0,0.0462962962962963,0.3,2,0,1,206.07407407407408,217.50000000000014,159.44444444444446,None,None,None,0.0,unknown
1763617545.6973267,0,0.04642857142857143,0.3,0,1,1,206.07142857142858,217.40000000000015,159.10714285714286,None,None,None,0.0,unknown
1763617545.839692,0,0.04827586206896552,0.3,1,1,1,206.06896551724137,217.30000000000015,159.13793103448276,None,None,None,0.0,unknown
1763617545.940791,0,0.04666666666666667,0.3,0,0,1,206.06666666666666,217.20000000000016,159.0,None,None,None,0.0,unknown
1763617546.1193504,0,0.04838709677419355,0.3,1,1,1,206.06451612903226,217.10000000000016,158.8709677419355,None,None,None,0.0,unknown
1763617546.1623175,0,0.05,0.3,2,0,1,206.0625,217.00000000000017,158.59375,None,None,None,0.0,unknown
1763617546.3294995,0,0.051515151515151514,0.3,1,1,1,206.06060606060606,216.90000000000018,158.4848484848485,None,None,None,0.0,unknown
1763617546.5106287,0,0.05,0.3,0,0,1,206.05882352941177,216.80000000000018,158.08823529411765,None,None,None,0.0,unknown
1763617546.521312,0,0.05,0.3,1,0,1,206.05714285714285,216.7000000000002,157.71428571428572,None,None,None,0.0,unknown
1763617546.6562474,0,0.05,0.3,0,1,1,206.05555555555554,216.6000000000002,157.5,None,None,None,0.0,unknown
1763617546.8055933,0,0.05,0.3,0,1,1,206,216.5000000000002,157.43243243243245,None,None,None,0.0,unknown
1763617546.9149568,0,0.05131578947368421,0.3,1,1,1,206,216.4000000000002,157.5,None,None,None,0.0,unknown
1763617547.0795953,0,0.052564102564102565,0.3,1,1,1,206,216.3000000000002,157.56410256410257,None,None,None,0.0,unknown
1763617547.2720802,0,0.052500000000000005,0.3,1,0,1,206,216.20000000000022,157.5,None,None,None,0.0,unknown
1763617547.4735327,0,0.05243902439024391,0.3,1,0,1,206,216.10000000000022,157.5609756097561,None,None,None,0.0,unknown
1763617547.6707976,0,0.055952380952380955,0.3,2,2,1,206,216.00000000000023,157.61904761904762,None,None,None,0.0,unknown
1763617547.7562757,0,0.05581395348837209,0.3,0,1,1,206,215.90000000000023,157.55813953488374,None,None,None,0.0,unknown
1763617547.818697,0,0.05795454545454546,0.3,1,2,1,206,215.80000000000024,157.27272727272728,None,None,None,0.0,unknown
1763617547.8901844,0,0.05888888888888889,0.3,1,1,1,206,215.70000000000024,157.22222222222223,None,None,None,0.0,unknown
1763617547.9686337,0,0.058695652173913045,0.3,0,1,1,206,215.60000000000025,157.39130434782606,None,None,None,0.0,unknown
1763617548.045367,0,0.059574468085106386,0.3,0,2,1,205.95744680851064,215.50000000000026,157.3404255319149,None,None,None,0.0,unknown
1763617548.093695,0,0.059375000000000004,0.3,0,1,1,205.95833333333334,215.40000000000026,157.29166666666669,None,None,None,0.0,unknown
1763617548.1255202,0,0.05816326530612245,0.3,0,0,1,205.9591836734694,215.30000000000027,157.24489795918367,None,None,None,0.0,unknown
1763617548.1366196,0,0.061000000000000006,0.3,3,1,1,205.96,215.20000000000027,157.3,None,None,None,0.0,unknown
1763617548.148753,0,0.065,0.3,2,3,1,205.9607843137255,215.10000000000028,157.2549019607843,None,None,None,0.0,unknown
1763617548.1595747,0,0.065,0.3,1,2,1,205.96153846153845,215.00000000000028,157.1153846153846,None,None,None,0.0,unknown
1763617548.1696396,0,0.067,0.3,1,2,1,205.96226415094338,214.9000000000003,156.9811320754717,None,None,None,0.0,unknown
1763617548.1798744,0,0.068,0.3,1,1,1,205.96296296296296,214.8000000000003,156.75925925925927,None,None,None,0.0,unknown
1763617548.1899745,0,0.068,0.3,1,0,1,205.96363636363637,214.7000000000003,156.54545454545456,None,None,None,0.0,unknown
1763617548.2247734,0,0.069,0.3,1,1,1,205.96428571428572,214.6000000000003,156.60714285714286,None,None,None,0.0,unknown
1763617548.3537564,0,0.069,0.3,0,1,1,205.96491228070175,214.5000000000003,156.57894736842104,None,None,None,0.0,unknown
1763617548.363833,0,0.07100000000000001,0.3,2,1,1,205.9655172413793,214.40000000000032,156.63793103448276,None,None,None,0.0,unknown
1763617548.3739557,0,0.075,0.3,2,2,1,205.96610169491527,214.30000000000032,156.77966101694915,None,None,None,0.0,unknown
1763617548.3840184,0,0.076,0.3,2,1,1,205.96666666666667,214.20000000000033,157.0,None,None,None,0.0,unknown
1763617548.3940902,0,0.078,0.3,1,1,1,205.9672131147541,214.10000000000034,157.1311475409836,None,None,None,0.0,unknown
1763617548.409263,0,0.078,0.3,1,0,1,205.96774193548387,214.00000000000034,157.17741935483872,None,None,None,0.0,unknown
1763617548.488658,0,0.076,0.3,0,1,1,205.96825396825398,213.90000000000035,157.14285714285714,None,None,None,0.0,unknown
1763617548.5037897,0,0.077,0.3,0,1,1,205.96875,213.80000000000035,157.109375,None,None,None,0.0,unknown
1763617548.6515586,0,0.077,0.3,1,0,1,205.96923076923076,213.70000000000036,157.07692307692307,None,None,None,0.0,unknown
1763617548.7943113,0,0.08,0.3,1,3,1,205.96969696969697,213.60000000000036,157.12121212121212,None,None,None,0.0,unknown
1763617548.8733022,0,0.083,0.3,1,2,1,205.9402985074627,213.50000000000037,157.01492537313433,None,None,None,0.0,unknown
1763617548.9476426,0,0.08600000000000001,0.3,2,1,1,205.94117647058823,213.40000000000038,157.05882352941177,None,None,None,0.0,unknown
1763617549.0065897,0,0.089,0.3,2,1,1,205.94202898550725,213.30000000000038,157.1014492753623,None,None,None,0.0,unknown
1763617549.1802137,0,0.089,0.3,1,0,1,205.94285714285715,213.2000000000004,157.0,None,None,None,0.0,unknown
1763617549.3007152,0,0.08700000000000001,0.3,0,0,1,205.94366197183098,213.1000000000004,156.9718309859155,None,None,None,0.0,unknown
1763617549.388794,0,0.09,0.3,1,2,1,205.94444444444446,213.0000000000004,156.94444444444446,None,None,None,0.0,unknown
1763617549.4933872,0,0.091,0.3,1,1,1,205.94520547945206,212.9000000000004,156.91780821917808,None,None,None,0.0,unknown
1763617549.5110898,0,0.092,0.3,1,0,1,205.94594594594594,212.8000000000004,156.8918918918919,None,None,None,0.0,unknown
1763617549.7112048,0,0.094,0.3,2,1,1,205.94666666666666,212.70000000000041,156.86666666666667,None,None,None,0.0,unknown
1763617549.8613174,0,0.098,0.3,3,1,1,205.94736842105263,212.60000000000042,156.84210526315792,None,None,None,0.0,unknown
1763617549.9470243,0,0.098,0.3,1,1,1,205.92207792207793,212.50000000000043,156.88311688311688,None,None,None,0.0,unknown
1763617549.9863844,0,0.099,0.3,1,1,1,205.92307692307693,212.40000000000043,156.7948717948718,None,None,None,0.0,unknown
1763617550.0899017,0,0.099,0.3,1,1,1,205.9240506329114,212.30000000000044,156.77215189873417,None,None,None,0.0,unknown
1763617550.1975117,0,0.1,0.3,0,1,1,205.925,212.20000000000044,156.8125,None,None,None,205.925,unknown
1763617550.245827,0,0.1,0.3,2,0,1,205.92592592592592,212.10000000000045,156.79012345679013,None,None,None,205.925,unknown
1763617550.3060343,0,0.099,0.3,0,1,1,205.9268292682927,212.00000000000045,156.8292682926829,None,None,None,205.925,unknown
1763617550.5293996,0,0.1,0.3,2,1,1,205.9277108433735,211.90000000000046,156.9277108433735,None,None,None,205.925,unknown
1763617550.8163505,0,0.101,0.3,1,0,1,205.92857142857142,211.80000000000047,156.96428571428572,None,None,None,205.925,unknown
1763617550.8344269,0,0.1,0.3,0,0,1,205.9294117647059,211.70000000000047,156.88235294117646,0.0,None,0.10025,205.925,unknown
1763617550.9781084,1763617551.0789256,0.10200000000000001,0.3,1,2,1,205.93023255813952,211.60000000000048,156.86046511627907,0.05014507679126803,-0.009397208150814983,0.05097992320873198,205.925,overripe
1763617551.1941326,1763617551.0789256,0.10200000000000001,0.3,1,0,1,205.93103448275863,211.50000000000048,156.83908045977012,0.03028510979063964,-0.010490044925248656,0.07127739020936036,205.925,overripe
1763617551.2996342,1763617551.0789256,0.10200000000000001,0.3,1,1,1,205.9318181818182,211.4000000000005,156.8181818181818,0.0169393012262066,-0.011146814281095312,0.0848419487737934,205.925,overripe
1763617551.318334,1763617551.0789256,0.10200000000000001,0.3,1,1,1,205.93258426966293,211.3000000000005,156.85393258426967,0.009042195683718795,-0.011514062779806971,0.09284842931628122,205.925,overripe
1763617551.4884126,1763617551.0789256,0.10200000000000001,0.3,0,1,1,205.93333333333334,211.2000000000005,157.0,0.0047180274461878025,-0.01171212134197228,0.0972272850538122,205.925,overripe
1763617551.612325,1763617551.0789256,0.10200000000000001,0.3,0,1,1,205.93406593406593,211.1000000000005,156.9230769230769,0.002452682836958856,-0.011817819396474005,0.09951997341304115,205.925,overripe
1763617551.728096,1763617551.0789256,0.098,0.3,0,0,1,205.93478260869566,211.0000000000005,156.9021739130435,None,None,None,205.925,unknown
1763617551.849419,1763617551.0789256,0.099,0.3,1,1,1,205.93548387096774,210.90000000000052,156.88172043010752,None,None,None,205.925,unknown
1763617551.9014688,1763617551.0789256,0.097,0.3,0,1,1,205.93617021276594,210.80000000000052,156.86170212765956,None,None,None,205.925,unknown
1763617552.0751395,1763617551.0789256,0.096,0.3,1,0,1,205.93684210526317,210.70000000000053,156.8421052631579,None,None,None,205.925,unknown
1763617552.2159026,1763617551.0789256,0.096,0.3,1,0,1,205.91666666666666,210.60000000000053,156.82291666666666,None,None,None,205.925,unknown
1763617552.375057,1763617551.0789256,0.096,0.3,1,1,1,205.91752577319588,210.50000000000054,156.8041237113402,None,None,None,205.925,unknown
1763617552.5716143,1763617551.0789256,0.096,0.3,1,0,1,205.91836734693877,210.40000000000055,156.73469387755102,None,None,None,205.925,unknown
1763617552.6180773,1763617551.0789256,0.099,0.3,2,1,1,205.91919191919192,210.30000000000055,156.76767676767676,None,None,None,205.925,unknown
1763617552.6493187,1763617551.0789256,0.096,0.3,1,0,1,205.92,210.20000000000056,156.7,None,None,None,205.925,unknown
1763617552.7326775,1763617551.0789256,0.094,0.3,2,1,1,205.82,210.10000000000056,156.3,None,None,None,205.925,unknown
1763617552.8685744,1763617551.0789256,0.092,0.3,0,1,1,205.82,210.00000000000057,156.3,None,None,None,205.925,unknown
1763617552.9810874,1763617551.0789256,0.09,0.3,0,1,1,205.82,209.90000000000057,156.35,None,None,None,205.925,unknown
1763617552.9962945,1763617551.0789256,0.089,0.3,0,1,1,205.84,209.80000000000058,156.4,None,None,None,205.925,unknown
1763617553.216603,1763617551.0789256,0.09,0.3,1,1,1,205.84,209.70000000000059,156.45,None,None,None,205.925,unknown
1763617553.28581,1763617551.0789256,0.09,0.3,0,2,1,205.84,209.6000000000006,156.45,None,None,None,205.925,unknown
1763617553.3355432,1763617551.0789256,0.093,0.3,2,2,1,205.84,209.5000000000006,156.5,None,None,None,205.925,unknown
1763617553.4265857,1763617551.0789256,0.093,0.3,1,2,1,205.84,209.4000000000006,156.5,None,None,None,205.925,unknown
1763617553.574175,1763617551.0789256,0.093,0.3,2,2,1,205.73,209.3000000000006,156.5,None,None,None,205.925,unknown
1763617553.7353666,1763617551.0789256,0.091,0.3,1,0,1,205.62,209.2000000000006,156.4,None,None,None,205.925,unknown
1763617553.8453138,1763617551.0789256,0.091,0.3,1,1,1,205.51,209.10000000000062,156.35,None,None,None,205.925,unknown
1763617553.9272978,1763617551.0789256,0.093,0.3,1,2,1,205.4,209.00000000000063,156.14999999999998,None,None,None,205.925,unknown
1763617553.9964912,1763617551.0789256,0.095,0.3,1,2,1,205.31,208.90000000000063,156.10000000000002,None,None,None,205.925,unknown
1763617554.129605,1763617551.0789256,0.094,0.3,0,0,1,205.22,208.80000000000064,156.0,None,None,None,205.925,unknown
1763617554.168506,1763617551.0789256,0.095,0.3,1,1,1,205.11,208.70000000000064,156.0,None,None,None,205.925,unknown
1763617554.2176914,1763617551.0789256,0.095,0.3,2,2,1,205,208.60000000000065,155.85,None,None,None,205.925,unknown
1763617554.2277634,1763617551.0789256,0.093,0.3,1,0,1,204.89,208.50000000000065,155.75,None,None,None,205.925,unknown
1763617554.2428975,1763617551.0789256,0.092,0.3,1,1,1,204.78,208.40000000000066,155.8,None,None,None,205.925,unknown
1763617554.3512807,1763617551.0789256,0.091,0.3,1,1,1,204.67,208.30000000000067,155.8,None,None,None,205.925,unknown
1763617554.456494,1763617551.0789256,0.092,0.3,1,1,1,204.58,208.20000000000067,155.85000000000002,None,None,None,205.925,unknown
1763617554.5984993,1763617551.0789256,0.096,0.3,2,2,1,204.47,208.10000000000068,155.75,None,None,None,205.925,unknown
1763617554.7695515,1763617551.0789256,0.094,0.3,0,1,1,204.36,208.00000000000068,155.7,None,None,None,205.925,unknown
1763617554.8974195,1763617551.0789256,0.094,0.3,2,0,1,204.25,207.9000000000007,155.65,None,None,None,205.925,unknown
1763617555.013814,1763617551.0789256,0.096,0.3,2,1,1,204.14,207.8000000000007,155.75,None,None,None,205.925,unknown
1763617555.1425726,1763617551.0789256,0.096,0.3,1,2,1,204.03,207.7000000000007,155.65,None,None,None,205.925,unknown
1763617555.2473404,1763617551.0789256,0.093,0.3,1,0,1,203.92,207.6000000000007,155.7,None,None,None,205.925,unknown
1763617555.3741708,1763617551.0789256,0.093,0.3,1,1,1,203.81,207.5000000000007,155.75,None,None,None,205.925,unknown
1763617555.6022904,1763617551.0789256,0.094,0.3,1,2,1,203.7,207.40000000000072,155.8,None,None,None,205.925,unknown
1763617555.7640274,1763617551.0789256,0.095,0.3,0,3,1,203.49,207.30000000000072,155.7,None,None,None,205.925,unknown
1763617555.8573828,1763617551.0789256,0.096,0.3,1,1,1,203.28,207.20000000000073,155.75,None,None,None,205.925,unknown
1763617556.0287347,1763617551.0789256,0.096,0.3,1,1,1,203.07,207.10000000000073,155.7,None,None,None,205.925,unknown
1763617556.2440681,1763617551.0789256,0.097,0.3,1,1,1,202.82,207.00000000000074,155.7,None,None,None,205.925,unknown
1763617556.3715506,1763617551.0789256,0.097,0.3,1,2,1,202.61,206.90000000000074,155.7,None,None,None,205.925,unknown
1763617556.423285,1763617551.0789256,0.097,0.3,0,1,1,202.36,206.80000000000075,155.75,None,None,None,205.925,unknown
1763617556.5107143,1763617551.0789256,0.1,0.3,2,1,1,202.11,206.70000000000076,155.65,None,None,None,205.925,unknown
1763617556.5680435,1763617551.0789256,0.098,0.3,0,1,1,201.9,206.60000000000076,155.60000000000002,None,None,None,205.925,unknown
1763617556.63756,1763617551.0789256,0.1,0.3,0,3,1,201.71,206.50000000000077,155.6,None,None,None,205.925,unknown
1763617556.8161168,1763617551.0789256,0.1,0.3,0,2,1,201.46,206.40000000000077,155.5,None,None,None,205.925,unknown
1763617557.0264635,1763617551.0789256,0.101,0.3,1,2,1,201.35,206.30000000000078,155.5,-0.04911455158415722,None,0.14973784259978223,205.925,unknown
1763617557.1991792,1763617551.0789256,0.1,0.3,0,0,1,201.35,206.20000000000078,155.45,-0.038684881887221585,None,0.1389965273950341,205.925,unknown
1763617557.2794545,1763617551.0789256,0.101,0.3,1,1,1,201.35,206.1000000000008,155.35,-0.02757639590679917,None,0.12823221866070542,205.925,unknown
1763617557.3122065,1763617551.0789256,0.10200000000000001,0.3,0,1,1,201.35,206.0000000000008,155.35,-0.017134476774509157,None,0.11846238815146229,205.925,unknown
1763617557.559873,1763617551.0789256,0.10300000000000001,0.3,1,2,1,201.35,205.9000000000008,155.35,-0.007731083397549084,None,0.10989503908602566,205.925,unknown
1763617557.7011054,1763617551.0789256,0.104,0.3,1,1,1,201.35,205.8000000000008,155.45,0.0006299030371534796,None,0.1024520748070848,205.925,unknown
1763617557.748565,1763617557.7790816,0.104,0.3,0,1,1,201.35,205.7000000000008,155.45,0.008060226905462795,0.0032062129551050484,0.09548076201665634,205.925,overripe
1763617557.8040087,1763617557.7790816,0.105,0.3,0,2,1,201.35,205.60000000000082,155.35,0.014657928283666497,0.004497087270358563,0.08961256617739308,205.925,overripe
1763617557.814079,1763617557.7790816,0.105,0.3,1,1,1,201.37,205.50000000000082,155.3,0.020521842467529822,0.005653767065991327,0.08411340476299996,205.925,overripe
1763617557.8250744,1763617557.7790816,0.105,0.3,0,1,1,201.37,205.40000000000083,155.2,0.025776550721874146,0.0066952907320249255,0.07904107289339074,205.925,overripe
1763617557.8363788,1763617557.7790816,0.10200000000000001,0.3,0,0,1,201.37,205.30000000000084,155.14999999999998,0.030511047765030913,0.007618476532680657,0.07289776404260154,205.925,overripe
1763617557.8479843,1763617557.7790816,0.10200000000000001,0.3,0,1,1,201.35,205.20000000000084,155.1,0.034786309708162697,0.008448788524657597,0.06791809619565353,205.925,overripe
1763617557.858052,1763617557.7790816,0.1,0.3,1,0,1,201.35,205.10000000000085,155.15,0.03861537972897177,0.009189882751456666,0.06273682322293633,205.925,overripe
1763617557.8688488,1763617557.7790816,0.1,0.3,1,0,1,201.35,205.00000000000085,155.35,0.04202314065119571,0.009860253066549338,0.05865296082475835,205.925,overripe
1763617557.8839946,1763617557.7790816,0.101,0.3,0,2,1,201.35,204.90000000000086,155.55,0.04509962094864331,0.010477536006271923,0.055738429789333716,205.925,overripe
1763617557.9004714,1763617557.7790816,0.10200000000000001,0.3,0,2,1,201.35,204.80000000000086,155.7,0.047928863343075265,0.011052364711222257,0.05349016202591325,205.925,overripe
1763617557.936582,1763617557.7790816,0.101,0.3,1,0,1,201.45,204.70000000000087,155.7,0.050008857520391865,0.011581735643878897,0.0512006551641024,205.925,overripe
1763617558.0893512,1763617557.7790816,0.1,0.3,1,0,1,201.2,204.60000000000088,155.55,0.0535639068867102,0.012064909949386603,0.04704084945553694,205.925,overripe
1763617558.1244466,1763617557.7790816,0.097,0.3,0,1,1,200.99,204.50000000000088,155.5,None,None,None,205.925,unknown
1763617558.3662915,1763617557.7790816,0.096,0.3,1,1,1,200.78,204.4000000000009,155.45,None,None,None,205.925,unknown
1763617558.5168023,1763617557.7790816,0.094,0.3,0,2,1,200.57,204.3000000000009,155.35000000000002,None,None,None,205.925,unknown
1763617558.6322823,1763617557.7790816,0.094,0.3,0,1,1,200.57,204.2000000000009,155.15,None,None,None,205.925,unknown
1763617558.743682,1763617557.7790816,0.095,0.3,1,2,1,200.57,204.1000000000009,155.1,None,None,None,205.925,unknown
1763617558.8460903,1763617557.7790816,0.093,0.3,1,0,1,200.57,204.0000000000009,155.1,None,None,None,205.925,unknown
1763617558.9085581,1763617557.7790816,0.092,0.3,1,1,1,200.57,203.90000000000092,155.05,None,None,None,205.925,unknown
1763617558.9336178,1763617557.7790816,0.095,0.3,1,2,1,200.57,203.80000000000092,155.1,None,None,None,205.925,unknown
1763617559.057058,1763617557.7790816,0.095,0.3,0,2,1,200.57,203.70000000000093,155.1,None,None,None,205.925,unknown
1763617559.197203,1763617557.7790816,0.093,0.3,1,1,1,200.57,203.60000000000093,155.0,None,None,None,205.925,unknown
1763617559.2338908,1763617557.7790816,0.095,0.3,1,2,1,200.59,203.50000000000094,155.05,None,None,None,205.925,unknown
1763617559.2439516,1763617557.7790816,0.094,0.3,0,1,1,200.59,203.40000000000094,155.0,None,None,None,205.925,unknown
1763617559.254039,1763617557.7790816,0.094,0.3,0,2,1,200.59,203.30000000000095,155.0,None,None,None,205.925,unknown
1763617559.264608,1763617557.7790816,0.095,0.3,1,2,1,200.59,203.20000000000095,155.1,None,None,None,205.925,unknown
1763617559.2758605,1763617557.7790816,0.092,0.3,0,1,1,200.59,203.10000000000096,155.15,None,None,None,205.925,unknown
1763617559.2859216,1763617557.7790816,0.092,0.3,1,0,1,200.59,203.00000000000097,155.15,None,None,None,205.925,unknown
1763617559.2997215,1763617557.7790816,0.093,0.3,1,2,1,200.59,202.90000000000097,155.15,None,None,None,205.925,unknown
1763617559.3165414,1763617557.7790816,0.091,0.3,0,1,1,200.59,202.80000000000098,155.15,None,None,None,205.925,unknown
1763617559.4885054,1763617557.7790816,0.09,0.3,1,1,1,200.34,202.70000000000098,155.15,None,None,None,205.925,unknown
1763617559.5630124,1763617557.7790816,0.092,0.3,1,2,1,200.13,202.600000000001,155.05,None,None,None,205.925,unknown
1763617559.7605774,1763617557.7790816,0.091,0.3,1,0,1,199.94,202.500000000001,154.95,None,None,None,205.925,unknown
1763617559.8607435,1763617557.7790816,0.09,0.3,1,1,1,199.73,202.400000000001,155.0,None,None,None,205.925,unknown
1763617559.9575746,1763617557.7790816,0.089,0.3,1,1,1,199.48,202.300000000001,155.0,None,None,None,205.925,unknown
1763617560.0147574,1763617557.7790816,0.088,0.3,1,0,1,199.37,202.200000000001,154.95,None,None,None,205.925,unknown
1763617560.1622927,1763617557.7790816,0.09,0.3,3,1,1,199.37,202.10000000000102,154.9,None,None,None,205.925,unknown
1763617560.3055553,1763617557.7790816,0.089,0.3,0,1,1,199.37,202.00000000000102,154.85,None,None,None,205.925,unknown
1763617560.3833432,1763617557.7790816,0.089,0.3,1,2,1,199.37,201.90000000000103,154.8,None,None,None,205.925,unknown
1763617560.5192647,1763617557.7790816,0.091,0.3,1,2,1,199.37,201.80000000000103,154.8,None,None,None,205.925,unknown
1763617560.6265213,1763617557.7790816,0.09,0.3,1,1,1,199.37,201.70000000000104,154.9,None,None,None,205.925,unknown
1763617560.829456,1763617557.7790816,0.093,0.3,2,2,1,199.37,201.60000000000105,154.85,None,None,None,205.925,unknown
1763617560.9785204,1763617557.7790816,0.093,0.3,2,1,1,199.37,201.50000000000105,154.85,None,None,None,205.925,unknown
1763617561.2181108,1763617557.7790816,0.092,0.3,1,0,1,199.35,201.40000000000106,154.85000000000002,None,None,None,205.925,unknown
1763617561.298549,1763617557.7790816,0.09,0.3,0,1,1,199.35,201.30000000000106,154.85000000000002,None,None,None,205.925,unknown
1763617561.381768,1763617557.7790816,0.093,0.3,1,2,1,199.24,201.20000000000107,154.75,None,None,None,205.925,unknown
1763617561.4767766,1763617557.7790816,0.091,0.3,0,0,1,199.03,201.10000000000107,154.64999999999998,None,None,None,205.925,unknown
1763617561.653352,1763617557.7790816,0.093,0.3,3,0,1,198.78,201.00000000000108,154.55,None,None,None,205.925,unknown
1763617561.964851,1763617557.7790816,0.092,0.3,0,2,1,198.53,200.90000000000109,154.35000000000002,None,None,None,205.925,unknown
1763617562.2214963,1763617557.7790816,0.091,0.3,0,1,1,198.32,200.8000000000011,154.25,None,None,None,205.925,unknown
1763617562.318175,1763617557.7790816,0.091,0.3,1,0,1,198.11,200.7000000000011,154.15,None,None,None,205.925,unknown
1763617562.4203284,1763617557.7790816,0.092,0.3,1,2,1,197.92,200.6000000000011,154.1,None,None,None,205.925,unknown
1763617562.5984516,1763617557.7790816,0.093,0.3,2,1,1,197.71,200.5000000000011,154.0,None,None,None,205.925,unknown
1763617562.7355554,1763617557.7790816,0.095,0.3,1,2,1,197.5,200.4000000000011,153.85000000000002,None,None,None,205.925,unknown
1763617562.753311,1763617557.7790816,0.097,0.3,1,1,1,197.25,200.30000000000112,153.6,None,None,None,205.925,unknown
1763617562.7951913,1763617557.7790816,0.098,0.3,1,1,1,197.04,200.20000000000113,153.6,None,None,None,205.925,unknown
1763617562.838451,1763617557.7790816,0.099,0.3,1,1,1,196.79,200.10000000000113,153.45,None,None,None,205.925,unknown
1763617562.849348,1763617557.7790816,0.1,0.3,1,1,1,196.58,200.00000000000114,153.35,None,None,None,205.925,unknown
1763617562.859808,1763617557.7790816,0.099,0.3,0,1,1,196.37,199.90000000000114,153.25,None,None,None,205.925,unknown
1763617562.8718965,1763617557.7790816,0.099,0.3,1,1,1,196.19,199.80000000000115,153.05,None,None,None,205.925,unknown
1763617562.8819783,1763617557.7790816,0.10200000000000001,0.3,2,2,1,196.01,199.70000000000115,152.9,None,None,None,205.925,unknown
1763617563.0502048,1763617557.7790816,0.10200000000000001,0.3,1,0,1,196.01,199.60000000000116,153.0,None,None,None,205.925,unknown
1763617563.112422,1763617563.1855838,0.104,0.3,2,1,1,196.01,199.50000000000117,152.95,0.11520470337483785,0.011842226001470547,-0.012416906103447395,205.925,overripe
1763617563.4126067,1763617563.1855838,0.105,0.3,2,1,1,196.01,199.40000000000117,153.0,0.11524701138953294,0.011663009541132432,-0.011353112753837713,205.925,overripe
1763617563.4757636,1763617563.1855838,0.105,0.3,1,1,1,196.12,199.30000000000118,153.05,0.11392935426699162,0.011530606425730169,-0.009482404949144,205.925,overripe
1763617563.548942,1763617563.1855838,0.106,0.3,0,2,1,196.23,199.20000000000118,153.10000000000002,0.11221260614814545,0.01144344043209736,-0.006989131489221631,205.925,overripe
1763617563.6833518,1763617563.1855838,0.106,0.3,1,2,1,196.06,199.1000000000012,152.85,0.1121269355857338,0.011369271047549347,-0.006515198256271892,205.925,overripe
1763617563.7344425,1763617563.1855838,0.109,0.3,2,2,1,195.89,199.0000000000012,152.8,0.11274541615200237,0.011311997498157417,-0.005439547487271407,205.925,overripe
1763617563.9121351,1763617563.1855838,0.109,0.3,1,1,1,195.72,198.9000000000012,152.65,0.11380819359623214,0.01125644624021005,-0.0056552592638666604,205.925,overripe
1763617564.0799692,1763617563.1855838,0.108,0.3,1,1,1,195.55,198.8000000000012,152.55,0.1150174655183372,0.011192444824340902,-0.006940998352154462,205.925,overripe
1763617564.1698964,1763617563.1855838,0.108,0.3,2,0,1,195.38,198.7000000000012,152.35000000000002,0.11619391742657356,0.011121518976766965,-0.008155683843482198,205.925,overripe
1763617564.3031158,1763617563.1855838,0.109,0.3,2,1,1,195.21,198.60000000000122,152.15,0.117312339709135,0.011049120369518715,-0.008793222917589313,205.925,overripe
1763617564.3173912,1763617563.1855838,0.107,0.3,0,1,1,195.04,198.50000000000122,152.05,0.1184091688865314,0.010965837645989558,-0.010649610490758563,205.925,overripe
1763617564.4538,1763617563.1855838,0.107,0.3,1,0,1,194.87,198.40000000000123,152.05,0.11937199759012858,0.010876512542243845,-0.011992218392242168,205.925,overripe
1763617564.4639616,1763617563.1855838,0.107,0.3,1,1,1,194.7,198.30000000000123,151.9,0.1202442374966701,0.010783668823860977,-0.013054347897726887,205.925,overripe
1763617564.668933,1763617563.1855838,0.105,0.3,1,0,1,194.7,198.20000000000124,151.85,0.1201322476262804,0.010688748319308295,-0.014037302826808803,205.925,overripe
1763617564.7611136,1763617563.1855838,0.106,0.3,1,1,1,194.7,198.10000000000124,151.9,0.11952800696396985,0.010602090350511056,-0.01348053456423405,205.925,overripe
1763617565.0442758,1763617563.1855838,0.105,0.3,0,0,1,194.7,198.00000000000125,151.95,0.11878370483272098,0.010520922296280434,-0.013259968632853072,205.925,overripe
1763617565.152089,1763617563.1855838,0.10400000000000001,0.3,0,2,1,194.7,197.90000000000126,152.0,0.11798583346223948,0.010443661531913086,-0.013223965362305523,205.925,overripe
1763617565.2955723,1763617563.1855838,0.10400000000000001,0.3,1,0,1,194.7,197.80000000000126,152.0,0.11717475051197851,0.010372138721689279,-0.012793816462011526,205.925,overripe
1763617565.5058699,1763617563.1855838,0.10300000000000001,0.3,0,1,1,194.7,197.70000000000127,152.0,0.11639977159035075,0.010303985313901167,-0.012709304565367258,205.925,overripe
1763617565.764203,1763617563.1855838,0.10200000000000001,0.3,0,2,1,194.7,197.60000000000127,152.05,0.11564858266950609,0.010237972785526786,-0.012803349157014338,205.925,overripe
1763617565.8216088,1763617563.1855838,0.10300000000000001,0.3,1,1,1,194.7,197.50000000000128,152.1,0.11491446201035528,0.010178397040655388,-0.011991845254109401,205.925,overripe
1763617566.027853,1763617563.1855838,0.105,0.3,1,3,1,194.7,197.40000000000128,152.2,0.11424913526179507,0.010129050324043033,-0.010287826883672135,205.925,overripe
1763617566.1376345,1763617563.1855838,0.105,0.3,1,1,1,194.8,197.3000000000013,152.3,0.1131904597842695,0.01008880109438913,-0.008709805595208037,205.925,overripe
1763617566.23996,1763617563.1855838,0.107,0.3,1,2,1,194.73,197.2000000000013,152.05,0.11284240478035255,0.01005696215516227,-0.007102077685821814,205.925,overripe
1763617566.4807584,1763617563.1855838,0.105,0.3,0,2,1,194.66,197.1000000000013,152.0,0.11288898377980358,0.010024135552074698,-0.00751882023253822,205.925,overripe
1763617566.5823011,1763617563.1855838,0.108,0.3,1,3,1,194.63,197.0000000000013,151.85000000000002,0.112871558790013,0.00999781319470153,-0.0061864770163803234,205.925,overripe
1763617566.6198463,1763617563.1855838,0.107,0.3,1,1,1,194.56,196.9000000000013,151.65,0.11310015827435857,0.009971801596429287,-0.006257617387542241,205.925,overripe
1763617566.6937785,1763617563.1855838,0.106,0.3,0,2,1,194.53,196.80000000000132,151.5,0.11321729076473519,0.009944204212078884,-0.006796020321327034,205.925,overripe
1763617566.8193986,1763617563.1855838,0.107,0.3,1,2,1,194.5,196.70000000000132,151.5,0.11325824511400151,0.009918218054251655,-0.00654760989229744,205.925,overripe
1763617566.9539769,1763617563.1855838,0.105,0.3,1,1,1,194.43,196.60000000000133,151.45,0.11348609780928434,0.009888552670741058,-0.007630780198432302,205.925,overripe
1763617567.0490022,1763617563.1855838,0.10300000000000001,0.3,0,1,1,194.36,196.50000000000134,151.2,0.11375388630220078,0.00985298920695838,-0.009326227496774753,205.925,overripe
1763617567.186073,1763617563.1855838,0.105,0.3,2,1,1,194.33,196.40000000000134,151.0,0.11379509427009625,0.009819044268759873,-0.00908126486738324,205.925,overripe
1763617567.2280724,1763617563.1855838,0.108,0.3,1,3,1,194.16,196.30000000000135,150.75,0.11446205496718935,0.009789181201106625,-0.008105140265832853,205.925,overripe
1763617567.2422004,1763617563.1855838,0.107,0.3,1,1,1,193.88,196.20000000000135,150.65,0.11601231216345792,0.009755051343608254,-0.00933385481277968,205.925,overripe
1763617567.2542114,1763617563.1855838,0.109,0.3,1,1,1,193.6,196.10000000000136,150.55,0.11791942225095067,0.009718375449834898,-0.010080193575611546,205.925,overripe
1763617567.26472,1763617563.1855838,0.108,0.3,1,1,1,193.32,196.00000000000136,150.4,0.11998810261632545,0.00967465789087989,-0.012068488278655892,205.925,overripe
1763617567.28036,1763617563.1855838,0.108,0.3,0,2,1,193.04,195.90000000000137,150.25,0.12205315494419662,0.009623848503910825,-0.01409334777536185,205.925,overripe
1763617567.3778696,1763617563.1855838,0.109,0.3,0,2,1,192.93,195.80000000000138,150.1,0.12323703362900015,0.009571258940760113,-0.014757130044582761,205.925,overripe
1763617567.4344554,1763617563.1855838,0.111,0.3,1,2,1,192.82,195.70000000000138,150.10000000000002,0.12399747636337531,0.009521192571745565,-0.014257524571166622,205.925,overripe
1763617567.6073918,1763617563.1855838,0.109,0.3,0,1,1,192.71,195.6000000000014,150.15,0.12458570844248557,0.009468614211440607,-0.015215732546381228,205.925,overripe
1763617567.8704202,1763617563.1855838,0.108,0.3,1,1,1,192.6,195.5000000000014,150.15,0.12503349998760657,0.009413050976202918,-0.016348512039554397,205.925,overripe
1763617567.9833808,1763617563.1855838,0.106,0.3,0,1,1,192.49,195.4000000000014,150.3,0.12538206234743507,0.00935275405791324,-0.018039568373408976,205.925,overripe
1763617568.0547493,1763617563.1855838,0.10500000000000001,0.3,1,0,1,192.38,195.3000000000014,150.35,0.1256309798397902,0.009288778094844912,-0.019459732852777162,205.925,overripe
1763617568.1536806,1763617563.1855838,0.10500000000000001,0.3,0,2,1,192.29,195.2000000000014,150.3,0.1257120556400517,0.009223726726342847,-0.020126432146545165,205.925,overripe
1763617568.4357543,1763617563.1855838,0.10500000000000001,0.3,1,1,1,192.01,195.10000000000142,150.1,0.12658991184638885,0.009155623541469725,-0.021297100099635577,205.925,overripe
1763617568.6252277,1763617563.1855838,0.10300000000000001,0.3,0,0,1,191.73,195.00000000000142,149.8,0.12780965708383615,0.009080563480320882,-0.023663251210459507,205.925,overripe
1763617568.7503052,1763617563.1855838,0.10400000000000001,0.3,1,1,1,191.45,194.90000000000143,149.6,0.12910149917640126,0.009001751755365361,-0.025028296239712935,205.925,overripe
1763617568.8704557,1763617563.1855838,0.10400000000000001,0.3,1,1,1,191.17,194.80000000000143,149.45,0.1304009264415788,0.008919345216594737,-0.026364324973234626,205.925,overripe
1763617568.9656308,1763617563.1855838,0.101,0.3,1,0,1,190.79,194.70000000000144,149.35,0.1321007304899671,0.00882732409568306,-0.029582429755795003,205.925,overripe
1763617569.060595,1763617563.1855838,0.10400000000000001,0.3,2,2,1,190.76,194.60000000000144,149.3,0.1323021068323078,0.008738319293286532,-0.02904295646522176,205.925,overripe
1763617569.0946743,1763617563.1855838,0.10300000000000001,0.3,1,1,1,190.69,194.50000000000145,149.3,0.13204820785286764,0.008651287680457599,-0.02891863266932461,205.925,overripe
1763617569.222684,1763617563.1855838,0.10300000000000001,0.3,2,1,1,190.62,194.40000000000146,149.25,0.1315704982950527,0.008567142280842653,-0.0285057107032812,205.925,overripe
1763617569.3783095,1763617563.1855838,0.10200000000000001,0.3,0,1,1,190.72,194.30000000000146,149.25,0.13027709837740173,0.00848724012127055,-0.02774470458151597,205.925,overripe
1763617569.4886234,1763617563.1855838,0.1,0.3,0,0,1,190.61,194.20000000000147,149.2,0.12952207036210592,0.008407498090542719,-0.028255873464163028,205.925,overripe
1763617569.5434773,1763617563.1855838,0.099,0.3,1,1,1,190.5,194.10000000000147,149.05,None,None,None,205.925,unknown
1763617569.5893164,1763617563.1855838,0.097,0.3,0,2,1,190.39,194.00000000000148,148.85000000000002,None,None,None,205.925,unknown
1763617569.770673,1763617563.1855838,0.096,0.3,0,1,1,190.28,193.90000000000148,148.85,None,None,None,205.925,unknown
1763617570.0261848,1763617563.1855838,0.096,0.3,1,1,1,190.17,193.8000000000015,148.75,None,None,None,205.925,unknown
1763617570.1189294,1763617563.1855838,0.096,0.3,1,1,1,190.06,193.7000000000015,148.7,None,None,None,205.925,unknown
1763617570.3651235,1763617563.1855838,0.095,0.3,1,1,1,189.95,193.6000000000015,148.65,None,None,None,205.925,unknown
1763617570.4641595,1763617563.1855838,0.095,0.3,1,0,1,189.84,193.5000000000015,148.55,None,None,None,205.925,unknown
1763617570.5798187,1763617563.1855838,0.096,0.3,0,2,1,189.73,193.4000000000015,148.55,None,None,None,205.925,unknown
1763617570.787319,1763617563.1855838,0.097,0.3,1,2,1,189.45,193.30000000000152,148.4,None,None,None,205.925,unknown
1763617570.9264207,1763617563.1855838,0.098,0.3,1,1,1,189.17,193.20000000000152,148.2,None,None,None,205.925,unknown
1763617570.9923348,1763617563.1855838,0.098,0.3,1,1,1,188.89,193.10000000000153,148.05,None,None,None,205.925,unknown
1763617571.0645127,1763617563.1855838,0.1,0.3,0,2,1,188.61,193.00000000000153,147.9,None,None,None,205.925,unknown
1763617571.2535055,1763617563.1855838,0.1,0.3,1,1,1,188.33,192.90000000000154,147.8,None,None,None,205.925,unknown
1763617571.405066,1763617571.5378728,0.101,0.3,1,1,1,188.05,192.80000000000155,147.7,0.1463596179914882,0.008265491813002563,-0.045701343379245335,205.925,overripe
1763617571.5793974,1763617571.5378728,0.10300000000000001,0.3,1,2,1,188.02,192.70000000000155,147.64999999999998,0.1459405858400827,0.008131255135001599,-0.044111448533961276,205.925,overripe
1763617571.7342665,1763617571.5378728,0.10400000000000001,0.3,1,2,1,187.95,192.60000000000156,147.65,0.14486486594431233,0.008006764507519203,-0.041950297291251604,205.925,overripe
1763617571.8763556,1763617571.5378728,0.10300000000000001,0.3,0,1,1,187.88,192.50000000000156,147.55,0.14356451529250813,0.00788942150359589,-0.040607230965977764,205.925,overripe
1763617571.9781604,1763617571.5378728,0.101,0.3,0,2,1,187.81,192.40000000000157,147.45,0.14218868923334968,0.007776287814519835,-0.04021004707008449,205.925,overripe
1763617572.0809267,1763617571.5378728,0.101,0.3,1,1,1,187.95,192.30000000000157,147.35,0.13996424399242238,0.007671386521138196,-0.038474922910789786,205.925,overripe
1763617572.2070763,1763617571.5378728,0.099,0.3,1,0,1,187.95,192.20000000000158,147.25,None,None,None,205.925,unknown
1763617572.2467985,1763617571.5378728,0.098,0.3,1,0,1,187.84,192.1000000000016,147.3,None,None,None,205.925,unknown
1763617572.4085162,1763617571.5378728,0.095,0.3,0,1,1,187.73,192.0000000000016,147.25,None,None,None,205.925,unknown
1763617572.6250074,1763617571.5378728,0.094,0.3,0,1,1,187.62,191.9000000000016,147.14999999999998,None,None,None,205.925,unknown
1763617572.7075243,1763617571.5378728,0.095,0.3,1,2,1,187.51,191.8000000000016,147.15,None,None,None,205.925,unknown
1763617573.000425,1763617571.5378728,0.093,0.3,0,1,1,187.4,191.7000000000016,147.1,None,None,None,205.925,unknown
1763617573.0979738,1763617571.5378728,0.092,0.3,1,0,1,187.29,191.60000000000161,147.15,None,None,None,205.925,unknown
1763617573.2321818,1763617571.5378728,0.093,0.3,1,1,1,187.18,191.50000000000162,147.2,None,None,None,205.925,unknown
1763617573.3926065,1763617571.5378728,0.093,0.3,1,2,1,187.09,191.40000000000163,147.2,None,None,None,205.925,unknown
1763617573.4259043,1763617571.5378728,0.091,0.3,0,2,1,186.98,191.30000000000163,147.25,None,None,None,205.925,unknown
1763617573.5144231,1763617571.5378728,0.09,0.3,0,1,1,186.98,191.20000000000164,147.15,None,None,None,205.925,unknown
1763617573.5644004,1763617571.5378728,0.09,0.3,1,1,1,187.08,191.10000000000164,147.2,None,None,None,205.925,unknown
1763617573.7200754,1763617571.5378728,0.091,0.3,1,2,1,187.05,191.00000000000165,147.05,None,None,None,205.925,unknown
1763617573.9472077,1763617571.5378728,0.092,0.3,1,2,1,187.02,190.90000000000165,147.05,None,None,None,205.925,unknown
1763617574.0380547,1763617571.5378728,0.094,0.3,1,3,1,186.95,190.80000000000166,146.85,None,None,None,205.925,unknown
1763617574.2004611,1763617571.5378728,0.094,0.3,1,2,1,186.88,190.70000000000167,146.6,None,None,None,205.925,unknown
1763617574.430468,1763617571.5378728,0.097,0.3,2,2,1,186.81,190.60000000000167,146.35,None,None,None,205.925,unknown
1763617574.5361683,1763617571.5378728,0.1,0.3,2,3,1,186.74,190.50000000000168,146.2,None,None,None,205.925,unknown
1763617574.6239774,1763617571.5378728,0.10200000000000001,0.3,1,2,1,186.67,190.40000000000168,145.9,None,None,None,205.925,unknown
1763617574.7108374,1763617574.7641244,0.10300000000000001,0.3,0,2,1,186.64,190.3000000000017,145.8,0.1465559428554917,0.007547359970043089,-0.04436977772028762,205.925,overripe
1763617574.8097558,1763617574.7641244,0.10400000000000001,0.3,2,1,1,186.74,190.2000000000017,145.75,0.14449130597771093,0.007435167952080543,-0.041398223410108875,205.925,overripe
1763617574.9316614,1763617574.7641244,0.10400000000000001,0.3,1,1,1,186.88,190.1000000000017,145.9,0.14197310327976634,0.00733448327885672,-0.03842656199596531,205.925,overripe
1763617574.985518,1763617574.7641244,0.106,0.3,1,1,1,186.98,190.0000000000017,145.9,0.1395011672551905,0.0072464558803016,-0.03472789661328998,205.925,overripe
1763617575.0005934,1763617574.7641244,0.107,0.3,1,2,1,187.08,189.9000000000017,145.9,0.13719317782838317,0.007169599913887586,-0.03130654250743292,205.925,overripe
1763617575.0813603,1763617574.7641244,0.109,0.3,3,1,1,187.15,189.80000000000172,145.95,0.13517367215985512,0.007103530306116251,-0.027730354499379994,205.925,overripe
1763617575.2112842,1763617574.7641244,0.108,0.3,0,0,1,187.22,189.70000000000172,145.95,0.13339977412762938,0.007044052784215148,-0.025678115297391807,205.925,overripe
1763617575.303336,1763617574.7641244,0.107,0.3,2,1,1,187.11,189.60000000000173,145.8,0.13240833864456128,0.006987318699822983,-0.02504750922944249,205.925,overripe
1763617575.3691401,1763617574.7641244,0.106,0.3,1,0,1,187,189.50000000000173,145.75,0.13178845207872233,0.006931529865464712,-0.025108037371162933,205.925,overripe
1763617575.4280503,1763617574.7641244,0.10400000000000001,0.3,0,1,1,186.89,189.40000000000174,145.7,0.1313389424001587,0.00687476131528988,-0.025998735046378993,205.925,overripe
1763617575.5483682,1763617574.7641244,0.106,0.3,1,2,1,186.78,189.30000000000175,145.7,0.1309402973584351,0.006820480339561421,-0.025270193681545247,205.925,overripe
1763617575.6344802,1763617574.7641244,0.113,0.3,3,4,1,186.5,189.20000000000175,145.5,0.1311971320593693,0.006774062133681354,-0.021862080220924382,205.925,overripe
1763617575.7653077,1763617574.7641244,0.117,0.3,3,3,1,186.5,189.10000000000176,145.25,0.1309451997379152,0.006736919473484781,-0.017777673818692746,205.925,overripe
1763617575.8955467,1763617574.7641244,0.119,0.3,2,2,1,186.5,189.00000000000176,144.85,0.1305459393747986,0.006707240812439382,-0.014462176415187378,205.925,overripe
1763617575.9478667,1763617574.7641244,0.123,0.3,2,3,1,186.5,188.90000000000177,144.45,0.13012949412655653,0.006685910530491325,-0.010587612646750913,205.925,overripe
1763617576.1816363,1763617574.7641244,0.127,0.3,2,4,1,186.5,188.80000000000177,144.15,0.12979473500937355,0.0066730063039013385,-0.006523794269470751,205.925,overripe
1763617576.230056,1763617574.7641244,0.132,0.3,2,5,1,186.5,188.70000000000178,143.95,0.12958368524240155,0.006669221245386967,-0.0019482148724501436,205.925,overripe
1763617576.3128843,1763617574.7641244,0.135,0.3,1,4,1,186.5,188.60000000000178,143.8,0.12952990277806634,0.006672634683374841,0.0017878324069093565,205.925,overripe
1763617576.4301314,1763617574.7641244,0.139,0.3,2,3,1,186.5,188.5000000000018,143.55,0.1296060637212497,0.006683059113803349,0.00555280387123816,205.925,overripe
1763617576.5210912,1763617574.7641244,0.142,0.3,2,3,1,186.5,188.4000000000018,143.2,0.12981348307809706,0.0066992496873754595,0.00876595071814687,205.925,overripe
1763617576.552041,1763617574.7641244,0.145,0.3,3,3,1,186.5,188.3000000000018,142.89999999999998,0.13013044908935656,0.006720448002164134,0.011659267808765417,205.925,overripe
1763617576.7103293,1763617574.7641244,0.148,0.3,2,3,1,186.33,188.2000000000018,142.35,0.13111469856074626,0.006745225093216425,0.013780159888314714,205.925,overripe
1763617576.8248734,1763617574.7641244,0.152,0.3,2,4,1,186.16,188.1000000000018,141.8,0.13245873449785456,0.006773718426167064,0.01598869472667591,205.925,overripe
1763617577.0450404,1763617574.7641244,0.154,0.3,2,2,1,185.99,188.00000000000182,141.45,0.13402617325824057,0.006804126087256587,0.01719754135402468,205.925,overripe
1763617577.158805,1763617574.7641244,0.158,0.3,2,4,1,185.82,187.90000000000182,141.05,0.1357123902109537,0.0068372963766178164,0.01889946709517895,205.925,overripe
1763617577.2234502,1763617574.7641244,0.162,0.3,3,3,1,185.65,187.80000000000183,140.55,0.1375000878166864,0.006873548990252513,0.020805840836379902,205.925,overripe
1763617577.3247457,1763617574.7641244,0.164,0.3,2,3,1,185.48,187.70000000000184,140.3,0.13937942394640468,0.006911214879525272,0.021773540380128464,205.925,overripe
1763617577.3615894,1763617574.7641244,0.165,0.3,2,2,1,185.31,187.60000000000184,139.85000000000002,0.14130894721265866,0.006948598032374393,0.02176753495060793,205.925,overripe
1763617577.4820485,1763617574.7641244,0.17099999999999999,0.3,4,3,1,185.14,187.50000000000185,139.39999999999998,0.14324995270855748,0.006989153296310343,0.02378828837307581,205.925,overripe
1763617577.648766,1763617574.7641244,0.174,0.3,2,3,1,184.97,187.40000000000185,138.9,0.14527186683572882,0.007031878160803027,0.02524725370508782,205.925,overripe
1763617577.74963,1763617574.7641244,0.178,0.3,2,4,1,184.8,187.30000000000186,138.5,0.1473541717231604,0.007077069226150329,0.026905388547247916,205.925,overripe
1763617577.8365538,1763617574.7641244,0.184,0.3,3,4,1,184.8,187.20000000000186,138.3,0.14890212269302514,0.007127268982072337,0.030227657442179007,205.925,overripe
1763617577.9326713,1763617574.7641244,0.189,0.3,3,3,1,184.8,187.10000000000187,137.9,0.1502609434809073,0.007182685409196083,0.03380394658669478,205.925,overripe
1763617578.0335941,1763617574.7641244,0.192,0.3,2,2,1,184.8,187.00000000000188,137.6,0.1515817459350043,0.007241638399250583,0.03645069909879675,205.925,overripe
1763617578.0959654,1763617574.7641244,0.196,0.3,2,3,1,184.8,186.90000000000188,137.2,0.15290274375188267,0.0073040457384300015,0.03911347876501786,205.925,overripe
1763617578.1157186,1763617574.7641244,0.198,0.3,3,2,1,184.8,186.8000000000019,136.85,0.15425920129226608,0.007368199539541599,0.04074890996618419,205.925,overripe
1763617578.1261601,1763617574.7641244,0.201,0.3,3,1,1,184.8,186.7000000000019,136.5,0.155633662564301,0.007434041565360718,0.04237039306492413,205.925,overripe
1763617578.1362255,1763617574.7641244,0.20299999999999999,0.3,2,1,1,184.8,186.6000000000019,136.0,0.15703426435275825,0.007500737566383164,0.043467763461854325,205.925,overripe
1763617578.1486275,1763617574.7641244,0.204,0.3,2,1,1,184.8,186.5000000000019,135.60000000000002,0.1584481049849459,0.007567125791677123,0.043802908922360356,205.925,overripe
1763617578.1613584,1763617574.7641244,0.206,0.3,2,3,1,184.8,186.4000000000019,135.3,0.15985302227524412,0.0076334299676294026,0.044272484678408996,205.925,overripe
1763617578.1720185,1763617574.7641244,0.208,0.3,2,2,1,184.8,186.30000000000192,135.0,0.16125494203240054,0.007699764421722943,0.04480781144442603,205.925,overripe
1763617578.1865516,1763617574.7641244,0.213,0.3,3,3,1,184.8,186.20000000000192,134.64999999999998,0.16265688489109947,0.007768385083653154,0.04687449184731379,205.925,overripe
1763617578.196616,1763617574.7641244,0.218,0.3,3,4,1,184.8,186.10000000000193,134.25,0.16410681278802375,0.007840296354585169,0.04965887558118287,205.925,overripe
1763617578.2078435,1763617574.7641244,0.221,0.3,3,3,1,184.8,186.00000000000193,133.85,0.16562609794769195,0.007914460151163141,0.051756746236911344,205.925,overripe
1763617578.2179217,1763617574.7641244,0.225,0.3,3,4,1,184.8,185.90000000000194,133.55,0.1671928886530895,0.007991049685853943,0.053998533439212126,205.925,overripe
1763617578.2280931,1763617574.7641244,0.228,0.3,4,3,1,184.63,185.80000000000194,133.25,0.16949012241988787,0.00806873123146772,0.05510558862626297,205.925,overripe
1763617578.2410152,1763617574.7641244,0.229,0.3,2,2,1,184.46,185.70000000000195,132.8,0.17216653174159624,0.008145420343060107,0.05463132378147917,205.925,overripe
1763617578.2517507,1763617574.7641244,0.23099999999999998,0.3,2,4,1,184.29,185.60000000000196,132.3,0.17501452729178354,0.00822080638877174,0.05388440046975415,205.925,overripe
1763617578.2618291,1763617574.7641244,0.23199999999999998,0.3,1,5,1,184.12,185.50000000000196,131.8,0.17794448696297135,0.00829403795623184,0.052504976917797486,205.925,overripe
1763617578.2721822,1763617574.7641244,0.23299999999999998,0.3,1,3,1,183.95,185.40000000000197,131.2,0.18089555702556273,0.008364718725026156,0.05082917491482167,205.925,overripe
1763617578.2873092,1763617574.7641244,0.236,0.3,2,3,1,183.78,185.30000000000197,130.7,0.18383691141175773,0.008434066955620123,0.05002545455843446,205.925,overripe
1763617578.3755069,1763617574.7641244,0.24,0.3,3,4,1,183.61,185.20000000000198,130.15,0.1867836135443643,0.008503360193205372,0.05014756944073179,205.925,overripe
1763617578.4980931,1763617574.7641244,0.245,0.3,3,4,1,183.61,185.10000000000198,129.8,0.1890353435132685,0.008574617891866336,0.05193024797927953,205.925,overripe
1763617578.5201683,1763617574.7641244,0.248,0.3,2,3,1,183.61,185.000000000002,129.55,0.1909810238640896,0.008647398308564837,0.05350177188218441,205.925,overripe
1763617578.6083977,1763617574.7641244,0.251,0.3,3,3,1,183.61,184.900000000002,129.15,0.19278437155726527,0.008721462130413525,0.05495702631587174,205.925,overripe
1763617578.7749608,1763617574.7641244,0.252,0.3,2,3,1,183.61,184.800000000002,128.7,0.1945274858103921,0.008795337509391536,0.055343213126176405,205.925,overripe
1763617578.8652644,1763617574.7641244,0.258,0.3,3,3,1,183.61,184.700000000002,128.39999999999998,0.19622159631015829,0.008871648545905308,0.057713753158125936,205.925,overripe
1763617579.0090835,1763617574.7641244,0.261,0.3,3,3,1,183.61,184.600000000002,128.05,0.19794745607823575,0.008949616314937374,0.05952021865590637,205.925,overripe
1763617579.0649168,1763617574.7641244,0.263,0.3,1,2,1,183.61,184.50000000000202,127.55000000000001,0.19969889471400606,0.009028192634095837,0.060534942653065,205.925,overripe
1763617579.0759048,1763617574.7641244,0.266,0.3,2,2,1,183.61,184.40000000000202,127.10000000000001,0.20145817018097908,0.009107518846360492,0.061658748502556454,205.925,overripe
1763617579.0899315,1763617574.7641244,0.268,0.3,2,3,1,183.44,184.30000000000203,126.55,0.2040054218010181,0.00918630843078136,0.0615530375407497,205.925,overripe
1763617579.1000016,1763617574.7641244,0.266,0.3,2,3,1,183.27,184.20000000000203,126.1,0.20694305001758015,0.009261374008301257,0.05883617965330376,205.925,overripe
1763617579.1151338,1763617574.7641244,0.265,0.3,2,3,1,183.1,184.10000000000204,125.65,0.21001246959496556,0.00933185028558702,0.05537714524047643,205.925,overripe
1763617579.15177,1763617574.7641244,0.269,0.3,3,5,1,182.93,184.00000000000205,125.3,0.2130982493952299,0.009400544274900072,0.05409655802249111,205.925,overripe
1763617579.2741673,1763617574.7641244,0.269,0.3,2,3,1,182.76,183.90000000000205,124.80000000000001,0.2162152624371004,0.009466282421609238,0.05188214127176008,205.925,overripe
1763617579.3265774,1763617574.7641244,0.267,0.3,2,2,1,182.59,183.80000000000206,124.35,0.21931147965464795,0.009527263429980731,0.0482372221997823,205.925,overripe
1763617579.3417346,1763617574.7641244,0.266,0.3,3,3,1,182.42,183.70000000000206,123.9,0.2223312964941399,0.009583312362618777,0.044443054433075224,205.925,overripe
1763617579.3518286,1763617574.7641244,0.267,0.3,2,4,1,182.25,183.60000000000207,123.45,0.2252620963368637,0.00963567214209424,0.041625079126743875,205.925,overripe
1763617579.3619113,1763617574.7641244,0.267,0.3,2,3,1,182.08,183.50000000000207,123.0,0.2281277249085389,0.009684363953763491,0.038815862823264935,205.925,overripe
1763617579.4533916,1763617574.7641244,0.268,0.3,3,3,1,181.91,183.40000000000208,122.45,0.23092526000199104,0.009730075017091144,0.03654653386391088,205.925,overripe
1763617579.6377316,1763617574.7641244,0.265,0.3,1,2,1,181.91,183.3000000000021,122.0,0.23284149970091084,0.00977157568809894,0.03339439723204013,205.925,overripe
1763617579.7418218,1763617574.7641244,0.265,0.3,2,3,1,181.91,183.2000000000021,121.55,0.23424950216967602,0.009810247084682974,0.03136844629679944,205.925,overripe
1763617579.8885674,1763617574.7641244,0.265,0.3,3,3,1,181.91,183.1000000000021,121.19999999999999,0.23538481878087095,0.009846819298785938,0.02992415545236679,205.925,overripe
1763617579.994523,1763617574.7641244,0.269,0.3,4,4,1,181.91,183.0000000000021,120.75,0.23636684477967593,0.00988411475884797,0.03078764233694295,205.925,overripe
1763617580.1592014,1763617574.7641244,0.269,0.3,2,4,1,181.91,182.9000000000021,120.25,0.2373145576540068,0.009921052417619671,0.030762685904302617,205.925,overripe
1763617580.2573488,1763617574.7641244,0.267,0.3,1,3,1,181.91,182.80000000000211,119.75,0.2382277466490615,0.009955942462977523,0.029310875130093228,205.925,overripe
1763617580.3634095,1763617574.7641244,0.267,0.3,2,3,1,181.91,182.70000000000212,119.30000000000001,0.23907874837510326,0.009989215121022644,0.028190562514474132,205.925,overripe
1763617580.4891236,1763617574.7641244,0.267,0.3,1,3,1,181.91,182.60000000000213,118.85000000000001,0.23988437412107705,0.010021112711505457,0.027250281323711656,205.925,overripe
1763617580.5077574,1763617574.7641244,0.264,0.3,2,2,1,181.91,182.50000000000213,118.45,0.24065369768096861,0.010050040933013303,0.024913630041425716,205.925,overripe
1763617580.5459974,1763617574.7641244,0.261,0.3,0,2,1,181.91,182.40000000000214,118.0,0.24135006616553212,0.010075309854527488,0.021933597695665052,205.925,overripe
1763617580.570524,1763617574.7641244,0.259,0.3,2,2,1,181.74,182.30000000000214,117.65,0.2428141319782438,0.01009633404300116,0.01832769995235478,205.925,overripe
1763617580.6224928,1763617574.7641244,0.257,0.3,2,3,1,181.57,182.20000000000215,117.3,0.24460851439713927,0.010112880679867558,0.014462401568160033,205.925,overripe
1763617580.7258475,1763617574.7641244,0.255,0.3,1,3,1,181.4,182.10000000000215,116.75,0.2465138980147449,0.010124895618275107,0.010521559967904742,205.925,overripe
1763617580.8418539,1763617574.7641244,0.255,0.3,2,2,1,181.23,182.00000000000216,116.30000000000001,0.2484205371006575,0.010133556810608103,0.007597191890667293,205.925,overripe
1763617580.9032152,1763617574.7641244,0.253,0.3,1,2,1,181.06,181.90000000000217,115.69999999999999,0.2503019674368912,0.010138345108556759,0.004206897058771197,205.925,overripe
1763617581.0135942,1763617574.7641244,0.251,0.3,1,2,1,180.89,181.80000000000217,115.15,0.25211685483023366,0.010139069561875455,0.0006375774175975679,205.925,overripe
1763617581.0500786,1763617574.7641244,0.252,0.3,2,3,1,180.72,181.70000000000218,114.6,0.2538450592957629,0.010137404783435371,-0.0014678431718472829,205.925,overripe
1763617581.06014,1763617574.7641244,0.254,0.3,3,2,1,180.55,181.60000000000218,114.05,0.2555200128691556,0.010134765869672397,-0.00233140480719779,205.925,overripe
1763617581.0702407,1763617574.7641244,0.256,0.3,3,2,1,180.38,181.5000000000022,113.5,0.2571730457189237,0.010131853314962315,-0.0025787416879447522,205.925,overripe
1763617581.0803092,1763617574.7641244,0.255,0.3,3,1,1,180.21,181.4000000000022,113.05,0.25881987333564777,0.01012732045142362,-0.004022721320158296,205.925,overripe
1763617581.0997715,1763617574.7641244,0.256,0.3,3,2,1,180.04,181.3000000000022,112.4,0.2604248852349302,0.01012167085725501,-0.005026309227185444,205.925,overripe
1763617581.1371477,1763617574.7641244,0.252,0.3,1,1,1,179.87,181.2000000000022,111.95,0.2619998698190804,0.010112365720647267,-0.008300581815208041,205.925,overripe
1763617581.1492562,1763617574.7641244,0.248,0.3,1,2,1,179.7,181.1000000000022,111.55,0.2634778984980706,0.010098248903911922,-0.012628254496134361,205.925,overripe
1763617581.1617272,1763617574.7641244,0.246,0.3,2,2,1,179.7,181.00000000000222,111.30000000000001,0.2639683310252279,0.010080977428488408,-0.015543509024259772,205.925,overripe
1763617581.1734285,1763617574.7641244,0.244,0.3,2,3,1,179.7,180.90000000000222,111.0,0.26394524377036616,0.010061419975543735,-0.017732832769882106,205.925,overripe
1763617581.1885753,1763617574.7641244,0.242,0.3,2,3,1,179.7,180.80000000000223,110.8,0.26364695975795605,0.01004004185220159,-0.01954075425771401,205.925,overripe
1763617581.252463,1763617574.7641244,0.242,0.3,2,2,1,179.7,180.70000000000223,110.65,0.2631934351385078,0.010018188763173293,-0.020140332388386778,205.925,overripe
1763617581.3339593,1763617574.7641244,0.241,0.3,3,2,1,179.7,180.60000000000224,110.4,0.26267378517685785,0.009995968998356837,-0.020647233801797338,205.925,overripe
1763617581.4396434,1763617574.7641244,0.238,0.3,2,1,1,179.7,180.50000000000225,110.1,0.26211773842727987,0.009972372627264768,-0.022104462739749614,205.925,overripe
1763617581.5954552,1763617574.7641244,0.239,0.3,2,3,1,179.7,180.40000000000225,110.05,0.2615122292078131,0.009949066940481387,-0.02200559136404795,205.925,overripe
1763617581.7054305,1763617574.7641244,0.238,0.3,2,2,1,179.7,180.30000000000226,109.85,0.260907674517567,0.009925784115858165,-0.02215435559568446,205.925,overripe
1763617581.8641748,1763617574.7641244,0.236,0.3,2,3,1,179.53,180.20000000000226,109.5,0.2611440848196323,0.009900917244122032,-0.02376742535869103,205.925,overripe
1763617582.100159,1763617574.7641244,0.234,0.3,2,3,1,179.36,180.10000000000227,108.85,0.261753856134964,0.009873725577999577,-0.026065526404493333,205.925,overripe
1763617582.1374555,1763617574.7641244,0.233,0.3,2,2,1,179.19,180.00000000000227,108.3,0.26250451715168066,0.00984441449044958,-0.02816035228644531,205.925,overripe
1763617582.2794788,1763617574.7641244,0.229,0.3,0,2,1,179.02,179.90000000000228,107.75,0.2632946097743015,0.009811565358155782,-0.03162252734168386,205.925,overripe
1763617582.3571665,1763617574.7641244,0.229,0.3,3,2,1,178.85,179.80000000000229,107.2,0.26403208631783265,0.009776630606870219,-0.0336960451015238,205.925,overripe
1763617582.4813612,1763617574.7641244,0.228,0.3,3,2,1,178.68,179.7000000000023,106.7,0.2647281414263417,0.009739837434271885,-0.03556012081818727,205.925,overripe
1763617582.7032201,1763617574.7641244,0.226,0.3,2,2,1,178.51,179.6000000000023,106.14999999999999,0.2653747560943298,0.009700819167793374,-0.0377907457902526,205.925,overripe
1763617582.8150148,1763617574.7641244,0.227,0.3,2,2,1,178.34,179.5000000000023,105.7,0.26595437427448476,0.00966099069959369,-0.03866236912244614,205.925,overripe
1763617582.96,1763617574.7641244,0.225,0.3,1,1,1,178.17,179.4000000000023,105.1,0.26650162367036173,0.0096195170163653,-0.04035562109434243,205.925,overripe
1763617583.3043177,1763617574.7641244,0.227,0.3,3,4,1,177.84,179.3000000000023,104.7,0.267760846903176,0.009577180022491328,-0.04118784561516631,205.925,overripe
1763617583.448788,1763617574.7641244,0.231,0.3,4,5,1,177.68,179.20000000000232,104.65,0.2685449197064056,0.009536380086853539,-0.03975841906240074,205.925,overripe
1763617583.5258896,1763617574.7641244,0.234,0.3,4,4,1,177.52,179.10000000000232,104.85,0.2691408812523555,0.009497745076124525,-0.037747630930353104,205.925,overripe
1763617583.6771245,1763617574.7641244,0.233,0.3,3,4,1,177.36,179.00000000000233,105.05000000000001,0.269676795582156,0.00945950432318729,-0.03748017042115481,205.925,overripe
1763617583.769537,1763617574.7641244,0.23600000000000002,0.3,4,4,1,177.2,178.90000000000234,105.30000000000001,0.27015762904826435,0.009422839968058995,-0.036059316467763725,205.925,overripe
1763617583.9042373,1763617574.7641244,0.239,0.3,3,4,1,177.04,178.80000000000234,105.5,0.2706446250397319,0.009388298458907571,-0.034095468749481606,205.925,overripe
1763617584.0099285,1763617574.7641244,0.242,0.3,4,5,1,176.92,178.70000000000235,105.6,0.27098005697973254,0.009356320193801887,-0.03170547883460739,205.925,overripe
1763617584.0755575,1763617574.7641244,0.246,0.3,5,5,1,176.76,178.60000000000235,105.75,0.27146706384824854,0.009327363233936889,-0.028829774775685962,205.925,overripe
1763617584.27987,1763617574.7641244,0.249,0.3,4,4,1,176.6,178.50000000000236,105.95,0.27207591240795853,0.009301097270688794,-0.02625726787167726,205.925,overripe
1763617584.354966,1763617574.7641244,0.252,0.3,4,5,1,176.44,178.40000000000236,106.2,0.2727762982517158,0.009277319124288778,-0.02386697598357515,205.925,overripe
1763617584.4242196,1763617574.7641244,0.258,0.3,4,5,1,176.28,178.30000000000237,106.35,0.2735525371373913,0.00925737775555718,-0.02009787600332097,205.925,overripe
1763617584.4770818,1763617574.7641244,0.262,0.3,5,4,1,176.12,178.20000000000238,106.69999999999999,0.274440343353725,0.009240863339898549,-0.01671301278668985,205.925,overripe
1763617584.536639,1763617574.7641244,0.264,0.3,3,5,1,175.96,178.10000000000238,106.94999999999999,0.2754266169422364,0.009226533619526385,-0.014562951658718848,205.925,overripe
1763617584.6971095,1763617574.7641244,0.264,0.3,4,4,1,175.8,178.0000000000024,107.1,0.2764744203755112,0.009212774505201075,-0.014042587733752387,205.925,overripe
1763617584.8602414,1763617574.7641244,0.266,0.3,4,4,1,175.68,177.9000000000024,107.25,0.2773512457127913,0.009199967630651139,-0.01313532939191192,205.925,overripe
1763617584.9015405,1763617574.7641244,0.268,0.3,3,3,1,175.52,177.8000000000024,107.5,0.27834535481704864,0.009188091353150836,-0.012237396656608945,205.925,overripe
1763617584.9577348,1763617574.7641244,0.273,0.3,6,4,0,175.36,177.7000000000024,107.6,0.2794100249094872,0.009178569176735825,-0.009856045829267357,205.925,overripe
1763617585.0207891,1763617574.7641244,0.277,0.3,4,4,0,175.2,177.7000000000024,107.8,0.2805659966534939,0.00917155850951417,-0.007289007113383983,205.925,overripe
1763617585.0776825,1763617574.7641244,0.28200000000000003,0.3,4,5,0,175.04,177.7000000000024,107.95,0.2818076412929414,0.009167566490531366,-0.004169146522886413,205.925,overripe
1763617585.097381,1763617574.7641244,0.287,0.3,3,4,0,174.88,177.7000000000024,108.15,0.2831460416000466,0.00916677838246547,-0.0008267942150191332,205.925,overripe
1763617585.2665298,1763617574.7641244,0.291,0.3,3,5,0,174.72,177.7000000000024,108.30000000000001,0.2845855099064549,0.009168746488710952,0.0020741137860588177,205.925,overripe
1763617585.306873,1763617574.7641244,0.294,0.3,4,4,0,174.56,177.7000000000024,108.55000000000001,0.28611217200026606,0.009172730278711056,0.004217639845990773,205.925,overripe
1763617585.4756837,1763617574.7641244,0.297,0.3,3,4,0,174.4,177.7000000000024,108.9,0.2877034044141567,0.00917833529361996,0.005961501508971734,205.925,overripe
1763617585.6830983,1763617574.7641244,0.301,0.3,3,5,0,174.24,177.7000000000024,109.3,0.28934737996230253,0.009185807996926787,0.007985072999261655,205.925,overripe
1763617585.8093097,1763617574.7641244,0.305,0.3,2,5,0,174.08,177.7000000000024,109.7,0.29105250644457326,0.009195228448566713,0.010113720036208806,205.925,overripe
1763617586.0284386,1763617574.7641244,0.309,0.3,3,4,0,173.92,177.7000000000024,110.1,0.29282214006791185,0.009206595103174193,0.012260973172479206,205.925,overripe
1763617586.071431,1763617574.7641244,0.312,0.3,4,4,0,173.76,177.7000000000024,110.4,0.2946571213944454,0.009219405678841556,0.013884435225750169,205.925,overripe
1763617586.1233172,1763617574.7641244,0.315,0.3,3,5,0,173.6,177.7000000000024,110.80000000000001,0.2965422062500058,0.0092333892761596,0.015228572060091983,205.925,overripe
1763617586.2476015,1763617574.7641244,0.317,0.3,4,3,0,173.44,177.7000000000024,111.25,0.29846931966402457,0.009247933891709663,0.01591606949102431,205.925,overripe
1763617586.3476515,1763617574.7641244,0.32,0.3,3,4,0,173.28,177.7000000000024,111.55,0.3004191381371807,0.009263187986541271,0.01677355644034373,205.925,overripe
1763617586.4707184,1763617574.7641244,0.323,0.3,3,5,0,173.12,177.7000000000024,111.9,0.30239677465780807,0.009279205971019095,0.017699572630954175,205.925,overripe
1763617586.5533135,1763617574.7641244,0.328,0.3,2,5,0,172.96,177.7000000000024,112.15,0.3044043533003186,0.009296896650270371,0.01964382034406248,205.925,overripe
1763617586.6920896,1763617574.7641244,0.332,0.3,4,3,0,172.77,177.7000000000024,112.45,0.3066116522377901,0.009316093693248305,0.021412434584400453,205.925,overripe
1763617586.7352293,1763617574.7641244,0.335,0.3,3,4,0,172.61,177.7000000000024,112.65,0.30880521605361977,0.009336354646597428,0.022706827357475534,205.925,overripe
1763617586.8207862,1763617574.7641244,0.336,0.3,2,4,0,172.45,177.7000000000024,112.85,0.3110056439001923,0.009356555361184658,0.022750377805355326,205.925,overripe
1763617586.992818,1763617574.7641244,0.337,0.3,3,3,0,172.29,177.7000000000024,113.0,0.3131931472639095,0.009376156277859003,0.022184863588864345,205.925,overripe
1763617587.109548,1763617574.7641244,0.34,0.3,2,5,0,172.17,177.7000000000024,113.2,0.3151707031785914,0.009395941199521411,0.022518302247795496,205.925,overripe
1763617587.201411,1763617574.7641244,0.343,0.3,3,5,0,172.01,177.7000000000024,113.44999999999999,0.3172495502768864,0.009416125821660737,0.023094952436307103,205.925,overripe
1763617587.3831732,1763617574.7641244,0.349,0.3,4,5,0,171.85,177.7000000000024,113.85000000000001,0.31939278097750856,0.00943810625110811,0.025279470379088176,205.925,overripe
1763617587.5001597,1763617574.7641244,0.352,0.3,3,5,0,171.69,177.7000000000024,114.10000000000001,0.3216259597497064,0.00946121288210543,0.026710165928591934,205.925,overripe
1763617587.6566546,1763617574.7641244,0.356,0.3,3,5,0,171.53,177.7000000000024,114.45,0.32391589516986974,0.009485530155555793,0.028252167669279404,205.925,overripe
1763617587.7210085,1763617574.7641244,0.358,0.3,3,4,0,171.41,177.7000000000024,114.85,0.32607074965860505,0.009510363133942334,0.02901328176096951,205.925,overripe
1763617587.8330808,1763617574.7641244,0.361,0.3,4,4,0,171.29,177.7000000000024,115.05,0.3281579126139109,0.009535792701568268,0.029884103095876358,205.925,overripe
1763617588.0074427,1763617574.7641244,0.366,0.3,4,5,0,171.13,177.7000000000024,115.25,0.3304166372350751,0.009562541977088957,0.03160437061981858,205.925,overripe
1763617588.054714,1763617574.7641244,0.371,0.3,3,4,0,171.01,177.7000000000024,115.55,0.33260982837279296,0.009591071943626135,0.03390067555465387,205.925,overripe
1763617588.2789779,1763617574.7641244,0.377,0.3,5,6,0,170.85,177.7000000000024,115.94999999999999,0.33500451124049174,0.009621837614737954,0.036750740723231645,205.925,overripe
1763617588.3918867,1763617574.7641244,0.378,0.3,3,3,0,170.69,177.7000000000024,116.19999999999999,0.3375522835880407,0.009652926019554846,0.037325342393821015,205.925,overripe
1763617588.480316,1763617574.7641244,0.382,0.3,4,4,0,170.53,177.7000000000024,116.55,0.34015412008032675,0.009684654940475592,0.0382846929106041,205.925,overripe
1763617588.557295,1763617574.7641244,0.387,0.3,4,5,0,170.37,177.7000000000024,116.85,0.3428050521905366,0.009717571415124433,0.039914354304928845,205.925,overripe
1763617588.5933166,1763617574.7641244,0.394,0.3,4,5,-1,170.21,177.7000000000024,117.15,0.3455166253151416,0.009752729604876697,0.04284307793259112,205.925,overripe
1763617588.680167,1763617574.7641244,0.395,0.3,4,4,-1,170.05,177.8000000000024,117.55,0.3483229398113081,0.009788134890877051,0.043356911812558296,205.925,overripe
1763617588.7559521,1763617574.7641244,0.394,0.3,5,3,-1,169.89,177.9000000000024,117.85,0.35115144782398383,0.009822010694172038,0.041688477987949335,205.925,overripe
1763617589.0028,1763617574.7641244,0.395,0.3,5,4,-1,169.77,178.0000000000024,118.19999999999999,0.35374077310634655,0.009854482791440926,0.04017918979962004,205.925,overripe
1763617589.072142,1763617574.7641244,0.397,0.3,5,4,-1,169.61,178.10000000000238,118.55,0.3563879008791608,0.009885897893187017,0.039072080573822554,205.925,overripe
1763617589.1115475,1763617574.7641244,0.399,0.3,5,5,-1,169.49,178.20000000000238,119.0,0.3588583597319903,0.009916579761969819,0.03837163099450136,205.925,overripe
1763617589.2450526,1763617574.7641244,0.4,0.3,3,5,-1,169.33,178.30000000000237,119.30000000000001,0.3614346743921493,0.00994615592447355,0.037180320971096525,205.925,overripe
1763617589.3120685,1763617574.7641244,0.4,0.3,5,4,-1,169.17,178.40000000000236,119.7,0.3640418064886229,0.009974069498023366,0.03526569119300005,205.925,overripe
1763617589.3240921,1763617574.7641244,0.399,0.3,4,5,-1,169.05,178.50000000000236,120.15,0.3664286455500201,0.00999983230091379,0.03272510329079137,205.925,overripe
1763617589.3436813,1763617574.7641244,0.398,0.3,3,4,-1,168.89,178.60000000000235,120.64999999999999,0.3688594559870098,0.010023108707400082,0.029717418433395926,205.925,overripe
1763617589.5028887,1763617574.7641244,0.397,0.3,4,4,-1,168.73,178.70000000000235,121.0,0.3712637855102813,0.010043782385009716,0.026524651699921575,205.925,overripe
1763617589.5490427,1763617574.7641244,0.395,0.3,4,3,-1,168.57,178.80000000000234,121.30000000000001,0.37360752284484394,0.010061456866762982,0.02278669576025749,205.925,overripe
1763617589.6350436,1763617574.7641244,0.396,0.3,5,5,-1,168.41,178.90000000000234,121.69999999999999,0.37586026532400274,0.010077155518046466,0.020336843978547958,205.925,overripe
1763617589.8280852,1763617574.7641244,0.397,0.3,5,4,-1,168.25,179.00000000000233,121.95,0.37805177263892875,0.010091403987502898,0.018546782012346608,205.925,overripe
1763617589.8886073,1763617574.7641244,0.398,0.3,4,5,-1,168.09,179.10000000000232,122.25,0.3801972920680016,0.01010447984724162,0.017101985257636065,205.925,overripe
1763617589.9434624,1763617574.7641244,0.399,0.3,4,5,-1,167.97,179.20000000000232,122.6,0.3821027312055387,0.010116684460340692,0.016046907457280102,205.925,overripe
1763617590.0935092,1763617574.7641244,0.402,0.3,5,4,-1,167.81,179.3000000000023,123.0,0.3840808395305108,0.010128788239092617,0.015993979800898617,205.925,overripe
1763617590.1758518,1763617574.7641244,0.4,0.3,4,4,-1,167.65,179.4000000000023,123.35,0.3861098652178078,0.010139277175997352,0.0139275444478969,205.925,overripe
1763617590.372903,1763617574.7641244,0.4,0.3,4,4,-1,167.49,179.5000000000023,123.75,0.38810641111294353,0.010148205598439616,0.011912293719908873,205.925,overripe
1763617590.4794295,1763617574.7641244,0.399,0.3,4,4,-1,167.33,179.6000000000023,124.1,0.3900590820382071,0.01015525513764073,0.009450270378219106,205.925,overripe
1763617590.521255,1763617574.7641244,0.398,0.3,3,3,-1,167.24,179.7000000000023,124.45,0.3915930424842846,0.010160567670446418,0.007161633723928529,205.925,overripe
1763617590.7600842,1763617574.7641244,0.393,0.3,2,1,-1,167.27,179.80000000000229,124.45,0.3922773202003544,0.010163218453818018,0.003600017903752195,205.925,overripe
1763617590.8341477,1763617574.7641244,0.39,0.3,2,3,-1,167.34,179.90000000000228,124.69999999999999,0.3922637225978977,0.010163711142896464,0.0006749464541556116,205.925,overripe
1763617590.9581487,1763617574.7641244,0.385,0.3,1,1,-1,167.41,180.00000000000227,124.64999999999999,0.3918690366475387,0.010161613706551262,-0.0028997021215120267,205.925,overripe
1763617591.1008618,1763617574.7641244,0.382,0.3,3,2,-1,167.48,180.10000000000227,124.65,0.39122570373068627,0.010157499142816684,-0.005741036467672933,205.925,overripe
1763617591.200104,1763617574.7641244,0.379,0.3,2,2,-1,167.55,180.20000000000226,125.0,0.39043066059225845,0.010151683808896571,-0.00818832696075178,205.925,overripe
1763617591.2434046,1763617574.7641244,0.375,0.3,1,2,-1,167.58,180.30000000000226,125.25,0.38973672416179517,0.0101438556959177,-0.01111555734604186,205.925,overripe
1763617591.28919,1763617574.7641244,0.37,0.3,2,1,-1,167.65,180.40000000000225,125.5,0.38884613459596834,0.010133705166671773,-0.014535551188091689,205.925,overripe
1763617591.3048236,1763617574.7641244,0.366,0.3,2,2,-1,167.72,180.50000000000225,125.85,0.38780761926787366,0.010121480380828208,-0.01765232756393531,205.925,overripe
1763617591.320241,1763617574.7641244,0.361,0.3,2,0,-1,167.79,180.60000000000224,126.15,0.38666122111419016,0.010106997758326108,-0.021083575262220988,205.925,overripe
1763617591.5270083,1763617574.7641244,0.358,0.3,3,1,-1,167.63,180.70000000000223,126.15,0.38657771725630546,0.01009005600505664,-0.024788894330320888,205.925,overripe
1763617591.5502968,1763617574.7641244,0.354,0.3,3,1,-1,167.47,180.80000000000223,126.35,0.38697141196147955,0.010070254336532547,-0.02907700049848727,205.925,overripe
1763617591.831478,1763617574.7641244,0.35,0.3,1,2,-1,167.31,180.90000000000222,126.45,0.38753742715836154,0.010047444267863097,-0.03359022142686541,205.925,overripe
1763617592.0917954,1763617574.7641244,0.34500000000000003,0.3,2,0,-1,167.15,181.00000000000222,126.65,0.38812463504895645,0.010021263869673256,-0.03865103218320837,205.925,overripe
1763617592.2749228,1763617574.7641244,0.339,0.3,0,1,-1,166.99,181.1000000000022,126.95,0.3886456081175282,0.009991255605476342,-0.044408806684654134,205.925,overripe
1763617592.4301808,1763617574.7641244,0.337,0.3,2,2,-1,166.83,181.2000000000022,127.25,0.38904498132932425,0.009958609929943652,-0.04842658061288724,205.925,overripe
1763617592.4713533,1763617574.7641244,0.335,0.3,3,1,-1,166.67,181.3000000000022,127.6,0.38934951947035845,0.0099239480439148,-0.051540319112139965,205.925,overripe
1763617592.6190562,1763617574.7641244,0.331,0.3,2,1,-1,166.51,181.4000000000022,127.89999999999999,0.38957338185241686,0.009886935817882987,-0.05516878167330763,205.925,overripe
1763617592.7831678,1763617574.7641244,0.328,0.3,2,3,0,166.35,181.5000000000022,128.35,0.38969795954335723,0.00984778856243727,-0.058495659453802584,205.925,overripe
1763617592.9756854,1763617574.7641244,0.322,0.3,2,1,0,166.42,181.5000000000022,128.9,0.38859592013475797,0.009806518154138442,-0.061994770089980666,205.925,overripe
1763617593.061325,1763617574.7641244,0.317,0.3,2,1,0,166.49,181.5000000000022,129.6,0.38684371204061085,0.009763501212052982,-0.06504313701822217,205.925,overripe
1763617593.0756366,1763617574.7641244,0.311,0.3,1,1,0,166.52,181.5000000000022,130.35000000000002,0.384938780854882,0.009718469992149733,-0.06853849334368767,205.925,overripe
1763617593.3258603,1763617574.7641244,0.305,0.3,0,1,0,166.55,181.5000000000022,131.0,0.382914061082988,0.009671331525351299,-0.0722139173273908,205.925,overripe
1763617593.4496198,1763617574.7641244,0.3,0.3,2,1,0,166.62,181.5000000000022,131.8,0.38059423016353633,0.009622550599130622,-0.07524415828573772,205.925,overripe
1763617593.5738876,1763617574.7641244,0.292,0.3,1,0,0,166.69,181.5000000000022,132.7,0.37810766780065164,0.009571409383240718,-0.07943263186175231,205.925,overripe
1763617593.690871,1763617574.7641244,0.28700000000000003,0.3,1,1,0,166.76,181.5000000000022,133.55,0.37548118889911974,0.00951856370996859,-0.08264367092967007,205.925,overripe
1763617593.8585107,1763617574.7641244,0.279,0.3,2,1,0,166.79,181.5000000000022,134.45,0.37295853632158726,0.009463251910639027,-0.08703977733686241,205.925,overripe
1763617593.9413526,1763617574.7641244,0.275,0.3,2,0,0,166.86,181.5000000000022,135.35,0.37023661633098975,0.009406559403261777,-0.08977723683862732,205.925,overripe
1763617593.9872658,1763617574.7641244,0.271,0.3,2,2,0,166.93,181.5000000000022,136.2,0.36741369223875475,0.009349024055104956,-0.09168400249257352,205.925,overripe
1763617594.0350463,1763617574.7641244,0.264,0.3,1,1,0,167,181.5000000000022,136.95,0.3645385813762337,0.009289976083339684,-0.09467373650314309,205.925,overripe
1763617594.0995643,1763617574.7641244,0.257,0.3,2,0,0,167.07,181.5000000000022,137.75,0.36159909725664346,0.009229114929854497,-0.09816667482009817,205.925,overripe
1763617594.1671503,1763617574.7641244,0.251,0.3,1,1,0,167.3,181.5000000000022,138.35,0.3578523638211891,0.00916720640813843,-0.10063615260291647,205.925,overripe
1763617594.18628,1763617574.7641244,0.246,0.3,2,1,0,167.49,181.5000000000022,138.9,0.35389674162176543,0.009104784136554816,-0.10228863601262911,205.925,overripe
1763617594.219599,1763617574.7641244,0.23900000000000002,0.3,1,1,0,167.72,181.5000000000022,139.4,0.34966761498734694,0.009041634657633664,-0.10436356218277876,205.925,overripe
1763617594.3235822,1763617574.7641244,0.233,0.3,2,1,0,167.95,181.5000000000022,139.9,0.34529922330378016,0.008977955042977404,-0.10614719690149604,205.925,overripe
1763617594.410622,1763617574.7641244,0.224,0.3,1,0,0,168.18,181.5000000000022,140.39999999999998,0.3408701087908336,0.008912941416982933,-0.10929409558969155,205.925,overripe
1763617594.59341,1763617574.7641244,0.219,0.3,1,2,0,168.37,181.5000000000022,140.95,0.3365636108761139,None,-0.1112756042755429,205.925,unknown
1763617594.6239064,1763617574.7641244,0.212,0.3,1,1,0,168.56,181.5000000000022,141.5,0.3323307225664047,None,-0.11368671926611923,205.925,unknown
1763617594.6340125,1763617574.7641244,0.20500000000000002,0.3,1,1,1,168.79,181.5000000000022,142.0,0.3279489613432814,None,-0.11612695969313863,205.925,unknown
1763617594.6440895,1763617574.7641244,0.201,0.3,2,1,1,169.02,181.4000000000022,142.5,0.3234919765586036,None,-0.11708097573353224,205.925,unknown
1763617594.6557024,1763617574.7641244,0.196,0.3,2,1,1,169.25,181.3000000000022,142.95,0.31902863638278717,None,-0.11782313597025146,205.925,unknown
1763617594.6657774,1763617574.7641244,0.19,0.3,1,0,1,169.48,181.2000000000022,143.45,0.31458112861691756,None,-0.1189783784106497,205.925,unknown
1763617594.675903,1763617574.7641244,0.181,0.3,1,0,1,169.71,181.1000000000022,143.9,0.3101493467050164,None,-0.12184797160188249,205.925,unknown
1763617594.6859803,1763617574.7641244,0.17500000000000002,0.3,2,1,1,169.9,181.00000000000222,144.45,0.3058712583098821,None,-0.12422057075831511,205.925,unknown
1763617594.696046,1763617574.7641244,0.167,0.3,0,1,1,170.09,180.90000000000222,144.95,0.3016707931664665,None,-0.12734544939068299,205.925,unknown
1763617594.7082849,1763617574.7641244,0.16,0.3,1,1,1,170.28,180.80000000000223,145.45,0.2974902321499267,None,-0.13032756026203496,205.925,unknown
1763617594.723624,1763617574.7641244,0.152,0.3,1,0,1,170.51,180.70000000000223,145.95,0.29314731534927213,None,-0.13356597940532627,205.925,unknown
1763617594.7817125,1763617574.7641244,0.145,0.3,1,0,1,170.81,180.60000000000224,146.35,0.28842916802017804,None,-0.1361385000482051,205.925,unknown
1763617594.845626,1763617574.7641244,0.14,0.3,2,1,1,170.97,180.50000000000225,146.9,0.2841050528899952,None,-0.13795971890400874,205.925,unknown
1763617594.9957602,1763617574.7641244,0.134,0.3,1,1,1,170.97,180.40000000000225,147.65,0.2806234054331892,None,-0.14055073844019594,205.925,unknown
1763617595.1166594,1763617574.7641244,0.129,0.3,1,0,1,171.2,180.30000000000226,148.15,0.2766142444889351,None,-0.1420779109924385,205.925,unknown
1763617595.2355053,1763617574.7641244,0.128,0.3,1,1,1,171.43,180.20000000000226,148.6,0.27236450488983627,None,-0.14109633814158795,205.925,unknown
1763617595.3474927,1763617574.7641244,0.126,0.3,1,2,1,171.62,180.10000000000227,149.0,0.26820854990360943,None,-0.13957446652948527,205.925,unknown
1763617595.3888304,1763617574.7641244,0.125,0.3,1,0,1,171.85,180.00000000000227,149.35000000000002,0.26398357607515766,None,-0.13716653438809556,205.925,unknown
1763617595.5131204,1763617574.7641244,0.122,0.3,1,1,1,172.04,179.90000000000228,149.7,0.2599303244830559,None,-0.13552180363952487,205.925,unknown
1763617595.684788,1763617574.7641244,0.121,0.3,1,2,1,172.23,179.80000000000229,150.05,0.255988188882344,None,-0.13328392846057846,205.925,unknown
1763617595.720499,1763617574.7641244,0.12,0.3,1,1,1,172.42,179.7000000000023,150.4,0.2521442050643532,None,-0.13079207485347044,205.925,unknown
1763617595.8166876,1763617574.7641244,0.12,0.3,2,1,1,172.61,179.6000000000023,150.85,0.2483903611845881,None,-0.12771429607914672,205.925,unknown
1763617596.0141327,1763617574.7641244,0.12,0.3,2,2,1,172.84,179.5000000000023,151.35,0.24458305499532118,None,-0.1242450224426005,205.925,unknown
1763617596.2291684,1763617574.7641244,0.12,0.3,1,1,1,173.07,179.4000000000023,151.75,0.24080266791423624,None,-0.1206336516378759,205.925,unknown
1763617596.3754308,1763617574.7641244,0.11800000000000001,0.3,0,2,1,173.3,179.3000000000023,152.2,0.23708681990691519,None,-0.11800231176873502,205.925,unknown
1763617596.5911753,1763617574.7641244,0.116,0.3,2,0,1,173.3,179.20000000000232,152.9,0.23425794679358117,None,-0.11671569272449109,205.925,unknown
1763617596.729653,1763617574.7641244,0.115,0.3,1,1,1,173.3,179.10000000000232,153.6,0.23186514508664263,None,-0.1155940180520976,205.925,unknown
1763617596.8894188,1763617574.7641244,0.114,0.3,1,0,1,173.33,179.00000000000233,154.35,0.229588281995536,None,-0.11445271847826347,205.925,unknown
1763617597.021801,1763617574.7641244,0.116,0.3,2,1,1,173.33,178.90000000000234,155.2,0.2274832923545572,None,-0.11191551059592092,205.925,unknown
1763617597.108362,1763617574.7641244,0.115,0.3,2,1,1,173.33,178.80000000000234,155.89999999999998,0.22549438255686174,None,-0.1102104916775436,205.925,unknown
1763617597.2167163,1763617574.7641244,0.112,0.3,1,0,1,173.33,178.70000000000235,156.7,0.22356800408846952,None,-0.10992605864881044,205.925,unknown
1763617597.2607214,1763617574.7641244,0.112,0.3,3,0,1,173.29,178.60000000000235,157.45,0.2217963647566504,None,-0.10897539203682086,205.925,unknown
1763617597.3563504,1763617574.7641244,0.108,0.3,1,0,1,173.29,178.50000000000236,158.15,0.2199744920902207,None,-0.10956400573030595,205.925,unknown
1763617597.7131004,1763617574.7641244,0.106,0.3,1,0,1,173.29,178.40000000000236,158.85,0.21810685202352298,None,-0.10990160884356559,205.925,unknown
1763617597.7769516,1763617574.7641244,0.105,0.3,2,0,1,173.29,178.30000000000237,159.75,0.21621315609623995,None,-0.10961053450626126,205.925,unknown
1763617597.8681107,1763617574.7641244,0.107,0.3,3,1,1,173.33,178.20000000000238,160.4,0.21418065853880136,None,-0.10737934774381203,205.925,unknown
1763617597.9656324,1763617574.7641244,0.108,0.3,2,0,1,173.29,178.10000000000238,161.05,0.2123771424296847,None,-0.10497648703219004,205.925,unknown
1763617598.065944,1763617574.7641244,0.108,0.3,2,1,1,173.25,178.0000000000024,161.9,0.21070411106875506,None,-0.10300378337000773,205.925,unknown
1763617598.2082548,1763617574.7641244,0.108,0.3,1,0,1,173.25,177.9000000000024,162.65,0.2089760607902415,None,-0.10112589694086785,205.925,unknown
1763617598.3123994,1763617598.3375092,0.108,0.3,2,0,1,173.21,177.8000000000024,163.35,0.20736139910866158,0.006289717980567215,-0.09943631718397475,205.925,overripe
1763617598.3778534,1763617598.3375092,0.109,0.3,3,1,1,173.21,177.7000000000024,164.1,0.20568535862109524,0.006236968578331749,-0.09722281765875182,205.925,overripe
1763617598.3924346,1763617598.3375092,0.112,0.3,3,2,1,173.21,177.6000000000024,164.85,0.20400139154284305,0.006185967485192055,-0.09377012106167135,205.925,overripe
1763617598.4040492,1763617598.3375092,0.111,0.3,2,1,1,173.21,177.50000000000242,165.5,0.2023535763076578,0.0061359563175909055,-0.09173794106707195,205.925,overripe
1763617598.4191804,1763617598.3375092,0.111,0.3,2,0,1,173.21,177.40000000000242,166.25,0.20072771820562774,0.006086827413826399,-0.0899199005853348,205.925,overripe
1763617598.580458,1763617598.3375092,0.111,0.3,2,0,1,173.21,177.30000000000243,166.95,0.19912555288597641,0.006038522479224641,-0.08822164407582994,205.925,overripe
1763617598.6711583,1763617598.3375092,0.111,0.3,2,0,1,173.21,177.20000000000243,167.75,0.19754777979274327,0.0059910079777551915,-0.08659582538767002,205.925,overripe
1763617598.7827652,1763617598.3375092,0.11,0.3,2,0,1,173.21,177.10000000000244,168.60000000000002,0.19599459420399085,0.0059439878693110845,-0.08551861700145422,205.925,overripe
1763617598.9244602,1763617598.3375092,0.11,0.3,1,1,1,173.17,177.00000000000244,169.35,0.19457583184157576,0.005897495939247067,-0.08433784324030744,205.925,overripe
1763617599.0263424,1763617598.3375092,0.108,0.3,1,0,1,173.17,176.90000000000245,170.1,0.19311320139024102,0.005851089030590437,-0.08399420708960686,205.925,overripe
1763617599.1979356,1763617598.3375092,0.108,0.3,1,0,1,173.13,176.80000000000246,170.85,0.19174003715493998,0.005805009889153163,-0.08318054000462291,205.925,overripe
1763617599.2898316,1763617598.3375092,0.108,0.3,1,2,1,173.17,176.70000000000246,171.65,0.19018656189676103,0.005759562416191294,-0.08190681332160249,205.925,overripe
1763617599.3347313,1763617598.3375092,0.107,0.3,1,0,1,173.17,176.60000000000247,172.5,0.1886760282951057,0.00571452096804275,-0.08103615400752645,205.925,overripe
1763617599.3671992,1763617598.3375092,0.107,0.3,2,0,1,173.13,176.50000000000247,173.2,0.18730412109596584,0.005669960666701354,-0.07998418395217621,205.925,overripe
1763617599.377758,1763617598.3375092,0.106,0.3,2,0,1,173.13,176.40000000000248,173.85000000000002,0.18589496693828092,0.005625729043509002,-0.07923499836638612,205.925,overripe
1763617599.5204313,1763617598.3375092,0.105,0.3,1,1,1,173.13,176.30000000000248,174.7,0.18447028787884998,0.005581748883730863,-0.07864030359290258,205.925,overripe
1763617599.5524662,1763617598.3375092,0.106,0.3,1,1,1,173.13,176.2000000000025,175.60000000000002,0.1830408062506506,0.005538541043749198,-0.07712581410767691,205.925,overripe
1763617599.6294413,1763617598.3375092,0.106,0.3,1,0,1,173.13,176.1000000000025,176.5,0.18163017828916028,0.005496076713633295,-0.07567268221767343,205.925,overripe
1763617599.665475,1763617598.3375092,0.105,0.3,1,1,1,173.13,176.0000000000025,177.35000000000002,0.18024072225963175,0.0054540556095517305,-0.07476197422388833,205.925,overripe
1763617599.6765082,1763617598.3375092,0.106,0.3,1,1,1,173.13,175.9000000000025,178.35,0.17886420883588025,0.005412889819816009,-0.07312483481800855,205.925,overripe
1763617599.6893318,1763617598.3375092,0.106,0.3,2,0,1,173.09,175.8000000000025,179.3,0.17762321282775134,0.005372409857164953,-0.0717535258188155,205.925,overripe
1763617599.7015104,1763617598.3375092,0.107,0.3,2,0,1,173.09,175.70000000000252,180.1,0.17634897312320505,0.00533289716837285,-0.06991412961873714,205.925,overripe
1763617599.712265,1763617598.3375092,0.109,0.3,2,1,1,173.09,175.60000000000252,180.8,0.17507882521757598,0.005294766317624407,-0.06736140346534203,205.925,overripe
1763617599.725658,1763617598.3375092,0.107,0.3,1,0,1,173.09,175.50000000000253,181.55,0.17384032138839414,0.0052570773340942884,-0.06648161051227716,205.925,overripe
1763617599.735879,1763617598.3375092,0.106,0.3,1,0,1,173.13,175.40000000000254,182.4,0.1725043748377422,0.0052197292836503855,-0.06582501939968372,205.925,overripe
1763617599.7459989,1763617598.3375092,0.107,0.3,2,0,1,173.06,175.30000000000254,183.3,0.17141262424262552,0.005183013349263658,-0.06457294652359627,205.925,overripe
1763617599.7643802,1763617598.3375092,0.106,0.3,1,0,1,172.87,175.20000000000255,184.35,0.1707657011636166,0.005146262136483401,-0.064345862304102,205.925,overripe
1763617599.8787906,1763617598.3375092,0.10500000000000001,0.3,2,0,1,172.64,175.10000000000255,185.1,0.1704240936797353,0.005109074305268299,-0.06471417424997798,205.925,overripe
1763617599.975596,1763617598.3375092,0.10500000000000001,0.3,1,0,1,172.41,175.00000000000256,186.3,0.17021160167853533,0.005071552368743521,-0.06485664196365667,205.925,overripe
1763617600.0144138,1763617598.3375092,0.10400000000000001,0.3,0,1,1,172.18,174.90000000000256,187.35,0.17005053627370584,0.005033469758170208,-0.0653730564162665,205.925,overripe
1763617600.1540377,1763617598.3375092,0.10300000000000001,0.3,2,0,1,171.99,174.80000000000257,188.2,0.16979220609100448,0.0049948082365095054,-0.06595346616228481,205.925,overripe
1763617600.3123567,1763617598.3375092,0.10200000000000001,0.3,1,0,1,171.8,174.70000000000258,189.15,0.169467941051032,0.004955571170105823,-0.06654857108667216,205.925,overripe
1763617600.3627872,1763617598.3375092,0.1,0.3,1,0,1,171.57,174.60000000000258,190.0,0.16919266065188288,0.0049153952685446894,-0.06773297566970296,205.925,overripe
1763617600.4821882,1763617598.3375092,0.098,0.3,1,1,1,171.34,174.5000000000026,190.85,None,None,None,205.925,unknown
1763617600.5642424,1763617598.3375092,0.098,0.3,2,0,1,171.11,174.4000000000026,191.65,None,None,None,205.925,unknown
1763617600.6042478,1763617598.3375092,0.098,0.3,1,1,1,171.11,174.3000000000026,192.75,None,None,None,205.925,unknown
1763617600.9713674,1763617598.3375092,0.1,0.3,2,2,1,171.11,174.2000000000026,193.7,None,None,None,205.925,unknown
1763617601.2779467,1763617598.3375092,0.1,0.3,2,0,1,171.11,174.1000000000026,194.7,None,None,None,205.925,unknown
1763617601.627547,1763617601.6984396,0.101,0.3,2,0,1,171.11,174.00000000000261,195.60000000000002,0.1707159228239554,0.004873178609936989,-0.0700334622011829,205.925,overripe
1763617601.8254125,1763617601.6984396,0.101,0.3,2,1,1,171.11,173.90000000000262,196.4,0.1694547075576693,0.004831808651538413,-0.06861347724628306,205.925,overripe
1763617601.9648454,1763617601.6984396,0.1,0.3,1,1,1,171.11,173.80000000000263,197.2,0.16811778550906215,0.0047910069351909095,-0.06769717035336902,205.925,overripe
1763617602.1098535,1763617601.6984396,0.10300000000000001,0.3,3,1,1,171.11,173.70000000000263,198.0,0.16674851921501857,0.0047518344688529425,-0.065038211637172,205.925,overripe
1763617602.2961318,1763617601.6984396,0.10300000000000001,0.3,3,0,1,171.11,173.60000000000264,198.7,0.16541012940557667,0.004713887538529396,-0.06305497561665338,205.925,overripe
1763617602.4042006,1763617601.6984396,0.10400000000000001,0.3,2,0,1,171.11,173.50000000000264,199.3,0.1641016006125214,0.0046772551316528665,-0.06092402371805976,205.925,overripe
1763617602.5040853,1763617601.6984396,0.10500000000000001,0.3,2,0,1,170.92,173.40000000000265,199.89999999999998,0.163276827783394,0.004641605435451545,-0.05918803933616318,205.925,overripe
1763617602.5812316,1763617601.6984396,0.10500000000000001,0.3,1,1,1,170.69,173.30000000000265,200.39999999999998,0.1627896556366609,0.00460640267041142,-0.05824526141304548,205.925,overripe
1763617602.6623745,1763617601.6984396,0.10400000000000001,0.3,3,0,1,170.47,173.20000000000266,200.7,0.16243751823927186,0.004571106636473265,-0.05816532112746414,205.925,overripe
1763617602.7766383,1763617601.6984396,0.10500000000000001,0.3,1,2,1,170.28,173.10000000000267,201.14999999999998,0.16206497768994307,0.00453612599140872,-0.05742887913403921,205.925,overripe
1763617602.8892152,1763617601.6984396,0.10500000000000001,0.3,2,1,1,170.05,173.00000000000267,201.55,0.16177914323609943,0.004501288928153695,-0.056961093958147496,205.925,overripe
1763617603.139051,1763617601.6984396,0.107,0.3,2,1,1,169.82,172.90000000000268,201.85000000000002,0.16152786493752366,0.004467133885189736,-0.05561884029854769,205.925,overripe
1763617603.2442124,1763617601.6984396,0.108,0.3,1,2,1,169.63,172.80000000000268,202.25,0.1612184211618067,0.004433696979554773,-0.054263908842318714,205.925,overripe
1763617603.3314636,1763617601.6984396,0.10400000000000001,0.3,0,0,1,169.44,172.7000000000027,202.5,0.16088756041779304,0.00439945179139068,-0.055410304258049034,205.925,overripe
1763617603.3781404,1763617601.6984396,0.10200000000000001,0.3,1,2,1,169.21,172.6000000000027,202.65,0.1605853811813085,0.004364206732368928,-0.0568467531014365,205.925,overripe
1763617603.4232645,1763617601.6984396,0.1,0.3,1,0,1,168.98,172.5000000000027,202.9,0.16026725553371704,0.004327885415231219,-0.05839794149378104,205.925,overripe
1763617603.4402602,1763617601.6984396,0.1,0.3,2,0,1,168.75,172.4000000000027,203.2,0.15991128201174262,0.004291093369033184,-0.05897662499177461,205.925,overripe
1763617603.4554048,1763617601.6984396,0.1,0.3,1,1,1,168.52,172.3000000000027,203.55,0.1595300990464189,0.004254143499083073,-0.0590627705364349,205.925,overripe
1763617603.5116706,1763617601.6984396,0.099,0.3,1,0,1,168.29,172.20000000000272,203.8,None,None,None,205.925,unknown
1763617603.692613,1763617601.6984396,0.1,0.3,3,0,1,168.1,172.10000000000272,204.05,None,None,None,205.925,unknown
1763617603.796892,1763617601.6984396,0.099,0.3,1,0,1,167.87,172.00000000000273,204.35,None,None,None,205.925,unknown
1763617603.9211724,1763617601.6984396,0.101,0.3,3,0,1,167.64,171.90000000000273,204.85,None,None,None,205.925,unknown
1763617604.067041,1763617601.6984396,0.10300000000000001,0.3,2,1,1,167.41,171.80000000000274,205.2,None,None,None,205.925,unknown
1763617604.1197965,1763617604.1607158,0.10400000000000001,0.3,2,2,1,167.22,171.70000000000275,205.55,0.16359096867455988,0.004215063938075888,-0.06068676064268588,205.925,overripe
1763617604.444351,1763617604.1607158,0.105,0.3,2,0,1,167.03,171.60000000000275,205.95,0.1630165477492372,0.004177003340121004,-0.05906444373330022,205.925,overripe
1763617604.7264056,1763617604.1607158,0.106,0.3,2,1,1,166.8,171.50000000000276,206.2,0.1624849096436073,0.004139922721330487,-0.05750885763563879,205.925,overripe
1763617604.8582764,1763617604.1607158,0.109,0.3,3,2,1,166.57,171.40000000000276,206.5,0.1619845684446878,0.004104445286520687,-0.054996542440703566,205.925,overripe
1763617604.9132574,1763617604.1607158,0.11,0.3,3,0,1,166.34,171.30000000000277,206.8,0.16153544699531078,0.004070218495789261,-0.05304143399331865,205.925,overripe
1763617605.0214384,1763617604.1607158,0.11,0.3,1,1,1,166.11,171.20000000000277,207.2,0.16112207966912892,0.0040367398214984015,-0.05187507316813286,205.925,overripe
1763617605.2158368,1763617604.1607158,0.111,0.3,1,1,1,165.88,171.10000000000278,207.55,0.16072402604815994,0.004004085076988891,-0.05060052279766192,205.925,overripe
1763617605.2504225,1763617604.1607158,0.113,0.3,2,2,1,165.69,171.00000000000279,207.85000000000002,0.1602641152588856,0.003972677031123016,-0.048702363633636586,205.925,overripe
1763617605.4225113,1763617604.1607158,0.113,0.3,1,1,1,165.5,170.9000000000028,208.15,0.1598012362105002,0.003942064022703344,-0.047520360397875716,205.925,overripe
1763617605.4329598,1763617604.1607158,0.113,0.3,2,0,1,165.27,170.8000000000028,208.35,0.15941721922888127,0.003911955401970421,-0.04677678132256902,205.925,overripe
1763617605.4507937,1763617604.1607158,0.112,0.3,1,0,1,165.04,170.7000000000028,208.55,0.15906996103459203,0.0038818885728376887,-0.0467497420814359,205.925,overripe
1763617605.5138075,1763617604.1607158,0.111,0.3,2,0,1,164.78,170.6000000000028,208.8,0.15878383667588783,0.0038515971874190885,-0.04712372719930977,205.925,overripe
1763617605.6163568,1763617604.1607158,0.112,0.3,2,0,1,164.62,170.5000000000028,209.0,0.15831751347873613,0.0038217636953046035,-0.0464874587404471,205.925,overripe
1763617605.7358727,1763617604.1607158,0.114,0.3,1,2,1,164.62,170.40000000000282,209.10000000000002,0.15747458786190854,0.0037932829994769906,-0.04455956049276402,205.925,overripe
1763617605.7493284,1763617604.1607158,0.115,0.3,2,1,1,164.39,170.30000000000283,209.5,0.15692752950301267,0.003765887577817911,-0.0429700158184404,205.925,overripe
1763617605.849175,1763617604.1607158,0.115,0.3,0,1,1,164.16,170.20000000000283,209.8,0.15653823992223384,0.0037391219951365302,-0.042059483079947696,205.925,overripe
1763617606.1013165,1763617604.1607158,0.116,0.3,2,1,1,163.97,170.10000000000284,210.1,0.15615026347260522,0.003713140046949081,-0.04091088505146215,205.925,overripe
1763617606.2230713,1763617604.1607158,0.11900000000000001,0.3,2,2,1,163.74,170.00000000000284,210.5,0.1558520193632987,0.003688583640741514,-0.038732330152727174,205.925,overripe
1763617606.320263,1763617604.1607158,0.12,0.3,2,0,1,163.55,169.90000000000285,210.8,0.1555625212541915,0.0036651722790159713,-0.03700267664890575,205.925,overripe
1763617606.3902497,1763617604.1607158,0.12,0.3,1,1,1,163.36,169.80000000000285,211.2,0.15529161365238406,0.0036424398661086053,-0.03601169134974118,205.925,overripe
1763617606.564796,1763617604.1607158,0.122,0.3,3,0,1,163.17,169.70000000000286,211.60000000000002,0.15503048427947178,0.0036207834354190947,-0.03439052312815033,205.925,overripe
1763617606.7692645,1763617604.1607158,0.123,0.3,2,0,1,162.98,169.60000000000286,211.95,0.15480164110525896,0.0036000667387469493,-0.032981660529598236,205.925,overripe
1763617606.8713794,1763617604.1607158,0.124,0.3,2,1,1,162.75,169.50000000000287,212.25,0.154674404266573,0.0035801580582533158,-0.031764413978742634,205.925,overripe
1763617607.0299165,1763617604.1607158,0.126,0.3,3,1,1,162.52,169.40000000000288,212.65,0.15460790097457874,0.003561298374586999,-0.03015290583066356,205.925,overripe
1763617607.1526425,1763617604.1607158,0.129,0.3,5,0,1,162.22,169.30000000000288,212.95,0.15471999872433315,0.003543812766902426,-0.02799250115237556,205.925,overripe
1763617607.2787588,1763617604.1607158,0.128,0.3,3,0,1,162.1,169.2000000000029,212.95,0.15463396699944326,0.0035268290751962555,-0.02727021821346448,205.925,overripe
1763617607.365423,1763617604.1607158,0.129,0.3,3,0,1,162.03,169.1000000000029,213.10000000000002,0.15435152366005664,0.00351060131178358,-0.026169649267067246,205.925,overripe
1763617607.4150412,1763617604.1607158,0.129,0.3,2,0,1,161.96,169.0000000000029,213.15,0.15399245148040258,0.0034949277030576244,-0.025401514283907883,205.925,overripe
1763617607.5266082,1763617604.1607158,0.129,0.3,3,0,1,161.89,168.9000000000029,213.15,0.1536020351864511,0.0034797007292709545,-0.024806566588203738,205.925,overripe
1763617607.6310673,1763617604.1607158,0.131,0.3,4,0,1,161.82,168.8000000000029,213.2,0.1532025052579041,0.003465471019765367,-0.02330477095878042,205.925,overripe
1763617607.8421967,1763617604.1607158,0.131,0.3,3,1,1,161.75,168.70000000000292,213.25,0.15283159454842207,0.003451876205386705,-0.02238272739886024,205.925,overripe
1763617607.8818111,1763617604.1607158,0.131,0.3,3,0,1,161.68,168.60000000000292,213.25,0.15248015449223706,0.003438731040259037,-0.021755720917456145,205.925,overripe
1763617607.979226,1763617604.1607158,0.132,0.3,3,0,1,161.61,168.50000000000293,213.3,0.1521434287682762,0.003426239169038912,-0.020781211980885728,205.925,overripe
1763617608.0347023,1763617604.1607158,0.131,0.3,1,0,1,161.54,168.40000000000293,213.2,0.15183218158170492,0.003413888264586499,-0.020651073188009683,205.925,overripe
1763617608.0596085,1763617604.1607158,0.134,0.3,4,1,1,161.47,168.30000000000294,213.2,0.1515246299233509,0.00340262053341677,-0.01893407572650327,205.925,overripe
1763617608.309532,1763617604.1607158,0.134,0.3,2,1,1,161.36,168.20000000000294,213.3,0.15133114919492874,0.0033919352116605532,-0.018035872096504924,205.925,overripe
1763617608.4482756,1763617604.1607158,0.134,0.3,3,0,1,161.29,168.10000000000295,213.39999999999998,0.15112747446768424,0.0033816270967282147,-0.017479835918472325,205.925,overripe
1763617608.5438657,1763617604.1607158,0.133,0.3,2,0,1,161.22,168.00000000000296,213.3,0.15092191818526518,0.003371297494366939,-0.01759809891065922,205.925,overripe
1763617608.6045322,1763617604.1607158,0.133,0.3,3,0,1,161.15,167.90000000000296,213.15,0.15070537682250096,0.0033610476152934735,-0.017543467185197975,205.925,overripe
1763617608.640322,1763617604.1607158,0.132,0.3,2,0,1,161.08,167.80000000000297,213.05,0.15048668103065346,0.003350633983390359,-0.017905726212001954,205.925,overripe
1763617608.6530452,1763617604.1607158,0.134,0.3,2,0,1,161.01,167.70000000000297,212.95,0.15025707455976778,0.003340811099247341,-0.01696659715044202,205.925,overripe
1763617608.6652546,1763617604.1607158,0.134,0.3,3,0,1,160.94,167.60000000000298,213.0,0.15005148039765825,0.0033313548983811988,-0.01640624169299537,205.925,overripe
1763617608.679233,1763617604.1607158,0.137,0.3,3,1,1,160.87,167.50000000000298,213.15,0.14986047652735518,0.0033230123003347963,-0.014537857175023733,205.925,overripe
1763617608.6900685,1763617604.1607158,0.139,0.3,3,1,1,160.8,167.400000000003,213.3,0.14971805805900987,0.0033158376389537075,-0.012556748382844124,205.925,overripe
1763617608.7051997,1763617604.1607158,0.14,0.3,3,0,1,160.73,167.300000000003,213.4,0.14962704317340242,0.003309552754009638,-0.01104638833531954,205.925,overripe
1763617608.9011977,1763617604.1607158,0.14100000000000001,0.3,2,0,1,160.66,167.200000000003,213.25,0.1495751716987452,0.003304008889024314,-0.009784844279703747,205.925,overripe
1763617608.9298437,1763617604.1607158,0.14200000000000002,0.3,3,1,1,160.54,167.100000000003,213.2,0.1496385301290078,0.003299072892454351,-0.008743366419487059,205.925,overripe
1763617608.976438,1763617604.1607158,0.145,0.3,4,0,1,160.47,167.000000000003,213.14999999999998,0.14968716860967624,0.0032952826401512073,-0.006739586754915872,205.925,overripe
1763617609.0587995,1763617604.1607158,0.145,0.3,3,0,1,160.4,166.90000000000302,213.10000000000002,0.14976646879927558,0.0032920376225978377,-0.005792677871895413,205.925,overripe
1763617609.2071855,1763617604.1607158,0.145,0.3,3,0,1,160.28,166.80000000000302,212.95,0.14994202204959703,0.0032889920651544874,-0.005455126585906939,205.925,overripe
1763617609.3574734,1763617604.1607158,0.144,0.3,3,0,1,160.17,166.70000000000303,212.85,0.15014556918515132,0.003285707636784956,-0.005902121453306264,205.925,overripe
1763617609.4454184,1763617604.1607158,0.144,0.3,2,0,1,160.1,166.60000000000304,212.6,0.15028159220430884,0.0032822920306155574,-0.006159868338386304,205.925,overripe
1763617609.5430984,1763617604.1607158,0.143,0.3,2,0,1,160.03,166.50000000000304,212.55,0.15038308103111003,0.0032785231961676123,-0.006822219098148785,205.925,overripe
1763617609.6892316,1763617604.1607158,0.14100000000000001,0.3,3,0,1,159.96,166.40000000000305,212.45,0.15045386249946827,0.0032740248445754074,-0.008173431532987635,205.925,overripe
1763617609.739504,1763617604.1607158,0.14,0.3,2,0,1,159.89,166.30000000000305,212.35,0.15048358176332793,0.003268901858532316,-0.009343366280087612,205.925,overripe
1763617609.7794478,1763617604.1607158,0.14100000000000001,0.3,3,0,1,159.82,166.20000000000306,212.15,0.15048041740202164,0.0032637613292983104,-0.009410309660401489,205.925,overripe
1763617609.9578896,1763617604.1607158,0.14100000000000001,0.3,2,0,1,159.75,166.10000000000306,212.0,0.15047397899551737,0.00325862410448623,-0.009438925124707287,205.925,overripe
1763617609.9967706,1763617604.1607158,0.139,0.3,2,0,1,159.68,166.00000000000307,211.85,0.15046610084586945,0.0032529579918316918,-0.010448573910464415,205.925,overripe
1763617610.263884,1763617604.1607158,0.14,0.3,2,1,1,159.61,165.90000000000308,211.7,0.150432609496793,0.0032473255189321842,-0.010423846029090467,205.925,overripe
1763617610.519563,1763617604.1607158,0.14100000000000001,0.3,3,0,1,159.54,165.80000000000308,211.45,0.15039966536633806,0.003241997531637093,-0.00989528363248679,205.925,overripe
1763617610.6627543,1763617604.1607158,0.143,0.3,3,0,1,159.47,165.7000000000031,211.4,0.15037994766071774,0.0032373682107179297,-0.008627756793792102,205.925,overripe
1763617610.816488,1763617604.1607158,0.145,0.3,3,1,1,159.35,165.6000000000031,211.3,0.15047282058903164,0.0032335715292721623,-0.007096725155568834,205.925,overripe
1763617610.9018078,1763617604.1607158,0.144,0.3,1,0,1,159.28,165.5000000000031,211.25,0.15056314744074012,0.0032299050525523374,-0.0068750997240087375,205.925,overripe
1763617610.9853897,1763617604.1607158,0.143,0.3,2,0,1,159.17,165.4000000000031,211.1,0.15070331894052452,0.0032259915532597072,-0.007359295082158823,205.925,overripe
1763617611.1852772,1763617604.1607158,0.14100000000000001,0.3,0,1,1,159.05,165.3000000000031,210.95,0.150869537015363,0.003221378426129231,-0.00869752508618013,205.925,overripe
1763617611.2139037,1763617604.1607158,0.143,0.3,3,0,1,158.98,165.20000000000312,210.85000000000002,0.1509407028498603,0.00321696034088586,-0.00835469688526888,205.925,overripe
1763617611.3086042,1763617604.1607158,0.14200000000000002,0.3,2,0,1,158.86,165.10000000000312,210.8,0.15106996388610647,0.003212331232429464,-0.008776960903810749,205.925,overripe
1763617611.3907928,1763617604.1607158,0.14,0.3,2,0,1,158.79,165.00000000000313,210.7,0.1511329057130342,0.003207079977037373,-0.00998640422188632,205.925,overripe
1763617611.417753,1763617604.1607158,0.14100000000000001,0.3,3,0,1,158.72,164.90000000000313,210.65,0.1511380281808129,0.0032018041064954907,-0.010064777435238953,205.925,overripe
1763617611.4335537,1763617604.1607158,0.142,0.3,3,0,1,158.61,164.80000000000314,210.65,0.15119137843397107,0.0031967572745029357,-0.009654753061184101,205.925,overripe
1763617611.6408374,1763617604.1607158,0.14100000000000001,0.3,2,0,1,158.54,164.70000000000314,210.5,0.15121570351497468,0.0031915731513124323,-0.009947390828581176,205.925,overripe
1763617611.8041482,1763617604.1607158,0.143,0.3,3,1,1,158.47,164.60000000000315,210.4,0.15121329182576934,0.0031868562306335193,-0.009079135482572581,205.925,overripe
1763617611.8782616,1763617604.1607158,0.14100000000000001,0.3,1,0,1,158.4,164.50000000000315,210.35,0.1512225757874868,0.0031818555944881396,-0.009655497615888409,205.925,overripe
1763617612.0369687,1763617604.1607158,0.138,0.3,1,0,1,158.33,164.40000000000316,210.3,0.15121285140929946,0.00317595480552339,-0.011429312323500251,205.925,overripe
1763617612.1014006,1763617604.1607158,0.135,0.3,2,0,1,158.21,164.30000000000317,210.2,0.15123655446359807,0.0031688255815377803,-0.01384478492069846,205.925,overripe
1763617612.3469846,1763617604.1607158,0.135,0.3,3,0,1,158.14,164.20000000000317,210.15,0.15115969832430515,0.0031611421081223488,-0.014963813552855337,205.925,overripe
1763617612.3792984,1763617604.1607158,0.136,0.3,3,1,1,158.07,164.10000000000318,210.15,0.1510348179685984,0.0031534951397202784,-0.014936875582873488,205.925,overripe
1763617612.5114548,1763617604.1607158,0.136,0.3,2,0,1,158,164.00000000000318,210.10000000000002,0.15090035570043278,0.003145914667146281,-0.014851384507570314,205.925,overripe
1763617612.731794,1763617604.1607158,0.136,0.3,2,1,1,157.93,163.9000000000032,210.05,0.15076289552205355,0.0031384143360858193,-0.014738409925622309,205.925,overripe
1763617612.860814,1763617604.1607158,0.134,0.3,2,0,1,157.86,163.8000000000032,210.0,0.15062566964771357,0.0031304923059696887,-0.015613426849497958,205.925,overripe
1763617612.935497,1763617604.1607158,0.133,0.3,2,1,1,157.79,163.7000000000032,209.85,0.15046585266867393,0.003122165452588879,-0.016459731269566125,205.925,overripe
1763617613.046321,1763617604.1607158,0.133,0.3,3,0,1,157.67,163.6000000000032,209.85,0.15036285986357295,0.0031136568534498085,-0.01685979916401903,205.925,overripe
1763617613.1155715,1763617604.1607158,0.132,0.3,2,0,1,157.6,163.5000000000032,209.85000000000002,0.1502102774421728,0.003104869433177102,-0.017458747092395838,205.925,overripe
1763617613.1854062,1763617604.1607158,0.133,0.3,2,0,1,157.44,163.40000000000322,209.7,0.15016297283574448,0.0030961847212469303,-0.017287207660856008,205.925,overripe
1763617613.3560452,1763617604.1607158,0.13,0.3,2,0,1,157.32,163.30000000000322,209.55,0.15011650320614323,0.003086818965159012,-0.018678620618698988,205.925,overripe
1763617613.4448504,1763617604.1607158,0.131,0.3,4,0,1,157.28,163.20000000000323,209.6,0.14991035958579224,0.0030774723103044804,-0.018691418292070106,205.925,overripe
1763617613.458436,1763617604.1607158,0.132,0.3,3,1,1,157.21,163.10000000000323,209.55,0.1496877529638286,0.0030684575678369343,-0.018078282316967537,205.925,overripe
1763617613.515902,1763617604.1607158,0.133,0.3,3,0,1,157.14,163.00000000000324,209.5,0.14947198990118982,0.003059921269742036,-0.017167254577759278,205.925,overripe
1763617613.5259755,1763617604.1607158,0.133,0.3,2,1,1,157.07,162.90000000000325,209.45,0.14927430990361507,0.0030516794095390887,-0.01662194224189978,205.925,overripe
1763617613.541112,1763617604.1607158,0.133,0.3,2,0,1,156.96,162.80000000000325,209.35,0.14914886183946352,0.003043605447091158,-0.016322678008605873,205.925,overripe
1763617613.6069953,1763617604.1607158,0.133,0.3,2,0,1,156.89,162.70000000000326,209.3,0.1489987226166021,0.003035669431256389,-0.016085630701173276,205.925,overripe
1763617613.6172304,1763617604.1607158,0.131,0.3,1,0,1,156.77,162.60000000000326,209.35,0.14891427420772163,0.0030273215284109213,-0.016957728250007215,205.925,overripe
1763617613.670351,1763617604.1607158,0.129,0.3,2,0,1,156.7,162.50000000000327,209.35,0.1487623357082133,0.003018343090822224,-0.018284062729356065,205.925,overripe
1763617613.8190308,1763617604.1607158,0.126,0.3,1,0,1,156.63,162.40000000000327,209.4,0.14855517933571452,0.0030083929572247824,-0.02031604284628591,205.925,overripe
1763617613.949094,1763617604.1607158,0.125,0.3,2,0,1,156.56,162.30000000000328,209.4,0.14828738868504798,0.002997809074245328,-0.021667820440333663,205.925,overripe
1763617614.0903661,1763617604.1607158,0.124,0.3,1,0,1,156.49,162.20000000000329,209.45,0.14798119383094555,0.0029867646295585596,-0.022671409708588386,205.925,overripe
1763617614.2484252,1763617604.1607158,0.122,0.3,2,0,1,156.42,162.1000000000033,209.45,0.14764789431248782,0.002975107556280509,-0.023993002251309237,205.925,overripe
1763617614.3926902,1763617604.1607158,0.12,0.3,2,0,1,156.35,162.0000000000033,209.45,0.14728129749243474,0.002962773494896861,-0.02545385146184545,205.925,overripe
1763617614.5449765,1763617604.1607158,0.11900000000000001,0.3,2,0,1,156.28,161.9000000000033,209.3,0.1468787978752373,0.002949983116714933,-0.02646507485994265,205.925,overripe
1763617614.6554875,1763617604.1607158,0.11800000000000001,0.3,1,1,1,156.21,161.8000000000033,209.35,0.1464515642691084,0.0029368502120874257,-0.02724470276146107,205.925,overripe
1763617614.7542229,1763617604.1607158,0.116,0.3,1,0,1,156.14,161.7000000000033,209.25,0.14600533528746845,0.0029231947719109523,-0.028401904533644773,205.925,overripe
1763617614.874547,1763617604.1607158,0.115,0.3,1,0,1,156.03,161.60000000000332,209.15,0.14558962951400914,0.0029091438966372765,-0.029287914137097304,205.925,overripe
1763617614.9663165,1763617604.1607158,0.114,0.3,1,0,1,155.96,161.50000000000333,209.15,0.14512260044017283,0.002894798814961423,-0.029971742751716907,205.925,overripe
1763617615.1165621,1763617604.1607158,0.112,0.3,1,0,1,155.89,161.40000000000333,209.0,0.1446241274793154,0.0028799744598759737,-0.03104869863508744,205.925,overripe
1763617615.249745,1763617604.1607158,0.111,0.3,1,0,1,155.82,161.30000000000334,208.95,0.14409231156024638,0.002864826583990939,-0.031804597138132384,205.925,overripe
1763617615.2863624,1763617604.1607158,0.11,0.3,2,0,1,155.75,161.20000000000334,208.85000000000002,0.14353854968377264,0.002849435669400995,-0.03239469247271565,205.925,overripe
1763617615.4275668,1763617604.1607158,0.109,0.3,1,0,1,155.68,161.10000000000335,208.75,0.14296865119213645,0.0028338445709691976,-0.032896722586607946,205.925,overripe
1763617615.5360363,1763617604.1607158,0.109,0.3,2,0,1,155.61,161.00000000000335,208.75,0.14238563358771175,0.002818313692953658,-0.03284966928494751,205.925,overripe
1763617615.5485208,1763617604.1607158,0.108,0.3,2,0,1,155.49,160.90000000000336,208.7,0.1418734702932429,0.0028026922902339786,-0.03310548814186079,205.925,overripe
1763617615.6387343,1763617604.1607158,0.106,0.3,1,0,1,155.42,160.80000000000337,208.75,0.14131853272152015,0.002786714638867949,-0.0339345416458291,205.925,overripe
1763617615.6806579,1763617604.1607158,0.10300000000000001,0.3,0,0,1,155.35,160.70000000000337,208.7,0.1407254968531777,0.0027700224657525386,-0.03553350131533217,205.925,overripe
1763617615.755309,1763617604.1607158,0.101,0.3,2,0,1,155.24,160.60000000000338,208.8,0.1401405761528658,0.0027526545214996007,-0.037044578383943025,205.925,overripe
1763617615.836137,1763617604.1607158,0.10300000000000001,0.3,2,1,1,155.17,160.50000000000338,208.7,0.13948643993332185,0.002735607921579131,-0.03643844104886046,205.925,overripe
1763617615.8549867,1763617604.1607158,0.10400000000000001,0.3,2,1,1,155.1,160.4000000000034,208.5,0.13882995144931984,0.002719128661029546,-0.035305952007089136,205.925,overripe
1763617615.8650627,1763617604.1607158,0.10400000000000001,0.3,1,0,1,155.03,160.3000000000034,208.3,0.13819184756726657,0.0027030954589194927,-0.03442984784615122,205.925,overripe
1763617615.8810558,1763617604.1607158,0.10500000000000001,0.3,4,0,1,154.96,160.2000000000034,208.3,0.13757013325951556,0.0026876758678902896,-0.033189133398957876,205.925,overripe
1763617615.8918228,1763617604.1607158,0.106,0.3,3,0,1,154.89,160.1000000000034,208.3,0.1369754566984217,0.0026729428041478522,-0.03178495676814286,205.925,overripe
1763617615.9018912,1763617604.1607158,0.107,0.3,2,1,1,154.82,160.0000000000034,208.25,0.13641266938335528,0.0026589222897466045,-0.030317419418215863,205.925,overripe
1763617615.917031,1763617604.1607158,0.106,0.3,2,0,1,154.79,159.90000000000342,208.25,0.13583056439368574,0.0026451855154058113,-0.02978293941111604,205.925,overripe
1763617616.063485,1763617604.1607158,0.10500000000000001,0.3,2,0,1,154.67,159.80000000000342,208.15,0.13535390367622593,0.002631454063967699,-0.02983009118494108,205.925,overripe
1763617616.2063427,1763617604.1607158,0.10400000000000001,0.3,1,0,1,154.6,159.70000000000343,208.15,0.13485532319035948,0.0026176305302423658,-0.03009341694471704,205.925,overripe
1763617616.3257067,1763617604.1607158,0.10200000000000001,0.3,2,0,1,154.53,159.60000000000343,208.1,0.13434001168622947,0.0026034400955273532,-0.030959058563408248,205.925,overripe
1763617616.475719,1763617604.1607158,0.101,0.3,0,0,1,154.46,159.50000000000344,208.05,0.1337988928378303,0.002588983619851688,-0.03160841627641969,205.925,overripe
1763617616.6998076,1763617604.1607158,0.10200000000000001,0.3,2,0,1,154.39,159.40000000000344,207.89999999999998,0.13323960019440081,0.0025747704654929776,-0.031144361913695504,205.925,overripe
1763617616.7149534,1763617604.1607158,0.10200000000000001,0.3,2,0,1,154.39,159.30000000000345,207.95,0.13259946477482723,0.002560867026175035,-0.030551845634474578,205.925,overripe
1763617616.8956454,1763617604.1607158,0.105,0.3,6,0,1,154.27,159.20000000000346,207.7,0.13208251522177133,0.002547896489777556,-0.028558705651595018,205.925,overripe
1763617616.9754965,1763617604.1607158,0.107,0.3,5,1,1,154.1,159.10000000000346,207.5,0.13172913301087216,0.002535889448522577,-0.026467228225784012,205.925,overripe
1763617617.0224824,1763617604.1607158,0.111,0.3,5,1,1,153.93,159.00000000000347,207.35,0.13148096363033776,0.00252530442936587,-0.023350011237793677,205.925,overripe
1763617617.0549924,1763617604.1607158,0.114,0.3,5,1,1,153.76,158.90000000000347,207.35000000000002,0.1313323282078991,0.002516122479349493,-0.020266852011627062,205.925,overripe
1763617617.1883705,1763617604.1607158,0.12,0.3,6,2,1,153.59,158.80000000000348,207.25,0.13126803838894002,0.0025089974869467162,-0.015735300290804,205.925,overripe
1763617617.30543,1763617604.1607158,0.124,0.3,6,1,1,153.42,158.70000000000348,207.2,0.13131561756301166,0.0025037709286124814,-0.01154924851394365,205.925,overripe
1763617617.3734915,1763617604.1607158,0.127,0.3,5,1,1,153.25,158.6000000000035,207.2,0.1314641021138715,0.002500116196711699,-0.008080917589337488,205.925,overripe
1763617617.3992164,1763617604.1607158,0.131,0.3,5,1,1,153.08,158.5000000000035,207.10000000000002,0.13169542278094282,0.0024980806353219033,-0.004503830518675811,205.925,overripe
1763617617.4794097,1763617604.1607158,0.134,0.3,5,0,1,152.91,158.4000000000035,207.05,0.1320119714995323,0.0024974410496516287,-0.0014161753683988032,205.925,overripe
1763617617.514662,1763617604.1607158,0.137,0.3,5,0,1,152.74,158.3000000000035,206.9,0.13240228729499864,0.0024980708413905347,0.001395610770568101,205.925,overripe
1763617617.5757482,1763617604.1607158,0.138,0.3,5,0,1,152.57,158.2000000000035,206.8,0.13286012277995973,0.0024994409686896033,0.0030388262528236454,205.925,overripe
1763617617.6076994,1763617604.1607158,0.139,0.3,5,0,1,152.4,158.10000000000352,206.75,0.13335778548646132,0.0025012840814475877,0.004091689029930373,205.925,overripe
1763617617.6246457,1763617604.1607158,0.14,0.3,4,0,1,152.23,158.00000000000352,206.9,0.13388128680201286,0.0025034636512771672,0.004843450456182979,205.925,overripe
1763617617.714501,1763617604.1607158,0.14200000000000002,0.3,5,0,1,152.06,157.90000000000353,207.0,0.13442350895114077,0.002506133328093687,0.005938859677957153,205.925,overripe
1763617617.8751187,1763617604.1607158,0.146,0.3,5,1,1,151.89,157.80000000000354,207.1,0.13499288583070704,0.0025098100665817916,0.008188298483841921,205.925,overripe
1763617618.0262382,1763617604.1607158,0.15,0.3,5,1,1,151.72,157.70000000000354,207.2,0.13561759401456994,0.002514731394239804,0.010972998142704554,205.925,overripe
1763617618.1811843,1763617604.1607158,0.155,0.3,5,1,1,151.55,157.60000000000355,207.15,0.13631101876510843,0.0025212194840546877,0.014484277313528804,205.925,overripe
1763617618.2304578,1763617604.1607158,0.159,0.3,5,1,1,151.38,157.50000000000355,207.0,0.1370913112202107,0.002529185359108283,0.0178063368191079,205.925,overripe
1763617618.3726778,1763617604.1607158,0.164,0.3,5,1,1,151.21,157.40000000000356,206.95,0.1379544163027335,0.0025387882012257424,0.021494407716925817,205.925,overripe
1763617618.5272543,1763617604.1607158,0.166,0.3,4,0,1,151.04,157.30000000000356,206.8,0.13890979687684255,0.0025494127490512056,0.023814615132987133,205.925,overripe
1763617618.6429465,1763617604.1607158,0.171,0.3,5,1,1,150.87,157.20000000000357,206.75,0.1399245189559983,0.0025614132012104977,0.026937687048916553,205.925,overripe
1763617618.7402856,1763617604.1607158,0.177,0.3,6,2,1,150.75,157.10000000000358,206.7,0.1409545685753031,0.0025751862926978366,0.030976534427154312,205.925,overripe
1763617618.8346891,1763617604.1607158,0.18,0.3,5,0,1,150.58,157.00000000000358,206.8,0.14211809358490954,0.0025902097239243757,0.033847457916319185,205.925,overripe
1763617618.984786,1763617604.1607158,0.184,0.3,6,0,1,150.41,156.9000000000036,206.60000000000002,0.1433713460098582,0.002606432889723128,0.03661142974075615,205.925,overripe
1763617619.075469,1763617604.1607158,0.188,0.3,6,0,1,150.29,156.8000000000036,206.65,0.14463910616785056,0.0026238343020493424,0.03935228170745661,205.925,overripe
1763617619.1803157,1763617604.1607158,0.192,0.3,5,0,1,150.12,156.7000000000036,206.55,0.1460139190716025,0.0026423639690939674,0.04198177486605109,205.925,overripe
1763617619.396262,1763617604.1607158,0.198,0.3,6,1,1,149.95,156.6000000000036,206.55,0.14747570042057942,0.0026624207153262158,0.04552214654824738,205.925,overripe
1763617619.524905,1763617604.1607158,0.204,0.3,6,1,1,149.78,156.5000000000036,206.45,0.1490383596150425,0.002684174650247905,0.049460563869370894,205.925,overripe
1763617619.663491,1763617604.1607158,0.209,0.3,5,1,1,149.61,156.40000000000362,206.45,0.15070770401484362,0.0027074627358778538,0.05304175772736308,205.925,overripe
1763617619.882522,1763617604.1607158,0.212,0.3,4,0,1,149.44,156.30000000000362,206.4,0.15247314357734687,0.002731743626670649,0.055401587293756493,205.925,overripe
1763617620.1856818,1763617604.1607158,0.215,0.3,5,0,1,149.27,156.20000000000363,206.4,0.1543037392259998,0.00275673827644864,0.057133626209551897,205.925,overripe
1763617620.2958548,1763617604.1607158,0.221,0.3,6,1,1,149.1,156.10000000000363,206.4,0.15618361278094137,0.0027829537801915454,0.06003506993683447,205.925,overripe
1763617620.3683116,1763617604.1607158,0.225,0.3,5,1,1,148.93,156.00000000000364,206.39999999999998,0.15814165430387825,0.002810180242416898,0.062467687055009685,205.925,overripe
1763617620.4791007,1763617604.1607158,0.227,0.3,4,0,1,148.76,155.90000000000364,206.5,0.1601663772843925,0.002837863784270513,0.06363829339505148,205.925,overripe
1763617620.5284102,1763617604.1607158,0.23199999999999998,0.3,5,1,1,148.59,155.80000000000365,206.55,0.1622265611720959,0.0028663779509329754,0.06567577416762607,205.925,overripe
1763617620.53879,1763617604.1607158,0.237,0.3,5,0,1,148.42,155.70000000000366,206.55,0.16434381918046076,0.0028958891730715124,0.06810734848940023,205.925,overripe
1763617620.597844,1763617604.1607158,0.241,0.3,5,1,1,148.3,155.60000000000366,206.55,0.16645572955264737,0.002926263478576407,0.0702698542822831,205.925,overripe
1763617620.608098,1763617604.1607158,0.246,0.3,6,2,1,148.13,155.50000000000367,206.45,0.168662521292978,0.002957618226098305,0.07270027062448722,205.925,overripe
1763617620.6181822,1763617604.1607158,0.249,0.3,5,1,1,147.96,155.40000000000367,206.45,0.17095403556835384,0.002989562822283648,0.07422736039037878,205.925,overripe
1763617620.8451335,1763617604.1607158,0.254,0.3,5,1,1,147.84,155.30000000000368,206.5,0.1732246148728971,0.003022344676328731,0.07636608310646922,205.925,overripe
1763617621.0527236,1763617604.1607158,0.257,0.3,6,1,1,147.67,155.20000000000368,206.55,0.17559539354361514,0.003055622253137977,0.077699955446068,205.925,overripe
1763617621.2105672,1763617604.1607158,0.263,0.3,6,3,1,147.55,155.1000000000037,206.55,0.17795036929985736,0.0030898796403276063,0.08019730519498419,205.925,overripe
1763617621.4238057,1763617604.1607158,0.265,0.3,5,0,1,147.38,155.0000000000037,206.60000000000002,0.18042121068924685,0.0031244635522173574,0.08115262655817393,205.925,overripe
1763617621.471136,1763617604.1607158,0.27,0.3,6,1,0,147.21,154.9000000000037,206.65,0.1829467389504638,0.0031596876705348455,0.08284017967324661,205.925,overripe
1763617621.7813845,1763617604.1607158,0.274,0.3,5,1,0,147.04,154.9000000000037,206.5,0.18553371275341504,0.0031954792746739817,0.08435974655844017,205.925,overripe
1763617621.8254945,1763617604.1607158,0.27799999999999997,0.3,5,0,0,146.87,154.9000000000037,206.4,0.18817219433175197,0.003231791671459946,0.08577453532417562,205.925,overripe
1763617621.8538122,1763617604.1607158,0.282,0.3,6,0,0,146.7,154.9000000000037,206.5,0.19085669212745604,0.003268591418541349,0.08711667270050771,205.925,overripe
1763617621.866691,1763617604.1607158,0.287,0.3,5,0,0,146.53,154.9000000000037,206.35000000000002,0.1935839626657714,0.0033060626913358052,0.08890271974821048,205.925,overripe
1763617621.8767648,1763617604.1607158,0.29,0.3,5,0,0,146.36,154.9000000000037,206.25,0.19636442088024944,0.00334386099780263,0.08987892032674147,205.925,overripe
1763617621.8918962,1763617604.1607158,0.294,0.3,5,1,0,146.24,154.9000000000037,206.15,0.19909390220278228,0.0033820410863433076,0.0910277684007132,205.925,overripe
1763617621.996863,1763617604.1607158,0.293,0.3,5,0,0,146.07,154.9000000000037,206.05,0.20189960933738835,0.0034195559156347645,0.08966122596435935,205.925,overripe
1763617622.0379431,1763617604.1607158,0.293,0.3,5,1,0,145.9,154.9000000000037,205.95,0.20469899852098705,0.0034561140412737875,0.08758141912988682,205.925,overripe
1763617622.064027,1763617604.1607158,0.292,0.3,5,0,0,145.73,154.9000000000037,205.85000000000002,0.20746409973871824,0.0034913771749593785,0.08467610908671866,205.925,overripe
1763617622.1773138,1763617604.1607158,0.292,0.3,5,1,0,145.56,154.9000000000037,205.7,0.21016893162671987,0.003525405521559445,0.08190117278599854,205.925,overripe
1763617622.3047967,1763617604.1607158,0.289,0.3,4,1,0,145.39,154.9000000000037,205.6,0.2128138723166557,0.0035576219782233044,0.07772117988970353,205.925,overripe
1763617622.4151504,1763617604.1607158,0.287,0.3,5,0,0,145.22,154.9000000000037,205.55,0.21536204310314566,0.003587978276235953,0.07340548300003391,205.925,overripe
1763617622.496468,1763617604.1607158,0.29,0.3,6,3,0,145.1,154.9000000000037,205.5,0.21771922608633504,0.003617533188115285,0.07166453696525471,205.925,overripe
1763617622.6119225,1763617604.1607158,0.29,0.3,6,0,0,144.93,154.9000000000037,205.5,0.22008203037479954,0.003646167593266587,0.0696098511509953,205.925,overripe
1763617622.7870932,1763617604.1607158,0.29,0.3,5,0,0,144.81,154.9000000000037,205.5,0.2223298056355017,0.0036738617039292405,0.06751613512739568,205.925,overripe
1763617622.8974478,1763617604.1607158,0.291,0.3,6,0,0,144.69,154.9000000000037,205.45,0.2244937057249609,0.0037008242824356314,0.0659292646564878,205.925,overripe
1763617623.0491316,1763617604.1607158,0.292,0.3,5,1,0,144.52,154.9000000000037,205.35,0.22669519333036306,0.0037271391026519646,0.06451629186036131,205.925,overripe
1763617623.1214387,1763617604.1607158,0.291,0.3,4,0,0,144.35,154.9000000000037,205.15,0.2289028532173621,0.0037524470802628106,0.06220288937800006,205.925,overripe
1763617623.206666,1763617604.1607158,0.292,0.3,5,0,0,144.18,154.9000000000037,204.95,0.23107599587138586,0.00377699316122316,0.06047687542629518,205.925,overripe
1763617623.433525,1763617604.1607158,0.293,0.3,5,1,0,144.01,154.9000000000037,204.8,0.23322003855350118,0.003800905219034877,0.05905639709533936,205.925,overripe
1763617623.5976603,1763617604.1607158,0.293,0.3,6,0,0,143.84,154.9000000000037,204.7,0.23533787491887243,0.003824050711519741,0.05730034290554781,205.925,overripe
1763617623.7924113,1763617604.1607158,0.291,0.3,4,0,0,143.67,154.9000000000037,204.7,0.23741861726670366,0.0038459721362951414,0.05440049164550642,205.925,overripe
1763617623.931402,1763617604.1607158,0.292,0.3,6,1,0,143.55,154.9000000000037,204.6,0.23933606742433247,0.0038670982313718507,0.05257348703177253,205.925,overripe
1763617624.0282931,1763617604.1607158,0.292,0.3,5,1,0,143.38,154.9000000000037,204.5,0.24125920495560885,0.0038874169131592135,0.05069557227244367,205.925,overripe
1763617624.1454563,1763617604.1607158,0.292,0.3,5,1,0,143.21,154.9000000000037,204.45,0.24316309582537282,0.0039069326716602345,0.0488142927886534,205.925,overripe
1763617624.2955668,1763617604.1607158,0.293,0.3,5,0,0,143.04,154.9000000000037,204.35,0.2450356467605453,0.003925857510974366,0.047453047546467786,205.925,overripe
1763617624.3922293,1763617604.1607158,0.296,0.3,7,2,0,142.87,154.9000000000037,204.3,0.24688376165199918,0.003944699212141453,0.047360585501507374,205.925,overripe
1763617624.4429362,1763617604.1607158,0.294,0.3,5,1,0,142.7,154.9000000000037,204.15,0.2487361297658354,0.003962711134200514,0.0453860438109179,205.925,overripe
1763617624.5731869,1763617604.1607158,0.295,0.3,5,1,0,142.53,154.9000000000037,204.05,0.25054397905723963,0.00398013686424748,0.04401710773113704,205.925,overripe
1763617624.7338834,1763617604.1607158,0.295,0.3,6,0,0,142.36,154.9000000000037,203.9,0.25232156375437204,0.003996904299487918,0.04245897963981632,205.925,overripe
1763617624.9114633,1763617604.1607158,0.294,0.3,5,0,0,142.19,154.9000000000037,203.7,0.2540636170778963,0.004012790215200737,0.04032665461919788,205.925,overripe
1763617624.9475086,1763617604.1607158,0.294,0.3,5,0,0,142.02,154.9000000000037,203.6,0.2557553827918253,0.004027895150057032,0.03843975305672176,205.925,overripe
1763617625.152663,1763617604.1607158,0.292,0.3,4,1,0,141.85,154.9000000000037,203.39999999999998,0.2574027391508552,0.004041886417473423,0.03569482877341834,205.925,overripe
1763617625.2794962,1763617604.1607158,0.291,0.3,5,1,0,141.68,154.9000000000037,203.2,0.2589839221658013,0.004054814298785363,0.03306486179633544,205.925,overripe
1763617625.4544559,1763617604.1607158,0.291,0.3,6,0,0,141.51,154.9000000000037,203.15,0.26050156968846944,0.00406691321329443,0.03102282229259895,205.925,overripe
1763617625.5325994,1763617604.1607158,0.292,0.3,5,0,0,141.34,154.9000000000037,203.05,0.2619702272032546,0.004078502708378376,0.029791968787279632,205.925,overripe
1763617625.5837288,1763617604.1607158,0.292,0.3,3,2,0,141.17,154.9000000000037,202.95,0.26341010372297324,0.004089550210429511,0.028470994272293826,205.925,overripe
1763617625.690109,1763617604.1607158,0.29,0.3,5,0,0,141,154.9000000000037,202.9,0.2648188270360765,0.004099660312253639,0.026121721961557043,205.925,overripe
1763617625.8077428,1763617604.1607158,0.29,0.3,5,1,0,140.83,154.9000000000037,202.7,0.26617044735683,0.004109041233519748,0.024299827141986807,205.925,overripe
1763617625.8935075,1763617604.1607158,0.292,0.3,6,0,0,140.71,154.9000000000037,202.6,0.26737531385882324,0.004118225323644803,0.023859823390585178,205.925,overripe
1763617626.0076718,1763617604.1607158,0.29,0.3,4,0,0,140.54,154.9000000000037,202.45,0.26862154269577504,0.004126668860149175,0.021996025928929186,205.925,overripe
1763617626.0836453,1763617604.1607158,0.29,0.3,5,0,0,140.37,154.9000000000037,202.45,0.26984803530050433,0.004134502316789324,0.020460749011847745,205.925,overripe
1763617626.2036626,1763617604.1607158,0.291,0.3,6,1,0,140.2,154.9000000000037,202.3,0.2710502197966906,0.00414198833270223,0.019604172359485472,205.925,overripe
1763617626.241107,1763617604.1607158,0.289,0.3,6,0,0,140.03,154.9000000000037,202.2,0.27223865507362754,0.0041486873341645,0.0175885410044605,205.925,overripe
1763617626.383394,1763617604.1607158,0.29,0.3,6,1,0,139.86,154.9000000000037,202.14999999999998,0.27338099307179176,0.004154967945816626,0.016532604967252285,205.925,overripe
1763617626.5463386,1763617604.1607158,0.29,0.3,6,0,0,139.69,154.9000000000037,202.10000000000002,0.27449958038726935,0.004160824904873237,0.015457218632252634,205.925,overripe
1763617626.5832927,1763617604.1607158,0.288,0.3,5,0,0,139.52,154.9000000000037,201.95,0.27559305024167197,0.004165883725906557,0.013385349268089042,205.925,overripe
1763617626.692347,1763617604.1607158,0.285,0.3,6,0,0,139.35,154.9000000000037,201.8,0.2766359156465508,0.004169786510346667,0.010353284108329641,205.925,overripe
1763617626.7815275,1763617604.1607158,0.287,0.3,7,0,0,139.18,154.9000000000037,201.6,0.2776037405307594,0.004173317337524612,0.009390859346680824,205.925,overripe
1763617627.0772066,1763617604.1607158,0.285,0.3,5,0,0,138.97,154.9000000000037,201.6,0.2786316339282483,0.00417608032733495,0.0073656660104718386,205.925,overripe
1763617627.2775,1763617604.1607158,0.285,0.3,6,0,0,138.85,154.9000000000037,201.6,0.2794633464831919,0.0041783378789305775,0.006035303486168153,205.925,overripe
1763617627.4215004,1763617604.1607158,0.286,0.3,6,0,0,138.68,154.9000000000037,201.45,0.28029337626610806,0.004180373184690054,0.0054559487185719124,205.925,overripe
1763617627.5467966,1763617604.1607158,0.286,0.3,6,0,0,138.51,154.9000000000037,201.35000000000002,0.2811248839615104,0.004182140350530157,0.004749778530829529,205.925,overripe
1763617627.680442,1763617604.1607158,0.293,0.3,8,4,0,138.34,154.9000000000037,201.14999999999998,0.2819468396256368,0.004184919870585021,0.007490491620533168,205.925,overripe
1763617627.790235,1763617604.1607158,0.296,0.3,5,3,0,138.17,154.9000000000037,200.95,0.2828417360087325,0.004188575327372023,0.009876929614352492,205.925,overripe
1763617627.9760463,1763617604.1607158,0.3,0.3,6,4,0,138,154.9000000000037,200.89999999999998,0.2837988862986032,0.00419321178779922,0.01256044651293925,205.925,overripe
1763617628.2201116,1763617604.1607158,0.301,0.3,6,0,0,138,154.9000000000037,201.10000000000002,0.28446847126810976,0.004198437642402628,0.014211195137661503,205.925,overripe
1763617628.242184,1763617604.1607158,0.301,0.3,6,0,0,138,154.9000000000037,201.3,0.28500093566520496,0.004203870684455069,0.014838897537680695,205.925,overripe
1763617628.5353332,1763617604.1607158,0.302,0.3,6,0,0,138,154.9000000000037,201.6,0.2854588305105716,0.004209505857008659,0.015461086090871212,205.925,overripe
1763617628.6765325,1763617604.1607158,0.303,0.3,7,0,0,138,154.9000000000037,201.75,0.2858860827633126,0.004215337548906953,0.0160738755374088,205.925,overripe
1763617628.808483,1763617604.1607158,0.304,0.3,6,0,0,138,154.9000000000037,201.9,0.286304470827136,0.004221360022708752,0.016675508323224675,205.925,overripe
1763617628.8396626,1763617604.1607158,0.304,0.3,5,0,0,138,154.9000000000037,202.0,0.28672469749825735,0.0042273878431339125,0.01676529207692301,205.925,overripe
1763617629.0247586,1763617604.1607158,0.302,0.3,6,1,0,138,154.9000000000037,202.15,0.28713972023914724,0.0042329739971546715,0.01560527454844296,205.925,overripe
1763617629.1005895,1763617604.1607158,0.301,0.3,5,0,0,138,154.9000000000037,202.39999999999998,0.2875219555545507,0.004238088979655018,0.01435054183924439,205.925,overripe
1763617629.2614086,1763617604.1607158,0.302,0.3,5,1,0,138,154.9000000000037,202.60000000000002,0.2878707906483296,0.004243081352931581,0.014065458048567903,205.925,overripe
1763617629.4851208,1763617604.1607158,0.302,0.3,6,0,0,138,154.9000000000037,202.8,0.2882105984239841,0.00424794445765392,0.013757525924464664,205.925,overripe
1763617629.5962582,1763617604.1607158,0.301,0.3,4,1,0,138,154.9000000000037,202.89999999999998,0.28854127564663407,0.004252501292654529,0.012942786527590344,205.925,overripe
1763617629.8636749,1763617604.1607158,0.302,0.3,5,0,0,138,154.9000000000037,203.1,0.2888509742952001,0.004257022219531798,0.012891056791912048,205.925,overripe
1763617630.0156226,1763617604.1607158,0.305,0.3,7,1,0,138,154.9000000000037,203.1,0.2891581461639589,0.0042619877354289045,0.014212869379597148,205.925,overripe
1763617630.2234483,1763617604.1607158,0.309,0.3,8,2,0,138,154.9000000000037,203.3,0.2894954728287592,0.004267797020330878,0.016690034943018794,205.925,overripe
1763617630.3555927,1763617604.1607158,0.313,0.3,8,2,0,138,154.9000000000037,203.45,0.289890090525795,0.0042746300186983265,0.01970266336009402,205.925,overripe
1763617630.5756998,1763617604.1607158,0.315,0.3,6,0,0,138,154.9000000000037,203.55,0.29035423296231805,0.004282212712259296,0.021942143980626494,205.925,overripe
1763617630.6508005,1763617604.1607158,0.313,0.3,5,0,0,138,154.9000000000037,203.6,0.29086929294152225,0.00428971294058407,0.021778895529949993,205.925,overripe
1763617630.698543,1763617604.1607158,0.314,0.3,6,1,0,138,154.9000000000037,203.60000000000002,0.2913787487149773,0.004297244942197888,0.02194534552075883,205.925,overripe
1763617630.8251865,1763617604.1607158,0.316,0.3,6,2,0,138,154.9000000000037,203.55,0.2918903613092582,0.004305034749945566,0.02277168580860983,205.925,overripe
1763617630.8731396,1763617604.1607158,0.319,0.3,7,1,0,138,154.9000000000037,203.65,0.2924194846940265,0.004313358587783014,0.02441153886490749,205.925,overripe
1763617631.096783,1763617604.1607158,0.315,0.3,5,0,0,138,154.9000000000037,203.85,0.2929848817264753,0.004321152827946806,0.022930630052991674,205.925,overripe
1763617631.2494695,1763617604.1607158,0.314,0.3,5,0,0,138,154.9000000000037,203.95,0.2935143056636288,0.0043284191291989476,0.02144345022610472,205.925,overripe
1763617631.4871716,1763617604.1607158,0.314,0.3,6,0,0,138,154.9000000000037,204.0,0.2940078692633627,0.004335335044908926,0.020471008681504033,205.925,overripe
1763617631.5332189,1763617604.1607158,0.313,0.3,5,0,0,138,154.9000000000037,204.15,0.29447763288163104,0.004341823318395768,0.019261806090802358,205.925,overripe
1763617631.6868186,1763617604.1607158,0.314,0.3,5,1,0,138,154.9000000000037,204.14999999999998,0.2949183488800959,0.004348188688551729,0.018951370606120788,205.925,overripe
1763617631.82016,1763617604.1607158,0.314,0.3,5,0,0,138,154.9000000000037,204.3,0.2953507166588918,0.004354413195201912,0.01858414308421652,205.925,overripe
1763617632.092327,1763617604.1607158,0.314,0.3,5,0,0,138,154.9000000000037,204.35000000000002,0.29577351627858983,0.004360490284394468,0.018193913592964295,205.925,overripe
1763617632.3172808,1763617604.1607158,0.313,0.3,5,0,0,138,154.9000000000037,204.3,0.2961863025647404,0.0043662524367664565,0.017297412371036713,205.925,overripe
1763617632.404538,1763617604.1607158,0.312,0.3,5,0,0,138,154.9000000000037,204.3,0.29657769676598283,0.004371622967690071,0.016164160701905683,205.925,overripe
1763617632.5718145,1763617604.1607158,0.312,0.3,5,0,0,138,154.9000000000037,204.25,0.2969424900796579,0.0043767359252414335,0.015428438654286336,205.925,overripe
1763617632.7174368,1763617604.1607158,0.311,0.3,4,0,0,138,154.9000000000037,204.3,0.2972897877216789,0.004381494681717158,0.014395676645293176,205.925,overripe
1763617632.8357356,1763617604.1607158,0.311,0.3,5,0,0,138,154.9000000000037,204.25,0.29761302625546504,0.004386022179433362,0.01372970592802103,205.925,overripe
1763617633.214805,1763617604.1607158,0.309,0.3,4,0,0,138,154.9000000000037,204.2,0.2979205565379246,0.00439005232945154,0.01225080955381841,205.925,overripe
1763617633.3588264,1763617604.1607158,0.309,0.3,6,0,0,138,154.9000000000037,204.2,0.2981943044779526,0.004393790984130146,0.011391378567918942,205.925,overripe
1763617633.4417884,1763617604.1607158,0.312,0.3,6,1,0,138,154.9000000000037,204.25,0.29844825259701857,0.0043978332139281125,0.012344588925917166,205.925,overripe
1763617633.5780919,1763617604.1607158,0.312,0.3,5,0,0,138,154.9000000000037,204.2,0.29872282105605624,0.004401973894706103,0.012673599705411653,205.925,overripe
1763617633.6517305,1763617604.1607158,0.31,0.3,4,1,0,138,154.9000000000037,204.2,0.29900407679790664,0.004405786209665356,0.011694133582827337,205.925,overripe
1763617633.7985606,1763617604.1607158,0.309,0.3,5,0,0,138,154.9000000000037,204.3,0.29926302829151663,0.004409229913249216,0.010586076898850383,205.925,overripe
1763617634.0827115,1763617604.1607158,0.307,0.3,5,0,0,138,154.9000000000037,204.3,0.2994969418574516,0.004412128034074107,0.008927610737731906,205.925,overripe
1763617634.1800647,1763617604.1607158,0.306,0.3,5,0,0,138,154.9000000000037,204.15,0.29969379671448304,0.004414563723011138,0.007518479583108695,205.925,overripe
1763617634.294373,1763617604.1607158,0.307,0.3,5,1,0,138,154.9000000000037,204.10000000000002,0.29985924088553123,0.004416906732314743,0.007246897263264607,205.925,overripe
1763617634.4077628,1763617604.1607158,0.306,0.3,5,0,0,138,154.9000000000037,204.1,0.30001838979247875,0.004419015338037077,0.006534679281919198,205.925,overripe
1763617634.5396802,1763617604.1607158,0.304,0.3,5,0,0,138,154.9000000000037,204.05,0.3001616168361684,0.004420662656546802,0.0051149177010305635,205.925,overripe
1763617634.6611998,1763617604.1607158,0.304,0.3,5,0,0,138,154.9000000000037,203.9,0.3002735109459415,0.0044220657446529,0.004364756322657926,205.925,overripe
1763617634.7355347,1763617604.1607158,0.303,0.3,5,0,0,138,154.9000000000037,204.0,0.3003688157055483,0.004423172847136091,0.0034503179287513897,205.925,overripe
1763617634.8458958,1763617604.1607158,0.302,0.3,5,0,0,138,154.9000000000037,203.95,0.300444015641719,0.0044239625502294384,0.002465551175430847,205.925,overripe
1763617634.9213083,1763617604.1607158,0.301,0.3,5,0,0,138,154.9000000000037,203.9,0.30049765622433466,0.004424428442298113,0.0014571271842402922,205.925,overripe
1763617635.05998,1763617604.1607158,0.295,0.3,5,1,0,138,154.9000000000037,203.95,0.3005293019430994,0.004423773503395403,-0.0020519102388119603,205.925,overripe
1763617635.170536,1763617604.1607158,0.292,0.3,5,0,0,138,154.9000000000037,203.95,0.3004848152181328,0.004422101830435147,-0.005246119365989121,205.925,overripe
1763617635.2719564,1763617604.1607158,0.288,0.3,5,1,0,138,154.9000000000037,203.85,0.3003712668323074,0.004419317614422558,-0.008751918906235612,205.925,overripe
1763617635.4220889,1763617604.1607158,0.287,0.3,4,1,0,138,154.9000000000037,203.85,0.3001821489596523,0.004415864349021618,-0.010872474996616421,205.925,overripe
1763617635.4872391,1763617604.1607158,0.286,0.3,5,0,0,138,154.9000000000037,203.85,0.2999475859072935,0.004411966118674656,-0.012292748925775532,205.925,overripe
1763617635.637238,1763617604.1607158,0.285,0.3,5,0,0,138,154.9000000000037,203.8,0.2996827986109761,0.004407737423417701,-0.013355380120217142,205.925,overripe
1763617635.7062483,1763617604.1607158,0.283,0.3,5,0,0,138,154.9000000000037,203.85000000000002,0.2993955644856474,0.004403079915628072,-0.014731855240267988,205.925,overripe
1763617635.9937906,1763617604.1607158,0.28099999999999997,0.3,4,0,0,138,154.9000000000037,203.89999999999998,0.29907920326903686,0.004397950844839529,-0.016247348646347193,205.925,overripe
1763617636.1495125,1763617604.1607158,0.28099999999999997,0.3,5,0,0,138,154.9000000000037,203.95,0.2987308111357251,0.0043926502596031355,-0.016814883824380233,205.925,overripe
1763617636.25517,1763617604.1607158,0.279,0.3,5,0,0,138,154.9000000000037,204.05,0.298370768883543,0.004387011537215697,-0.017912805227870587,205.925,overripe
1763617636.4376009,1763617604.1607158,0.279,0.3,5,0,0,138,154.9000000000037,204.05,0.29798775866537625,0.0043812718392021,-0.018258776837540014,205.925,overripe
1763617636.612898,1763617604.1607158,0.278,0.3,5,0,0,138,154.9000000000037,204.1,0.2975978896778027,0.004375390895925077,-0.01873339876388458,205.925,overripe
1763617636.6902754,1763617604.1607158,0.278,0.3,6,0,0,138,154.9000000000037,204.15,0.2971984266057109,0.0043695074485270114,-0.01876618114875178,205.925,overripe
1763617636.8119845,1763617604.1607158,0.277,0.3,4,0,0,138,154.9000000000037,204.15,0.2967987934411973,0.004363532517312954,-0.019082670712717742,205.925,overripe
1763617636.9997897,1763617604.1607158,0.277,0.3,5,0,0,138,154.9000000000037,204.25,0.29639294623848245,0.004357580094937001,-0.019034884874242652,205.925,overripe
1763617637.094317,1763617604.1607158,0.274,0.3,5,0,0,138,154.9000000000037,204.35000000000002,0.2959886279485958,0.004351236926978362,-0.02030959726647591,205.925,overripe
1763617637.315044,1763617604.1607158,0.268,0.3,4,0,0,138,154.9000000000037,204.5,0.2955577682650053,0.00434383814163023,-0.023718252923945304,205.925,overripe
1763617637.3926234,1763617604.1607158,0.264,0.3,6,0,0,138,154.9000000000037,204.5,0.2950552057702334,0.004335383431441155,-0.02713544809970342,205.925,overripe
1763617637.5109963,1763617604.1607158,0.263,0.3,4,1,0,138,154.9000000000037,204.5,0.29448091958064054,0.0043263517290029465,-0.029021040745375537,205.925,overripe
1763617637.7338507,1763617604.1607158,0.263,0.3,5,0,0,138,154.9000000000037,204.55,0.29386744119252517,0.004317138670861971,-0.02963750177489266,205.925,overripe
1763617637.8216894,1763617604.1607158,0.262,0.3,6,0,0,138,154.9000000000037,204.60000000000002,0.2932416442182994,0.004307783980238312,-0.030126674509483142,205.925,overripe
1763617637.8565152,1763617604.1607158,0.26,0.3,6,0,0,138,154.9000000000037,204.5,0.2926062268576874,0.004298153488570106,-0.031048742003279284,205.925,overripe
1763617637.872205,1763617604.1607158,0.258,0.3,5,1,0,138,154.9000000000037,204.5,0.2919520757111245,0.0042881848304248404,-0.03217333328392047,205.925,overripe
1763617638.0090022,1763617604.1607158,0.258,0.3,5,0,0,138,154.9000000000037,204.39999999999998,0.29127495460660735,0.0042781608936177445,-0.032385583393005346,205.925,overripe
1763617638.2364383,1763617604.1607158,0.259,0.3,5,1,0,138,154.9000000000037,204.45,0.29059407869898535,0.00426837484265943,-0.03164939309218434,205.925,overripe
1763617638.355625,1763617604.1607158,0.259,0.3,5,1,0,138,154.9000000000037,204.45,0.28992936118764184,0.004258812461872115,-0.030957018384241308,205.925,overripe
1763617638.453042,1763617604.1607158,0.258,0.3,4,0,0,138,154.9000000000037,204.55,0.2892798364726635,0.004249309866453044,-0.030793665070963205,205.925,overripe
1763617638.4920125,1763617604.1607158,0.257,0.3,5,0,0,138,154.9000000000037,204.6,0.288634372678823,0.004239786297421782,-0.030891286977972887,205.925,overripe
1763617638.524663,1763617604.1607158,0.258,0.3,5,1,0,138,154.9000000000037,204.60000000000002,0.2879874842523746,0.004230510488771765,-0.03011594140194951,205.925,overripe
1763617638.5359504,1763617604.1607158,0.26,0.3,5,2,0,138,154.9000000000037,204.64999999999998,0.2873574249498222,0.004221764582392716,-0.02842165352460968,205.925,overripe
1763617638.5460205,1763617604.1607158,0.26,0.3,4,1,0,138,154.9000000000037,204.75,0.2867633592590253,0.004213372792223604,-0.027295473546419036,205.925,overripe
1763617638.5564682,1763617604.1607158,0.259,0.3,4,0,0,138,154.9000000000037,204.8,0.2861933469117884,0.0042050916366735604,-0.026959404055485248,205.925,overripe
1763617638.5692987,1763617604.1607158,0.258,0.3,4,0,0,138,154.9000000000037,204.8,0.28563084942105166,0.004196800916544232,-0.027013877992900115,205.925,overripe
1763617638.6153278,1763617604.1607158,0.259,0.3,5,0,0,138,154.9000000000037,204.85000000000002,0.285067702256267,0.004188748623479801,-0.02625921654219121,205.925,overripe
1763617638.6842542,1763617604.1607158,0.259,0.3,5,0,0,138,154.9000000000037,204.9,0.2845207502498655,0.004180899921045175,-0.025616507392827614,205.925,overripe
1763617638.8099809,1763617604.1607158,0.261,0.3,6,0,0,138,154.9000000000037,204.89999999999998,0.28398762713699355,0.004173541598228871,-0.02403550570847457,205.925,overripe
1763617638.8893423,1763617604.1607158,0.261,0.3,5,1,0,138,154.9000000000037,204.85,0.2834878130596961,0.004166502286236772,-0.02301175234543662,205.925,overripe
1763617639.2093527,1763617604.1607158,0.26,0.3,5,1,0,138,154.9000000000037,204.9,0.2830096677926328,0.004159541842937921,-0.022771637435503034,205.925,overripe
1763617639.4409022,1763617604.1607158,0.259,0.3,4,0,0,138,154.9000000000037,204.95,0.28253687968155833,0.004152542038347226,-0.022917864502993435,205.925,overripe
1763617639.509737,1763617604.1607158,0.258,0.3,4,0,0,138,154.9000000000037,205.0,0.2820614179547354,0.004145445502513842,-0.023251910365452932,205.925,overripe
1763617639.596451,1763617604.1607158,0.258,0.3,5,0,0,138,154.9000000000037,205.15,0.2815793857582528,0.004138377717815052,-0.02317463196361158,205.925,overripe
1763617639.713345,1763617604.1607158,0.26,0.3,6,1,0,138,154.9000000000037,205.25,0.2810993064825874,0.004131704382250304,-0.02189692958526679,205.925,overripe
1763617639.734804,1763617604.1607158,0.26,0.3,5,0,0,138,154.9000000000037,205.35,0.280646020164352,0.004125295225322245,-0.02104483171569166,205.925,overripe
1763617639.7718318,1763617604.1607158,0.258,0.3,4,0,0,138,154.9000000000037,205.35000000000002,0.28021067818001355,0.004118779304215994,-0.02141008395568339,205.925,overripe
1763617639.8856943,1763617604.1607158,0.257,0.3,4,0,0,138,154.9000000000037,205.39999999999998,0.27976808423887145,0.00411212855699408,-0.02186778712670634,205.925,overripe
1763617639.9996378,1763617604.1607158,0.258,0.3,5,1,0,138,154.9000000000037,205.55,0.2793163322338229,0.004105634639809946,-0.021366183677740347,205.925,overripe
1763617640.1114268,1763617604.1607158,0.259,0.3,5,1,0,138,154.9000000000037,205.5,0.2788752329090906,0.0040994383258387565,-0.020400158631049325,205.925,overripe
1763617640.2112916,1763617604.1607158,0.258,0.3,4,0,0,138,154.9000000000037,205.55,0.2784543482825976,0.004093301576544153,-0.02021681114357693,205.925,overripe
1763617640.3446238,1763617604.1607158,0.257,0.3,4,0,0,138,154.9000000000037,205.6,0.27803750958676166,0.0040871073626963916,-0.02041874101725133,205.925,overripe
1763617640.388748,1763617604.1607158,0.258,0.3,5,1,0,138,154.9000000000037,205.64999999999998,0.27761676761115245,0.004081102247014348,-0.019807383326397254,205.925,overripe
1763617640.5867321,1763617604.1607158,0.256,0.3,4,0,0,138,154.9000000000037,205.85,0.27720887012844964,0.004074950164743239,-0.020304177986072036,205.925,overripe
1763617640.7923422,1763617604.1607158,0.255,0.3,4,0,0,138,154.9000000000037,206.10000000000002,0.27679098994018453,0.004068639807798405,-0.020838643868995754,205.925,overripe
1763617640.841745,1763617604.1607158,0.256,0.3,6,1,0,138,154.9000000000037,206.05,0.27636235894470673,0.004062469975057215,-0.020386185909112342,205.925,overripe
1763617641.0126143,1763617604.1607158,0.256,0.3,5,0,0,138,154.9000000000037,206.0,0.27594327305576133,0.004056433947453486,-0.01995518653796413,205.925,overripe
1763617641.1024318,1763617604.1607158,0.257,0.3,6,0,0,138,154.9000000000037,206.0,0.2755332758807781,0.0040506781188801265,-0.01903923262187951,205.925,overripe
1763617641.2301266,1763617604.1607158,0.259,0.3,7,0,0,138,154.9000000000037,205.85000000000002,0.27514231122493266,0.004045422087795859,-0.017395289595483365,205.925,overripe
1763617641.2471588,1763617604.1607158,0.259,0.3,5,0,0,138,154.9000000000037,205.75,0.2747852953135338,0.004040465820938816,-0.016411784498809145,205.925,overripe
1763617641.2747436,1763617604.1607158,0.26,0.3,5,0,0,138,154.9000000000037,205.8,0.2744486408872691,0.004035859180198928,-0.015261885479906756,205.925,overripe
1763617641.4172897,1763617604.1607158,0.26,0.3,5,0,0,138,154.9000000000037,205.75,0.27413573481501224,0.004031471925966501,-0.014542357111331061,205.925,overripe
1763617641.6226847,1763617604.1607158,0.259,0.3,4,0,0,138,154.9000000000037,205.55,0.27383773057127464,0.004027087226526078,-0.014541041719434045,205.925,overripe
1763617641.8014634,1763617604.1607158,0.259,0.3,5,0,0,138,154.9000000000037,205.35000000000002,0.2735398998617839,0.004022749694131695,-0.014391555435863623,205.925,overripe
1763617642.0734086,1763617604.1607158,0.259,0.3,5,0,0,138,154.9000000000037,205.25,0.2732452729738954,0.004018480621395753,-0.014171100760935251,205.925,overripe
1763617642.13347,1763617604.1607158,0.258,0.3,5,0,0,138,154.9000000000037,205.10000000000002,0.27295529620830655,0.004014139114607292,-0.014418210101826479,205.925,overripe
1763617642.2823877,1763617604.1607158,0.258,0.3,4,0,0,138,154.9000000000037,205.1,0.2726603993597004,0.004009807505860926,-0.014391856306460338,205.925,overripe
1763617642.3678708,1763617604.1607158,0.259,0.3,6,0,0,138,154.9000000000037,204.9,0.27236617483560344,0.004005676360861681,-0.01373190330898344,205.925,overripe
1763617642.381214,1763617604.1607158,0.259,0.3,5,0,0,138,154.9000000000037,204.85,0.27208556681152973,0.004001686382827393,-0.013268431048219731,205.925,overripe
1763617642.422487,1763617604.1607158,0.261,0.3,6,0,0,138,154.9000000000037,204.7,0.2718145475535507,0.0039981076345196745,-0.011905979671895717,205.925,overripe
1763617642.5153604,1763617604.1607158,0.26,0.3,5,0,0,138,154.9000000000037,204.6,0.27157146107474894,0.003994617151810461,-0.011617177133921408,205.925,overripe
1763617642.8594034,1763617604.1607158,0.258,0.3,3,0,0,138,154.9000000000037,204.39999999999998,0.2713343700367256,0.003990905830985796,-0.012357228066311843,205.925,overripe
1763617642.9822202,1763617604.1607158,0.259,0.3,6,0,0,138,154.9000000000037,204.25,0.27108227856971023,0.003987275108325146,-0.012093707584503344,205.925,overripe
1763617643.0324757,1763617604.1607158,0.257,0.3,4,0,0,138,154.9000000000037,204.2,0.27083566173298557,0.003983421434947881,-0.012841376240382119,205.925,overripe
1763617643.18327,1763617604.1607158,0.255,0.3,4,0,0,138,154.9000000000037,204.1,0.2705739009688348,0.003979198647968788,-0.01407675822253307,205.925,overripe
1763617643.3377953,1763617604.1607158,0.254,0.3,4,1,0,138,154.9000000000037,204.05,0.27028706816327996,0.003974689052988805,-0.015038496790129086,205.925,overripe
1763617643.3991287,1763617604.1607158,0.254,0.3,5,0,0,138,154.9000000000037,203.89999999999998,0.2699807539242646,0.003970085804988799,-0.015356468237689158,205.925,overripe
1763617643.4906385,1763617604.1607158,0.253,0.3,5,0,0,138,154.9000000000037,203.75,0.2696680783038642,0.003965334552916436,-0.015855935460576454,205.925,overripe
1763617643.6177359,1763617604.1607158,0.252,0.3,4,1,0,138,154.9000000000037,203.6,0.26934534950684896,0.00396041024375424,-0.016439278085205067,205.925,overripe
1763617643.7114296,1763617604.1607158,0.253,0.3,5,0,0,138,154.9000000000037,203.6,0.2690108658070068,0.003955601862228253,-0.016057830096184833,205.925,overripe
1763617643.765758,1763617604.1607158,0.253,0.3,5,0,0,138,154.9000000000037,203.55,0.2686842564918541,0.00395089990926069,-0.015707738636443147,205.925,overripe
1763617643.914651,1763617604.1607158,0.251,0.3,4,0,0,138,154.9000000000037,203.55,0.26836487633653244,0.003945999364415633,-0.016376617408826954,205.925,overripe
1763617643.9906385,1763617604.1607158,0.251,0.3,7,0,0,138,154.9000000000037,203.5,0.2680320068279319,0.003941052176378812,-0.016537877364079134,205.925,overripe
1763617644.0973425,1763617604.1607158,0.25,0.3,4,0,0,138,154.9000000000037,203.6,0.26769596908053084,0.003935983650826466,-0.016948904348604465,205.925,overripe
1763617644.3844259,1763617604.1607158,0.251,0.3,5,0,0,138,154.9000000000037,203.6,0.26735168948238774,0.003931057441890999,-0.01647815711642453,205.925,overripe
1763617644.500522,1763617604.1607158,0.253,0.3,5,1,0,138,154.9000000000037,203.65,0.2670170767404461,0.003926550505716648,-0.015080310557464505,205.925,overripe
1763617644.677253,1763617604.1607158,0.253,0.3,5,0,0,138,154.9000000000037,203.6,0.2667109431008034,0.0039222952191182055,-0.014242560009312621,205.925,overripe
1763617644.8590848,1763617604.1607158,0.253,0.3,5,0,0,138,154.9000000000037,203.6,0.26642190275860417,0.003918206908622332,-0.013687711212858777,205.925,overripe
1763617645.0200121,1763617604.1607158,0.254,0.3,6,1,0,138,154.9000000000037,203.60000000000002,0.266144204268172,0.00391439168066482,-0.012777108495299283,205.925,overripe
1763617645.1450288,1763617604.1607158,0.253,0.3,5,0,0,138,154.9000000000037,203.35,0.265885054909158,0.003910600097635182,-0.012701507022721603,205.925,overripe
1763617645.2361119,1763617604.1607158,0.253,0.3,6,0,0,138,154.9000000000037,203.25,0.2656275116318698,0.003906859033891294,-0.012535737688651627,205.925,overripe
1763617645.3345156,1763617604.1607158,0.255,0.3,6,0,0,138,154.9000000000037,203.2,0.26537339987706615,0.003903479458754111,-0.011327512905457027,205.925,overripe
1763617645.7164822,1763617604.1607158,0.256,0.3,5,0,0,138,154.9000000000037,203.25,0.26514384223587306,0.003900460679659186,-0.010120898750068497,205.925,overripe
1763617645.756776,1763617604.1607158,0.255,0.3,3,1,0,138,154.9000000000037,203.10000000000002,0.2649387916658502,0.0038975004096871305,-0.00992731992294793,205.925,overripe
1763617645.8612719,1763617604.1607158,0.252,0.3,4,0,0,138,154.9000000000037,203.05,0.2647377153279984,0.003894151951052518,-0.011231979456547247,205.925,overripe
1763617645.9623356,1763617604.1607158,0.252,0.3,5,0,0,138,154.9000000000037,203.05,0.26451027127524235,0.0038906477288963505,-0.011757403339516748,205.925,overripe
1763617645.9941733,1763617604.1607158,0.251,0.3,3,0,0,138,154.9000000000037,202.95,0.2642722469852847,0.0038869541362068372,-0.012395813017421875,205.925,overripe
1763617646.0059893,1763617604.1607158,0.251,0.3,4,0,0,138,154.9000000000037,202.85000000000002,0.2640213597018495,0.0038832056231428015,-0.01258314271791805,205.925,overripe
1763617646.02078,1763617604.1607158,0.249,0.3,4,0,0,138,154.9000000000037,202.8,0.26376674195197486,0.0038791707361928223,-0.013547633460009145,205.925,overripe
1763617646.1171298,1763617604.1607158,0.248,0.3,4,1,0,138,154.9000000000037,202.9,0.2634926722558975,0.0038748880025380053,-0.014383118009914653,205.925,overripe
1763617646.3715038,1763617604.1607158,0.25,0.3,6,0,0,138,154.9000000000037,202.85,0.26320176757239405,0.00387082537488717,-0.013646990449402624,205.925,overripe
1763617646.45447,1763617604.1607158,0.252,0.3,4,2,0,138,154.9000000000037,202.9,0.2629258135892111,0.0038672096598165407,-0.012148425027715348,205.925,overripe
1763617646.6143456,1763617604.1607158,0.25,0.3,4,0,0,138,154.9000000000037,202.9,0.26268021614303855,0.003863552146572341,-0.01229152186229071,205.925,overripe
1763617646.7353752,1763617604.1607158,0.249,0.3,3,0,0,138,154.9000000000037,202.85000000000002,0.26243177955592634,0.003859762749901759,-0.012737432415552419,205.925,overripe
1763617646.892902,1763617604.1607158,0.248,0.3,3,0,0,138,154.9000000000037,202.85,0.262174384787077,0.003855798717052953,-0.01332721121689004,205.925,overripe
1763617646.9807537,1763617604.1607158,0.245,0.3,4,0,0,138,154.9000000000037,203.05,0.2619051278558219,0.003851343528766092,-0.01498154107072841,205.925,overripe
1763617647.0451753,1763617604.1607158,0.243,0.3,3,0,0,138,154.9000000000037,203.05,0.26160250919143685,0.003846395924304237,-0.01664071579889012,205.925,overripe
1763617647.057613,1763617604.1607158,0.24,0.3,3,0,0,138,154.9000000000037,203.05,0.26126644315836534,0.003840811711681558,-0.018785546462091962,205.925,overripe
1763617647.0706935,1763617604.1607158,0.238,0.3,4,1,0,138,154.9000000000037,203.2,0.26088713551596987,0.0038346754291473427,-0.02064668716783319,205.925,overripe
1763617647.080847,1763617604.1607158,0.238,0.3,4,1,0,138,154.9000000000037,203.3,0.2604703285248333,0.0038283312781996416,-0.02135010435076498,205.925,overripe
1763617647.0915787,1763617604.1607158,0.237,0.3,4,0,0,138,154.9000000000037,203.35000000000002,0.2600394020717107,0.003821801365964584,-0.021979289984676575,205.925,overripe
1763617647.15225,1763617604.1607158,0.235,0.3,3,0,0,138,154.9000000000037,203.35,0.2595958577831444,0.0038149498917080726,-0.023065801739627356,205.925,overripe
1763617647.162902,1763617604.1607158,0.23399999999999999,0.3,3,0,0,138,154.9000000000037,203.3,0.25913047139427087,0.00380786214236023,-0.02386544337251234,205.925,overripe
1763617647.1753,1763617604.1607158,0.233,0.3,3,1,0,138,154.9000000000037,203.25,0.25864903601981865,0.003800582289235211,-0.02451652200893939,205.925,overripe
1763617647.1853652,1763617604.1607158,0.232,0.3,3,1,0,138,154.9000000000037,203.2,0.2581545519963018,0.0037931339176761445,-0.025088294990862126,205.925,overripe
1763617647.1960168,1763617604.1607158,0.232,0.3,5,0,0,138,154.9000000000037,203.2,0.25764862135815214,0.003785678709031984,-0.025115492855432298,205.925,overripe
1763617647.211155,1763617604.1607158,0.232,0.3,4,0,0,138,154.9000000000037,203.15,0.25714222631099753,0.0037782958919129837,-0.024875662059637593,205.925,overripe
1763617647.3067312,1763617604.1607158,0.232,0.3,4,2,0,138,154.9000000000037,203.2,0.25664074845818946,0.003771023510201885,-0.024507466332509498,205.925,overripe
1763617647.4160364,1763617604.1607158,0.23,0.3,3,0,0,138,154.9000000000037,203.15,0.2561467719304631,0.0037635823572172928,-0.02508013086762312,205.925,overripe
1763617647.4952035,1763617604.1607158,0.228,0.3,3,1,0,138,154.9000000000037,203.05,0.25564133161398467,0.0037558374222772003,-0.026108011082564664,205.925,overripe
1763617647.6023343,1763617604.1607158,0.226,0.3,3,0,0,138,154.9000000000037,203.15,0.2551152569081789,0.003747725684168973,-0.02734859664246886,205.925,overripe
1763617647.7322302,1763617604.1607158,0.227,0.3,4,0,0,138,154.9000000000037,203.2,0.25456426709717755,0.003739664859050241,-0.027180936964322555,205.925,overripe
1763617647.9047272,1763617604.1607158,0.226,0.3,5,0,0,138,154.9000000000037,203.2,0.25401673555098764,0.0037315624558224617,-0.02732507048456012,205.925,overripe
1763617647.9614463,1763617604.1607158,0.226,0.3,4,0,0,138,154.9000000000037,203.25,0.25346637981174075,0.003723521831783891,-0.027120547278526974,205.925,overripe
1763617648.0282717,1763617604.1607158,0.226,0.3,4,0,0,138,154.9000000000037,203.3,0.2529202204239208,0.003715592961704159,-0.02674730415731391,205.925,overripe
1763617648.1122012,1763617604.1607158,0.225,0.3,4,0,0,138,154.9000000000037,203.3,0.25238165192375506,0.0037076509709945897,-0.026795193790451588,205.925,overripe
1763617648.2657342,1763617604.1607158,0.222,0.3,2,0,0,138,154.9000000000037,203.25,0.2518421922048075,0.0036993384710570154,-0.028048963138155802,205.925,overripe
1763617648.3458054,1763617604.1607158,0.221,0.3,4,0,0,138,154.9000000000037,203.25,0.2512775656465478,0.003690780518673456,-0.02888095111322192,205.925,overripe
1763617648.457615,1763617604.1607158,0.218,0.3,2,0,0,138,154.9000000000037,203.15,0.25069626673089457,0.0036817445685576006,-0.030497959464231617,205.925,overripe
1763617648.5394156,1763617604.1607158,0.217,0.3,3,1,0,138,154.9000000000037,203.05,0.25008249981927505,0.003672417832048324,-0.03148334618594356,205.925,overripe
1763617648.6009607,1763617604.1607158,0.217,0.3,4,1,0,138,154.9000000000037,203.15,0.24944898124188247,0.003663043048771226,-0.03164940442521674,205.925,overripe
1763617648.6438336,1763617604.1607158,0.217,0.3,4,0,0,138,154.9000000000037,203.10000000000002,0.24881219908778557,0.003653739580042258,-0.03141241067945272,205.925,overripe
1763617648.6858265,1763617604.1607158,0.213,0.3,3,0,0,138,154.9000000000037,203.10000000000002,0.24818026097437043,0.0036439728742685036,-0.03298036677020402,205.925,overripe
1763617648.7826762,1763617604.1607158,0.213,0.3,4,0,0,138,154.9000000000037,203.15,0.24751685748468816,0.0036340780307242836,-0.03341691038260497,205.925,overripe
1763617648.8343775,1763617604.1607158,0.212,0.3,4,0,0,138,154.9000000000037,203.15,0.246844750236947,0.0036240724283937748,-0.03379477668590539,205.925,overripe
1763617648.8799245,1763617604.1607158,0.211,0.3,4,1,0,138,154.9000000000037,203.15,0.24616511969864718,0.003613965693615993,-0.0341401329231264,205.925,overripe
1763617649.047277,1763617604.1607158,0.211,0.3,4,1,0,138,154.9000000000037,203.10000000000002,0.24547861973886637,0.003603911560022818,-0.03396612635110596,205.925,overripe
1763617649.1027787,1763617604.1607158,0.21,0.3,4,0,1,138,154.9000000000037,203.05,0.24479569271454996,0.0035938367925995255,-0.034039446020669745,205.925,overripe
1763617649.2337122,1763617604.1607158,0.208,0.3,4,1,1,138,154.8000000000037,203.10000000000002,0.24411136413732282,0.003583557749329482,-0.0347332407903827,205.925,overripe
1763617649.3320694,1763617604.1607158,0.207,0.3,4,0,1,138,154.7000000000037,203.2,0.2434131601232051,0.003573134502493392,-0.035224098449735036,205.925,overripe
1763617649.5367951,1763617604.1607158,0.20600000000000002,0.3,5,0,1,138,154.60000000000372,203.25,0.24270516108186369,0.0035625979281742742,-0.035610630245128644,205.925,overripe
1763617649.6384108,1763617604.1607158,0.203,0.3,3,0,1,138,154.50000000000372,203.3,0.24198946427123763,0.003551668434917828,-0.03694219885287009,205.925,overripe
1763617649.729383,1763617604.1607158,0.203,0.3,4,1,1,138,154.40000000000373,203.35,0.2412470784417935,0.0035406567894249994,-0.03722344573260972,205.925,overripe
1763617649.7687025,1763617604.1607158,0.20400000000000001,0.3,5,0,1,138,154.30000000000373,203.25,0.24049911242169314,0.0035298639297741113,-0.036487296067101244,205.925,overripe
1763617649.8154535,1763617604.1607158,0.20400000000000001,0.3,4,0,1,138,154.20000000000374,203.3,0.23976600742990656,0.003519287147009306,-0.03576009925261059,205.925,overripe
1763617649.8803003,1763617604.1607158,0.203,0.3,4,0,1,138,154.10000000000375,203.15,0.23904757946060715,0.003508775043380079,-0.035544625371959154,205.925,overripe
1763617650.0847614,1763617604.1607158,0.20400000000000001,0.3,4,0,1,138,154.00000000000375,203.2,0.23833354482159191,0.0034985485142414647,-0.03458206777726791,205.925,overripe
1763617650.220757,1763617604.1607158,0.20400000000000001,0.3,4,0,1,138,153.90000000000376,203.2,0.23763890782985153,0.003488565012675796,-0.03376316930768952,205.925,overripe
1763617650.386888,1763617604.1607158,0.20400000000000001,0.3,4,0,1,138,153.80000000000376,203.25,0.2369607784860035,0.003478801228939897,-0.033022909224922486,205.925,overripe
1763617650.6324356,1763617604.1607158,0.203,0.3,4,0,1,138,153.70000000000377,203.35000000000002,0.23629757347574254,0.003469095691840602,-0.03282863884520204,205.925,overripe
1763617650.6898189,1763617604.1607158,0.2,0.3,3,0,1,138,153.60000000000377,203.35000000000002,0.23563832486827294,0.0034590730914501044,-0.03390385755300268,205.925,overripe
1763617650.8345375,1763617604.1607158,0.197,0.3,2,1,1,138,153.50000000000378,203.4,0.23495753973674838,0.0034485527863117277,-0.03559030607911323,205.925,overripe
1763617650.9576676,1763617604.1607158,0.199,0.3,5,1,1,138,153.40000000000379,203.5,0.23424294801022413,0.0034381902455903487,-0.035059331181406556,205.925,overripe
1763617651.0782912,1763617604.1607158,0.199,0.3,3,0,1,138,153.3000000000038,203.39999999999998,0.23353907243172448,0.0034280093953503424,-0.03444726401731568,205.925,overripe
1763617651.2401845,1763617604.1607158,0.2,0.3,4,0,1,138,153.2000000000038,203.39999999999998,0.23284753817917206,0.0034181678744498257,-0.03330163397196764,205.925,overripe
1763617651.4280756,1763617604.1607158,0.202,0.3,5,1,1,138,153.1000000000038,203.45,0.23217905287200444,0.0034088872176694417,-0.03140610076840222,205.925,overripe
1763617651.5423818,1763617604.1607158,0.20500000000000002,0.3,5,1,1,138,153.0000000000038,203.60000000000002,0.23154866426019688,0.003400418011733107,-0.028662188208395778,205.925,overripe
1763617651.5554132,1763617604.1607158,0.20500000000000002,0.3,3,0,1,138,152.9000000000038,203.65,0.23097339344697135,0.0033924316094996586,-0.02703015542107079,205.925,overripe
1763617651.868095,1763617604.1607158,0.20500000000000002,0.3,5,0,1,138,152.80000000000382,203.55,0.23043091707526436,0.0033847621371694667,-0.025959298062314062,205.925,overripe
1763617652.0680158,1763617604.1607158,0.20400000000000001,0.3,4,0,1,138,152.70000000000383,203.39999999999998,0.22990996816723605,0.00337717742214643,-0.025674158660760893,205.925,overripe
1763617652.2780237,1763617604.1607158,0.20400000000000001,0.3,4,0,1,138,152.60000000000383,203.2,0.2293947763992963,0.0033697105714184075,-0.025276871646058713,205.925,overripe
1763617652.5442336,1763617604.1607158,0.20500000000000002,0.3,4,0,1,138,152.50000000000384,203.15,0.22888759056359537,0.003362524299856336,-0.02432863818697656,205.925,overripe
1763617652.6116517,1763617604.1607158,0.20700000000000002,0.3,4,1,1,138,152.40000000000384,203.15,0.22839946306774164,0.003355843162185679,-0.02261998687943223,205.925,overripe
1763617652.6999595,1763617604.1607158,0.20700000000000002,0.3,4,0,1,138,152.30000000000385,203.15,0.22794564679146226,0.0033494767139613637,-0.02155590869730753,205.925,overripe
1763617652.7518442,1763617604.1607158,0.20700000000000002,0.3,4,0,1,138,152.20000000000385,203.15,0.22751320579582565,0.0033433284818513887,-0.02081833674874828,205.925,overripe
1763617652.7994587,1763617604.1607158,0.20700000000000002,0.3,4,1,1,138,152.10000000000386,203.10000000000002,0.2270955871297556,0.003337349000511215,-0.0202481526062169,205.925,overripe
1763617652.855575,1763617604.1607158,0.208,0.3,5,0,1,138,152.00000000000387,203.05,0.22668943085972432,0.0033316599784576307,-0.01926571359795498,205.925,overripe
1763617653.0092068,1763617604.1607158,0.208,0.3,5,1,1,138,151.90000000000387,203.05,0.22630300403673462,0.003326170468384855,-0.018591145405849968,205.925,overripe
1763617653.0841799,1763617604.1607158,0.21,0.3,4,1,1,138,151.80000000000388,203.05,0.2259301290650413,0.0033211291605101867,-0.01707419974959898,205.925,overripe
1763617653.1394944,1763617604.1607158,0.213,0.3,5,2,1,138,151.70000000000388,203.05,0.22558769822765445,0.0033168009850600678,-0.014659733569933275,205.925,overripe
1763617653.2385535,1763617604.1607158,0.216,0.3,5,1,1,138,151.6000000000039,202.89999999999998,0.22529370691020514,0.0033133085381457797,-0.011829724581344542,205.925,overripe
1763617653.5201638,1763617604.1607158,0.217,0.3,5,0,1,138,151.5000000000039,202.9,0.22505648245355211,0.0033104082434713762,-0.0098244912891218,205.925,overripe
1763617653.7208602,1763617604.1607158,0.218,0.3,6,0,1,138,151.4000000000039,202.9,0.22485947993779326,0.003307974805904748,-0.00824348435557809,205.925,overripe
1763617653.8836024,1763617604.1607158,0.218,0.3,4,0,1,138,151.3000000000039,202.8,0.22469418869108004,0.003305794548803901,-0.007386190899972445,205.925,overripe
1763617654.0337572,1763617604.1607158,0.218,0.3,4,0,1,138,151.2000000000039,202.7,0.22454609472750503,0.0033037602407159196,-0.006892095831951217,205.925,overripe
