Time,ReachedHoldTime,Force,DesiredForce,State,ActualWidth,CommandWidth,Proximity,RawFzL,RawFzR,ForcePrediction,SpringConstant,RLSError,BaselineWidth,Ripeness
1763622017.0030644,0,0.05,0.5,0,0,1,211,220,122.5,None,None,None,0.0,unknown
1763622017.0670137,0,0.05,0.5,1,0,1,209.33333333333334,219.9,115.0,None,None,None,0.0,unknown
1763622017.2282925,0,0.05,0.5,1,0,1,208.5,219.8,113.75,None,None,None,0.0,unknown
1763622017.2804494,0,0.04,0.5,0,0,1,208,219.70000000000002,112.0,None,None,None,0.0,unknown
1763622017.2968547,0,0.058333333333333334,0.5,2,1,1,207.66666666666666,219.60000000000002,111.66666666666667,None,None,None,0.0,unknown
1763622017.3837495,0,0.05,0.5,0,0,1,207.42857142857142,219.50000000000003,110.0,None,None,None,0.0,unknown
1763622017.5102408,0,0.04375,0.5,0,0,1,207.25,219.40000000000003,110.625,None,None,None,0.0,unknown
1763622017.5893123,0,0.044444444444444446,0.5,1,0,1,207.11111111111111,219.30000000000004,110.55555555555556,None,None,None,0.0,unknown
1763622017.6694934,0,0.04,0.5,0,0,1,207,219.20000000000005,110.5,None,None,None,0.0,unknown
1763622017.7313702,0,0.05,0.5,1,2,1,206.9090909090909,219.10000000000005,110.45454545454545,None,None,None,0.0,unknown
1763622017.84452,0,0.05,0.5,1,0,1,206.83333333333334,219.00000000000006,110.41666666666666,None,None,None,0.0,unknown
1763622017.9464223,0,0.05,0.5,1,0,1,206.6153846153846,218.90000000000006,110.76923076923077,None,None,None,0.0,unknown
1763622018.0998287,0,0.05714285714285714,0.5,2,1,1,206.57142857142858,218.80000000000007,110.71428571428572,None,None,None,0.0,unknown
1763622018.1541138,0,0.056666666666666664,0.5,1,0,1,206.53333333333333,218.70000000000007,110.0,None,None,None,0.0,unknown
1763622018.2295601,0,0.053125,0.5,0,0,1,206.5,218.60000000000008,110.3125,None,None,None,0.0,unknown
1763622018.317565,0,0.052941176470588235,0.5,1,0,1,206.47058823529412,218.50000000000009,110.0,None,None,None,0.0,unknown
1763622018.470511,0,0.05,0.5,0,0,1,206.44444444444446,218.4000000000001,110.27777777777777,None,None,None,0.0,unknown
1763622018.5333853,0,0.05,0.5,1,0,1,206.42105263157896,218.3000000000001,110.52631578947368,None,None,None,0.0,unknown
1763622018.6131587,0,0.05,0.5,1,0,1,206.4,218.2000000000001,110.25,None,None,None,0.0,unknown
1763622018.65126,0,0.05,0.5,1,0,1,206.38095238095238,218.1000000000001,110.47619047619048,None,None,None,0.0,unknown
1763622018.7342746,0,0.052272727272727276,0.5,1,1,1,206.36363636363637,218.0000000000001,110.45454545454545,None,None,None,0.0,unknown
1763622018.8053424,0,0.05,0.5,0,0,1,206.34782608695653,217.90000000000012,110.43478260869566,None,None,None,0.0,unknown
1763622018.8817122,0,0.05,0.5,1,0,1,206.33333333333334,217.80000000000013,110.20833333333334,None,None,None,0.0,unknown
1763622018.9902368,0,0.05,0.5,1,0,1,206.32,217.70000000000013,110.19999999999999,None,None,None,0.0,unknown
1763622019.0971286,0,0.05,0.5,1,0,1,206.30769230769232,217.60000000000014,110.19230769230771,None,None,None,0.0,unknown
1763622019.2241967,0,0.05,0.5,1,0,1,206.2962962962963,217.50000000000014,110.0,None,None,None,0.0,unknown
1763622019.286491,0,0.05178571428571429,0.5,2,0,1,206.28571428571428,217.40000000000015,110.17857142857143,None,None,None,0.0,unknown
1763622019.402571,0,0.05172413793103448,0.5,1,0,1,206.27586206896552,217.30000000000015,110.17241379310344,None,None,None,0.0,unknown
1763622019.4513826,0,0.05,0.5,0,0,1,206.26666666666668,217.20000000000016,110.16666666666667,None,None,None,0.0,unknown
1763622019.5952737,0,0.04838709677419355,0.5,0,0,1,206.25806451612902,217.10000000000016,110.16129032258064,None,None,None,0.0,unknown
1763622019.7754874,0,0.046875,0.5,0,0,1,206.25,217.00000000000017,110.0,None,None,None,0.0,unknown
1763622019.8322747,0,0.046969696969696974,0.5,1,0,1,206.24242424242425,216.90000000000018,109.84848484848484,None,None,None,0.0,unknown
1763622019.8833897,0,0.04558823529411765,0.5,0,0,1,206.23529411764707,216.80000000000018,109.70588235294117,None,None,None,0.0,unknown
1763622019.9623437,0,0.045714285714285714,0.5,1,0,1,206.22857142857143,216.7000000000002,109.71428571428571,None,None,None,0.0,unknown
1763622020.0173597,0,0.04583333333333334,0.5,1,0,1,206.22222222222223,216.6000000000002,109.44444444444446,None,None,None,0.0,unknown
1763622020.0296488,0,0.04594594594594595,0.5,1,0,1,206.21621621621622,216.5000000000002,109.45945945945945,None,None,None,0.0,unknown
1763622020.0447729,0,0.04736842105263158,0.5,2,0,1,206.21052631578948,216.4000000000002,109.60526315789474,None,None,None,0.0,unknown
1763622020.0906672,0,0.04871794871794872,0.5,1,1,1,206.2051282051282,216.3000000000002,109.35897435897436,None,None,None,0.0,unknown
1763622020.1195076,0,0.04875,0.5,1,0,1,206.2,216.20000000000022,109.5,None,None,None,0.0,unknown
1763622020.3133168,0,0.05,0.5,2,0,1,206.1951219512195,216.10000000000022,109.51219512195121,None,None,None,0.0,unknown
1763622020.4320185,0,0.05,0.5,1,0,1,206.1904761904762,216.00000000000023,109.52380952380953,None,None,None,0.0,unknown
1763622020.535393,0,0.05,0.5,1,0,1,206.1860465116279,215.90000000000023,109.53488372093022,None,None,None,0.0,unknown
1763622020.5644627,0,0.048863636363636366,0.5,0,0,1,206.1818181818182,215.80000000000024,109.54545454545453,None,None,None,0.0,unknown
1763622020.5987878,0,0.05,0.5,1,1,1,206.17777777777778,215.70000000000024,109.44444444444444,None,None,None,0.0,unknown
1763622020.715586,0,0.05,0.5,1,0,1,206.17391304347825,215.60000000000025,109.34782608695653,None,None,None,0.0,unknown
1763622020.742848,0,0.05,0.5,1,0,1,206.17021276595744,215.50000000000026,109.14893617021276,None,None,None,0.0,unknown
1763622020.9009824,0,0.05,0.5,1,0,1,206.16666666666666,215.40000000000026,109.16666666666667,None,None,None,0.0,unknown
1763622020.959189,0,0.05,0.5,1,0,1,206.3673469387755,215.30000000000027,109.18367346938776,None,None,None,0.0,unknown
1763622021.0387363,0,0.05,0.5,1,0,1,206.36,215.20000000000027,109.30000000000001,None,None,None,0.0,unknown
1763622021.1536756,0,0.049,0.5,1,0,1,206.35294117647058,215.10000000000028,109.31372549019608,None,None,None,0.0,unknown
1763622021.3670344,0,0.05,0.5,1,0,1,206.34615384615384,215.00000000000028,109.32692307692307,None,None,None,0.0,unknown
1763622021.415387,0,0.05,0.5,1,0,1,206.33962264150944,214.9000000000003,109.43396226415095,None,None,None,0.0,unknown
1763622021.5053382,0,0.05,0.5,1,0,1,206.33333333333334,214.8000000000003,109.53703703703704,None,None,None,0.0,unknown
1763622021.5853655,0,0.051000000000000004,0.5,1,0,1,206.3272727272727,214.7000000000003,109.63636363636364,None,None,None,0.0,unknown
1763622021.6534364,0,0.049,0.5,1,0,1,206.32142857142858,214.6000000000003,109.64285714285714,None,None,None,0.0,unknown
1763622021.8372393,0,0.05,0.5,1,0,1,206.31578947368422,214.5000000000003,109.56140350877192,None,None,None,0.0,unknown
1763622021.9047275,0,0.052000000000000005,0.5,2,0,1,206.31034482758622,214.40000000000032,109.48275862068967,None,None,None,0.0,unknown
1763622021.9765563,0,0.051000000000000004,0.5,0,0,1,206.27118644067798,214.30000000000032,109.49152542372882,None,None,None,0.0,unknown
1763622022.098597,0,0.051000000000000004,0.5,0,0,1,206.23333333333332,214.20000000000033,109.5,None,None,None,0.0,unknown
1763622022.2044327,0,0.05,0.5,2,0,1,206.2295081967213,214.10000000000034,109.42622950819673,None,None,None,0.0,unknown
1763622022.2738662,0,0.051000000000000004,0.5,2,0,1,206.2258064516129,214.00000000000034,109.43548387096774,None,None,None,0.0,unknown
1763622022.358061,0,0.051000000000000004,0.5,1,0,1,206.22222222222223,213.90000000000035,109.52380952380953,None,None,None,0.0,unknown
1763622022.416107,0,0.049,0.5,1,0,1,206.21875,213.80000000000035,109.453125,None,None,None,0.0,unknown
1763622022.5188234,0,0.049,0.5,1,0,1,206.2153846153846,213.70000000000036,109.46153846153847,None,None,None,0.0,unknown
1763622022.58455,0,0.05,0.5,1,0,1,206.21212121212122,213.60000000000036,109.46969696969697,None,None,None,0.0,unknown
1763622022.6467135,0,0.049,0.5,0,0,1,206.2089552238806,213.50000000000037,109.4776119402985,None,None,None,0.0,unknown
1763622022.820222,0,0.05,0.5,1,0,1,206.2058823529412,213.40000000000038,109.41176470588235,None,None,None,0.0,unknown
1763622022.8698072,0,0.05,0.5,1,0,1,206.20289855072463,213.30000000000038,109.42028985507247,None,None,None,0.0,unknown
1763622022.9017622,0,0.051000000000000004,0.5,2,0,1,206.2,213.2000000000004,109.35714285714286,None,None,None,0.0,unknown
1763622023.0882394,0,0.052000000000000005,0.5,1,1,1,206.19718309859155,213.1000000000004,109.22535211267606,None,None,None,0.0,unknown
1763622023.155822,0,0.052000000000000005,0.5,2,0,1,206.19444444444446,213.0000000000004,109.16666666666667,None,None,None,0.0,unknown
1763622023.2623808,0,0.054000000000000006,0.5,1,1,1,206.1917808219178,212.9000000000004,109.10958904109589,None,None,None,0.0,unknown
1763622023.3171375,0,0.053000000000000005,0.5,0,0,1,206.1891891891892,212.8000000000004,109.05405405405405,None,None,None,0.0,unknown
1763622023.4846413,0,0.053000000000000005,0.5,1,0,1,206.18666666666667,212.70000000000041,109.0,None,None,None,0.0,unknown
1763622023.4947648,0,0.053000000000000005,0.5,1,0,1,206.18421052631578,212.60000000000042,108.94736842105263,None,None,None,0.0,unknown
1763622023.6322217,0,0.054000000000000006,0.5,0,2,1,206.1818181818182,212.50000000000043,108.96103896103897,None,None,None,0.0,unknown
1763622023.814642,0,0.055,0.5,2,1,1,206.17948717948718,212.40000000000043,108.97435897435898,None,None,None,0.0,unknown
1763622023.9365513,0,0.056,0.5,1,1,1,206.1772151898734,212.30000000000044,108.9873417721519,None,None,None,0.0,unknown
1763622024.103001,0,0.057,0.5,1,0,1,206.15,212.20000000000044,108.9375,None,None,None,0.0,unknown
1763622024.2822287,0,0.057,0.5,0,0,1,206.14814814814815,212.10000000000045,108.9506172839506,None,None,None,0.0,unknown
1763622024.4065545,0,0.057,0.5,0,0,1,206.14634146341464,212.00000000000045,108.96341463414635,None,None,None,0.0,unknown
1763622024.5951507,0,0.058,0.5,1,1,1,206.14457831325302,211.90000000000046,108.91566265060241,None,None,None,0.0,unknown
1763622024.6531038,0,0.058,0.5,0,0,1,206.14285714285714,211.80000000000047,108.86904761904762,None,None,None,0.0,unknown
1763622024.7834716,0,0.059000000000000004,0.5,1,1,1,206.14117647058825,211.70000000000047,108.88235294117648,None,None,None,0.0,unknown
1763622024.8305917,0,0.060000000000000005,0.5,2,0,1,206.13953488372093,211.60000000000048,108.8953488372093,None,None,None,0.0,unknown
1763622024.978446,0,0.060000000000000005,0.5,1,0,1,206.13793103448276,211.50000000000048,108.9655172413793,None,None,None,0.0,unknown
1763622025.0500503,0,0.059000000000000004,0.5,1,0,1,206.13636363636363,211.4000000000005,108.97727272727272,None,None,None,0.0,unknown
1763622025.2330408,0,0.058,0.5,1,0,1,206.13483146067415,211.3000000000005,108.93258426966291,None,None,None,0.0,unknown
1763622025.2999334,0,0.058,0.5,1,0,1,206.13333333333333,211.2000000000005,108.94444444444444,None,None,None,0.0,unknown
1763622025.3955379,0,0.057,0.5,1,0,1,206.13186813186815,211.1000000000005,108.9010989010989,None,None,None,0.0,unknown
1763622025.5032306,0,0.056,0.5,0,0,1,206.1304347826087,211.0000000000005,108.91304347826086,None,None,None,0.0,unknown
1763622025.6647422,0,0.056,0.5,1,0,1,206.10752688172042,210.90000000000052,108.87096774193549,None,None,None,0.0,unknown
1763622025.7461991,0,0.057,0.5,1,0,1,206.10638297872342,210.80000000000052,108.82978723404256,None,None,None,0.0,unknown
1763622025.8183408,0,0.055,0.5,0,0,1,206.10526315789474,210.70000000000053,108.89473684210526,None,None,None,0.0,unknown
1763622026.020044,0,0.056,0.5,1,1,1,206.08333333333334,210.60000000000053,108.90625,None,None,None,0.0,unknown
1763622026.176497,0,0.057,0.5,1,1,1,206.08247422680412,210.50000000000054,108.86597938144331,None,None,None,0.0,unknown
1763622026.2835443,0,0.056,0.5,0,0,1,206.08163265306123,210.40000000000055,108.87755102040816,None,None,None,0.0,unknown
1763622026.350508,0,0.055,0.5,0,0,1,206.08080808080808,210.30000000000055,108.93939393939394,None,None,None,0.0,unknown
1763622026.5122726,0,0.056,0.5,1,1,1,206.08,210.20000000000056,109.1,None,None,None,0.0,unknown
1763622026.7406816,0,0.056,0.5,1,0,1,205.98,210.10000000000056,108.65,None,None,None,0.0,unknown
1763622026.7794595,0,0.055,0.5,0,0,1,205.98,210.00000000000057,108.8,None,None,None,0.0,unknown
1763622026.8159227,0,0.054,0.5,0,0,1,205.98,209.90000000000057,109.0,None,None,None,0.0,unknown
1763622026.8954556,0,0.053000000000000005,0.5,0,0,1,205.98,209.80000000000058,108.94999999999999,None,None,None,0.0,unknown
1763622026.9915133,0,0.053000000000000005,0.5,1,0,1,205.98,209.70000000000059,108.94999999999999,None,None,None,0.0,unknown
1763622027.2847369,0,0.052000000000000005,0.5,0,0,1,205.98,209.6000000000006,108.9,None,None,None,0.0,unknown
1763622027.3210487,0,0.051000000000000004,0.5,0,0,1,205.96,209.5000000000006,109.0,None,None,None,0.0,unknown
1763622027.4170737,0,0.049,0.5,0,0,1,205.96,209.4000000000006,108.89999999999999,None,None,None,0.0,unknown
1763622027.459287,0,0.05,0.5,1,0,1,205.96,209.3000000000006,108.95,None,None,None,0.0,unknown
1763622027.528463,0,0.05,0.5,0,0,1,205.96,209.2000000000006,108.89999999999999,None,None,None,0.0,unknown
1763622027.575947,0,0.048,0.5,0,0,1,205.85,209.10000000000062,108.9,None,None,None,0.0,unknown
1763622027.684982,0,0.046,0.5,0,0,1,205.74,209.00000000000063,109.25,None,None,None,0.0,unknown
1763622027.8898213,0,0.045000000000000005,0.5,0,0,1,205.65,208.90000000000063,109.10000000000001,None,None,None,0.0,unknown
1763622027.9400773,0,0.044000000000000004,0.5,0,0,1,205.54,208.80000000000064,109.05,None,None,None,0.0,unknown
1763622027.988538,0,0.044000000000000004,0.5,1,0,1,205.43,208.70000000000064,109.14999999999999,None,None,None,0.0,unknown
1763622028.1330805,0,0.044000000000000004,0.5,0,1,1,205.32,208.60000000000065,109.0,None,None,None,0.0,unknown
1763622028.2822635,0,0.045000000000000005,0.5,0,1,1,205.21,208.50000000000065,108.95,None,None,None,0.0,unknown
1763622028.3682542,0,0.045000000000000005,0.5,1,0,1,205.1,208.40000000000066,108.9,None,None,None,0.0,unknown
1763622028.4388044,0,0.044000000000000004,0.5,0,0,1,204.99,208.30000000000067,108.85,None,None,None,0.0,unknown
1763622028.5035176,0,0.042,0.5,0,0,1,204.99,208.20000000000067,108.85000000000001,None,None,None,0.0,unknown
1763622028.5568604,0,0.04,0.5,0,0,1,204.99,208.10000000000068,108.75,None,None,None,0.0,unknown
1763622028.7507403,0,0.04,0.5,2,0,1,204.99,208.00000000000068,108.69999999999999,None,None,None,0.0,unknown
1763622028.8821502,0,0.039,0.5,1,0,1,204.99,207.9000000000007,108.6,None,None,None,0.0,unknown
1763622028.975781,0,0.04,0.5,1,0,1,204.99,207.8000000000007,108.64999999999999,None,None,None,0.0,unknown
1763622029.1324964,0,0.04,0.5,1,0,1,204.99,207.7000000000007,108.6,None,None,None,0.0,unknown
1763622029.1574543,0,0.04,0.5,0,1,1,204.99,207.6000000000007,108.55,None,None,None,0.0,unknown
1763622029.43116,0,0.039,0.5,1,0,1,204.99,207.5000000000007,108.55000000000001,None,None,None,0.0,unknown
1763622029.5756524,0,0.036000000000000004,0.5,0,0,1,204.99,207.40000000000072,108.45,None,None,None,0.0,unknown
1763622029.7070444,0,0.035,0.5,1,0,1,205.09,207.30000000000072,108.4,None,None,None,0.0,unknown
1763622029.7443817,0,0.035,0.5,1,0,1,204.98,207.20000000000073,108.4,None,None,None,0.0,unknown
1763622029.867508,0,0.037000000000000005,0.5,1,1,1,204.73,207.10000000000073,108.35,None,None,None,0.0,unknown
1763622029.911304,0,0.037000000000000005,0.5,0,0,1,204.48,207.00000000000074,108.4,None,None,None,0.0,unknown
1763622030.0073004,0,0.035,0.5,0,0,1,204.27,206.90000000000074,108.4,None,None,None,0.0,unknown
1763622030.182611,0,0.035,0.5,0,0,1,204.06,206.80000000000075,108.45,None,None,None,0.0,unknown
1763622030.3015118,0,0.034,0.5,1,0,1,203.85,206.70000000000076,108.35,None,None,None,0.0,unknown
1763622030.4145927,0,0.033,0.5,1,0,1,203.64,206.60000000000076,108.44999999999999,None,None,None,0.0,unknown
1763622030.519493,0,0.034,0.5,2,0,1,203.39,206.50000000000077,108.44999999999999,None,None,None,0.0,unknown
1763622030.62114,0,0.033,0.5,0,0,1,203.18,206.40000000000077,108.3,None,None,None,0.0,unknown
1763622030.7639556,0,0.033,0.5,1,0,1,203,206.30000000000078,108.35,None,None,None,0.0,unknown
1763622030.859617,0,0.032,0.5,0,0,1,203,206.20000000000078,108.19999999999999,None,None,None,0.0,unknown
1763622030.9539557,0,0.032,0.5,1,0,1,203,206.1000000000008,108.05,None,None,None,0.0,unknown
1763622031.123029,0,0.033,0.5,0,1,1,203,206.0000000000008,108.0,None,None,None,0.0,unknown
1763622031.2293155,0,0.033,0.5,1,0,1,203,205.9000000000008,107.95,None,None,None,0.0,unknown
1763622031.2638,0,0.032,0.5,0,0,1,203,205.8000000000008,107.75,None,None,None,0.0,unknown
1763622031.3433423,0,0.032,0.5,0,0,1,203,205.7000000000008,107.75,None,None,None,0.0,unknown
1763622031.4531152,0,0.030000000000000002,0.5,0,0,1,203,205.60000000000082,107.65,None,None,None,0.0,unknown
1763622031.6095865,0,0.029,0.5,1,0,1,203,205.50000000000082,107.65,None,None,None,0.0,unknown
1763622031.7245247,0,0.029,0.5,0,0,1,203,205.40000000000083,107.45,None,None,None,0.0,unknown
1763622031.7593067,0,0.029,0.5,0,0,1,202.9,205.30000000000084,107.3,None,None,None,0.0,unknown
1763622031.81771,0,0.029,0.5,1,1,1,202.9,205.20000000000084,107.25,None,None,None,0.0,unknown
1763622031.9755135,0,0.029,0.5,0,1,1,202.69,205.10000000000085,107.25,None,None,None,0.0,unknown
1763622032.1561987,0,0.029,0.5,0,0,1,202.48,205.00000000000085,107.15,None,None,None,0.0,unknown
1763622032.2915015,0,0.030000000000000002,0.5,0,1,1,202.27,204.90000000000086,107.05,None,None,None,0.0,unknown
1763622032.5407767,0,0.031000000000000003,0.5,1,0,1,202.06,204.80000000000086,106.95,None,None,None,0.0,unknown
1763622032.5968487,0,0.030000000000000002,0.5,0,0,1,201.81,204.70000000000087,106.7,None,None,None,0.0,unknown
1763622032.7909327,0,0.030000000000000002,0.5,0,0,1,201.6,204.60000000000088,106.65,None,None,None,0.0,unknown
1763622032.8656585,0,0.031000000000000003,0.5,1,0,1,201.39,204.50000000000088,106.55,None,None,None,0.0,unknown
1763622032.8928416,0,0.031000000000000003,0.5,0,0,1,201.18,204.4000000000009,106.5,None,None,None,0.0,unknown
1763622033.0195117,0,0.031000000000000003,0.5,1,0,1,200.95,204.3000000000009,106.35,None,None,None,0.0,unknown
1763622033.055803,0,0.033,0.5,2,0,1,200.86,204.2000000000009,106.25,None,None,None,0.0,unknown
1763622033.2023714,0,0.034,0.5,0,1,1,200.86,204.1000000000009,106.25,None,None,None,0.0,unknown
1763622033.253021,0,0.034,0.5,0,0,1,200.86,204.0000000000009,106.19999999999999,None,None,None,0.0,unknown
1763622033.34993,0,0.035,0.5,1,0,1,200.86,203.90000000000092,106.0,None,None,None,0.0,unknown
1763622033.3920398,0,0.036000000000000004,0.5,1,0,1,200.86,203.80000000000092,105.95,None,None,None,0.0,unknown
1763622033.483662,0,0.036000000000000004,0.5,1,0,1,200.86,203.70000000000093,105.85000000000001,None,None,None,0.0,unknown
1763622033.6009915,0,0.035,0.5,0,0,1,200.86,203.60000000000093,105.80000000000001,None,None,None,0.0,unknown
1763622033.6351213,0,0.035,0.5,1,0,1,200.86,203.50000000000094,105.7,None,None,None,0.0,unknown
1763622033.7551398,0,0.036000000000000004,0.5,1,1,1,200.86,203.40000000000094,105.64999999999999,None,None,None,0.0,unknown
1763622033.779561,0,0.037000000000000005,0.5,0,1,1,200.86,203.30000000000095,105.55,None,None,None,0.0,unknown
1763622033.9408865,0,0.037000000000000005,0.5,0,0,1,200.61,203.20000000000095,105.55,None,None,None,0.0,unknown
1763622034.0300553,0,0.037000000000000005,0.5,0,0,1,200.36,203.10000000000096,105.6,None,None,None,0.0,unknown
1763622034.0556185,0,0.036000000000000004,0.5,0,1,1,200.15,203.00000000000097,105.55,None,None,None,0.0,unknown
1763622034.0943406,0,0.036000000000000004,0.5,1,0,1,199.94,202.90000000000097,105.5,None,None,None,0.0,unknown
1763622034.3102546,0,0.036000000000000004,0.5,0,1,1,199.69,202.80000000000098,105.35,None,None,None,0.0,unknown
1763622034.436246,0,0.035,0.5,0,0,1,199.48,202.70000000000098,105.25,None,None,None,0.0,unknown
1763622034.4587123,0,0.035,0.5,0,1,1,199.27,202.600000000001,105.19999999999999,None,None,None,0.0,unknown
1763622034.6736596,0,0.035,0.5,1,0,1,199.06,202.500000000001,105.05,None,None,None,0.0,unknown
1763622034.8560777,0,0.035,0.5,0,0,1,198.85,202.400000000001,104.95,None,None,None,0.0,unknown
1763622034.9864156,0,0.034,0.5,0,0,1,198.64,202.300000000001,104.9,None,None,None,0.0,unknown
1763622035.0487726,0,0.033,0.5,0,0,1,198.55,202.200000000001,104.8,None,None,None,0.0,unknown
1763622035.2103786,0,0.032,0.5,1,0,1,198.44,202.10000000000102,104.75,None,None,None,0.0,unknown
1763622035.2801442,0,0.032,0.5,0,0,1,198.44,202.00000000000102,104.7,None,None,None,0.0,unknown
1763622035.4155798,0,0.032,0.5,0,0,1,198.44,201.90000000000103,104.6,None,None,None,0.0,unknown
1763622035.5315518,0,0.032,0.5,0,0,1,198.44,201.80000000000103,104.6,None,None,None,0.0,unknown
1763622035.7214966,0,0.031000000000000003,0.5,0,0,1,198.44,201.70000000000104,104.6,None,None,None,0.0,unknown
1763622035.7732384,0,0.030000000000000002,0.5,0,0,1,198.44,201.60000000000105,104.5,None,None,None,0.0,unknown
1763622035.8921409,0,0.029,0.5,0,1,1,198.44,201.50000000000105,104.39999999999999,None,None,None,0.0,unknown
1763622036.0555706,0,0.030000000000000002,0.5,0,1,1,198.44,201.40000000000106,104.19999999999999,None,None,None,0.0,unknown
1763622036.1716185,0,0.030000000000000002,0.5,0,1,1,198.44,201.30000000000106,104.15,None,None,None,0.0,unknown
1763622036.4951882,0,0.030000000000000002,0.5,0,0,1,198.23,201.20000000000107,104.05,None,None,None,0.0,unknown
1763622036.565283,0,0.031000000000000003,0.5,1,1,1,198.02,201.10000000000107,103.9,None,None,None,0.0,unknown
1763622036.6472223,0,0.030000000000000002,0.5,0,0,1,197.81,201.00000000000108,103.80000000000001,None,None,None,0.0,unknown
1763622036.6847112,0,0.029,0.5,0,0,1,197.62,200.90000000000109,103.64999999999999,None,None,None,0.0,unknown
1763622036.8315914,0,0.032,0.5,1,2,1,197.37,200.8000000000011,103.5,None,None,None,0.0,unknown
1763622036.9602516,0,0.032,0.5,0,0,1,197.16,200.7000000000011,103.35,None,None,None,0.0,unknown
1763622037.0375595,0,0.034,0.5,1,1,1,196.97,200.6000000000011,103.3,None,None,None,0.0,unknown
1763622037.047764,0,0.033,0.5,0,0,1,196.76,200.5000000000011,103.25,None,None,None,0.0,unknown
1763622037.0578392,0,0.033,0.5,0,0,1,196.55,200.4000000000011,103.15,None,None,None,0.0,unknown
1763622037.0686467,0,0.034,0.5,1,0,1,196.34,200.30000000000112,103.0,None,None,None,0.0,unknown
1763622037.0797684,0,0.033,0.5,1,0,1,196.13,200.20000000000113,102.75,None,None,None,0.0,unknown
1763622037.095057,0,0.035,0.5,2,1,1,195.92,200.10000000000113,102.75,None,None,None,0.0,unknown
1763622037.1052165,0,0.035,0.5,0,0,1,195.71,200.00000000000114,102.60000000000001,None,None,None,0.0,unknown
1763622037.116535,0,0.034,0.5,0,0,1,195.5,199.90000000000114,102.45,None,None,None,0.0,unknown
1763622037.1292272,0,0.035,0.5,2,0,1,195.29,199.80000000000115,102.45,None,None,None,0.0,unknown
1763622037.1426845,0,0.035,0.5,0,0,1,195.08,199.70000000000115,102.4,None,None,None,0.0,unknown
1763622037.1527495,0,0.035,0.5,0,0,1,194.87,199.60000000000116,102.35000000000001,None,None,None,0.0,unknown
1763622037.1636786,0,0.034,0.5,0,0,1,194.68,199.50000000000117,102.25,None,None,None,0.0,unknown
1763622037.1737518,0,0.034,0.5,0,0,1,194.47,199.40000000000117,102.15,None,None,None,0.0,unknown
1763622037.1841877,0,0.035,0.5,1,1,1,194.22,199.30000000000118,101.9,None,None,None,0.0,unknown
1763622037.1955953,0,0.035,0.5,1,1,1,194.08,199.20000000000118,101.80000000000001,None,None,None,0.0,unknown
1763622037.2077236,0,0.035,0.5,0,1,1,193.98,199.1000000000012,101.69999999999999,None,None,None,0.0,unknown
1763622037.2199068,0,0.038,0.5,1,2,1,193.88,199.0000000000012,101.25,None,None,None,0.0,unknown
1763622037.3222892,0,0.038,0.5,0,1,1,193.88,198.9000000000012,101.2,None,None,None,0.0,unknown
1763622037.4527762,0,0.037,0.5,0,0,1,193.71,198.8000000000012,101.15,None,None,None,0.0,unknown
1763622037.5889876,0,0.037,0.5,0,1,1,193.54,198.7000000000012,101.05,None,None,None,0.0,unknown
1763622037.7662792,0,0.038,0.5,0,1,1,193.37,198.60000000000122,101.0,None,None,None,0.0,unknown
1763622037.8612351,0,0.037,0.5,0,0,1,193.2,198.50000000000122,101.05,None,None,None,0.0,unknown
1763622037.9901538,0,0.036000000000000004,0.5,1,0,1,193.03,198.40000000000123,100.9,None,None,None,0.0,unknown
1763622038.0278199,0,0.037,0.5,2,0,1,192.86,198.30000000000123,100.7,None,None,None,0.0,unknown
1763622038.0773685,0,0.037,0.5,0,0,1,192.58,198.20000000000124,100.64999999999999,None,None,None,0.0,unknown
1763622038.1255207,0,0.039,0.5,1,1,1,192.3,198.10000000000124,100.55,None,None,None,0.0,unknown
1763622038.2777872,0,0.039,0.5,1,0,1,192.19,198.00000000000125,100.5,None,None,None,0.0,unknown
1763622038.418427,0,0.038,0.5,0,0,1,192.08,197.90000000000126,100.45,None,None,None,0.0,unknown
1763622038.6211429,0,0.038,0.5,0,1,1,191.97,197.80000000000126,100.3,None,None,None,0.0,unknown
1763622038.8279343,0,0.038,0.5,0,0,1,191.86,197.70000000000127,100.19999999999999,None,None,None,0.0,unknown
1763622038.961847,0,0.037,0.5,0,0,1,191.75,197.60000000000127,100.15,None,None,None,0.0,unknown
1763622039.0218184,0,0.036000000000000004,0.5,0,0,1,191.64,197.50000000000128,100.05,None,None,None,0.0,unknown
1763622039.2011526,0,0.037,0.5,1,0,1,191.53,197.40000000000128,100.0,None,None,None,0.0,unknown
1763622039.24046,0,0.038,0.5,0,1,1,191.32,197.3000000000013,99.94999999999999,None,None,None,0.0,unknown
1763622039.333487,0,0.038,0.5,0,0,1,191.32,197.2000000000013,99.8,None,None,None,0.0,unknown
1763622039.4745984,0,0.039,0.5,1,1,1,191.29,197.1000000000013,99.75,None,None,None,0.0,unknown
1763622039.7502744,0,0.039,0.5,0,0,1,191.26,197.0000000000013,99.75,None,None,None,0.0,unknown
1763622039.850829,0,0.039,0.5,0,0,1,191.19,196.9000000000013,99.7,None,None,None,0.0,unknown
1763622039.9412847,0,0.04,0.5,0,1,1,191.12,196.80000000000132,99.5,None,None,None,0.0,unknown
1763622040.0201278,0,0.04,0.5,0,0,1,191.05,196.70000000000132,99.5,None,None,None,0.0,unknown
1763622040.1735024,0,0.041,0.5,0,1,1,190.98,196.60000000000133,99.45,None,None,None,0.0,unknown
1763622040.2363925,0,0.041,0.5,1,0,1,190.95,196.50000000000134,99.39999999999999,None,None,None,0.0,unknown
1763622040.3729465,0,0.041,0.5,0,1,1,190.88,196.40000000000134,99.35,None,None,None,0.0,unknown
1763622040.4024274,0,0.041,0.5,1,0,1,190.78,196.30000000000135,99.39999999999999,None,None,None,0.0,unknown
1763622040.4498243,0,0.041,0.5,0,0,1,190.5,196.20000000000135,99.44999999999999,None,None,None,0.0,unknown
1763622040.5439754,0,0.039,0.5,0,0,1,190.22,196.10000000000136,99.5,None,None,None,0.0,unknown
1763622040.645565,0,0.041,0.5,1,1,1,190.11,196.00000000000136,99.5,None,None,None,0.0,unknown
1763622040.7171009,0,0.041,0.5,0,0,1,190,195.90000000000137,99.44999999999999,None,None,None,0.0,unknown
1763622040.8237586,0,0.039,0.5,0,1,1,189.89,195.80000000000138,99.60000000000001,None,None,None,0.0,unknown
1763622040.9022894,0,0.039,0.5,0,0,1,189.78,195.70000000000138,99.55,None,None,None,0.0,unknown
1763622041.0412834,0,0.037,0.5,0,0,1,189.67,195.6000000000014,99.65,None,None,None,0.0,unknown
1763622041.0643983,0,0.037,0.5,0,0,1,189.56,195.5000000000014,99.65,None,None,None,0.0,unknown
1763622041.3314714,0,0.039,0.5,1,1,1,189.45,195.4000000000014,99.8,None,None,None,0.0,unknown
1763622041.4495902,0,0.039,0.5,1,0,1,189.38,195.3000000000014,99.8,None,None,None,0.0,unknown
1763622041.7447352,0,0.038,0.5,0,0,1,189.1,195.2000000000014,99.65,None,None,None,0.0,unknown
1763622041.9017642,0,0.035,0.5,0,0,1,189.03,195.10000000000142,99.55,None,None,None,0.0,unknown
1763622042.004268,0,0.036000000000000004,0.5,1,0,1,188.96,195.00000000000142,99.55,None,None,None,0.0,unknown
1763622042.0964422,0,0.037000000000000005,0.5,0,1,1,188.89,194.90000000000143,99.55,None,None,None,0.0,unknown
1763622042.1751215,0,0.036000000000000004,0.5,0,1,1,188.82,194.80000000000143,99.45,None,None,None,0.0,unknown
1763622042.2506843,0,0.036000000000000004,0.5,0,0,1,188.79,194.70000000000144,99.5,None,None,None,0.0,unknown
1763622042.420609,0,0.036000000000000004,0.5,0,0,1,188.72,194.60000000000144,99.45,None,None,None,0.0,unknown
1763622042.5615406,0,0.038,0.5,1,1,1,188.65,194.50000000000145,99.5,None,None,None,0.0,unknown
1763622042.7465281,0,0.039,0.5,0,1,1,188.58,194.40000000000146,99.5,None,None,None,0.0,unknown
1763622042.9926083,0,0.038,0.5,0,1,1,188.72,194.30000000000146,99.60000000000001,None,None,None,0.0,unknown
1763622043.0703042,0,0.037000000000000005,0.5,0,1,1,188.72,194.20000000000147,99.60000000000001,None,None,None,0.0,unknown
1763622043.1951127,0,0.036000000000000004,0.5,0,0,1,188.61,194.10000000000147,99.55,None,None,None,0.0,unknown
1763622043.2588425,0,0.033,0.5,0,0,1,188.5,194.00000000000148,99.6,None,None,None,0.0,unknown
1763622043.3877816,0,0.032,0.5,0,0,1,188.39,193.90000000000148,99.55,None,None,None,0.0,unknown
1763622043.405787,0,0.033,0.5,1,0,1,188.28,193.8000000000015,99.45,None,None,None,0.0,unknown
1763622043.5155451,0,0.033,0.5,0,1,1,188.17,193.7000000000015,99.45,None,None,None,0.0,unknown
1763622043.685115,0,0.033,0.5,1,0,1,188.06,193.6000000000015,99.4,None,None,None,0.0,unknown
1763622043.7981782,0,0.034,0.5,0,1,1,187.95,193.5000000000015,99.4,None,None,None,0.0,unknown
1763622043.9201066,0,0.033,0.5,0,0,1,187.84,193.4000000000015,99.45,None,None,None,0.0,unknown
1763622043.9816186,0,0.031000000000000003,0.5,0,0,1,187.73,193.30000000000152,99.5,None,None,None,0.0,unknown
1763622044.0521684,0,0.032,0.5,1,0,1,187.91,193.20000000000152,99.4,None,None,None,0.0,unknown
1763622044.10182,0,0.032,0.5,2,0,1,188.05,193.10000000000153,99.4,None,None,None,0.0,unknown
1763622044.1698945,0,0.033,0.5,2,0,1,187.98,193.00000000000153,99.45,None,None,None,0.0,unknown
1763622044.374331,0,0.034,0.5,0,1,1,187.91,192.90000000000154,99.45,None,None,None,0.0,unknown
1763622044.5285852,0,0.034,0.5,1,0,1,187.88,192.80000000000155,99.64999999999999,None,None,None,0.0,unknown
1763622044.56875,0,0.035,0.5,1,0,1,187.81,192.70000000000155,99.8,None,None,None,0.0,unknown
1763622044.6578488,0,0.036000000000000004,0.5,1,0,1,187.74,192.60000000000156,99.8,None,None,None,0.0,unknown
1763622044.784076,0,0.037000000000000005,0.5,1,0,1,187.67,192.50000000000156,99.85000000000001,None,None,None,0.0,unknown
1763622044.837742,0,0.036000000000000004,0.5,0,0,1,187.6,192.40000000000157,99.85000000000001,None,None,None,0.0,unknown
1763622044.8699057,0,0.035,0.5,0,0,1,187.53,192.30000000000157,99.85000000000001,None,None,None,0.0,unknown
1763622044.9823644,0,0.035,0.5,0,0,1,187.36,192.20000000000158,99.89999999999999,None,None,None,0.0,unknown
1763622045.191582,0,0.034,0.5,1,0,1,187.36,192.1000000000016,99.85,None,None,None,0.0,unknown
1763622045.3561742,0,0.035,0.5,1,0,1,187.25,192.0000000000016,99.9,None,None,None,0.0,unknown
1763622045.4101303,0,0.036000000000000004,0.5,0,1,1,187.14,191.9000000000016,100.0,None,None,None,0.0,unknown
1763622045.598754,0,0.035,0.5,0,0,1,187.03,191.8000000000016,100.0,None,None,None,0.0,unknown
1763622045.6489165,0,0.036000000000000004,0.5,1,0,1,186.92,191.7000000000016,99.89999999999999,None,None,None,0.0,unknown
1763622045.8166378,0,0.035,0.5,0,0,1,186.81,191.60000000000161,99.95,None,None,None,0.0,unknown
1763622045.9230347,0,0.035,0.5,1,0,1,186.7,191.50000000000162,99.9,None,None,None,0.0,unknown
1763622046.019686,0,0.034,0.5,0,0,1,186.59,191.40000000000163,100.0,None,None,None,0.0,unknown
1763622046.0997283,0,0.034,0.5,0,1,1,186.31,191.30000000000163,99.9,None,None,None,0.0,unknown
1763622046.18887,0,0.035,0.5,0,1,1,186.24,191.20000000000164,100.0,None,None,None,0.0,unknown
1763622046.2860136,0,0.036000000000000004,0.5,1,0,1,186.17,191.10000000000164,100.14999999999999,None,None,None,0.0,unknown
1763622046.5645583,0,0.035,0.5,1,0,1,186.1,191.00000000000165,100.25,None,None,None,0.0,unknown
1763622046.6733034,0,0.036000000000000004,0.5,1,0,1,186.03,190.90000000000165,100.5,None,None,None,0.0,unknown
1763622046.7581847,0,0.035,0.5,0,0,1,186,190.80000000000166,100.55,None,None,None,0.0,unknown
1763622046.9160771,0,0.035,0.5,0,0,1,185.93,190.70000000000167,100.64999999999999,None,None,None,0.0,unknown
1763622047.0135212,0,0.035,0.5,0,0,1,185.86,190.60000000000167,100.6,None,None,None,0.0,unknown
1763622047.0728757,0,0.036000000000000004,0.5,1,0,1,185.79,190.50000000000168,100.55,None,None,None,0.0,unknown
1763622047.2693448,0,0.035,0.5,1,0,1,185.72,190.40000000000168,100.64999999999999,None,None,None,0.0,unknown
1763622047.2826579,0,0.035,0.5,1,0,1,185.65,190.3000000000017,100.75,None,None,None,0.0,unknown
1763622047.3059344,0,0.035,0.5,0,0,1,185.58,190.2000000000017,100.75,None,None,None,0.0,unknown
1763622047.3623753,0,0.036000000000000004,0.5,1,0,1,185.51,190.1000000000017,100.8,None,None,None,0.0,unknown
1763622047.4281003,0,0.035,0.5,0,0,1,185.44,190.0000000000017,100.8,None,None,None,0.0,unknown
1763622047.5045886,0,0.035,0.5,1,0,1,185.54,189.9000000000017,100.75,None,None,None,0.0,unknown
1763622047.5395458,0,0.034,0.5,0,0,1,185.64,189.80000000000172,100.75,None,None,None,0.0,unknown
1763622047.7640057,0,0.034,0.5,0,0,1,185.74,189.70000000000172,100.7,None,None,None,0.0,unknown
1763622047.8259363,0,0.034,0.5,0,0,1,185.84,189.60000000000173,100.65,None,None,None,0.0,unknown
1763622047.9196033,0,0.033,0.5,1,0,1,185.94,189.50000000000173,100.55000000000001,None,None,None,0.0,unknown
1763622048.0298455,0,0.032,0.5,0,0,1,186.04,189.40000000000174,100.7,None,None,None,0.0,unknown
1763622048.0602388,0,0.032,0.5,1,0,1,186.18,189.30000000000175,100.8,None,None,None,0.0,unknown
1763622048.1678853,0,0.032,0.5,0,1,1,186.25,189.20000000000175,100.85,None,None,None,0.0,unknown
1763622048.2928708,0,0.032,0.5,0,0,1,186.02,189.10000000000176,101.05,None,None,None,0.0,unknown
1763622048.4533904,0,0.034,0.5,1,1,1,185.79,189.00000000000176,101.14999999999999,None,None,None,0.0,unknown
1763622048.6130178,0,0.035,0.5,1,0,1,185.46,188.90000000000177,101.3,None,None,None,0.0,unknown
1763622048.7422166,0,0.035,0.5,1,0,1,185.34,188.80000000000177,101.45,None,None,None,0.0,unknown
1763622048.8996513,0,0.035,0.5,0,1,1,185.18,188.70000000000178,101.65,None,None,None,0.0,unknown
1763622048.9485586,0,0.035,0.5,1,0,1,185.02,188.60000000000178,101.85,None,None,None,0.0,unknown
1763622048.9776304,0,0.034,0.5,0,0,1,184.9,188.5000000000018,102.10000000000001,None,None,None,0.0,unknown
1763622049.126606,0,0.034,0.5,0,0,1,184.74,188.4000000000018,102.3,None,None,None,0.0,unknown
1763622049.256536,0,0.035,0.5,1,0,1,184.81,188.3000000000018,102.45,None,None,None,0.0,unknown
1763622049.5130084,0,0.034,0.5,0,0,1,184.88,188.2000000000018,102.5,None,None,None,0.0,unknown
1763622049.5877917,0,0.032,0.5,0,0,1,184.95,188.1000000000018,102.6,None,None,None,0.0,unknown
1763622049.7263613,0,0.030000000000000002,0.5,0,0,1,184.85,188.00000000000182,102.64999999999999,None,None,None,0.0,unknown
1763622049.8304706,0,0.030000000000000002,0.5,0,1,1,184.75,187.90000000000182,102.80000000000001,None,None,None,0.0,unknown
1763622049.9519365,0,0.030000000000000002,0.5,1,0,1,184.61,187.80000000000183,102.8,None,None,None,0.0,unknown
1763622050.0913267,0,0.029,0.5,0,0,1,184.51,187.70000000000184,102.85,None,None,None,0.0,unknown
1763622050.1463547,0,0.029,0.5,1,0,1,184.41,187.60000000000184,102.85,None,None,None,0.0,unknown
1763622050.2541573,0,0.028,0.5,0,0,1,184.31,187.50000000000185,102.89999999999999,None,None,None,0.0,unknown
1763622050.2923439,0,0.029,0.5,1,0,1,184.17,187.40000000000185,103.0,None,None,None,0.0,unknown
1763622050.331083,0,0.030000000000000002,0.5,0,1,1,184.07,187.30000000000186,102.94999999999999,None,None,None,0.0,unknown
1763622050.4467845,0,0.030000000000000002,0.5,0,0,1,183.97,187.20000000000186,103.0,None,None,None,0.0,unknown
1763622050.6496804,0,0.029,0.5,0,0,1,183.81,187.10000000000187,103.05,None,None,None,0.0,unknown
1763622050.7768474,0,0.029,0.5,0,1,1,183.65,187.00000000000188,102.95,None,None,None,0.0,unknown
1763622050.905646,0,0.028,0.5,0,0,1,183.46,186.90000000000188,102.95,None,None,None,0.0,unknown
1763622050.9599922,0,0.028,0.5,0,0,1,183.27,186.8000000000019,103.1,None,None,None,0.0,unknown
1763622051.0555212,0,0.028,0.5,0,1,1,183.11,186.7000000000019,103.19999999999999,None,None,None,0.0,unknown
1763622051.1451106,0,0.029,0.5,1,0,1,182.95,186.6000000000019,103.3,None,None,None,0.0,unknown
1763622051.253211,0,0.028,0.5,0,0,1,182.79,186.5000000000019,103.25,None,None,None,0.0,unknown
1763622051.3004787,0,0.029,0.5,1,0,1,182.63,186.4000000000019,103.30000000000001,None,None,None,0.0,unknown
1763622051.3495295,0,0.030000000000000002,0.5,1,1,1,182.47,186.30000000000192,103.30000000000001,None,None,None,0.0,unknown
1763622051.3705373,0,0.029,0.5,0,0,1,182.35,186.20000000000192,103.3,None,None,None,0.0,unknown
1763622051.490069,0,0.028,0.5,0,0,1,182.35,186.10000000000193,103.3,None,None,None,0.0,unknown
1763622051.6082509,0,0.028,0.5,0,1,1,182.25,186.00000000000193,103.3,None,None,None,0.0,unknown
1763622051.7116463,0,0.028,0.5,1,0,1,182.15,185.90000000000194,103.35,None,None,None,0.0,unknown
1763622051.7604966,0,0.030000000000000002,0.5,1,1,1,182.05,185.80000000000194,103.3,None,None,None,0.0,unknown
1763622051.8481317,0,0.030000000000000002,0.5,0,0,1,181.95,185.70000000000195,103.3,None,None,None,0.0,unknown
1763622051.9682503,0,0.032,0.5,2,0,1,181.81,185.60000000000196,103.3,None,None,None,0.0,unknown
1763622052.084134,0,0.032,0.5,1,0,1,181.71,185.50000000000196,103.25,None,None,None,0.0,unknown
1763622052.2476904,0,0.032,0.5,1,0,1,181.57,185.40000000000197,103.19999999999999,None,None,None,0.0,unknown
1763622052.4926512,0,0.033,0.5,2,0,1,181.2,185.30000000000197,103.4,None,None,None,0.0,unknown
1763622052.625214,0,0.036000000000000004,0.5,2,1,1,181.04,185.20000000000198,103.6,None,None,None,0.0,unknown
1763622052.718327,0,0.037000000000000005,0.5,2,0,1,180.88,185.10000000000198,103.75,None,None,None,0.0,unknown
1763622052.8406968,0,0.039,0.5,2,0,1,180.72,185.000000000002,103.9,None,None,None,0.0,unknown
1763622052.9161396,0,0.038,0.5,0,0,1,180.56,184.900000000002,104.05000000000001,None,None,None,0.0,unknown
1763622052.9763312,0,0.039,0.5,1,0,1,180.4,184.800000000002,104.25,None,None,None,0.0,unknown
1763622052.9977238,0,0.04,0.5,1,0,1,180.24,184.700000000002,104.45,None,None,None,0.0,unknown
1763622053.047136,0,0.041,0.5,1,0,1,180.08,184.600000000002,104.7,None,None,None,0.0,unknown
1763622053.2953415,0,0.042,0.5,2,0,1,179.92,184.50000000000202,104.9,None,None,None,0.0,unknown
1763622053.3354118,0,0.042,0.5,0,0,1,179.8,184.40000000000202,105.0,None,None,None,0.0,unknown
1763622053.4707909,0,0.042,0.5,1,0,1,179.54,184.30000000000203,105.1,None,None,None,0.0,unknown
1763622053.5848188,0,0.041,0.5,0,0,1,179.44,184.20000000000203,105.2,None,None,None,0.0,unknown
1763622053.7142005,0,0.043000000000000003,0.5,2,0,1,179.34,184.10000000000204,105.2,None,None,None,0.0,unknown
1763622053.783255,0,0.043000000000000003,0.5,1,1,1,179.24,184.00000000000205,105.2,None,None,None,0.0,unknown
1763622053.9671905,0,0.043000000000000003,0.5,1,0,1,179.14,183.90000000000205,105.3,None,None,None,0.0,unknown
1763622053.99454,0,0.043000000000000003,0.5,1,0,1,179.04,183.80000000000206,105.4,None,None,None,0.0,unknown
1763622054.0771682,0,0.045000000000000005,0.5,2,1,1,178.9,183.70000000000206,105.44999999999999,None,None,None,0.0,unknown
1763622054.1020696,0,0.046,0.5,2,0,1,178.8,183.60000000000207,105.5,None,None,None,0.0,unknown
1763622054.2042866,0,0.047,0.5,1,0,1,178.7,183.50000000000207,105.5,None,None,None,0.0,unknown
1763622054.3419018,0,0.048,0.5,0,1,1,178.6,183.40000000000208,105.55,None,None,None,0.0,unknown
1763622054.4115076,0,0.047,0.5,0,0,1,178.5,183.3000000000021,105.55,None,None,None,0.0,unknown
1763622054.4524703,0,0.048,0.5,1,0,1,178.36,183.2000000000021,105.6,None,None,None,0.0,unknown
1763622054.6212077,0,0.049,0.5,1,0,1,178.07,183.1000000000021,105.65,None,None,None,0.0,unknown
1763622054.6972637,0,0.049,0.5,0,0,1,177.91,183.0000000000021,105.75,None,None,None,0.0,unknown
1763622054.773547,0,0.048,0.5,0,0,1,177.75,182.9000000000021,105.95,None,None,None,0.0,unknown
1763622054.8048844,0,0.047,0.5,0,0,1,177.59,182.80000000000211,105.9,None,None,None,0.0,unknown
1763622054.8435793,0,0.049,0.5,2,0,1,177.47,182.70000000000212,105.85,None,None,None,0.0,unknown
1763622054.9078808,0,0.05,0.5,2,0,1,177.31,182.60000000000213,105.89999999999999,None,None,None,0.0,unknown
1763622054.9639895,0,0.051000000000000004,0.5,1,0,1,177.15,182.50000000000213,105.95,None,None,None,0.0,unknown
1763622055.0820255,0,0.051000000000000004,0.5,1,0,1,176.99,182.40000000000214,106.05000000000001,None,None,None,0.0,unknown
1763622055.1406887,0,0.051000000000000004,0.5,1,0,1,176.83,182.30000000000214,106.05,None,None,None,0.0,unknown
1763622055.173478,0,0.051000000000000004,0.5,0,0,1,176.67,182.20000000000215,106.14999999999999,None,None,None,0.0,unknown
1763622055.3086267,0,0.052000000000000005,0.5,1,0,1,176.57,182.10000000000215,106.1,None,None,None,0.0,unknown
1763622055.3504658,0,0.053000000000000005,0.5,1,1,1,176.47,182.00000000000216,105.95,None,None,None,0.0,unknown
1763622055.458063,0,0.055,0.5,2,0,1,176.37,181.90000000000217,105.9,None,None,None,0.0,unknown
1763622055.585276,0,0.056,0.5,1,0,1,176.23,181.80000000000217,105.85,None,None,None,0.0,unknown
1763622055.7583704,0,0.056,0.5,1,0,1,176.09,181.70000000000218,105.9,None,None,None,0.0,unknown
1763622055.8933854,0,0.057,0.5,2,0,1,175.99,181.60000000000218,105.89999999999999,None,None,None,0.0,unknown
1763622055.9544954,0,0.058,0.5,1,0,1,175.89,181.5000000000022,105.94999999999999,None,None,None,0.0,unknown
1763622056.0451324,0,0.059000000000000004,0.5,2,0,1,175.75,181.4000000000022,106.0,None,None,None,0.0,unknown
1763622056.2696102,0,0.057,0.5,0,0,1,175.63,181.3000000000022,106.55,None,None,None,0.0,unknown
1763622056.4643424,0,0.059000000000000004,0.5,2,0,1,175.47,181.2000000000022,106.75,None,None,None,0.0,unknown
1763622056.520333,0,0.061000000000000006,0.5,2,0,1,175.31,181.1000000000022,106.95,None,None,None,0.0,unknown
1763622056.6641407,0,0.061000000000000006,0.5,1,0,1,175.15,181.00000000000222,107.1,None,None,None,0.0,unknown
1763622056.7440832,0,0.060000000000000005,0.5,0,0,1,174.99,180.90000000000222,107.25,None,None,None,0.0,unknown
1763622057.0447953,0,0.060000000000000005,0.5,2,0,1,174.83,180.80000000000223,107.69999999999999,None,None,None,0.0,unknown
1763622057.216888,0,0.060000000000000005,0.5,0,0,1,174.67,180.70000000000223,107.95,None,None,None,0.0,unknown
1763622057.2864366,0,0.061000000000000006,0.5,2,1,1,174.55,180.60000000000224,108.35000000000001,None,None,None,0.0,unknown
1763622057.3674688,0,0.061000000000000006,0.5,1,0,1,174.43,180.50000000000225,108.69999999999999,None,None,None,0.0,unknown
1763622057.616924,0,0.061000000000000006,0.5,1,0,1,174.27,180.40000000000225,109.0,None,None,None,0.0,unknown
1763622057.6604068,0,0.060000000000000005,0.5,0,1,1,174.11,180.30000000000226,109.30000000000001,None,None,None,0.0,unknown
1763622057.9468925,0,0.057,0.5,0,0,1,174.14,180.20000000000226,109.4,None,None,None,0.0,unknown
1763622058.1181114,0,0.056,0.5,1,0,1,174.21,180.10000000000227,109.44999999999999,None,None,None,0.0,unknown
1763622058.304131,0,0.055,0.5,1,0,1,174.28,180.00000000000227,109.55,None,None,None,0.0,unknown
1763622058.5390735,0,0.057,0.5,2,0,1,174.18,179.90000000000228,109.6,None,None,None,0.0,unknown
1763622058.5773783,0,0.058,0.5,1,1,1,174.04,179.80000000000229,109.65,None,None,None,0.0,unknown
1763622058.700916,0,0.057,0.5,0,0,1,173.9,179.7000000000023,109.8,None,None,None,0.0,unknown
1763622058.7885106,0,0.057,0.5,1,0,1,173.76,179.6000000000023,109.89999999999999,None,None,None,0.0,unknown
1763622058.8724103,0,0.056,0.5,1,0,1,173.66,179.5000000000023,110.1,None,None,None,0.0,unknown
1763622059.0711884,0,0.057,0.5,1,0,1,173.52,179.4000000000023,110.15,None,None,None,0.0,unknown
1763622059.1195664,0,0.056,0.5,0,0,1,173.42,179.3000000000023,110.35,None,None,None,0.0,unknown
1763622059.2038238,0,0.057,0.5,1,0,1,173.31,179.20000000000232,110.44999999999999,None,None,None,0.0,unknown
1763622059.2488773,0,0.056,0.5,1,0,1,173.47,179.10000000000232,110.35000000000001,None,None,None,0.0,unknown
1763622059.3495386,0,0.056,0.5,1,1,1,173.51,179.00000000000233,110.35000000000001,None,None,None,0.0,unknown
1763622059.431229,0,0.057,0.5,2,0,1,173.51,178.90000000000234,110.44999999999999,None,None,None,0.0,unknown
1763622059.5693736,0,0.058,0.5,2,0,1,173.47,178.80000000000234,110.39999999999999,None,None,None,0.0,unknown
1763622059.6538084,0,0.057,0.5,2,0,1,173.47,178.70000000000235,110.44999999999999,None,None,None,0.0,unknown
1763622059.7047656,0,0.058,0.5,2,1,1,173.47,178.60000000000235,110.55,None,None,None,0.0,unknown
1763622059.8857343,0,0.059000000000000004,0.5,1,1,1,173.43,178.50000000000236,110.5,None,None,None,0.0,unknown
1763622060.0184236,0,0.060000000000000005,0.5,2,0,1,173.43,178.40000000000236,110.45,None,None,None,0.0,unknown
1763622060.0433533,0,0.062,0.5,2,0,1,173.2,178.30000000000237,110.55000000000001,None,None,None,0.0,unknown
1763622060.0814764,0,0.063,0.5,1,1,1,172.97,178.20000000000238,110.65,None,None,None,0.0,unknown
1763622060.276143,0,0.064,0.5,2,0,1,172.74,178.10000000000238,110.9,None,None,None,0.0,unknown
1763622060.3294916,0,0.066,0.5,1,1,1,172.51,178.0000000000024,111.10000000000001,None,None,None,0.0,unknown
1763622060.4456396,0,0.067,0.5,1,0,1,172.28,177.9000000000024,111.3,None,None,None,0.0,unknown
1763622060.4915829,0,0.07,0.5,3,0,1,172.09,177.8000000000024,111.65,None,None,None,0.0,unknown
1763622060.5914493,0,0.069,0.5,1,0,1,171.86,177.7000000000024,112.0,None,None,None,0.0,unknown
1763622060.6813672,0,0.069,0.5,2,0,1,171.63,177.6000000000024,112.35,None,None,None,0.0,unknown
1763622060.7961864,0,0.07,0.5,2,0,1,171.4,177.50000000000242,112.65,None,None,None,0.0,unknown
1763622060.8964245,0,0.07300000000000001,0.5,2,2,1,171.21,177.40000000000242,112.85,None,None,None,0.0,unknown
1763622060.9355013,0,0.075,0.5,2,1,1,171.05,177.30000000000243,113.19999999999999,None,None,None,0.0,unknown
1763622061.0400865,0,0.077,0.5,1,1,1,170.82,177.20000000000243,113.45,None,None,None,0.0,unknown
1763622061.1122222,0,0.079,0.5,2,1,1,170.82,177.10000000000244,113.7,None,None,None,0.0,unknown
1763622061.2980213,0,0.08,0.5,2,1,1,170.82,177.00000000000244,114.05,None,None,None,0.0,unknown
1763622061.3772085,0,0.079,0.5,1,0,1,170.85,176.90000000000245,114.35,None,None,None,0.0,unknown
1763622061.4601579,0,0.081,0.5,2,1,1,170.88,176.80000000000246,114.55000000000001,None,None,None,0.0,unknown
1763622061.5651577,0,0.082,0.5,2,0,1,170.88,176.70000000000246,114.85000000000001,None,None,None,0.0,unknown
1763622061.6016002,0,0.082,0.5,2,0,1,170.88,176.60000000000247,114.95,None,None,None,0.0,unknown
1763622061.6515563,0,0.083,0.5,1,1,1,170.88,176.50000000000247,115.3,None,None,None,0.0,unknown
1763622061.8177714,0,0.084,0.5,2,1,1,170.88,176.40000000000248,115.6,None,None,None,0.0,unknown
1763622061.8405008,0,0.08800000000000001,0.5,3,1,1,170.88,176.30000000000248,115.75,None,None,None,0.0,unknown
1763622061.9457765,0,0.089,0.5,2,1,1,170.88,176.2000000000025,115.94999999999999,None,None,None,0.0,unknown
1763622062.2122393,0,0.08800000000000001,0.5,1,0,1,170.76,176.1000000000025,116.25,None,None,None,0.0,unknown
1763622062.2695777,0,0.08800000000000001,0.5,1,0,1,170.5,176.0000000000025,116.45,None,None,None,0.0,unknown
1763622062.2948275,0,0.09,0.5,2,0,1,170.27,175.9000000000025,116.55000000000001,None,None,None,0.0,unknown
1763622062.3481362,0,0.092,0.5,3,1,1,170.04,175.8000000000025,116.75,None,None,None,0.0,unknown
1763622062.3941052,0,0.095,0.5,3,0,1,169.81,175.70000000000252,116.95,None,None,None,0.0,unknown
1763622062.5619104,0,0.094,0.5,2,0,1,169.62,175.60000000000252,117.05000000000001,None,None,None,0.0,unknown
1763622062.6633,0,0.096,0.5,2,1,1,169.39,175.50000000000253,117.35,None,None,None,0.0,unknown
1763622062.7103326,0,0.098,0.5,2,1,1,169.2,175.40000000000254,117.55,None,None,None,0.0,unknown
1763622062.8167224,0,0.098,0.5,1,0,1,169.2,175.30000000000254,117.6,None,None,None,0.0,unknown
1763622062.86821,0,0.099,0.5,1,0,1,169.2,175.20000000000255,117.64999999999999,None,None,None,0.0,unknown
1763622062.939429,0,0.10200000000000001,0.5,2,2,1,169.2,175.10000000000255,117.6,None,None,None,0.0,unknown
1763622063.0207796,0,0.10300000000000001,0.5,1,1,1,169.2,175.00000000000256,117.6,None,None,None,0.0,unknown
1763622063.0557199,0,0.105,0.5,3,1,1,169.2,174.90000000000256,117.65,None,None,None,0.0,unknown
1763622063.0708437,0,0.105,0.5,2,0,1,169.2,174.80000000000257,117.8,None,None,None,0.0,unknown
1763622063.1808512,0,0.108,0.5,2,1,1,169.2,174.70000000000258,117.8,None,None,None,0.0,unknown
1763622063.2184527,0,0.11,0.5,2,1,1,169.2,174.60000000000258,117.75,None,None,None,0.0,unknown
1763622063.3851457,0,0.111,0.5,1,1,1,169.2,174.5000000000026,117.80000000000001,None,None,None,0.0,unknown
1763622063.4136758,0,0.114,0.5,2,2,1,169.16,174.4000000000026,117.89999999999999,None,None,None,0.0,unknown
1763622063.428804,0,0.115,0.5,1,0,1,169.09,174.3000000000026,117.94999999999999,None,None,None,0.0,unknown
1763622063.55988,0,0.116,0.5,2,0,1,168.86,174.2000000000026,118.0,None,None,None,0.0,unknown
1763622063.6462216,0,0.117,0.5,2,0,1,168.63,174.1000000000026,118.10000000000001,None,None,None,0.0,unknown
1763622063.8108792,0,0.11800000000000001,0.5,3,0,1,168.44,174.00000000000261,118.1,None,None,None,0.0,unknown
1763622063.8940833,0,0.11900000000000001,0.5,2,1,1,168.21,173.90000000000262,118.3,None,None,None,0.0,unknown
1763622064.040646,0,0.121,0.5,2,2,1,167.98,173.80000000000263,118.55000000000001,None,None,None,0.0,unknown
1763622064.1460142,0,0.121,0.5,2,0,1,167.79,173.70000000000263,118.65,None,None,None,0.0,unknown
1763622064.2348313,0,0.11900000000000001,0.5,1,0,1,167.56,173.60000000000264,118.80000000000001,None,None,None,0.0,unknown
1763622064.2803788,0,0.121,0.5,3,1,1,167.33,173.50000000000264,119.0,None,None,None,0.0,unknown
1763622064.412508,0,0.122,0.5,2,1,1,167.1,173.40000000000265,119.0,None,None,None,0.0,unknown
1763622064.508689,0,0.123,0.5,2,1,1,166.87,173.30000000000265,119.15,None,None,None,0.0,unknown
1763622064.58228,0,0.123,0.5,2,0,1,166.64,173.20000000000266,119.35000000000001,None,None,None,0.0,unknown
1763622064.6847694,0,0.125,0.5,3,1,1,166.6,173.10000000000267,119.4,None,None,None,0.0,unknown
1763622064.7315793,0,0.126,0.5,2,1,1,166.6,173.00000000000267,119.44999999999999,None,None,None,0.0,unknown
1763622064.8347874,0,0.128,0.5,2,1,1,166.6,172.90000000000268,119.45,None,None,None,0.0,unknown
1763622064.9548285,0,0.129,0.5,2,2,1,166.6,172.80000000000268,119.64999999999999,None,None,None,0.0,unknown
1763622065.0897143,0,0.131,0.5,3,0,1,166.56,172.7000000000027,119.85,None,None,None,0.0,unknown
1763622065.12558,0,0.133,0.5,3,1,1,166.6,172.6000000000027,120.0,None,None,None,0.0,unknown
1763622065.2436032,0,0.134,0.5,2,1,1,166.6,172.5000000000027,120.1,None,None,None,0.0,unknown
1763622065.2787786,0,0.132,0.5,1,1,1,166.6,172.4000000000027,120.19999999999999,None,None,None,0.0,unknown
1763622065.3765614,0,0.132,0.5,2,1,1,166.6,172.3000000000027,120.3,None,None,None,0.0,unknown
1763622065.4996808,0,0.133,0.5,2,1,1,166.6,172.20000000000272,120.35,None,None,None,0.0,unknown
1763622065.5835435,0,0.133,0.5,2,1,1,166.37,172.10000000000272,120.55,None,None,None,0.0,unknown
1763622065.6762104,0,0.133,0.5,2,1,1,166.14,172.00000000000273,120.85000000000001,None,None,None,0.0,unknown
1763622065.7792034,0,0.133,0.5,1,0,1,165.91,171.90000000000273,121.05000000000001,None,None,None,0.0,unknown
1763622065.8752356,0,0.132,0.5,1,1,1,165.72,171.80000000000274,121.25,None,None,None,0.0,unknown
1763622065.900458,0,0.132,0.5,2,0,1,165.53,171.70000000000275,121.35,None,None,None,0.0,unknown
1763622066.0042586,0,0.132,0.5,2,0,1,165.3,171.60000000000275,121.4,None,None,None,0.0,unknown
1763622066.1542206,0,0.132,0.5,2,0,1,165.07,171.50000000000276,121.6,None,None,None,0.0,unknown
1763622066.2899592,0,0.13,0.5,1,0,1,164.88,171.40000000000276,121.75,None,None,None,0.0,unknown
1763622066.3087745,0,0.128,0.5,2,0,1,164.84,171.30000000000277,121.5,None,None,None,0.0,unknown
1763622066.3996882,0,0.125,0.5,0,0,1,164.84,171.20000000000277,121.44999999999999,None,None,None,0.0,unknown
1763622066.4704924,0,0.125,0.5,1,0,1,164.88,171.10000000000278,121.4,None,None,None,0.0,unknown
1763622066.703625,0,0.126,0.5,1,1,1,164.88,171.00000000000279,121.35,None,None,None,0.0,unknown
1763622066.8246777,0,0.125,0.5,1,0,1,164.88,170.9000000000028,121.2,None,None,None,0.0,unknown
1763622066.8737223,0,0.123,0.5,2,0,1,164.88,170.8000000000028,121.05,None,None,None,0.0,unknown
1763622067.0440028,0,0.123,0.5,3,0,1,164.88,170.7000000000028,120.85,None,None,None,0.0,unknown
1763622067.0540779,0,0.124,0.5,3,0,1,164.84,170.6000000000028,120.65,None,None,None,0.0,unknown
1763622067.138824,0,0.123,0.5,2,0,1,164.84,170.5000000000028,120.55,None,None,None,0.0,unknown
1763622067.237144,0,0.122,0.5,2,0,1,164.84,170.40000000000282,120.4,None,None,None,0.0,unknown
1763622067.4147239,0,0.124,0.5,2,1,1,164.84,170.30000000000283,120.15,None,None,None,0.0,unknown
1763622067.5590663,0,0.125,0.5,2,0,1,164.65,170.20000000000283,120.2,None,None,None,0.0,unknown
1763622067.6105907,0,0.125,0.5,3,1,1,164.46,170.10000000000284,120.25,None,None,None,0.0,unknown
1763622067.6632917,0,0.125,0.5,2,0,1,164.23,170.00000000000284,120.3,None,None,None,0.0,unknown
1763622067.7132564,0,0.122,0.5,1,0,1,164,169.90000000000285,120.4,None,None,None,0.0,unknown
1763622067.7455957,0,0.122,0.5,2,0,1,163.81,169.80000000000285,120.5,None,None,None,0.0,unknown
1763622067.7847154,0,0.121,0.5,2,0,1,163.62,169.70000000000286,120.6,None,None,None,0.0,unknown
1763622067.8220153,0,0.12,0.5,2,0,1,163.43,169.60000000000286,120.65,None,None,None,0.0,unknown
1763622067.9182353,0,0.12,0.5,2,0,1,163.2,169.50000000000287,120.75,None,None,None,0.0,unknown
1763622068.0647602,0,0.11900000000000001,0.5,3,0,1,163.01,169.40000000000288,120.75,None,None,None,0.0,unknown
1763622068.2291365,0,0.122,0.5,3,1,1,162.66,169.30000000000288,120.65,None,None,None,0.0,unknown
1763622068.2826905,0,0.125,0.5,3,2,1,162.33,169.2000000000029,120.7,None,None,None,0.0,unknown
1763622068.4080477,0,0.127,0.5,3,1,1,162.1,169.1000000000029,120.8,None,None,None,0.0,unknown
1763622068.4231737,0,0.127,0.5,3,0,1,161.99,169.0000000000029,120.85,None,None,None,0.0,unknown
1763622068.4494984,0,0.128,0.5,3,1,1,161.92,168.9000000000029,120.75,None,None,None,0.0,unknown
1763622068.5293553,0,0.127,0.5,3,0,1,161.85,168.8000000000029,120.80000000000001,None,None,None,0.0,unknown
1763622068.5703719,0,0.129,0.5,4,0,1,161.73,168.70000000000292,120.69999999999999,None,None,None,0.0,unknown
1763622068.743701,0,0.133,0.5,3,2,1,161.66,168.60000000000292,120.65,None,None,None,0.0,unknown
1763622068.7878895,0,0.134,0.5,3,2,1,161.59,168.50000000000293,120.55,None,None,None,0.0,unknown
1763622068.9790676,0,0.135,0.5,3,1,1,161.52,168.40000000000293,120.65,None,None,None,0.0,unknown
1763622069.0824263,0,0.138,0.5,5,1,1,161.45,168.30000000000294,120.7,None,None,None,0.0,unknown
1763622069.1723664,0,0.14,0.5,4,0,1,161.38,168.20000000000294,120.75,None,None,None,0.0,unknown
1763622069.224122,0,0.139,0.5,2,1,1,161.31,168.10000000000295,120.7,None,None,None,0.0,unknown
1763622069.272352,0,0.14,0.5,3,1,1,161.24,168.00000000000296,120.60000000000001,None,None,None,0.0,unknown
1763622069.4903193,0,0.14100000000000001,0.5,3,1,1,161.17,167.90000000000296,120.44999999999999,None,None,None,0.0,unknown
1763622069.6548102,0,0.14100000000000001,0.5,4,0,1,161.1,167.80000000000297,120.3,None,None,None,0.0,unknown
1763622069.7346838,0,0.14100000000000001,0.5,1,2,1,161.03,167.70000000000297,120.10000000000001,None,None,None,0.0,unknown
1763622069.8200746,0,0.14,0.5,3,0,1,160.96,167.60000000000298,119.85,None,None,None,0.0,unknown
1763622069.9196913,0,0.14200000000000002,0.5,4,1,1,160.89,167.50000000000298,119.7,None,None,None,0.0,unknown
1763622070.0188398,0,0.144,0.5,3,1,1,160.82,167.400000000003,119.64999999999999,None,None,None,0.0,unknown
1763622070.127336,0,0.145,0.5,2,2,1,160.68,167.300000000003,119.55,None,None,None,0.0,unknown
1763622070.1922202,0,0.146,0.5,3,1,1,160.56,167.200000000003,119.35,None,None,None,0.0,unknown
1763622070.2633646,0,0.148,0.5,3,2,1,160.49,167.100000000003,119.25,None,None,None,0.0,unknown
1763622070.3184032,0,0.149,0.5,3,1,1,160.42,167.000000000003,119.1,None,None,None,0.0,unknown
1763622070.4936302,0,0.153,0.5,3,2,1,160.35,166.90000000000302,118.95,None,None,None,0.0,unknown
1763622070.5101566,0,0.156,0.5,3,2,1,160.28,166.80000000000302,118.85,None,None,None,0.0,unknown
1763622070.564478,0,0.158,0.5,3,1,1,160.21,166.70000000000303,118.7,None,None,None,0.0,unknown
1763622070.6132865,0,0.159,0.5,2,1,1,160.14,166.60000000000304,118.65,None,None,None,0.0,unknown
1763622070.7090774,0,0.16,0.5,2,1,1,160.07,166.50000000000304,118.4,None,None,None,0.0,unknown
1763622070.8041158,0,0.164,0.5,4,1,1,160,166.40000000000305,118.3,None,None,None,0.0,unknown
1763622070.818816,0,0.166,0.5,2,2,1,159.93,166.30000000000305,118.25,None,None,None,0.0,unknown
1763622070.9184957,0,0.169,0.5,3,0,1,159.82,166.20000000000306,118.1,None,None,None,0.0,unknown
1763622071.011552,0,0.17200000000000001,0.5,2,2,1,159.71,166.10000000000306,117.94999999999999,None,None,None,0.0,unknown
1763622071.052298,0,0.17300000000000001,0.5,1,2,1,159.67,166.00000000000307,117.8,None,None,None,0.0,unknown
1763622071.1342664,0,0.176,0.5,3,1,1,159.6,165.90000000000308,117.85,None,None,None,0.0,unknown
1763622071.198601,0,0.178,0.5,2,2,1,159.53,165.80000000000308,117.85,None,None,None,0.0,unknown
1763622071.2538574,0,0.178,0.5,2,1,1,159.46,165.7000000000031,117.75,None,None,None,0.0,unknown
1763622071.2740285,0,0.176,0.5,1,0,1,159.39,165.6000000000031,117.75,None,None,None,0.0,unknown
1763622071.4273863,0,0.177,0.5,2,1,1,159.32,165.5000000000031,117.65,None,None,None,0.0,unknown
1763622071.51667,0,0.178,0.5,2,1,1,159.25,165.4000000000031,117.6,None,None,None,0.0,unknown
1763622071.6962957,0,0.178,0.5,2,1,1,159.18,165.3000000000031,117.55000000000001,None,None,None,0.0,unknown
1763622071.8008678,0,0.181,0.5,4,1,1,159.11,165.20000000000312,117.5,None,None,None,0.0,unknown
1763622071.8527627,0,0.179,0.5,2,0,1,158.99,165.10000000000312,117.5,None,None,None,0.0,unknown
1763622071.8665068,0,0.179,0.5,2,0,1,158.92,165.00000000000313,117.45,None,None,None,0.0,unknown
1763622071.8860068,0,0.182,0.5,2,2,1,158.85,164.90000000000313,117.35,None,None,None,0.0,unknown
1763622071.9661453,0,0.181,0.5,1,0,1,158.78,164.80000000000314,117.2,None,None,None,0.0,unknown
1763622072.151307,0,0.183,0.5,3,1,1,158.71,164.70000000000314,117.19999999999999,None,None,None,0.0,unknown
1763622072.2842875,0,0.184,0.5,2,1,1,158.64,164.60000000000315,117.15,None,None,None,0.0,unknown
1763622072.3675892,0,0.185,0.5,2,1,1,158.57,164.50000000000315,117.05000000000001,None,None,None,0.0,unknown
1763622072.4282367,0,0.187,0.5,4,1,1,158.5,164.40000000000316,117.0,None,None,None,0.0,unknown
1763622072.4433742,0,0.186,0.5,2,1,1,158.43,164.30000000000317,116.9,None,None,None,0.0,unknown
1763622072.482996,0,0.183,0.5,1,1,1,158.4,164.20000000000317,116.95,None,None,None,0.0,unknown
1763622072.5353253,0,0.181,0.5,2,0,1,158.33,164.10000000000318,116.95,None,None,None,0.0,unknown
1763622072.5852556,0,0.182,0.5,2,2,1,158.22,164.00000000000318,116.94999999999999,None,None,None,0.0,unknown
1763622072.6357021,0,0.18,0.5,1,1,1,158.15,163.9000000000032,116.95,None,None,None,0.0,unknown
1763622072.6971872,0,0.182,0.5,3,2,1,158.03,163.8000000000032,116.85,None,None,None,0.0,unknown
1763622072.764423,0,0.182,0.5,3,1,1,157.96,163.7000000000032,116.94999999999999,None,None,None,0.0,unknown
1763622072.8934643,0,0.179,0.5,2,0,1,157.89,163.6000000000032,116.9,None,None,None,0.0,unknown
1763622072.9548829,0,0.179,0.5,4,1,1,157.82,163.5000000000032,116.85,None,None,None,0.0,unknown
1763622073.1438603,0,0.178,0.5,2,1,1,157.75,163.40000000000322,116.9,None,None,None,0.0,unknown
1763622073.274948,0,0.177,0.5,3,2,1,157.68,163.30000000000322,116.85,None,None,None,0.0,unknown
1763622073.4525814,0,0.177,0.5,2,2,1,157.61,163.20000000000323,116.85000000000001,None,None,None,0.0,unknown
1763622073.6135535,0,0.177,0.5,3,0,1,157.54,163.10000000000323,116.85,None,None,None,0.0,unknown
1763622073.8834186,0,0.177,0.5,3,1,1,157.47,163.00000000000324,116.85,None,None,None,0.0,unknown
1763622073.9088707,0,0.175,0.5,2,0,1,157.4,162.90000000000325,116.75,None,None,None,0.0,unknown
1763622073.9408205,0,0.175,0.5,2,2,1,157.33,162.80000000000325,116.6,None,None,None,0.0,unknown
1763622073.95177,0,0.176,0.5,3,1,1,157.26,162.70000000000326,116.44999999999999,None,None,None,0.0,unknown
1763622073.9668977,0,0.178,0.5,4,1,1,157.1,162.60000000000326,116.4,None,None,None,0.0,unknown
1763622074.23999,0,0.176,0.5,2,1,1,157.03,162.50000000000327,116.39999999999999,None,None,None,0.0,unknown
1763622074.2848148,0,0.176,0.5,2,2,1,156.96,162.40000000000327,116.4,None,None,None,0.0,unknown
1763622074.4173164,0,0.176,0.5,2,2,1,156.89,162.30000000000328,116.4,None,None,None,0.0,unknown
1763622074.5256398,0,0.176,0.5,3,1,1,156.82,162.20000000000329,116.4,None,None,None,0.0,unknown
1763622074.5835595,0,0.17400000000000002,0.5,2,1,1,156.75,162.1000000000033,116.4,None,None,None,0.0,unknown
1763622074.6484344,0,0.17400000000000002,0.5,3,1,1,156.68,162.0000000000033,116.35,None,None,None,0.0,unknown
1763622074.720709,0,0.17200000000000001,0.5,3,0,1,156.61,161.9000000000033,116.35000000000001,None,None,None,0.0,unknown
1763622074.7912855,0,0.17,0.5,3,0,1,156.49,161.8000000000033,116.35,None,None,None,0.0,unknown
1763622074.8170824,0,0.169,0.5,2,1,1,156.42,161.7000000000033,116.5,None,None,None,0.0,unknown
1763622074.828762,0,0.169,0.5,2,1,1,156.35,161.60000000000332,116.69999999999999,None,None,None,0.0,unknown
1763622074.8406558,0,0.171,0.5,3,2,1,156.28,161.50000000000333,116.65,None,None,None,0.0,unknown
1763622074.8519802,0,0.17,0.5,3,1,1,156.21,161.40000000000333,116.60000000000001,None,None,None,0.0,unknown
1763622074.86205,0,0.168,0.5,2,0,1,156.14,161.30000000000334,116.5,None,None,None,0.0,unknown
1763622074.8771744,0,0.167,0.5,1,1,1,156.02,161.20000000000334,116.45,None,None,None,0.0,unknown
1763622074.9695137,0,0.166,0.5,2,1,1,155.91,161.10000000000335,116.45,None,None,None,0.0,unknown
1763622075.0023813,0,0.166,0.5,2,1,1,155.84,161.00000000000335,116.5,None,None,None,0.0,unknown
1763622075.230084,0,0.164,0.5,2,0,1,155.77,160.90000000000336,116.5,None,None,None,0.0,unknown
1763622075.4822202,0,0.163,0.5,2,1,1,155.7,160.80000000000337,116.5,None,None,None,0.0,unknown
1763622075.5217524,0,0.163,0.5,3,0,1,155.63,160.70000000000337,116.5,None,None,None,0.0,unknown
1763622075.5318182,0,0.163,0.5,1,0,1,155.56,160.60000000000338,116.5,None,None,None,0.0,unknown
1763622075.541948,0,0.163,0.5,1,2,1,155.45,160.50000000000338,116.55,None,None,None,0.0,unknown
1763622075.5520203,0,0.162,0.5,1,1,1,155.33,160.4000000000034,116.5,None,None,None,0.0,unknown
1763622075.5620868,0,0.163,0.5,2,2,1,155.26,160.3000000000034,116.55,None,None,None,0.0,unknown
1763622075.572119,0,0.162,0.5,2,2,1,155.19,160.2000000000034,116.6,None,None,None,0.0,unknown
1763622075.5872643,0,0.162,0.5,1,1,1,155.08,160.1000000000034,116.69999999999999,None,None,None,0.0,unknown
1763622075.7800992,0,0.164,0.5,2,2,1,154.96,160.0000000000034,116.75,None,None,None,0.0,unknown
1763622075.8507211,0,0.163,0.5,2,1,1,154.89,159.90000000000342,116.8,None,None,None,0.0,unknown
1763622075.9179826,0,0.164,0.5,1,1,1,154.82,159.80000000000342,116.75,None,None,None,0.0,unknown
1763622076.0180361,0,0.164,0.5,4,0,1,154.75,159.70000000000343,116.75,None,None,None,0.0,unknown
1763622076.0568078,0,0.165,0.5,3,1,1,154.68,159.60000000000343,116.75,None,None,None,0.0,unknown
1763622076.2546768,0,0.166,0.5,3,1,1,154.61,159.50000000000344,116.69999999999999,None,None,None,0.0,unknown
1763622076.3743317,0,0.164,0.5,3,0,1,154.54,159.40000000000344,116.75,None,None,None,0.0,unknown
1763622076.4327345,0,0.165,0.5,3,1,1,154.59,159.30000000000345,116.9,None,None,None,0.0,unknown
1763622076.5721986,0,0.17300000000000001,0.5,5,5,1,154.42,159.20000000000346,117.05000000000001,None,None,None,0.0,unknown
1763622076.7120614,0,0.179,0.5,4,4,1,154.25,159.10000000000346,117.19999999999999,None,None,None,0.0,unknown
1763622076.7603872,0,0.184,0.5,5,4,1,154.08,159.00000000000347,117.5,None,None,None,0.0,unknown
1763622076.8503466,0,0.19,0.5,5,3,1,153.91,158.90000000000347,117.75,None,None,None,0.0,unknown
1763622076.9711838,0,0.194,0.5,5,4,1,153.74,158.80000000000348,118.0,None,None,None,0.0,unknown
1763622077.0467987,0,0.197,0.5,5,2,1,153.62,158.70000000000348,118.35,None,None,None,0.0,unknown
1763622077.0813713,0,0.20400000000000001,0.5,4,5,1,153.45,158.6000000000035,118.64999999999999,None,None,None,153.45,unknown
1763622077.270697,0,0.20700000000000002,0.5,5,3,1,153.28,158.5000000000035,118.85,None,None,None,153.45,unknown
1763622077.4623604,0,0.212,0.5,4,4,1,153.11,158.4000000000035,119.1,0.0,None,0.20875,153.45,unknown
1763622077.50301,0,0.215,0.5,5,3,1,152.94,158.3000000000035,119.4,0.10297961611145647,None,0.10889538388854351,153.45,unknown
1763622077.588449,0,0.219,0.5,4,4,1,152.77,158.2000000000035,119.7,0.06006919981717418,None,0.15536830018282582,153.45,unknown
1763622077.6257145,0,0.226,0.5,5,5,1,152.6,158.10000000000352,119.95,0.030389709737902365,None,0.19032904026209765,153.45,unknown
1763622077.7503362,0,0.23,0.5,4,4,1,152.43,158.00000000000352,120.30000000000001,0.012092512154428055,None,0.21326686284557198,153.45,unknown
1763622077.8837032,0,0.23500000000000001,0.5,4,3,1,152.26,157.90000000000353,120.60000000000001,0.001422242186889318,None,0.22875744531311068,153.45,unknown
1763622078.1491082,0,0.23800000000000002,0.5,4,3,1,152.09,157.80000000000354,120.85,-0.004751279495811425,None,0.23884112324581144,153.45,unknown
1763622078.3523204,0,0.241,0.5,4,3,1,151.92,157.70000000000354,121.15,-0.008435270150042605,None,0.24598019202504262,153.45,unknown
1763622078.4391563,0,0.244,0.5,5,3,1,151.75,157.60000000000355,121.55,-0.010762264697890059,None,0.25153472563539003,153.45,unknown
1763622078.4731982,0,0.25,0.5,6,3,1,151.58,157.50000000000355,121.85,-0.01232713035114084,None,0.2577133608198908,153.45,unknown
1763622078.535949,0,0.253,0.5,4,3,1,151.41,157.40000000000356,122.05,-0.013423525334228253,None,0.26261664056860323,153.45,unknown
1763622078.777442,0,0.257,0.5,4,4,1,151.24,157.30000000000356,122.30000000000001,-0.014190314411272704,None,0.26728687202846024,153.45,unknown
1763622078.799195,0,0.261,0.5,4,4,1,151.12,157.20000000000357,122.65,-0.014517046568807911,None,0.2715653253774017,153.45,unknown
1763622078.8098967,0,0.265,0.5,4,3,1,150.95,157.10000000000358,122.89999999999999,-0.01469438967693354,None,0.27571852908123046,153.45,unknown
1763622078.9876199,0,0.268,0.5,4,3,1,150.78,157.00000000000358,123.14999999999999,-0.01466345754964019,None,0.2791755272517887,153.45,unknown
1763622079.1928675,0,0.272,0.5,4,3,1,150.61,156.9000000000036,123.55000000000001,-0.014383646647469488,None,0.28263968149854374,153.45,unknown
1763622079.292219,0,0.276,0.5,4,3,1,150.44,156.8000000000036,123.85,-0.01381930906950524,None,0.2859473264950424,153.45,unknown
1763622079.3312466,0,0.28,0.5,4,3,1,150.27,156.7000000000036,124.0,-0.01293877700498732,None,0.2890027857177559,153.45,unknown
1763622079.4644954,0,0.284,0.5,5,2,1,150.1,156.6000000000036,124.25,-0.01171251489443117,None,0.29174451925081546,153.45,unknown
1763622079.5605905,0,0.284,0.5,3,2,1,149.93,156.5000000000036,124.55000000000001,-0.010112399056764065,None,0.2921284012349562,153.45,unknown
1763622079.724507,0,0.286,0.5,4,2,1,149.76,156.40000000000362,124.8,-0.00812866606369339,None,0.29213666715278946,153.45,unknown
1763622079.93296,0,0.293,0.5,5,4,1,149.59,156.30000000000362,125.05,-0.0057404302730288265,None,0.2942444308175769,153.45,unknown
1763622080.033189,0,0.295,0.5,3,1,1,149.42,156.20000000000363,125.44999999999999,-0.002902487647239786,None,0.29465448791951376,153.45,unknown
1763622080.2580657,0,0.299,0.5,4,3,1,149.25,156.10000000000363,125.8,0.0003933388833614232,None,0.29498266125277556,153.45,unknown
1763622080.3331528,0,0.302,0.5,3,3,1,149.08,156.00000000000364,126.15,0.004168863027755182,None,0.2945191370403133,153.45,unknown
1763622080.348933,0,0.306,0.5,4,2,1,148.91,155.90000000000364,126.4,0.008434783959324692,None,0.2939092160747096,153.45,unknown
1763622080.4773884,0,0.31,0.5,4,3,1,148.74,155.80000000000365,126.65,0.013207150395642816,None,0.29296484962137437,153.45,unknown
1763622080.5197241,0,0.312,0.5,3,2,1,148.57,155.70000000000366,127.0,0.018496889748084756,None,0.29058911026042383,153.45,unknown
1763622080.591109,0,0.318,0.5,3,4,1,148.4,155.60000000000366,127.35,0.024292500740209198,None,0.28925049926404506,153.45,unknown
1763622080.6140194,0,0.322,0.5,4,3,1,148.23,155.50000000000367,127.65,0.030621005565393225,None,0.28715049443673396,153.45,unknown
1763622080.8137193,0,0.329,0.5,5,4,1,148.06,155.40000000000367,127.95,0.03747569697865917,None,0.28591005302240446,153.45,unknown
1763622080.881453,0,0.331,0.5,3,3,1,147.89,155.30000000000368,128.3,0.04487934333750528,None,0.2823135316630266,153.45,unknown
1763622080.9866858,0,0.334,0.5,3,4,1,147.72,155.20000000000368,128.55,0.05278277552209965,None,0.27781366197816626,153.45,unknown
1763622081.1496673,0,0.339,0.5,4,3,1,147.6,155.1000000000037,129.0,0.06089200379427191,None,0.27390621495586104,153.45,unknown
1763622081.2306452,0,0.34,0.5,3,2,1,147.43,155.0000000000037,129.4,0.06953832833746529,None,0.26786078103760114,153.45,unknown
1763622081.277635,0,0.344,0.5,4,3,1,147.26,154.9000000000037,129.75,0.07863189415175804,None,0.2620676605357752,153.45,unknown
1763622081.3481698,0,0.349,0.5,4,3,1,147.09,154.8000000000037,130.0,0.08814586718290814,None,0.2567039101608585,153.45,unknown
1763622081.3863857,0,0.351,0.5,3,3,1,146.92,154.7000000000037,130.35,0.09806351779764895,None,0.24986137087423438,153.45,unknown
1763622081.4268448,0,0.355,0.5,4,4,1,146.75,154.60000000000372,130.55,0.10831383501358836,None,0.24314860932235327,153.45,unknown
1763622081.5485938,0,0.358,0.5,4,3,1,146.58,154.50000000000372,131.0,0.11887114664119063,None,0.23586007552678018,153.45,unknown
1763622081.6332116,0,0.362,0.5,3,4,1,146.41,154.40000000000373,131.4,0.12968730620553762,None,0.22867830487844779,153.45,unknown
1763622081.685682,0,0.364,0.5,3,3,1,146.24,154.30000000000373,131.75,0.14073499074828485,None,0.2204478147937078,153.45,unknown
1763622081.808978,0,0.358,0.5,3,1,1,146.03,154.20000000000374,132.0,0.15236779983541296,None,0.20722360293558337,153.45,unknown
1763622081.869451,0,0.354,0.5,3,1,1,145.86,154.10000000000375,132.35,0.16378736443730899,None,0.19300833694818917,153.45,unknown
1763622081.968594,0,0.352,0.5,3,4,1,145.69,154.00000000000375,132.7,0.17497773103114148,None,0.17942011966160762,153.45,unknown
1763622082.0066893,1763622082.0714335,0.35,0.5,3,3,1,145.52,153.90000000000376,133.0,0.18595144051526116,0.024808312483395642,0.16624748483111337,153.45,ripe
1763622082.0774052,1763622082.0714335,0.346,0.5,2,3,1,145.4,153.80000000000376,133.25,0.1960787754996219,0.025578144724580882,0.15302068717356535,153.45,ripe
1763622082.102561,1763622082.0714335,0.346,0.5,4,3,1,145.23,153.70000000000377,133.55,0.2062078445306434,0.026288272567614956,0.14134188680595022,153.45,ripe
1763622082.1779413,1763622082.0714335,0.34299999999999997,0.5,4,2,1,145.06,153.60000000000377,133.9,0.21624570718053113,0.026935385122859704,0.12902915848776567,153.45,ripe
1763622082.2727482,1763622082.0714335,0.34099999999999997,0.5,4,2,1,144.89,153.50000000000378,134.25,0.22606785588041337,0.027521001009856022,0.11706957695373502,153.45,ripe
1763622082.4225593,1763622082.0714335,0.33899999999999997,0.5,4,2,1,144.72,153.40000000000379,134.64999999999998,0.2356206253794573,0.028046623361815914,0.10544809103761685,153.45,ripe
1763622082.442422,1763622082.0714335,0.33799999999999997,0.5,4,3,1,144.55,153.3000000000038,135.0,0.24486784047666413,0.02851637949514252,0.09466651773187293,153.45,ripe
1763622082.4966555,1763622082.0714335,0.33699999999999997,0.5,4,3,1,144.38,153.2000000000038,135.3,0.2538063611167387,0.028933205095159627,0.0844608179875298,153.45,ripe
1763622082.6148787,1763622082.0714335,0.33299999999999996,0.5,4,2,1,144.21,153.1000000000038,135.7,0.2624295393687081,0.029292174311193755,0.07320405018342613,153.45,ripe
1763622082.7141001,1763622082.0714335,0.33199999999999996,0.5,4,3,1,144.04,153.0000000000038,135.95,0.2706624085203228,0.029599621847919894,0.06315438625574427,153.45,ripe
1763622082.7883701,1763622082.0714335,0.331,0.5,4,2,1,143.87,152.9000000000038,136.35,0.27853381479468714,0.029859783565288404,0.053874582593346376,153.45,ripe
1763622082.9370785,1763622082.0714335,0.331,0.5,4,3,1,143.7,152.80000000000382,136.7,0.286057419193143,0.03007827408731485,0.04564677950087381,153.45,ripe
1763622083.0996513,1763622082.0714335,0.331,0.5,4,3,1,143.53,152.70000000000383,137.0,0.2932635212042498,0.030258856408232955,0.03808857814275857,153.45,ripe
1763622083.1877265,1763622082.0714335,0.327,0.5,3,1,1,143.41,152.60000000000383,137.4,0.2994115596331422,0.03039822377217993,0.029764490040362024,153.45,ripe
1763622083.2708008,1763622082.0714335,0.323,0.5,3,2,1,143.24,152.50000000000384,137.7,0.30557823261077854,0.030493145507242667,0.0205097922259736,153.45,ripe
1763622083.351147,1763622082.0714335,0.322,0.5,3,3,1,143.07,152.40000000000384,138.0,0.31152564199645255,0.030550419096675326,0.012518370421923553,153.45,ripe
1763622083.389808,1763622082.0714335,0.321,0.5,4,3,1,142.9,152.30000000000385,138.4,0.3172088424287258,0.03057444527907723,0.0053131637804622045,153.45,ripe
1763622083.5177562,1763622082.0714335,0.319,0.5,4,2,1,142.73,152.20000000000385,138.7,0.3226081813465008,0.030566191939969546,-0.0018471782419068328,153.45,ripe
1763622083.6525142,1763622082.0714335,0.318,0.5,3,3,1,142.56,152.10000000000386,139.05,0.32769346297317453,0.030529505089143913,-0.008312961420877507,153.45,ripe
1763622083.865858,1763622082.0714335,0.319,0.5,4,4,1,142.39,152.00000000000387,139.35,0.33247823877500243,0.030471603472105167,-0.013287987998853945,153.45,ripe
1763622083.942826,1763622082.0714335,0.317,0.5,4,1,1,142.22,151.90000000000387,139.64999999999998,0.3370218872670628,0.030390201540833835,-0.018926761878988507,153.45,ripe
1763622083.9700978,1763622082.0714335,0.315,0.5,3,2,1,142.1,151.80000000000388,139.9,0.3405251767465815,0.030288652359865564,-0.023977614052544338,153.45,ripe
1763622083.9999037,1763622082.0714335,0.315,0.5,4,3,1,141.93,151.70000000000388,140.05,0.34415629172013507,0.03017017071768827,-0.028382510373116454,153.45,ripe
1763622084.0150447,1763622082.0714335,0.313,0.5,3,2,1,141.76,151.6000000000039,140.2,0.3477496669820465,0.030032848514616815,-0.03336277630853718,153.45,ripe
1763622084.062293,1763622082.0714335,0.313,0.5,3,2,1,141.59,151.5000000000039,140.60000000000002,0.35117821848443925,0.029880711952461367,-0.03748477314768456,153.45,ripe
1763622084.10778,1763622082.0714335,0.314,0.5,4,3,1,141.42,151.4000000000039,140.95,0.35443211478831455,0.02971830157623078,-0.040585392119937225,153.45,ripe
1763622084.1965017,1763622082.0714335,0.312,0.5,4,3,1,141.25,151.3000000000039,141.4,0.357534476099259,0.02954230867419625,-0.04461111476507035,153.45,ripe
1763622084.2918203,1763622082.0714335,0.316,0.5,5,3,1,141.13,151.2000000000039,141.75,0.3596891931611071,0.029366761788695732,-0.045227512494012745,153.45,ripe
1763622084.537744,1763622082.0714335,0.314,0.5,3,2,1,140.96,151.10000000000392,142.1,0.36217134786500993,0.029183501062793295,-0.04794050753146273,153.45,ripe
1763622084.553561,1763622082.0714335,0.314,0.5,4,2,1,140.79,151.00000000000392,142.35,0.3646871862424107,0.028993026705318555,-0.05057176607563707,153.45,ripe
1763622084.5651703,1763622082.0714335,0.315,0.5,5,2,1,140.62,150.90000000000393,142.7,0.36714374250418247,0.028797851287617172,-0.052586032420795625,153.45,ripe
1763622084.5758107,1763622082.0714335,0.314,0.5,4,2,1,140.45,150.80000000000393,142.9,0.3695221344823204,0.028595796242703544,-0.05524327944062701,153.45,ripe
1763622084.5909617,1763622082.0714335,0.313,0.5,3,1,1,140.28,150.70000000000394,143.2,0.3717680420546089,0.028386287881529824,-0.05812861453376217,153.45,ripe
1763622084.6960404,1763622082.0714335,0.311,0.5,3,2,1,140.11,150.60000000000394,143.6,0.3738586737265415,0.02816773319204601,-0.06153895996611819,153.45,ripe
1763622084.7183437,1763622082.0714335,0.309,0.5,3,2,1,139.94,150.50000000000395,143.95,0.37576314858924575,0.027939915122498934,-0.06510329170903406,153.45,ripe
1763622084.8611066,1763622082.0714335,0.306,0.5,4,2,1,139.82,150.40000000000396,144.2,0.3767725267337347,0.027704336101351926,-0.06844259829362881,153.45,ripe
1763622084.8982098,1763622082.0714335,0.306,0.5,3,3,1,139.65,150.30000000000396,144.5,0.377957779232795,0.027464421654309866,-0.0707928150127421,153.45,ripe
1763622084.9096024,1763622082.0714335,0.305,0.5,3,3,1,139.48,150.20000000000397,144.8,0.3791813525007023,0.027220393343430155,-0.07309887039067586,153.45,ripe
1763622085.0471795,1763622082.0714335,0.304,0.5,4,2,1,139.31,150.10000000000397,145.05,0.38035429622927286,0.02697267528094596,-0.07531305517425968,153.45,ripe
1763622085.212683,1763622082.0714335,0.305,0.5,3,3,1,139.19,150.00000000000398,145.3,0.38076162360618865,0.026727587353771873,-0.07574100307868209,153.45,ripe
1763622085.2798564,1763622082.0714335,0.304,0.5,4,2,1,139.02,149.90000000000398,145.55,0.3814904542799025,0.026482274034651497,-0.07698014401614922,153.45,ripe
1763622085.3173213,1763622082.0714335,0.304,0.5,4,3,1,138.85,149.800000000004,145.9,0.38231511421362907,0.026237175593491945,-0.07805995908175245,153.45,ripe
1763622085.4008176,1763622082.0714335,0.303,0.5,3,2,1,138.68,149.700000000004,146.2,0.38314989961843976,0.025991094807510867,-0.07952232205250148,153.45,ripe
1763622085.476219,1763622082.0714335,0.301,0.5,4,2,1,138.51,149.600000000004,146.55,0.38393162965576444,0.025742149755195398,-0.08161784087279533,153.45,ripe
1763622085.5622284,1763622082.0714335,0.3,0.5,3,3,1,138.34,149.500000000004,147.0,0.384609090324964,0.025491241647686253,-0.08345219593347947,153.45,ripe
1763622085.8785577,1763622082.0714335,0.3,0.5,4,3,1,138.17,149.400000000004,147.3,0.38518324362674217,0.025240487141665883,-0.08460479643099994,153.45,ripe
1763622086.0152876,1763622082.0714335,0.303,0.5,5,4,1,138,149.30000000000402,147.5,0.385679882641154,0.02499537837082629,-0.08389065904328291,153.45,ripe
1763622086.0994937,1763622082.0714335,0.313,0.5,6,8,1,137.93,149.20000000000402,147.7,0.3849314210306101,0.024772701018698936,-0.07753680923167455,153.45,ripe
1763622086.1103754,1763622082.0714335,0.323,0.5,7,7,1,137.86,149.10000000000403,147.89999999999998,0.38385428778951125,0.024579106116316574,-0.06865698189004343,153.45,ripe
1763622086.1318274,1763622082.0714335,0.331,0.5,7,8,1,137.79,149.00000000000404,147.95,0.3828816632562945,0.024413633812299582,-0.05978301030656058,153.45,ripe
1763622086.1883562,1763622082.0714335,0.33799999999999997,0.5,6,7,1,137.72,148.90000000000404,148.1,0.3821652370072992,0.02427336967099483,-0.05161591053243225,153.45,ripe
1763622086.4004989,1763622082.0714335,0.345,0.5,5,7,1,137.65,148.80000000000405,148.10000000000002,0.3817444080937107,0.024156017244591453,-0.04396974485627725,153.45,ripe
1763622086.4600132,1763622082.0714335,0.352,0.5,6,8,1,137.58,148.70000000000405,148.15,0.38162740703158876,0.024059668234076386,-0.03674007541287205,153.45,ripe
1763622086.603486,1763622082.0714335,0.361,0.5,7,8,1,137.51,148.60000000000406,148.14999999999998,0.38180817727473665,0.02398525575847887,-0.02886451146537833,153.45,ripe
1763622086.7356038,1763622082.0714335,0.368,0.5,6,7,1,137.44,148.50000000000406,148.35000000000002,0.382315626997164,0.023929871129340873,-0.021843794092484825,153.45,ripe
1763622086.817662,1763622082.0714335,0.377,0.5,8,7,1,137.37,148.40000000000407,148.45,0.38311257267910964,0.023894003809698895,-0.014376656226770035,153.45,ripe
1763622086.836388,1763622082.0714335,0.383,0.5,6,7,1,137.3,148.30000000000408,148.45,0.3842132527045366,0.02387350845355665,-0.008345294478366794,153.45,ripe
1763622086.8698816,1763622082.0714335,0.39,0.5,7,7,1,137.28,148.20000000000408,148.60000000000002,0.3849591605345626,0.023868617258370597,-0.002025181421477673,153.45,ripe
1763622086.958963,1763622082.0714335,0.397,0.5,6,7,1,137.21,148.1000000000041,148.60000000000002,0.38625331726322887,0.02387744870613134,0.003713672293313597,153.45,ripe
1763622086.9812686,1763622082.0714335,0.40299999999999997,0.5,6,7,1,137.14,148.0000000000041,148.7,0.38791871017422763,0.023897519710983854,0.008564784604043585,153.45,ripe
1763622086.9921315,1763622082.0714335,0.41,0.5,5,8,1,137.07,147.9000000000041,148.85,0.38984308067911466,0.023928478644531744,0.013398666710020934,153.45,ripe
1763622087.0040367,1763622082.0714335,0.415,0.5,5,7,1,137,147.8000000000041,149.0,0.3919857955729644,0.023967533649028806,0.017135078121603364,153.45,ripe
1763622087.0151584,1763622082.0714335,0.421,0.5,6,7,1,136.93,147.7000000000041,149.10000000000002,0.3942846166665436,0.024014261949408113,0.020775820180740312,153.45,ripe
1763622087.040994,1763622082.0714335,0.43,0.5,6,7,1,136.86,147.60000000000412,149.15,0.3967249696918971,0.02407155586316861,0.025805248731744834,153.45,ripe
1763622087.0517476,1763622082.0714335,0.438,0.5,6,7,1,136.79,147.50000000000412,149.25,0.3993518040822117,0.024139329445100995,0.030913305129609214,153.45,ripe
1763622087.0618184,1763622082.0714335,0.445,0.5,6,7,1,136.72,147.40000000000413,149.35000000000002,0.4021635813171186,0.024216137324032546,0.03546897328879184,153.45,ripe
1763622087.0783246,1763622082.0714335,0.451,0.5,6,7,0,136.65,147.30000000000413,149.4,0.40513715755500723,0.024299962597928,0.039179119747947966,153.45,ripe
1763622087.114291,1763622082.0714335,0.457,0.5,5,7,0,136.65,147.30000000000413,149.55,0.4073894650587608,0.024391275242849154,0.043268673592716855,153.45,ripe
1763622087.2663808,1763622082.0714335,0.464,0.5,7,6,0,136.58,147.30000000000413,149.64999999999998,0.41020056856134807,0.024489512199626553,0.047128500764390735,153.45,ripe
1763622087.3985767,1763622082.0714335,0.471,0.5,7,8,0,136.51,147.30000000000413,149.65,0.41335250322023503,0.024594209965820384,0.05081203144263435,153.45,ripe
1763622087.4879794,1763622082.0714335,0.478,0.5,6,6,0,136.44,147.30000000000413,149.60000000000002,0.4167335913988813,0.024704963553653647,0.05434867593255338,153.45,ripe
1763622087.538469,1763622082.0714335,0.484,0.5,6,5,0,136.37,147.30000000000413,149.65,0.42028550977873097,0.024820398738487282,0.05725562388698635,153.45,ripe
1763622087.5728188,1763622082.0714335,0.489,0.5,5,7,0,136.3,147.30000000000413,149.8,0.4239595766640355,0.024938737106326762,0.05931099016882313,153.45,ripe
1763622087.710635,1763622082.0714335,0.497,0.5,6,7,0,136.23,147.30000000000413,149.8,0.42771298924018974,0.025062019500546498,0.06242229417623957,153.45,ripe
1763622087.8983397,1763622082.0714335,0.504,0.5,6,6,0,136.16,147.30000000000413,149.85,0.43157483346625164,0.025190080160413693,0.06549280824196302,153.45,ripe
1763622087.9357893,1763622082.0714335,0.509,0.5,5,7,0,136.09,147.30000000000413,149.85,0.43553993232745536,0.02532076657757373,0.06749388852665195,153.45,ripe
1763622088.0872629,1763622082.0714335,0.514,0.5,6,6,0,136.02,147.30000000000413,149.85,0.4395702399034922,0.02545298791534366,0.06894667052356152,153.45,ripe
1763622088.1610403,1763622082.0714335,0.518,0.5,6,6,0,135.95,147.30000000000413,149.95,0.44364644994527636,0.025585229900898756,0.06961200526825051,153.45,ripe
1763622088.286892,1763622082.0714335,0.525,0.5,6,6,0,135.88,147.30000000000413,149.85000000000002,0.44774196081771456,0.025719591329982253,0.07138726678904883,153.45,ripe
1763622088.3429046,1763622082.0714335,0.53,0.5,5,6,0,135.81,147.30000000000413,149.9,0.4518934395926884,0.025855127016485468,0.0726711742106933,153.45,ripe
1763622088.4447727,1763622082.0714335,0.537,0.5,7,7,0,135.74,147.30000000000413,150.0,0.45608455111272755,0.02599319823956158,0.07469775578896326,153.45,ripe
1763622088.7242696,1763622082.0714335,0.542,0.5,6,5,0,135.67,147.30000000000413,150.05,0.4603395963887549,0.02613253704226043,0.07605155706209055,153.45,ripe
1763622088.8259175,1763622082.0714335,0.549,0.5,5,6,0,135.6,147.30000000000413,150.2,0.4646365365433835,0.02627431788558162,0.07805904018203919,153.45,ripe
1763622088.9783654,1763622082.0714335,0.553,0.5,5,4,0,135.53,147.30000000000413,150.25,0.4689965882994002,0.02641631941205586,0.07885120006331109,153.45,ripe
1763622089.0201862,1763622082.0714335,0.56,0.5,7,5,0,135.46,147.30000000000413,150.4,0.4733804509228698,0.026560153975595188,0.08054344325848589,153.45,ripe
1763622089.0910664,1763622082.0714335,0.564,0.5,6,4,0,135.39,147.30000000000413,150.5,0.4778171735695892,0.026703867654883074,0.08114477352108862,153.45,ripe
1763622089.1782737,1763622082.0714335,0.568,0.5,6,4,0,135.32,147.30000000000413,150.5,0.4822718516311048,0.026846527315127218,0.08120912191423407,153.45,ripe
1763622089.2982807,1763622082.0714335,0.574,0.5,6,6,0,135.25,147.30000000000413,150.65,0.4867275411199796,0.02698944639204951,0.0820129456526898,153.45,ripe
1763622089.3685033,1763622082.0714335,0.58,0.5,6,6,0,135.18,147.30000000000413,150.60000000000002,0.4912079247860493,0.027133225822587623,0.08316231860028539,153.45,ripe
1763622089.4982872,1763622082.0714335,0.587,0.5,6,7,0,135.11,147.30000000000413,150.60000000000002,0.4957240360052503,0.027278973612616744,0.08496108568791705,153.45,ripe
1763622089.556785,1763622082.0714335,0.592,0.5,6,5,0,135.04,147.30000000000413,150.60000000000002,0.5002963761692867,0.027425451868027095,0.08604618467729697,153.45,ripe
1763622089.67003,1763622082.0714335,0.597,0.5,5,7,0,134.97,147.30000000000413,150.75,0.5049025689476323,0.027572044016886815,0.08676871147565945,153.45,ripe
1763622089.7418826,1763622082.0714335,0.602,0.5,5,5,0,134.9,147.30000000000413,150.7,0.5095313734608478,0.027718441653482296,0.08730426675079817,153.45,ripe
1763622089.8920364,1763622082.0714335,0.607,0.5,5,6,0,134.83,147.30000000000413,150.8,0.5141770926865624,0.027864489289510297,0.08774072741926053,153.45,ripe
1763622090.0033035,1763622082.0714335,0.612,0.5,4,7,0,134.76,147.30000000000413,150.65,0.5188367905779527,0.028010107377270308,0.08812211947495874,153.45,ripe
1763622090.0576968,1763622082.0714335,0.617,0.5,6,6,0,134.69,147.30000000000413,150.60000000000002,0.5235089068848364,0.028155254136341196,0.08847054814161925,153.45,ripe
1763622090.1501203,1763622082.0714335,0.618,0.5,6,4,0,134.62,147.30000000000413,150.75,0.5281925675995973,0.028296648576709577,0.08679715991363057,153.45,ripe
1763622090.42558,1763622082.0714335,0.615,0.5,5,6,0,134.55,147.30000000000413,150.8,0.5328258927003638,0.028429568987643355,0.0821689710562501,153.45,ripe
1763622090.731194,1763622082.0714335,0.612,0.5,5,6,0,134.48,147.30000000000413,150.85,0.5373188538669228,0.02855194925887282,0.07617857801138417,153.45,ripe
1763622090.946656,1763622082.0714335,0.608,0.5,5,6,0,134.41,147.30000000000413,150.8,0.54163047744105,0.028662230740211934,0.0691182384981035,153.45,ripe
1763622091.0124815,1763622082.0714335,0.605,0.5,5,5,0,134.34,147.30000000000413,150.85,0.5457288732937516,0.02876071946787473,0.062145484675825036,153.45,ripe
1763622091.1274934,1763622082.0714335,0.605,0.5,6,6,0,134.27,147.30000000000413,151.0,0.5496173490311442,0.028850169098695033,0.056819829953644096,153.45,ripe
1763622091.209446,1763622082.0714335,0.602,0.5,5,6,0,134.2,147.30000000000413,151.0,0.5533462433129999,0.02892972928253541,0.05087234617939429,153.45,ripe
1763622091.4810379,1763622082.0714335,0.598,0.5,6,5,0,134.13,147.30000000000413,151.05,0.5568972886888212,0.028998423854509577,0.04421200605737596,153.45,ripe
1763622091.531444,1763622082.0714335,0.598,0.5,6,7,0,134.06,147.30000000000413,151.10000000000002,0.560249548869132,0.02905910184724006,0.03930509850396657,153.45,ripe
1763622091.5612853,1763622082.0714335,0.594,0.5,6,5,0,133.99,147.30000000000413,151.05,0.563455984817988,0.02911021538663518,0.03332133886856126,153.45,ripe
1763622091.5747807,1763622082.0714335,0.591,0.5,5,5,0,133.92,147.30000000000413,151.10000000000002,0.5664847914239223,0.029151987541209623,0.027403870419352327,153.45,ripe
1763622091.6095963,1763622082.0714335,0.59,0.5,7,6,0,133.85,147.30000000000413,150.95,0.5693383166798247,0.02918623196830654,0.022606014241812522,153.45,ripe
1763622091.621962,1763622082.0714335,0.591,0.5,7,7,0,133.78,147.30000000000413,150.75,0.5720501465788084,0.029215472141160437,0.019422018882010228,153.45,ripe
1763622091.6321578,1763622082.0714335,0.588,0.5,4,6,0,133.71,147.30000000000413,150.7,0.5746683370166257,0.029238018763361868,0.015067745713783554,153.45,ripe
1763622091.6472905,1763622082.0714335,0.588,0.5,6,7,0,133.64,147.30000000000413,150.65,0.5771584903887632,0.02925543476142621,0.01170955097644133,153.45,ripe
1763622091.7245631,1763622082.0714335,0.589,0.5,7,6,0,133.57,147.30000000000413,150.64999999999998,0.5795501626238531,0.02926930842226138,0.009383858058749195,153.45,ripe
1763622092.0508041,1763622082.0714335,0.586,0.5,5,5,0,133.5,147.30000000000413,150.75,0.5818738514345559,0.02927752884695913,0.005593158906745166,153.45,ripe
1763622092.1537387,1763622082.0714335,0.583,0.5,5,5,0,133.43,147.30000000000413,150.7,0.5840867004968343,0.02927920448150343,0.0011468046738162263,153.45,ripe
1763622092.2844632,1763622082.0714335,0.581,0.5,6,5,0,133.36,147.30000000000413,150.8,0.5861696737196982,0.029274769591284354,-0.0030529211343729434,153.45,ripe
1763622092.3079658,1763622082.0714335,0.58,0.5,6,6,0,133.29,147.30000000000413,150.85,0.5881301210889024,0.02926527777104167,-0.006571744796239787,153.45,ripe
1763622092.3185835,1763622082.0714335,0.581,0.5,7,7,0,133.22,147.30000000000413,150.85,0.5899879998641998,0.02925277078237145,-0.008708811717868525,153.45,ripe
1763622092.333721,1763622082.0714335,0.582,0.5,6,7,0,133.15,147.30000000000413,150.95,0.5917835529273741,0.0292382847540016,-0.01014395885420849,153.45,ripe
1763622092.4575386,1763622082.0714335,0.582,0.5,6,7,0,133.08,147.30000000000413,150.9,0.5935371805062319,0.029221645152856423,-0.011717383469649123,153.45,ripe
1763622092.5634632,1763622082.0714335,0.579,0.5,5,7,0,133.01,147.30000000000413,150.85000000000002,0.5952449117636851,0.029200694743073276,-0.014835013245393713,153.45,ripe
1763622092.6524613,1763622082.0714335,0.578,0.5,5,6,0,132.94,147.30000000000413,150.85,0.5968622005484174,0.029175895330671574,-0.017657251289271758,153.45,ripe
1763622092.7807035,1763622082.0714335,0.58,0.5,6,7,0,132.87,147.30000000000413,150.85,0.5983976132320736,0.02914964115166016,-0.018795138602500816,153.45,ripe
1763622092.9285438,1763622082.0714335,0.581,0.5,6,7,0,132.8,147.30000000000413,150.89999999999998,0.5998996149011656,0.02912241237803811,-0.019598377586379168,153.45,ripe
1763622093.2083402,1763622082.0714335,0.579,0.5,5,6,0,132.73,147.30000000000413,150.89999999999998,0.6013778156064867,0.029092387123989448,-0.02172719694909353,153.45,ripe
1763622093.241578,1763622082.0714335,0.579,0.5,6,6,0,132.66,147.30000000000413,150.75,0.6027942612090611,0.029060126612549395,-0.023468951880364575,153.45,ripe
1763622093.4883325,1763622082.0714335,0.578,0.5,5,6,0,132.59,147.30000000000413,150.7,0.6041600322749016,0.02902526184775774,-0.025497377610553262,153.45,ripe
1763622093.5145779,1763622082.0714335,0.576,0.5,4,6,0,132.52,147.30000000000413,150.65,0.605466962144226,0.028986989923094456,-0.028135634812051946,153.45,ripe
1763622093.5961137,1763622082.0714335,0.5750000000000001,0.5,5,6,0,132.45,147.30000000000413,150.6,0.6066976990903667,0.028945672807894663,-0.030532035424279735,153.45,ripe
1763622093.6704164,1763622082.0714335,0.5750000000000001,0.5,6,6,0,132.38,147.30000000000413,150.55,0.6078591289657878,0.028902219135606068,-0.03227629713274416,153.45,ripe
1763622093.8362935,1763622082.0714335,0.576,0.5,6,6,0,132.31,147.30000000000413,150.6,0.6089697571872196,0.028857778167053896,-0.03317834127069774,153.45,ripe
1763622093.975425,1763622082.0714335,0.5720000000000001,0.5,5,5,0,132.24,147.30000000000413,150.6,0.6100534304515189,0.028809590807383566,-0.03615772249325799,153.45,ripe
1763622094.116321,1763622082.0714335,0.575,0.5,6,8,0,132.17,147.30000000000413,150.7,0.6110514210246053,0.02876105352152427,-0.03660356704547485,153.45,ripe
1763622094.197435,1763622082.0714335,0.577,0.5,6,7,0,132.1,147.30000000000413,150.7,0.6120352189380363,0.028713143072121878,-0.03631129194847105,153.45,ripe
1763622094.3074784,1763622082.0714335,0.579,0.5,5,6,0,132.03,147.30000000000413,150.60000000000002,0.6130256045898018,0.028666319255986436,-0.03566364109501918,153.45,ripe
1763622094.3274376,1763622082.0714335,0.579,0.5,5,7,0,131.96,147.30000000000413,150.5,0.6140325584632291,0.028619479161914953,-0.03585157671583783,153.45,ripe
1763622094.4508696,1763622082.0714335,0.58,0.5,5,6,0,131.89,147.30000000000413,150.55,0.6150326071895522,0.028572749031530637,-0.03594211631585664,153.45,ripe
1763622094.5377154,1763622082.0714335,0.582,0.5,5,7,0,131.82,147.30000000000413,150.45,0.6160284691198004,0.02852683817076792,-0.035483223682952536,153.45,ripe
1763622094.6590748,1763622082.0714335,0.583,0.5,6,7,0,131.75,147.30000000000413,150.4,0.6170355096337099,0.02848143103354883,-0.03526288691528601,153.45,ripe
1763622094.7010622,1763622082.0714335,0.582,0.5,5,6,0,131.68,147.30000000000413,150.45,0.6180470534280093,0.028435089322332203,-0.03616074206879738,153.45,ripe
1763622094.784157,1763622082.0714335,0.58,0.5,5,6,0,131.61,147.30000000000413,150.5,0.6190318945471716,0.028386507466179593,-0.0380887388675657,153.45,ripe
1763622094.8554173,1763622082.0714335,0.581,0.5,7,5,0,131.54,147.30000000000413,150.55,0.619961323061362,0.02833700980062324,-0.03898974522155907,153.45,ripe
1763622094.912425,1763622082.0714335,0.579,0.5,4,6,0,131.47,147.30000000000413,150.45,0.6208638847316549,0.028285356800398603,-0.0408780958117535,153.45,ripe
1763622095.175685,1763622082.0714335,0.581,0.5,6,6,0,131.4,147.30000000000413,150.5,0.6217121424727609,0.028233513929439014,-0.04121924801281018,153.45,ripe
1763622095.2190807,1763622082.0714335,0.581,0.5,5,6,0,131.33,147.30000000000413,150.55,0.6225489821441298,0.028181179325546712,-0.04180253491415453,153.45,ripe
1763622095.2541673,1763622082.0714335,0.583,0.5,6,7,0,131.26,147.30000000000413,150.5,0.623367686681093,0.028129467861661987,-0.04149446306610538,153.45,ripe
1763622095.317389,1763622082.0714335,0.584,0.5,6,7,0,131.19,147.30000000000413,150.4,0.6241928918502793,0.028078286729423575,-0.041256280042785476,153.45,ripe
1763622095.3935833,1763622082.0714335,0.586,0.5,5,7,0,131.12,147.30000000000413,150.4,0.6250226625969684,0.028028203418734854,-0.040554356693221494,153.45,ripe
1763622095.4745257,1763622082.0714335,0.585,0.5,5,5,0,131.12,147.30000000000413,150.35000000000002,0.6248887952206932,0.027978909267584454,-0.04015464226881971,153.45,ripe
1763622095.5536256,1763622082.0714335,0.586,0.5,5,7,0,131.12,147.30000000000413,150.25,0.6242794130329777,0.027931454444039043,-0.03891233655704107,153.45,ripe
1763622095.6884944,1763622082.0714335,0.588,0.5,5,8,0,131.12,147.30000000000413,150.2,0.6234649775090061,0.027886902929396322,-0.03678143927103783,153.45,ripe
1763622095.8431501,1763622082.0714335,0.59,0.5,5,7,0,131.12,147.30000000000413,150.10000000000002,0.6225925372131034,0.02784569893187314,-0.03425076809411931,153.45,ripe
1763622095.9432673,1763622082.0714335,0.591,0.5,6,7,0,131.12,147.30000000000413,150.15,0.6217335446823133,0.02780738641609526,-0.03206266012282133,153.45,ripe
1763622096.004344,1763622082.0714335,0.592,0.5,5,7,0,131.12,147.30000000000413,150.10000000000002,0.6209085243425141,0.02777168810043466,-0.030073082062768153,153.45,ripe
1763622096.0355797,1763622082.0714335,0.592,0.5,3,8,0,131.12,147.30000000000413,150.10000000000002,0.6201266076407757,0.027737828640576386,-0.02870888650090264,153.45,ripe
1763622096.1875057,1763622082.0714335,0.589,0.5,4,6,0,131.12,147.30000000000413,150.0,0.6193781289815514,0.027703642391259914,-0.029169268411614935,153.45,ripe
1763622096.3332262,1763622082.0714335,0.591,0.5,5,8,0,131.12,147.30000000000413,150.0,0.6186185469894753,0.02767101112979705,-0.02801411670450704,153.45,ripe
1763622096.3945417,1763622082.0714335,0.593,0.5,5,7,0,131.12,147.30000000000413,150.05,0.6178917869553413,0.02764080307393499,-0.026089571812857204,153.45,ripe
1763622096.443674,1763622082.0714335,0.59,0.5,5,5,0,131.07,147.30000000000413,149.89999999999998,0.6179092079638051,0.02760968045814146,-0.027008100392563072,153.45,ripe
1763622096.476101,1763622082.0714335,0.589,0.5,6,7,0,131.07,147.30000000000413,149.89999999999998,0.6175590558023538,0.027578031390632706,-0.027608502016732817,153.45,ripe
1763622096.5436747,1763622082.0714335,0.591,0.5,5,7,0,131.07,147.30000000000413,149.8,0.6170237441740446,0.027547760175481977,-0.026548467281234056,153.45,ripe
1763622096.7713196,1763622082.0714335,0.591,0.5,6,7,0,131.07,147.30000000000413,149.8,0.6164326682800089,0.027518618781772537,-0.02569502983360361,153.45,ripe
1763622096.8533719,1763622082.0714335,0.59,0.5,5,7,0,131.07,147.30000000000413,149.7,0.6158236317081108,0.027489902350331257,-0.025454812484908218,153.45,ripe
1763622096.9294405,1763622082.0714335,0.592,0.5,6,6,0,131.07,147.30000000000413,149.7,0.6152025087518187,0.027462947226953305,-0.024018099140217464,153.45,ripe
1763622097.069578,1763622082.0714335,0.594,0.5,5,7,0,131.07,147.30000000000413,149.65,0.6146100165586581,0.027438362355476247,-0.022017811752857552,153.45,ripe
1763622097.200027,1763622082.0714335,0.595,0.5,5,7,0,131.07,147.30000000000413,149.7,0.6140651831335776,0.02741584226124641,-0.020269080730677347,153.45,ripe
1763622097.26346,1763622082.0714335,0.594,0.5,4,7,0,131.07,147.30000000000413,149.64999999999998,0.6135638688179389,0.02739409812584812,-0.01966581761648878,153.45,ripe
1763622097.4575014,1763622082.0714335,0.591,0.5,5,6,0,131.07,147.30000000000413,149.64999999999998,0.6130785766252799,0.027371396082950875,-0.02062955102455477,153.45,ripe
1763622097.485799,1763622082.0714335,0.59,0.5,5,7,0,131,147.30000000000413,149.6,0.6135291740387501,0.02734692736706048,-0.02230466123838748,153.45,ripe
1763622097.5183275,1763622082.0714335,0.591,0.5,6,8,0,131,147.30000000000413,149.6,0.613459613880386,0.027322505686788068,-0.022347357480204666,153.45,ripe
1763622097.6340504,1763622082.0714335,0.591,0.5,5,7,0,131,147.30000000000413,149.6,0.6131510137522954,0.027298459510343518,-0.022094885552204846,153.45,ripe
1763622097.7868893,1763622082.0714335,0.59,0.5,4,6,0,131,147.30000000000413,149.6,0.6127309018246688,0.027274397791203216,-0.022202837724623614,153.45,ripe
1763622097.8834636,1763622082.0714335,0.59,0.5,6,7,0,131,147.30000000000413,149.6,0.6122505259930167,0.027250670932164954,-0.021986493942994123,153.45,ripe
1763622098.122113,1763622082.0714335,0.589,0.5,4,8,0,131,147.30000000000413,149.55,0.6117477361867343,0.027226903918648043,-0.02211572016172303,153.45,ripe
1763622098.2776003,1763622082.0714335,0.589,0.5,5,6,0,131,147.30000000000413,149.55,0.6112290928601282,0.027203450869549377,-0.021913084847622555,153.45,ripe
1763622098.3709607,1763622082.0714335,0.59,0.5,6,7,0,131,147.30000000000413,149.64999999999998,0.6107100283820457,0.027181009505196713,-0.0210520243757929,153.45,ripe
1763622098.5028875,1763622082.0714335,0.589,0.5,4,6,0,131,147.30000000000413,149.65,0.6102099446422955,0.02715883754882952,-0.020880942639169175,153.45,ripe
1763622098.6064641,1763622082.0714335,0.59,0.5,5,6,0,131,147.30000000000413,149.64999999999998,0.609714045113257,0.02713762972544627,-0.020049544111693907,153.45,ripe
1763622098.6550124,1763622082.0714335,0.59,0.5,5,6,0,131,147.30000000000413,149.55,0.6092388591326688,0.027117178578738927,-0.019406608631887257,153.45,ripe
1763622098.6968043,1763622082.0714335,0.589,0.5,4,7,0,131,147.30000000000413,149.7,0.6087801953406399,0.027096846625914932,-0.019364070090249097,153.45,ripe
1763622098.8073008,1763622082.0714335,0.589,0.5,5,7,0,131,147.30000000000413,149.7,0.6083239750496219,0.02707684666929159,-0.01911591242442645,153.45,ripe
1763622098.91933,1763622082.0714335,0.592,0.5,6,7,0,131,147.30000000000413,149.6,0.6078750919600207,0.027058839691510708,-0.017271060647422898,153.45,ripe
1763622098.9688041,1763622082.0714335,0.59,0.5,5,7,0,131,147.30000000000413,149.55,0.6074708932301214,0.027041000021560863,-0.017168877573822572,153.45,ripe
1763622099.0269508,1763622082.0714335,0.589,0.5,5,7,0,131,147.30000000000413,149.45,0.6070704215809624,0.027022960047346778,-0.017419413752812973,153.45,ripe
1763622099.0572,1763622082.0714335,0.589,0.5,5,6,0,131,147.30000000000413,149.45,0.6066654386210366,0.02700506055246488,-0.017339934706961935,153.45,ripe
1763622099.1878164,1763622082.0714335,0.59,0.5,6,7,0,131,147.30000000000413,149.4,0.6062636021866702,0.02698797821935242,-0.01660085022963287,153.45,ripe
1763622099.3382003,1763622082.0714335,0.591,0.5,5,7,0,131,147.30000000000413,149.3,0.6058801074186608,0.026972027983803246,-0.015548731440142127,153.45,ripe
1763622099.4219735,1763622082.0714335,0.592,0.5,6,7,0,131,147.30000000000413,149.25,0.6055220264345478,0.02695734541547804,-0.014356338445288497,153.45,ripe
1763622099.5661569,1763622082.0714335,0.591,0.5,5,7,0,131,147.30000000000413,149.15,0.6051924036770547,0.026942957823040178,-0.01410955968242511,153.45,ripe
1763622099.718757,1763622082.0714335,0.59,0.5,4,6,0,131,147.30000000000413,149.10000000000002,0.6048694026772784,0.026928389642312547,-0.014327980679963548,153.45,ripe
1763622099.7326808,1763622082.0714335,0.589,0.5,4,6,0,131,147.30000000000413,149.05,0.6045423472450514,0.026913412698639363,-0.014771636246393993,153.45,ripe
1763622099.823897,1763622082.0714335,0.59,0.5,7,6,0,131,147.30000000000413,149.05,0.6042061149720834,0.026898932891984452,-0.014320759472754796,153.45,ripe
1763622099.9388964,1763622082.0714335,0.591,0.5,4,7,0,131,147.30000000000413,149.0,0.6038810433688959,0.026885381857825474,-0.013438365619231618,153.45,ripe
1763622100.0830688,1763622082.0714335,0.593,0.5,7,7,0,131,147.30000000000413,148.95,0.6035768226801184,0.026873458433164556,-0.011855483805286227,153.45,ripe
1763622100.1171055,1763622082.0714335,0.594,0.5,6,6,0,131,147.30000000000413,148.95,0.6033091418105186,0.026862977110889762,-0.010448472373102535,153.45,ripe
1763622100.214857,1763622082.0714335,0.594,0.5,6,7,0,131,147.30000000000413,149.0,0.6030738361324649,0.0268533276127526,-0.009643501413756916,153.45,ripe
1763622100.264027,1763622082.0714335,0.592,0.5,5,6,0,131,147.30000000000413,149.05,0.6028572049027918,0.026843204212133057,-0.010142037543437787,153.45,ripe
1763622100.347064,1763622082.0714335,0.592,0.5,5,7,0,131,147.30000000000413,148.89999999999998,0.6026299345606356,0.026832975376306734,-0.01027235088095857,153.45,ripe
1763622100.486714,1763622082.0714335,0.593,0.5,5,6,0,131,147.30000000000413,148.85,0.6024002971972106,0.026823317795174686,-0.00972150535737204,153.45,ripe
1763622100.637928,1763622082.0714335,0.593,0.5,6,6,0,131,147.30000000000413,148.75,0.6021834845012339,0.026814056472171655,-0.009344088581314747,153.45,ripe
1763622100.713568,1763622082.0714335,0.59,0.5,4,6,0,131,147.30000000000413,148.8,0.6019755678000346,0.026803617600751437,-0.01055586984007506,153.45,ripe
1763622100.9604204,1763622082.0714335,0.591,0.5,6,7,0,131,147.30000000000413,148.75,0.6017412151367602,0.026793225835466797,-0.010531366156780408,153.45,ripe
1763622101.0810673,1763622082.0714335,0.59,0.5,5,7,0,131,147.30000000000413,148.64999999999998,0.6015079200061746,0.02678249047392759,-0.010902995516184788,153.45,ripe
1763622101.1614628,1763622082.0714335,0.591,0.5,6,7,0,131,147.30000000000413,148.55,0.6012669111396468,0.026772208558027664,-0.010464448894651923,153.45,ripe
1763622101.3217392,1763622082.0714335,0.59,0.5,4,6,0,131,147.30000000000413,148.5,0.6010360821277071,0.026761780677129907,-0.010634851005209667,153.45,ripe
1763622101.4078248,1763622082.0714335,0.592,0.5,5,7,0,131,147.30000000000413,148.45,0.6008019762015593,0.026752385087490827,-0.009601360640310586,153.45,ripe
1763622101.558067,1763622082.0714335,0.589,0.5,5,5,0,131,147.30000000000413,148.45,0.6005910452141654,0.026742139354142352,-0.010490737433541009,153.45,ripe
1763622101.6348894,1763622082.0714335,0.587,0.5,4,6,0,131,147.30000000000413,148.4,0.6003610285004938,0.026730626484808815,-0.011810874610181599,153.45,ripe
1763622101.732662,1763622082.0714335,0.589,0.5,5,7,0,131,147.30000000000413,148.45,0.6001025645839567,0.02671960556440393,-0.011327487638800648,153.45,ripe
1763622101.8043869,1763622082.0714335,0.587,0.5,4,7,0,131,147.30000000000413,148.55,0.5998551449208676,0.026707983262451176,-0.011967606448289536,153.45,ripe
1763622101.9251647,1763622082.0714335,0.587,0.5,6,6,0,131,147.30000000000413,148.60000000000002,0.5995942242420285,0.026696204615716795,-0.012150455005739413,153.45,ripe
1763622102.0211484,1763622082.0714335,0.584,0.5,4,6,0,131,147.30000000000413,148.7,0.5993297936228417,0.026683036329575114,-0.013607909004697216,153.45,ripe
