Time,ReachedHoldTime,Force,DesiredForce,State,ActualWidth,CommandWidth,Proximity,RawFzL,RawFzR,ForcePrediction,SpringConstant,RLSError,BaselineWidth,Ripeness
1762155429.7357626,0,0.025,0,1,0,0,697,400,692.5,0.0,0.0,0.0,0.0,unknown
1762155429.7458622,0,0.016666666666666666,0,0,0,0,596.6666666666666,400,630.0,0.0,0.0,0.0,0.0,unknown
1762155429.7559698,0,0.0125,0,0,0,0,546.5,400,600.0,0.0,0.0,0.0,0.0,unknown
1762155429.7660542,0,0.02,0,0,1,0,516.4,400,583.0,0.0,0.0,0.0,0.0,unknown
1762155429.776142,0,0.025,0,0,1,0,496.3333333333333,400,571.6666666666667,0.0,0.0,0.0,0.0,unknown
1762155429.786217,0,0.02142857142857143,0,0,0,0,482,400,563.5714285714286,0.0,0.0,0.0,0.0,unknown
1762155429.7962875,0,0.03125,0,1,1,0,471.25,400,557.5,0.0,0.0,0.0,0.0,unknown
1762155429.8063598,0,0.03333333333333333,0,1,0,0,462.8888888888889,400,552.2222222222222,0.0,0.0,0.0,0.0,unknown
1762155429.8164303,0,0.035,0,1,0,0,456.2,400,547.0,0.0,0.0,0.0,0.0,unknown
1762155429.8265026,0,0.03636363636363637,0,1,0,0,450.72727272727275,400,542.7272727272727,0.0,0.0,0.0,0.0,unknown
1762155429.8365717,0,0.03333333333333333,0,0,0,0,446.1666666666667,400,539.1666666666666,0.0,0.0,0.0,0.0,unknown
1762155429.8466363,0,0.03076923076923077,0,0,0,0,442.3076923076923,400,536.1538461538462,0.0,0.0,0.0,0.0,unknown
1762155429.8567097,0,0.03214285714285715,0,1,0,0,439,400,533.5714285714286,0.0,0.0,0.0,0.0,unknown
1762155429.8668492,0,0.030000000000000002,0,0,0,0,436.1333333333333,400,531.3333333333334,0.0,0.0,0.0,0.0,unknown
1762155429.876954,0,0.034375,0,1,1,0,433.625,400,529.6875,0.0,0.0,0.0,0.0,unknown
1762155429.8870678,0,0.03529411764705882,0,1,0,0,431.4117647058824,400,528.8235294117646,0.0,0.0,0.0,0.0,unknown
1762155429.8971658,0,0.03888888888888889,0,1,1,0,429.44444444444446,400,528.0555555555555,0.0,0.0,0.0,0.0,unknown
1762155429.9072735,0,0.0368421052631579,0,0,0,0,427.6842105263158,400,527.3684210526316,0.0,0.0,0.0,0.0,unknown
1762155429.917373,0,0.035,0,0,0,0,426.1,400,526.75,0.0,0.0,0.0,0.0,unknown
1762155429.9274743,0,0.03333333333333333,0,0,0,0,424.6666666666667,400,525.952380952381,0.0,0.0,0.0,0.0,unknown
1762155429.9375618,0,0.034090909090909095,0,1,0,0,423.3636363636364,400,525.2272727272727,0.0,0.0,0.0,0.0,unknown
1762155429.9476268,0,0.034782608695652174,0,0,1,0,422.17391304347825,400,524.5652173913044,0.0,0.0,0.0,0.0,unknown
1762155429.9577363,0,0.03333333333333333,0,0,0,0,421.0833333333333,400,523.9583333333333,0.0,0.0,0.0,0.0,unknown
1762155429.9678314,0,0.036000000000000004,0,1,1,0,420.08,400,523.5999999999999,0.0,0.0,0.0,0.0,unknown
1762155429.9779088,0,0.03653846153846154,0,1,0,0,419.15384615384613,400,523.2692307692307,0.0,0.0,0.0,0.0,unknown
1762155429.9879715,0,0.03703703703703704,0,1,0,0,418.2962962962963,400,522.9629629629629,0.0,0.0,0.0,0.0,unknown
1762155429.998042,0,0.04107142857142857,0,1,2,0,417.5,400,522.8571428571429,0.0,0.0,0.0,0.0,unknown
1762155430.0081463,0,0.039655172413793106,0,0,0,0,416.7586206896552,400,522.5862068965516,0.0,0.0,0.0,0.0,unknown
1762155430.0182445,0,0.03833333333333334,0,0,0,0,416.06666666666666,400,522.1666666666666,0.0,0.0,0.0,0.0,unknown
1762155430.0283852,0,0.03870967741935484,0,0,1,0,415.4193548387097,400,521.6129032258065,0.0,0.0,0.0,0.0,unknown
1762155430.0384848,0,0.0421875,0,1,2,0,414.8125,400,520.9375,0.0,0.0,0.0,0.0,unknown
1762155430.0485852,0,0.045454545454545456,0,2,1,0,414.24242424242425,400,520.3030303030303,0.0,0.0,0.0,0.0,unknown
1762155430.0586734,0,0.047058823529411764,0,1,1,0,413.70588235294116,400,519.7058823529412,0.0,0.0,0.0,0.0,unknown
1762155430.0687695,0,0.04857142857142857,0,1,1,0,413.2,400,519.1428571428571,0.0,0.0,0.0,0.0,unknown
1762155430.0788722,0,0.04722222222222222,0,0,0,0,412.72222222222223,400,518.6111111111111,0.0,0.0,0.0,0.0,unknown
1762155430.0889916,0,0.051351351351351354,0,2,2,0,412.27027027027026,400,518.2432432432432,0.0,0.0,0.0,0.0,unknown
1762155430.0991352,0,0.05394736842105263,0,2,1,0,411.8421052631579,400,518.1578947368421,0.0,0.0,0.0,0.0,unknown
1762155430.1092453,0,0.05384615384615385,0,1,0,0,411.43589743589746,400,518.2051282051282,0.0,0.0,0.0,0.0,unknown
1762155430.1193638,0,0.05375,0,0,1,0,411.05,400,518.25,0.0,0.0,0.0,0.0,unknown
1762155430.1294534,0,0.05365853658536585,0,0,1,0,410.6829268292683,400,518.0487804878048,0.0,0.0,0.0,0.0,unknown
1762155430.1395648,0,0.053571428571428575,0,0,1,0,410.3333333333333,400,517.7380952380952,0.0,0.0,0.0,0.0,unknown
1762155430.149769,0,0.053488372093023255,0,0,1,0,410,400,517.4418604651163,0.0,0.0,0.0,0.0,unknown
1762155430.1598737,0,0.05340909090909091,0,1,0,0,409.6818181818182,400,517.1590909090909,0.0,0.0,0.0,0.0,unknown
1762155430.1700008,0,0.05444444444444445,0,2,0,0,409.3777777777778,400,516.8888888888889,0.0,0.0,0.0,0.0,unknown
1762155430.1801322,0,0.053260869565217396,0.8,0,0,3,409.0869565217391,400,516.7391304347826,0.0,0.0,0.0,0.0,unknown
1762155430.1902204,0,0.05425531914893617,0.8,2,0,3,408.8085106382979,399.9,516.4893617021277,0.0,0.0,0.0,0.0,unknown
1762155430.2003248,0,0.05416666666666667,0.8,0,1,3,408.5416666666667,399.79999999999995,516.25,0.0,0.0,0.0,0.0,unknown
1762155430.2104416,0,0.05408163265306123,0.8,1,0,3,408.2857142857143,399.69999999999993,515.9183673469388,0.0,0.0,0.0,0.0,unknown
1762155430.220558,0,0.054,0.8,1,0,3,408.04,399.5999999999999,515.7,0.0,0.0,0.0,0.0,unknown
1762155430.2306612,0,0.056,0.8,1,1,3,407.80392156862746,399.4999999999999,515.686274509804,0.0,0.0,0.0,0.0,unknown
1762155430.2407477,0,0.056,0.8,0,1,3,407.5769230769231,399.39999999999986,515.5769230769231,0.0,0.0,0.0,0.0,unknown
1762155430.2508368,0,0.057,0.8,1,0,3,407.35849056603774,399.29999999999984,515.4716981132076,0.0,0.0,0.0,0.0,unknown
1762155430.2609248,0,0.058,0.8,0,1,3,407.14814814814815,399.1999999999998,515.2777777777778,0.0,0.0,0.0,0.0,unknown
1762155430.2709966,0,0.058,0.8,0,1,3,406.94545454545454,399.0999999999998,515.090909090909,0.0,0.0,0.0,0.0,unknown
1762155430.281095,0,0.058,0.8,1,0,3,406.75,398.9999999999998,515.0,0.0,0.0,0.0,0.0,unknown
1762155430.2911587,0,0.060000000000000005,0.8,1,1,3,406.56140350877195,398.89999999999975,514.9122807017544,0.0,0.0,0.0,0.0,unknown
1762155430.3012295,0,0.060000000000000005,0.8,1,1,3,406.37931034482756,398.7999999999997,514.8275862068965,0.0,0.0,0.0,0.0,unknown
1762155430.311303,0,0.061000000000000006,0.8,0,2,3,406.20338983050846,398.6999999999997,514.7457627118644,0.0,0.0,0.0,0.0,unknown
1762155430.3214092,0,0.061000000000000006,0.8,0,1,3,406.03333333333336,398.5999999999997,514.75,0.0,0.0,0.0,0.0,unknown
1762155430.3314745,0,0.061000000000000006,0.8,0,1,3,405.8688524590164,398.49999999999966,514.7540983606557,0.0,0.0,0.0,0.0,unknown
1762155430.3415365,0,0.063,0.8,1,1,3,405.7096774193548,398.39999999999964,514.758064516129,0.0,0.0,0.0,0.0,unknown
1762155430.351605,0,0.063,0.8,0,0,3,405.55555555555554,398.2999999999996,514.7619047619048,0.0,0.0,0.0,0.0,unknown
1762155430.361714,0,0.063,0.8,0,1,3,405.515625,398.1999999999996,514.84375,0.0,0.0,0.0,0.0,unknown
1762155430.3717859,0,0.063,0.8,0,0,3,405.3692307692308,398.09999999999957,514.9230769230769,0.0,0.0,0.0,0.0,unknown
1762155430.381896,0,0.062,0.8,0,1,3,405.22727272727275,397.99999999999955,514.9242424242425,0.0,0.0,0.0,0.0,unknown
1762155430.391968,0,0.061000000000000006,0.8,0,0,3,404.95522388059703,397.8999999999995,514.9253731343283,0.0,0.0,0.0,0.0,unknown
1762155430.4020405,0,0.059000000000000004,0.8,0,0,3,404.5735294117647,397.7999999999995,514.7794117647059,0.0,0.0,0.0,0.0,unknown
1762155430.4121172,0,0.059000000000000004,0.8,0,0,3,404.2028985507246,397.6999999999995,514.6376811594203,0.0,0.0,0.0,0.0,unknown
1762155430.4221923,0,0.060000000000000005,0.8,1,0,3,403.84285714285716,397.59999999999945,514.4285714285714,0.0,0.0,0.0,0.0,unknown
1762155430.432265,0,0.060000000000000005,0.8,0,0,3,403.49295774647885,397.49999999999943,514.1549295774648,0.0,0.0,0.0,0.0,unknown
1762155430.4423714,0,0.061000000000000006,0.8,1,1,3,403.15277777777777,397.3999999999994,513.8888888888889,0.0,0.0,0.0,0.0,unknown
1762155430.4524362,0,0.060000000000000005,0.8,0,0,3,402.82191780821915,397.2999999999994,513.6301369863013,0.0,0.0,0.0,0.0,unknown
1762155430.4625516,0,0.060000000000000005,0.8,0,0,3,402.5,397.19999999999936,513.3108108108108,0.0,0.0,0.0,0.0,unknown
1762155430.472615,0,0.059000000000000004,0.8,1,0,3,402.18666666666667,397.09999999999934,512.9333333333334,0.0,0.0,0.0,0.0,unknown
1762155430.4827187,0,0.059000000000000004,0.8,1,0,3,401.88157894736844,396.9999999999993,512.5657894736842,0.0,0.0,0.0,0.0,unknown
1762155430.4927864,0,0.058,0.8,0,0,3,401.5844155844156,396.8999999999993,512.2077922077922,0.0,0.0,0.0,0.0,unknown
1762155430.5028913,0,0.055,0.8,0,0,3,401.29487179487177,396.7999999999993,511.9230769230769,0.0,0.0,0.0,0.0,unknown
1762155430.5130093,0,0.057,0.8,0,2,3,400.8607594936709,396.69999999999925,511.6455696202532,0.0,0.0,0.0,0.0,unknown
1762155430.5230923,0,0.059000000000000004,0.8,1,1,3,400.4375,396.5999999999992,511.3125,0.0,0.0,0.0,0.0,unknown
1762155430.5331845,0,0.060000000000000005,0.8,1,1,3,400.1111111111111,396.4999999999992,510.9259259259259,0.0,0.0,0.0,0.0,unknown
1762155430.5432827,0,0.057,0.8,0,0,3,399.7439024390244,396.3999999999992,510.5487804878049,0.0,0.0,0.0,0.0,unknown
1762155430.5534139,0,0.055,0.8,0,1,3,399.56626506024094,396.29999999999916,510.2409638554217,0.0,0.0,0.0,0.0,unknown
1762155430.5635147,0,0.054,0.8,1,0,3,399.4166666666667,396.19999999999914,510.0,0.0,0.0,0.0,0.0,unknown
1762155430.5736158,0,0.053000000000000005,0.8,1,0,3,399.32941176470587,396.0999999999991,509.7647058823529,0.0,0.0,0.0,0.0,unknown
1762155430.5837278,0,0.055,0.8,1,1,3,399.24418604651163,395.9999999999991,509.593023255814,0.0,0.0,0.0,0.0,unknown
1762155430.5938294,0,0.053000000000000005,0.8,1,1,3,399.1034482758621,395.89999999999907,509.48275862068965,0.0,0.0,0.0,0.0,unknown
1762155430.6039307,0,0.051000000000000004,0.8,1,0,3,398.96590909090907,395.79999999999905,509.4318181818182,0.0,0.0,0.0,0.0,unknown
1762155430.6140697,0,0.051000000000000004,0.8,0,1,3,398.8876404494382,395.699999999999,509.43820224719104,0.0,0.0,0.0,0.0,unknown
1762155430.6241927,0,0.051000000000000004,0.8,1,0,3,398.85555555555555,395.599999999999,509.44444444444446,0.0,0.0,0.0,0.0,unknown
1762155430.6342676,0,0.05,0.8,0,0,3,398.8241758241758,395.499999999999,509.39560439560444,0.0,0.0,0.0,0.0,unknown
1762155430.6443472,0,0.05,0.8,1,0,3,398.69565217391306,395.39999999999895,509.3478260869565,0.0,0.0,0.0,0.0,unknown
1762155430.6544235,0,0.049,0.8,0,0,3,398.5698924731183,395.29999999999893,509.247311827957,0.0,0.0,0.0,0.0,unknown
1762155430.6645353,0,0.048,0.8,0,0,3,398.2340425531915,395.1999999999989,509.09574468085106,0.0,0.0,0.0,0.0,unknown
1762155430.674618,0,0.049,0.8,2,1,3,397.90526315789475,395.0999999999989,508.8947368421053,0.0,0.0,0.0,0.0,unknown
1762155430.6847384,0,0.051000000000000004,0.8,1,1,3,397.5416666666667,394.99999999999886,508.59375,0.0,0.0,0.0,0.0,unknown
1762155430.6948864,0,0.051000000000000004,0.8,2,0,3,397.22680412371136,394.89999999999884,508.19587628865975,0.0,0.0,0.0,0.0,unknown
1762155430.704988,0,0.05,0.8,0,0,3,396.9183673469388,394.7999999999988,507.80612244897964,0.0,0.0,0.0,0.0,unknown
1762155430.7150958,0,0.05,0.8,1,0,3,396.5959595959596,394.6999999999988,507.47474747474746,0.0,0.0,0.0,0.0,unknown
1762155430.7251935,0,0.05,0.8,1,0,3,396.3,394.5999999999988,507.15000000000003,0.0,0.0,0.0,0.0,unknown
1762155430.7352967,0,0.049,0.8,0,1,3,389.99,394.49999999999875,503.1,0.0,0.0,0.0,0.0,unknown
1762155430.7453985,0,0.049,0.8,1,0,3,389.7,394.3999999999987,502.8,0.0,0.0,0.0,0.0,unknown
1762155430.755495,0,0.051000000000000004,0.8,1,2,3,389.41,394.2999999999987,502.5,0.0,0.0,0.0,0.0,unknown
1762155430.7655957,0,0.051000000000000004,0.8,0,1,3,389.12,394.1999999999987,502.1,0.0,0.0,0.0,0.0,unknown
1762155430.7756908,0,0.052000000000000005,0.8,0,2,3,388.83,394.09999999999866,501.65,0.0,0.0,0.0,0.0,unknown
1762155430.7857854,0,0.051000000000000004,0.8,0,0,3,388.61,393.99999999999864,501.25,0.0,0.0,0.0,0.0,unknown
1762155430.795872,0,0.049,0.8,0,0,3,388.39,393.8999999999986,500.8,0.0,0.0,0.0,0.0,unknown
1762155430.805989,0,0.047,0.8,0,0,3,388.13,393.7999999999986,500.34999999999997,0.0,0.0,0.0,0.0,unknown
1762155430.8160963,0,0.045000000000000005,0.8,0,0,3,387.96,393.69999999999857,500.0,0.0,0.0,0.0,0.0,unknown
1762155430.8261924,0,0.044000000000000004,0.8,0,0,3,387.87,393.59999999999854,499.75,0.0,0.0,0.0,0.0,unknown
1762155430.8362856,0,0.044000000000000004,0.8,1,0,3,387.78,393.4999999999985,499.45000000000005,0.0,0.0,0.0,0.0,unknown
1762155430.8463974,0,0.042,0.8,0,0,3,387.78,393.3999999999985,499.15,0.0,0.0,0.0,0.0,unknown
1762155430.8565145,0,0.044000000000000004,0.8,1,1,3,387.78,393.2999999999985,498.9,0.0,0.0,0.0,0.0,unknown
1762155430.8666203,0,0.044000000000000004,0.8,1,0,3,387.78,393.19999999999845,498.7,0.0,0.0,0.0,0.0,unknown
1762155430.8767014,0,0.046,0.8,1,1,3,387.78,393.09999999999843,498.5,0.0,0.0,0.0,0.0,unknown
1762155430.8868103,0,0.045000000000000005,0.8,0,0,3,387.78,392.9999999999984,498.25,0.0,0.0,0.0,0.0,unknown
1762155430.8969338,0,0.046,0.8,1,0,3,387.78,392.8999999999984,497.95000000000005,0.0,0.0,0.0,0.0,unknown
1762155430.9070575,0,0.048,0.8,1,1,3,387.78,392.79999999999836,497.65,0.0,0.0,0.0,0.0,unknown
1762155430.9171815,0,0.048,0.8,0,0,3,387.78,392.69999999999834,497.4,0.0,0.0,0.0,0.0,unknown
1762155430.9272878,0,0.049,0.8,1,1,3,387.78,392.5999999999983,497.15000000000003,0.0,0.0,0.0,0.0,unknown
1762155430.937409,0,0.051000000000000004,0.8,1,1,3,387.78,392.4999999999983,497.0,0.0,0.0,0.0,0.0,unknown
1762155430.947482,0,0.05,0.8,1,0,3,387.78,392.3999999999983,496.9,0.0,0.0,0.0,0.0,unknown
1762155430.9575834,0,0.05,0.8,0,0,3,387.8,392.29999999999825,496.8,0.0,0.0,0.0,0.0,unknown
1762155430.9676857,0,0.051000000000000004,0.8,1,0,3,387.87,392.1999999999982,496.7,0.0,0.0,0.0,0.0,unknown
1762155430.9778063,0,0.05,0.8,0,0,3,387.89,392.0999999999982,496.4,0.0,0.0,0.0,0.0,unknown
1762155430.9879048,0,0.049,0.8,0,0,3,387.89,391.9999999999982,496.1,0.0,0.0,0.0,0.0,unknown
1762155430.998017,0,0.05,0.8,1,0,3,387.89,391.89999999999816,495.85,0.0,0.0,0.0,0.0,unknown
1762155431.0081491,0,0.051000000000000004,0.8,1,0,3,387.8,391.79999999999814,495.55,0.0,0.0,0.0,0.0,unknown
1762155431.0182643,0,0.051000000000000004,0.8,2,0,3,387.51,391.6999999999981,495.29999999999995,0.0,0.0,0.0,0.0,unknown
1762155431.028378,0,0.049,0.8,0,0,3,387.22,391.5999999999981,495.0,0.0,0.0,0.0,0.0,unknown
1762155431.0385199,0,0.048,0.8,1,0,3,386.93,391.49999999999807,494.65,0.0,0.0,0.0,0.0,unknown
1762155431.0486388,0,0.049,0.8,1,0,3,386.67,391.39999999999804,494.29999999999995,0.0,0.0,0.0,0.0,unknown
1762155431.0587347,0,0.048,0.8,0,0,3,386.38,391.299999999998,493.9,0.0,0.0,0.0,0.0,unknown
1762155431.0688288,0,0.047,0.8,0,0,3,386.09,391.199999999998,493.5,0.0,0.0,0.0,0.0,unknown
1762155431.079001,0,0.047,0.8,0,1,3,385.8,391.099999999998,493.15,0.0,0.0,0.0,0.0,unknown
1762155431.0891962,0,0.046,0.8,1,0,3,385.51,390.99999999999795,492.79999999999995,0.0,0.0,0.0,0.0,unknown
1762155431.0992982,0,0.044000000000000004,0.8,0,0,3,385.25,390.89999999999793,492.4,0.0,0.0,0.0,0.0,unknown
1762155431.1094313,0,0.043000000000000003,0.8,0,0,3,384.96,390.7999999999979,491.85,0.0,0.0,0.0,0.0,unknown
1762155431.1195235,0,0.042,0.8,0,0,3,384.67,390.6999999999979,491.20000000000005,0.0,0.0,0.0,0.0,unknown
1762155431.129604,0,0.041,0.8,0,0,3,384.38,390.59999999999786,490.55,0.0,0.0,0.0,0.0,unknown
1762155431.13969,0,0.041,0.8,0,0,3,384.09,390.49999999999784,490.04999999999995,0.0,0.0,0.0,0.0,unknown
1762155431.14977,0,0.04,0.8,0,0,3,383.87,390.3999999999978,489.65,0.0,0.0,0.0,0.0,unknown
1762155431.159884,0,0.043000000000000003,0.8,2,1,3,383.61,390.2999999999978,489.25,0.0,0.0,0.0,0.0,unknown
1762155431.1699896,0,0.045,0.8,1,1,3,383.44,390.1999999999978,488.84999999999997,0.0,0.0,0.0,0.0,unknown
1762155431.1801026,0,0.043000000000000003,0.8,0,1,3,383.35,390.09999999999775,488.5,0.0,0.0,0.0,0.0,unknown
1762155431.1902506,0,0.042,0.8,1,0,3,383.26,389.9999999999977,488.15,0.0,0.0,0.0,0.0,unknown
1762155431.200372,0,0.042,0.8,1,1,3,383.22,389.8999999999977,487.9,0.0,0.0,0.0,0.0,unknown
1762155431.2104998,0,0.044000000000000004,0.8,1,1,3,383.13,389.7999999999977,487.7,0.0,0.0,0.0,0.0,unknown
1762155431.2205868,0,0.044000000000000004,0.8,0,1,3,383.04,389.69999999999766,487.6,0.0,0.0,0.0,0.0,unknown
1762155431.2306855,0,0.044000000000000004,0.8,0,1,3,382.95,389.59999999999764,487.55,0.0,0.0,0.0,0.0,unknown
1762155431.240813,0,0.044000000000000004,0.8,1,0,3,382.86,389.4999999999976,487.5,0.0,0.0,0.0,0.0,unknown
1762155431.2508895,0,0.043000000000000003,0.8,0,0,3,382.77,389.3999999999976,487.45,0.0,0.0,0.0,0.0,unknown
1762155431.261003,0,0.042,0.8,1,1,3,382.68,389.29999999999757,487.35,0.0,0.0,0.0,0.0,unknown
1762155431.2710817,0,0.045000000000000005,0.8,3,1,3,382.59,389.19999999999754,487.25,0.0,0.0,0.0,0.0,unknown
1762155431.281145,0,0.044000000000000004,0.8,1,0,3,382.5,389.0999999999975,487.1,0.0,0.0,0.0,0.0,unknown
1762155431.2913482,0,0.045000000000000005,0.8,1,0,3,382.41,388.9999999999975,486.85,0.0,0.0,0.0,0.0,unknown
1762155431.3014593,0,0.046,0.8,1,0,3,382.41,388.8999999999975,486.6,0.0,0.0,0.0,0.0,unknown
1762155431.3115265,0,0.046,0.8,0,0,3,382.41,388.79999999999745,486.35,0.0,0.0,0.0,0.0,unknown
1762155431.3215961,0,0.047,0.8,0,1,3,382.43,388.69999999999743,486.15,0.0,0.0,0.0,0.0,unknown
1762155431.3316677,0,0.047,0.8,0,0,3,382.43,388.5999999999974,485.90000000000003,0.0,0.0,0.0,0.0,unknown
1762155431.341741,0,0.046,0.8,0,0,3,382.43,388.4999999999974,485.6,0.0,0.0,0.0,0.0,unknown
1762155431.3518121,0,0.047,0.8,1,0,3,382.39,388.39999999999736,485.25,0.0,0.0,0.0,0.0,unknown
1762155431.3619277,0,0.048,0.8,2,1,3,382.39,388.29999999999734,484.85,0.0,0.0,0.0,0.0,unknown
1762155431.3719914,0,0.05,0.8,1,2,3,382.03,388.1999999999973,484.3,0.0,0.0,0.0,0.0,unknown
1762155431.382097,0,0.05,0.8,1,1,3,381.74,388.0999999999973,483.7,0.0,0.0,0.0,0.0,unknown
1762155431.3921819,0,0.051000000000000004,0.8,1,0,3,381.45,387.99999999999727,483.09999999999997,0.0,0.0,0.0,0.0,unknown
1762155431.4022539,0,0.051000000000000004,0.8,1,0,3,381.25,387.89999999999725,482.45,0.0,0.0,0.0,0.0,unknown
1762155431.4123755,0,0.049,0.8,0,0,3,381.13,387.7999999999972,481.9,0.0,0.0,0.0,0.0,unknown
1762155431.4224486,0,0.049,0.8,0,0,3,381.01,387.6999999999972,481.4,0.0,0.0,0.0,0.0,unknown
1762155431.4325233,0,0.048,0.8,1,0,3,380.89,387.5999999999972,480.95,0.0,0.0,0.0,0.0,unknown
1762155431.4426003,0,0.046,0.8,0,0,3,380.77,387.49999999999716,480.55,0.0,0.0,0.0,0.0,unknown
1762155431.452671,0,0.046,0.8,1,0,3,380.65,387.39999999999714,480.1,0.0,0.0,0.0,0.0,unknown
1762155431.4627638,0,0.046,0.8,0,0,3,380.53,387.2999999999971,479.65,0.0,0.0,0.0,0.0,unknown
1762155431.4728687,0,0.045,0.8,0,0,3,380.41,387.1999999999971,479.25,0.0,0.0,0.0,0.0,unknown
1762155431.4829378,0,0.046,0.8,1,0,3,380.29,387.09999999999707,478.95000000000005,0.0,0.0,0.0,0.0,unknown
1762155431.493035,0,0.047,0.8,1,0,3,380.24,386.99999999999704,478.65,0.0,0.0,0.0,0.0,unknown
1762155431.5031257,0,0.046,0.8,0,0,3,380.15,386.899999999997,478.35,0.0,0.0,0.0,0.0,unknown
1762155431.5132604,0,0.045,0.8,0,0,3,380.15,386.799999999997,478.0,0.0,0.0,0.0,0.0,unknown
1762155431.5233762,0,0.044000000000000004,0.8,1,0,3,380.35,386.699999999997,477.65,0.0,0.0,0.0,0.0,unknown
1762155431.533469,0,0.045,0.8,1,0,3,380.6,386.59999999999695,477.4,0.0,0.0,0.0,0.0,unknown
1762155431.5435572,0,0.047,0.8,2,1,3,380.73,386.49999999999693,477.25,0.0,0.0,0.0,0.0,unknown
1762155431.5536547,0,0.047,0.8,0,1,3,380.9,386.3999999999969,477.25,0.0,0.0,0.0,0.0,unknown
1762155431.5637617,0,0.049,0.8,0,2,3,380.92,386.2999999999969,477.25,0.0,0.0,0.0,0.0,unknown
1762155431.5738783,0,0.049,0.8,0,0,3,380.97,386.19999999999686,477.25,0.0,0.0,0.0,0.0,unknown
1762155431.5840008,0,0.051000000000000004,0.8,2,1,3,380.92,386.09999999999684,477.29999999999995,0.0,0.0,0.0,0.0,unknown
1762155431.5941043,0,0.05,0.8,0,0,3,380.87,385.9999999999968,477.29999999999995,0.0,0.0,0.0,0.0,unknown
1762155431.6042027,0,0.05,0.8,0,0,3,380.87,385.8999999999968,477.25,0.0,0.0,0.0,0.0,unknown
1762155431.6143055,0,0.051000000000000004,0.8,1,0,3,380.87,385.79999999999677,477.15,0.0,0.0,0.0,0.0,unknown
1762155431.6244144,0,0.052000000000000005,0.8,1,0,3,380.82,385.69999999999675,477.1,0.0,0.0,0.0,0.0,unknown
1762155431.6345334,0,0.054,0.8,1,1,3,380.78,385.5999999999967,477.0,0.0,0.0,0.0,0.0,unknown
1762155431.6446276,0,0.055,0.8,0,1,3,380.8,385.4999999999967,476.9,0.0,0.0,0.0,0.0,unknown
1762155431.654711,0,0.055,0.8,0,0,3,380.91,385.3999999999967,476.70000000000005,0.0,0.0,0.0,0.0,unknown
1762155431.6648088,0,0.052000000000000005,0.8,0,0,3,381.02,385.29999999999666,476.6,0.0,0.0,0.0,0.0,unknown
1762155431.6748896,0,0.051000000000000004,0.8,1,0,3,381.33,385.19999999999663,476.54999999999995,0.0,0.0,0.0,0.0,unknown
1762155431.684993,0,0.05,0.8,0,0,3,381.62,385.0999999999966,476.55,0.0,0.0,0.0,0.0,unknown
1762155431.6951017,0,0.05,0.8,1,0,3,381.95,384.9999999999966,476.65,0.0,0.0,0.0,0.0,unknown
1762155431.7052004,0,0.049,0.8,1,0,3,382.07,384.89999999999657,476.85,0.0,0.0,0.0,0.0,unknown
1762155431.715266,0,0.048,0.8,0,1,3,382.36,384.79999999999654,477.0,0.0,0.0,0.0,0.0,unknown
1762155431.7253869,0,0.047,0.8,0,0,3,382.38,384.6999999999965,477.05,0.0,0.0,0.0,0.0,unknown
1762155431.735455,0,0.047,0.8,1,0,3,382.38,384.5999999999965,477.05,0.0,0.0,0.0,0.0,unknown
1762155431.745516,0,0.047,0.8,1,0,3,382.41,384.4999999999965,476.9,0.0,0.0,0.0,0.0,unknown
1762155431.7555842,0,0.049,0.8,1,1,3,382.41,384.39999999999645,476.65,0.0,0.0,0.0,0.0,unknown
1762155431.765672,0,0.049,0.8,1,1,3,382.41,384.29999999999643,476.4,0.0,0.0,0.0,0.0,unknown
1762155431.7757373,0,0.047,0.8,1,1,3,382.41,384.1999999999964,476.2,0.0,0.0,0.0,0.0,unknown
1762155431.7858045,0,0.047,0.8,0,1,3,382.41,384.0999999999964,476.09999999999997,0.0,0.0,0.0,0.0,unknown
1762155431.795906,0,0.046,0.8,0,0,3,382.34,383.99999999999636,475.9,0.0,0.0,0.0,0.0,unknown
1762155431.8059883,0,0.047,0.8,1,1,3,382.3,383.89999999999634,475.75,0.0,0.0,0.0,0.0,unknown
1762155431.8160899,0,0.048,0.8,0,1,3,382.27,383.7999999999963,475.6,0.0,0.0,0.0,0.0,unknown
1762155431.826154,0,0.047,0.8,0,0,3,382.15,383.6999999999963,475.4,0.0,0.0,0.0,0.0,unknown
1762155431.8362281,0,0.047,0.8,0,0,3,381.95,383.59999999999627,475.2,0.0,0.0,0.0,0.0,unknown
1762155431.846293,0,0.048,0.8,1,0,3,381.82,383.49999999999625,475.04999999999995,0.0,0.0,0.0,0.0,unknown
1762155431.8563986,0,0.048,0.8,1,0,3,381.6,383.3999999999962,474.9,0.0,0.0,0.0,0.0,unknown
1762155431.8664691,0,0.046,0.8,1,0,3,381.34,383.2999999999962,474.75,0.0,0.0,0.0,0.0,unknown
1762155431.876542,0,0.043000000000000003,0.8,0,0,3,381.05,383.1999999999962,474.6,0.0,0.0,0.0,0.0,unknown
1762155431.8866122,0,0.041,0.8,0,0,3,380.76,383.09999999999616,474.5,0.0,0.0,0.0,0.0,unknown
1762155431.896678,0,0.041,0.8,1,0,3,380.59,382.99999999999613,474.4,0.0,0.0,0.0,0.0,unknown
1762155431.906789,0,0.041,0.8,1,0,3,380.42,382.8999999999961,474.3,0.0,0.0,0.0,0.0,unknown
1762155431.9168885,0,0.042,0.8,1,0,3,380.25,382.7999999999961,474.25,0.0,0.0,0.0,0.0,unknown
1762155431.9269688,0,0.042,0.8,0,0,3,380.25,382.69999999999607,474.15,0.0,0.0,0.0,0.0,unknown
1762155431.937165,0,0.042,0.8,0,1,3,380.25,382.59999999999604,474.15,0.0,0.0,0.0,0.0,unknown
1762155431.9472926,0,0.042,0.8,0,0,3,380.14,382.499999999996,474.1,0.0,0.0,0.0,0.0,unknown
1762155431.9573648,0,0.041,0.8,0,0,3,379.97,382.399999999996,474.0,0.0,0.0,0.0,0.0,unknown
1762155431.967434,0,0.041,0.8,0,0,3,379.78,382.299999999996,473.9,0.0,0.0,0.0,0.0,unknown
1762155431.9775147,0,0.043000000000000003,0.8,1,1,3,379.36,382.19999999999595,473.75,0.0,0.0,0.0,0.0,unknown
1762155431.987598,0,0.042,0.8,0,0,3,378.99,382.09999999999593,473.65,0.0,0.0,0.0,0.0,unknown
1762155431.9976819,0,0.041,0.8,0,0,3,378.64,381.9999999999959,473.54999999999995,0.0,0.0,0.0,0.0,unknown
1762155432.00778,0,0.043000000000000003,0.8,2,0,3,378.29,381.8999999999959,473.3,0.0,0.0,0.0,0.0,unknown
1762155432.0178905,0,0.044000000000000004,0.8,1,0,3,378.03,381.79999999999586,473.15,0.0,0.0,0.0,0.0,unknown
1762155432.0279975,0,0.043000000000000003,0.8,0,0,3,377.97,381.69999999999584,473.0,0.0,0.0,0.0,0.0,unknown
1762155432.0381367,0,0.042,0.8,0,0,3,377.91,381.5999999999958,472.95,0.0,0.0,0.0,0.0,unknown
1762155432.0482376,0,0.039,0.8,0,0,3,377.85,381.4999999999958,473.0,0.0,0.0,0.0,0.0,unknown
1762155432.0583096,0,0.04,0.8,2,0,3,377.76,381.39999999999577,473.04999999999995,0.0,0.0,0.0,0.0,unknown
1762155432.068395,0,0.04,0.8,2,0,3,377.7,381.29999999999575,473.2,0.0,0.0,0.0,0.0,unknown
1762155432.0784652,0,0.041,0.8,1,0,3,377.64,381.1999999999957,473.4,0.0,0.0,0.0,0.0,unknown
1762155432.0885284,0,0.039,0.8,1,0,3,377.58,381.0999999999957,473.6,0.0,0.0,0.0,0.0,unknown
1762155432.0986128,0,0.039,0.8,0,0,3,377.52,380.9999999999957,473.75,0.0,0.0,0.0,0.0,unknown
1762155432.1086767,0,0.04,0.8,1,0,3,377.43,380.89999999999566,473.9,0.0,0.0,0.0,0.0,unknown
1762155432.118736,0,0.039,0.8,0,0,3,377.43,380.79999999999563,474.04999999999995,0.0,0.0,0.0,0.0,unknown
1762155432.1288152,0,0.038,0.8,0,0,3,377.43,380.6999999999956,474.25,0.0,0.0,0.0,0.0,unknown
1762155432.1389215,0,0.037000000000000005,0.8,1,0,3,377.43,380.5999999999956,474.5,0.0,0.0,0.0,0.0,unknown
1762155432.1490216,0,0.037000000000000005,0.8,1,0,3,377.55,380.49999999999557,474.7,0.0,0.0,0.0,0.0,unknown
1762155432.1591241,0,0.037000000000000005,0.8,0,0,3,377.68,380.39999999999554,474.9,0.0,0.0,0.0,0.0,unknown
1762155432.1692536,0,0.037000000000000005,0.8,0,0,3,377.85,380.2999999999955,475.15,0.0,0.0,0.0,0.0,unknown
1762155432.1793497,0,0.036000000000000004,0.8,0,0,3,377.93,380.1999999999955,475.45,0.0,0.0,0.0,0.0,unknown
1762155432.1894453,0,0.036000000000000004,0.8,0,0,3,377.93,380.0999999999955,475.7,0.0,0.0,0.0,0.0,unknown
1762155432.1995516,0,0.036000000000000004,0.8,0,1,3,377.93,379.99999999999545,475.9,0.0,0.0,0.0,0.0,unknown
1762155432.209718,0,0.035,0.8,0,0,3,377.88,379.89999999999543,476.1,0.0,0.0,0.0,0.0,unknown
1762155432.2198274,0,0.035,0.8,1,0,3,377.88,379.7999999999954,476.25,0.0,0.0,0.0,0.0,unknown
1762155432.2299042,0,0.037000000000000005,0.8,2,0,3,377.88,379.6999999999954,476.3,0.0,0.0,0.0,0.0,unknown
1762155432.2400107,0,0.037000000000000005,0.8,1,0,3,377.88,379.59999999999536,476.25,0.0,0.0,0.0,0.0,unknown
1762155432.2500968,0,0.038,0.8,1,1,3,377.88,379.49999999999534,476.1,0.0,0.0,0.0,0.0,unknown
1762155432.2601588,0,0.038,0.8,1,1,3,377.93,379.3999999999953,476.0,0.0,0.0,0.0,0.0,unknown
1762155432.2702303,0,0.037000000000000005,0.8,1,0,3,377.98,379.2999999999953,476.0,0.0,0.0,0.0,0.0,unknown
1762155432.2802997,0,0.038,0.8,2,1,3,378.07,379.19999999999527,476.05,0.0,0.0,0.0,0.0,unknown
1762155432.2903688,0,0.039,0.8,1,1,3,378.12,379.09999999999525,476.05,0.0,0.0,0.0,0.0,unknown
1762155432.3004396,0,0.041,0.8,1,1,3,378.12,378.9999999999952,476.04999999999995,0.0,0.0,0.0,0.0,unknown
1762155432.3105075,0,0.04,0.8,1,0,3,377.95,378.8999999999952,476.04999999999995,0.0,0.0,0.0,0.0,unknown
1762155432.3205698,0,0.04,0.8,1,0,3,377.78,378.7999999999952,476.05,0.0,0.0,0.0,0.0,unknown
1762155432.3306415,0,0.041,0.8,0,1,3,377.41,378.69999999999516,476.05,0.0,0.0,0.0,0.0,unknown
1762155432.3407247,0,0.042,0.8,0,1,3,377.06,378.59999999999513,476.05,0.0,0.0,0.0,0.0,unknown
1762155432.3508255,0,0.041,0.8,0,0,3,376.71,378.4999999999951,476.1,0.0,0.0,0.0,0.0,unknown
1762155432.3609173,0,0.041,0.8,1,0,3,376.4,378.3999999999951,476.20000000000005,0.0,0.0,0.0,0.0,unknown
1762155432.3710334,0,0.041,0.8,1,0,3,376.05,378.29999999999507,476.35,0.0,0.0,0.0,0.0,unknown
1762155432.3812842,0,0.042,0.8,1,0,3,375.99,378.19999999999504,476.6,0.0,0.0,0.0,0.0,unknown
1762155432.3914003,0,0.042,0.8,0,0,3,375.93,378.099999999995,476.85,0.0,0.0,0.0,0.0,unknown
1762155432.4015007,0,0.042,0.8,1,0,3,375.87,377.999999999995,477.05,0.0,0.0,0.0,0.0,unknown
1762155432.4115791,0,0.042,0.8,1,0,3,375.81,377.899999999995,477.3,0.0,0.0,0.0,0.0,unknown
1762155432.4216552,0,0.042,0.8,1,0,3,375.75,377.79999999999495,477.55,0.0,0.0,0.0,0.0,unknown
1762155432.431731,0,0.043000000000000003,0.8,1,0,3,375.69,377.69999999999493,477.75,0.0,0.0,0.0,0.0,unknown
1762155432.4417992,0,0.043000000000000003,0.8,1,0,3,375.65,377.5999999999949,477.9,0.0,0.0,0.0,0.0,unknown
1762155432.4519186,0,0.045000000000000005,0.8,2,0,3,375.59,377.4999999999949,478.05,0.0,0.0,0.0,0.0,unknown
1762155432.4620163,0,0.045000000000000005,0.8,0,0,3,375.55,377.39999999999486,478.25,0.0,0.0,0.0,0.0,unknown
1762155432.4720962,0,0.047,0.8,2,0,3,375.58,377.29999999999484,478.45,0.0,0.0,0.0,0.0,unknown
1762155432.4821887,0,0.046,0.8,1,0,3,375.58,377.1999999999948,478.75,0.0,0.0,0.0,0.0,unknown
1762155432.49227,0,0.048,0.8,1,1,3,375.87,377.0999999999948,479.04999999999995,0.0,0.0,0.0,0.0,unknown
1762155432.502371,0,0.049,0.8,1,0,3,376,376.99999999999477,479.4,0.0,0.0,0.0,0.0,unknown
1762155432.5124402,0,0.047,0.8,0,0,3,376.17,376.89999999999475,479.8,0.0,0.0,0.0,0.0,unknown
1762155432.5225086,0,0.047,0.8,1,0,3,376.25,376.7999999999947,480.25,0.0,0.0,0.0,0.0,unknown
1762155432.5325801,0,0.047,0.8,0,0,3,376.3,376.6999999999947,480.7,0.0,0.0,0.0,0.0,unknown
1762155432.5426524,0,0.047,0.8,0,0,3,376.25,376.5999999999947,481.15,0.0,0.0,0.0,0.0,unknown
1762155432.5527735,0,0.048,0.8,1,0,3,376.25,376.49999999999466,481.55,0.0,0.0,0.0,0.0,unknown
1762155432.5628378,0,0.046,0.8,0,0,3,376.25,376.39999999999463,481.84999999999997,0.0,0.0,0.0,0.0,unknown
1762155432.5729444,0,0.045000000000000005,0.8,1,0,3,376.25,376.2999999999946,482.1,0.0,0.0,0.0,0.0,unknown
1762155432.583053,0,0.045000000000000005,0.8,1,0,3,376.2,376.1999999999946,482.25,0.0,0.0,0.0,0.0,unknown
1762155432.5931208,0,0.046,0.8,1,1,3,376.2,376.09999999999457,482.25,0.0,0.0,0.0,0.0,unknown
1762155432.603218,0,0.046,0.8,0,0,3,376.2,375.99999999999454,482.29999999999995,0.0,0.0,0.0,0.0,unknown
1762155432.6132865,0,0.046,0.8,1,0,3,376.25,375.8999999999945,482.35,0.0,0.0,0.0,0.0,unknown
1762155432.62335,0,0.048,0.8,1,1,3,376.34,375.7999999999945,482.4,0.0,0.0,0.0,0.0,unknown
1762155432.633431,0,0.048,0.8,0,0,3,376.43,375.6999999999945,482.45,0.0,0.0,0.0,0.0,unknown
1762155432.6435068,0,0.049,0.8,1,1,3,376.43,375.59999999999445,482.55,0.0,0.0,0.0,0.0,unknown
1762155432.653615,0,0.049,0.8,1,0,3,376.15,375.49999999999443,482.7,0.0,0.0,0.0,0.0,unknown
1762155432.6636868,0,0.05,0.8,1,0,3,375.84,375.3999999999944,482.9,0.0,0.0,0.0,0.0,unknown
1762155432.6737528,0,0.052000000000000005,0.8,2,0,3,375.36,375.2999999999944,483.0,0.0,0.0,0.0,0.0,unknown
1762155432.683815,0,0.053000000000000005,0.8,1,0,3,374.9,375.19999999999436,483.15,0.0,0.0,0.0,0.0,unknown
1762155432.6938884,0,0.054,0.8,1,0,3,374.44,375.09999999999434,483.20000000000005,0.0,0.0,0.0,0.0,unknown
1762155432.703973,0,0.056,0.8,2,1,3,373.93,374.9999999999943,483.15000000000003,0.0,0.0,0.0,0.0,unknown
1762155432.7140775,0,0.056,0.8,0,0,3,373.64,374.8999999999943,482.85,0.0,0.0,0.0,0.0,unknown
1762155432.7241578,0,0.055,0.8,0,0,3,373.18,374.79999999999427,482.6,0.0,0.0,0.0,0.0,unknown
1762155432.7342284,0,0.053000000000000005,0.8,0,0,3,373.01,374.69999999999425,482.4,0.0,0.0,0.0,0.0,unknown
1762155432.7443573,0,0.053000000000000005,0.8,1,0,3,372.84,374.5999999999942,482.3,0.0,0.0,0.0,0.0,unknown
1762155432.754445,0,0.053000000000000005,0.8,2,0,3,372.64,374.4999999999942,482.35,0.0,0.0,0.0,0.0,unknown
1762155432.7645595,0,0.053000000000000005,0.8,2,0,3,372.47,374.3999999999942,482.5,0.0,0.0,0.0,0.0,unknown
1762155432.774682,0,0.054,0.8,2,0,3,372.32,374.29999999999416,482.6,0.0,0.0,0.0,0.0,unknown
1762155432.7847843,0,0.052000000000000005,0.8,1,0,3,372.15,374.19999999999413,482.65000000000003,0.0,0.0,0.0,0.0,unknown
1762155432.7948854,0,0.05,0.8,0,0,3,372,374.0999999999941,482.65,0.0,0.0,0.0,0.0,unknown
1762155432.8049877,0,0.048,0.8,0,0,3,371.85,373.9999999999941,482.70000000000005,0.0,0.0,0.0,0.0,unknown
1762155432.815104,0,0.048,0.8,0,1,3,371.67,373.89999999999407,482.75,0.0,0.0,0.0,0.0,unknown
1762155432.8251925,0,0.048,0.8,0,1,3,371.61,373.79999999999404,482.85,0.0,0.0,0.0,0.0,unknown
1762155432.8352904,0,0.048,0.8,1,0,3,371.55,373.699999999994,482.95000000000005,0.0,0.0,0.0,0.0,unknown
1762155432.8454103,0,0.048,0.8,1,0,3,371.55,373.599999999994,483.1,0.0,0.0,0.0,0.0,unknown
1762155432.855507,0,0.05,0.8,1,1,3,371.48,373.499999999994,483.25,0.0,0.0,0.0,0.0,unknown
1762155432.865597,0,0.049,0.8,0,0,3,371.41,373.39999999999395,483.5,0.0,0.0,0.0,0.0,unknown
1762155432.8757176,0,0.049,0.8,1,0,3,371.5,373.29999999999393,483.8,0.0,0.0,0.0,0.0,unknown
1762155432.88583,0,0.049,0.8,1,0,3,371.5,373.1999999999939,484.05,0.0,0.0,0.0,0.0,unknown
1762155432.8959577,0,0.049,0.8,0,0,3,371.53,373.0999999999939,484.29999999999995,0.0,0.0,0.0,0.0,unknown
1762155432.9060817,0,0.05,0.8,1,1,3,371.41,372.99999999999386,484.6,0.0,0.0,0.0,0.0,unknown
1762155432.9162185,0,0.05,0.8,1,0,3,371.29,372.89999999999384,484.9,0.0,0.0,0.0,0.0,unknown
1762155432.926284,0,0.049,0.8,0,0,3,371.02,372.7999999999938,485.15,0.0,0.0,0.0,0.0,unknown
1762155432.9363546,0,0.049,0.8,1,0,3,370.56,372.6999999999938,485.45,0.0,0.0,0.0,0.0,unknown
1762155432.9464386,0,0.051000000000000004,0.8,2,1,3,370.1,372.59999999999377,485.45000000000005,0.0,0.0,0.0,0.0,unknown
1762155432.956537,0,0.049,0.8,0,0,3,369.75,372.49999999999375,485.35,0.0,0.0,0.0,0.0,unknown
1762155432.9666371,0,0.05,0.8,1,0,3,369.46,372.3999999999937,485.2,0.0,0.0,0.0,0.0,unknown
1762155432.976727,0,0.048,0.8,0,0,3,369.17,372.2999999999937,484.95,0.0,0.0,0.0,0.0,unknown
1762155432.986792,0,0.047,0.8,0,0,3,369.06,372.1999999999937,484.75,0.0,0.0,0.0,0.0,unknown
1762155432.9968617,0,0.046,0.8,1,0,3,368.95,372.09999999999366,484.7,0.0,0.0,0.0,0.0,unknown
1762155433.00693,0,0.045000000000000005,0.8,0,0,3,368.84,371.99999999999363,484.7,0.0,0.0,0.0,0.0,unknown
1762155433.0169969,0,0.045000000000000005,0.8,0,0,3,368.73,371.8999999999936,484.75,0.0,0.0,0.0,0.0,unknown
1762155433.0270622,0,0.044000000000000004,0.8,0,0,3,368.62,371.7999999999936,484.65,0.0,0.0,0.0,0.0,unknown
1762155433.0371368,0,0.045000000000000005,0.8,0,1,3,368.51,371.69999999999357,484.5,0.0,0.0,0.0,0.0,unknown
1762155433.0472076,0,0.046,0.8,1,0,3,368.42,371.59999999999354,484.35,0.0,0.0,0.0,0.0,unknown
1762155433.05727,0,0.046,0.8,0,1,3,368.33,371.4999999999935,484.2,0.0,0.0,0.0,0.0,unknown
1762155433.0673375,0,0.046,0.8,0,0,3,368.24,371.3999999999935,484.15,0.0,0.0,0.0,0.0,unknown
1762155433.0774012,0,0.045000000000000005,0.8,0,0,3,368.24,371.2999999999935,484.05,0.0,0.0,0.0,0.0,unknown
1762155433.0874608,0,0.046,0.8,1,1,3,368.24,371.19999999999345,483.9,0.0,0.0,0.0,0.0,unknown
1762155433.097568,0,0.044000000000000004,0.8,0,0,3,368.3,371.09999999999343,483.65,0.0,0.0,0.0,0.0,unknown
1762155433.1076376,0,0.045000000000000005,0.8,0,1,3,368.36,370.9999999999934,483.55,0.0,0.0,0.0,0.0,unknown
1762155433.1177127,0,0.044000000000000004,0.8,0,0,3,368.42,370.8999999999934,483.45,0.0,0.0,0.0,0.0,unknown
1762155433.1278212,0,0.042,0.8,0,0,3,368.42,370.79999999999336,483.45,0.0,0.0,0.0,0.0,unknown
1762155433.1379325,0,0.043000000000000003,0.8,1,0,3,368.42,370.69999999999334,483.55,0.0,0.0,0.0,0.0,unknown
1762155433.1480095,0,0.042,0.8,1,0,3,368.42,370.5999999999933,483.6,0.0,0.0,0.0,0.0,unknown
1762155433.1581194,0,0.041,0.8,0,0,3,368.3,370.4999999999933,483.7,0.0,0.0,0.0,0.0,unknown
1762155433.1681898,0,0.04,0.8,0,0,3,368.1,370.39999999999327,483.7,0.0,0.0,0.0,0.0,unknown
1762155433.1782553,0,0.04,0.8,1,1,3,367.9,370.29999999999325,483.65000000000003,0.0,0.0,0.0,0.0,unknown
1762155433.1883368,0,0.041,0.8,1,1,3,367.7,370.1999999999932,483.55,0.0,0.0,0.0,0.0,unknown
1762155433.1985626,0,0.041,0.8,1,0,3,367.5,370.0999999999932,483.45,0.0,0.0,0.0,0.0,unknown
1762155433.2086287,0,0.04,0.8,1,1,3,367.33,369.9999999999932,483.35,0.0,0.0,0.0,0.0,unknown
1762155433.2187006,0,0.04,0.8,0,0,3,367.16,369.89999999999316,483.15000000000003,0.0,0.0,0.0,0.0,unknown
1762155433.228775,0,0.041,0.8,1,0,3,367.03,369.79999999999313,482.95,0.0,0.0,0.0,0.0,unknown
1762155433.238847,0,0.043000000000000003,0.8,0,2,3,366.9,369.6999999999931,482.75,0.0,0.0,0.0,0.0,unknown
1762155433.248957,0,0.043000000000000003,0.8,0,1,3,366.7,369.5999999999931,482.6,0.0,0.0,0.0,0.0,unknown
1762155433.2591052,0,0.043000000000000003,0.8,1,1,3,366.5,369.49999999999307,482.45,0.0,0.0,0.0,0.0,unknown
1762155433.2692156,0,0.041,0.8,0,0,3,366.25,369.39999999999304,482.3,0.0,0.0,0.0,0.0,unknown
1762155433.2793102,0,0.041,0.8,1,1,3,365.85,369.299999999993,482.15,0.0,0.0,0.0,0.0,unknown
1762155433.289422,0,0.041,0.8,1,0,3,365.39,369.199999999993,482.0,0.0,0.0,0.0,0.0,unknown
1762155433.2995472,0,0.042,0.8,1,0,3,364.97,369.099999999993,482.0,0.0,0.0,0.0,0.0,unknown
1762155433.3096595,0,0.044000000000000004,0.8,1,1,3,364.6,368.99999999999295,481.95000000000005,0.0,0.0,0.0,0.0,unknown
1762155433.3197818,0,0.044000000000000004,0.8,0,1,3,364.33,368.89999999999293,481.9,0.0,0.0,0.0,0.0,unknown
1762155433.330016,0,0.044000000000000004,0.8,0,1,3,363.99,368.7999999999929,481.79999999999995,0.0,0.0,0.0,0.0,unknown
1762155433.3401194,0,0.044000000000000004,0.8,0,1,3,363.88,368.6999999999929,481.6,0.0,0.0,0.0,0.0,unknown
1762155433.350198,0,0.044000000000000004,0.8,1,0,3,363.77,368.59999999999286,481.35,0.0,0.0,0.0,0.0,unknown
1762155433.3603032,0,0.044000000000000004,0.8,2,0,3,363.83,368.49999999999284,481.05,0.0,0.0,0.0,0.0,unknown
1762155433.3703978,0,0.044000000000000004,0.8,0,0,3,363.83,368.3999999999928,480.75,0.0,0.0,0.0,0.0,unknown
1762155433.3805108,0,0.043000000000000003,0.8,0,0,3,363.83,368.2999999999928,480.45,0.0,0.0,0.0,0.0,unknown
1762155433.3906043,0,0.044000000000000004,0.8,1,1,3,363.83,368.19999999999277,480.20000000000005,0.0,0.0,0.0,0.0,unknown
1762155433.4007096,0,0.044000000000000004,0.8,0,0,3,363.83,368.09999999999275,480.1,0.0,0.0,0.0,0.0,unknown
1762155433.4108236,0,0.044000000000000004,0.8,1,1,3,363.83,367.9999999999927,480.15,0.0,0.0,0.0,0.0,unknown
1762155433.4209485,0,0.046,0.8,1,2,3,363.83,367.8999999999927,480.20000000000005,0.0,0.0,0.0,0.0,unknown
1762155433.4311042,0,0.047,0.8,0,1,3,363.83,367.7999999999927,480.25,0.0,0.0,0.0,0.0,unknown
1762155433.4411979,0,0.046,0.8,0,0,3,363.83,367.69999999999266,480.35,0.0,0.0,0.0,0.0,unknown
1762155433.4512823,0,0.045000000000000005,0.8,0,2,3,363.87,367.59999999999263,480.5,0.0,0.0,0.0,0.0,unknown
1762155433.4613552,0,0.046,0.8,0,1,3,363.67,367.4999999999926,480.65,0.0,0.0,0.0,0.0,unknown
1762155433.471454,0,0.045000000000000005,0.8,0,0,3,363.43,367.3999999999926,480.75,0.0,0.0,0.0,0.0,unknown
1762155433.4815583,0,0.045000000000000005,0.8,0,0,3,363.12,367.29999999999256,480.70000000000005,0.0,0.0,0.0,0.0,unknown
1762155433.4916222,0,0.045000000000000005,0.8,0,0,3,362.84,367.19999999999254,480.55,0.0,0.0,0.0,0.0,unknown
1762155433.501687,0,0.045000000000000005,0.8,1,0,3,362.29,367.0999999999925,480.3,0.0,0.0,0.0,0.0,unknown
1762155433.5117621,0,0.046,0.8,1,0,3,361.81,366.9999999999925,480.0,0.0,0.0,0.0,0.0,unknown
1762155433.5218234,0,0.047,0.8,1,0,3,361.33,366.8999999999925,479.65,0.0,0.0,0.0,0.0,unknown
1762155433.5319192,0,0.047,0.8,0,0,3,360.87,366.79999999999245,479.25,0.0,0.0,0.0,0.0,unknown
1762155433.5420306,0,0.048,0.8,2,0,3,360.34,366.69999999999243,478.84999999999997,0.0,0.0,0.0,0.0,unknown
1762155433.55212,0,0.048,0.8,1,0,3,359.88,366.5999999999924,478.4,0.0,0.0,0.0,0.0,unknown
1762155433.5621896,0,0.049,0.8,2,0,3,359.4,366.4999999999924,478.05,0.0,0.0,0.0,0.0,unknown
1762155433.572262,0,0.049,0.8,0,0,3,358.92,366.39999999999236,477.65,0.0,0.0,0.0,0.0,unknown
1762155433.582364,0,0.05,0.8,1,0,3,358.44,366.29999999999234,477.25,0.0,0.0,0.0,0.0,unknown
1762155433.592431,0,0.049,0.8,1,0,3,357.96,366.1999999999923,476.95000000000005,0.0,0.0,0.0,0.0,unknown
1762155433.602525,0,0.05,0.8,1,0,3,357.5,366.0999999999923,476.70000000000005,0.0,0.0,0.0,0.0,unknown
1762155433.6125858,0,0.05,0.8,0,1,3,357.04,365.99999999999227,476.4,0.0,0.0,0.0,0.0,unknown
1762155433.622654,0,0.052000000000000005,0.8,2,0,3,356.62,365.89999999999225,476.1,0.0,0.0,0.0,0.0,unknown
1762155433.6327555,0,0.054,0.8,2,0,3,356.16,365.7999999999922,475.85,0.0,0.0,0.0,0.0,unknown
1762155433.6428328,0,0.054,0.8,0,1,3,355.81,365.6999999999922,475.5,0.0,0.0,0.0,0.0,unknown
1762155433.6529126,0,0.053000000000000005,0.8,0,0,3,355.5,365.5999999999922,475.2,0.0,0.0,0.0,0.0,unknown
1762155433.6629791,0,0.053000000000000005,0.8,0,0,3,355.41,365.49999999999216,474.9,0.0,0.0,0.0,0.0,unknown
1762155433.673105,0,0.053000000000000005,0.8,0,0,3,355.35,365.39999999999213,474.65,0.0,0.0,0.0,0.0,unknown
1762155433.6832073,0,0.054,0.8,2,1,3,355.46,365.2999999999921,474.45000000000005,0.0,0.0,0.0,0.0,unknown
1762155433.693311,0,0.053000000000000005,0.8,1,0,3,355.55,365.1999999999921,474.15,0.0,0.0,0.0,0.0,unknown
1762155433.7034242,0,0.053000000000000005,0.8,1,0,3,355.66,365.09999999999206,474.0,0.0,0.0,0.0,0.0,unknown
1762155433.7135417,0,0.052000000000000005,0.8,1,0,3,355.82,364.99999999999204,474.0,0.0,0.0,0.0,0.0,unknown
1762155433.7236552,0,0.053000000000000005,0.8,1,0,3,355.93,364.899999999992,474.29999999999995,0.0,0.0,0.0,0.0,unknown
1762155433.733744,0,0.054,0.8,1,1,3,356.04,364.799999999992,474.65,0.0,0.0,0.0,0.0,unknown
1762155433.7438564,0,0.054,0.8,2,0,3,356.15,364.699999999992,475.0,0.0,0.0,0.0,0.0,unknown
1762155433.7539642,0,0.054,0.8,1,0,3,356.35,364.59999999999195,475.25,0.0,0.0,0.0,0.0,unknown
1762155433.7640727,0,0.053000000000000005,0.8,1,0,3,356.52,364.4999999999919,475.5,0.0,0.0,0.0,0.0,unknown
1762155433.7741678,0,0.053000000000000005,0.8,0,0,3,356.76,364.3999999999919,475.7,0.0,0.0,0.0,0.0,unknown
1762155433.7842855,0,0.053000000000000005,0.8,2,0,3,356.94,364.2999999999919,476.0,0.0,0.0,0.0,0.0,unknown
1762155433.7943993,0,0.052000000000000005,0.8,0,0,3,357.11,364.19999999999186,476.4,0.0,0.0,0.0,0.0,unknown
1762155433.804502,0,0.052000000000000005,0.8,1,0,3,357.2,364.09999999999184,476.75,0.0,0.0,0.0,0.0,unknown
1762155433.8146157,0,0.051000000000000004,0.8,1,0,3,357.29,363.9999999999918,477.1,0.0,0.0,0.0,0.0,unknown
1762155433.8247201,0,0.051000000000000004,0.8,1,0,3,357.18,363.8999999999918,477.45000000000005,0.0,0.0,0.0,0.0,unknown
1762155433.8348472,0,0.051000000000000004,0.8,1,0,3,356.96,363.79999999999177,477.65000000000003,0.0,0.0,0.0,0.0,unknown
1762155433.8449395,0,0.051000000000000004,0.8,1,0,3,356.74,363.69999999999175,477.75,0.0,0.0,0.0,0.0,unknown
1762155433.8550417,0,0.051000000000000004,0.8,1,0,3,356.48,363.5999999999917,477.75,0.0,0.0,0.0,0.0,unknown
1762155433.8651423,0,0.051000000000000004,0.8,2,0,3,356.15,363.4999999999917,477.75,0.0,0.0,0.0,0.0,unknown
1762155433.875238,0,0.052000000000000005,0.8,1,0,3,355.87,363.3999999999917,477.6,0.0,0.0,0.0,0.0,unknown
1762155433.8853006,0,0.054,0.8,1,1,3,355.47,363.29999999999166,477.35,0.0,0.0,0.0,0.0,unknown
1762155433.8953664,0,0.053000000000000005,0.8,1,0,3,355.19,363.19999999999163,477.09999999999997,0.0,0.0,0.0,0.0,unknown
1762155433.9054296,0,0.054,0.8,0,1,3,354.9,363.0999999999916,476.85,0.0,0.0,0.0,0.0,unknown
1762155433.9155324,0,0.054,0.8,1,1,3,354.62,362.9999999999916,476.55,0.0,0.0,0.0,0.0,unknown
1762155433.9256325,0,0.053000000000000005,0.8,1,1,3,354.34,362.89999999999156,476.15000000000003,0.0,0.0,0.0,0.0,unknown
1762155433.9356985,0,0.052000000000000005,0.8,0,0,3,354.21,362.79999999999154,475.75,0.0,0.0,0.0,0.0,unknown
1762155433.94577,0,0.053000000000000005,0.8,1,0,3,354.12,362.6999999999915,475.4,0.0,0.0,0.0,0.0,unknown
1762155433.955836,0,0.053000000000000005,0.8,0,2,3,354.03,362.5999999999915,475.25,0.0,0.0,0.0,0.0,unknown
1762155433.965901,0,0.052000000000000005,0.8,0,0,3,353.94,362.4999999999915,475.15000000000003,0.0,0.0,0.0,0.0,unknown
1762155433.9760137,0,0.054,0.8,2,0,3,353.96,362.39999999999145,475.1,0.0,0.0,0.0,0.0,unknown
1762155433.98608,0,0.056,0.8,2,0,3,353.91,362.2999999999914,475.1,0.0,0.0,0.0,0.0,unknown
1762155433.9961507,0,0.056,0.8,0,0,3,354.02,362.1999999999914,475.15,0.0,0.0,0.0,0.0,unknown
1762155434.006267,0,0.055,0.8,0,0,3,354.13,362.0999999999914,475.2,0.0,0.0,0.0,0.0,unknown
1762155434.0163283,0,0.054,0.8,0,0,3,354.24,361.99999999999136,475.25,0.0,0.0,0.0,0.0,unknown
1762155434.0263915,0,0.054,0.8,0,1,3,354.35,361.89999999999134,475.4,0.0,0.0,0.0,0.0,unknown
1762155434.0364604,0,0.055,0.8,1,0,3,354.46,361.7999999999913,475.65,0.0,0.0,0.0,0.0,unknown
1762155434.0465395,0,0.055,0.8,2,0,3,354.57,361.6999999999913,476.05,0.0,0.0,0.0,0.0,unknown
1762155434.0566194,0,0.054,0.8,0,0,3,354.66,361.59999999999127,476.5,0.0,0.0,0.0,0.0,unknown
1762155434.0666847,0,0.054,0.8,1,1,3,354.75,361.49999999999125,476.85,0.0,0.0,0.0,0.0,unknown
1762155434.0767846,0,0.055,0.8,1,0,3,354.84,361.3999999999912,477.05,0.0,0.0,0.0,0.0,unknown
1762155434.0868506,0,0.055,0.8,1,0,3,354.84,361.2999999999912,477.20000000000005,0.0,0.0,0.0,0.0,unknown
1762155434.0969136,0,0.055,0.8,0,1,3,354.93,361.1999999999912,477.4,0.0,0.0,0.0,0.0,unknown
1762155434.1070077,0,0.055,0.8,1,0,3,355,361.09999999999116,477.65,0.0,0.0,0.0,0.0,unknown
1762155434.1170917,0,0.054,0.8,0,0,3,355.07,360.99999999999113,477.8,0.0,0.0,0.0,0.0,unknown
1762155434.127188,0,0.053000000000000005,0.8,1,0,3,355.07,360.8999999999911,478.0,0.0,0.0,0.0,0.0,unknown
1762155434.1372786,0,0.052000000000000005,0.8,1,0,3,355.1,360.7999999999911,478.09999999999997,0.0,0.0,0.0,0.0,unknown
1762155434.1473732,0,0.052000000000000005,0.8,1,0,3,355.04,360.69999999999106,478.09999999999997,0.0,0.0,0.0,0.0,unknown
1762155434.1574838,0,0.053000000000000005,0.8,1,0,3,354.98,360.59999999999104,478.05,0.0,0.0,0.0,0.0,unknown
1762155434.1675625,0,0.053000000000000005,0.8,0,0,3,354.83,360.499999999991,477.95000000000005,0.0,0.0,0.0,0.0,unknown
1762155434.1776488,0,0.053000000000000005,0.8,0,0,3,354.57,360.399999999991,477.8,0.0,0.0,0.0,0.0,unknown
1762155434.1877422,0,0.05,0.8,0,0,3,354.31,360.299999999991,477.65,0.0,0.0,0.0,0.0,unknown
1762155434.1978424,0,0.049,0.8,0,0,3,354.03,360.19999999999095,477.5,0.0,0.0,0.0,0.0,unknown
1762155434.2079425,0,0.048,0.8,0,0,3,353.75,360.0999999999909,477.35,0.0,0.0,0.0,0.0,unknown
1762155434.218071,0,0.048,0.8,1,0,3,353.44,359.9999999999909,477.15,0.0,0.0,0.0,0.0,unknown
1762155434.2281687,0,0.047,0.8,0,0,3,353.13,359.8999999999909,477.0,0.0,0.0,0.0,0.0,unknown
1762155434.2382853,0,0.045000000000000005,0.8,0,0,3,352.78,359.79999999999086,476.85,0.0,0.0,0.0,0.0,unknown
1762155434.2483735,0,0.043000000000000003,0.8,0,0,3,352.43,359.69999999999084,476.75,0.0,0.0,0.0,0.0,unknown
1762155434.2584808,0,0.043000000000000003,0.8,1,0,3,352.15,359.5999999999908,476.75,0.0,0.0,0.0,0.0,unknown
1762155434.2686086,0,0.043000000000000003,0.8,1,0,3,351.87,359.4999999999908,476.7,0.0,0.0,0.0,0.0,unknown
1762155434.2787032,0,0.044000000000000004,0.8,1,0,3,351.59,359.39999999999077,476.65,0.0,0.0,0.0,0.0,unknown
1762155434.2888234,0,0.043000000000000003,0.8,1,0,3,351.46,359.29999999999075,476.55,0.0,0.0,0.0,0.0,unknown
1762155434.298943,0,0.044000000000000004,0.8,1,0,3,351.37,359.1999999999907,476.4,0.0,0.0,0.0,0.0,unknown
1762155434.3090641,0,0.044000000000000004,0.8,1,0,3,351.28,359.0999999999907,476.2,0.0,0.0,0.0,0.0,unknown
1762155434.3191843,0,0.043000000000000003,0.8,0,0,3,351.28,358.9999999999907,476.09999999999997,0.0,0.0,0.0,0.0,unknown
1762155434.3293083,0,0.043000000000000003,0.8,1,0,3,351.26,358.89999999999065,476.04999999999995,0.0,0.0,0.0,0.0,unknown
1762155434.3394258,0,0.042,0.8,0,0,3,351.42,358.79999999999063,476.05,0.0,0.0,0.0,0.0,unknown
1762155434.3495567,0,0.042,0.8,1,0,3,351.53,358.6999999999906,476.1,0.0,0.0,0.0,0.0,unknown
1762155434.3596816,0,0.042,0.8,1,0,3,351.64,358.5999999999906,476.25,0.0,0.0,0.0,0.0,unknown
1762155434.3698127,0,0.041,0.8,1,0,3,351.58,358.49999999999056,476.5,0.0,0.0,0.0,0.0,unknown
1762155434.3799248,0,0.04,0.8,0,0,3,351.58,358.39999999999054,476.75,0.0,0.0,0.0,0.0,unknown
1762155434.3900597,0,0.039,0.8,0,1,3,351.58,358.2999999999905,476.95,0.0,0.0,0.0,0.0,unknown
1762155434.4001813,0,0.038,0.8,0,0,3,351.58,358.1999999999905,477.1,0.0,0.0,0.0,0.0,unknown
1762155434.4103043,0,0.038,0.8,1,0,3,351.58,358.0999999999905,477.2,0.0,0.0,0.0,0.0,unknown
1762155434.420405,0,0.037000000000000005,0.8,1,0,3,351.58,357.99999999999045,477.25,0.0,0.0,0.0,0.0,unknown
1762155434.430489,0,0.036000000000000004,0.8,1,0,3,351.58,357.8999999999904,477.25,0.0,0.0,0.0,0.0,unknown
1762155434.4405868,0,0.038,0.8,1,1,3,351.58,357.7999999999904,477.25,0.0,0.0,0.0,0.0,unknown
1762155434.4506733,0,0.039,0.8,1,1,3,351.64,357.6999999999904,477.1,0.0,0.0,0.0,0.0,unknown
1762155434.4607782,0,0.039,0.8,1,1,3,351.67,357.59999999999036,477.0,0.0,0.0,0.0,0.0,unknown
1762155434.4708734,0,0.04,0.8,1,0,3,351.96,357.49999999999034,476.95000000000005,0.0,0.0,0.0,0.0,unknown
1762155434.4810004,0,0.038,0.8,0,0,3,352.27,357.3999999999903,477.05,0.0,0.0,0.0,0.0,unknown
1762155434.491124,0,0.037000000000000005,0.8,1,0,3,352.49,357.2999999999903,477.29999999999995,0.0,0.0,0.0,0.0,unknown
1762155434.5011942,0,0.037000000000000005,0.8,0,0,3,352.71,357.19999999999027,477.45,0.0,0.0,0.0,0.0,unknown
1762155434.5112576,0,0.038,0.8,1,0,3,352.82,357.09999999999025,477.6,0.0,0.0,0.0,0.0,unknown
1762155434.521354,0,0.039,0.8,1,0,3,352.82,356.9999999999902,477.65000000000003,0.0,0.0,0.0,0.0,unknown
1762155434.5314481,0,0.041,0.8,2,1,3,352.84,356.8999999999902,477.70000000000005,0.0,0.0,0.0,0.0,unknown
1762155434.5415146,0,0.041,0.8,0,1,3,352.84,356.7999999999902,477.75,0.0,0.0,0.0,0.0,unknown
1762155434.5516212,0,0.039,0.8,0,0,3,352.86,356.69999999999015,477.85,0.0,0.0,0.0,0.0,unknown
1762155434.561716,0,0.04,0.8,1,0,3,352.86,356.59999999999013,477.9,0.0,0.0,0.0,0.0,unknown
1762155434.5717845,0,0.039,0.8,1,0,3,352.86,356.4999999999901,477.85,0.0,0.0,0.0,0.0,unknown
1762155434.58188,0,0.039,0.8,1,0,3,352.86,356.3999999999901,477.75,0.0,0.0,0.0,0.0,unknown
1762155434.5919785,0,0.039,0.8,1,0,3,352.86,356.29999999999006,477.65,0.0,0.0,0.0,0.0,unknown
1762155434.6020875,0,0.039,0.8,1,0,3,352.97,356.19999999999004,477.55,0.0,0.0,0.0,0.0,unknown
1762155434.6121619,0,0.04,0.8,2,0,3,353.06,356.09999999999,477.5,0.0,0.0,0.0,0.0,unknown
1762155434.6222217,0,0.041,0.8,1,0,3,353.1,355.99999999999,477.45,0.0,0.0,0.0,0.0,unknown
1762155434.6322846,0,0.041,0.8,1,0,3,353.05,355.89999999999,477.4,0.0,0.0,0.0,0.0,unknown
1762155434.6423497,0,0.042,0.8,2,0,3,353.05,355.79999999998995,477.29999999999995,0.0,0.0,0.0,0.0,unknown
1762155434.6524646,0,0.042,0.8,1,0,3,352.94,355.6999999999899,477.20000000000005,0.0,0.0,0.0,0.0,unknown
1762155434.6625416,0,0.043000000000000003,0.8,1,1,3,352.78,355.5999999999899,477.1,0.0,0.0,0.0,0.0,unknown
1762155434.6726127,0,0.043000000000000003,0.8,0,0,3,352.62,355.4999999999899,477.0,0.0,0.0,0.0,0.0,unknown
1762155434.6827211,0,0.043000000000000003,0.8,0,0,3,352.51,355.39999999998986,476.95000000000005,0.0,0.0,0.0,0.0,unknown
1762155434.692793,0,0.043000000000000003,0.8,0,0,3,352.4,355.29999999998984,476.85,0.0,0.0,0.0,0.0,unknown
1762155434.7028806,0,0.044000000000000004,0.8,1,0,3,352.24,355.1999999999898,476.8,0.0,0.0,0.0,0.0,unknown
1762155434.713003,0,0.045000000000000005,0.8,1,0,3,352.15,355.0999999999898,476.75,0.0,0.0,0.0,0.0,unknown
1762155434.7231028,0,0.046,0.8,2,0,3,352.06,354.99999999998977,476.65000000000003,0.0,0.0,0.0,0.0,unknown
1762155434.7331982,0,0.05,0.8,3,1,3,351.97,354.89999999998975,476.55,0.0,0.0,0.0,0.0,unknown
1762155434.7433105,0,0.052000000000000005,0.8,2,0,3,351.88,354.7999999999897,476.34999999999997,0.0,0.0,0.0,0.0,unknown
1762155434.7534146,0,0.053000000000000005,0.8,1,0,3,351.77,354.6999999999897,476.1,0.0,0.0,0.0,0.0,unknown
1762155434.7635336,0,0.054,0.8,2,0,3,351.48,354.5999999999897,475.85,0.0,0.0,0.0,0.0,unknown
1762155434.7736454,0,0.053000000000000005,0.8,0,0,3,351.22,354.49999999998965,475.55,0.0,0.0,0.0,0.0,unknown
1762155434.7837603,0,0.052000000000000005,0.8,0,0,3,350.87,354.39999999998963,475.20000000000005,0.0,0.0,0.0,0.0,unknown
1762155434.7939289,0,0.052000000000000005,0.8,1,0,3,350.56,354.2999999999896,474.70000000000005,0.0,0.0,0.0,0.0,unknown
1762155434.8040152,0,0.052000000000000005,0.8,1,0,3,350.28,354.1999999999896,474.15,0.0,0.0,0.0,0.0,unknown
1762155434.8141382,0,0.053000000000000005,0.8,1,1,3,350.06,354.09999999998956,473.65,0.0,0.0,0.0,0.0,unknown
1762155434.8242626,0,0.054,0.8,1,0,3,349.84,353.99999999998954,473.15,0.0,0.0,0.0,0.0,unknown
1762155434.8343284,0,0.055,0.8,2,0,3,349.82,353.8999999999895,472.7,0.0,0.0,0.0,0.0,unknown
1762155434.8444295,0,0.056,0.8,0,1,3,349.82,353.7999999999895,472.35,0.0,0.0,0.0,0.0,unknown
1762155434.854499,0,0.056,0.8,1,0,3,349.84,353.6999999999895,472.15,0.0,0.0,0.0,0.0,unknown
1762155434.8646054,0,0.056,0.8,1,0,3,349.84,353.59999999998945,471.95,0.0,0.0,0.0,0.0,unknown
1762155434.8747103,0,0.057,0.8,2,0,3,349.82,353.4999999999894,471.70000000000005,0.0,0.0,0.0,0.0,unknown
1762155434.884779,0,0.059000000000000004,0.8,2,0,3,349.75,353.3999999999894,471.45000000000005,0.0,0.0,0.0,0.0,unknown
1762155434.894846,0,0.059000000000000004,0.8,1,0,3,349.68,353.2999999999894,471.25,0.0,0.0,0.0,0.0,unknown
1762155434.9049091,0,0.061000000000000006,0.8,1,1,3,349.61,353.19999999998936,471.1,0.0,0.0,0.0,0.0,unknown
1762155434.9149728,0,0.060000000000000005,0.8,0,0,3,349.59,353.09999999998934,470.85,0.0,0.0,0.0,0.0,unknown
1762155434.9250503,0,0.061000000000000006,0.8,2,0,3,349.61,352.9999999999893,470.54999999999995,0.0,0.0,0.0,0.0,unknown
1762155434.9351232,0,0.061000000000000006,0.8,1,0,3,349.61,352.8999999999893,470.25,0.0,0.0,0.0,0.0,unknown
1762155434.9451907,0,0.060000000000000005,0.8,1,0,3,349.72,352.79999999998927,469.95,0.0,0.0,0.0,0.0,unknown
1762155434.9552588,0,0.058,0.8,0,0,3,349.76,352.69999999998925,469.65,0.0,0.0,0.0,0.0,unknown
1762155434.965334,0,0.057,0.8,0,1,3,349.85,352.5999999999892,469.4,0.0,0.0,0.0,0.0,unknown
1762155434.9754035,0,0.056,0.8,0,0,3,349.96,352.4999999999892,469.3,0.0,0.0,0.0,0.0,unknown
1762155434.9854848,0,0.056,0.8,0,0,3,349.89,352.3999999999892,469.2,0.0,0.0,0.0,0.0,unknown
1762155434.9956,0,0.057,0.8,1,1,3,349.96,352.29999999998915,469.1,0.0,0.0,0.0,0.0,unknown
1762155435.005708,0,0.059000000000000004,0.8,1,1,3,349.87,352.19999999998913,468.95,0.0,0.0,0.0,0.0,unknown
1762155435.0157735,0,0.060000000000000005,0.8,1,1,3,349.71,352.0999999999891,468.75,0.0,0.0,0.0,0.0,unknown
1762155435.0258672,0,0.059000000000000004,0.8,0,0,3,349.55,351.9999999999891,468.65,0.0,0.0,0.0,0.0,unknown
1762155435.0359716,0,0.056,0.8,0,0,3,349.46,351.89999999998906,468.5,0.0,0.0,0.0,0.0,unknown
1762155435.0460458,0,0.056,0.8,1,0,3,349.3,351.79999999998904,468.25,0.0,0.0,0.0,0.0,unknown
1762155435.056111,0,0.057,0.8,1,0,3,349.14,351.699999999989,467.85,0.0,0.0,0.0,0.0,unknown
1762155435.0661764,0,0.057,0.8,1,0,3,349.05,351.599999999989,467.29999999999995,0.0,0.0,0.0,0.0,unknown
1762155435.076266,0,0.058,0.8,2,0,3,348.96,351.499999999989,466.85,0.0,0.0,0.0,0.0,unknown
1762155435.0863364,0,0.058,0.8,1,0,3,348.87,351.39999999998895,466.6,0.0,0.0,0.0,0.0,unknown
1762155435.0964327,0,0.059000000000000004,0.8,2,0,3,348.78,351.2999999999889,466.4,0.0,0.0,0.0,0.0,unknown
1762155435.106497,0,0.060000000000000005,0.8,0,2,3,348.47,351.1999999999889,466.20000000000005,0.0,0.0,0.0,0.0,unknown
1762155435.1165595,0,0.059000000000000004,0.8,0,1,3,348,351.0999999999889,465.9,0.0,0.0,0.0,0.0,unknown
1762155435.1266277,0,0.059000000000000004,0.8,1,0,3,347.51,350.99999999998886,465.5,0.0,0.0,0.0,0.0,unknown
1762155435.1367269,0,0.061000000000000006,0.8,3,0,3,347.09,350.89999999998884,464.95,0.0,0.0,0.0,0.0,unknown
1762155435.1468287,0,0.060000000000000005,0.8,1,0,3,346.64,350.7999999999888,464.35,0.0,0.0,0.0,0.0,unknown
1762155435.156899,0,0.061000000000000006,0.8,2,0,3,346.28,350.6999999999888,463.75,0.0,0.0,0.0,0.0,unknown
1762155435.1670246,0,0.061000000000000006,0.8,2,0,3,345.94,350.59999999998877,463.2,0.0,0.0,0.0,0.0,unknown
1762155435.1771114,0,0.063,0.8,1,1,3,345.67,350.49999999998875,462.6,0.0,0.0,0.0,0.0,unknown
1762155435.187176,0,0.065,0.8,1,1,3,345.53,350.3999999999887,462.05,0.0,0.0,0.0,0.0,unknown
1762155435.1972418,0,0.065,0.8,0,0,3,345.39,350.2999999999887,461.5,0.0,0.0,0.0,0.0,unknown
1762155435.207362,0,0.064,0.8,0,0,3,345.25,350.1999999999887,461.0,0.0,0.0,0.0,0.0,unknown
1762155435.2174292,0,0.066,0.8,2,1,3,345.11,350.09999999998865,460.55,0.0,0.0,0.0,0.0,unknown
1762155435.2275345,0,0.065,0.8,1,0,3,344.97,349.99999999998863,460.2,0.0,0.0,0.0,0.0,unknown
1762155435.2376127,0,0.061000000000000006,0.8,0,0,3,344.9,349.8999999999886,459.8,0.0,0.0,0.0,0.0,unknown
1762155435.2476792,0,0.060000000000000005,0.8,1,0,3,344.83,349.7999999999886,459.4,0.0,0.0,0.0,0.0,unknown
1762155435.2577453,0,0.060000000000000005,0.8,1,0,3,344.85,349.69999999998856,459.04999999999995,0.0,0.0,0.0,0.0,unknown
1762155435.2678187,0,0.059000000000000004,0.8,1,0,3,344.87,349.59999999998854,458.55,0.0,0.0,0.0,0.0,unknown
1762155435.2778857,0,0.060000000000000005,0.8,1,0,3,344.87,349.4999999999885,458.1,0.0,0.0,0.0,0.0,unknown
1762155435.287957,0,0.061000000000000006,0.8,1,0,3,345,349.3999999999885,457.65,0.0,0.0,0.0,0.0,unknown
1762155435.2980716,0,0.062,0.8,1,1,3,345.13,349.2999999999885,457.29999999999995,0.0,0.0,0.0,0.0,unknown
1762155435.3082526,0,0.061000000000000006,0.8,0,0,3,345.17,349.19999999998845,457.05,0.0,0.0,0.0,0.0,unknown
1762155435.3184285,0,0.060000000000000005,0.8,1,0,3,345.26,349.0999999999884,456.9,0.0,0.0,0.0,0.0,unknown
1762155435.328606,0,0.061000000000000006,0.8,2,0,3,345.21,348.9999999999884,456.75,0.0,0.0,0.0,0.0,unknown
1762155435.338728,0,0.061000000000000006,0.8,1,1,3,345.16,348.8999999999884,456.54999999999995,0.0,0.0,0.0,0.0,unknown
1762155435.3489306,0,0.061000000000000006,0.8,1,0,3,345.05,348.79999999998836,456.35,0.0,0.0,0.0,0.0,unknown
1762155435.3590138,0,0.062,0.8,1,1,3,344.94,348.69999999998834,456.20000000000005,0.0,0.0,0.0,0.0,unknown
1762155435.3691313,0,0.061000000000000006,0.8,0,0,3,344.78,348.5999999999883,455.95,0.0,0.0,0.0,0.0,unknown
1762155435.3792157,0,0.060000000000000005,0.8,1,0,3,344.67,348.4999999999883,455.7,0.0,0.0,0.0,0.0,unknown
1762155435.38931,0,0.059000000000000004,0.8,1,0,3,344.56,348.39999999998827,455.5,0.0,0.0,0.0,0.0,unknown
1762155435.3993833,0,0.059000000000000004,0.8,1,0,3,344.45,348.29999999998824,455.4,0.0,0.0,0.0,0.0,unknown
1762155435.4094534,0,0.058,0.8,1,0,3,344.36,348.1999999999882,455.3,0.0,0.0,0.0,0.0,unknown
1762155435.4195597,0,0.059000000000000004,0.8,1,0,3,344.27,348.0999999999882,455.15,0.0,0.0,0.0,0.0,unknown
1762155435.4296467,0,0.058,0.8,1,0,3,344.18,347.9999999999882,454.95000000000005,0.0,0.0,0.0,0.0,unknown
1762155435.439713,0,0.058,0.8,1,0,3,344.07,347.89999999998815,454.79999999999995,0.0,0.0,0.0,0.0,unknown
1762155435.4497879,0,0.057,0.8,0,0,3,344.07,347.79999999998813,454.6,0.0,0.0,0.0,0.0,unknown
1762155435.459865,0,0.058,0.8,0,1,3,343.65,347.6999999999881,454.45,0.0,0.0,0.0,0.0,unknown
1762155435.46995,0,0.058,0.8,0,1,3,343.2,347.5999999999881,454.15,0.0,0.0,0.0,0.0,unknown
1762155435.4800172,0,0.059000000000000004,0.8,1,0,3,342.75,347.49999999998806,453.7,0.0,0.0,0.0,0.0,unknown
1762155435.490098,0,0.061000000000000006,0.8,1,1,3,342.37,347.39999999998804,453.1,0.0,0.0,0.0,0.0,unknown
1762155435.5001774,0,0.061000000000000006,0.8,1,1,3,342.03,347.299999999988,452.5,0.0,0.0,0.0,0.0,unknown
1762155435.5102506,0,0.061000000000000006,0.8,2,0,3,341.67,347.199999999988,452.05,0.0,0.0,0.0,0.0,unknown
1762155435.5203135,0,0.061000000000000006,0.8,2,0,3,341.4,347.099999999988,451.7,0.0,0.0,0.0,0.0,unknown
1762155435.5303776,0,0.061000000000000006,0.8,0,0,3,341.42,346.99999999998795,451.5,0.0,0.0,0.0,0.0,unknown
1762155435.5404391,0,0.061000000000000006,0.8,0,0,3,341.42,346.8999999999879,451.25,0.0,0.0,0.0,0.0,unknown
1762155435.5505023,0,0.061000000000000006,0.8,1,0,3,341.42,346.7999999999879,451.0,0.0,0.0,0.0,0.0,unknown
1762155435.560566,0,0.061000000000000006,0.8,0,1,3,341.42,346.6999999999879,450.75,0.0,0.0,0.0,0.0,unknown
1762155435.570629,0,0.061000000000000006,0.8,1,0,3,341.42,346.59999999998786,450.65,0.0,0.0,0.0,0.0,unknown
1762155435.5806901,0,0.060000000000000005,0.8,1,0,3,341.44,346.49999999998784,450.6,0.0,0.0,0.0,0.0,unknown
1762155435.5907533,0,0.060000000000000005,0.8,1,0,3,341.44,346.3999999999878,450.65,0.0,0.0,0.0,0.0,unknown
1762155435.600815,0,0.058,0.8,0,0,3,341.44,346.2999999999878,450.7,0.0,0.0,0.0,0.0,unknown
1762155435.6108828,0,0.057,0.8,1,0,3,341.15,346.19999999998777,450.55,0.0,0.0,0.0,0.0,unknown
1762155435.620981,0,0.058,0.8,2,0,3,340.81,346.09999999998774,450.29999999999995,0.0,0.0,0.0,0.0,unknown
1762155435.6311328,0,0.059000000000000004,0.8,2,0,3,340.52,345.9999999999877,449.95000000000005,0.0,0.0,0.0,0.0,unknown
1762155435.6412485,0,0.056,0.8,0,0,3,340.28,345.8999999999877,449.6,0.0,0.0,0.0,0.0,unknown
1762155435.6513758,0,0.056,0.8,1,0,3,339.99,345.7999999999877,449.25,0.0,0.0,0.0,0.0,unknown
1762155435.661482,0,0.055,0.8,1,0,3,339.65,345.69999999998765,448.9,0.0,0.0,0.0,0.0,unknown
1762155435.6715791,0,0.054,0.8,1,0,3,339.36,345.59999999998763,448.45000000000005,0.0,0.0,0.0,0.0,unknown
1762155435.6816583,0,0.053000000000000005,0.8,1,0,3,339.07,345.4999999999876,447.95,0.0,0.0,0.0,0.0,unknown
1762155435.691774,0,0.052000000000000005,0.8,1,0,3,338.73,345.3999999999876,447.4,0.0,0.0,0.0,0.0,unknown
1762155435.7018988,0,0.053000000000000005,0.8,1,0,3,338.44,345.29999999998756,446.85,0.0,0.0,0.0,0.0,unknown
1762155435.7120872,0,0.053000000000000005,0.8,0,0,3,338.22,345.19999999998754,446.2,0.0,0.0,0.0,0.0,unknown
1762155435.7221894,0,0.051000000000000004,0.8,1,0,3,337.93,345.0999999999875,445.5,0.0,0.0,0.0,0.0,unknown
1762155435.7322931,0,0.051000000000000004,0.8,1,0,3,337.64,344.9999999999875,444.79999999999995,0.0,0.0,0.0,0.0,unknown
1762155435.7424157,0,0.052000000000000005,0.8,1,0,3,337.35,344.8999999999875,444.05,0.0,0.0,0.0,0.0,unknown
1762155435.7525015,0,0.051000000000000004,0.8,0,0,3,337.04,344.79999999998745,443.4,0.0,0.0,0.0,0.0,unknown
1762155435.7626078,0,0.05,0.8,0,0,3,336.79,344.6999999999874,442.9,0.0,0.0,0.0,0.0,unknown
1762155435.7727022,0,0.051000000000000004,0.8,1,1,3,336.63,344.5999999999874,442.55,0.0,0.0,0.0,0.0,unknown
1762155435.7828214,0,0.051000000000000004,0.8,1,0,3,336.47,344.4999999999874,442.25,0.0,0.0,0.0,0.0,unknown
1762155435.7929256,0,0.051000000000000004,0.8,1,0,3,336.49,344.39999999998736,442.15,0.0,0.0,0.0,0.0,unknown
1762155435.8030434,0,0.05,0.8,1,0,3,336.49,344.29999999998734,442.1,0.0,0.0,0.0,0.0,unknown
1762155435.813148,0,0.051000000000000004,0.8,1,0,3,336.49,344.1999999999873,442.05,0.0,0.0,0.0,0.0,unknown
1762155435.8232403,0,0.052000000000000005,0.8,2,0,3,336.49,344.0999999999873,441.95000000000005,0.0,0.0,0.0,0.0,unknown
1762155435.8333216,0,0.05,0.8,0,0,3,336.49,343.99999999998727,441.85,0.0,0.0,0.0,0.0,unknown
1762155435.8434157,0,0.049,0.8,1,0,3,336.51,343.89999999998724,441.70000000000005,0.0,0.0,0.0,0.0,unknown
1762155435.8535864,0,0.048,0.8,0,0,3,336.51,343.7999999999872,441.5,0.0,0.0,0.0,0.0,unknown
1762155435.8636672,0,0.046,0.8,0,0,3,336.49,343.6999999999872,441.29999999999995,0.0,0.0,0.0,0.0,unknown
1762155435.873745,0,0.047,0.8,1,0,3,336.49,343.5999999999872,441.15,0.0,0.0,0.0,0.0,unknown
1762155435.8838124,0,0.048,0.8,2,0,3,336.58,343.49999999998715,441.05,0.0,0.0,0.0,0.0,unknown
1762155435.8938782,0,0.049,0.8,2,0,3,336.6,343.39999999998713,441.0,0.0,0.0,0.0,0.0,unknown
1762155435.9039443,0,0.049,0.8,1,0,3,336.69,343.2999999999871,440.9,0.0,0.0,0.0,0.0,unknown
1762155435.9140089,0,0.05,0.8,2,0,3,336.78,343.1999999999871,440.75,0.0,0.0,0.0,0.0,unknown
1762155435.9240825,0,0.05,0.8,1,0,3,336.8,343.09999999998706,440.65,0.0,0.0,0.0,0.0,unknown
1762155435.9341536,0,0.051000000000000004,0.8,2,0,3,336.8,342.99999999998704,440.70000000000005,0.0,0.0,0.0,0.0,unknown
1762155435.9442148,0,0.053000000000000005,0.8,2,1,3,336.82,342.899999999987,440.85,0.0,0.0,0.0,0.0,unknown
1762155435.9543185,0,0.054,0.8,1,0,3,336.71,342.799999999987,441.1,0.0,0.0,0.0,0.0,unknown
1762155435.9644296,0,0.053000000000000005,0.8,0,0,3,336.49,342.69999999998697,441.2,0.0,0.0,0.0,0.0,unknown
1762155435.9745312,0,0.053000000000000005,0.8,0,1,3,336.15,342.59999999998695,441.25,0.0,0.0,0.0,0.0,unknown
1762155435.984608,0,0.053000000000000005,0.8,1,0,3,335.79,342.4999999999869,441.15,0.0,0.0,0.0,0.0,unknown
1762155435.994672,0,0.051000000000000004,0.8,0,0,3,335.55,342.3999999999869,441.0,0.0,0.0,0.0,0.0,unknown
1762155436.004734,0,0.05,0.8,1,0,3,335.24,342.2999999999869,440.9,0.0,0.0,0.0,0.0,unknown
1762155436.0148275,0,0.049,0.8,1,0,3,334.93,342.19999999998686,440.79999999999995,0.0,0.0,0.0,0.0,unknown
1762155436.0249238,0,0.048,0.8,1,0,3,334.69,342.09999999998684,440.75,0.0,0.0,0.0,0.0,unknown
1762155436.0349994,0,0.048,0.8,0,0,3,334.4,341.9999999999868,440.5,0.0,0.0,0.0,0.0,unknown
1762155436.0450675,0,0.049,0.8,1,0,3,334.04,341.8999999999868,440.20000000000005,0.0,0.0,0.0,0.0,unknown
1762155436.055132,0,0.049,0.8,1,0,3,333.75,341.79999999998677,439.9,0.0,0.0,0.0,0.0,unknown
1762155436.0652006,0,0.049,0.8,1,0,3,333.46,341.69999999998674,439.65,0.0,0.0,0.0,0.0,unknown
1762155436.07527,0,0.049,0.8,1,0,3,333.15,341.5999999999867,439.55,0.0,0.0,0.0,0.0,unknown
1762155436.0853336,0,0.049,0.8,1,0,3,332.79,341.4999999999867,439.45,0.0,0.0,0.0,0.0,unknown
1762155436.095414,0,0.049,0.8,1,0,3,332.5,341.3999999999867,439.25,0.0,0.0,0.0,0.0,unknown
1762155436.1055083,0,0.049,0.8,0,0,3,332.21,341.29999999998665,439.1,0.0,0.0,0.0,0.0,unknown
1762155436.1155915,0,0.05,0.8,1,1,3,332.07,341.19999999998663,438.9,0.0,0.0,0.0,0.0,unknown
1762155436.1256888,0,0.049,0.8,1,0,3,332.07,341.0999999999866,438.85,0.0,0.0,0.0,0.0,unknown
1762155436.1358,0,0.047,0.8,0,0,3,332.07,340.9999999999866,438.9,0.0,0.0,0.0,0.0,unknown
1762155436.1459062,0,0.047,0.8,0,0,3,332.23,340.89999999998656,439.1,0.0,0.0,0.0,0.0,unknown
1762155436.1560192,0,0.047,0.8,1,0,3,332.37,340.79999999998654,439.45,0.0,0.0,0.0,0.0,unknown
1762155436.166132,0,0.047,0.8,1,0,3,332.51,340.6999999999865,439.85,0.0,0.0,0.0,0.0,unknown
1762155436.1762352,0,0.047,0.8,1,0,3,332.63,340.5999999999865,440.25,0.0,0.0,0.0,0.0,unknown
1762155436.186344,0,0.046,0.8,0,0,3,332.72,340.49999999998647,440.65,0.0,0.0,0.0,0.0,unknown
1762155436.1964235,0,0.045000000000000005,0.8,0,0,3,332.84,340.39999999998645,441.15,0.0,0.0,0.0,0.0,unknown
1762155436.2065365,0,0.044000000000000004,0.8,0,0,3,332.98,340.2999999999864,441.7,0.0,0.0,0.0,0.0,unknown
1762155436.2166288,0,0.045000000000000005,0.8,1,0,3,333.14,340.1999999999864,442.2,0.0,0.0,0.0,0.0,unknown
1762155436.2267256,0,0.045000000000000005,0.8,0,1,3,333.28,340.0999999999864,442.54999999999995,0.0,0.0,0.0,0.0,unknown
1762155436.236838,0,0.044000000000000004,0.8,0,0,3,333.44,339.99999999998636,442.8,0.0,0.0,0.0,0.0,unknown
1762155436.2469418,0,0.044000000000000004,0.8,1,0,3,333.51,339.89999999998633,443.04999999999995,0.0,0.0,0.0,0.0,unknown
1762155436.2570372,0,0.044000000000000004,0.8,0,0,3,333.58,339.7999999999863,443.3,0.0,0.0,0.0,0.0,unknown
1762155436.267128,0,0.044000000000000004,0.8,0,0,3,333.58,339.6999999999863,443.6,0.0,0.0,0.0,0.0,unknown
1762155436.27723,0,0.043000000000000003,0.8,1,0,3,333.58,339.59999999998627,443.9,0.0,0.0,0.0,0.0,unknown
1762155436.2873237,0,0.043000000000000003,0.8,1,0,3,333.6,339.49999999998624,444.25,0.0,0.0,0.0,0.0,unknown
1762155436.29747,0,0.043000000000000003,0.8,1,0,3,333.47,339.3999999999862,444.65,0.0,0.0,0.0,0.0,unknown
1762155436.3075714,0,0.045000000000000005,0.8,2,1,3,333.36,339.2999999999862,444.9,0.0,0.0,0.0,0.0,unknown
1762155436.317666,0,0.045000000000000005,0.8,1,0,3,333.07,339.1999999999862,445.05,0.0,0.0,0.0,0.0,unknown
1762155436.3277864,0,0.043000000000000003,0.8,0,0,3,332.73,339.09999999998615,445.0,0.0,0.0,0.0,0.0,unknown
1762155436.3378854,0,0.044000000000000004,0.8,1,0,3,332.44,338.99999999998613,444.85,0.0,0.0,0.0,0.0,unknown
1762155436.3480086,0,0.045000000000000005,0.8,2,0,3,332.2,338.8999999999861,444.7,0.0,0.0,0.0,0.0,unknown
1762155436.3581154,0,0.046,0.8,1,0,3,331.91,338.7999999999861,444.54999999999995,0.0,0.0,0.0,0.0,unknown
1762155436.3682818,0,0.048,0.8,1,1,3,331.57,338.69999999998606,444.4,0.0,0.0,0.0,0.0,unknown
1762155436.378389,0,0.047,0.8,0,0,3,331.33,338.59999999998604,444.25,0.0,0.0,0.0,0.0,unknown
1762155436.3884964,0,0.045000000000000005,0.8,0,0,3,330.99,338.499999999986,444.05,0.0,0.0,0.0,0.0,unknown
1762155436.3985841,0,0.045000000000000005,0.8,2,0,3,330.7,338.399999999986,443.79999999999995,0.0,0.0,0.0,0.0,unknown
1762155436.4086568,0,0.045000000000000005,0.8,1,0,3,330.36,338.29999999998597,443.45000000000005,0.0,0.0,0.0,0.0,unknown
1762155436.4187655,0,0.045000000000000005,0.8,2,0,3,330.07,338.19999999998595,443.15,0.0,0.0,0.0,0.0,unknown
1762155436.428836,0,0.044000000000000004,0.8,0,0,3,329.78,338.0999999999859,442.85,0.0,0.0,0.0,0.0,unknown
1762155436.4389026,0,0.043000000000000003,0.8,1,0,3,329.49,337.9999999999859,442.65,0.0,0.0,0.0,0.0,unknown
1762155436.449006,0,0.042,0.8,1,1,3,329.22,337.8999999999859,442.45000000000005,0.0,0.0,0.0,0.0,unknown
1762155436.4591305,0,0.042,0.8,1,0,3,328.86,337.79999999998586,442.3,0.0,0.0,0.0,0.0,unknown
1762155436.4691947,0,0.042,0.8,0,0,3,328.88,337.69999999998583,442.20000000000005,0.0,0.0,0.0,0.0,unknown
1762155436.4792702,0,0.042,0.8,1,0,3,328.88,337.5999999999858,442.25,0.0,0.0,0.0,0.0,unknown
1762155436.4893434,0,0.045000000000000005,0.8,2,2,3,329.04,337.4999999999858,442.35,0.0,0.0,0.0,0.0,unknown
1762155436.4994137,0,0.046,0.8,1,0,3,329.11,337.39999999998577,442.6,0.0,0.0,0.0,0.0,unknown
1762155436.5094812,0,0.046,0.8,1,0,3,329.18,337.29999999998574,442.9,0.0,0.0,0.0,0.0,unknown
1762155436.519547,0,0.045000000000000005,0.8,0,0,3,329.34,337.1999999999857,443.2,0.0,0.0,0.0,0.0,unknown
1762155436.5296233,0,0.044000000000000004,0.8,0,0,3,329.48,337.0999999999857,443.4,0.0,0.0,0.0,0.0,unknown
1762155436.539692,0,0.046,0.8,1,1,3,329.46,336.9999999999857,443.6,0.0,0.0,0.0,0.0,unknown
1762155436.5497622,0,0.046,0.8,1,0,3,329.44,336.89999999998565,443.85,0.0,0.0,0.0,0.0,unknown
1762155436.5599334,0,0.046,0.8,1,0,3,329.37,336.79999999998563,444.04999999999995,0.0,0.0,0.0,0.0,unknown
1762155436.5699995,0,0.047,0.8,2,0,3,329.37,336.6999999999856,444.20000000000005,0.0,0.0,0.0,0.0,unknown
1762155436.5800738,0,0.047,0.8,1,0,3,329.35,336.5999999999856,444.29999999999995,0.0,0.0,0.0,0.0,unknown
1762155436.5901482,0,0.047,0.8,1,0,3,329.33,336.49999999998556,444.29999999999995,0.0,0.0,0.0,0.0,unknown
1762155436.6002133,0,0.046,0.8,0,0,3,329.33,336.39999999998554,444.2,0.0,0.0,0.0,0.0,unknown
1762155436.6102738,0,0.047,0.8,0,1,3,329.35,336.2999999999855,444.04999999999995,0.0,0.0,0.0,0.0,unknown
1762155436.6203408,0,0.046,0.8,1,0,3,329.55,336.1999999999855,444.05,0.0,0.0,0.0,0.0,unknown
1762155436.6304061,0,0.046,0.8,1,0,3,329.8,336.09999999998547,444.25,0.0,0.0,0.0,0.0,unknown
1762155436.6404681,0,0.047,0.8,1,0,3,330.05,335.99999999998545,444.54999999999995,0.0,0.0,0.0,0.0,unknown
1762155436.6505506,0,0.048,0.8,1,0,3,330.09,335.8999999999854,444.85,0.0,0.0,0.0,0.0,unknown
1762155436.6606112,0,0.049,0.8,2,0,3,330.13,335.7999999999854,445.1,0.0,0.0,0.0,0.0,unknown
1762155436.6706903,0,0.05,0.8,2,0,3,330.18,335.6999999999854,445.3,0.0,0.0,0.0,0.0,unknown
1762155436.6807935,0,0.05,0.8,1,0,3,330.23,335.59999999998536,445.6,0.0,0.0,0.0,0.0,unknown
1762155436.6909213,0,0.051000000000000004,0.8,1,0,3,330.23,335.49999999998533,445.85,0.0,0.0,0.0,0.0,unknown
1762155436.7010705,0,0.052000000000000005,0.8,1,0,3,330.28,335.3999999999853,446.05,0.0,0.0,0.0,0.0,unknown
1762155436.7111664,0,0.052000000000000005,0.8,0,0,3,330.23,335.2999999999853,446.25,0.0,0.0,0.0,0.0,unknown
1762155436.7212617,0,0.051000000000000004,0.8,0,0,3,330.16,335.19999999998527,446.6,0.0,0.0,0.0,0.0,unknown
1762155436.7313623,0,0.05,0.8,0,0,3,330.09,335.09999999998524,447.0,0.0,0.0,0.0,0.0,unknown
1762155436.741463,0,0.05,0.8,0,0,3,330.02,334.9999999999852,447.4,0.0,0.0,0.0,0.0,unknown
1762155436.7515683,0,0.05,0.8,0,1,3,329.95,334.8999999999852,447.8,0.0,0.0,0.0,0.0,unknown
1762155436.7616935,0,0.05,0.8,0,0,3,329.9,334.7999999999852,448.05,0.0,0.0,0.0,0.0,unknown
1762155436.771811,0,0.05,0.8,0,0,3,329.81,334.69999999998515,448.15,0.0,0.0,0.0,0.0,unknown
1762155436.7818954,0,0.05,0.8,1,0,3,329.72,334.59999999998513,448.1,0.0,0.0,0.0,0.0,unknown
1762155436.7920012,0,0.049,0.8,0,0,3,329.7,334.4999999999851,448.04999999999995,0.0,0.0,0.0,0.0,unknown
1762155436.8020918,0,0.048,0.8,0,0,3,329.5,334.3999999999851,448.0,0.0,0.0,0.0,0.0,unknown
1762155436.8121917,0,0.045000000000000005,0.8,0,0,3,329.32,334.29999999998506,448.05,0.0,0.0,0.0,0.0,unknown
1762155436.8222911,0,0.045000000000000005,0.8,1,0,3,329.09,334.19999999998504,448.15,0.0,0.0,0.0,0.0,unknown
1762155436.8323965,0,0.048,0.8,2,1,3,328.86,334.099999999985,448.25,0.0,0.0,0.0,0.0,unknown
1762155436.842498,0,0.048,0.8,1,0,3,328.74,333.999999999985,448.3,0.0,0.0,0.0,0.0,unknown
1762155436.8526053,0,0.046,0.8,0,0,3,328.58,333.89999999998497,448.4,0.0,0.0,0.0,0.0,unknown
1762155436.8627295,0,0.046,0.8,1,0,3,328.44,333.79999999998495,448.55,0.0,0.0,0.0,0.0,unknown
1762155436.872814,0,0.045000000000000005,0.8,1,0,3,328.46,333.6999999999849,448.7,0.0,0.0,0.0,0.0,unknown
1762155436.88292,0,0.046,0.8,1,0,3,328.46,333.5999999999849,448.9,0.0,0.0,0.0,0.0,unknown
1762155436.8930464,0,0.046,0.8,0,0,3,328.46,333.4999999999849,449.05,0.0,0.0,0.0,0.0,unknown
1762155436.9031575,0,0.045000000000000005,0.8,1,0,3,328.39,333.39999999998486,449.2,0.0,0.0,0.0,0.0,unknown
1762155436.9132216,0,0.045000000000000005,0.8,1,0,3,328.25,333.29999999998483,449.3,0.0,0.0,0.0,0.0,unknown
1762155436.9232907,0,0.046,0.8,2,1,3,327.91,333.1999999999848,449.4,0.0,0.0,0.0,0.0,unknown
1762155436.9333572,0,0.047,0.8,1,0,3,327.57,333.0999999999848,449.5,0.0,0.0,0.0,0.0,unknown
1762155436.9434228,0,0.047,0.8,1,0,3,327.23,332.99999999998477,449.45,0.0,0.0,0.0,0.0,unknown
1762155436.9535315,0,0.045000000000000005,0.8,0,0,3,326.89,332.89999999998474,449.35,0.0,0.0,0.0,0.0,unknown
1762155436.9636,0,0.044000000000000004,0.8,0,0,3,326.57,332.7999999999847,449.15,0.0,0.0,0.0,0.0,unknown
1762155436.973698,0,0.046,0.8,2,0,3,326.41,332.6999999999847,449.0,0.0,0.0,0.0,0.0,unknown
1762155436.983767,0,0.046,0.8,1,0,3,326.32,332.5999999999847,448.85,0.0,0.0,0.0,0.0,unknown
1762155436.9938347,0,0.042,0.8,0,0,3,326.23,332.49999999998465,448.75,0.0,0.0,0.0,0.0,unknown
1762155437.0039008,0,0.041,0.8,0,0,3,326.09,332.39999999998463,448.75,0.0,0.0,0.0,0.0,unknown
1762155437.0139754,0,0.042,0.8,2,0,3,325.95,332.2999999999846,448.70000000000005,0.0,0.0,0.0,0.0,unknown
1762155437.0240567,0,0.043000000000000003,0.8,1,0,3,325.81,332.1999999999846,448.6,0.0,0.0,0.0,0.0,unknown
1762155437.0341194,0,0.043000000000000003,0.8,0,0,3,325.67,332.09999999998456,448.45,0.0,0.0,0.0,0.0,unknown
1762155437.0441895,0,0.042,0.8,1,0,3,325.65,331.99999999998454,448.35,0.0,0.0,0.0,0.0,unknown
1762155437.054255,0,0.043000000000000003,0.8,2,0,3,325.63,331.8999999999845,448.35,0.0,0.0,0.0,0.0,unknown
1762155437.0643227,0,0.043000000000000003,0.8,1,0,3,325.68,331.7999999999845,448.4,0.0,0.0,0.0,0.0,unknown
1762155437.0743866,0,0.042,0.8,1,0,3,325.68,331.69999999998447,448.35,0.0,0.0,0.0,0.0,unknown
1762155437.0844471,0,0.041,0.8,0,0,3,325.63,331.59999999998445,448.3,0.0,0.0,0.0,0.0,unknown
1762155437.094513,0,0.041,0.8,0,1,3,325.63,331.4999999999844,448.25,0.0,0.0,0.0,0.0,unknown
1762155437.1045754,0,0.041,0.8,0,0,3,325.79,331.3999999999844,448.25,0.0,0.0,0.0,0.0,unknown
1762155437.1146371,0,0.04,0.8,0,0,3,325.95,331.2999999999844,448.25,0.0,0.0,0.0,0.0,unknown
1762155437.1246977,0,0.039,0.8,0,0,3,326.09,331.19999999998436,448.3,0.0,0.0,0.0,0.0,unknown
1762155437.1347616,0,0.038,0.8,0,0,3,326.21,331.09999999998433,448.4,0.0,0.0,0.0,0.0,unknown
1762155437.1448255,0,0.037,0.8,0,0,3,326.37,330.9999999999843,448.5,0.0,0.0,0.0,0.0,unknown
1762155437.1548884,0,0.037,0.8,1,0,3,326.35,330.8999999999843,448.5,0.0,0.0,0.0,0.0,unknown
1762155437.164961,0,0.035,0.8,0,0,3,326.35,330.79999999998427,448.45000000000005,0.0,0.0,0.0,0.0,unknown
1762155437.175088,0,0.034,0.8,1,0,3,326.37,330.69999999998424,448.3,0.0,0.0,0.0,0.0,unknown
1762155437.1852014,0,0.033,0.8,0,0,3,326.37,330.5999999999842,448.20000000000005,0.0,0.0,0.0,0.0,unknown
1762155437.195285,0,0.033,0.8,1,0,3,326.42,330.4999999999842,448.15,0.0,0.0,0.0,0.0,unknown
1762155437.205365,0,0.034,0.8,2,0,3,326.44,330.3999999999842,448.1,0.0,0.0,0.0,0.0,unknown
1762155437.2154667,0,0.035,0.8,0,1,3,326.44,330.29999999998415,448.0,0.0,0.0,0.0,0.0,unknown
1762155437.2255588,0,0.035,0.8,0,0,3,326.44,330.19999999998413,447.85,0.0,0.0,0.0,0.0,unknown
1762155437.235664,0,0.036000000000000004,0.8,0,1,3,326.46,330.0999999999841,447.85,0.0,0.0,0.0,0.0,unknown
1762155437.2457607,0,0.037,0.8,0,1,3,326.46,329.9999999999841,447.85,0.0,0.0,0.0,0.0,unknown
1762155437.2558625,0,0.037,0.8,0,1,3,326.34,329.89999999998406,447.9,0.0,0.0,0.0,0.0,unknown
1762155437.2659607,0,0.037,0.8,0,0,3,326.22,329.79999999998404,447.95,0.0,0.0,0.0,0.0,unknown
1762155437.276076,0,0.037,0.8,0,0,3,325.9,329.699999999984,447.79999999999995,0.0,0.0,0.0,0.0,unknown
1762155437.2861762,0,0.036000000000000004,0.8,0,0,3,325.56,329.599999999984,447.65,0.0,0.0,0.0,0.0,unknown
1762155437.2962918,0,0.036000000000000004,0.8,0,0,3,325.22,329.49999999998397,447.4,0.0,0.0,0.0,0.0,unknown
1762155437.3063612,0,0.036000000000000004,0.8,0,0,3,324.9,329.39999999998395,447.05,0.0,0.0,0.0,0.0,unknown
1762155437.3164468,0,0.037,0.8,1,0,3,324.56,329.2999999999839,446.79999999999995,0.0,0.0,0.0,0.0,unknown
1762155437.3265252,0,0.037,0.8,1,0,3,324.47,329.1999999999839,446.54999999999995,0.0,0.0,0.0,0.0,unknown
1762155437.336604,0,0.035,0.8,1,0,3,324.38,329.0999999999839,446.45000000000005,0.0,0.0,0.0,0.0,unknown
1762155437.3467171,0,0.034,0.8,0,0,3,324.29,328.99999999998386,446.4,0.0,0.0,0.0,0.0,unknown
1762155437.3567905,0,0.036000000000000004,0.8,2,0,3,324.15,328.89999999998383,446.35,0.0,0.0,0.0,0.0,unknown
1762155437.3668568,0,0.036000000000000004,0.8,1,0,3,324.01,328.7999999999838,446.35,0.0,0.0,0.0,0.0,unknown
1762155437.3769352,0,0.035,0.8,0,0,3,323.92,328.6999999999838,446.29999999999995,0.0,0.0,0.0,0.0,unknown
1762155437.3870075,0,0.035,0.8,1,0,3,323.78,328.59999999998377,446.29999999999995,0.0,0.0,0.0,0.0,unknown
1762155437.3970764,0,0.036000000000000004,0.8,1,0,3,323.76,328.49999999998374,446.20000000000005,0.0,0.0,0.0,0.0,unknown
1762155437.4071438,0,0.035,0.8,0,0,3,323.64,328.3999999999837,446.15,0.0,0.0,0.0,0.0,unknown
1762155437.4172075,0,0.035,0.8,1,0,3,323.57,328.2999999999837,446.1,0.0,0.0,0.0,0.0,unknown
1762155437.4272697,0,0.033,0.8,1,0,3,323.55,328.1999999999837,446.05,0.0,0.0,0.0,0.0,unknown
1762155437.4373913,0,0.033,0.8,1,0,3,323.53,328.09999999998365,445.95,0.0,0.0,0.0,0.0,unknown
1762155437.447461,0,0.033,0.8,1,0,3,323.71,327.99999999998363,445.85,0.0,0.0,0.0,0.0,unknown
1762155437.4575238,0,0.034,0.8,1,0,3,323.87,327.8999999999836,445.8,0.0,0.0,0.0,0.0,unknown
1762155437.467586,0,0.034,0.8,0,0,3,324.01,327.7999999999836,445.85,0.0,0.0,0.0,0.0,unknown
1762155437.4776645,0,0.032,0.8,0,0,3,324.13,327.69999999998356,445.95,0.0,0.0,0.0,0.0,unknown
1762155437.4877346,0,0.032,0.8,0,1,3,324.27,327.59999999998354,446.0,0.0,0.0,0.0,0.0,unknown
1762155437.4977994,0,0.032,0.8,0,0,3,324.27,327.4999999999835,446.05,0.0,0.0,0.0,0.0,unknown
1762155437.5078645,0,0.033,0.8,1,0,3,324.27,327.3999999999835,446.04999999999995,0.0,0.0,0.0,0.0,unknown
1762155437.51793,0,0.033,0.8,2,0,3,324.27,327.29999999998347,446.05,0.0,0.0,0.0,0.0,unknown
1762155437.5280087,0,0.032,0.8,0,0,3,324.25,327.19999999998345,446.0,0.0,0.0,0.0,0.0,unknown
1762155437.5381403,0,0.035,0.8,2,1,3,324.27,327.0999999999834,445.9,0.0,0.0,0.0,0.0,unknown
1762155437.5482109,0,0.034,0.8,0,0,3,324.27,326.9999999999834,445.7,0.0,0.0,0.0,0.0,unknown
1762155437.5583181,0,0.033,0.8,1,0,3,324.27,326.8999999999834,445.54999999999995,0.0,0.0,0.0,0.0,unknown
1762155437.5684102,0,0.033,0.8,1,0,3,324.34,326.79999999998336,445.5,0.0,0.0,0.0,0.0,unknown
1762155437.578474,0,0.034,0.8,2,0,3,324.34,326.69999999998333,445.5,0.0,0.0,0.0,0.0,unknown
1762155437.5885403,0,0.035,0.8,1,0,3,324.34,326.5999999999833,445.4,0.0,0.0,0.0,0.0,unknown
1762155437.5986123,0,0.036000000000000004,0.8,1,1,3,324.27,326.4999999999833,445.35,0.0,0.0,0.0,0.0,unknown
1762155437.6086857,0,0.036000000000000004,0.8,0,0,3,324.15,326.39999999998327,445.35,0.0,0.0,0.0,0.0,unknown
1762155437.6187942,0,0.036000000000000004,0.8,0,0,3,323.9,326.29999999998324,445.35,0.0,0.0,0.0,0.0,unknown
1762155437.6288846,0,0.036000000000000004,0.8,0,0,3,323.7,326.1999999999832,445.29999999999995,0.0,0.0,0.0,0.0,unknown
1762155437.639005,0,0.036000000000000004,0.8,0,0,3,323.45,326.0999999999832,445.2,0.0,0.0,0.0,0.0,unknown
1762155437.6491153,0,0.037000000000000005,0.8,1,0,3,323.18,325.9999999999832,445.05,0.0,0.0,0.0,0.0,unknown
1762155437.659205,0,0.036000000000000004,0.8,0,0,3,323.07,325.89999999998315,444.9,0.0,0.0,0.0,0.0,unknown
1762155437.6692986,0,0.037000000000000005,0.8,1,0,3,322.91,325.79999999998313,444.75,0.0,0.0,0.0,0.0,unknown
1762155437.6794164,0,0.038,0.8,1,1,3,322.77,325.6999999999831,444.65,0.0,0.0,0.0,0.0,unknown
1762155437.6895204,0,0.039,0.8,1,0,3,322.72,325.5999999999831,444.45000000000005,0.0,0.0,0.0,0.0,unknown
1762155437.6996198,0,0.038,0.8,0,0,3,322.72,325.49999999998306,444.35,0.0,0.0,0.0,0.0,unknown
1762155437.709704,0,0.037000000000000005,0.8,0,1,3,322.72,325.39999999998304,444.35,0.0,0.0,0.0,0.0,unknown
1762155437.719793,0,0.036000000000000004,0.8,0,0,3,322.72,325.299999999983,444.45,0.0,0.0,0.0,0.0,unknown
1762155437.7298813,0,0.037000000000000005,0.8,0,1,3,322.72,325.199999999983,444.5,0.0,0.0,0.0,0.0,unknown
1762155437.7400002,0,0.036000000000000004,0.8,0,0,3,322.77,325.09999999998297,444.45,0.0,0.0,0.0,0.0,unknown
1762155437.7501252,0,0.037000000000000005,0.8,1,1,3,322.84,324.99999999998295,444.4,0.0,0.0,0.0,0.0,unknown
1762155437.760195,0,0.036000000000000004,0.8,0,0,3,322.91,324.8999999999829,444.35,0.0,0.0,0.0,0.0,unknown
1762155437.7702737,0,0.036000000000000004,0.8,0,0,3,322.96,324.7999999999829,444.45000000000005,0.0,0.0,0.0,0.0,unknown
1762155437.7803752,0,0.036000000000000004,0.8,0,0,3,322.96,324.6999999999829,444.55,0.0,0.0,0.0,0.0,unknown
1762155437.7904603,0,0.036000000000000004,0.8,0,0,3,323.07,324.59999999998286,444.65,0.0,0.0,0.0,0.0,unknown
1762155437.80054,0,0.036000000000000004,0.8,0,0,3,322.8,324.49999999998283,444.75,0.0,0.0,0.0,0.0,unknown
1762155437.810607,0,0.036000000000000004,0.8,0,0,3,322.57,324.3999999999828,444.75,0.0,0.0,0.0,0.0,unknown
1762155437.820685,0,0.035,0.8,0,0,3,322.32,324.2999999999828,444.65,0.0,0.0,0.0,0.0,unknown
1762155437.8307617,0,0.035,0.8,1,0,3,322.14,324.19999999998277,444.5,0.0,0.0,0.0,0.0,unknown
1762155437.8408306,0,0.035,0.8,1,0,3,321.96,324.09999999998274,444.4,0.0,0.0,0.0,0.0,unknown
1762155437.850937,0,0.036000000000000004,0.8,1,0,3,321.65,323.9999999999827,444.25,0.0,0.0,0.0,0.0,unknown
1762155437.8610604,0,0.034,0.8,0,0,3,321.36,323.8999999999827,444.0,0.0,0.0,0.0,0.0,unknown
1762155437.8711312,0,0.034,0.8,1,0,3,321.09,323.7999999999827,443.75,0.0,0.0,0.0,0.0,unknown
1762155437.8812416,0,0.034,0.8,0,0,3,320.66,323.69999999998265,443.45,0.0,0.0,0.0,0.0,unknown
1762155437.8913097,0,0.033,0.8,0,0,3,320.21,323.59999999998263,443.1,0.0,0.0,0.0,0.0,unknown
1762155437.9013782,0,0.032,0.8,0,0,3,319.76,323.4999999999826,442.75,0.0,0.0,0.0,0.0,unknown
1762155437.9114838,0,0.033,0.8,0,1,3,319.45,323.3999999999826,442.4,0.0,0.0,0.0,0.0,unknown
1762155437.9215744,0,0.033,0.8,1,0,3,319.16,323.29999999998256,442.05,0.0,0.0,0.0,0.0,unknown
1762155437.9316363,0,0.032,0.8,0,0,3,319.16,323.19999999998254,441.75,0.0,0.0,0.0,0.0,unknown
1762155437.941697,0,0.031,0.8,0,0,3,319.12,323.0999999999825,441.4,0.0,0.0,0.0,0.0,unknown
1762155437.9517658,0,0.030000000000000002,0.8,0,0,3,319.08,322.9999999999825,441.15,0.0,0.0,0.0,0.0,unknown
1762155437.9618306,0,0.029,0.8,0,0,3,319.08,322.89999999998247,440.95,0.0,0.0,0.0,0.0,unknown
1762155437.971902,0,0.030000000000000002,0.8,0,1,3,319.08,322.79999999998245,440.8,0.0,0.0,0.0,0.0,unknown
1762155437.981979,0,0.033,0.8,1,2,3,319.22,322.6999999999824,440.70000000000005,0.0,0.0,0.0,0.0,unknown
1762155437.9920564,0,0.034,0.8,0,2,3,319.31,322.5999999999824,440.65,0.0,0.0,0.0,0.0,unknown
1762155438.0021553,0,0.034,0.8,0,0,3,319.45,322.4999999999824,440.6,0.0,0.0,0.0,0.0,unknown
1762155438.012235,0,0.033,0.8,0,0,3,319.59,322.39999999998236,440.5,0.0,0.0,0.0,0.0,unknown
1762155438.0223427,0,0.031,0.8,0,0,3,319.73,322.29999999998233,440.5,0.0,0.0,0.0,0.0,unknown
1762155438.0324533,0,0.033,0.8,1,1,3,319.82,322.1999999999823,440.55,0.0,0.0,0.0,0.0,unknown
1762155438.0425575,0,0.031,0.8,1,0,3,319.91,322.0999999999823,440.55,0.0,0.0,0.0,0.0,unknown
1762155438.052672,0,0.032,0.8,0,1,3,319.93,321.99999999998226,440.54999999999995,0.0,0.0,0.0,0.0,unknown
1762155438.062796,0,0.031,0.8,0,0,3,319.95,321.89999999998224,440.55,0.0,0.0,0.0,0.0,unknown
1762155438.0728948,0,0.030000000000000002,0.8,0,0,3,319.95,321.7999999999822,440.6,0.0,0.0,0.0,0.0,unknown
1762155438.0830126,0,0.029,0.8,1,0,3,320.02,321.6999999999822,440.70000000000005,0.0,0.0,0.0,0.0,unknown
1762155438.0931385,0,0.030000000000000002,0.8,1,1,3,320.09,321.5999999999822,440.75,0.0,0.0,0.0,0.0,unknown
1762155438.103254,0,0.029,0.8,1,0,3,320.16,321.49999999998215,440.79999999999995,0.0,0.0,0.0,0.0,unknown
1762155438.113378,0,0.029,0.8,0,0,3,320.02,321.39999999998213,440.85,0.0,0.0,0.0,0.0,unknown
1762155438.1235068,0,0.029,0.8,0,0,3,319.86,321.2999999999821,440.95000000000005,0.0,0.0,0.0,0.0,unknown
1762155438.1336064,0,0.029,0.8,0,0,3,319.7,321.1999999999821,440.95,0.0,0.0,0.0,0.0,unknown
1762155438.1437092,0,0.030000000000000002,0.8,0,1,3,319.52,321.09999999998206,440.85,0.0,0.0,0.0,0.0,unknown
1762155438.1538315,0,0.029,0.8,0,0,3,319.09,320.99999999998204,440.65,0.0,0.0,0.0,0.0,unknown
1762155438.1639533,0,0.029,0.8,0,0,3,318.68,320.899999999982,440.35,0.0,0.0,0.0,0.0,unknown
1762155438.1740859,0,0.029,0.8,0,1,3,318.25,320.799999999982,440.0,0.0,0.0,0.0,0.0,unknown
1762155438.184195,0,0.027,0.8,0,0,3,317.8,320.69999999998197,439.65,0.0,0.0,0.0,0.0,unknown
1762155438.1943092,0,0.027,0.8,0,1,3,317.37,320.59999999998195,439.35,0.0,0.0,0.0,0.0,unknown
1762155438.2043943,0,0.027,0.8,0,0,3,316.94,320.4999999999819,439.1,0.0,0.0,0.0,0.0,unknown
1762155438.214484,0,0.026000000000000002,0.8,0,0,3,316.49,320.3999999999819,438.8,0.0,0.0,0.0,0.0,unknown
1762155438.2245677,0,0.026000000000000002,0.8,0,0,3,316.06,320.2999999999819,438.5,0.0,0.0,0.0,0.0,unknown
1762155438.2346542,0,0.026000000000000002,0.8,0,1,3,315.63,320.19999999998186,438.25,0.0,0.0,0.0,0.0,unknown
1762155438.2447193,0,0.027,0.8,0,1,3,315.18,320.09999999998183,438.0,0.0,0.0,0.0,0.0,unknown
1762155438.254823,0,0.025,0.8,0,0,3,314.73,319.9999999999818,437.75,0.0,0.0,0.0,0.0,unknown
1762155438.264889,0,0.026000000000000002,0.8,1,0,3,314.44,319.8999999999818,437.5,0.0,0.0,0.0,0.0,unknown
1762155438.2749565,0,0.027,0.8,0,1,3,314.13,319.79999999998176,437.35,0.0,0.0,0.0,0.0,unknown
1762155438.2850616,0,0.027,0.8,0,0,3,314.09,319.69999999998174,437.3,0.0,0.0,0.0,0.0,unknown
1762155438.2951353,0,0.027,0.8,0,0,3,314.05,319.5999999999817,437.25,0.0,0.0,0.0,0.0,unknown
1762155438.3052034,0,0.028,0.8,1,0,3,313.96,319.4999999999817,437.25,0.0,0.0,0.0,0.0,unknown
1762155438.3152766,0,0.028,0.8,0,0,3,313.98,319.3999999999817,437.35,0.0,0.0,0.0,0.0,unknown
1762155438.3253453,0,0.028,0.8,0,0,3,314,319.29999999998165,437.35,0.0,0.0,0.0,0.0,unknown
1762155438.33541,0,0.027,0.8,0,0,3,314,319.1999999999816,437.45,0.0,0.0,0.0,0.0,unknown
1762155438.3454833,0,0.027,0.8,0,1,3,314.16,319.0999999999816,437.45,0.0,0.0,0.0,0.0,unknown
1762155438.355598,0,0.027,0.8,1,0,3,314.25,318.9999999999816,437.5,0.0,0.0,0.0,0.0,unknown
1762155438.3656628,0,0.027,0.8,0,0,3,314.34,318.89999999998156,437.54999999999995,0.0,0.0,0.0,0.0,unknown
1762155438.3757365,0,0.026000000000000002,0.8,0,0,3,314.48,318.79999999998154,437.6,0.0,0.0,0.0,0.0,unknown
1762155438.385821,0,0.026000000000000002,0.8,0,0,3,314.57,318.6999999999815,437.75,0.0,0.0,0.0,0.0,unknown
1762155438.3958864,0,0.027,0.8,0,1,3,314.71,318.5999999999815,437.9,0.0,0.0,0.0,0.0,unknown
1762155438.4060106,0,0.028,0.8,0,1,3,314.73,318.49999999998147,438.1,0.0,0.0,0.0,0.0,unknown
1762155438.416109,0,0.028,0.8,1,0,3,314.8,318.39999999998145,438.2,0.0,0.0,0.0,0.0,unknown
1762155438.4261708,0,0.028,0.8,0,1,3,314.92,318.2999999999814,438.35,0.0,0.0,0.0,0.0,unknown
1762155438.4362342,0,0.029,0.8,1,0,3,314.92,318.1999999999814,438.45,0.0,0.0,0.0,0.0,unknown
1762155438.4463394,0,0.029,0.8,0,0,3,314.92,318.0999999999814,438.65,0.0,0.0,0.0,0.0,unknown
1762155438.4564445,0,0.029,0.8,0,0,3,314.67,317.99999999998136,438.75,0.0,0.0,0.0,0.0,unknown
1762155438.4665163,0,0.029,0.8,0,0,3,314.51,317.89999999998133,438.8,0.0,0.0,0.0,0.0,unknown
1762155438.4766083,0,0.028,0.8,0,0,3,314.35,317.7999999999813,438.75,0.0,0.0,0.0,0.0,unknown
1762155438.4866853,0,0.026000000000000002,0.8,1,0,3,314.19,317.6999999999813,438.7,0.0,0.0,0.0,0.0,unknown
1762155438.4968,0,0.024,0.8,0,0,3,314.01,317.59999999998126,438.65,0.0,0.0,0.0,0.0,unknown
1762155438.5068913,0,0.025,0.8,1,0,3,313.69,317.49999999998124,438.65,0.0,0.0,0.0,0.0,unknown
1762155438.5170143,0,0.025,0.8,0,0,3,313.39,317.3999999999812,438.65,0.0,0.0,0.0,0.0,unknown
1762155438.5271006,0,0.025,0.8,0,0,3,313.03,317.2999999999812,438.5,0.0,0.0,0.0,0.0,unknown
1762155438.5372243,0,0.023,0.8,0,0,3,312.6,317.1999999999812,438.29999999999995,0.0,0.0,0.0,0.0,unknown
1762155438.547351,0,0.023,0.8,0,1,3,312.15,317.09999999998115,438.1,0.0,0.0,0.0,0.0,unknown
1762155438.5574627,0,0.023,0.8,1,0,3,311.74,316.9999999999811,437.95,0.0,0.0,0.0,0.0,unknown
1762155438.567573,0,0.024,0.8,1,0,3,311.31,316.8999999999811,437.75,0.0,0.0,0.0,0.0,unknown
1762155438.5776987,0,0.025,0.8,1,0,3,310.86,316.7999999999811,437.4,0.0,0.0,0.0,0.0,unknown
1762155438.5878055,0,0.024,0.8,0,0,3,310.41,316.69999999998106,436.95,0.0,0.0,0.0,0.0,unknown
1762155438.5979245,0,0.022000000000000002,0.8,0,0,3,309.98,316.59999999998104,436.5,0.0,0.0,0.0,0.0,unknown
1762155438.6080658,0,0.022000000000000002,0.8,0,1,3,309.64,316.499999999981,436.1,0.0,0.0,0.0,0.0,unknown
1762155438.6182005,0,0.023,0.8,1,0,3,309.35,316.399999999981,435.70000000000005,0.0,0.0,0.0,0.0,unknown
1762155438.62834,0,0.024,0.8,0,1,3,309.15,316.29999999998097,435.35,0.0,0.0,0.0,0.0,unknown
1762155438.6384602,0,0.025,0.8,1,0,3,308.9,316.19999999998095,435.1,0.0,0.0,0.0,0.0,unknown
1762155438.648583,0,0.024,0.8,0,0,3,308.7,316.0999999999809,434.8,0.0,0.0,0.0,0.0,unknown
1762155438.6587267,0,0.024,0.8,0,0,3,308.59,315.9999999999809,434.55,0.0,0.0,0.0,0.0,unknown
1762155438.6688266,0,0.024,0.8,0,0,3,308.48,315.8999999999809,434.3,0.0,0.0,0.0,0.0,unknown
1762155438.6789541,0,0.023,0.8,0,0,3,308.37,315.79999999998086,434.1,0.0,0.0,0.0,0.0,unknown
1762155438.6890416,0,0.025,0.8,0,2,3,308.28,315.69999999998083,433.9,0.0,0.0,0.0,0.0,unknown
1762155438.6991267,0,0.024,0.8,0,0,3,308.19,315.5999999999808,433.85,0.0,0.0,0.0,0.0,unknown
1762155438.7092342,0,0.025,0.8,1,0,3,308.1,315.4999999999808,433.8,0.0,0.0,0.0,0.0,unknown
1762155438.719335,0,0.026000000000000002,0.8,1,0,3,307.96,315.39999999998076,433.70000000000005,0.0,0.0,0.0,0.0,unknown
1762155438.7294338,0,0.027000000000000003,0.8,1,0,3,307.87,315.29999999998074,433.54999999999995,0.0,0.0,0.0,0.0,unknown
1762155438.7395275,0,0.026000000000000002,0.8,0,0,3,307.78,315.1999999999807,433.4,0.0,0.0,0.0,0.0,unknown
1762155438.7496312,0,0.027000000000000003,0.8,0,2,3,307.64,315.0999999999807,433.3,0.0,0.0,0.0,0.0,unknown
1762155438.7597692,0,0.028,0.8,0,1,3,307.48,314.9999999999807,433.2,0.0,0.0,0.0,0.0,unknown
1762155438.7698753,0,0.029,0.8,0,2,3,307.32,314.89999999998065,433.15,0.0,0.0,0.0,0.0,unknown
1762155438.779949,0,0.029,0.8,0,1,3,307.18,314.7999999999806,433.05,0.0,0.0,0.0,0.0,unknown
1762155438.7901127,0,0.029,0.8,0,0,3,307.09,314.6999999999806,433.0,0.0,0.0,0.0,0.0,unknown
1762155438.8001761,0,0.030000000000000002,0.8,1,0,3,306.89,314.5999999999806,433.0,0.0,0.0,0.0,0.0,unknown
1762155438.810278,0,0.030000000000000002,0.8,1,0,3,307.16,314.49999999998056,433.0,0.0,0.0,0.0,0.0,unknown
1762155438.8203533,0,0.030000000000000002,0.8,0,0,3,307.41,314.39999999998054,433.0,0.0,0.0,0.0,0.0,unknown
1762155438.8304336,0,0.030000000000000002,0.8,0,0,3,307.68,314.2999999999805,433.0,0.0,0.0,0.0,0.0,unknown
1762155438.8405569,0,0.030000000000000002,0.8,0,0,3,307.93,314.1999999999805,433.0,0.0,0.0,0.0,0.0,unknown
1762155438.850646,0,0.029,0.8,0,0,3,308.02,314.09999999998047,433.05,0.0,0.0,0.0,0.0,unknown
1762155438.860758,0,0.028,0.8,0,0,3,308.13,313.99999999998045,433.15,0.0,0.0,0.0,0.0,unknown
1762155438.8708425,0,0.028,0.8,0,0,3,308.24,313.8999999999804,433.25,0.0,0.0,0.0,0.0,unknown
1762155438.8809745,0,0.028,0.8,0,0,3,308.13,313.7999999999804,433.20000000000005,0.0,0.0,0.0,0.0,unknown
1762155438.8911035,0,0.028,0.8,0,0,3,308.02,313.6999999999804,433.05,0.0,0.0,0.0,0.0,unknown
1762155438.9012172,0,0.027000000000000003,0.8,0,0,3,307.93,313.59999999998035,432.85,0.0,0.0,0.0,0.0,unknown
1762155438.911329,0,0.026000000000000002,0.8,0,0,3,307.84,313.49999999998033,432.70000000000005,0.0,0.0,0.0,0.0,unknown
1762155438.9214287,0,0.026000000000000002,0.8,0,1,3,307.75,313.3999999999803,432.54999999999995,0.0,0.0,0.0,0.0,unknown
1762155438.9315276,0,0.025,0.8,0,0,3,307.64,313.2999999999803,432.45,0.0,0.0,0.0,0.0,unknown
1762155438.9416382,0,0.024,0.8,0,0,3,307.44,313.19999999998026,432.29999999999995,0.0,0.0,0.0,0.0,unknown
1762155438.9517353,0,0.024,0.8,0,0,3,307.28,313.09999999998024,432.2,0.0,0.0,0.0,0.0,unknown
1762155438.9618433,0,0.024,0.8,0,0,3,307.12,312.9999999999802,432.1,0.0,0.0,0.0,0.0,unknown
1762155438.971968,0,0.024,0.8,0,0,3,306.92,312.8999999999802,431.95000000000005,0.0,0.0,0.0,0.0,unknown
1762155438.9820917,0,0.024,0.8,0,0,3,306.72,312.7999999999802,431.8,0.0,0.0,0.0,0.0,unknown
1762155438.9921856,0,0.023,0.8,0,0,3,306.38,312.69999999998015,431.65,0.0,0.0,0.0,0.0,unknown
1762155439.0023074,0,0.023,0.8,0,0,3,306.09,312.5999999999801,431.45000000000005,0.0,0.0,0.0,0.0,unknown
1762155439.0123956,0,0.022000000000000002,0.8,0,0,3,305.75,312.4999999999801,431.20000000000005,0.0,0.0,0.0,0.0,unknown
1762155439.0224876,0,0.022000000000000002,0.8,0,0,3,305.52,312.3999999999801,430.9,0.0,0.0,0.0,0.0,unknown
1762155439.03258,0,0.022000000000000002,0.8,0,0,3,305.29,312.29999999998006,430.5,0.0,0.0,0.0,0.0,unknown
1762155439.042685,0,0.022000000000000002,0.8,0,0,3,305.27,312.19999999998004,430.15,0.0,0.0,0.0,0.0,unknown
1762155439.0527916,0,0.021,0.8,0,0,3,305.18,312.09999999998,429.95000000000005,0.0,0.0,0.0,0.0,unknown
1762155439.0628734,0,0.02,0.8,0,0,3,305.09,311.99999999998,429.8,0.0,0.0,0.0,0.0,unknown
1762155439.0729868,0,0.019,0.8,0,0,3,305,311.89999999997997,429.65,0.0,0.0,0.0,0.0,unknown
1762155439.0831199,0,0.018000000000000002,0.8,0,0,3,304.86,311.79999999997995,429.45,0.0,0.0,0.0,0.0,unknown
1762155439.093236,0,0.018000000000000002,0.8,0,0,3,304.7,311.6999999999799,429.29999999999995,0.0,0.0,0.0,0.0,unknown
1762155439.1034184,0,0.019,0.8,0,1,3,304.54,311.5999999999799,429.1,0.0,0.0,0.0,0.0,unknown
1762155439.113632,0,0.02,0.8,1,1,3,304.38,311.4999999999799,428.95,0.0,0.0,0.0,0.0,unknown
1762155439.1238146,0,0.019,0.8,0,0,3,304.2,311.39999999997985,428.75,0.0,0.0,0.0,0.0,unknown
1762155439.134006,0,0.018000000000000002,0.8,0,0,3,304.04,311.29999999997983,428.45,0.0,0.0,0.0,0.0,unknown
1762155439.144121,0,0.018000000000000002,0.8,0,1,3,303.88,311.1999999999798,428.15,0.0,0.0,0.0,0.0,unknown
1762155439.1542304,0,0.018000000000000002,0.8,0,0,3,303.83,311.0999999999798,427.9,0.0,0.0,0.0,0.0,unknown
1762155439.1643364,0,0.018000000000000002,0.8,0,0,3,304.01,310.99999999997976,427.8,0.0,0.0,0.0,0.0,unknown
1762155439.1744535,0,0.019,0.8,0,1,3,304.26,310.89999999997974,427.9,0.0,0.0,0.0,0.0,unknown
1762155439.1845696,0,0.019,0.8,0,0,3,304.53,310.7999999999797,428.04999999999995,0.0,0.0,0.0,0.0,unknown
1762155439.194674,0,0.017,0.8,0,0,3,304.66,310.6999999999797,428.25,0.0,0.0,0.0,0.0,unknown
1762155439.2047877,0,0.017,0.8,0,0,3,304.79,310.5999999999797,428.3,0.0,0.0,0.0,0.0,unknown
1762155439.2149377,0,0.016,0.8,0,0,3,304.9,310.49999999997965,428.25,0.0,0.0,0.0,0.0,unknown
1762155439.2250607,0,0.016,0.8,1,0,3,304.81,310.3999999999796,428.1,0.0,0.0,0.0,0.0,unknown
1762155439.2351582,0,0.016,0.8,0,1,3,304.7,310.2999999999796,427.9,0.0,0.0,0.0,0.0,unknown
1762155439.2452366,0,0.017,0.8,1,0,3,304.59,310.1999999999796,427.7,0.0,0.0,0.0,0.0,unknown
1762155439.2553742,0,0.015000000000000001,0.8,0,0,3,304.5,310.09999999997956,427.4,0.0,0.0,0.0,0.0,unknown
1762155439.265453,0,0.014,0.8,0,0,3,304.41,309.99999999997954,427.15,0.0,0.0,0.0,0.0,unknown
1762155439.2755246,0,0.012,0.8,0,0,3,304.3,309.8999999999795,426.85,0.0,0.0,0.0,0.0,unknown
1762155439.2856123,0,0.011000000000000001,0.8,0,0,3,304.21,309.7999999999795,426.45,0.0,0.0,0.0,0.0,unknown
1762155439.2957315,0,0.011000000000000001,0.8,0,0,3,304.03,309.69999999997947,426.05,0.0,0.0,0.0,0.0,unknown
1762155439.3058271,0,0.01,0.8,0,0,3,303.87,309.59999999997945,425.65,0.0,0.0,0.0,0.0,unknown
1762155439.315916,0,0.009000000000000001,0.8,0,0,3,303.76,309.4999999999794,425.35,0.0,0.0,0.0,0.0,unknown
1762155439.326027,0,0.01,0.8,1,0,3,303.54,309.3999999999794,425.0,0.0,0.0,0.0,0.0,unknown
1762155439.3361077,0,0.01,0.8,0,0,3,303.32,309.2999999999794,424.7,0.0,0.0,0.0,0.0,unknown
1762155439.3462026,0,0.01,0.8,0,0,3,303.12,309.19999999997935,424.3,0.0,0.0,0.0,0.0,unknown
1762155439.356272,0,0.01,0.8,0,0,3,302.76,309.09999999997933,423.95,0.0,0.0,0.0,0.0,unknown
1762155439.366338,0,0.01,0.8,0,0,3,302.58,308.9999999999793,423.65,0.0,0.0,0.0,0.0,unknown
1762155439.3764074,0,0.011000000000000001,0.8,1,0,3,302.38,308.8999999999793,423.35,0.0,0.0,0.0,0.0,unknown
1762155439.3864977,0,0.011000000000000001,0.8,0,0,3,302.26,308.79999999997926,423.04999999999995,0.0,0.0,0.0,0.0,unknown
1762155439.3965685,0,0.011000000000000001,0.8,0,0,3,302.17,308.69999999997924,422.65,0.0,0.0,0.0,0.0,unknown
1762155439.406675,0,0.011000000000000001,0.8,0,0,3,302.03,308.5999999999792,422.29999999999995,0.0,0.0,0.0,0.0,unknown
1762155439.4167693,0,0.011000000000000001,0.8,0,0,3,301.94,308.4999999999792,422.15,0.0,0.0,0.0,0.0,unknown
1762155439.4269223,0,0.011000000000000001,0.8,1,0,3,301.85,308.3999999999792,422.1,0.0,0.0,0.0,0.0,unknown
1762155439.4370537,0,0.011000000000000001,0.8,0,0,3,301.71,308.29999999997915,422.1,0.0,0.0,0.0,0.0,unknown
1762155439.4471707,0,0.011000000000000001,0.8,0,0,3,301.57,308.1999999999791,422.1,0.0,0.0,0.0,0.0,unknown
1762155439.4572392,0,0.011000000000000001,0.8,0,0,3,301.45,308.0999999999791,422.0,0.0,0.0,0.0,0.0,unknown
1762155439.4673054,0,0.012,0.8,1,0,3,301.36,307.9999999999791,421.95000000000005,0.0,0.0,0.0,0.0,unknown
1762155439.477368,0,0.015000000000000001,0.8,1,2,3,301.2,307.89999999997906,421.9,0.0,0.0,0.0,0.0,unknown
1762155439.487432,0,0.015000000000000001,0.8,0,0,3,301.04,307.79999999997904,421.79999999999995,0.0,0.0,0.0,0.0,unknown
1762155439.4975483,0,0.016,0.8,1,0,3,301.04,307.699999999979,421.65,0.0,0.0,0.0,0.0,unknown
1762155439.507617,0,0.017,0.8,1,0,3,301.06,307.599999999979,421.5,0.0,0.0,0.0,0.0,unknown
1762155439.5176957,0,0.018000000000000002,0.8,1,0,3,301.2,307.49999999997897,421.35,0.0,0.0,0.0,0.0,unknown
1762155439.5277662,0,0.019,0.8,1,0,3,301.34,307.39999999997895,421.15,0.0,0.0,0.0,0.0,unknown
1762155439.537838,0,0.019,0.8,0,0,3,301.59,307.2999999999789,421.05,0.0,0.0,0.0,0.0,unknown
1762155439.5479276,0,0.019,0.8,0,0,3,301.7,307.1999999999789,421.05,0.0,0.0,0.0,0.0,unknown
1762155439.5580134,0,0.019,0.8,0,0,3,301.83,307.0999999999789,421.1,0.0,0.0,0.0,0.0,unknown
1762155439.5680869,0,0.019,0.8,0,0,3,301.72,306.99999999997885,421.1,0.0,0.0,0.0,0.0,unknown
1762155439.5781624,0,0.019,0.8,0,0,3,301.63,306.89999999997883,421.0,0.0,0.0,0.0,0.0,unknown
1762155439.5882392,0,0.019,0.8,0,0,3,301.54,306.7999999999788,420.95,0.0,0.0,0.0,0.0,unknown
1762155439.5983,0,0.019,0.8,0,0,3,301.45,306.6999999999788,420.9,0.0,0.0,0.0,0.0,unknown
1762155439.6083837,0,0.018000000000000002,0.8,0,0,3,301.36,306.59999999997876,420.95,0.0,0.0,0.0,0.0,unknown
1762155439.618446,0,0.016,0.8,0,0,3,301.25,306.49999999997874,421.0,0.0,0.0,0.0,0.0,unknown
1762155439.6285048,0,0.016,0.8,0,0,3,301.14,306.3999999999787,421.1,0.0,0.0,0.0,0.0,unknown
1762155439.6386118,0,0.016,0.8,0,0,3,301.05,306.2999999999787,421.15,0.0,0.0,0.0,0.0,unknown
1762155439.648718,0,0.016,0.8,1,0,3,301.07,306.1999999999787,421.15,0.0,0.0,0.0,0.0,unknown
1762155439.6587806,0,0.017,0.8,0,1,3,301.07,306.09999999997865,421.25,0.0,0.0,0.0,0.0,unknown
1762155439.6688466,0,0.017,0.8,0,0,3,301.02,305.9999999999786,421.35,0.0,0.0,0.0,0.0,unknown
1762155439.6789258,0,0.017,0.8,0,1,3,301.04,305.8999999999786,421.45,0.0,0.0,0.0,0.0,unknown
1762155439.688994,0,0.017,0.8,0,0,3,301.09,305.7999999999786,421.54999999999995,0.0,0.0,0.0,0.0,unknown
1762155439.6991117,0,0.018000000000000002,0.8,1,0,3,301.09,305.69999999997856,421.75,0.0,0.0,0.0,0.0,unknown
1762155439.7091932,0,0.02,0.8,1,1,3,300.98,305.59999999997854,421.85,0.0,0.0,0.0,0.0,unknown
1762155439.719265,0,0.02,0.8,0,0,3,300.87,305.4999999999785,421.85,0.0,0.0,0.0,0.0,unknown
1762155439.72933,0,0.02,0.8,0,1,3,300.67,305.3999999999785,421.85,0.0,0.0,0.0,0.0,unknown
1762155439.7394009,0,0.019,0.8,0,0,3,300.47,305.29999999997847,421.70000000000005,0.0,0.0,0.0,0.0,unknown
1762155439.7494736,0,0.018000000000000002,0.8,0,0,3,300.27,305.19999999997844,421.5,0.0,0.0,0.0,0.0,unknown
1762155439.7595396,0,0.018000000000000002,0.8,0,0,3,300.07,305.0999999999784,421.3,0.0,0.0,0.0,0.0,unknown
1762155439.769616,0,0.019,0.8,1,0,3,299.87,304.9999999999784,421.05,0.0,0.0,0.0,0.0,unknown
1762155439.779695,0,0.019,0.8,0,0,3,299.67,304.8999999999784,420.85,0.0,0.0,0.0,0.0,unknown
1762155439.7897944,0,0.02,0.8,0,1,3,299.47,304.79999999997835,420.70000000000005,0.0,0.0,0.0,0.0,unknown
1762155439.7998812,0,0.02,0.8,0,0,3,299.27,304.69999999997833,420.55,0.0,0.0,0.0,0.0,unknown
1762155439.8099775,0,0.021,0.8,1,0,3,299.07,304.5999999999783,420.35,0.0,0.0,0.0,0.0,unknown
1762155439.8200984,0,0.021,0.8,0,0,3,298.71,304.4999999999783,420.1,0.0,0.0,0.0,0.0,unknown
1762155439.8301888,0,0.02,0.8,0,0,3,298.35,304.39999999997826,419.85,0.0,0.0,0.0,0.0,unknown
1762155439.840288,0,0.02,0.8,0,0,3,297.99,304.29999999997824,419.65,0.0,0.0,0.0,0.0,unknown
1762155439.850394,0,0.02,0.8,0,0,3,297.63,304.1999999999782,419.35,0.0,0.0,0.0,0.0,unknown
1762155439.8605142,0,0.021,0.8,0,1,3,297.43,304.0999999999782,418.95,0.0,0.0,0.0,0.0,unknown
1762155439.8706167,0,0.021,0.8,0,0,3,297.23,303.9999999999782,418.65,0.0,0.0,0.0,0.0,unknown
1762155439.88073,0,0.02,0.8,0,0,3,297.03,303.89999999997815,418.35,0.0,0.0,0.0,0.0,unknown
1762155439.8908339,0,0.02,0.8,0,0,3,297.19,303.7999999999781,418.35,0.0,0.0,0.0,0.0,unknown
1762155439.900931,0,0.02,0.8,0,0,3,297.28,303.6999999999781,418.45000000000005,0.0,0.0,0.0,0.0,unknown
1762155439.9110332,0,0.02,0.8,0,0,3,297.37,303.5999999999781,418.7,0.0,0.0,0.0,0.0,unknown
1762155439.9211497,0,0.022000000000000002,0.8,1,1,3,297.46,303.49999999997806,419.05,0.0,0.0,0.0,0.0,unknown
1762155439.9312465,0,0.022000000000000002,0.8,1,0,3,297.57,303.39999999997804,419.5,0.0,0.0,0.0,0.0,unknown
1762155439.9413521,0,0.022000000000000002,0.8,0,0,3,297.66,303.299999999978,419.9,0.0,0.0,0.0,0.0,unknown
1762155439.9514632,0,0.022000000000000002,0.8,0,0,3,297.77,303.199999999978,420.25,0.0,0.0,0.0,0.0,unknown
1762155439.9615722,0,0.023,0.8,1,0,3,297.86,303.09999999997797,420.54999999999995,0.0,0.0,0.0,0.0,unknown
1762155439.97169,0,0.022000000000000002,0.8,0,0,3,297.97,302.99999999997794,420.8,0.0,0.0,0.0,0.0,unknown
1762155439.9819345,0,0.02,0.8,1,0,3,298.06,302.8999999999779,421.1,0.0,0.0,0.0,0.0,unknown
1762155439.992075,0,0.021,0.8,0,1,3,298.15,302.7999999999779,421.4,0.0,0.0,0.0,0.0,unknown
1762155440.0021768,0,0.02,0.8,0,0,3,298.26,302.6999999999779,421.6,0.0,0.0,0.0,0.0,unknown
1762155440.0122898,0,0.02,0.8,1,0,3,298.35,302.59999999997785,421.8,0.0,0.0,0.0,0.0,unknown
1762155440.0224035,0,0.019,0.8,0,0,3,298.53,302.49999999997783,422.1,0.0,0.0,0.0,0.0,unknown
1762155440.0325017,0,0.019,0.8,1,0,3,298.58,302.3999999999778,422.4,0.0,0.0,0.0,0.0,unknown
1762155440.0426023,0,0.019,0.8,0,0,3,298.58,302.2999999999778,422.75,0.0,0.0,0.0,0.0,unknown
1762155440.052699,0,0.02,0.8,0,1,3,298.4,302.19999999997776,423.04999999999995,0.0,0.0,0.0,0.0,unknown
1762155440.0627718,0,0.02,0.8,0,0,3,298.4,302.09999999997774,423.25,0.0,0.0,0.0,0.0,unknown
1762155440.072885,0,0.021,0.8,0,1,3,298.2,301.9999999999777,423.3,0.0,0.0,0.0,0.0,unknown
1762155440.08301,0,0.021,0.8,0,0,3,298,301.8999999999777,423.3,0.0,0.0,0.0,0.0,unknown
1762155440.093233,0,0.021,0.8,0,0,3,297.8,301.7999999999777,423.3,0.0,0.0,0.0,0.0,unknown
1762155440.103427,0,0.022000000000000002,0.8,1,0,3,297.6,301.69999999997765,423.35,0.0,0.0,0.0,0.0,unknown
1762155440.1135356,0,0.022000000000000002,0.8,0,0,3,297.4,301.5999999999776,423.45,0.0,0.0,0.0,0.0,unknown
1762155440.1235993,0,0.023,0.8,0,1,3,297.2,301.4999999999776,423.45,0.0,0.0,0.0,0.0,unknown
1762155440.1336968,0,0.023,0.8,0,0,3,297,301.3999999999776,423.4,0.0,0.0,0.0,0.0,unknown
1762155440.1437829,0,0.023,0.8,0,0,3,296.8,301.29999999997756,423.29999999999995,0.0,0.0,0.0,0.0,unknown
1762155440.1538982,0,0.023,0.8,0,1,3,296.6,301.19999999997754,423.20000000000005,0.0,0.0,0.0,0.0,unknown
1762155440.1639595,0,0.022000000000000002,0.8,0,0,3,296.31,301.0999999999775,423.0,0.0,0.0,0.0,0.0,unknown
1762155440.1740746,0,0.022000000000000002,0.8,0,0,3,296.02,300.9999999999775,422.79999999999995,0.0,0.0,0.0,0.0,unknown
1762155440.1841404,0,0.021,0.8,0,0,3,295.66,300.89999999997747,422.55,0.0,0.0,0.0,0.0,unknown
1762155440.1942058,0,0.021,0.8,0,0,3,295.3,300.79999999997744,422.4,0.0,0.0,0.0,0.0,unknown
1762155440.204277,0,0.021,0.8,1,0,3,295.08,300.6999999999774,422.25,0.0,0.0,0.0,0.0,unknown
1762155440.2143564,0,0.02,0.8,1,0,3,294.86,300.5999999999774,422.15,0.0,0.0,0.0,0.0,unknown
1762155440.2244277,0,0.021,0.8,0,1,3,294.66,300.4999999999774,422.1,0.0,0.0,0.0,0.0,unknown
1762155440.2344987,0,0.02,0.8,0,0,3,294.75,300.39999999997735,422.25,0.0,0.0,0.0,0.0,unknown
1762155440.244562,0,0.02,0.8,0,0,3,294.86,300.29999999997733,422.45,0.0,0.0,0.0,0.0,unknown
1762155440.254664,0,0.02,0.8,0,0,3,294.95,300.1999999999773,422.65,0.0,0.0,0.0,0.0,unknown
1762155440.2647393,0,0.021,0.8,1,0,3,295.04,300.0999999999773,422.95000000000005,0.0,0.0,0.0,0.0,unknown
1762155440.2748032,0,0.02,0.8,0,0,3,295.15,299.99999999997726,423.35,0.0,0.0,0.0,0.0,unknown
1762155440.2848678,0,0.02,0.8,0,0,3,295.26,299.89999999997724,423.75,0.0,0.0,0.0,0.0,unknown
1762155440.2949345,0,0.019,0.8,0,0,3,295.37,299.7999999999772,424.15,0.0,0.0,0.0,0.0,unknown
1762155440.3050623,0,0.019,0.8,0,0,3,295.46,299.6999999999772,424.5,0.0,0.0,0.0,0.0,unknown
1762155440.3151283,0,0.018000000000000002,0.8,0,0,3,295.55,299.5999999999772,424.85,0.0,0.0,0.0,0.0,unknown
1762155440.3251996,0,0.018000000000000002,0.8,0,0,3,295.64,299.49999999997715,425.05,0.0,0.0,0.0,0.0,unknown
1762155440.3352935,0,0.018000000000000002,0.8,0,0,3,295.75,299.3999999999771,425.20000000000005,0.0,0.0,0.0,0.0,unknown
1762155440.345384,0,0.019,0.8,0,1,3,295.91,299.2999999999771,425.4,0.0,0.0,0.0,0.0,unknown
1762155440.3555195,0,0.019,0.8,0,0,3,296.09,299.1999999999771,425.75,0.0,0.0,0.0,0.0,unknown
1762155440.3656123,0,0.018000000000000002,0.8,0,0,3,296.27,299.09999999997706,426.05,0.0,0.0,0.0,0.0,unknown
1762155440.3757036,0,0.019,0.8,1,0,3,296.32,298.99999999997704,426.3,0.0,0.0,0.0,0.0,unknown
1762155440.3858342,0,0.019,0.8,0,0,3,296.34,298.899999999977,426.55,0.0,0.0,0.0,0.0,unknown
1762155440.3959148,0,0.019,0.8,0,0,3,296.21,298.799999999977,426.75,0.0,0.0,0.0,0.0,unknown
1762155440.4060342,0,0.019,0.8,0,0,3,296.1,298.69999999997697,426.85,0.0,0.0,0.0,0.0,unknown
1762155440.4161375,0,0.019,0.8,0,0,3,295.9,298.59999999997694,426.85,0.0,0.0,0.0,0.0,unknown
1762155440.4262545,0,0.017,0.8,0,0,3,295.7,298.4999999999769,426.65,0.0,0.0,0.0,0.0,unknown
1762155440.4363723,0,0.016,0.8,0,0,3,295.5,298.3999999999769,426.45,0.0,0.0,0.0,0.0,unknown
1762155440.4464993,0,0.016,0.8,0,0,3,295.3,298.2999999999769,426.15,0.0,0.0,0.0,0.0,unknown
1762155440.4566045,0,0.017,0.8,1,0,3,295.1,298.19999999997685,425.79999999999995,0.0,0.0,0.0,0.0,unknown
1762155440.466677,0,0.016,0.8,0,0,3,294.88,298.09999999997683,425.4,0.0,0.0,0.0,0.0,unknown
1762155440.47687,0,0.017,0.8,1,0,3,294.68,297.9999999999768,425.0,0.0,0.0,0.0,0.0,unknown
1762155440.4870005,0,0.016,0.8,0,0,3,294.48,297.8999999999768,424.6,0.0,0.0,0.0,0.0,unknown
1762155440.4971051,0,0.016,0.8,1,0,3,294.28,297.79999999997676,424.25,0.0,0.0,0.0,0.0,unknown
1762155440.5072153,0,0.016,0.8,0,0,3,293.92,297.69999999997674,423.95,0.0,0.0,0.0,0.0,unknown
1762155440.5173442,0,0.015000000000000001,0.8,0,0,3,293.56,297.5999999999767,423.65,0.0,0.0,0.0,0.0,unknown
1762155440.5274594,0,0.015000000000000001,0.8,0,0,3,293.2,297.4999999999767,423.35,0.0,0.0,0.0,0.0,unknown
1762155440.5375817,0,0.015000000000000001,0.8,1,0,3,292.93,297.39999999997667,423.0,0.0,0.0,0.0,0.0,unknown
1762155440.5476851,0,0.016,0.8,0,1,3,292.57,297.29999999997665,422.70000000000005,0.0,0.0,0.0,0.0,unknown
1762155440.5577745,0,0.017,0.8,0,2,3,292.37,297.1999999999766,422.35,0.0,0.0,0.0,0.0,unknown
1762155440.5678713,0,0.018000000000000002,0.8,0,1,3,292.15,297.0999999999766,422.15,0.0,0.0,0.0,0.0,unknown
1762155440.577982,0,0.018000000000000002,0.8,0,1,3,292.28,296.9999999999766,422.0,0.0,0.0,0.0,0.0,unknown
1762155440.5880995,0,0.018000000000000002,0.8,0,0,3,292.37,296.89999999997656,422.0,0.0,0.0,0.0,0.0,unknown
1762155440.598174,0,0.018000000000000002,0.8,0,0,3,292.48,296.79999999997654,422.05,0.0,0.0,0.0,0.0,unknown
1762155440.608258,0,0.017,0.8,0,0,3,292.57,296.6999999999765,422.15,0.0,0.0,0.0,0.0,unknown
1762155440.6183739,0,0.018000000000000002,0.8,0,1,3,292.68,296.5999999999765,422.29999999999995,0.0,0.0,0.0,0.0,unknown
1762155440.6284678,0,0.017,0.8,0,0,3,292.77,296.49999999997647,422.5,0.0,0.0,0.0,0.0,unknown
1762155440.6385787,0,0.017,0.8,0,0,3,292.86,296.39999999997644,422.70000000000005,0.0,0.0,0.0,0.0,unknown
1762155440.648704,0,0.017,0.8,0,0,3,292.95,296.2999999999764,422.9,0.0,0.0,0.0,0.0,unknown
1762155440.6588247,0,0.016,0.8,0,0,3,292.95,296.1999999999764,423.05,0.0,0.0,0.0,0.0,unknown
1762155440.668954,0,0.016,0.8,0,0,3,292.95,296.0999999999764,423.05,0.0,0.0,0.0,0.0,unknown
1762155440.6790822,0,0.016,0.8,0,0,3,292.93,295.99999999997635,423.04999999999995,0.0,0.0,0.0,0.0,unknown
1762155440.689191,0,0.016,0.8,0,0,3,292.86,295.89999999997633,423.1,0.0,0.0,0.0,0.0,unknown
1762155440.6993232,0,0.016,0.8,0,0,3,292.88,295.7999999999763,423.15,0.0,0.0,0.0,0.0,unknown
1762155440.7094305,0,0.015000000000000001,0.8,0,0,3,292.93,295.6999999999763,423.1,0.0,0.0,0.0,0.0,unknown
1762155440.7195363,0,0.014,0.8,0,0,3,292.95,295.59999999997626,423.04999999999995,0.0,0.0,0.0,0.0,unknown
1762155440.7296157,0,0.013000000000000001,0.8,0,0,3,292.97,295.49999999997624,423.05,0.0,0.0,0.0,0.0,unknown
1762155440.7396917,0,0.013000000000000001,0.8,0,0,3,292.97,295.3999999999762,423.0,0.0,0.0,0.0,0.0,unknown
1762155440.749799,0,0.013000000000000001,0.8,0,0,3,292.97,295.2999999999762,423.05,0.0,0.0,0.0,0.0,unknown
1762155440.7599103,0,0.013000000000000001,0.8,0,0,3,292.88,295.19999999997617,423.15,0.0,0.0,0.0,0.0,unknown
1762155440.7700264,0,0.012,0.8,0,0,3,292.79,295.09999999997615,423.25,0.0,0.0,0.0,0.0,unknown
1762155440.7801366,0,0.012,0.8,0,0,3,292.7,294.9999999999761,423.35,0.0,0.0,0.0,0.0,unknown
1762155440.7902446,0,0.012,0.8,0,0,3,292.63,294.8999999999761,423.35,0.0,0.0,0.0,0.0,unknown
1762155440.8003457,0,0.012,0.8,0,0,3,292.56,294.7999999999761,423.25,0.0,0.0,0.0,0.0,unknown
1762155440.8104577,0,0.012,0.8,0,0,3,292.49,294.69999999997606,423.05,0.0,0.0,0.0,0.0,unknown
1762155440.8205507,0,0.013000000000000001,0.8,1,0,3,292.4,294.59999999997603,422.9,0.0,0.0,0.0,0.0,unknown
1762155440.8306544,0,0.014,0.8,1,0,3,292.31,294.499999999976,422.85,0.0,0.0,0.0,0.0,unknown
1762155440.8407443,0,0.015000000000000001,0.8,1,0,3,292.22,294.399999999976,422.8,0.0,0.0,0.0,0.0,unknown
1762155440.8508441,0,0.015000000000000001,0.8,1,0,3,292.15,294.29999999997597,422.85,0.0,0.0,0.0,0.0,unknown
1762155440.860974,0,0.015000000000000001,0.8,0,0,3,292.06,294.19999999997594,423.04999999999995,0.0,0.0,0.0,0.0,unknown
1762155440.8710911,0,0.016,0.8,0,1,3,291.97,294.0999999999759,423.25,0.0,0.0,0.0,0.0,unknown
1762155440.881195,0,0.015000000000000001,0.8,0,0,3,291.88,293.9999999999759,423.35,0.0,0.0,0.0,0.0,unknown
1762155440.8913116,0,0.015000000000000001,0.8,0,0,3,291.81,293.8999999999759,423.5,0.0,0.0,0.0,0.0,unknown
1762155440.9014,0,0.016,0.8,0,1,3,291.58,293.79999999997585,423.5,0.0,0.0,0.0,0.0,unknown
1762155440.911482,0,0.017,0.8,0,1,3,291.46,293.69999999997583,423.5,0.0,0.0,0.0,0.0,unknown
1762155440.9215622,0,0.019,0.8,1,1,3,291.37,293.5999999999758,423.3,0.0,0.0,0.0,0.0,unknown
1762155440.93163,0,0.019,0.8,0,0,3,291.28,293.4999999999758,423.05,0.0,0.0,0.0,0.0,unknown
1762155440.941696,0,0.02,0.8,1,0,3,291.17,293.39999999997576,422.8,0.0,0.0,0.0,0.0,unknown
1762155440.9517674,0,0.022000000000000002,0.8,1,1,3,291.08,293.29999999997574,422.75,0.0,0.0,0.0,0.0,unknown
1762155440.9618406,0,0.022000000000000002,0.8,0,1,3,290.97,293.1999999999757,422.75,0.0,0.0,0.0,0.0,unknown
1762155440.9719157,0,0.023,0.8,0,1,3,290.88,293.0999999999757,422.79999999999995,0.0,0.0,0.0,0.0,unknown
1762155440.9819806,0,0.024,0.8,1,1,3,290.77,292.99999999997567,422.85,0.0,0.0,0.0,0.0,unknown
1762155440.9920838,0,0.024,0.8,0,0,3,290.68,292.89999999997565,422.79999999999995,0.0,0.0,0.0,0.0,unknown
1762155441.0021558,0,0.023,0.8,0,0,3,290.59,292.7999999999756,422.65,0.0,0.0,0.0,0.0,unknown
1762155441.0122263,0,0.023,0.8,0,0,3,290.48,292.6999999999756,422.54999999999995,0.0,0.0,0.0,0.0,unknown
1762155441.0222988,0,0.024,0.8,1,0,3,290.39,292.5999999999756,422.45000000000005,0.0,0.0,0.0,0.0,unknown
1762155441.0323677,0,0.025,0.8,1,0,3,290.03,292.49999999997556,422.25,0.0,0.0,0.0,0.0,unknown
1762155441.0424616,0,0.024,0.8,0,0,3,289.69,292.39999999997553,422.04999999999995,0.0,0.0,0.0,0.0,unknown
1762155441.0525656,0,0.023,0.8,0,0,3,289.4,292.2999999999755,421.8,0.0,0.0,0.0,0.0,unknown
1762155441.062669,0,0.021,0.8,0,0,3,289.13,292.1999999999755,421.55,0.0,0.0,0.0,0.0,unknown
1762155441.0727746,0,0.021,0.8,1,0,3,288.75,292.09999999997547,421.3,0.0,0.0,0.0,0.0,unknown
1762155441.0828488,0,0.02,0.8,0,0,3,288.57,291.99999999997544,421.15,0.0,0.0,0.0,0.0,unknown
1762155441.0929403,0,0.021,0.8,0,1,3,288.36,291.8999999999754,421.04999999999995,0.0,0.0,0.0,0.0,unknown
1762155441.1030288,0,0.021,0.8,0,0,3,288.18,291.7999999999754,421.0,0.0,0.0,0.0,0.0,unknown
1762155441.1130958,0,0.021,0.8,0,0,3,288,291.6999999999754,420.85,0.0,0.0,0.0,0.0,unknown
1762155441.1231685,0,0.02,0.8,0,0,3,287.79,291.59999999997535,420.6,0.0,0.0,0.0,0.0,unknown
1762155441.1332402,0,0.021,0.8,0,1,3,287.58,291.49999999997533,420.4,0.0,0.0,0.0,0.0,unknown
1762155441.1433127,0,0.022000000000000002,0.8,0,1,3,287.4,291.3999999999753,420.25,0.0,0.0,0.0,0.0,unknown
1762155441.1533763,0,0.024,0.8,1,1,3,287.22,291.2999999999753,420.20000000000005,0.0,0.0,0.0,0.0,unknown
1762155441.1634786,0,0.025,0.8,0,1,3,287.06,291.19999999997526,420.2,0.0,0.0,0.0,0.0,unknown
1762155441.173557,0,0.026000000000000002,0.8,0,1,3,286.9,291.09999999997524,420.20000000000005,0.0,0.0,0.0,0.0,unknown
1762155441.1836574,0,0.026000000000000002,0.8,0,0,3,286.72,290.9999999999752,420.20000000000005,0.0,0.0,0.0,0.0,unknown
1762155441.1937225,0,0.027000000000000003,0.8,1,0,3,286.65,290.8999999999752,420.15,0.0,0.0,0.0,0.0,unknown
1762155441.2038276,0,0.027000000000000003,0.8,0,0,3,286.65,290.79999999997517,420.05,0.0,0.0,0.0,0.0,unknown
1762155441.213905,0,0.027000000000000003,0.8,0,0,3,286.65,290.69999999997515,420.0,0.0,0.0,0.0,0.0,unknown
1762155441.2240243,0,0.027000000000000003,0.8,0,0,3,286.65,290.5999999999751,420.0,0.0,0.0,0.0,0.0,unknown
1762155441.2341235,0,0.027000000000000003,0.8,0,0,3,286.65,290.4999999999751,420.0,0.0,0.0,0.0,0.0,unknown
1762155441.244221,0,0.027000000000000003,0.8,0,0,3,286.56,290.3999999999751,419.9,0.0,0.0,0.0,0.0,unknown
1762155441.254298,0,0.029,0.8,0,2,3,286.45,290.29999999997506,419.85,0.0,0.0,0.0,0.0,unknown
1762155441.2644014,0,0.029,0.8,0,0,3,286.36,290.19999999997503,419.8,0.0,0.0,0.0,0.0,unknown
1762155441.2744687,0,0.030000000000000002,0.8,0,1,3,286.27,290.099999999975,419.7,0.0,0.0,0.0,0.0,unknown
1762155441.284536,0,0.030000000000000002,0.8,0,0,3,286.16,289.999999999975,419.5,0.0,0.0,0.0,0.0,unknown
1762155441.294625,0,0.030000000000000002,0.8,0,0,3,286.05,289.89999999997497,419.35,0.0,0.0,0.0,0.0,unknown
1762155441.3047047,0,0.030000000000000002,0.8,0,0,3,285.76,289.79999999997494,419.25,0.0,0.0,0.0,0.0,unknown
1762155441.314766,0,0.030000000000000002,0.8,0,0,3,285.46,289.6999999999749,419.1,0.0,0.0,0.0,0.0,unknown
1762155441.3248549,0,0.029,0.8,0,0,3,285.19,289.5999999999749,418.9,0.0,0.0,0.0,0.0,unknown
1762155441.3349562,0,0.030000000000000002,0.8,1,1,3,284.92,289.4999999999749,418.7,0.0,0.0,0.0,0.0,unknown
1762155441.3450687,0,0.030000000000000002,0.8,1,0,3,284.63,289.39999999997485,418.54999999999995,0.0,0.0,0.0,0.0,unknown
1762155441.3551288,0,0.030000000000000002,0.8,0,1,3,284.26,289.29999999997483,418.35,0.0,0.0,0.0,0.0,unknown
1762155441.36523,0,0.030000000000000002,0.8,0,0,3,283.9,289.1999999999748,418.05,0.0,0.0,0.0,0.0,unknown
1762155441.3753278,0,0.030000000000000002,0.8,0,1,3,283.54,289.0999999999748,417.85,0.0,0.0,0.0,0.0,unknown
1762155441.3854318,0,0.030000000000000002,0.8,0,0,3,283.17,288.99999999997476,417.70000000000005,0.0,0.0,0.0,0.0,unknown
1762155441.3955123,0,0.030000000000000002,0.8,0,0,3,282.88,288.89999999997474,417.54999999999995,0.0,0.0,0.0,0.0,unknown
1762155441.405606,0,0.029,0.8,0,0,3,282.61,288.7999999999747,417.4,0.0,0.0,0.0,0.0,unknown
1762155441.4156923,0,0.029,0.8,1,0,3,282.34,288.6999999999747,417.29999999999995,0.0,0.0,0.0,0.0,unknown
1762155441.4257948,0,0.029,0.8,1,1,3,282.18,288.59999999997467,417.25,0.0,0.0,0.0,0.0,unknown
1762155441.435928,0,0.029,0.8,0,0,3,282,288.49999999997465,417.25,0.0,0.0,0.0,0.0,unknown
1762155441.4460502,0,0.028,0.8,0,0,3,281.93,288.3999999999746,417.20000000000005,0.0,0.0,0.0,0.0,unknown
1762155441.4562283,0,0.026000000000000002,0.8,0,0,3,281.93,288.2999999999746,417.20000000000005,0.0,0.0,0.0,0.0,unknown
1762155441.4664202,0,0.025,0.8,0,0,3,281.93,288.1999999999746,417.3,0.0,0.0,0.0,0.0,unknown
1762155441.4765453,0,0.024,0.8,0,0,3,281.93,288.09999999997456,417.6,0.0,0.0,0.0,0.0,unknown
1762155441.4866495,0,0.022000000000000002,0.8,0,0,3,281.93,287.99999999997453,417.9,0.0,0.0,0.0,0.0,unknown
1762155441.4967704,0,0.022000000000000002,0.8,0,0,3,281.93,287.8999999999745,418.15,0.0,0.0,0.0,0.0,unknown
1762155441.5068846,0,0.023,0.8,1,0,3,281.93,287.7999999999745,418.4,0.0,0.0,0.0,0.0,unknown
1762155441.51698,0,0.023,0.8,0,0,3,281.93,287.69999999997447,418.6,0.0,0.0,0.0,0.0,unknown
1762155441.5271382,0,0.023,0.8,0,1,3,281.93,287.59999999997444,418.8,0.0,0.0,0.0,0.0,unknown
1762155441.537229,0,0.023,0.8,1,0,3,281.93,287.4999999999744,419.0,0.0,0.0,0.0,0.0,unknown
1762155441.5473294,0,0.023,0.8,0,0,3,281.84,287.3999999999744,419.25,0.0,0.0,0.0,0.0,unknown
1762155441.5574543,0,0.023,0.8,0,0,3,281.84,287.2999999999744,419.5,0.0,0.0,0.0,0.0,unknown
1762155441.5675564,0,0.024,0.8,0,1,3,281.84,287.19999999997435,419.7,0.0,0.0,0.0,0.0,unknown
1762155441.5776532,0,0.023,0.8,0,0,3,281.93,287.09999999997433,419.8,0.0,0.0,0.0,0.0,unknown
1762155441.5877333,0,0.023,0.8,0,0,3,281.91,286.9999999999743,419.9,0.0,0.0,0.0,0.0,unknown
1762155441.5978367,0,0.022000000000000002,0.8,0,0,3,282,286.8999999999743,420.0,0.0,0.0,0.0,0.0,unknown
1762155441.6079023,0,0.022000000000000002,0.8,0,0,3,282.09,286.79999999997426,420.15,0.0,0.0,0.0,0.0,unknown
1762155441.6180034,0,0.022000000000000002,0.8,0,0,3,282,286.69999999997424,420.3,0.0,0.0,0.0,0.0,unknown
1762155441.6281693,0,0.022000000000000002,0.8,0,0,3,281.89,286.5999999999742,420.3,0.0,0.0,0.0,0.0,unknown
1762155441.6382349,0,0.022000000000000002,0.8,1,0,3,281.8,286.4999999999742,420.2,0.0,0.0,0.0,0.0,unknown
1762155441.6483412,0,0.022000000000000002,0.8,0,1,3,281.71,286.39999999997417,420.0,0.0,0.0,0.0,0.0,unknown
1762155441.6584094,0,0.021,0.8,1,0,3,281.44,286.29999999997415,419.79999999999995,0.0,0.0,0.0,0.0,unknown
1762155441.6684911,0,0.02,0.8,0,0,3,281.15,286.1999999999741,419.6,0.0,0.0,0.0,0.0,unknown
1762155441.6785982,0,0.019,0.8,0,0,3,280.88,286.0999999999741,419.35,0.0,0.0,0.0,0.0,unknown
1762155441.688661,0,0.019,0.8,0,0,3,280.61,285.9999999999741,419.1,0.0,0.0,0.0,0.0,unknown
1762155441.698723,0,0.019,0.8,1,0,3,280.32,285.89999999997406,418.79999999999995,0.0,0.0,0.0,0.0,unknown
1762155441.7088177,0,0.019,0.8,0,0,3,279.93,285.79999999997403,418.6,0.0,0.0,0.0,0.0,unknown
1762155441.718891,0,0.019,0.8,0,0,3,279.59,285.699999999974,418.45000000000005,0.0,0.0,0.0,0.0,unknown
1762155441.7289689,0,0.019,0.8,0,0,3,279.3,285.599999999974,418.3,0.0,0.0,0.0,0.0,unknown
1762155441.7391202,0,0.02,0.8,0,1,3,279.01,285.49999999997397,418.1,0.0,0.0,0.0,0.0,unknown
1762155441.7491825,0,0.02,0.8,0,0,3,278.83,285.39999999997394,417.85,0.0,0.0,0.0,0.0,unknown
1762155441.7592463,0,0.019,0.8,0,1,3,278.65,285.2999999999739,417.65,0.0,0.0,0.0,0.0,unknown
1762155441.7693143,0,0.019,0.8,0,0,3,278.56,285.1999999999739,417.45,0.0,0.0,0.0,0.0,unknown
1762155441.7793791,0,0.018000000000000002,0.8,0,0,3,278.51,285.0999999999739,417.25,0.0,0.0,0.0,0.0,unknown
1762155441.7894444,0,0.019,0.8,0,1,3,278.44,284.99999999997385,417.0,0.0,0.0,0.0,0.0,unknown
1762155441.7995408,0,0.02,0.8,0,1,3,278.33,284.89999999997383,416.75,0.0,0.0,0.0,0.0,unknown
1762155441.8096442,0,0.022000000000000002,0.8,1,1,3,278.22,284.7999999999738,416.6,0.0,0.0,0.0,0.0,unknown
1762155441.8197312,0,0.022000000000000002,0.8,0,0,3,278.11,284.6999999999738,416.6,0.0,0.0,0.0,0.0,unknown
1762155441.8298473,0,0.023,0.8,1,0,3,278.2,284.59999999997376,416.75,0.0,0.0,0.0,0.0,unknown
1762155441.839914,0,0.021,0.8,0,0,3,278.29,284.49999999997374,416.9,0.0,0.0,0.0,0.0,unknown
1762155441.850031,0,0.02,0.8,0,0,3,278.38,284.3999999999737,417.1,0.0,0.0,0.0,0.0,unknown
1762155441.8601458,0,0.021,0.8,1,1,3,278.45,284.2999999999737,417.20000000000005,0.0,0.0,0.0,0.0,unknown
1762155441.8702419,0,0.021,0.8,0,0,3,278.54,284.19999999997367,417.25,0.0,0.0,0.0,0.0,unknown
1762155441.8803604,0,0.02,0.8,0,0,3,278.63,284.09999999997365,417.29999999999995,0.0,0.0,0.0,0.0,unknown
1762155441.8904688,0,0.02,0.8,0,0,3,278.72,283.9999999999736,417.35,0.0,0.0,0.0,0.0,unknown
1762155441.9005888,0,0.02,0.8,0,0,3,278.79,283.8999999999736,417.29999999999995,0.0,0.0,0.0,0.0,unknown
1762155441.9106853,0,0.02,0.8,0,0,3,278.86,283.7999999999736,417.25,0.0,0.0,0.0,0.0,unknown
1762155441.9208028,0,0.02,0.8,0,1,3,278.89,283.69999999997356,417.2,0.0,0.0,0.0,0.0,unknown
1762155441.9309309,0,0.02,0.8,1,1,3,278.89,283.59999999997353,417.25,0.0,0.0,0.0,0.0,unknown
1762155441.9410276,0,0.021,0.8,1,0,3,278.96,283.4999999999735,417.35,0.0,0.0,0.0,0.0,unknown
1762155441.9511344,0,0.022000000000000002,0.8,1,0,3,278.96,283.3999999999735,417.4,0.0,0.0,0.0,0.0,unknown
1762155441.9612281,0,0.022000000000000002,0.8,0,0,3,278.96,283.29999999997347,417.3,0.0,0.0,0.0,0.0,unknown
1762155441.9713175,0,0.023,0.8,0,1,3,278.96,283.19999999997344,417.1,0.0,0.0,0.0,0.0,unknown
1762155441.9814103,0,0.023,0.8,0,0,3,278.96,283.0999999999734,416.85,0.0,0.0,0.0,0.0,unknown
1762155441.991506,0,0.023,0.8,0,0,3,278.96,282.9999999999734,416.6,0.0,0.0,0.0,0.0,unknown
1762155442.0016208,0,0.023,0.8,0,0,3,278.96,282.8999999999734,416.4,0.0,0.0,0.0,0.0,unknown
1762155442.0117126,0,0.022000000000000002,0.8,0,0,3,278.78,282.79999999997335,416.29999999999995,0.0,0.0,0.0,0.0,unknown
1762155442.0218358,0,0.022000000000000002,0.8,0,0,3,278.6,282.69999999997333,416.15,0.0,0.0,0.0,0.0,unknown
1762155442.0319445,0,0.021,0.8,0,0,3,278.42,282.5999999999733,415.95,0.0,0.0,0.0,0.0,unknown
1762155442.0420704,0,0.02,0.8,0,0,3,278.42,282.4999999999733,415.8,0.0,0.0,0.0,0.0,unknown
1762155442.0521462,0,0.021,0.8,1,0,3,278.42,282.39999999997326,415.7,0.0,0.0,0.0,0.0,unknown
1762155442.0622487,0,0.021,0.8,0,0,3,278.42,282.29999999997324,415.6,0.0,0.0,0.0,0.0,unknown
1762155442.0723128,0,0.02,0.8,0,0,3,278.42,282.1999999999732,415.5,0.0,0.0,0.0,0.0,unknown
1762155442.082426,0,0.02,0.8,0,0,3,278.42,282.0999999999732,415.4,0.0,0.0,0.0,0.0,unknown
1762155442.0925062,0,0.021,0.8,1,0,3,278.42,281.99999999997317,415.3,0.0,0.0,0.0,0.0,unknown
1762155442.1025789,0,0.022000000000000002,0.8,0,1,3,278.45,281.89999999997315,415.15,0.0,0.0,0.0,0.0,unknown
1762155442.112642,0,0.022000000000000002,0.8,0,0,3,278.42,281.7999999999731,414.95,0.0,0.0,0.0,0.0,unknown
1762155442.1227024,0,0.022000000000000002,0.8,0,0,3,278.42,281.6999999999731,414.8,0.0,0.0,0.0,0.0,unknown
1762155442.132766,0,0.023,0.8,0,1,3,278.45,281.5999999999731,414.75,0.0,0.0,0.0,0.0,unknown
1762155442.1428738,0,0.023,0.8,0,1,3,278.48,281.49999999997306,414.70000000000005,0.0,0.0,0.0,0.0,unknown
1762155442.1529872,0,0.023,0.8,1,0,3,278.48,281.39999999997303,414.65,0.0,0.0,0.0,0.0,unknown
1762155442.1631246,0,0.023,0.8,0,1,3,278.48,281.299999999973,414.55,0.0,0.0,0.0,0.0,unknown
1762155442.1732166,0,0.024,0.8,0,1,3,278.46,281.199999999973,414.5,0.0,0.0,0.0,0.0,unknown
1762155442.1833048,0,0.024,0.8,0,0,3,278.55,281.09999999997297,414.55,0.0,0.0,0.0,0.0,unknown
1762155442.193372,0,0.024,0.8,0,0,3,278.73,280.99999999997294,414.55,0.0,0.0,0.0,0.0,unknown
1762155442.2034316,0,0.023,0.8,0,0,3,278.8,280.8999999999729,414.5,0.0,0.0,0.0,0.0,unknown
1762155442.2135043,0,0.024,0.8,0,1,3,278.8,280.7999999999729,414.4,0.0,0.0,0.0,0.0,unknown
1762155442.2235835,0,0.025,0.8,0,1,3,278.8,280.6999999999729,414.25,0.0,0.0,0.0,0.0,unknown
1762155442.2336624,0,0.026000000000000002,0.8,0,1,3,278.8,280.59999999997285,414.05,0.0,0.0,0.0,0.0,unknown
1762155442.243732,0,0.027000000000000003,0.8,2,0,3,278.8,280.49999999997283,413.79999999999995,0.0,0.0,0.0,0.0,unknown
1762155442.2537973,0,0.027000000000000003,0.8,0,0,3,278.8,280.3999999999728,413.6,0.0,0.0,0.0,0.0,unknown
1762155442.2638679,0,0.026000000000000002,0.8,0,0,3,278.8,280.2999999999728,413.4,0.0,0.0,0.0,0.0,unknown
1762155442.2739348,0,0.027000000000000003,0.8,1,0,3,278.8,280.19999999997276,413.25,0.0,0.0,0.0,0.0,unknown
1762155442.2839932,0,0.027000000000000003,0.8,0,0,3,278.8,280.09999999997274,413.20000000000005,0.0,0.0,0.0,0.0,unknown
1762155442.2940683,0,0.026000000000000002,0.8,0,0,3,278.8,279.9999999999727,413.25,0.0,0.0,0.0,0.0,unknown
1762155442.304178,0,0.025,0.8,0,0,3,278.8,279.8999999999727,413.3,0.0,0.0,0.0,0.0,unknown
1762155442.3142827,0,0.023,0.8,0,0,3,278.98,279.79999999997267,413.3,0.0,0.0,0.0,0.0,unknown
1762155442.3243825,0,0.024,0.8,0,1,3,279.19,279.69999999997265,413.4,0.0,0.0,0.0,0.0,unknown
1762155442.3344727,0,0.024,0.8,1,0,3,279.37,279.5999999999726,413.6,0.0,0.0,0.0,0.0,unknown
1762155442.3445816,0,0.024,0.8,0,0,3,279.55,279.4999999999726,413.85,0.0,0.0,0.0,0.0,unknown
1762155442.3546805,0,0.024,0.8,0,0,3,279.55,279.3999999999726,414.0,0.0,0.0,0.0,0.0,unknown
1762155442.3647826,0,0.023,0.8,0,1,3,279.58,279.29999999997256,414.1,0.0,0.0,0.0,0.0,unknown
1762155442.3749027,0,0.023,0.8,0,0,3,279.58,279.19999999997253,414.15,0.0,0.0,0.0,0.0,unknown
1762155442.3850086,0,0.023,0.8,0,0,3,279.58,279.0999999999725,414.1,0.0,0.0,0.0,0.0,unknown
1762155442.3951156,0,0.023,0.8,0,0,3,279.61,278.9999999999725,413.85,0.0,0.0,0.0,0.0,unknown
1762155442.4052262,0,0.024,0.8,1,0,3,279.7,278.89999999997247,413.54999999999995,0.0,0.0,0.0,0.0,unknown
1762155442.4153218,0,0.025,0.8,1,0,3,279.7,278.79999999997244,413.25,0.0,0.0,0.0,0.0,unknown
1762155442.4254386,0,0.024,0.8,0,0,3,279.7,278.6999999999724,413.05,0.0,0.0,0.0,0.0,unknown
1762155442.4355383,0,0.023,0.8,1,0,3,279.65,278.5999999999724,412.9,0.0,0.0,0.0,0.0,unknown
1762155442.445664,0,0.024,0.8,2,0,3,279.65,278.4999999999724,412.79999999999995,0.0,0.0,0.0,0.0,unknown
1762155442.4557579,0,0.023,0.8,0,0,3,279.54,278.39999999997235,412.65,0.0,0.0,0.0,0.0,unknown
1762155442.4658616,0,0.023,0.8,0,0,3,279.36,278.29999999997233,412.55,0.0,0.0,0.0,0.0,unknown
1762155442.475973,0,0.022000000000000002,0.8,0,0,3,279.18,278.1999999999723,412.45,0.0,0.0,0.0,0.0,unknown
1762155442.4860933,0,0.022000000000000002,0.8,0,0,3,279,278.0999999999723,412.2,0.0,0.0,0.0,0.0,unknown
1762155442.496168,0,0.023,0.8,1,0,3,278.82,277.99999999997226,411.95,0.0,0.0,0.0,0.0,unknown
1762155442.506253,0,0.024,0.8,1,0,3,278.73,277.89999999997224,411.75,0.0,0.0,0.0,0.0,unknown
1762155442.5163572,0,0.024,0.8,0,0,3,278.55,277.7999999999722,411.55,0.0,0.0,0.0,0.0,unknown
1762155442.5264251,0,0.025,0.8,0,1,3,278.37,277.6999999999722,411.35,0.0,0.0,0.0,0.0,unknown
1762155442.5364861,0,0.026000000000000002,0.8,0,1,3,278.19,277.59999999997217,411.2,0.0,0.0,0.0,0.0,unknown
1762155442.546546,0,0.026000000000000002,0.8,0,0,3,278.01,277.49999999997215,411.1,0.0,0.0,0.0,0.0,unknown
1762155442.5566173,0,0.025,0.8,0,0,3,277.83,277.3999999999721,410.95,0.0,0.0,0.0,0.0,unknown
1762155442.5667088,0,0.025,0.8,0,0,3,277.65,277.2999999999721,410.75,0.0,0.0,0.0,0.0,unknown
1762155442.5768087,0,0.025,0.8,0,0,3,277.47,277.1999999999721,410.6,0.0,0.0,0.0,0.0,unknown
1762155442.5868833,0,0.026000000000000002,0.8,1,0,3,277.2,277.09999999997206,410.5,0.0,0.0,0.0,0.0,unknown
1762155442.5969555,0,0.025,0.8,0,0,3,276.91,276.99999999997203,410.4,0.0,0.0,0.0,0.0,unknown
1762155442.6070313,0,0.026000000000000002,0.8,1,1,3,276.64,276.899999999972,410.20000000000005,0.0,0.0,0.0,0.0,unknown
1762155442.617096,0,0.027000000000000003,0.8,1,0,3,276.26,276.799999999972,409.95,0.0,0.0,0.0,0.0,unknown
1762155442.627189,0,0.028,0.8,1,0,3,276.05,276.69999999997196,409.65,0.0,0.0,0.0,0.0,unknown
1762155442.6372502,0,0.029,0.8,2,0,3,275.84,276.59999999997194,409.4,0.0,0.0,0.0,0.0,unknown
1762155442.6473477,0,0.028,0.8,0,0,3,275.66,276.4999999999719,409.1,0.0,0.0,0.0,0.0,unknown
1762155442.6574218,0,0.027000000000000003,0.8,0,0,3,275.48,276.3999999999719,408.85,0.0,0.0,0.0,0.0,unknown
1762155442.6675003,0,0.027000000000000003,0.8,1,0,3,275.45,276.2999999999719,408.6,0.0,0.0,0.0,0.0,unknown
1762155442.6775723,0,0.027000000000000003,0.8,1,0,3,275.45,276.19999999997185,408.4,0.0,0.0,0.0,0.0,unknown
1762155442.6876442,0,0.029,0.8,1,1,3,275.42,276.0999999999718,408.4,0.0,0.0,0.0,0.0,unknown
1762155442.6977105,0,0.031000000000000003,0.8,1,1,3,275.42,275.9999999999718,408.45,0.0,0.0,0.0,0.0,unknown
1762155442.7077742,0,0.032,0.8,0,1,3,275.42,275.8999999999718,408.5,0.0,0.0,0.0,0.0,unknown
1762155442.7178855,0,0.031000000000000003,0.8,0,0,3,275.45,275.79999999997176,408.35,0.0,0.0,0.0,0.0,unknown
1762155442.728002,0,0.030000000000000002,0.8,0,0,3,275.42,275.69999999997174,408.15,0.0,0.0,0.0,0.0,unknown
1762155442.7380931,0,0.029,0.8,0,0,3,275.42,275.5999999999717,407.95,0.0,0.0,0.0,0.0,unknown
1762155442.7481666,0,0.027000000000000003,0.8,0,0,3,275.42,275.4999999999717,407.9,0.0,0.0,0.0,0.0,unknown
1762155442.758235,0,0.028,0.8,0,1,3,275.42,275.39999999997167,407.9,0.0,0.0,0.0,0.0,unknown
1762155442.7683454,0,0.029,0.8,0,1,3,275.42,275.29999999997165,407.85,0.0,0.0,0.0,0.0,unknown
1762155442.7784483,0,0.028,0.8,0,0,3,275.42,275.1999999999716,407.8,0.0,0.0,0.0,0.0,unknown
1762155442.7885575,0,0.028,0.8,0,0,3,275.38,275.0999999999716,407.9,0.0,0.0,0.0,0.0,unknown
1762155442.7986648,0,0.028,0.8,0,0,3,275.36,274.9999999999716,408.15,0.0,0.0,0.0,0.0,unknown
1762155442.808771,0,0.028,0.8,0,0,3,275.47,274.89999999997156,408.4,0.0,0.0,0.0,0.0,unknown
1762155442.8188598,0,0.028,0.8,0,0,3,275.47,274.79999999997153,408.55,0.0,0.0,0.0,0.0,unknown
1762155442.8289683,0,0.028,0.8,1,0,3,275.47,274.6999999999715,408.6,0.0,0.0,0.0,0.0,unknown
1762155442.839085,0,0.029,0.8,1,1,3,275.29,274.5999999999715,408.54999999999995,0.0,0.0,0.0,0.0,unknown
1762155442.849204,0,0.030000000000000002,0.8,0,1,3,275.11,274.49999999997146,408.4,0.0,0.0,0.0,0.0,unknown
1762155442.8593276,0,0.032,0.8,1,1,3,274.93,274.39999999997144,408.15,0.0,0.0,0.0,0.0,unknown
1762155442.8694103,0,0.032,0.8,0,1,3,274.75,274.2999999999714,407.85,0.0,0.0,0.0,0.0,unknown
1762155442.879512,0,0.033,0.8,0,1,3,274.57,274.1999999999714,407.55,0.0,0.0,0.0,0.0,unknown
1762155442.8896039,0,0.033,0.8,0,0,3,274.39,274.0999999999714,407.35,0.0,0.0,0.0,0.0,unknown
1762155442.899686,0,0.033,0.8,0,0,3,274.18,273.99999999997135,407.25,0.0,0.0,0.0,0.0,unknown
1762155442.90978,0,0.032,0.8,0,0,3,274.09,273.8999999999713,407.25,0.0,0.0,0.0,0.0,unknown
1762155442.9198415,0,0.031000000000000003,0.8,0,0,3,273.91,273.7999999999713,407.25,0.0,0.0,0.0,0.0,unknown
1762155442.9299078,0,0.031000000000000003,0.8,0,0,3,273.73,273.6999999999713,407.15,0.0,0.0,0.0,0.0,unknown
1762155442.9400225,0,0.030000000000000002,0.8,0,0,3,273.55,273.59999999997126,407.1,0.0,0.0,0.0,0.0,unknown
1762155442.9500885,0,0.028,0.8,0,0,3,273.3,273.49999999997124,406.95,0.0,0.0,0.0,0.0,unknown
1762155442.9601526,0,0.028,0.8,0,0,3,273.12,273.3999999999712,406.75,0.0,0.0,0.0,0.0,unknown
1762155442.970219,0,0.028,0.8,0,0,3,272.94,273.2999999999712,406.5,0.0,0.0,0.0,0.0,unknown
1762155442.9802945,0,0.029,0.8,1,0,3,272.76,273.19999999997117,406.35,0.0,0.0,0.0,0.0,unknown
1762155442.9903603,0,0.030000000000000002,0.8,1,0,3,272.58,273.09999999997115,406.25,0.0,0.0,0.0,0.0,unknown
1762155443.0004337,0,0.029,0.8,0,0,3,272.4,272.9999999999711,406.2,0.0,0.0,0.0,0.0,unknown
1762155443.0105,0,0.028,0.8,0,0,3,272.22,272.8999999999711,406.1,0.0,0.0,0.0,0.0,unknown
1762155443.020617,0,0.029,0.8,0,1,3,272.22,272.7999999999711,405.95000000000005,0.0,0.0,0.0,0.0,unknown
1762155443.0306792,0,0.028,0.8,0,0,3,272.22,272.69999999997106,405.9,0.0,0.0,0.0,0.0,unknown
1762155443.0407474,0,0.027000000000000003,0.8,0,0,3,272.22,272.59999999997103,405.85,0.0,0.0,0.0,0.0,unknown
1762155443.0508094,0,0.027000000000000003,0.8,0,0,3,272.22,272.499999999971,405.8,0.0,0.0,0.0,0.0,unknown
1762155443.060871,0,0.028,0.8,1,0,3,272.22,272.399999999971,405.8,0.0,0.0,0.0,0.0,unknown
1762155443.0709777,0,0.029,0.8,1,0,3,272.22,272.29999999997096,405.85,0.0,0.0,0.0,0.0,unknown
1762155443.081061,0,0.030000000000000002,0.8,1,0,3,272.22,272.19999999997094,405.95,0.0,0.0,0.0,0.0,unknown
1762155443.0911217,0,0.029,0.8,0,0,3,272.22,272.0999999999709,406.0,0.0,0.0,0.0,0.0,unknown
1762155443.1011858,0,0.029,0.8,0,0,3,272.22,271.9999999999709,406.0,0.0,0.0,0.0,0.0,unknown
1762155443.1112514,0,0.027000000000000003,0.8,0,0,3,272.31,271.8999999999709,406.0,0.0,0.0,0.0,0.0,unknown
1762155443.1213615,0,0.026000000000000002,0.8,0,0,3,272.34,271.79999999997085,406.0,0.0,0.0,0.0,0.0,unknown
1762155443.1314638,0,0.026000000000000002,0.8,1,0,3,272.34,271.6999999999708,406.0,0.0,0.0,0.0,0.0,unknown
1762155443.1415765,0,0.024,0.8,0,0,3,272.31,271.5999999999708,405.95000000000005,0.0,0.0,0.0,0.0,unknown
1762155443.1516576,0,0.024,0.8,0,0,3,272.31,271.4999999999708,405.9,0.0,0.0,0.0,0.0,unknown
1762155443.1617656,0,0.024,0.8,0,0,3,272.28,271.39999999997076,405.85,0.0,0.0,0.0,0.0,unknown
1762155443.1718748,0,0.023,0.8,0,0,3,272.28,271.29999999997074,405.85,0.0,0.0,0.0,0.0,unknown
1762155443.181988,0,0.022000000000000002,0.8,0,0,3,272.28,271.1999999999707,405.7,0.0,0.0,0.0,0.0,unknown
1762155443.1921065,0,0.021,0.8,0,1,3,272.17,271.0999999999707,405.5,0.0,0.0,0.0,0.0,unknown
1762155443.202201,0,0.02,0.8,0,1,3,271.99,270.99999999997067,405.4,0.0,0.0,0.0,0.0,unknown
1762155443.2122662,0,0.021,0.8,0,2,3,271.81,270.89999999997065,405.45,0.0,0.0,0.0,0.0,unknown
1762155443.2223368,0,0.021,0.8,0,0,3,271.63,270.7999999999706,405.55,0.0,0.0,0.0,0.0,unknown
1762155443.2324355,0,0.021,0.8,0,0,3,271.45,270.6999999999706,405.6,0.0,0.0,0.0,0.0,unknown
1762155443.2425172,0,0.022000000000000002,0.8,1,0,3,271.24,270.5999999999706,405.65,0.0,0.0,0.0,0.0,unknown
1762155443.2525876,0,0.022000000000000002,0.8,0,0,3,271.06,270.49999999997056,405.75,0.0,0.0,0.0,0.0,unknown
1762155443.2626588,0,0.021,0.8,0,0,3,270.88,270.39999999997053,405.8,0.0,0.0,0.0,0.0,unknown
1762155443.2727537,0,0.02,0.8,0,0,3,270.7,270.2999999999705,405.8,0.0,0.0,0.0,0.0,unknown
1762155443.2828207,0,0.02,0.8,0,0,3,270.52,270.1999999999705,405.70000000000005,0.0,0.0,0.0,0.0,unknown
1762155443.2929263,0,0.02,0.8,0,0,3,270.34,270.09999999997046,405.5,0.0,0.0,0.0,0.0,unknown
1762155443.303032,0,0.02,0.8,0,0,3,270.16,269.99999999997044,405.2,0.0,0.0,0.0,0.0,unknown
1762155443.313117,0,0.021,0.8,1,0,3,270.09,269.8999999999704,404.9,0.0,0.0,0.0,0.0,unknown
1762155443.3232238,0,0.021,0.8,0,0,3,269.91,269.7999999999704,404.6,0.0,0.0,0.0,0.0,unknown
1762155443.333284,0,0.021,0.8,1,0,3,269.73,269.6999999999704,404.35,0.0,0.0,0.0,0.0,unknown
1762155443.3433456,0,0.02,0.8,1,0,3,269.52,269.59999999997035,404.0,0.0,0.0,0.0,0.0,unknown
1762155443.3534148,0,0.021,0.8,1,1,3,269.34,269.4999999999703,403.65,0.0,0.0,0.0,0.0,unknown
1762155443.363478,0,0.02,0.8,0,1,3,269.34,269.3999999999703,403.35,0.0,0.0,0.0,0.0,unknown
1762155443.373552,0,0.019,0.8,0,0,3,269.34,269.2999999999703,403.15,0.0,0.0,0.0,0.0,unknown
1762155443.3836172,0,0.018000000000000002,0.8,0,0,3,269.34,269.19999999997026,403.0,0.0,0.0,0.0,0.0,unknown
1762155443.3936882,0,0.02,0.8,1,1,3,269.34,269.09999999997024,402.95,0.0,0.0,0.0,0.0,unknown
1762155443.4037528,0,0.021,0.8,0,1,3,269.34,268.9999999999702,403.0,0.0,0.0,0.0,0.0,unknown
1762155443.4138606,0,0.022000000000000002,0.8,0,1,3,269.15,268.8999999999702,403.1,0.0,0.0,0.0,0.0,unknown
1762155443.423937,0,0.023,0.8,0,1,3,269.05,268.79999999997017,403.25,0.0,0.0,0.0,0.0,unknown
1762155443.4340568,0,0.023,0.8,0,0,3,268.84,268.69999999997015,403.4,0.0,0.0,0.0,0.0,unknown
1762155443.4441721,0,0.023,0.8,0,0,3,268.66,268.5999999999701,403.55,0.0,0.0,0.0,0.0,unknown
1762155443.4542396,0,0.024,0.8,1,0,3,268.45,268.4999999999701,403.6,0.0,0.0,0.0,0.0,unknown
1762155443.4643042,0,0.024,0.8,0,0,3,268.24,268.3999999999701,403.70000000000005,0.0,0.0,0.0,0.0,unknown
1762155443.4743662,0,0.024,0.8,0,0,3,268.03,268.29999999997005,403.7,0.0,0.0,0.0,0.0,unknown
1762155443.4844406,0,0.023,0.8,0,0,3,267.82,268.19999999997003,403.55,0.0,0.0,0.0,0.0,unknown
1762155443.494518,0,0.023,0.8,1,0,3,267.63,268.09999999997,403.5,0.0,0.0,0.0,0.0,unknown
1762155443.5045848,0,0.023,0.8,0,0,3,267.42,267.99999999997,403.45,0.0,0.0,0.0,0.0,unknown
1762155443.5146658,0,0.024,0.8,1,0,3,267.12,267.89999999996996,403.4,0.0,0.0,0.0,0.0,unknown
1762155443.524736,0,0.023,0.8,0,0,3,266.91,267.79999999996994,403.3,0.0,0.0,0.0,0.0,unknown
1762155443.5348027,0,0.023,0.8,0,0,3,266.7,267.6999999999699,403.2,0.0,0.0,0.0,0.0,unknown
1762155443.5449128,0,0.023,0.8,0,0,3,266.49,267.5999999999699,403.0,0.0,0.0,0.0,0.0,unknown
1762155443.5549967,0,0.024,0.8,1,0,3,266.28,267.4999999999699,402.7,0.0,0.0,0.0,0.0,unknown
1762155443.5650778,0,0.024,0.8,1,0,3,266.07,267.39999999996985,402.4,0.0,0.0,0.0,0.0,unknown
1762155443.5751436,0,0.024,0.8,1,0,3,265.86,267.2999999999698,402.1,0.0,0.0,0.0,0.0,unknown
1762155443.5852091,0,0.023,0.8,0,0,3,265.65,267.1999999999698,401.8,0.0,0.0,0.0,0.0,unknown
1762155443.5952957,0,0.023,0.8,0,0,3,265.48,267.0999999999698,401.45,0.0,0.0,0.0,0.0,unknown
1762155443.605369,0,0.023,0.8,0,0,3,265.27,266.99999999996976,401.15,0.0,0.0,0.0,0.0,unknown
1762155443.6154356,0,0.024,0.8,1,0,3,264.99,266.89999999996974,400.95,0.0,0.0,0.0,0.0,unknown
1762155443.6255083,0,0.024,0.8,0,0,3,264.8,266.7999999999697,400.75,0.0,0.0,0.0,0.0,unknown
1762155443.6355765,0,0.024,0.8,0,1,3,264.73,266.6999999999697,400.65,0.0,0.0,0.0,0.0,unknown
1762155443.6456795,0,0.024,0.8,0,0,3,264.62,266.59999999996967,400.54999999999995,0.0,0.0,0.0,0.0,unknown
1762155443.6557534,0,0.025,0.8,1,0,3,264.52,266.49999999996965,400.5,0.0,0.0,0.0,0.0,unknown
1762155443.665821,0,0.027000000000000003,0.8,1,1,3,264.42,266.3999999999696,400.55,0.0,0.0,0.0,0.0,unknown
1762155443.6758847,0,0.027000000000000003,0.8,0,0,3,264.31,266.2999999999696,400.75,0.0,0.0,0.0,0.0,unknown
1762155443.6859717,0,0.027000000000000003,0.8,0,0,3,264.21,266.1999999999696,401.0,0.0,0.0,0.0,0.0,unknown
1762155443.696035,0,0.026000000000000002,0.8,0,0,3,264.14,266.09999999996955,401.15,0.0,0.0,0.0,0.0,unknown
1762155443.7061052,0,0.025,0.8,0,0,3,264.04,265.99999999996953,401.25,0.0,0.0,0.0,0.0,unknown
1762155443.7161894,0,0.023,0.8,0,0,3,263.9,265.8999999999695,401.25,0.0,0.0,0.0,0.0,unknown
1762155443.7262847,0,0.024,0.8,0,1,3,263.8,265.7999999999695,401.29999999999995,0.0,0.0,0.0,0.0,unknown
1762155443.7363908,0,0.025,0.8,1,0,3,263.73,265.69999999996946,401.4,0.0,0.0,0.0,0.0,unknown
1762155443.7464747,0,0.024,0.8,0,0,3,263.73,265.59999999996944,401.5,0.0,0.0,0.0,0.0,unknown
1762155443.75656,0,0.025,0.8,1,0,3,263.73,265.4999999999694,401.54999999999995,0.0,0.0,0.0,0.0,unknown
1762155443.7666342,0,0.027000000000000003,0.8,1,1,3,263.75,265.3999999999694,401.65,0.0,0.0,0.0,0.0,unknown
1762155443.776697,0,0.027000000000000003,0.8,0,0,3,263.75,265.2999999999694,401.8,0.0,0.0,0.0,0.0,unknown
1762155443.7867706,0,0.028,0.8,1,0,3,263.72,265.19999999996935,401.9,0.0,0.0,0.0,0.0,unknown
1762155443.7968397,0,0.029,0.8,1,0,3,263.62,265.0999999999693,401.85,0.0,0.0,0.0,0.0,unknown
1762155443.8069334,0,0.030000000000000002,0.8,1,0,3,263.52,264.9999999999693,401.75,0.0,0.0,0.0,0.0,unknown
1762155443.8170304,0,0.029,0.8,0,0,3,263.2,264.8999999999693,401.70000000000005,0.0,0.0,0.0,0.0,unknown
1762155443.8271208,0,0.029,0.8,0,0,3,262.99,264.79999999996926,401.65,0.0,0.0,0.0,0.0,unknown
1762155443.837217,0,0.028,0.8,0,0,3,262.78,264.69999999996924,401.65,0.0,0.0,0.0,0.0,unknown
1762155443.8472795,0,0.027000000000000003,0.8,0,0,3,262.57,264.5999999999692,401.6,0.0,0.0,0.0,0.0,unknown
1762155443.8573465,0,0.026000000000000002,0.8,1,0,3,262.36,264.4999999999692,401.54999999999995,0.0,0.0,0.0,0.0,unknown
1762155443.8674183,0,0.026000000000000002,0.8,0,1,3,262.17,264.39999999996917,401.5,0.0,0.0,0.0,0.0,unknown
1762155443.8774817,0,0.027000000000000003,0.8,1,0,3,261.91,264.29999999996915,401.5,0.0,0.0,0.0,0.0,unknown
1762155443.8875427,0,0.028,0.8,1,0,3,261.7,264.1999999999691,401.45,0.0,0.0,0.0,0.0,unknown
1762155443.897612,0,0.026000000000000002,0.8,0,0,3,261.49,264.0999999999691,401.3,0.0,0.0,0.0,0.0,unknown
1762155443.9076786,0,0.026000000000000002,0.8,0,1,3,261.31,263.9999999999691,401.1,0.0,0.0,0.0,0.0,unknown
1762155443.9177725,0,0.025,0.8,0,0,3,260.89,263.89999999996905,400.9,0.0,0.0,0.0,0.0,unknown
1762155443.927887,0,0.024,0.8,0,0,3,260.56,263.79999999996903,400.7,0.0,0.0,0.0,0.0,unknown
1762155443.9379952,0,0.024,0.8,0,0,3,260.28,263.699999999969,400.6,0.0,0.0,0.0,0.0,unknown
1762155443.9480712,0,0.025,0.8,0,1,3,260,263.599999999969,400.45,0.0,0.0,0.0,0.0,unknown
1762155443.958141,0,0.024,0.8,0,0,3,259.81,263.49999999996896,400.35,0.0,0.0,0.0,0.0,unknown
1762155443.9682379,0,0.025,0.8,1,0,3,259.62,263.39999999996894,400.20000000000005,0.0,0.0,0.0,0.0,unknown
1762155443.978318,0,0.025,0.8,0,0,3,259.41,263.2999999999689,400.1,0.0,0.0,0.0,0.0,unknown
1762155443.9884224,0,0.025,0.8,0,0,3,259.41,263.1999999999689,400.1,0.0,0.0,0.0,0.0,unknown
1762155443.9984868,0,0.024,0.8,0,0,3,259.41,263.0999999999689,400.2,0.0,0.0,0.0,0.0,unknown
1762155444.0085495,0,0.024,0.8,0,0,3,259.41,262.99999999996885,400.3,0.0,0.0,0.0,0.0,unknown
1762155444.018638,0,0.023,0.8,0,0,3,259.41,262.8999999999688,400.5,0.0,0.0,0.0,0.0,unknown
1762155444.0287178,0,0.024,0.8,1,0,3,259.41,262.7999999999688,400.65,0.0,0.0,0.0,0.0,unknown
1762155444.0388277,0,0.025,0.8,1,0,3,259.41,262.6999999999688,400.75,0.0,0.0,0.0,0.0,unknown
1762155444.0489314,0,0.025,0.8,0,0,3,259.41,262.59999999996876,400.9,0.0,0.0,0.0,0.0,unknown
1762155444.0590336,0,0.025,0.8,1,0,3,259.41,262.49999999996874,401.0,0.0,0.0,0.0,0.0,unknown
1762155444.0691564,0,0.026000000000000002,0.8,1,1,3,259.41,262.3999999999687,401.1,0.0,0.0,0.0,0.0,unknown
1762155444.0792737,0,0.026000000000000002,0.8,0,1,3,259.41,262.2999999999687,401.15,0.0,0.0,0.0,0.0,unknown
1762155444.0893672,0,0.026000000000000002,0.8,0,0,3,259.41,262.19999999996867,401.15,0.0,0.0,0.0,0.0,unknown
1762155444.099457,0,0.027000000000000003,0.8,1,0,3,259.38,262.09999999996865,401.15,0.0,0.0,0.0,0.0,unknown
1762155444.1095796,0,0.027000000000000003,0.8,0,0,3,259.42,261.9999999999686,401.25,0.0,0.0,0.0,0.0,unknown
1762155444.1196682,0,0.026000000000000002,0.8,0,0,3,259.33,261.8999999999686,401.3,0.0,0.0,0.0,0.0,unknown
1762155444.1297638,0,0.027000000000000003,0.8,0,1,3,259.33,261.7999999999686,401.35,0.0,0.0,0.0,0.0,unknown
1762155444.139874,0,0.027000000000000003,0.8,0,1,3,259.23,261.69999999996855,401.5,0.0,0.0,0.0,0.0,unknown
1762155444.1499987,0,0.028,0.8,0,1,3,259.16,261.59999999996853,401.70000000000005,0.0,0.0,0.0,0.0,unknown
1762155444.1600962,0,0.029,0.8,1,1,3,259.06,261.4999999999685,401.85,0.0,0.0,0.0,0.0,unknown
1762155444.1701689,0,0.027000000000000003,0.8,0,0,3,258.79,261.3999999999685,401.95000000000005,0.0,0.0,0.0,0.0,unknown
1762155444.180253,0,0.028,0.8,0,1,3,258.44,261.29999999996846,401.85,0.0,0.0,0.0,0.0,unknown
1762155444.1903484,0,0.028,0.8,0,0,3,258.11,261.19999999996844,401.85,0.0,0.0,0.0,0.0,unknown
1762155444.200523,0,0.028,0.8,0,0,3,257.78,261.0999999999684,401.75,0.0,0.0,0.0,0.0,unknown
1762155444.2106457,0,0.028,0.8,0,0,3,257.45,260.9999999999684,401.65,0.0,0.0,0.0,0.0,unknown
1762155444.22073,0,0.028,0.8,0,0,3,257.12,260.8999999999684,401.5,0.0,0.0,0.0,0.0,unknown
1762155444.230824,0,0.028,0.8,1,0,3,256.79,260.79999999996835,401.35,0.0,0.0,0.0,0.0,unknown
1762155444.2409093,0,0.028,0.8,0,1,3,256.44,260.6999999999683,401.25,0.0,0.0,0.0,0.0,unknown
1762155444.2510002,0,0.028,0.8,0,0,3,256.12,260.5999999999683,401.15,0.0,0.0,0.0,0.0,unknown
1762155444.2611108,0,0.027000000000000003,0.8,0,0,3,255.77,260.4999999999683,401.0,0.0,0.0,0.0,0.0,unknown
1762155444.2711768,0,0.026000000000000002,0.8,1,0,3,255.44,260.39999999996826,400.79999999999995,0.0,0.0,0.0,0.0,unknown
1762155444.2812414,0,0.026000000000000002,0.8,0,0,3,255.11,260.29999999996824,400.6,0.0,0.0,0.0,0.0,unknown
1762155444.2913053,0,0.025,0.8,0,0,3,254.83,260.1999999999682,400.45,0.0,0.0,0.0,0.0,unknown
1762155444.3014023,0,0.024,0.8,0,0,3,254.55,260.0999999999682,400.3,0.0,0.0,0.0,0.0,unknown
1762155444.3114624,0,0.023,0.8,0,0,3,254.36,259.99999999996817,400.15,0.0,0.0,0.0,0.0,unknown
1762155444.3215268,0,0.023,0.8,0,0,3,254.06,259.89999999996814,400.0,0.0,0.0,0.0,0.0,unknown
1762155444.3316336,0,0.023,0.8,0,0,3,254.03,259.7999999999681,399.8,0.0,0.0,0.0,0.0,unknown
1762155444.3416977,0,0.023,0.8,0,0,3,254.03,259.6999999999681,399.65,0.0,0.0,0.0,0.0,unknown
1762155444.3517988,0,0.023,0.8,0,0,3,254.06,259.5999999999681,399.65,0.0,0.0,0.0,0.0,unknown
1762155444.3618646,0,0.023,0.8,1,0,3,254.03,259.49999999996805,399.75,0.0,0.0,0.0,0.0,unknown
1762155444.3719623,0,0.023,0.8,1,0,3,254,259.39999999996803,399.9,0.0,0.0,0.0,0.0,unknown
1762155444.3821206,0,0.024,0.8,2,0,3,254,259.299999999968,399.95,0.0,0.0,0.0,0.0,unknown
1762155444.3922157,0,0.023,0.8,0,0,3,254,259.199999999968,400.0,0.0,0.0,0.0,0.0,unknown
1762155444.4023168,0,0.023,0.8,0,0,3,254,259.09999999996796,400.0,0.0,0.0,0.0,0.0,unknown
1762155444.4124331,0,0.023,0.8,1,0,3,254,258.99999999996794,400.1,0.0,0.0,0.0,0.0,unknown
1762155444.4225533,0,0.023,0.8,0,0,3,254.1,258.8999999999679,400.25,0.0,0.0,0.0,0.0,unknown
1762155444.4326468,0,0.024,0.8,1,0,3,254.2,258.7999999999679,400.35,0.0,0.0,0.0,0.0,unknown
1762155444.442737,0,0.025,0.8,0,1,3,254.41,258.6999999999679,400.35,0.0,0.0,0.0,0.0,unknown
1762155444.4528604,0,0.024,0.8,0,0,3,254.62,258.59999999996785,400.25,0.0,0.0,0.0,0.0,unknown
1762155444.462968,0,0.024,0.8,0,0,3,254.83,258.4999999999678,400.2,0.0,0.0,0.0,0.0,unknown
1762155444.4730349,0,0.023,0.8,0,0,3,255.04,258.3999999999678,400.15,0.0,0.0,0.0,0.0,unknown
1762155444.4830978,0,0.024,0.8,1,0,3,255.18,258.2999999999678,400.2,0.0,0.0,0.0,0.0,unknown
1762155444.4932053,0,0.024,0.8,0,0,3,255.29,258.19999999996776,400.3,0.0,0.0,0.0,0.0,unknown
1762155444.5033035,0,0.024,0.8,0,0,3,255.41,258.09999999996774,400.4,0.0,0.0,0.0,0.0,unknown
1762155444.513391,0,0.024,0.8,0,0,3,255.41,257.9999999999677,400.45,0.0,0.0,0.0,0.0,unknown
1762155444.5234983,0,0.024,0.8,0,0,3,255.36,257.8999999999677,400.45000000000005,0.0,0.0,0.0,0.0,unknown
1762155444.5335793,0,0.024,0.8,1,0,3,255.31,257.79999999996767,400.4,0.0,0.0,0.0,0.0,unknown
1762155444.5437093,0,0.023,0.8,0,0,3,255.24,257.69999999996764,400.35,0.0,0.0,0.0,0.0,unknown
1762155444.553813,0,0.024,0.8,1,0,3,255.17,257.5999999999676,400.29999999999995,0.0,0.0,0.0,0.0,unknown
1762155444.5639143,0,0.024,0.8,1,0,3,255.05,257.4999999999676,400.3,0.0,0.0,0.0,0.0,unknown
1762155444.5740302,0,0.022000000000000002,0.8,0,0,3,255.07,257.3999999999676,400.4,0.0,0.0,0.0,0.0,unknown
1762155444.5841627,0,0.021,0.8,0,0,3,255.07,257.29999999996755,400.45000000000005,0.0,0.0,0.0,0.0,unknown
1762155444.594259,0,0.021,0.8,0,0,3,255.07,257.19999999996753,400.54999999999995,0.0,0.0,0.0,0.0,unknown
1762155444.6043663,0,0.021,0.8,1,0,3,255.03,257.0999999999675,400.75,0.0,0.0,0.0,0.0,unknown
1762155444.6144915,0,0.021,0.8,0,0,3,255.07,256.9999999999675,400.9,0.0,0.0,0.0,0.0,unknown
1762155444.6246111,0,0.023,0.8,1,1,3,255.09,256.89999999996746,401.0,0.0,0.0,0.0,0.0,unknown
1762155444.6347225,0,0.023,0.8,1,0,3,255.09,256.79999999996744,401.0,0.0,0.0,0.0,0.0,unknown
1762155444.6448002,0,0.022000000000000002,0.8,0,0,3,254.98,256.6999999999674,400.95000000000005,0.0,0.0,0.0,0.0,unknown
1762155444.6548834,0,0.021,0.8,0,0,3,254.86,256.5999999999674,400.9,0.0,0.0,0.0,0.0,unknown
1762155444.6649868,0,0.019,0.8,0,0,3,254.52,256.4999999999674,400.85,0.0,0.0,0.0,0.0,unknown
1762155444.675101,0,0.02,0.8,1,0,3,254.18,256.39999999996735,400.65,0.0,0.0,0.0,0.0,unknown
1762155444.6852112,0,0.019,0.8,0,0,3,253.88,256.2999999999673,400.35,0.0,0.0,0.0,0.0,unknown
1762155444.6953175,0,0.019,0.8,0,0,3,253.54,256.1999999999673,400.0,0.0,0.0,0.0,0.0,unknown
1762155444.7054229,0,0.019,0.8,0,0,3,253.2,256.0999999999673,399.65,0.0,0.0,0.0,0.0,unknown
1762155444.7155,0,0.019,0.8,0,0,3,252.86,255.9999999999673,399.25,0.0,0.0,0.0,0.0,unknown
1762155444.7256002,0,0.019,0.8,0,0,3,252.56,255.8999999999673,398.95,0.0,0.0,0.0,0.0,unknown
1762155444.7356622,0,0.018000000000000002,0.8,0,0,3,252.24,255.7999999999673,398.7,0.0,0.0,0.0,0.0,unknown
1762155444.7457323,0,0.017,0.8,0,0,3,251.9,255.6999999999673,398.4,0.0,0.0,0.0,0.0,unknown
1762155444.755812,0,0.018000000000000002,0.8,0,1,3,251.46,255.5999999999673,398.05,0.0,0.0,0.0,0.0,unknown
1762155444.765881,0,0.019,0.8,1,0,3,251.02,255.49999999996732,397.70000000000005,0.0,0.0,0.0,0.0,unknown
1762155444.7759562,0,0.018000000000000002,0.8,0,0,3,250.58,255.39999999996732,397.35,0.0,0.0,0.0,0.0,unknown
1762155444.7860725,0,0.018000000000000002,0.8,0,0,3,250.14,255.29999999996733,397.04999999999995,0.0,0.0,0.0,0.0,unknown
1762155444.7961423,0,0.018000000000000002,0.8,0,0,3,249.8,255.19999999996733,396.79999999999995,0.0,0.0,0.0,0.0,unknown
1762155444.8062122,0,0.018000000000000002,0.8,0,0,3,249.53,255.09999999996734,396.55,0.0,0.0,0.0,0.0,unknown
1762155444.8162801,0,0.02,0.8,2,0,3,249.23,254.99999999996734,396.29999999999995,0.0,0.0,0.0,0.0,unknown
1762155444.8263462,0,0.02,0.8,0,0,3,249.11,254.89999999996735,396.0,0.0,0.0,0.0,0.0,unknown
1762155444.8364558,0,0.021,0.8,0,1,3,248.97,254.79999999996735,395.75,0.0,0.0,0.0,0.0,unknown
1762155444.8465345,0,0.022000000000000002,0.8,1,0,3,248.97,254.69999999996736,395.5,0.0,0.0,0.0,0.0,unknown
1762155444.856604,0,0.022000000000000002,0.8,0,0,3,248.97,254.59999999996737,395.2,0.0,0.0,0.0,0.0,unknown
1762155444.8666716,0,0.022000000000000002,0.8,1,0,3,248.97,254.49999999996737,394.95,0.0,0.0,0.0,0.0,unknown
1762155444.876757,0,0.022000000000000002,0.8,1,0,3,248.95,254.39999999996738,394.85,0.0,0.0,0.0,0.0,unknown
1762155444.8868356,0,0.02,0.8,0,0,3,249,254.29999999996738,394.85,0.0,0.0,0.0,0.0,unknown
1762155444.8969383,0,0.02,0.8,0,0,3,249,254.1999999999674,394.9,0.0,0.0,0.0,0.0,unknown
1762155444.9071386,0,0.02,0.8,0,0,3,249,254.0999999999674,394.95000000000005,0.0,0.0,0.0,0.0,unknown
1762155444.9172294,0,0.019,0.8,0,0,3,248.95,253.9999999999674,395.0,0.0,0.0,0.0,0.0,unknown
1762155444.9273305,0,0.021,0.8,1,1,3,249.07,253.8999999999674,395.04999999999995,0.0,0.0,0.0,0.0,unknown
1762155444.9374712,0,0.02,0.8,0,0,3,249.19,253.7999999999674,395.1,0.0,0.0,0.0,0.0,unknown
1762155444.9475935,0,0.02,0.8,0,1,3,249.26,253.69999999996742,395.05,0.0,0.0,0.0,0.0,unknown
1762155444.9576976,0,0.02,0.8,0,0,3,249.33,253.59999999996742,395.05,0.0,0.0,0.0,0.0,unknown
1762155444.9678802,0,0.02,0.8,0,0,3,249.31,253.49999999996743,395.0,0.0,0.0,0.0,0.0,unknown
1762155444.9779804,0,0.021,0.8,0,1,3,249.33,253.39999999996743,395.0,0.0,0.0,0.0,0.0,unknown
1762155444.98808,0,0.02,0.8,0,0,3,249.35,253.29999999996744,395.0,0.0,0.0,0.0,0.0,unknown
1762155444.998197,0,0.02,0.8,0,0,3,249.16,253.19999999996745,394.9,0.0,0.0,0.0,0.0,unknown
1762155445.008317,0,0.021,0.8,0,1,3,248.95,253.09999999996745,394.7,0.0,0.0,0.0,0.0,unknown
1762155445.0184941,0,0.023,0.8,1,1,3,248.74,252.99999999996746,394.5,0.0,0.0,0.0,0.0,unknown
1762155445.028627,0,0.024,0.8,1,0,3,248.3,252.89999999996746,394.25,0.0,0.0,0.0,0.0,unknown
1762155445.0387776,0,0.025,0.8,1,1,3,247.9,252.79999999996747,394.0,0.0,0.0,0.0,0.0,unknown
1762155445.0488784,0,0.025,0.8,0,0,3,247.46,252.69999999996747,393.65,0.0,0.0,0.0,0.0,unknown
1762155445.0590005,0,0.025,0.8,0,1,3,247.02,252.59999999996748,393.2,0.0,0.0,0.0,0.0,unknown
1762155445.069108,0,0.024,0.8,0,0,3,246.58,252.49999999996749,392.85,0.0,0.0,0.0,0.0,unknown
1762155445.079207,0,0.024,0.8,0,0,3,246.14,252.3999999999675,392.45,0.0,0.0,0.0,0.0,unknown
1762155445.0893064,0,0.025,0.8,0,1,3,245.7,252.2999999999675,392.15,0.0,0.0,0.0,0.0,unknown
1762155445.0994093,0,0.025,0.8,0,0,3,245.26,252.1999999999675,391.85,0.0,0.0,0.0,0.0,unknown
1762155445.1095104,0,0.024,0.8,0,0,3,244.85,252.0999999999675,391.6,0.0,0.0,0.0,0.0,unknown
1762155445.1196177,0,0.024,0.8,0,0,3,244.37,251.9999999999675,391.3,0.0,0.0,0.0,0.0,unknown
1762155445.1297362,0,0.023,0.8,1,0,3,243.93,251.89999999996752,391.05,0.0,0.0,0.0,0.0,unknown
1762155445.1398265,0,0.022000000000000002,0.8,0,0,3,243.49,251.79999999996753,390.75,0.0,0.0,0.0,0.0,unknown
1762155445.149919,0,0.023,0.8,0,1,3,243.24,251.69999999996753,390.4,0.0,0.0,0.0,0.0,unknown
1762155445.1600454,0,0.023,0.8,0,0,3,242.99,251.59999999996754,390.04999999999995,0.0,0.0,0.0,0.0,unknown
1762155445.17016,0,0.023,0.8,0,0,3,242.72,251.49999999996754,389.8,0.0,0.0,0.0,0.0,unknown
1762155445.1802468,0,0.022000000000000002,0.8,0,0,3,242.67,251.39999999996755,389.65,0.0,0.0,0.0,0.0,unknown
1762155445.190358,0,0.022000000000000002,0.8,0,0,3,242.69,251.29999999996755,389.7,0.0,0.0,0.0,0.0,unknown
1762155445.2004716,0,0.023,0.8,1,0,3,242.81,251.19999999996756,389.75,0.0,0.0,0.0,0.0,unknown
1762155445.2106118,0,0.023,0.8,0,0,3,242.88,251.09999999996757,389.9,0.0,0.0,0.0,0.0,unknown
1762155445.2207022,0,0.023,0.8,0,0,3,243,250.99999999996757,389.85,0.0,0.0,0.0,0.0,unknown
1762155445.2307775,0,0.024,0.8,1,0,3,243.14,250.89999999996758,389.85,0.0,0.0,0.0,0.0,unknown
1762155445.2408504,0,0.026000000000000002,0.8,1,1,3,243.26,250.79999999996758,389.85,0.0,0.0,0.0,0.0,unknown
1762155445.2509313,0,0.026000000000000002,0.8,0,0,3,243.4,250.6999999999676,389.95,0.0,0.0,0.0,0.0,unknown
1762155445.261031,0,0.025,0.8,0,0,3,243.49,250.5999999999676,390.05,0.0,0.0,0.0,0.0,unknown
1762155445.2711313,0,0.025,0.8,1,0,3,243.63,250.4999999999676,390.25,0.0,0.0,0.0,0.0,unknown
1762155445.281232,0,0.026000000000000002,0.8,1,0,3,243.75,250.3999999999676,390.45,0.0,0.0,0.0,0.0,unknown
1762155445.2913363,0,0.026000000000000002,0.8,0,0,3,243.87,250.2999999999676,390.6,0.0,0.0,0.0,0.0,unknown
1762155445.30143,0,0.027000000000000003,0.8,0,1,3,243.96,250.19999999996762,390.7,0.0,0.0,0.0,0.0,unknown
1762155445.3115346,0,0.028,0.8,1,0,3,244.05,250.09999999996762,390.9,0.0,0.0,0.0,0.0,unknown
1762155445.3216271,0,0.026000000000000002,0.8,0,0,3,244.07,249.99999999996763,391.1,0.0,0.0,0.0,0.0,unknown
1762155445.3317256,0,0.027000000000000003,0.8,1,0,3,244.09,249.89999999996763,391.29999999999995,0.0,0.0,0.0,0.0,unknown
1762155445.3417993,0,0.026000000000000002,0.8,0,0,3,243.93,249.79999999996764,391.45000000000005,0.0,0.0,0.0,0.0,unknown
1762155445.351878,0,0.025,0.8,0,0,3,243.74,249.69999999996764,391.5,0.0,0.0,0.0,0.0,unknown
1762155445.3619845,0,0.026000000000000002,0.8,1,0,3,243.55,249.59999999996765,391.4,0.0,0.0,0.0,0.0,unknown
1762155445.372063,0,0.025,0.8,0,0,3,243.37,249.49999999996766,391.25,0.0,0.0,0.0,0.0,unknown
1762155445.3822296,0,0.025,0.8,1,0,3,243.03,249.39999999996766,391.1,0.0,0.0,0.0,0.0,unknown
1762155445.3923903,0,0.025,0.8,0,0,3,242.56,249.29999999996767,390.95000000000005,0.0,0.0,0.0,0.0,unknown
1762155445.4025674,0,0.025,0.8,0,0,3,242.12,249.19999999996767,390.75,0.0,0.0,0.0,0.0,unknown
1762155445.4127254,0,0.025,0.8,0,0,3,241.72,249.09999999996768,390.5,0.0,0.0,0.0,0.0,unknown
1762155445.4229035,0,0.026000000000000002,0.8,1,0,3,241.37,248.99999999996768,390.29999999999995,0.0,0.0,0.0,0.0,unknown
1762155445.432999,0,0.024,0.8,0,0,3,241,248.8999999999677,390.1,0.0,0.0,0.0,0.0,unknown
1762155445.4431915,0,0.026000000000000002,0.8,1,1,3,240.56,248.7999999999677,389.9,0.0,0.0,0.0,0.0,unknown
1762155445.4532547,0,0.026000000000000002,0.8,1,0,3,240.23,248.6999999999677,389.7,0.0,0.0,0.0,0.0,unknown
1762155445.463317,0,0.026000000000000002,0.8,0,0,3,239.9,248.5999999999677,389.54999999999995,0.0,0.0,0.0,0.0,unknown
1762155445.4734027,0,0.026000000000000002,0.8,0,0,3,239.55,248.4999999999677,389.45000000000005,0.0,0.0,0.0,0.0,unknown
1762155445.4834661,0,0.025,0.8,0,0,3,239.34,248.39999999996772,389.4,0.0,0.0,0.0,0.0,unknown
1762155445.4935372,0,0.025,0.8,0,0,3,239.2,248.29999999996772,389.3,0.0,0.0,0.0,0.0,unknown
1762155445.5036056,0,0.025,0.8,0,0,3,239.09,248.19999999996773,389.25,0.0,0.0,0.0,0.0,unknown
1762155445.5136666,0,0.024,0.8,0,0,3,238.97,248.09999999996774,389.1,0.0,0.0,0.0,0.0,unknown
1762155445.5237339,0,0.022000000000000002,0.8,0,0,3,238.99,247.99999999996774,389.0,0.0,0.0,0.0,0.0,unknown
1762155445.5337958,0,0.021,0.8,0,0,3,239.06,247.89999999996775,388.9,0.0,0.0,0.0,0.0,unknown
1762155445.5438545,0,0.02,0.8,1,0,3,238.99,247.79999999996775,388.95,0.0,0.0,0.0,0.0,unknown
1762155445.5539231,0,0.02,0.8,0,0,3,238.92,247.69999999996776,389.0,0.0,0.0,0.0,0.0,unknown
1762155445.5640004,0,0.019,0.8,0,0,3,238.76,247.59999999996776,389.1,0.0,0.0,0.0,0.0,unknown
1762155445.5740707,0,0.02,0.8,0,1,3,238.65,247.49999999996777,389.1,0.0,0.0,0.0,0.0,unknown
1762155445.584147,0,0.02,0.8,0,0,3,238.4,247.39999999996778,389.04999999999995,0.0,0.0,0.0,0.0,unknown
1762155445.5942314,0,0.019,0.8,0,0,3,238.17,247.29999999996778,389.1,0.0,0.0,0.0,0.0,unknown
1762155445.6042976,0,0.02,0.8,0,1,3,237.96,247.1999999999678,389.1,0.0,0.0,0.0,0.0,unknown
1762155445.6143684,0,0.02,0.8,0,0,3,237.73,247.0999999999678,388.95,0.0,0.0,0.0,0.0,unknown
1762155445.624466,0,0.021,0.8,0,1,3,237.46,246.9999999999678,388.8,0.0,0.0,0.0,0.0,unknown
1762155445.6345384,0,0.02,0.8,0,0,3,237.19,246.8999999999678,388.6,0.0,0.0,0.0,0.0,unknown
1762155445.6446457,0,0.02,0.8,0,0,3,236.94,246.7999999999678,388.5,0.0,0.0,0.0,0.0,unknown
1762155445.6547046,0,0.019,0.8,0,0,3,236.71,246.69999999996782,388.35,0.0,0.0,0.0,0.0,unknown
1762155445.6647837,0,0.021,0.8,1,1,3,236.53,246.59999999996782,388.2,0.0,0.0,0.0,0.0,unknown
1762155445.6748471,0,0.021,0.8,0,0,3,236.53,246.49999999996783,388.05,0.0,0.0,0.0,0.0,unknown
1762155445.684909,0,0.021,0.8,0,0,3,236.46,246.39999999996783,388.0,0.0,0.0,0.0,0.0,unknown
1762155445.6949925,0,0.021,0.8,0,0,3,236.37,246.29999999996784,388.0,0.0,0.0,0.0,0.0,unknown
1762155445.7050886,0,0.02,0.8,0,0,3,236.28,246.19999999996784,387.95,0.0,0.0,0.0,0.0,unknown
1762155445.7151616,0,0.02,0.8,0,0,3,236.25,246.09999999996785,387.9,0.0,0.0,0.0,0.0,unknown
1762155445.7252383,0,0.022000000000000002,0.8,1,1,3,236.16,245.99999999996786,387.9,0.0,0.0,0.0,0.0,unknown
1762155445.7353098,0,0.021,0.8,0,0,3,236.2,245.89999999996786,387.9,0.0,0.0,0.0,0.0,unknown
1762155445.7453835,0,0.02,0.8,1,0,3,236.18,245.79999999996787,387.9,0.0,0.0,0.0,0.0,unknown
1762155445.7554715,0,0.021,0.8,0,1,3,236.41,245.69999999996787,387.9,0.0,0.0,0.0,0.0,unknown
1762155445.7655516,0,0.022000000000000002,0.8,0,1,3,236.64,245.59999999996788,388.0,0.0,0.0,0.0,0.0,unknown
1762155445.775628,0,0.021,0.8,0,0,3,236.87,245.49999999996788,388.15,0.0,0.0,0.0,0.0,unknown
1762155445.7857459,0,0.02,0.8,0,0,3,237.08,245.3999999999679,388.35,0.0,0.0,0.0,0.0,unknown
1762155445.7958338,0,0.021,0.8,0,1,3,237.31,245.2999999999679,388.54999999999995,0.0,0.0,0.0,0.0,unknown
1762155445.8059525,0,0.02,0.8,0,0,3,237.47,245.1999999999679,388.70000000000005,0.0,0.0,0.0,0.0,unknown
1762155445.8160622,0,0.019,0.8,0,0,3,237.63,245.0999999999679,388.85,0.0,0.0,0.0,0.0,unknown
1762155445.826184,0,0.02,0.8,0,1,3,237.82,244.9999999999679,389.0,0.0,0.0,0.0,0.0,unknown
1762155445.8362956,0,0.02,0.8,0,1,3,237.94,244.89999999996792,389.15,0.0,0.0,0.0,0.0,unknown
1762155445.8464222,0,0.02,0.8,0,0,3,238.08,244.79999999996792,389.3,0.0,0.0,0.0,0.0,unknown
1762155445.8565485,0,0.021,0.8,1,0,3,238.08,244.69999999996793,389.5,0.0,0.0,0.0,0.0,unknown
1762155445.8666523,0,0.02,0.8,0,0,3,238.08,244.59999999996793,389.75,0.0,0.0,0.0,0.0,unknown
1762155445.876759,0,0.021,0.8,1,0,3,238.08,244.49999999996794,389.95,0.0,0.0,0.0,0.0,unknown
1762155445.886963,0,0.02,0.8,0,0,3,238.12,244.39999999996795,390.04999999999995,0.0,0.0,0.0,0.0,unknown
1762155445.897123,0,0.021,0.8,1,0,3,238.14,244.29999999996795,389.95,0.0,0.0,0.0,0.0,unknown
1762155445.9072478,0,0.021,0.8,0,0,3,238.16,244.19999999996796,389.85,0.0,0.0,0.0,0.0,unknown
1762155445.9173636,0,0.021,0.8,0,0,3,238.04,244.09999999996796,389.75,0.0,0.0,0.0,0.0,unknown
1762155445.9274619,0,0.02,0.8,0,0,3,237.97,243.99999999996797,389.7,0.0,0.0,0.0,0.0,unknown
1762155445.9375615,0,0.02,0.8,0,0,3,237.78,243.89999999996797,389.70000000000005,0.0,0.0,0.0,0.0,unknown
1762155445.9476874,0,0.018000000000000002,0.8,0,0,3,237.55,243.79999999996798,389.6,0.0,0.0,0.0,0.0,unknown
1762155445.957773,0,0.017,0.8,0,0,3,237.32,243.69999999996799,389.54999999999995,0.0,0.0,0.0,0.0,unknown
1762155445.9678595,0,0.017,0.8,0,0,3,237.09,243.599999999968,389.4,0.0,0.0,0.0,0.0,unknown
1762155445.977989,0,0.018000000000000002,0.8,1,0,3,236.88,243.499999999968,389.25,0.0,0.0,0.0,0.0,unknown
1762155445.9880602,0,0.019,0.8,0,1,3,236.61,243.399999999968,389.15,0.0,0.0,0.0,0.0,unknown
1762155445.9981322,0,0.019,0.8,0,0,3,236.36,243.299999999968,389.05,0.0,0.0,0.0,0.0,unknown
1762155446.0082107,0,0.019,0.8,0,0,3,236.11,243.199999999968,388.95,0.0,0.0,0.0,0.0,unknown
1762155446.0182874,0,0.021,0.8,1,1,3,235.88,243.09999999996802,388.8,0.0,0.0,0.0,0.0,unknown
1762155446.0283778,0,0.022000000000000002,0.8,0,1,3,235.69,242.99999999996803,388.6,0.0,0.0,0.0,0.0,unknown
1762155446.0384467,0,0.023,0.8,1,0,3,235.6,242.89999999996803,388.4,0.0,0.0,0.0,0.0,unknown
1762155446.0485227,0,0.022000000000000002,0.8,0,0,3,235.47,242.79999999996804,388.25,0.0,0.0,0.0,0.0,unknown
1762155446.0585992,0,0.022000000000000002,0.8,0,0,3,235.4,242.69999999996804,388.15,0.0,0.0,0.0,0.0,unknown
1762155446.0686703,0,0.022000000000000002,0.8,0,0,3,235.33,242.59999999996805,388.05,0.0,0.0,0.0,0.0,unknown
1762155446.0787385,0,0.021,0.8,0,0,3,235.37,242.49999999996805,388.0,0.0,0.0,0.0,0.0,unknown
1762155446.0888155,0,0.021,0.8,0,0,3,235.41,242.39999999996806,388.0,0.0,0.0,0.0,0.0,unknown
1762155446.0988781,0,0.021,0.8,0,0,3,235.41,242.29999999996807,388.0,0.0,0.0,0.0,0.0,unknown
1762155446.1089485,0,0.02,0.8,0,0,3,235.64,242.19999999996807,388.1,0.0,0.0,0.0,0.0,unknown
1762155446.1191623,0,0.02,0.8,0,0,3,235.87,242.09999999996808,388.25,0.0,0.0,0.0,0.0,unknown
1762155446.1292257,0,0.019,0.8,0,0,3,236.1,241.99999999996808,388.4,0.0,0.0,0.0,0.0,unknown
1762155446.1392913,0,0.019,0.8,0,0,3,236.33,241.8999999999681,388.5,0.0,0.0,0.0,0.0,unknown
1762155446.14935,0,0.019,0.8,0,0,3,236.56,241.7999999999681,388.6,0.0,0.0,0.0,0.0,unknown
1762155446.1594083,0,0.02,0.8,0,1,3,236.7,241.6999999999681,388.7,0.0,0.0,0.0,0.0,unknown
1762155446.1694856,0,0.018000000000000002,0.8,0,0,3,236.79,241.5999999999681,388.8,0.0,0.0,0.0,0.0,unknown
1762155446.1795459,0,0.019,0.8,1,0,3,236.95,241.4999999999681,388.95000000000005,0.0,0.0,0.0,0.0,unknown
1762155446.1896036,0,0.019,0.8,0,0,3,237.09,241.39999999996812,389.0,0.0,0.0,0.0,0.0,unknown
1762155446.199663,0,0.019,0.8,0,0,3,237.21,241.29999999996812,388.95,0.0,0.0,0.0,0.0,unknown
1762155446.2097342,0,0.019,0.8,0,0,3,237.25,241.19999999996813,388.95,0.0,0.0,0.0,0.0,unknown
1762155446.2198184,0,0.02,0.8,0,1,3,237.34,241.09999999996813,389.0,0.0,0.0,0.0,0.0,unknown
1762155446.2298956,0,0.018000000000000002,0.8,0,0,3,237.38,240.99999999996814,389.15,0.0,0.0,0.0,0.0,unknown
1762155446.2399752,0,0.018000000000000002,0.8,0,0,3,237.4,240.89999999996814,389.25,0.0,0.0,0.0,0.0,unknown
1762155446.2501292,0,0.017,0.8,0,0,3,237.44,240.79999999996815,389.25,0.0,0.0,0.0,0.0,unknown
1762155446.26023,0,0.016,0.8,0,0,3,237.32,240.69999999996816,389.2,0.0,0.0,0.0,0.0,unknown
1762155446.2703338,0,0.016,0.8,1,0,3,237.23,240.59999999996816,389.1,0.0,0.0,0.0,0.0,unknown
1762155446.2804463,0,0.016,0.8,0,0,3,237.02,240.49999999996817,389.0,0.0,0.0,0.0,0.0,unknown
1762155446.2905452,0,0.016,0.8,0,0,3,236.79,240.39999999996817,388.9,0.0,0.0,0.0,0.0,unknown
1762155446.300618,0,0.015000000000000001,0.8,0,0,3,236.56,240.29999999996818,388.75,0.0,0.0,0.0,0.0,unknown
1762155446.3107045,0,0.015000000000000001,0.8,0,0,3,236.31,240.19999999996818,388.55,0.0,0.0,0.0,0.0,unknown
1762155446.3207862,0,0.016,0.8,0,1,3,236.1,240.0999999999682,388.2,0.0,0.0,0.0,0.0,unknown
1762155446.330892,0,0.015000000000000001,0.8,0,0,3,235.83,239.9999999999682,387.9,0.0,0.0,0.0,0.0,unknown
1762155446.340996,0,0.016,0.8,1,1,3,235.56,239.8999999999682,387.6,0.0,0.0,0.0,0.0,unknown
1762155446.351114,0,0.016,0.8,0,0,3,235.31,239.7999999999682,387.4,0.0,0.0,0.0,0.0,unknown
1762155446.3612309,0,0.015000000000000001,0.8,0,0,3,235.06,239.6999999999682,387.15,0.0,0.0,0.0,0.0,unknown
1762155446.3713248,0,0.015000000000000001,0.8,0,0,3,234.78,239.59999999996822,386.9,0.0,0.0,0.0,0.0,unknown
1762155446.3814166,0,0.014,0.8,0,0,3,234.46,239.49999999996822,386.65,0.0,0.0,0.0,0.0,unknown
1762155446.3915148,0,0.014,0.8,0,0,3,234.3,239.39999999996823,386.4,0.0,0.0,0.0,0.0,unknown
1762155446.4016182,0,0.013000000000000001,0.8,0,0,3,234.3,239.29999999996824,386.2,0.0,0.0,0.0,0.0,unknown
1762155446.4117117,0,0.013000000000000001,0.8,0,0,3,234.23,239.19999999996824,386.05,0.0,0.0,0.0,0.0,unknown
1762155446.4218163,0,0.014,0.8,0,1,3,234.23,239.09999999996825,385.95,0.0,0.0,0.0,0.0,unknown
1762155446.4319077,0,0.014,0.8,0,0,3,234.14,238.99999999996825,385.7,0.0,0.0,0.0,0.0,unknown
1762155446.4420252,0,0.015000000000000001,0.8,0,1,3,234.07,238.89999999996826,385.4,0.0,0.0,0.0,0.0,unknown
1762155446.4521053,0,0.016,0.8,0,1,3,234.3,238.79999999996826,385.25,0.0,0.0,0.0,0.0,unknown
1762155446.4622087,0,0.017,0.8,0,1,3,234.42,238.69999999996827,385.20000000000005,0.0,0.0,0.0,0.0,unknown
1762155446.4722738,0,0.017,0.8,0,0,3,234.54,238.59999999996828,385.2,0.0,0.0,0.0,0.0,unknown
1762155446.4823785,0,0.016,0.8,0,0,3,234.68,238.49999999996828,385.15,0.0,0.0,0.0,0.0,unknown
1762155446.4924464,0,0.015000000000000001,0.8,0,0,3,234.68,238.3999999999683,385.04999999999995,0.0,0.0,0.0,0.0,unknown
1762155446.5026,0,0.015000000000000001,0.8,0,0,3,234.68,238.2999999999683,384.95000000000005,0.0,0.0,0.0,0.0,unknown
1762155446.5126653,0,0.015000000000000001,0.8,0,0,3,234.68,238.1999999999683,384.85,0.0,0.0,0.0,0.0,unknown
1762155446.522731,0,0.013000000000000001,0.8,0,0,3,234.66,238.0999999999683,384.79999999999995,0.0,0.0,0.0,0.0,unknown
1762155446.532803,0,0.013000000000000001,0.8,0,1,3,234.64,237.9999999999683,384.79999999999995,0.0,0.0,0.0,0.0,unknown
1762155446.5428724,0,0.014,0.8,2,0,3,234.62,237.89999999996832,384.85,0.0,0.0,0.0,0.0,unknown
1762155446.5529788,0,0.014,0.8,0,0,3,234.74,237.79999999996832,384.85,0.0,0.0,0.0,0.0,unknown
1762155446.5630972,0,0.015000000000000001,0.8,1,0,3,234.88,237.69999999996833,384.85,0.0,0.0,0.0,0.0,unknown
1762155446.5731683,0,0.015000000000000001,0.8,0,0,3,235.15,237.59999999996833,384.8,0.0,0.0,0.0,0.0,unknown
1762155446.58324,0,0.015000000000000001,0.8,0,0,3,235.42,237.49999999996834,384.8,0.0,0.0,0.0,0.0,unknown
1762155446.593301,0,0.016,0.8,0,1,3,235.67,237.39999999996834,384.85,0.0,0.0,0.0,0.0,unknown
1762155446.603363,0,0.016,0.8,0,0,3,235.78,237.29999999996835,384.9,0.0,0.0,0.0,0.0,unknown
1762155446.6134267,0,0.017,0.8,1,0,3,235.87,237.19999999996836,384.95,0.0,0.0,0.0,0.0,unknown
1762155446.623493,0,0.017,0.8,0,0,3,235.96,237.09999999996836,385.0,0.0,0.0,0.0,0.0,unknown
1762155446.6335595,0,0.017,0.8,0,0,3,235.87,236.99999999996837,385.0,0.0,0.0,0.0,0.0,unknown
1762155446.6436663,0,0.018000000000000002,0.8,0,1,3,235.78,236.89999999996837,384.85,0.0,0.0,0.0,0.0,unknown
1762155446.6537707,0,0.019,0.8,0,1,3,235.71,236.79999999996838,384.70000000000005,0.0,0.0,0.0,0.0,unknown
1762155446.6638339,0,0.019,0.8,1,0,3,235.68,236.69999999996838,384.55,0.0,0.0,0.0,0.0,unknown
1762155446.6738966,0,0.019,0.8,0,0,3,235.61,236.5999999999684,384.4,0.0,0.0,0.0,0.0,unknown
1762155446.6840105,0,0.018000000000000002,0.8,0,0,3,235.52,236.4999999999684,384.2,0.0,0.0,0.0,0.0,unknown
1762155446.6940813,0,0.018000000000000002,0.8,0,0,3,235.59,236.3999999999684,383.95000000000005,0.0,0.0,0.0,0.0,unknown
1762155446.704182,0,0.018000000000000002,0.8,0,0,3,235.68,236.2999999999684,383.7,0.0,0.0,0.0,0.0,unknown
1762155446.7142866,0,0.019,0.8,0,1,3,235.79,236.1999999999684,383.6,0.0,0.0,0.0,0.0,unknown
1762155446.7243881,0,0.018000000000000002,0.8,0,0,3,235.91,236.09999999996842,383.6,0.0,0.0,0.0,0.0,unknown
1762155446.7345102,0,0.019,0.8,1,0,3,236.09,235.99999999996842,383.6,0.0,0.0,0.0,0.0,unknown
1762155446.7446275,0,0.019,0.8,0,0,3,236.09,235.89999999996843,383.6,0.0,0.0,0.0,0.0,unknown
1762155446.7547047,0,0.019,0.8,0,0,3,236.13,235.79999999996843,383.55,0.0,0.0,0.0,0.0,unknown
1762155446.764791,0,0.019,0.8,0,0,3,235.9,235.69999999996844,383.5,0.0,0.0,0.0,0.0,unknown
1762155446.7749033,0,0.018000000000000002,0.8,0,0,3,235.6,235.59999999996845,383.45,0.0,0.0,0.0,0.0,unknown
1762155446.7849844,0,0.018000000000000002,0.8,0,0,3,235.28,235.49999999996845,383.3,0.0,0.0,0.0,0.0,unknown
1762155446.795107,0,0.018000000000000002,0.8,0,0,3,234.96,235.39999999996846,383.1,0.0,0.0,0.0,0.0,unknown
1762155446.8052473,0,0.018000000000000002,0.8,0,0,3,234.64,235.29999999996846,382.65,0.0,0.0,0.0,0.0,unknown
1762155446.815369,0,0.018000000000000002,0.8,0,0,3,234.32,235.19999999996847,382.25,0.0,0.0,0.0,0.0,unknown
1762155446.825461,0,0.017,0.8,0,0,3,234,235.09999999996847,381.8,0.0,0.0,0.0,0.0,unknown
1762155446.8355486,0,0.017,0.8,0,0,3,233.68,234.99999999996848,381.3,0.0,0.0,0.0,0.0,unknown
1762155446.845641,0,0.015000000000000001,0.8,0,0,3,233.36,234.8999999999685,380.75,0.0,0.0,0.0,0.0,unknown
1762155446.8557613,0,0.015000000000000001,0.8,0,0,3,233.04,234.7999999999685,380.25,0.0,0.0,0.0,0.0,unknown
1762155446.8658764,0,0.015000000000000001,0.8,0,0,3,232.72,234.6999999999685,379.75,0.0,0.0,0.0,0.0,unknown
1762155446.8759773,0,0.015000000000000001,0.8,0,0,3,232.4,234.5999999999685,379.2,0.0,0.0,0.0,0.0,unknown
1762155446.8860795,0,0.015000000000000001,0.8,0,0,3,232.08,234.4999999999685,378.70000000000005,0.0,0.0,0.0,0.0,unknown
1762155446.896199,0,0.015000000000000001,0.8,0,0,3,231.72,234.39999999996851,378.25,0.0,0.0,0.0,0.0,unknown
1762155446.9063044,0,0.015000000000000001,0.8,0,0,3,231.4,234.29999999996852,377.85,0.0,0.0,0.0,0.0,unknown
1762155446.916395,0,0.015000000000000001,0.8,0,0,3,231.06,234.19999999996853,377.5,0.0,0.0,0.0,0.0,unknown
1762155446.926496,0,0.014,0.8,0,0,3,230.86,234.09999999996853,377.1,0.0,0.0,0.0,0.0,unknown
1762155446.93662,0,0.015000000000000001,0.8,1,0,3,230.66,233.99999999996854,376.7,0.0,0.0,0.0,0.0,unknown
1762155446.946731,0,0.014,0.8,0,0,3,230.53,233.89999999996854,376.25,0.0,0.0,0.0,0.0,unknown
1762155446.9568267,0,0.013000000000000001,0.8,0,0,3,230.53,233.79999999996855,376.05,0.0,0.0,0.0,0.0,unknown
1762155446.9669423,0,0.012,0.8,0,0,3,230.53,233.69999999996855,375.95000000000005,0.0,0.0,0.0,0.0,unknown
1762155446.977026,0,0.013000000000000001,0.8,0,1,3,230.53,233.59999999996856,375.9,0.0,0.0,0.0,0.0,unknown
1762155446.9871087,0,0.013000000000000001,0.8,0,0,3,230.53,233.49999999996857,375.9,0.0,0.0,0.0,0.0,unknown
1762155446.997239,0,0.013000000000000001,0.8,0,0,3,230.53,233.39999999996857,375.95,0.0,0.0,0.0,0.0,unknown
1762155447.0073066,0,0.013000000000000001,0.8,0,0,3,230.53,233.29999999996858,376.05,0.0,0.0,0.0,0.0,unknown
1762155447.0173776,0,0.013000000000000001,0.8,0,0,3,230.53,233.19999999996858,376.15,0.0,0.0,0.0,0.0,unknown
1762155447.027491,0,0.013000000000000001,0.8,0,0,3,230.53,233.0999999999686,376.20000000000005,0.0,0.0,0.0,0.0,unknown
1762155447.0375924,0,0.012,0.8,0,0,3,230.49,232.9999999999686,376.3,0.0,0.0,0.0,0.0,unknown
1762155447.0476618,0,0.01,0.8,0,0,3,230.62,232.8999999999686,376.29999999999995,0.0,0.0,0.0,0.0,unknown
1762155447.0577312,0,0.01,0.8,0,0,3,230.78,232.7999999999686,376.29999999999995,0.0,0.0,0.0,0.0,unknown
1762155447.067793,0,0.009000000000000001,0.8,0,0,3,230.94,232.6999999999686,376.29999999999995,0.0,0.0,0.0,0.0,unknown
1762155447.0778558,0,0.009000000000000001,0.8,0,0,3,231.05,232.59999999996862,376.45,0.0,0.0,0.0,0.0,unknown
1762155447.0879254,0,0.009000000000000001,0.8,0,0,3,231.05,232.49999999996862,376.6,0.0,0.0,0.0,0.0,unknown
1762155447.0980015,0,0.008,0.8,0,0,3,231.05,232.39999999996863,376.75,0.0,0.0,0.0,0.0,unknown
1762155447.1080635,0,0.008,0.8,0,0,3,231.05,232.29999999996863,376.85,0.0,0.0,0.0,0.0,unknown
1762155447.1181476,0,0.008,0.8,0,1,3,230.73,232.19999999996864,376.75,0.0,0.0,0.0,0.0,unknown
1762155447.128215,0,0.009000000000000001,0.8,0,1,3,230.41,232.09999999996865,376.54999999999995,0.0,0.0,0.0,0.0,unknown
1762155447.1382835,0,0.009000000000000001,0.8,0,0,3,230.09,231.99999999996865,376.3,0.0,0.0,0.0,0.0,unknown
1762155447.1483667,0,0.008,0.8,0,0,3,229.77,231.89999999996866,376.0,0.0,0.0,0.0,0.0,unknown
1762155447.1584313,0,0.007,0.8,0,0,3,229.45,231.79999999996866,375.8,0.0,0.0,0.0,0.0,unknown
1762155447.168494,0,0.007,0.8,0,1,3,229.13,231.69999999996867,375.55,0.0,0.0,0.0,0.0,unknown
1762155447.1785896,0,0.007,0.8,0,0,3,228.86,231.59999999996867,375.35,0.0,0.0,0.0,0.0,unknown
1762155447.188652,0,0.007,0.8,0,0,3,228.54,231.49999999996868,374.95,0.0,0.0,0.0,0.0,unknown
1762155447.1987133,0,0.007,0.8,0,0,3,228.22,231.39999999996868,374.55,0.0,0.0,0.0,0.0,unknown
1762155447.2087781,0,0.007,0.8,0,0,3,227.9,231.2999999999687,374.15,0.0,0.0,0.0,0.0,unknown
1762155447.218883,0,0.006,0.8,0,0,3,227.54,231.1999999999687,373.7,0.0,0.0,0.0,0.0,unknown
1762155447.2289813,0,0.006,0.8,0,0,3,227.18,231.0999999999687,373.15,0.0,0.0,0.0,0.0,unknown
1762155447.2390876,0,0.005,0.8,0,0,3,226.84,230.9999999999687,372.6,0.0,0.0,0.0,0.0,unknown
1762155447.2492013,0,0.005,0.8,0,0,3,226.54,230.8999999999687,372.05,0.0,0.0,0.0,0.0,unknown
1762155447.2592936,0,0.005,0.8,0,0,3,226.18,230.79999999996872,371.6,0.0,0.0,0.0,0.0,unknown
1762155447.2693732,0,0.005,0.8,0,0,3,225.98,230.69999999996872,371.15,0.0,0.0,0.0,0.0,unknown
1762155447.2794833,0,0.006,0.8,0,1,3,225.8,230.59999999996873,370.79999999999995,0.0,0.0,0.0,0.0,unknown
1762155447.289554,0,0.007,0.8,1,0,3,225.82,230.49999999996874,370.45,0.0,0.0,0.0,0.0,unknown
1762155447.2996407,0,0.007,0.8,0,0,3,225.82,230.39999999996874,370.25,0.0,0.0,0.0,0.0,unknown
1762155447.309753,0,0.007,0.8,0,0,3,225.82,230.29999999996875,370.20000000000005,0.0,0.0,0.0,0.0,unknown
1762155447.3198602,0,0.008,0.8,0,1,3,225.86,230.19999999996875,370.29999999999995,0.0,0.0,0.0,0.0,unknown
1762155447.3299587,0,0.009000000000000001,0.8,1,0,3,225.84,230.09999999996876,370.45,0.0,0.0,0.0,0.0,unknown
1762155447.3400698,0,0.01,0.8,1,0,3,225.84,229.99999999996876,370.55,0.0,0.0,0.0,0.0,unknown
1762155447.3501692,0,0.012,0.8,1,1,3,225.84,229.89999999996877,370.7,0.0,0.0,0.0,0.0,unknown
1762155447.360272,0,0.013000000000000001,0.8,1,0,3,225.84,229.79999999996878,370.85,0.0,0.0,0.0,0.0,unknown
1762155447.3703828,0,0.014,0.8,1,0,3,225.86,229.69999999996878,371.0,0.0,0.0,0.0,0.0,unknown
1762155447.3805041,0,0.015000000000000001,0.8,1,0,3,225.89,229.5999999999688,371.2,0.0,0.0,0.0,0.0,unknown
1762155447.3905869,0,0.015000000000000001,0.8,0,0,3,226,229.4999999999688,371.4,0.0,0.0,0.0,0.0,unknown
1762155447.4007041,0,0.015000000000000001,0.8,0,0,3,226.09,229.3999999999688,371.54999999999995,0.0,0.0,0.0,0.0,unknown
1762155447.4108074,0,0.016,0.8,0,1,3,226.12,229.2999999999688,371.65,0.0,0.0,0.0,0.0,unknown
1762155447.4208827,0,0.017,0.8,0,1,3,226.26,229.1999999999688,371.7,0.0,0.0,0.0,0.0,unknown
1762155447.43095,0,0.017,0.8,0,0,3,226.26,229.09999999996882,371.75,0.0,0.0,0.0,0.0,unknown
1762155447.4410222,0,0.016,0.8,0,0,3,226.3,228.99999999996882,371.9,0.0,0.0,0.0,0.0,unknown
1762155447.4510887,0,0.016,0.8,0,0,3,226.3,228.89999999996883,372.05,0.0,0.0,0.0,0.0,unknown
1762155447.4611578,0,0.016,0.8,0,0,3,225.98,228.79999999996883,372.05,0.0,0.0,0.0,0.0,unknown
1762155447.4712265,0,0.017,0.8,0,1,3,225.66,228.69999999996884,371.9,0.0,0.0,0.0,0.0,unknown
1762155447.4813046,0,0.017,0.8,0,1,3,225.34,228.59999999996884,371.65,0.0,0.0,0.0,0.0,unknown
1762155447.4913757,0,0.018000000000000002,0.8,1,0,3,225.02,228.49999999996885,371.29999999999995,0.0,0.0,0.0,0.0,unknown
1762155447.5014393,0,0.018000000000000002,0.8,0,0,3,224.7,228.39999999996886,370.95,0.0,0.0,0.0,0.0,unknown
1762155447.511537,0,0.018000000000000002,0.8,0,0,3,224.38,228.29999999996886,370.65,0.0,0.0,0.0,0.0,unknown
1762155447.5216045,0,0.018000000000000002,0.8,0,0,3,224.06,228.19999999996887,370.3,0.0,0.0,0.0,0.0,unknown
1762155447.5317087,0,0.019,0.8,0,1,3,223.74,228.09999999996887,369.9,0.0,0.0,0.0,0.0,unknown
1762155447.5417993,0,0.019,0.8,0,0,3,223.42,227.99999999996888,369.45,0.0,0.0,0.0,0.0,unknown
1762155447.5518882,0,0.019,0.8,0,0,3,223.1,227.89999999996888,369.05,0.0,0.0,0.0,0.0,unknown
1762155447.5619645,0,0.019,0.8,0,0,3,222.78,227.7999999999689,368.7,0.0,0.0,0.0,0.0,unknown
1762155447.572064,0,0.019,0.8,0,0,3,222.46,227.6999999999689,368.4,0.0,0.0,0.0,0.0,unknown
1762155447.5821273,0,0.019,0.8,0,0,3,222.12,227.5999999999689,368.1,0.0,0.0,0.0,0.0,unknown
1762155447.5922248,0,0.019,0.8,0,0,3,221.82,227.4999999999689,367.8,0.0,0.0,0.0,0.0,unknown
1762155447.602305,0,0.019,0.8,0,0,3,221.5,227.3999999999689,367.4,0.0,0.0,0.0,0.0,unknown
1762155447.612401,0,0.019,0.8,0,0,3,221.3,227.29999999996892,367.1,0.0,0.0,0.0,0.0,unknown
1762155447.6224985,0,0.019,0.8,1,0,3,221.1,227.19999999996892,366.85,0.0,0.0,0.0,0.0,unknown
1762155447.6325624,0,0.018000000000000002,0.8,0,0,3,221.01,227.09999999996893,366.7,0.0,0.0,0.0,0.0,unknown
1762155447.6426272,0,0.018000000000000002,0.8,0,0,3,221.1,226.99999999996894,366.6,0.0,0.0,0.0,0.0,unknown
1762155447.6527286,0,0.02,0.8,1,1,3,221.19,226.89999999996894,366.75,0.0,0.0,0.0,0.0,unknown
1762155447.6628048,0,0.021,0.8,1,0,3,221.26,226.79999999996895,366.95,0.0,0.0,0.0,0.0,unknown
1762155447.67291,0,0.023,0.8,1,2,3,221.31,226.69999999996895,367.25,0.0,0.0,0.0,0.0,unknown
1762155447.6830003,0,0.026000000000000002,0.8,1,2,3,221.38,226.59999999996896,367.6,0.0,0.0,0.0,0.0,unknown
1762155447.693117,0,0.028,0.8,0,2,3,221.47,226.49999999996896,368.0,0.0,0.0,0.0,0.0,unknown
1762155447.7032163,0,0.029,0.8,0,1,3,221.47,226.39999999996897,368.4,0.0,0.0,0.0,0.0,unknown
1762155447.7133331,0,0.029,0.8,0,0,3,221.47,226.29999999996897,368.7,0.0,0.0,0.0,0.0,unknown
1762155447.7234502,0,0.029,0.8,0,0,3,221.45,226.19999999996898,368.85,0.0,0.0,0.0,0.0,unknown
1762155447.7335477,0,0.029,0.8,0,0,3,221.43,226.099999999969,368.95,0.0,0.0,0.0,0.0,unknown
1762155447.7436962,0,0.030000000000000002,0.8,0,1,3,221.41,225.999999999969,369.05,0.0,0.0,0.0,0.0,unknown
1762155447.7538087,0,0.031,0.8,0,1,3,221.44,225.899999999969,369.1,0.0,0.0,0.0,0.0,unknown
1762155447.7639008,0,0.032,0.8,0,1,3,221.44,225.799999999969,369.2,0.0,0.0,0.0,0.0,unknown
1762155447.7739873,0,0.032,0.8,0,0,3,221.44,225.699999999969,369.3,0.0,0.0,0.0,0.0,unknown
1762155447.784112,0,0.032,0.8,1,0,3,221.55,225.59999999996901,369.35,0.0,0.0,0.0,0.0,unknown
1762155447.7941914,0,0.032,0.8,1,0,3,221.61,225.49999999996902,369.45000000000005,0.0,0.0,0.0,0.0,unknown
1762155447.8043053,0,0.032,0.8,0,0,3,221.61,225.39999999996903,369.55,0.0,0.0,0.0,0.0,unknown
1762155447.814376,0,0.033,0.8,0,1,3,221.61,225.29999999996903,369.79999999999995,0.0,0.0,0.0,0.0,unknown
1762155447.824443,0,0.033,0.8,1,0,3,221.51,225.19999999996904,370.0,0.0,0.0,0.0,0.0,unknown
1762155447.8345146,0,0.032,0.8,0,0,3,221.41,225.09999999996904,370.15,0.0,0.0,0.0,0.0,unknown
1762155447.8446171,0,0.031,0.8,0,0,3,221.31,224.99999999996905,370.3,0.0,0.0,0.0,0.0,unknown
1762155447.8546839,0,0.029,0.8,0,0,3,221.21,224.89999999996905,370.45,0.0,0.0,0.0,0.0,unknown
1762155447.8647468,0,0.030000000000000002,0.8,2,0,3,221.11,224.79999999996906,370.55,0.0,0.0,0.0,0.0,unknown
1762155447.8748083,0,0.030000000000000002,0.8,1,0,3,220.99,224.69999999996907,370.55,0.0,0.0,0.0,0.0,unknown
1762155447.8848786,0,0.029,0.8,0,0,3,220.89,224.59999999996907,370.6,0.0,0.0,0.0,0.0,unknown
1762155447.894986,0,0.029,0.8,0,0,3,220.79,224.49999999996908,370.65,0.0,0.0,0.0,0.0,unknown
1762155447.905105,0,0.030000000000000002,0.8,0,1,3,220.69,224.39999999996908,370.65,0.0,0.0,0.0,0.0,unknown
1762155447.9152045,0,0.029,0.8,0,0,3,220.57,224.2999999999691,370.75,0.0,0.0,0.0,0.0,unknown
1762155447.9252973,0,0.029,0.8,0,1,3,220.47,224.1999999999691,370.85,0.0,0.0,0.0,0.0,unknown
1762155447.9353921,0,0.029,0.8,0,0,3,220.37,224.0999999999691,370.95,0.0,0.0,0.0,0.0,unknown
1762155447.945506,0,0.030000000000000002,0.8,1,0,3,220.37,223.9999999999691,370.95,0.0,0.0,0.0,0.0,unknown
1762155447.9556088,0,0.031,0.8,1,0,3,220.27,223.8999999999691,370.85,0.0,0.0,0.0,0.0,unknown
1762155447.9656773,0,0.031,0.8,0,0,3,220.08,223.79999999996912,370.6,0.0,0.0,0.0,0.0,unknown
1762155447.9757414,0,0.031,0.8,1,0,3,219.99,223.69999999996912,370.35,0.0,0.0,0.0,0.0,unknown
1762155447.9858153,0,0.031,0.8,1,0,3,219.9,223.59999999996913,370.15,0.0,0.0,0.0,0.0,unknown
1762155447.9958863,0,0.031,0.8,0,1,3,219.88,223.49999999996913,370.04999999999995,0.0,0.0,0.0,0.0,unknown
1762155448.0059872,0,0.031,0.8,0,0,3,219.9,223.39999999996914,369.95000000000005,0.0,0.0,0.0,0.0,unknown
1762155448.0160623,0,0.031,0.8,0,0,3,219.9,223.29999999996915,369.9,0.0,0.0,0.0,0.0,unknown
1762155448.0261319,0,0.032,0.8,0,1,3,219.92,223.19999999996915,369.9,0.0,0.0,0.0,0.0,unknown
1762155448.0362442,0,0.031,0.8,0,0,3,219.92,223.09999999996916,370.0,0.0,0.0,0.0,0.0,unknown
1762155448.0463626,0,0.032,0.8,1,0,3,219.92,222.99999999996916,370.05,0.0,0.0,0.0,0.0,unknown
1762155448.0564497,0,0.033,0.8,0,1,3,219.88,222.89999999996917,370.2,0.0,0.0,0.0,0.0,unknown
1762155448.0665355,0,0.033,0.8,0,0,3,219.81,222.79999999996917,370.4,0.0,0.0,0.0,0.0,unknown
1762155448.0766418,0,0.033,0.8,0,0,3,219.72,222.69999999996918,370.65,0.0,0.0,0.0,0.0,unknown
1762155448.086736,0,0.033,0.8,0,0,3,219.68,222.59999999996919,370.79999999999995,0.0,0.0,0.0,0.0,unknown
1762155448.0968506,0,0.033,0.8,0,0,3,219.64,222.4999999999692,370.75,0.0,0.0,0.0,0.0,unknown
1762155448.1069596,0,0.034,0.8,1,0,3,219.6,222.3999999999692,370.65,0.0,0.0,0.0,0.0,unknown
1762155448.1170883,0,0.036000000000000004,0.8,1,1,3,219.69,222.2999999999692,370.45000000000005,0.0,0.0,0.0,0.0,unknown
1762155448.1271946,0,0.036000000000000004,0.8,1,0,3,219.85,222.1999999999692,370.35,0.0,0.0,0.0,0.0,unknown
1762155448.1372976,0,0.036000000000000004,0.8,0,0,3,219.98,222.0999999999692,370.29999999999995,0.0,0.0,0.0,0.0,unknown
1762155448.1474767,0,0.038,0.8,1,1,3,219.98,221.99999999996922,370.3,0.0,0.0,0.0,0.0,unknown
1762155448.1575985,0,0.037,0.8,0,1,3,220,221.89999999996922,370.4,0.0,0.0,0.0,0.0,unknown
1762155448.1677053,0,0.036000000000000004,0.8,0,0,3,219.9,221.79999999996923,370.4,0.0,0.0,0.0,0.0,unknown
1762155448.177807,0,0.033,0.8,0,0,3,219.8,221.69999999996924,370.29999999999995,0.0,0.0,0.0,0.0,unknown
1762155448.1879132,0,0.031000000000000003,0.8,0,1,3,219.7,221.59999999996924,370.05,0.0,0.0,0.0,0.0,unknown
1762155448.1980343,0,0.029,0.8,0,0,3,219.6,221.49999999996925,369.95,0.0,0.0,0.0,0.0,unknown
1762155448.2081456,0,0.028,0.8,0,0,3,219.5,221.39999999996925,369.9,0.0,0.0,0.0,0.0,unknown
1762155448.2182596,0,0.029,0.8,1,0,3,219.4,221.29999999996926,369.9,0.0,0.0,0.0,0.0,unknown
1762155448.2283516,0,0.029,0.8,0,0,3,219.3,221.19999999996926,369.9,0.0,0.0,0.0,0.0,unknown
1762155448.238475,0,0.029,0.8,0,0,3,219.2,221.09999999996927,369.95000000000005,0.0,0.0,0.0,0.0,unknown
1762155448.2485676,0,0.028,0.8,0,0,3,219.08,220.99999999996928,370.0,0.0,0.0,0.0,0.0,unknown
1762155448.2586777,0,0.027000000000000003,0.8,0,0,3,218.92,220.89999999996928,370.05,0.0,0.0,0.0,0.0,unknown
1762155448.2688189,0,0.027000000000000003,0.8,1,0,3,218.71,220.7999999999693,370.05,0.0,0.0,0.0,0.0,unknown
1762155448.2789137,0,0.027000000000000003,0.8,0,0,3,218.5,220.6999999999693,370.04999999999995,0.0,0.0,0.0,0.0,unknown
1762155448.2891092,0,0.026000000000000002,0.8,0,0,3,218.29,220.5999999999693,369.95000000000005,0.0,0.0,0.0,0.0,unknown
1762155448.2991881,0,0.026000000000000002,0.8,0,1,3,217.99,220.4999999999693,369.8,0.0,0.0,0.0,0.0,unknown
1762155448.3093078,0,0.026000000000000002,0.8,0,0,3,217.9,220.3999999999693,369.6,0.0,0.0,0.0,0.0,unknown
1762155448.3193731,0,0.026000000000000002,0.8,1,0,3,217.81,220.29999999996932,369.35,0.0,0.0,0.0,0.0,unknown
1762155448.3294618,0,0.026000000000000002,0.8,1,0,3,217.68,220.19999999996932,369.05,0.0,0.0,0.0,0.0,unknown
1762155448.3395529,0,0.027000000000000003,0.8,0,1,3,217.66,220.09999999996933,368.85,0.0,0.0,0.0,0.0,unknown
1762155448.3496664,0,0.027000000000000003,0.8,0,0,3,217.66,219.99999999996933,368.7,0.0,0.0,0.0,0.0,unknown
1762155448.3597553,0,0.027000000000000003,0.8,0,0,3,217.66,219.89999999996934,368.55,0.0,0.0,0.0,0.0,unknown
1762155448.3698626,0,0.025,0.8,0,0,3,217.7,219.79999999996934,368.5,0.0,0.0,0.0,0.0,unknown
1762155448.3799796,0,0.025,0.8,0,1,3,217.68,219.69999999996935,368.5,0.0,0.0,0.0,0.0,unknown
1762155448.3901532,0,0.025,0.8,0,0,3,217.68,219.59999999996936,368.54999999999995,0.0,0.0,0.0,0.0,unknown
1762155448.4002166,0,0.025,0.8,0,0,3,217.66,219.49999999996936,368.55,0.0,0.0,0.0,0.0,unknown
1762155448.4103162,0,0.025,0.8,0,1,3,217.66,219.39999999996937,368.6,0.0,0.0,0.0,0.0,unknown
1762155448.420397,0,0.025,0.8,0,0,3,217.66,219.29999999996937,368.65,0.0,0.0,0.0,0.0,unknown
1762155448.4304576,0,0.025,0.8,1,0,3,217.59,219.19999999996938,368.75,0.0,0.0,0.0,0.0,unknown
1762155448.440521,0,0.026000000000000002,0.8,0,1,3,217.62,219.09999999996938,368.85,0.0,0.0,0.0,0.0,unknown
1762155448.4505813,0,0.025,0.8,0,0,3,217.67,218.9999999999694,369.0,0.0,0.0,0.0,0.0,unknown
1762155448.460687,0,0.025,0.8,1,0,3,217.76,218.8999999999694,369.1,0.0,0.0,0.0,0.0,unknown
1762155448.4707744,0,0.026000000000000002,0.8,0,1,3,217.92,218.7999999999694,369.20000000000005,0.0,0.0,0.0,0.0,unknown
1762155448.4808638,0,0.025,0.8,0,0,3,218.05,218.6999999999694,369.45000000000005,0.0,0.0,0.0,0.0,unknown
1762155448.4909325,0,0.024,0.8,0,0,3,218.05,218.5999999999694,369.70000000000005,0.0,0.0,0.0,0.0,unknown
1762155448.5010312,0,0.024,0.8,1,0,3,218.05,218.49999999996942,370.0,0.0,0.0,0.0,0.0,unknown
1762155448.5111427,0,0.025,0.8,0,1,3,217.93,218.39999999996942,370.2,0.0,0.0,0.0,0.0,unknown
1762155448.521233,0,0.026000000000000002,0.8,0,1,3,217.83,218.29999999996943,370.29999999999995,0.0,0.0,0.0,0.0,unknown
1762155448.531294,0,0.025,0.8,0,0,3,217.73,218.19999999996944,370.45,0.0,0.0,0.0,0.0,unknown
1762155448.5414183,0,0.025,0.8,0,0,3,217.63,218.09999999996944,370.6,0.0,0.0,0.0,0.0,unknown
1762155448.5515015,0,0.025,0.8,1,0,3,217.53,217.99999999996945,370.75,0.0,0.0,0.0,0.0,unknown
1762155448.5615637,0,0.024,0.8,0,0,3,217.43,217.89999999996945,370.75,0.0,0.0,0.0,0.0,unknown
1762155448.5716546,0,0.024,0.8,0,0,3,217.33,217.79999999996946,370.70000000000005,0.0,0.0,0.0,0.0,unknown
1762155448.581754,0,0.024,0.8,0,0,3,217.21,217.69999999996946,370.65,0.0,0.0,0.0,0.0,unknown
1762155448.5918465,0,0.024,0.8,0,0,3,217.09,217.59999999996947,370.70000000000005,0.0,0.0,0.0,0.0,unknown
1762155448.6019256,0,0.024,0.8,0,0,3,216.93,217.49999999996948,370.85,0.0,0.0,0.0,0.0,unknown
1762155448.6120372,0,0.023,0.8,0,0,3,216.7,217.39999999996948,371.1,0.0,0.0,0.0,0.0,unknown
1762155448.6221023,0,0.021,0.8,0,0,3,216.49,217.2999999999695,371.15,0.0,0.0,0.0,0.0,unknown
1762155448.632157,0,0.02,0.8,0,0,3,216.32,217.1999999999695,371.15,0.0,0.0,0.0,0.0,unknown
1762155448.642278,0,0.021,0.8,1,0,3,216.04,217.0999999999695,371.05,0.0,0.0,0.0,0.0,unknown
1762155448.6523728,0,0.019,0.8,0,0,3,215.95,216.9999999999695,370.9,0.0,0.0,0.0,0.0,unknown
1762155448.6624832,0,0.019,0.8,0,1,3,215.86,216.8999999999695,370.65,0.0,0.0,0.0,0.0,unknown
1762155448.6725783,0,0.02,0.8,0,1,3,215.77,216.79999999996951,370.4,0.0,0.0,0.0,0.0,unknown
1762155448.682701,0,0.022000000000000002,0.8,1,1,3,215.75,216.69999999996952,370.15,0.0,0.0,0.0,0.0,unknown
1762155448.6928155,0,0.023,0.8,1,1,3,215.75,216.59999999996953,369.95000000000005,0.0,0.0,0.0,0.0,unknown
1762155448.7029142,0,0.023,0.8,0,0,3,215.75,216.49999999996953,369.79999999999995,0.0,0.0,0.0,0.0,unknown
1762155448.7130167,0,0.023,0.8,0,0,3,215.75,216.39999999996954,369.70000000000005,0.0,0.0,0.0,0.0,unknown
1762155448.7230875,0,0.022000000000000002,0.8,0,0,3,215.75,216.29999999996954,369.65,0.0,0.0,0.0,0.0,unknown
1762155448.7331514,0,0.022000000000000002,0.8,0,0,3,215.79,216.19999999996955,369.7,0.0,0.0,0.0,0.0,unknown
1762155448.7432137,0,0.022000000000000002,0.8,0,0,3,215.72,216.09999999996955,369.70000000000005,0.0,0.0,0.0,0.0,unknown
1762155448.7532938,0,0.022000000000000002,0.8,0,0,3,215.65,215.99999999996956,369.65,0.0,0.0,0.0,0.0,unknown
1762155448.7634094,0,0.022000000000000002,0.8,0,0,3,215.58,215.89999999996957,369.70000000000005,0.0,0.0,0.0,0.0,unknown
1762155448.7734766,0,0.022000000000000002,0.8,1,0,3,215.51,215.79999999996957,369.70000000000005,0.0,0.0,0.0,0.0,unknown
1762155448.7835433,0,0.023,0.8,0,1,3,215.51,215.69999999996958,369.70000000000005,0.0,0.0,0.0,0.0,unknown
1762155448.793633,0,0.023,0.8,0,0,3,215.47,215.59999999996958,369.75,0.0,0.0,0.0,0.0,unknown
1762155448.803698,0,0.023,0.8,0,1,3,215.59,215.4999999999696,369.75,0.0,0.0,0.0,0.0,unknown
1762155448.813762,0,0.024,0.8,0,1,3,215.75,215.3999999999696,369.8,0.0,0.0,0.0,0.0,unknown
1762155448.8238254,0,0.023,0.8,0,0,3,215.84,215.2999999999696,369.9,0.0,0.0,0.0,0.0,unknown
1762155448.8339026,0,0.022000000000000002,0.8,0,0,3,215.94,215.1999999999696,370.05,0.0,0.0,0.0,0.0,unknown
1762155448.8439748,0,0.021,0.8,0,0,3,216.04,215.0999999999696,370.25,0.0,0.0,0.0,0.0,unknown
1762155448.8541076,0,0.022000000000000002,0.8,1,0,3,216.04,214.99999999996962,370.45,0.0,0.0,0.0,0.0,unknown
1762155448.8642106,0,0.022000000000000002,0.8,0,0,3,215.93,214.89999999996962,370.6,0.0,0.0,0.0,0.0,unknown
1762155448.8742836,0,0.024,0.8,1,1,3,215.82,214.79999999996963,370.7,0.0,0.0,0.0,0.0,unknown
1762155448.8844042,0,0.024,0.8,1,0,3,215.73,214.69999999996963,370.7,0.0,0.0,0.0,0.0,unknown
1762155448.894495,0,0.025,0.8,1,0,3,215.62,214.59999999996964,370.7,0.0,0.0,0.0,0.0,unknown
1762155448.9045596,0,0.027000000000000003,0.8,1,1,3,215.51,214.49999999996965,370.65,0.0,0.0,0.0,0.0,unknown
1762155448.914661,0,0.026000000000000002,0.8,0,0,3,215.4,214.39999999996965,370.6,0.0,0.0,0.0,0.0,unknown
1762155448.92477,0,0.026000000000000002,0.8,0,0,3,215.29,214.29999999996966,370.45,0.0,0.0,0.0,0.0,unknown
1762155448.9348779,0,0.026000000000000002,0.8,0,1,3,215.18,214.19999999996966,370.25,0.0,0.0,0.0,0.0,unknown
1762155448.944947,0,0.025,0.8,0,0,3,215.07,214.09999999996967,370.15,0.0,0.0,0.0,0.0,unknown
1762155448.9550788,0,0.026000000000000002,0.8,0,1,3,214.86,213.99999999996967,370.1,0.0,0.0,0.0,0.0,unknown
1762155448.9651697,0,0.026000000000000002,0.8,0,1,3,214.75,213.89999999996968,370.15,0.0,0.0,0.0,0.0,unknown
1762155448.9752812,0,0.027000000000000003,0.8,1,1,3,214.64,213.79999999996969,370.25,0.0,0.0,0.0,0.0,unknown
1762155448.9853756,0,0.027000000000000003,0.8,0,0,3,214.47,213.6999999999697,370.3,0.0,0.0,0.0,0.0,unknown
1762155448.9954755,0,0.027000000000000003,0.8,0,0,3,214.3,213.5999999999697,370.25,0.0,0.0,0.0,0.0,unknown
1762155449.0055673,0,0.027000000000000003,0.8,1,0,3,214,213.4999999999697,370.1,0.0,0.0,0.0,0.0,unknown
1762155449.015668,0,0.026000000000000002,0.8,0,0,3,213.68,213.3999999999697,369.85,0.0,0.0,0.0,0.0,unknown
1762155449.025749,0,0.026000000000000002,0.8,1,0,3,213.59,213.2999999999697,369.5,0.0,0.0,0.0,0.0,unknown
1762155449.0358193,0,0.026000000000000002,0.8,0,0,3,213.48,213.19999999996972,369.2,0.0,0.0,0.0,0.0,unknown
1762155449.0459378,0,0.026000000000000002,0.8,0,0,3,213.39,213.09999999996973,369.0,0.0,0.0,0.0,0.0,unknown
1762155449.0560563,0,0.025,0.8,0,0,3,213.3,212.99999999996973,368.9,0.0,0.0,0.0,0.0,unknown
1762155449.0661616,0,0.025,0.8,0,0,3,213.21,212.89999999996974,368.79999999999995,0.0,0.0,0.0,0.0,unknown
1762155449.0762663,0,0.025,0.8,0,0,3,213.12,212.79999999996974,368.65,0.0,0.0,0.0,0.0,unknown
1762155449.0863764,0,0.025,0.8,0,0,3,213.03,212.69999999996975,368.4,0.0,0.0,0.0,0.0,unknown
1762155449.0964608,0,0.025,0.8,0,0,3,212.94,212.59999999996975,368.20000000000005,0.0,0.0,0.0,0.0,unknown
1762155449.1065361,0,0.025,0.8,0,0,3,212.85,212.49999999996976,368.1,0.0,0.0,0.0,0.0,unknown
1762155449.1165993,0,0.026000000000000002,0.8,0,1,3,212.76,212.39999999996976,368.04999999999995,0.0,0.0,0.0,0.0,unknown
1762155449.1266873,0,0.026000000000000002,0.8,0,0,3,212.6,212.29999999996977,368.1,0.0,0.0,0.0,0.0,unknown
1762155449.136764,0,0.026000000000000002,0.8,0,0,3,212.5,212.19999999996978,368.1,0.0,0.0,0.0,0.0,unknown
1762155449.1468303,0,0.025,0.8,0,0,3,212.43,212.09999999996978,368.05,0.0,0.0,0.0,0.0,unknown
1762155449.156905,0,0.025,0.8,0,0,3,212.49,211.9999999999698,368.05,0.0,0.0,0.0,0.0,unknown
1762155449.166994,0,0.024,0.8,0,0,3,212.49,211.8999999999698,368.0,0.0,0.0,0.0,0.0,unknown
1762155449.1770616,0,0.024,0.8,0,1,3,212.61,211.7999999999698,368.05,0.0,0.0,0.0,0.0,unknown
1762155449.187129,0,0.022000000000000002,0.8,0,0,3,212.71,211.6999999999698,368.2,0.0,0.0,0.0,0.0,unknown
1762155449.1972017,0,0.02,0.8,0,0,3,212.81,211.5999999999698,368.45,0.0,0.0,0.0,0.0,unknown
1762155449.207262,0,0.021,0.8,1,0,3,212.74,211.49999999996982,368.6,0.0,0.0,0.0,0.0,unknown
1762155449.2173283,0,0.022000000000000002,0.8,0,1,3,212.63,211.39999999996982,368.65,0.0,0.0,0.0,0.0,unknown
1762155449.2274282,0,0.023,0.8,1,0,3,212.52,211.29999999996983,368.7,0.0,0.0,0.0,0.0,unknown
1762155449.2374966,0,0.024,0.8,1,0,3,212.41,211.19999999996983,368.75,0.0,0.0,0.0,0.0,unknown
1762155449.2475612,0,0.024,0.8,0,0,3,212.3,211.09999999996984,368.75,0.0,0.0,0.0,0.0,unknown
1762155449.2576554,0,0.024,0.8,0,0,3,212.19,210.99999999996984,368.75,0.0,0.0,0.0,0.0,unknown
1762155449.2677708,0,0.024,0.8,0,0,3,212.08,210.89999999996985,368.75,0.0,0.0,0.0,0.0,unknown
1762155449.2778585,0,0.024,0.8,0,1,3,212.08,210.79999999996986,368.75,0.0,0.0,0.0,0.0,unknown
1762155449.2879705,0,0.023,0.8,0,0,3,212.08,210.69999999996986,368.70000000000005,0.0,0.0,0.0,0.0,unknown
1762155449.2981255,0,0.024,0.8,0,1,3,212.08,210.59999999996987,368.70000000000005,0.0,0.0,0.0,0.0,unknown
1762155449.3082063,0,0.023,0.8,0,0,3,212.04,210.49999999996987,368.65,0.0,0.0,0.0,0.0,unknown
1762155449.3182807,0,0.022000000000000002,0.8,0,0,3,211.83,210.39999999996988,368.6,0.0,0.0,0.0,0.0,unknown
1762155449.3283522,0,0.022000000000000002,0.8,0,0,3,211.62,210.29999999996988,368.5,0.0,0.0,0.0,0.0,unknown
1762155449.3384254,0,0.022000000000000002,0.8,0,0,3,211.45,210.1999999999699,368.4,0.0,0.0,0.0,0.0,unknown
1762155449.348524,0,0.022000000000000002,0.8,0,0,3,211.15,210.0999999999699,368.2,0.0,0.0,0.0,0.0,unknown
1762155449.3586068,0,0.022000000000000002,0.8,0,1,3,210.85,209.9999999999699,368.0,0.0,0.0,0.0,0.0,unknown
1762155449.3687165,0,0.023,0.8,0,1,3,210.55,209.8999999999699,367.8,0.0,0.0,0.0,0.0,unknown
1762155449.378796,0,0.021,0.8,0,0,3,210.21,209.7999999999699,367.4,0.0,0.0,0.0,0.0,unknown
1762155449.3888693,0,0.02,0.8,0,0,3,210.12,209.69999999996992,367.05,0.0,0.0,0.0,0.0,unknown
1762155449.3989532,0,0.019,0.8,0,0,3,210.03,209.59999999996992,366.7,0.0,0.0,0.0,0.0,unknown
1762155449.409027,0,0.017,0.8,0,0,3,209.94,209.49999999996993,366.4,0.0,0.0,0.0,0.0,unknown
1762155449.4191415,0,0.019,0.8,0,2,3,209.85,209.39999999996994,366.2,0.0,0.0,0.0,0.0,unknown
1762155449.429208,0,0.019,0.8,0,0,3,209.76,209.29999999996994,366.0,0.0,0.0,0.0,0.0,unknown
1762155449.4392726,0,0.02,0.8,1,1,3,209.67,209.19999999996995,365.8,0.0,0.0,0.0,0.0,unknown
1762155449.4493432,0,0.02,0.8,0,0,3,209.51,209.09999999996995,365.65,0.0,0.0,0.0,0.0,unknown
1762155449.4594095,0,0.019,0.8,0,0,3,209.33,208.99999999996996,365.4,0.0,0.0,0.0,0.0,unknown
1762155449.4694736,0,0.018000000000000002,0.8,0,0,3,209.15,208.89999999996996,365.25,0.0,0.0,0.0,0.0,unknown
1762155449.4795427,0,0.017,0.8,0,1,3,208.99,208.79999999996997,365.05,0.0,0.0,0.0,0.0,unknown
1762155449.4896066,0,0.017,0.8,0,0,3,208.86,208.69999999996998,364.8,0.0,0.0,0.0,0.0,unknown
1762155449.4996772,0,0.018000000000000002,0.8,0,1,3,208.86,208.59999999996998,364.6,0.0,0.0,0.0,0.0,unknown
1762155449.5097497,0,0.017,0.8,0,0,3,208.92,208.49999999997,364.55,0.0,0.0,0.0,0.0,unknown
1762155449.5198524,0,0.017,0.8,0,0,3,209.1,208.39999999997,364.6,0.0,0.0,0.0,0.0,unknown
1762155449.5299256,0,0.016,0.8,0,0,3,209.22,208.29999999997,364.70000000000005,0.0,0.0,0.0,0.0,unknown
1762155449.5399964,0,0.016,0.8,0,0,3,209.32,208.19999999997,364.7,0.0,0.0,0.0,0.0,unknown
1762155449.5501146,0,0.016,0.8,0,0,3,209.42,208.09999999997,364.75,0.0,0.0,0.0,0.0,unknown
1762155449.560221,0,0.016,0.8,0,0,3,209.31,207.99999999997002,364.7,0.0,0.0,0.0,0.0,unknown
1762155449.5702856,0,0.016,0.8,0,0,3,209.2,207.89999999997002,364.75,0.0,0.0,0.0,0.0,unknown
1762155449.5803914,0,0.017,0.8,0,1,3,209.09,207.79999999997003,364.7,0.0,0.0,0.0,0.0,unknown
1762155449.5904593,0,0.017,0.8,0,0,3,209,207.69999999997003,364.65,0.0,0.0,0.0,0.0,unknown
1762155449.6005754,0,0.017,0.8,0,0,3,208.89,207.59999999997004,364.55,0.0,0.0,0.0,0.0,unknown
1762155449.610694,0,0.017,0.8,0,0,3,208.78,207.49999999997004,364.4,0.0,0.0,0.0,0.0,unknown
1762155449.6207838,0,0.017,0.8,1,0,3,208.78,207.39999999997005,364.25,0.0,0.0,0.0,0.0,unknown
1762155449.6309016,0,0.018000000000000002,0.8,1,0,3,208.78,207.29999999997005,364.15,0.0,0.0,0.0,0.0,unknown
1762155449.641008,0,0.018000000000000002,0.8,0,0,3,208.74,207.19999999997006,364.0,0.0,0.0,0.0,0.0,unknown
1762155449.6511383,0,0.018000000000000002,0.8,0,0,3,208.72,207.09999999997007,363.9,0.0,0.0,0.0,0.0,unknown
1762155449.6612413,0,0.018000000000000002,0.8,0,0,3,208.51,206.99999999997007,363.8,0.0,0.0,0.0,0.0,unknown
1762155449.6713772,0,0.019,0.8,0,1,3,208.3,206.89999999997008,363.75,0.0,0.0,0.0,0.0,unknown
1762155449.681472,0,0.018000000000000002,0.8,0,0,3,208.09,206.79999999997008,363.65,0.0,0.0,0.0,0.0,unknown
1762155449.6915598,0,0.019,0.8,1,0,3,207.79,206.6999999999701,363.45000000000005,0.0,0.0,0.0,0.0,unknown
1762155449.7016606,0,0.02,0.8,1,0,3,207.49,206.5999999999701,363.2,0.0,0.0,0.0,0.0,unknown
1762155449.7117643,0,0.019,0.8,0,0,3,207.19,206.4999999999701,362.95000000000005,0.0,0.0,0.0,0.0,unknown
1762155449.7218647,0,0.019,0.8,1,0,3,206.89,206.3999999999701,362.7,0.0,0.0,0.0,0.0,unknown
1762155449.7320218,0,0.019,0.8,1,0,3,206.8,206.2999999999701,362.5,0.0,0.0,0.0,0.0,unknown
1762155449.7421372,0,0.018000000000000002,0.8,0,0,3,206.67,206.19999999997012,362.3,0.0,0.0,0.0,0.0,unknown
1762155449.7522428,0,0.018000000000000002,0.8,0,0,3,206.58,206.09999999997012,362.1,0.0,0.0,0.0,0.0,unknown
1762155449.7623436,0,0.019,0.8,1,0,3,206.49,205.99999999997013,361.95,0.0,0.0,0.0,0.0,unknown
1762155449.772425,0,0.019,0.8,0,0,3,206.4,205.89999999997013,361.79999999999995,0.0,0.0,0.0,0.0,unknown
1762155449.7824972,0,0.018000000000000002,0.8,0,0,3,206.34,205.79999999997014,361.7,0.0,0.0,0.0,0.0,unknown
1762155449.79258,0,0.018000000000000002,0.8,0,0,3,206.25,205.69999999997015,361.6,0.0,0.0,0.0,0.0,unknown
1762155449.8026547,0,0.018000000000000002,0.8,0,1,3,206.16,205.59999999997015,361.45,0.0,0.0,0.0,0.0,unknown
1762155449.8127317,0,0.018000000000000002,0.8,0,0,3,205.98,205.49999999997016,361.4,0.0,0.0,0.0,0.0,unknown
1762155449.8228033,0,0.018000000000000002,0.8,0,0,3,205.82,205.39999999997016,361.29999999999995,0.0,0.0,0.0,0.0,unknown
1762155449.8328989,0,0.018000000000000002,0.8,0,0,3,205.75,205.29999999997017,361.2,0.0,0.0,0.0,0.0,unknown
1762155449.8430011,0,0.019,0.8,0,1,3,205.77,205.19999999997017,361.1,0.0,0.0,0.0,0.0,unknown
1762155449.8530788,0,0.019,0.8,0,0,3,205.83,205.09999999997018,361.04999999999995,0.0,0.0,0.0,0.0,unknown
1762155449.8631482,0,0.019,0.8,1,0,3,205.95,204.99999999997019,361.0,0.0,0.0,0.0,0.0,unknown
1762155449.873228,0,0.018000000000000002,0.8,0,0,3,206.18,204.8999999999702,361.05,0.0,0.0,0.0,0.0,unknown
1762155449.8833008,0,0.018000000000000002,0.8,0,0,3,206.29,204.7999999999702,361.2,0.0,0.0,0.0,0.0,unknown
1762155449.893408,0,0.018000000000000002,0.8,0,0,3,206.29,204.6999999999702,361.5,0.0,0.0,0.0,0.0,unknown
1762155449.9034772,0,0.018000000000000002,0.8,0,0,3,206.19,204.5999999999702,361.75,0.0,0.0,0.0,0.0,unknown
1762155449.913544,0,0.019,0.8,0,1,3,206.09,204.4999999999702,361.95,0.0,0.0,0.0,0.0,unknown
1762155449.923644,0,0.018000000000000002,0.8,0,1,3,205.99,204.39999999997022,362.04999999999995,0.0,0.0,0.0,0.0,unknown
1762155449.9337075,0,0.019,0.8,0,1,3,205.89,204.29999999997023,362.2,0.0,0.0,0.0,0.0,unknown
1762155449.9438093,0,0.018000000000000002,0.8,0,1,3,205.75,204.19999999997023,362.35,0.0,0.0,0.0,0.0,unknown
1762155449.9538772,0,0.019,0.8,1,0,3,205.65,204.09999999997024,362.45,0.0,0.0,0.0,0.0,unknown
1762155449.963992,0,0.019,0.8,0,0,3,205.55,203.99999999997024,362.45,0.0,0.0,0.0,0.0,unknown
1762155449.974054,0,0.02,0.8,0,1,3,205.41,203.89999999997025,362.4,0.0,0.0,0.0,0.0,unknown
1762155449.9841237,0,0.02,0.8,1,0,3,205.27,203.79999999997025,362.35,0.0,0.0,0.0,0.0,unknown
1762155449.994207,0,0.02,0.8,0,0,3,205.09,203.69999999997026,362.3,0.0,0.0,0.0,0.0,unknown
1762155450.004314,0,0.019,0.8,0,0,3,204.91,203.59999999997027,362.4,0.0,0.0,0.0,0.0,unknown
1762155450.0143764,0,0.019,0.8,0,0,3,204.81,203.49999999997027,362.45,0.0,0.0,0.0,0.0,unknown
1762155450.024438,0,0.02,0.8,0,1,3,204.71,203.39999999997028,362.45000000000005,0.0,0.0,0.0,0.0,unknown
1762155450.0345094,0,0.02,0.8,0,0,3,204.47,203.29999999997028,362.5,0.0,0.0,0.0,0.0,unknown
1762155450.0446203,0,0.021,0.8,1,0,3,204.16,203.1999999999703,362.45,0.0,0.0,0.0,0.0,unknown
1762155450.0546901,0,0.022000000000000002,0.8,0,1,3,203.95,203.0999999999703,362.35,0.0,0.0,0.0,0.0,unknown
1762155450.0647967,0,0.022000000000000002,0.8,0,0,3,203.74,202.9999999999703,362.15,0.0,0.0,0.0,0.0,unknown
1762155450.0749066,0,0.022000000000000002,0.8,0,0,3,203.53,202.8999999999703,361.95000000000005,0.0,0.0,0.0,0.0,unknown
1762155450.0850818,0,0.022000000000000002,0.8,1,0,3,203.32,202.7999999999703,361.75,0.0,0.0,0.0,0.0,unknown
1762155450.0951824,0,0.022000000000000002,0.8,0,0,3,203.11,202.69999999997032,361.7,0.0,0.0,0.0,0.0,unknown
1762155450.1052725,0,0.023,0.8,0,1,3,202.9,202.59999999997032,361.65,0.0,0.0,0.0,0.0,unknown
1762155450.115378,0,0.023,0.8,0,0,3,202.69,202.49999999997033,361.6,0.0,0.0,0.0,0.0,unknown
1762155450.125483,0,0.024,0.8,0,2,3,202.48,202.39999999997033,361.6,0.0,0.0,0.0,0.0,unknown
1762155450.1355975,0,0.024,0.8,0,1,3,202.25,202.29999999997034,361.6,0.0,0.0,0.0,0.0,unknown
1762155450.1457176,0,0.024,0.8,0,0,3,201.98,202.19999999997034,361.65,0.0,0.0,0.0,0.0,unknown
1762155450.1558158,0,0.025,0.8,1,0,3,201.71,202.09999999997035,361.75,0.0,0.0,0.0,0.0,unknown
1762155450.165942,0,0.025,0.8,0,0,3,201.44,201.99999999997036,361.8,0.0,0.0,0.0,0.0,unknown
1762155450.1761165,0,0.024,0.8,0,0,3,201.32,201.89999999997036,361.9,0.0,0.0,0.0,0.0,unknown
1762155450.186246,0,0.024,0.8,0,0,3,201.2,201.79999999997037,361.95000000000005,0.0,0.0,0.0,0.0,unknown
1762155450.19634,0,0.023,0.8,0,0,3,201.2,201.69999999997037,361.95000000000005,0.0,0.0,0.0,0.0,unknown
1762155450.2064304,0,0.023,0.8,0,1,3,201.2,201.59999999997038,361.95000000000005,0.0,0.0,0.0,0.0,unknown
1762155450.2165518,0,0.024,0.8,1,0,3,201.37,201.49999999997038,362.0,0.0,0.0,0.0,0.0,unknown
1762155450.2266574,0,0.025,0.8,1,1,3,201.37,201.3999999999704,362.15,0.0,0.0,0.0,0.0,unknown
1762155450.2367706,0,0.026000000000000002,0.8,1,1,3,201.37,201.2999999999704,362.25,0.0,0.0,0.0,0.0,unknown
1762155450.2468688,0,0.027000000000000003,0.8,0,1,3,201.2,201.1999999999704,362.29999999999995,0.0,0.0,0.0,0.0,unknown
1762155450.2569702,0,0.029,0.8,1,1,3,201.03,201.0999999999704,362.4,0.0,0.0,0.0,0.0,unknown
1762155450.2671618,0,0.029,0.8,1,0,3,200.86,200.9999999999704,362.45,0.0,0.0,0.0,0.0,unknown
1762155450.2772741,0,0.029,0.8,0,0,3,200.69,200.89999999997042,362.45,0.0,0.0,0.0,0.0,unknown
1762155450.287462,0,0.029,0.8,0,0,3,200.52,200.79999999997042,362.4,0.0,0.0,0.0,0.0,unknown
1762155450.2975688,0,0.029,0.8,0,0,3,200.35,200.69999999997043,362.35,0.0,0.0,0.0,0.0,unknown
1762155450.3076742,0,0.028,0.8,0,0,3,200.18,200.59999999997044,362.3,0.0,0.0,0.0,0.0,unknown
1762155450.317755,0,0.028,0.8,0,0,3,200.01,200.49999999997044,362.35,0.0,0.0,0.0,0.0,unknown
1762155450.3278532,0,0.031,0.8,2,1,3,199.84,200.39999999997045,362.4,0.0,0.0,0.0,0.0,unknown
1762155450.3379486,0,0.031,0.8,0,0,3,199.67,200.29999999997045,362.5,0.0,0.0,0.0,0.0,unknown
1762155450.3480506,0,0.030000000000000002,0.8,0,0,3,199.46,200.19999999997046,362.6,0.0,0.0,0.0,0.0,unknown
1762155450.3581517,0,0.030000000000000002,0.8,0,0,3,199.29,200.09999999997046,362.65,0.0,0.0,0.0,0.0,unknown
1762155450.3682508,0,0.029,0.8,0,0,3,199.12,199.99999999997047,362.6,0.0,0.0,0.0,0.0,unknown
1762155450.3783457,0,0.030000000000000002,0.8,0,1,3,198.95,199.89999999997048,362.5,0.0,0.0,0.0,0.0,unknown
1762155450.3884366,0,0.031,0.8,0,1,3,198.85,199.79999999997048,362.55,0.0,0.0,0.0,0.0,unknown
1762155450.3985238,0,0.032,0.8,0,1,3,198.64,199.6999999999705,362.55,0.0,0.0,0.0,0.0,unknown
1762155450.4087117,0,0.032,0.8,0,0,3,198.43,199.5999999999705,362.5,0.0,0.0,0.0,0.0,unknown
1762155450.4188235,0,0.032,0.8,0,1,3,198.22,199.4999999999705,362.35,0.0,0.0,0.0,0.0,unknown
1762155450.4289453,0,0.031,0.8,0,0,3,198.01,199.3999999999705,362.15,0.0,0.0,0.0,0.0,unknown
1762155450.4390786,0,0.031,0.8,1,0,3,197.8,199.2999999999705,362.0,0.0,0.0,0.0,0.0,unknown
1762155450.4491427,0,0.030000000000000002,0.8,0,0,3,197.59,199.19999999997052,361.95000000000005,0.0,0.0,0.0,0.0,unknown
1762155450.4592345,0,0.030000000000000002,0.8,1,0,3,197.38,199.09999999997052,361.9,0.0,0.0,0.0,0.0,unknown
1762155450.4693172,0,0.030000000000000002,0.8,0,0,3,197.17,198.99999999997053,361.79999999999995,0.0,0.0,0.0,0.0,unknown
1762155450.4794128,0,0.029,0.8,0,0,3,196.96,198.89999999997053,361.65,0.0,0.0,0.0,0.0,unknown
1762155450.4894993,0,0.028,0.8,0,0,3,196.75,198.79999999997054,361.5,0.0,0.0,0.0,0.0,unknown
1762155450.499671,0,0.028,0.8,0,0,3,196.54,198.69999999997054,361.4,0.0,0.0,0.0,0.0,unknown
1762155450.509883,0,0.029,0.8,0,1,3,196.33,198.59999999997055,361.4,0.0,0.0,0.0,0.0,unknown
1762155450.5201085,0,0.029,0.8,0,0,3,196.27,198.49999999997056,361.25,0.0,0.0,0.0,0.0,unknown
1762155450.530195,0,0.029,0.8,0,1,3,196.21,198.39999999997056,361.05,0.0,0.0,0.0,0.0,unknown
1762155450.5402653,0,0.029,0.8,0,0,3,196.19,198.29999999997057,360.8,0.0,0.0,0.0,0.0,unknown
1762155450.5503705,0,0.028,0.8,0,0,3,196.19,198.19999999997057,360.65,0.0,0.0,0.0,0.0,unknown
1762155450.560441,0,0.027,0.8,0,0,3,196.09,198.09999999997058,360.5,0.0,0.0,0.0,0.0,unknown
1762155450.5705032,0,0.027,0.8,0,0,3,196.09,197.99999999997058,360.5,0.0,0.0,0.0,0.0,unknown
1762155450.5806851,0,0.028,0.8,0,1,3,196.09,197.8999999999706,360.5,0.0,0.0,0.0,0.0,unknown
1762155450.5907907,0,0.027,0.8,0,0,3,196.09,197.7999999999706,360.6,0.0,0.0,0.0,0.0,unknown
1762155450.6008992,0,0.028,0.8,0,1,3,195.92,197.6999999999706,360.6,0.0,0.0,0.0,0.0,unknown
1762155450.6110153,0,0.027,0.8,0,0,3,195.75,197.5999999999706,360.55,0.0,0.0,0.0,0.0,unknown
1762155450.621143,0,0.027,0.8,0,0,3,195.58,197.4999999999706,360.45,0.0,0.0,0.0,0.0,unknown
1762155450.6313024,0,0.026000000000000002,0.8,1,0,3,195.41,197.39999999997062,360.3,0.0,0.0,0.0,0.0,unknown
1762155450.641417,0,0.025,0.8,0,0,3,195.24,197.29999999997062,360.1,0.0,0.0,0.0,0.0,unknown
1762155450.6515212,0,0.026000000000000002,0.8,1,0,3,195.07,197.19999999997063,359.95,0.0,0.0,0.0,0.0,unknown
1762155450.6616201,0,0.027,0.8,1,1,3,194.9,197.09999999997063,359.95,0.0,0.0,0.0,0.0,unknown
1762155450.6717227,0,0.027,0.8,0,0,3,194.9,196.99999999997064,360.0,0.0,0.0,0.0,0.0,unknown
1762155450.6818411,0,0.028,0.8,0,1,3,194.9,196.89999999997065,360.1,0.0,0.0,0.0,0.0,unknown
1762155450.6919754,0,0.029,0.8,0,1,3,194.9,196.79999999997065,360.2,0.0,0.0,0.0,0.0,unknown
1762155450.702088,0,0.030000000000000002,0.8,0,1,3,194.94,196.69999999997066,360.35,0.0,0.0,0.0,0.0,unknown
1762155450.7122161,0,0.030000000000000002,0.8,1,0,3,194.98,196.59999999997066,360.5,0.0,0.0,0.0,0.0,unknown
1762155450.7223265,0,0.029,0.8,0,0,3,194.98,196.49999999997067,360.5,0.0,0.0,0.0,0.0,unknown
1762155450.7324283,0,0.027,0.8,0,0,3,194.98,196.39999999997067,360.45,0.0,0.0,0.0,0.0,unknown
1762155450.7425523,0,0.026000000000000002,0.8,0,1,3,194.77,196.29999999997068,360.3,0.0,0.0,0.0,0.0,unknown
1762155450.7526705,0,0.025,0.8,0,0,3,194.39,196.1999999999707,360.1,0.0,0.0,0.0,0.0,unknown
1762155450.762761,0,0.023,0.8,0,0,3,194.01,196.0999999999707,359.9,0.0,0.0,0.0,0.0,unknown
1762155450.7728662,0,0.022000000000000002,0.8,0,0,3,193.63,195.9999999999707,359.6,0.0,0.0,0.0,0.0,unknown
1762155450.7829633,0,0.022000000000000002,0.8,0,0,3,193.25,195.8999999999707,359.25,0.0,0.0,0.0,0.0,unknown
1762155450.7930746,0,0.024,0.8,1,1,3,192.87,195.7999999999707,358.85,0.0,0.0,0.0,0.0,unknown
1762155450.8032353,0,0.024,0.8,0,0,3,192.49,195.69999999997071,358.4,0.0,0.0,0.0,0.0,unknown
1762155450.8133173,0,0.025,0.8,1,0,3,192.11,195.59999999997072,358.05,0.0,0.0,0.0,0.0,unknown
1762155450.8233929,0,0.025,0.8,0,0,3,191.73,195.49999999997073,357.65,0.0,0.0,0.0,0.0,unknown
1762155450.8334694,0,0.022000000000000002,0.8,0,0,3,191.35,195.39999999997073,357.3,0.0,0.0,0.0,0.0,unknown
1762155450.8435411,0,0.022000000000000002,0.8,0,0,3,190.95,195.29999999997074,356.9,0.0,0.0,0.0,0.0,unknown
1762155450.853606,0,0.022000000000000002,0.8,0,0,3,190.55,195.19999999997074,356.45,0.0,0.0,0.0,0.0,unknown
1762155450.8636742,0,0.022000000000000002,0.8,0,0,3,190.11,195.09999999997075,356.0,0.0,0.0,0.0,0.0,unknown
1762155450.873749,0,0.022000000000000002,0.8,0,0,3,189.71,194.99999999997075,355.6,0.0,0.0,0.0,0.0,unknown
1762155450.883818,0,0.021,0.8,0,0,3,189.31,194.89999999997076,355.25,0.0,0.0,0.0,0.0,unknown
1762155450.8938818,0,0.02,0.8,0,0,3,189.03,194.79999999997077,354.9,0.0,0.0,0.0,0.0,unknown
1762155450.903943,0,0.019,0.8,0,0,3,188.86,194.69999999997077,354.55,0.0,0.0,0.0,0.0,unknown
1762155450.9140751,0,0.019,0.8,0,0,3,188.79,194.59999999997078,354.25,0.0,0.0,0.0,0.0,unknown
1762155450.924185,0,0.018000000000000002,0.8,0,0,3,188.89,194.49999999997078,354.1,0.0,0.0,0.0,0.0,unknown
1762155450.9342864,0,0.018000000000000002,0.8,0,0,3,188.99,194.3999999999708,354.05,0.0,0.0,0.0,0.0,unknown
1762155450.9443545,0,0.018000000000000002,0.8,1,0,3,189.09,194.2999999999708,354.05,0.0,0.0,0.0,0.0,unknown
1762155450.95445,0,0.019,0.8,0,1,3,189.23,194.1999999999708,354.0,0.0,0.0,0.0,0.0,unknown
1762155450.9645147,0,0.018000000000000002,0.8,0,0,3,189.33,194.0999999999708,354.0,0.0,0.0,0.0,0.0,unknown
1762155450.9745865,0,0.019,0.8,1,0,3,189.43,193.9999999999708,354.15,0.0,0.0,0.0,0.0,unknown
1762155450.9846911,0,0.019,0.8,0,0,3,189.57,193.89999999997082,354.4,0.0,0.0,0.0,0.0,unknown
1762155450.9947555,0,0.019,0.8,0,0,3,189.71,193.79999999997082,354.55,0.0,0.0,0.0,0.0,unknown
1762155451.0048761,0,0.019,0.8,0,0,3,189.85,193.69999999997083,354.70000000000005,0.0,0.0,0.0,0.0,unknown
1762155451.0149584,0,0.019,0.8,1,0,3,189.99,193.59999999997083,354.75,0.0,0.0,0.0,0.0,unknown
1762155451.0251007,0,0.02,0.8,1,0,3,190.09,193.49999999997084,354.8,0.0,0.0,0.0,0.0,unknown
1762155451.0352108,0,0.019,0.8,0,0,3,190.19,193.39999999997085,354.9,0.0,0.0,0.0,0.0,unknown
1762155451.045398,0,0.019,0.8,0,0,3,190.26,193.29999999997085,354.95000000000005,0.0,0.0,0.0,0.0,unknown
1762155451.0554721,0,0.019,0.8,0,0,3,190.4,193.19999999997086,355.0,0.0,0.0,0.0,0.0,unknown
1762155451.0655818,0,0.019,0.8,0,0,3,190.4,193.09999999997086,354.95,0.0,0.0,0.0,0.0,unknown
1762155451.0756662,0,0.02,0.8,1,0,3,190.4,192.99999999997087,354.9,0.0,0.0,0.0,0.0,unknown
1762155451.0857553,0,0.019,0.8,0,0,3,190.4,192.89999999997087,354.79999999999995,0.0,0.0,0.0,0.0,unknown
1762155451.095826,0,0.02,0.8,1,0,3,190.23,192.79999999997088,354.7,0.0,0.0,0.0,0.0,unknown
1762155451.1058943,0,0.019,0.8,0,0,3,190.06,192.69999999997088,354.54999999999995,0.0,0.0,0.0,0.0,unknown
1762155451.115987,0,0.019,0.8,0,0,3,189.89,192.5999999999709,354.4,0.0,0.0,0.0,0.0,unknown
1762155451.1260583,0,0.019,0.8,0,0,3,189.72,192.4999999999709,354.2,0.0,0.0,0.0,0.0,unknown
1762155451.1361246,0,0.019,0.8,1,0,3,189.55,192.3999999999709,353.9,0.0,0.0,0.0,0.0,unknown
1762155451.1461902,0,0.02,0.8,1,0,3,189.38,192.2999999999709,353.6,0.0,0.0,0.0,0.0,unknown
1762155451.1562517,0,0.019,0.8,0,0,3,189.21,192.1999999999709,353.25,0.0,0.0,0.0,0.0,unknown
1762155451.1663556,0,0.017,0.8,0,0,3,189.04,192.09999999997092,352.9,0.0,0.0,0.0,0.0,unknown
1762155451.1764474,0,0.017,0.8,0,0,3,188.87,191.99999999997092,352.55,0.0,0.0,0.0,0.0,unknown
1762155451.186556,0,0.016,0.8,0,0,3,188.59,191.89999999997093,352.2,0.0,0.0,0.0,0.0,unknown
1762155451.1966503,0,0.015000000000000001,0.8,0,0,3,188.31,191.79999999997094,351.85,0.0,0.0,0.0,0.0,unknown
1762155451.2067595,0,0.014,0.8,0,0,3,187.93,191.69999999997094,351.54999999999995,0.0,0.0,0.0,0.0,unknown
1762155451.216824,0,0.013000000000000001,0.8,0,0,3,187.55,191.59999999997095,351.3,0.0,0.0,0.0,0.0,unknown
1762155451.2269084,0,0.014,0.8,1,0,3,187.17,191.49999999997095,351.0,0.0,0.0,0.0,0.0,unknown
1762155451.2370076,0,0.015000000000000001,0.8,0,1,3,187,191.39999999997096,350.7,0.0,0.0,0.0,0.0,unknown
1762155451.247089,0,0.014,0.8,0,0,3,186.83,191.29999999997096,350.4,0.0,0.0,0.0,0.0,unknown
1762155451.2571836,0,0.015000000000000001,0.8,1,0,3,186.83,191.19999999997097,350.15,0.0,0.0,0.0,0.0,unknown
1762155451.267249,0,0.016,0.8,0,1,3,187,191.09999999997098,349.9,0.0,0.0,0.0,0.0,unknown
1762155451.2773397,0,0.016,0.8,0,0,3,187.17,190.99999999997098,349.75,0.0,0.0,0.0,0.0,unknown
1762155451.2874067,0,0.016,0.8,0,0,3,187.34,190.899999999971,349.70000000000005,0.0,0.0,0.0,0.0,unknown
1762155451.2974708,0,0.014,0.8,0,0,3,187.51,190.799999999971,349.75,0.0,0.0,0.0,0.0,unknown
1762155451.3075469,0,0.014,0.8,0,0,3,187.68,190.699999999971,349.85,0.0,0.0,0.0,0.0,unknown
1762155451.3176267,0,0.013000000000000001,0.8,0,0,3,187.85,190.599999999971,349.95,0.0,0.0,0.0,0.0,unknown
1762155451.3277013,0,0.013000000000000001,0.8,0,0,3,188.02,190.499999999971,350.0,0.0,0.0,0.0,0.0,unknown
1762155451.3377743,0,0.013000000000000001,0.8,0,0,3,188.19,190.39999999997102,350.04999999999995,0.0,0.0,0.0,0.0,unknown
1762155451.3478682,0,0.013000000000000001,0.8,0,0,3,188.36,190.29999999997102,350.05,0.0,0.0,0.0,0.0,unknown
1762155451.357989,0,0.013000000000000001,0.8,0,0,3,188.53,190.19999999997103,350.0,0.0,0.0,0.0,0.0,unknown
1762155451.3681111,0,0.013000000000000001,0.8,0,0,3,188.74,190.09999999997103,350.0,0.0,0.0,0.0,0.0,unknown
1762155451.378234,0,0.013000000000000001,0.8,0,0,3,188.93,189.99999999997104,350.1,0.0,0.0,0.0,0.0,unknown
1762155451.3883128,0,0.014,0.8,1,0,3,189.14,189.89999999997104,350.25,0.0,0.0,0.0,0.0,unknown
1762155451.3984163,0,0.014,0.8,0,0,3,189.26,189.79999999997105,350.35,0.0,0.0,0.0,0.0,unknown
1762155451.408483,0,0.014,0.8,0,0,3,189.26,189.69999999997106,350.45,0.0,0.0,0.0,0.0,unknown
1762155451.4185479,0,0.014,0.8,0,0,3,189.26,189.59999999997106,350.5,0.0,0.0,0.0,0.0,unknown
1762155451.4286273,0,0.014,0.8,0,0,3,189.26,189.49999999997107,350.55,0.0,0.0,0.0,0.0,unknown
1762155451.4387336,0,0.014,0.8,0,0,3,189.09,189.39999999997107,350.55,0.0,0.0,0.0,0.0,unknown
1762155451.4487977,0,0.013000000000000001,0.8,0,0,3,188.92,189.29999999997108,350.5,0.0,0.0,0.0,0.0,unknown
1762155451.4588578,0,0.012,0.8,0,0,3,188.75,189.19999999997108,350.35,0.0,0.0,0.0,0.0,unknown
1762155451.4689274,0,0.013000000000000001,0.8,1,0,3,188.58,189.0999999999711,350.15,0.0,0.0,0.0,0.0,unknown
1762155451.4790215,0,0.012,0.8,0,0,3,188.41,188.9999999999711,350.0,0.0,0.0,0.0,0.0,unknown
1762155451.489097,0,0.012,0.8,0,0,3,188.24,188.8999999999711,349.85,0.0,0.0,0.0,0.0,unknown
1762155451.4991982,0,0.012,0.8,0,0,3,188.07,188.7999999999711,349.7,0.0,0.0,0.0,0.0,unknown
1762155451.5092685,0,0.013000000000000001,0.8,1,0,3,187.9,188.6999999999711,349.5,0.0,0.0,0.0,0.0,unknown
1762155451.5193417,0,0.012,0.8,0,0,3,187.73,188.59999999997112,349.20000000000005,0.0,0.0,0.0,0.0,unknown
1762155451.5294483,0,0.011000000000000001,0.8,0,0,3,187.35,188.49999999997112,348.9,0.0,0.0,0.0,0.0,unknown
1762155451.5395274,0,0.011000000000000001,0.8,0,0,3,186.97,188.39999999997113,348.65,0.0,0.0,0.0,0.0,unknown
1762155451.5496438,0,0.011000000000000001,0.8,0,0,3,186.59,188.29999999997113,348.5,0.0,0.0,0.0,0.0,unknown
1762155451.5597243,0,0.012,0.8,1,0,3,186.21,188.19999999997114,348.4,0.0,0.0,0.0,0.0,unknown
1762155451.5698278,0,0.013000000000000001,0.8,0,1,3,185.93,188.09999999997115,348.3,0.0,0.0,0.0,0.0,unknown
1762155451.5799108,0,0.012,0.8,0,0,3,185.76,187.99999999997115,348.1,0.0,0.0,0.0,0.0,unknown
1762155451.5900273,0,0.012,0.8,0,0,3,185.59,187.89999999997116,347.85,0.0,0.0,0.0,0.0,unknown
1762155451.6001034,0,0.011000000000000001,0.8,0,0,3,185.42,187.79999999997116,347.70000000000005,0.0,0.0,0.0,0.0,unknown
1762155451.6102202,0,0.011000000000000001,0.8,0,0,3,185.59,187.69999999997117,347.6,0.0,0.0,0.0,0.0,unknown
1762155451.6202946,0,0.011000000000000001,0.8,0,0,3,185.76,187.59999999997117,347.6,0.0,0.0,0.0,0.0,unknown
1762155451.6303709,0,0.011000000000000001,0.8,0,0,3,185.93,187.49999999997118,347.65,0.0,0.0,0.0,0.0,unknown
1762155451.640447,0,0.01,0.8,0,0,3,186.1,187.3999999999712,347.75,0.0,0.0,0.0,0.0,unknown
1762155451.650522,0,0.009000000000000001,0.8,0,0,3,186.27,187.2999999999712,347.95,0.0,0.0,0.0,0.0,unknown
1762155451.6605923,0,0.009000000000000001,0.8,0,0,3,186.44,187.1999999999712,348.15,0.0,0.0,0.0,0.0,unknown
1762155451.6706674,0,0.009000000000000001,0.8,0,0,3,186.61,187.0999999999712,348.2,0.0,0.0,0.0,0.0,unknown
1762155451.6807306,0,0.01,0.8,1,0,3,186.61,186.9999999999712,348.25,0.0,0.0,0.0,0.0,unknown
1762155451.6908069,0,0.01,0.8,0,0,3,186.61,186.89999999997121,348.25,0.0,0.0,0.0,0.0,unknown
1762155451.7008655,0,0.01,0.8,0,0,3,186.61,186.79999999997122,348.20000000000005,0.0,0.0,0.0,0.0,unknown
1762155451.710935,0,0.01,0.8,0,0,3,186.57,186.69999999997123,348.15,0.0,0.0,0.0,0.0,unknown
1762155451.72103,0,0.01,0.8,0,0,3,186.53,186.59999999997123,348.05,0.0,0.0,0.0,0.0,unknown
1762155451.731142,0,0.009000000000000001,0.8,0,0,3,186.53,186.49999999997124,348.0,0.0,0.0,0.0,0.0,unknown
1762155451.7412066,0,0.008,0.8,0,0,3,186.53,186.39999999997124,347.9,0.0,0.0,0.0,0.0,unknown
1762155451.7512712,0,0.008,0.8,0,0,3,186.53,186.29999999997125,347.9,0.0,0.0,0.0,0.0,unknown
1762155451.7613378,0,0.007,0.8,0,0,3,186.67,186.19999999997125,347.9,0.0,0.0,0.0,0.0,unknown
1762155451.7714083,0,0.006,0.8,0,0,3,186.67,186.09999999997126,347.9,0.0,0.0,0.0,0.0,unknown
1762155451.7815068,0,0.006,0.8,0,0,3,186.67,185.99999999997127,347.85,0.0,0.0,0.0,0.0,unknown
1762155451.7916038,0,0.006,0.8,0,0,3,186.67,185.89999999997127,347.75,0.0,0.0,0.0,0.0,unknown
1762155451.8016999,0,0.006,0.8,0,0,3,186.55,185.79999999997128,347.7,0.0,0.0,0.0,0.0,unknown
1762155451.8117862,0,0.006,0.8,0,0,3,186.39,185.69999999997128,347.75,0.0,0.0,0.0,0.0,unknown
1762155451.8219137,0,0.006,0.8,0,0,3,186.2,185.5999999999713,347.79999999999995,0.0,0.0,0.0,0.0,unknown
1762155451.8320143,0,0.007,0.8,1,0,3,186.04,185.4999999999713,347.9,0.0,0.0,0.0,0.0,unknown
1762155451.8421206,0,0.007,0.8,0,0,3,185.88,185.3999999999713,347.9,0.0,0.0,0.0,0.0,unknown
1762155451.85219,0,0.007,0.8,0,0,3,185.72,185.2999999999713,347.95,0.0,0.0,0.0,0.0,unknown
1762155451.8622613,0,0.007,0.8,0,0,3,185.56,185.1999999999713,348.05,0.0,0.0,0.0,0.0,unknown
1762155451.8723276,0,0.007,0.8,0,0,3,185.4,185.09999999997132,348.20000000000005,0.0,0.0,0.0,0.0,unknown
1762155451.8823936,0,0.007,0.8,0,0,3,185.28,184.99999999997132,348.29999999999995,0.0,0.0,0.0,0.0,unknown
1762155451.892563,0,0.007,0.8,1,0,3,185.12,184.89999999997133,348.29999999999995,0.0,0.0,0.0,0.0,unknown
1762155451.9027333,0,0.008,0.8,1,0,3,184.96,184.79999999997133,348.25,0.0,0.0,0.0,0.0,unknown
1762155451.912918,0,0.009000000000000001,0.8,1,0,3,184.8,184.69999999997134,348.20000000000005,0.0,0.0,0.0,0.0,unknown
1762155451.9230783,0,0.01,0.8,1,0,3,184.71,184.59999999997135,348.15,0.0,0.0,0.0,0.0,unknown
1762155451.9331515,0,0.01,0.8,0,0,3,184.45,184.49999999997135,348.04999999999995,0.0,0.0,0.0,0.0,unknown
1762155451.9432335,0,0.012,0.8,1,1,3,184.28,184.39999999997136,347.95000000000005,0.0,0.0,0.0,0.0,unknown
1762155451.9533424,0,0.013000000000000001,0.8,1,0,3,184.11,184.29999999997136,347.79999999999995,0.0,0.0,0.0,0.0,unknown
1762155451.963421,0,0.016,0.8,2,1,3,183.94,184.19999999997137,347.70000000000005,0.0,0.0,0.0,0.0,unknown
1762155451.9734895,0,0.016,0.8,1,0,3,183.77,184.09999999997137,347.54999999999995,0.0,0.0,0.0,0.0,unknown
1762155451.9835815,0,0.017,0.8,1,0,3,183.6,183.99999999997138,347.35,0.0,0.0,0.0,0.0,unknown
1762155451.9936886,0,0.017,0.8,0,0,3,183.43,183.89999999997139,347.15,0.0,0.0,0.0,0.0,unknown
1762155452.0037606,0,0.017,0.8,0,0,3,183.26,183.7999999999714,347.0,0.0,0.0,0.0,0.0,unknown
1762155452.0138426,0,0.016,0.8,0,0,3,183.09,183.6999999999714,346.79999999999995,0.0,0.0,0.0,0.0,unknown
1762155452.0239544,0,0.016,0.8,0,0,3,182.92,183.5999999999714,346.6,0.0,0.0,0.0,0.0,unknown
1762155452.0340436,0,0.017,0.8,0,1,3,182.75,183.4999999999714,346.45,0.0,0.0,0.0,0.0,unknown
1762155452.0441592,0,0.018000000000000002,0.8,1,0,3,182.58,183.3999999999714,346.3,0.0,0.0,0.0,0.0,unknown
1762155452.0542736,0,0.018000000000000002,0.8,0,0,3,182.37,183.29999999997142,346.20000000000005,0.0,0.0,0.0,0.0,unknown
1762155452.0643861,0,0.017,0.8,0,0,3,182.16,183.19999999997142,346.05,0.0,0.0,0.0,0.0,unknown
1762155452.0744526,0,0.017,0.8,1,0,3,182.09,183.09999999997143,345.9,0.0,0.0,0.0,0.0,unknown
1762155452.084523,0,0.018000000000000002,0.8,0,1,3,182.02,182.99999999997144,345.75,0.0,0.0,0.0,0.0,unknown
1762155452.094594,0,0.019,0.8,0,1,3,181.95,182.89999999997144,345.65,0.0,0.0,0.0,0.0,unknown
1762155452.1046603,0,0.019,0.8,0,0,3,182.02,182.79999999997145,345.5,0.0,0.0,0.0,0.0,unknown
1762155452.1147285,0,0.019,0.8,0,0,3,182.05,182.69999999997145,345.35,0.0,0.0,0.0,0.0,unknown
1762155452.1247938,0,0.019,0.8,0,0,3,182.05,182.59999999997146,345.2,0.0,0.0,0.0,0.0,unknown
1762155452.134876,0,0.019,0.8,0,0,3,181.93,182.49999999997146,345.1,0.0,0.0,0.0,0.0,unknown
1762155452.1449816,0,0.019,0.8,0,0,3,181.77,182.39999999997147,344.95,0.0,0.0,0.0,0.0,unknown
1762155452.1550505,0,0.019,0.8,0,0,3,181.61,182.29999999997148,344.79999999999995,0.0,0.0,0.0,0.0,unknown
1762155452.16512,0,0.02,0.8,0,1,3,181.49,182.19999999997148,344.70000000000005,0.0,0.0,0.0,0.0,unknown
1762155452.1751838,0,0.02,0.8,0,0,3,181.33,182.0999999999715,344.6,0.0,0.0,0.0,0.0,unknown
1762155452.185294,0,0.02,0.8,1,0,3,181.17,181.9999999999715,344.5,0.0,0.0,0.0,0.0,unknown
1762155452.1953986,0,0.02,0.8,0,0,3,181.05,181.8999999999715,344.35,0.0,0.0,0.0,0.0,unknown
1762155452.2054744,0,0.02,0.8,0,0,3,180.89,181.7999999999715,344.15,0.0,0.0,0.0,0.0,unknown
1762155452.2155824,0,0.02,0.8,0,0,3,180.73,181.6999999999715,343.95000000000005,0.0,0.0,0.0,0.0,unknown
1762155452.2256954,0,0.021,0.8,0,1,3,180.57,181.59999999997152,343.7,0.0,0.0,0.0,0.0,unknown
1762155452.2358181,0,0.023,0.8,1,1,3,180.41,181.49999999997152,343.5,0.0,0.0,0.0,0.0,unknown
1762155452.2459078,0,0.023,0.8,0,0,3,180.25,181.39999999997153,343.4,0.0,0.0,0.0,0.0,unknown
1762155452.2560327,0,0.023,0.8,0,0,3,180.13,181.29999999997153,343.35,0.0,0.0,0.0,0.0,unknown
1762155452.2661686,0,0.023,0.8,0,0,3,180.04,181.19999999997154,343.3,0.0,0.0,0.0,0.0,unknown
1762155452.276275,0,0.023,0.8,0,0,3,179.75,181.09999999997154,343.35,0.0,0.0,0.0,0.0,unknown
1762155452.2863955,0,0.023,0.8,0,0,3,179.58,180.99999999997155,343.35,0.0,0.0,0.0,0.0,unknown
1762155452.296495,0,0.023,0.8,0,0,3,179.41,180.89999999997156,343.35,0.0,0.0,0.0,0.0,unknown
1762155452.3066096,0,0.023,0.8,0,0,3,179.24,180.79999999997156,343.20000000000005,0.0,0.0,0.0,0.0,unknown
1762155452.3167174,0,0.024,0.8,1,0,3,179.07,180.69999999997157,343.05,0.0,0.0,0.0,0.0,unknown
1762155452.3268173,0,0.026000000000000002,0.8,2,0,3,178.9,180.59999999997157,342.95,0.0,0.0,0.0,0.0,unknown
1762155452.3368871,0,0.026000000000000002,0.8,1,0,3,178.73,180.49999999997158,342.85,0.0,0.0,0.0,0.0,unknown
1762155452.346973,0,0.026000000000000002,0.8,0,0,3,178.56,180.39999999997158,342.7,0.0,0.0,0.0,0.0,unknown
1762155452.35706,0,0.027,0.8,1,0,3,178.39,180.2999999999716,342.6,0.0,0.0,0.0,0.0,unknown
1762155452.367163,0,0.027,0.8,0,0,3,178.22,180.1999999999716,342.55,0.0,0.0,0.0,0.0,unknown
1762155452.3772593,0,0.027,0.8,0,0,3,178.01,180.0999999999716,342.5,0.0,0.0,0.0,0.0,unknown
1762155452.387363,0,0.027,0.8,0,0,3,177.82,179.9999999999716,342.4,0.0,0.0,0.0,0.0,unknown
1762155452.3974755,0,0.026000000000000002,0.8,0,0,3,177.61,179.8999999999716,342.29999999999995,0.0,0.0,0.0,0.0,unknown
1762155452.4075723,0,0.026000000000000002,0.8,0,1,3,177.42,179.79999999997162,342.15,0.0,0.0,0.0,0.0,unknown
1762155452.417676,0,0.025,0.8,0,0,3,177.32,179.69999999997162,341.95000000000005,0.0,0.0,0.0,0.0,unknown
1762155452.4277906,0,0.024,0.8,0,0,3,177.22,179.59999999997163,341.75,0.0,0.0,0.0,0.0,unknown
1762155452.4378912,0,0.024,0.8,0,0,3,177.15,179.49999999997164,341.65,0.0,0.0,0.0,0.0,unknown
1762155452.448021,0,0.023,0.8,0,1,3,177.22,179.39999999997164,341.6,0.0,0.0,0.0,0.0,unknown
1762155452.4581459,0,0.022000000000000002,0.8,0,0,3,177.22,179.29999999997165,341.65,0.0,0.0,0.0,0.0,unknown
1762155452.4682717,0,0.019,0.8,0,0,3,177.22,179.19999999997165,341.7,0.0,0.0,0.0,0.0,unknown
1762155452.47841,0,0.018000000000000002,0.8,0,0,3,177.06,179.09999999997166,341.7,0.0,0.0,0.0,0.0,unknown
1762155452.488512,0,0.017,0.8,0,0,3,176.9,178.99999999997166,341.70000000000005,0.0,0.0,0.0,0.0,unknown
1762155452.4986203,0,0.017,0.8,0,0,3,176.74,178.89999999997167,341.7,0.0,0.0,0.0,0.0,unknown
1762155452.508723,0,0.017,0.8,0,0,3,176.62,178.79999999997167,341.65,0.0,0.0,0.0,0.0,unknown
1762155452.5188375,0,0.018000000000000002,0.8,0,1,3,176.46,178.69999999997168,341.6,0.0,0.0,0.0,0.0,unknown
1762155452.528957,0,0.018000000000000002,0.8,0,0,3,176.3,178.5999999999717,341.45000000000005,0.0,0.0,0.0,0.0,unknown
1762155452.5390701,0,0.017,0.8,0,0,3,176.14,178.4999999999717,341.35,0.0,0.0,0.0,0.0,unknown
1762155452.549158,0,0.016,0.8,0,0,3,175.98,178.3999999999717,341.2,0.0,0.0,0.0,0.0,unknown
1762155452.5592651,0,0.016,0.8,0,0,3,175.82,178.2999999999717,341.0,0.0,0.0,0.0,0.0,unknown
1762155452.5694451,0,0.016,0.8,0,0,3,175.66,178.1999999999717,340.8,0.0,0.0,0.0,0.0,unknown
1762155452.5795832,0,0.015000000000000001,0.8,0,0,3,175.5,178.09999999997171,340.6,0.0,0.0,0.0,0.0,unknown
1762155452.589705,0,0.014,0.8,0,0,3,175.34,177.99999999997172,340.45000000000005,0.0,0.0,0.0,0.0,unknown
1762155452.5997763,0,0.014,0.8,1,0,3,175.25,177.89999999997173,340.35,0.0,0.0,0.0,0.0,unknown
1762155452.6098604,0,0.015000000000000001,0.8,0,1,3,175.16,177.79999999997173,340.15,0.0,0.0,0.0,0.0,unknown
1762155452.619971,0,0.015000000000000001,0.8,0,0,3,174.9,177.69999999997174,339.95000000000005,0.0,0.0,0.0,0.0,unknown
1762155452.630096,0,0.017,0.8,1,1,3,174.73,177.59999999997174,339.8,0.0,0.0,0.0,0.0,unknown
1762155452.64019,0,0.018000000000000002,0.8,1,0,3,174.56,177.49999999997175,339.65,0.0,0.0,0.0,0.0,unknown
1762155452.650262,0,0.018000000000000002,0.8,0,0,3,174.39,177.39999999997175,339.45000000000005,0.0,0.0,0.0,0.0,unknown
1762155452.660338,0,0.018000000000000002,0.8,0,0,3,174.22,177.29999999997176,339.25,0.0,0.0,0.0,0.0,unknown
1762155452.6704075,0,0.017,0.8,0,0,3,174.05,177.19999999997177,339.1,0.0,0.0,0.0,0.0,unknown
1762155452.6805153,0,0.018000000000000002,0.8,0,1,3,173.88,177.09999999997177,339.0,0.0,0.0,0.0,0.0,unknown
1762155452.6905808,0,0.018000000000000002,0.8,1,0,3,173.71,176.99999999997178,338.95000000000005,0.0,0.0,0.0,0.0,unknown
1762155452.7006907,0,0.018000000000000002,0.8,0,0,3,173.54,176.89999999997178,338.8,0.0,0.0,0.0,0.0,unknown
1762155452.7107575,0,0.018000000000000002,0.8,0,0,3,173.37,176.7999999999718,338.75,0.0,0.0,0.0,0.0,unknown
1762155452.7208555,0,0.019,0.8,1,0,3,173.2,176.6999999999718,338.65,0.0,0.0,0.0,0.0,unknown
1762155452.730919,0,0.019,0.8,1,0,3,173.03,176.5999999999718,338.55,0.0,0.0,0.0,0.0,unknown
1762155452.7410216,0,0.017,0.8,0,0,3,172.86,176.4999999999718,338.5,0.0,0.0,0.0,0.0,unknown
1762155452.7510915,0,0.017,0.8,0,0,3,172.79,176.3999999999718,338.55,0.0,0.0,0.0,0.0,unknown
1762155452.7611616,0,0.018000000000000002,0.8,0,1,3,172.72,176.29999999997182,338.55,0.0,0.0,0.0,0.0,unknown
1762155452.771266,0,0.019,0.8,1,0,3,172.65,176.19999999997182,338.5,0.0,0.0,0.0,0.0,unknown
1762155452.7813718,0,0.019,0.8,0,0,3,172.75,176.09999999997183,338.45000000000005,0.0,0.0,0.0,0.0,unknown
1762155452.79144,0,0.019,0.8,0,0,3,172.82,175.99999999997183,338.5,0.0,0.0,0.0,0.0,unknown
1762155452.8015609,0,0.019,0.8,0,0,3,172.82,175.89999999997184,338.6,0.0,0.0,0.0,0.0,unknown
1762155452.811635,0,0.019,0.8,0,0,3,172.94,175.79999999997185,338.70000000000005,0.0,0.0,0.0,0.0,unknown
1762155452.8217103,0,0.018000000000000002,0.8,0,0,3,173.1,175.69999999997185,338.75,0.0,0.0,0.0,0.0,unknown
1762155452.8318028,0,0.016,0.8,0,0,3,173.17,175.59999999997186,338.65,0.0,0.0,0.0,0.0,unknown
1762155452.8418736,0,0.016,0.8,0,1,3,173.17,175.49999999997186,338.5,0.0,0.0,0.0,0.0,unknown
1762155452.8519435,0,0.016,0.8,0,0,3,173.17,175.39999999997187,338.4,0.0,0.0,0.0,0.0,unknown
1762155452.8620567,0,0.016,0.8,1,0,3,173.17,175.29999999997187,338.2,0.0,0.0,0.0,0.0,unknown
1762155452.8721619,0,0.016,0.8,0,0,3,173.17,175.19999999997188,338.0,0.0,0.0,0.0,0.0,unknown
1762155452.8822398,0,0.017,0.8,1,0,3,173.17,175.09999999997189,337.79999999999995,0.0,0.0,0.0,0.0,unknown
1762155452.8923562,0,0.018000000000000002,0.8,1,0,3,173.13,174.9999999999719,337.65,0.0,0.0,0.0,0.0,unknown
1762155452.9024608,0,0.019,0.8,1,0,3,173.13,174.8999999999719,337.55,0.0,0.0,0.0,0.0,unknown
1762155452.912575,0,0.02,0.8,2,0,3,173.13,174.7999999999719,337.5,0.0,0.0,0.0,0.0,unknown
1762155452.9226997,0,0.02,0.8,0,0,3,173.13,174.6999999999719,337.45000000000005,0.0,0.0,0.0,0.0,unknown
1762155452.9328067,0,0.02,0.8,0,0,3,172.99,174.5999999999719,337.4,0.0,0.0,0.0,0.0,unknown
1762155452.9428687,0,0.02,0.8,0,0,3,172.85,174.49999999997192,337.35,0.0,0.0,0.0,0.0,unknown
1762155452.9529645,0,0.019,0.8,0,0,3,172.66,174.39999999997193,337.25,0.0,0.0,0.0,0.0,unknown
1762155452.9630458,0,0.019,0.8,0,0,3,172.47,174.29999999997193,337.15,0.0,0.0,0.0,0.0,unknown
1762155452.973113,0,0.019,0.8,0,0,3,172.35,174.19999999997194,337.0,0.0,0.0,0.0,0.0,unknown
1762155452.9832215,0,0.019,0.8,0,0,3,172.19,174.09999999997194,336.85,0.0,0.0,0.0,0.0,unknown
1762155452.9932895,0,0.019,0.8,0,0,3,172.19,173.99999999997195,336.7,0.0,0.0,0.0,0.0,unknown
1762155453.0033507,0,0.02,0.8,1,0,3,172.19,173.89999999997195,336.5,0.0,0.0,0.0,0.0,unknown
1762155453.013428,0,0.02,0.8,0,0,3,172.19,173.79999999997196,336.4,0.0,0.0,0.0,0.0,unknown
1762155453.0235226,0,0.019,0.8,0,0,3,172.19,173.69999999997196,336.4,0.0,0.0,0.0,0.0,unknown
1762155453.0336494,0,0.019,0.8,0,0,3,172.19,173.59999999997197,336.45000000000005,0.0,0.0,0.0,0.0,unknown
1762155453.0437455,0,0.019,0.8,0,0,3,172.19,173.49999999997198,336.45000000000005,0.0,0.0,0.0,0.0,unknown
1762155453.0538154,0,0.019,0.8,0,0,3,172.19,173.39999999997198,336.4,0.0,0.0,0.0,0.0,unknown
1762155453.0639136,0,0.019,0.8,0,0,3,172.19,173.299999999972,336.3,0.0,0.0,0.0,0.0,unknown
1762155453.0740204,0,0.019,0.8,0,0,3,172.19,173.199999999972,336.2,0.0,0.0,0.0,0.0,unknown
1762155453.0840864,0,0.02,0.8,0,1,3,172.09,173.099999999972,336.15,0.0,0.0,0.0,0.0,unknown
1762155453.0941556,0,0.02,0.8,0,0,3,171.99,172.999999999972,336.15,0.0,0.0,0.0,0.0,unknown
1762155453.1042573,0,0.02,0.8,1,0,3,171.89,172.899999999972,336.2,0.0,0.0,0.0,0.0,unknown
1762155453.1143236,0,0.019,0.8,0,0,3,171.82,172.79999999997202,336.3,0.0,0.0,0.0,0.0,unknown
1762155453.124417,0,0.019,0.8,0,0,3,171.79,172.69999999997202,336.35,0.0,0.0,0.0,0.0,unknown
1762155453.1344829,0,0.017,0.8,0,0,3,171.79,172.59999999997203,336.4,0.0,0.0,0.0,0.0,unknown
1762155453.144547,0,0.016,0.8,0,0,3,171.91,172.49999999997203,336.5,0.0,0.0,0.0,0.0,unknown
1762155453.1546164,0,0.017,0.8,0,1,3,172.07,172.39999999997204,336.65,0.0,0.0,0.0,0.0,unknown
1762155453.1647177,0,0.017,0.8,0,0,3,172.23,172.29999999997204,336.8,0.0,0.0,0.0,0.0,unknown
1762155453.1748374,0,0.017,0.8,0,0,3,172.16,172.19999999997205,336.85,0.0,0.0,0.0,0.0,unknown
1762155453.1849098,0,0.016,0.8,0,0,3,172.09,172.09999999997206,336.79999999999995,0.0,0.0,0.0,0.0,unknown
1762155453.1950183,0,0.015000000000000001,0.8,0,0,3,172.02,171.99999999997206,336.75,0.0,0.0,0.0,0.0,unknown
1762155453.2050903,0,0.015000000000000001,0.8,0,0,3,171.91,171.89999999997207,336.75,0.0,0.0,0.0,0.0,unknown
1762155453.215207,0,0.015000000000000001,0.8,0,0,3,171.84,171.79999999997207,336.85,0.0,0.0,0.0,0.0,unknown
1762155453.2253222,0,0.015000000000000001,0.8,1,0,3,171.77,171.69999999997208,336.9,0.0,0.0,0.0,0.0,unknown
1762155453.2354424,0,0.014,0.8,0,0,3,171.7,171.59999999997208,336.95,0.0,0.0,0.0,0.0,unknown
1762155453.2455537,0,0.014,0.8,0,0,3,171.63,171.4999999999721,336.9,0.0,0.0,0.0,0.0,unknown
1762155453.255678,0,0.015000000000000001,0.8,1,0,3,171.56,171.3999999999721,336.75,0.0,0.0,0.0,0.0,unknown
1762155453.2658837,0,0.014,0.8,0,0,3,171.45,171.2999999999721,336.65,0.0,0.0,0.0,0.0,unknown
1762155453.276015,0,0.014,0.8,0,1,3,171.31,171.1999999999721,336.54999999999995,0.0,0.0,0.0,0.0,unknown
1762155453.2861366,0,0.014,0.8,0,0,3,171.2,171.0999999999721,336.35,0.0,0.0,0.0,0.0,unknown
1762155453.2962341,0,0.014,0.8,0,0,3,171.01,170.99999999997212,336.1,0.0,0.0,0.0,0.0,unknown
1762155453.3063478,0,0.014,0.8,0,0,3,170.82,170.89999999997212,335.85,0.0,0.0,0.0,0.0,unknown
1762155453.316509,0,0.014,0.8,0,0,3,170.63,170.79999999997213,335.75,0.0,0.0,0.0,0.0,unknown
1762155453.3266098,0,0.014,0.8,0,0,3,170.51,170.69999999997214,335.6,0.0,0.0,0.0,0.0,unknown
1762155453.336717,0,0.015000000000000001,0.8,0,1,3,170.35,170.59999999997214,335.35,0.0,0.0,0.0,0.0,unknown
1762155453.3467982,0,0.015000000000000001,0.8,0,1,3,170.35,170.49999999997215,335.1,0.0,0.0,0.0,0.0,unknown
1762155453.3568745,0,0.016,0.8,0,1,3,170.35,170.39999999997215,334.9,0.0,0.0,0.0,0.0,unknown
1762155453.3669872,0,0.015000000000000001,0.8,0,0,3,170.35,170.29999999997216,334.8,0.0,0.0,0.0,0.0,unknown
1762155453.377093,0,0.015000000000000001,0.8,0,0,3,170.35,170.19999999997216,334.7,0.0,0.0,0.0,0.0,unknown
1762155453.3871934,0,0.014,0.8,0,0,3,170.35,170.09999999997217,334.6,0.0,0.0,0.0,0.0,unknown
1762155453.3972862,0,0.013000000000000001,0.8,0,0,3,170.35,169.99999999997218,334.54999999999995,0.0,0.0,0.0,0.0,unknown
1762155453.407372,0,0.012,0.8,0,0,3,170.35,169.89999999997218,334.45,0.0,0.0,0.0,0.0,unknown
1762155453.4174638,0,0.01,0.8,0,0,3,170.35,169.7999999999722,334.35,0.0,0.0,0.0,0.0,unknown
1762155453.4275692,0,0.011000000000000001,0.8,0,1,3,170.28,169.6999999999722,334.35,0.0,0.0,0.0,0.0,unknown
1762155453.4376516,0,0.011000000000000001,0.8,0,0,3,170.21,169.5999999999722,334.45,0.0,0.0,0.0,0.0,unknown
1762155453.4477215,0,0.011000000000000001,0.8,0,0,3,170.11,169.4999999999722,334.55,0.0,0.0,0.0,0.0,unknown
1762155453.4577882,0,0.011000000000000001,0.8,0,0,3,170.04,169.3999999999722,334.54999999999995,0.0,0.0,0.0,0.0,unknown
1762155453.467894,0,0.011000000000000001,0.8,0,0,3,170.04,169.29999999997221,334.45000000000005,0.0,0.0,0.0,0.0,unknown
1762155453.4779704,0,0.012,0.8,1,0,3,170.04,169.19999999997222,334.29999999999995,0.0,0.0,0.0,0.0,unknown
1762155453.4880974,0,0.012,0.8,0,0,3,170.2,169.09999999997223,334.20000000000005,0.0,0.0,0.0,0.0,unknown
1762155453.4981763,0,0.012,0.8,0,0,3,170.36,168.99999999997223,334.1,0.0,0.0,0.0,0.0,unknown
1762155453.508244,0,0.012,0.8,1,0,3,170.52,168.89999999997224,334.0,0.0,0.0,0.0,0.0,unknown
1762155453.5183582,0,0.012,0.8,0,0,3,170.41,168.79999999997224,334.0,0.0,0.0,0.0,0.0,unknown
1762155453.5284517,0,0.013000000000000001,0.8,1,0,3,170.29,168.69999999997225,334.0,0.0,0.0,0.0,0.0,unknown
1762155453.5385613,0,0.013000000000000001,0.8,0,0,3,170.17,168.59999999997225,334.1,0.0,0.0,0.0,0.0,unknown
1762155453.5486684,0,0.013000000000000001,0.8,0,0,3,170.1,168.49999999997226,334.15,0.0,0.0,0.0,0.0,unknown
1762155453.5587354,0,0.013000000000000001,0.8,0,0,3,170.03,168.39999999997227,334.2,0.0,0.0,0.0,0.0,unknown
1762155453.5687969,0,0.013000000000000001,0.8,0,0,3,169.96,168.29999999997227,334.20000000000005,0.0,0.0,0.0,0.0,unknown
1762155453.5788577,0,0.014,0.8,0,1,3,169.89,168.19999999997228,334.15,0.0,0.0,0.0,0.0,unknown
1762155453.5889509,0,0.013000000000000001,0.8,0,0,3,169.82,168.09999999997228,334.1,0.0,0.0,0.0,0.0,unknown
1762155453.599022,0,0.013000000000000001,0.8,0,0,3,169.7,167.9999999999723,334.04999999999995,0.0,0.0,0.0,0.0,unknown
1762155453.609086,0,0.012,0.8,0,0,3,169.56,167.8999999999723,334.04999999999995,0.0,0.0,0.0,0.0,unknown
1762155453.619281,0,0.012,0.8,0,0,3,169.42,167.7999999999723,334.0,0.0,0.0,0.0,0.0,unknown
1762155453.6293712,0,0.012,0.8,0,0,3,169.28,167.6999999999723,333.95000000000005,0.0,0.0,0.0,0.0,unknown
1762155453.6394882,0,0.013000000000000001,0.8,0,1,3,169.09,167.5999999999723,333.8,0.0,0.0,0.0,0.0,unknown
1762155453.6495554,0,0.013000000000000001,0.8,0,0,3,168.9,167.49999999997232,333.70000000000005,0.0,0.0,0.0,0.0,unknown
1762155453.65963,0,0.012,0.8,0,0,3,168.69,167.39999999997232,333.6,0.0,0.0,0.0,0.0,unknown
1762155453.6697562,0,0.013000000000000001,0.8,0,1,3,168.57,167.29999999997233,333.45,0.0,0.0,0.0,0.0,unknown
1762155453.6798491,0,0.013000000000000001,0.8,0,0,3,168.45,167.19999999997233,333.25,0.0,0.0,0.0,0.0,unknown
1762155453.689926,0,0.013000000000000001,0.8,0,0,3,168.45,167.09999999997234,332.95,0.0,0.0,0.0,0.0,unknown
1762155453.7000344,0,0.014,0.8,0,1,3,168.45,166.99999999997235,332.6,0.0,0.0,0.0,0.0,unknown
1762155453.7101536,0,0.015000000000000001,0.8,0,1,3,168.45,166.89999999997235,332.4,0.0,0.0,0.0,0.0,unknown
1762155453.7202864,0,0.015000000000000001,0.8,0,0,3,168.45,166.79999999997236,332.20000000000005,0.0,0.0,0.0,0.0,unknown
1762155453.7305496,0,0.015000000000000001,0.8,0,1,3,168.45,166.69999999997236,332.15,0.0,0.0,0.0,0.0,unknown
1762155453.7406883,0,0.015000000000000001,0.8,0,0,3,168.45,166.59999999997237,332.1,0.0,0.0,0.0,0.0,unknown
1762155453.7507904,0,0.015000000000000001,0.8,0,0,3,168.45,166.49999999997237,332.0,0.0,0.0,0.0,0.0,unknown
1762155453.760905,0,0.015000000000000001,0.8,0,1,3,168.35,166.39999999997238,331.79999999999995,0.0,0.0,0.0,0.0,unknown
1762155453.771028,0,0.015000000000000001,0.8,0,0,3,168.25,166.29999999997239,331.55,0.0,0.0,0.0,0.0,unknown
1762155453.78116,0,0.014,0.8,0,0,3,168.18,166.1999999999724,331.4,0.0,0.0,0.0,0.0,unknown
1762155453.7912798,0,0.014,0.8,0,0,3,168.08,166.0999999999724,331.29999999999995,0.0,0.0,0.0,0.0,unknown
1762155453.8013809,0,0.014,0.8,0,0,3,168.01,165.9999999999724,331.3,0.0,0.0,0.0,0.0,unknown
1762155453.811482,0,0.014,0.8,0,0,3,168.01,165.8999999999724,331.3,0.0,0.0,0.0,0.0,unknown
1762155453.821631,0,0.014,0.8,0,0,3,168.01,165.7999999999724,331.25,0.0,0.0,0.0,0.0,unknown
1762155453.8317063,0,0.014,0.8,0,0,3,168.01,165.69999999997242,331.2,0.0,0.0,0.0,0.0,unknown
1762155453.8417857,0,0.014,0.8,0,1,3,168.04,165.59999999997243,331.2,0.0,0.0,0.0,0.0,unknown
1762155453.8518598,0,0.013000000000000001,0.8,0,0,3,168.04,165.49999999997243,331.2,0.0,0.0,0.0,0.0,unknown
1762155453.8619528,0,0.012,0.8,0,0,3,168.01,165.39999999997244,331.15,0.0,0.0,0.0,0.0,unknown
1762155453.872078,0,0.014,0.8,1,1,3,167.94,165.29999999997244,331.2,0.0,0.0,0.0,0.0,unknown
1762155453.8821633,0,0.015000000000000001,0.8,1,0,3,167.87,165.19999999997245,331.15,0.0,0.0,0.0,0.0,unknown
1762155453.89223,0,0.015000000000000001,0.8,0,0,3,167.8,165.09999999997245,331.05,0.0,0.0,0.0,0.0,unknown
1762155453.9022975,0,0.016,0.8,1,0,3,167.56,164.99999999997246,330.9,0.0,0.0,0.0,0.0,unknown
1762155453.9123712,0,0.017,0.8,0,1,3,167.32,164.89999999997247,330.75,0.0,0.0,0.0,0.0,unknown
1762155453.9224892,0,0.019,0.8,1,1,3,167.25,164.79999999997247,330.65,0.0,0.0,0.0,0.0,unknown
1762155453.9325593,0,0.019,0.8,0,1,3,167.18,164.69999999997248,330.5,0.0,0.0,0.0,0.0,unknown
1762155453.942628,0,0.019,0.8,0,0,3,167.25,164.59999999997248,330.35,0.0,0.0,0.0,0.0,unknown
1762155453.9526958,0,0.02,0.8,0,1,3,167.32,164.4999999999725,330.2,0.0,0.0,0.0,0.0,unknown
1762155453.9627662,0,0.02,0.8,0,0,3,167.35,164.3999999999725,330.1,0.0,0.0,0.0,0.0,unknown
1762155453.972834,0,0.02,0.8,0,0,3,167.54,164.2999999999725,330.05,0.0,0.0,0.0,0.0,unknown
1762155453.9829016,0,0.02,0.8,1,0,3,167.57,164.1999999999725,330.05,0.0,0.0,0.0,0.0,unknown
1762155453.9929943,0,0.02,0.8,0,0,3,167.61,164.0999999999725,330.1,0.0,0.0,0.0,0.0,unknown
1762155454.0030556,0,0.021,0.8,0,1,3,167.52,163.99999999997252,330.15,0.0,0.0,0.0,0.0,unknown
1762155454.0131247,0,0.02,0.8,0,0,3,167.36,163.89999999997252,330.25,0.0,0.0,0.0,0.0,unknown
1762155454.0232143,0,0.021,0.8,1,0,3,166.96,163.79999999997253,330.2,0.0,0.0,0.0,0.0,unknown
1762155454.033278,0,0.021,0.8,0,1,3,166.56,163.69999999997253,330.1,0.0,0.0,0.0,0.0,unknown
1762155454.043351,0,0.021,0.8,0,0,3,166.16,163.59999999997254,329.9,0.0,0.0,0.0,0.0,unknown
1762155454.0534294,0,0.021,0.8,0,0,3,165.76,163.49999999997254,329.75,0.0,0.0,0.0,0.0,unknown
1762155454.0634942,0,0.021,0.8,0,0,3,165.36,163.39999999997255,329.65,0.0,0.0,0.0,0.0,unknown
1762155454.073557,0,0.021,0.8,0,0,3,164.96,163.29999999997256,329.5,0.0,0.0,0.0,0.0,unknown
1762155454.0836236,0,0.021,0.8,0,1,3,164.56,163.19999999997256,329.35,0.0,0.0,0.0,0.0,unknown
1762155454.0936918,0,0.021,0.8,0,0,3,164.16,163.09999999997257,329.1,0.0,0.0,0.0,0.0,unknown
1762155454.1037946,0,0.021,0.8,0,0,3,163.76,162.99999999997257,328.85,0.0,0.0,0.0,0.0,unknown
1762155454.1139014,0,0.021,0.8,0,0,3,163.36,162.89999999997258,328.55,0.0,0.0,0.0,0.0,unknown
1762155454.1240342,0,0.021,0.8,0,0,3,162.96,162.79999999997258,328.25,0.0,0.0,0.0,0.0,unknown
1762155454.1341388,0,0.022000000000000002,0.8,0,1,3,162.56,162.6999999999726,328.0,0.0,0.0,0.0,0.0,unknown
1762155454.144263,0,0.022000000000000002,0.8,0,1,3,162.16,162.5999999999726,327.75,0.0,0.0,0.0,0.0,unknown
1762155454.154364,0,0.022000000000000002,0.8,0,0,3,161.76,162.4999999999726,327.5,0.0,0.0,0.0,0.0,unknown
1762155454.1644657,0,0.022000000000000002,0.8,0,0,3,161.36,162.3999999999726,327.25,0.0,0.0,0.0,0.0,unknown
1762155454.1745882,0,0.022000000000000002,0.8,1,0,3,161.13,162.2999999999726,326.95,0.0,0.0,0.0,0.0,unknown
1762155454.1846747,0,0.023,0.8,1,0,3,161.09,162.19999999997262,326.75,0.0,0.0,0.0,0.0,unknown
1762155454.1947904,0,0.024,0.8,0,1,3,161.16,162.09999999997262,326.7,0.0,0.0,0.0,0.0,unknown
1762155454.2048712,0,0.024,0.8,1,0,3,161.27,161.99999999997263,326.7,0.0,0.0,0.0,0.0,unknown
1762155454.2149434,0,0.024,0.8,0,1,3,161.34,161.89999999997264,326.65,0.0,0.0,0.0,0.0,unknown
1762155454.2250574,0,0.024,0.8,0,0,3,161.45,161.79999999997264,326.55,0.0,0.0,0.0,0.0,unknown
1762155454.2351449,0,0.023,0.8,0,0,3,161.52,161.69999999997265,326.5,0.0,0.0,0.0,0.0,unknown
1762155454.2452438,0,0.023,0.8,0,0,3,161.59,161.59999999997265,326.4,0.0,0.0,0.0,0.0,unknown
1762155454.255339,0,0.025,0.8,2,0,3,161.66,161.49999999997266,326.45,0.0,0.0,0.0,0.0,unknown
1762155454.2654471,0,0.026000000000000002,0.8,1,1,3,161.73,161.39999999997266,326.5,0.0,0.0,0.0,0.0,unknown
1762155454.2755425,0,0.027000000000000003,0.8,0,1,3,161.8,161.29999999997267,326.5,0.0,0.0,0.0,0.0,unknown
1762155454.285638,0,0.028,0.8,0,1,3,161.87,161.19999999997268,326.45000000000005,0.0,0.0,0.0,0.0,unknown
1762155454.295758,0,0.028,0.8,0,0,3,162.01,161.09999999997268,326.4,0.0,0.0,0.0,0.0,unknown
1762155454.305852,0,0.029,0.8,0,1,3,162.11,160.9999999999727,326.45,0.0,0.0,0.0,0.0,unknown
1762155454.3159661,0,0.029,0.8,0,0,3,162.21,160.8999999999727,326.5,0.0,0.0,0.0,0.0,unknown
1762155454.326064,0,0.029,0.8,0,0,3,162.31,160.7999999999727,326.45,0.0,0.0,0.0,0.0,unknown
1762155454.336181,0,0.029,0.8,0,0,3,162.31,160.6999999999727,326.35,0.0,0.0,0.0,0.0,unknown
1762155454.3462627,0,0.028,0.8,0,0,3,162.38,160.5999999999727,326.35,0.0,0.0,0.0,0.0,unknown
1762155454.3563433,0,0.029,0.8,0,1,3,162.22,160.49999999997272,326.3,0.0,0.0,0.0,0.0,unknown
1762155454.3664522,0,0.029,0.8,0,0,3,162.06,160.39999999997272,326.3,0.0,0.0,0.0,0.0,unknown
1762155454.376524,0,0.027000000000000003,0.8,0,0,3,161.66,160.29999999997273,326.2,0.0,0.0,0.0,0.0,unknown
1762155454.3866026,0,0.026000000000000002,0.8,0,0,3,161.26,160.19999999997273,326.15,0.0,0.0,0.0,0.0,unknown
1762155454.3966744,0,0.028,0.8,2,0,3,160.86,160.09999999997274,326.0,0.0,0.0,0.0,0.0,unknown
1762155454.406739,0,0.028,0.8,1,0,3,160.46,159.99999999997274,325.75,0.0,0.0,0.0,0.0,unknown
1762155454.4168038,0,0.028,0.8,1,0,3,160.06,159.89999999997275,325.5,0.0,0.0,0.0,0.0,unknown
1762155454.4268694,0,0.026000000000000002,0.8,0,0,3,159.66,159.79999999997275,325.29999999999995,0.0,0.0,0.0,0.0,unknown
1762155454.4369578,0,0.025,0.8,0,0,3,159.26,159.69999999997276,325.05,0.0,0.0,0.0,0.0,unknown
1762155454.4470363,0,0.025,0.8,0,0,3,158.86,159.59999999997277,324.70000000000005,0.0,0.0,0.0,0.0,unknown
1762155454.457102,0,0.024,0.8,0,0,3,158.46,159.49999999997277,324.3,0.0,0.0,0.0,0.0,unknown
1762155454.4672043,0,0.024,0.8,0,0,3,158.06,159.39999999997278,323.95,0.0,0.0,0.0,0.0,unknown
1762155454.4772952,0,0.025,0.8,1,0,3,157.66,159.29999999997278,323.6,0.0,0.0,0.0,0.0,unknown
1762155454.4873755,0,0.024,0.8,0,0,3,157.26,159.1999999999728,323.35,0.0,0.0,0.0,0.0,unknown
1762155454.4974804,0,0.024,0.8,0,0,3,156.86,159.0999999999728,323.1,0.0,0.0,0.0,0.0,unknown
1762155454.5075464,0,0.023,0.8,0,0,3,156.46,158.9999999999728,322.85,0.0,0.0,0.0,0.0,unknown
1762155454.5176356,0,0.023,0.8,0,0,3,156.06,158.8999999999728,322.65,0.0,0.0,0.0,0.0,unknown
1762155454.5276978,0,0.024,0.8,0,2,3,155.89,158.7999999999728,322.5,0.0,0.0,0.0,0.0,unknown
1762155454.5377665,0,0.024,0.8,0,1,3,155.94,158.69999999997282,322.35,0.0,0.0,0.0,0.0,unknown
1762155454.547851,0,0.027,0.8,1,2,3,155.99,158.59999999997282,322.20000000000005,0.0,0.0,0.0,0.0,unknown
1762155454.557946,0,0.027,0.8,0,0,3,156.06,158.49999999997283,322.1,0.0,0.0,0.0,0.0,unknown
1762155454.568024,0,0.027,0.8,0,0,3,156.13,158.39999999997283,322.1,0.0,0.0,0.0,0.0,unknown
1762155454.57811,0,0.027,0.8,0,0,3,156.2,158.29999999997284,322.15,0.0,0.0,0.0,0.0,unknown
1762155454.5881748,0,0.027,0.8,1,0,3,156.31,158.19999999997285,322.2,0.0,0.0,0.0,0.0,unknown
1762155454.5982535,0,0.027,0.8,0,0,3,156.38,158.09999999997285,322.25,0.0,0.0,0.0,0.0,unknown
1762155454.6083643,0,0.027,0.8,0,0,3,156.5,157.99999999997286,322.3,0.0,0.0,0.0,0.0,unknown
1762155454.6184585,0,0.027,0.8,0,0,3,156.61,157.89999999997286,322.3,0.0,0.0,0.0,0.0,unknown
1762155454.6285572,0,0.028,0.8,0,1,3,156.68,157.79999999997287,322.35,0.0,0.0,0.0,0.0,unknown
1762155454.638659,0,0.027,0.8,0,0,3,156.75,157.69999999997287,322.4,0.0,0.0,0.0,0.0,unknown
1762155454.6487706,0,0.027,0.8,0,1,3,156.78,157.59999999997288,322.5,0.0,0.0,0.0,0.0,unknown
1762155454.6588645,0,0.027,0.8,0,0,3,156.81,157.49999999997289,322.6,0.0,0.0,0.0,0.0,unknown
1762155454.6689606,0,0.027,0.8,0,0,3,156.86,157.3999999999729,322.70000000000005,0.0,0.0,0.0,0.0,unknown
1762155454.6790571,0,0.026000000000000002,0.8,0,0,3,156.98,157.2999999999729,322.75,0.0,0.0,0.0,0.0,unknown
1762155454.6891625,0,0.027,0.8,1,1,3,157.01,157.1999999999729,322.75,0.0,0.0,0.0,0.0,unknown
1762155454.6992722,0,0.027,0.8,1,0,3,156.89,157.0999999999729,322.75,0.0,0.0,0.0,0.0,unknown
1762155454.7093778,0,0.026000000000000002,0.8,0,0,3,156.7,156.9999999999729,322.75,0.0,0.0,0.0,0.0,unknown
1762155454.7194905,0,0.026000000000000002,0.8,0,1,3,156.47,156.89999999997292,322.70000000000005,0.0,0.0,0.0,0.0,unknown
1762155454.7295845,0,0.027,0.8,0,1,3,156.24,156.79999999997293,322.65,0.0,0.0,0.0,0.0,unknown
1762155454.739691,0,0.028,0.8,1,0,3,155.84,156.69999999997293,322.45,0.0,0.0,0.0,0.0,unknown
1762155454.7497964,0,0.029,0.8,0,1,3,155.44,156.59999999997294,322.20000000000005,0.0,0.0,0.0,0.0,unknown
1762155454.7598877,0,0.027,0.8,0,0,3,155.04,156.49999999997294,322.05,0.0,0.0,0.0,0.0,unknown
1762155454.7700107,0,0.026000000000000002,0.8,0,1,3,154.64,156.39999999997295,321.95,0.0,0.0,0.0,0.0,unknown
1762155454.7801273,0,0.025,0.8,0,0,3,154.24,156.29999999997295,321.9,0.0,0.0,0.0,0.0,unknown
1762155454.7902293,0,0.025,0.8,0,1,3,153.84,156.19999999997296,321.75,0.0,0.0,0.0,0.0,unknown
1762155454.800322,0,0.025,0.8,0,0,3,153.44,156.09999999997297,321.45,0.0,0.0,0.0,0.0,unknown
1762155454.8104012,0,0.024,0.8,0,0,3,153.04,155.99999999997297,321.1,0.0,0.0,0.0,0.0,unknown
1762155454.820499,0,0.024,0.8,0,0,3,152.64,155.89999999997298,320.75,0.0,0.0,0.0,0.0,unknown
1762155454.8305655,0,0.024,0.8,0,0,3,152.24,155.79999999997298,320.54999999999995,0.0,0.0,0.0,0.0,unknown
1762155454.8406332,0,0.025,0.8,1,0,3,151.84,155.699999999973,320.3,0.0,0.0,0.0,0.0,unknown
1762155454.850721,0,0.025,0.8,0,0,3,151.53,155.599999999973,320.05,0.0,0.0,0.0,0.0,unknown
1762155454.8607872,0,0.024,0.8,0,0,3,151.29,155.499999999973,319.75,0.0,0.0,0.0,0.0,unknown
1762155454.8708904,0,0.025,0.8,1,0,3,151.08,155.399999999973,319.5,0.0,0.0,0.0,0.0,unknown
1762155454.8809638,0,0.026000000000000002,0.8,1,0,3,150.91,155.299999999973,319.25,0.0,0.0,0.0,0.0,unknown
1762155454.8910265,0,0.027,0.8,1,0,3,150.74,155.19999999997302,319.05,0.0,0.0,0.0,0.0,unknown
1762155454.9011235,0,0.026000000000000002,0.8,1,0,3,150.57,155.09999999997302,318.9,0.0,0.0,0.0,0.0,unknown
1762155454.9111905,0,0.025,0.8,0,0,3,150.57,154.99999999997303,318.8,0.0,0.0,0.0,0.0,unknown
1762155454.9212515,0,0.025,0.8,1,0,3,150.57,154.89999999997303,318.75,0.0,0.0,0.0,0.0,unknown
1762155454.9313118,0,0.025,0.8,0,0,3,150.4,154.79999999997304,318.6,0.0,0.0,0.0,0.0,unknown
1762155454.9413733,0,0.026000000000000002,0.8,1,0,3,150.23,154.69999999997304,318.5,0.0,0.0,0.0,0.0,unknown
1762155454.9514368,0,0.026000000000000002,0.8,0,0,3,149.99,154.59999999997305,318.4,0.0,0.0,0.0,0.0,unknown
1762155454.9615571,0,0.026000000000000002,0.8,0,0,3,149.75,154.49999999997306,318.35,0.0,0.0,0.0,0.0,unknown
1762155454.971623,0,0.026000000000000002,0.8,0,0,3,149.51,154.39999999997306,318.35,0.0,0.0,0.0,0.0,unknown
1762155454.9817162,0,0.026000000000000002,0.8,1,0,3,149.11,154.29999999997307,318.3,0.0,0.0,0.0,0.0,unknown
1762155454.9917765,0,0.026000000000000002,0.8,0,0,3,148.8,154.19999999997307,318.25,0.0,0.0,0.0,0.0,unknown
1762155455.0018373,0,0.026000000000000002,0.8,0,0,3,148.52,154.09999999997308,318.15,0.0,0.0,0.0,0.0,unknown
1762155455.0119042,0,0.026000000000000002,0.8,0,0,3,148.21,153.99999999997308,318.0,0.0,0.0,0.0,0.0,unknown
1762155455.0219688,0,0.027,0.8,1,0,3,147.97,153.8999999999731,317.79999999999995,0.0,0.0,0.0,0.0,unknown
1762155455.0320313,0,0.027,0.8,1,1,3,147.97,153.7999999999731,317.65,0.0,0.0,0.0,0.0,unknown
1762155455.042093,0,0.027,0.8,1,0,3,147.97,153.6999999999731,317.55,0.0,0.0,0.0,0.0,unknown
1762155455.0521662,0,0.024,0.8,0,0,3,147.97,153.5999999999731,317.4,0.0,0.0,0.0,0.0,unknown
1762155455.06227,0,0.025,0.8,0,1,3,147.97,153.4999999999731,317.20000000000005,0.0,0.0,0.0,0.0,unknown
1762155455.072375,0,0.026000000000000002,0.8,0,1,3,147.97,153.39999999997312,317.0,0.0,0.0,0.0,0.0,unknown
1762155455.082464,0,0.026000000000000002,0.8,0,0,3,147.97,153.29999999997312,316.85,0.0,0.0,0.0,0.0,unknown
1762155455.0925517,0,0.025,0.8,0,0,3,147.97,153.19999999997313,316.75,0.0,0.0,0.0,0.0,unknown
1762155455.1026895,0,0.025,0.8,0,0,3,147.97,153.09999999997314,316.75,0.0,0.0,0.0,0.0,unknown
1762155455.1127994,0,0.025,0.8,0,0,3,147.97,152.99999999997314,316.70000000000005,0.0,0.0,0.0,0.0,unknown
1762155455.1229053,0,0.025,0.8,0,0,3,147.97,152.89999999997315,316.65,0.0,0.0,0.0,0.0,unknown
1762155455.1330297,0,0.024,0.8,0,0,3,147.97,152.79999999997315,316.65,0.0,0.0,0.0,0.0,unknown
1762155455.1431665,0,0.024,0.8,0,0,3,147.97,152.69999999997316,316.65,0.0,0.0,0.0,0.0,unknown
1762155455.15327,0,0.023,0.8,0,0,3,147.97,152.59999999997316,316.65,0.0,0.0,0.0,0.0,unknown
1762155455.163371,0,0.023,0.8,0,0,3,147.97,152.49999999997317,316.55,0.0,0.0,0.0,0.0,unknown
1762155455.1734598,0,0.023,0.8,0,0,3,147.97,152.39999999997318,316.5,0.0,0.0,0.0,0.0,unknown
1762155455.1835659,0,0.024,0.8,0,1,3,147.8,152.29999999997318,316.5,0.0,0.0,0.0,0.0,unknown
1762155455.1936884,0,0.023,0.8,0,1,3,147.63,152.1999999999732,316.5,0.0,0.0,0.0,0.0,unknown
1762155455.203819,0,0.022000000000000002,0.8,0,0,3,147.39,152.0999999999732,316.4,0.0,0.0,0.0,0.0,unknown
1762155455.213917,0,0.024,0.8,1,1,3,147.11,151.9999999999732,316.25,0.0,0.0,0.0,0.0,unknown
1762155455.2239976,0,0.026000000000000002,0.8,2,1,3,146.87,151.8999999999732,316.15,0.0,0.0,0.0,0.0,unknown
1762155455.234073,0,0.026000000000000002,0.8,1,0,3,146.59,151.7999999999732,316.1,0.0,0.0,0.0,0.0,unknown
1762155455.2441406,0,0.027,0.8,1,1,3,146.35,151.69999999997322,316.05,0.0,0.0,0.0,0.0,unknown
1762155455.25424,0,0.027,0.8,0,1,3,146.11,151.59999999997322,316.05,0.0,0.0,0.0,0.0,unknown
1762155455.2643454,0,0.027,0.8,0,0,3,145.87,151.49999999997323,316.0,0.0,0.0,0.0,0.0,unknown
1762155455.2744284,0,0.026000000000000002,0.8,0,0,3,145.63,151.39999999997323,315.95,0.0,0.0,0.0,0.0,unknown
1762155455.2845423,0,0.028,0.8,2,0,3,145.39,151.29999999997324,315.9,0.0,0.0,0.0,0.0,unknown
1762155455.2946122,0,0.028,0.8,1,0,3,145.15,151.19999999997324,315.85,0.0,0.0,0.0,0.0,unknown
1762155455.3046868,0,0.028,0.8,0,0,3,144.84,151.09999999997325,315.85,0.0,0.0,0.0,0.0,unknown
1762155455.31476,0,0.030000000000000002,0.8,2,0,3,144.53,150.99999999997326,315.79999999999995,0.0,0.0,0.0,0.0,unknown
1762155455.3248322,0,0.031,0.8,1,0,3,144.22,150.89999999997326,315.65,0.0,0.0,0.0,0.0,unknown
1762155455.334945,0,0.032,0.8,0,1,3,143.91,150.79999999997327,315.5,0.0,0.0,0.0,0.0,unknown
1762155455.34502,0,0.032,0.8,0,1,3,143.63,150.69999999997327,315.4,0.0,0.0,0.0,0.0,unknown
1762155455.3551362,0,0.033,0.8,0,1,3,143.32,150.59999999997328,315.3,0.0,0.0,0.0,0.0,unknown
1762155455.3652108,0,0.033,0.8,0,0,3,143.08,150.49999999997328,315.25,0.0,0.0,0.0,0.0,unknown
1762155455.375276,0,0.032,0.8,0,0,3,142.84,150.3999999999733,315.1,0.0,0.0,0.0,0.0,unknown
1762155455.3853424,0,0.032,0.8,0,1,3,142.84,150.2999999999733,314.95,0.0,0.0,0.0,0.0,unknown
1762155455.3954403,0,0.031,0.8,0,0,3,142.84,150.1999999999733,314.8,0.0,0.0,0.0,0.0,unknown
1762155455.4055014,0,0.030000000000000002,0.8,0,0,3,142.84,150.0999999999733,314.65,0.0,0.0,0.0,0.0,unknown
1762155455.4155912,0,0.030000000000000002,0.8,0,0,3,142.84,149.9999999999733,314.55,0.0,0.0,0.0,0.0,unknown
1762155455.4256854,0,0.031,0.8,0,2,3,142.84,149.89999999997332,314.5,0.0,0.0,0.0,0.0,unknown
1762155455.435773,0,0.032,0.8,0,1,3,142.84,149.79999999997332,314.45000000000005,0.0,0.0,0.0,0.0,unknown
1762155455.4458368,0,0.033,0.8,2,0,3,142.84,149.69999999997333,314.45000000000005,0.0,0.0,0.0,0.0,unknown
1762155455.4559104,0,0.034,0.8,1,0,3,142.84,149.59999999997333,314.5,0.0,0.0,0.0,0.0,unknown
1762155455.4659834,0,0.035,0.8,1,0,3,142.84,149.49999999997334,314.55,0.0,0.0,0.0,0.0,unknown
1762155455.4760647,0,0.037000000000000005,0.8,1,1,3,142.84,149.39999999997335,314.6,0.0,0.0,0.0,0.0,unknown
1762155455.486163,0,0.037000000000000005,0.8,0,1,3,142.84,149.29999999997335,314.65,0.0,0.0,0.0,0.0,unknown
1762155455.4962268,0,0.039,0.8,1,1,3,142.84,149.19999999997336,314.65,0.0,0.0,0.0,0.0,unknown
1762155455.5063326,0,0.039,0.8,0,0,3,142.84,149.09999999997336,314.7,0.0,0.0,0.0,0.0,unknown
1762155455.5164034,0,0.04,0.8,1,0,3,142.84,148.99999999997337,314.65,0.0,0.0,0.0,0.0,unknown
1762155455.5265043,0,0.04,0.8,0,1,3,142.84,148.89999999997337,314.6,0.0,0.0,0.0,0.0,unknown
1762155455.536608,0,0.039,0.8,0,1,3,142.84,148.79999999997338,314.45,0.0,0.0,0.0,0.0,unknown
1762155455.5467033,0,0.039,0.8,0,1,3,142.67,148.6999999999734,314.35,0.0,0.0,0.0,0.0,unknown
1762155455.5568545,0,0.041,0.8,1,1,3,142.5,148.5999999999734,314.25,0.0,0.0,0.0,0.0,unknown
1762155455.5669658,0,0.041,0.8,1,0,3,142.26,148.4999999999734,314.25,0.0,0.0,0.0,0.0,unknown
1762155455.5770967,0,0.041,0.8,1,0,3,142.02,148.3999999999734,314.2,0.0,0.0,0.0,0.0,unknown
1762155455.5872123,0,0.042,0.8,1,0,3,141.78,148.2999999999734,314.15,0.0,0.0,0.0,0.0,unknown
1762155455.5973282,0,0.043000000000000003,0.8,1,0,3,141.5,148.19999999997341,314.1,0.0,0.0,0.0,0.0,unknown
1762155455.6074345,0,0.043000000000000003,0.8,0,0,3,141.26,148.09999999997342,314.1,0.0,0.0,0.0,0.0,unknown
1762155455.6175394,0,0.043000000000000003,0.8,0,0,3,141.02,147.99999999997343,314.1,0.0,0.0,0.0,0.0,unknown
1762155455.6276636,0,0.043000000000000003,0.8,0,0,3,140.74,147.89999999997343,314.1,0.0,0.0,0.0,0.0,unknown
1762155455.637811,0,0.046,0.8,3,0,3,140.5,147.79999999997344,314.0,0.0,0.0,0.0,0.0,unknown
1762155455.6479044,0,0.048,0.8,2,0,3,140.24,147.69999999997344,313.9,0.0,0.0,0.0,0.0,unknown
1762155455.6580055,0,0.051000000000000004,0.8,2,1,3,139.93,147.59999999997345,313.75,0.0,0.0,0.0,0.0,unknown
1762155455.6681223,0,0.054,0.8,3,0,3,139.62,147.49999999997345,313.54999999999995,0.0,0.0,0.0,0.0,unknown
1762155455.6782396,0,0.057,0.8,2,1,3,139.31,147.39999999997346,313.35,0.0,0.0,0.0,0.0,unknown
1762155455.6883128,0,0.057,0.8,1,0,3,138.91,147.29999999997347,313.1,0.0,0.0,0.0,0.0,unknown
1762155455.6983912,0,0.057,0.8,1,0,3,138.58,147.19999999997347,312.9,0.0,0.0,0.0,0.0,unknown
1762155455.708459,0,0.057,0.8,0,0,3,138.23,147.09999999997348,312.75,0.0,0.0,0.0,0.0,unknown
1762155455.7185276,0,0.056,0.8,1,0,3,137.95,146.99999999997348,312.65,0.0,0.0,0.0,0.0,unknown
1762155455.7286365,0,0.055,0.8,2,0,3,137.71,146.8999999999735,312.55,0.0,0.0,0.0,0.0,unknown
1762155455.738705,0,0.054,0.8,0,0,3,137.47,146.7999999999735,312.4,0.0,0.0,0.0,0.0,unknown
1762155455.748772,0,0.054,0.8,2,0,3,137.4,146.6999999999735,312.3,0.0,0.0,0.0,0.0,unknown
1762155455.7588413,0,0.054,0.8,1,0,3,137.38,146.5999999999735,312.25,0.0,0.0,0.0,0.0,unknown
1762155455.7689552,0,0.054,0.8,0,0,3,137.31,146.4999999999735,312.25,0.0,0.0,0.0,0.0,unknown
1762155455.7790782,0,0.055,0.8,1,0,3,137.24,146.39999999997352,312.20000000000005,0.0,0.0,0.0,0.0,unknown
1762155455.7891512,0,0.056,0.8,2,1,3,137.17,146.29999999997352,312.1,0.0,0.0,0.0,0.0,unknown
1762155455.799224,0,0.055,0.8,0,0,3,137.1,146.19999999997353,312.05,0.0,0.0,0.0,0.0,unknown
1762155455.8093066,0,0.056,0.8,1,0,3,137.03,146.09999999997353,312.1,0.0,0.0,0.0,0.0,unknown
1762155455.81937,0,0.055,0.8,1,0,3,136.96,145.99999999997354,312.15,0.0,0.0,0.0,0.0,unknown
1762155455.8294327,0,0.054,0.8,0,0,3,136.89,145.89999999997355,312.2,0.0,0.0,0.0,0.0,unknown
1762155455.839494,0,0.054,0.8,0,1,3,136.82,145.79999999997355,312.04999999999995,0.0,0.0,0.0,0.0,unknown
1762155455.8495696,0,0.054,0.8,1,0,3,136.75,145.69999999997356,311.95000000000005,0.0,0.0,0.0,0.0,unknown
1762155455.8596456,0,0.053,0.8,0,0,3,136.68,145.59999999997356,311.79999999999995,0.0,0.0,0.0,0.0,unknown
1762155455.869713,0,0.054,0.8,1,0,3,136.61,145.49999999997357,311.8,0.0,0.0,0.0,0.0,unknown
1762155455.8797758,0,0.054,0.8,0,0,3,136.54,145.39999999997357,311.75,0.0,0.0,0.0,0.0,unknown
1762155455.8898425,0,0.053,0.8,0,0,3,136.47,145.29999999997358,311.75,0.0,0.0,0.0,0.0,unknown
1762155455.8999515,0,0.054,0.8,1,0,3,136.4,145.19999999997358,311.8,0.0,0.0,0.0,0.0,unknown
1762155455.9100254,0,0.056,0.8,1,1,3,136.33,145.0999999999736,311.9,0.0,0.0,0.0,0.0,unknown
1762155455.920148,0,0.056,0.8,0,0,3,136.26,144.9999999999736,312.0,0.0,0.0,0.0,0.0,unknown
1762155455.9302278,0,0.055,0.8,1,0,3,136.19,144.8999999999736,312.0,0.0,0.0,0.0,0.0,unknown
1762155455.940326,0,0.055,0.8,1,0,3,136.12,144.7999999999736,312.0,0.0,0.0,0.0,0.0,unknown
1762155455.950422,0,0.054,0.8,0,1,3,136.05,144.6999999999736,312.0,0.0,0.0,0.0,0.0,unknown
1762155455.960532,0,0.055,0.8,2,0,3,135.98,144.59999999997362,312.0,0.0,0.0,0.0,0.0,unknown
1762155455.970655,0,0.056,0.8,1,1,3,135.91,144.49999999997362,311.9,0.0,0.0,0.0,0.0,unknown
1762155455.9807584,0,0.056,0.8,2,0,3,135.84,144.39999999997363,311.75,0.0,0.0,0.0,0.0,unknown
1762155455.9908733,0,0.058,0.8,2,1,3,135.77,144.29999999997364,311.6,0.0,0.0,0.0,0.0,unknown
1762155456.0009747,0,0.057,0.8,0,1,3,135.7,144.19999999997364,311.4,0.0,0.0,0.0,0.0,unknown
1762155456.011082,0,0.058,0.8,1,0,3,135.63,144.09999999997365,311.15,0.0,0.0,0.0,0.0,unknown
1762155456.0211535,0,0.057,0.8,0,0,3,135.61,143.99999999997365,310.95,0.0,0.0,0.0,0.0,unknown
1762155456.0312524,0,0.056,0.8,0,0,3,135.54,143.89999999997366,310.85,0.0,0.0,0.0,0.0,unknown
1762155456.0413785,0,0.055,0.8,0,0,3,135.47,143.79999999997366,310.79999999999995,0.0,0.0,0.0,0.0,unknown
1762155456.0514684,0,0.054,0.8,0,0,3,135.4,143.69999999997367,310.65,0.0,0.0,0.0,0.0,unknown
1762155456.0615723,0,0.054,0.8,2,0,3,135.33,143.59999999997368,310.6,0.0,0.0,0.0,0.0,unknown
1762155456.0716853,0,0.054,0.8,1,0,3,135.26,143.49999999997368,310.55,0.0,0.0,0.0,0.0,unknown
1762155456.0818377,0,0.055,0.8,1,1,3,135.19,143.3999999999737,310.5,0.0,0.0,0.0,0.0,unknown
1762155456.0919356,0,0.056,0.8,0,2,3,135.12,143.2999999999737,310.5,0.0,0.0,0.0,0.0,unknown
1762155456.1020472,0,0.055,0.8,0,0,3,135.05,143.1999999999737,310.54999999999995,0.0,0.0,0.0,0.0,unknown
1762155456.112128,0,0.055,0.8,0,0,3,134.98,143.0999999999737,310.6,0.0,0.0,0.0,0.0,unknown
1762155456.1222327,0,0.055,0.8,0,0,3,134.91,142.9999999999737,310.6,0.0,0.0,0.0,0.0,unknown
1762155456.132332,0,0.056,0.8,1,0,3,134.89,142.89999999997372,310.5,0.0,0.0,0.0,0.0,unknown
1762155456.142402,0,0.053,0.8,0,0,3,134.87,142.79999999997372,310.45,0.0,0.0,0.0,0.0,unknown
1762155456.152508,0,0.051000000000000004,0.8,0,0,3,134.8,142.69999999997373,310.45000000000005,0.0,0.0,0.0,0.0,unknown
1762155456.1626112,0,0.048,0.8,0,0,3,134.73,142.59999999997373,310.45,0.0,0.0,0.0,0.0,unknown
1762155456.1726878,0,0.045,0.8,0,0,3,134.66,142.49999999997374,310.5,0.0,0.0,0.0,0.0,unknown
1762155456.182767,0,0.043000000000000003,0.8,1,0,3,134.59,142.39999999997374,310.35,0.0,0.0,0.0,0.0,unknown
1762155456.1928332,0,0.043000000000000003,0.8,0,1,3,134.52,142.29999999997375,310.2,0.0,0.0,0.0,0.0,unknown
1762155456.2029076,0,0.042,0.8,0,0,3,134.45,142.19999999997376,310.1,0.0,0.0,0.0,0.0,unknown
1762155456.2130203,0,0.042,0.8,0,0,3,134.38,142.09999999997376,310.04999999999995,0.0,0.0,0.0,0.0,unknown
1762155456.2231548,0,0.041,0.8,0,0,3,134.31,141.99999999997377,310.0,0.0,0.0,0.0,0.0,unknown
1762155456.23326,0,0.04,0.8,1,0,3,134.29,141.89999999997377,309.95,0.0,0.0,0.0,0.0,unknown
1762155456.2433524,0,0.041,0.8,0,1,3,134.22,141.79999999997378,309.85,0.0,0.0,0.0,0.0,unknown
1762155456.2534392,0,0.04,0.8,1,0,3,134.15,141.69999999997378,309.85,0.0,0.0,0.0,0.0,unknown
1762155456.2634997,0,0.04,0.8,1,0,3,134.08,141.5999999999738,309.85,0.0,0.0,0.0,0.0,unknown
1762155456.2735784,0,0.04,0.8,0,0,3,134.01,141.4999999999738,309.8,0.0,0.0,0.0,0.0,unknown
1762155456.2836494,0,0.041,0.8,1,1,3,133.94,141.3999999999738,309.75,0.0,0.0,0.0,0.0,unknown
1762155456.2937152,0,0.038,0.8,0,0,3,133.87,141.2999999999738,309.75,0.0,0.0,0.0,0.0,unknown
1762155456.303782,0,0.039,0.8,1,0,3,133.8,141.1999999999738,309.8,0.0,0.0,0.0,0.0,unknown
1762155456.3138607,0,0.039,0.8,1,0,3,133.73,141.09999999997382,309.8,0.0,0.0,0.0,0.0,unknown
1762155456.3239613,0,0.038,0.8,0,0,3,133.66,140.99999999997382,309.75,0.0,0.0,0.0,0.0,unknown
1762155456.3340292,0,0.038,0.8,0,0,3,133.59,140.89999999997383,309.75,0.0,0.0,0.0,0.0,unknown
1762155456.344125,0,0.037000000000000005,0.8,0,0,3,133.52,140.79999999997383,309.85,0.0,0.0,0.0,0.0,unknown
1762155456.3542018,0,0.037000000000000005,0.8,0,1,3,133.45,140.69999999997384,309.9,0.0,0.0,0.0,0.0,unknown
1762155456.36428,0,0.037000000000000005,0.8,0,0,3,133.38,140.59999999997385,309.9,0.0,0.0,0.0,0.0,unknown
1762155456.3743854,0,0.037000000000000005,0.8,1,0,3,133.31,140.49999999997385,309.9,0.0,0.0,0.0,0.0,unknown
1762155456.384472,0,0.038,0.8,1,0,3,133.24,140.39999999997386,309.9,0.0,0.0,0.0,0.0,unknown
1762155456.3945787,0,0.04,0.8,1,1,3,133.17,140.29999999997386,309.9,0.0,0.0,0.0,0.0,unknown
1762155456.404687,0,0.039,0.8,0,0,3,133.1,140.19999999997387,309.9,0.0,0.0,0.0,0.0,unknown
1762155456.414783,0,0.037000000000000005,0.8,0,0,3,133.03,140.09999999997387,310.0,0.0,0.0,0.0,0.0,unknown
1762155456.42491,0,0.037000000000000005,0.8,0,0,3,132.96,139.99999999997388,310.1,0.0,0.0,0.0,0.0,unknown
1762155456.4350457,0,0.036000000000000004,0.8,0,0,3,132.94,139.8999999999739,310.15,0.0,0.0,0.0,0.0,unknown
1762155456.4451742,0,0.035,0.8,0,0,3,132.87,139.7999999999739,310.1,0.0,0.0,0.0,0.0,unknown
1762155456.4553227,0,0.034,0.8,0,0,3,132.8,139.6999999999739,310.05,0.0,0.0,0.0,0.0,unknown
1762155456.4654207,0,0.033,0.8,0,1,3,132.73,139.5999999999739,310.0,0.0,0.0,0.0,0.0,unknown
1762155456.4755192,0,0.032,0.8,1,0,3,132.66,139.4999999999739,310.0,0.0,0.0,0.0,0.0,unknown
1762155456.4856389,0,0.031,0.8,1,0,3,132.59,139.39999999997391,310.0,0.0,0.0,0.0,0.0,unknown
1762155456.4957292,0,0.029,0.8,1,0,3,132.52,139.29999999997392,310.0,0.0,0.0,0.0,0.0,unknown
1762155456.505839,0,0.029,0.8,1,0,3,132.45,139.19999999997393,310.0,0.0,0.0,0.0,0.0,unknown
1762155456.5159419,0,0.028,0.8,0,0,3,132.38,139.09999999997393,309.95,0.0,0.0,0.0,0.0,unknown
1762155456.5260823,0,0.029,0.8,1,0,3,132.36,138.99999999997394,310.04999999999995,0.0,0.0,0.0,0.0,unknown
1762155456.536175,0,0.031000000000000003,0.8,2,0,3,132.34,138.89999999997394,310.1,0.0,0.0,0.0,0.0,unknown
1762155456.5462823,0,0.032,0.8,1,0,3,132.27,138.79999999997395,310.20000000000005,0.0,0.0,0.0,0.0,unknown
1762155456.5563478,0,0.037000000000000005,0.8,4,1,3,132.2,138.69999999997395,310.25,0.0,0.0,0.0,0.0,unknown
1762155456.566422,0,0.036000000000000004,0.8,1,0,3,132.01,138.59999999997396,310.25,0.0,0.0,0.0,0.0,unknown
1762155456.5765147,0,0.038,0.8,3,0,3,131.82,138.49999999997397,310.15,0.0,0.0,0.0,0.0,unknown
1762155456.5865877,0,0.039,0.8,2,1,3,131.63,138.39999999997397,310.0,0.0,0.0,0.0,0.0,unknown
1762155456.5966506,0,0.04,0.8,3,0,3,131.44,138.29999999997398,309.8,0.0,0.0,0.0,0.0,unknown
1762155456.6067216,0,0.043000000000000003,0.8,2,1,3,131.25,138.19999999997398,309.65,0.0,0.0,0.0,0.0,unknown
1762155456.6167936,0,0.045,0.8,2,0,3,131.06,138.099999999974,309.4,0.0,0.0,0.0,0.0,unknown
1762155456.6268747,0,0.048,0.8,3,0,3,130.87,137.999999999974,309.15,0.0,0.0,0.0,0.0,unknown
1762155456.63695,0,0.052,0.8,3,2,3,130.68,137.899999999974,308.9,0.0,0.0,0.0,0.0,unknown
1762155456.6470127,0,0.057,0.8,3,2,3,130.49,137.799999999974,308.7,0.0,0.0,0.0,0.0,unknown
1762155456.6571202,0,0.062,0.8,4,1,3,130.32,137.699999999974,308.54999999999995,0.0,0.0,0.0,0.0,unknown
1762155456.6671958,0,0.065,0.8,3,0,3,130.2,137.59999999997402,308.4,0.0,0.0,0.0,0.0,unknown
1762155456.6772614,0,0.068,0.8,3,0,3,130.08,137.49999999997402,308.29999999999995,0.0,0.0,0.0,0.0,unknown
1762155456.6873257,0,0.07,0.8,3,0,3,129.96,137.39999999997403,308.20000000000005,0.0,0.0,0.0,0.0,unknown
1762155456.6973858,0,0.073,0.8,4,0,3,129.77,137.29999999997403,308.15,0.0,0.0,0.0,0.0,unknown
1762155456.70746,0,0.076,0.8,3,0,3,129.6,137.19999999997404,308.1,0.0,0.0,0.0,0.0,unknown
1762155456.717528,0,0.079,0.8,3,0,3,129.48,137.09999999997405,308.1,0.0,0.0,0.0,0.0,unknown
1762155456.7275982,0,0.082,0.8,2,1,3,129.36,136.99999999997405,308.05,0.0,0.0,0.0,0.0,unknown
1762155456.7376738,0,0.083,0.8,2,0,3,129.24,136.89999999997406,308.0,0.0,0.0,0.0,0.0,unknown
1762155456.7477777,0,0.085,0.8,2,1,3,129.12,136.79999999997406,307.9,0.0,0.0,0.0,0.0,unknown
1762155456.7578382,0,0.085,0.8,1,0,3,129,136.69999999997407,307.8,0.0,0.0,0.0,0.0,unknown
1762155456.767898,0,0.08600000000000001,0.8,2,0,3,128.83,136.59999999997407,307.70000000000005,0.0,0.0,0.0,0.0,unknown
1762155456.7779756,0,0.088,0.8,2,0,3,128.71,136.49999999997408,307.5,0.0,0.0,0.0,0.0,unknown
1762155456.7880473,0,0.088,0.8,2,0,3,128.59,136.39999999997409,307.35,0.0,0.0,0.0,0.0,unknown
1762155456.798118,0,0.09,0.8,2,0,3,128.47,136.2999999999741,307.3,0.0,0.0,0.0,0.0,unknown
1762155456.808185,0,0.091,0.8,2,0,3,128.35,136.1999999999741,307.25,0.0,0.0,0.0,0.0,unknown
1762155456.8182578,0,0.093,0.8,3,0,3,128.23,136.0999999999741,307.20000000000005,0.0,0.0,0.0,0.0,unknown
1762155456.8283458,0,0.096,0.8,3,0,3,128.11,135.9999999999741,307.15,0.0,0.0,0.0,0.0,unknown
1762155456.8384173,0,0.098,0.8,2,0,3,127.99,135.8999999999741,307.1,0.0,0.0,0.0,0.0,unknown
1762155456.848501,0,0.101,0.8,3,0,3,127.87,135.79999999997412,307.2,None,None,None,0.0,unknown
1762155456.8586054,0,0.103,0.8,2,1,3,127.75,135.69999999997412,307.29999999999995,None,None,None,0.0,unknown
1762155456.8686824,0,0.105,0.8,2,0,3,127.63,135.59999999997413,307.45000000000005,None,None,None,0.0,unknown
1762155456.8787634,0,0.108,0.8,2,2,3,127.51,135.49999999997414,307.5,None,None,None,0.0,unknown
1762155456.8888373,0,0.109,0.8,2,0,3,127.39,135.39999999997414,307.6,None,None,None,0.0,unknown
1762155456.898948,0,0.109,0.8,2,0,3,127.27,135.29999999997415,307.65,None,None,None,0.0,unknown
1762155456.9090729,0,0.112,0.8,3,0,3,127.15,135.19999999997415,307.65,None,None,None,0.0,unknown
1762155456.91917,0,0.113,0.8,1,0,3,127.03,135.09999999997416,307.55,None,None,None,0.0,unknown
1762155456.9292588,0,0.115,0.8,2,0,3,126.91,134.99999999997416,307.45,None,None,None,0.0,unknown
1762155456.9393337,0,0.117,0.8,2,0,3,126.79,134.89999999997417,307.35,None,None,None,0.0,unknown
1762155456.9494178,0,0.119,0.8,2,0,3,126.67,134.79999999997418,307.25,None,None,None,0.0,unknown
1762155456.9595203,0,0.122,0.8,3,0,3,126.55,134.69999999997418,307.15,None,None,None,0.0,unknown
1762155456.9696229,0,0.125,0.8,4,0,3,126.43,134.5999999999742,307.05,None,None,None,0.0,unknown
1762155456.9797182,0,0.126,0.8,2,0,3,126.31,134.4999999999742,307.0,None,None,None,0.0,unknown
1762155456.9897847,0,0.127,0.8,2,0,3,126.19,134.3999999999742,306.95000000000005,None,None,None,0.0,unknown
1762155456.9998724,0,0.129,0.8,3,0,3,126.07,134.2999999999742,306.9,None,None,None,0.0,unknown
1762155457.0099533,0,0.131,0.8,3,0,3,125.95,134.1999999999742,306.95,None,None,None,0.0,unknown
1762155457.0200734,0,0.135,0.8,3,1,3,125.83,134.09999999997422,307.05,None,None,None,0.0,unknown
1762155457.0301414,0,0.136,0.8,2,0,3,125.66,133.99999999997422,307.1,None,None,None,0.0,unknown
1762155457.040212,0,0.136,0.8,2,0,3,125.54,133.89999999997423,307.0,None,None,None,0.0,unknown
1762155457.0503237,0,0.137,0.8,2,0,3,125.42,133.79999999997423,306.85,None,None,None,0.0,unknown
1762155457.0603936,0,0.134,0.8,1,1,3,125.3,133.69999999997424,306.7,None,None,None,0.0,unknown
1762155457.070465,0,0.134,0.8,1,0,3,125.18,133.59999999997424,306.6,None,None,None,0.0,unknown
1762155457.0805354,0,0.132,0.8,1,0,3,125.06,133.49999999997425,306.6,None,None,None,0.0,unknown
1762155457.0906117,0,0.132,0.8,3,0,3,124.94,133.39999999997426,306.65,None,None,None,0.0,unknown
1762155457.1007261,0,0.132,0.8,3,0,3,124.82,133.29999999997426,306.7,None,None,None,0.0,unknown
1762155457.1108012,0,0.131,0.8,1,1,3,124.7,133.19999999997427,306.6,None,None,None,0.0,unknown
1762155457.1208627,0,0.132,0.8,3,0,3,124.58,133.09999999997427,306.45000000000005,None,None,None,0.0,unknown
1762155457.1309383,0,0.131,0.8,2,0,3,124.46,132.99999999997428,306.35,None,None,None,0.0,unknown
1762155457.141064,0,0.128,0.8,2,0,3,124.29,132.89999999997428,306.35,None,None,None,0.0,unknown
1762155457.1511467,0,0.125,0.8,2,0,3,124.12,132.7999999999743,306.25,None,None,None,0.0,unknown
1762155457.1612678,0,0.124,0.8,3,1,3,124,132.6999999999743,306.1,None,None,None,0.0,unknown
1762155457.1713336,0,0.125,0.8,3,1,3,123.88,132.5999999999743,305.95,None,None,None,0.0,unknown
1762155457.1814418,0,0.126,0.8,3,1,3,123.76,132.4999999999743,305.8,None,None,None,0.0,unknown
1762155457.1915998,0,0.125,0.8,2,0,3,123.64,132.3999999999743,305.8,None,None,None,0.0,unknown
1762155457.201775,0,0.123,0.8,2,0,3,123.52,132.29999999997432,305.85,None,None,None,0.0,unknown
1762155457.2119703,0,0.122,0.8,2,0,3,123.4,132.19999999997432,305.79999999999995,None,None,None,0.0,unknown
1762155457.2220898,0,0.121,0.8,2,0,3,123.28,132.09999999997433,305.7,None,None,None,0.0,unknown
1762155457.2321937,0,0.12000000000000001,0.8,2,0,3,123.16,131.99999999997434,305.6,None,None,None,0.0,unknown
1762155457.2423122,0,0.12000000000000001,0.8,2,0,3,122.99,131.89999999997434,305.54999999999995,None,None,None,0.0,unknown
1762155457.2524095,0,0.12000000000000001,0.8,3,0,3,122.87,131.79999999997435,305.54999999999995,None,None,None,0.0,unknown
1762155457.2625346,0,0.122,0.8,2,1,3,122.75,131.69999999997435,305.5,None,None,None,0.0,unknown
1762155457.272656,0,0.122,0.8,2,0,3,122.63,131.59999999997436,305.4,None,None,None,0.0,unknown
1762155457.282728,0,0.123,0.8,2,1,3,122.51,131.49999999997436,305.35,None,None,None,0.0,unknown
1762155457.2928078,0,0.124,0.8,2,1,3,122.39,131.39999999997437,305.3,None,None,None,0.0,unknown
1762155457.3029149,0,0.124,0.8,1,1,3,122.27,131.29999999997437,305.2,None,None,None,0.0,unknown
1762155457.3130348,0,0.125,0.8,3,0,3,122.15,131.19999999997438,305.1,None,None,None,0.0,unknown
1762155457.3231535,0,0.125,0.8,3,0,3,122.03,131.0999999999744,304.95,None,None,None,0.0,unknown
1762155457.3332546,0,0.124,0.8,2,0,3,121.91,130.9999999999744,304.85,None,None,None,0.0,unknown
1762155457.3433502,0,0.124,0.8,2,0,3,121.79,130.8999999999744,304.70000000000005,None,None,None,0.0,unknown
1762155457.353436,0,0.124,0.8,2,1,3,121.67,130.7999999999744,304.5,None,None,None,0.0,unknown
1762155457.363542,0,0.124,0.8,3,0,3,121.55,130.6999999999744,304.35,None,None,None,0.0,unknown
1762155457.3736203,0,0.124,0.8,2,0,3,121.43,130.59999999997441,304.25,None,None,None,0.0,unknown
1762155457.3836994,0,0.122,0.8,2,0,3,121.31,130.49999999997442,304.2,None,None,None,0.0,unknown
1762155457.3937743,0,0.122,0.8,2,0,3,121.19,130.39999999997443,304.15,None,None,None,0.0,unknown
1762155457.4038794,0,0.122,0.8,2,0,3,121.07,130.29999999997443,304.1,None,None,None,0.0,unknown
1762155457.4140015,0,0.12000000000000001,0.8,1,0,3,120.95,130.19999999997444,303.95000000000005,None,None,None,0.0,unknown
1762155457.4241161,0,0.12000000000000001,0.8,1,0,3,120.83,130.09999999997444,303.75,None,None,None,0.0,unknown
1762155457.4341998,0,0.11900000000000001,0.8,1,0,3,120.71,129.99999999997445,303.54999999999995,None,None,None,0.0,unknown
1762155457.44428,0,0.11800000000000001,0.8,1,0,3,120.54,129.89999999997445,303.35,None,None,None,0.0,unknown
1762155457.4543595,0,0.117,0.8,1,0,3,120.42,129.79999999997446,303.25,None,None,None,0.0,unknown
1762155457.4644437,0,0.117,0.8,2,1,3,120.3,129.69999999997447,303.1,None,None,None,0.0,unknown
1762155457.4745104,0,0.114,0.8,1,0,3,120.18,129.59999999997447,302.95,None,None,None,0.0,unknown
1762155457.4846234,0,0.113,0.8,1,0,3,120.06,129.49999999997448,302.75,None,None,None,0.0,unknown
1762155457.4946973,0,0.115,0.8,3,1,3,119.94,129.39999999997448,302.55,None,None,None,0.0,unknown
1762155457.504766,0,0.114,0.8,2,0,3,119.82,129.2999999999745,302.4,None,None,None,0.0,unknown
1762155457.51483,0,0.113,0.8,2,0,3,119.7,129.1999999999745,302.25,None,None,None,0.0,unknown
1762155457.524905,0,0.112,0.8,3,0,3,119.58,129.0999999999745,302.15,None,None,None,0.0,unknown
1762155457.5350218,0,0.113,0.8,1,2,3,119.41,128.9999999999745,301.95000000000005,None,None,None,0.0,unknown
1762155457.5451424,0,0.115,0.8,3,1,3,119.24,128.8999999999745,301.75,None,None,None,0.0,unknown
1762155457.5552063,0,0.11900000000000001,0.8,5,1,3,119.12,128.79999999997452,301.6,None,None,None,0.0,unknown
1762155457.56531,0,0.122,0.8,4,1,3,118.91,128.69999999997452,301.4,None,None,None,0.0,unknown
1762155457.5754135,0,0.126,0.8,4,1,3,118.82,128.59999999997453,301.25,None,None,None,0.0,unknown
1762155457.5855277,0,0.129,0.8,3,1,3,118.68,128.49999999997453,301.05,None,None,None,0.0,unknown
1762155457.595605,0,0.13,0.8,4,0,3,118.59,128.39999999997454,300.9,None,None,None,0.0,unknown
1762155457.605671,0,0.13,0.8,3,0,3,118.45,128.29999999997455,300.85,None,None,None,0.0,unknown
1762155457.6157775,0,0.132,0.8,3,1,3,118.31,128.19999999997455,300.75,None,None,None,0.0,unknown
1762155457.6258419,0,0.132,0.8,2,1,3,118.22,128.09999999997456,300.7,None,None,None,0.0,unknown
1762155457.635905,0,0.133,0.8,3,0,3,118.13,127.99999999997456,300.65,None,None,None,0.0,unknown
1762155457.6459973,0,0.135,0.8,3,1,3,118.04,127.89999999997457,300.6,None,None,None,0.0,unknown
1762155457.6561131,0,0.136,0.8,3,0,3,117.9,127.79999999997457,300.54999999999995,None,None,None,0.0,unknown
1762155457.6661854,0,0.136,0.8,3,1,3,117.81,127.69999999997458,300.45000000000005,None,None,None,0.0,unknown
1762155457.6762798,0,0.137,0.8,4,1,3,117.72,127.59999999997459,300.35,None,None,None,0.0,unknown
1762155457.6863492,0,0.138,0.8,4,1,3,117.58,127.49999999997459,300.29999999999995,None,None,None,0.0,unknown
1762155457.6964602,0,0.14,0.8,3,1,3,117.49,127.3999999999746,300.25,None,None,None,0.0,unknown
1762155457.7065752,0,0.14100000000000001,0.8,3,0,3,117.35,127.2999999999746,300.25,None,None,None,0.0,unknown
1762155457.7166905,0,0.144,0.8,4,1,3,117.26,127.19999999997461,300.2,None,None,None,0.0,unknown
1762155457.7267826,0,0.146,0.8,4,0,3,117.17,127.09999999997461,300.1,None,None,None,0.0,unknown
1762155457.7368753,0,0.15,0.8,5,1,3,117.03,126.99999999997462,300.0,None,None,None,117.03,unknown
1762155457.7469811,0,0.151,0.8,3,0,3,116.94,126.89999999997463,299.9,None,None,None,117.03,unknown
1762155457.7572076,0,0.152,0.8,4,0,3,116.85,126.79999999997463,299.8,0.0,None,0.15125,117.03,unknown
1762155457.7673454,0,0.152,0.8,3,0,3,116.76,126.69999999997464,299.8,0.07492432169055721,-0.006253433370273865,0.0767006783094428,117.03,overripe
1762155457.7774525,0,0.154,0.8,4,0,3,116.67,126.59999999997464,299.85,0.044016354135015166,None,0.10879614586498484,117.03,unknown
1762155457.7875779,0,0.157,0.8,5,1,3,116.58,126.49999999997465,299.85,0.022959764868903287,None,0.13194648513109675,117.03,unknown
1762155457.797718,0,0.157,0.8,3,0,3,116.49,126.39999999997465,299.79999999999995,0.010163396077333037,None,0.14578972892266698,117.03,unknown
1762155457.8078728,0,0.157,0.8,2,0,3,116.4,126.29999999997466,299.65,0.002829194537425249,None,0.15364736796257478,117.03,unknown
1762155457.8179715,0,0.157,0.8,3,0,3,116.31,126.19999999997466,299.6,-0.0013214084476396981,None,0.1580596896976397,117.03,unknown
1762155457.8280697,0,0.157,0.8,3,0,3,116.22,126.09999999997467,299.55,-0.003737072220495529,None,0.16060621284549553,117.03,unknown
1762155457.838156,0,0.159,0.8,4,0,3,116.13,125.99999999997468,299.5,-0.005233247952054028,None,0.16316781826455404,117.03,unknown
1762155457.8482437,0,0.161,0.8,3,1,3,116.04,125.89999999997468,299.4,-0.0062399224425114235,None,0.16570720759876145,117.03,unknown
1762155457.8583593,0,0.16,0.8,2,0,3,115.9,125.79999999997469,299.25,-0.007156260327769285,None,0.16688990290589428,117.03,unknown
1762155457.8684838,0,0.16,0.8,3,0,3,115.81,125.6999999999747,299.1,-0.0078067651413744775,None,0.16767358643043698,117.03,unknown
1762155457.8785977,0,0.16,0.8,2,0,3,115.72,125.5999999999747,298.95,-0.008292102618732014,None,0.16822551326326327,117.03,unknown
1762155457.8886817,0,0.16,0.8,2,0,3,115.58,125.4999999999747,298.8,-0.00882535037063621,None,0.16879205569290184,117.03,unknown
1762155457.8987565,0,0.161,0.8,3,0,3,115.49,125.39999999997471,298.65,-0.0091605514399938,None,0.16964390410112665,117.03,unknown
1762155457.9088588,0,0.162,0.8,3,0,3,115.4,125.29999999997472,298.45000000000005,-0.009351710525164722,None,0.17059338685573114,117.03,unknown
1762155457.9189768,0,0.164,0.8,3,0,3,115.26,125.19999999997472,298.3,-0.009566212900917899,None,0.1721870510662011,117.03,unknown
1762155457.929068,0,0.167,0.8,4,0,3,115.12,125.09999999997473,298.15,-0.009706042750294573,None,0.17451646183293618,117.03,unknown
1762155457.9391391,0,0.168,0.8,2,0,3,115.03,124.99999999997473,298.05,-0.009584333999578098,None,0.1759895435408989,117.03,unknown
1762155457.9492004,0,0.17,0.8,3,0,3,114.94,124.89999999997474,297.95,-0.00926636093201396,None,0.17746896570267437,117.03,unknown
1762155457.9592946,0,0.17300000000000001,0.8,3,1,3,114.85,124.79999999997474,297.85,-0.008777412856073844,None,0.17937871524140406,117.03,unknown
1762155457.9693997,0,0.174,0.8,3,1,3,114.76,124.69999999997475,297.75,-0.008121907096262263,None,0.18042255828892736,117.03,unknown
1762155457.979511,0,0.177,0.8,3,1,3,114.67,124.59999999997476,297.70000000000005,-0.007302633762196531,None,0.18195295935852906,117.03,unknown
1762155457.9895847,0,0.18,0.8,3,1,3,114.58,124.49999999997476,297.65,-0.006310166448995931,None,0.1836353292471622,117.03,unknown
1762155457.9996514,0,0.179,0.8,3,0,3,114.49,124.39999999997477,297.54999999999995,-0.0051343845204842005,None,0.18329696591956735,117.03,unknown
1762155458.0097146,0,0.181,0.8,4,0,3,114.35,124.29999999997477,297.4,-0.003819185332391412,None,0.183400476031933,117.03,unknown
1762155458.0197773,0,0.182,0.8,3,0,3,114.21,124.19999999997478,297.2,-0.002278170799583563,None,0.18306881614935436,117.03,unknown
1762155458.0298376,0,0.182,0.8,3,0,3,114.12,124.09999999997478,297.1,-0.00046389732177657815,None,0.18185921999666196,117.03,unknown
1762155458.0398989,0,0.181,0.8,2,0,3,114.03,123.99999999997479,297.1,0.001578670294101557,None,0.17961899104334114,117.03,unknown
1762155458.0500026,0,0.18,0.8,3,0,3,113.94,123.8999999999748,297.1,0.0038229301271981266,None,0.17677590054152323,117.03,unknown
1762155458.0600667,0,0.176,0.8,2,0,3,113.8,123.7999999999748,297.1,0.00630572535978673,None,0.17199368997457393,117.03,unknown
1762155458.0701504,0,0.174,0.8,3,0,3,113.71,123.6999999999748,297.15,0.008968573942232034,None,0.1671811337249483,117.03,unknown
1762155458.0802648,0,0.17300000000000001,0.8,4,0,3,113.62,123.59999999997481,297.15,0.011789803157900356,None,0.16278505067568982,117.03,unknown
1762155458.0903358,0,0.171,0.8,2,0,3,113.48,123.49999999997482,297.0,0.014872956723631793,None,0.15791447019316332,117.03,unknown
1762155458.1003993,0,0.17,0.8,3,0,3,113.34,123.39999999997482,296.79999999999995,0.018216610352593032,None,0.1531771031058045,117.03,unknown
1762155458.1104605,0,0.171,0.8,4,0,3,113.25,123.29999999997483,296.55,0.021670323578415973,None,0.1495265331507828,117.03,unknown
1762155458.1205225,0,0.17,0.8,3,0,3,113.16,123.19999999997484,296.45,0.02525127749285726,None,0.1453471508717421,117.03,unknown
1762155458.1306357,0,0.17200000000000001,0.8,5,0,3,113.02,123.09999999997484,296.4,0.029134792553541077,None,0.14216442162875864,117.03,unknown
1762155458.1407022,0,0.17300000000000001,0.8,4,0,3,112.93,122.99999999997485,296.29999999999995,0.03310756916136492,None,0.13904203792978492,117.03,unknown
1762155458.1507661,0,0.17300000000000001,0.8,3,1,3,112.84,122.89999999997485,296.20000000000005,0.037184431553209815,None,0.1353903719923651,117.03,unknown
1762155458.160832,0,0.17200000000000001,0.8,2,0,3,112.75,122.79999999997486,296.15,0.04135812658830957,None,0.1309292751844779,117.03,unknown
1762155458.1709194,0,0.171,0.8,2,1,3,112.66,122.69999999997486,296.1,0.045606946388435855,None,0.1260367544979579,117.03,unknown
1762155458.1810358,0,0.169,0.8,3,0,3,112.52,122.59999999997487,296.0,0.05019847136725701,None,0.12012337907593985,117.03,unknown
1762155458.1911416,0,0.168,0.8,3,1,3,112.43,122.49999999997488,295.85,0.054712082850935075,None,0.11444884237066336,117.03,unknown
1762155458.2012482,0,0.167,0.8,3,0,3,112.34,122.39999999997488,295.7,0.05918210440719799,None,0.10889835820360125,117.03,unknown
1762155458.2113533,0,0.167,0.8,3,0,3,112.2,122.29999999997489,295.5,0.06396092566569565,None,0.10357930563970398,117.03,unknown
1762155458.2214732,0,0.165,0.8,2,1,3,112.06,122.19999999997489,295.5,0.06894242770469121,0.014877953695154314,0.09732768794800863,117.03,ripe
1762155458.231582,0,0.163,0.8,2,0,3,111.97,122.0999999999749,295.55,0.07365241039031989,0.015478312817537454,0.09098264743603002,117.03,ripe
1762155458.241691,0,0.159,0.8,2,0,3,111.83,121.9999999999749,295.6,0.078555839292476,0.01603361332812969,0.08326168962069896,117.03,ripe
1762155458.2517905,0,0.158,0.8,2,0,3,111.74,121.89999999997491,295.6,0.08309596296530483,0.016548862691984714,0.07681280149128264,117.03,ripe
1762155458.2619154,0,0.157,0.8,3,0,3,111.6,121.79999999997491,295.6,0.08781331191518985,0.01702617384715561,0.07064107031310388,117.03,ripe
1762155458.2720497,0,0.158,0.8,3,1,3,111.51,121.69999999997492,295.5,0.09216527504692905,0.017473783266543426,0.0660619160672178,117.03,ripe
1762155458.2821608,0,0.156,0.8,2,0,3,111.42,121.59999999997493,295.45000000000005,0.09630808860361074,0.017885841712157402,0.06080550695346269,117.03,ripe
1762155458.292261,0,0.154,0.8,3,1,3,111.33,121.49999999997493,295.35,0.1002642389497834,0.018259972653448916,0.05529255882875331,117.03,ripe
1762155458.3023827,0,0.154,0.8,2,1,3,111.19,121.39999999997494,295.25,0.10449988901558974,0.018600629710395628,0.05027850987367863,117.03,ripe
1762155458.3125036,0,0.155,0.8,2,1,3,111.1,121.29999999997494,295.2,0.10837558372279323,0.01891513052643332,0.04651361572184097,117.03,ripe
1762155458.322614,0,0.154,0.8,1,1,3,111.01,121.19999999997495,295.15,0.11203854591864848,0.01920070499067261,0.04240605380366863,117.03,ripe
1762155458.3327386,0,0.153,0.8,2,0,3,110.92,121.09999999997495,295.1,0.11552318739672554,0.019456590909036002,0.038199112464433,117.03,ripe
1762155458.3428326,0,0.151,0.8,2,0,3,110.83,120.99999999997496,295.1,0.11884680862886006,0.01967970990970445,0.033514341301719194,117.03,ripe
1762155458.3529365,0,0.15,0.8,3,0,3,110.74,120.89999999997497,295.15,0.12199753153216543,0.019872660609159223,0.02918304343312421,117.03,ripe
1762155458.3630161,0,0.153,0.8,4,1,3,110.65,120.79999999997497,295.2,0.12499061855713728,0.02005050349388273,0.027099668925507525,117.03,ripe
1762155458.373132,0,0.153,0.8,3,0,3,110.56,120.69999999997498,295.25,0.127917966292807,0.020210836232132694,0.02462717744851539,117.03,ripe
1762155458.3832228,0,0.153,0.8,2,0,3,110.42,120.59999999997498,295.2,0.13126724135217513,0.0203501595504312,0.02150533051848605,117.03,ripe
1762155458.3933108,0,0.153,0.8,2,0,3,110.33,120.49999999997499,295.1,0.13425910027025015,0.020469937326065762,0.018627185665080453,117.03,ripe
1762155458.4033754,0,0.152,0.8,2,0,3,110.24,120.399999999975,294.95,0.13702010112389787,0.020568232158385092,0.015423041843767443,117.03,ripe
1762155458.413488,0,0.151,0.8,2,0,3,110.1,120.299999999975,294.85,0.1401079542067083,0.02064177662028613,0.011613617277124344,117.03,ripe
1762155458.4235537,0,0.151,0.8,3,0,3,110.01,120.199999999975,294.8,0.14275710039457212,0.02069577176288072,0.008603685347344181,117.03,ripe
1762155458.4336638,0,0.15,0.8,3,0,3,109.92,120.09999999997501,294.85,0.14513873215141013,0.020730190447286096,0.005541660719548008,117.03,ripe
1762155458.4437404,0,0.15,0.8,2,0,3,109.83,119.99999999997502,294.85,0.14731874020806776,0.020748747790643954,0.0030214562274113177,117.03,ripe
1762155458.4538398,0,0.15,0.8,3,0,3,109.69,119.89999999997502,294.85,0.14987321321565353,0.020750555805161417,0.0002968850020859948,117.03,ripe
1762155458.463934,0,0.149,0.8,3,0,3,109.6,119.79999999997503,294.85,None,None,None,117.03,unknown
1762155458.4740646,0,0.148,0.8,3,0,3,109.46,119.69999999997503,294.85,None,None,None,117.03,unknown
1762155458.4841392,0,0.148,0.8,4,0,3,109.37,119.59999999997504,294.85,None,None,None,117.03,unknown
1762155458.494213,0,0.148,0.8,4,0,3,109.28,119.49999999997505,294.85,None,None,None,117.03,unknown
1762155458.5042791,0,0.149,0.8,3,1,3,109.19,119.39999999997505,294.85,None,None,None,117.03,unknown
1762155458.5143902,0,0.148,0.8,3,0,3,109.1,119.29999999997506,294.85,None,None,None,117.03,unknown
1762155458.5244539,0,0.147,0.8,2,0,3,109.01,119.19999999997506,294.85,None,None,None,117.03,unknown
1762155458.5345159,0,0.147,0.8,3,0,3,108.92,119.09999999997507,294.9,None,None,None,117.03,unknown
1762155458.5445886,0,0.148,0.8,3,0,3,108.78,118.99999999997507,295.0,None,None,None,117.03,unknown
1762155458.554654,0,0.148,0.8,3,0,3,108.64,118.89999999997508,295.1,None,None,None,117.03,unknown
1762155458.5647264,0,0.15,0.8,4,0,3,108.55,118.79999999997509,295.1,None,None,None,117.03,unknown
1762155458.574808,0,0.151,0.8,4,0,3,108.5,118.69999999997509,295.1,None,None,None,117.03,unknown
1762155458.5848858,0,0.15,0.8,3,0,3,108.45,118.5999999999751,295.1,0.17400181792973232,0.02058912749721152,-0.02373055565251489,117.03,ripe
1762155458.594953,0,0.151,0.8,3,0,3,108.45,118.4999999999751,295.15,0.1746514450438669,0.020429970527372637,-0.02401581390525817,117.03,ripe
1762155458.6050186,0,0.152,0.8,4,0,3,108.45,118.39999999997511,295.20000000000005,0.17429525546462407,0.02028226654692071,-0.022977439895319723,117.03,ripe
1762155458.615081,0,0.151,0.8,3,0,3,108.57,118.29999999997511,295.15,0.1723115579535181,0.02015136228504162,-0.021152650168865916,117.03,ripe
1762155458.6251774,0,0.151,0.8,3,0,3,108.69,118.19999999997512,295.15,0.16963089963056407,0.02004109392150812,-0.018551445738237998,117.03,ripe
1762155458.6353629,0,0.149,0.8,3,0,3,108.76,118.09999999997513,295.15,None,None,None,117.03,unknown
1762155458.6454852,0,0.15,0.8,5,0,3,108.76,117.99999999997513,295.1,None,None,None,117.03,unknown
1762155458.6555915,0,0.155,0.8,7,2,3,108.76,117.89999999997514,294.95,None,None,None,117.03,unknown
1762155458.6656919,0,0.163,0.8,8,2,3,108.81,117.79999999997514,294.85,0.16560917334514005,0.019997260363197697,-0.007724241608599275,117.03,ripe
1762155458.67581,0,0.169,0.8,7,2,3,108.81,117.69999999997515,294.75,0.1648122179050628,0.019989708962152044,-0.001369752036792432,117.03,ripe
1762155458.685914,0,0.175,0.8,7,2,3,108.81,117.59999999997515,294.7,0.164532694445463,0.02001488526051809,0.004688538488672178,117.03,ripe
1762155458.696073,0,0.179,0.8,7,1,3,108.86,117.49999999997516,294.5,0.16413076493055764,0.02006703164108025,0.00997985153650996,117.03,ripe
1762155458.7061663,0,0.186,0.8,8,2,3,108.86,117.39999999997517,294.35,0.16425301822034746,0.020147619486898753,0.015802290013186338,117.03,ripe
1762155458.7162845,0,0.193,0.8,8,2,3,108.91,117.29999999997517,294.25,0.16425565874923787,0.020258377364127826,0.02227199536752905,117.03,ripe
1762155458.7264059,0,0.199,0.8,7,2,3,108.91,117.19999999997518,294.2,0.16482832429202163,0.02039425261580139,0.027935502766361836,117.03,ripe
1762155458.736504,0,0.20500000000000002,0.8,6,2,3,108.91,117.09999999997518,294.15,0.16576758896819857,0.020552078917248057,0.03311432456099317,117.03,ripe
1762155458.746608,0,0.21,0.8,7,0,3,108.91,116.99999999997519,294.1,0.16696665298663307,0.0207273186460407,0.03747430377796279,117.03,ripe
1762155458.75672,0,0.213,0.8,5,0,3,108.86,116.8999999999752,294.0,0.16886625360797944,0.020910872598437883,0.03985422477431849,117.03,ripe
1762155458.766812,0,0.218,0.8,7,1,3,108.86,116.7999999999752,293.95,0.17060175188547677,0.021104663865528596,0.042758487305672194,117.03,ripe
1762155458.7769136,0,0.221,0.8,6,1,3,108.86,116.6999999999752,293.85,0.17230395270296478,0.021304788265807225,0.044876166892609703,117.03,ripe
1762155458.78702,0,0.225,0.8,6,0,3,108.81,116.59999999997521,293.75,0.17453158989318768,0.021509710179376137,0.04655846990459955,117.03,ripe
1762155458.7971206,0,0.228,0.8,6,1,3,108.81,116.49999999997522,293.7,0.1765100772367107,0.02171811835758214,0.04803495266218294,117.03,ripe
1762155458.8072402,0,0.232,0.8,6,1,3,108.81,116.39999999997522,293.65,0.17837161058373927,0.021931464285520983,0.04990090436570757,117.03,ripe
1762155458.817328,0,0.238,0.8,7,2,3,108.81,116.29999999997523,293.65,0.18020023201880045,0.022154504880403422,0.052936025455922964,117.03,ripe
1762155458.827415,0,0.244,0.8,6,2,3,108.81,116.19999999997523,293.55,0.18207143940058465,0.02238916439714219,0.05649668933677707,117.03,ripe
1762155458.8375058,0,0.252,0.8,8,2,3,108.81,116.09999999997524,293.55,0.18401943161077938,0.022640105803130955,0.06126463275790148,117.03,ripe
1762155458.847641,0,0.256,0.8,5,1,3,108.81,115.99999999997524,293.5,0.18609181055677382,0.022900953459200204,0.06455022162756663,117.03,ripe
1762155458.857753,0,0.261,0.8,6,2,3,108.81,115.89999999997525,293.45000000000005,0.18824085106614533,0.023170489885059195,0.0675801650260249,117.03,ripe
1762155458.867849,0,0.264,0.8,5,3,3,108.81,115.79999999997526,293.4,0.19045890432701668,0.023443997331048655,0.06945160371906844,117.03,ripe
1762155458.8779707,0,0.27,0.8,7,2,3,108.81,115.69999999997526,293.25,0.19270838190901135,0.023725037904150256,0.07224687211403119,117.03,ripe
1762155458.8880787,0,0.276,0.8,6,2,3,108.81,115.59999999997527,293.05,0.19501916584691956,0.024015098821794156,0.07545846116460173,117.03,ripe
1762155458.898195,0,0.28200000000000003,0.8,7,1,3,108.86,115.49999999997527,292.85,0.19680340803470622,0.024316085922629266,0.0794354054710544,117.03,ripe
1762155458.908278,0,0.287,0.8,7,0,3,108.81,115.39999999997528,292.75,0.1995741097570371,0.02462400440111834,0.08204529699584323,117.03,ripe
1762155458.91838,0,0.295,0.8,8,2,3,108.81,115.29999999997528,292.75,0.20225533237563592,0.024943745954427058,0.08605437100080421,117.03,ripe
1762155458.9284806,0,0.301,0.8,7,2,3,108.86,115.19999999997529,292.75,0.20433600645949618,0.025275008107776106,0.09031884522872385,117.03,ripe
1762155458.9385872,0,0.307,0.8,7,2,3,108.86,115.0999999999753,292.75,0.20677324014449747,0.025616110678315797,0.09405418569961257,117.03,ripe
1762155458.9486883,0,0.314,0.8,8,1,3,108.81,114.9999999999753,292.7,0.21006410422040453,0.025966569073135624,0.09734960870165046,117.03,ripe
1762155458.9587753,0,0.319,0.8,7,1,3,108.76,114.89999999997531,292.75,0.21384077671054655,0.026322326655781974,0.09936607975048098,117.03,ripe
1762155458.9688768,0,0.324,0.8,7,1,3,108.76,114.79999999997531,292.75,0.2172280825759968,0.02668258238362558,0.101375345654517,117.03,ripe
1762155458.9790087,0,0.33,0.8,7,2,3,108.76,114.69999999997532,292.7,0.2204330457308883,0.02704865032645215,0.10386866838436859,117.03,ripe
1762155458.9891055,0,0.335,0.8,6,3,3,108.76,114.59999999997532,292.5,0.22357479207657874,0.027419304432968014,0.10607606498104968,117.03,ripe
1762155458.9992294,0,0.341,0.8,7,3,3,108.71,114.49999999997533,292.29999999999995,0.2273835518285992,0.027794315834279257,0.10794187670021499,117.03,ripe
1762155459.0092983,0,0.34600000000000003,0.8,7,2,3,108.71,114.39999999997534,292.20000000000005,0.23087108214729327,0.0281730061850325,0.10979163211711382,117.03,ripe
1762155459.0194173,0,0.351,0.8,6,2,3,108.76,114.29999999997534,292.20000000000005,0.23350370098245898,0.0285563267683463,0.11232765614974455,117.03,ripe
1762155459.029548,0,0.357,0.8,6,2,3,108.81,114.19999999997535,292.25,0.23570687363862608,0.028946420073993485,0.1157088049274757,117.03,ripe
1762155459.0396342,0,0.361,0.8,6,1,3,108.81,114.09999999997535,292.25,0.23843315856207495,0.029339625284839802,0.11777468072097594,117.03,ripe
1762155459.0497303,0,0.364,0.8,6,0,3,108.81,113.99999999997536,292.15,0.24142186502615745,0.029732525194527855,0.11868205461536799,117.03,ripe
1762155459.059841,0,0.368,0.8,6,1,3,108.81,113.89999999997536,292.1,0.24452810459385546,0.030125174919024868,0.11952385522690726,117.03,ripe
1762155459.0699449,0,0.373,0.8,7,2,3,108.86,113.79999999997537,292.0,0.24694001912679153,0.030520576791410597,0.12158596078358985,117.03,ripe
1762155459.0800529,0,0.376,0.8,6,1,3,108.86,113.69999999997538,291.9,0.24976714632044014,0.030915682841193205,0.12249584363475055,117.03,ripe
1762155459.0901606,0,0.38,0.8,6,1,3,108.86,113.59999999997538,291.85,0.25279082573104955,0.03131067509104062,0.1233406692465458,117.03,ripe
1762155459.100267,0,0.386,0.8,6,3,3,108.86,113.49999999997539,291.85,0.2559144035427043,0.03170884537349333,0.1251513439460934,117.03,ripe
1762155459.1103716,0,0.389,0.8,7,0,3,108.86,113.39999999997539,291.75,0.2591150359097596,0.03210698512306919,0.12591783783463928,117.03,ripe
1762155459.12046,0,0.394,0.8,7,1,3,108.86,113.2999999999754,291.65,0.26234129062568123,0.03250672704821919,0.1271751462465182,117.03,ripe
1762155459.1305609,0,0.401,0.8,9,1,3,108.86,113.1999999999754,291.45000000000005,0.2655937405312858,0.03291197050232842,0.12966447790481395,117.03,ripe
1762155459.1406748,0,0.40700000000000003,0.8,7,2,3,108.86,113.09999999997541,291.25,0.26889777517493585,0.0333229511678145,0.13223133404311405,117.03,ripe
1762155459.150767,0,0.41000000000000003,0.8,6,2,3,108.86,112.99999999997542,291.2,0.27225204268316605,0.03373506439834045,0.1333125119258589,117.03,ripe
1762155459.1608841,0,0.40900000000000003,0.8,6,2,3,108.86,112.89999999997542,291.15,0.2756172637938509,0.03413995385166894,0.13166501351066162,117.03,ripe
1762155459.1709995,0,0.40700000000000003,0.8,6,2,3,108.86,112.79999999997543,291.1,0.27892432752561613,0.03453222829289859,0.12821681112664013,117.03,ripe
1762155459.1811202,0,0.406,0.8,6,2,3,108.81,112.69999999997543,291.05,0.28299206833581153,0.03490952560364455,0.12357850099031659,117.03,ripe
1762155459.1912203,0,0.405,0.8,6,2,3,108.86,112.59999999997544,291.05,0.28564742448875197,0.035273956826777225,0.1201378601743121,117.03,ripe
1762155459.201335,0,0.405,0.8,7,1,3,108.86,112.49999999997544,291.04999999999995,0.2884088063303791,0.03562686127850688,0.11698383600115297,117.03,ripe
1762155459.2114463,0,0.403,0.8,7,1,3,108.86,112.39999999997545,291.05,0.29118284958401774,0.03596608182974506,0.11301347158174829,117.03,ripe
1762155459.2215524,0,0.402,0.8,6,3,3,108.86,112.29999999997546,291.0,0.29389911533130675,0.03629231476786506,0.10919904525157631,117.03,ripe
1762155459.231654,0,0.401,0.8,6,2,3,108.91,112.19999999997546,290.85,0.29562927217994694,0.036607897626237104,0.1064198081114946,117.03,ripe
1762155459.2417417,0,0.401,0.8,7,1,3,108.86,112.09999999997547,290.75,0.29864323242375085,0.0369121544274095,0.10288130772196996,117.03,ripe
1762155459.2518513,0,0.402,0.8,7,1,3,108.91,111.99999999997547,290.6,0.3004260100715866,0.03720995067691567,0.10133626000127383,117.03,ripe
1762155459.2619429,0,0.405,0.8,7,1,3,108.86,111.89999999997548,290.4,0.30342752726090366,0.03750306893740338,0.09995360777552659,117.03,ripe
1762155459.2720656,0,0.406,0.8,7,2,3,108.86,111.79999999997548,290.15,0.3061089126674263,0.03779129805621815,0.09858165485078885,117.03,ripe
1762155459.2821698,0,0.40700000000000003,0.8,6,2,3,108.81,111.69999999997549,289.95,0.30955298844070533,0.03807269479772192,0.09629229531840222,117.03,ripe
1762155459.2922673,0,0.40800000000000003,0.8,6,1,3,108.76,111.5999999999755,289.79999999999995,0.31335956419107275,0.03834629205336336,0.09356307768848104,117.03,ripe
1762155459.3023562,0,0.40800000000000003,0.8,6,1,3,108.71,111.4999999999755,289.75,0.31732628622703224,0.03861015459482829,0.0901350347127447,117.03,ripe
1762155459.312451,0,0.40700000000000003,0.8,6,0,3,108.71,111.3999999999755,289.65,0.32037315437394126,0.03886400366623329,0.08685750609594722,117.03,ripe
1762155459.3225548,0,0.405,0.8,7,0,3,108.71,111.29999999997551,289.5,0.32291400651400487,0.03910644844793433,0.08320132372093941,117.03,ripe
1762155459.3326845,0,0.404,0.8,6,1,3,108.66,111.19999999997552,289.35,0.3261247050233425,0.039336293173438154,0.07893296009412964,117.03,ripe
1762155459.3428102,0,0.403,0.8,7,2,3,108.61,111.09999999997552,289.25,0.3296265314664559,0.03955301261776319,0.07440230109228024,117.03,ripe
1762155459.3529284,0,0.405,0.8,6,2,3,108.61,110.99999999997553,289.1,0.3322394713565283,0.03976309084521,0.07227494492283976,117.03,ripe
1762155459.3630536,0,0.406,0.8,6,3,3,108.61,110.89999999997553,288.95000000000005,0.3344046611971096,0.03996836323768147,0.07085254694257442,117.03,ripe
1762155459.3731492,0,0.406,0.8,6,2,3,108.61,110.79999999997554,288.8,0.336332302669386,0.04016836828183662,0.069296301400456,117.03,ripe
1762155459.3832262,0,0.404,0.8,7,0,3,108.61,110.69999999997555,288.6,0.33811649933655896,0.0403601062076214,0.06669780269836206,117.03,ripe
1762155459.393307,0,0.402,0.8,6,0,3,108.66,110.59999999997555,288.45,0.3387722693745671,0.040544640232886904,0.06463488164289338,117.03,ripe
1762155459.4033833,0,0.401,0.8,6,1,3,108.61,110.49999999997556,288.35,0.340853535454355,0.04071936417298713,0.06135004005437528,117.03,ripe
1762155459.413495,0,0.4,0.8,6,0,3,108.56,110.39999999997556,288.35,0.34360771575902005,0.04088304634812008,0.057494071995345064,117.03,ripe
1762155459.4235706,0,0.396,0.8,6,0,3,108.56,110.29999999997557,288.3,0.34563416987752393,0.04103336050777043,0.05291672399965863,117.03,ripe
1762155459.4336803,0,0.394,0.8,5,2,3,108.56,110.19999999997557,288.25,0.34722876099600775,0.04117224771515374,0.049046685942583546,117.03,ripe
1762155459.4437864,0,0.391,0.8,5,1,3,108.56,110.09999999997558,288.2,0.34856648890149755,0.041299430211390535,0.0450712345677981,117.03,ripe
1762155459.453891,0,0.39,0.8,6,2,3,108.56,109.99999999997559,288.15,0.3497246983618829,0.04141777801123842,0.04209416337276495,117.03,ripe
1762155459.4639647,0,0.39,0.8,7,1,3,108.56,109.89999999997559,288.1,0.350767725252604,0.04153022082829939,0.040141705614719914,117.03,ripe
1762155459.474093,0,0.389,0.8,6,1,3,108.56,109.7999999999756,288.0,0.35174048770759714,0.04163687337331182,0.038214227726064864,117.03,ripe
1762155459.4842098,0,0.387,0.8,6,1,3,108.61,109.6999999999756,287.9,0.3516131279830473,0.041739099736901826,0.03686422973378373,117.03,ripe
1762155459.4942808,0,0.387,0.8,7,2,3,108.56,109.59999999997561,287.85,0.35300328959304905,0.04183523141635349,0.034735389265366456,117.03,ripe
1762155459.5043855,0,0.386,0.8,7,2,3,108.56,109.49999999997561,287.8,0.3540803607577438,0.04192573261916236,0.032788978671463964,117.03,ripe
1762155459.514452,0,0.384,0.8,6,1,3,108.56,109.39999999997562,287.75,0.35497864500896126,0.04200954283270007,0.030456024705642626,117.03,ripe
1762155459.5245163,0,0.382,0.8,5,1,3,108.56,109.29999999997563,287.7,0.35575454041011384,0.042086252642418914,0.027962794447188133,117.03,ripe
1762155459.5345783,0,0.38,0.8,6,0,3,108.51,109.19999999997563,287.7,0.35748951198523676,0.042153082258502415,0.024369155443414225,117.03,ripe
1762155459.5446477,0,0.38,0.8,7,0,3,108.51,109.09999999997564,287.65,0.35860071884533157,0.04221420319773451,0.0223286148689939,117.03,ripe
1762155459.5547254,0,0.382,0.8,7,1,3,108.56,108.99999999997564,287.54999999999995,0.35833749110489316,0.04227717142790824,0.02312717575226958,117.03,ripe
1762155459.564826,0,0.382,0.8,6,1,3,108.56,108.89999999997565,287.4,0.3584798211216842,0.042340218722495195,0.023252512306897177,117.03,ripe
1762155459.5749028,0,0.382,0.8,7,2,3,108.56,108.79999999997565,287.3,0.358818034568531,0.0424024929847923,0.02304813214575968,117.03,ripe
1762155459.5850105,0,0.382,0.8,7,0,3,108.56,108.69999999997566,287.2,0.35924745099562677,0.04246359473156651,0.022685632361518604,117.03,ripe
1762155459.59508,0,0.383,0.8,6,2,3,108.56,108.59999999997567,287.15,0.35971588593396764,0.042524691349701625,0.022750655744605053,117.03,ripe
1762155459.6051857,0,0.383,0.8,7,2,3,108.61,108.49999999997567,287.05,0.3591456731492471,0.04258767976254887,0.023587597690039208,117.03,ripe
1762155459.6152537,0,0.382,0.8,6,0,3,108.61,108.39999999997568,287.0,0.3591329552077169,0.04264947556167232,0.02323368021192629,117.03,ripe
1762155459.6253262,0,0.382,0.8,7,1,3,108.49,108.29999999997568,287.0,0.3619402937471496,0.042703512496397894,0.020243023962672024,117.03,ripe
1762155459.6354005,0,0.38,0.8,7,1,3,108.37,108.19999999997569,286.95000000000005,0.3661056453677848,0.04274379981533479,0.014986013487126026,117.03,ripe
1762155459.645469,0,0.378,0.8,7,0,3,108.37,108.0999999999757,286.95000000000005,0.36830617145471806,0.042774069338257184,0.011239657972737349,117.03,ripe
1762155459.655579,0,0.382,0.8,10,2,3,108.3,107.9999999999757,287.0,0.37099230855532583,0.04280049003400511,0.009780606158401872,117.03,ripe
1762155459.6656723,0,0.389,0.8,12,3,3,108.2,107.8999999999757,287.1,0.3745748950796608,0.0428284887218471,0.01031156227720309,117.03,ripe
1762155459.6757984,0,0.4,0.8,14,5,3,108.1,107.79999999997571,287.15,0.37863916703667977,0.04286619218038683,0.013804061641752186,117.03,ripe
1762155459.68596,0,0.41,0.8,14,4,3,108,107.69999999997572,287.20000000000005,0.38302710604922974,0.04291618578370404,0.018194508289986255,117.03,ripe
1762155459.696069,0,0.42,0.8,14,4,3,107.9,107.59999999997572,287.25,0.3876492978592491,0.04297964183055344,0.02296150931035884,117.03,ripe
1762155459.706183,0,0.429,0.8,13,4,3,107.8,107.49999999997573,287.35,0.39246228589186377,0.043055613400816595,0.027343117692940233,117.03,ripe
1762155459.716304,0,0.44,0.8,14,5,3,107.7,107.39999999997573,287.35,0.39743244107775777,0.043146274550698804,0.032470260714644206,117.03,ripe
1762155459.7264132,0,0.45,0.8,15,4,3,107.6,107.29999999997574,287.25,0.4025693369206497,0.04325111294966922,0.03738201397555124,117.03,ripe
1762155459.7365057,0,0.46,0.8,15,3,3,107.41,107.19999999997574,287.1,0.4098116106116044,0.043364708575246706,0.04016406483649604,117.03,ripe
1762155459.7466314,0,0.47,0.8,14,4,3,107.17,107.09999999997575,287.0,0.4192319874646191,0.04348139714989686,0.040755850259431126,117.03,ripe
1762155459.7567394,0,0.479,0.8,13,4,3,107.03,106.99999999997576,286.9,0.4275870278136316,0.04360239871377124,0.04190689104839346,117.03,ripe
1762155459.7668483,0,0.489,0.8,14,4,3,106.89,106.89999999997576,286.95,0.43545262750825847,0.04372963738350653,0.04379433192275406,117.03,ripe
1762155459.7769713,0,0.497,0.8,13,4,3,106.72,106.79999999997577,287.0,0.44378795415606886,0.04385924101398752,0.04433552555943743,117.03,ripe
1762155459.787107,0,0.506,0.8,13,4,3,106.53,106.69999999997577,287.0,0.4528126302583524,0.043989438945022795,0.04424910959940076,117.03,ripe
1762155459.7972326,0,0.516,0.8,13,4,3,106.39,106.59999999997578,286.9,0.4611022266211852,0.04412363341973811,0.04542864330769142,117.03,ripe
1762155459.8073547,0,0.526,0.8,14,3,3,106.2,106.49999999997578,286.79999999999995,0.4701839090365412,0.044260374477108205,0.046081525927897105,117.03,ripe
1762155459.8174367,0,0.536,0.8,13,3,3,106.01,106.39999999997579,286.7,0.4796951780701622,0.04439876619501418,0.04643753941205703,117.03,ripe
1762155459.8275466,0,0.547,0.8,14,4,3,105.82,106.2999999999758,286.65,0.48945262021525987,0.04453969172655459,0.04711373852584971,117.03,ripe
1762155459.8376403,0,0.558,0.8,14,4,3,105.63,106.1999999999758,286.6,0.49937933546547725,0.044683396581861094,0.04790384390507757,117.03,ripe
1762155459.8477538,0,0.566,0.8,14,3,3,105.44,106.09999999997581,286.45,0.5094355608465189,0.04482529816670263,0.047206028838758574,117.03,ripe
1762155459.8578637,0,0.573,0.8,12,3,3,105.25,105.99999999997581,286.4,0.5195476968578944,0.04496155031100015,0.045273097984744326,117.03,ripe
1762155459.8679302,0,0.58,0.8,13,3,3,105.08,105.89999999997582,286.4,0.5292087268956529,0.04509150894620486,0.04320167052566637,117.03,ripe
1762155459.8780117,0,0.588,0.8,13,3,3,104.94,105.79999999997582,286.5,0.5379473578975099,0.04521827909769124,0.04225784081314965,117.03,ripe
1762155459.8880796,0,0.596,0.8,12,3,3,104.75,105.69999999997583,286.65,0.5473701045130653,0.04534021097526717,0.04073249484226438,117.03,ripe
1762155459.898171,0,0.606,0.8,12,4,3,104.56,105.59999999997584,286.8,0.5571192642000614,0.04545948077450046,0.03993203547760349,117.03,ripe
1762155459.908242,0,0.614,0.8,13,2,3,104.37,105.49999999997584,286.95,0.5670509111017723,0.045574096975878844,0.03847473873706009,117.03,ripe
1762155459.9183285,0,0.624,0.8,13,3,3,104.23,105.39999999997585,286.85,0.5759145240160561,0.04568925077947012,0.03884830090336,117.03,ripe
1762155459.9284337,0,0.633,0.8,12,3,3,104.04,105.29999999997585,286.7,0.5854365383829593,0.04580270073022289,0.03844487407674879,117.03,ripe
1762155459.9385183,0,0.642,0.8,12,4,3,103.85,105.19999999997586,286.5,0.5952849091526806,0.045913320681040995,0.03765579707717337,117.03,ripe
1762155459.9485974,0,0.65,0.8,11,3,3,103.71,105.09999999997586,286.29999999999995,0.6041440186149398,0.04602225205975475,0.037326334499987235,117.03,ripe
1762155459.9586718,0,0.656,0.8,12,2,3,103.57,104.99999999997587,286.1,0.6125184448371598,0.046127133913846693,0.03621673172030382,117.03,ripe
1762155459.96874,0,0.666,0.8,13,5,3,103.43,104.89999999997588,285.9,0.6206216787794667,0.046232664682482764,0.03674590949926504,117.03,ripe
1762155459.9788117,0,0.676,0.8,13,4,3,103.24,104.79999999997588,285.75,0.6297949989923265,0.04633786340758926,0.036888795147039466,117.03,ripe
1762155459.9888964,0,0.686,0.8,13,4,3,103.05,104.69999999997589,285.7,0.6395156887510585,0.0464421890722025,0.0368262083186246,117.03,ripe
1762155459.9991024,0,0.694,0.8,13,4,3,102.81,104.59999999997589,285.65,0.6506817156227277,0.04653940411198512,0.03448923291211381,117.03,ripe
1762155460.0092065,1762155460.0098226,0.701,0.8,13,3,0,102.67,104.4999999999759,285.65,0.6601747985781979,0.04663144127998152,0.03291067568922279,117.03,ripe
1762155460.01928,1762155460.0098226,0.711,0.8,13,4,0,102.48,104.4999999999759,285.65,0.6699839214168155,0.04672040739418841,0.03205881571689484,117.03,ripe
1762155460.0293489,1762155460.0098226,0.721,0.8,13,3,0,102.29,104.4999999999759,285.6,0.6799604799071718,0.046807309394104116,0.03156088865968332,117.03,ripe
1762155460.0394506,1762155460.0098226,0.73,0.8,12,3,0,102.1,104.4999999999759,285.54999999999995,0.6900291826875216,0.04689124881526348,0.030731501595905986,117.03,ripe
1762155460.049531,1762155460.0098226,0.74,0.8,13,4,0,101.91,104.4999999999759,285.45,0.7001311461193412,0.04697318473737207,0.030249196022372526,117.03,ripe
1762155460.0596402,1762155460.0098226,0.75,0.8,13,5,0,101.72,104.4999999999759,285.4,0.7102569930248149,0.047053567475817244,0.02993317804604201,117.03,ripe
1762155460.0697284,1762155460.0098226,0.76,0.8,12,5,0,101.48,104.4999999999759,285.3,0.7215776963395526,0.047129581409525674,0.028517389195875875,117.03,ripe
1762155460.0797906,1762155460.0098226,0.767,0.8,13,3,0,101.29,104.4999999999759,285.25,0.7322814997777021,0.04719899380779152,0.026266042990012117,117.03,ripe
1762155460.089871,1762155460.0098226,0.776,0.8,12,4,0,101.1,104.4999999999759,285.25,0.7426199872818566,0.047263541425272795,0.024653784102000476,117.03,ripe
1762155460.0999568,1762155460.0098226,0.784,0.8,12,4,0,100.91,104.4999999999759,285.15,0.7527619274941105,0.047322849508044995,0.02287495819781804,117.03,ripe
1762155460.1100912,1762155460.0098226,0.789,0.8,11,3,0,100.77,104.4999999999759,285.0,0.7615880273432488,0.04737598194182996,0.020730415502715482,117.03,ripe
1762155460.1201863,1762155460.0098226,0.797,0.8,12,2,0,100.63,104.4999999999759,284.95,0.7697046077423971,0.047426499802118896,0.019954613680585043,117.03,ripe
1762155460.1302958,1762155460.0098226,0.802,0.8,11,2,0,100.39,104.4999999999759,284.95,0.779851157147351,0.04746655454635837,0.01597845356414007,117.03,ripe
1762155460.1404042,1762155460.0098226,0.808,0.8,12,2,0,100.2,104.4999999999759,284.95,0.7896859524331279,0.047496896755914265,0.012228852922617661,117.03,ripe
1762155460.1504989,1762155460.0098226,0.817,0.8,13,3,0,100.06,104.4999999999759,285.0,0.798106542029503,0.04752472728959523,0.011350860648369654,117.03,ripe
1762155460.1606185,1762155460.0098226,0.822,0.8,13,4,0,99.87,104.4999999999759,285.0,0.807049254130199,0.047545769212425384,0.008679447208737257,117.03,ripe
1762155460.170733,1762155460.0098226,0.823,0.8,12,4,0,99.68,104.4999999999759,285.0,0.8161628384818094,0.04755344554230075,0.0032015121876587394,117.03,ripe
1762155460.1808412,1762155460.0098226,0.82,0.8,12,4,0,99.49,104.4999999999759,285.0,0.8251910219536509,0.04754038112803869,-0.005508846618916818,117.03,ripe
1762155460.190949,1762155460.0098226,0.8180000000000001,0.8,12,4,0,99.35,104.4999999999759,284.9,0.8327391272966157,0.047507824871579736,-0.013898039629248626,117.03,ripe
1762155460.2010722,1762155460.0098226,0.8160000000000001,0.8,12,4,0,99.16,104.4999999999759,284.8,0.8405668437134238,0.04745422918286864,-0.023146299879740262,117.03,ripe
1762155460.2111382,1762155460.0098226,0.8150000000000001,0.8,12,4,0,98.97,104.4999999999759,284.7,0.8483209709704269,0.04738070999861519,-0.0321106990535851,117.03,ripe
1762155460.2212188,1762155460.0098226,0.8130000000000001,0.8,13,4,0,98.78,104.4999999999759,284.6,0.8558523271576118,0.04728732090908416,-0.04124719119919085,117.03,ripe
1762155460.231338,1762155460.0098226,0.808,0.8,12,2,0,98.64,104.4999999999759,284.65,0.8618896214241755,0.04717419746601753,-0.05058705344496495,117.03,ripe
1762155460.2414098,1762155460.0098226,0.804,0.8,11,3,0,98.45,104.4999999999759,284.65,0.8681621742617462,0.047040453127595944,-0.06051089027214096,117.03,ripe
1762155460.2515213,1762155460.0098226,0.799,0.8,10,3,0,98.31,104.4999999999759,284.55,0.8731490580188553,0.0468880560587886,-0.06982341602405262,117.03,ripe
1762155460.2616327,1762155460.0098226,0.796,0.8,11,3,0,98.12,104.4999999999759,284.45,0.8784867274966727,0.04671801799479021,-0.07882390649927129,117.03,ripe
1762155460.2717013,1762155460.0098226,0.793,0.8,11,4,0,97.98,104.4999999999759,284.35,0.8826395828730831,0.04653415301999977,-0.08630817237438237,117.03,ripe
1762155460.2817898,1762155460.0098226,0.792,0.8,11,5,0,97.84,104.4999999999759,284.25,0.8860781169147698,0.04634084661083072,-0.09191241166541941,117.03,ripe
1762155460.2918973,1762155460.0098226,0.79,0.8,11,4,0,97.7,104.4999999999759,284.2,0.8890829230224248,0.04613945438482125,-0.0970000703977495,117.03,ripe
1762155460.3019824,1762155460.0098226,0.788,0.8,11,4,0,97.56,104.4999999999759,284.1,0.8917771216156433,0.045930924603136636,-0.10173569530330562,117.03,ripe
1762155460.3120992,1762155460.0098226,0.784,0.8,11,2,0,97.42,104.4999999999759,283.95,0.8942260588611629,0.04571396177477906,-0.10720534570499407,117.03,ripe
1762155460.322193,1762155460.0098226,0.783,0.8,11,4,0,97.28,104.4999999999759,283.85,0.8964263846544788,0.04549129682667394,-0.11141602807639439,117.03,ripe
1762155460.3322535,1762155460.0098226,0.78,0.8,11,4,0,97.09,104.4999999999759,283.75,0.899578251311138,0.04525994734193149,-0.1170730730220958,117.03,ripe
1762155460.3423178,1762155460.0098226,0.778,0.8,13,3,0,96.95,104.4999999999759,283.75,0.9019115598163594,0.04502235638646992,-0.12165897067183828,117.03,ripe
1762155460.3523796,1762155460.0098226,0.775,0.8,11,3,0,96.81,104.4999999999759,283.7,0.903764521948529,0.04477895302745114,-0.12613822737626845,117.03,ripe
1762155460.3624456,1762155460.0098226,0.775,0.8,12,3,0,96.62,104.4999999999759,283.65,0.9064084756521064,0.04453062518624649,-0.13009532836597615,117.03,ripe
1762155460.3725247,1762155460.0098226,0.773,0.8,10,4,0,96.43,104.4999999999759,283.55,0.9093563708270858,0.044276151169049184,-0.1346997971840207,117.03,ripe
1762155460.3825943,1762155460.0098226,0.771,0.8,11,3,0,96.24,104.4999999999759,283.5,0.9123304799383178,0.044015252865160066,-0.13950219311678524,117.03,ripe
1762155460.3926613,1762155460.0098226,0.77,0.8,10,4,0,96.05,104.4999999999759,283.5,0.9151972776890201,0.04374902664337447,-0.14378313427825384,117.03,ripe
1762155460.402743,1762155460.0098226,0.769,0.8,12,3,0,95.86,104.4999999999759,283.5,0.917914300863211,0.0434782526500781,-0.14770722915782786,117.03,ripe
1762155460.4128156,1762155460.0098226,0.768,0.8,12,2,0,95.72,104.4999999999759,283.4,0.9193773284114444,0.04320581100751847,-0.15027379255875273,117.03,ripe
1762155460.4228857,1762155460.0098226,0.766,0.8,11,3,0,95.58,104.4999999999759,283.25,0.920190505017736,0.042932257984940256,-0.1526387370913902,117.03,ripe
1762155460.4329743,1762155460.0098226,0.764,0.8,11,2,0,95.44,104.4999999999759,283.1,0.920635933028645,0.04265794852934276,-0.15486004906547202,117.03,ripe
1762155460.4431024,1762155460.0098226,0.762,0.8,11,3,0,95.25,104.4999999999759,283.0,0.921921890900856,0.04238097024462717,-0.15803394891926947,117.03,ripe
1762155460.4532044,1762155460.0098226,0.761,0.8,10,3,0,95.06,104.4999999999759,282.85,0.9235228817384254,0.042101489410165664,-0.16107891074763214,117.03,ripe
1762155460.4633098,1762155460.0098226,0.761,0.8,11,3,0,94.87,104.4999999999759,282.75,0.9252008628745012,0.04182062518219118,-0.1634788773791045,117.03,ripe
1762155460.473428,1762155460.0098226,0.758,0.8,12,3,0,94.73,104.4999999999759,282.65,0.9258143376908815,0.04153857025918664,-0.16595334494318315,117.03,ripe
1762155460.483551,1762155460.0098226,0.755,0.8,11,3,0,94.54,104.4999999999759,282.6,0.9268863614236386,0.041253467472416754,-0.16945586504978938,117.03,ripe
1762155460.4936528,1762155460.0098226,0.751,0.8,11,2,0,94.35,104.4999999999759,282.55,0.9280766282294955,0.04096381311367146,-0.1738613800425709,117.03,ripe
1762155460.503761,1762155460.0098226,0.747,0.8,12,1,0,94.21,104.4999999999759,282.45,0.9281772539186823,0.04067113085559312,-0.17756962982522007,117.03,ripe
1762155460.5138676,1762155460.0098226,0.743,0.8,10,2,0,94.02,104.4999999999759,282.35,0.9286941216445004,0.040374322764623286,-0.1818903095977693,117.03,ripe
1762155460.5239859,1762155460.0098226,0.738,0.8,10,2,0,93.78,104.4999999999759,282.2,0.9303098702502017,0.040070357401839854,-0.1879079642268362,117.03,ripe
1762155460.534127,1762155460.0098226,0.736,0.8,10,4,0,93.59,104.4999999999759,282.0,0.9312775211431236,0.039762483286988,-0.1920765681314408,117.03,ripe
1762155460.544243,1762155460.0098226,0.735,0.8,11,3,0,93.4,104.4999999999759,281.75,0.9318548404478698,0.039453233847984145,-0.1947543639420285,117.03,ripe
1762155460.5543694,1762155460.0098226,0.733,0.8,12,3,0,93.21,104.4999999999759,281.45,0.9321917232155096,0.039143153667381254,-0.19714148496258888,117.03,ripe
1762155460.5644505,1762155460.0098226,0.731,0.8,12,4,0,92.97,104.4999999999759,281.2,0.9333247494646404,0.038830798913223975,-0.2002996303381801,117.03,ripe
1762155460.5745335,1762155460.0098226,0.729,0.8,11,4,0,92.83,104.4999999999759,281.1,0.9327911665830751,0.03851931388207425,-0.20177860701984496,117.03,ripe
1762155460.5846584,1762155460.0098226,0.728,0.8,11,4,0,92.64,104.4999999999759,281.0,0.9323973785386092,0.0382091867497362,-0.20289109875699407,117.03,ripe
1762155460.594771,1762155460.0098226,0.726,0.8,11,3,0,92.5,104.4999999999759,281.0,0.9310809006343138,0.037901692114492534,-0.20332776074350634,117.03,ripe
1762155460.6048768,1762155460.0098226,0.722,0.8,10,2,0,92.36,104.4999999999759,281.0,0.9293113101753416,0.03759590075855517,-0.2044347402299379,117.03,ripe
1762155460.6149793,1762155460.0098226,0.721,0.8,11,2,0,92.17,104.4999999999759,281.0,0.9282238535129974,0.0372919258841985,-0.20528556854029556,117.03,ripe
1762155460.6251287,1762155460.0098226,0.72,0.8,11,2,0,91.98,104.4999999999759,280.95,0.9274408051848302,0.036989871889638655,-0.20597166269847933,117.03,ripe
1762155460.6352508,1762155460.0098226,0.719,0.8,11,1,0,91.84,104.4999999999759,280.85,0.9258518356545253,0.03669145205698616,-0.20561726441134986,117.03,ripe
1762155460.645358,1762155460.0098226,0.718,0.8,11,2,0,91.7,104.4999999999759,280.7,0.9238884527117722,0.036397407685132215,-0.2047711670901845,117.03,ripe
1762155460.6554441,1762155460.0098226,0.715,0.8,10,3,0,91.44,104.4999999999759,280.5,0.9239470483019857,0.03610283765700557,-0.2068884054911918,117.03,ripe
1762155460.665535,1762155460.0098226,0.711,0.8,11,2,0,91.32,104.4999999999759,280.35,0.9223366767863129,0.03580922475247919,-0.20830735538091594,117.03,ripe
1762155460.675651,1762155460.0098226,0.709,0.8,11,3,0,91.18,104.4999999999759,280.25,0.9202520327904791,0.03551804988921502,-0.20873737208778054,117.03,ripe
1762155460.6857672,1762155460.0098226,0.708,0.8,11,4,0,91.09,104.4999999999759,280.15,0.917053709595471,0.03523215510260901,-0.2072963792441217,117.03,ripe
1762155460.695866,1762155460.0098226,0.707,0.8,12,3,0,90.95,104.4999999999759,280.1,0.9142633455452897,0.0349512598694309,-0.20588468036961505,117.03,ripe
1762155460.7059815,1762155460.0098226,0.706,0.8,12,3,0,90.86,104.4999999999759,280.0,0.9108243366798717,0.03467656865208332,-0.2036350040920344,117.03,ripe
1762155460.7161102,1762155460.0098226,0.705,0.8,12,3,0,90.77,104.4999999999759,279.9,0.9071363097751155,0.03440846932025707,-0.2010416434811968,117.03,ripe
1762155460.7262003,1762155460.0098226,0.702,0.8,11,3,0,90.68,104.4999999999759,279.8,0.9033930094602226,0.03414564489578224,-0.19934567631326328,117.03,ripe
1762155460.7362967,1762155460.0098226,0.705,0.8,12,5,0,90.59,104.4999999999759,279.8,0.8996517077856679,0.03389125478443739,-0.1951280412121883,117.03,ripe
1762155460.7463968,1762155460.0098226,0.705,0.8,11,3,0,90.59,104.4999999999759,279.85,0.8945169729136864,0.033646969864464873,-0.18975513962694657,117.03,ripe
1762155460.75646,1762155460.0098226,0.706,0.8,12,2,0,90.64,104.4999999999759,279.85,0.8880064574655021,0.03341511982505499,-0.18262554082213223,117.03,ripe
1762155460.7665286,1762155460.0098226,0.704,0.8,10,2,0,90.64,104.4999999999759,279.8,0.8818562567645302,0.03319320563449551,-0.1771657984428453,117.03,ripe
1762155460.7766397,1762155460.0098226,0.704,0.8,11,4,0,90.64,104.4999999999759,279.70000000000005,0.875984215235321,0.03298098863539995,-0.17163898607447858,117.03,ripe
1762155460.78671,1762155460.0098226,0.702,0.8,11,3,0,90.62,104.4999999999759,279.6,0.8707058096370343,0.03277636074601495,-0.16753319505661313,117.03,ripe
1762155460.796801,1762155460.0098226,0.701,0.8,11,3,0,90.62,104.4999999999759,279.54999999999995,0.8654636364127722,0.03257918885061905,-0.16337732912256164,117.03,ripe
1762155460.80688,1762155460.0098226,0.701,0.8,11,4,0,90.62,104.4999999999759,279.54999999999995,0.860336833507081,0.032389779846073996,-0.15879367986197568,117.03,ripe
1762155460.8169653,1762155460.0098226,0.703,0.8,11,4,0,90.62,104.4999999999759,279.54999999999995,0.8553745449426355,0.032209226965630666,-0.15310296812008284,117.03,ripe
1762155460.8270822,1762155460.0098226,0.702,0.8,11,3,0,90.62,104.4999999999759,279.6,0.8506260239738801,0.03203603996956313,-0.14849023556260377,117.03,ripe
1762155460.837225,1762155460.0098226,0.701,0.8,11,3,0,90.62,104.4999999999759,279.6,0.8460620383577504,0.031869312811616986,-0.14449414415211226,117.03,ripe
1762155460.8474207,1762155460.0098226,0.697,0.8,10,2,0,90.62,104.4999999999759,279.65,0.841663688177744,0.03170672731022577,-0.1423797410749249,117.03,ripe
1762155460.8575125,1762155460.0098226,0.697,0.8,11,3,0,90.62,104.4999999999759,279.70000000000005,0.8373722490796017,0.03154933653988311,-0.13923027552819223,117.03,ripe
1762155460.8676243,1762155460.0098226,0.695,0.8,10,3,0,90.62,104.4999999999759,279.7,0.8332167744309413,0.031396374549702094,-0.1366457876552366,117.03,ripe
1762155460.8777306,1762155460.0098226,0.696,0.8,11,4,0,90.6,104.4999999999759,279.6,0.8294916167271456,0.03124862270080789,-0.13320612333929316,117.03,ripe
1762155460.8878675,1762155460.0098226,0.696,0.8,11,3,0,90.6,104.4999999999759,279.4,0.8257445568400169,0.031106168602236802,-0.12960181014609073,117.03,ripe
1762155460.8980598,1762155460.0098226,0.695,0.8,11,2,0,90.6,104.4999999999759,279.3,0.8220581224005141,0.030968372491481475,-0.12648674905355106,117.03,ripe
1762155460.9081452,1762155460.0098226,0.693,0.8,11,2,0,90.6,104.4999999999759,279.25,0.8184553006452439,0.030834273436067074,-0.1241696139717624,117.03,ripe
1762155460.9182208,1762155460.0098226,0.693,0.8,11,3,0,90.6,104.4999999999759,279.2,0.8149305387347253,0.030704393287199382,-0.12128769539798456,117.03,ripe
1762155460.9282944,1762155460.0098226,0.693,0.8,12,2,0,90.6,104.4999999999759,279.3,0.8115075011553821,0.030578875086266197,-0.11818607948701176,117.03,ripe
1762155460.9383793,1762155460.0098226,0.693,0.8,11,2,0,90.6,104.4999999999759,279.35,0.8081948814669955,0.03045768160441188,-0.1150341706328104,117.03,ripe
1762155460.948457,1762155460.0098226,0.694,0.8,12,3,0,90.6,104.4999999999759,279.45,0.8049941407593971,0.030341215700140388,-0.11141378534230462,117.03,ripe
1762155460.9585626,1762155460.0098226,0.697,0.8,11,5,0,90.6,104.4999999999759,279.6,0.8019171434902335,0.03023059736141715,-0.10662696578168718,117.03,ripe
1762155460.9686697,1762155460.0098226,0.698,0.8,12,3,0,90.6,104.4999999999759,279.7,0.7989940966946525,0.030125199026775372,-0.10234900784037937,117.03,ripe
1762155460.9787843,1762155460.0098226,0.697,0.8,11,3,0,90.6,104.4999999999759,279.75,0.7962087155251157,0.030023585156041692,-0.0993861710979792,117.03,ripe
1762155460.9888895,1762155460.0098226,0.696,0.8,11,2,0,90.6,104.4999999999759,279.8,0.7935232087950111,0.029924988861802542,-0.0971119365814429,117.03,ripe
1762155460.9990153,1762155460.0098226,0.696,0.8,10,3,0,90.6,104.4999999999759,279.75,0.7909173824190286,0.029829482127285083,-0.09471174631224455,117.03,ripe
1762155461.0091143,1762155460.0098226,0.698,0.8,11,4,0,90.65,104.4999999999759,279.8,0.787647439088564,0.02973886208011391,-0.09054462103517202,117.03,ripe
1762155461.0192518,1762155460.0098226,0.702,0.8,11,5,0,90.65,104.4999999999759,279.8,0.7848828992636226,0.029654042944124954,-0.08533149023692665,117.03,ripe
1762155461.0293522,1762155460.0098226,0.704,0.8,11,3,0,90.65,104.4999999999759,279.85,0.7824589815674593,0.029574358866212676,-0.08068327705411138,117.03,ripe
1762155461.039454,1762155460.0098226,0.705,0.8,12,3,0,90.65,104.4999999999759,279.9,0.7802640022408504,0.02949890053085634,-0.07687614998417647,117.03,ripe
1762155461.049559,1762155460.0098226,0.706,0.8,11,4,0,90.65,104.4999999999759,279.9,0.7782270857811892,0.02942715066222207,-0.07353315965285223,117.03,ripe
1762155461.05966,1762155460.0098226,0.703,0.8,10,2,0,90.65,104.4999999999759,279.9,0.7763112233061751,0.029356849410735273,-0.0724642602420067,117.03,ripe
1762155461.0697687,1762155460.0098226,0.7,0.8,10,3,0,90.65,104.4999999999759,279.9,0.7744451544134919,0.02928688478449352,-0.07252167288140776,117.03,ripe
1762155461.079846,1762155460.0098226,0.695,0.8,9,1,0,90.7,104.4999999999759,279.95,0.7718615683101769,0.029216520679642918,-0.07339982754413488,117.03,ripe
1762155461.0899339,1762155460.0098226,0.693,0.8,11,2,0,90.7,104.4999999999759,280.0,0.7696390490397601,0.029146072336989536,-0.07390817865673915,117.03,ripe
1762155461.1000457,1762155460.0098226,0.692,0.8,10,3,0,90.7,104.4999999999759,280.0,0.7675996706634818,0.02907616295798198,-0.07373423547197133,117.03,ripe
1762155461.1101308,1762155460.0098226,0.693,0.8,10,3,0,90.7,104.4999999999759,280.0,0.7656669435254413,0.029008022229848867,-0.07223422592968609,117.03,ripe
1762155461.120201,1762155460.0098226,0.693,0.8,10,3,0,90.7,104.4999999999759,280.04999999999995,0.7638269044311655,0.028941737827883254,-0.07061054563328795,117.03,ripe
1762155461.1302884,1762155460.0098226,0.695,0.8,11,4,0,90.65,104.4999999999759,280.05,0.7627822878242484,0.02887751787293459,-0.06867410842530963,117.03,ripe
1762155461.1403723,1762155460.0098226,0.697,0.8,11,3,0,90.7,104.4999999999759,280.0,0.760717382971078,0.028816891068385673,-0.06516329327160864,117.03,ripe
1762155461.1504607,1762155460.0098226,0.698,0.8,10,4,0,90.7,104.4999999999759,280.0,0.758934519667744,0.028759333811971297,-0.06215747481800926,117.03,ripe
1762155461.160565,1762155460.0098226,0.698,0.8,11,2,0,90.7,104.4999999999759,279.95,0.7573259626566161,0.028704081161139764,-0.05993744023174885,117.03,ripe
1762155461.170656,1762155460.0098226,0.699,0.8,11,3,0,90.7,104.4999999999759,279.85,0.7558247196152895,0.028651184402555697,-0.057630458402855855,117.03,ripe
1762155461.1807454,1762155460.0098226,0.699,0.8,11,3,0,90.7,104.4999999999759,279.8,0.7544087740134251,0.028600171217781533,-0.05581164340720823,117.03,ripe
1762155461.1908405,1762155460.0098226,0.697,0.8,11,2,0,90.7,104.4999999999759,279.8,0.7530540319566449,0.028549871695397286,-0.05525546665353642,117.03,ripe
1762155461.2009356,1762155460.0098226,0.696,0.8,11,3,0,90.7,104.4999999999759,279.9,0.7517238735025115,0.028500162053698277,-0.054824590850957255,117.03,ripe
1762155461.211021,1762155460.0098226,0.694,0.8,10,3,0,90.7,104.4999999999759,280.0,0.750412137747882,0.028450519852269273,-0.05496249642210482,117.03,ripe
1762155461.2211266,1762155460.0098226,0.693,0.8,11,3,0,90.7,104.4999999999759,280.15,0.7491036206469778,0.028401140059793717,-0.05487879998408929,117.03,ripe
1762155461.2312162,1762155460.0098226,0.693,0.8,11,3,0,90.7,104.4999999999759,280.29999999999995,0.747802732999203,0.028352559148205666,-0.054190322667758695,117.03,ripe
1762155461.2412827,1762155460.0098226,0.69,0.8,11,3,0,90.7,104.4999999999759,280.29999999999995,0.7465232393729667,0.02830368224683605,-0.05471703420724461,117.03,ripe
1762155461.2513473,1762155460.0098226,0.692,0.8,11,5,0,90.7,104.4999999999759,280.25,0.7452361317518327,0.02825620873541435,-0.053333029168971646,117.03,ripe
1762155461.2614415,1762155460.0098226,0.694,0.8,11,5,0,90.7,104.4999999999759,280.25,0.743986064950339,0.02821093682408031,-0.05103451365890854,117.03,ripe
1762155461.2715018,1762155460.0098226,0.697,0.8,11,4,0,90.7,104.4999999999759,280.3,0.7427940109802191,0.028168659945413177,-0.04781823533450391,117.03,ripe
1762155461.2816045,1762155460.0098226,0.698,0.8,11,5,0,90.65,104.4999999999759,280.4,0.7423850550291861,0.028128177510233884,-0.045897167206328526,117.03,ripe
1762155461.29167,1762155460.0098226,0.7,0.8,11,5,0,90.65,104.4999999999759,280.45,0.7416697315690736,0.028089981544180513,-0.04342578765764482,117.03,ripe
1762155461.3017335,1762155460.0098226,0.703,0.8,12,5,0,90.65,104.4999999999759,280.45,0.7408381562773068,0.028054713225927397,-0.04021618432159246,117.03,ripe
1762155461.3118038,1762155460.0098226,0.703,0.8,11,4,0,90.65,104.4999999999759,280.45,0.7399956666809022,0.02802132715034091,-0.03818468070304504,117.03,ripe
1762155461.321886,1762155460.0098226,0.702,0.8,11,3,0,90.65,104.4999999999759,280.45,0.7391588282805629,0.02798885297922884,-0.037253335291634326,117.03,ripe
1762155461.3320005,1762155460.0098226,0.702,0.8,12,2,0,90.65,104.4999999999759,280.45,0.7383240759889891,0.02795724142449799,-0.03637132949452482,117.03,ripe
1762155461.342127,1762155460.0098226,0.701,0.8,11,2,0,90.65,104.4999999999759,280.45,0.7375011083245979,0.027926022045678782,-0.03602473507736581,117.03,ripe
1762155461.3522658,1762155460.0098226,0.701,0.8,10,2,0,90.6,104.4999999999759,280.35,0.7373811579866618,0.027894761084306434,-0.036142971363045784,117.03,ripe
1762155461.3624976,1762155460.0098226,0.699,0.8,10,2,0,90.6,104.4999999999759,280.3,0.7369071269326543,0.027863017796716627,-0.03678803362084626,117.03,ripe
1762155461.3726099,1762155460.0098226,0.701,0.8,11,4,0,90.6,104.4999999999759,280.3,0.7362440560499021,0.027832305533283266,-0.03568450939399803,117.03,ripe
1762155461.3827007,1762155460.0098226,0.7,0.8,11,3,0,90.6,104.4999999999759,280.4,0.7355201798116284,0.027802054983270767,-0.035240406483676434,117.03,ripe
1762155461.3928096,1762155460.0098226,0.7,0.8,11,3,0,90.6,104.4999999999759,280.45,0.7347645331270645,0.027772410906768043,-0.03462464646308849,117.03,ripe
1762155461.4028862,1762155460.0098226,0.7,0.8,10,3,0,90.6,104.4999999999759,280.5,0.7340029535658507,0.027743434268810693,-0.03393301023386275,117.03,ripe
1762155461.4129853,1762155460.0098226,0.702,0.8,10,5,0,90.6,104.4999999999759,280.5,0.7332480457820785,0.02771599644012387,-0.03221307411608454,117.03,ripe
1762155461.423111,1762155460.0098226,0.702,0.8,11,3,0,90.6,104.4999999999759,280.5,0.7325283303419964,0.02768964861320905,-0.03101084450899949,117.03,ripe
1762155461.43318,1762155460.0098226,0.702,0.8,11,3,0,90.6,104.4999999999759,280.5,0.7318346876550077,0.027664157613122273,-0.030075944738509275,117.03,ripe
1762155461.4432888,1762155460.0098226,0.702,0.8,10,3,0,90.6,104.4999999999759,280.55,0.7311623243731694,0.02763939811473111,-0.029282952914920224,117.03,ripe
1762155461.4533603,1762155460.0098226,0.7,0.8,11,2,0,90.6,104.4999999999759,280.5,0.7305086121107195,0.02761445534204572,-0.029568926381594918,117.03,ripe
1762155461.4634638,1762155460.0098226,0.7,0.8,12,4,0,90.6,104.4999999999759,280.35,0.7298497149663125,0.027589728779965683,-0.029379872101750193,117.03,ripe
1762155461.473528,1762155460.0098226,0.699,0.8,10,4,0,90.6,104.4999999999759,280.25,0.7291963619446131,0.027564989076362737,-0.029461440512332016,117.03,ripe
1762155461.483692,1762155460.0098226,0.701,0.8,12,4,0,90.6,104.4999999999759,280.2,0.7285425765094168,0.027541381335477743,-0.02817511579327625,117.03,ripe
1762155461.4938684,1762155460.0098226,0.703,0.8,11,4,0,90.6,104.4999999999759,280.15,0.7279186663435556,0.02751944631900234,-0.02623493598548532,117.03,ripe
1762155461.5039997,1762155460.0098226,0.703,0.8,10,3,0,90.55,104.4999999999759,280.2,0.7280269312095122,0.027497996635450574,-0.025685066030477044,117.03,ripe
1762155461.514219,1762155460.0098226,0.703,0.8,11,4,0,90.55,104.4999999999759,280.29999999999995,0.7278032153771871,0.02747704295229962,-0.025132282787669546,117.03,ripe
1762155461.5244114,1762155460.0098226,0.702,0.8,11,4,0,90.55,104.4999999999759,280.45,0.7274203605766695,0.02745616720554283,-0.02508489428191074,117.03,ripe
1762155461.5345798,1762155460.0098226,0.7,0.8,10,2,0,90.6,104.4999999999759,280.65,0.7262671002612384,0.02743533823096076,-0.025099367113859072,117.03,ripe
1762155461.544763,1762155460.0098226,0.699,0.8,11,3,0,90.6,104.4999999999759,280.85,0.7254160621377552,0.027414365278881987,-0.02533219556406552,117.03,ripe
1762155461.5549355,1762155460.0098226,0.698,0.8,10,4,0,90.65,104.4999999999759,281.05,0.7240262368402822,0.027393742144746762,-0.024984303553437393,117.03,ripe
1762155461.565131,1762155460.0098226,0.701,0.8,10,5,0,90.65,104.4999999999759,281.25,0.7230642439897959,0.027374765877035818,-0.02304327734637346,117.03,ripe
1762155461.575246,1762155460.0098226,0.702,0.8,11,3,0,90.7,104.4999999999759,281.45,0.7216704732492919,0.02735780183333395,-0.02065998992758067,117.03,ripe
1762155461.585316,1762155460.0098226,0.706,0.8,11,3,0,90.7,104.4999999999759,281.55,0.7207770894655061,0.02734365150688306,-0.01727184780465052,117.03,ripe
1762155461.595379,1762155460.0098226,0.707,0.8,10,4,0,90.7,104.4999999999759,281.6,0.7201813123872011,0.02733144382944236,-0.014928691556773344,117.03,ripe
1762155461.6054435,1762155460.0098226,0.707,0.8,10,3,0,90.7,104.4999999999759,281.6,0.7197483503621985,0.027320323392208,-0.013622039946984743,117.03,ripe
1762155461.6155581,1762155460.0098226,0.707,0.8,10,3,0,90.7,104.4999999999759,281.65,0.7193998094134947,0.027309860559117813,-0.012836654205887865,117.03,ripe
1762155461.6257274,1762155460.0098226,0.707,0.8,9,4,0,90.7,104.4999999999759,281.75,0.719096465105272,0.02729983803554738,-0.012314887501468696,117.03,ripe
1762155461.6358402,1762155460.0098226,0.704,0.8,10,2,0,90.7,104.4999999999759,281.8,0.718818648659899,0.02728892551782559,-0.013427859857997326,117.03,ripe
1762155461.645928,1762155460.0098226,0.705,0.8,12,3,0,90.7,104.4999999999759,281.95000000000005,0.7185243626955694,0.027278108591714655,-0.013328968294618604,117.03,ripe
1762155461.6560571,1762155460.0098226,0.706,0.8,11,4,0,90.7,104.4999999999759,282.1,0.7182360747472637,0.027267866162668193,-0.012638377546788315,117.03,ripe
1762155461.666144,1762155460.0098226,0.709,0.8,12,4,0,90.7,104.4999999999759,282.3,0.7179646531742635,0.027259233926263927,-0.010665804574025883,117.03,ripe
1762155461.676238,1762155460.0098226,0.71,0.8,11,4,0,90.7,104.4999999999759,282.45000000000005,0.717736497559174,0.02725188904608258,-0.009087073259055223,117.03,ripe
1762155461.6863248,1762155460.0098226,0.71,0.8,11,3,0,90.75,104.4999999999759,282.55,0.7168613753805475,0.027245810662384313,-0.007536663230488072,117.03,ripe
1762155461.6964078,1762155460.0098226,0.711,0.8,11,3,0,90.75,104.4999999999759,282.7,0.7163606938040089,0.027240819990833106,-0.006198337728979264,117.03,ripe
1762155461.7064772,1762155460.0098226,0.711,0.8,10,4,0,90.8,104.4999999999759,282.75,0.7153780924460299,0.02723696659815504,-0.004796914408515041,117.03,ripe
1762155461.7165806,1762155460.0098226,0.714,0.8,11,5,0,90.8,104.4999999999759,282.8,0.7148512656959136,0.02723491301274627,-0.002560676677156204,117.03,ripe
1762155461.7266464,1762155460.0098226,0.714,0.8,10,4,0,90.8,104.4999999999759,282.85,0.714584568191808,0.027233760296156317,-0.001439273682429354,117.03,ripe
1762155461.7367554,1762155460.0098226,0.713,0.8,9,4,0,90.8,104.4999999999759,282.95,0.7144479279985441,0.02723266010422614,-0.0013752807438547343,117.03,ripe
1762155461.7468243,1762155460.0098226,0.714,0.8,11,4,0,90.8,104.4999999999759,283.0,0.7143658700999475,0.027231997188060457,-0.0008295464726028046,117.03,ripe
1762155461.7568917,1762155460.0098226,0.714,0.8,12,4,0,90.8,104.4999999999759,283.05,0.7143218833784122,0.02723155513346285,-0.000553721564739873,117.03,ripe
1762155461.7669988,1762155460.0098226,0.713,0.8,11,4,0,90.8,104.4999999999759,283.04999999999995,0.7142969895026493,0.027230827025948912,-0.0009129085958131666,117.03,ripe
1762155461.7770784,1762155460.0098226,0.713,0.8,11,4,0,90.8,104.4999999999759,283.20000000000005,0.7142712418888162,0.02722996708779152,-0.0010792014353981916,117.03,ripe
1762155461.7871838,1762155460.0098226,0.711,0.8,10,4,0,90.8,104.4999999999759,283.3,0.7142453611068734,0.02722825598166951,-0.0021493408801643854,117.03,ripe
1762155461.7972484,1762155460.0098226,0.709,0.8,10,4,0,90.8,104.4999999999759,283.4,0.7141988164917913,0.027225352115466877,-0.003650806378436733,117.03,ripe
1762155461.8073776,1762155460.0098226,0.708,0.8,12,4,0,90.8,104.4999999999759,283.4,0.714121816946366,0.02722149947726615,-0.004847811889688747,117.03,ripe
1762155461.8174465,1762155460.0098226,0.707,0.8,10,4,0,90.8,104.4999999999759,283.35,0.714020346708732,0.02721682783626167,-0.0058833441803933795,117.03,ripe
1762155461.8275154,1762155460.0098226,0.706,0.8,10,3,0,90.8,104.4999999999759,283.3,0.7138976018195178,0.027211409708708625,-0.006829100555348466,117.03,ripe
1762155461.8375907,1762155460.0098226,0.705,0.8,10,3,0,90.8,104.4999999999759,283.25,0.7137553804759432,0.027205288817986797,-0.007721129843858532,117.03,ripe
1762155461.8476565,1762155460.0098226,0.706,0.8,11,3,0,90.8,104.4999999999759,283.2,0.7135947775923756,0.027199286433069132,-0.007577652276333224,117.03,ripe
1762155461.8577607,1762155460.0098226,0.707,0.8,11,2,0,90.8,104.4999999999759,283.1,0.7134373090819693,0.027193802319881895,-0.00692874642394814,117.03,ripe
1762155461.8678238,1762155460.0098226,0.708,0.8,11,2,0,90.75,104.4999999999759,282.95,0.7139732928771668,0.027188483402275716,-0.00671901154815624,117.03,ripe
1762155461.8778934,1762155460.0098226,0.705,0.8,10,2,0,90.75,104.4999999999759,282.8,0.714173494252343,0.02718211581738713,-0.008046353587837674,117.03,ripe
1762155461.8880036,1762155460.0098226,0.704,0.8,11,2,0,90.75,104.4999999999759,282.7,0.7141761186978487,0.02717490851414139,-0.009112548365596052,117.03,ripe
1762155461.8980787,1762155460.0098226,0.702,0.8,10,2,0,90.75,104.4999999999759,282.6,0.7140716757824862,0.027166577847732076,-0.01053989061635996,117.03,ripe
1762155461.9081457,1762155460.0098226,0.7,0.8,9,2,0,90.75,104.4999999999759,282.5,0.7138952188702421,0.027156997722422464,-0.012129326287178999,117.03,ripe
1762155461.918227,1762155460.0098226,0.699,0.8,11,3,0,90.7,104.4999999999759,282.45,0.7143436090885746,0.027145969113634583,-0.01396066279704311,117.03,ripe
1762155461.92835,1762155460.0098226,0.699,0.8,10,4,0,90.7,104.4999999999759,282.45,0.714403438456172,0.027134350593387837,-0.014711965310406305,117.03,ripe
1762155461.9384632,1762155460.0098226,0.698,0.8,11,2,0,90.7,104.4999999999759,282.45,0.7142725618559389,0.027122174205043665,-0.015426825283056056,117.03,ripe
1762155461.9485874,1762155460.0098226,0.7,0.8,12,3,0,90.7,104.4999999999759,282.5,0.7140394414251097,0.027110644954948606,-0.014616573138668265,117.03,ripe
1762155461.9587047,1762155460.0098226,0.703,0.8,12,4,0,90.65,104.4999999999759,282.54999999999995,0.7144573636682197,0.027100194723082838,-0.013245929524998923,117.03,ripe
1762155461.9688401,1762155460.0098226,0.7,0.8,11,2,0,90.65,104.4999999999759,282.5,0.7145425507205326,0.02708920278632623,-0.013936833648922287,117.03,ripe
1762155461.9789484,1762155460.0098226,0.699,0.8,10,3,0,90.65,104.4999999999759,282.5,0.7144329495935959,0.027077670461222128,-0.014630091057790784,117.03,ripe
1762155461.9890878,1762155460.0098226,0.697,0.8,11,3,0,90.65,104.4999999999759,282.5,0.7142188751735042,0.027065210515553346,-0.015817445905601635,117.03,ripe
1762155461.9992423,1762155460.0098226,0.695,0.8,11,2,0,90.65,104.4999999999759,282.5,0.7139352383270101,0.02705164402068855,-0.01723452369305889,117.03,ripe
1762155462.0094104,1762155460.0098226,0.696,0.8,11,3,0,90.65,104.4999999999759,282.6,0.7135998730110714,0.027038075683565668,-0.01724951569409583,117.03,ripe
1762155462.0195146,1762155460.0098226,0.693,0.8,10,2,0,90.65,104.4999999999759,282.7,0.7132531940468575,0.027023473084821906,-0.018578015388369784,117.03,ripe
1762155462.029717,1762155460.0098226,0.691,0.8,10,3,0,90.65,104.4999999999759,282.79999999999995,0.7128736017706941,0.02700773592241453,-0.020036012441450368,117.03,ripe
1762155462.03984,1762155460.0098226,0.693,0.8,10,4,0,90.65,104.4999999999759,282.79999999999995,0.7124612661657272,0.026992397392079044,-0.01954247150110544,117.03,ripe
1762155462.0499449,1762155460.0098226,0.692,0.8,10,3,0,90.65,104.4999999999759,282.85,0.712058040266485,0.02697702558342357,-0.019598642934174126,117.03,ripe
1762155462.060051,1762155460.0098226,0.691,0.8,10,3,0,90.65,104.4999999999759,282.9,0.7116532338219105,0.026961409721391077,-0.019923535155755068,117.03,ripe
1762155462.0701387,1762155460.0098226,0.689,0.8,10,3,0,90.65,104.4999999999759,282.85,0.7112416381188045,0.026945057760924773,-0.020876788785726852,117.03,ripe
1762155462.0802422,1762155460.0098226,0.689,0.8,11,3,0,90.65,104.4999999999759,282.8,0.7108104486736865,0.0269285199685581,-0.02112802400714775,117.03,ripe
1762155462.0903697,1762155460.0098226,0.689,0.8,10,4,0,90.65,104.4999999999759,282.70000000000005,0.7103742692945304,0.026912067182355684,-0.02103305696126101,117.03,ripe
1762155462.1004846,1762155460.0098226,0.689,0.8,11,3,0,90.65,104.4999999999759,282.6,0.7099402885592497,0.026895830731704765,-0.020769682392615008,117.03,ripe
1762155462.11058,1762155460.0098226,0.691,0.8,12,3,0,90.65,104.4999999999759,282.55,0.7095119928599108,0.0268806535929557,-0.019426689776593453,117.03,ripe
1762155462.1206706,1762155460.0098226,0.691,0.8,10,3,0,90.65,104.4999999999759,282.6,0.7091116308671037,0.026866155377508413,-0.0185689793254451,117.03,ripe
1762155462.130753,1762155460.0098226,0.692,0.8,11,3,0,90.65,104.4999999999759,282.6,0.7087291734040816,0.026852532837973467,-0.01745784763325231,117.03,ripe
1762155462.1408567,1762155460.0098226,0.694,0.8,11,3,0,90.7,104.4999999999759,282.70000000000005,0.7076985002188784,0.026840796691720098,-0.015062837333463697,117.03,ripe
1762155462.150948,1762155460.0098226,0.691,0.8,10,2,0,90.7,104.4999999999759,282.8,0.7070536854892763,0.026828937476979734,-0.01523585404656902,117.03,ripe
1762155462.1610744,1762155460.0098226,0.688,0.8,11,1,0,90.7,104.4999999999759,282.9,0.7065736039472282,0.02681597558166044,-0.016664688225874635,117.03,ripe
1762155462.1711962,1762155460.0098226,0.6829999999999999,0.8,10,1,0,90.7,104.4999999999759,283.04999999999995,0.7061484366485369,0.026800666646098436,-0.019693978787860056,117.03,ripe
1762155462.1812983,1762155460.0098226,0.681,0.8,10,3,0,90.7,104.4999999999759,283.15,0.7057034286633658,0.026783592640600654,-0.021976199733027335,117.03,ripe
1762155462.1913972,1762155460.0098226,0.681,0.8,10,4,0,90.7,104.4999999999759,283.25,0.7052329188237996,0.026765833390069,-0.022869304358630327,117.03,ripe
1762155462.2015026,1762155460.0098226,0.681,0.8,10,4,0,90.7,104.4999999999759,283.25,0.7047548485217299,0.026747924192072284,-0.023073041289145224,117.03,ripe
1762155462.211599,1762155460.0098226,0.68,0.8,10,3,0,90.7,104.4999999999759,283.25,0.7042780681599937,0.026729740448654626,-0.023437164543701372,117.03,ripe
1762155462.2216756,1762155460.0098226,0.678,0.8,10,4,0,90.7,104.4999999999759,283.25,0.7037966763286925,0.026710836298777275,-0.02437622452054633,117.03,ripe
1762155462.2317452,1762155460.0098226,0.677,0.8,10,3,0,90.7,104.4999999999759,283.2,0.7032976239815633,0.026691388813561926,-0.025087398077490164,117.03,ripe
1762155462.2418182,1762155460.0098226,0.678,0.8,10,4,0,90.7,104.4999999999759,283.15,0.7027849191036741,0.026672265161821307,-0.024679806151637562,117.03,ripe
1762155462.251884,1762155460.0098226,0.677,0.8,9,5,0,90.7,104.4999999999759,283.05,0.7022810672986073,0.026653111485409924,-0.024728510822588978,117.03,ripe
1762155462.2619746,1762155460.0098226,0.676,0.8,10,5,0,90.7,104.4999999999759,283.0,0.701776588087865,0.02663375491813574,-0.025000309849855906,117.03,ripe
1762155462.2720873,1762155460.0098226,0.676,0.8,11,4,0,90.7,104.4999999999759,282.9,0.7012668482739536,0.026614499936848477,-0.024878709154949052,117.03,ripe
1762155462.2821567,1762155460.0098226,0.676,0.8,10,5,0,90.7,104.4999999999759,282.8,0.7007598239475595,0.026595494357492085,-0.024565754388057193,117.03,ripe
1762155462.2922194,1762155460.0098226,0.677,0.8,10,5,0,90.75,104.4999999999759,282.75,0.6995944993644988,0.026577724894355368,-0.022997464584747607,117.03,ripe
1762155462.3023233,1762155460.0098226,0.677,0.8,11,3,0,90.75,104.4999999999759,282.79999999999995,0.6987948419233949,0.02656074225230365,-0.021996324533519296,117.03,ripe
1762155462.3123846,1762155460.0098226,0.675,0.8,11,3,0,90.75,104.4999999999759,282.8,0.6981823160956558,0.026543547308200126,-0.02228305740071801,117.03,ripe
1762155462.3224473,1762155460.0098226,0.673,0.8,10,2,0,90.7,104.4999999999759,282.8,0.6983109630589222,0.026525125003604478,-0.02386133371145327,117.03,ripe
1762155462.3325107,1762155460.0098226,0.673,0.8,11,2,0,90.7,104.4999999999759,282.8,0.6981164240549904,0.0265062916491172,-0.024391609381255952,117.03,ripe
1762155462.3425732,1762155460.0098226,0.673,0.8,10,3,0,90.7,104.4999999999759,282.8,0.6977657034707564,0.02648745157368962,-0.02440329613388914,117.03,ripe
1762155462.352636,1762155460.0098226,0.672,0.8,10,3,0,90.7,104.4999999999759,282.85,0.6973421736256045,0.026468416823555795,-0.02466096995717082,117.03,ripe
1762155462.3626971,1762155460.0098226,0.672,0.8,10,3,0,90.75,104.4999999999759,282.95000000000005,0.6962155174127727,0.026450010572499242,-0.02387491557855581,117.03,ripe
1762155462.3727584,1762155460.0098226,0.672,0.8,10,3,0,90.75,104.4999999999759,283.15,0.6954188219943485,0.026432099953684816,-0.02324852107723996,117.03,ripe
1762155462.3828316,1762155460.0098226,0.674,0.8,10,4,0,90.75,104.4999999999759,283.25,0.6947917530377704,0.02641538509693368,-0.021706602579216194,117.03,ripe
1762155462.392896,1762155460.0098226,0.674,0.8,10,3,0,90.75,104.4999999999759,283.25,0.694274354097487,0.026399426458047694,-0.02073177886820976,117.03,ripe
1762155462.4030075,1762155460.0098226,0.675,0.8,10,3,0,90.75,104.4999999999759,283.25,0.6938159206208023,0.02638438594178398,-0.019544633006163714,117.03,ripe
1762155462.4131358,1762155460.0098226,0.676,0.8,10,2,0,90.75,104.4999999999759,283.25,0.6934011480939315,0.02637033331389752,-0.018265504286612222,117.03,ripe
1762155462.4232197,1762155460.0098226,0.675,0.8,11,2,0,90.75,104.4999999999759,283.35,0.6930220970720385,0.026356523344239442,-0.017954275168378886,117.03,ripe
1762155462.4333367,1762155460.0098226,0.673,0.8,9,3,0,90.75,104.4999999999759,283.55,0.6926542997282645,0.026342204180569376,-0.018620388776434682,117.03,ripe
1762155462.443443,1762155460.0098226,0.674,0.8,10,4,0,90.75,104.4999999999759,283.7,0.6922755576643056,0.026328166221857213,-0.018258602188390594,117.03,ripe
1762155462.4535491,1762155460.0098226,0.673,0.8,10,4,0,90.75,104.4999999999759,283.8,0.6919054235619168,0.026314024824674338,-0.018396945823959232,117.03,ripe
1762155462.4636142,1762155460.0098226,0.672,0.8,11,4,0,90.75,104.4999999999759,283.95,0.691533179691828,0.026299592707809957,-0.018778940822849255,117.03,ripe
1762155462.4737875,1762155460.0098226,0.673,0.8,10,4,0,90.75,104.4999999999759,284.20000000000005,0.6911535998444001,0.02628554951617746,-0.0182764804099107,117.03,ripe
1762155462.4838607,1762155460.0098226,0.6739999999999999,0.8,10,4,0,90.75,104.4999999999759,284.45,0.6907843929456954,0.026272223983997617,-0.017345833228450735,117.03,ripe
1762155462.4939802,1762155460.0098226,0.675,0.8,11,4,0,90.75,104.4999999999759,284.6,0.6904341220912908,0.026259769664499694,-0.016214842232668447,117.03,ripe
1762155462.504104,1762155460.0098226,0.675,0.8,10,3,0,90.75,104.4999999999759,284.7,0.6901067846610043,0.026247868799598225,-0.015497144731693058,117.03,ripe
1762155462.5142043,1762155460.0098226,0.675,0.8,11,3,0,90.8,104.4999999999759,284.65,0.6891378142638445,0.026236873975470414,-0.014332994299188773,117.03,ripe
1762155462.5243075,1762155460.0098226,0.6779999999999999,0.8,12,3,0,90.8,104.4999999999759,284.55,0.6885211747625142,0.026227583234715735,-0.012118764780186364,117.03,ripe
1762155462.5344017,1762155460.0098226,0.6779999999999999,0.8,11,2,0,90.8,104.4999999999759,284.45,0.6881134353707515,0.026219220376540824,-0.010912230379587662,117.03,ripe
1762155462.544502,1762155460.0098226,0.677,0.8,11,2,0,90.8,104.4999999999759,284.4,0.687812087904059,0.026211013179275894,-0.010711485408477106,117.03,ripe
1762155462.5545871,1762155460.0098226,0.677,0.8,11,2,0,90.8,104.4999999999759,284.35,0.6875558315819876,0.02620296505056401,-0.010505530334196655,117.03,ripe
1762155462.564718,1762155460.0098226,0.677,0.8,10,3,0,90.8,104.4999999999759,284.3,0.6873242449333026,0.02619507604916464,-0.010299094309407009,117.03,ripe
1762155462.5748436,1762155460.0098226,0.6779999999999999,0.8,10,4,0,90.8,104.4999999999759,284.15,0.6871070775163628,0.026187727543016074,-0.009594502204415045,117.03,ripe
1762155462.5849588,1762155460.0098226,0.6779999999999999,0.8,10,4,0,90.8,104.4999999999759,284.05,0.6869092083914022,0.026180717929088645,-0.009152920735428394,117.03,ripe
1762155462.5950959,1762155460.0098226,0.677,0.8,10,3,0,90.8,104.4999999999759,283.95000000000005,0.6867227880644882,0.026173562141894664,-0.009344644236501276,117.03,ripe
1762155462.6052017,1762155460.0098226,0.677,0.8,11,3,0,90.8,104.4999999999759,283.9,0.6865338130247298,0.02616640690901612,-0.009344741110736354,117.03,ripe
1762155462.6153252,1762155460.0098226,0.677,0.8,12,3,0,90.8,104.4999999999759,283.8,0.6863454920702159,0.02615932409000417,-0.009250956113219133,117.03,ripe
1762155462.6254344,1762155460.0098226,0.6779999999999999,0.8,11,3,0,90.8,104.4999999999759,283.6,0.6861593902177082,0.026152730929042294,-0.008612122239209818,117.03,ripe
1762155462.6355312,1762155460.0098226,0.6779999999999999,0.8,11,3,0,90.8,104.4999999999759,283.4,0.6859862918969862,0.026146444094657176,-0.008212657907737064,117.03,ripe
1762155462.6456292,1762155460.0098226,0.6779999999999999,0.8,10,4,0,90.8,104.4999999999759,283.25,0.6858213083977748,0.026140370680016647,-0.007934491403150168,117.03,ripe
1762155462.6557279,1762155460.0098226,0.677,0.8,10,1,0,90.8,104.4999999999759,283.15,0.6856619628250277,0.026134080319501343,-0.008218554327715344,117.03,ripe
1762155462.6658359,1762155460.0098226,0.6779999999999999,0.8,10,3,0,90.8,104.4999999999759,283.1,0.6854969467198164,0.026128129716107788,-0.0077752424711603485,117.03,ripe
1762155462.6759655,1762155460.0098226,0.6819999999999999,0.8,11,4,0,90.8,104.4999999999759,283.0,0.6853408524208854,0.02612393603624963,-0.005480000296557375,117.03,ripe
1762155462.6860995,1762155460.0098226,0.6839999999999999,0.8,10,5,0,90.77,104.4999999999759,282.95,0.6856227062542607,0.026121109100508952,-0.003692280192096775,117.03,ripe
1762155462.6962228,1762155460.0098226,0.6849999999999999,0.8,11,4,0,90.77,104.4999999999759,282.95000000000005,0.6857444191522863,0.02611936374806618,-0.002279206121204469,117.03,ripe
1762155462.7063205,1762155460.0098226,0.6859999999999999,0.8,11,4,0,90.77,104.4999999999759,282.95000000000005,0.6857965456556671,0.026118548985737594,-0.0010639391401261467,117.03,ripe
1762155462.7164152,1762155460.0098226,0.6869999999999999,0.8,11,3,0,90.77,104.4999999999759,283.0,0.6858241247088538,0.02611858128473903,4.217854891663819e-05,117.03,ripe
1762155462.726523,1762155460.0098226,0.6869999999999999,0.8,12,2,0,90.77,104.4999999999759,283.05,0.6858494586786593,0.026119028225582888,0.000583692950225867,117.03,ripe
1762155462.7366405,1762155460.0098226,0.6849999999999999,0.8,10,1,0,90.77,104.4999999999759,283.05,0.6858734380650121,0.02611890812501482,-0.00015686225056954495,117.03,ripe
1762155462.7467625,1762155460.0098226,0.6819999999999999,0.8,9,2,0,90.77,104.4999999999759,283.05,0.6858764058216401,0.02611736311575028,-0.00201811791441886,117.03,ripe
1762155462.7568793,1762155460.0098226,0.6799999999999999,0.8,10,2,0,90.77,104.4999999999759,282.95,0.6858388948300314,0.02611437022768604,-0.003909750876420759,117.03,ripe
1762155462.7669573,1762155460.0098226,0.678,0.8,11,2,0,90.77,104.4999999999759,282.9,0.6857618320596123,0.026109932906044433,-0.00579726008280701,117.03,ripe
1762155462.7771614,1762155460.0098226,0.676,0.8,11,2,0,90.77,104.4999999999759,282.9,0.6856460731830133,0.026104067491875025,-0.007663787194610694,117.03,ripe
1762155462.7872574,1762155460.0098226,0.676,0.8,11,4,0,90.77,104.4999999999759,282.85,0.6854924299576995,0.02609756173746963,-0.008501286963498278,117.03,ripe
1762155462.79737,1762155460.0098226,0.676,0.8,11,4,0,90.77,104.4999999999759,282.8,0.6853217800841321,0.026090807977146437,-0.008826208587031537,117.03,ripe
1762155462.8074703,1762155460.0098226,0.675,0.8,9,4,0,90.77,104.4999999999759,282.75,0.685144521933688,0.02608361832737891,-0.0093967361851377,117.03,ripe
1762155462.8175995,1762155460.0098226,0.674,0.8,10,3,0,90.77,104.4999999999759,282.70000000000005,0.6849557695170461,0.026075905171437194,-0.010081876642770826,117.03,ripe
1762155462.8277073,1762155460.0098226,0.676,0.8,11,3,0,90.77,104.4999999999759,282.70000000000005,0.6847532459290402,0.026068778364509305,-0.009316299491902491,117.03,ripe
1762155462.8378365,1762155460.0098226,0.677,0.8,11,3,0,90.77,104.4999999999759,282.70000000000005,0.6845661079188265,0.026062393133900644,-0.008347634700257678,117.03,ripe
1762155462.8479311,1762155460.0098226,0.68,0.8,12,4,0,90.77,104.4999999999759,282.75,0.6843984377310985,0.02605758284676662,-0.006289201121814081,117.03,ripe
1762155462.8580143,1762155460.0098226,0.681,0.8,11,3,0,90.77,104.4999999999759,282.75,0.6842721225740759,0.026053974976271807,-0.0047175042694336256,117.03,ripe
1762155462.868121,1762155460.0098226,0.6819999999999999,0.8,11,3,0,90.77,104.4999999999759,282.75,0.6841773813860964,0.026051374872735254,-0.003400072233775364,117.03,ripe
1762155462.8782125,1762155460.0098226,0.6839999999999999,0.8,12,3,0,90.82,104.4999999999759,282.8,0.6834578190408832,0.02605055807496558,-0.001069164464722716,117.03,ripe
1762155462.8882887,1762155460.0098226,0.6839999999999999,0.8,13,1,0,90.82,104.4999999999759,282.85,0.6831107587481337,0.02605062188599029,8.356853994662128e-05,117.03,ripe
1762155462.8983521,1762155460.0098226,0.6849999999999999,0.8,11,3,0,90.77,104.4999999999759,282.95,0.6836008813794167,0.026051001087186908,0.0004962822646233933,117.03,ripe
1762155462.908429,1762155460.0098226,0.688,0.8,12,4,0,90.77,104.4999999999759,283.04999999999995,0.6838550603211716,0.026052677611321025,0.0021935215008483944,117.03,ripe
1762155462.918499,1762155460.0098226,0.691,0.8,11,4,0,90.77,104.4999999999759,283.15,0.684021192100402,0.026056119733077306,0.004503098810607953,117.03,ripe
1762155462.9285817,1762155460.0098226,0.693,0.8,12,3,0,90.82,104.4999999999759,283.2,0.6835212321433632,0.02606164964382089,0.007240913312141717,117.03,ripe
1762155462.9387107,1762155460.0098226,0.695,0.8,11,3,0,90.82,104.4999999999759,283.2,0.6833710667777669,0.026068909211164507,0.009510005949985523,117.03,ripe
1762155462.9487853,1762155460.0098226,0.694,0.8,10,3,0,90.82,104.4999999999759,283.2,0.683413766349874,0.026076561543814866,0.010026770014002206,117.03,ripe
1762155462.9588559,1762155460.0098226,0.693,0.8,10,3,0,90.82,104.4999999999759,283.2,0.6835405276976583,0.02608394820511955,0.009679740484279886,117.03,ripe
1762155462.9689703,1762155460.0098226,0.692,0.8,10,4,0,90.87,104.4999999999759,283.25,0.6830451190278181,0.026091240234017442,0.009565015063150994,117.03,ripe
1762155462.9790533,1762155460.0098226,0.691,0.8,11,2,0,90.87,104.4999999999759,283.35,0.682891457826016,0.026098032610678244,0.008913609219468488,117.03,ripe
1762155462.9891732,1762155460.0098226,0.689,0.8,10,2,0,90.87,104.4999999999759,283.45,0.6828968846042845,0.026103751020248197,0.007505648918457619,117.03,ripe
1762155462.9992676,1762155460.0098226,0.6869999999999999,0.8,10,3,0,90.87,104.4999999999759,283.5,0.6829603213263631,0.02610812468687259,0.005740945435007916,117.03,ripe
1762155463.0093832,1762155460.0098226,0.6869999999999999,0.8,11,2,0,90.87,104.4999999999759,283.54999999999995,0.68303164634785,0.026111795997706272,0.004818987032835564,117.03,ripe
1762155463.019497,1762155460.0098226,0.6869999999999999,0.8,11,3,0,90.87,104.4999999999759,283.55,0.6831061386002963,0.026115086659814216,0.004319178090046449,117.03,ripe
1762155463.0295925,1762155460.0098226,0.6849999999999999,0.8,10,3,0,90.87,104.4999999999759,283.55,0.6831814460291116,0.026117396180379414,0.0030312123160597393,117.03,ripe
1762155463.0396998,1762155460.0098226,0.6859999999999999,0.8,11,3,0,90.82,104.4999999999759,283.55,0.6838894089640485,0.026119086933045235,0.002216920208537143,117.03,ripe
1762155463.0498075,1762155460.0098226,0.6859999999999999,0.8,10,3,0,90.82,104.4999999999759,283.6,0.684257475093324,0.02612045709364429,0.0017956894929688216,117.03,ripe
1762155463.0599704,1762155460.0098226,0.6869999999999999,0.8,11,3,0,90.82,104.4999999999759,283.6,0.6844552752207091,0.026122037933651483,0.0020713070724371896,117.03,ripe
1762155463.0700853,1762155460.0098226,0.6869999999999999,0.8,11,2,0,90.82,104.4999999999759,283.65,0.6845776567398073,0.02612370622040707,0.0021856344067657796,117.03,ripe
1762155463.0801575,1762155460.0098226,0.6859999999999999,0.8,10,3,0,90.82,104.4999999999759,283.75,0.6846618587010906,0.026125018997188536,0.001719786872195872,117.03,ripe
1762155463.0902286,1762155460.0098226,0.6839999999999999,0.8,9,3,0,90.82,104.4999999999759,283.8,0.6847165062312819,0.026125381068665403,0.00047431655536134265,117.03,ripe
1762155463.1002972,1762155460.0098226,0.6829999999999999,0.8,9,3,0,90.82,104.4999999999759,283.9,0.6847361168269388,0.026124891980003808,-0.0006407054336172724,117.03,ripe
1762155463.1103828,1762155460.0098226,0.681,0.8,10,2,0,90.82,104.4999999999759,283.95000000000005,0.6847283583992458,0.026123227358209353,-0.002180652702585051,117.03,ripe
1762155463.120469,1762155460.0098226,0.678,0.8,10,2,0,90.82,104.4999999999759,283.95000000000005,0.684687259021559,0.02611985835633363,-0.004413406173228607,117.03,ripe
1762155463.1305726,1762155460.0098226,0.675,0.8,10,1,0,90.82,104.4999999999759,283.95000000000005,0.6846002226640946,0.02611454290996486,-0.006963296239929306,117.03,ripe
1762155463.140693,1762155460.0098226,0.675,0.8,11,3,0,90.82,104.4999999999759,283.95000000000005,0.6844615373711745,0.026108326918327974,-0.008143074159091879,117.03,ripe
1762155463.1507838,1762155460.0098226,0.674,0.8,10,3,0,90.82,104.4999999999759,283.9,0.6842989324551265,0.026101350202537513,-0.00913970084908522,117.03,ripe
1762155463.1608863,1762155460.0098226,0.677,0.8,10,4,0,90.82,104.4999999999759,283.85,0.6841162308136145,0.02609521556097196,-0.008036615010593828,117.03,ripe
1762155463.1710134,1762155460.0098226,0.677,0.8,10,3,0,90.82,104.4999999999759,283.8,0.6839555208741952,0.02608955491584605,-0.00741571297268484,117.03,ripe
1762155463.1811233,1762155460.0098226,0.677,0.8,10,5,0,90.82,104.4999999999759,283.7,0.6838071948634513,0.026084183168901008,-0.007037290912696115,117.03,ripe
1762155463.1912377,1762155460.0098226,0.675,0.8,10,3,0,90.82,104.4999999999759,283.70000000000005,0.6836664211205232,0.026078243411444584,-0.007781469145145659,117.03,ripe
1762155463.2013493,1762155460.0098226,0.675,0.8,11,4,0,90.82,104.4999999999759,283.65,0.6835107499480236,0.026072084770697106,-0.008068273960334826,117.03,ripe
1762155463.2114403,1762155460.0098226,0.674,0.8,10,4,0,90.82,104.4999999999759,283.6,0.6833493369081668,0.026065498849536614,-0.008628098914322369,117.03,ripe
1762155463.221541,1762155460.0098226,0.673,0.8,10,3,0,90.82,104.4999999999759,283.55,0.6831767223810755,0.026058387812444246,-0.00931610338415323,117.03,ripe
1762155463.2316427,1762155460.0098226,0.672,0.8,10,3,0,90.82,104.4999999999759,283.5,0.6829903433318605,0.026050708976787386,-0.010060033833399373,117.03,ripe
1762155463.241746,1762155460.0098226,0.673,0.8,10,2,0,90.82,104.4999999999759,283.5,0.6827890816656275,0.026043210407731134,-0.009823926916396886,117.03,ripe
1762155463.2518528,1762155460.0098226,0.677,0.8,11,4,0,90.82,104.4999999999759,283.5,0.6825925444787369,0.02603740178131317,-0.00760996710412154,117.03,ripe
1762155463.261969,1762155460.0098226,0.678,0.8,10,3,0,90.82,104.4999999999759,283.5,0.6824403005343045,0.026032860975330644,-0.00594901184699681,117.03,ripe
1762155463.2720633,1762155460.0098226,0.677,0.8,10,2,0,90.82,104.4999999999759,283.5,0.6823212860864729,0.02602860518258486,-0.005575641742818993,117.03,ripe
1762155463.2821836,1762155460.0098226,0.677,0.8,11,2,0,90.82,104.4999999999759,283.55,0.6822097417970839,0.02602453162538977,-0.005336919625256953,117.03,ripe
1762155463.2922869,1762155460.0098226,0.673,0.8,10,1,0,90.82,104.4999999999759,283.65,0.6821029738822364,0.026019061570770316,-0.007166562796322884,117.03,ripe
1762155463.3024049,1762155460.0098226,0.671,0.8,10,3,0,90.82,104.4999999999759,283.7,0.6819596037602773,0.02601219870303943,-0.008991398217320534,117.03,ripe
1762155463.3125117,1762155460.0098226,0.671,0.8,11,2,0,90.82,104.4999999999759,283.75,0.6817797280018585,0.026004722032415283,-0.009795625230380134,117.03,ripe
1762155463.322618,1762155460.0098226,0.671,0.8,10,3,0,90.82,104.4999999999759,283.85,0.6815837644672029,0.025997019408041094,-0.010091713081463727,117.03,ripe
1762155463.332703,1762155460.0098226,0.672,0.8,11,4,0,90.87,104.4999999999759,283.95,0.6807319531983556,0.02599016710372641,-0.008985927505485991,117.03,ripe
1762155463.3428261,1762155460.0098226,0.673,0.8,11,4,0,90.87,104.4999999999759,284.05,0.6802276485216793,0.025984180028048674,-0.00785463567524447,117.03,ripe
1762155463.3529434,1762155460.0098226,0.669,0.8,9,3,0,90.87,104.4999999999759,284.15,0.6799085506586285,0.025977151923501064,-0.009222044235411064,117.03,ripe
1762155463.3630981,1762155460.0098226,0.669,0.8,11,3,0,90.87,104.4999999999759,284.15,0.6796434729183988,0.025969683610078058,-0.009800219706790014,117.03,ripe
1762155463.37319,1762155460.0098226,0.668,0.8,11,2,0,90.87,104.4999999999759,284.1,0.6794075008702077,0.025961692750516262,-0.010485874264403283,117.03,ripe
1762155463.383296,1762155460.0098226,0.666,0.8,10,3,0,90.87,104.4999999999759,284.0,0.6791781649259292,0.025952763122466787,-0.011717351623026895,117.03,ripe
1762155463.3934088,1762155460.0098226,0.666,0.8,11,3,0,90.87,104.4999999999759,283.95,0.678934421081807,0.02594346216072775,-0.012204014430355792,117.03,ripe
1762155463.4034984,1762155460.0098226,0.666,0.8,11,3,0,90.82,104.4999999999759,283.95000000000005,0.6793346237611001,0.025933568248577437,-0.012969420435374412,117.03,ripe
1762155463.4136043,1762155460.0098226,0.663,0.8,10,3,0,90.82,104.4999999999759,283.95,0.6793971867671271,0.025922337635634066,-0.014714585104264266,117.03,ripe
1762155463.423711,1762155460.0098226,0.661,0.8,10,3,0,90.82,104.4999999999759,283.95,0.6792637205588864,0.025909800638543604,-0.01642241972745495,117.03,ripe
1762155463.4337904,1762155460.0098226,0.661,0.8,11,4,0,90.82,104.4999999999759,283.9,0.6790155391727236,0.025896748845686095,-0.01709488875700782,117.03,ripe
1762155463.443876,1762155460.0098226,0.661,0.8,11,3,0,90.77,104.4999999999759,283.75,0.6793610584189254,0.02588306862608876,-0.017900733211067443,117.03,ripe
1762155463.4540758,1762155460.0098226,0.661,0.8,10,3,0,90.77,104.4999999999759,283.65,0.6793457805936142,0.02586921813011179,-0.018115617989685195,117.03,ripe
1762155463.4641576,1762155460.0098226,0.661,0.8,10,3,0,90.77,104.4999999999759,283.6,0.6791539592666788,0.025855423886057858,-0.01803887796471426,117.03,ripe
1762155463.4742765,1762155460.0098226,0.661,0.8,11,3,0,90.77,104.4999999999759,283.55,0.6788776226130037,0.025841796334064384,-0.01782008196202145,117.03,ripe
1762155463.4843903,1762155460.0098226,0.662,0.8,11,3,0,90.77,104.4999999999759,283.5,0.6785626900285616,0.025828770226393783,-0.017033919703070555,117.03,ripe
1762155463.4944963,1762155460.0098226,0.664,0.8,10,4,0,90.77,104.4999999999759,283.4,0.6782420761008342,0.02581693478131702,-0.015477690938088595,117.03,ripe
1762155463.5046012,1762155460.0098226,0.666,0.8,12,3,0,90.77,104.4999999999759,283.3,0.6779419972451664,0.02580656657127259,-0.013559804663793473,117.03,ripe
1762155463.5147026,1762155460.0098226,0.668,0.8,11,4,0,90.77,104.4999999999759,283.3,0.6776750852561263,0.0257977862141074,-0.011483988965439784,117.03,ripe
1762155463.5248132,1762155460.0098226,0.667,0.8,10,3,0,90.77,104.4999999999759,283.4,0.6774471904403436,0.02578948994456326,-0.010851642295000352,117.03,ripe
1762155463.5349274,1762155460.0098226,0.667,0.8,10,3,0,90.77,104.4999999999759,283.45000000000005,0.6772306686033845,0.025781514407182217,-0.010432894530712944,117.03,ripe
1762155463.5450213,1762155460.0098226,0.667,0.8,11,3,0,90.77,104.4999999999759,283.45,0.6770218998689717,0.02577377633284488,-0.010123012832635836,117.03,ripe
1762155463.5551426,1762155460.0098226,0.667,0.8,10,3,0,90.77,104.4999999999759,283.35,0.6768190323690064,0.02576623252579155,-0.00986958885083844,117.03,ripe
1762155463.5652657,1762155460.0098226,0.666,0.8,11,2,0,90.77,104.4999999999759,283.35,0.6766210991104351,0.025758477710667364,-0.010146377351351044,117.03,ripe
1762155463.57538,1762155460.0098226,0.665,0.8,10,2,0,90.77,104.4999999999759,283.35,0.6764175411988329,0.02575031548643436,-0.010680180319290855,117.03,ripe
1762155463.5854838,1762155460.0098226,0.665,0.8,10,3,0,90.77,104.4999999999759,283.45,0.6762032429453473,0.02574203584748556,-0.01083456250557624,117.03,ripe
1762155463.5956035,1762155460.0098226,0.664,0.8,9,2,0,90.77,104.4999999999759,283.5,0.6759858404974699,0.02573339996369634,-0.011301500277584364,117.03,ripe
1762155463.605721,1762155460.0098226,0.664,0.8,10,2,0,90.77,104.4999999999759,283.55,0.6757590726214141,0.02572467647437099,-0.011416902511471316,117.03,ripe
1762155463.6158328,1762155460.0098226,0.665,0.8,10,3,0,90.77,104.4999999999759,283.6,0.6755299990061234,0.02571637987425354,-0.010858913951152016,117.03,ripe
1762155463.6259542,1762155460.0098226,0.666,0.8,10,3,0,90.77,104.4999999999759,283.7,0.6753121328933089,0.025708757885630543,-0.009976590365823212,117.03,ripe
1762155463.6360726,1762155460.0098226,0.67,0.8,11,4,0,90.77,104.4999999999759,283.79999999999995,0.6751119807747497,0.025703070958217885,-0.007444209511006772,117.03,ripe
1762155463.6461387,1762155460.0098226,0.671,0.8,11,4,0,90.77,104.4999999999759,283.9,0.6749626427119915,0.025698771189575535,-0.005628757080120006,117.03,ripe
1762155463.6562521,1762155460.0098226,0.671,0.8,10,3,0,90.77,104.4999999999759,284.0,0.6748497311129029,0.02569519425396608,-0.004682788296967111,117.03,ripe
1762155463.6663637,1762155460.0098226,0.669,0.8,10,2,0,90.77,104.4999999999759,284.0,0.6747558009464967,0.02569124361519243,-0.005172329538528753,117.03,ripe
1762155463.6764758,1762155460.0098226,0.669,0.8,11,2,0,90.77,104.4999999999759,284.0,0.6746520572536395,0.025687149622856592,-0.005360321549655489,117.03,ripe
1762155463.6865792,1762155460.0098226,0.668,0.8,10,4,0,90.77,104.4999999999759,284.0,0.6745445490555638,0.025682644707284208,-0.005898681203571843,117.03,ripe
1762155463.6966522,1762155460.0098226,0.667,0.8,10,2,0,90.8,104.4999999999759,283.95000000000005,0.6740410103223525,0.025677898730324868,-0.00621807639635652,117.03,ripe
1762155463.7067559,1762155460.0098226,0.665,0.8,10,3,0,90.8,104.4999999999759,283.9,0.6737238679267399,0.025672319212347076,-0.007312400963741861,117.03,ripe
1762155463.7168348,1762155460.0098226,0.665,0.8,11,3,0,90.75,104.4999999999759,283.85,0.6741230121121405,0.025665891783038457,-0.008417278630641456,117.03,ripe
1762155463.726898,1762155460.0098226,0.667,0.8,12,3,0,90.75,104.4999999999759,283.8,0.6742269359555174,0.025659877120633567,-0.007874069214767854,117.03,ripe
1762155463.7369962,1762155460.0098226,0.667,0.8,10,3,0,90.75,104.4999999999759,283.7,0.6742052526317779,0.025654125443329744,-0.007528819261403141,117.03,ripe
1762155463.7471054,1762155460.0098226,0.67,0.8,12,3,0,90.75,104.4999999999759,283.65,0.6741222728793624,0.02564970657842341,-0.005784056194174991,117.03,ripe
1762155463.7572079,1762155460.0098226,0.667,0.8,10,2,0,90.75,104.4999999999759,283.6,0.6740402228641007,0.025644839346427716,-0.00637111452150696,117.03,ripe
1762155463.7672725,1762155460.0098226,0.668,0.8,10,4,0,90.75,104.4999999999759,283.7,0.6739293482478333,0.025640183449637508,-0.006094794076536458,117.03,ripe
1762155463.777338,1762155460.0098226,0.668,0.8,9,3,0,90.75,104.4999999999759,283.75,0.6738155077142335,0.02563567799428136,-0.005898230628584966,117.03,ripe
1762155463.7874074,1762155460.0098226,0.667,0.8,10,2,0,90.75,104.4999999999759,283.85,0.67370136176657,0.025630909717464755,-0.00624272322374575,117.03,ripe
1762155463.79752,1762155460.0098226,0.668,0.8,10,2,0,90.75,104.4999999999759,283.9,0.6735781798092059,0.025626442590402435,-0.005848860537793654,117.03,ripe
1762155463.8075843,1762155460.0098226,0.668,0.8,10,3,0,90.7,104.4999999999759,283.9,0.6741025087430553,0.025621674353300896,-0.006237849107349258,117.03,ripe
1762155463.8176537,1762155460.0098226,0.668,0.8,10,3,0,90.7,104.4999999999759,283.9,0.6742978830932062,0.025616806799571474,-0.006365553275353153,117.03,ripe
1762155463.8277607,1762155460.0098226,0.668,0.8,10,3,0,90.65,104.4999999999759,283.95,0.6749705723608194,0.02561144529301129,-0.007004407451892791,117.03,ripe
1762155463.8378882,1762155460.0098226,0.665,0.8,10,2,0,90.65,104.4999999999759,284.04999999999995,0.6752296151250551,0.025604747598848187,-0.008746532670591778,117.03,ripe
1762155463.8479807,1762155460.0098226,0.662,0.8,10,2,0,90.65,104.4999999999759,284.1,0.6752531381484332,0.025596314614330536,-0.011011596921201572,117.03,ripe
1762155463.8580906,1762155460.0098226,0.663,0.8,11,2,0,90.65,104.4999999999759,284.1,0.6751307607237318,0.02558750042565819,-0.011509990110115886,117.03,ripe
1762155463.8681555,1762155460.0098226,0.662,0.8,10,3,0,90.65,104.4999999999759,284.1,0.6749482690486374,0.025578206588439623,-0.012137883741829447,117.03,ripe
1762155463.8782263,1762155460.0098226,0.663,0.8,11,3,0,90.6,104.4999999999759,284.1,0.6753675579566619,0.025568657167060742,-0.01246236530325795,117.03,ripe
1762155463.8882957,1762155460.0098226,0.662,0.8,9,3,0,90.6,104.4999999999759,284.15,0.6754475118696357,0.025558697287773616,-0.012994915542933638,117.03,ripe
1762155463.8983746,1762155460.0098226,0.659,0.8,9,2,0,90.6,104.4999999999759,284.25,0.675350385469631,0.025547488865543286,-0.014624087306279954,117.03,ripe
1762155463.9084415,1762155460.0098226,0.656,0.8,9,2,0,90.65,104.4999999999759,284.3,0.6744984879665469,0.025535135047333478,-0.016135338884871397,117.03,ripe
1762155463.9185677,1762155460.0098226,0.657,0.8,11,3,0,90.65,104.4999999999759,284.35,0.6738945940297956,0.02552272931806264,-0.016213019488957814,117.03,ripe
1762155463.9286458,1762155460.0098226,0.658,0.8,11,3,0,90.65,104.4999999999759,284.3,0.6734283976859481,0.025510806799460942,-0.015587610415529252,117.03,ripe
1762155463.9387329,1762155460.0098226,0.657,0.8,11,3,0,90.65,104.4999999999759,284.3,0.6730444500888543,0.02549885975418195,-0.015624056453644841,117.03,ripe
1762155463.9488094,1762155460.0098226,0.657,0.8,11,3,0,90.65,104.4999999999759,284.4,0.6726945874321851,0.02548702214749529,-0.015484390614580401,117.03,ripe
1762155463.9589012,1762155460.0098226,0.656,0.8,10,2,0,90.65,104.4999999999759,284.5,0.6723649697624162,0.025474976263466884,-0.015759871353613897,117.03,ripe
1762155463.9689665,1762155460.0098226,0.657,0.8,10,4,0,90.65,104.4999999999759,284.54999999999995,0.6720385324917394,0.02546333285847961,-0.015235983287338217,117.03,ripe
1762155463.97906,1762155460.0098226,0.657,0.8,11,3,0,90.6,104.4999999999759,284.5,0.6723636314801636,0.025451507676483617,-0.015462356877963046,117.03,ripe
1762155463.9891315,1762155460.0098226,0.657,0.8,10,4,0,90.6,104.4999999999759,284.4,0.6723673667146988,0.025439714356841395,-0.015416729413598507,117.03,ripe
1762155463.9991992,1762155460.0098226,0.657,0.8,10,4,0,90.6,104.4999999999759,284.3,0.672213733071132,0.025428057246311617,-0.015238414420581825,117.03,ripe
1762155464.0092654,1762155460.0098226,0.656,0.8,10,4,0,90.6,104.4999999999759,284.25,0.6719846305107608,0.025416203541750445,-0.015496971185485764,117.03,ripe
1762155464.0193293,1762155460.0098226,0.654,0.8,9,4,0,90.6,104.4999999999759,284.2,0.6717108167493456,0.025403609853537214,-0.01646698708670813,117.03,ripe
1762155464.029398,1762155460.0098226,0.656,0.8,11,4,0,90.6,104.4999999999759,284.2,0.6713976967713662,0.02539154700602348,-0.015775781940047473,117.03,ripe
1762155464.0395095,1762155460.0098226,0.656,0.8,9,4,0,90.6,104.4999999999759,284.20000000000005,0.6710887362204078,0.025379867229037522,-0.015277778804748343,117.03,ripe
1762155464.0496082,1762155460.0098226,0.656,0.8,11,3,0,90.65,104.4999999999759,284.20000000000005,0.6701504708740386,0.025368989053719294,-0.01424499216620878,117.03,ripe
1762155464.0597148,1762155460.0098226,0.656,0.8,10,3,0,90.65,104.4999999999759,284.15,0.6695485830010381,0.02535861298220998,-0.013595843647123296,117.03,ripe
1762155464.0697753,1762155460.0098226,0.655,0.8,10,2,0,90.65,104.4999999999759,284.1,0.6691174720054139,0.025348206197189912,-0.0136411023284565,117.03,ripe
1762155464.0798805,1762155460.0098226,0.657,0.8,10,4,0,90.65,104.4999999999759,284.05,0.6687642779803687,0.025338652371579454,-0.012526093141890016,117.03,ripe
1762155464.0899909,1762155460.0098226,0.657,0.8,11,2,0,90.65,104.4999999999759,284.05,0.6684729339994939,0.02532961290117527,-0.011853841580254487,117.03,ripe
1762155464.1000702,1762155460.0098226,0.659,0.8,11,2,0,90.65,104.4999999999759,284.1,0.6682148235443288,0.02532167923268943,-0.010405277334709084,117.03,ripe
1762155464.1101491,1762155460.0098226,0.66,0.8,10,3,0,90.65,104.4999999999759,284.1,0.6679957126889675,0.02531474859272074,-0.009090939584157631,117.03,ripe
1762155464.1203,1762155460.0098226,0.66,0.8,10,3,0,90.65,104.4999999999759,284.20000000000005,0.6678079737981459,0.025308379317189874,-0.008355587245741036,117.03,ripe
1762155464.1303875,1762155460.0098226,0.659,0.8,10,2,0,90.65,104.4999999999759,284.3,0.667637498731382,0.025301968290499927,-0.00841130545517954,117.03,ripe
1762155464.140493,1762155460.0098226,0.656,0.8,10,2,0,90.65,104.4999999999759,284.35,0.6674671493647352,0.02529445842836386,-0.009854052726633866,117.03,ripe
1762155464.1505895,1762155460.0098226,0.654,0.8,10,3,0,90.65,104.4999999999759,284.45,0.6672684260889885,0.025285724148500173,-0.01146187776993779,117.03,ripe
1762155464.1607103,1762155460.0098226,0.655,0.8,11,3,0,90.65,104.4999999999759,284.55,0.6670377093060171,0.02527685928606117,-0.011634435146491762,117.03,ripe
1762155464.1708395,1762155460.0098226,0.657,0.8,11,3,0,90.6,104.4999999999759,284.65,0.6674356225290496,0.02526829262177908,-0.011233985449286887,117.03,ripe
1762155464.1809416,1762155460.0098226,0.658,0.8,10,4,0,90.6,104.4999999999759,284.75,0.6675251968502106,0.02526034080448573,-0.010424378310329163,117.03,ripe
1762155464.1910727,1762155460.0098226,0.657,0.8,10,3,0,90.6,104.4999999999759,284.85,0.6674729685776715,0.025252389774856828,-0.010422559307730728,117.03,ripe
1762155464.201175,1762155460.0098226,0.659,0.8,11,3,0,90.6,104.4999999999759,284.85,0.6673417671479713,0.025245282789145642,-0.009316562513000948,117.03,ripe
1762155464.2112684,1762155460.0098226,0.659,0.8,10,3,0,90.6,104.4999999999759,284.85,0.6671933879183473,0.025238661474500924,-0.008680785600862051,117.03,ripe
1762155464.2213688,1762155460.0098226,0.658,0.8,9,4,0,90.6,104.4999999999759,284.85,0.6670381098433225,0.02523196397506855,-0.008781808684579895,117.03,ripe
1762155464.2314627,1762155460.0098226,0.656,0.8,10,3,0,90.6,104.4999999999759,284.8,0.6668709540127703,0.02522453462379347,-0.00974280343339895,117.03,ripe
1762155464.2415693,1762155460.0098226,0.657,0.8,10,4,0,90.6,104.4999999999759,284.75,0.6666795246334094,0.025217203461873536,-0.009615449343723714,117.03,ripe
1762155464.2516947,1762155460.0098226,0.655,0.8,10,3,0,90.6,104.4999999999759,284.7,0.666488225476352,0.0252092324664818,-0.010456187831509145,117.03,ripe
1762155464.2618232,1762155460.0098226,0.654,0.8,9,2,0,90.55,104.4999999999759,284.7,0.6669090142794077,0.025200159257328023,-0.0118929954569863,117.03,ripe
1762155464.2719266,1762155460.0098226,0.652,0.8,9,3,0,90.55,104.4999999999759,284.75,0.6669846000541056,0.025189875124487532,-0.01347659064289497,117.03,ripe
1762155464.2820346,1762155460.0098226,0.654,0.8,10,4,0,90.55,104.4999999999759,284.85,0.6668701491577983,0.025179865757618613,-0.01311614445219289,117.03,ripe
1762155464.2921326,1762155460.0098226,0.655,0.8,11,2,0,90.55,104.4999999999759,284.95,0.6666840045327741,0.025170474714564586,-0.012307002179971382,117.03,ripe
1762155464.3022492,1762155460.0098226,0.655,0.8,10,2,0,90.55,104.4999999999759,285.0,0.6664747647793439,0.02516148234921097,-0.011786263602942437,117.03,ripe
1762155464.3123367,1762155460.0098226,0.655,0.8,9,4,0,90.55,104.4999999999759,285.05,0.6662563568149468,0.02515277695811404,-0.011412106226746044,117.03,ripe
1762155464.3224537,1762155460.0098226,0.657,0.8,11,4,0,90.55,104.4999999999759,285.04999999999995,0.6660356893619636,0.025145063546619308,-0.010113564067863234,117.03,ripe
1762155464.3325398,1762155460.0098226,0.657,0.8,10,3,0,90.5,104.4999999999759,285.1,0.666464988568164,0.025137428280082516,-0.010003925921113876,117.03,ripe
1762155464.34264,1762155460.0098226,0.658,0.8,10,3,0,90.5,104.4999999999759,285.1,0.6665792947966852,0.025130291432738087,-0.009348763473160049,117.03,ripe
1762155464.3527265,1762155460.0098226,0.658,0.8,10,2,0,90.5,104.4999999999759,285.1,0.6665483379280447,0.025123472029574084,-0.008933072266282038,117.03,ripe
1762155464.3628173,1762155460.0098226,0.657,0.8,10,2,0,90.5,104.4999999999759,285.15,0.6664465875308014,0.02511649639244728,-0.009138954699920099,117.03,ripe
1762155464.3729868,1762155460.0098226,0.656,0.8,10,2,0,90.45,104.4999999999759,285.25,0.6669290099792892,0.025108647884581156,-0.010275193563848428,117.03,ripe
1762155464.3831608,1762155460.0098226,0.655,0.8,10,3,0,90.45,104.4999999999759,285.3,0.6670542329921795,0.025100070414118176,-0.011227324784459092,117.03,ripe
1762155464.393273,1762155460.0098226,0.657,0.8,10,4,0,90.45,104.4999999999759,285.3,0.6669931147032595,0.025091988204234684,-0.010579660599399299,117.03,ripe
1762155464.403384,1762155460.0098226,0.658,0.8,9,3,0,90.45,104.4999999999759,285.25,0.6668616948643761,0.025084613733526388,-0.009654967812445903,117.03,ripe
1762155464.4134612,1762155460.0098226,0.66,0.8,10,3,0,90.5,104.4999999999759,285.20000000000005,0.6660802541401133,0.025078909398684002,-0.007476890614148135,117.03,ripe
1762155464.4235706,1762155460.0098226,0.657,0.8,9,2,0,90.5,104.4999999999759,285.3,0.665636125674954,0.025072936339491123,-0.007834443911971412,117.03,ripe
1762155464.4336572,1762155460.0098226,0.655,0.8,10,2,0,90.5,104.4999999999759,285.35,0.6653312958992077,0.025066130710252262,-0.008930455017716388,117.03,ripe
1762155464.443775,1762155460.0098226,0.653,0.8,9,3,0,90.5,104.4999999999759,285.4,0.6650775752946065,0.025058225185430258,-0.010377154853860926,117.03,ripe
1762155464.4538581,1762155460.0098226,0.652,0.8,10,3,0,90.55,104.4999999999759,285.45,0.6642048107839066,0.02504996560803962,-0.010854600563533823,117.03,ripe
1762155464.46397,1762155460.0098226,0.65,0.8,9,1,0,90.55,104.4999999999759,285.6,0.6636544839689369,0.025040856064990877,-0.011979378858750556,117.03,ripe
1762155464.474046,1762155460.0098226,0.646,0.8,9,1,0,90.5,104.4999999999759,285.7,0.6638735270799576,0.0250294162385176,-0.015035974524864493,117.03,ripe
1762155464.4841661,1762155460.0098226,0.644,0.8,10,2,0,90.5,104.4999999999759,285.75,0.6638003258082215,0.02501618968653662,-0.017381549530674834,117.03,ripe
1762155464.4942336,1762155460.0098226,0.639,0.8,8,1,0,90.5,104.4999999999759,285.8,0.6635645296776117,0.025000320126994085,-0.020855141538838384,117.03,ripe
1762155464.5042987,1762155460.0098226,0.637,0.8,9,3,0,90.5,104.4999999999759,285.75,0.6632010380869306,0.024982556702868725,-0.023346344017543985,117.03,ripe
1762155464.5144026,1762155460.0098226,0.634,0.8,9,2,0,90.5,104.4999999999759,285.75,0.6627585222976435,0.02496290545578601,-0.0258311752629502,117.03,ripe
1762155464.524477,1762155460.0098226,0.632,0.8,10,1,0,90.5,104.4999999999759,285.75,0.6622515395177272,0.024941769050209152,-0.027787866000380523,117.03,ripe
1762155464.5345447,1762155460.0098226,0.63,0.8,11,2,0,90.5,104.4999999999759,285.75,0.6616979678617817,0.024919359881187122,-0.02946613110310836,117.03,ripe
1762155464.544614,1762155460.0098226,0.63,0.8,10,3,0,90.45,104.4999999999759,285.85,0.6617300223435397,0.02489606059840476,-0.030614103964203054,117.03,ripe
1762155464.554676,1762155460.0098226,0.629,0.8,10,3,0,90.45,104.4999999999759,285.95000000000005,0.6614243019707268,0.024872182982219933,-0.03136634278105843,117.03,ripe
1762155464.564749,1762155460.0098226,0.629,0.8,10,3,0,90.45,104.4999999999759,286.1,0.6609462793924886,0.024848266513184707,-0.0314172997976544,117.03,ripe
1762155464.5748158,1762155460.0098226,0.629,0.8,10,2,0,90.45,104.4999999999759,286.2,0.6603888269513629,0.02482457580534534,-0.031124337153945802,117.03,ripe
1762155464.584909,1762155460.0098226,0.628,0.8,10,3,0,90.45,104.4999999999759,286.25,0.6597982136509433,0.024800857502474148,-0.031165968752234763,117.03,ripe
1762155464.594994,1762155460.0098226,0.627,0.8,9,3,0,90.45,104.4999999999759,286.25,0.6591873054245811,0.024776987767060256,-0.0313711829752269,117.03,ripe
1762155464.6051219,1762155460.0098226,0.626,0.8,9,3,0,90.45,104.4999999999759,286.25,0.6585626007305571,0.02475290747423063,-0.03165453950587993,117.03,ripe
1762155464.6152132,1762155460.0098226,0.625,0.8,9,3,0,90.45,104.4999999999759,286.25,0.6579274183363018,0.024728589796333283,-0.03197338772396319,117.03,ripe
1762155464.6253366,1762155460.0098226,0.625,0.8,10,3,0,90.45,104.4999999999759,286.25,0.6572834880105817,0.024704404194353328,-0.03180647270441239,117.03,ripe
1762155464.635434,1762155460.0098226,0.626,0.8,10,3,0,90.45,104.4999999999759,286.2,0.6566418502856556,0.024680910254519902,-0.030903342632570996,117.03,ripe
1762155464.645527,1762155460.0098226,0.627,0.8,10,3,0,90.45,104.4999999999759,286.15,0.6560179885418891,0.02465837476482997,-0.02964873471534679,117.03,ripe
1762155464.6556182,1762155460.0098226,0.627,0.8,10,3,0,90.45,104.4999999999759,286.1,0.6554192985142275,0.024636538461308966,-0.02873467160095644,117.03,ripe
1762155464.6657112,1762155460.0098226,0.626,0.8,10,3,0,90.45,104.4999999999759,286.05,0.6548390410681597,0.024614887279831563,-0.02849672761152422,117.03,ripe
1762155464.675825,1762155460.0098226,0.625,0.8,10,3,0,90.45,104.4999999999759,285.95,0.6542636283476604,0.024593167584718467,-0.02859247161934264,117.03,ripe
1762155464.6859174,1762155460.0098226,0.624,0.8,10,3,0,90.45,104.4999999999759,285.85,0.6536863566600176,0.02457125585517502,-0.028850778295858803,117.03,ripe
1762155464.6960678,1762155460.0098226,0.624,0.8,10,3,0,90.45,104.4999999999759,285.8,0.6531039617764658,0.024549473216243484,-0.028686172594386328,117.03,ripe
1762155464.7061815,1762155460.0098226,0.623,0.8,10,3,0,90.45,104.4999999999759,285.8,0.6525249886690657,0.02452759593285575,-0.02881609407802599,117.03,ripe
1762155464.7162519,1762155460.0098226,0.623,0.8,10,3,0,90.45,104.4999999999759,285.8,0.6519434951901595,0.024505894921809025,-0.028589047894639563,117.03,ripe
1762155464.726333,1762155460.0098226,0.623,0.8,9,4,0,90.5,104.4999999999759,285.8,0.650754037298147,0.024484984840060148,-0.027576813650387,117.03,ripe
1762155464.736436,1762155460.0098226,0.621,0.8,9,2,0,90.5,104.4999999999759,285.8,0.6498927089430534,0.02446391479614371,-0.02780409711917342,117.03,ripe
1762155464.7465372,1762155460.0098226,0.62,0.8,9,4,0,90.5,104.4999999999759,285.85,0.6491805584225522,0.024442600292330006,-0.028136252510612247,117.03,ripe
1762155464.7566562,1762155460.0098226,0.619,0.8,10,2,0,90.5,104.4999999999759,285.9,0.648538568588376,0.02442100245144175,-0.028516415632406034,117.03,ripe
1762155464.7667508,1762155460.0098226,0.622,0.8,10,4,0,90.5,104.4999999999759,286.0,0.6479273527066832,0.02440061963203036,-0.026916276228698188,117.03,ripe
1762155464.7768342,1762155460.0098226,0.623,0.8,10,3,0,90.5,104.4999999999759,286.05,0.6473675017487157,0.02438141614272624,-0.025361963509723195,117.03,ripe
1762155464.786924,1762155460.0098226,0.622,0.8,10,3,0,90.5,104.4999999999759,286.1,0.6468484942206681,0.02436260546757916,-0.02484572510117189,117.03,ripe
1762155464.7970452,1762155460.0098226,0.622,0.8,10,3,0,90.5,104.4999999999759,286.05,0.6463446813579997,0.024344176897982076,-0.024343296798251646,117.03,ripe
1762155464.80714,1762155460.0098226,0.621,0.8,9,2,0,90.5,104.4999999999759,286.0,0.6458533904553686,0.024325742826974854,-0.02435269817549457,117.03,ripe
1762155464.817225,1762155460.0098226,0.62,0.8,9,3,0,90.55,104.4999999999759,286.05,0.644755001404823,0.024307590172906766,-0.024004655264885932,117.03,ripe
1762155464.8273115,1762155460.0098226,0.616,0.8,9,2,0,90.55,104.4999999999759,286.1,0.6439694261004815,0.02428824506348144,-0.025594253030512992,117.03,ripe
1762155464.8374255,1762155460.0098226,0.614,0.8,9,2,0,90.6,104.4999999999759,286.1,0.6426976211722774,0.024268230952491556,-0.02651003463729318,117.03,ripe
1762155464.8475485,1762155460.0098226,0.614,0.8,11,2,0,90.6,104.4999999999759,286.05,0.6417886833039432,0.024248088254797146,-0.026694890036451202,117.03,ripe
1762155464.8576598,1762155460.0098226,0.613,0.8,9,2,0,90.6,104.4999999999759,286.05,0.6410664847627883,0.02422770541519011,-0.02701958812904226,117.03,ripe
1762155464.8677666,1762155460.0098226,0.612,0.8,10,1,0,90.6,104.4999999999759,286.1,0.6404329305661557,0.02420703022597075,-0.027409482249282635,117.03,ripe
1762155464.8778837,1762155460.0098226,0.612,0.8,10,2,0,90.6,104.4999999999759,286.2,0.6398391066967447,0.02418641717700865,-0.02732738253830813,117.03,ripe
1762155464.8879938,1762155460.0098226,0.612,0.8,11,2,0,90.65,104.4999999999759,286.25,0.6386659743332883,0.024166513582325796,-0.026410112254070084,117.03,ripe
1762155464.8981092,1762155460.0098226,0.61,0.8,10,2,0,90.65,104.4999999999759,286.2,0.6378265143863726,0.024146400087264527,-0.02669858334676345,117.03,ripe
1762155464.9081905,1762155460.0098226,0.61,0.8,10,2,0,90.65,104.4999999999759,286.05,0.6371388467225636,0.024126382177471796,-0.026574881202759082,117.03,ripe
1762155464.918301,1762155460.0098226,0.611,0.8,11,3,0,90.65,104.4999999999759,285.95000000000005,0.6365323030514535,0.024106985266950435,-0.02575032029155122,117.03,ripe
1762155464.9284103,1762155460.0098226,0.611,0.8,10,1,0,90.65,104.4999999999759,285.9,0.6359814104549976,0.024088084168493985,-0.02509041907504639,117.03,ripe
1762155464.9385142,1762155460.0098226,0.61,0.8,10,1,0,90.65,104.4999999999759,285.95,0.6354632145777697,0.024069236014490698,-0.025017718887794027,117.03,ripe
1762155464.9486036,1762155460.0098226,0.61,0.8,10,2,0,90.65,104.4999999999759,285.95,0.6349562155184412,0.02405059996074456,-0.024733467673453413,117.03,ripe
1762155464.9586806,1762155460.0098226,0.609,0.8,10,2,0,90.65,104.4999999999759,285.9,0.634459707910438,0.024031875192883384,-0.02484833398794417,117.03,ripe
1762155464.9687722,1762155460.0098226,0.611,0.8,10,2,0,90.65,104.4999999999759,285.85,0.6339633061612141,0.024014045613528573,-0.023657619199967228,117.03,ripe
1762155464.978868,1762155460.0098226,0.614,0.8,11,2,0,90.65,104.4999999999759,285.85,0.6334917416667535,0.023997961661519924,-0.021338898186130106,117.03,ripe
1762155464.9889688,1762155460.0098226,0.615,0.8,10,3,0,90.7,104.4999999999759,285.8,0.632466888372273,0.02398373450265754,-0.018890466631961367,117.03,ripe
1762155464.9990811,1762155460.0098226,0.619,0.8,10,3,0,90.7,104.4999999999759,285.9,0.6317918303472558,0.02397206167383382,-0.015503619477099995,117.03,ripe
1762155465.0091808,1762155460.0098226,0.62,0.8,11,2,0,90.7,104.4999999999759,286.0,0.6313343612889764,0.023962131211469714,-0.013190255853898436,117.03,ripe
1762155465.0192766,1762155460.0098226,0.622,0.8,11,2,0,90.7,104.4999999999759,286.1,0.630997872442279,0.023953905080597058,-0.010925819724740049,117.03,ripe
1762155465.029355,1762155460.0098226,0.624,0.8,10,3,0,90.7,104.4999999999759,286.2,0.6307437867278892,0.02394734817883842,-0.008707760369119799,117.03,ripe
1762155465.0394616,1762155460.0098226,0.624,0.8,10,3,0,90.7,104.4999999999759,286.15,0.6305524053989224,0.023941674000918116,-0.007534392219537667,117.03,ripe
1762155465.0495427,1762155460.0098226,0.622,0.8,8,3,0,90.7,104.4999999999759,286.15,0.6303936381505024,0.023935735130415775,-0.007884631560810096,117.03,ripe
1762155465.0596085,1762155460.0098226,0.622,0.8,9,4,0,90.7,104.4999999999759,286.1,0.6302325856758989,0.0239297249075565,-0.007978082381052798,117.03,ripe
1762155465.0697067,1762155460.0098226,0.621,0.8,9,3,0,90.7,104.4999999999759,286.05,0.6300719960744571,0.023923362105546648,-0.008444744427034023,117.03,ripe
1762155465.0797682,1762155460.0098226,0.621,0.8,9,3,0,90.7,104.4999999999759,286.0,0.6299032935572915,0.023916889076976467,-0.008589667733579942,117.03,ripe
1762155465.08983,1762155460.0098226,0.62,0.8,9,3,0,90.7,104.4999999999759,285.9,0.6297322738977211,0.023910048887340756,-0.009075460985865424,117.03,ripe
1762155465.099907,1762155460.0098226,0.621,0.8,10,3,0,90.7,104.4999999999759,285.79999999999995,0.6295518793705643,0.023903472975229823,-0.008723472914636488,117.03,ripe
1762155465.1100066,1762155460.0098226,0.621,0.8,9,3,0,90.7,104.4999999999759,285.65,0.6293785894810654,0.023897091399026228,-0.008464386253101419,117.03,ripe
1762155465.1201074,1762155460.0098226,0.62,0.8,9,2,0,90.7,104.4999999999759,285.55,0.6292104895384979,0.02389049095264689,-0.008753387924515965,117.03,ripe
1762155465.1301703,1762155460.0098226,0.619,0.8,9,3,0,90.7,104.4999999999759,285.4,0.6290366632741795,0.023883471194641594,-0.009308112467188545,117.03,ripe
1762155465.140239,1762155460.0098226,0.618,0.8,9,3,0,90.7,104.4999999999759,285.3,0.6288518147950455,0.023875937965726467,-0.00998753939155006,117.03,ripe
1762155465.1503534,1762155460.0098226,0.616,0.8,9,2,0,90.7,104.4999999999759,285.15,0.6286534557547675,0.02386747295633183,-0.011221318053019735,117.03,ripe
1762155465.1604695,1762155460.0098226,0.615,0.8,11,1,0,90.7,104.4999999999759,285.05,0.6284305674971956,0.02385825745589137,-0.012214498646321736,117.03,ripe
1762155465.1705387,1762155460.0098226,0.615,0.8,10,3,0,90.7,104.4999999999759,284.95000000000005,0.6281879210912292,0.023848765001295562,-0.01257988666579235,117.03,ripe
1762155465.1806545,1762155460.0098226,0.614,0.8,10,2,0,90.75,104.4999999999759,284.9,0.6273417644974314,0.02383931172180045,-0.012537747284712908,117.03,ripe
1762155465.1908505,1762155460.0098226,0.616,0.8,11,4,0,90.75,104.4999999999759,284.8,0.6267951040143885,0.023830723984310506,-0.011393095408029352,117.03,ripe
1762155465.2010322,1762155460.0098226,0.618,0.8,11,4,0,90.75,104.4999999999759,284.65,0.6264203686169547,0.02382339819204182,-0.00971936431377518,117.03,ripe
1762155465.2112265,1762155460.0098226,0.618,0.8,10,3,0,90.7,104.4999999999759,284.6,0.6267489377031528,0.023816307305179314,-0.009398435551563056,117.03,ripe
1762155465.2213433,1762155460.0098226,0.617,0.8,9,3,0,90.7,104.4999999999759,284.6,0.6268228805552711,0.023809024400754858,-0.009647629479476283,117.03,ripe
1762155465.231461,1762155460.0098226,0.618,0.8,11,3,0,90.7,104.4999999999759,284.6,0.626761406905198,0.023802096903689427,-0.009173781367300626,117.03,ripe
1762155465.241575,1762155460.0098226,0.618,0.8,9,2,0,90.7,104.4999999999759,284.65,0.6266441276331735,0.023795412192140215,-0.008850314864224829,117.03,ripe
1762155465.2517068,1762155460.0098226,0.618,0.8,10,3,0,90.7,104.4999999999759,284.7,0.6265006702378189,0.023788912632212264,-0.008603763853344493,117.03,ripe
1762155465.2617764,1762155460.0098226,0.619,0.8,11,2,0,90.7,104.4999999999759,284.75,0.6263458076585897,0.02378294590857217,-0.007897354466352535,117.03,ripe
1762155465.271894,1762155460.0098226,0.618,0.8,10,3,0,90.75,104.4999999999759,284.70000000000005,0.6256022631906182,0.023777375962991915,-0.007378036594499537,117.03,ripe
1762155465.2820196,1762155460.0098226,0.619,0.8,10,4,0,90.75,104.4999999999759,284.70000000000005,0.6251625939916733,0.023772432294645783,-0.006550480693613969,117.03,ripe
1762155465.2920988,1762155460.0098226,0.62,0.8,11,3,0,90.75,104.4999999999759,284.70000000000005,0.6248860670699194,0.0237682213299335,-0.005580010420889847,117.03,ripe
1762155465.3021657,1762155460.0098226,0.621,0.8,10,4,0,90.75,104.4999999999759,284.70000000000005,0.6247021167546135,0.02376478817895104,-0.004549088430098713,117.03,ripe
1762155465.3122292,1762155460.0098226,0.624,0.8,11,3,0,90.75,104.4999999999759,284.7,0.6245752581538555,0.023762902198245627,-0.002498743991598107,117.03,ripe
1762155465.322325,1762155460.0098226,0.624,0.8,10,2,0,90.75,104.4999999999759,284.7,0.6245073807221282,0.023761793195581464,-0.0014691236409994923,117.03,ripe
1762155465.3323996,1762155460.0098226,0.626,0.8,11,2,0,90.75,104.4999999999759,284.7,0.624469080228716,0.02376183098129568,5.004831184840519e-05,117.03,ripe
1762155465.3424923,1762155460.0098226,0.626,0.8,9,2,0,90.8,104.4999999999759,284.6,0.6238714499456148,0.023762878187887082,0.0013881143246673444,117.03,ripe
1762155465.3525565,1762155460.0098226,0.624,0.8,9,2,0,90.8,104.4999999999759,284.6,0.6235996197123433,0.023763655143904393,0.0010301624227977424,117.03,ripe
1762155465.3626642,1762155460.0098226,0.625,0.8,10,2,0,90.8,104.4999999999759,284.65,0.6234703417400386,0.023764669189636847,0.0013445493275320297,117.03,ripe
1762155465.3727274,1762155460.0098226,0.627,0.8,11,2,0,90.8,104.4999999999759,284.70000000000005,0.6234221096951991,0.023766543788132595,0.0024853358385862334,117.03,ripe
1762155465.3828256,1762155460.0098226,0.627,0.8,9,3,0,90.85,104.4999999999759,284.7,0.6228397013451576,0.023769267641851104,0.0036140214217350586,117.03,ripe
1762155465.392907,1762155460.0098226,0.626,0.8,8,4,0,90.85,104.4999999999759,284.75,0.6225952555421651,0.023772004095411636,0.0036316058412811936,117.03,ripe
1762155465.4029675,1762155460.0098226,0.626,0.8,9,3,0,90.85,104.4999999999759,284.79999999999995,0.622508999737127,0.023774720125251912,0.0036044309545960607,117.03,ripe
1762155465.4130366,1762155460.0098226,0.627,0.8,10,3,0,90.85,104.4999999999759,284.85,0.6225011481608759,0.02377777654350038,0.004055567184985676,117.03,ripe
1762155465.4231038,1762155460.0098226,0.626,0.8,9,4,0,90.85,104.4999999999759,284.85,0.6225416826261623,0.02378059321479058,0.003736675046768445,117.03,ripe
1762155465.433173,1762155460.0098226,0.629,0.8,10,4,0,90.85,104.4999999999759,284.7,0.6225956790609957,0.023784395848532747,0.005043499775469695,117.03,ripe
1762155465.443256,1762155460.0098226,0.632,0.8,10,4,0,90.85,104.4999999999759,284.6,0.6226853592424335,0.0237897761442446,0.007134230175799172,117.03,ripe
1762155465.4533424,1762155460.0098226,0.633,0.8,9,4,0,90.85,104.4999999999759,284.55,0.6228212785372693,0.02379625480208564,0.008588516171847083,117.03,ripe
1762155465.4634192,1762155460.0098226,0.634,0.8,10,3,0,90.85,104.4999999999759,284.55,0.6229884209316037,0.023803586138967183,0.009716476422954479,117.03,ripe
1762155465.473489,1762155460.0098226,0.635,0.8,11,2,0,90.85,104.4999999999759,284.4,0.623179120605183,0.023811641415245083,0.010673328072096089,117.03,ripe
1762155465.4835618,1762155460.0098226,0.635,0.8,10,3,0,90.9,104.4999999999759,284.25,0.6227940991682943,0.023820414365243365,0.011632125170345287,117.03,ripe
1762155465.493631,1762155460.0098226,0.635,0.8,10,3,0,90.9,104.4999999999759,284.15,0.6227254916334907,0.023829453750746455,0.011987620535829135,117.03,ripe
1762155465.5037365,1762155460.0098226,0.634,0.8,10,2,0,90.9,104.4999999999759,284.15,0.6228127151966518,0.02383815899683828,0.011543840888008083,117.03,ripe
1762155465.5139,1762155460.0098226,0.632,0.8,9,2,0,90.85,104.4999999999759,284.2,0.6235616201392624,0.02384541888688789,0.009616657903067538,117.03,ripe
1762155465.5239758,1762155460.0098226,0.632,0.8,10,3,0,90.85,104.4999999999759,284.29999999999995,0.6240122958664711,0.0238518980268561,0.00857684315469387,117.03,ripe
1762155465.5340867,1762155460.0098226,0.63,0.8,10,1,0,90.85,104.4999999999759,284.35,0.6243122696194237,0.023857174892081626,0.0069822998911588385,117.03,ripe
1762155465.544155,1762155460.0098226,0.629,0.8,9,3,0,90.8,104.4999999999759,284.3,0.625112043258376,0.023860984975414657,0.005035241496915255,117.03,ripe
1762155465.5542245,1762155460.0098226,0.631,0.8,10,3,0,90.85,104.4999999999759,284.2,0.6249462313659111,0.02386524214328469,0.005627411011734473,117.03,ripe
1762155465.56434,1762155460.0098226,0.631,0.8,10,3,0,90.85,104.4999999999759,284.1,0.6249248853635284,0.023869676651308278,0.005861935825294373,117.03,ripe
1762155465.5744073,1762155460.0098226,0.631,0.8,10,2,0,90.85,104.4999999999759,284.0,0.6249745700997797,0.02387415460471299,0.00591884049463165,117.03,ripe
1762155465.5844858,1762155460.0098226,0.633,0.8,11,3,0,90.85,104.4999999999759,283.85,0.6250585914672911,0.023879366601195433,0.0068881138299144995,117.03,ripe
1762155465.5945575,1762155460.0098226,0.634,0.8,10,3,0,90.85,104.4999999999759,283.8,0.6251784332038263,0.023885265713037084,0.007794919444776505,117.03,ripe
1762155465.604623,1762155460.0098226,0.632,0.8,8,3,0,90.85,104.4999999999759,283.79999999999995,0.6253245662119166,0.023890686864642467,0.0071621101123847675,117.03,ripe
1762155465.6147218,1762155460.0098226,0.633,0.8,9,4,0,90.85,104.4999999999759,283.8,0.6254623379816703,0.023896198983191203,0.00728100018048039,117.03,ripe
1762155465.6247904,1762155460.0098226,0.633,0.8,9,2,0,90.85,104.4999999999759,283.85,0.6256045677920368,0.023901701553330268,0.007267101289038624,117.03,ripe
1762155465.6348577,1762155460.0098226,0.634,0.8,10,3,0,90.85,104.4999999999759,283.9,0.6257475861115297,0.023907524031184606,0.00768824842900806,117.03,ripe
1762155465.6449733,1762155460.0098226,0.634,0.8,10,2,0,90.85,104.4999999999759,283.95,0.6258994989856896,0.023913446110978277,0.007818418284579298,117.03,ripe
1762155465.6550434,1762155460.0098226,0.636,0.8,11,2,0,90.85,104.4999999999759,283.95000000000005,0.626054279174435,0.023920116367158586,0.008804679460699516,117.03,ripe
1762155465.6651554,1762155460.0098226,0.637,0.8,9,4,0,90.85,104.4999999999759,283.95,0.6262287765229835,0.0239274666559705,0.009700702794583793,117.03,ripe
1762155465.6752422,1762155460.0098226,0.637,0.8,9,4,0,90.85,104.4999999999759,283.9,0.626421142088672,0.02393507800014566,0.01004359757011175,117.03,ripe
1762155465.685335,1762155460.0098226,0.639,0.8,10,4,0,90.85,104.4999999999759,283.95,0.6266203745718394,0.023943500355760084,0.011111995257552465,117.03,ripe
1762155465.695398,1762155460.0098226,0.638,0.8,10,4,0,90.85,104.4999999999759,284.04999999999995,0.6268408555835352,0.02395185833330921,0.011025329331160738,117.03,ripe
1762155465.7055016,1762155460.0098226,0.635,0.8,10,2,0,90.85,104.4999999999759,284.1,0.627059659303743,0.023958965149319084,0.00937343315360506,117.03,ripe
1762155465.715574,1762155460.0098226,0.635,0.8,11,2,0,90.85,104.4999999999759,284.1,0.6272457116792348,0.0239653885944467,0.008470834549439199,117.03,ripe
1762155465.7256439,1762155460.0098226,0.637,0.8,11,3,0,90.8,104.4999999999759,284.05,0.6280130101530521,0.02397172355663149,0.008345262961284905,117.03,ripe
1762155465.735706,1762155460.0098226,0.635,0.8,10,2,0,90.8,104.4999999999759,284.0,0.6284786633640433,0.02397719259057763,0.007200473193125223,117.03,ripe
1762155465.7457705,1762155460.0098226,0.638,0.8,11,3,0,90.8,104.4999999999759,283.95000000000005,0.6287719047063048,0.02398332222336696,0.008067663572279504,117.03,ripe
1762155465.7558937,1762155460.0098226,0.637,0.8,10,2,0,90.8,104.4999999999759,283.9,0.6290075942916049,0.023989334874065064,0.007912189847687268,117.03,ripe
1762155465.7660081,1762155460.0098226,0.637,0.8,10,3,0,90.8,104.4999999999759,283.85,0.6292027705383366,0.02399523043244025,0.007757121531309474,117.03,ripe
1762155465.7761307,1762155460.0098226,0.634,0.8,8,2,0,90.8,104.4999999999759,283.8,0.6293761480328235,0.02399986987219218,0.006103798001999561,117.03,ripe
1762155465.7862437,1762155460.0098226,0.631,0.8,10,1,0,90.8,104.4999999999759,283.75,0.6295072118302838,0.024002707329555437,0.003732761187127731,117.03,ripe
1762155465.7963457,1762155460.0098226,0.63,0.8,10,3,0,90.8,104.4999999999759,283.7,0.6295863252413916,0.02400425332283255,0.0020336612673141907,117.03,ripe
1762155465.806465,1762155460.0098226,0.63,0.8,10,4,0,90.8,104.4999999999759,283.7,0.6296292205004986,0.02400515100570738,0.001180772753854309,117.03,ripe
1762155465.8165867,1762155460.0098226,0.63,0.8,10,4,0,90.8,104.4999999999759,283.65,0.6296539387571731,0.024005722032244717,0.0007510578700034021,117.03,ripe
1762155465.8266933,1762155460.0098226,0.631,0.8,10,3,0,90.8,104.4999999999759,283.55,0.6296695028305722,0.02400650746074885,0.0010329954830160526,117.03,ripe
1762155465.8367724,1762155460.0098226,0.631,0.8,10,3,0,90.8,104.4999999999759,283.45,0.6296903976482513,0.024007390153466566,0.0011608515085428373,117.03,ripe
1762155465.846851,1762155460.0098226,0.63,0.8,8,2,0,90.8,104.4999999999759,283.4,0.629713697196445,0.024007931521509634,0.0007119273819520266,117.03,ripe
1762155465.856976,1762155460.0098226,0.632,0.8,10,3,0,90.8,104.4999999999759,283.3,0.6297279705430541,0.02400906069481671,0.001484841746144383,117.03,ripe
1762155465.8671286,1762155460.0098226,0.633,0.8,10,3,0,90.8,104.4999999999759,283.2,0.6297576253902476,0.024010846960004686,0.0023487807543516315,117.03,ripe
1762155465.8772578,1762155460.0098226,0.634,0.8,11,3,0,90.8,104.4999999999759,283.1,0.6298044974421628,0.024013317753019073,0.0032487056301367945,117.03,ripe
1762155465.8873804,1762155460.0098226,0.636,0.8,11,3,0,90.8,104.4999999999759,283.05,0.6298693155013677,0.024016860017693778,0.004657286034782104,117.03,ripe
1762155465.897474,1762155460.0098226,0.637,0.8,10,3,0,90.8,104.4999999999759,283.05,0.629962233683271,0.024021272445706836,0.00580106708480399,117.03,ripe
1762155465.9075868,1762155460.0098226,0.638,0.8,10,3,0,90.8,104.4999999999759,283.1,0.6300779739600512,0.02402644773476294,0.006803676423986382,117.03,ripe
1762155465.9176702,1762155460.0098226,0.639,0.8,11,3,0,90.8,104.4999999999759,283.15,0.6302137229371656,0.024032325718922467,0.00772710225485318,117.03,ripe
1762155465.9277647,1762155460.0098226,0.638,0.8,9,3,0,90.8,104.4999999999759,283.25,0.6303679030343631,0.024038109197123302,0.00760250956164632,117.03,ripe
1762155465.9378793,1762155460.0098226,0.635,0.8,9,2,0,90.8,104.4999999999759,283.25,0.6305196039539886,0.024042647635029203,0.005965602344015997,117.03,ripe
1762155465.947985,1762155460.0098226,0.633,0.8,10,2,0,90.8,104.4999999999759,283.25,0.6306386473235113,0.02404576993298852,0.004103955825491057,117.03,ripe
1762155465.958134,1762155460.0098226,0.633,0.8,10,3,0,90.8,104.4999999999759,283.25,0.6307205452706273,0.024048167140675383,0.0031507563038739583,117.03,ripe
1762155465.968206,1762155460.0098226,0.632,0.8,9,3,0,90.8,104.4999999999759,283.15,0.6307834240640809,0.024049804702346005,0.0021522267231696146,117.03,ripe
1762155465.9783258,1762155460.0098226,0.632,0.8,10,3,0,90.8,104.4999999999759,283.1,0.6308263773246174,0.02405105368157058,0.0016414480690079003,117.03,ripe
1762155465.9884086,1762155460.0098226,0.632,0.8,10,3,0,90.8,104.4999999999759,283.05,0.6308591380586368,0.024052099792243677,0.001374774638175813,117.03,ripe
1762155465.9984798,1762155460.0098226,0.632,0.8,10,3,0,90.8,104.4999999999759,283.15,0.6308865775460718,0.024053036065580288,0.001230378802334564,117.03,ripe
1762155466.008589,1762155460.0098226,0.632,0.8,10,2,0,90.8,104.4999999999759,283.1,0.6309111359979309,0.024053909185938718,0.0011473421762722147,117.03,ripe
1762155466.0186832,1762155460.0098226,0.633,0.8,10,2,0,90.8,104.4999999999759,283.05,0.6309340379460526,0.02405512317172656,0.0015952011410489408,117.03,ripe
1762155466.0288029,1762155460.0098226,0.632,0.8,10,2,0,90.8,104.4999999999759,283.0,0.6309658807938276,0.024056111580529827,0.001298738749723194,117.03,ripe
1762155466.0389185,1762155460.0098226,0.634,0.8,11,2,0,90.8,104.4999999999759,282.95,0.6309918067570174,0.024057740677639067,0.0021405030147579884,117.03,ripe
1762155466.0490358,1762155460.0098226,0.636,0.8,11,3,0,90.8,104.4999999999759,283.0,0.6310345379743328,0.024060428624718806,0.0035316169115547913,117.03,ripe
1762155466.0591342,1762155460.0098226,0.637,0.8,11,3,0,90.8,104.4999999999759,283.0,0.6311050428263044,0.02406398924970522,0.004678034616639404,117.03,ripe
1762155466.0692484,1762155460.0098226,0.638,0.8,10,4,0,90.8,104.4999999999759,283.05,0.631198438019733,0.024068322632298605,0.005693100701739007,117.03,ripe
1762155466.0793946,1762155460.0098226,0.64,0.8,10,4,0,90.8,104.4999999999759,283.05,0.631312102645175,0.02407375270997109,0.007133666715560927,117.03,ripe
1762155466.0895386,1762155460.0098226,0.64,0.8,10,4,0,90.8,104.4999999999759,283.05,0.631454533582533,0.024079666104150993,0.0077683510978350245,117.03,ripe
1762155466.0996366,1762155460.0098226,0.64,0.8,10,3,0,90.8,104.4999999999759,283.05,0.6316096419118763,0.0240857574065729,0.00800180042830767,117.03,ripe
1762155466.1097016,1762155460.0098226,0.644,0.8,11,4,0,90.8,104.4999999999759,283.1,0.631769416774405,0.024093397707159552,0.010036304395687035,117.03,ripe
1762155466.1197739,1762155460.0098226,0.645,0.8,11,3,0,90.8,104.4999999999759,283.25,0.631969821858794,0.024102101572946698,0.01143303872625201,117.03,ripe
1762155466.1298501,1762155460.0098226,0.646,0.8,10,2,0,90.8,104.4999999999759,283.4,0.6321981242583915,0.024111620521633487,0.012503306034131523,117.03,ripe
1762155466.139944,1762155460.0098226,0.645,0.8,9,3,0,90.8,104.4999999999759,283.5,0.6324478062824462,0.02412106332657394,0.012402908863815232,117.03,ripe
1762155466.150112,1762155460.0098226,0.646,0.8,10,3,0,90.8,104.4999999999759,283.5,0.6326954910560344,0.02413075534856617,0.0127298665170964,117.03,ripe
1762155466.1602309,1762155460.0098226,0.646,0.8,10,3,0,90.8,104.4999999999759,283.6,0.6329497127928906,0.0241404728579182,0.01276296599367488,117.03,ripe
1762155466.1703465,1762155460.0098226,0.645,0.8,10,2,0,90.8,104.4999999999759,283.65,0.6332046030631945,0.024149725254742155,0.012151736330088259,117.03,ripe
1762155466.1804526,1762155460.0098226,0.643,0.8,9,2,0,90.8,104.4999999999759,283.75,0.6334472934318868,0.02415789603268246,0.010730876264754552,117.03,ripe
1762155466.190555,1762155460.0098226,0.642,0.8,10,3,0,90.8,104.4999999999759,283.75,0.633661612937261,0.02416507456283863,0.009427471911059637,117.03,ripe
1762155466.2006433,1762155460.0098226,0.641,0.8,10,3,0,90.8,104.4999999999759,283.75,0.6338499057832574,0.02417131452281155,0.00819463664090292,117.03,ripe
1762155466.2107458,1762155460.0098226,0.643,0.8,10,4,0,90.8,104.4999999999759,283.8,0.6340135799333471,0.024177793798414074,0.008508691278733105,117.03,ripe
1762155466.2208488,1762155460.0098226,0.643,0.8,10,3,0,90.85,104.4999999999759,283.85,0.633579086487441,0.024184779612984486,0.0091820491185991,117.03,ripe
1762155466.2309725,1762155460.0098226,0.642,0.8,10,3,0,90.85,104.4999999999759,283.85,0.6334598400130963,0.02419156392951929,0.00892072778992381,117.03,ripe
1762155466.2411036,1762155460.0098226,0.644,0.8,11,3,0,90.85,104.4999999999759,283.85,0.6334863409493747,0.024198942791910955,0.00970394295213528,117.03,ripe
1762155466.2512274,1762155460.0098226,0.642,0.8,10,2,0,90.85,104.4999999999759,283.9,0.6336039439884537,0.024205779502522298,0.0089911979623013,117.03,ripe
1762155466.261347,1762155460.0098226,0.642,0.8,10,2,0,90.85,104.4999999999759,283.9,0.6337451289065066,0.02421228281141081,0.008552442068870958,117.03,ripe
1762155466.2714705,1762155460.0098226,0.643,0.8,11,3,0,90.85,104.4999999999759,283.85,0.6338964798486816,0.024218938515231967,0.008752305639007196,117.03,ripe
1762155466.281575,1762155460.0098226,0.648,0.8,11,4,0,90.85,104.4999999999759,283.85,0.6340612708516307,0.024227504227944292,0.011263121892213679,117.03,ripe
1762155466.291693,1762155460.0098226,0.65,0.8,10,3,0,90.85,104.4999999999759,283.85,0.6342807926220013,0.02423768175302675,0.013381403749920917,117.03,ripe
1762155466.3017805,1762155460.0098226,0.65,0.8,10,3,0,90.85,104.4999999999759,283.8,0.6345448752553491,0.024248548376609263,0.014286222930611991,117.03,ripe
1762155466.3118713,1762155460.0098226,0.648,0.8,9,3,0,90.85,104.4999999999759,283.70000000000005,0.6348281805107818,0.02425888430115833,0.013587368582198778,117.03,ripe
1762155466.3219624,1762155460.0098226,0.647,0.8,10,3,0,90.85,104.4999999999759,283.6,0.6350981832622428,0.024268477234562297,0.012609591284247545,117.03,ripe
1762155466.3320684,1762155460.0098226,0.647,0.8,10,3,0,90.85,104.4999999999759,283.5,0.6353490302469011,0.024277610862869566,0.012004857026344018,117.03,ripe
1762155466.3421364,1762155460.0098226,0.647,0.8,10,3,0,90.85,104.4999999999759,283.45,0.6355880005687026,0.02428642876916244,0.011588943067920021,117.03,ripe
1762155466.352209,1762155460.0098226,0.65,0.8,10,3,0,90.85,104.4999999999759,283.45,0.6358187792929716,0.02429614587080429,0.01276969252533966,117.03,ripe
1762155466.3622813,1762155460.0098226,0.651,0.8,10,4,0,90.85,104.4999999999759,283.4,0.6360731359706331,0.024306587763430143,0.013721099938522552,117.03,ripe
1762155466.3723943,1762155460.0098226,0.652,0.8,10,4,0,90.85,104.4999999999759,283.4,0.636346486191056,0.02431766178770518,0.014550631763521782,117.03,ripe
1762155466.3824675,1762155460.0098226,0.652,0.8,11,3,0,90.85,104.4999999999759,283.4,0.6366363948785735,0.024328935703944607,0.014812164098715441,117.03,ripe
1762155466.3925369,1762155460.0098226,0.651,0.8,10,3,0,90.85,104.4999999999759,283.4,0.6369315413696461,0.02433981507390663,0.014292738118998338,117.03,ripe
1762155466.402603,1762155460.0098226,0.651,0.8,10,3,0,90.85,104.4999999999759,283.35,0.6372163609561015,0.02435039305008393,0.013895778788220792,117.03,ripe
1762155466.4126935,1762155460.0098226,0.651,0.8,10,3,0,90.85,104.4999999999759,283.25,0.6374932912123147,0.024360718265614888,0.013562778659846453,117.03,ripe
1762155466.4227772,1762155460.0098226,0.653,0.8,12,4,0,90.85,104.4999999999759,283.20000000000005,0.6377636047746027,0.0243715783956415,0.014264430161477826,117.03,ripe
1762155466.4328425,1762155460.0098226,0.654,0.8,10,3,0,90.85,104.4999999999759,283.25,0.6380479226884265,0.024382973508603665,0.014966094779613859,117.03,ripe
1762155466.4429154,1762155460.0098226,0.656,0.8,9,4,0,90.85,104.4999999999759,283.35,0.638346246600578,0.02439527905602142,0.016160762133442086,117.03,ripe
1762155466.4529874,1762155460.0098226,0.659,0.8,11,4,0,90.85,104.4999999999759,283.35,0.6386684057593446,0.024409050781618626,0.018085098607665495,117.03,ripe
1762155466.4630723,1762155460.0098226,0.659,0.8,10,3,0,90.85,104.4999999999759,283.3,0.6390289494991481,0.024423404222337627,0.01884780268435693,117.03,ripe
1762155466.4732575,1762155460.0098226,0.662,0.8,10,5,0,90.85,104.4999999999759,283.2,0.639404722558996,0.024439042495050405,0.02053365353275649,117.03,ripe
1762155466.4833374,1762155460.0098226,0.664,0.8,10,5,0,90.85,104.4999999999759,283.15,0.639814132529524,0.024455916653035557,0.022155055516352218,117.03,ripe
1762155466.4934075,1762155460.0098226,0.666,0.8,11,4,0,90.85,104.4999999999759,283.1,0.6402558979810263,0.024473990446885207,0.023728696041911745,117.03,ripe
1762155466.503566,1762155460.0098226,0.665,0.8,10,2,0,90.8,104.4999999999759,283.04999999999995,0.6413409196629063,0.024491641715303245,0.023151377348562763,117.03,ripe
1762155466.513643,1762155460.0098226,0.663,0.8,9,1,0,90.8,104.4999999999759,282.9,0.6421096166721034,0.024508145916015113,0.021636531833631123,117.03,ripe
1762155466.5237246,1762155460.0098226,0.662,0.8,9,2,0,90.85,104.4999999999759,282.9,0.6420827878177717,0.024523993741179983,0.020790286435095506,117.03,ripe
1762155466.5337934,1762155460.0098226,0.663,0.8,11,2,0,90.85,104.4999999999759,282.85,0.6422680685857012,0.024539743759450106,0.020668468540732454,117.03,ripe
1762155466.543864,1762155460.0098226,0.664,0.8,11,3,0,90.85,104.4999999999759,282.85,0.6425655216714192,0.024555670250845905,0.020902746891797608,117.03,ripe
1762155466.5539303,1762155460.0098226,0.663,0.8,11,2,0,90.9,104.4999999999759,282.85,0.6423111077630965,0.024571596990431457,0.020923026518511856,117.03,ripe
1762155466.564015,1762155460.0098226,0.662,0.8,10,3,0,90.9,104.4999999999759,282.79999999999995,0.6423917691626132,0.024586986255500463,0.02022529797819106,117.03,ripe
1762155466.574095,1762155460.0098226,0.662,0.8,10,4,0,90.9,104.4999999999759,282.75,0.6426260259576009,0.024601960365210115,0.019682507612801325,117.03,ripe
1762155466.5842063,1762155460.0098226,0.663,0.8,11,4,0,90.85,104.4999999999759,282.7,0.6435483620837965,0.024616509010965442,0.019105904701404608,117.03,ripe
1762155466.5943246,1762155460.0098226,0.663,0.8,11,3,0,90.85,104.4999999999759,282.7,0.6441945687737095,0.02463070399082631,0.018632564618891068,117.03,ripe
1762155466.6044283,1762155460.0098226,0.664,0.8,12,2,0,90.85,104.4999999999759,282.65,0.6446989353240253,0.024644965217599003,0.018714631372275026,117.03,ripe
1762155466.6145153,1762155460.0098226,0.664,0.8,12,3,0,90.85,104.4999999999759,282.55,0.645138703345558,0.024659116931335927,0.018568080002592247,117.03,ripe
1762155466.624606,1762155460.0098226,0.663,0.8,10,3,0,90.85,104.4999999999759,282.45,0.6455424191478621,0.024672692948894192,0.017810972526212998,117.03,ripe
1762155466.634705,1762155460.0098226,0.663,0.8,9,3,0,90.85,104.4999999999759,282.25,0.6459144611886053,0.024685851632723202,0.01726223464843224,117.03,ripe
1762155466.644811,1762155460.0098226,0.664,0.8,10,3,0,90.85,104.4999999999759,282.1,0.6462672712006098,0.024699055914815735,0.017321076717908945,117.03,ripe
1762155466.6549227,1762155460.0098226,0.663,0.8,10,2,0,90.85,104.4999999999759,282.1,0.6466171193514653,0.024711769863268812,0.016677054607794117,117.03,ripe
1762155466.6650279,1762155460.0098226,0.661,0.8,9,2,0,90.85,104.4999999999759,282.15,0.6469520516993252,0.024723354493435105,0.015195035280304525,117.03,ripe
1762155466.675103,1762155460.0098226,0.661,0.8,9,3,0,90.85,104.4999999999759,282.2,0.647256378489285,0.02473427029848134,0.01431716500052993,117.03,ripe
1762155466.6851907,1762155460.0098226,0.663,0.8,10,3,0,90.85,104.4999999999759,282.3,0.6475426751097547,0.024745512062754084,0.014744096635152748,117.03,ripe
1762155466.695304,1762155460.0098226,0.665,0.8,11,4,0,90.85,104.4999999999759,282.4,0.6478372450321918,0.024757564064691626,0.015806140840261995,117.03,ripe
1762155466.7054205,1762155460.0098226,0.666,0.8,10,4,0,90.85,104.4999999999759,282.45,0.6481528967647693,0.024770274317639562,0.016668796171457667,117.03,ripe
1762155466.715516,1762155460.0098226,0.665,0.8,10,3,0,90.85,104.4999999999759,282.5,0.6484857163778895,0.02478279923913149,0.01642513009022395,117.03,ripe
1762155466.7256207,1762155460.0098226,0.665,0.8,10,3,0,90.85,104.4999999999759,282.55,0.6488136514350068,0.02479510853720699,0.016141771799049964,117.03,ripe
1762155466.7357168,1762155460.0098226,0.666,0.8,10,4,0,90.9,104.4999999999759,282.55,0.6485160474598136,0.024808031668064206,0.016961664157214784,117.03,ripe
1762155466.7458332,1762155460.0098226,0.664,0.8,10,2,0,90.9,104.4999999999759,282.6,0.6485439597126951,0.02482036582814207,0.016194896095819145,117.03,ripe
1762155466.755951,1762155460.0098226,0.663,0.8,9,2,0,90.9,104.4999999999759,282.65,0.6487112822889105,0.024831908775868987,0.015158145615346674,117.03,ripe
1762155466.7661238,1762155460.0098226,0.664,0.8,10,3,0,90.9,104.4999999999759,282.75,0.648935373983997,0.024843330591930217,0.01499933996813152,117.03,ripe
1762155466.776249,1762155460.0098226,0.661,0.8,9,2,0,90.9,104.4999999999759,282.85,0.6491950450485241,0.024853437726922372,0.013272311927540192,117.03,ripe
1762155466.786324,1762155460.0098226,0.658,0.8,10,2,0,90.9,104.4999999999759,282.85,0.6494397440411664,0.024861658115566523,0.010793934446865716,117.03,ripe
1762155466.796448,1762155460.0098226,0.657,0.8,10,2,0,90.9,104.4999999999759,282.85,0.6496448378891003,0.024868491547395385,0.008972001354915826,117.03,ripe
1762155466.806576,1762155460.0098226,0.656,0.8,10,2,0,90.9,104.4999999999759,282.8,0.6498185411327344,0.02487419665420273,0.007489878489273627,117.03,ripe
1762155466.8166614,1762155460.0098226,0.657,0.8,10,3,0,90.9,104.4999999999759,282.8,0.6499651876310885,0.024879673104366385,0.007189022179915572,117.03,ripe
1762155466.8267682,1762155460.0098226,0.657,0.8,10,3,0,90.9,104.4999999999759,282.85,0.6501070730128768,0.02488498322515217,0.006970031892625128,117.03,ripe
1762155466.8368335,1762155460.0098226,0.657,0.8,10,3,0,90.9,104.4999999999759,282.85,0.650245219200756,0.024890159203792894,0.0067933332519950484,117.03,ripe
1762155466.8469076,1762155460.0098226,0.657,0.8,10,3,0,90.9,104.4999999999759,282.75,0.6503801638220548,0.02489521813654749,0.006639112404320802,117.03,ripe
1762155466.8569913,1762155460.0098226,0.658,0.8,10,4,0,90.9,104.4999999999759,282.65,0.6505122018523356,0.02490055058276459,0.006997436260852141,117.03,ripe
1762155466.8670623,1762155460.0098226,0.658,0.8,10,4,0,90.9,104.4999999999759,282.6,0.6506514627160864,0.02490596421890858,0.007103356340507405,117.03,ripe
1762155466.877139,1762155460.0098226,0.66,0.8,11,5,0,90.9,104.4999999999759,282.6,0.6507928830425653,0.024912126155831358,0.008084526485731658,117.03,ripe
1762155466.8872473,1762155460.0098226,0.66,0.8,10,4,0,90.85,104.4999999999759,282.65,0.6515766786117123,0.024918124513659098,0.007862026152436252,117.03,ripe
1762155466.8973217,1762155460.0098226,0.661,0.8,10,4,0,90.85,104.4999999999759,282.75,0.6520450327164343,0.02492436427882434,0.008174319665639973,117.03,ripe
1762155466.9073997,1762155460.0098226,0.661,0.8,10,3,0,90.85,104.4999999999759,282.85,0.6523640842966987,0.024930660051659035,0.008245591894338489,117.03,ripe
1762155466.917471,1762155460.0098226,0.662,0.8,10,4,0,90.85,104.4999999999759,282.9,0.6526067742172826,0.024937302165504716,0.008698063878236018,117.03,ripe
1762155466.9275386,1762155460.0098226,0.66,0.8,11,3,0,90.85,104.4999999999759,283.0,0.6528196073473519,0.02494328395136786,0.007832811700407505,117.03,ripe
1762155466.9376047,1762155460.0098226,0.66,0.8,10,3,0,90.85,104.4999999999759,283.05,0.6529956875009023,0.024948882352098314,0.007330522022977459,117.03,ripe
1762155466.9476848,1762155460.0098226,0.66,0.8,9,4,0,90.85,104.4999999999759,283.1,0.6531519946181713,0.024954236926702726,0.00701111014376854,117.03,ripe
1762155466.9577641,1762155460.0098226,0.659,0.8,11,3,0,90.85,104.4999999999759,283.1,0.6532970490154126,0.024959036634848157,0.0062845033655573035,117.03,ripe
1762155466.9678442,1762155460.0098226,0.658,0.8,10,2,0,90.85,104.4999999999759,283.05,0.6534251417687853,0.024963134605990644,0.005365634421699683,117.03,ripe
1762155466.9779248,1762155460.0098226,0.654,0.8,10,1,0,90.85,104.4999999999759,283.04999999999995,0.6535336451189753,0.02496532026044528,0.0028617429762671787,117.03,ripe
1762155466.9880059,1762155460.0098226,0.649,0.8,9,1,0,90.8,104.4999999999759,283.05,0.6542156079386796,0.024964159884983312,-0.0015179138910583756,117.03,ripe
1762155466.9980772,1762155460.0098226,0.645,0.8,9,2,0,90.8,104.4999999999759,283.0,0.6544975570555699,0.02495983986681566,-0.005648710031759263,117.03,ripe
1762155467.0081491,1762155460.0098226,0.647,0.8,10,4,0,90.8,104.4999999999759,282.95,0.6545404483692837,0.02495477916312362,-0.006616024857378444,117.03,ripe
1762155467.0182154,1762155460.0098226,0.65,0.8,10,3,0,90.8,104.4999999999759,282.95,0.6544857976102296,0.024950553848950882,-0.0055235858542770355,117.03,ripe
1762155467.0282834,1762155460.0098226,0.653,0.8,11,3,0,90.8,104.4999999999759,282.95,0.6544140041472307,0.024947927837829818,-0.003432898269254414,117.03,ripe
1762155467.0383775,1762155460.0098226,0.654,0.8,12,2,0,90.8,104.4999999999759,283.0,0.6543646375844754,0.02494649429835887,-0.0018740846454872173,117.03,ripe
1762155467.048464,1762155460.0098226,0.653,0.8,9,4,0,90.8,104.4999999999759,283.1,0.654336791205576,0.024945276964301193,-0.0015915147360818782,117.03,ripe
1762155467.0585701,1762155460.0098226,0.654,0.8,10,4,0,90.8,104.4999999999759,283.2,0.6543097378914244,0.02494456022580053,-0.0009370996566773204,117.03,ripe
1762155467.0686731,1762155460.0098226,0.654,0.8,10,3,0,90.8,104.4999999999759,283.29999999999995,0.6542933763517124,0.024944095946515654,-0.000607057234338737,117.03,ripe
1762155467.0787764,1762155460.0098226,0.654,0.8,10,4,0,90.8,104.4999999999759,283.4,0.65428241751428,0.0249437600204415,-0.00043925795559307534,117.03,ripe
1762155467.0888839,1762155460.0098226,0.651,0.8,10,2,0,90.8,104.4999999999759,283.45,0.6542742157629772,0.02494234328521332,-0.0018526359836337214,117.03,ripe
1762155467.0990875,1762155460.0098226,0.649,0.8,10,2,0,90.8,104.4999999999759,283.5,0.6542373596018547,0.024939646627037237,-0.003526569712182903,117.03,ripe
1762155467.1091821,1762155460.0098226,0.649,0.8,10,4,0,90.8,104.4999999999759,283.5,0.6541667786590166,0.024936350034015158,-0.0043113837141807165,117.03,ripe
1762155467.1192892,1762155460.0098226,0.647,0.8,10,3,0,90.8,104.4999999999759,283.4,0.6540803852182029,0.02493202808805924,-0.005652687745784979,117.03,ripe
1762155467.1293898,1762155460.0098226,0.648,0.8,11,3,0,90.8,104.4999999999759,283.3,0.6539670586693878,0.024927629526257773,-0.005753209933178738,117.03,ripe
1762155467.1395073,1762155460.0098226,0.65,0.8,11,3,0,90.8,104.4999999999759,283.2,0.6538517034368975,0.02492400214605614,-0.004744779068793004,117.03,ripe
1762155467.149627,1762155460.0098226,0.65,0.8,10,3,0,90.8,104.4999999999759,283.15,0.6537565667740157,0.0249207890452629,-0.0042031045899635355,117.03,ripe
1762155467.159733,1762155460.0098226,0.651,0.8,10,3,0,90.8,104.4999999999759,283.15,0.653672291899341,0.024918193412841603,-0.0033955608073148458,117.03,ripe
1762155467.169867,1762155460.0098226,0.653,0.8,10,3,0,90.75,104.4999999999759,283.1,0.6542271656754517,0.02491621277395905,-0.0025888001294386287,117.03,ripe
1762155467.1799793,1762155460.0098226,0.651,0.8,9,1,0,90.75,104.4999999999759,283.04999999999995,0.6544866178507116,0.024913788537070783,-0.0031674350777051163,117.03,ripe
1762155467.1900697,1762155460.0098226,0.649,0.8,9,2,0,90.75,104.4999999999759,282.95,0.6545786509812925,0.024910405933345,-0.004419059594789276,117.03,ripe
1762155467.200157,1762155460.0098226,0.647,0.8,10,3,0,90.75,104.4999999999759,283.0,0.6545676226125198,0.024905822491988767,-0.0059878269192681355,117.03,ripe
1762155467.2102294,1762155460.0098226,0.646,0.8,10,3,0,90.75,104.4999999999759,283.1,0.6544860995932259,0.024900314401133005,-0.007196201746600073,117.03,ripe
1762155467.22032,1762155460.0098226,0.646,0.8,10,3,0,90.7,104.4999999999759,283.2,0.6549833168768966,0.024893926796027636,-0.00833836795358367,117.03,ripe
1762155467.2304125,1762155460.0098226,0.645,0.8,10,2,0,90.7,104.4999999999759,283.20000000000005,0.6551361942271716,0.024886789740384944,-0.009313719765515094,117.03,ripe
1762155467.2405274,1762155460.0098226,0.642,0.8,9,2,0,90.7,104.4999999999759,283.15,0.6551087707087768,0.024878208541458884,-0.011197533477948607,117.03,ripe
1762155467.2506495,1762155460.0098226,0.642,0.8,9,3,0,90.7,104.4999999999759,283.1,0.6549630569730905,0.024869007184758214,-0.01200743835767637,117.03,ripe
1762155467.2607634,1762155460.0098226,0.644,0.8,9,4,0,90.65,104.4999999999759,283.0,0.6553826122189482,0.02485987722098861,-0.011904802911241075,117.03,ripe
1762155467.270832,1762155460.0098226,0.644,0.8,10,3,0,90.65,104.4999999999759,283.0,0.6554727839124244,0.024850875878689126,-0.011733879258570834,117.03,ripe
1762155467.2809415,1762155460.0098226,0.644,0.8,9,2,0,90.65,104.4999999999759,283.04999999999995,0.6554007769756104,0.024842029783112597,-0.01153132464868356,117.03,ripe
1762155467.2910187,1762155460.0098226,0.644,0.8,10,2,0,90.65,104.4999999999759,283.05,0.6552501107522001,0.02483335030558721,-0.01131538458873671,117.03,ripe
1762155467.3010833,1762155460.0098226,0.644,0.8,10,2,0,90.65,104.4999999999759,283.1,0.655062478034012,0.0248248412474587,-0.011095114952280216,117.03,ripe
1762155467.3111892,1762155460.0098226,0.645,0.8,10,3,0,90.65,104.4999999999759,283.1,0.654858667670438,0.024816886059488244,-0.010374986129572106,117.03,ripe
1762155467.3212986,1762155460.0098226,0.645,0.8,10,3,0,90.65,104.4999999999759,283.20000000000005,0.6546591353383217,0.024809283422051073,-0.009917294567888701,117.03,ripe
1762155467.331403,1762155460.0098226,0.645,0.8,10,3,0,90.65,104.4999999999759,283.25,0.6544637387988141,0.0248019311110265,-0.009592818413597604,117.03,ripe
1762155467.3414717,1762155460.0098226,0.646,0.8,11,3,0,90.65,104.4999999999759,283.3,0.6542723645357088,0.0247951596160828,-0.008836904343100582,117.03,ripe
1762155467.3515408,1762155460.0098226,0.646,0.8,10,3,0,90.65,104.4999999999759,283.3,0.6540950219376293,0.024788741673367917,-0.008377291841325074,117.03,ripe
1762155467.3616488,1762155460.0098226,0.644,0.8,10,2,0,90.65,104.4999999999759,283.3,0.6539263611429151,0.024781796408860295,-0.009067496094762983,117.03,ripe
1762155467.3717256,1762155460.0098226,0.643,0.8,11,2,0,90.65,104.4999999999759,283.3,0.6537434672557147,0.024774280874825087,-0.009814034731638666,117.03,ripe
1762155467.381792,1762155460.0098226,0.64,0.8,11,2,0,90.6,104.4999999999759,283.2,0.6541647255435743,0.024764931561813308,-0.012200009281536195,117.03,ripe
1762155467.3919163,1762155460.0098226,0.639,0.8,10,3,0,90.6,104.4999999999759,283.05,0.6542274990864829,0.024754395849182854,-0.013745140955463864,117.03,ripe
1762155467.4020216,1762155460.0098226,0.639,0.8,11,3,0,90.6,104.4999999999759,282.95,0.6541039271130978,0.024743386980817263,-0.014362748047588303,117.03,ripe
1762155467.4121146,1762155460.0098226,0.639,0.8,11,2,0,90.6,104.4999999999759,282.9,0.653890374724252,0.024732259302807955,-0.014519785191497214,117.03,ripe
1762155467.4221807,1762155460.0098226,0.638,0.8,11,2,0,90.6,104.4999999999759,282.9,0.6536349591753555,0.024720804422181657,-0.014949664408978047,117.03,ripe
1762155467.4322474,1762155460.0098226,0.638,0.8,11,3,0,90.6,104.4999999999759,282.9,0.653351542730783,0.024709306708176736,-0.015008895347594198,117.03,ripe
1762155467.4423106,1762155460.0098226,0.64,0.8,10,5,0,90.6,104.4999999999759,282.8,0.6530573217158339,0.024698671670088254,-0.01388599802423951,117.03,ripe
1762155467.4523737,1762155460.0098226,0.641,0.8,11,3,0,90.6,104.4999999999759,282.65,0.6527810670274897,0.024688950768976904,-0.012695405181692543,117.03,ripe
1762155467.4624493,1762155460.0098226,0.642,0.8,11,4,0,90.6,104.4999999999759,282.65,0.6525265571671417,0.02468015970871558,-0.011483726244243098,117.03,ripe
1762155467.4725196,1762155460.0098226,0.643,0.8,10,3,0,90.55,104.4999999999759,282.6,0.6529124196949743,0.024671816750888618,-0.010891004233524959,117.03,ripe
1762155467.48262,1762155460.0098226,0.645,0.8,11,2,0,90.55,104.4999999999759,282.6,0.6530007073583348,0.02466454564925645,-0.009489999627610102,117.03,ripe
1762155467.4926934,1762155460.0098226,0.649,0.8,11,3,0,90.55,104.4999999999759,282.6,0.6529627142228798,0.02465940683307211,-0.0067073603575174,117.03,ripe
1762155467.502764,1762155460.0098226,0.651,0.8,10,3,0,90.55,104.4999999999759,282.6,0.6529038817452076,0.024656131190978217,-0.004276204812526441,117.03,ripe
1762155467.5128434,1762155460.0098226,0.651,0.8,10,4,0,90.6,104.4999999999759,282.65,0.6522393501882476,0.024654275310446377,-0.002425511721907081,117.03,ripe
1762155467.5229094,1762155460.0098226,0.651,0.8,10,3,0,90.6,104.4999999999759,282.7,0.6519013761146771,0.024653132587846006,-0.0014944568815068449,117.03,ripe
1762155467.5330153,1762155460.0098226,0.651,0.8,10,4,0,90.6,104.4999999999759,282.7,0.6517267274317915,0.024652350492772375,-0.0010232678152063412,117.03,ripe
1762155467.5430815,1762155460.0098226,0.651,0.8,10,4,0,90.55,104.4999999999759,282.7,0.6522501465628083,0.024651281030391683,-0.0013984167545157966,117.03,ripe
1762155467.5531926,1762155460.0098226,0.651,0.8,10,3,0,90.55,104.4999999999759,282.6,0.6524938862437583,0.02465008166100069,-0.0015680213396119802,117.03,ripe
1762155467.5632684,1762155460.0098226,0.649,0.8,10,2,0,90.55,104.4999999999759,282.55,0.6525981512805202,0.024648066091688924,-0.0026352188284470834,117.03,ripe
1762155467.5733392,1762155460.0098226,0.65,0.8,11,3,0,90.55,104.4999999999759,282.5,0.6526127901171604,0.0246460538017433,-0.00263132389112386,117.03,ripe
1762155467.5834212,1762155460.0098226,0.649,0.8,10,3,0,90.5,104.4999999999759,282.5,0.6532096587956148,0.02464320776262063,-0.0037189256825964634,117.03,ripe
1762155467.5935314,1762155460.0098226,0.649,0.8,10,2,0,90.55,104.4999999999759,282.5,0.6528431850043707,0.02464045636046545,-0.003597818447861445,117.03,ripe
1762155467.603598,1762155460.0098226,0.651,0.8,10,4,0,90.55,104.4999999999759,282.5,0.6526247899027836,0.024638543800298264,-0.002502106624528988,117.03,ripe
1762155467.6136684,1762155460.0098226,0.65,0.8,10,3,0,90.55,104.4999999999759,282.5,0.6525013869237544,0.02463667933542308,-0.002440045284627046,117.03,ripe
1762155467.6237497,1762155460.0098226,0.651,0.8,11,3,0,90.55,104.4999999999759,282.6,0.6524156395954472,0.024635239427214753,-0.001884968775883511,117.03,ripe
1762155467.6338248,1762155460.0098226,0.648,0.8,10,1,0,90.55,104.4999999999759,282.70000000000005,0.6523593243665103,0.024632876565095416,-0.0030939889567284107,117.03,ripe
1762155467.643897,1762155460.0098226,0.647,0.8,11,2,0,90.55,104.4999999999759,282.8,0.6522876627385933,0.024629704169040225,-0.004154995033702313,117.03,ripe
1762155467.6539738,1762155460.0098226,0.647,0.8,10,3,0,90.55,104.4999999999759,282.85,0.652199111458198,0.024626167774434403,-0.004632777605752425,117.03,ripe
1762155467.6640902,1762155460.0098226,0.649,0.8,11,4,0,90.55,104.4999999999759,282.85,0.6521031948717337,0.024623252417944146,-0.003820027945510951,117.03,ripe
1762155467.6741576,1762155460.0098226,0.65,0.8,10,4,0,90.5,104.4999999999759,282.85,0.6526404413054682,0.024620580314933506,-0.0034988578423568173,117.03,ripe
1762155467.6842318,1762155460.0098226,0.655,0.8,11,4,0,90.5,104.4999999999759,282.9,0.6528768064235412,0.024619964626714664,-0.0008060146919854905,117.03,ripe
1762155467.6942973,1762155460.0098226,0.658,0.8,10,4,0,90.5,104.4999999999759,282.95,0.653014070721868,0.024621508604249477,0.0020213251439098467,117.03,ripe
1762155467.7043653,1762155460.0098226,0.658,0.8,9,4,0,90.5,104.4999999999759,282.85,0.6531318230422766,0.024624094504662127,0.0033858748906123726,117.03,ripe
1762155467.7144315,1762155460.0098226,0.659,0.8,10,4,0,90.5,104.4999999999759,282.75,0.6532388230614419,0.02462754589166952,0.004520025905002667,117.03,ripe
1762155467.7244983,1762155460.0098226,0.66,0.8,11,3,0,90.5,104.4999999999759,282.65,0.65334958774095,0.024631767383095766,0.005529836742272365,117.03,ripe
1762155467.73456,1762155460.0098226,0.662,0.8,10,4,0,90.5,104.4999999999759,282.5,0.6534711846450324,0.024637085907007358,0.006968527596578844,117.03,ripe
1762155467.7446394,1762155460.0098226,0.665,0.8,10,4,0,90.5,104.4999999999759,282.4,0.6536170860617988,0.02464403165558196,0.009102770059006837,117.03,ripe
1762155467.7547078,1762155460.0098226,0.666,0.8,10,3,0,90.5,104.4999999999759,282.3,0.6538037576199921,0.024652084471948495,0.010556170440410795,117.03,ripe
1762155467.7647767,1762155460.0098226,0.667,0.8,10,4,0,90.5,104.4999999999759,282.15,0.6540185995470167,0.02466097828499237,0.011661364483184777,117.03,ripe
1762155467.774885,1762155460.0098226,0.668,0.8,12,2,0,90.5,104.4999999999759,282.05,0.6542551529372257,0.02467057416596585,0.01258482907787506,117.03,ripe
1762155467.7850084,1762155460.0098226,0.67,0.8,10,3,0,90.5,104.4999999999759,282.04999999999995,0.654510032024342,0.024681178029506604,0.013909958983208348,117.03,ripe
1762155467.7951283,1762155460.0098226,0.672,0.8,10,4,0,90.5,104.4999999999759,282.05,0.6547915027588428,0.02469292924685402,0.015418492744932455,117.03,ripe
1762155467.8052208,1762155460.0098226,0.672,0.8,10,2,0,90.5,104.4999999999759,282.05,0.6551033377012577,0.02470512224628153,0.016001660050629973,117.03,ripe
1762155467.8153262,1762155460.0098226,0.672,0.8,10,3,0,90.5,104.4999999999759,282.05,0.6554268555663886,0.024717407073205886,0.016125643309555238,117.03,ripe
1762155467.8253922,1762155460.0098226,0.674,0.8,12,3,0,90.45,104.4999999999759,282.05,0.6563707260058969,0.024729913779484577,0.01640552343207502,117.03,ripe
1762155467.8354843,1762155460.0098226,0.674,0.8,10,3,0,90.45,104.4999999999759,282.0,0.6570119749201515,0.02474240068316786,0.016376149798834394,117.03,ripe
1762155467.8455842,1762155460.0098226,0.674,0.8,11,3,0,90.45,104.4999999999759,282.0,0.6574983654438021,0.024754749593749695,0.016195696915690783,117.03,ripe
1762155467.855688,1762155460.0098226,0.6759999999999999,0.8,11,4,0,90.45,104.4999999999759,282.1,0.657903883252946,0.024767666495253693,0.016943147926800406,117.03,ripe
1762155467.865755,1762155460.0098226,0.677,0.8,10,3,0,90.45,104.4999999999759,282.15,0.6582858747861093,0.024781110100580515,0.017637640803763954,117.03,ripe
1762155467.8758392,1762155460.0098226,0.6789999999999999,0.8,11,4,0,90.45,104.4999999999759,282.3,0.6586625456414265,0.024795435771142453,0.018799212153510214,117.03,ripe
1762155467.8859215,1762155460.0098226,0.6799999999999999,0.8,10,4,0,90.45,104.4999999999759,282.4,0.6590529967848291,0.024810427418457747,0.01967788211263921,117.03,ripe
1762155467.8960905,1762155460.0098226,0.6799999999999999,0.8,10,3,0,90.5,104.4999999999759,282.4,0.6588360541629316,0.024826049878330696,0.020529385285802504,117.03,ripe
1762155467.9062066,1762155460.0098226,0.6799999999999999,0.8,11,3,0,90.5,104.4999999999759,282.3,0.6589430044028082,0.02484182204604869,0.020739715321558827,117.03,ripe
1762155467.9163287,1762155460.0098226,0.6799999999999999,0.8,10,3,0,90.5,104.4999999999759,282.20000000000005,0.6592075872529186,0.02485750722634726,0.02063377260926491,117.03,ripe
1762155467.9264014,1762155460.0098226,0.6809999999999999,0.8,11,3,0,90.5,104.4999999999759,282.15,0.6595467395338541,0.024873370466816605,0.020873940397237556,117.03,ripe
1762155467.936466,1762155460.0098226,0.6799999999999999,0.8,10,3,0,90.5,104.4999999999759,282.1,0.6599290794867395,0.024888779907121763,0.020281260478806296,117.03,ripe
1762155467.9465349,1762155460.0098226,0.6789999999999999,0.8,11,3,0,90.5,104.4999999999759,282.05,0.6603186233815584,0.024903430846096378,0.019286546601214427,117.03,ripe
1762155467.9566004,1762155460.0098226,0.6789999999999999,0.8,11,3,0,90.5,104.4999999999759,282.05,0.6606976722480564,0.024917561610889812,0.018604912743329982,117.03,ripe
1762155467.966676,1762155460.0098226,0.6779999999999999,0.8,10,4,0,90.5,104.4999999999759,282.1,0.661067738225819,0.024930914534980548,0.017583554269874124,117.03,ripe
1762155467.9767563,1762155460.0098226,0.6819999999999999,0.8,12,5,0,90.5,104.4999999999759,282.25,0.6614195782512988,0.024945269613610172,0.018906067996547704,117.03,ripe
1762155467.986839,1762155460.0098226,0.6819999999999999,0.8,9,4,0,90.5,104.4999999999759,282.35,0.6617992113636657,0.024959969957088025,0.019363611760257582,117.03,ripe
1762155467.996922,1762155460.0098226,0.6799999999999999,0.8,9,3,0,90.55,104.4999999999759,282.35,0.6615646083260033,0.024974391910525306,0.019016803235958335,117.03,ripe
1762155468.006995,1762155460.0098226,0.6809999999999999,0.8,10,4,0,90.55,104.4999999999759,282.35,0.6616343801709581,0.024988911627743537,0.019156325610022673,117.03,ripe
1762155468.017114,1762155460.0098226,0.6799999999999999,0.8,10,3,0,90.55,104.4999999999759,282.35,0.6618627119289344,0.02500295430645067,0.018532640961555935,117.03,ripe
1762155468.027178,1762155460.0098226,0.6779999999999999,0.8,9,2,0,90.55,104.4999999999759,282.4,0.6621564399738477,0.025015864548951196,0.017041236471397547,117.03,ripe
1762155468.0372808,1762155460.0098226,0.6769999999999999,0.8,10,3,0,90.55,104.4999999999759,282.45,0.6624592184175441,0.025027711521285908,0.015639619805078442,117.03,ripe
1762155468.0473506,1762155460.0098226,0.6759999999999999,0.8,10,3,0,90.55,104.4999999999759,282.45,0.6627533729287242,0.02503853978641065,0.014296046182587063,117.03,ripe
1762155468.0574188,1762155460.0098226,0.675,0.8,10,2,0,90.55,104.4999999999759,282.4,0.6630303237005802,0.02504838142996061,0.012994385855075397,117.03,ripe
1762155468.0674825,1762155460.0098226,0.6779999999999999,0.8,12,3,0,90.55,104.4999999999759,282.35,0.6632860372676286,0.02505877676945975,0.013726317510199149,117.03,ripe
1762155468.0775828,1762155460.0098226,0.6779999999999999,0.8,10,4,0,90.55,104.4999999999759,282.25,0.6635588583725835,0.02506933886969848,0.013947319016330284,117.03,ripe
1762155468.0876846,1762155460.0098226,0.6799999999999999,0.8,10,5,0,90.55,104.4999999999759,282.15,0.6638373185444877,0.02508063374525797,0.014915770149969143,117.03,ripe
1762155468.0977511,1762155460.0098226,0.6809999999999999,0.8,10,3,0,90.55,104.4999999999759,282.1,0.6641357944878882,0.025092552703033896,0.015740749859340153,117.03,ripe
1762155468.1078417,1762155460.0098226,0.6809999999999999,0.8,10,4,0,90.55,104.4999999999759,282.05,0.6644511021787022,0.025104657631071437,0.01598716999491201,117.03,ripe
1762155468.1179788,1762155460.0098226,0.6839999999999999,0.8,11,5,0,90.5,104.4999999999759,282.05,0.6653991038866849,0.025117404077433722,0.01682003220012218,117.03,ripe
1762155468.1281013,1762155460.0098226,0.6829999999999999,0.8,10,3,0,90.5,104.4999999999759,282.15,0.6660508393498538,0.025129957105500606,0.016558728693549685,117.03,ripe
1762155468.1381884,1762155460.0098226,0.6829999999999999,0.8,9,2,0,90.5,104.4999999999759,282.15,0.6665407381594473,0.025142288259279832,0.016264045862254495,117.03,ripe
1762155468.148293,1762155460.0098226,0.6839999999999999,0.8,10,4,0,90.5,104.4999999999759,282.15,0.6669463570685136,0.02515476501551036,0.016456034942337272,117.03,ripe
1762155468.15839,1762155460.0098226,0.6839999999999999,0.8,10,3,0,90.5,104.4999999999759,282.15,0.6673166211462321,0.025167186898263697,0.0163845748591932,117.03,ripe
1762155468.1684763,1762155460.0098226,0.6809999999999999,0.8,9,3,0,90.5,104.4999999999759,282.1,0.6676658113510827,0.025178319158486853,0.014684786651629977,117.03,ripe
1762155468.1785626,1762155460.0098226,0.6809999999999999,0.8,10,4,0,90.5,104.4999999999759,282.0,0.6679709743972532,0.025188707139482416,0.013704324604103202,117.03,ripe
1762155468.1886423,1762155460.0098226,0.6779999999999999,0.8,9,3,0,90.5,104.4999999999759,281.9,0.6682514819433603,0.025197488640733824,0.011586167557317895,117.03,ripe
1762155468.1987576,1762155460.0098226,0.675,0.8,9,2,0,90.5,104.4999999999759,281.85,0.6684869135477554,0.02520425769678088,0.008931911202583742,117.03,ripe
1762155468.208849,1762155460.0098226,0.675,0.8,10,3,0,90.45,104.4999999999759,281.8,0.6692978327621202,0.025209499835190077,0.006911579613049446,117.03,ripe
1762155468.218931,1762155460.0098226,0.675,0.8,11,3,0,90.45,104.4999999999759,281.75,0.6697527715555136,0.02521393966193058,0.005851934632071232,117.03,ripe
1762155468.2290542,1762155460.0098226,0.674,0.8,10,3,0,90.45,104.4999999999759,281.65,0.6700286213790946,0.025217561714892523,0.00477373171469786,117.03,ripe
1762155468.2391603,1762155460.0098226,0.672,0.8,10,2,0,90.45,104.4999999999759,281.55,0.6702038316233158,0.02521998756920026,0.0031973449235804807,117.03,ripe
1762155468.2492337,1762155460.0098226,0.671,0.8,9,4,0,90.45,104.4999999999759,281.45000000000005,0.6703077864122805,0.025221423500505026,0.0018928018611675812,117.03,ripe
1762155468.2593205,1762155460.0098226,0.672,0.8,10,4,0,90.45,104.4999999999759,281.35,0.6703656939308804,0.025222739238262973,0.001734600205843595,117.03,ripe
1762155468.269435,1762155460.0098226,0.671,0.8,10,3,0,90.5,104.4999999999759,281.25,0.669779968600838,0.025224080553946468,0.0017701784675240306,117.03,ripe
1762155468.2795413,1762155460.0098226,0.67,0.8,10,3,0,90.5,104.4999999999759,281.15,0.6695052219050193,0.025225042212970478,0.0012698516291618223,117.03,ripe
1762155468.2896225,1762155460.0098226,0.669,0.8,10,2,0,90.5,104.4999999999759,281.05,0.6693755582307901,0.025225429809262352,0.0005119785363004725,117.03,ripe
1762155468.299747,1762155460.0098226,0.668,0.8,10,3,0,90.5,104.4999999999759,281.0,0.6693082481923477,0.02522515393307918,-0.00036447980880238706,117.03,ripe
1762155468.309885,1762155460.0098226,0.669,0.8,9,4,0,90.5,104.4999999999759,280.9,0.6692621310965913,0.025224934274521767,-0.00029024690481860294,117.03,ripe
1762155468.3200085,1762155460.0098226,0.67,0.8,11,3,0,90.5,104.4999999999759,280.95,0.6692369047601412,0.025225122725581143,0.0002490373357451059,117.03,ripe
1762155468.3301177,1762155460.0098226,0.666,0.8,9,2,0,90.5,104.4999999999759,281.0,0.6692322052106683,0.025223995896804657,-0.0014892341627250616,117.03,ripe
1762155468.340212,1762155460.0098226,0.668,0.8,11,4,0,90.5,104.4999999999759,281.1,0.6691974605760896,0.025222992679434827,-0.0013259750521180669,117.03,ripe
1762155468.3503058,1762155460.0098226,0.667,0.8,10,3,0,90.5,104.4999999999759,281.15,0.6691684204059004,0.02522168185510402,-0.001732677643914604,117.03,ripe
1762155468.3603919,1762155460.0098226,0.666,0.8,11,3,0,90.5,104.4999999999759,281.2,0.6691324318631537,0.025219855297845078,-0.0024145604821608213,117.03,ripe
1762155468.3704653,1762155460.0098226,0.668,0.8,12,3,0,90.45,104.4999999999759,281.25,0.6697138635140025,0.025218072365218426,-0.0023549278235059923,117.03,ripe
1762155468.380547,1762155460.0098226,0.667,0.8,11,3,0,90.45,104.4999999999759,281.35,0.6699814405813801,0.025215950237037273,-0.002801972736131808,117.03,ripe
1762155468.390652,1762155460.0098226,0.666,0.8,11,2,0,90.5,104.4999999999759,281.4,0.6694521103520135,0.025213784092909648,-0.002862376429389357,117.03,ripe
1762155468.4007673,1762155460.0098226,0.665,0.8,10,2,0,90.5,104.4999999999759,281.4,0.669158146952492,0.025211239977730046,-0.0033632799911799127,117.03,ripe
1762155468.4108913,1762155460.0098226,0.664,0.8,10,3,0,90.5,104.4999999999759,281.4,0.6689724121636165,0.025208158261265406,-0.004074978682960362,117.03,ripe
1762155468.4210076,1762155460.0098226,0.664,0.8,10,3,0,90.5,104.4999999999759,281.45,0.6688315392235031,0.025204844239858023,-0.0043828224831750084,117.03,ripe
1762155468.4311213,1762155460.0098226,0.663,0.8,10,3,0,90.45,104.4999999999759,281.4,0.6693441851806325,0.02520059147302352,-0.0056198268104684646,117.03,ripe
1762155468.4412034,1762155460.0098226,0.663,0.8,10,3,0,90.45,104.4999999999759,281.4,0.6695314846624997,0.02519592133090739,-0.006169305477417564,117.03,ripe
1762155468.4512813,1762155460.0098226,0.662,0.8,10,3,0,90.45,104.4999999999759,281.45000000000005,0.6695574984500299,0.02519071537668332,-0.006876408857488858,117.03,ripe
1762155468.4613569,1762155460.0098226,0.66,0.8,10,2,0,90.45,104.4999999999759,281.6,0.6694941849552699,0.025184542530779293,-0.008153640158999331,117.03,ripe
1762155468.4714408,1762155460.0098226,0.658,0.8,10,2,0,90.45,104.4999999999759,281.75,0.6693676347824413,0.025177201475113126,-0.009697362384305963,117.03,ripe
1762155468.481525,1762155460.0098226,0.655,0.8,11,3,0,90.45,104.4999999999759,281.95,0.6691912678319468,0.025168227035956368,-0.01185613163287913,117.03,ripe
1762155468.4916072,1762155460.0098226,0.656,0.8,11,3,0,90.45,104.4999999999759,282.15,0.668962104268701,0.025158921731223468,-0.012294536169167092,117.03,ripe
1762155468.5017176,1762155460.0098226,0.658,0.8,11,3,0,90.45,104.4999999999759,282.35,0.6687194561746326,0.025150305265769918,-0.011385672124865631,117.03,ripe
1762155468.511827,1762155460.0098226,0.659,0.8,11,4,0,90.45,104.4999999999759,282.5,0.6684927730455168,0.025142491703720026,-0.010325881020633254,117.03,ripe
1762155468.5219533,1762155460.0098226,0.659,0.8,10,3,0,90.45,104.4999999999759,282.6,0.6682862593891865,0.025135150431751147,-0.009702813376744723,117.03,ripe
1762155468.5320704,1762155460.0098226,0.662,0.8,11,3,0,90.45,104.4999999999759,282.65,0.6680917135989257,0.02512924950814937,-0.007799990592704864,117.03,ripe
1762155468.5421546,1762155460.0098226,0.662,0.8,10,3,0,90.45,104.4999999999759,282.6,0.6679351595567555,0.02512411375861826,-0.006789298053645032,117.03,ripe
1762155468.5522757,1762155460.0098226,0.662,0.8,10,3,0,90.5,104.4999999999759,282.55,0.6671706947050567,0.02511988361430561,-0.005597763953501533,117.03,ripe
1762155468.562386,1762155460.0098226,0.664,0.8,10,4,0,90.5,104.4999999999759,282.55,0.6667444377674852,0.025116894187344647,-0.003957972391707587,117.03,ripe
1762155468.572499,1762155460.0098226,0.662,0.8,9,4,0,90.5,104.4999999999759,282.6,0.6665081468506613,0.025113787072899893,-0.004114914162772543,117.03,ripe
1762155468.5825977,1762155460.0098226,0.661,0.8,9,4,0,90.5,104.4999999999759,282.7,0.6663472333667648,0.025110275984000573,-0.004650617022820436,117.03,ripe
1762155468.592701,1762155460.0098226,0.66,0.8,10,4,0,90.55,104.4999999999759,282.70000000000005,0.6655870906325008,0.02510670188449089,-0.004738782460528501,117.03,ripe
1762155468.6028004,1762155460.0098226,0.66,0.8,10,3,0,90.5,104.4999999999759,282.7,0.6657865772686544,0.025102655671204944,-0.00536242318266833,117.03,ripe
1762155468.6129022,1762155460.0098226,0.66,0.8,10,4,0,90.5,104.4999999999759,282.75,0.6658263668022715,0.025098418553201694,-0.005614289759278357,117.03,ripe
1762155468.6230292,1762155460.0098226,0.659,0.8,10,5,0,90.5,104.4999999999759,282.85,0.6657875125526673,0.025093752968402338,-0.006181474031170753,117.03,ripe
1762155468.6331341,1762155460.0098226,0.661,0.8,11,4,0,90.5,104.4999999999759,282.85,0.665700507254286,0.025089678984834534,-0.005397487993537675,117.03,ripe
1762155468.643259,1762155460.0098226,0.663,0.8,9,4,0,90.5,104.4999999999759,282.85,0.6656108069528672,0.025086690527971935,-0.003959297322493116,117.03,ripe
1762155468.653357,1762155460.0098226,0.662,0.8,10,3,0,90.5,104.4999999999759,282.9,0.6655407125441215,0.02508388652791868,-0.003714957728934376,117.03,ripe
1762155468.6634562,1762155460.0098226,0.661,0.8,9,3,0,90.5,104.4999999999759,282.9,0.6654709165176315,0.025080823628519808,-0.004058039110037881,117.03,ripe
1762155468.673571,1762155460.0098226,0.663,0.8,10,4,0,90.5,104.4999999999759,282.85,0.6653919546110261,0.02507841933603022,-0.003185515907229264,117.03,ripe
1762155468.6836941,1762155460.0098226,0.662,0.8,11,2,0,90.55,104.4999999999759,282.8,0.6647023564847402,0.025076459435172893,-0.0025991371328417667,117.03,ripe
1762155468.693799,1762155460.0098226,0.663,0.8,10,3,0,90.55,104.4999999999759,282.7,0.6643375276228068,0.025075113339126195,-0.0017859179468576736,117.03,ripe
1762155468.7039006,1762155460.0098226,0.665,0.8,11,2,0,90.5,104.4999999999759,282.55,0.6647723115455589,0.02507436170968521,-0.0009965067075843326,117.03,ripe
1762155468.7140157,1762155460.0098226,0.666,0.8,11,3,0,90.5,104.4999999999759,282.55,0.664987600538046,0.025074286485144252,-9.969811905863324e-05,117.03,ripe
1762155468.724125,1762155460.0098226,0.666,0.8,11,3,0,90.5,104.4999999999759,282.55,0.665103212993756,0.025074543620992443,0.00034073821573765706,117.03,ripe
1762155468.7342117,1762155460.0098226,0.668,0.8,10,5,0,90.5,104.4999999999759,282.55,0.665168837933339,0.025075715765471445,0.001553137671407856,117.03,ripe
1762155468.7443264,1762155460.0098226,0.668,0.8,9,3,0,90.5,104.4999999999759,282.6,0.665229335717717,0.025077324547248325,0.002131652084656377,117.03,ripe
1762155468.7544239,1762155460.0098226,0.667,0.8,9,3,0,90.5,104.4999999999759,282.7,0.6652867175251569,0.025078753800999797,0.001893776376029832,117.03,ripe
1762155468.7644963,1762155460.0098226,0.666,0.8,9,4,0,90.5,104.4999999999759,282.7,0.6653319865648718,0.02507970341302473,0.0012582603857215213,117.03,ripe
1762155468.77459,1762155460.0098226,0.667,0.8,10,4,0,90.5,104.4999999999759,282.65,0.6653608555205315,0.02508078584026313,0.0014342679547652004,117.03,ripe
1762155468.7846556,1762155460.0098226,0.668,0.8,11,3,0,90.5,104.4999999999759,282.55,0.6653914102493459,0.02508229983310774,0.002006151488302521,117.03,ripe
1762155468.794728,1762155460.0098226,0.67,0.8,11,3,0,90.5,104.4999999999759,282.45,0.665432495470453,0.0250847647681311,0.0032662853983712603,117.03,ripe
1762155468.804797,1762155460.0098226,0.671,0.8,11,3,0,90.5,104.4999999999759,282.4,0.6654983497024085,0.02508804825752855,0.004351040732003653,117.03,ripe
1762155468.8148634,1762155460.0098226,0.671,0.8,11,2,0,90.5,104.4999999999759,282.4,0.6655856904440981,0.025091699911949178,0.004839004773108058,117.03,ripe
1762155468.8249257,1762155460.0098226,0.668,0.8,10,1,0,90.5,104.4999999999759,282.45,0.6656826837332184,0.025094363445817808,0.003529663875384781,117.03,ripe
1762155468.8350205,1762155460.0098226,0.67,0.8,11,2,0,90.55,104.4999999999759,282.4,0.6651260456599044,0.025097741087981407,0.004480128144397133,117.03,ripe
1762155468.8450983,1762155460.0098226,0.668,0.8,10,3,0,90.55,104.4999999999759,282.4,0.6649018770337314,0.025100680993874327,0.003901209868419464,117.03,ripe
1762155468.8552089,1762155460.0098226,0.669,0.8,11,3,0,90.55,104.4999999999759,282.45,0.6648228976025127,0.02510375402661855,0.0040786458485627675,117.03,ripe
1762155468.865314,1762155460.0098226,0.669,0.8,11,3,0,90.55,104.4999999999759,282.55,0.6648258486695671,0.025106861711642565,0.004124923055970675,117.03,ripe
1762155468.87542,1762155460.0098226,0.669,0.8,12,3,0,90.55,104.4999999999759,282.65,0.6648689240019622,0.02510995546085371,0.004106461860806765,117.03,ripe
1762155468.8854935,1762155460.0098226,0.669,0.8,11,3,0,90.55,104.4999999999759,282.65,0.6649312359590099,0.025113011600826105,0.004056456972374556,117.03,ripe
1762155468.8955672,1762155460.0098226,0.668,0.8,9,3,0,90.55,104.4999999999759,282.65,0.6650023560613725,0.025115642186804173,0.0034914904043197303,117.03,ripe
1762155468.9056892,1762155460.0098226,0.668,0.8,10,2,0,90.55,104.4999999999759,282.6,0.6650671100560624,0.025118038046773403,0.003179813176783619,117.03,ripe
1762155468.915804,1762155460.0098226,0.669,0.8,11,3,0,90.55,104.4999999999759,282.5,0.665128100187253,0.02512067177727527,0.003495361429170063,117.03,ripe
1762155468.925914,1762155460.0098226,0.669,0.8,10,3,0,90.55,104.4999999999759,282.4,0.6651966151451841,0.025123395866142283,0.003615115663027413,117.03,ripe
1762155468.9360018,1762155460.0098226,0.669,0.8,10,3,0,90.55,104.4999999999759,282.35,0.6652681358434152,0.02512613712039878,0.003637729560690639,117.03,ripe
1762155468.946102,1762155460.0098226,0.671,0.8,11,4,0,90.55,104.4999999999759,282.35,0.665340417635603,0.02512961309302175,0.004612515066449885,117.03,ripe
1762155468.9561691,1762155460.0098226,0.671,0.8,9,4,0,90.55,104.4999999999759,282.3,0.6654323080681513,0.02513341451956976,0.0050441582828751885,117.03,ripe
1762155468.9662387,1762155460.0098226,0.674,0.8,11,4,0,90.5,104.4999999999759,282.25,0.6661612285352642,0.02513799868130634,0.006077004640249073,117.03,ripe
1762155468.9763536,1762155460.0098226,0.6759999999999999,0.8,11,3,0,90.5,104.4999999999759,282.1,0.666596918385569,0.025143675621568797,0.00752219820218758,117.03,ripe
1762155468.986432,1762155460.0098226,0.6759999999999999,0.8,11,3,0,90.45,104.4999999999759,281.95000000000005,0.6675331773394694,0.02514936207249876,0.00752638095440894,117.03,ripe
1762155468.9965065,1762155460.0098226,0.677,0.8,11,4,0,90.45,104.4999999999759,281.8,0.6680770946974756,0.025155373653340897,0.00795268444946362,117.03,ripe
1762155469.0065815,1762155460.0098226,0.677,0.8,10,4,0,90.45,104.4999999999759,281.70000000000005,0.6684333101467015,0.02516148390081091,0.008081579426768126,117.03,ripe
1762155469.0167003,1762155460.0098226,0.6759999999999999,0.8,10,4,0,90.45,104.4999999999759,281.7,0.6686939574364327,0.025167202723441494,0.0075634873503021005,117.03,ripe
1762155469.0267763,1762155460.0098226,0.6779999999999999,0.8,11,4,0,90.45,104.4999999999759,281.7,0.6688950948962115,0.02517342809649016,0.008233627497155838,117.03,ripe
1762155469.036871,1762155460.0098226,0.677,0.8,10,3,0,90.45,104.4999999999759,281.65,0.6690851359789592,0.025179460755304084,0.007979225217724428,117.03,ripe
1762155469.046973,1762155460.0098226,0.6759999999999999,0.8,9,3,0,90.45,104.4999999999759,281.55,0.6692577725175457,0.025184960114937174,0.0072744080807960465,117.03,ripe
1762155469.0570958,1762155460.0098226,0.6759999999999999,0.8,10,3,0,90.45,104.4999999999759,281.5,0.6694100913332273,0.025190142722334143,0.006855998965943577,117.03,ripe
1762155469.067178,1762155460.0098226,0.675,0.8,10,3,0,90.45,104.4999999999759,281.4,0.669550918666113,0.02519473993788924,0.006082126483472394,117.03,ripe
1762155469.0772784,1762155460.0098226,0.6759999999999999,0.8,11,3,0,90.45,104.4999999999759,281.3,0.6696746498217468,0.025199381902835685,0.006141872753045896,117.03,ripe
1762155469.0873775,1762155460.0098226,0.6759999999999999,0.8,11,2,0,90.45,104.4999999999759,281.3,0.6697988019720398,0.02520399896490975,0.006109459315356558,117.03,ripe
1762155469.097476,1762155460.0098226,0.675,0.8,11,2,0,90.45,104.4999999999759,281.3,0.6699219079141857,0.02520817943387303,0.0055322227295124815,117.03,ripe
1762155469.107571,1762155460.0098226,0.674,0.8,10,2,0,90.45,104.4999999999759,281.35,0.6700332170338937,0.02521172607655294,0.004693848287955382,117.03,ripe
1762155469.117659,1762155460.0098226,0.673,0.8,10,3,0,90.45,104.4999999999759,281.4,0.6701275829420225,0.025214548701208504,0.0037359497189021207,117.03,ripe
1762155469.127757,1762155460.0098226,0.671,0.8,10,3,0,90.5,104.4999999999759,281.45000000000005,0.6695722926688309,0.025216706993966078,0.0028594736616314176,117.03,ripe
1762155469.1378305,1762155460.0098226,0.671,0.8,11,4,0,90.5,104.4999999999759,281.45000000000005,0.6693144213394059,0.02521851868793074,0.002401461825825346,117.03,ripe
1762155469.1479037,1762155460.0098226,0.672,0.8,11,3,0,90.5,104.4999999999759,281.5,0.6692049045077688,0.025220519673102067,0.0026530370748467647,117.03,ripe
1762155469.158019,1762155460.0098226,0.672,0.8,10,3,0,90.45,104.4999999999759,281.55,0.6698097080303101,0.02522211931467436,0.00211926276099772,117.03,ripe
1762155469.1681106,1762155460.0098226,0.672,0.8,10,2,0,90.45,104.4999999999759,281.55,0.6701280614474027,0.02522350595026873,0.0018364239482512312,117.03,ripe
1762155469.1782124,1762155460.0098226,0.67,0.8,9,3,0,90.45,104.4999999999759,281.65,0.6703028456065758,0.025224019014954528,0.0006793970912510883,117.03,ripe
1762155469.1883013,1762155460.0098226,0.671,0.8,11,3,0,90.5,104.4999999999759,281.75,0.6697548522634075,0.025224951801532395,0.0012362690855060032,117.03,ripe
1762155469.1984236,1762155460.0098226,0.672,0.8,11,3,0,90.5,104.4999999999759,281.8,0.6694987955775106,0.025226457737796956,0.0019967650969462403,117.03,ripe
1762155469.2085323,1762155460.0098226,0.672,0.8,10,3,0,90.5,104.4999999999759,281.8,0.6693983443078232,0.025228229267375724,0.002349436029405294,117.03,ripe
1762155469.2186916,1762155460.0098226,0.672,0.8,10,4,0,90.55,104.4999999999759,281.7,0.6687444319243486,0.02523058656010031,0.0031294582442656926,117.03,ripe
1762155469.2288113,1762155460.0098226,0.671,0.8,11,2,0,90.55,104.4999999999759,281.65,0.6684564253201428,0.025232830607498938,0.0029805197641643577,117.03,ripe
1762155469.2389214,1762155460.0098226,0.668,0.8,10,2,0,90.6,104.4999999999759,281.65,0.667709795912432,0.025234341278186297,0.0020086766297217062,117.03,ripe
1762155469.2490494,1762155460.0098226,0.669,0.8,10,3,0,90.6,104.4999999999759,281.8,0.6673467055903731,0.025235854119428695,0.002012530680703728,117.03,ripe
1762155469.259209,1762155460.0098226,0.67,0.8,10,3,0,90.6,104.4999999999759,281.95,0.667185169262686,0.025237728905557637,0.0024944488728524394,117.03,ripe
1762155469.2692864,1762155460.0098226,0.67,0.8,9,4,0,90.6,104.4999999999759,282.1,0.6671339549034241,0.025239762549075073,0.0027058541643452116,117.03,ripe
1762155469.2793975,1762155460.0098226,0.668,0.8,9,3,0,90.6,104.4999999999759,282.2,0.6671373181972201,0.02524110237155385,0.0017825863366646155,117.03,ripe
1762155469.2894924,1762155460.0098226,0.668,0.8,9,5,0,90.6,104.4999999999759,282.2,0.6671475340303046,0.025242088903307768,0.0013124182366377468,117.03,ripe
1762155469.2995887,1762155460.0098226,0.668,0.8,11,3,0,90.6,104.4999999999759,282.25,0.6671610093819229,0.025242892526569898,0.001068966751548217,117.03,ripe
1762155469.3096766,1762155460.0098226,0.668,0.8,10,4,0,90.6,104.4999999999759,282.3,0.6671759495115573,0.025243598558485774,0.0009390385551782954,117.03,ripe
1762155469.319754,1762155460.0098226,0.669,0.8,10,4,0,90.6,104.4999999999759,282.35,0.6671914600060411,0.025244625760919393,0.0013660340273267124,117.03,ripe
1762155469.3298335,1762155460.0098226,0.671,0.8,10,3,0,90.6,104.4999999999759,282.25,0.6672170339778221,0.02524655230332566,0.002561713038861879,117.03,ripe
1762155469.339913,1762155460.0098226,0.671,0.8,9,4,0,90.55,104.4999999999759,282.05,0.6678983288029441,0.025248427629856927,0.002491044705397849,117.03,ripe
1762155469.3500085,1762155460.0098226,0.671,0.8,10,3,0,90.55,104.4999999999759,281.85,0.6682631521317225,0.025250259138697665,0.0024315346224484946,117.03,ripe
1762155469.3601298,1762155460.0098226,0.67,0.8,10,3,0,90.55,104.4999999999759,281.8,0.668469244806624,0.025251674192635513,0.001878098570461506,117.03,ripe
1762155469.3702533,1762155460.0098226,0.67,0.8,10,4,0,90.55,104.4999999999759,281.75,0.668585519611418,0.02525287098557817,0.0015881520771247049,117.03,ripe
1762155469.3803594,1762155460.0098226,0.67,0.8,10,5,0,90.6,104.4999999999759,281.79999999999995,0.6680252935510299,0.02525442326741826,0.002061542293241403,117.03,ripe
1762155469.3904817,1762155460.0098226,0.671,0.8,10,5,0,90.6,104.4999999999759,281.75,0.6677703818512802,0.025256510565054943,0.002773036070855439,117.03,ripe
1762155469.4005902,1762155460.0098226,0.671,0.8,9,3,0,90.6,104.4999999999759,281.75,0.6676775739123871,0.025258839288045145,0.003094135048680724,117.03,ripe
1762155469.410699,1762155460.0098226,0.672,0.8,9,4,0,90.55,104.4999999999759,281.8,0.6682966000272251,0.02526116644287053,0.003089254453308876,117.03,ripe
1762155469.4207847,1762155460.0098226,0.671,0.8,10,3,0,90.55,104.4999999999759,281.8,0.6686369295668729,0.025263092796099673,0.0025559976733940948,117.03,ripe
1762155469.4308658,1762155460.0098226,0.67,0.8,10,2,0,90.55,104.4999999999759,281.7,0.6688273076918629,0.0252644264735681,0.0017691559282706493,117.03,ripe
1762155469.4409544,1762155460.0098226,0.671,0.8,11,3,0,90.6,104.4999999999759,281.7,0.6683007039045218,0.02526630779473649,0.0024975279055450272,117.03,ripe
1762155469.451021,1762155460.0098226,0.669,0.8,10,3,0,90.6,104.4999999999759,281.7,0.6680694920404031,0.02526768554755002,0.0018296238646302587,117.03,ripe
1762155469.4611266,1762155460.0098226,0.667,0.8,9,2,0,90.6,104.4999999999759,281.7,0.6679654251952392,0.025268050070592452,0.00048413275727754446,117.03,ripe
1762155469.4712038,1762155460.0098226,0.664,0.8,9,3,0,90.6,104.4999999999759,281.6,0.6679048124659352,0.02526678511255008,-0.0016800334896769353,117.03,ripe
1762155469.4812884,1762155460.0098226,0.662,0.8,10,2,0,90.6,104.4999999999759,281.5,0.6678362533163973,0.02526398114799229,-0.00372386382826817,117.03,ripe
1762155469.4913633,1762155460.0098226,0.661,0.8,10,3,0,90.65,104.4999999999759,281.45,0.6671129816597215,0.025260552883111027,-0.004556786915656974,117.03,ripe
1762155469.501444,1762155460.0098226,0.659,0.8,11,2,0,90.65,104.4999999999759,281.4,0.6666979204996117,0.025256100632893855,-0.005919823127579438,117.03,ripe
1762155469.511523,1762155460.0098226,0.657,0.8,9,3,0,90.65,104.4999999999759,281.25,0.6664181738171258,0.02525043851320472,-0.007529125131109593,117.03,ripe
1762155469.5215976,1762155460.0098226,0.655,0.8,10,2,0,90.65,104.4999999999759,281.15,0.6661876693529852,0.02524348712466225,-0.009243145009977138,117.03,ripe
1762155469.531675,1762155460.0098226,0.652,0.8,10,2,0,90.65,104.4999999999759,281.1,0.6659637298724,0.025234844002454786,-0.01149146770089604,117.03,ripe
1762155469.5417883,1762155460.0098226,0.651,0.8,9,3,0,90.65,104.4999999999759,281.1,0.6657154476064946,0.025225080566330958,-0.012979316520742579,117.03,ripe
1762155469.5518606,1762155460.0098226,0.651,0.8,9,3,0,90.65,104.4999999999759,281.2,0.6654477528308064,0.025214864073106014,-0.013579687287930353,117.03,ripe
1762155469.5619721,1762155460.0098226,0.652,0.8,10,4,0,90.65,104.4999999999759,281.3,0.6651731759431502,0.02520490233162641,-0.013239143171712153,117.03,ripe
1762155469.5720475,1762155460.0098226,0.653,0.8,10,4,0,90.65,104.4999999999759,281.35,0.664907853355739,0.025195539899355777,-0.012440836970019964,117.03,ripe
1762155469.5821128,1762155460.0098226,0.652,0.8,10,3,0,90.65,104.4999999999759,281.35,0.664659606998863,0.02518618719608621,-0.012426098806003427,117.03,ripe
1762155469.5921881,1762155460.0098226,0.653,0.8,10,4,0,90.65,104.4999999999759,281.35,0.6644122502249973,0.025177307849955657,-0.011795496128567451,117.03,ripe
1762155469.602252,1762155460.0098226,0.654,0.8,10,4,0,90.65,104.4999999999759,281.35,0.6641776969665478,0.025169124548838098,-0.010869319918332954,117.03,ripe
1762155469.612347,1762155460.0098226,0.656,0.8,11,3,0,90.7,104.4999999999759,281.35,0.6633324353756513,0.025162595904596075,-0.008678246851543836,117.03,ripe
1762155469.6224236,1762155460.0098226,0.654,0.8,8,3,0,90.7,104.4999999999759,281.35,0.6628457615418559,0.025156189122652144,-0.008518667279802106,117.03,ripe
1762155469.632506,1762155460.0098226,0.652,0.8,9,2,0,90.7,104.4999999999759,281.35,0.6625197252339167,0.025149152739381186,-0.0093561781028898,117.03,ripe
1762155469.6425843,1762155460.0098226,0.65,0.8,10,3,0,90.7,104.4999999999759,281.45,0.6622558024509342,0.025141124617199972,-0.010674028885420794,117.03,ripe
1762155469.6526594,1762155460.0098226,0.649,0.8,10,3,0,90.7,104.4999999999759,281.55,0.6620051040353006,0.025132312940520908,-0.011714217252543846,117.03,ripe
1762155469.6627355,1762155460.0098226,0.648,0.8,9,3,0,90.7,104.4999999999759,281.65,0.6617534392702783,0.025122827386044995,-0.012607995878899936,117.03,ripe
1762155469.6727993,1762155460.0098226,0.65,0.8,10,4,0,90.7,104.4999999999759,281.75,0.6614938611415216,0.02511385700590619,-0.011921139445832396,117.03,ripe
1762155469.6828854,1762155460.0098226,0.651,0.8,10,3,0,90.7,104.4999999999759,281.85,0.6612527612465214,0.02510560356015204,-0.010966400398676801,117.03,ripe
1762155469.6929781,1762155460.0098226,0.651,0.8,10,4,0,90.7,104.4999999999759,281.95,0.6610329940731061,0.025097782652696184,-0.010389813649183788,117.03,ripe
1762155469.703146,1762155460.0098226,0.651,0.8,11,3,0,90.65,104.4999999999759,282.05,0.6614532875969833,0.02508977094230619,-0.01063169738502212,117.03,ripe
1762155469.7132235,1762155460.0098226,0.651,0.8,10,3,0,90.7,104.4999999999759,282.15,0.6609279037446409,0.025082224757371416,-0.010017108638660344,117.03,ripe
1762155469.7233353,1762155460.0098226,0.651,0.8,11,3,0,90.7,104.4999999999759,282.15,0.6605720480226533,0.025074980777611347,-0.00961665046966309,117.03,ripe
1762155469.7334208,1762155460.0098226,0.651,0.8,10,3,0,90.7,104.4999999999759,282.15,0.6603027562733771,0.025067956114553504,-0.00932505749688195,117.03,ripe
1762155469.7435403,1762155460.0098226,0.652,0.8,10,3,0,90.67,104.4999999999759,282.15,0.6604545490398682,0.025061197749189176,-0.00896569965162064,117.03,ripe
1762155469.753615,1762155460.0098226,0.651,0.8,9,3,0,90.67,104.4999999999759,282.2,0.6604448309961979,0.02505425979287522,-0.009200406302074082,117.03,ripe
1762155469.7637367,1762155460.0098226,0.651,0.8,10,3,0,90.67,104.4999999999759,282.25,0.6603461406058788,0.025047302362687342,-0.009223928258816905,117.03,ripe
1762155469.7738504,1762155460.0098226,0.651,0.8,10,3,0,90.67,104.4999999999759,282.35,0.6602048281969362,0.02504040418285854,-0.009143722023405187,117.03,ripe
1762155469.7839465,1762155460.0098226,0.652,0.8,10,3,0,90.62,104.4999999999759,282.55,0.6606700391150486,0.02503350191605437,-0.009139486028283184,117.03,ripe
1762155469.794052,1762155460.0098226,0.652,0.8,10,4,0,90.62,104.4999999999759,282.7,0.6608113571019626,0.025026666470433417,-0.009046080558579805,117.03,ripe
1762155469.8041334,1762155460.0098226,0.65,0.8,10,2,0,90.62,104.4999999999759,282.75,0.6607925913900156,0.025019176099369697,-0.0099099531183241,117.03,ripe
1762155469.8142211,1762155460.0098226,0.647,0.8,9,2,0,90.62,104.4999999999759,282.75,0.6606756299308617,0.025010305376223098,-0.011734310795015968,117.03,ripe
1762155469.8243487,1762155460.0098226,0.645,0.8,9,3,0,90.62,104.4999999999759,282.7,0.6604817738853315,0.02500009047064119,-0.01351111431740859,117.03,ripe
1762155469.8344498,1762155460.0098226,0.644,0.8,9,3,0,90.62,104.4999999999759,282.7,0.660232202027699,0.024988940576562292,-0.014746872243737497,117.03,ripe
1762155469.8445454,1762155460.0098226,0.642,0.8,9,2,0,90.57,104.4999999999759,282.75,0.6605725549921662,0.02497620357971262,-0.01682989010018543,117.03,ripe
1762155469.8546202,1762155460.0098226,0.642,0.8,10,3,0,90.57,104.4999999999759,282.8,0.6605531021710673,0.0249628157801992,-0.017681769725076957,117.03,ripe
1762155469.8647344,1762155460.0098226,0.641,0.8,9,3,0,90.57,104.4999999999759,282.7,0.6603575682950664,0.024948864716013545,-0.018421902072071283,117.03,ripe
1762155469.8748071,1762155460.0098226,0.64,0.8,10,3,0,90.52,104.4999999999759,282.6,0.6606914576802756,0.024933913077553844,-0.019723624568777964,117.03,ripe
1762155469.8849015,1762155460.0098226,0.638,0.8,10,3,0,90.52,104.4999999999759,282.54999999999995,0.6606467733500367,0.024917863426668116,-0.021162856794287865,117.03,ripe
1762155469.8949742,1762155460.0098226,0.637,0.8,10,4,0,90.52,104.4999999999759,282.5,0.6603970413246205,0.024901058578922313,-0.02215508304674607,117.03,ripe
1762155469.9050972,1762155460.0098226,0.637,0.8,9,3,0,90.52,104.4999999999759,282.45,0.6600393630546114,0.02488405359333667,-0.02241838391567419,117.03,ripe
1762155469.915171,1762155460.0098226,0.636,0.8,10,2,0,90.52,104.4999999999759,282.45,0.65963244076826,0.02486674322014649,-0.02282195119879138,117.03,ripe
1762155469.9252403,1762155460.0098226,0.636,0.8,11,2,0,90.52,104.4999999999759,282.5,0.6591954680120318,0.024849458200731808,-0.0227902232272974,117.03,ripe
1762155469.9353127,1762155460.0098226,0.637,0.8,10,3,0,90.52,104.4999999999759,282.6,0.6587481971339605,0.024832739451242907,-0.0220455747415933,117.03,ripe
1762155469.9453921,1762155460.0098226,0.636,0.8,10,3,0,90.52,104.4999999999759,282.65,0.6583104566488749,0.024816087848218683,-0.021959145452691287,117.03,ripe
1762155469.955465,1762155460.0098226,0.636,0.8,11,2,0,90.52,104.4999999999759,282.65,0.6578717575871725,0.02479963732892944,-0.021696101989080785,117.03,ripe
1762155469.9655352,1762155460.0098226,0.637,0.8,10,2,0,90.52,104.4999999999759,282.70000000000005,0.6574370208606426,0.0247838305131926,-0.020849193061596716,117.03,ripe
1762155469.9756033,1762155460.0098226,0.637,0.8,10,2,0,90.57,104.4999999999759,282.75,0.6563990692121939,0.024768981767125237,-0.01960515531267104,117.03,ripe
1762155469.9856694,1762155460.0098226,0.636,0.8,9,2,0,90.57,104.4999999999759,282.85,0.6556965290696494,0.02475437195023412,-0.019299572119887975,117.03,ripe
1762155469.9957805,1762155460.0098226,0.634,0.8,9,2,0,90.62,104.4999999999759,282.85,0.6545363670493388,0.02473975029426743,-0.019337888574458062,117.03,ripe
1762155470.0058608,1762155460.0098226,0.635,0.8,11,3,0,90.62,104.4999999999759,282.85,0.6537632787803458,0.024725646045354457,-0.01866403954290541,117.03,ripe
1762155470.0159442,1762155460.0098226,0.635,0.8,10,2,0,90.62,104.4999999999759,282.85,0.653197438646993,0.02471193537473914,-0.018147819028272782,117.03,ripe
1762155470.0260186,1762155460.0098226,0.637,0.8,10,4,0,90.62,104.4999999999759,282.8,0.6527387229959335,0.024699309289548218,-0.016713913186573337,117.03,ripe
1762155470.0360985,1762155460.0098226,0.637,0.8,9,3,0,90.62,104.4999999999759,282.70000000000005,0.6523569885566104,0.024687340211684297,-0.01584458365193031,117.03,ripe
1762155470.0461893,1762155460.0098226,0.638,0.8,10,3,0,90.62,104.4999999999759,282.65,0.6520167584144235,0.02467618987117693,-0.014760555962083477,117.03,ripe
1762155470.056257,1762155460.0098226,0.639,0.8,10,3,0,90.62,104.4999999999759,282.65,0.6517102207663996,0.02466592942059809,-0.013582119540229587,117.03,ripe
1762155470.0663552,1762155460.0098226,0.639,0.8,11,3,0,90.62,104.4999999999759,282.65,0.6514332166278626,0.024656207176904595,-0.012869166014777611,117.03,ripe
1762155470.0764637,1762155460.0098226,0.638,0.8,10,3,0,90.62,104.4999999999759,282.65,0.6511734406704477,0.024646467701182687,-0.012891415363905256,117.03,ripe
1762155470.0865421,1762155460.0098226,0.637,0.8,10,2,0,90.62,104.4999999999759,282.6,0.6509147159581138,0.024636438956180177,-0.013273703304842566,117.03,ripe
1762155470.0966268,1762155460.0098226,0.635,0.8,9,3,0,90.62,104.4999999999759,282.45,0.6506491045116722,0.024625612712342843,-0.014328598185036623,117.03,ripe
1762155470.1066947,1762155460.0098226,0.633,0.8,9,3,0,90.62,104.4999999999759,282.35,0.6503628074072924,0.024613747817874263,-0.015702554243974487,117.03,ripe
1762155470.1167789,1762155460.0098226,0.632,0.8,10,3,0,90.62,104.4999999999759,282.3,0.6500492676167161,0.024601114228631787,-0.016719141035057228,117.03,ripe
1762155470.1268442,1762155460.0098226,0.635,0.8,10,4,0,90.62,104.4999999999759,282.3,0.6497155206033112,0.02458936322799845,-0.015550457312481725,117.03,ripe
1762155470.1369221,1762155460.0098226,0.638,0.8,10,4,0,90.57,104.4999999999759,282.25,0.6500198638223037,0.024578821194818502,-0.013937332176888972,117.03,ripe
1762155470.147003,1762155460.0098226,0.638,0.8,10,3,0,90.57,104.4999999999759,282.20000000000005,0.6500483969849933,0.024568978241002515,-0.013007131162285912,117.03,ripe
1762155470.15709,1762155460.0098226,0.637,0.8,9,3,0,90.57,104.4999999999759,282.1,0.6499416198557434,0.024559198392099826,-0.0129209869443897,117.03,ripe
1762155470.1671572,1762155460.0098226,0.637,0.8,9,3,0,90.62,104.4999999999759,282.05,0.6491456678542639,0.024550020688398972,-0.012135351398587013,117.03,ripe
1762155470.1772592,1762155460.0098226,0.637,0.8,10,4,0,90.62,104.4999999999759,282.1,0.6486345651578426,0.024541229024383424,-0.011629406930004138,117.03,ripe
1762155470.1873221,1762155460.0098226,0.635,0.8,9,2,0,90.62,104.4999999999759,282.1,0.6482680698426425,0.024531958090381296,-0.012265490728723294,117.03,ripe
1762155470.1974277,1762155460.0098226,0.633,0.8,9,3,0,90.62,104.4999999999759,282.15,0.6479560934708217,0.024521788875586353,-0.013454803913862112,117.03,ripe
1762155470.2074935,1762155460.0098226,0.63,0.8,8,3,0,90.57,104.4999999999759,282.25,0.6482670151746763,0.024509672766967496,-0.016016370396196522,117.03,ripe
1762155470.2175636,1762155460.0098226,0.629,0.8,9,3,0,90.57,104.4999999999759,282.29999999999995,0.6482363253460621,0.0244963446118943,-0.017611002956822164,117.03,ripe
