Time,ReachedHoldTime,Force,DesiredForce,State,ActualWidth,CommandWidth,Proximity,RawFzL,RawFzR,ForcePrediction,SpringConstant,RLSError,BaselineWidth,Ripeness
1763612184.4900517,0,0.025,0.5,0,1,1,211,220,195.0,None,None,None,0.0,unknown
1763612184.6601493,0,0.05,0.5,2,0,1,209.33333333333334,219.9,193.33333333333331,None,None,None,0.0,unknown
1763612184.7143083,0,0.037500000000000006,0.5,0,0,1,208.5,219.8,193.75,None,None,None,0.0,unknown
1763612184.9360287,0,0.05,0.5,2,0,1,208,219.70000000000002,195.0,None,None,None,0.0,unknown
1763612185.0008907,0,0.05,0.5,0,1,1,207.66666666666666,219.60000000000002,194.16666666666669,None,None,None,0.0,unknown
1763612185.0198836,0,0.0642857142857143,0.5,1,2,1,207.42857142857142,219.50000000000003,195.0,None,None,None,0.0,unknown
1763612185.0935252,0,0.0625,0.5,0,1,1,207.25,219.40000000000003,195.625,None,None,None,0.0,unknown
1763612185.196776,0,0.061111111111111116,0.5,0,1,1,207.11111111111111,219.30000000000004,195.55555555555554,None,None,None,0.0,unknown
1763612185.2330954,0,0.060000000000000005,0.5,0,1,1,207,219.20000000000005,195.5,None,None,None,0.0,unknown
1763612185.4012802,0,0.06818181818181818,0.5,1,2,1,206.9090909090909,219.10000000000005,194.54545454545453,None,None,None,0.0,unknown
1763612185.4475977,0,0.07083333333333333,0.5,0,2,1,206.83333333333334,219.00000000000006,194.16666666666666,None,None,None,0.0,unknown
1763612185.5521023,0,0.06923076923076923,0.5,1,0,1,206.76923076923077,218.90000000000006,194.6153846153846,None,None,None,0.0,unknown
1763612185.60046,0,0.06785714285714287,0.5,0,1,1,206.71428571428572,218.80000000000007,194.64285714285714,None,None,None,0.0,unknown
1763612185.6438313,0,0.06666666666666667,0.5,0,1,1,206.66666666666666,218.70000000000007,194.66666666666666,None,None,None,0.0,unknown
1763612185.7495847,0,0.071875,0.5,2,1,1,206.625,218.60000000000008,194.375,None,None,None,0.0,unknown
1763612185.839252,0,0.07058823529411765,0.5,0,1,1,206.47058823529412,218.50000000000009,194.41176470588238,None,None,None,0.0,unknown
1763612185.9962435,0,0.07222222222222223,0.5,1,1,1,206.44444444444446,218.4000000000001,194.44444444444446,None,None,None,0.0,unknown
1763612186.1122384,0,0.0736842105263158,0.5,1,1,1,206.42105263157896,218.3000000000001,194.21052631578948,None,None,None,0.0,unknown
1763612186.2175736,0,0.075,0.5,1,1,1,206.4,218.2000000000001,193.75,None,None,None,0.0,unknown
1763612186.4245381,0,0.07380952380952381,0.5,1,0,1,206.38095238095238,218.1000000000001,193.57142857142856,None,None,None,0.0,unknown
1763612186.7247403,0,0.075,0.5,2,0,1,206.36363636363637,218.0000000000001,191.5909090909091,None,None,None,0.0,unknown
1763612186.775176,0,0.07391304347826087,0.5,0,1,1,206.34782608695653,217.90000000000012,189.7826086956522,None,None,None,0.0,unknown
1763612186.8297358,0,0.07291666666666667,0.5,0,1,1,206.33333333333334,217.80000000000013,188.33333333333331,None,None,None,0.0,unknown
1763612186.9306157,0,0.07,0.5,0,0,1,206.32,217.70000000000013,186.8,None,None,None,0.0,unknown
1763612187.0081606,0,0.06923076923076923,0.5,0,1,1,206.30769230769232,217.60000000000014,185.0,None,None,None,0.0,unknown
1763612187.0752141,0,0.07222222222222223,0.5,2,1,1,206.2962962962963,217.50000000000014,183.33333333333334,None,None,None,0.0,unknown
1763612187.1626217,0,0.07321428571428572,0.5,0,2,1,206.28571428571428,217.40000000000015,181.42857142857142,None,None,None,0.0,unknown
1763612187.1860669,0,0.07586206896551724,0.5,2,1,1,206.27586206896552,217.30000000000015,179.82758620689657,None,None,None,0.0,unknown
1763612187.207719,0,0.075,0.5,1,0,1,206.6,217.20000000000016,178.83333333333331,None,None,None,0.0,unknown
1763612187.2359395,0,0.07580645161290323,0.5,1,1,1,206.58064516129033,217.10000000000016,177.4193548387097,None,None,None,0.0,unknown
1763612187.367046,0,0.0734375,0.5,0,0,1,206.5625,217.00000000000017,176.25,None,None,None,0.0,unknown
1763612187.5545595,0,0.07272727272727272,0.5,0,1,1,206.54545454545453,216.90000000000018,175.0,None,None,None,0.0,unknown
1763612187.6719618,0,0.075,0.5,1,2,1,206.52941176470588,216.80000000000018,173.8235294117647,None,None,None,0.0,unknown
1763612187.7206883,0,0.07714285714285714,0.5,1,2,1,206.45714285714286,216.7000000000002,172.71428571428572,None,None,None,0.0,unknown
1763612187.7970915,0,0.0763888888888889,0.5,0,1,1,206.44444444444446,216.6000000000002,171.38888888888889,None,None,None,0.0,unknown
1763612187.894033,0,0.07702702702702703,0.5,1,1,1,206.43243243243242,216.5000000000002,170.40540540540542,None,None,None,0.0,unknown
1763612187.9770346,0,0.07631578947368421,0.5,0,1,1,206.42105263157896,216.4000000000002,169.3421052631579,None,None,None,0.0,unknown
1763612188.0423636,0,0.07564102564102564,0.5,1,0,1,206.4102564102564,216.3000000000002,168.46153846153845,None,None,None,0.0,unknown
1763612188.1360953,0,0.0775,0.5,1,2,1,206.4,216.20000000000022,167.625,None,None,None,0.0,unknown
1763612188.2413938,0,0.07560975609756097,0.5,0,0,1,206.390243902439,216.10000000000022,166.8292682926829,None,None,None,0.0,unknown
1763612188.2928421,0,0.075,0.5,0,1,1,206.38095238095238,216.00000000000023,166.07142857142856,None,None,None,0.0,unknown
1763612188.3611298,0,0.07441860465116279,0.5,1,0,1,206.37209302325581,215.90000000000023,165.2325581395349,None,None,None,0.0,unknown
1763612188.5403945,0,0.075,0.5,1,1,1,206.36363636363637,215.80000000000024,164.4318181818182,None,None,None,0.0,unknown
1763612188.8027022,0,0.07555555555555556,0.5,2,0,1,206.35555555555555,215.70000000000024,163.77777777777777,None,None,None,0.0,unknown
1763612188.8214245,0,0.07608695652173914,0.5,1,1,1,206.34782608695653,215.60000000000025,163.26086956521738,None,None,None,0.0,unknown
1763612188.889112,0,0.07765957446808511,0.5,2,1,1,206.3404255319149,215.50000000000026,162.87234042553192,None,None,None,0.0,unknown
1763612188.967681,0,0.078125,0.5,1,1,1,206.33333333333334,215.40000000000026,162.29166666666669,None,None,None,0.0,unknown
1763612189.164031,0,0.07857142857142857,0.5,1,1,1,206.3265306122449,215.30000000000027,161.83673469387756,None,None,None,0.0,unknown
1763612189.3081377,0,0.079,0.5,1,1,1,206.32,215.20000000000027,161.39999999999998,None,None,None,0.0,unknown
1763612189.3203888,0,0.08,0.5,1,0,1,206.31372549019608,215.10000000000028,160.98039215686276,None,None,None,0.0,unknown
1763612189.4074945,0,0.081,0.5,1,1,1,206.26923076923077,215.00000000000028,160.5769230769231,None,None,None,0.0,unknown
1763612189.532508,0,0.081,0.5,1,1,1,206.26415094339623,214.9000000000003,160.18867924528303,None,None,None,0.0,unknown
1763612189.5809872,0,0.082,0.5,1,0,1,206.25925925925927,214.8000000000003,160.0,None,None,None,0.0,unknown
1763612189.692239,0,0.084,0.5,1,3,1,206.25454545454545,214.7000000000003,159.63636363636363,None,None,None,0.0,unknown
1763612189.7704155,0,0.085,0.5,0,2,1,206.25,214.6000000000003,158.92857142857144,None,None,None,0.0,unknown
1763612189.8032923,0,0.085,0.5,1,2,1,206.24561403508773,214.5000000000003,158.42105263157896,None,None,None,0.0,unknown
1763612189.8887742,0,0.085,0.5,0,1,1,206.24137931034483,214.40000000000032,157.9310344827586,None,None,None,0.0,unknown
1763612189.9344838,0,0.085,0.5,1,0,1,206.23728813559322,214.30000000000032,157.45762711864404,None,None,None,0.0,unknown
1763612190.0735455,0,0.08700000000000001,0.5,1,2,1,206.23333333333332,214.20000000000033,157.08333333333331,None,None,None,0.0,unknown
1763612190.1820955,0,0.085,0.5,0,1,1,206.2295081967213,214.10000000000034,156.55737704918033,None,None,None,0.0,unknown
1763612190.2433188,0,0.085,0.5,1,1,1,206.2258064516129,214.00000000000034,156.0483870967742,None,None,None,0.0,unknown
1763612190.4122803,0,0.08600000000000001,0.5,1,1,1,206.22222222222223,213.90000000000035,155.63492063492063,None,None,None,0.0,unknown
1763612190.513449,0,0.08800000000000001,0.5,0,3,1,206.21875,213.80000000000035,155.234375,None,None,None,0.0,unknown
1763612190.6333783,0,0.09,0.5,1,2,1,206.1846153846154,213.70000000000036,154.84615384615387,None,None,None,0.0,unknown
1763612190.7202134,0,0.089,0.5,0,2,1,206.1818181818182,213.60000000000036,154.469696969697,None,None,None,0.0,unknown
1763612190.9229553,0,0.092,0.5,2,2,1,206.17910447761193,213.50000000000037,154.1044776119403,None,None,None,0.0,unknown
1763612191.0025492,0,0.091,0.5,0,1,1,206.1764705882353,213.40000000000038,153.75,None,None,None,0.0,unknown
1763612191.129381,0,0.092,0.5,2,1,1,206.17391304347825,213.30000000000038,153.55072463768116,None,None,None,0.0,unknown
1763612191.2183356,0,0.092,0.5,1,1,1,206.17142857142858,213.2000000000004,153.28571428571428,None,None,None,0.0,unknown
1763612191.3066895,0,0.093,0.5,1,1,1,206.16901408450704,213.1000000000004,152.88732394366195,None,None,None,0.0,unknown
1763612191.383448,0,0.093,0.5,1,1,1,206.16666666666666,213.0000000000004,152.43055555555554,None,None,None,0.0,unknown
1763612191.484895,0,0.094,0.5,0,2,1,206.16438356164383,212.9000000000004,151.986301369863,None,None,None,0.0,unknown
1763612191.54079,0,0.094,0.5,0,1,1,206.16216216216216,212.8000000000004,151.82432432432432,None,None,None,0.0,unknown
1763612191.6822753,0,0.095,0.5,0,1,1,206.16,212.70000000000041,151.66666666666666,None,None,None,0.0,unknown
1763612191.7842813,0,0.096,0.5,0,2,1,206.1578947368421,212.60000000000042,151.77631578947367,None,None,None,0.0,unknown
1763612191.8195126,0,0.095,0.5,0,2,1,206.15584415584416,212.50000000000043,151.75324675324674,None,None,None,0.0,unknown
1763612191.8987694,0,0.095,0.5,0,2,1,206.15384615384616,212.40000000000043,151.73076923076923,None,None,None,0.0,unknown
1763612191.993389,0,0.093,0.5,0,1,1,206.15189873417722,212.30000000000044,151.7721518987342,None,None,None,0.0,unknown
1763612192.095723,0,0.094,0.5,0,2,1,206.15,212.20000000000044,151.875,None,None,None,0.0,unknown
1763612192.344423,0,0.094,0.5,1,1,1,206.14814814814815,212.10000000000045,152.03703703703704,None,None,None,0.0,unknown
1763612192.402367,0,0.098,0.5,2,2,1,206.14634146341464,212.00000000000045,152.1951219512195,None,None,None,0.0,unknown
1763612192.4939182,0,0.101,0.5,1,3,1,206.14457831325302,211.90000000000046,152.40963855421688,None,None,None,0.0,unknown
1763612192.6799142,0,0.099,0.5,0,1,1,206.14285714285714,211.80000000000047,152.55952380952382,None,None,None,0.0,unknown
1763612192.7809691,0,0.1,0.5,1,3,1,206.14117647058825,211.70000000000047,152.76470588235296,None,None,None,0.0,unknown
1763612192.854547,0,0.1,0.5,0,1,1,206.13953488372093,211.60000000000048,152.96511627906978,None,None,None,0.0,unknown
1763612192.9168158,0,0.1,0.5,0,2,1,206.13793103448276,211.50000000000048,153.16091954022988,None,None,None,0.0,unknown
1763612192.9615152,0,0.1,0.5,0,1,1,206.13636363636363,211.4000000000005,153.35227272727272,None,None,None,0.0,unknown
1763612193.0066338,0,0.10200000000000001,0.5,1,2,1,206.13483146067415,211.3000000000005,153.42696629213484,None,None,None,0.0,unknown
1763612193.0352473,0,0.10200000000000001,0.5,1,2,1,206.13333333333333,211.2000000000005,153.61111111111111,None,None,None,0.0,unknown
1763612193.0840921,0,0.10500000000000001,0.5,1,2,1,206.13186813186815,211.1000000000005,153.7912087912088,None,None,None,0.0,unknown
1763612193.094197,0,0.107,0.5,1,2,1,206.1304347826087,211.0000000000005,153.8586956521739,None,None,None,0.0,unknown
1763612193.104259,0,0.11,0.5,2,2,1,206.1290322580645,210.90000000000052,153.8709677419355,None,None,None,0.0,unknown
1763612193.1193986,0,0.113,0.5,1,4,1,206.12765957446808,210.80000000000052,153.93617021276594,None,None,None,0.0,unknown
1763612193.3115945,0,0.113,0.5,0,2,1,206.1263157894737,210.70000000000053,154.0,None,None,None,0.0,unknown
1763612193.4805398,0,0.112,0.5,0,1,1,206.125,210.60000000000053,153.90625,None,None,None,0.0,unknown
1763612193.5820923,0,0.112,0.5,1,2,1,206.1237113402062,210.50000000000054,153.81443298969072,None,None,None,0.0,unknown
1763612193.6424274,0,0.114,0.5,1,3,1,206.12244897959184,210.40000000000055,153.72448979591837,None,None,None,0.0,unknown
1763612193.757183,0,0.114,0.5,0,2,1,206.12121212121212,210.30000000000055,153.63636363636363,None,None,None,0.0,unknown
1763612193.7803805,0,0.115,0.5,1,2,1,206.12,210.20000000000056,153.64999999999998,None,None,None,0.0,unknown
1763612193.868873,0,0.117,0.5,1,2,1,206.02,210.10000000000056,153.05,None,None,None,0.0,unknown
1763612193.9286757,0,0.116,0.5,0,1,1,206.02,210.00000000000057,152.55,None,None,None,0.0,unknown
1763612193.9457984,0,0.116,0.5,0,2,1,206.02,209.90000000000057,152.15,None,None,None,0.0,unknown
1763612193.9568307,0,0.117,0.5,0,2,1,206.02,209.80000000000058,151.7,None,None,None,0.0,unknown
1763612193.9720182,0,0.115,0.5,0,2,1,206.02,209.70000000000059,151.14999999999998,None,None,None,0.0,unknown
1763612194.1079798,0,0.113,0.5,0,0,1,206.02,209.6000000000006,150.8,None,None,None,0.0,unknown
1763612194.1188028,0,0.112,0.5,0,2,1,206,209.5000000000006,150.25,None,None,None,0.0,unknown
1763612194.26416,0,0.113,0.5,0,2,1,206,209.4000000000006,149.8,None,None,None,0.0,unknown
1763612194.365883,0,0.115,0.5,1,2,1,206,209.3000000000006,149.3,None,None,None,0.0,unknown
1763612194.5652077,0,0.115,0.5,1,2,1,205.89,209.2000000000006,148.8,None,None,None,0.0,unknown
1763612194.6469727,0,0.116,0.5,0,2,1,205.78,209.10000000000062,148.5,None,None,None,0.0,unknown
1763612194.7104318,0,0.117,0.5,0,3,1,205.67,209.00000000000063,148.10000000000002,None,None,None,0.0,unknown
1763612194.819109,0,0.117,0.5,0,2,1,205.56,208.90000000000063,147.6,None,None,None,0.0,unknown
1763612194.856771,0,0.11800000000000001,0.5,2,2,1,205.45,208.80000000000064,147.15,None,None,None,0.0,unknown
1763612194.9013548,0,0.11800000000000001,0.5,1,2,1,205.34,208.70000000000064,146.7,None,None,None,0.0,unknown
1763612195.0654273,0,0.11900000000000001,0.5,1,2,1,205.23,208.60000000000065,146.3,None,None,None,0.0,unknown
1763612195.1531403,0,0.11900000000000001,0.5,1,3,1,205.14,208.50000000000065,145.8,None,None,None,0.0,unknown
1763612195.1985419,0,0.12000000000000001,0.5,0,2,1,205.03,208.40000000000066,145.35,None,None,None,0.0,unknown
1763612195.5348802,0,0.11900000000000001,0.5,1,1,1,204.92,208.30000000000067,144.8,None,None,None,0.0,unknown
1763612195.631646,0,0.121,0.5,1,3,1,204.81,208.20000000000067,144.3,None,None,None,0.0,unknown
1763612195.8678272,0,0.122,0.5,0,3,1,204.7,208.10000000000068,143.7,None,None,None,0.0,unknown
1763612195.8903124,0,0.124,0.5,1,3,1,204.59,208.00000000000068,143.55,None,None,None,0.0,unknown
1763612195.9876482,0,0.127,0.5,2,3,1,204.48,207.9000000000007,143.35,None,None,None,0.0,unknown
1763612196.0287056,0,0.129,0.5,1,2,1,204.37,207.8000000000007,143.15,None,None,None,0.0,unknown
1763612196.153411,0,0.13,0.5,0,2,1,204.26,207.7000000000007,142.95,None,None,None,0.0,unknown
1763612196.2678738,0,0.132,0.5,1,3,1,204.15,207.6000000000007,142.85,None,None,None,0.0,unknown
1763612196.4480999,0,0.133,0.5,1,2,1,204.04,207.5000000000007,143.2,None,None,None,0.0,unknown
1763612196.475392,0,0.134,0.5,0,3,1,203.93,207.40000000000072,143.65,None,None,None,0.0,unknown
1763612196.5289352,0,0.134,0.5,0,1,1,203.86,207.30000000000072,144.15,None,None,None,0.0,unknown
1763612196.5791738,0,0.136,0.5,1,3,1,203.51,207.20000000000073,144.55,None,None,None,0.0,unknown
1763612196.5899036,0,0.136,0.5,1,1,1,203.3,207.10000000000073,145.1,None,None,None,0.0,unknown
1763612196.6231663,0,0.135,0.5,1,2,1,203.09,207.00000000000074,145.55,None,None,None,0.0,unknown
1763612196.738795,0,0.135,0.5,1,3,1,202.88,206.90000000000074,146.05,None,None,None,0.0,unknown
1763612196.885369,0,0.138,0.5,2,2,1,202.63,206.80000000000075,146.5,None,None,None,0.0,unknown
1763612196.92283,0,0.134,0.5,0,0,1,202.44,206.70000000000076,147.0,None,None,None,0.0,unknown
1763612196.9624486,0,0.135,0.5,0,2,1,202.23,206.60000000000076,147.55,None,None,None,0.0,unknown
1763612197.0304835,0,0.137,0.5,2,2,1,202.02,206.50000000000077,148.0,None,None,None,0.0,unknown
1763612197.1877367,0,0.138,0.5,1,1,1,201.77,206.40000000000077,148.35,None,None,None,0.0,unknown
1763612197.262018,0,0.137,0.5,0,2,1,201.56,206.30000000000078,148.65,None,None,None,0.0,unknown
1763612197.3284013,0,0.137,0.5,1,2,1,201.35,206.20000000000078,148.85,None,None,None,0.0,unknown
1763612197.3824708,0,0.137,0.5,1,2,1,201.24,206.1000000000008,149.1,None,None,None,0.0,unknown
1763612197.4345567,0,0.137,0.5,2,1,1,201.24,206.0000000000008,149.55,None,None,None,0.0,unknown
1763612197.4858692,0,0.135,0.5,0,2,1,201.24,205.9000000000008,150.05,None,None,None,0.0,unknown
1763612197.5829275,0,0.132,0.5,0,2,1,201.24,205.8000000000008,150.45,None,None,None,0.0,unknown
1763612197.6367266,0,0.13,0.5,0,0,1,201.24,205.7000000000008,150.45,None,None,None,0.0,unknown
1763612197.7223148,0,0.132,0.5,1,2,1,201.24,205.60000000000082,150.25,None,None,None,0.0,unknown
1763612197.8695164,0,0.13,0.5,0,1,1,201.24,205.50000000000082,150.15,None,None,None,0.0,unknown
1763612197.949152,0,0.128,0.5,1,1,1,201.24,205.40000000000083,150.2,None,None,None,0.0,unknown
1763612198.1573322,0,0.129,0.5,1,2,1,201.03,205.30000000000084,150.05,None,None,None,0.0,unknown
1763612198.2977347,0,0.129,0.5,0,3,1,200.78,205.20000000000084,149.95,None,None,None,0.0,unknown
1763612198.435662,0,0.129,0.5,2,1,1,200.57,205.10000000000085,149.8,None,None,None,0.0,unknown
1763612198.615083,0,0.131,0.5,2,1,1,200.34,205.00000000000085,149.75,None,None,None,0.0,unknown
1763612198.7410672,0,0.132,0.5,1,2,1,200.13,204.90000000000086,149.7,None,None,None,0.0,unknown
1763612198.8271902,0,0.133,0.5,2,1,1,199.92,204.80000000000086,149.6,None,None,None,0.0,unknown
1763612198.967779,0,0.132,0.5,0,1,1,199.71,204.70000000000087,149.5,None,None,None,0.0,unknown
1763612199.1331909,0,0.133,0.5,1,0,1,199.5,204.60000000000088,149.65,None,None,None,0.0,unknown
1763612199.2186472,0,0.133,0.5,1,1,1,199.29,204.50000000000088,149.65,None,None,None,0.0,unknown
1763612199.3371599,0,0.134,0.5,1,2,1,199.04,204.4000000000009,149.6,None,None,None,0.0,unknown
1763612199.440919,0,0.132,0.5,0,1,1,198.83,204.3000000000009,149.55,None,None,None,0.0,unknown
1763612199.5323815,0,0.132,0.5,1,2,1,198.72,204.2000000000009,149.5,None,None,None,0.0,unknown
1763612199.7790198,0,0.133,0.5,1,2,1,198.72,204.1000000000009,149.5,None,None,None,0.0,unknown
1763612199.9024267,0,0.132,0.5,0,2,1,198.7,204.0000000000009,149.55,None,None,None,0.0,unknown
1763612200.0391583,0,0.132,0.5,0,2,1,198.7,203.90000000000092,149.55,None,None,None,0.0,unknown
1763612200.1386304,0,0.13,0.5,0,2,1,198.7,203.80000000000092,149.6,None,None,None,0.0,unknown
1763612200.2298958,0,0.13,0.5,1,2,1,198.72,203.70000000000093,149.65,None,None,None,0.0,unknown
1763612200.2526126,0,0.129,0.5,0,2,1,198.72,203.60000000000093,149.7,None,None,None,0.0,unknown
1763612200.4056163,0,0.128,0.5,0,3,1,198.72,203.50000000000094,149.65,None,None,None,0.0,unknown
1763612200.5520725,0,0.13,0.5,1,3,1,198.72,203.40000000000094,149.75,None,None,None,0.0,unknown
1763612200.6316113,0,0.132,0.5,2,2,1,198.7,203.30000000000095,149.7,None,None,None,0.0,unknown
1763612200.8738883,0,0.132,0.5,2,2,1,198.49,203.20000000000095,149.75,None,None,None,0.0,unknown
1763612201.2350962,0,0.131,0.5,1,1,1,198.28,203.10000000000096,149.8,None,None,None,0.0,unknown
1763612201.4126587,0,0.129,0.5,0,2,1,198.03,203.00000000000097,149.85,None,None,None,0.0,unknown
1763612201.570025,0,0.129,0.5,2,3,1,197.78,202.90000000000097,150.05,None,None,None,0.0,unknown
1763612201.6351645,0,0.128,0.5,1,1,1,197.57,202.80000000000098,149.89999999999998,None,None,None,0.0,unknown
1763612201.7324862,0,0.129,0.5,2,1,1,197.36,202.70000000000098,149.9,None,None,None,0.0,unknown
1763612201.7705686,0,0.129,0.5,1,3,1,197.15,202.600000000001,149.64999999999998,None,None,None,0.0,unknown
1763612201.871406,0,0.131,0.5,2,3,1,196.94,202.500000000001,149.45,None,None,None,0.0,unknown
1763612202.0441442,0,0.131,0.5,1,2,1,196.73,202.400000000001,149.25,None,None,None,0.0,unknown
1763612202.1827216,0,0.133,0.5,1,2,1,196.52,202.300000000001,149.05,None,None,None,0.0,unknown
1763612202.2533286,0,0.131,0.5,1,1,1,196.41,202.200000000001,148.95,None,None,None,0.0,unknown
1763612202.4690964,0,0.132,0.5,1,2,1,196.3,202.10000000000102,148.65,None,None,None,0.0,unknown
1763612202.603704,0,0.133,0.5,2,2,1,196.19,202.00000000000102,148.45,None,None,None,0.0,unknown
1763612202.699049,0,0.133,0.5,1,3,1,196.08,201.90000000000103,148.1,None,None,None,0.0,unknown
1763612202.8480632,0,0.131,0.5,0,2,1,195.97,201.80000000000103,147.8,None,None,None,0.0,unknown
1763612202.9406197,0,0.132,0.5,0,1,1,195.86,201.70000000000104,147.5,None,None,None,0.0,unknown
1763612203.1220608,0,0.134,0.5,1,3,1,195.75,201.60000000000105,147.15,None,None,None,0.0,unknown
1763612203.1524024,0,0.132,0.5,1,1,1,195.64,201.50000000000105,146.85,None,None,None,0.0,unknown
1763612203.4085243,0,0.132,0.5,0,2,1,195.53,201.40000000000106,146.45,None,None,None,0.0,unknown
1763612203.460607,0,0.132,0.5,0,2,1,195.42,201.30000000000106,146.3,None,None,None,0.0,unknown
1763612203.5153332,0,0.13,0.5,1,0,1,195.21,201.20000000000107,145.95,None,None,None,0.0,unknown
1763612203.5823884,0,0.129,0.5,1,1,1,195,201.10000000000107,145.60000000000002,None,None,None,0.0,unknown
1763612203.7236905,0,0.128,0.5,1,1,1,194.79,201.00000000000108,145.4,None,None,None,0.0,unknown
1763612203.9166956,0,0.127,0.5,0,1,1,194.54,200.90000000000109,145.25,None,None,None,0.0,unknown
1763612203.983198,0,0.126,0.5,0,1,1,194.29,200.8000000000011,145.05,None,None,None,0.0,unknown
1763612204.0472274,0,0.127,0.5,0,1,1,194.08,200.7000000000011,144.9,None,None,None,0.0,unknown
1763612204.0786786,0,0.128,0.5,2,2,1,193.87,200.6000000000011,144.75,None,None,None,0.0,unknown
1763612204.1595027,0,0.128,0.5,0,1,1,193.66,200.5000000000011,144.7,None,None,None,0.0,unknown
1763612204.207174,0,0.128,0.5,0,2,1,193.45,200.4000000000011,144.55,None,None,None,0.0,unknown
1763612204.2628868,0,0.128,0.5,0,3,1,193.24,200.30000000000112,144.55,None,None,None,0.0,unknown
1763612204.4667454,0,0.128,0.5,1,2,1,193.13,200.20000000000113,144.45,None,None,None,0.0,unknown
1763612204.561771,0,0.127,0.5,1,1,1,193.13,200.10000000000113,144.5,None,None,None,0.0,unknown
1763612204.6483324,0,0.125,0.5,0,1,1,193.13,200.00000000000114,144.45,None,None,None,0.0,unknown
1763612204.7297907,0,0.124,0.5,0,2,1,193.13,199.90000000000114,144.25,None,None,None,0.0,unknown
1763612204.7635372,0,0.121,0.5,0,0,1,193.13,199.80000000000115,144.15,None,None,None,0.0,unknown
1763612204.830531,0,0.122,0.5,0,2,1,193.13,199.70000000000115,144.05,None,None,None,0.0,unknown
1763612204.875225,0,0.125,0.5,1,3,1,193.13,199.60000000000116,143.75,None,None,None,0.0,unknown
1763612204.9250257,0,0.126,0.5,0,3,1,193.15,199.50000000000117,143.64999999999998,None,None,None,0.0,unknown
1763612205.101133,0,0.124,0.5,0,1,1,193.15,199.40000000000117,143.4,None,None,None,0.0,unknown
1763612205.1850216,0,0.125,0.5,0,2,1,193.15,199.30000000000118,143.3,None,None,None,0.0,unknown
1763612205.2104194,0,0.123,0.5,0,1,1,193.26,199.20000000000118,143.25,None,None,None,0.0,unknown
1763612205.3220792,0,0.122,0.5,0,2,1,193.09,199.1000000000012,142.95,None,None,None,0.0,unknown
1763612205.42953,0,0.12100000000000001,0.5,0,1,1,192.92,199.0000000000012,142.65,None,None,None,0.0,unknown
1763612205.4715273,0,0.12000000000000001,0.5,0,1,1,192.75,198.9000000000012,142.35000000000002,None,None,None,0.0,unknown
1763612205.5862184,0,0.12000000000000001,0.5,1,1,1,192.58,198.8000000000012,142.14999999999998,None,None,None,0.0,unknown
1763612205.6985102,0,0.11800000000000001,0.5,0,1,1,192.41,198.7000000000012,141.9,None,None,None,0.0,unknown
1763612205.7767162,0,0.117,0.5,0,1,1,192.24,198.60000000000122,141.7,None,None,None,0.0,unknown
1763612205.8706298,0,0.115,0.5,0,1,1,192.07,198.50000000000122,141.5,None,None,None,0.0,unknown
1763612206.0018766,0,0.111,0.5,0,0,1,191.9,198.40000000000123,141.3,None,None,None,0.0,unknown
1763612206.1303668,0,0.107,0.5,0,0,1,191.73,198.30000000000123,141.25,None,None,None,0.0,unknown
1763612206.1574671,0,0.10400000000000001,0.5,0,1,1,191.56,198.20000000000124,141.15,None,None,None,0.0,unknown
1763612206.3119633,0,0.10300000000000001,0.5,0,1,1,191.56,198.10000000000124,141.2,None,None,None,0.0,unknown
1763612206.4174092,0,0.101,0.5,0,0,1,191.56,198.00000000000125,141.2,None,None,None,0.0,unknown
1763612206.6635838,0,0.097,0.5,0,1,1,191.56,197.90000000000126,141.25,None,None,None,0.0,unknown
1763612206.8493886,0,0.096,0.5,0,1,1,191.56,197.80000000000126,141.25,None,None,None,0.0,unknown
1763612206.9762137,0,0.094,0.5,1,0,1,191.56,197.70000000000127,141.3,None,None,None,0.0,unknown
1763612207.170223,0,0.09,0.5,0,0,1,191.56,197.60000000000127,141.45,None,None,None,0.0,unknown
1763612207.1922665,0,0.085,0.5,0,0,1,191.56,197.50000000000128,141.05,None,None,None,0.0,unknown
1763612207.345723,0,0.083,0.5,0,1,1,191.56,197.40000000000128,140.65,None,None,None,0.0,unknown
1763612207.4534593,0,0.083,0.5,0,3,1,191.52,197.3000000000013,140.05,None,None,None,0.0,unknown
1763612207.505829,0,0.082,0.5,0,1,1,191.66,197.2000000000013,139.5,None,None,None,0.0,unknown
1763612207.615281,0,0.08,0.5,1,0,1,191.59,197.1000000000013,138.8,None,None,None,0.0,unknown
1763612207.7232895,0,0.077,0.5,0,1,1,191.52,197.0000000000013,138.2,None,None,None,0.0,unknown
1763612207.7855406,0,0.07300000000000001,0.5,0,0,1,191.45,196.9000000000013,137.65,None,None,None,0.0,unknown
1763612207.8095376,0,0.07100000000000001,0.5,0,0,1,191.42,196.80000000000132,137.1,None,None,None,0.0,unknown
1763612207.856648,0,0.07,0.5,0,0,1,191.35,196.70000000000132,136.5,None,None,None,0.0,unknown
1763612207.8759434,0,0.068,0.5,0,2,1,191.28,196.60000000000133,135.95,None,None,None,0.0,unknown
1763612208.0163457,0,0.066,0.5,0,0,1,191.21,196.50000000000134,135.25,None,None,None,0.0,unknown
1763612208.0746264,0,0.064,0.5,0,0,1,191.18,196.40000000000134,134.85,None,None,None,0.0,unknown
1763612208.1001685,0,0.063,0.5,1,0,1,191.11,196.30000000000135,134.45,None,None,None,0.0,unknown
1763612208.1387985,0,0.062,0.5,0,0,1,191.04,196.20000000000135,134.05,None,None,None,0.0,unknown
1763612208.153104,0,0.061000000000000006,0.5,1,0,1,190.87,196.10000000000136,133.65,None,None,None,0.0,unknown
1763612208.1674905,0,0.059000000000000004,0.5,0,0,1,190.59,196.00000000000136,133.1,None,None,None,0.0,unknown
1763612208.2758312,0,0.059000000000000004,0.5,0,1,1,190.48,195.90000000000137,132.60000000000002,None,None,None,0.0,unknown
1763612208.296402,0,0.058,0.5,0,0,1,190.37,195.80000000000138,132.25,None,None,None,0.0,unknown
1763612208.3381193,0,0.057,0.5,0,0,1,190.26,195.70000000000138,132.25,None,None,None,0.0,unknown
1763612208.43347,0,0.055,0.5,1,1,1,190.15,195.6000000000014,132.4,None,None,None,0.0,unknown
1763612208.5553303,0,0.055,0.5,0,1,1,190.04,195.5000000000014,132.4,None,None,None,0.0,unknown
1763612208.6327739,0,0.053,0.5,0,0,1,189.93,195.4000000000014,132.35,None,None,None,0.0,unknown
1763612208.6835501,0,0.051000000000000004,0.5,0,1,1,190.03,195.3000000000014,132.4,None,None,None,0.0,unknown
1763612208.8015792,0,0.048,0.5,0,0,1,190,195.2000000000014,132.35,None,None,None,0.0,unknown
1763612208.9378135,0,0.047,0.5,0,1,1,189.93,195.10000000000142,132.39999999999998,None,None,None,0.0,unknown
1763612209.0018137,0,0.048,0.5,1,1,1,189.9,195.00000000000142,132.35,None,None,None,0.0,unknown
1763612209.2204614,0,0.046,0.5,0,0,1,189.83,194.90000000000143,132.3,None,None,None,0.0,unknown
1763612209.3780334,0,0.047,0.5,0,1,1,189.76,194.80000000000143,132.2,None,None,None,0.0,unknown
1763612209.5347288,0,0.045000000000000005,0.5,0,0,1,189.69,194.70000000000144,132.35000000000002,None,None,None,0.0,unknown
1763612209.7736714,0,0.041,0.5,0,0,1,189.62,194.60000000000144,132.2,None,None,None,0.0,unknown
1763612209.8264627,0,0.038,0.5,0,0,1,189.55,194.50000000000145,132.14999999999998,None,None,None,0.0,unknown
1763612209.9000046,0,0.038,0.5,0,1,1,189.52,194.40000000000146,132.2,None,None,None,0.0,unknown
1763612209.962916,0,0.036000000000000004,0.5,0,0,1,189.45,194.30000000000146,132.3,None,None,None,0.0,unknown
1763612210.000527,0,0.035,0.5,0,0,1,189.28,194.20000000000147,132.25,None,None,None,0.0,unknown
1763612210.0788467,0,0.033,0.5,0,0,1,189.07,194.10000000000147,132.35,None,None,None,0.0,unknown
1763612210.2577648,0,0.033,0.5,0,1,1,188.98,194.00000000000148,132.3,None,None,None,0.0,unknown
1763612210.3326528,0,0.033,0.5,0,1,1,188.87,193.90000000000148,132.3,None,None,None,0.0,unknown
1763612210.4751241,0,0.032,0.5,0,1,1,188.76,193.8000000000015,132.35,None,None,None,0.0,unknown
1763612210.5367787,0,0.032,0.5,1,0,1,188.65,193.7000000000015,132.3,None,None,None,0.0,unknown
1763612210.5652,0,0.031,0.5,0,0,1,188.54,193.6000000000015,132.3,None,None,None,0.0,unknown
1763612210.6087885,0,0.030000000000000002,0.5,0,0,1,188.43,193.5000000000015,132.45,None,None,None,0.0,unknown
1763612210.6220143,0,0.030000000000000002,0.5,0,0,1,188.32,193.4000000000015,132.4,None,None,None,0.0,unknown
1763612210.754528,0,0.030000000000000002,0.5,0,0,1,188.23,193.30000000000152,132.35,None,None,None,0.0,unknown
1763612210.8762946,0,0.030000000000000002,0.5,1,0,1,188.16,193.20000000000152,132.10000000000002,None,None,None,0.0,unknown
1763612211.0093672,0,0.029,0.5,0,0,1,188.09,193.10000000000153,132.05,None,None,None,0.0,unknown
1763612211.1101744,0,0.029,0.5,0,0,1,188.06,193.00000000000153,132.05,None,None,None,0.0,unknown
1763612211.2105355,0,0.028,0.5,0,0,1,188.03,192.90000000000154,131.95,None,None,None,0.0,unknown
1763612211.4427512,0,0.028,0.5,1,0,1,187.96,192.80000000000155,131.95,None,None,None,0.0,unknown
1763612211.549084,0,0.027,0.5,0,0,1,187.89,192.70000000000155,131.9,None,None,None,0.0,unknown
1763612211.6245036,0,0.027,0.5,0,0,1,187.82,192.60000000000156,131.95,None,None,None,0.0,unknown
1763612211.679608,0,0.027,0.5,0,0,1,187.75,192.50000000000156,131.85,None,None,None,0.0,unknown
1763612211.7119012,0,0.027,0.5,0,1,1,187.68,192.40000000000157,131.7,None,None,None,0.0,unknown
1763612211.810634,0,0.024,0.5,0,0,1,187.61,192.30000000000157,131.55,None,None,None,0.0,unknown
1763612211.9552593,0,0.023,0.5,0,0,1,187.61,192.20000000000158,131.3,None,None,None,0.0,unknown
1763612212.0640597,0,0.022000000000000002,0.5,0,0,1,187.61,192.1000000000016,131.3,None,None,None,0.0,unknown
1763612212.1150725,0,0.023,0.5,1,1,1,187.61,192.0000000000016,131.25,None,None,None,0.0,unknown
1763612212.147563,0,0.023,0.5,0,0,1,187.61,191.9000000000016,131.2,None,None,None,0.0,unknown
1763612212.4358542,0,0.023,0.5,0,0,1,187.61,191.8000000000016,131.25,None,None,None,0.0,unknown
1763612212.483826,0,0.023,0.5,0,0,1,187.61,191.7000000000016,131.25,None,None,None,0.0,unknown
1763612212.5211146,0,0.021,0.5,0,0,1,187.61,191.60000000000161,131.25,None,None,None,0.0,unknown
1763612212.5313983,0,0.021,0.5,0,0,1,187.61,191.50000000000162,131.2,None,None,None,0.0,unknown
1763612212.5867472,0,0.021,0.5,0,0,1,187.61,191.40000000000163,131.2,None,None,None,0.0,unknown
1763612212.6521986,0,0.02,0.5,0,0,1,187.61,191.30000000000163,131.05,None,None,None,0.0,unknown
1763612212.8074307,0,0.02,0.5,0,0,1,187.54,191.20000000000164,130.85000000000002,None,None,None,0.0,unknown
1763612212.907392,0,0.02,0.5,0,1,1,187.47,191.10000000000164,130.75,None,None,None,0.0,unknown
1763612213.0326524,0,0.02,0.5,0,0,1,187.4,191.00000000000165,130.6,None,None,None,0.0,unknown
1763612213.350207,0,0.02,0.5,0,1,1,187.37,190.90000000000165,130.5,None,None,None,0.0,unknown
1763612213.360562,0,0.02,0.5,0,0,1,187.34,190.80000000000166,130.35,None,None,None,0.0,unknown
1763612213.4696767,0,0.02,0.5,0,0,1,187.27,190.70000000000167,130.2,None,None,None,0.0,unknown
1763612213.5256708,0,0.018000000000000002,0.5,0,0,1,187.2,190.60000000000167,130.1,None,None,None,0.0,unknown
1763612213.5559144,0,0.017,0.5,0,0,1,187.13,190.50000000000168,130.0,None,None,None,0.0,unknown
1763612213.6750624,0,0.017,0.5,0,0,1,187.06,190.40000000000168,130.0,None,None,None,0.0,unknown
1763612213.9636698,0,0.016,0.5,0,0,1,187.16,190.3000000000017,129.85,None,None,None,0.0,unknown
1763612214.009879,0,0.016,0.5,0,0,1,187.16,190.2000000000017,129.75,None,None,None,0.0,unknown
1763612214.030413,0,0.016,0.5,1,0,1,187.05,190.1000000000017,129.65,None,None,None,0.0,unknown
1763612214.1226022,0,0.015000000000000001,0.5,1,0,1,186.94,190.0000000000017,129.65,None,None,None,0.0,unknown
1763612214.137792,0,0.016,0.5,1,0,1,186.83,189.9000000000017,129.75,None,None,None,0.0,unknown
1763612214.2657938,0,0.015000000000000001,0.5,0,0,1,186.72,189.80000000000172,129.7,None,None,None,0.0,unknown
1763612214.4809299,0,0.015000000000000001,0.5,0,0,1,186.61,189.70000000000172,129.64999999999998,None,None,None,0.0,unknown
1763612214.5587988,0,0.015000000000000001,0.5,0,0,1,186.5,189.60000000000173,129.75,None,None,None,0.0,unknown
1763612214.5756729,0,0.017,0.5,0,2,1,186.39,189.50000000000173,129.8,None,None,None,0.0,unknown
1763612214.704103,0,0.016,0.5,0,0,1,186.28,189.40000000000174,129.85,None,None,None,0.0,unknown
1763612214.7971034,0,0.017,0.5,0,1,1,186.17,189.30000000000175,129.9,None,None,None,0.0,unknown
1763612214.8392754,0,0.018000000000000002,0.5,0,1,1,186.1,189.20000000000175,129.89999999999998,None,None,None,0.0,unknown
1763612214.9824102,0,0.018000000000000002,0.5,0,0,1,185.98,189.10000000000176,129.5,None,None,None,0.0,unknown
1763612215.0525396,0,0.017,0.5,0,0,1,185.82,189.00000000000176,129.14999999999998,None,None,None,0.0,unknown
1763612215.1417093,0,0.016,0.5,0,0,1,185.66,188.90000000000177,128.8,None,None,None,0.0,unknown
1763612215.2564702,0,0.015000000000000001,0.5,0,0,1,185.5,188.80000000000177,128.35,None,None,None,0.0,unknown
1763612215.3015718,0,0.014,0.5,0,0,1,185.34,188.70000000000178,128.05,None,None,None,0.0,unknown
1763612215.3620427,0,0.014,0.5,0,0,1,185.18,188.60000000000178,127.6,None,None,None,0.0,unknown
1763612215.4222138,0,0.015000000000000001,0.5,0,1,1,185.02,188.5000000000018,127.25,None,None,None,0.0,unknown
1763612215.515288,0,0.015000000000000001,0.5,0,0,1,184.86,188.4000000000018,126.85,None,None,None,0.0,unknown
1763612215.591261,0,0.016,0.5,0,1,1,184.7,188.3000000000018,126.5,None,None,None,0.0,unknown
1763612215.613539,0,0.016,0.5,0,1,1,184.54,188.2000000000018,126.14999999999999,None,None,None,0.0,unknown
1763612215.9069717,0,0.017,0.5,0,1,1,184.44,188.1000000000018,126.15,None,None,None,0.0,unknown
1763612215.9628704,0,0.018000000000000002,0.5,1,0,1,184.3,188.00000000000182,126.14999999999999,None,None,None,0.0,unknown
1763612216.0015244,0,0.018000000000000002,0.5,0,0,1,184.16,187.90000000000182,126.1,None,None,None,0.0,unknown
1763612216.1056101,0,0.018000000000000002,0.5,1,0,1,184.06,187.80000000000183,126.1,None,None,None,0.0,unknown
1763612216.1959422,0,0.018000000000000002,0.5,0,0,1,183.92,187.70000000000184,126.05,None,None,None,0.0,unknown
1763612216.2772105,0,0.018000000000000002,0.5,0,0,1,183.82,187.60000000000184,125.95,None,None,None,0.0,unknown
1763612216.3514514,0,0.018000000000000002,0.5,0,0,1,183.72,187.50000000000185,125.9,None,None,None,0.0,unknown
1763612216.5252461,0,0.019,0.5,0,2,1,183.62,187.40000000000185,125.85,None,None,None,0.0,unknown
1763612216.6300638,0,0.019,0.5,0,0,1,183.48,187.30000000000186,125.94999999999999,None,None,None,0.0,unknown
1763612216.8665695,0,0.02,0.5,0,1,1,183.15,187.20000000000186,125.5,None,None,None,0.0,unknown
1763612216.9897804,0,0.02,0.5,0,0,1,182.99,187.10000000000187,125.25,None,None,None,0.0,unknown
1763612217.0714185,0,0.019,0.5,1,0,1,182.83,187.00000000000188,124.94999999999999,None,None,None,0.0,unknown
1763612217.1320062,0,0.019,0.5,0,0,1,182.67,186.90000000000188,124.55,None,None,None,0.0,unknown
1763612217.1579127,0,0.019,0.5,0,0,1,182.51,186.8000000000019,124.19999999999999,None,None,None,0.0,unknown
1763612217.229576,0,0.019,0.5,0,0,1,182.35,186.7000000000019,123.9,None,None,None,0.0,unknown
1763612217.317056,0,0.02,0.5,1,0,1,182.19,186.6000000000019,123.55000000000001,None,None,None,0.0,unknown
1763612217.492862,0,0.02,0.5,0,0,1,182.03,186.5000000000019,123.44999999999999,None,None,None,0.0,unknown
1763612217.705076,0,0.02,0.5,0,0,1,181.87,186.4000000000019,123.15,None,None,None,0.0,unknown
1763612217.8366444,0,0.021,0.5,0,1,1,181.75,186.30000000000192,122.85,None,None,None,0.0,unknown
1763612217.9142683,0,0.021,0.5,0,0,1,181.78,186.20000000000192,123.05,None,None,None,0.0,unknown
1763612218.0337803,0,0.02,0.5,0,0,1,181.81,186.10000000000193,123.19999999999999,None,None,None,0.0,unknown
1763612218.2499256,0,0.021,0.5,0,1,1,181.88,186.00000000000193,123.30000000000001,None,None,None,0.0,unknown
1763612218.4311957,0,0.02,0.5,0,0,1,181.74,185.90000000000194,123.35000000000001,None,None,None,0.0,unknown
1763612218.446337,0,0.021,0.5,0,1,1,181.64,185.80000000000194,123.35,None,None,None,0.0,unknown
1763612218.5784383,0,0.021,0.5,0,0,1,181.54,185.70000000000195,123.4,None,None,None,0.0,unknown
1763612218.6075752,0,0.022000000000000002,0.5,1,0,1,181.44,185.60000000000196,123.4,None,None,None,0.0,unknown
1763612218.6743865,0,0.022000000000000002,0.5,0,0,1,181.34,185.50000000000196,123.4,None,None,None,0.0,unknown
1763612218.7186365,0,0.022000000000000002,0.5,0,0,1,181.24,185.40000000000197,123.5,None,None,None,0.0,unknown
1763612218.9001915,0,0.023,0.5,0,1,1,180.91,185.30000000000197,123.44999999999999,None,None,None,0.0,unknown
1763612219.068627,0,0.023,0.5,0,0,1,180.75,185.20000000000198,123.25,None,None,None,0.0,unknown
1763612219.1187177,0,0.023,0.5,1,0,1,180.59,185.10000000000198,123.10000000000001,None,None,None,0.0,unknown
1763612219.1661413,0,0.022000000000000002,0.5,0,0,1,180.43,185.000000000002,122.85000000000001,None,None,None,0.0,unknown
1763612219.3202248,0,0.021,0.5,0,0,1,180.27,184.900000000002,122.65,None,None,None,0.0,unknown
1763612219.3843098,0,0.021,0.5,0,0,1,180.11,184.800000000002,122.44999999999999,None,None,None,0.0,unknown
1763612219.50342,0,0.021,0.5,0,0,1,179.99,184.700000000002,122.1,None,None,None,0.0,unknown
1763612219.609349,0,0.021,0.5,0,0,1,179.83,184.600000000002,122.0,None,None,None,0.0,unknown
1763612219.7693245,0,0.019,0.5,0,0,1,179.67,184.50000000000202,121.85,None,None,None,0.0,unknown
1763612220.0045602,0,0.019,0.5,0,0,1,179.51,184.40000000000202,121.6,None,None,None,0.0,unknown
1763612220.129079,0,0.02,0.5,1,1,1,179.42,184.30000000000203,121.35,None,None,None,0.0,unknown
1763612220.3307984,0,0.019,0.5,0,0,1,179.45,184.20000000000203,121.64999999999999,None,None,None,0.0,unknown
1763612220.3940709,0,0.019,0.5,0,0,1,179.45,184.10000000000204,121.80000000000001,None,None,None,0.0,unknown
1763612220.4897819,0,0.019,0.5,0,0,1,179.31,184.00000000000205,122.1,None,None,None,0.0,unknown
1763612220.5831132,0,0.02,0.5,1,0,1,179.21,183.90000000000205,122.2,None,None,None,0.0,unknown
1763612220.803542,0,0.021,0.5,0,1,1,179.11,183.80000000000206,122.15,None,None,None,0.0,unknown
1763612220.907084,0,0.022000000000000002,0.5,1,0,1,178.97,183.70000000000206,122.2,None,None,None,0.0,unknown
1763612220.9326057,0,0.023,0.5,0,1,1,178.87,183.60000000000207,122.25,None,None,None,0.0,unknown
1763612221.099595,0,0.022000000000000002,0.5,0,0,1,178.77,183.50000000000207,122.2,None,None,None,0.0,unknown
1763612221.2570457,0,0.022000000000000002,0.5,0,0,1,178.63,183.40000000000208,122.25,None,None,None,0.0,unknown
1763612221.595328,0,0.021,0.5,0,0,1,178.3,183.3000000000021,122.0,None,None,None,0.0,unknown
1763612221.6671953,0,0.02,0.5,0,0,1,178.14,183.2000000000021,121.9,None,None,None,0.0,unknown
1763612221.7181768,0,0.019,0.5,0,0,1,177.98,183.1000000000021,121.7,None,None,None,0.0,unknown
1763612221.926275,0,0.018000000000000002,0.5,0,0,1,177.82,183.0000000000021,121.55000000000001,None,None,None,0.0,unknown
1763612222.1579487,0,0.02,0.5,1,1,1,177.66,182.9000000000021,121.25,None,None,None,0.0,unknown
1763612222.2553604,0,0.019,0.5,0,0,1,177.5,182.80000000000211,121.15,None,None,None,0.0,unknown
1763612222.5407305,0,0.019,0.5,0,0,1,177.34,182.70000000000212,120.89999999999999,None,None,None,0.0,unknown
1763612222.5853875,0,0.02,0.5,0,1,1,177.18,182.60000000000213,120.64999999999999,None,None,None,0.0,unknown
1763612222.714973,0,0.02,0.5,0,0,1,177.02,182.50000000000213,120.55000000000001,None,None,None,0.0,unknown
1763612222.885677,0,0.018000000000000002,0.5,0,0,1,176.9,182.40000000000214,120.5,None,None,None,0.0,unknown
1763612222.9797852,0,0.019,0.5,0,1,1,176.81,182.30000000000214,120.4,None,None,None,0.0,unknown
1763612223.0685587,0,0.019,0.5,1,0,1,176.64,182.20000000000215,120.5,None,None,None,0.0,unknown
1763612223.196935,0,0.021,0.5,0,2,1,176.54,182.10000000000215,120.45,None,None,None,0.0,unknown
1763612223.3330252,0,0.021,0.5,0,1,1,176.4,182.00000000000216,120.3,None,None,None,0.0,unknown
1763612223.4020865,0,0.021,0.5,0,0,1,176.26,181.90000000000217,120.35,None,None,None,0.0,unknown
1763612223.6220186,0,0.022000000000000002,0.5,0,1,1,176.16,181.80000000000217,120.19999999999999,None,None,None,0.0,unknown
1763612223.7937593,0,0.022000000000000002,0.5,0,0,1,176.06,181.70000000000218,120.19999999999999,None,None,None,0.0,unknown
1763612223.9324806,0,0.022000000000000002,0.5,0,1,1,175.92,181.60000000000218,120.25,None,None,None,0.0,unknown
1763612224.0081632,0,0.023,0.5,0,1,1,175.78,181.5000000000022,120.2,None,None,None,0.0,unknown
1763612224.1012824,0,0.024,0.5,0,1,1,175.64,181.4000000000022,120.3,None,None,None,0.0,unknown
1763612224.176146,0,0.025,0.5,1,1,1,175.54,181.3000000000022,120.25,None,None,None,0.0,unknown
1763612224.2054248,0,0.027000000000000003,0.5,1,1,1,175.61,181.2000000000022,120.4,None,None,None,0.0,unknown
1763612224.2214458,0,0.029,0.5,0,2,1,175.71,181.1000000000022,120.45,None,None,None,0.0,unknown
1763612224.3442888,0,0.028,0.5,0,0,1,175.55,181.00000000000222,120.2,None,None,None,0.0,unknown
1763612224.4563427,0,0.028,0.5,0,0,1,175.43,180.90000000000222,119.95,None,None,None,0.0,unknown
1763612224.5405872,0,0.027000000000000003,0.5,0,0,1,175.27,180.80000000000223,119.75,None,None,None,0.0,unknown
1763612224.6204393,0,0.027000000000000003,0.5,0,0,1,175.11,180.70000000000223,119.5,None,None,None,0.0,unknown
1763612224.7476995,0,0.028,0.5,0,2,1,174.95,180.60000000000224,119.4,None,None,None,0.0,unknown
1763612224.8122604,0,0.028,0.5,0,0,1,174.79,180.50000000000225,119.2,None,None,None,0.0,unknown
1763612224.9135988,0,0.029,0.5,1,0,1,174.63,180.40000000000225,118.95,None,None,None,0.0,unknown
1763612225.0642414,0,0.028,0.5,0,0,1,174.34,180.30000000000226,118.75,None,None,None,0.0,unknown
1763612225.1293936,0,0.028,0.5,0,0,1,174.17,180.20000000000226,118.7,None,None,None,0.0,unknown
1763612225.1963925,0,0.027000000000000003,0.5,0,0,1,174.07,180.10000000000227,118.7,None,None,None,0.0,unknown
1763612225.2654135,0,0.028,0.5,1,0,1,173.97,180.00000000000227,118.7,None,None,None,0.0,unknown
1763612225.4188893,0,0.030000000000000002,0.5,0,2,1,173.87,179.90000000000228,118.65,None,None,None,0.0,unknown
1763612225.5186262,0,0.031000000000000003,0.5,0,1,1,173.73,179.80000000000229,118.64999999999999,None,None,None,0.0,unknown
1763612225.6048484,0,0.032,0.5,0,1,1,173.63,179.7000000000023,118.69999999999999,None,None,None,0.0,unknown
1763612225.6785364,0,0.032,0.5,0,0,1,173.49,179.6000000000023,118.69999999999999,None,None,None,0.0,unknown
1763612225.7085028,0,0.032,0.5,0,0,1,173.39,179.5000000000023,118.69999999999999,None,None,None,0.0,unknown
1763612225.7739217,0,0.034,0.5,0,2,1,173.29,179.4000000000023,118.65,None,None,None,0.0,unknown
1763612225.8018484,0,0.032,0.5,0,0,1,173.19,179.3000000000023,118.6,None,None,None,0.0,unknown
1763612225.8129685,0,0.033,0.5,0,1,1,173.05,179.20000000000232,118.55000000000001,None,None,None,0.0,unknown
1763612225.8281083,0,0.034,0.5,0,1,1,173.2,179.10000000000232,118.95,None,None,None,0.0,unknown
1763612225.8381689,0,0.034,0.5,0,0,1,173.43,179.00000000000233,119.35,None,None,None,0.0,unknown
1763612225.8837976,0,0.035,0.5,1,1,1,173.66,178.90000000000234,119.85,None,None,None,0.0,unknown
1763612226.2593784,0,0.035,0.5,1,0,1,173.66,178.80000000000234,120.0,None,None,None,0.0,unknown
1763612226.3300734,0,0.035,0.5,0,1,1,173.7,178.70000000000235,120.05,None,None,None,0.0,unknown
1763612226.519337,0,0.036000000000000004,0.5,1,1,1,173.7,178.60000000000235,120.19999999999999,None,None,None,0.0,unknown
1763612226.701184,0,0.036000000000000004,0.5,0,0,1,173.7,178.50000000000236,120.35,None,None,None,0.0,unknown
1763612227.0954776,0,0.036000000000000004,0.5,0,0,1,173.7,178.40000000000236,120.55,None,None,None,0.0,unknown
1763612227.327172,0,0.037000000000000005,0.5,0,1,1,173.86,178.30000000000237,121.0,None,None,None,0.0,unknown
1763612227.4058278,0,0.039,0.5,1,1,1,174.02,178.20000000000238,121.4,None,None,None,0.0,unknown
1763612227.450251,0,0.041,0.5,0,2,1,173.95,178.10000000000238,121.4,None,None,None,0.0,unknown
1763612227.5392263,0,0.043000000000000003,0.5,1,1,1,173.92,178.0000000000024,121.39999999999999,None,None,None,0.0,unknown
1763612227.6246607,0,0.043000000000000003,0.5,1,1,1,173.89,177.9000000000024,121.45,None,None,None,0.0,unknown
1763612227.6914473,0,0.044000000000000004,0.5,0,1,1,173.82,177.8000000000024,121.45,None,None,None,0.0,unknown
1763612227.8658285,0,0.047,0.5,2,1,1,173.79,177.7000000000024,121.6,None,None,None,0.0,unknown
1763612227.9746625,0,0.047,0.5,0,1,1,173.72,177.6000000000024,121.64999999999999,None,None,None,0.0,unknown
1763612228.0088372,0,0.047,0.5,0,0,1,173.65,177.50000000000242,121.75,None,None,None,0.0,unknown
1763612228.0546603,0,0.047,0.5,0,0,1,173.58,177.40000000000242,121.8,None,None,None,0.0,unknown
1763612228.1773994,0,0.047,0.5,0,1,1,173.55,177.30000000000243,121.8,None,None,None,0.0,unknown
1763612228.190574,0,0.048,0.5,1,1,1,173.71,177.20000000000243,122.25,None,None,None,0.0,unknown
1763612228.4157138,0,0.047,0.5,0,1,1,173.71,177.10000000000244,122.44999999999999,None,None,None,0.0,unknown
1763612228.6728141,0,0.047,0.5,0,1,1,173.75,177.00000000000244,122.64999999999999,None,None,None,0.0,unknown
1763612228.7278552,0,0.048,0.5,0,1,1,173.75,176.90000000000245,122.9,None,None,None,0.0,unknown
1763612228.835051,0,0.048,0.5,0,1,1,173.75,176.80000000000246,123.15,None,None,None,0.0,unknown
1763612229.0386972,0,0.05,0.5,0,2,1,173.75,176.70000000000246,123.3,None,None,None,0.0,unknown
1763612229.0954497,0,0.05,0.5,0,1,1,173.75,176.60000000000247,123.5,None,None,None,0.0,unknown
1763612229.14086,0,0.049,0.5,0,0,1,173.75,176.50000000000247,123.6,None,None,None,0.0,unknown
1763612229.1560555,0,0.049,0.5,0,1,1,173.77,176.40000000000248,123.75,None,None,None,0.0,unknown
1763612229.2296345,0,0.05,0.5,1,2,1,173.73,176.30000000000248,123.94999999999999,None,None,None,0.0,unknown
1763612229.2635837,0,0.049,0.5,0,1,1,173.54,176.2000000000025,123.8,None,None,None,0.0,unknown
1763612229.3831015,0,0.05,0.5,1,2,1,173.51,176.1000000000025,123.60000000000001,None,None,None,0.0,unknown
1763612229.4073575,0,0.053,0.5,1,2,1,173.44,176.0000000000025,123.45,None,None,None,0.0,unknown
1763612229.4739673,0,0.054,0.5,0,1,1,173.41,175.9000000000025,123.2,None,None,None,0.0,unknown
1763612229.5751426,0,0.056,0.5,1,1,1,173.34,175.8000000000025,123.1,None,None,None,0.0,unknown
1763612229.7076368,0,0.057,0.5,0,1,1,173.27,175.70000000000252,122.95,None,None,None,0.0,unknown
1763612229.72175,0,0.056,0.5,1,0,1,173.2,175.60000000000252,122.85,None,None,None,0.0,unknown
1763612229.903626,0,0.057,0.5,0,1,1,173.13,175.50000000000253,122.75,None,None,None,0.0,unknown
1763612230.0360005,0,0.057,0.5,0,1,1,173.06,175.40000000000254,122.6,None,None,None,0.0,unknown
1763612230.307376,0,0.061000000000000006,0.5,1,3,1,173.06,175.30000000000254,122.5,None,None,None,0.0,unknown
1763612230.4649127,0,0.062,0.5,0,1,1,173.06,175.20000000000255,122.55,None,None,None,0.0,unknown
1763612230.624287,0,0.064,0.5,1,1,1,173.06,175.10000000000255,122.5,None,None,None,0.0,unknown
1763612230.7625825,0,0.065,0.5,0,2,1,173.1,175.00000000000256,122.6,None,None,None,0.0,unknown
1763612230.795511,0,0.066,0.5,1,2,1,173.1,174.90000000000256,122.7,None,None,None,0.0,unknown
1763612230.8643773,0,0.066,0.5,1,0,1,173.1,174.80000000000257,122.75,None,None,None,0.0,unknown
1763612231.0544806,0,0.066,0.5,0,1,1,173.06,174.70000000000258,122.75,None,None,None,0.0,unknown
1763612231.1476505,0,0.067,0.5,0,1,1,172.99,174.60000000000258,122.8,None,None,None,0.0,unknown
1763612231.3516421,0,0.068,0.5,1,0,1,172.92,174.5000000000026,122.80000000000001,None,None,None,0.0,unknown
1763612231.3855658,0,0.067,0.5,0,1,1,172.85,174.4000000000026,122.9,None,None,None,0.0,unknown
1763612231.462293,0,0.068,0.5,0,1,1,172.71,174.3000000000026,122.85,None,None,None,0.0,unknown
1763612231.5544393,0,0.07,0.5,1,2,1,172.68,174.2000000000026,122.4,None,None,None,0.0,unknown
1763612231.708995,0,0.07100000000000001,0.5,1,1,1,172.61,174.1000000000026,122.0,None,None,None,0.0,unknown
1763612231.739556,0,0.07100000000000001,0.5,0,0,1,172.58,174.00000000000261,121.6,None,None,None,0.0,unknown
1763612231.8398483,0,0.07,0.5,1,0,1,172.51,173.90000000000262,121.3,None,None,None,0.0,unknown
1763612231.8867083,0,0.069,0.5,0,0,1,172.44,173.80000000000263,121.14999999999999,None,None,None,0.0,unknown
1763612232.104686,0,0.07,0.5,1,1,1,172.41,173.70000000000263,121.10000000000001,None,None,None,0.0,unknown
1763612232.3643498,0,0.069,0.5,0,1,1,172.34,173.60000000000264,121.05000000000001,None,None,None,0.0,unknown
1763612232.4211814,0,0.07100000000000001,0.5,1,1,1,172.27,173.50000000000264,121.0,None,None,None,0.0,unknown
1763612232.458281,0,0.07200000000000001,0.5,0,1,1,172.24,173.40000000000265,120.95,None,None,None,0.0,unknown
1763612232.5510392,0,0.07200000000000001,0.5,1,0,1,172.4,173.30000000000265,121.15,None,None,None,0.0,unknown
1763612232.7603607,0,0.07100000000000001,0.5,0,1,1,172.4,173.20000000000266,121.25,None,None,None,0.0,unknown
1763612233.2907476,0,0.07100000000000001,0.5,2,0,1,172.4,173.10000000000267,121.35,None,None,None,0.0,unknown
1763612233.5711648,0,0.069,0.5,0,0,1,172.4,173.00000000000267,121.4,None,None,None,0.0,unknown
1763612233.7501664,0,0.067,0.5,0,0,1,172.4,172.90000000000268,121.55000000000001,None,None,None,0.0,unknown
1763612233.9800804,0,0.068,0.5,1,1,1,172.4,172.80000000000268,121.5,None,None,None,0.0,unknown
1763612234.1481917,0,0.067,0.5,1,1,1,172.44,172.7000000000027,121.45,None,None,None,0.0,unknown
1763612234.22052,0,0.069,0.5,1,2,1,172.44,172.6000000000027,121.35000000000001,None,None,None,0.0,unknown
1763612234.305253,0,0.069,0.5,0,0,1,172.44,172.5000000000027,121.35000000000001,None,None,None,0.0,unknown
1763612234.383279,0,0.07,0.5,0,1,1,172.4,172.4000000000027,121.35000000000001,None,None,None,0.0,unknown
1763612234.4371877,0,0.069,0.5,0,0,1,172.33,172.3000000000027,121.30000000000001,None,None,None,0.0,unknown
1763612234.6037269,0,0.068,0.5,0,1,1,172.33,172.20000000000272,121.0,None,None,None,0.0,unknown
1763612234.8417752,0,0.068,0.5,1,0,1,172.26,172.10000000000272,121.1,None,None,None,0.0,unknown
1763612234.9263873,0,0.067,0.5,0,0,1,172.23,172.00000000000273,121.05,None,None,None,0.0,unknown
1763612234.9620457,0,0.067,0.5,0,1,1,172.2,171.90000000000273,120.9,None,None,None,0.0,unknown
1763612234.9802294,0,0.067,0.5,1,0,1,172.13,171.80000000000274,120.95,None,None,None,0.0,unknown
1763612235.1833444,0,0.065,0.5,0,0,1,172.06,171.70000000000275,120.85,None,None,None,0.0,unknown
1763612235.2456505,0,0.067,0.5,1,2,1,172.03,171.60000000000275,120.69999999999999,None,None,None,0.0,unknown
1763612235.2562683,0,0.069,0.5,1,1,1,172,171.50000000000276,120.64999999999999,None,None,None,0.0,unknown
1763612235.266339,0,0.07,0.5,0,2,1,171.97,171.40000000000276,120.5,None,None,None,0.0,unknown
1763612235.2788155,0,0.067,0.5,0,0,1,171.9,171.30000000000277,120.6,None,None,None,0.0,unknown
1763612235.2889416,0,0.067,0.5,1,0,1,171.83,171.20000000000277,120.65,None,None,None,0.0,unknown
1763612235.3005567,0,0.066,0.5,1,1,1,171.73,171.10000000000278,120.60000000000001,None,None,None,0.0,unknown
1763612235.3125317,0,0.064,0.5,0,1,1,171.89,171.00000000000279,120.85000000000001,None,None,None,0.0,unknown
1763612235.3236613,0,0.064,0.5,0,1,1,172.01,170.9000000000028,121.1,None,None,None,0.0,unknown
1763612235.3337326,0,0.062,0.5,0,0,1,172.17,170.8000000000028,121.35,None,None,None,0.0,unknown
1763612235.3439827,0,0.061000000000000006,0.5,0,0,1,172.33,170.7000000000028,121.6,None,None,None,0.0,unknown
1763612235.3540478,0,0.061000000000000006,0.5,0,1,1,172.49,170.6000000000028,121.8,None,None,None,0.0,unknown
1763612235.36411,0,0.061000000000000006,0.5,0,1,1,172.65,170.5000000000028,121.94999999999999,None,None,None,0.0,unknown
1763612235.3741887,0,0.061000000000000006,0.5,0,1,1,172.81,170.40000000000282,122.14999999999999,None,None,None,0.0,unknown
1763612235.4002936,0,0.057,0.5,0,0,1,172.93,170.30000000000283,122.25,None,None,None,0.0,unknown
1763612235.5153022,0,0.057,0.5,0,1,1,172.77,170.20000000000283,122.0,None,None,None,0.0,unknown
1763612235.664465,0,0.056,0.5,0,1,1,172.7,170.10000000000284,121.95,None,None,None,0.0,unknown
1763612235.7845137,0,0.056,0.5,1,1,1,172.63,170.00000000000284,121.95,None,None,None,0.0,unknown
1763612235.8484526,0,0.054,0.5,0,1,1,172.56,169.90000000000285,121.95,None,None,None,0.0,unknown
1763612236.2321858,0,0.054,0.5,0,1,1,172.53,169.80000000000285,121.94999999999999,None,None,None,0.0,unknown
1763612236.382681,0,0.053000000000000005,0.5,0,0,1,172.46,169.70000000000286,121.9,None,None,None,0.0,unknown
1763612236.4521062,0,0.052000000000000005,0.5,0,0,1,172.43,169.60000000000286,121.9,None,None,None,0.0,unknown
1763612236.4749582,0,0.051000000000000004,0.5,0,0,1,172.36,169.50000000000287,121.85,None,None,None,0.0,unknown
1763612236.577696,0,0.05,0.5,0,0,1,172.29,169.40000000000288,121.9,None,None,None,0.0,unknown
1763612236.6689048,0,0.049,0.5,0,0,1,172.22,169.30000000000288,121.85,None,None,None,0.0,unknown
1763612236.706791,0,0.046,0.5,0,0,1,172.15,169.2000000000029,121.8,None,None,None,0.0,unknown
1763612236.8099592,0,0.045000000000000005,0.5,0,1,1,171.89,169.1000000000029,121.8,None,None,None,0.0,unknown
1763612236.9530497,0,0.046,0.5,0,1,1,171.59,169.0000000000029,121.85000000000001,None,None,None,0.0,unknown
1763612237.2264304,0,0.047,0.5,1,1,1,171.29,168.9000000000029,121.75,None,None,None,0.0,unknown
1763612237.2572274,0,0.047,0.5,0,0,1,171.22,168.8000000000029,122.0,None,None,None,0.0,unknown
1763612237.4616601,0,0.046,0.5,1,0,1,171.06,168.70000000000292,122.25,None,None,None,0.0,unknown
1763612237.4929283,0,0.046,0.5,1,0,1,170.99,168.60000000000292,122.60000000000001,None,None,None,0.0,unknown
1763612237.588262,0,0.045000000000000005,0.5,0,1,1,170.92,168.50000000000293,122.7,None,None,None,0.0,unknown
1763612237.642415,0,0.044000000000000004,0.5,0,0,1,170.8,168.40000000000293,122.85000000000001,None,None,None,0.0,unknown
1763612237.9731405,0,0.043000000000000003,0.5,0,0,1,170.64,168.30000000000294,122.85000000000001,None,None,None,0.0,unknown
1763612238.093648,0,0.043000000000000003,0.5,0,1,1,170.48,168.20000000000294,122.9,None,None,None,0.0,unknown
1763612238.1197963,0,0.041,0.5,0,0,1,170.32,168.10000000000295,122.95,None,None,None,0.0,unknown
1763612238.229459,0,0.042,0.5,0,1,1,170.16,168.00000000000296,122.8,None,None,None,0.0,unknown
1763612238.2962477,0,0.042,0.5,0,0,1,170,167.90000000000296,122.8,None,None,None,0.0,unknown
1763612238.4040666,0,0.04,0.5,0,0,1,169.84,167.80000000000297,122.9,None,None,None,0.0,unknown
1763612238.485545,0,0.038,0.5,0,0,1,169.68,167.70000000000297,122.75,None,None,None,0.0,unknown
1763612238.5719411,0,0.035,0.5,0,0,1,169.52,167.60000000000298,122.69999999999999,None,None,None,0.0,unknown
1763612238.6657805,0,0.035,0.5,0,0,1,169.36,167.50000000000298,122.64999999999999,None,None,None,0.0,unknown
1763612238.85574,0,0.035,0.5,1,0,1,169.2,167.400000000003,122.7,None,None,None,0.0,unknown
1763612238.910248,0,0.036000000000000004,0.5,0,1,1,169.04,167.300000000003,122.65,None,None,None,0.0,unknown
1763612239.0499184,0,0.035,0.5,0,0,1,168.81,167.200000000003,122.45,None,None,None,0.0,unknown
1763612239.1583319,0,0.034,0.5,0,0,1,168.57,167.100000000003,122.5,None,None,None,0.0,unknown
1763612239.5808368,0,0.036000000000000004,0.5,1,1,1,168.29,167.000000000003,122.60000000000001,None,None,None,0.0,unknown
1763612239.6739867,0,0.035,0.5,0,0,1,168.05,166.90000000000302,122.69999999999999,None,None,None,0.0,unknown
1763612239.7304566,0,0.034,0.5,0,0,1,167.81,166.80000000000302,122.75,None,None,None,0.0,unknown
1763612239.8323746,0,0.034,0.5,0,0,1,167.57,166.70000000000303,122.9,None,None,None,0.0,unknown
1763612239.969568,0,0.031000000000000003,0.5,0,0,1,167.33,166.60000000000304,122.95,None,None,None,0.0,unknown
1763612240.1277661,0,0.030000000000000002,0.5,1,0,1,167.09,166.50000000000304,123.05000000000001,None,None,None,0.0,unknown
1763612240.2514489,0,0.028,0.5,0,0,1,166.83,166.40000000000305,123.2,None,None,None,0.0,unknown
1763612240.3379545,0,0.028,0.5,0,0,1,166.76,166.30000000000305,123.2,None,None,None,0.0,unknown
1763612240.4404857,0,0.028,0.5,1,0,1,166.76,166.20000000000306,123.4,None,None,None,0.0,unknown
1763612240.458875,0,0.027000000000000003,0.5,1,0,1,166.6,166.10000000000306,123.75,None,None,None,0.0,unknown
1763612240.4727285,0,0.027000000000000003,0.5,1,0,1,166.44,166.00000000000307,124.10000000000001,None,None,None,0.0,unknown
1763612240.483659,0,0.027000000000000003,0.5,1,0,1,166.28,165.90000000000308,124.5,None,None,None,0.0,unknown
1763612240.500962,0,0.028,0.5,1,0,1,166.12,165.80000000000308,124.65,None,None,None,0.0,unknown
1763612240.6240942,0,0.029,0.5,1,0,1,165.96,165.7000000000031,124.9,None,None,None,0.0,unknown
1763612240.7993186,0,0.028,0.5,0,0,1,165.8,165.6000000000031,125.05,None,None,None,0.0,unknown
1763612240.8342748,0,0.027000000000000003,0.5,0,0,1,165.68,165.5000000000031,125.19999999999999,None,None,None,0.0,unknown
1763612240.9090877,0,0.027000000000000003,0.5,0,1,1,165.52,165.4000000000031,125.4,None,None,None,0.0,unknown
1763612240.956858,0,0.027000000000000003,0.5,0,0,1,165.52,165.3000000000031,125.55,None,None,None,0.0,unknown
1763612241.0383518,0,0.026000000000000002,0.5,0,0,1,165.59,165.20000000000312,125.85,None,None,None,0.0,unknown
1763612241.0874023,0,0.025,0.5,0,0,1,165.56,165.10000000000312,126.10000000000001,None,None,None,0.0,unknown
1763612241.1797347,0,0.024,0.5,1,0,1,165.28,165.00000000000313,126.19999999999999,None,None,None,0.0,unknown
1763612241.3130648,0,0.023,0.5,0,0,1,165.04,164.90000000000313,126.3,None,None,None,0.0,unknown
1763612241.4494715,0,0.022000000000000002,0.5,0,0,1,164.8,164.80000000000314,126.4,None,None,None,0.0,unknown
1763612241.4787846,0,0.022000000000000002,0.5,0,0,1,164.56,164.70000000000314,126.6,None,None,None,0.0,unknown
1763612241.5948608,0,0.023,0.5,0,1,1,164.39,164.60000000000315,126.8,None,None,None,0.0,unknown
1763612241.7072873,0,0.025,0.5,2,0,1,164.22,164.50000000000315,127.0,None,None,None,0.0,unknown
1763612241.759296,0,0.026000000000000002,0.5,1,0,1,164.05,164.40000000000316,127.15,None,None,None,0.0,unknown
1763612241.821875,0,0.028,0.5,0,2,1,163.88,164.30000000000317,127.4,None,None,None,0.0,unknown
1763612241.840393,0,0.028,0.5,0,0,1,163.48,164.20000000000317,127.55000000000001,None,None,None,0.0,unknown
1763612241.982768,0,0.028,0.5,1,0,1,163.32,164.10000000000318,128.0,None,None,None,0.0,unknown
1763612242.154118,0,0.027000000000000003,0.5,0,0,1,163.16,164.00000000000318,128.3,None,None,None,0.0,unknown
1763612242.2217302,0,0.028,0.5,1,2,1,163,163.9000000000032,128.6,None,None,None,0.0,unknown
1763612242.3021808,0,0.028,0.5,0,0,1,162.84,163.8000000000032,128.7,None,None,None,0.0,unknown
1763612242.4787467,0,0.028,0.5,1,0,1,162.68,163.7000000000032,128.8,None,None,None,0.0,unknown
1763612242.5312881,0,0.028,0.5,1,0,1,162.52,163.6000000000032,128.8,None,None,None,0.0,unknown
1763612242.7232413,0,0.027,0.5,0,0,1,162.36,163.5000000000032,128.85,None,None,None,0.0,unknown
1763612242.8584836,0,0.029,0.5,1,1,1,162.2,163.40000000000322,128.8,None,None,None,0.0,unknown
1763612242.9105442,0,0.030000000000000002,0.5,1,0,1,162.04,163.30000000000322,128.95,None,None,None,0.0,unknown
1763612243.2177722,0,0.031,0.5,1,1,1,161.8,163.20000000000323,129.05,None,None,None,0.0,unknown
1763612243.4406924,0,0.032,0.5,0,1,1,161.56,163.10000000000323,129.10000000000002,None,None,None,0.0,unknown
1763612243.5936966,0,0.033,0.5,1,1,1,161.32,163.00000000000324,129.2,None,None,None,0.0,unknown
1763612243.6047332,0,0.033,0.5,0,0,1,161.08,162.90000000000325,129.35,None,None,None,0.0,unknown
1763612243.7505212,0,0.034,0.5,1,0,1,160.84,162.80000000000325,129.5,None,None,None,0.0,unknown
1763612243.8193386,0,0.035,0.5,1,0,1,160.56,162.70000000000326,129.75,None,None,None,0.0,unknown
1763612243.8556283,0,0.035,0.5,0,0,1,160.32,162.60000000000326,129.95,None,None,None,0.0,unknown
1763612244.0340586,0,0.036000000000000004,0.5,1,0,1,160.08,162.50000000000327,130.15,None,None,None,0.0,unknown
1763612244.2492476,0,0.036000000000000004,0.5,0,1,1,159.84,162.40000000000327,130.3,None,None,None,0.0,unknown
1763612244.5012803,0,0.037000000000000005,0.5,0,2,1,159.84,162.30000000000328,130.75,None,None,None,0.0,unknown
1763612244.6649003,0,0.04,0.5,2,1,1,159.68,162.20000000000329,131.15,None,None,None,0.0,unknown
1763612244.7009838,0,0.04,0.5,0,0,1,159.52,162.1000000000033,131.25,None,None,None,0.0,unknown
1763612244.7667103,0,0.042,0.5,2,2,1,159.36,162.0000000000033,131.5,None,None,None,0.0,unknown
1763612244.9896278,0,0.043000000000000003,0.5,1,0,1,159.2,161.9000000000033,131.75,None,None,None,0.0,unknown
1763612245.1922288,0,0.043000000000000003,0.5,0,0,1,159.04,161.8000000000033,131.85,None,None,None,0.0,unknown
1763612245.2123928,0,0.045000000000000005,0.5,1,1,1,158.88,161.7000000000033,131.85,None,None,None,0.0,unknown
1763612245.2757046,0,0.047,0.5,2,0,1,158.76,161.60000000000332,131.85,None,None,None,0.0,unknown
1763612245.3533716,0,0.047,0.5,1,0,1,158.6,161.50000000000333,131.85,None,None,None,0.0,unknown
1763612245.500987,0,0.049,0.5,1,1,1,158.46,161.40000000000333,131.9,None,None,None,0.0,unknown
1763612245.7676818,0,0.05,0.5,1,0,1,158.06,161.30000000000334,131.9,None,None,None,0.0,unknown
1763612245.8420517,0,0.049,0.5,0,0,1,157.66,161.20000000000334,131.75,None,None,None,0.0,unknown
1763612246.0088894,0,0.05,0.5,1,1,1,157.26,161.10000000000335,131.75,None,None,None,0.0,unknown
1763612246.1541553,0,0.05,0.5,0,1,1,156.86,161.00000000000335,131.75,None,None,None,0.0,unknown
1763612246.3758032,0,0.05,0.5,0,1,1,156.46,160.90000000000336,131.8,None,None,None,0.0,unknown
1763612246.6760504,0,0.051000000000000004,0.5,2,0,1,156.06,160.80000000000337,131.7,None,None,None,0.0,unknown
1763612246.7285373,0,0.05,0.5,0,0,1,155.66,160.70000000000337,131.6,None,None,None,0.0,unknown
1763612246.7979279,0,0.05,0.5,0,0,1,155.26,160.60000000000338,131.55,None,None,None,0.0,unknown
1763612246.8944223,0,0.051000000000000004,0.5,0,1,1,154.86,160.50000000000338,131.5,None,None,None,0.0,unknown
1763612246.9139245,0,0.05,0.5,0,0,1,154.46,160.4000000000034,131.45,None,None,None,0.0,unknown
1763612247.0176673,0,0.051000000000000004,0.5,1,0,1,154.06,160.3000000000034,131.55,None,None,None,0.0,unknown
1763612247.044165,0,0.053000000000000005,0.5,2,0,1,153.82,160.2000000000034,131.7,None,None,None,0.0,unknown
1763612247.2213101,0,0.054,0.5,1,0,1,153.66,160.1000000000034,131.5,None,None,None,0.0,unknown
1763612247.2892337,0,0.054,0.5,1,0,1,153.5,160.0000000000034,131.1,None,None,None,0.0,unknown
1763612247.337729,0,0.055,0.5,0,1,1,153.34,159.90000000000342,130.75,None,None,None,0.0,unknown
1763612247.4497256,0,0.055,0.5,0,0,1,153.18,159.80000000000342,130.6,None,None,None,0.0,unknown
1763612247.5232408,0,0.057,0.5,2,0,1,153.02,159.70000000000343,130.45,None,None,None,0.0,unknown
1763612247.5518572,0,0.057,0.5,1,0,1,152.86,159.60000000000343,130.4,None,None,None,0.0,unknown
1763612247.670386,0,0.056,0.5,1,0,1,152.7,159.50000000000344,130.3,None,None,None,0.0,unknown
1763612247.7392378,0,0.055,0.5,0,0,1,152.54,159.40000000000344,130.3,None,None,None,0.0,unknown
1763612247.9090245,0,0.053000000000000005,0.5,0,0,1,152.31,159.30000000000345,130.2,None,None,None,0.0,unknown
1763612248.0040524,0,0.054,0.5,0,1,1,151.91,159.20000000000346,130.3,None,None,None,0.0,unknown
1763612248.1208115,0,0.054,0.5,1,0,1,151.74,159.10000000000346,130.35,None,None,None,0.0,unknown
1763612248.242488,0,0.055,0.5,1,0,1,151.57,159.00000000000347,130.4,None,None,None,0.0,unknown
1763612248.37451,0,0.052000000000000005,0.5,0,0,1,151.4,158.90000000000347,130.6,None,None,None,0.0,unknown
1763612248.5200462,0,0.053000000000000005,0.5,0,1,1,151.23,158.80000000000348,130.60000000000002,None,None,None,0.0,unknown
1763612248.5897026,0,0.054,0.5,1,1,1,151.11,158.70000000000348,130.75,None,None,None,0.0,unknown
1763612248.6698089,0,0.053000000000000005,0.5,0,0,1,150.94,158.6000000000035,130.85,None,None,None,0.0,unknown
1763612248.777391,0,0.053000000000000005,0.5,0,0,1,150.77,158.5000000000035,131.15,None,None,None,0.0,unknown
1763612249.1136935,0,0.052000000000000005,0.5,0,1,1,150.65,158.4000000000035,131.25,None,None,None,0.0,unknown
1763612249.1523752,0,0.052000000000000005,0.5,0,1,1,150.41,158.3000000000035,131.25,None,None,None,0.0,unknown
1763612249.2035167,0,0.051000000000000004,0.5,0,1,1,150.17,158.2000000000035,131.05,None,None,None,0.0,unknown
1763612249.4050584,0,0.05,0.5,0,0,1,150.1,158.10000000000352,130.6,None,None,None,0.0,unknown
1763612249.4545362,0,0.05,0.5,1,1,1,150.03,158.00000000000352,130.5,None,None,None,0.0,unknown
1763612249.5280929,0,0.051000000000000004,0.5,0,1,1,149.96,157.90000000000353,130.15,None,None,None,0.0,unknown
1763612249.812999,0,0.05,0.5,0,0,1,149.89,157.80000000000354,129.75,None,None,None,0.0,unknown
1763612249.9402714,0,0.05,0.5,0,1,1,149.82,157.70000000000354,129.45,None,None,None,0.0,unknown
1763612250.0734017,0,0.05,0.5,0,0,1,149.75,157.60000000000355,129.2,None,None,None,0.0,unknown
1763612250.104717,0,0.05,0.5,0,1,1,149.63,157.50000000000355,128.89999999999998,None,None,None,0.0,unknown
1763612250.2456875,0,0.049,0.5,0,0,1,149.56,157.40000000000356,128.55,None,None,None,0.0,unknown
1763612250.351271,0,0.048,0.5,0,1,1,149.32,157.30000000000356,128.45,None,None,None,0.0,unknown
1763612250.5851047,0,0.048,0.5,1,2,1,149.15,157.20000000000357,128.6,None,None,None,0.0,unknown
1763612250.7551076,0,0.051000000000000004,0.5,2,1,1,149.15,157.10000000000358,128.65,None,None,None,0.0,unknown
1763612250.8554823,0,0.048,0.5,0,1,1,149.15,157.00000000000358,128.75,None,None,None,0.0,unknown
1763612250.9445653,0,0.047,0.5,0,0,1,149.15,156.9000000000036,128.9,None,None,None,0.0,unknown
1763612251.1321192,0,0.048,0.5,0,1,1,149.15,156.8000000000036,128.9,None,None,None,0.0,unknown
1763612251.2179418,0,0.047,0.5,1,0,1,149.15,156.7000000000036,129.05,None,None,None,0.0,unknown
1763612251.2749522,0,0.045000000000000005,0.5,0,0,1,149.15,156.6000000000036,129.25,None,None,None,0.0,unknown
1763612251.303753,0,0.046,0.5,0,2,1,149.15,156.5000000000036,129.35,None,None,None,0.0,unknown
1763612251.329719,0,0.045000000000000005,0.5,0,1,1,149.15,156.40000000000362,129.5,None,None,None,0.0,unknown
1763612251.34485,0,0.046,0.5,0,2,1,148.98,156.30000000000362,129.75,None,None,None,0.0,unknown
1763612251.4757903,0,0.046,0.5,0,0,1,148.86,156.20000000000363,129.45,None,None,None,0.0,unknown
1763612251.668942,0,0.045000000000000005,0.5,1,0,1,148.79,156.10000000000363,129.1,None,None,None,0.0,unknown
1763612251.7397356,0,0.044000000000000004,0.5,0,0,1,148.72,156.00000000000364,128.6,None,None,None,0.0,unknown
1763612251.7498395,0,0.044000000000000004,0.5,1,0,1,148.65,155.90000000000364,128.15,None,None,None,0.0,unknown
1763612251.7649748,0,0.044000000000000004,0.5,1,1,1,148.58,155.80000000000365,127.85,None,None,None,0.0,unknown
1763612251.8181634,0,0.045000000000000005,0.5,1,0,1,148.51,155.70000000000366,127.4,None,None,None,0.0,unknown
1763612251.906478,0,0.047,0.5,0,2,1,148.44,155.60000000000366,127.1,None,None,None,0.0,unknown
1763612251.983152,0,0.047,0.5,1,0,1,148.28,155.50000000000367,126.80000000000001,None,None,None,0.0,unknown
1763612252.258085,0,0.047,0.5,0,0,1,148.16,155.40000000000367,126.35000000000001,None,None,None,0.0,unknown
1763612252.295671,0,0.047,0.5,1,0,1,148.09,155.30000000000368,126.15,None,None,None,0.0,unknown
1763612252.3228085,0,0.047,0.5,2,0,1,147.95,155.20000000000368,125.75,None,None,None,0.0,unknown
1763612252.3482184,0,0.046,0.5,0,0,1,147.91,155.1000000000037,125.4,None,None,None,0.0,unknown
1763612252.4563737,0,0.046,0.5,1,0,1,147.91,155.0000000000037,125.35,None,None,None,0.0,unknown
1763612252.607544,0,0.046,0.5,0,1,1,147.91,154.9000000000037,125.4,None,None,None,0.0,unknown
1763612252.6822708,0,0.046,0.5,0,0,1,147.91,154.8000000000037,125.5,None,None,None,0.0,unknown
1763612252.7504485,0,0.045000000000000005,0.5,0,1,1,147.91,154.7000000000037,125.6,None,None,None,0.0,unknown
1763612252.8536794,0,0.044000000000000004,0.5,0,0,1,147.91,154.60000000000372,125.6,None,None,None,0.0,unknown
1763612253.050656,0,0.044000000000000004,0.5,1,0,1,147.91,154.50000000000372,125.65,None,None,None,0.0,unknown
1763612253.1802938,0,0.045000000000000005,0.5,0,1,1,147.91,154.40000000000373,125.7,None,None,None,0.0,unknown
1763612253.2308927,0,0.047,0.5,1,1,1,147.91,154.30000000000373,125.75,None,None,None,0.0,unknown
1763612253.3353896,0,0.046,0.5,0,0,1,148.03,154.20000000000374,125.8,None,None,None,0.0,unknown
1763612253.4689224,0,0.045000000000000005,0.5,0,0,1,147.96,154.10000000000375,125.19999999999999,None,None,None,0.0,unknown
1763612253.5563416,0,0.044000000000000004,0.5,0,0,1,147.89,154.00000000000375,124.69999999999999,None,None,None,0.0,unknown
1763612253.755692,0,0.046,0.5,1,1,1,147.82,153.90000000000376,124.2,None,None,None,0.0,unknown
1763612253.7777522,0,0.045000000000000005,0.5,0,0,1,147.7,153.80000000000376,123.85000000000001,None,None,None,0.0,unknown
1763612253.8892736,0,0.043000000000000003,0.5,0,0,1,147.58,153.70000000000377,123.39999999999999,None,None,None,0.0,unknown
1763612253.9948478,0,0.043000000000000003,0.5,0,0,1,147.51,153.60000000000377,122.94999999999999,None,None,None,0.0,unknown
1763612254.0910192,0,0.043000000000000003,0.5,0,0,1,147.44,153.50000000000378,122.5,None,None,None,0.0,unknown
1763612254.1871092,0,0.043000000000000003,0.5,1,0,1,147.37,153.40000000000379,122.25,None,None,None,0.0,unknown
1763612254.2397912,0,0.042,0.5,0,0,1,147.3,153.3000000000038,121.85,None,None,None,0.0,unknown
1763612254.2848554,0,0.041,0.5,0,0,1,147.47,153.2000000000038,121.6,None,None,None,0.0,unknown
1763612254.339233,0,0.041,0.5,0,0,1,147.68,153.1000000000038,121.39999999999999,None,None,None,0.0,unknown
1763612254.3912838,0,0.041,0.5,1,1,1,147.68,153.0000000000038,121.35000000000001,None,None,None,0.0,unknown
1763612254.5005963,0,0.04,0.5,0,0,1,147.68,152.9000000000038,121.35,None,None,None,0.0,unknown
1763612254.7641146,0,0.04,0.5,0,0,1,147.68,152.80000000000382,121.5,None,None,None,0.0,unknown
1763612254.846722,0,0.039,0.5,0,0,1,147.68,152.70000000000383,121.5,None,None,None,0.0,unknown
1763612255.1003032,0,0.039,0.5,0,0,1,147.68,152.60000000000383,121.6,None,None,None,0.0,unknown
1763612255.1123517,0,0.039,0.5,0,1,1,147.68,152.50000000000384,121.64999999999999,None,None,None,0.0,unknown
1763612255.1734538,0,0.039,0.5,0,0,1,147.68,152.40000000000384,121.64999999999999,None,None,None,0.0,unknown
1763612255.2138445,0,0.038,0.5,0,0,1,147.44,152.30000000000385,121.5,None,None,None,0.0,unknown
1763612255.372711,0,0.035,0.5,0,0,1,147.37,152.20000000000385,121.15,None,None,None,0.0,unknown
1763612255.42349,0,0.035,0.5,1,2,1,147.25,152.10000000000386,120.65,None,None,None,0.0,unknown
1763612255.5946884,0,0.035,0.5,0,1,1,147.13,152.00000000000387,120.0,None,None,None,0.0,unknown
1763612255.660961,0,0.035,0.5,0,0,1,147.06,151.90000000000387,119.44999999999999,None,None,None,0.0,unknown
1763612255.776283,0,0.034,0.5,0,0,1,146.99,151.80000000000388,118.9,None,None,None,0.0,unknown
1763612256.0215182,0,0.033,0.5,0,0,1,146.92,151.70000000000388,118.6,None,None,None,0.0,unknown
1763612256.086571,0,0.036000000000000004,0.5,1,2,1,146.81,151.6000000000039,118.25,None,None,None,0.0,unknown
1763612256.204111,0,0.036000000000000004,0.5,2,0,1,146.74,151.5000000000039,117.95,None,None,None,0.0,unknown
1763612256.4170692,0,0.036000000000000004,0.5,1,0,1,146.65,151.4000000000039,117.65,None,None,None,0.0,unknown
1763612256.4959557,0,0.034,0.5,0,0,1,146.82,151.3000000000039,117.30000000000001,None,None,None,0.0,unknown
1763612256.557901,0,0.034,0.5,0,0,1,147.03,151.2000000000039,117.05000000000001,None,None,None,0.0,unknown
1763612256.7078087,0,0.033,0.5,0,0,1,147.03,151.10000000000392,117.10000000000001,None,None,None,0.0,unknown
1763612256.788432,0,0.033,0.5,0,0,1,147.03,151.00000000000392,117.10000000000001,None,None,None,0.0,unknown
1763612256.9677813,0,0.032,0.5,0,0,1,147.03,150.90000000000393,117.10000000000001,None,None,None,0.0,unknown
1763612257.0522451,0,0.030000000000000002,0.5,0,0,1,147.03,150.80000000000393,117.30000000000001,None,None,None,0.0,unknown
1763612257.1637979,0,0.029,0.5,0,0,1,147.03,150.70000000000394,117.35,None,None,None,0.0,unknown
1763612257.3253946,0,0.028,0.5,0,1,1,147.03,150.60000000000394,117.45,None,None,None,0.0,unknown
1763612257.4301262,0,0.027,0.5,0,0,1,147.03,150.50000000000395,117.55,None,None,None,0.0,unknown
1763612257.4725678,0,0.029,0.5,1,1,1,147.03,150.40000000000396,117.75,None,None,None,0.0,unknown
1763612257.494027,0,0.029,0.5,0,1,1,147.03,150.30000000000396,117.75,None,None,None,0.0,unknown
1763612257.572894,0,0.028,0.5,1,0,1,147.2,150.20000000000397,117.80000000000001,None,None,None,0.0,unknown
1763612257.7778795,0,0.029,0.5,1,0,1,147.13,150.10000000000397,117.65,None,None,None,0.0,unknown
1763612257.9066644,0,0.029,0.5,1,0,1,147.06,150.00000000000398,117.5,None,None,None,0.0,unknown
1763612257.964556,0,0.028,0.5,0,0,1,146.99,149.90000000000398,117.5,None,None,None,0.0,unknown
1763612258.0179164,0,0.028,0.5,0,0,1,146.92,149.800000000004,117.4,None,None,None,0.0,unknown
1763612258.0398948,0,0.027,0.5,0,0,1,146.8,149.700000000004,117.3,None,None,None,0.0,unknown
1763612258.16702,0,0.027,0.5,0,0,1,146.73,149.600000000004,116.95,None,None,None,0.0,unknown
1763612258.2568088,0,0.026000000000000002,0.5,0,0,1,146.61,149.500000000004,116.75,None,None,None,0.0,unknown
1763612258.3288875,0,0.025,0.5,0,0,1,146.54,149.400000000004,116.45,None,None,None,0.0,unknown
1763612258.390155,0,0.023,0.5,0,0,1,146.54,149.30000000000402,116.3,None,None,None,0.0,unknown
1763612258.4971025,0,0.023,0.5,0,0,1,146.54,149.20000000000402,115.95,None,None,None,0.0,unknown
1763612258.648774,0,0.026000000000000002,0.5,1,2,1,146.47,149.10000000000403,116.05,None,None,None,0.0,unknown
1763612258.706883,0,0.026000000000000002,0.5,0,0,1,146.4,149.00000000000404,116.05,None,None,None,0.0,unknown
1763612258.8583503,0,0.025,0.5,1,0,1,146.33,148.90000000000404,115.95,None,None,None,0.0,unknown
1763612258.9990978,0,0.025,0.5,0,0,1,146.26,148.80000000000405,116.1,None,None,None,0.0,unknown
1763612259.3068929,0,0.025,0.5,0,0,1,146.19,148.70000000000405,116.05000000000001,None,None,None,0.0,unknown
1763612259.3908849,0,0.026000000000000002,0.5,0,1,1,146.12,148.60000000000406,116.0,None,None,None,0.0,unknown
1763612259.4113915,0,0.026000000000000002,0.5,0,0,1,146.05,148.50000000000406,115.9,None,None,None,0.0,unknown
1763612259.4866295,0,0.025,0.5,0,0,1,145.98,148.40000000000407,115.89999999999999,None,None,None,0.0,unknown
1763612259.8327744,0,0.025,0.5,0,0,1,145.91,148.30000000000408,115.8,None,None,None,0.0,unknown
1763612259.8908205,0,0.025,0.5,0,0,1,145.84,148.20000000000408,115.94999999999999,None,None,None,0.0,unknown
1763612259.9436905,0,0.026000000000000002,0.5,1,0,1,145.6,148.1000000000041,116.45,None,None,None,0.0,unknown
1763612260.0675921,0,0.025,0.5,1,0,1,145.36,148.0000000000041,116.65,None,None,None,0.0,unknown
1763612260.180993,0,0.025,0.5,0,0,1,145.12,147.9000000000041,117.1,None,None,None,0.0,unknown
1763612260.3075352,0,0.025,0.5,0,0,1,144.88,147.8000000000041,117.4,None,None,None,0.0,unknown
1763612260.3396113,0,0.025,0.5,0,0,1,144.64,147.7000000000041,117.75,None,None,None,0.0,unknown
1763612260.6590335,0,0.026000000000000002,0.5,1,0,1,144.4,147.60000000000412,118.0,None,None,None,0.0,unknown
1763612260.7776735,0,0.025,0.5,0,0,1,144.21,147.50000000000412,118.3,None,None,None,0.0,unknown
1763612260.8603482,0,0.027,0.5,1,1,1,143.97,147.40000000000413,118.55,None,None,None,0.0,unknown
1763612260.939333,0,0.027,0.5,0,0,1,143.9,147.30000000000413,118.65,None,None,None,0.0,unknown
1763612261.0815868,0,0.028,0.5,1,0,1,143.83,147.20000000000414,118.69999999999999,None,None,None,0.0,unknown
1763612261.2057893,0,0.025,0.5,0,0,1,143.76,147.10000000000414,118.85000000000001,None,None,None,0.0,unknown
1763612261.276367,0,0.024,0.5,0,0,1,143.69,147.00000000000415,118.8,None,None,None,0.0,unknown
1763612261.4083009,0,0.024,0.5,0,0,1,143.62,146.90000000000416,118.65,None,None,None,0.0,unknown
1763612261.4922724,0,0.024,0.5,0,0,1,143.55,146.80000000000416,118.75,None,None,None,0.0,unknown
1763612261.7191923,0,0.024,0.5,0,0,1,143.48,146.70000000000417,118.64999999999999,None,None,None,0.0,unknown
1763612261.8161554,0,0.022000000000000002,0.5,1,0,1,143.41,146.60000000000417,118.5,None,None,None,0.0,unknown
1763612261.940615,0,0.021,0.5,0,1,1,143.34,146.50000000000418,118.60000000000001,None,None,None,0.0,unknown
1763612262.0167394,0,0.022000000000000002,0.5,2,0,1,143.27,146.40000000000418,118.45,None,None,None,0.0,unknown
1763612262.083989,0,0.022000000000000002,0.5,0,0,1,143.2,146.3000000000042,118.45,None,None,None,0.0,unknown
1763612262.1644008,0,0.022000000000000002,0.5,0,0,1,143.01,146.2000000000042,118.69999999999999,None,None,None,0.0,unknown
1763612262.2518752,0,0.023,0.5,1,0,1,142.77,146.1000000000042,118.8,None,None,None,0.0,unknown
1763612262.3827987,0,0.023,0.5,0,0,1,142.53,146.0000000000042,119.0,None,None,None,0.0,unknown
1763612262.5065863,0,0.023,0.5,0,0,1,142.29,145.9000000000042,119.35,None,None,None,0.0,unknown
1763612262.588391,0,0.024,0.5,1,0,1,142.05,145.80000000000422,119.69999999999999,None,None,None,0.0,unknown
1763612262.77575,0,0.025,0.5,1,0,1,141.81,145.70000000000422,120.05,None,None,None,0.0,unknown
1763612262.9402673,0,0.025,0.5,0,1,1,141.57,145.60000000000423,120.35,None,None,None,0.0,unknown
1763612263.12439,0,0.026000000000000002,0.5,1,0,1,141.38,145.50000000000423,120.6,None,None,None,0.0,unknown
1763612263.151349,0,0.025,0.5,1,0,1,141.19,145.40000000000424,120.89999999999999,None,None,None,0.0,unknown
1763612263.2452135,0,0.026000000000000002,0.5,2,0,1,140.95,145.30000000000425,121.2,None,None,None,0.0,unknown
1763612263.4675891,0,0.025,0.5,0,0,1,140.71,145.20000000000425,121.5,None,None,None,0.0,unknown
1763612263.523696,0,0.024,0.5,0,0,1,140.47,145.10000000000426,121.85,None,None,None,0.0,unknown
1763612263.5594804,0,0.023,0.5,0,0,1,140.4,145.00000000000426,122.0,None,None,None,0.0,unknown
1763612263.5721467,0,0.024,0.5,1,0,1,140.33,144.90000000000427,122.0,None,None,None,0.0,unknown
1763612263.6861033,0,0.024,0.5,0,0,1,140.26,144.80000000000427,122.05,None,None,None,0.0,unknown
1763612263.6961737,0,0.025,0.5,0,1,1,140.19,144.70000000000428,122.05,None,None,None,0.0,unknown
1763612263.7062757,0,0.025,0.5,0,0,1,140.12,144.6000000000043,122.05,None,None,None,0.0,unknown
1763612263.7163389,0,0.025,0.5,0,0,1,140.05,144.5000000000043,122.05,None,None,None,0.0,unknown
1763612263.7283876,0,0.025,0.5,0,0,1,139.98,144.4000000000043,122.05,None,None,None,0.0,unknown
1763612263.73993,0,0.025,0.5,0,0,1,139.91,144.3000000000043,122.1,None,None,None,0.0,unknown
1763612263.7500377,0,0.026000000000000002,0.5,1,0,1,139.72,144.2000000000043,122.15,None,None,None,0.0,unknown
1763612263.7601442,0,0.024,0.5,1,0,1,139.48,144.10000000000431,122.6,None,None,None,0.0,unknown
1763612263.7702098,0,0.024,0.5,0,0,1,139.24,144.00000000000432,123.0,None,None,None,0.0,unknown
1763612263.7803004,0,0.023,0.5,0,0,1,139.05,143.90000000000433,123.44999999999999,None,None,None,0.0,unknown
1763612263.7916074,0,0.023,0.5,0,0,1,138.86,143.80000000000433,123.85,None,None,None,0.0,unknown
1763612263.8016734,0,0.024,0.5,0,1,1,138.67,143.70000000000434,124.25,None,None,None,0.0,unknown
1763612263.8117745,0,0.024,0.5,1,0,1,138.43,143.60000000000434,124.75,None,None,None,0.0,unknown
1763612263.8218482,0,0.024,0.5,0,0,1,138.19,143.50000000000435,125.25,None,None,None,0.0,unknown
1763612263.9283185,0,0.024,0.5,0,0,1,137.95,143.40000000000435,125.6,None,None,None,0.0,unknown
1763612264.0024893,0,0.024,0.5,0,0,1,137.71,143.30000000000436,126.0,None,None,None,0.0,unknown
1763612264.1610746,0,0.025,0.5,1,0,1,137.47,143.20000000000437,126.35,None,None,None,0.0,unknown
1763612264.3162286,0,0.024,0.5,0,0,1,137.19,143.10000000000437,126.75,None,None,None,0.0,unknown
1763612264.3832717,0,0.023,0.5,0,0,1,137.12,143.00000000000438,126.95,None,None,None,0.0,unknown
1763612264.453258,0,0.024,0.5,1,0,1,137.05,142.90000000000438,127.05,None,None,None,0.0,unknown
1763612264.5326905,0,0.024,0.5,0,0,1,136.98,142.8000000000044,127.05,None,None,None,0.0,unknown
1763612264.746074,0,0.026000000000000002,0.5,1,1,1,136.91,142.7000000000044,127.05,None,None,None,0.0,unknown
1763612264.8652253,0,0.026000000000000002,0.5,0,1,1,136.84,142.6000000000044,127.05000000000001,None,None,None,0.0,unknown
1763612264.9575455,0,0.026000000000000002,0.5,0,0,1,136.77,142.5000000000044,127.05000000000001,None,None,None,0.0,unknown
1763612265.128592,0,0.025,0.5,1,0,1,136.7,142.4000000000044,127.25,None,None,None,0.0,unknown
1763612265.2809777,0,0.026000000000000002,0.5,1,0,1,136.63,142.30000000000442,127.30000000000001,None,None,None,0.0,unknown
1763612265.3343897,0,0.025,0.5,0,0,1,136.39,142.20000000000442,127.65,None,None,None,0.0,unknown
1763612265.3776362,0,0.025,0.5,0,0,1,136.2,142.10000000000443,128.0,None,None,None,0.0,unknown
1763612265.4081948,0,0.025,0.5,0,0,1,136.01,142.00000000000443,128.65,None,None,None,0.0,unknown
1763612265.483601,0,0.026000000000000002,0.5,1,0,1,135.77,141.90000000000444,129.15,None,None,None,0.0,unknown
1763612265.654293,0,0.027000000000000003,0.5,1,0,1,135.53,141.80000000000445,129.65,None,None,None,0.0,unknown
1763612265.7999427,0,0.028,0.5,1,0,1,135.29,141.70000000000445,130.05,None,None,None,0.0,unknown
1763612265.977275,0,0.028,0.5,1,0,1,135.05,141.60000000000446,130.5,None,None,None,0.0,unknown
1763612266.0663345,0,0.028,0.5,0,1,1,134.81,141.50000000000446,130.9,None,None,None,0.0,unknown
1763612266.0764554,0,0.026000000000000002,0.5,0,0,1,134.57,141.40000000000447,131.25,None,None,None,0.0,unknown
1763612266.091603,0,0.028,0.5,1,1,1,134.33,141.30000000000447,131.6,None,None,None,0.0,unknown
1763612266.1604214,0,0.029,0.5,1,0,1,134.05,141.20000000000448,132.1,None,None,None,0.0,unknown
1763612266.2779572,0,0.029,0.5,1,0,1,133.98,141.10000000000448,132.2,None,None,None,0.0,unknown
1763612266.4452534,0,0.029,0.5,0,0,1,133.91,141.0000000000045,132.35,None,None,None,0.0,unknown
1763612266.4770913,0,0.029,0.5,0,0,1,133.84,140.9000000000045,132.45,None,None,None,0.0,unknown
1763612266.5510051,0,0.028,0.5,0,0,1,133.77,140.8000000000045,132.4,None,None,None,0.0,unknown
1763612266.666056,0,0.028,0.5,1,0,1,133.7,140.7000000000045,132.5,None,None,None,0.0,unknown
1763612266.7103386,0,0.028,0.5,1,0,1,133.63,140.6000000000045,132.55,None,None,None,0.0,unknown
1763612266.9452891,0,0.027000000000000003,0.5,0,0,1,133.56,140.50000000000452,132.65,None,None,None,0.0,unknown
1763612267.0130968,0,0.026000000000000002,0.5,0,0,1,133.49,140.40000000000452,132.7,None,None,None,0.0,unknown
1763612267.1631122,0,0.026000000000000002,0.5,2,0,1,133.42,140.30000000000453,132.8,None,None,None,0.0,unknown
1763612267.4551647,0,0.027000000000000003,0.5,1,0,1,133.18,140.20000000000454,132.95,None,None,None,0.0,unknown
1763612267.5008128,0,0.028,0.5,1,0,1,132.94,140.10000000000454,133.5,None,None,None,0.0,unknown
1763612267.6029725,0,0.028,0.5,0,0,1,132.7,140.00000000000455,134.05,None,None,None,0.0,unknown
1763612267.7275777,0,0.027000000000000003,0.5,0,0,1,132.46,139.90000000000455,134.4,None,None,None,0.0,unknown
1763612267.774881,0,0.027000000000000003,0.5,0,0,1,132.22,139.80000000000456,134.65,None,None,None,0.0,unknown
1763612267.9695559,0,0.026000000000000002,0.5,0,0,1,132.03,139.70000000000456,135.05,None,None,None,0.0,unknown
1763612268.0602396,0,0.027000000000000003,0.5,1,0,1,131.79,139.60000000000457,135.5,None,None,None,0.0,unknown
1763612268.0997124,0,0.028,0.5,1,0,1,131.6,139.50000000000458,135.85,None,None,None,0.0,unknown
1763612268.2285414,0,0.028,0.5,0,0,1,131.36,139.40000000000458,136.25,None,None,None,0.0,unknown
1763612268.3944871,0,0.030000000000000002,0.5,2,0,1,131,139.3000000000046,136.6,None,None,None,0.0,unknown
1763612268.4604077,0,0.031000000000000003,0.5,1,1,1,130.81,139.2000000000046,136.9,None,None,None,0.0,unknown
1763612268.5404015,0,0.031000000000000003,0.5,1,0,1,130.69,139.1000000000046,136.85,None,None,None,0.0,unknown
1763612268.6262598,0,0.032,0.5,1,0,1,130.57,139.0000000000046,136.8,None,None,None,0.0,unknown
1763612268.6849704,0,0.033,0.5,1,0,1,130.45,138.9000000000046,136.8,None,None,None,0.0,unknown
1763612268.8909626,0,0.035,0.5,1,1,1,130.33,138.80000000000462,136.75,None,None,None,0.0,unknown
1763612268.9822426,0,0.035,0.5,1,0,1,130.21,138.70000000000462,136.75,None,None,None,0.0,unknown
1763612269.1686025,0,0.036000000000000004,0.5,1,1,1,130.09,138.60000000000463,136.7,None,None,None,0.0,unknown
1763612269.2488637,0,0.038,0.5,1,1,1,129.97,138.50000000000463,136.65,None,None,None,0.0,unknown
1763612269.3152087,0,0.038,0.5,0,0,1,129.85,138.40000000000464,136.7,None,None,None,0.0,unknown
1763612269.3451123,0,0.04,0.5,1,1,1,129.73,138.30000000000464,136.75,None,None,None,0.0,unknown
1763612269.3556967,0,0.041,0.5,1,1,1,129.61,138.20000000000465,136.75,None,None,None,0.0,unknown
1763612269.3657684,0,0.045000000000000005,0.5,2,2,1,129.49,138.10000000000466,136.6,None,None,None,0.0,unknown
1763612269.375884,0,0.046,0.5,1,0,1,129.37,138.00000000000466,136.55,None,None,None,0.0,unknown
1763612269.3859887,0,0.047,0.5,2,0,1,129.25,137.90000000000467,136.4,None,None,None,0.0,unknown
1763612269.4618793,0,0.05,0.5,1,2,1,129.13,137.80000000000467,136.45,None,None,None,0.0,unknown
1763612269.578781,0,0.048,0.5,0,0,1,129.01,137.70000000000468,136.45,None,None,None,0.0,unknown
1763612269.590394,0,0.048,0.5,1,0,1,128.89,137.60000000000468,136.45,None,None,None,0.0,unknown
1763612269.677535,0,0.05,0.5,2,0,1,128.77,137.5000000000047,136.4,None,None,None,0.0,unknown
1763612269.9278665,0,0.053000000000000005,0.5,3,1,1,128.65,137.4000000000047,136.55,None,None,None,0.0,unknown
1763612270.021756,0,0.053000000000000005,0.5,1,0,1,128.53,137.3000000000047,136.55,None,None,None,0.0,unknown
1763612270.0897744,0,0.054,0.5,1,0,1,128.41,137.2000000000047,136.55,None,None,None,0.0,unknown
1763612270.274653,0,0.055,0.5,1,0,1,128.29,137.1000000000047,136.6,None,None,None,0.0,unknown
1763612270.4028575,0,0.056,0.5,1,0,1,128.17,137.00000000000472,136.65,None,None,None,0.0,unknown
1763612270.5859237,0,0.056,0.5,1,0,1,128.05,136.90000000000472,136.8,None,None,None,0.0,unknown
1763612270.6682484,0,0.058,0.5,1,2,1,127.93,136.80000000000473,136.9,None,None,None,0.0,unknown
1763612270.8014112,0,0.059000000000000004,0.5,2,0,1,127.81,136.70000000000474,137.0,None,None,None,0.0,unknown
1763612271.0048578,0,0.059000000000000004,0.5,0,1,1,127.69,136.60000000000474,137.1,None,None,None,0.0,unknown
1763612271.1041596,0,0.060000000000000005,0.5,2,0,1,127.57,136.50000000000475,137.1,None,None,None,0.0,unknown
1763612271.1962829,0,0.062,0.5,2,0,1,127.45,136.40000000000475,137.15,None,None,None,0.0,unknown
1763612271.3219154,0,0.063,0.5,2,1,1,127.33,136.30000000000476,137.15,None,None,None,0.0,unknown
1763612271.3547075,0,0.062,0.5,0,0,1,127.21,136.20000000000476,137.05,None,None,None,0.0,unknown
1763612271.4680932,0,0.063,0.5,2,0,1,127.09,136.10000000000477,137.1,None,None,None,0.0,unknown
1763612271.6463573,0,0.064,0.5,1,0,1,126.97,136.00000000000477,137.15,None,None,None,0.0,unknown
1763612271.7207348,0,0.066,0.5,2,0,1,126.85,135.90000000000478,137.1,None,None,None,0.0,unknown
1763612271.9395177,0,0.069,0.5,3,0,1,126.73,135.8000000000048,136.95,None,None,None,0.0,unknown
1763612272.0731544,0,0.069,0.5,1,0,1,126.61,135.7000000000048,137.0,None,None,None,0.0,unknown
1763612272.111211,0,0.068,0.5,0,0,1,126.49,135.6000000000048,136.89999999999998,None,None,None,0.0,unknown
1763612272.1549852,0,0.069,0.5,1,0,1,126.37,135.5000000000048,136.9,None,None,None,0.0,unknown
1763612272.3367045,0,0.07,0.5,1,0,1,126.25,135.4000000000048,136.85,None,None,None,0.0,unknown
1763612272.5006924,0,0.07100000000000001,0.5,2,1,1,126.13,135.30000000000481,136.8,None,None,None,0.0,unknown
1763612272.5878494,0,0.07200000000000001,0.5,2,0,1,126.01,135.20000000000482,136.8,None,None,None,0.0,unknown
1763612272.6797025,0,0.07300000000000001,0.5,1,1,1,125.89,135.10000000000483,136.75,None,None,None,0.0,unknown
1763612272.8052993,0,0.075,0.5,1,1,1,125.77,135.00000000000483,136.75,None,None,None,0.0,unknown
1763612272.9388735,0,0.077,0.5,2,0,1,125.65,134.90000000000484,136.65,None,None,None,0.0,unknown
1763612272.996763,0,0.078,0.5,1,0,1,125.53,134.80000000000484,136.6,None,None,None,0.0,unknown
1763612273.104157,0,0.08,0.5,1,1,1,125.41,134.70000000000485,136.55,None,None,None,0.0,unknown
1763612273.170027,0,0.079,0.5,0,0,1,125.29,134.60000000000485,136.5,None,None,None,0.0,unknown
1763612273.1804292,0,0.078,0.5,0,0,1,125.17,134.50000000000486,136.5,None,None,None,0.0,unknown
1763612273.2692904,0,0.079,0.5,0,1,1,125.05,134.40000000000487,136.45,None,None,None,0.0,unknown
1763612273.3565123,0,0.078,0.5,1,0,1,124.93,134.30000000000487,136.4,None,None,None,0.0,unknown
1763612273.439276,0,0.078,0.5,2,0,1,124.81,134.20000000000488,136.35000000000002,None,None,None,0.0,unknown
1763612273.5183268,0,0.078,0.5,1,0,1,124.69,134.10000000000488,136.25,None,None,None,0.0,unknown
1763612273.5547402,0,0.077,0.5,0,0,1,124.57,134.0000000000049,136.25,None,None,None,0.0,unknown
1763612273.6421995,0,0.078,0.5,1,1,1,124.4,133.9000000000049,136.14999999999998,None,None,None,0.0,unknown
1763612273.6675725,0,0.077,0.5,1,0,1,124.28,133.8000000000049,136.2,None,None,None,0.0,unknown
1763612273.681524,0,0.077,0.5,1,0,1,124.16,133.7000000000049,136.25,None,None,None,0.0,unknown
1763612273.7585125,0,0.076,0.5,1,0,1,124.04,133.6000000000049,136.3,None,None,None,0.0,unknown
1763612273.9406347,0,0.075,0.5,1,0,1,123.92,133.50000000000492,136.2,None,None,None,0.0,unknown
1763612274.0904846,0,0.075,0.5,0,0,1,123.8,133.40000000000492,136.2,None,None,None,0.0,unknown
1763612274.176915,0,0.074,0.5,0,1,1,123.68,133.30000000000493,136.15,None,None,None,0.0,unknown
1763612274.205148,0,0.07300000000000001,0.5,1,0,1,123.56,133.20000000000493,136.1,None,None,None,0.0,unknown
1763612274.2825975,0,0.07100000000000001,0.5,1,1,1,123.44,133.10000000000494,136.05,None,None,None,0.0,unknown
1763612274.399499,0,0.07100000000000001,0.5,1,0,1,123.32,133.00000000000495,135.95,None,None,None,0.0,unknown
1763612274.4505103,0,0.069,0.5,0,0,1,123.2,132.90000000000495,135.8,None,None,None,0.0,unknown
1763612274.51309,0,0.066,0.5,0,0,1,123.08,132.80000000000496,135.8,None,None,None,0.0,unknown
1763612274.5713863,0,0.067,0.5,1,0,1,122.96,132.70000000000496,135.85000000000002,None,None,None,0.0,unknown
1763612274.7628744,0,0.066,0.5,0,0,1,122.84,132.60000000000497,135.85,None,None,None,0.0,unknown
1763612274.9670832,0,0.064,0.5,0,0,1,122.72,132.50000000000497,135.85,None,None,None,0.0,unknown
1763612275.0891886,0,0.062,0.5,1,1,1,122.6,132.40000000000498,135.7,None,None,None,0.0,unknown
1763612275.1987824,0,0.062,0.5,0,1,1,122.48,132.30000000000499,135.75,None,None,None,0.0,unknown
1763612275.2671509,0,0.061000000000000006,0.5,0,0,1,122.36,132.200000000005,135.7,None,None,None,0.0,unknown
1763612275.4015493,0,0.062,0.5,0,2,1,122.24,132.100000000005,135.75,None,None,None,0.0,unknown
1763612275.4607892,0,0.061000000000000006,0.5,0,0,1,122.12,132.000000000005,135.6,None,None,None,0.0,unknown
1763612275.5274642,0,0.061000000000000006,0.5,1,0,1,122,131.900000000005,135.55,None,None,None,0.0,unknown
1763612275.6698189,0,0.058,0.5,0,0,1,121.88,131.800000000005,135.5,None,None,None,0.0,unknown
1763612275.7864988,0,0.056,0.5,0,0,1,121.76,131.70000000000502,135.45,None,None,None,0.0,unknown
1763612275.8674939,0,0.055,0.5,0,0,1,121.64,131.60000000000502,135.5,None,None,None,0.0,unknown
1763612275.964764,0,0.054,0.5,1,0,1,121.52,131.50000000000503,135.4,None,None,None,0.0,unknown
1763612276.0230942,0,0.054,0.5,1,1,1,121.4,131.40000000000504,135.45,None,None,None,0.0,unknown
1763612276.0699415,0,0.055,0.5,3,1,1,121.28,131.30000000000504,135.45,None,None,None,0.0,unknown
1763612276.2552435,0,0.058,0.5,1,2,1,121.16,131.20000000000505,135.45,None,None,None,0.0,unknown
1763612276.354653,0,0.057,0.5,0,1,1,121.04,131.10000000000505,135.55,None,None,None,0.0,unknown
1763612276.456899,0,0.056,0.5,0,0,1,120.92,131.00000000000506,135.5,None,None,None,0.0,unknown
1763612276.5602062,0,0.056,0.5,2,0,1,120.8,130.90000000000506,135.5,None,None,None,0.0,unknown
1763612276.6506696,0,0.054,0.5,1,0,1,120.68,130.80000000000507,135.35,None,None,None,0.0,unknown
1763612276.7763188,0,0.054,0.5,1,0,1,120.56,130.70000000000508,135.35,None,None,None,0.0,unknown
1763612276.8425758,0,0.055,0.5,1,0,1,120.44,130.60000000000508,135.4,None,None,None,0.0,unknown
1763612276.8807821,0,0.055,0.5,0,1,1,120.32,130.5000000000051,135.3,None,None,None,0.0,unknown
1763612277.0265157,0,0.054,0.5,0,0,1,120.2,130.4000000000051,135.2,None,None,None,0.0,unknown
1763612277.1021588,0,0.052000000000000005,0.5,1,0,1,120.08,130.3000000000051,135.2,None,None,None,0.0,unknown
1763612277.238888,0,0.05,0.5,0,0,1,119.96,130.2000000000051,135.2,None,None,None,0.0,unknown
1763612277.3086166,0,0.048,0.5,0,0,1,119.84,130.1000000000051,135.1,None,None,None,0.0,unknown
1763612277.403335,0,0.047,0.5,1,0,1,119.72,130.00000000000512,135.14999999999998,None,None,None,0.0,unknown
1763612277.5591617,0,0.045000000000000005,0.5,0,0,1,119.6,129.90000000000512,135.25,None,None,None,0.0,unknown
1763612277.6549754,0,0.045000000000000005,0.5,0,1,1,119.48,129.80000000000513,135.25,None,None,None,0.0,unknown
1763612277.7350671,0,0.044000000000000004,0.5,0,1,1,119.36,129.70000000000513,135.25,None,None,None,0.0,unknown
1763612277.8304374,0,0.045000000000000005,0.5,1,0,1,119.24,129.60000000000514,135.2,None,None,None,0.0,unknown
1763612277.9636247,0,0.046,0.5,1,0,1,119.12,129.50000000000514,135.15,None,None,None,0.0,unknown
1763612278.018618,0,0.046,0.5,1,0,1,119,129.40000000000515,135.05,None,None,None,0.0,unknown
1763612278.149354,0,0.047,0.5,1,1,1,118.91,129.30000000000516,134.95,None,None,None,0.0,unknown
1763612278.2891054,0,0.048,0.5,2,1,1,118.77,129.20000000000516,134.9,None,None,None,0.0,unknown
1763612278.445643,0,0.052000000000000005,0.5,3,2,1,118.63,129.10000000000517,134.8,None,None,None,0.0,unknown
1763612278.508007,0,0.055,0.5,1,2,1,118.54,129.00000000000517,134.9,None,None,None,0.0,unknown
1763612278.6545582,0,0.053,0.5,0,0,1,118.45,128.90000000000518,134.9,None,None,None,0.0,unknown
1763612278.6971774,0,0.053,0.5,1,0,1,118.36,128.80000000000518,134.9,None,None,None,0.0,unknown
1763612278.8466632,0,0.053,0.5,1,0,1,118.27,128.7000000000052,134.85,None,None,None,0.0,unknown
1763612278.9742632,0,0.054,0.5,1,1,1,118.18,128.6000000000052,134.85,None,None,None,0.0,unknown
1763612279.013,0,0.054,0.5,0,1,1,118.04,128.5000000000052,134.75,None,None,None,0.0,unknown
1763612279.0655804,0,0.056,0.5,1,1,1,117.9,128.4000000000052,134.6,None,None,None,0.0,unknown
1763612279.1845617,0,0.058,0.5,1,2,1,117.81,128.3000000000052,134.55,None,None,None,0.0,unknown
1763612279.3042314,0,0.058,0.5,1,0,1,117.72,128.20000000000522,134.60000000000002,None,None,None,0.0,unknown
1763612279.5087628,0,0.058,0.5,2,0,1,117.63,128.10000000000522,134.6,None,None,None,0.0,unknown
1763612279.6183276,0,0.059000000000000004,0.5,1,1,1,117.54,128.00000000000523,134.7,None,None,None,0.0,unknown
1763612279.6780918,0,0.062,0.5,2,1,1,117.45,127.90000000000524,134.64999999999998,None,None,None,0.0,unknown
1763612279.8657243,0,0.064,0.5,1,1,1,117.36,127.80000000000524,134.55,None,None,None,0.0,unknown
1763612279.9015117,0,0.066,0.5,2,1,1,117.22,127.70000000000525,134.45,None,None,None,0.0,unknown
1763612280.0626738,0,0.066,0.5,0,0,1,117.08,127.60000000000525,134.5,None,None,None,0.0,unknown
1763612280.1491036,0,0.067,0.5,0,1,1,116.99,127.50000000000526,134.55,None,None,None,0.0,unknown
1763612280.2740157,0,0.066,0.5,0,1,1,116.85,127.40000000000526,134.45,None,None,None,0.0,unknown
1763612280.3468127,0,0.067,0.5,1,1,1,116.76,127.30000000000527,134.4,None,None,None,0.0,unknown
1763612280.4438155,0,0.068,0.5,1,0,1,116.62,127.20000000000528,134.35000000000002,None,None,None,0.0,unknown
1763612280.5054893,0,0.067,0.5,0,1,1,116.48,127.10000000000528,134.2,None,None,None,0.0,unknown
1763612280.6035132,0,0.068,0.5,1,0,1,116.34,127.00000000000529,134.2,None,None,None,0.0,unknown
1763612280.7658527,0,0.068,0.5,1,0,1,116.25,126.90000000000529,134.1,None,None,None,0.0,unknown
1763612280.8262792,0,0.068,0.5,0,0,1,116.11,126.8000000000053,134.05,None,None,None,0.0,unknown
1763612280.904337,0,0.069,0.5,1,0,1,115.97,126.7000000000053,134.05,None,None,None,0.0,unknown
1763612280.9165027,0,0.07,0.5,0,1,1,115.88,126.60000000000531,134.15,None,None,None,0.0,unknown
1763612280.9415047,0,0.07,0.5,0,1,1,115.79,126.50000000000531,134.1,None,None,None,0.0,unknown
1763612281.111723,0,0.068,0.5,0,0,1,115.7,126.40000000000532,134.2,None,None,None,0.0,unknown
1763612281.171434,0,0.067,0.5,1,2,1,115.61,126.30000000000533,134.1,None,None,None,0.0,unknown
1763612281.3473842,0,0.066,0.5,1,1,1,115.47,126.20000000000533,134.25,None,None,None,0.0,unknown
1763612281.4962783,0,0.067,0.5,2,0,1,115.38,126.10000000000534,134.25,None,None,None,0.0,unknown
1763612281.610412,0,0.069,0.5,1,1,1,115.29,126.00000000000534,134.3,None,None,None,0.0,unknown
1763612281.8858943,0,0.067,0.5,0,0,1,115.2,125.90000000000535,134.3,None,None,None,0.0,unknown
1763612281.9787247,0,0.067,0.5,1,0,1,115.11,125.80000000000535,134.39999999999998,None,None,None,0.0,unknown
1763612282.056339,0,0.068,0.5,1,1,1,114.97,125.70000000000536,134.35,None,None,None,0.0,unknown
1763612282.2309234,0,0.067,0.5,0,0,1,114.83,125.60000000000537,134.3,None,None,None,0.0,unknown
1763612282.2761493,0,0.069,0.5,2,1,1,114.74,125.50000000000537,134.25,None,None,None,0.0,unknown
1763612282.3846161,0,0.07200000000000001,0.5,2,1,1,114.65,125.40000000000538,134.3,None,None,None,0.0,unknown
1763612282.5596137,0,0.073,0.5,1,1,1,114.56,125.30000000000538,134.25,None,None,None,0.0,unknown
1763612282.7112534,0,0.075,0.5,1,1,1,114.47,125.20000000000539,134.25,None,None,None,0.0,unknown
1763612282.8840148,0,0.076,0.5,1,0,1,114.33,125.1000000000054,134.3,None,None,None,0.0,unknown
1763612283.09651,0,0.076,0.5,1,0,1,114.24,125.0000000000054,134.25,None,None,None,0.0,unknown
1763612283.2508726,0,0.076,0.5,0,0,1,114.1,124.9000000000054,134.25,None,None,None,0.0,unknown
1763612283.4037743,0,0.075,0.5,0,0,1,113.96,124.80000000000541,134.2,None,None,None,0.0,unknown
1763612283.575695,0,0.075,0.5,0,1,1,113.82,124.70000000000542,134.3,None,None,None,0.0,unknown
1763612283.624415,0,0.075,0.5,1,0,1,113.68,124.60000000000542,134.4,None,None,None,0.0,unknown
1763612283.7628272,0,0.075,0.5,1,0,1,113.54,124.50000000000543,134.45,None,None,None,0.0,unknown
1763612283.9043033,0,0.076,0.5,2,0,1,113.45,124.40000000000543,134.45,None,None,None,0.0,unknown
1763612283.9897523,0,0.077,0.5,2,1,1,113.36,124.30000000000544,134.5,None,None,None,0.0,unknown
1763612284.0244987,0,0.075,0.5,1,0,1,113.27,124.20000000000545,134.45,None,None,None,0.0,unknown
1763612284.2511044,0,0.07200000000000001,0.5,1,1,1,113.18,124.10000000000545,134.5,None,None,None,0.0,unknown
1763612284.3235269,0,0.07100000000000001,0.5,1,1,1,113.09,124.00000000000546,134.5,None,None,None,0.0,unknown
1763612284.4123435,0,0.07200000000000001,0.5,1,0,1,113,123.90000000000546,134.60000000000002,None,None,None,0.0,unknown
1763612284.5145617,0,0.07100000000000001,0.5,0,0,1,112.86,123.80000000000547,134.5,None,None,None,0.0,unknown
1763612284.5444608,0,0.07200000000000001,0.5,0,2,1,112.77,123.70000000000547,134.4,None,None,None,0.0,unknown
1763612284.7226536,0,0.07,0.5,0,0,1,112.68,123.60000000000548,134.25,None,None,None,0.0,unknown
1763612284.837579,0,0.07100000000000001,0.5,1,1,1,112.59,123.50000000000549,134.25,None,None,None,0.0,unknown
1763612285.0018044,0,0.07,0.5,1,0,1,112.5,123.40000000000549,134.2,None,None,None,0.0,unknown
1763612285.0600536,0,0.068,0.5,1,0,1,112.36,123.3000000000055,134.3,None,None,None,0.0,unknown
1763612285.3198714,0,0.068,0.5,1,0,1,112.22,123.2000000000055,134.45,None,None,None,0.0,unknown
1763612285.4081914,0,0.066,0.5,0,0,1,112.13,123.10000000000551,134.39999999999998,None,None,None,0.0,unknown
1763612285.5209975,0,0.067,0.5,2,1,1,111.99,123.00000000000551,134.45,None,None,None,0.0,unknown
1763612285.6317427,0,0.065,0.5,1,0,1,111.9,122.90000000000552,134.5,None,None,None,0.0,unknown
1763612285.7729018,0,0.063,0.5,0,0,1,111.76,122.80000000000553,134.5,None,None,None,0.0,unknown
1763612285.9055226,0,0.062,0.5,2,0,1,111.62,122.70000000000553,134.55,None,None,None,0.0,unknown
1763612285.9497032,0,0.064,0.5,2,0,1,111.53,122.60000000000554,134.5,None,None,None,0.0,unknown
1763612286.0192056,0,0.063,0.5,0,0,1,111.39,122.50000000000554,134.45,None,None,None,0.0,unknown
1763612286.1352754,0,0.064,0.5,1,1,1,111.3,122.40000000000555,134.45,None,None,None,0.0,unknown
1763612286.2644892,0,0.064,0.5,1,1,1,111.16,122.30000000000555,134.4,None,None,None,0.0,unknown
1763612286.5072732,0,0.065,0.5,2,0,1,111.02,122.20000000000556,134.35,None,None,None,0.0,unknown
1763612286.6507277,0,0.065,0.5,1,0,1,110.88,122.10000000000556,134.25,None,None,None,0.0,unknown
1763612286.7646475,0,0.067,0.5,1,2,1,110.79,122.00000000000557,134.3,None,None,None,0.0,unknown
1763612286.8353293,0,0.068,0.5,2,0,1,110.65,121.90000000000558,134.35,None,None,None,0.0,unknown
1763612286.8686402,0,0.069,0.5,1,0,1,110.56,121.80000000000558,134.4,None,None,None,0.0,unknown
1763612286.9542332,0,0.07,0.5,2,0,1,110.47,121.70000000000559,134.3,None,None,None,0.0,unknown
1763612286.9942155,0,0.07100000000000001,0.5,1,1,1,110.38,121.6000000000056,134.25,None,None,None,0.0,unknown
1763612287.015385,0,0.07200000000000001,0.5,1,1,1,110.29,121.5000000000056,134.35000000000002,None,None,None,0.0,unknown
1763612287.0507956,0,0.07200000000000001,0.5,0,0,1,110.2,121.4000000000056,134.3,None,None,None,0.0,unknown
1763612287.2773633,0,0.07,0.5,1,0,1,110.11,121.30000000000561,134.25,None,None,None,0.0,unknown
1763612287.2967486,0,0.069,0.5,1,0,1,109.97,121.20000000000562,134.14999999999998,None,None,None,0.0,unknown
1763612287.412252,0,0.068,0.5,1,0,1,109.88,121.10000000000562,133.95,None,None,None,0.0,unknown
1763612287.4845943,0,0.066,0.5,0,0,1,109.79,121.00000000000563,134.0,None,None,None,0.0,unknown
1763612287.5284567,0,0.067,0.5,1,0,1,109.65,120.90000000000563,133.89999999999998,None,None,None,0.0,unknown
1763612287.5862055,0,0.067,0.5,1,0,1,109.51,120.80000000000564,134.05,None,None,None,0.0,unknown
1763612287.6460202,0,0.066,0.5,0,1,1,109.42,120.70000000000564,134.05,None,None,None,0.0,unknown
1763612287.7208471,0,0.068,0.5,1,1,1,109.33,120.60000000000565,134.0,None,None,None,0.0,unknown
1763612287.7825584,0,0.067,0.5,2,0,1,109.19,120.50000000000566,134.05,None,None,None,0.0,unknown
1763612287.9016638,0,0.065,0.5,1,0,1,109.1,120.40000000000566,134.0,None,None,None,0.0,unknown
1763612287.9492176,0,0.063,0.5,0,0,1,109.01,120.30000000000567,133.95,None,None,None,0.0,unknown
1763612288.0205173,0,0.061000000000000006,0.5,0,0,1,108.92,120.20000000000567,133.95,None,None,None,0.0,unknown
1763612288.217418,0,0.061000000000000006,0.5,0,1,1,108.78,120.10000000000568,133.95,None,None,None,0.0,unknown
1763612288.2472303,0,0.062,0.5,1,1,1,108.69,120.00000000000568,133.8,None,None,None,0.0,unknown
1763612288.365561,0,0.064,0.5,2,0,1,108.55,119.90000000000569,133.75,None,None,None,0.0,unknown
1763612288.5195453,0,0.066,0.5,2,0,1,108.46,119.8000000000057,133.7,None,None,None,0.0,unknown
1763612288.5463722,0,0.066,0.5,1,0,1,108.37,119.7000000000057,133.5,None,None,None,0.0,unknown
1763612288.6000438,0,0.066,0.5,1,0,1,108.28,119.6000000000057,133.5,None,None,None,0.0,unknown
1763612288.6783624,0,0.066,0.5,0,1,1,108.14,119.50000000000571,133.55,None,None,None,0.0,unknown
1763612288.7918441,0,0.065,0.5,1,0,1,108.05,119.40000000000572,133.65,None,None,None,0.0,unknown
1763612288.842707,0,0.063,0.5,1,0,1,108.05,119.30000000000572,133.65,None,None,None,0.0,unknown
1763612288.927245,0,0.065,0.5,2,1,1,108.1,119.20000000000573,133.7,None,None,None,0.0,unknown
1763612288.9928665,0,0.068,0.5,2,3,1,108.1,119.10000000000574,133.7,None,None,None,0.0,unknown
1763612289.0498042,0,0.07200000000000001,0.5,3,3,1,108.05,119.00000000000574,133.55,None,None,None,0.0,unknown
1763612289.2055874,0,0.076,0.5,3,2,1,108.05,118.90000000000575,133.4,None,None,None,0.0,unknown
1763612289.3645623,0,0.081,0.5,3,2,1,108.05,118.80000000000575,133.35,None,None,None,0.0,unknown
1763612289.4546278,0,0.083,0.5,2,2,1,108.05,118.70000000000576,133.3,None,None,None,0.0,unknown
1763612289.543127,0,0.08700000000000001,0.5,2,2,1,108,118.60000000000576,133.2,None,None,None,0.0,unknown
1763612289.7129197,0,0.09,0.5,3,2,1,108.05,118.50000000000577,133.25,None,None,None,0.0,unknown
1763612289.7592115,0,0.094,0.5,2,3,1,108.1,118.40000000000578,133.25,None,None,None,0.0,unknown
1763612289.8547013,0,0.098,0.5,3,2,1,108.05,118.30000000000578,133.25,None,None,None,0.0,unknown
1763612290.071759,0,0.10300000000000001,0.5,3,3,1,108,118.20000000000579,133.1,None,None,None,0.0,unknown
1763612290.1341896,0,0.105,0.5,2,0,1,107.95,118.10000000000579,133.0,None,None,None,0.0,unknown
1763612290.1584656,0,0.105,0.5,2,1,1,107.95,118.0000000000058,132.89999999999998,None,None,None,0.0,unknown
1763612290.2164636,0,0.108,0.5,2,2,1,107.95,117.9000000000058,132.95,None,None,None,0.0,unknown
1763612290.23087,0,0.111,0.5,2,1,1,107.95,117.80000000000581,132.85,None,None,None,0.0,unknown
1763612290.39924,0,0.114,0.5,3,2,1,108,117.70000000000582,132.95,None,None,None,0.0,unknown
1763612290.6310487,0,0.117,0.5,3,2,1,108.05,117.60000000000582,132.9,None,None,None,0.0,unknown
1763612290.7564723,0,0.12,0.5,2,1,1,108.05,117.50000000000583,132.8,None,None,None,0.0,unknown
1763612290.8058186,0,0.12,0.5,2,0,1,108.05,117.40000000000583,132.6,None,None,None,0.0,unknown
1763612290.8297012,0,0.124,0.5,3,3,1,108.05,117.30000000000584,132.6,None,None,None,0.0,unknown
1763612290.9252286,0,0.126,0.5,3,1,1,108.1,117.20000000000584,132.5,None,None,None,0.0,unknown
1763612291.0132236,0,0.128,0.5,2,1,1,108.1,117.10000000000585,132.5,None,None,None,0.0,unknown
1763612291.070569,0,0.13,0.5,3,2,1,108.15,117.00000000000585,132.55,None,None,None,0.0,unknown
1763612291.0981598,0,0.131,0.5,2,1,1,108.15,116.90000000000586,132.55,None,None,None,0.0,unknown
1763612291.2074878,0,0.133,0.5,2,1,1,108.2,116.80000000000587,132.5,None,None,None,0.0,unknown
1763612291.2653792,0,0.134,0.5,2,1,1,108.25,116.70000000000587,132.3,None,None,None,0.0,unknown
1763612291.2984333,0,0.138,0.5,3,3,1,108.25,116.60000000000588,132.14999999999998,None,None,None,0.0,unknown
1763612291.3504627,0,0.139,0.5,2,1,1,108.2,116.50000000000588,132.15,None,None,None,0.0,unknown
1763612291.4605749,0,0.14100000000000001,0.5,2,0,1,108.15,116.40000000000589,132.0,None,None,None,0.0,unknown
1763612291.4780722,0,0.143,0.5,2,1,1,108.15,116.3000000000059,131.95,None,None,None,0.0,unknown
1763612291.5304747,0,0.145,0.5,2,1,1,108.2,116.2000000000059,131.8,None,None,None,0.0,unknown
1763612291.6971476,0,0.146,0.5,2,0,1,108.2,116.1000000000059,131.8,None,None,None,0.0,unknown
1763612291.8124201,0,0.149,0.5,2,1,1,108.2,116.00000000000591,131.75,None,None,None,0.0,unknown
1763612292.0158243,0,0.15,0.5,2,0,1,108.2,115.90000000000592,131.64999999999998,None,None,None,108.2,unknown
1763612292.0861812,0,0.152,0.5,2,1,1,108.15,115.80000000000592,131.6,None,None,None,108.2,unknown
1763612292.2043996,0,0.155,0.5,2,2,1,108.2,115.70000000000593,131.45,0.0,None,0.153,108.2,unknown
1763612292.2632236,1763612292.3122816,0.154,0.5,1,0,1,108.2,115.60000000000593,131.45,0.07649989744570257,-0.006816481411162718,0.07700010255429743,108.2,overripe
1763612292.3979545,1763612292.3122816,0.154,0.5,1,1,1,108.15,115.50000000000594,131.5,0.045904742003298936,None,0.10784525799670105,108.2,unknown
1763612292.5073044,1763612292.3122816,0.156,0.5,1,2,1,108.1,115.40000000000595,131.45,0.025211754134636423,None,0.12966324586536357,108.2,unknown
1763612292.5394704,1763612292.3122816,0.159,0.5,2,1,1,108.05,115.30000000000595,131.45,0.012777012916629905,None,0.1441604870833701,108.2,unknown
1763612292.649481,1763612292.3122816,0.163,0.5,3,1,1,108.05,115.20000000000596,131.4,0.005964569188539111,None,0.1540041808114609,108.2,unknown
1763612292.7577002,1763612292.3122816,0.167,0.5,3,2,1,108.1,115.10000000000596,131.35,0.002604669903863707,None,0.1608797050961363,108.2,unknown
1763612292.8075562,1763612292.3122816,0.167,0.5,1,1,1,108.05,115.00000000000597,131.3,0.0006734275591045741,None,0.16456875994089545,108.2,unknown
1763612292.8426268,1763612292.3122816,0.169,0.5,3,1,1,108.05,114.90000000000597,131.35000000000002,-0.0003015504326806724,None,0.16742264418268069,108.2,unknown
1763612292.948816,1763612292.3122816,0.17,0.5,2,1,1,108.05,114.80000000000598,131.45,-0.0007889871138129458,None,0.16934953398881294,108.2,unknown
1763612292.9669645,1763612292.3122816,0.172,0.5,2,1,1,108.1,114.70000000000599,131.35,-0.0008182005397329369,None,0.17109847397723293,108.2,unknown
1763612293.0800636,1763612292.3122816,0.174,0.5,2,1,1,108.1,114.60000000000599,131.25,-0.0008316764189048565,None,0.17297181313765486,108.2,unknown
1763612293.2827387,1763612292.3122816,0.175,0.5,1,1,1,108.15,114.500000000006,131.1,-0.0006260187697270027,None,0.174196087129102,108.2,unknown
1763612293.373053,1763612292.3122816,0.175,0.5,1,0,1,108.1,114.400000000006,131.1,-0.0007340343759446949,None,0.17501906855563218,108.2,unknown
1763612293.5982099,1763612292.3122816,0.177,0.5,2,1,1,108.1,114.30000000000601,131.0,-0.0007867732241637927,None,0.17642929031400753,108.2,unknown
1763612293.7135284,1763612292.3122816,0.177,0.5,2,1,1,108.1,114.20000000000601,131.05,-0.0008118605933043625,None,0.17713311913822624,108.2,unknown
1763612293.7580078,1763612292.3122816,0.175,0.5,1,2,1,108.05,114.10000000000602,130.95,-0.0010322864952639415,None,0.17669291576772486,108.2,unknown
1763612293.8105037,1763612292.3122816,0.171,0.5,2,0,1,108,114.00000000000603,130.9,-0.0013478427303952648,None,0.17467815736662573,108.2,unknown
1763612293.846605,1763612292.3122816,0.169,0.5,2,1,1,107.95,113.90000000000603,130.89999999999998,-0.0017075519756332052,None,0.17287270929374846,108.2,unknown
1763612293.9706411,1763612292.3122816,0.168,0.5,3,1,1,108,113.80000000000604,130.95,-0.0016727087570065158,None,0.17125528741606413,108.2,unknown
1763612294.2575493,1763612292.3122816,0.165,0.5,1,0,1,108,113.70000000000604,131.05,-0.0016501773677057865,None,0.1689414666972346,108.2,unknown
1763612294.343138,1763612292.3122816,0.162,0.5,1,0,1,108,113.60000000000605,131.1,-0.0016337519675646056,None,0.166279396632329,108.2,unknown
1763612294.3987217,1763612292.3122816,0.159,0.5,2,0,1,108,113.50000000000605,131.15,-0.001620350417258579,None,0.1634431727496408,108.2,unknown
1763612294.519236,1763612292.3122816,0.157,0.5,2,1,1,107.95,113.40000000000606,131.15,-0.001809314863417063,None,0.16122072602960819,108.2,unknown
1763612294.5333087,1763612292.3122816,0.155,0.5,2,1,1,107.95,113.30000000000607,131.05,-0.001895014495675713,None,0.15910072007877127,108.2,unknown
1763612294.6149333,1763612292.3122816,0.151,0.5,1,1,1,108,113.20000000000607,130.95,-0.0017314022164334724,None,0.15583425500798126,108.2,unknown
1763612294.7057524,1763612292.3122816,0.15,0.5,1,0,1,108,113.10000000000608,130.9,-0.0016449680215355218,None,0.15369639441730942,108.2,unknown
1763612294.7647038,1763612292.3122816,0.15,0.5,2,1,1,108,113.00000000000608,130.8,-0.0015966945707433166,None,0.15262240776863026,108.2,unknown
1763612294.9281323,1763612292.3122816,0.148,0.5,2,0,1,108,112.90000000000609,130.7,None,None,None,108.2,unknown
1763612294.9711072,1763612292.3122816,0.148,0.5,2,1,1,108.05,112.8000000000061,130.65,None,None,None,108.2,unknown
1763612295.2170794,1763612292.3122816,0.145,0.5,1,1,1,108.05,112.7000000000061,130.6,None,None,None,108.2,unknown
1763612295.3725355,1763612292.3122816,0.143,0.5,1,2,1,108.05,112.6000000000061,130.6,None,None,None,108.2,unknown
1763612295.4855764,1763612292.3122816,0.141,0.5,0,1,1,108.1,112.50000000000611,130.7,None,None,None,108.2,unknown
1763612295.8421602,1763612292.3122816,0.141,0.5,1,1,1,108.05,112.40000000000612,130.7,None,None,None,108.2,unknown
1763612295.9515347,1763612292.3122816,0.136,0.5,0,1,1,108.1,112.30000000000612,130.65,None,None,None,108.2,unknown
1763612296.1217782,1763612292.3122816,0.132,0.5,0,0,1,108.1,112.20000000000613,130.75,None,None,None,108.2,unknown
1763612296.183249,1763612292.3122816,0.13,0.5,0,1,1,108.15,112.10000000000613,130.8,None,None,None,108.2,unknown
1763612296.2587867,1763612292.3122816,0.127,0.5,0,2,1,108.1,112.00000000000614,130.75,None,None,None,108.2,unknown
1763612296.2940123,1763612292.3122816,0.125,0.5,0,1,1,108.1,111.90000000000614,130.55,None,None,None,108.2,unknown
1763612296.3142498,1763612292.3122816,0.123,0.5,0,1,1,108.05,111.80000000000615,130.5,None,None,None,108.2,unknown
1763612296.4358456,1763612292.3122816,0.121,0.5,0,1,1,108.05,111.70000000000616,130.55,None,None,None,108.2,unknown
1763612296.4662254,1763612292.3122816,0.116,0.5,0,1,1,108.05,111.60000000000616,130.45,None,None,None,108.2,unknown
1763612296.5252964,1763612292.3122816,0.114,0.5,0,1,1,108.05,111.50000000000617,130.35,None,None,None,108.2,unknown
1763612296.7002769,1763612292.3122816,0.113,0.5,0,1,1,108,111.40000000000617,130.3,None,None,None,108.2,unknown
1763612296.8504684,1763612292.3122816,0.11,0.5,0,0,1,108,111.30000000000618,130.45,None,None,None,108.2,unknown
1763612296.9725645,1763612292.3122816,0.109,0.5,1,1,1,108.05,111.20000000000618,130.39999999999998,None,None,None,108.2,unknown
1763612297.1127107,1763612292.3122816,0.108,0.5,0,1,1,108.05,111.10000000000619,130.4,None,None,None,108.2,unknown
1763612297.1689315,1763612292.3122816,0.106,0.5,0,1,1,108.05,111.0000000000062,130.35,None,None,None,108.2,unknown
1763612297.4282787,1763612292.3122816,0.104,0.5,0,0,1,108.05,110.9000000000062,130.3,None,None,None,108.2,unknown
1763612297.563234,1763612292.3122816,0.10300000000000001,0.5,1,1,1,108.1,110.80000000000621,130.25,None,None,None,108.2,unknown
1763612297.6544397,1763612292.3122816,0.099,0.5,0,0,1,108.1,110.70000000000621,130.15,None,None,None,108.2,unknown
1763612297.8360856,1763612292.3122816,0.099,0.5,0,1,1,108.05,110.60000000000622,130.05,None,None,None,108.2,unknown
1763612297.9535968,1763612292.3122816,0.097,0.5,0,0,1,108.05,110.50000000000622,130.05,None,None,None,108.2,unknown
1763612298.0465097,1763612292.3122816,0.096,0.5,0,2,1,108.05,110.40000000000623,130.15,None,None,None,108.2,unknown
1763612298.172423,1763612292.3122816,0.094,0.5,0,1,1,108.05,110.30000000000624,130.2,None,None,None,108.2,unknown
1763612298.2166424,1763612292.3122816,0.091,0.5,0,1,1,108.05,110.20000000000624,130.1,None,None,None,108.2,unknown
1763612298.2793028,1763612292.3122816,0.08700000000000001,0.5,0,1,1,108.1,110.10000000000625,130.0,None,None,None,108.2,unknown
1763612298.4831824,1763612292.3122816,0.08700000000000001,0.5,0,2,1,108.05,110.00000000000625,130.1,None,None,None,108.2,unknown
1763612298.650972,1763612292.3122816,0.085,0.5,0,2,1,108.1,109.90000000000626,130.1,None,None,None,108.2,unknown
1763612298.7451332,1763612292.3122816,0.085,0.5,0,3,1,108.1,109.80000000000626,130.2,None,None,None,108.2,unknown
1763612298.8840523,1763612292.3122816,0.083,0.5,0,1,1,108.05,109.70000000000627,130.2,None,None,None,108.2,unknown
1763612298.9286938,1763612292.3122816,0.082,0.5,1,1,1,108,109.60000000000628,130.2,None,None,None,108.2,unknown
1763612298.9389997,1763612292.3122816,0.082,0.5,0,2,1,108.05,109.50000000000628,130.15,None,None,None,108.2,unknown
1763612298.9583528,1763612292.3122816,0.083,0.5,0,2,1,108.05,109.40000000000629,130.05,None,None,None,108.2,unknown
1763612299.0167553,1763612292.3122816,0.08,0.5,0,0,1,108.05,109.30000000000629,130.15,None,None,None,108.2,unknown
1763612299.2154734,1763612292.3122816,0.084,0.5,1,6,1,107.86,109.2000000000063,130.1,None,None,None,108.2,unknown
1763612299.4471521,1763612292.3122816,0.088,0.5,2,5,1,107.72,109.1000000000063,129.95,None,None,None,108.2,unknown
1763612299.5623446,1763612292.3122816,0.094,0.5,3,5,1,107.58,109.00000000000631,129.89999999999998,None,None,None,108.2,unknown
1763612299.6297355,1763612292.3122816,0.097,0.5,2,4,1,107.39,108.90000000000632,129.85000000000002,None,None,None,108.2,unknown
1763612299.7129068,1763612292.3122816,0.098,0.5,1,4,1,107.2,108.80000000000632,129.60000000000002,None,None,None,108.2,unknown
1763612299.7812507,1763612292.3122816,0.101,0.5,1,3,1,107.01,108.70000000000633,129.45,None,None,None,108.2,unknown
1763612299.812211,1763612292.3122816,0.107,0.5,1,6,1,106.87,108.60000000000633,129.4,None,None,None,108.2,unknown
1763612299.9038782,1763612292.3122816,0.111,0.5,3,3,1,106.63,108.50000000000634,129.25,None,None,None,108.2,unknown
1763612300.048806,1763612292.3122816,0.112,0.5,0,4,1,106.44,108.40000000000634,129.1,None,None,None,108.2,unknown
1763612300.09567,1763612292.3122816,0.114,0.5,0,5,1,106.3,108.30000000000635,129.05,None,None,None,108.2,unknown
1763612300.1184285,1763612292.3122816,0.119,0.5,2,5,1,106.16,108.20000000000636,129.05,None,None,None,108.2,unknown
1763612300.1303594,1763612292.3122816,0.125,0.5,2,5,1,106.02,108.10000000000636,128.95,None,None,None,108.2,unknown
1763612300.1440983,1763612292.3122816,0.13,0.5,2,6,1,105.83,108.00000000000637,128.8,None,None,None,108.2,unknown
1763612300.1566367,1763612292.3122816,0.133,0.5,1,4,1,105.64,107.90000000000637,128.65,None,None,None,108.2,unknown
1763612300.175873,1763612292.3122816,0.135,0.5,1,4,1,105.45,107.80000000000638,128.55,None,None,None,108.2,unknown
1763612300.1977117,1763612292.3122816,0.138,0.5,1,4,1,105.26,107.70000000000638,128.3,None,None,None,108.2,unknown
1763612300.207957,1763612292.3122816,0.14100000000000001,0.5,1,5,1,105.07,107.60000000000639,128.0,None,None,None,108.2,unknown
1763612300.2230895,1763612292.3122816,0.144,0.5,0,4,1,104.88,107.5000000000064,127.80000000000001,None,None,None,108.2,unknown
1763612300.4649804,1763612292.3122816,0.147,0.5,1,4,1,104.69,107.4000000000064,127.8,None,None,None,108.2,unknown
1763612300.5264063,1763612292.3122816,0.149,0.5,0,3,1,104.5,107.3000000000064,127.65,None,None,None,108.2,unknown
1763612300.625678,1763612292.3122816,0.153,0.5,1,3,1,104.31,107.20000000000641,127.6,None,None,None,108.2,unknown
1763612300.7000146,1763612292.3122816,0.158,0.5,1,5,1,104.17,107.10000000000642,127.35,None,None,None,108.2,unknown
1763612300.9406316,1763612292.3122816,0.16,0.5,1,3,1,103.98,107.00000000000642,127.1,-0.028110097698548886,None,0.18561331184828478,108.2,unknown
1763612301.1266108,1763612292.3122816,0.164,0.5,1,4,1,103.79,106.90000000000643,126.95,-0.026384069150184226,None,0.1871356762250522,108.2,unknown
1763612301.1972837,1763612292.3122816,0.17,0.5,2,5,1,103.6,106.80000000000643,126.75,-0.022649690007631576,None,0.18802549354506554,108.2,unknown
1763612301.2755847,1763612292.3122816,0.175,0.5,2,4,1,103.41,106.70000000000644,126.65,-0.017576228494839117,None,0.1877641302635561,108.2,unknown
1763612301.491721,1763612292.3122816,0.18,0.5,1,5,1,103.22,106.60000000000645,126.6,-0.011519714991283908,None,0.18661366587564238,108.2,unknown
1763612301.6027627,1763612292.3122816,0.185,0.5,1,5,1,103.08,106.50000000000645,126.35,-0.004647733528730853,None,0.1846947089709101,108.2,unknown
1763612301.8912802,1763612292.3122816,0.188,0.5,0,4,1,102.94,106.40000000000646,126.19999999999999,0.0027830082780719075,None,0.18124047944301772,108.2,unknown
1763612301.9278743,1763612292.3122816,0.193,0.5,1,4,1,102.75,106.30000000000646,125.94999999999999,0.01064413643457803,None,0.17786760742596677,108.2,unknown
1763612302.017587,1763612292.3122816,0.196,0.5,2,3,1,102.56,106.20000000000647,125.80000000000001,0.01897237138958273,None,0.1732835005406897,108.2,unknown
1763612302.2118938,1763612292.3122816,0.2,0.5,1,4,1,102.37,106.10000000000647,125.55,0.027703525241196143,None,0.16842441072394007,108.2,unknown
1763612302.2813702,1763612292.3122816,0.206,0.5,2,5,1,102.18,106.00000000000648,125.35,0.03679215071303105,None,0.16427181726953705,108.2,unknown
1763612302.339928,1763612292.3122816,0.21,0.5,0,4,1,101.99,105.90000000000649,125.1,0.04623274925807361,None,0.15929923473321042,108.2,unknown
1763612302.53752,1763612292.3122816,0.213,0.5,1,4,1,101.85,105.80000000000649,124.94999999999999,0.05571751454114669,None,0.1535484774544953,108.2,unknown
1763612302.6616004,1763612292.3122816,0.217,0.5,1,3,1,101.61,105.7000000000065,124.85,0.0656781210992143,None,0.1474548748986067,108.2,unknown
1763612302.9451468,1763612292.3122816,0.219,0.5,0,3,1,101.47,105.6000000000065,124.65,0.07544695380488747,None,0.140619544194023,108.2,unknown
1763612302.9977047,1763612292.3122816,0.223,0.5,1,3,1,101.28,105.50000000000651,124.3,0.08530423899083908,None,0.13422901000861617,108.2,unknown
1763612303.1742425,1763612292.3122816,0.227,0.5,1,5,1,101.14,105.40000000000651,124.1,0.09486794600457314,None,0.12839867849515446,108.2,unknown
1763612303.3733165,1763612292.3122816,0.231,0.5,1,4,1,101,105.30000000000652,123.94999999999999,0.10419965412826644,None,0.12293365812159739,108.2,unknown
1763612303.5727522,1763612303.5813954,0.23299999999999998,0.5,0,3,1,100.81,105.20000000000653,123.75,0.11372889140339203,0.016658951326685562,0.11633776472153988,108.2,ripe
1763612303.5940435,1763612303.5813954,0.237,0.5,1,4,1,100.62,105.10000000000653,123.44999999999999,0.12327565260498818,0.017506695473931567,0.11025767545747778,108.2,ripe
1763612303.691648,1763612303.5813954,0.24,0.5,1,4,1,100.48,105.00000000000654,123.25,0.1323503092355852,0.018295809367939148,0.10441635479564779,108.2,ripe
1763612303.7986462,1763612303.5813954,0.242,0.5,0,4,1,100.34,104.90000000000654,123.1,0.14106052899926003,0.019024873924347957,0.09832280301635646,108.2,ripe
1763612304.1302006,1763612303.5813954,0.243,0.5,1,3,1,100.2,104.80000000000655,122.7,0.14944030084962218,0.01969177062019197,0.09175136515818605,108.2,ripe
1763612304.3296223,1763612303.5813954,0.246,0.5,1,3,1,100.01,104.70000000000655,122.45,0.15797718641820668,0.020303177775886604,0.08561864658569743,108.2,ripe
1763612304.4858367,1763612303.5813954,0.248,0.5,2,2,1,99.87,104.60000000000656,122.14999999999999,0.16600383492546578,0.02086184132469143,0.07979408157648626,108.2,ripe
1763612304.5865502,1763612303.5813954,0.248,0.5,0,2,1,99.68,104.50000000000657,121.94999999999999,0.1741572476186828,0.02136199071832195,0.07274171063229323,108.2,ripe
1763612304.6300719,1763612303.5813954,0.248,0.5,0,2,1,99.54,104.40000000000657,121.75,0.1816636983102935,0.02180522645002668,0.06578578081519451,108.2,ripe
1763612304.7732728,1763612303.5813954,0.252,0.5,1,3,1,99.3,104.30000000000658,121.5,0.1897497589790608,0.022202816633236973,0.059974980583683196,108.2,ripe
1763612304.845868,1763612303.5813954,0.249,0.5,1,3,1,99.11,104.20000000000658,121.19999999999999,0.19751660215971464,0.022540570137489332,0.05184576762165735,108.2,ripe
1763612304.8957515,1763612303.5813954,0.246,0.5,1,3,1,98.97,104.10000000000659,121.05,0.2042853624783579,0.022817465267853828,0.04339582241232809,108.2,ripe
1763612304.9203038,1763612303.5813954,0.243,0.5,1,4,1,98.83,104.0000000000066,120.75,0.21029725737917673,0.023036148437191796,0.035043335066166276,108.2,ripe
1763612305.1306398,1763612303.5813954,0.241,0.5,1,3,1,98.64,103.9000000000066,120.45,0.2162691653597005,0.02320062355185364,0.026901130862970996,108.2,ripe
1763612305.2451274,1763612303.5813954,0.239,0.5,0,3,1,98.45,103.8000000000066,120.2,0.2220096894026613,0.02331496718025753,0.019075458708674442,108.2,ripe
1763612305.3513546,1763612303.5813954,0.239,0.5,0,4,1,98.26,103.70000000000661,119.9,0.2274273158793716,0.023389115351233,0.012615258176296273,108.2,ripe
1763612305.392888,1763612303.5813954,0.237,0.5,1,4,1,98.07,103.60000000000662,119.6,0.23254116869572433,0.023423577468673813,0.005980118332109596,108.2,ripe
1763612305.445158,1763612303.5813954,0.236,0.5,2,3,1,97.88,103.50000000000662,119.30000000000001,0.23730756012244095,0.02342331242973135,-4.6916608523989156e-05,108.2,ripe
1763612305.6339192,1763612303.5813954,0.236,0.5,1,3,1,97.74,103.40000000000663,119.0,0.2411563614953008,0.0233983070188906,-0.0045260397383423134,108.2,ripe
1763612305.6947522,1763612303.5813954,0.23500000000000001,0.5,1,3,1,97.6,103.30000000000663,118.7,0.244460485464259,0.023351637554633275,-0.00864532458577974,108.2,ripe
1763612305.7597985,1763612303.5813954,0.232,0.5,0,4,1,97.41,103.20000000000664,118.4,0.24796853107070818,0.02327733320961558,-0.014060950631468533,108.2,ripe
1763612305.7847338,1763612303.5813954,0.23,0.5,0,5,1,97.22,103.10000000000664,118.15,0.2513823099266638,0.02317674486943357,-0.019428519707044012,108.2,ripe
1763612305.9164615,1763612303.5813954,0.227,0.5,2,3,1,97.08,103.00000000000665,117.89999999999999,0.2540107072484498,0.02305250883403396,-0.02453381213863992,108.2,ripe
1763612306.0338488,1763612303.5813954,0.227,0.5,0,5,1,96.89,102.90000000000666,117.55,0.2566864948041741,0.022911410624020873,-0.028448047249269137,108.2,ripe
1763612306.1116214,1763612303.5813954,0.227,0.5,1,4,1,96.7,102.80000000000666,117.25,0.25929830397177805,0.022757416694566174,-0.03167908019432558,108.2,ripe
1763612306.1911387,1763612303.5813954,0.225,0.5,1,2,1,96.56,102.70000000000667,116.85,0.26122590932914697,0.02259134485120772,-0.03491629744042074,108.2,ripe
1763612306.2284205,1763612303.5813954,0.221,0.5,0,2,1,96.37,102.60000000000667,116.60000000000001,0.26328761374707094,0.02240665596692149,-0.03963280780270784,108.2,ripe
1763612306.316059,1763612303.5813954,0.22,0.5,0,3,1,96.18,102.50000000000668,116.25,0.26523159407468894,0.022208363343577356,-0.04340419110250737,108.2,ripe
1763612306.3861303,1763612303.5813954,0.22,0.5,1,4,1,96.04,102.40000000000668,115.95,0.26646903354287477,0.02200464999288851,-0.04555533205678397,108.2,ripe
1763612306.5271814,1763612303.5813954,0.221,0.5,0,4,1,95.85,102.30000000000669,115.5,0.267891094049953,0.02179894562100779,-0.0469342433069076,108.2,ripe
1763612306.609564,1763612303.5813954,0.222,0.5,2,3,1,95.71,102.2000000000067,115.15,0.268827809604749,0.0215957907085336,-0.04734938423322632,108.2,ripe
1763612306.7564998,1763612303.5813954,0.219,0.5,0,3,1,95.47,102.1000000000067,114.80000000000001,0.2706184445038225,0.02138350145629637,-0.05037923181806114,108.2,ripe
1763612306.796928,1763612303.5813954,0.218,0.5,1,2,1,95.33,102.00000000000671,114.4,0.2715819479927598,0.021166862807479404,-0.05246234164987912,108.2,ripe
1763612307.1641068,1763612303.5813954,0.217,0.5,0,4,1,95.14,101.90000000000671,114.30000000000001,0.2726348745591936,0.020945813167134203,-0.05457507138775325,108.2,ripe
1763612307.2911463,1763612303.5813954,0.214,0.5,0,4,1,95,101.80000000000672,114.15,0.2731362148318418,0.02071922479059151,-0.05710631324612164,108.2,ripe
1763612307.3714814,1763612303.5813954,0.212,0.5,1,3,1,94.81,101.70000000000672,113.95,0.2738059459686877,0.020486513204570175,-0.05979099517582759,108.2,ripe
1763612307.4447324,1763612303.5813954,0.211,0.5,1,4,1,94.62,101.60000000000673,113.64999999999999,0.2744687480306982,0.020249804208501795,-0.06196127263426815,108.2,ripe
1763612307.5218349,1763612303.5813954,0.21,0.5,1,4,1,94.43,101.50000000000674,113.5,0.27506861763238893,0.020010432234079993,-0.0638148799341739,108.2,ripe
1763612307.676311,1763612303.5813954,0.211,0.5,0,5,1,94.24,101.40000000000674,113.25,0.27558133927341844,0.019772999634544108,-0.0644544704243109,108.2,ripe
1763612307.7294946,1763612303.5813954,0.21,0.5,0,4,1,94.05,101.30000000000675,112.85,0.2760496950144369,0.019536068208439557,-0.0654862605898831,108.2,ripe
1763612307.8079748,1763612303.5813954,0.208,0.5,0,3,1,93.86,101.20000000000675,112.60000000000001,0.27644456364906267,0.019297384077374743,-0.06716284643678577,108.2,ripe
1763612307.9329422,1763612303.5813954,0.208,0.5,0,5,1,93.67,101.10000000000676,112.25,0.2767290307275185,0.01905968863885045,-0.06808817212138002,108.2,ripe
1763612308.198002,1763612303.5813954,0.20500000000000002,0.5,0,4,1,93.48,101.00000000000676,111.95,0.2769395194719317,0.01881921207284338,-0.07011909016886245,108.2,ripe
1763612308.2974248,1763612303.5813954,0.20600000000000002,0.5,0,5,1,93.34,100.90000000000677,111.65,0.2765494290316912,0.01858324370756888,-0.07013921438015658,108.2,ripe
1763612308.3559785,1763612303.5813954,0.20500000000000002,0.5,0,4,1,93.15,100.80000000000678,111.35,0.2763798389073843,0.018349756178594398,-0.070674731581617,108.2,ripe
1763612308.3824391,1763612303.5813954,0.20600000000000002,0.5,0,5,1,92.96,100.70000000000678,111.05000000000001,0.27627878646171666,0.018121154623631883,-0.07042623279883298,108.2,ripe
1763612308.504582,1763612303.5813954,0.20600000000000002,0.5,0,3,1,92.82,100.60000000000679,110.75,0.27577012952381724,0.017898664945449193,-0.06984385269237539,108.2,ripe
1763612308.5937316,1763612303.5813954,0.20700000000000002,0.5,0,5,1,92.68,100.50000000000679,110.4,0.2750857660532708,0.017684211839897095,-0.06862262763754984,108.2,ripe
1763612308.6917357,1763612303.5813954,0.20500000000000002,0.5,0,4,1,92.49,100.4000000000068,110.0,0.27480439504332044,0.017472129475631364,-0.06907282583545996,108.2,ripe
1763612308.79511,1763612303.5813954,0.203,0.5,0,3,1,92.3,100.3000000000068,109.55,0.27465779639435317,0.01725991769869532,-0.07029201179042294,108.2,ripe
1763612308.8653407,1763612303.5813954,0.20500000000000002,0.5,0,5,1,92.11,100.20000000000681,109.3,0.27451697628745336,0.01705253320436957,-0.06983408398548824,108.2,ripe
1763612309.0994015,1763612303.5813954,0.20600000000000002,0.5,0,6,1,91.92,100.10000000000682,109.15,0.27441689533992575,0.0168507050021168,-0.06907544918894318,108.2,ripe
1763612309.2121234,1763612303.5813954,0.20600000000000002,0.5,0,5,1,91.78,100.00000000000682,108.80000000000001,0.27392878145470034,0.016654719321976614,-0.06825805837920906,108.2,ripe
1763612309.367424,1763612303.5813954,0.20600000000000002,0.5,0,4,1,91.59,99.90000000000683,108.4,0.27368884144959593,0.01646308307260077,-0.06785347991185028,108.2,ripe
1763612309.3862267,1763612303.5813954,0.208,0.5,1,5,1,91.4,99.80000000000683,108.0,0.2735597287124607,0.016277852384480096,-0.06664204794358788,108.2,ripe
1763612309.4543738,1763612303.5813954,0.209,0.5,2,3,1,91.26,99.70000000000684,107.9,0.2731143260754126,0.0160998138767248,-0.06515548569097618,108.2,ripe
1763612309.5807524,1763612303.5813954,0.209,0.5,0,4,1,91.12,99.60000000000684,107.60000000000001,0.27255598379143087,0.015927739331679618,-0.06407656359921265,108.2,ripe
1763612309.6996887,1763612303.5813954,0.21,0.5,0,3,1,90.93,99.50000000000685,107.25,0.27235748409616334,0.015760933888737904,-0.06311777400005425,108.2,ripe
1763612309.8225908,1763612303.5813954,0.211,0.5,0,3,1,90.74,99.40000000000686,106.85,0.27234554427277674,0.015598987399402183,-0.062225689224722214,108.2,ripe
1763612309.8713608,1763612303.5813954,0.212,0.5,0,5,1,90.55,99.30000000000686,106.45,0.27243463570176873,0.015441626549759422,-0.06137470817774149,108.2,ripe
1763612309.9856431,1763612303.5813954,0.217,0.5,2,7,1,90.57,99.20000000000687,106.15,0.270961110737445,0.01529857412021687,-0.05693114697543139,108.2,ripe
1763612309.9987142,1763612303.5813954,0.227,0.5,4,10,1,90.57,99.10000000000687,105.94999999999999,0.2690823838346288,0.015179152335480698,-0.04856740195362197,108.2,ripe
1763612310.16806,1763612303.5813954,0.233,0.5,3,8,1,90.57,99.00000000000688,105.55,0.2672951814034049,0.015081634806827485,-0.04053769046290151,108.2,ripe
1763612310.262365,1763612303.5813954,0.238,0.5,2,7,1,90.57,98.90000000000688,105.25,0.2657335908144322,0.015003109141258134,-0.03335484534418051,108.2,ripe
1763612310.3871217,1763612310.4474065,0.244,0.5,2,7,1,90.57,98.80000000000689,105.0,0.2644274039075408,0.014942620976126048,-0.026238031172414966,108.2,overripe
1763612310.455275,1763612310.4474065,0.248,0.5,1,7,1,90.57,98.7000000000069,104.60000000000001,0.26339985873047583,0.014896750280914991,-0.020305172362912904,108.2,overripe
1763612310.481282,1763612310.4474065,0.252,0.5,2,7,1,90.57,98.6000000000069,104.1,0.2626104920819891,0.014863380792185682,-0.015063148898207646,108.2,overripe
1763612310.5316246,1763612310.4474065,0.257,0.5,2,8,1,90.62,98.5000000000069,103.75,0.26166023268286825,0.014843001501352641,-0.009386561090977519,108.2,overripe
1763612310.5906105,1763612310.4474065,0.263,0.5,3,7,1,90.62,98.40000000000691,103.4,0.26112071740259574,0.014835577707616798,-0.003483881606650363,108.2,overripe
1763612310.6656644,1763612310.4474065,0.268,0.5,1,8,1,90.57,98.30000000000692,102.9,0.26127067584528824,0.014838822331490567,0.001547742052684431,108.2,overripe
1763612310.6954284,1763612310.4474065,0.273,0.5,2,7,1,90.57,98.20000000000692,102.4,0.2614681274542538,0.014852107109903796,0.006441081494732548,108.2,overripe
1763612310.7984056,1763612310.4474065,0.276,0.5,1,7,1,90.52,98.10000000000693,102.0,0.26214373309248773,0.01487204791364595,0.009810871382005426,108.2,overripe
1763612310.8873463,1763612310.4474065,0.28,0.5,2,7,1,90.52,98.00000000000693,101.55,0.26271675040974746,0.014898599858190833,0.013260551827499134,108.2,overripe
1763612310.9072204,1763612310.4474065,0.28300000000000003,0.5,1,7,1,90.52,97.90000000000694,101.05,0.2632965198082703,0.014930543452863957,0.01619213131035302,108.2,overripe
1763612310.934332,1763612310.4474065,0.28600000000000003,0.5,1,7,1,90.52,97.80000000000695,100.7,0.2639165267027259,0.014967149803036624,0.018827798856585753,108.2,overripe
1763612311.0977216,1763612311.194515,0.292,0.5,2,7,1,90.52,97.70000000000695,100.35,0.2645913997315704,0.015010818715599054,0.022780763048085406,108.2,ripe
1763612311.2964177,1763612311.194515,0.297,0.5,1,6,1,90.52,97.60000000000696,100.25,0.265377329930573,0.015061507536180171,0.02680875145925493,108.2,ripe
1763612311.408264,1763612311.194515,0.3,0.5,0,6,1,90.52,97.50000000000696,99.89999999999999,0.26628045721425003,0.015117130416636867,0.0298125834806639,108.2,ripe
1763612311.5697796,1763612311.194515,0.303,0.5,1,7,1,90.57,97.40000000000697,99.44999999999999,0.26688942657468506,0.01517720058779798,0.03265709377277193,108.2,ripe
1763612311.6334357,1763612311.194515,0.307,0.5,1,7,1,90.57,97.30000000000697,99.10000000000001,0.26776199892910263,0.015241673621482854,0.035511261244625836,108.2,ripe
1763612311.757977,1763612311.194515,0.311,0.5,2,7,1,90.57,97.20000000000698,98.6,0.2688050814428739,0.015310417145712674,0.0383315486439903,108.2,ripe
1763612311.8229287,1763612311.194515,0.314,0.5,0,6,1,90.57,97.10000000000699,98.3,0.2699700548547957,0.015382376998101749,0.04059826018863638,108.2,ripe
1763612311.989727,1763612311.194515,0.32,0.5,2,7,1,90.57,97.00000000000699,97.85000000000001,0.27121511815720833,0.01545961307777478,0.04406903936450768,108.2,ripe
1763612312.2721097,1763612311.194515,0.323,0.5,2,5,1,90.57,96.900000000007,97.30000000000001,0.2725649441816326,0.015540361257442466,0.04657713457922541,108.2,ripe
1763612312.3397248,1763612311.194515,0.327,0.5,1,7,1,90.57,96.800000000007,96.9,0.27398258302817435,0.015624571696081451,0.04908845635225467,108.2,ripe
1763612312.4980416,1763612311.194515,0.332,0.5,2,7,1,90.52,96.70000000000701,96.5,0.2758548366186063,0.015712446075104757,0.051680683071608224,108.2,ripe
1763612312.6031358,1763612311.194515,0.333,0.5,1,5,1,90.52,96.60000000000701,96.0,0.27760116119581835,0.015801167048895816,0.05266659864928891,108.2,ripe
1763612312.6214476,1763612311.194515,0.333,0.5,1,4,1,90.47,96.50000000000702,95.64999999999999,0.27966166968043144,0.01588801589580454,0.05197221024212223,108.2,ripe
1763612312.8264966,1763612311.194515,0.336,0.5,2,6,1,90.47,96.40000000000703,95.2,0.2814466558717713,0.015974771805973637,0.0523702840895055,108.2,ripe
1763612312.8445768,1763612311.194515,0.339,0.5,1,6,1,90.47,96.30000000000703,94.85,0.28310809440813656,0.016062287241851644,0.05330037557250189,108.2,ripe
1763612312.9228802,1763612311.194515,0.342,0.5,0,6,1,90.42,96.20000000000704,94.4,0.28512326379520614,0.0161504189196075,0.054080971195113126,108.2,ripe
1763612313.1379197,1763612311.194515,0.34400000000000003,0.5,1,6,1,90.42,96.10000000000704,94.0,0.2869210731964662,0.0162388077627621,0.05468104429869347,108.2,ripe
1763612313.225375,1763612311.194515,0.34600000000000003,0.5,0,6,1,90.42,96.00000000000705,93.60000000000001,0.28860867581095095,0.016327286104899336,0.05519238293662887,108.2,ripe
1763612313.3225632,1763612311.194515,0.348,0.5,1,6,1,90.42,95.90000000000705,93.25,0.29024016420937243,0.016415780340423645,0.05566036516441747,108.2,ripe
1763612313.4726508,1763612311.194515,0.349,0.5,0,5,1,90.42,95.80000000000706,92.7,0.29184292324102684,0.016503474172441635,0.0556073414458681,108.2,ripe
1763612313.576594,1763612311.194515,0.349,0.5,1,4,1,90.47,95.70000000000707,92.25,0.2930042791267996,0.016589753633511426,0.055220853216647825,108.2,ripe
1763612313.7031336,1763612311.194515,0.354,0.5,1,7,1,90.47,95.60000000000707,91.95,0.29433621247928266,0.016677725702329706,0.05677635369244105,108.2,ripe
1763612313.8781838,1763612311.194515,0.354,0.5,0,5,1,90.52,95.50000000000708,91.6,0.29537960380115685,0.01676551400345125,0.05717667928470499,108.2,ripe
1763612314.0279486,1763612311.194515,0.356,0.5,0,6,1,90.52,95.40000000000708,91.15,0.29667435605466114,0.016853253657172572,0.057603785488269776,108.2,ripe
1763612314.0914156,1763612311.194515,0.359,0.5,0,6,1,90.52,95.30000000000709,90.6,0.29809623940915037,0.016941771165868855,0.058542831362315084,108.2,ripe
1763612314.1435337,1763612311.194515,0.36,0.5,0,6,1,90.52,95.2000000000071,90.3,0.2995962148610326,0.017029948465539888,0.058723320524700084,108.2,ripe
1763612314.4671385,1763612311.194515,0.362,0.5,2,6,1,90.52,95.1000000000071,89.95,0.3011225101719618,0.017118010829723307,0.05903725752090455,108.2,ripe
1763612314.621366,1763612311.194515,0.364,0.5,1,6,1,90.52,95.0000000000071,89.6,0.3026630274971761,0.017206073406644335,0.059416856349257086,108.2,ripe
1763612314.6554246,1763612311.194515,0.367,0.5,1,6,1,90.52,94.90000000000711,89.05,0.3042117185319389,0.017294933016678688,0.06032822339127769,108.2,ripe
1763612314.7569573,1763612311.194515,0.368,0.5,1,6,1,90.52,94.80000000000712,88.65,0.30577860762361153,0.017383496642120834,0.06049136333799676,108.2,ripe
1763612314.8043172,1763612311.194515,0.369,0.5,1,5,1,90.52,94.70000000000712,88.15,0.30734232730994204,0.017471252322305862,0.0602926581708621,108.2,ripe
1763612314.919471,1763612311.194515,0.371,0.5,0,6,1,90.52,94.60000000000713,87.8,0.3088927997144735,0.01755869853433797,0.060424693025928566,108.2,ripe
1763612315.044451,1763612311.194515,0.375,0.5,1,6,1,90.52,94.50000000000713,87.35,0.3104383220645138,0.01764752355681685,0.061720424305687194,108.2,ripe
1763612315.097422,1763612311.194515,0.378,0.5,0,6,1,90.52,94.40000000000714,86.85,0.312008483818801,0.01773780053959994,0.06307088936629957,108.2,ripe
1763612315.2262204,1763612311.194515,0.38,0.5,1,6,1,90.57,94.30000000000715,86.55,0.31316100287755894,0.017829339905350353,0.06437868371499134,108.2,ripe
1763612315.3218522,1763612311.194515,0.378,0.5,1,6,1,90.57,94.20000000000715,86.25,0.31455419680227675,0.017918708985684643,0.06321564649399841,108.2,ripe
1763612315.3729057,1763612311.194515,0.368,0.5,0,4,1,90.57,94.10000000000716,85.75,0.31601886527907386,0.017998679288020094,0.05686605636906372,108.2,ripe
1763612315.414739,1763612311.194515,0.362,0.5,1,4,1,90.57,94.00000000000716,85.45,0.31737297876143056,0.01806874332693,0.050069482062638226,108.2,ripe
1763612315.5271168,1763612311.194515,0.36,0.5,1,6,1,90.62,93.90000000000717,85.1,0.31812846723564925,0.018132155103068714,0.045592763176385165,108.2,ripe
1763612315.7865167,1763612311.194515,0.357,0.5,1,5,1,90.62,93.80000000000717,84.65,0.3190041086887191,0.01818937689404199,0.04135650651729811,108.2,ripe
1763612315.8736196,1763612311.194515,0.354,0.5,0,5,1,90.62,93.70000000000718,84.25,0.31989003678087147,0.01824073101511764,0.037290270822137095,108.2,ripe
1763612315.909534,1763612311.194515,0.353,0.5,2,6,1,90.57,93.60000000000719,83.75,0.32118863552772176,0.018287276710469168,0.033901518273782516,108.2,ripe
1763612315.958143,1763612311.194515,0.349,0.5,1,5,1,90.57,93.50000000000719,83.35,0.3222064577244827,0.018328097725744567,0.029838619176269454,108.2,ripe
1763612316.0640962,1763612311.194515,0.347,0.5,2,6,1,90.57,93.4000000000072,82.95,0.32302502631822266,0.018364210313861977,0.0264975121321534,108.2,ripe
1763612316.1027997,1763612311.194515,0.346,0.5,1,7,1,90.52,93.3000000000072,82.55,0.3241703669344702,0.018396280782071645,0.023590902290717808,108.2,ripe
1763612316.2216105,1763612311.194515,0.34199999999999997,0.5,0,5,1,90.52,93.20000000000721,82.15,0.3249913641841299,0.018423231572436225,0.019889270428464112,108.2,ripe
1763612316.293081,1763612311.194515,0.34,0.5,0,6,1,90.52,93.10000000000721,81.8,0.3255951074779369,0.018445976479849385,0.016845209828360075,108.2,ripe
1763612316.3888946,1763612311.194515,0.336,0.5,1,4,1,90.52,93.00000000000722,81.5,0.3260609720198285,0.01846367934387783,0.013159186633319997,108.2,ripe
1763612316.4571595,1763612311.194515,0.336,0.5,2,6,1,90.52,92.90000000000722,81.3,0.3264058740687095,0.018478696840468493,0.011204205257864752,108.2,ripe
1763612316.492457,1763612311.194515,0.333,0.5,0,5,1,90.52,92.80000000000723,80.9,0.32668735876976607,0.018490205517790927,0.008617680893521107,108.2,ripe
1763612316.527458,1763612311.194515,0.33,0.5,2,4,1,90.52,92.70000000000724,80.65,0.3268988278867959,0.018497861955724854,0.00575369194484765,108.2,ripe
1763612316.5841591,1763612311.194515,0.33,0.5,1,6,1,90.52,92.60000000000724,80.25,0.3270381948858453,0.018503548100019584,0.004288065029976473,108.2,ripe
1763612316.8805265,1763612311.194515,0.329,0.5,1,4,1,90.52,92.50000000000725,79.9,0.3271407275471816,0.018507542192844072,0.0030224024107292635,108.2,ripe
1763612317.020467,1763612311.194515,0.329,0.5,2,6,1,90.52,92.40000000000725,79.55,0.3272123443227366,0.0185106626208732,0.0023692206562188067,108.2,ripe
1763612317.1431398,1763612311.194515,0.327,0.5,1,5,1,90.52,92.30000000000726,79.35,0.3272680142292246,0.01851200526806159,0.0010227682602531596,108.2,ripe
1763612317.2212334,1763612311.194515,0.323,0.5,0,5,1,90.52,92.20000000000726,78.95,0.3272920026672558,0.018509850579737204,-0.0016466114225168749,108.2,ripe
1763612317.2664704,1763612311.194515,0.323,0.5,0,6,1,90.57,92.10000000000727,78.6,0.3267912867638006,0.018506634721386646,-0.002468591141431109,108.2,ripe
1763612317.314161,1763612311.194515,0.321,0.5,1,6,1,90.57,92.00000000000728,78.4,0.32650324047221196,0.018501648185984473,-0.0038418926610272464,108.2,ripe
1763612317.3707318,1763612311.194515,0.32,0.5,1,5,1,90.62,91.90000000000728,77.94999999999999,0.3258371203239267,0.018495825867585126,-0.0045064464183343644,108.2,ripe
1763612317.538006,1763612311.194515,0.321,0.5,3,6,1,90.57,91.80000000000729,77.44999999999999,0.32590799603719467,0.01848971208445105,-0.004742659084398526,108.2,ripe
1763612317.5832286,1763612311.194515,0.318,0.5,1,5,1,90.57,91.7000000000073,76.95,0.32588694570564997,0.01848160515710849,-0.00630427722925192,108.2,ripe
1763612317.6015027,1763612311.194515,0.32,0.5,3,5,1,90.57,91.6000000000073,76.6,0.32578737875053665,0.018473914117199716,-0.005996044512337595,108.2,ripe
1763612317.638074,1763612311.194515,0.321,0.5,1,5,1,90.57,91.5000000000073,76.15,0.32567345481533844,0.018467161574311528,-0.005277787696238934,108.2,ripe
1763612317.6611228,1763612311.194515,0.32,0.5,1,6,1,90.62,91.40000000000731,75.75,0.32510355793723317,0.018460909334355725,-0.004905724377683385,108.2,ripe
1763612317.7981083,1763612311.194515,0.318,0.5,0,5,1,90.62,91.30000000000732,75.45,0.3247681385072686,0.018453706369147487,-0.005669221727493734,108.2,ripe
1763612317.9599211,1763612311.194515,0.319,0.5,1,6,1,90.62,91.20000000000732,75.05,0.3245287902109448,0.018446763301223856,-0.005479331821057365,108.2,ripe
1763612318.0972977,1763612311.194515,0.318,0.5,1,5,1,90.62,91.10000000000733,74.75,0.32435039376766545,0.01843939942526689,-0.005825664572721767,108.2,ripe
1763612318.1313355,1763612311.194515,0.32,0.5,2,6,1,90.62,91.00000000000733,74.4,0.32419277812590824,0.018433181538827705,-0.004930413528436428,108.2,ripe
1763612318.205881,1763612311.194515,0.319,0.5,1,5,1,90.62,90.90000000000734,74.05,0.3240693948235886,0.018426967575400487,-0.004938212524852659,108.2,ripe
1763612318.309929,1763612311.194515,0.322,0.5,2,6,1,90.62,90.80000000000734,73.69999999999999,0.3239531192906055,0.01842271402137077,-0.0033875281412374947,108.2,ripe
1763612318.3817554,1763612311.194515,0.324,0.5,1,6,1,90.62,90.70000000000735,73.4,0.3238748263419313,0.01842071914566535,-0.0015920307672473433,108.2,ripe
1763612318.548431,1763612311.194515,0.323,0.5,1,6,1,90.62,90.60000000000736,73.1,0.32383799931366763,0.018419222801329738,-0.0011966015263256136,108.2,ripe
1763612318.6421523,1763612311.194515,0.325,0.5,1,6,1,90.62,90.50000000000736,72.7,0.3238108151424611,0.01841923513640945,9.883751209971425e-06,108.2,ripe
1763612318.7066233,1763612311.194515,0.325,0.5,0,6,1,90.62,90.40000000000737,72.3,0.32381059284591435,0.018419982191853805,0.0005997566009212085,108.2,ripe
1763612318.7623281,1763612311.194515,0.326,0.5,1,6,1,90.62,90.30000000000737,72.05,0.32382350651561354,0.018421699933832237,0.0013816682078042763,108.2,ripe
1763612318.8277812,1763612311.194515,0.326,0.5,1,5,1,90.57,90.20000000000738,71.6,0.324314137136767,0.018423300989755902,0.001288450224941895,108.2,ripe
1763612318.847657,1763612311.194515,0.326,0.5,1,7,1,90.57,90.10000000000738,71.2,0.3245725600926214,0.0184248260154721,0.0012287335882329997,108.2,ripe
1763612318.878277,1763612311.194515,0.325,0.5,0,6,1,90.52,90.00000000000739,70.8,0.3251751755956342,0.01842510580861313,0.0002254712447930518,108.2,ripe
1763612318.8883407,1763612311.194515,0.324,0.5,1,5,1,90.52,89.9000000000074,70.5,0.3254679921457645,0.018424154190897685,-0.0007676687255508963,108.2,ripe
1763612318.8984082,1763612311.194515,0.321,0.5,0,4,1,90.52,89.8000000000074,70.2,0.32559511425397225,0.018420756498865445,-0.00274495254386542,108.2,ripe
1763612318.9085252,1763612311.194515,0.32,0.5,1,4,1,90.52,89.7000000000074,69.8,0.3256070222509933,0.0184155887006218,-0.004181941395939914,108.2,ripe
1763612318.9240417,1763612311.194515,0.319,0.5,0,5,1,90.52,89.60000000000741,69.45,0.32555164199539427,0.018409002393520984,-0.005339101567867599,108.2,ripe
1763612318.945808,1763612311.194515,0.318,0.5,1,5,1,90.52,89.50000000000742,69.15,0.32545318563328535,0.018401186563185564,-0.006346915419521981,108.2,ripe
1763612318.9563656,1763612311.194515,0.319,0.5,1,6,1,90.52,89.40000000000742,68.9,0.32532399391117944,0.018393477837007396,-0.00627085880429773,108.2,ripe
1763612318.9680219,1763612311.194515,0.318,0.5,0,6,1,90.52,89.30000000000743,68.6,0.3251921977772436,0.018385297891015763,-0.006665630223802732,108.2,ripe
1763612318.979721,1763612311.194515,0.319,0.5,2,6,1,90.5,89.20000000000744,68.3,0.32523367550002624,0.01837736664309083,-0.006470391723305768,108.2,ripe
1763612318.9897845,1763612311.194515,0.323,0.5,2,6,1,90.5,89.10000000000744,68.0,0.32518638113753284,0.018372097427163104,-0.004304739249172629,108.2,ripe
1763612318.999906,1763612311.194515,0.325,0.5,1,6,1,90.5,89.00000000000745,67.8,0.32513963357203535,0.01836941006204645,-0.002198812627855262,108.2,ripe
1763612319.0100064,1763612311.194515,0.323,0.5,1,4,1,90.5,88.90000000000745,67.55,0.3251153160540568,0.018366792667670787,-0.0021449055819667273,108.2,ripe
1763612319.020101,1763612311.194515,0.323,0.5,1,5,1,90.5,88.80000000000746,67.4,0.32508061085152995,0.01836423966824715,-0.0020954056154849354,108.2,ripe
1763612319.0301614,1763612311.194515,0.325,0.5,2,5,1,90.5,88.70000000000746,67.4,0.32504123325240386,0.018362964012065528,-0.00104863063438132,108.2,ripe
1763612319.043174,1763612311.194515,0.323,0.5,2,4,1,90.5,88.60000000000747,67.4,0.3250215587775288,0.018361111362375847,-0.0015252574685175047,108.2,ripe
1763612319.0532424,1763612311.194515,0.322,0.5,0,5,1,90.5,88.50000000000747,67.3,0.324990219142542,0.01835839210489321,-0.0022420684880363195,108.2,ripe
1763612319.0633135,1763612311.194515,0.321,0.5,1,6,1,90.5,88.40000000000748,67.2,0.32494281437837214,0.018354675677331008,-0.0030687390511192625,108.2,ripe
1763612319.073379,1763612311.194515,0.32,0.5,1,6,1,90.55,88.30000000000749,67.1,0.3244185297311793,0.018350471113909125,-0.003481492067552827,108.2,ripe
1763612319.0838897,1763612311.194515,0.322,0.5,0,7,1,90.55,88.20000000000749,67.15,0.3241150146581583,0.01834728142254138,-0.002646495826345019,108.2,ripe
1763612319.0939875,1763612311.194515,0.323,0.5,1,6,1,90.62,88.1000000000075,67.2,0.32330194208709123,0.01834599912596618,-0.0010676826711845666,108.2,ripe
1763612319.104093,1763612311.194515,0.325,0.5,1,6,1,90.55,88.0000000000075,67.3,0.32354311549910314,0.01834608798379475,7.401420885017052e-05,108.2,ripe
1763612319.1144474,1763612311.194515,0.328,0.5,3,8,1,90.48,87.90000000000751,67.4,0.32431868081753473,0.01834787866333397,0.0014898840364419574,108.2,ripe
1763612319.1245153,1763612311.194515,0.33899999999999997,0.5,6,10,1,90.38,87.80000000000751,67.5,0.3256547669465378,0.0183560119423549,0.006749515480450552,108.2,ripe
1763612319.1364505,1763612311.194515,0.35,0.5,5,12,1,90.26,87.70000000000752,67.65,0.3275529889971037,0.018372521217909932,0.013649152216390403,108.2,ripe
1763612319.1515791,1763612311.194515,0.358,0.5,4,11,1,90.16,87.60000000000753,67.60000000000001,0.3296439353784344,0.018396748437095174,0.01995713522831266,108.2,ripe
1763612319.2371793,1763612311.194515,0.366,0.5,2,11,1,89.92,87.50000000000753,67.9,0.3331855935301966,0.018426845322541404,0.024614941773176913,108.2,ripe
1763612319.4445772,1763612311.194515,0.366,0.5,0,8,1,89.68,87.40000000000754,67.95,0.33749792850153426,0.01845693939462646,0.024402339150152497,108.2,ripe
1763612319.5054631,1763612311.194515,0.369,0.5,1,8,1,89.44,87.30000000000754,68.0,0.3421506506126928,0.018485930997723176,0.023299483213150562,108.2,ripe
1763612319.6694958,1763612311.194515,0.369,0.5,0,5,1,89.2,87.20000000000755,68.15,0.34696038974011545,0.018511368018717486,0.020264677172806222,108.2,ripe
1763612319.7096894,1763612311.194515,0.37,0.5,0,7,1,88.96,87.10000000000755,68.25,0.35179826752380067,0.018532650415545512,0.016814265932660166,108.2,ripe
1763612319.798851,1763612311.194515,0.369,0.5,0,6,1,88.72,87.00000000000756,68.45,0.356609378874787,0.018548209085618442,0.012196887853443417,108.2,ripe
1763612319.9581354,1763612311.194515,0.369,0.5,0,6,1,88.48,86.90000000000757,68.7,0.36133972271561293,0.018557926814883077,0.0075634106485022445,108.2,ripe
1763612320.0322506,1763612311.194515,0.367,0.5,0,7,1,88.24,86.80000000000757,68.85,0.36597262705227457,0.018560486217586682,0.0019789396297830164,108.2,ripe
1763612320.1403005,1763612311.194515,0.368,0.5,1,6,1,88.05,86.70000000000758,69.1,0.3700084485899468,0.018557844722997204,-0.002032665248918042,108.2,ripe
1763612320.2174308,1763612311.194515,0.367,0.5,1,6,1,87.81,86.60000000000758,69.4,0.37417512178172424,0.018549112171465744,-0.006687230111209863,108.2,ripe
1763612320.2844791,1763612311.194515,0.367,0.5,0,6,1,87.62,86.50000000000759,69.5,0.37786988949367306,0.018535188376159122,-0.010625943658415848,108.2,ripe
1763612320.3768697,1763612311.194515,0.366,0.5,0,6,1,87.38,86.4000000000076,69.8,0.3817444327016037,0.018515299200453632,-0.015122459783975084,108.2,ripe
1763612320.4853323,1763612311.194515,0.366,0.5,0,5,1,87.14,86.3000000000076,70.05,0.38563350158407556,0.018489796021563885,-0.01932251512526123,108.2,ripe
1763612320.5613694,1763612311.194515,0.366,0.5,1,6,1,86.95,86.2000000000076,70.3,0.38900524558573096,0.01845957498274927,-0.022849752356323805,108.2,ripe
1763612320.6353636,1763612311.194515,0.367,0.5,1,6,1,86.71,86.10000000000761,70.45,0.39253284705013575,0.018425168711222167,-0.0259551004354322,108.2,ripe
1763612320.7282302,1763612311.194515,0.365,0.5,1,5,1,86.47,86.00000000000762,70.65,0.3960900662237811,0.018384916112583242,-0.030301192916429354,108.2,ripe
1763612320.8701694,1763612311.194515,0.364,0.5,0,5,1,86.23,85.90000000000762,70.95,0.39957067694860415,0.018338769133591743,-0.03467624029492827,108.2,ripe
1763612320.9785295,1763612311.194515,0.363,0.5,2,5,1,85.99,85.80000000000763,71.2,0.40293589938005175,0.018286811266598608,-0.03898868105321379,108.2,ripe
1763612321.2123964,1763612311.194515,0.363,0.5,1,6,1,85.75,85.70000000000763,71.35000000000001,0.40616660203998417,0.018229862762976494,-0.042692992876565194,108.2,ripe
1763612321.368519,1763612311.194515,0.362,0.5,1,5,1,85.51,85.60000000000764,71.4,0.4092686552041424,0.018167761915701304,-0.046531850622432924,108.2,ripe
1763612321.42666,1763612311.194515,0.36,0.5,1,4,1,85.27,85.50000000000765,71.7,0.4122306219264719,0.0180998767976104,-0.050862219635617156,108.2,ripe
1763612321.5522413,1763612311.194515,0.36,0.5,0,6,1,85.03,85.40000000000765,71.95,0.4150322193312584,0.01802736476165775,-0.054348018185831015,108.2,ripe
1763612321.6930254,1763612311.194515,0.357,0.5,0,4,1,84.79,85.30000000000766,72.2,0.41769505961355696,0.01794890220034535,-0.058852959040843256,108.2,ripe
1763612321.7812738,1763612311.194515,0.357,0.5,1,5,1,84.55,85.20000000000766,72.3,0.4201843073374922,0.017865989582853917,-0.062263257051135334,108.2,ripe
1763612321.888596,1763612311.194515,0.353,0.5,0,4,1,84.31,85.10000000000767,72.5,0.42253090587758724,0.017776813712281136,-0.06707038073440885,108.2,ripe
1763612321.9307418,1763612311.194515,0.35,0.5,0,3,1,84.07,85.00000000000767,72.7,0.4246882050784224,0.0176813226529747,-0.07195794250683324,108.2,ripe
1763612322.0042121,1763612311.194515,0.349,0.5,1,4,1,83.83,84.90000000000768,73.05,0.42665037802524214,0.01758098082768558,-0.07578524673944759,108.2,ripe
1763612322.0542316,1763612311.194515,0.352,0.5,1,6,1,83.59,84.80000000000769,73.35,0.4284485337980929,0.017479275496139042,-0.07701596815519562,108.2,ripe
1763612322.1003864,1763612311.194515,0.352,0.5,0,5,1,83.33,84.70000000000769,73.65,0.43033977813889474,0.01737571256329767,-0.07862349531744611,108.2,ripe
1763612322.2451713,1763612311.194515,0.351,0.5,1,3,1,83.09,84.6000000000077,73.9,0.43204710055267964,0.01726975704587005,-0.08068895914195534,108.2,ripe
1763612322.2802224,1763612311.194515,0.35,0.5,1,4,1,82.85,84.5000000000077,74.15,0.4336004288389498,0.01716125032166018,-0.08292135813358764,108.2,ripe
1763612322.4918313,1763612311.194515,0.346,0.5,0,3,1,82.61,84.40000000000771,74.4,0.43501624598409877,0.017048263763498727,-0.08667671063141774,108.2,ripe
1763612322.566213,1763612311.194515,0.34199999999999997,0.5,0,2,1,82.35,84.30000000000771,74.55,0.4364248981209416,0.01692975645724718,-0.0912551304446011,108.2,ripe
1763612322.7127235,1763612311.194515,0.33799999999999997,0.5,0,4,1,82.11,84.20000000000772,74.80000000000001,0.43754426555550574,0.016805668762264928,-0.09595938171733553,108.2,ripe
1763612322.8012264,1763612311.194515,0.334,0.5,0,4,1,81.87,84.10000000000773,75.05,0.43841525818155397,0.016676148854172946,-0.10062281626246888,108.2,ripe
1763612322.884594,1763612311.194515,0.332,0.5,0,5,1,81.63,84.00000000000773,75.30000000000001,0.4390608514351398,0.01654272471625417,-0.10416463047559726,108.2,ripe
1763612322.9992085,1763612311.194515,0.332,0.5,1,4,1,81.39,83.90000000000774,75.6,0.439529210364763,0.01640754274639001,-0.1060810998849917,108.2,ripe
1763612323.0296607,1763612311.194515,0.329,0.5,0,3,1,81.15,83.80000000000774,75.85,0.4398807732420664,0.016269819436545048,-0.1086567180021808,108.2,ripe
1763612323.1440916,1763612311.194515,0.325,0.5,0,3,1,80.91,83.70000000000775,76.1,0.44009591472832144,0.016128667220892012,-0.11198388710837859,108.2,ripe
1763612323.1966853,1763612311.194515,0.322,0.5,0,3,1,80.72,83.60000000000775,76.5,0.43974677297918546,0.015985056040376557,-0.11469075916921406,108.2,ripe
1763612323.3716264,1763612311.194515,0.321,0.5,0,4,1,80.48,83.50000000000776,76.75,0.43946848975122893,0.015840168741466588,-0.11644048284624325,108.2,ripe
1763612323.4945242,1763612311.194515,0.319,0.5,0,5,1,80.24,83.40000000000776,77.0,0.4391881498553551,0.01569403568223908,-0.11817414640286222,108.2,ripe
1763612323.5525956,1763612311.194515,0.316,0.5,0,4,1,80.05,83.30000000000777,77.25,0.4384617678047546,0.015546748759910333,-0.11995476607850813,108.2,ripe
1763612323.6898901,1763612311.194515,0.311,0.5,0,2,1,79.81,83.20000000000778,77.45,0.43785952308998044,0.01539660145787901,-0.12310602222685718,108.2,ripe
1763612323.7899213,1763612311.194515,0.308,0.5,0,4,1,79.57,83.10000000000778,77.65,0.4372177328046992,0.015244123979218,-0.12584098237313757,108.2,ripe
1763612323.8567483,1763612311.194515,0.304,0.5,0,3,1,79.33,83.00000000000779,77.85,0.43649284237689434,0.015089079105492334,-0.1288044671611135,108.2,ripe
1763612323.9241054,1763612323.9531145,0.298,0.5,1,4,1,79.09,82.9000000000078,78.05000000000001,0.43564822776223394,0.014930278556658348,-0.1328040401543435,108.2,overripe
1763612324.0445304,1763612323.9531145,0.286,0.5,1,3,1,78.85,82.8000000000078,78.2,0.4346335262583555,0.014763746283805727,-0.14021143245441026,108.2,overripe
1763612324.1423142,1763612323.9531145,0.272,0.5,0,3,1,78.61,82.7000000000078,78.35,0.43332243901058476,None,-0.15011139210861213,108.2,unknown
1763612324.2071178,1763612323.9531145,0.263,0.5,2,4,1,78.37,82.60000000000781,78.45,0.43162278641956797,None,-0.15851726296858165,108.2,unknown
1763612324.3887002,1763612323.9531145,0.254,0.5,1,3,1,78.13,82.50000000000782,78.55,0.429582585533465,None,-0.16602982380797188,108.2,unknown
1763612324.4831045,1763612323.9531145,0.25,0.5,1,3,1,77.89,82.40000000000782,78.65,0.4272304569925671,None,-0.17045407612982055,108.2,unknown
1763612324.6152153,1763612323.9531145,0.244,0.5,3,0,1,77.65,82.30000000000783,78.7,0.42467275840657537,None,-0.1742845679752021,108.2,unknown
1763612324.7052526,1763612323.9531145,0.242,0.5,3,0,1,77.41,82.20000000000783,78.80000000000001,0.42192985940393984,None,-0.1757357641882532,108.2,unknown
1763612324.7951076,1763612323.9531145,0.239,0.5,3,1,1,77.17,82.10000000000784,78.95,0.41908505988558375,None,-0.17648801227774044,108.2,unknown
1763612324.9203463,1763612323.9531145,0.235,0.5,2,0,1,76.93,82.00000000000784,79.0,0.41616357315493235,None,-0.17736504935101072,108.2,unknown
1763612324.9921467,1763612323.9531145,0.23199999999999998,0.5,2,1,1,76.69,81.90000000000785,79.15,0.4131619443724802,None,-0.1777626824705194,108.2,unknown
1763612325.0849447,1763612323.9531145,0.229,0.5,2,2,1,76.48,81.80000000000786,79.3,0.4099026409687063,None,-0.17770301001772593,108.2,unknown
1763612325.2353325,1763612323.9531145,0.224,0.5,2,0,1,76.24,81.70000000000786,79.55,0.4067026999928859,None,-0.1786028845173957,108.2,unknown
1763612325.3000193,1763612323.9531145,0.219,0.5,2,0,1,76,81.60000000000787,79.8,0.4034762119355029,None,-0.17992630419775785,108.2,unknown
1763612325.343945,1763612323.9531145,0.218,0.5,4,1,1,75.76,81.50000000000787,79.85,0.4001828652911357,None,-0.1794079114222632,108.2,unknown
1763612325.5281067,1763612323.9531145,0.215,0.5,3,0,1,75.52,81.40000000000788,80.15,0.3968748510848957,None,-0.1789873741504594,108.2,unknown
1763612325.6623836,1763612323.9531145,0.212,0.5,2,0,1,75.28,81.30000000000788,80.30000000000001,0.3935434598507132,None,-0.17859972138349506,108.2,unknown
1763612325.686629,1763612323.9531145,0.209,0.5,3,1,1,75.04,81.20000000000789,80.55,0.3901854391265338,None,-0.17821356989292475,108.2,unknown
1763612325.8161852,1763612323.9531145,0.206,0.5,3,1,1,74.8,81.1000000000079,80.7,0.38680018742620176,None,-0.17781425280939722,108.2,unknown
1763612326.0680294,1763612323.9531145,0.202,0.5,1,1,1,74.56,81.0000000000079,80.85,0.3833883664068259,None,-0.1778953990984236,108.2,unknown
1763612326.287893,1763612323.9531145,0.199,0.5,1,1,1,74.32,80.9000000000079,81.1,0.37993376365556736,None,-0.17768728000136622,108.2,unknown
1763612326.328359,1763612323.9531145,0.194,0.5,2,0,1,74.08,80.80000000000791,81.3,0.3764470885753077,None,-0.17832384674820712,108.2,unknown
1763612326.5784461,1763612323.9531145,0.19,0.5,3,0,1,73.84,80.70000000000792,81.55,0.37289964870759174,None,-0.17883802779404145,108.2,unknown
1763612326.628222,1763612323.9531145,0.185,0.5,1,0,1,73.6,80.60000000000792,81.7,0.36929631090813686,None,-0.17976550045136172,108.2,unknown
1763612326.7547014,1763612323.9531145,0.182,0.5,1,1,1,73.36,80.50000000000793,81.95,0.36562333131259106,None,-0.17985792608420348,108.2,unknown
1763612326.885803,1763612323.9531145,0.177,0.5,1,0,1,73.12,80.40000000000794,82.15,0.3619102758708126,None,-0.1805275732566188,108.2,unknown
1763612326.9640613,1763612323.9531145,0.175,0.5,1,1,1,72.88,80.30000000000794,82.35,0.35813778965374804,None,-0.17994643834665114,108.2,unknown
1763612327.1089978,1763612323.9531145,0.17200000000000001,0.5,1,2,1,72.69,80.20000000000795,82.65,0.35409898718843363,None,-0.1790033115348852,108.2,unknown
1763612327.2014365,1763612323.9531145,0.171,0.5,3,0,1,72.45,80.10000000000795,82.75,0.3501939831706948,None,-0.17714614534392054,108.2,unknown
1763612327.3340063,1763612323.9531145,0.17,0.5,2,0,1,72.26,80.00000000000796,83.0,0.3461433573459986,None,-0.17461943843261146,108.2,unknown
1763612327.3785458,1763612323.9531145,0.167,0.5,1,1,1,72.02,79.90000000000796,83.25,0.34231033209313094,None,-0.17304837263643735,108.2,unknown
1763612327.420696,1763612323.9531145,0.163,0.5,2,1,1,71.78,79.80000000000797,83.45,0.33857901968213006,None,-0.17244803995378327,108.2,unknown
1763612327.5621576,1763612323.9531145,0.161,0.5,2,1,1,71.54,79.70000000000798,83.6,0.33487569724006677,None,-0.17131020737589336,108.2,unknown
1763612327.686904,1763612323.9531145,0.159,0.5,1,1,1,71.3,79.60000000000798,83.7,0.3311991571113209,None,-0.1699164121792342,108.2,unknown
1763612327.7910419,1763612323.9531145,0.158,0.5,3,1,1,71.06,79.50000000000799,83.80000000000001,0.3275488907344143,None,-0.16790751826837091,108.2,unknown
1763612327.9304087,1763612323.9531145,0.158,0.5,2,1,1,70.82,79.40000000000799,83.9,0.3239417156417521,None,-0.1651210294087304,108.2,unknown
1763612328.054926,1763612323.9531145,0.16,0.5,3,1,1,70.58,79.300000000008,84.1,0.32040250452568264,None,-0.16099216140917177,108.2,unknown
1763612328.2184305,1763612323.9531145,0.165,0.5,0,9,1,70.34,79.200000000008,84.25,0.31697661642286684,None,-0.15477144486461142,108.2,unknown
1763612328.4555163,1763612323.9531145,0.169,0.5,0,8,1,70.1,79.10000000000801,84.65,0.3137355603673239,None,-0.1481329745881962,108.2,unknown
1763612328.4925716,1763612323.9531145,0.17200000000000001,0.5,0,8,1,69.86,79.00000000000801,85.0,0.3106944007819856,None,-0.14189310789242177,108.2,unknown
1763612328.6608553,1763612323.9531145,0.17200000000000001,0.5,0,5,1,69.62,78.90000000000802,85.30000000000001,0.3078406442280502,None,-0.13743999778326826,108.2,unknown
1763612328.7977276,1763612323.9531145,0.17500000000000002,0.5,0,6,1,69.38,78.80000000000803,85.75,0.30511479893933485,None,-0.13241447571694387,108.2,unknown
1763612328.8902855,1763612323.9531145,0.178,0.5,0,6,1,69.14,78.70000000000803,86.0,0.30253700484881013,None,-0.12718684323761464,108.2,unknown
1763612329.0396276,1763612323.9531145,0.18,0.5,0,5,1,68.9,78.60000000000804,86.30000000000001,0.3001149158282262,None,-0.12243983502262845,108.2,unknown
1763612329.140148,1763612323.9531145,0.182,0.5,0,6,1,68.66,78.50000000000804,86.5,0.2978331614715851,None,-0.11799562106878625,108.2,unknown
1763612329.335129,1763612323.9531145,0.182,0.5,0,5,1,68.42,78.40000000000805,86.85000000000001,0.29568230057660805,None,-0.11476353037520862,108.2,unknown
1763612329.602284,1763612323.9531145,0.184,0.5,0,6,1,68.18,78.30000000000805,87.2,0.29362230648205834,None,-0.11116292138135864,108.2,unknown
1763612329.6328998,1763612323.9531145,0.188,0.5,1,5,1,67.94,78.20000000000806,87.5,0.2916660826589652,None,-0.10643639010861536,108.2,unknown
1763612329.7994435,1763612323.9531145,0.191,0.5,0,7,1,67.68,78.10000000000807,87.65,0.2899238756199312,None,-0.10180902934475627,108.2,unknown
1763612330.1582508,1763612330.2266998,0.194,0.5,0,6,1,67.51,78.00000000000807,87.9,0.28803392179818105,0.0070360750149283105,-0.09697649866059357,108.2,overripe
1763612330.2458136,1763612330.2266998,0.195,0.5,1,5,1,67.34,77.90000000000808,88.1,0.2861571709619803,0.006960496328342143,-0.09312845939318654,108.2,overripe
1763612330.3236058,1763612330.2266998,0.196,0.5,0,5,1,67.2,77.80000000000808,88.2,0.28423186761971125,0.006888348122265625,-0.08971751183531437,108.2,overripe
1763612330.5042586,1763612330.2266998,0.199,0.5,1,5,1,67.08,77.70000000000809,88.25,0.28226728520580074,0.006820233537974603,-0.08551010731360231,108.2,overripe
1763612330.6225,1763612330.2266998,0.197,0.5,0,4,1,66.82,77.6000000000081,88.35,0.28084869181457545,0.006753877328937072,-0.08397010286847623,108.2,overripe
1763612330.6704876,1763612330.2266998,0.198,0.5,0,5,1,66.75,77.5000000000081,88.35000000000001,0.2790322206779946,0.006690002059168975,-0.08159292620494499,108.2,overripe
1763612330.7707582,1763612330.2266998,0.199,0.5,0,5,1,66.68,77.4000000000081,88.55000000000001,0.2770810696631028,0.006628875858426492,-0.07886142242657801,108.2,overripe
1763612330.8330796,1763612330.2266998,0.20400000000000001,0.5,1,7,1,66.56,77.30000000000811,88.75,0.27528789254531966,0.00657192423624899,-0.07417806892705725,108.2,overripe
1763612330.9993958,1763612330.2266998,0.20500000000000002,0.5,0,4,1,66.44,77.20000000000812,88.85,0.27368316393512565,0.0065181950697249325,-0.07062825212599444,108.2,overripe
1763612331.0379844,1763612330.2266998,0.207,0.5,0,6,1,66.32,77.10000000000812,89.0,0.2722138300468127,0.006467540358298532,-0.0671863741422471,108.2,overripe
1763612331.1412795,1763612330.2266998,0.21,0.5,0,5,1,66.2,77.00000000000813,89.05000000000001,0.27086753775885003,0.006420191527553921,-0.06335380980656724,108.2,overripe
1763612331.3033307,1763612330.2266998,0.211,0.5,0,4,1,66.08,76.90000000000813,89.15,0.2696514925024169,0.0063754392888591424,-0.06039462852627547,108.2,overripe
1763612331.7263925,1763612330.2266998,0.211,0.5,0,4,1,65.96,76.80000000000814,89.25,0.2685352150008994,0.006332521629148122,-0.0584067830128287,108.2,overripe
1763612331.7895012,1763612330.2266998,0.215,0.5,0,6,1,65.84,76.70000000000815,89.25,0.2674865639294234,0.006292494868161124,-0.05492234793538803,108.2,overripe
1763612331.924827,1763612330.2266998,0.218,0.5,0,5,1,65.77,76.60000000000815,89.19999999999999,0.26639319271336087,0.00625556536281174,-0.05111108471634318,108.2,overripe
1763612332.004513,1763612330.2266998,0.217,0.5,0,4,1,65.65,76.50000000000816,89.30000000000001,0.2655020429063181,0.006220189901723399,-0.04936098890780927,108.2,overripe
1763612332.1622307,1763612330.2266998,0.219,0.5,0,5,1,65.53,76.40000000000816,89.35,0.2647080609090414,0.006186672029514445,-0.04713753390978698,108.2,overripe
1763612332.3004196,1763612330.2266998,0.221,0.5,0,4,1,65.41,76.30000000000817,89.4,0.264004680770093,0.00615511530582064,-0.044719417270465744,108.2,overripe
1763612332.4411743,1763612330.2266998,0.223,0.5,0,6,1,65.29,76.20000000000817,89.44999999999999,0.26338702713162293,0.006125526549145109,-0.0422443953818093,108.2,overripe
1763612332.6935613,1763612330.2266998,0.225,0.5,0,6,1,65.22,76.10000000000818,89.5,0.26269800447957103,0.006097988421305634,-0.03962668860466423,108.2,overripe
1763612332.766054,1763612330.2266998,0.228,0.5,0,5,1,65.1,76.00000000000819,89.45,0.2621701556267542,0.0060727175961142275,-0.03663449768930083,108.2,overripe
1763612332.8911262,1763612330.2266998,0.232,0.5,0,6,1,64.98,75.90000000000819,89.5,0.2617732721404217,0.0060501118409017575,-0.03300544317169496,108.2,overripe
1763612332.9590433,1763612330.2266998,0.235,0.5,0,5,1,64.86,75.8000000000082,89.5,0.26150533278121624,0.006029963992899975,-0.029621418296852886,108.2,overripe
1763612333.037712,1763612330.2266998,0.236,0.5,1,3,1,64.74,75.7000000000082,89.5,0.26134835649356997,0.006011448714888306,-0.027406399251388297,108.2,overripe
1763612333.1944637,1763612330.2266998,0.24,0.5,0,5,1,64.62,75.60000000000821,89.6,0.2612624047513802,0.005995146651541533,-0.02429142613028934,108.2,overripe
1763612333.2575452,1763612330.2266998,0.245,0.5,2,5,1,64.5,75.50000000000821,89.65,0.2612709063078195,0.0059816217258766916,-0.020285416997274097,108.2,overripe
1763612333.313555,1763612330.2266998,0.249,0.5,0,5,1,64.38,75.40000000000822,89.75,0.2613980743132729,0.005970753871481694,-0.01640532965800018,108.2,overripe
1763612333.4651875,1763612330.2266998,0.253,0.5,0,6,1,64.26,75.30000000000823,89.85,0.2616390359999895,0.005962431455197332,-0.012642663672353144,108.2,overripe
1763612333.512932,1763612330.2266998,0.255,0.5,0,5,1,64.19,75.20000000000823,89.95,0.26184047761172063,0.005955996161391522,-0.00984229144790244,108.2,overripe
1763612333.6382804,1763612330.2266998,0.258,0.5,1,5,1,64.07,75.10000000000824,90.1,0.2621979909811886,0.005951319118615283,-0.007198897899279522,108.2,overripe
1763612333.770652,1763612330.2266998,0.262,0.5,1,5,1,63.95,75.00000000000824,90.15,0.2626689833732672,0.00594862683846428,-0.00416943683231269,108.2,overripe
1763612333.800585,1763612330.2266998,0.267,0.5,1,6,1,63.83,74.90000000000825,90.15,0.2632453645061091,0.005948308730806961,-0.0004955912356318093,108.2,overripe
1763612333.8589141,1763612330.2266998,0.27,0.5,1,5,1,63.76,74.80000000000825,90.2,0.26378706362162263,0.005949959226406773,0.002587823013616042,108.2,overripe
1763612333.9435856,1763612330.2266998,0.273,0.5,1,5,1,63.66,74.70000000000826,90.35,0.2644357206886241,0.005953288056883662,0.005251722628995259,108.2,overripe
1763612334.184521,1763612330.2266998,0.278,0.5,1,6,1,63.54,74.60000000000827,90.3,0.2652287547317025,0.005958716906634881,0.00861496692710717,108.2,overripe
1763612334.219656,1763612330.2266998,0.27999999999999997,0.5,2,4,1,63.47,74.50000000000827,90.4,0.26600201306643795,0.005965555991488181,0.010919847762966894,108.2,overripe
1763612334.256096,1763612330.2266998,0.283,0.5,1,5,1,63.35,74.40000000000828,90.44999999999999,0.2669312508227058,0.005973669941287371,0.013029679591996579,108.2,overripe
1763612334.4267497,1763612330.2266998,0.286,0.5,1,6,1,63.25,74.30000000000828,90.6,0.2679053883484606,0.0059830044798510566,0.01507507685889059,108.2,overripe
1763612334.472159,1763612330.2266998,0.283,0.5,2,4,1,63.13,74.20000000000829,90.6,0.2689890164444052,0.005991627379351529,0.014001216159270413,108.2,overripe
1763612334.4924183,1763612330.2266998,0.28099999999999997,0.5,1,5,1,63.01,74.1000000000083,90.69999999999999,0.2700691666924129,0.005998933850957813,0.011925949609424946,108.2,overripe
1763612334.6085007,1763612330.2266998,0.27799999999999997,0.5,1,4,1,62.99,74.0000000000083,90.7,0.2708051505550516,0.006004530991305003,0.009192407595867258,108.2,overripe
1763612334.6305296,1763612330.2266998,0.27899999999999997,0.5,1,5,1,62.87,73.9000000000083,90.7,0.27162160384673717,0.00600930102251334,0.007877175228722222,108.2,overripe
1763612334.7514966,1763612330.2266998,0.27899999999999997,0.5,2,4,1,62.8,73.80000000000831,90.85,0.27232982395447114,0.006013467546818951,0.006919565583258569,108.2,overripe
1763612334.8327005,1763612330.2266998,0.27599999999999997,0.5,0,3,1,62.68,73.70000000000832,90.85,0.27312584272808604,0.006016162538191427,0.004498852040778822,108.2,overripe
1763612335.1333454,1763612330.2266998,0.27899999999999997,0.5,2,6,1,62.56,73.60000000000832,91.0,0.2739129524280465,0.00601878511116918,0.004399394956385971,108.2,overripe
1763612335.3601463,1763612330.2266998,0.27799999999999997,0.5,1,4,1,62.44,73.50000000000833,91.0,0.27472598179323793,0.006020820283975408,0.0034301918989783076,108.2,overripe
1763612335.5634558,1763612330.2266998,0.27799999999999997,0.5,0,5,1,62.37,73.40000000000833,91.0,0.27537653518766697,0.006022414930509376,0.002701551658441159,108.2,overripe
1763612335.6357317,1763612330.2266998,0.276,0.5,1,3,1,62.25,73.30000000000834,91.05,0.2760897180982001,0.006022972619365773,0.0009493253248539779,108.2,overripe
1763612335.7331958,1763612330.2266998,0.276,0.5,0,6,1,62.13,73.20000000000834,91.2,0.27679681659348243,0.006022810463683911,-0.0002772948819553811,108.2,overripe
1763612335.933399,1763612330.2266998,0.27799999999999997,0.5,3,6,1,62.06,73.10000000000835,91.25,0.27734091961219426,0.006022763239042707,-8.115875643072146e-05,108.2,overripe
1763612336.1236851,1763612330.2266998,0.27899999999999997,0.5,2,5,1,61.99,73.00000000000836,91.35,0.2778253171340685,0.006022939554597853,0.00030456329381328695,108.2,overripe
1763612336.237251,1763612330.2266998,0.27899999999999997,0.5,1,5,1,61.87,72.90000000000836,91.4,0.27843811999802937,0.006023012633730816,0.00012682021591148285,108.2,overripe
1763612336.3841949,1763612330.2266998,0.27999999999999997,0.5,2,4,1,61.75,72.80000000000837,91.55,0.2791052176271592,0.006023114329389878,0.0001772524798112074,108.2,overripe
1763612336.4639566,1763612330.2266998,0.28099999999999997,0.5,2,5,1,61.63,72.70000000000837,91.7,0.27980318225181544,0.006023307465625773,0.0003380528016697637,108.2,overripe
1763612336.5754364,1763612330.2266998,0.28099999999999997,0.5,1,3,1,61.51,72.60000000000838,91.9,0.28052018997333833,0.00602333615726419,5.0427553404286396e-05,108.2,overripe
1763612336.6927903,1763612330.2266998,0.282,0.5,1,5,1,61.39,72.50000000000838,92.0,0.28123694586739534,0.00602336356256244,4.836289597598409e-05,108.2,overripe
1763612336.7496138,1763612330.2266998,0.284,0.5,2,5,1,61.27,72.40000000000839,92.2,0.28195733872270345,0.006023750345955243,0.0006853156589822218,108.2,overripe
1763612336.8363628,1763612330.2266998,0.283,0.5,3,4,1,61.2,72.3000000000084,92.4,0.2825458552750946,0.0060239051231652,0.0002754719157482266,108.2,overripe
1763612336.9389262,1763612330.2266998,0.284,0.5,1,4,1,61.08,72.2000000000084,92.55,0.28319976227554294,0.006024023127712127,0.00021090131987849814,108.2,overripe
1763612337.085683,1763612330.2266998,0.285,0.5,2,5,1,61.01,72.10000000000841,92.7,0.2837394806895576,0.00602428261289747,0.0004658511081530592,108.2,overripe
1763612337.2760773,1763612330.2266998,0.285,0.5,1,4,1,60.89,72.00000000000841,92.95,0.28438025660109784,0.006024405988487858,0.00022240929775746432,108.2,overripe
1763612337.3464053,1763612330.2266998,0.286,0.5,1,4,1,60.87,71.90000000000842,93.1,0.28476060803140324,0.00602470446913163,0.0005407249180243712,108.2,overripe
1763612337.4864964,1763612330.2266998,0.288,0.5,3,3,1,60.82,71.80000000000842,93.30000000000001,0.2851126071558397,0.006025549287754956,0.0015380593188741298,108.2,overripe
1763612337.7110372,1763612330.2266998,0.29,0.5,3,5,1,60.7,71.70000000000843,93.4,0.28568308922480806,0.00602699450589626,0.002642244012548811,108.2,overripe
1763612337.8634348,1763612330.2266998,0.292,0.5,2,5,1,60.58,71.60000000000844,93.6,0.2863785441086382,0.006029056366686908,0.0037841225100401776,108.2,overripe
1763612337.9922192,1763612330.2266998,0.295,0.5,3,4,1,60.46,71.50000000000844,94.0,0.2871518331941047,0.006032003998736754,0.00542950011523452,108.2,overripe
1763612338.0534227,1763612330.2266998,0.296,0.5,1,5,1,60.34,71.40000000000845,94.0,0.28799196718095027,0.006035411454211553,0.00629869947371936,108.2,overripe
1763612338.295298,1763612330.2266998,0.299,0.5,3,4,1,60.27,71.30000000000845,94.1,0.28871596185878595,0.006039684089553243,0.00792937146854883,108.2,overripe
1763612338.380763,1763612330.2266998,0.3,0.5,2,5,1,60.2,71.20000000000846,94.25,0.2894125941014714,0.006044465304098234,0.008910072562195948,108.2,overripe
1763612338.5911567,1763612330.2266998,0.299,0.5,1,4,1,60.08,71.10000000000846,94.45,0.290250686578782,0.0060489618347149615,0.008410646753051643,108.2,overripe
1763612338.7074888,1763612330.2266998,0.3,0.5,2,4,1,59.96,71.00000000000847,94.65,0.291134262755146,0.00605332861302434,0.008196403910770811,108.2,overripe
1763612338.7835827,1763612330.2266998,0.301,0.5,3,4,1,59.84,70.90000000000848,94.8,0.2920417029410278,0.006057642111691952,0.008123630391930536,108.2,overripe
1763612338.8207128,1763612330.2266998,0.304,0.5,4,4,1,59.72,70.80000000000848,94.95,0.2929621482247912,0.006062469026887795,0.009120518441687986,108.2,overripe
1763612338.875325,1763612330.2266998,0.307,0.5,2,5,1,59.65,70.70000000000849,95.0,0.2937642303567163,0.006068151371388176,0.010777102976523345,108.2,overripe
1763612338.917572,1763612330.2266998,0.309,0.5,2,5,1,59.58,70.60000000000849,95.15,0.2945365474363563,0.006074576636429235,0.012234119230263463,108.2,overripe
1763612338.9827669,1763612330.2266998,0.308,0.5,2,4,1,59.46,70.5000000000085,95.25,0.29546164143145703,0.00608081695836807,0.011923691901852829,108.2,overripe
1763612339.105013,1763612330.2266998,0.312,0.5,3,6,1,59.34,70.4000000000085,95.5,0.2964369406764656,0.006087731640517335,0.013255725990189371,108.2,overripe
1763612339.1639478,1763612330.2266998,0.315,0.5,3,6,1,59.22,70.30000000000851,95.55000000000001,0.2974755619509864,0.006095464212251928,0.014870771382341108,108.2,overripe
1763612339.3646588,1763612330.2266998,0.318,0.5,3,5,1,59.2,70.20000000000852,95.65,0.2982655793170732,0.006104220086731381,0.016907587349590525,108.2,overripe
1763612339.3984506,1763612330.2266998,0.318,0.5,2,4,1,59.08,70.10000000000852,95.85,0.29926665788318413,0.006113158090604214,0.017319925450147766,108.2,overripe
1763612339.7002547,1763612330.2266998,0.319,0.5,3,4,1,59.01,70.00000000000853,96.1,0.3002055503210563,0.0061222007723380455,0.017587741345609642,108.2,overripe
1763612339.9577,1763612330.2266998,0.319,0.5,2,5,1,58.89,69.90000000000853,96.1,0.3012676696408644,0.006130978700213832,0.01712897619246856,108.2,overripe
1763612340.0257144,1763612330.2266998,0.319,0.5,2,4,1,58.77,69.80000000000854,96.2,0.3023769501318513,0.0061393170882224155,0.016321372784815158,108.2,overripe
1763612340.062594,1763612330.2266998,0.319,0.5,1,5,1,58.7,69.70000000000854,96.35,0.30334219566249426,0.006147212143778492,0.015506965795838934,108.2,overripe
1763612340.1047158,1763612330.2266998,0.32,0.5,3,5,1,58.58,69.60000000000855,96.65,0.30437847752606545,0.006154848666065864,0.015046103203101124,108.2,overripe
1763612340.2145875,1763612330.2266998,0.321,0.5,3,4,1,58.46,69.50000000000855,96.85,0.305449385834089,0.006162319300900226,0.014762904530494336,108.2,overripe
1763612340.383189,1763612330.2266998,0.324,0.5,4,5,1,58.34,69.40000000000856,97.1,0.3065366873312794,0.0061701754470055775,0.015569457851012214,108.2,overripe
1763612340.5546944,1763612330.2266998,0.334,0.5,5,12,1,58.22,69.30000000000857,97.15,0.3076564250533223,0.006180438207764551,0.020396647537823498,108.2,overripe
1763612340.6088006,1763612330.2266998,0.345,0.5,6,11,1,58.1,69.20000000000857,97.25,0.3089040498018667,0.00619429771928387,0.02762248649370619,108.2,overripe
1763612340.7754538,1763612330.2266998,0.355,0.5,6,10,1,58.03,69.10000000000858,97.25,0.31018233882712504,0.006212092079943094,0.035580929320661425,108.2,overripe
1763612340.9877653,1763612330.2266998,0.366,0.5,6,10,1,57.91,69.00000000000858,97.2,0.3117397552061923,0.006234101778027757,0.044141878867700934,108.2,overripe
1763612341.0256777,1763612330.2266998,0.376,0.5,6,10,1,57.79,68.90000000000859,97.2,0.3135526663141448,0.006260148565409818,0.052388150722801785,108.2,overripe
1763612341.110161,1763612330.2266998,0.384,0.5,5,9,1,57.67,68.8000000000086,97.0,0.315594016041151,0.00628958757348993,0.05937639247732229,108.2,overripe
1763612341.238841,1763612330.2266998,0.395,0.5,6,8,1,57.55,68.7000000000086,96.94999999999999,0.3178228703719437,0.006322795311676937,0.06716233388729298,108.2,overripe
1763612341.3434708,1763612330.2266998,0.40199999999999997,0.5,5,10,1,57.43,68.6000000000086,96.95,0.3202546141043121,0.006358908240500803,0.07323798802530623,108.2,overripe
1763612341.4933522,1763612330.2266998,0.411,0.5,5,9,1,57.31,68.50000000000861,97.05,0.3228443015231761,0.006397954153076733,0.07940199954163307,108.2,overripe
1763612341.6120336,1763612330.2266998,0.42,0.5,5,9,1,57.24,68.40000000000862,97.05,0.3254332108407336,0.006439958314284779,0.08568993969167094,108.2,overripe
1763612341.863563,1763612330.2266998,0.43,0.5,5,9,1,57.12,68.30000000000862,96.9,0.32826141577539414,0.006485070938699528,0.09230015949080816,108.2,overripe
1763612341.9015417,1763612330.2266998,0.437,0.5,4,9,1,57,68.20000000000863,96.6,0.3312982777861343,0.006532584031529416,0.09748250984696682,108.2,overripe
1763612341.948452,1763612330.2266998,0.441,0.5,5,8,1,56.88,68.10000000000863,96.55000000000001,0.3344888791929672,0.0065813871049822175,0.10040151462358338,108.2,overripe
1763612341.9721813,1763612330.2266998,0.448,0.5,4,10,1,56.76,68.00000000000864,96.44999999999999,0.33776715147864234,0.006631647882126991,0.10367804542963299,108.2,overripe
1763612342.0003896,1763612330.2266998,0.453,0.5,3,8,0,56.69,67.90000000000865,96.30000000000001,0.3409713980637426,0.006682995375009239,0.1062512003903951,108.2,overripe
1763612342.0842805,1763612330.2266998,0.458,0.5,3,8,0,56.57,67.90000000000865,96.1,0.34432726052823454,0.006735175927851353,0.10828403869883435,108.2,overripe
1763612342.2165136,1763612330.2266998,0.46399999999999997,0.5,5,8,0,56.5,67.90000000000865,95.94999999999999,0.34761217453859516,0.006788347968345062,0.11069347507493926,108.2,overripe
1763612342.2324831,1763612330.2266998,0.472,0.5,4,8,0,56.5,67.90000000000865,95.80000000000001,0.3506570252223866,0.006843128824582949,0.11449579958438061,108.2,overripe
1763612342.388768,1763612330.2266998,0.477,0.5,4,7,0,56.45,67.90000000000865,95.6,0.35380934332691116,0.006899020759545742,0.11726706907647244,108.2,overripe
1763612342.4453828,1763612330.2266998,0.481,0.5,4,7,0,56.45,67.90000000000865,95.55,0.35686172030893143,0.006955584777228305,0.11917648589276036,108.2,overripe
1763612342.5046594,1763612330.2266998,0.487,0.5,5,8,0,56.5,67.90000000000865,95.35,0.3596956540206811,0.007013129194676047,0.12182344908016479,108.2,overripe
1763612342.5523293,1763612330.2266998,0.495,0.5,4,9,0,56.5,67.90000000000865,95.30000000000001,0.36262512012082704,0.007072205009353265,0.1256344314295959,108.2,overripe
1763612342.6400776,1763612330.2266998,0.498,0.5,4,6,0,56.6,67.90000000000865,95.19999999999999,0.365302754289195,0.0071319949531086415,0.12782702148601643,108.2,overripe
1763612342.748262,1763612330.2266998,0.506,0.5,5,8,0,56.6,67.90000000000865,95.15,0.36820102100100394,0.0071931545984700185,0.1313638668866018,108.2,overripe
1763612342.9726138,1763612330.2266998,0.514,0.5,5,8,0,56.6,67.90000000000865,95.05000000000001,0.3712626330026041,0.007255980071728987,0.1355198109411988,108.2,overripe
1763612343.016703,1763612330.2266998,0.519,0.5,4,7,0,56.65,67.90000000000865,94.95,0.3742755186652057,0.007319951981053808,0.13861570330669581,108.2,overripe
1763612343.1601481,1763612330.2266998,0.522,0.5,4,7,0,56.65,67.90000000000865,94.95,0.377459410377824,0.00738429266349742,0.13998620060812678,108.2,overripe
1763612343.2642932,1763612330.2266998,0.527,0.5,5,7,0,56.6,67.90000000000865,94.9,0.38090334630159967,0.0074490270761144745,0.14131945919137573,108.2,overripe
1763612343.3509843,1763612330.2266998,0.529,0.5,4,5,0,56.6,67.90000000000865,94.7,0.38430616659048455,0.007513531124265917,0.1413052361560032,108.2,overripe
1763612343.5228693,1763612330.2266998,0.533,0.5,4,6,0,56.6,67.90000000000865,94.55000000000001,0.38766611524271705,0.0075779641087480015,0.1416395861305268,108.2,overripe
1763612343.5668697,1763612330.2266998,0.535,0.5,3,6,0,56.6,67.90000000000865,94.5,0.39100676502800696,0.0076419530037787125,0.14114608565861503,108.2,overripe
1763612343.6152828,1763612330.2266998,0.539,0.5,4,7,0,56.6,67.90000000000865,94.5,0.39431661517812633,0.0077057782238868985,0.14125981016518474,108.2,overripe
1763612343.6951187,1763612330.2266998,0.546,0.5,5,7,0,56.55,67.90000000000865,94.55,0.3978066868245366,0.007770198366477705,0.14298152584711893,108.2,overripe
1763612343.8578901,1763612330.2266998,0.553,0.5,4,9,0,56.65,67.90000000000865,94.55,0.4008430340424484,0.007835742597686551,0.14605107229337938,108.2,overripe
1763612343.9849114,1763612330.2266998,0.557,0.5,5,6,0,56.65,67.90000000000865,94.5,0.40407840524210137,0.007901871291272941,0.14786864792581256,108.2,overripe
1763612344.10933,1763612330.2266998,0.559,0.5,4,6,0,56.65,67.90000000000865,94.6,0.4074150177741796,0.007967871390165216,0.1480585088097774,108.2,overripe
1763612344.272317,1763612330.2266998,0.5630000000000001,0.5,4,7,0,56.7,67.90000000000865,94.6,0.4105816569059856,0.008033904051302002,0.148655106385993,108.2,overripe
1763612344.3372068,1763612330.2266998,0.5660000000000001,0.5,3,7,0,56.75,67.90000000000865,94.6,0.4136643302676443,0.008099830203406185,0.148954051378345,108.2,overripe
1763612344.4656112,1763612330.2266998,0.5690000000000001,0.5,3,6,0,56.75,67.90000000000865,94.5,0.4168975602019371,0.00816553000657328,0.14891163062105767,108.2,overripe
1763612344.5500538,1763612330.2266998,0.571,0.5,4,7,0,56.75,67.90000000000865,94.44999999999999,0.42019782111414156,0.008230730154497597,0.1482067742973558,108.2,overripe
1763612344.5882201,1763612330.2266998,0.573,0.5,4,7,0,56.8,67.90000000000865,94.35,0.42330627392433773,0.008295367008730885,0.14739602378141092,108.2,overripe
1763612344.6755998,1763612330.2266998,0.575,0.5,3,7,0,56.75,67.90000000000865,94.35,0.4267135892697612,0.008359300663459317,0.14613755958311303,108.2,overripe
1763612344.770184,1763612330.2266998,0.579,0.5,4,6,0,56.75,67.90000000000865,94.2,0.43004417745647766,0.00842296872710698,0.14588139696995944,108.2,overripe
1763612344.930302,1763612330.2266998,0.581,0.5,3,6,0,56.75,67.90000000000865,94.1,0.433340660828206,0.008486153399133629,0.14512212638501254,108.2,overripe
1763612345.1252508,1763612330.2266998,0.584,0.5,4,6,0,56.75,67.90000000000865,94.0,0.43660197322849575,0.008548974263499601,0.1446294203781135,108.2,overripe
1763612345.1841168,1763612330.2266998,0.588,0.5,4,6,0,56.7,67.90000000000865,93.94999999999999,0.4400531013297001,0.008611648875356379,0.1445625954736045,108.2,overripe
1763612345.2744064,1763612330.2266998,0.593,0.5,4,7,0,56.7,67.90000000000865,93.9,0.44338957742095536,0.008674563711890527,0.14541827098069698,108.2,overripe
1763612345.3436315,1763612330.2266998,0.595,0.5,4,6,0,56.7,67.90000000000865,93.94999999999999,0.44668445827361647,0.008737257328027574,0.1452194659272097,108.2,overripe
1763612345.417589,1763612330.2266998,0.6,0.5,4,8,0,56.65,67.90000000000865,93.9,0.4501591965614648,0.008800091230590024,0.1457927655389482,108.2,overripe
1763612345.478414,1763612330.2266998,0.601,0.5,4,6,0,56.65,67.90000000000865,93.85,0.4535206075288805,0.00886244309374778,0.14495537352132598,108.2,overripe
1763612345.5744712,1763612330.2266998,0.594,0.5,4,6,0,56.65,67.90000000000865,93.65,0.4567964541480165,0.008922301281280227,0.13944153637708667,108.2,overripe
1763612345.617283,1763612330.2266998,0.587,0.5,4,6,0,56.65,67.90000000000865,93.6,0.45991317635852996,0.008978722501920949,0.1317058189040216,108.2,overripe
1763612345.7405438,1763612330.2266998,0.582,0.5,4,7,0,56.7,67.90000000000865,93.55,0.46261285011202513,0.009031793465153246,0.12419664751925064,108.2,overripe
1763612345.891024,1763612330.2266998,0.575,0.5,3,6,0,56.6,67.90000000000865,93.4,0.46569389037312925,0.009080960585320024,0.11521085844250856,108.2,overripe
1763612346.019732,1763612330.2266998,0.5690000000000001,0.5,4,6,0,56.6,67.90000000000865,93.3,0.4684032964378931,0.009126356416356559,0.1065490779699258,108.2,overripe
1763612346.1393785,1763612330.2266998,0.5660000000000001,0.5,4,7,0,56.55,67.90000000000865,93.15,0.47106057952377406,0.0091686565562407,0.09941560768013541,108.2,overripe
1763612346.3103044,1763612330.2266998,0.562,0.5,4,6,0,56.55,67.90000000000865,93.05,0.4734025147455017,0.009208092268136405,0.09283557885645305,108.2,overripe
1763612346.3981435,1763612330.2266998,0.557,0.5,4,6,0,56.55,67.90000000000865,92.75,0.4755183263841387,0.00924460235370915,0.0861007204168387,108.2,overripe
1763612346.5063272,1763612330.2266998,0.552,0.5,4,5,0,56.55,67.90000000000865,92.69999999999999,0.47744373405168244,0.00927819550063295,0.07936578934880628,108.2,overripe
1763612346.5857127,1763612330.2266998,0.549,0.5,5,6,0,56.5,67.90000000000865,92.65,0.479430691101119,0.00930925273419046,0.07347407059912536,108.2,overripe
1763612346.654358,1763612330.2266998,0.546,0.5,4,7,0,56.5,67.90000000000865,92.55,0.4811619364253164,0.009338073038001687,0.06829044442480575,108.2,overripe
1763612346.7686675,1763612330.2266998,0.543,0.5,4,6,0,56.5,67.90000000000865,92.4,0.48271496539274605,0.009364831245589404,0.0635112250323151,108.2,overripe
1763612346.8174253,1763612330.2266998,0.54,0.5,4,6,0,56.45,67.90000000000865,92.5,0.4843640999906393,0.009389552079795293,0.05874899522189131,108.2,overripe
1763612346.8837593,1763612330.2266998,0.535,0.5,3,6,0,56.4,67.90000000000865,92.5,0.48601074946963907,0.009411849932223154,0.05304579813662624,108.2,overripe
1763612346.987538,1763612330.2266998,0.534,0.5,4,6,0,56.4,67.90000000000865,92.5,0.4873493653457066,0.009432493535752536,0.04917890845742612,108.2,overripe
1763612347.0518382,1763612330.2266998,0.534,0.5,4,7,0,56.4,67.90000000000865,92.4,0.4885107322851303,0.009452088540125064,0.04675340461643607,108.2,overripe
1763612347.1587474,1763612330.2266998,0.53,0.5,4,5,0,56.45,67.90000000000865,92.35,0.4893355717218135,0.009470197075406703,0.043296496728969736,108.2,overripe
1763612347.1885388,1763612330.2266998,0.529,0.5,4,7,0,56.45,67.90000000000865,92.25,0.49017787553092046,0.009487162580837429,0.04063815869447113,108.2,overripe
1763612347.2143693,1763612330.2266998,0.528,0.5,3,7,0,56.45,67.90000000000865,92.2,0.49100833725056575,0.009503166338830723,0.038399679862130054,108.2,overripe
1763612347.2250516,1763612330.2266998,0.527,0.5,4,6,0,56.45,67.90000000000865,92.15,0.49181273509063694,0.009518308581835373,0.03639127346571103,108.2,overripe
1763612347.2402294,1763612330.2266998,0.525,0.5,5,6,0,56.4,67.90000000000865,92.15,0.4928223843753222,0.00953234876138792,0.03377961990285183,108.2,overripe
1763612347.2517893,1763612330.2266998,0.521,0.5,3,6,0,56.4,67.90000000000865,92.19999999999999,0.4936624990748921,0.009544859274096758,0.030138503064194966,108.2,overripe
1763612347.2618628,1763612330.2266998,0.521,0.5,4,6,0,56.35,67.90000000000865,92.25,0.49460567423599966,0.009556386261981699,0.02779482683354395,108.2,overripe
1763612347.2720475,1763612330.2266998,0.517,0.5,3,6,0,56.35,67.90000000000865,92.25,0.4953508098217307,0.009566472243838362,0.02434944071304118,108.2,overripe
1763612347.2872202,1763612330.2266998,0.514,0.5,4,6,0,56.25,67.90000000000865,92.2,0.4964259225193864,0.009574928900767374,0.020424202747999554,108.2,overripe
1763612347.3457596,1763612330.2266998,0.515,0.5,4,8,0,56.2,67.90000000000865,92.1,0.49738053022513135,0.009582603502082685,0.01854453240856163,108.2,overripe
1763612347.3609183,1763612330.2266998,0.514,0.5,3,7,0,56.2,67.90000000000865,92.05000000000001,0.49803728909707123,0.00958960096002683,0.016925242219775205,108.2,overripe
1763612347.3760474,1763612330.2266998,0.513,0.5,5,6,0,56.2,67.90000000000865,91.85,0.4985301091827789,0.009595981076308763,0.015451156475644379,108.2,overripe
1763612347.6222684,1763612330.2266998,0.514,0.5,4,6,0,56.25,67.90000000000865,91.7,0.49868650311213103,0.009602289106884349,0.015304129717080617,108.2,overripe
1763612347.759806,1763612330.2266998,0.514,0.5,4,6,0,56.25,67.90000000000865,91.65,0.49892661981480513,0.009608490245333718,0.015068696599800702,108.2,overripe
1763612347.851428,1763612330.2266998,0.513,0.5,3,5,0,56.2,67.90000000000865,91.65,0.49944515917577087,0.009614267383904723,0.014052499031532106,108.2,overripe
1763612347.996384,1763612330.2266998,0.511,0.5,3,6,0,56.15,67.90000000000865,91.5,0.5000840348337237,0.009619264866149186,0.012164794269927892,108.2,overripe
1763612348.3282323,1763612330.2266998,0.509,0.5,3,7,0,56.15,67.90000000000865,91.5,0.5005133570364606,0.00962341430989971,0.010111057515365118,108.2,overripe
1763612348.4475334,1763612330.2266998,0.505,0.5,3,6,0,56.15,67.90000000000865,91.4,0.500813988674578,0.009626282868800276,0.00699821860133476,108.2,overripe
1763612348.534944,1763612330.2266998,0.503,0.5,3,6,0,56.15,67.90000000000865,91.3,0.5010056476155663,0.009628084356071832,0.004400456022390142,108.2,overripe
1763612348.644684,1763612330.2266998,0.504,0.5,5,6,0,56.2,67.90000000000865,91.3,0.5008798968067439,0.009629646805886556,0.0038231550122342917,108.2,overripe
1763612348.7821026,1763612330.2266998,0.502,0.5,3,6,0,56.15,67.90000000000865,91.30000000000001,0.5010921480328663,0.009630569238324092,0.0022593778766228922,108.2,overripe
1763612348.8092537,1763612330.2266998,0.501,0.5,3,6,0,56.1,67.90000000000865,91.25,0.5014464027061817,0.009630866816831937,0.0007293602485628492,108.2,overripe
1763612348.8860192,1763612330.2266998,0.501,0.5,2,7,0,56.1,67.90000000000865,91.25,0.5016150291201552,0.009630855751135963,-2.7147642782998638e-05,108.2,overripe
1763612348.9245698,1763612330.2266998,0.499,0.5,4,5,0,56.1,67.90000000000865,91.15,0.5016910187037623,0.009630286902353277,-0.0013970779650761544,108.2,overripe
1763612348.9356785,1763612330.2266998,0.498,0.5,5,5,0,56.1,67.90000000000865,91.1,0.5016996669085875,0.00962924870052813,-0.0025526965392443923,108.2,overripe
1763612348.9457846,1763612330.2266998,0.496,0.5,3,5,0,56,67.90000000000865,91.0,0.5021461814439759,0.009627389380285071,-0.0045726962593043985,108.2,overripe
1763612348.9558685,1763612330.2266998,0.496,0.5,4,6,0,56,67.90000000000865,90.9,0.5022994736198052,0.009625149456272419,-0.005512731027469409,108.2,overripe
1763612348.9659452,1763612330.2266998,0.498,0.5,5,6,0,55.95,67.90000000000865,90.7,0.5025483334503108,0.009623055950247332,-0.005154962154142906,108.2,overripe
1763612348.9834588,1763612330.2266998,0.498,0.5,4,6,0,55.95,67.90000000000865,90.6,0.5026218503538092,0.009621057477672283,-0.004925164705725293,108.2,overripe
1763612349.0053198,1763612330.2266998,0.497,0.5,4,5,0,55.95,67.90000000000865,90.5,0.502608860669,0.009618925103180359,-0.005260517844958068,108.2,overripe
1763612349.015601,1763612330.2266998,0.494,0.5,3,5,0,55.9,67.90000000000865,90.4,0.5027836236270118,0.009616045069888106,-0.007109452214990819,108.2,overripe
1763612349.0257072,1763612330.2266998,0.493,0.5,3,6,0,55.9,67.90000000000865,90.25,0.502776120360421,0.009612629504187654,-0.008439034654410482,108.2,overripe
1763612349.0408492,1763612330.2266998,0.491,0.5,4,6,0,55.9,67.90000000000865,90.15,0.5026690300745876,0.00960858611058225,-0.010000487221582421,108.2,overripe
1763612349.0940282,1763612330.2266998,0.489,0.5,3,5,0,55.9,67.90000000000865,90.0,0.5024933221224112,0.00960387718796849,-0.011659050695908557,108.2,overripe
1763612349.2087212,1763612330.2266998,0.489,0.5,4,6,0,55.9,67.90000000000865,90.0,0.5022649199557699,0.009598895513984206,-0.012347784242518645,108.2,overripe
1763612349.3183267,1763612330.2266998,0.487,0.5,3,5,0,55.9,67.90000000000865,90.0,0.5020133115252222,0.009593432809310477,-0.013554743668596547,108.2,overripe
1763612349.3537755,1763612330.2266998,0.484,0.5,3,5,0,55.95,67.90000000000865,90.0,0.5014922407179001,0.009587291056134383,-0.015262956789587279,108.2,overripe
1763612349.4729464,1763612330.2266998,0.48200000000000004,0.5,2,5,0,55.95,67.90000000000865,90.0,0.5010535705542797,0.009580483477239077,-0.016938928590123248,108.2,overripe
1763612349.5461984,1763612330.2266998,0.48000000000000004,0.5,3,5,0,56.05,67.90000000000865,90.05,0.5001600021912456,0.009573222972187035,-0.01810268120916736,108.2,overripe
1763612349.6293533,1763612330.2266998,0.47900000000000004,0.5,4,6,0,56.1,67.90000000000865,90.15,0.499272938072028,0.009565719504365525,-0.018744277580988844,108.2,overripe
1763612349.6705513,1763612330.2266998,0.47800000000000004,0.5,3,6,0,56.1,67.90000000000865,90.3,0.49862779769511495,0.00955797874015039,-0.01936346744959533,108.2,overripe
1763612349.8112853,1763612330.2266998,0.47600000000000003,0.5,2,6,0,56.1,67.90000000000865,90.3,0.4980974954260899,0.00954980633923562,-0.02046533030333003,108.2,overripe
1763612349.927063,1763612330.2266998,0.47400000000000003,0.5,2,5,0,56.1,67.90000000000865,90.3,0.49760825759581007,0.009541112197526378,-0.021792175034430095,108.2,overripe
1763612349.988735,1763612330.2266998,0.47300000000000003,0.5,4,6,0,56.07,67.90000000000865,90.15,0.49726670699921016,0.009531997796985107,-0.022858665718520133,108.2,overripe
1763612350.0642002,1763612330.2266998,0.47100000000000003,0.5,4,5,0,56.07,67.90000000000865,90.2,0.4968473624711384,0.009522377639220819,-0.02414334183079342,108.2,overripe
1763612350.1947613,1763612330.2266998,0.47100000000000003,0.5,5,5,0,56.07,67.90000000000865,90.5,0.49637373308857674,0.00951261369930038,-0.024521722768404197,108.2,overripe
1763612350.2406197,1763612330.2266998,0.47100000000000003,0.5,4,6,0,56.12,67.90000000000865,90.5,0.49564084443944717,0.009502983403963178,-0.02421483927936091,108.2,overripe
1763612350.2533524,1763612330.2266998,0.47100000000000003,0.5,3,6,0,56.12,67.90000000000865,90.5,0.49502722382176567,0.00949352131488375,-0.0238142212417225,108.2,overripe
1763612350.3014193,1763612330.2266998,0.46900000000000003,0.5,3,5,0,56.07,67.90000000000865,90.65,0.49471579650028663,0.009483746698708561,-0.024609295210265003,108.2,overripe
1763612350.3439057,1763612330.2266998,0.466,0.5,3,5,0,56.07,67.90000000000865,90.9,0.4942970740027767,0.009473328300596938,-0.026243823357765927,108.2,overripe
1763612350.5077655,1763612330.2266998,0.464,0.5,2,5,0,56.02,67.90000000000865,91.1,0.4940361666043731,0.00946221053192688,-0.028009541281867723,108.2,overripe
1763612350.662313,1763612330.2266998,0.46,0.5,2,5,0,56.02,67.90000000000865,91.19999999999999,0.49359725903232804,0.009450076080137352,-0.030583946371075366,108.2,overripe
1763612350.8438697,1763612330.2266998,0.46,0.5,4,6,0,56.02,67.90000000000865,91.35,0.4930346169370389,0.009437574084499809,-0.03152796060641255,108.2,overripe
1763612350.9491253,1763612330.2266998,0.458,0.5,3,5,0,55.97,67.90000000000865,91.45,0.49265342515581434,0.009424530079992686,-0.032900096990501115,108.2,overripe
1763612351.1924314,1763612330.2266998,0.454,0.5,2,5,0,55.97,67.90000000000865,91.55,0.4921078587664245,0.009410567897401233,-0.0352311946837679,108.2,overripe
1763612351.207388,1763612330.2266998,0.454,0.5,3,6,0,55.99,67.90000000000865,91.69999999999999,0.49135228220315896,0.009396345732421402,-0.03591395016183063,108.2,overripe
1763612351.2245703,1763612330.2266998,0.453,0.5,3,6,0,55.89,67.90000000000865,91.9,0.49106627406718256,0.009381750888524458,-0.03684710804651842,108.2,overripe
1763612351.460612,1763612330.2266998,0.454,0.5,3,7,0,55.89,67.90000000000865,92.0,0.49053145796469727,0.00936732814778682,-0.03642187495436516,108.2,overripe
1763612351.5078135,1763612330.2266998,0.452,0.5,2,6,0,55.89,67.90000000000865,92.05000000000001,0.48989114510502096,0.009352748302558597,-0.03683635359985493,108.2,overripe
1763612351.6867886,1763612330.2266998,0.447,0.5,3,4,0,55.89,67.90000000000865,92.15,0.4891854571088561,0.009337258634068682,-0.03915806135627309,108.2,overripe
1763612351.8086689,1763612330.2266998,0.446,0.5,3,6,0,55.94,67.90000000000865,92.2,0.48817021142376,0.009321391348998924,-0.040156513547468464,108.2,overripe
1763612351.8188946,1763612330.2266998,0.444,0.5,3,6,0,55.99,67.90000000000865,92.30000000000001,0.48700524047118693,0.009305212750265485,-0.040998391533041134,108.2,overripe
1763612351.8573856,1763612330.2266998,0.443,0.5,3,6,0,55.99,67.90000000000865,92.5,0.4859925656957809,0.009288855992949032,-0.04148914122670805,108.2,overripe
1763612352.0425649,1763612330.2266998,0.441,0.5,2,6,0,55.99,67.90000000000865,92.65,0.485054728258695,0.009272190966403561,-0.042303016024158535,108.2,overripe
1763612352.1997116,1763612330.2266998,0.443,0.5,4,6,0,55.99,67.90000000000865,92.75,0.4841427938351503,0.009255944722121563,-0.04126693771788209,108.2,overripe
1763612352.2903984,1763612330.2266998,0.442,0.5,3,5,0,56.01,67.90000000000865,92.85,0.48318112969903665,0.00923991718775745,-0.040743201640402515,108.2,overripe
1763612352.384895,1763612330.2266998,0.44,0.5,4,4,0,56.01,67.90000000000865,93.0,0.4822878671954088,0.009223771989060627,-0.04106890316609174,108.2,overripe
1763612352.4699507,1763612330.2266998,0.44,0.5,3,6,0,55.91,67.90000000000865,93.19999999999999,0.4818780938516834,0.009207542722329215,-0.04126861183702485,108.2,overripe
1763612352.643723,1763612330.2266998,0.44,0.5,4,5,0,55.91,67.90000000000865,93.3,0.48124631810538876,0.009191443904483003,-0.040941577098059456,108.2,overripe
1763612352.735673,1763612330.2266998,0.438,0.5,3,6,0,55.91,67.90000000000865,93.3,0.48051274525353904,0.009175185881736424,-0.04136037474987442,108.2,overripe
1763612352.7792711,1763612330.2266998,0.438,0.5,3,6,0,55.91,67.90000000000865,93.45,0.47971663688951266,0.009159021451226813,-0.041140451637680375,108.2,overripe
1763612352.9092782,1763612330.2266998,0.44,0.5,5,6,0,55.91,67.90000000000865,93.55000000000001,0.4788983626715711,0.009143465849373804,-0.03961027004565493,108.2,overripe
1763612352.986593,1763612330.2266998,0.438,0.5,3,4,0,55.91,67.90000000000865,93.7,0.4780984175742651,0.009127979324315631,-0.03945437126130702,108.2,overripe
1763612353.1146293,1763612330.2266998,0.437,0.5,2,6,0,55.96,67.90000000000865,93.8,0.4770671448984739,0.009112589855733062,-0.039245121741994904,108.2,overripe
1763612353.31105,1763612330.2266998,0.436,0.5,3,6,0,55.91,67.90000000000865,93.9,0.47638007458298465,0.00909711657288634,-0.03946906300474512,108.2,overripe
1763612353.3642828,1763612330.2266998,0.437,0.5,4,5,0,55.96,67.90000000000865,93.94999999999999,0.4754022727403116,0.00908205664773662,-0.03844676695119181,108.2,overripe
1763612353.488228,1763612330.2266998,0.434,0.5,2,5,0,55.96,67.90000000000865,94.05,0.47453095095795156,0.009066768971781644,-0.039053198063391636,108.2,overripe
1763612353.6497428,1763612330.2266998,0.432,0.5,3,6,0,56.01,67.90000000000865,94.2,0.4734634267414445,0.009051233994707395,-0.03972455029416455,108.2,overripe
1763612353.754452,1763612330.2266998,0.43,0.5,3,5,0,56.01,67.90000000000865,94.30000000000001,0.472518048994587,0.009035348669313511,-0.040648610770947,108.2,overripe
1763612353.7957478,1763612330.2266998,0.43,0.5,2,7,0,56.01,67.90000000000865,94.4,0.4716218027400134,0.00901945685362723,-0.0406870836281934,108.2,overripe
1763612353.9674275,1763612330.2266998,0.428,0.5,2,4,0,56.06,67.90000000000865,94.35,0.47053338573125586,0.009003431701021466,-0.04106602617534588,108.2,overripe
1763612354.0826333,1763612330.2266998,0.427,0.5,3,5,0,56.06,67.90000000000865,94.5,0.4695681515801576,0.008987311816978311,-0.041334471802202566,108.2,overripe
1763612354.1824706,1763612330.2266998,0.428,0.5,5,6,0,56.11,67.90000000000865,94.6,0.4684382510051186,0.008971601653506394,-0.04032141111614107,108.2,overripe
1763612354.2156174,1763612330.2266998,0.428,0.5,3,5,0,56.11,67.90000000000865,94.75,0.46747506661302546,0.008956253282895092,-0.03941664666853667,108.2,overripe
1763612354.2486346,1763612330.2266998,0.426,0.5,3,5,0,56.11,67.90000000000865,94.9,0.46660327828349224,0.008940850355572953,-0.03957406831124788,108.2,overripe
1763612354.285568,1763612330.2266998,0.426,0.5,2,6,0,56.11,67.90000000000865,95.05000000000001,0.4657648554593836,0.008925578833010218,-0.03925025047326147,108.2,overripe
1763612354.4402335,1763612330.2266998,0.425,0.5,2,5,0,56.06,67.90000000000865,95.2,0.4651744903898017,0.008910239987699317,-0.03941718789674059,108.2,overripe
1763612354.5116532,1763612330.2266998,0.427,0.5,4,5,0,56.06,67.90000000000865,95.45,0.4644774942891795,0.008895415191052913,-0.03809884304264899,108.2,overripe
1763612354.670039,1763612330.2266998,0.428,0.5,4,5,0,56.06,67.90000000000865,95.55000000000001,0.46375582392851006,0.00888118918552384,-0.03656649830524478,108.2,overripe
1763612354.867387,1763612330.2266998,0.426,0.5,4,4,0,56.06,67.90000000000865,95.7,0.46303968294689024,0.008867013696027626,-0.03644502013525763,108.2,overripe
1763612354.996556,1763612330.2266998,0.424,0.5,2,5,0,56.11,67.90000000000865,95.85,0.4620916785428221,0.008852712530084036,-0.036794347137005856,108.2,overripe
1763612355.0743055,1763612330.2266998,0.425,0.5,3,6,0,56.13,67.90000000000865,96.1,0.4611535676346124,0.008838727388766543,-0.0360049019317043,108.2,overripe
1763612355.1512897,1763612330.2266998,0.426,0.5,2,6,0,56.18,67.90000000000865,96.25,0.46010782773558556,0.008825325775918534,-0.03453349488413149,108.2,overripe
1763612355.3066583,1763612330.2266998,0.423,0.5,3,4,0,56.18,67.90000000000865,96.45,0.45925182085197297,0.008811764063751854,-0.03496465442624591,108.2,overripe
1763612355.468278,1763612330.2266998,0.423,0.5,4,5,0,56.18,67.90000000000865,96.6,0.45846703190555166,0.008798261839185193,-0.03482344869268811,108.2,overripe
1763612355.7038903,1763612330.2266998,0.422,0.5,3,6,0,56.18,67.90000000000865,96.75,0.4577250529533035,0.00878473213429371,-0.03490326134687177,108.2,overripe
1763612355.8136568,1763612330.2266998,0.42,0.5,3,5,0,56.18,67.90000000000865,96.9,0.45700147131591023,0.008770938869968553,-0.035590575512694345,108.2,overripe
1763612355.8907225,1763612330.2266998,0.418,0.5,2,5,0,56.18,67.90000000000865,96.95,0.4562740773903882,0.008756769137581588,-0.03656862948878031,108.2,overripe
1763612355.9387164,1763612330.2266998,0.418,0.5,2,6,0,56.18,67.90000000000865,97.1,0.45553204127800956,0.00874255889802533,-0.036679317327205585,108.2,overripe
1763612356.1252894,1763612330.2266998,0.418,0.5,2,6,0,56.18,67.90000000000865,97.25,0.454790365261279,0.008728473055034386,-0.03636400328587702,108.2,overripe
1763612356.303616,1763612330.2266998,0.421,0.5,4,6,0,56.18,67.90000000000865,97.35,0.45405639204107634,0.008715172014593615,-0.0343432110533754,108.2,overripe
1763612356.3386688,1763612330.2266998,0.424,0.5,3,7,0,56.18,67.90000000000865,97.55,0.4533638591258612,0.008702971140236177,-0.0315072686320107,108.2,overripe
1763612356.3733885,1763612330.2266998,0.423,0.5,4,5,0,56.18,67.90000000000865,97.75,0.45272886375080085,0.008691239248351825,-0.03030056850387558,108.2,overripe
1763612356.409335,1763612330.2266998,0.424,0.5,4,5,0,56.18,67.90000000000865,97.9,0.45211841801152025,0.008680049565536169,-0.028904270388057596,108.2,overripe
1763612356.4197333,1763612330.2266998,0.427,0.5,4,6,0,56.18,67.90000000000865,98.05,0.4515362544572722,0.008669819479980767,-0.026429180645540895,108.2,overripe
1763612356.429797,1763612330.2266998,0.428,0.5,4,6,0,56.18,67.90000000000865,98.1,0.45100404733281985,0.008660356573537793,-0.02445051042695423,108.2,overripe
1763612356.4419768,1763612330.2266998,0.429,0.5,4,6,0,56.18,67.90000000000865,98.1,0.45051176792681674,0.00865155877890162,-0.022734999473883966,108.2,overripe
1763612356.457151,1763612330.2266998,0.427,0.5,3,5,0,56.18,67.90000000000865,98.0,0.4500540971545165,0.008642788938654403,-0.022665712928050086,108.2,overripe
1763612356.4747686,1763612330.2266998,0.428,0.5,3,6,0,56.18,67.90000000000865,98.15,0.4495978853220264,0.008634315021454383,-0.02190369320879315,108.2,overripe
1763612356.5835302,1763612330.2266998,0.43,0.5,4,5,0,56.18,67.90000000000865,98.35000000000001,0.44915706978034886,0.008626458651658566,-0.020309973723732222,108.2,overripe
1763612356.7023833,1763612330.2266998,0.431,0.5,3,7,0,56.18,67.90000000000865,98.55,0.44874838024034885,0.008619177661377809,-0.01882483221204051,108.2,overripe
1763612356.7813962,1763612330.2266998,0.43,0.5,2,6,0,56.18,67.90000000000865,98.80000000000001,0.44836962253491036,0.008612058805149966,-0.01840784852075622,108.2,overripe
1763612356.9269261,1763612330.2266998,0.43,0.5,3,6,0,56.13,67.90000000000865,98.9,0.44821460080880476,0.008605004869516368,-0.018233713801727724,108.2,overripe
1763612357.042936,1763612330.2266998,0.432,0.5,3,7,0,56.13,67.90000000000865,99.05,0.44795504114211493,0.008598441275378564,-0.016964597638576384,108.2,overripe
1763612357.176341,1763612330.2266998,0.432,0.5,4,6,0,56.13,67.90000000000865,99.19999999999999,0.44766709702456786,0.008592184546505021,-0.01617187527279862,108.2,overripe
1763612357.2343855,1763612330.2266998,0.433,0.5,3,6,0,56.15,67.90000000000865,99.4,0.44728227695110545,0.008586369360205057,-0.01503466607522086,108.2,overripe
1763612357.2646399,1763612330.2266998,0.433,0.5,2,6,0,56.15,67.90000000000865,99.45,0.4469500408617174,0.00858082928252903,-0.014326235423775091,108.2,overripe
1763612357.5286813,1763612330.2266998,0.434,0.5,4,6,0,56.2,67.90000000000865,99.5,0.4464323917330804,0.008575758633590192,-0.013120489014109282,108.2,overripe
1763612357.6931245,1763612330.2266998,0.433,0.5,3,5,0,56.2,67.90000000000865,99.6,0.44605401572677206,0.008570775704658206,-0.012898064367286466,108.2,overripe
1763612357.8624952,1763612330.2266998,0.433,0.5,2,7,0,56.15,67.90000000000865,99.75,0.4459518561404748,0.008565800906976475,-0.012873880460731957,108.2,overripe
1763612357.9741063,1763612330.2266998,0.433,0.5,4,5,0,56.2,67.90000000000865,99.94999999999999,0.4455573281118821,0.008560965426974218,-0.012518340272010708,108.2,overripe
1763612358.143071,1763612330.2266998,0.43,0.5,3,5,0,56.3,67.90000000000865,100.05000000000001,0.4448099561092392,0.008555837658287789,-0.013290462189303465,108.2,overripe
1763612358.3307073,1763612330.2266998,0.43,0.5,2,5,0,56.3,67.90000000000865,100.19999999999999,0.44429575118979386,0.008550618191139852,-0.013536004229825982,108.2,overripe
1763612358.524933,1763612330.2266998,0.43,0.5,3,5,0,56.3,67.90000000000865,100.25,0.4439008969047047,0.008545406019937559,-0.013521023424720724,108.2,overripe
1763612358.6785982,1763612330.2266998,0.43,0.5,3,6,0,56.35,67.90000000000865,100.35000000000001,0.44335480594046545,0.008540334229466312,-0.013164869200473495,108.2,overripe
1763612358.8016098,1763612330.2266998,0.428,0.5,2,5,0,56.35,67.90000000000865,100.5,0.44295399994394213,0.008534996538776467,-0.01385903157394619,108.2,overripe
1763612358.9600418,1763612330.2266998,0.429,0.5,3,5,0,56.35,67.90000000000865,100.65,0.44260836258684283,0.008529774332159389,-0.013560878401844889,108.2,overripe
1763612359.046216,1763612330.2266998,0.428,0.5,3,5,0,56.35,67.90000000000865,100.75,0.44230317410261955,0.008524468199757721,-0.013779432010120551,108.2,overripe
1763612359.2004535,1763612330.2266998,0.428,0.5,3,5,0,56.45,67.90000000000865,101.0,0.441584629545674,0.008519342697212185,-0.013322758499424547,108.2,overripe
1763612359.4126773,1763612330.2266998,0.426,0.5,2,5,0,56.5,67.90000000000865,101.05,0.4408845678159004,0.008514056058056144,-0.013753632292775653,108.2,overripe
1763612359.6061933,1763612330.2266998,0.429,0.5,3,6,0,56.5,67.90000000000865,101.14999999999999,0.4403938385573953,0.00850931899424503,-0.012328370795832877,108.2,overripe
1763612359.648672,1763612330.2266998,0.427,0.5,1,5,0,56.5,67.90000000000865,101.2,0.4400403017739692,0.008504513612881565,-0.01250756789318802,108.2,overripe
1763612359.750082,1763612330.2266998,0.424,0.5,3,5,0,56.55,67.90000000000865,101.4,0.43952496519259443,0.008499229970341526,-0.013758598252203824,108.2,overripe
1763612359.8703554,1763612330.2266998,0.424,0.5,3,5,0,56.55,67.90000000000865,101.55,0.4391185636221517,0.008493763988643313,-0.014235380151956412,108.2,overripe
1763612359.8938172,1763612330.2266998,0.424,0.5,3,5,0,56.6,67.90000000000865,101.64999999999999,0.438557190865642,0.008488346431559704,-0.014115599130544332,108.2,overripe
1763612359.967363,1763612330.2266998,0.423,0.5,3,4,0,56.65,67.90000000000865,101.7,0.43792586276643525,0.008482897738348278,-0.014205066898886398,108.2,overripe
1763612359.9819276,1763612330.2266998,0.423,0.5,2,5,0,56.55,67.90000000000865,101.75,0.4378932125606736,0.008477319113987886,-0.014532814626899149,108.2,overripe
1763612360.0365965,1763612330.2266998,0.422,0.5,3,5,0,56.55,67.90000000000865,101.9,0.4377293861211422,0.008471539631652546,-0.015049187154254962,108.2,overripe
1763612360.1204684,1763612330.2266998,0.419,0.5,2,4,0,56.45,67.90000000000865,101.9,0.4379165682170908,0.008464973485913468,-0.01707646873364721,108.2,overripe
1763612360.325337,1763612330.2266998,0.419,0.5,2,6,0,56.4,67.90000000000865,102.0,0.43803138656583257,0.008458001616709948,-0.018111336824110758,108.2,overripe
1763612360.3548298,1763612330.2266998,0.418,0.5,2,4,0,56.5,67.90000000000865,101.89999999999999,0.4374746507216714,0.008450876993945823,-0.018514625850810484,108.2,overripe
1763612360.5263498,1763612330.2266998,0.418,0.5,3,6,0,56.5,67.90000000000865,101.89999999999999,0.43700824161913254,0.008443747982738134,-0.018528229183702116,108.2,overripe
1763612360.5792937,1763612330.2266998,0.42,0.5,3,7,0,56.5,67.90000000000865,102.0,0.4365906799298338,0.008437072082557485,-0.017350673712118625,108.2,overripe
1763612360.695177,1763612330.2266998,0.421,0.5,3,5,0,56.53,67.90000000000865,102.19999999999999,0.4360945058635135,0.008430927076633244,-0.01597450275465595,108.2,overripe
1763612360.762406,1763612330.2266998,0.421,0.5,3,6,0,56.53,67.90000000000865,102.35,0.4357014427424588,0.008425102816709792,-0.01514144118803007,108.2,overripe
1763612360.8753593,1763612330.2266998,0.42,0.5,3,5,0,56.53,67.90000000000865,102.35,0.435362756827804,0.008419300908756401,-0.015082756050589619,108.2,overripe
1763612360.9969323,1763612330.2266998,0.42,0.5,3,5,0,56.48,67.90000000000865,102.39999999999999,0.4352545946433683,0.008413483582828613,-0.015114594254761082,108.2,overripe
1763612361.0201254,1763612330.2266998,0.422,0.5,3,6,0,56.48,67.90000000000865,102.55,0.43504961293496924,0.008408101400033965,-0.013979612740665615,108.2,overripe
1763612361.0352614,1763612330.2266998,0.422,0.5,3,5,0,56.48,67.90000000000865,102.69999999999999,0.4348191560539199,0.008402985958292605,-0.013284155956768073,108.2,overripe
1763612361.2781143,1763612330.2266998,0.422,0.5,2,6,0,56.53,67.90000000000865,102.69999999999999,0.4343684494913535,0.008398135183799194,-0.01260094944277762,108.2,overripe
1763612361.3775933,1763612330.2266998,0.419,0.5,1,6,0,56.53,67.90000000000865,102.75,0.4340246737265399,0.008392884618484286,-0.01364092370225195,108.2,overripe
1763612361.3897662,1763612330.2266998,0.417,0.5,2,6,0,56.53,67.90000000000865,102.8,0.4337068335458208,0.008387105144291458,-0.015014958533676792,108.2,overripe
1763612361.5468624,1763612330.2266998,0.418,0.5,4,6,0,56.53,67.90000000000865,102.80000000000001,0.433384949454646,0.008381316076499,-0.015039011948574044,108.2,overripe
1763612361.6516118,1763612330.2266998,0.416,0.5,2,5,0,56.53,67.90000000000865,102.85,0.43307420698134136,0.008375194594858122,-0.01590123822830536,108.2,overripe
1763612361.7207253,1763612330.2266998,0.41200000000000003,0.5,2,4,0,56.53,67.90000000000865,102.9,0.43275210313253987,0.008368200730970277,-0.01816561875602185,108.2,overripe
1763612361.8474855,1763612330.2266998,0.40900000000000003,0.5,2,5,0,56.51,67.90000000000865,102.85,0.432471510563616,0.008360237206734848,-0.020678268375356967,108.2,overripe
1763612361.9795463,1763612330.2266998,0.406,0.5,2,5,0,56.51,67.90000000000865,102.69999999999999,0.4321003070452758,0.00835129943555749,-0.023203685951146302,108.2,overripe
1763612362.0296793,1763612330.2266998,0.40700000000000003,0.5,3,6,0,56.51,67.90000000000865,102.64999999999999,0.4316585123094821,0.008342165315408321,-0.023710201762417338,108.2,overripe
1763612362.2294018,1763612330.2266998,0.406,0.5,2,6,0,56.51,67.90000000000865,102.7,0.4311964584186238,0.00833283288406093,-0.024222303145091384,108.2,overripe
1763612362.472608,1763612330.2266998,0.405,0.5,2,6,0,56.46,67.90000000000865,102.8,0.43092742486265373,0.008323218413604413,-0.024940347225887505,108.2,overripe
1763612362.5643823,1763612330.2266998,0.401,0.5,1,5,0,56.41,67.90000000000865,102.7,0.43074484998229945,0.008312705022438511,-0.027251311163916325,108.2,overripe
1763612362.6326432,1763612330.2266998,0.401,0.5,3,5,0,56.36,67.90000000000865,102.65,0.43056569362045133,0.008301770480152014,-0.028318924211259755,108.2,overripe
1763612362.6614997,1763612330.2266998,0.4,0.5,3,5,0,56.36,67.90000000000865,102.65,0.4301815543375019,0.00829054593014862,-0.029058169632906083,108.2,overripe
1763612362.6868675,1763612330.2266998,0.396,0.5,1,5,0,56.36,67.90000000000865,102.55,0.42969091053391184,0.008278519128395067,-0.03112921818161396,108.2,overripe
1763612362.784783,1763612330.2266998,0.393,0.5,2,5,0,56.36,67.90000000000865,102.5,0.4291130023718432,0.008265640222201264,-0.03333215619569424,108.2,overripe
1763612362.8360188,1763612330.2266998,0.39,0.5,1,5,0,56.34,67.90000000000865,102.35,0.42855076623623295,0.008251858881394368,-0.03566034314815847,108.2,overripe
1763612362.9467113,1763612330.2266998,0.391,0.5,2,7,0,56.34,67.90000000000865,102.3,0.42788882155889285,0.008237966943577812,-0.035943610014855576,108.2,overripe
1763612363.055956,1763612330.2266998,0.389,0.5,2,6,0,56.34,67.90000000000865,102.15,0.427194719937864,0.008223773865133519,-0.036722114165845365,108.2,overripe
1763612363.1298473,1763612330.2266998,0.389,0.5,2,6,0,56.34,67.90000000000865,102.05,0.42647181237700726,0.008209575796029479,-0.03673550949099791,108.2,overripe
1763612363.1825223,1763612330.2266998,0.387,0.5,2,5,0,56.34,67.90000000000865,101.94999999999999,0.4257420619562671,0.008195131396420245,-0.03737391051326244,108.2,overripe
1763612363.3750796,1763612330.2266998,0.386,0.5,3,5,0,56.29,67.90000000000865,101.94999999999999,0.42520112884274663,0.008180432153562343,-0.03801705312124426,108.2,overripe
1763612363.8326,1763612330.2266998,0.386,0.5,2,6,0,56.24,67.90000000000865,101.85,0.4247468595900233,0.008165670256180915,-0.03815482172927209,108.2,overripe
1763612364.100106,1763612330.2266998,0.386,0.5,2,5,0,56.24,67.90000000000865,101.65,0.4241343072119068,0.008151027018279014,-0.03783828828153124,108.2,overripe
1763612364.1322594,1763612330.2266998,0.384,0.5,1,5,0,56.19,67.90000000000865,101.4,0.4236543179049105,0.008136117286339726,-0.03850630843972269,108.2,overripe
1763612364.2420325,1763612330.2266998,0.381,0.5,1,5,0,56.19,67.90000000000865,101.35000000000001,0.4230194180367632,0.008120647348534005,-0.039945413304169286,108.2,overripe
1763612364.3404286,1763612330.2266998,0.383,0.5,3,6,0,56.14,67.90000000000865,101.19999999999999,0.4224879969053872,0.008105361483198216,-0.039450994539090234,108.2,overripe
1763612364.4859824,1763612330.2266998,0.382,0.5,2,5,0,56.14,67.90000000000865,101.14999999999999,0.4218289236355391,0.008090127776479036,-0.039310422452390636,108.2,overripe
1763612364.5667486,1763612330.2266998,0.381,0.5,2,5,0,56.09,67.90000000000865,101.0,0.4213063356347607,0.008074795493725579,-0.03954708504318649,108.2,overripe
1763612364.6801777,1763612330.2266998,0.382,0.5,3,6,0,56.09,67.90000000000865,100.85,0.42064273784025413,0.008059765384587024,-0.038763112544467015,108.2,overripe
1763612364.8638647,1763612330.2266998,0.382,0.5,2,5,0,56.09,67.90000000000865,100.75,0.4199270720291678,0.008045036768984368,-0.03798725938127423,108.2,overripe
1763612364.9457467,1763612330.2266998,0.384,0.5,4,7,0,56.04,67.90000000000865,100.75,0.4193944023649906,0.008030909328795651,-0.03642449604104381,108.2,overripe
1763612365.1387098,1763612330.2266998,0.385,0.5,2,5,0,56.04,67.90000000000865,100.55000000000001,0.4187750789227655,0.008017415123210489,-0.0347901257607921,108.2,overripe
1763612365.1781023,1763612330.2266998,0.385,0.5,2,6,0,55.99,67.90000000000865,100.5,0.4183303307951466,0.008004285446063023,-0.03383785421415986,108.2,overripe
1763612365.2674096,1763612330.2266998,0.383,0.5,1,5,0,55.99,67.90000000000865,100.4,0.41777449874868733,0.007991081213870712,-0.03402826045819396,108.2,overripe
1763612365.4507794,1763612330.2266998,0.382,0.5,3,4,0,55.99,67.90000000000865,100.30000000000001,0.41714983458476146,0.007977781964677121,-0.03427671543951477,108.2,overripe
1763612365.486779,1763612330.2266998,0.382,0.5,2,5,0,55.99,67.90000000000865,100.15,0.41648779226548727,0.00796457257918285,-0.03405123269286392,108.2,overripe
1763612365.610136,1763612330.2266998,0.383,0.5,3,5,0,55.99,67.90000000000865,100.0,0.4158142589653111,0.007951736521719602,-0.033095979178999424,108.2,overripe
1763612365.7720568,1763612330.2266998,0.382,0.5,2,5,0,55.99,67.90000000000865,99.85,0.41515213905597553,0.007939020897272105,-0.03279299916281969,108.2,overripe
1763612365.9114115,1763612330.2266998,0.382,0.5,2,4,0,55.99,67.90000000000865,99.75,0.4144922750912587,0.007926494452352204,-0.032312705144680764,108.2,overripe
1763612365.9774776,1763612330.2266998,0.382,0.5,3,5,0,55.99,67.90000000000865,99.6,0.4138402755400128,0.007914188849850826,-0.031750490566723855,108.2,overripe
1763612366.0958786,1763612330.2266998,0.384,0.5,2,6,0,55.99,67.90000000000865,99.55,0.41319880149438654,0.007902504756844337,-0.030153909007742064,108.2,overripe
1763612366.1916454,1763612330.2266998,0.382,0.5,2,5,0,55.97,67.90000000000865,99.35000000000001,0.4126682999612092,0.007890824315727006,-0.030145853717886972,108.2,overripe
1763612366.3173733,1763612330.2266998,0.379,0.5,2,5,0,56.02,67.90000000000865,99.35000000000001,0.41190078042871375,0.007878766091056508,-0.031139557307052645,108.2,overripe
1763612366.3671992,1763612330.2266998,0.379,0.5,2,6,0,56.02,67.90000000000865,99.14999999999999,0.41119267805626075,0.007866645878258458,-0.031312066495430224,108.2,overripe
1763612366.4539747,1763612330.2266998,0.379,0.5,2,7,0,56.02,67.90000000000865,99.0,0.41052085313448694,0.007854618810321023,-0.031080547354071675,108.2,overripe
1763612366.6886222,1763612330.2266998,0.38,0.5,3,6,0,56.02,67.90000000000865,98.85000000000001,0.4098736151057735,0.00784295328703801,-0.030153462215565863,108.2,overripe
1763612366.7063978,1763612330.2266998,0.379,0.5,2,5,0,56.02,67.90000000000865,98.55,0.40925509075034394,0.007831390188504244,-0.02989501430524011,108.2,overripe
1763612366.9877338,1763612330.2266998,0.377,0.5,2,5,0,56.02,67.90000000000865,98.45,0.40864682693696097,0.00781960822686881,-0.030466788714409054,108.2,overripe
1763612367.0389907,1763612330.2266998,0.375,0.5,2,4,0,56.02,67.90000000000865,98.30000000000001,0.40802959705236197,0.007807452319113099,-0.03143957794108598,108.2,overripe
1763612367.1265242,1763612330.2266998,0.375,0.5,3,5,0,56.02,67.90000000000865,98.2,0.4073940800021296,0.007795236919534525,-0.03159907044649163,108.2,overripe
1763612367.1527581,1763612330.2266998,0.376,0.5,3,5,0,56.07,67.90000000000865,98.10000000000001,0.4065611895809039,0.007783390615630694,-0.0306636848030849,108.2,overripe
1763612367.2213206,1763612330.2266998,0.375,0.5,3,4,0,56.12,67.90000000000865,97.94999999999999,0.4056511639694066,0.007771732313592885,-0.03020241158049708,108.2,overripe
1763612367.2841387,1763612330.2266998,0.373,0.5,3,5,0,56.17,67.90000000000865,97.8,0.4047033971172523,0.007759978105409527,-0.03047902092279753,108.2,overripe
1763612367.3709433,1763612330.2266998,0.374,0.5,3,5,0,56.17,67.90000000000865,97.65,0.4039214860070548,0.007748487757303978,-0.029809297909827448,108.2,overripe
1763612367.4243612,1763612330.2266998,0.375,0.5,3,4,0,56.22,67.90000000000865,97.4,0.40304489267819277,0.007737514392606135,-0.028488798629579093,108.2,overripe
1763612367.795252,1763612330.2266998,0.375,0.5,3,4,0,56.22,67.90000000000865,97.25,0.40233505045003776,0.007726903836389134,-0.02755700342573092,108.2,overripe
1763612367.845307,1763612330.2266998,0.374,0.5,3,3,0,56.27,67.90000000000865,97.15,0.40152071963863495,0.007716463817948682,-0.02713169612648153,108.2,overripe
1763612367.905667,1763612330.2266998,0.372,0.5,3,4,0,56.27,67.90000000000865,97.15,0.4008470903684358,0.00770582665878906,-0.02765257861235909,108.2,overripe
1763612367.9445968,1763612330.2266998,0.374,0.5,4,6,0,56.27,67.90000000000865,97.0,0.40022905016455373,0.007695583595940897,-0.026631794286515353,108.2,overripe
1763612367.9721951,1763612330.2266998,0.374,0.5,3,5,0,56.27,67.90000000000865,96.85,0.3996643485094581,0.007685635725846239,-0.0258657205704389,108.2,overripe
1763612367.9839823,1763612330.2266998,0.375,0.5,3,4,0,56.27,67.90000000000865,96.7,0.3991313882990518,0.007676123976031174,-0.02473207432954222,108.2,overripe
1763612367.9991174,1763612330.2266998,0.374,0.5,3,4,0,56.27,67.90000000000865,96.55,0.3986292705012752,0.007666728477743883,-0.024429613516520454,108.2,overripe
1763612368.1289918,1763612330.2266998,0.373,0.5,3,4,0,56.37,67.90000000000865,96.44999999999999,0.3977539446490973,0.007657447356716238,-0.024154116156719918,108.2,overripe
1763612368.171861,1763612330.2266998,0.375,0.5,3,5,0,56.42,67.90000000000865,96.35,0.3968875296462217,0.007648775666776599,-0.022587615400033012,108.2,overripe
1763612368.3409383,1763612330.2266998,0.374,0.5,2,4,0,56.42,67.90000000000865,96.1,0.3962458388399505,0.007640295847747483,-0.02209588171685617,108.2,overripe
1763612368.4460034,1763612330.2266998,0.375,0.5,3,4,0,56.4,67.90000000000865,95.94999999999999,0.39578693280135907,0.0076321546789659455,-0.02121195423981187,108.2,overripe
1763612368.487384,1763612330.2266998,0.372,0.5,2,4,0,56.4,67.90000000000865,95.89999999999999,0.39535540586779705,0.007623684191885045,-0.02206791658702345,108.2,overripe
1763612368.6044524,1763612330.2266998,0.373,0.5,4,5,0,56.35,67.90000000000865,95.75,0.39510232455850486,0.007615250882180135,-0.02195857991811806,108.2,overripe
1763612368.7689064,1763612330.2266998,0.373,0.5,4,4,0,56.35,67.90000000000865,95.6,0.3947580105566613,0.007606919525310265,-0.021686138236467922,108.2,overripe
1763612368.7862942,1763612330.2266998,0.374,0.5,3,5,0,56.35,67.90000000000865,95.35,0.3943724542797901,0.007598912991080939,-0.020836518119693392,108.2,overripe
1763612368.8352275,1763612330.2266998,0.373,0.5,2,5,0,56.3,67.90000000000865,95.15,0.3941704742368511,0.007590876296383259,-0.020902506156802725,108.2,overripe
1763612368.893733,1763612330.2266998,0.372,0.5,2,5,0,56.2,67.90000000000865,95.05,0.39423958129073594,0.007582558964784419,-0.02160559725071176,108.2,overripe
1763612368.9957857,1763612330.2266998,0.372,0.5,3,4,0,56.2,67.90000000000865,94.9,0.39405033935595973,0.007574187448402975,-0.021733347335947617,108.2,overripe
1763612369.0855606,1763612330.2266998,0.374,0.5,4,4,0,56.2,67.90000000000865,94.8,0.393736517901683,0.007566258750961609,-0.020578021891676956,108.2,overripe
1763612369.1504204,1763612330.2266998,0.375,0.5,2,5,0,56.2,67.90000000000865,94.75,0.39338490379414803,0.007558819414732093,-0.019305655789145004,108.2,overripe
1763612369.252804,1763612330.2266998,0.374,0.5,3,5,0,56.2,67.90000000000865,94.65,0.39302836370590116,0.0075515019149507085,-0.01898873970339965,108.2,overripe
1763612369.3469226,1763612330.2266998,0.374,0.5,2,5,0,56.2,67.90000000000865,94.6,0.39266299128747495,0.0075443175820347165,-0.018643179286224165,108.2,overripe
1763612369.4196324,1763612330.2266998,0.373,0.5,1,5,0,56.2,67.90000000000865,94.5,0.3922969673076718,0.007537077943748309,-0.018787061307046382,108.2,overripe
1763612369.4378707,1763612330.2266998,0.371,0.5,2,5,0,56.15,67.90000000000865,94.30000000000001,0.3921127101655252,0.007529422398577435,-0.019857757165212486,108.2,overripe
1763612369.5570571,1763612330.2266998,0.371,0.5,2,5,0,56.1,67.90000000000865,94.25,0.3919986706115036,0.00752156388733846,-0.020371194111347246,108.2,overripe
1763612369.5916417,1763612330.2266998,0.367,0.5,2,5,0,56.1,67.90000000000865,94.14999999999999,0.39173150868288686,0.007512913592730614,-0.02241777043280868,108.2,overripe
1763612369.6413374,1763612330.2266998,0.367,0.5,2,5,0,56.15,67.90000000000865,94.05,0.3911640720550679,0.007504039257063483,-0.023007202930028836,108.2,overripe
1763612369.7888973,1763612330.2266998,0.365,0.5,2,4,0,56.2,67.90000000000865,93.9,0.39045603307212007,0.00749483551998565,-0.02387759850960053,108.2,overripe
1763612369.8414044,1763612330.2266998,0.369,0.5,3,7,0,56.2,67.90000000000865,93.75,0.38985429203671057,0.0074863334793683345,-0.022065074755450775,108.2,overripe
1763612369.9578815,1763612330.2266998,0.37,0.5,3,5,0,56.15,67.90000000000865,93.6,0.3895378520860095,0.0074783771677361995,-0.0206432434453796,108.2,overripe
1763612370.0368252,1763612330.2266998,0.371,0.5,3,5,0,56.1,67.90000000000865,93.55,0.3893736551039827,0.007470885666134537,-0.019426350783667723,108.2,overripe
1763612370.1570642,1763612330.2266998,0.372,0.5,3,6,0,56.1,67.90000000000865,93.4,0.3891083706549337,0.007463890662324083,-0.018134718494776214,108.2,overripe
