Time,ReachedHoldTime,Force,DesiredForce,State,ActualWidth,CommandWidth,Proximity,RawFzL,RawFzR
1759005311.7399354,0,0.025,0,0,830,670,867.5,1,0
1759005311.7503822,0,0.05,0,0,771.6666666666666,670,833.3333333333334,0,2
1759005311.7607956,0,0.0625,0,0,742.75,670,817.5,1,1
1759005311.7708914,0,0.05,0,0,725.4,670,810.0,0,0
1759005311.7812195,0,0.05,0,0,713.8333333333334,670,805.8333333333333,0,1
1759005311.791716,0,0.05,0,0,705.4285714285714,670,802.8571428571429,1,0
1759005311.8019552,0,0.043750000000000004,0,0,699.125,670,799.375,0,0
1759005311.8120651,0,0.05,0,0,694.7777777777778,670,797.2222222222222,1,1
1759005311.8219748,0,0.055,0,0,690.9,670,796.0,1,1
1759005311.8325765,0,0.0590909090909091,0,0,687.6363636363636,670,795.4545454545455,1,1
1759005311.8427932,0,0.06666666666666667,0,0,685,670,795.0,1,2
1759005311.853041,0,0.06538461538461539,0,0,682.7692307692307,670,794.6153846153846,0,1
1759005311.8632994,0,0.0642857142857143,0,0,680.7857142857143,670,794.2857142857143,0,1
1759005311.873575,0,0.06333333333333334,0,0,679.4,670,793.3333333333334,0,1
1759005311.8838367,0,0.06875,0,0,677.875,670,792.5,2,1
1759005311.8940253,0,0.06764705882352941,0,0,676.5882352941177,670,792.0588235294117,1,0
1759005311.9041116,0,0.06944444444444445,0,0,675.6666666666666,670,791.9444444444445,2,0
1759005311.9141648,1759005311.9141622,0.07105263157894737,0,0,674.6315789473684,670,791.8421052631579,2,0
1759005311.9245155,1759005311.9141622,0.07,0,0,673.7,670,791.5,1,0
1759005311.9349358,1759005311.9141622,0.06904761904761905,0,0,673.047619047619,670,790.952380952381,1,0
1759005311.9450414,1759005311.9141622,0.07045454545454546,0,0,672.2272727272727,670,790.6818181818181,1,1
1759005311.9549851,1759005311.9141622,0.06956521739130435,0,0,671.5217391304348,670,790.4347826086956,1,0
1759005311.9655137,1759005311.9141622,0.07291666666666667,0,0,670.875,670,790.2083333333333,2,1
1759005311.975674,1759005311.9141622,0.074,0,0,670.28,670,790.0,1,1
1759005311.9870749,0,0.07115384615384615,1.5,3,669.7307692307693,670,789.8076923076923,0,0
1759005311.9971418,0,0.06851851851851852,1.5,3,669.1851851851852,669.0,789.4444444444445,0,0
1759005312.0071397,0,0.06785714285714287,1.5,3,668.8571428571429,668.0,789.1071428571429,1,0
1759005312.0174408,0,0.06551724137931035,1.5,3,668.3793103448276,667.0,788.6206896551723,0,0
1759005312.0281603,0,0.06333333333333334,1.5,3,667.9333333333333,666.0,788.3333333333333,0,0
1759005312.0377896,0,0.06290322580645162,1.5,3,667.6774193548387,665.0,788.2258064516129,1,0
1759005312.048438,0,0.060937500000000006,1.5,3,667.4375,664.0,788.28125,0,0
1759005312.0586138,0,0.06060606060606061,1.5,3,667.2121212121212,663.0,788.4848484848485,0,1
1759005312.0689359,0,0.058823529411764705,1.5,3,666.8823529411765,662.0,788.5294117647059,0,0
1759005312.0793073,0,0.05714285714285715,1.5,3,666.5428571428571,661.0,788.2857142857142,0,0
1759005312.0893896,0,0.05694444444444444,1.5,3,666.2222222222222,660.0,788.0555555555555,0,1
1759005312.099881,0,0.05675675675675676,1.5,3,665.918918918919,659.0,787.7027027027027,0,1
1759005312.1096997,0,0.05526315789473685,1.5,3,665.6315789473684,658.0,787.6315789473684,0,0
1759005312.119792,0,0.05384615384615385,1.5,3,665.3589743589744,657.0,787.4358974358975,0,0
1759005312.1307912,0,0.052500000000000005,1.5,3,665.1,656.0,787.25,0,0
1759005312.1403549,0,0.05243902439024391,1.5,3,664.7560975609756,655.0,787.0731707317073,1,0
1759005312.1505578,0,0.05119047619047619,1.5,3,664.8095238095239,654.0,786.7857142857142,0,0
1759005312.16119,0,0.05116279069767442,1.5,3,664.6976744186046,653.0,786.7441860465117,0,1
1759005312.1711648,0,0.052272727272727276,1.5,3,664.5,652.0,786.7045454545455,1,1
1759005312.1805682,0,0.052222222222222225,1.5,3,664.5333333333333,651.0,786.5555555555555,0,1
1759005312.1913476,0,0.05434782608695652,1.5,3,664.4347826086956,650.0,786.304347826087,2,1
1759005312.2017663,0,0.0574468085106383,1.5,3,664.3404255319149,649.0,786.1702127659574,3,1
1759005312.21218,0,0.058333333333333334,1.5,3,664.1666666666666,648.0,786.1458333333333,1,1
1759005312.2225688,0,0.05918367346938776,1.5,3,664.0816326530612,647.0,786.0204081632653,1,1
1759005312.2325575,0,0.058,1.5,3,663.9,646.0,785.9000000000001,0,0
1759005312.2430801,0,0.060784313725490195,1.5,3,663.7254901960785,645.0,785.686274509804,2,2
1759005312.25316,0,0.06153846153846154,1.5,3,663.5576923076923,644.0,785.4807692307693,0,2
1759005312.263714,0,0.062264150943396226,1.5,3,663.3207547169811,643.0,785.1886792452831,1,1
1759005312.2739146,0,0.06296296296296297,1.5,3,663.1666666666666,642.0,784.9074074074074,1,1
1759005312.2838953,0,0.06272727272727273,1.5,3,662.8363636363637,641.0,784.6363636363636,1,0
1759005312.294547,0,0.06339285714285714,1.5,3,662.5178571428571,640.0,784.375,2,0
1759005312.3043637,0,0.0649122807017544,1.5,3,662.2105263157895,639.0,784.1228070175439,1,2
1759005312.315259,0,0.06551724137931035,1.5,3,661.9137931034483,638.0,783.8793103448276,1,1
1759005312.324857,0,0.06610169491525424,1.5,3,661.5762711864406,637.0,783.8135593220338,1,1
1759005312.3352265,0,0.06583333333333334,1.5,3,661.25,636.0,783.75,1,0
1759005312.3459823,0,0.06557377049180328,1.5,3,660.9344262295082,635.0,783.6065573770492,1,0
1759005312.3560443,0,0.06612903225806452,1.5,3,660.6290322580645,634.0,783.3870967741935,1,1
1759005312.3655286,0,0.06507936507936508,1.5,3,660.3015873015873,633.0,783.1746031746031,0,0
1759005312.3762887,0,0.065625,1.5,3,660.015625,632.0,782.96875,1,1
1759005312.3868666,0,0.06538461538461539,1.5,3,659.7846153846153,631.0,782.7692307692307,1,0
1759005312.3965,0,0.06590909090909092,1.5,3,659.4848484848485,630.0,782.5,1,1
1759005312.4073858,0,0.0664179104477612,1.5,3,659.2686567164179,629.0,782.3134328358209,0,2
1759005312.417554,0,0.06691176470588235,1.5,3,659.0588235294117,628.0,782.2058823529412,1,1
1759005312.4281187,0,0.06666666666666667,1.5,3,658.7826086956521,627.0,782.1739130434783,1,0
1759005312.4380205,0,0.06642857142857143,1.5,3,658.5857142857143,626.0,782.1428571428571,1,0
1759005312.447635,0,0.06549295774647887,1.5,3,658.3521126760563,625.0,782.112676056338,0,0
1759005312.4583516,0,0.06458333333333334,1.5,3,657.9861111111111,624.0,781.9444444444445,0,0
1759005312.4691563,0,0.06438356164383562,1.5,3,657.6849315068494,623.0,781.7123287671233,0,1
1759005312.4796972,0,0.06418918918918919,1.5,3,657.4459459459459,622.0,781.4864864864865,1,0
1759005312.4895313,0,0.06466666666666666,1.5,3,657.16,621.0,781.2666666666667,1,1
1759005312.4996424,0,0.06447368421052632,1.5,3,656.8815789473684,620.0,781.0526315789474,1,0
1759005312.510011,0,0.06493506493506494,1.5,3,656.5584415584416,619.0,780.7792207792209,1,1
1759005312.519804,0,0.06410256410256411,1.5,3,656.2435897435897,618.0,780.5128205128206,0,0
1759005312.530515,0,0.06329113924050633,1.5,3,656.126582278481,617.0,780.253164556962,0,0
1759005312.540658,0,0.063125,1.5,3,655.925,616.0,780.0,0,1
1759005312.5505068,0,0.06358024691358025,1.5,3,655.7283950617284,615.0,779.7530864197531,1,1
1759005312.5608463,0,0.06402439024390244,1.5,3,655.560975609756,614.0,779.4512195121952,1,1
1759005312.5712283,0,0.06566265060240964,1.5,3,655.3975903614457,613.0,779.2168674698795,2,2
1759005312.5815067,0,0.06607142857142857,1.5,3,655.297619047619,612.0,778.9880952380952,1,1
1759005312.5917377,0,0.06647058823529411,1.5,3,655.2,611.0,778.7647058823529,1,1
1759005312.601741,0,0.06627906976744187,1.5,3,655.1046511627907,610.0,778.6046511627907,0,1
1759005312.612638,0,0.06666666666666667,1.5,3,654.8850574712644,609.0,778.5632183908046,0,2
1759005312.6225576,0,0.06704545454545455,1.5,3,654.625,608.0,778.5227272727273,0,2
1759005312.6324399,0,0.06741573033707865,1.5,3,654.2022471910112,607.0,778.4831460674158,1,1
1759005312.6432502,0,0.06666666666666667,1.5,3,653.8777777777777,606.0,778.3888888888889,0,0
1759005312.6533298,0,0.06703296703296703,1.5,3,653.5604395604396,605.0,778.2967032967033,1,1
1759005312.6637723,0,0.06793478260869565,1.5,3,653.25,604.0,778.2065217391305,2,1
1759005312.673919,0,0.06774193548387097,1.5,3,652.8602150537635,603.0,778.0645161290322,1,0
1759005312.6835582,0,0.06702127659574468,1.5,3,652.3829787234042,602.0,777.9255319148936,0,0
1759005312.6936474,0,0.0668421052631579,1.5,3,651.9157894736842,601.0,777.7368421052631,1,0
1759005312.704751,0,0.06614583333333333,1.5,3,651.4583333333334,600.0,777.5520833333333,0,0
1759005312.7143443,0,0.0654639175257732,1.5,3,651.0824742268042,599.0,777.3711340206185,0,0
1759005312.724953,0,0.06479591836734694,1.5,3,650.6428571428571,598.0,777.1938775510205,0,0
1759005312.7349005,0,0.06515151515151515,1.5,3,650.2121212121212,597.0,776.969696969697,1,1
1759005312.745449,0,0.0645,1.5,3,649.71,596.0,776.75,0,0
1759005312.7557263,0,0.0645,1.5,3,645.71,595.0,774.55,0,0
1759005312.7658172,0,0.064,1.5,3,645.11,594.0,774.35,0,0
1759005312.7759387,0,0.0635,1.5,3,644.56,593.0,774.05,0,1
1759005312.7866151,0,0.0625,1.5,3,644,592.0,773.4000000000001,0,0
1759005312.7968986,0,0.063,1.5,3,643.44,591.0,772.4,1,0
1759005312.8067083,0,0.063,1.5,3,642.84,590.0,771.0,0,1
1759005312.8173766,0,0.063,1.5,3,642.35,589.0,769.2,0,1
1759005312.8277378,0,0.063,1.5,3,641.8,588.0,766.65,0,0
1759005312.8375518,0,0.0625,1.5,3,641.22,587.0,763.7,1,0
1759005312.8480482,0,0.062,1.5,3,640.68,586.0,760.5,1,0
1759005312.858051,0,0.062,1.5,3,640.19,585.0,756.95,1,1
1759005312.868347,0,0.062,1.5,3,639.69,584.0,753.05,1,2
1759005312.8789647,0,0.062,1.5,3,639.15,583.0,749.05,0,1
1759005312.8890424,0,0.0625,1.5,3,638.56,582.0,744.95,1,1
1759005312.899004,0,0.063,1.5,3,637.88,581.0,740.9,2,0
1759005312.9087439,0,0.062,1.5,3,637.25,580.0,736.75,1,0
1759005312.919314,0,0.0625,1.5,3,636.61,579.0,732.4,1,1
1759005312.9299016,0,0.062,1.5,3,635.93,578.0,727.9000000000001,1,0
1759005312.9396105,0,0.061000000000000006,1.5,3,635.29,577.0,723.3499999999999,0,0
1759005312.9502246,0,0.060500000000000005,1.5,3,634.63,576.0,718.8,0,0
1759005312.959932,0,0.060000000000000005,1.5,3,633.95,575.0,714.3,0,0
1759005312.9703097,0,0.059500000000000004,1.5,3,633.32,574.0,709.6500000000001,0,1
1759005312.9810185,0,0.059000000000000004,1.5,3,632.66,573.0,705.05,0,0
1759005312.990652,0,0.0585,1.5,3,632.02,572.0,700.4,1,1
1759005313.001407,0,0.058,1.5,3,631.38,571.0,695.75,0,1
1759005313.0114765,0,0.0585,1.5,3,630.74,570.0,691.1,0,1
1759005313.0215924,0,0.059000000000000004,1.5,3,630.13,569.0,686.45,0,1
1759005313.0323913,0,0.0585,1.5,3,629.47,568.0,681.75,0,0
1759005313.042477,0,0.0585,1.5,3,628.77,567.0,677.05,0,0
1759005313.0530677,0,0.059500000000000004,1.5,3,628.07,566.0,672.25,1,1
1759005313.0629787,0,0.060500000000000005,1.5,3,627.32,565.0,667.4,1,2
1759005313.0735202,0,0.062,1.5,3,626.59,564.0,662.4000000000001,2,1
1759005313.0837018,0,0.0615,1.5,3,625.84,563.0,657.3,0,0
1759005313.093606,0,0.062,1.5,3,625.13,562.0,652.2,1,0
1759005313.1042244,0,0.063,1.5,3,624.43,561.0,647.2,2,0
1759005313.1143837,0,0.063,1.5,3,623.71,560.0,642.2,1,0
1759005313.12472,0,0.0625,1.5,3,622.95,559.0,637.25,0,0
1759005313.1349676,0,0.063,1.5,3,622.27,558.0,632.25,1,0
1759005313.145315,0,0.063,1.5,3,621.57,557.0,627.35,0,0
1759005313.1553955,0,0.063,1.5,3,620.87,556.0,622.5,0,0
1759005313.1660182,0,0.063,1.5,3,620.23,555.0,617.65,1,0
1759005313.1757138,0,0.063,1.5,3,619.43,554.0,612.8,0,0
1759005313.185657,0,0.0635,1.5,3,618.68,553.0,607.8499999999999,0,2
1759005313.1966782,0,0.063,1.5,3,617.91,552.0,602.8499999999999,1,0
1759005313.2067678,0,0.063,1.5,3,617.02,551.0,597.9,1,0
1759005313.216717,0,0.0625,1.5,3,616.13,550.0,593.0,1,1
1759005313.226615,0,0.061500000000000006,1.5,3,615.3,549.0,588.1,2,0
1759005313.2371962,0,0.061000000000000006,1.5,3,614.49,548.0,583.1,1,0
1759005313.2480125,0,0.060500000000000005,1.5,3,613.64,547.0,578.1500000000001,1,0
1759005313.2577698,0,0.060500000000000005,1.5,3,612.84,546.0,573.2,0,0
1759005313.268701,0,0.060000000000000005,1.5,3,612.06,545.0,568.3,2,1
1759005313.27826,0,0.060000000000000005,1.5,3,611.26,544.0,563.4000000000001,2,0
1759005313.288726,0,0.060000000000000005,1.5,3,610.46,543.0,558.6,1,1
1759005313.2989407,0,0.059500000000000004,1.5,3,609.68,542.0,553.8,1,0
1759005313.3090913,0,0.059000000000000004,1.5,3,608.94,541.0,549.05,0,0
1759005313.3198626,0,0.059000000000000004,1.5,3,608.28,540.0,544.3,1,1
1759005313.3296998,0,0.058,1.5,3,607.64,539.0,539.55,0,1
1759005313.3399327,0,0.0585,1.5,3,606.8,538.0,534.7,2,1
1759005313.349996,0,0.058,1.5,3,605.97,537.0,529.75,1,0
1759005313.3602507,0,0.058,1.5,3,605.1,536.0,524.8,1,0
1759005313.3709862,0,0.058,1.5,3,604.15,535.0,519.8,0,1
1759005313.3806703,0,0.057,1.5,3,603.2,534.0,514.85,0,0
1759005313.3905885,0,0.058,1.5,3,602.27,533.0,509.95,1,1
1759005313.400864,0,0.058,1.5,3,601.38,532.0,505.05,1,1
1759005313.4114077,0,0.0575,1.5,3,600.42,531.0,500.15,0,0
1759005313.4213362,0,0.0565,1.5,2,599.47,530.0,495.3,0,0
1759005313.431837,0,0.0555,1.5,2,598.45,529.9,490.45000000000005,0,0
1759005313.4414043,0,0.055,1.5,2,597.39,529.8,485.5,0,1
1759005313.452222,0,0.0545,1.5,2,596.36,529.6999999999999,480.45,0,0
1759005313.462178,0,0.055,1.5,2,595.28,529.5999999999999,475.4,1,1
1759005313.4726574,0,0.0555,1.5,2,594.27,529.4999999999999,470.35,0,1
1759005313.4825907,0,0.0565,1.5,2,593.32,529.3999999999999,465.4,0,2
1759005313.4931707,0,0.057,1.5,2,592.35,529.2999999999998,460.5,1,1
1759005313.5028503,0,0.0565,1.5,2,591.34,529.1999999999998,455.6,0,0
1759005313.5126588,0,0.0565,1.5,2,590.37,529.0999999999998,450.75,2,0
1759005313.5233755,0,0.0565,1.5,2,589.38,528.9999999999998,445.95,1,0
1759005313.533721,0,0.057,1.5,2,588.49,528.8999999999997,441.15,2,1
1759005313.543449,0,0.058,1.5,2,587.62,528.7999999999997,436.3,2,0
1759005313.5541337,0,0.058,1.5,2,586.58,528.6999999999997,431.45,0,0
1759005313.563607,0,0.058,1.5,2,585.63,528.5999999999997,426.7,1,0
1759005313.5746434,0,0.0575,1.5,2,584.56,528.4999999999997,422.0,1,0
1759005313.584431,0,0.0575,1.5,2,583.43,528.3999999999996,417.29999999999995,2,0
1759005313.5948644,0,0.056,1.5,2,582.3,528.2999999999996,412.4,1,0
1759005313.60466,0,0.056,1.5,2,581.04,528.1999999999996,407.45000000000005,2,0
1759005313.6146634,0,0.0555,1.5,2,579.78,528.0999999999996,402.5,1,0
1759005313.6252337,0,0.055,1.5,2,578.52,527.9999999999995,397.5,0,0
1759005313.6358716,0,0.0545,1.5,2,577.37,527.8999999999995,392.4,1,0
1759005313.645554,0,0.0545,1.5,2,576.22,527.7999999999995,387.35,2,0
1759005313.6564684,0,0.0535,1.5,2,575.24,527.6999999999995,382.25,0,0
1759005313.6663609,0,0.054,1.5,2,574.2,527.5999999999995,377.2,1,0
1759005313.6764977,0,0.0535,1.5,2,573.18,527.4999999999994,372.15,1,0
1759005313.6865935,0,0.052500000000000005,1.5,2,572.14,527.3999999999994,367.1,1,0
1759005313.6968403,0,0.052000000000000005,1.5,2,571.18,527.2999999999994,362.05,0,0
1759005313.7066684,0,0.052000000000000005,1.5,2,570.31,527.1999999999994,357.05,0,0
1759005313.7166684,0,0.051500000000000004,1.5,2,569.44,527.0999999999993,352.15,0,0
1759005313.7276297,0,0.053000000000000005,1.5,2,568.59,526.9999999999993,347.25,2,1
1759005313.7378802,0,0.0535,1.5,2,567.67,526.8999999999993,342.35,0,1
1759005313.7474146,0,0.0535,1.5,2,566.82,526.7999999999993,337.29999999999995,0,0
1759005313.7579968,0,0.053000000000000005,1.5,2,565.91,526.6999999999992,332.3,1,0
1759005313.7683547,0,0.053000000000000005,1.5,2,565.12,526.5999999999992,327.35,0,0
1759005313.7784696,0,0.0535,1.5,2,564.41,526.4999999999992,322.45,0,1
1759005313.78871,0,0.0545,1.5,2,563.7,526.3999999999992,317.6,1,1
1759005313.799226,0,0.0545,1.5,2,562.99,526.2999999999992,312.95,1,0
1759005313.8089988,0,0.055,1.5,2,562.28,526.1999999999991,308.6,1,0
1759005313.8193245,0,0.055,1.5,2,561.57,526.0999999999991,304.55,1,0
1759005313.8293693,0,0.055,1.5,2,560.9,525.9999999999991,300.85,1,0
1759005313.840282,0,0.055,1.5,2,560.13,525.8999999999991,297.6,1,0
1759005313.8497171,0,0.055,1.5,2,559.42,525.799999999999,295.2,0,0
1759005313.8601854,0,0.055,1.5,2,558.69,525.699999999999,293.15,0,1
1759005313.8697178,0,0.055,1.5,2,557.96,525.599999999999,291.3,0,1
1759005313.8804538,0,0.055,1.5,2,557.19,525.499999999999,289.75,0,2
1759005313.8907075,0,0.0545,1.5,2,556.46,525.399999999999,288.54999999999995,1,1
1759005313.900883,0,0.054,1.5,2,555.81,525.2999999999989,287.5,0,0
1759005313.911272,0,0.053000000000000005,1.5,2,555.2,525.1999999999989,286.5,0,0
1759005313.921371,0,0.052000000000000005,1.5,2,554.57,525.0999999999989,285.55,0,0
1759005313.931732,0,0.052000000000000005,1.5,2,553.88,524.9999999999989,284.65,1,0
1759005313.9415357,0,0.051000000000000004,1.5,2,553.17,524.8999999999988,283.85,0,0
1759005313.9515533,0,0.051000000000000004,1.5,2,552.46,524.7999999999988,283.15,0,1
1759005313.9624403,0,0.052500000000000005,1.5,2,551.69,524.6999999999988,282.55,2,1
1759005313.972341,0,0.053000000000000005,1.5,2,550.94,524.5999999999988,281.9,0,1
1759005313.9826562,0,0.0535,1.5,2,550.17,524.4999999999987,281.3,0,1
1759005313.9927914,0,0.0535,1.5,2,549.38,524.3999999999987,280.7,0,1
1759005314.0031738,0,0.054,1.5,2,548.63,524.2999999999987,280.05,0,1
1759005314.013172,0,0.0535,1.5,2,547.86,524.1999999999987,279.45000000000005,1,0
1759005314.0235612,0,0.0535,1.5,2,547.07,524.0999999999987,278.85,1,0
1759005314.0340455,0,0.0535,1.5,2,546.28,523.9999999999986,278.25,1,0
1759005314.0437963,0,0.0535,1.5,2,545.49,523.8999999999986,277.75,1,0
1759005314.0542488,0,0.054,1.5,2,544.66,523.7999999999986,277.3,1,0
1759005314.064446,0,0.0545,1.5,2,543.94,523.6999999999986,276.9,1,0
1759005314.0750313,0,0.0545,1.5,2,543.24,523.5999999999985,276.5,1,1
1759005314.0847368,0,0.054,1.5,2,542.54,523.4999999999985,276.1,1,1
1759005314.0955021,0,0.0535,1.5,2,541.82,523.3999999999985,275.79999999999995,1,1
1759005314.105348,0,0.0545,1.5,2,541.12,523.2999999999985,275.5,1,1
1759005314.1156347,0,0.054,1.5,2,540.38,523.1999999999985,275.25,0,0
1759005314.1259418,0,0.0535,1.5,2,539.9,523.0999999999984,275.0,0,1
1759005314.1361158,0,0.0545,1.5,2,539.28,522.9999999999984,274.75,1,2
1759005314.146643,0,0.0555,1.5,2,538.72,522.8999999999984,274.55,0,2
1759005314.1567562,0,0.056,1.5,2,538.06,522.7999999999984,274.4,1,1
1759005314.1669974,0,0.057,1.5,2,537.42,522.6999999999983,274.20000000000005,2,0
1759005314.1765146,0,0.0575,1.5,2,536.78,522.5999999999983,273.9,1,0
1759005314.187405,0,0.058,1.5,2,536.14,522.4999999999983,273.65,2,0
1759005314.1976786,0,0.059000000000000004,1.5,2,535.46,522.3999999999983,273.45,2,0
1759005314.2076025,0,0.0585,1.5,2,534.82,522.2999999999982,273.3,1,0
1759005314.2178535,0,0.059000000000000004,1.5,2,534.24,522.1999999999982,273.2,0,2
1759005314.22805,0,0.059000000000000004,1.5,2,533.7,522.0999999999982,273.0,1,0
1759005314.238281,0,0.0585,1.5,2,533.26,521.9999999999982,272.75,1,0
1759005314.2483728,0,0.059000000000000004,1.5,2,532.78,521.8999999999982,272.54999999999995,2,1
1759005314.2586446,0,0.059000000000000004,1.5,2,532.3,521.7999999999981,272.35,1,0
1759005314.2691643,0,0.059000000000000004,1.5,2,531.78,521.6999999999981,272.15,1,0
1759005314.2789364,0,0.059500000000000004,1.5,2,531.26,521.5999999999981,272.0,1,0
1759005314.2896492,0,0.059000000000000004,1.5,2,530.72,521.4999999999981,271.8,2,0
1759005314.2997298,0,0.0585,1.5,2,530.18,521.399999999998,271.5,1,0
1759005314.310054,0,0.058,1.5,2,529.6,521.299999999998,271.1,1,0
1759005314.31997,0,0.0575,1.5,2,528.94,521.199999999998,270.75,0,0
1759005314.330077,0,0.0575,1.5,2,528.36,521.099999999998,270.35,0,0
1759005314.3402162,0,0.057,1.5,2,527.7,520.999999999998,269.9,0,1
1759005314.350826,0,0.057,1.5,2,527.04,520.8999999999979,269.4,1,0
1759005314.3608086,0,0.056,1.5,2,526.56,520.7999999999979,269.0,0,1
1759005314.37072,0,0.0565,1.5,2,526.12,520.6999999999979,268.65,0,2
1759005314.3805046,0,0.0565,1.5,2,525.7,520.5999999999979,268.3,0,1
1759005314.3912556,0,0.0565,1.5,2,525.34,520.4999999999978,268.04999999999995,0,1
1759005314.4017236,0,0.057,1.5,2,524.98,520.3999999999978,267.85,1,0
1759005314.411507,0,0.056,1.5,2,524.64,520.2999999999978,267.65,0,0
1759005314.4221182,0,0.0555,1.5,2,524.26,520.1999999999978,267.45,0,1
1759005314.4322288,0,0.0565,1.5,2,523.92,520.0999999999977,267.2,1,1
1759005314.4421175,0,0.057,1.5,2,523.62,519.9999999999977,266.9,1,0
1759005314.4525535,0,0.0575,1.5,2,523.34,519.8999999999977,266.55,1,0
1759005314.462728,0,0.057,1.5,2,523.1,519.7999999999977,266.25,0,0
1759005314.4731798,0,0.0575,1.5,2,522.86,519.6999999999977,266.05,0,1
1759005314.4831557,0,0.0565,1.5,2,522.7,519.5999999999976,265.8,0,0
1759005314.4932866,0,0.0575,1.5,2,522.46,519.4999999999976,265.6,2,1
1759005314.5036721,0,0.0575,1.5,2,522.28,519.3999999999976,265.4,1,1
1759005314.5136373,0,0.0565,1.5,2,522.1,519.2999999999976,265.20000000000005,0,0
1759005314.523878,0,0.0565,1.5,2,521.92,519.1999999999975,265.05,0,0
1759005314.534266,0,0.056,1.5,2,521.74,519.0999999999975,264.85,1,0
1759005314.5443723,0,0.0565,1.5,2,521.58,518.9999999999975,264.65,1,1
1759005314.5546794,0,0.056,1.5,2,521.36,518.8999999999975,264.45000000000005,0,2
1759005314.5647106,0,0.0555,1.5,2,521.12,518.7999999999975,264.3,0,1
1759005314.5752394,0,0.0565,1.5,2,520.9,518.6999999999974,264.15,1,1
1759005314.5849159,0,0.056,1.5,2,520.66,518.5999999999974,263.9,0,0
1759005314.5953197,0,0.056,1.5,2,520.56,518.4999999999974,263.6,0,1
1759005314.6056147,0,0.056,1.5,2,520.54,518.3999999999974,263.4,2,0
1759005314.6156306,0,0.0565,1.5,2,520.48,518.2999999999973,263.3,1,1
1759005314.6259172,0,0.0565,1.5,2,520.5,518.1999999999973,263.25,0,2
1759005314.6365888,0,0.0565,1.5,2,520.5,518.0999999999973,263.15,1,0
1759005314.6467714,0,0.0575,1.5,2,520.62,517.9999999999973,263.04999999999995,2,0
1759005314.6566672,0,0.058,1.5,2,520.54,517.8999999999972,262.95000000000005,2,0
1759005314.6667564,0,0.0575,1.5,2,520.52,517.7999999999972,262.8,0,1
1759005314.6766386,0,0.0585,1.5,2,520.41,517.6999999999972,262.7,1,1
1759005314.6875381,0,0.059500000000000004,1.5,2,520.31,517.5999999999972,262.6,2,1
1759005314.6974652,0,0.059500000000000004,1.5,2,520.21,517.4999999999972,262.54999999999995,0,1
1759005314.707532,0,0.059000000000000004,1.5,2,520.15,517.3999999999971,262.4,0,0
1759005314.7176154,0,0.059500000000000004,1.5,2,520.05,517.2999999999971,262.29999999999995,1,0
1759005314.727845,0,0.059500000000000004,1.5,2,519.95,517.1999999999971,262.15,0,0
1759005314.738467,0,0.059500000000000004,1.5,2,519.87,517.0999999999971,262.0,0,0
1759005314.7483168,0,0.0585,1.5,2,519.75,516.999999999997,261.9,1,0
1759005314.7587168,0,0.0585,1.5,2,519.67,516.899999999997,261.8,1,0
1759005314.7687504,0,0.059000000000000004,1.5,2,519.55,516.799999999997,261.85,1,0
1759005314.7786496,0,0.059500000000000004,1.5,2,519.49,516.699999999997,261.85,1,1
1759005314.7886865,0,0.061000000000000006,1.5,2,519.41,516.599999999997,261.8,2,1
1759005314.798858,0,0.061000000000000006,1.5,2,519.23,516.4999999999969,261.7,1,0
1759005314.8091552,0,0.060000000000000005,1.5,2,519.07,516.3999999999969,261.6,0,0
1759005314.8193278,0,0.059500000000000004,1.5,2,518.91,516.2999999999969,261.45,0,0
1759005314.8296092,0,0.059500000000000004,1.5,2,518.75,516.1999999999969,261.25,1,0
1759005314.8397427,0,0.059500000000000004,1.5,2,518.61,516.0999999999968,261.0,1,0
1759005314.8498006,0,0.059500000000000004,1.5,2,518.47,515.9999999999968,260.75,1,0
1759005314.8606083,0,0.059500000000000004,1.5,2,518.26,515.8999999999968,260.45,1,0
1759005314.8706968,0,0.060000000000000005,1.5,2,518.1,515.7999999999968,260.15,1,0
1759005314.8804905,0,0.060500000000000005,1.5,2,517.94,515.6999999999967,259.85,1,1
1759005314.8905747,0,0.060000000000000005,1.5,2,517.76,515.5999999999967,259.55,0,0
1759005314.901037,0,0.059500000000000004,1.5,2,517.6,515.4999999999967,259.3,0,1
1759005314.9111154,0,0.059000000000000004,1.5,2,517.4,515.3999999999967,259.0,1,0
1759005314.9207413,0,0.059000000000000004,1.5,2,517.16,515.2999999999967,258.65,0,0
1759005314.9310267,0,0.060000000000000005,1.5,2,516.94,515.1999999999966,258.35,1,1
1759005314.9412096,0,0.060500000000000005,1.5,2,516.8,515.0999999999966,258.0,0,1
1759005314.951654,0,0.060500000000000005,1.5,2,516.68,514.9999999999966,257.65,0,1
1759005314.9613738,0,0.060500000000000005,1.5,2,516.76,514.8999999999966,257.4,0,0
1759005314.9717062,0,0.060000000000000005,1.5,2,516.7,514.7999999999965,257.2,0,0
1759005314.981919,0,0.059000000000000004,1.5,2,516.7,514.6999999999965,257.0,1,0
1759005314.992104,0,0.059000000000000004,1.5,2,516.66,514.5999999999965,256.9,1,0
1759005315.001871,0,0.059000000000000004,1.5,2,516.66,514.4999999999965,256.7,0,1
1759005315.0127451,0,0.059500000000000004,1.5,2,516.64,514.3999999999965,256.5,1,1
1759005315.0225043,0,0.059500000000000004,1.5,2,516.57,514.2999999999964,256.29999999999995,1,0
1759005315.0321841,0,0.059000000000000004,1.5,2,516.55,514.1999999999964,256.15,0,0
1759005315.0430129,0,0.059500000000000004,1.5,2,516.48,514.0999999999964,256.0,2,0
1759005315.0528038,0,0.059500000000000004,1.5,2,516.48,513.9999999999964,255.89999999999998,1,0
1759005315.0634856,0,0.059500000000000004,1.5,2,516.62,513.8999999999963,255.7,1,0
1759005315.0737338,0,0.059000000000000004,1.5,2,516.64,513.7999999999963,255.5,0,0
1759005315.0840287,0,0.059000000000000004,1.5,2,516.66,513.6999999999963,255.25,1,0
1759005315.093853,0,0.0585,1.5,2,516.62,513.5999999999963,255.10000000000002,1,0
1759005315.1043518,0,0.058,1.5,2,516.6,513.4999999999962,255.0,1,0
1759005315.1147072,0,0.057,1.5,2,516.6,513.3999999999962,254.95,0,0
1759005315.1246636,0,0.056,1.5,2,516.56,513.2999999999962,254.95000000000002,0,0
1759005315.135132,0,0.0565,1.5,2,516.56,513.1999999999962,254.95,1,0
1759005315.1450944,0,0.0565,1.5,2,516.32,513.0999999999962,254.95,1,0
1759005315.1548123,0,0.056,1.5,2,516.4,512.9999999999961,254.89999999999998,2,0
1759005315.1650944,0,0.0555,1.5,2,516.32,512.8999999999961,254.8,1,0
1759005315.174464,0,0.055,1.5,2,516.22,512.7999999999961,254.54999999999998,1,0
1759005315.1849122,0,0.0545,1.5,2,516.14,512.6999999999961,254.29999999999998,1,0
1759005315.1947675,0,0.054,1.5,2,516.06,512.599999999996,254.04999999999998,0,0
1759005315.2050068,0,0.053000000000000005,1.5,2,515.94,512.499999999996,253.7,0,0
1759005315.2161179,0,0.052500000000000005,1.5,2,515.83,512.399999999996,253.35,1,0
1759005315.2264464,0,0.052000000000000005,1.5,2,515.75,512.299999999996,252.95,0,0
1759005315.2366593,0,0.051500000000000004,1.5,2,515.67,512.199999999996,252.75,1,0
1759005315.2467535,0,0.052000000000000005,1.5,2,515.55,512.0999999999959,252.64999999999998,2,0
1759005315.256607,0,0.052000000000000005,1.5,2,515.43,511.9999999999959,252.6,1,0
1759005315.2666683,0,0.051000000000000004,1.5,2,515.25,511.8999999999959,252.35,1,0
1759005315.2772467,0,0.051500000000000004,1.5,2,515.11,511.79999999999586,252.15,2,0
1759005315.2872307,0,0.051000000000000004,1.5,2,515.03,511.69999999999584,252.0,0,0
1759005315.2973685,0,0.051000000000000004,1.5,2,514.91,511.5999999999958,251.85,1,0
1759005315.3074262,0,0.05,1.5,2,514.79,511.4999999999958,251.75,0,0
1759005315.318225,0,0.05,1.5,2,514.73,511.39999999999577,251.75,0,1
1759005315.3283155,0,0.05,1.5,2,514.73,511.29999999999575,251.85000000000002,0,1
1759005315.33838,0,0.05,1.5,2,514.75,511.1999999999957,251.85,0,0
1759005315.3485854,0,0.051000000000000004,1.5,2,514.75,511.0999999999957,251.75,2,0
1759005315.3588657,0,0.051000000000000004,1.5,2,514.75,510.9999999999957,251.7,1,0
1759005315.3689835,0,0.051000000000000004,1.5,2,514.71,510.89999999999566,251.7,1,0
1759005315.3792105,0,0.051500000000000004,1.5,2,514.73,510.79999999999563,251.8,2,0
1759005315.3893762,0,0.0505,1.5,2,514.64,510.6999999999956,251.85,0,0
1759005315.3999507,0,0.0505,1.5,2,514.64,510.5999999999956,251.85000000000002,1,0
1759005315.4096084,0,0.05,1.5,2,514.66,510.49999999999557,251.85,0,0
1759005315.4197369,0,0.0495,1.5,2,514.68,510.39999999999554,251.85000000000002,0,0
1759005315.4302576,0,0.0495,1.5,2,514.68,510.2999999999955,251.8,0,0
1759005315.440514,0,0.049,1.5,2,514.66,510.1999999999955,251.7,0,0
1759005315.4506981,0,0.0485,1.5,2,514.59,510.0999999999955,251.60000000000002,0,1
1759005315.460981,0,0.048,1.5,2,514.57,509.99999999999545,251.55,0,0
1759005315.4710355,0,0.0475,1.5,2,514.75,509.89999999999543,251.5,0,0
1759005315.4810312,0,0.0475,1.5,2,514.71,509.7999999999954,251.5,0,0
1759005315.491607,0,0.047,1.5,2,514.71,509.6999999999954,251.5,0,0
1759005315.5018535,0,0.0475,1.5,2,514.63,509.59999999999536,251.5,1,0
1759005315.5119522,0,0.0465,1.5,2,514.59,509.49999999999534,251.5,1,0
1759005315.522304,0,0.0455,1.5,2,514.53,509.3999999999953,251.5,0,0
1759005315.53242,0,0.046,1.5,2,514.47,509.2999999999953,251.5,1,0
1759005315.5424757,0,0.0465,1.5,2,514.37,509.19999999999527,251.4,1,0
1759005315.5524018,0,0.047,1.5,2,514.31,509.09999999999525,251.3,2,0
1759005315.5623784,0,0.0465,1.5,2,514.25,508.9999999999952,251.15,1,0
1759005315.5724533,0,0.0455,1.5,2,514.17,508.8999999999952,251.04999999999998,0,0
1759005315.582494,0,0.0455,1.5,2,514.09,508.7999999999952,250.95,1,0
1759005315.593052,0,0.044500000000000005,1.5,2,514.01,508.69999999999516,250.79999999999998,0,0
1759005315.6026905,0,0.045000000000000005,1.5,2,513.93,508.59999999999513,250.7,1,0
1759005315.6136346,0,0.045000000000000005,1.5,2,513.83,508.4999999999951,250.6,1,0
1759005315.6238735,0,0.044000000000000004,1.5,2,513.69,508.3999999999951,250.45,0,0
1759005315.6337507,0,0.043000000000000003,1.5,2,513.57,508.29999999999507,250.4,0,0
1759005315.6441479,0,0.0425,1.5,2,513.49,508.19999999999504,250.35000000000002,1,0
1759005315.6544952,0,0.0425,1.5,2,513.32,508.099999999995,250.35000000000002,1,0
1759005315.664403,0,0.042,1.5,2,512.97,507.999999999995,250.35000000000002,1,0
1759005315.6745963,0,0.0415,1.5,2,512.82,507.899999999995,250.35,1,0
1759005315.684566,0,0.041,1.5,2,512.65,507.79999999999495,250.3,0,0
1759005315.695032,0,0.04,1.5,2,512.47,507.69999999999493,250.25,0,0
1759005315.7046099,0,0.039,1.5,2,512.26,507.5999999999949,250.15,1,0
1759005315.7156942,0,0.0395,1.5,2,512.11,507.4999999999949,249.95000000000002,2,0
1759005315.725386,0,0.0395,1.5,2,511.94,507.39999999999486,249.85,0,0
1759005315.735706,0,0.039,1.5,2,511.81,507.29999999999484,249.7,0,0
1759005315.7462375,0,0.04,1.5,2,511.68,507.1999999999948,249.60000000000002,0,2
1759005315.7563317,0,0.0405,1.5,2,511.49,507.0999999999948,249.45,1,0
1759005315.7665534,0,0.04,1.5,2,511.55,506.99999999999477,249.35000000000002,0,0
1759005315.7763662,0,0.04,1.5,2,511.4,506.89999999999475,249.25,1,0
1759005315.7864683,0,0.0395,1.5,2,511.33,506.7999999999947,249.2,0,0
1759005315.7967732,0,0.039,1.5,2,511.26,506.6999999999947,249.15,1,0
1759005315.806984,0,0.037500000000000006,1.5,2,511.19,506.5999999999947,249.10000000000002,0,0
1759005315.816842,0,0.037000000000000005,1.5,2,511.12,506.49999999999466,249.10000000000002,0,0
1759005315.827351,0,0.037000000000000005,1.5,2,510.99,506.39999999999463,249.14999999999998,0,0
1759005315.8366342,0,0.037000000000000005,1.5,2,510.84,506.2999999999946,249.1,0,0
1759005315.8474085,0,0.036500000000000005,1.5,2,510.69,506.1999999999946,249.10000000000002,0,0
1759005315.8574266,0,0.036000000000000004,1.5,2,510.52,506.09999999999457,249.1,0,0
1759005315.8679755,0,0.036500000000000005,1.5,2,510.29,505.99999999999454,249.0,1,1
1759005315.8778896,0,0.036500000000000005,1.5,2,510.19,505.8999999999945,248.9,1,0
1759005315.8882713,0,0.036500000000000005,1.5,2,510.04,505.7999999999945,248.79999999999998,0,1
1759005315.898492,0,0.036000000000000004,1.5,2,509.89,505.6999999999945,248.75,0,1
1759005315.9085448,0,0.0375,1.5,2,509.76,505.59999999999445,248.7,2,1
1759005315.9187872,0,0.038,1.5,2,509.61,505.49999999999443,248.6,2,0
1759005315.9290798,0,0.038,1.5,2,509.38,505.3999999999944,248.5,0,1
1759005315.9389708,0,0.0385,1.5,2,509.25,505.2999999999944,248.4,0,1
1759005315.949438,0,0.0375,1.5,2,509.16,505.19999999999436,248.3,0,0
1759005315.959795,0,0.037000000000000005,1.5,2,509.05,505.09999999999434,248.25,0,0
1759005315.9696152,0,0.036500000000000005,1.5,2,508.94,504.9999999999943,248.29999999999998,0,0
1759005315.9798949,0,0.036500000000000005,1.5,2,508.65,504.8999999999943,248.35,0,0
1759005315.989988,0,0.037000000000000005,1.5,2,508.54,504.79999999999427,248.4,0,1
1759005315.999897,0,0.036500000000000005,1.5,2,508.39,504.69999999999425,248.39999999999998,0,0
1759005316.0102344,0,0.037000000000000005,1.5,2,508.26,504.5999999999942,248.39999999999998,1,1
1759005316.0198338,0,0.037000000000000005,1.5,2,508.11,504.4999999999942,248.45,1,0
1759005316.030815,0,0.036500000000000005,1.5,2,508.04,504.3999999999942,248.6,1,0
1759005316.0407078,0,0.036500000000000005,1.5,2,507.96,504.29999999999416,248.75,1,0
1759005316.0506558,0,0.036500000000000005,1.5,2,507.89,504.19999999999413,248.85,0,0
1759005316.0613425,0,0.036000000000000004,1.5,2,507.94,504.0999999999941,248.95000000000002,0,1
1759005316.0713637,0,0.035500000000000004,1.5,2,507.92,503.9999999999941,248.95000000000002,0,0
1759005316.081209,0,0.035,1.5,2,507.67,503.89999999999407,249.0,0,0
1759005316.091593,0,0.035,1.5,2,507.58,503.79999999999404,249.05,0,0
1759005316.1015534,0,0.035,1.5,2,507.41,503.699999999994,249.1,1,0
1759005316.1119404,0,0.0345,1.5,2,507.28,503.599999999994,249.1,0,0
1759005316.122069,0,0.034,1.5,2,507.19,503.499999999994,249.0,0,0
1759005316.131968,0,0.034,1.5,2,507.02,503.39999999999395,248.8,0,0
1759005316.1422343,0,0.034,1.5,2,506.89,503.29999999999393,248.60000000000002,0,0
1759005316.1525822,0,0.0335,1.5,2,506.76,503.1999999999939,248.4,0,0
1759005316.1626165,0,0.033,1.5,2,506.61,503.0999999999939,248.25,0,0
1759005316.1725967,0,0.0325,1.5,2,506.3,502.99999999999386,248.15,0,1
1759005316.1836102,0,0.0325,1.5,2,506.13,502.89999999999384,248.05,0,1
1759005316.193676,0,0.033,1.5,2,505.92,502.7999999999938,248.0,1,1
1759005316.2034202,0,0.0325,1.5,2,505.83,502.6999999999938,248.0,0,0
1759005316.2135217,0,0.0325,1.5,2,505.74,502.59999999999377,248.10000000000002,0,0
1759005316.2239552,0,0.0325,1.5,2,505.63,502.49999999999375,248.25,0,0
1759005316.2343383,0,0.032,1.5,2,505.59,502.3999999999937,248.4,0,0
1759005316.2442098,0,0.0325,1.5,2,505.46,502.2999999999937,248.55,0,1
1759005316.254861,0,0.032,1.5,2,505.37,502.1999999999937,248.55,0,0
1759005316.2652426,0,0.0315,1.5,2,505.3,502.09999999999366,248.54999999999998,1,0
1759005316.2747347,0,0.032,1.5,2,505.19,501.99999999999363,248.55,1,1
1759005316.2853153,0,0.0315,1.5,2,505.08,501.8999999999936,248.6,0,0
1759005316.2951567,0,0.030500000000000003,1.5,2,504.99,501.7999999999936,248.60000000000002,0,0
1759005316.3062146,0,0.031000000000000003,1.5,2,504.82,501.69999999999357,248.54999999999998,0,1
1759005316.3163352,0,0.031000000000000003,1.5,2,504.75,501.59999999999354,248.5,1,0
1759005316.3263187,0,0.031000000000000003,1.5,2,504.68,501.4999999999935,248.4,0,0
1759005316.336349,0,0.030500000000000003,1.5,2,504.59,501.3999999999935,248.35,0,0
1759005316.3466551,0,0.030000000000000002,1.5,2,504.5,501.2999999999935,248.25,0,0
1759005316.3565724,0,0.030500000000000003,1.5,2,504.37,501.19999999999345,248.2,1,0
1759005316.3672817,0,0.030000000000000002,1.5,2,504.14,501.09999999999343,248.25,0,1
1759005316.377445,0,0.029500000000000002,1.5,2,503.91,500.9999999999934,248.29999999999998,0,0
1759005316.387503,0,0.029,1.5,2,503.78,500.8999999999934,248.29999999999998,0,0
1759005316.3981488,0,0.028,1.5,2,503.53,500.79999999999336,248.2,0,0
1759005316.4076686,0,0.028,1.5,2,503.45,500.69999999999334,248.05,0,0
1759005316.417976,0,0.0275,1.5,2,503.3,500.5999999999933,248.0,0,0
1759005316.4284055,0,0.0275,1.5,2,503.15,500.4999999999933,247.85,0,0
1759005316.4381976,0,0.0275,1.5,2,503,500.39999999999327,247.65,0,0
1759005316.4487903,0,0.0275,1.5,2,502.85,500.29999999999325,247.5,0,0
1759005316.4586718,0,0.028,1.5,2,502.7,500.1999999999932,247.39999999999998,0,1
1759005316.4689677,0,0.0285,1.5,2,502.6,500.0999999999932,247.4,2,0
1759005316.478585,0,0.029500000000000002,1.5,2,502.45,499.9999999999932,247.39999999999998,1,1
1759005316.4894078,0,0.029500000000000002,1.5,2,502.02,499.89999999999316,247.4,0,0
1759005316.4996343,0,0.029500000000000002,1.5,2,501.89,499.79999999999313,247.35000000000002,0,0
1759005316.5099542,0,0.029500000000000002,1.5,2,501.74,499.6999999999931,247.2,0,0
1759005316.5198455,0,0.030000000000000002,1.5,2,501.59,499.5999999999931,247.1,0,2
1759005316.530402,0,0.029500000000000002,1.5,2,501.36,499.49999999999307,246.95,0,0
1759005316.5402772,0,0.029500000000000002,1.5,2,501.21,499.39999999999304,246.8,0,0
1759005316.5505111,0,0.029,1.5,2,501.04,499.299999999993,246.70000000000002,0,0
1759005316.560412,0,0.0285,1.5,2,500.83,499.199999999993,246.65,0,0
1759005316.5710728,0,0.0275,1.5,2,500.66,499.099999999993,246.60000000000002,0,0
1759005316.5805953,0,0.027,1.5,2,500.49,498.99999999999295,246.45000000000002,0,0
1759005316.5909455,0,0.028,1.5,2,500.34,498.89999999999293,246.35,1,1
1759005316.601613,0,0.0275,1.5,2,500.11,498.7999999999929,246.25,0,0
1759005316.6119561,0,0.0275,1.5,2,499.96,498.6999999999929,246.25,0,0
1759005316.6215134,0,0.0275,1.5,2,499.81,498.59999999999286,246.14999999999998,0,1
1759005316.6323922,0,0.027,1.5,2,499.66,498.49999999999284,246.05,0,0
1759005316.642147,0,0.027,1.5,2,499.43,498.3999999999928,245.95,0,0
1759005316.652511,0,0.027,1.5,2,499.22,498.2999999999928,245.85000000000002,0,0
1759005316.6627016,0,0.027,1.5,2,499.05,498.19999999999277,245.75,0,1
1759005316.6723626,0,0.027,1.5,2,498.91,498.09999999999275,245.6,0,1
1759005316.6823735,0,0.027,1.5,2,498.91,497.9999999999927,245.45,0,1
1759005316.6928976,0,0.027,1.5,2,498.91,497.8999999999927,245.3,1,0
1759005316.7029586,0,0.027,1.5,2,498.91,497.7999999999927,245.2,0,0
1759005316.7127056,0,0.0275,1.5,2,498.99,497.69999999999266,245.14999999999998,0,1
1759005316.7226644,0,0.0275,1.5,2,498.88,497.59999999999263,245.2,1,0
1759005316.732998,0,0.027,1.5,2,498.69,497.4999999999926,245.25,1,0
1759005316.743412,0,0.0275,1.5,2,498.55,497.3999999999926,245.25,1,0
1759005316.753928,0,0.0285,1.5,2,498.39,497.29999999999256,245.25,2,0
1759005316.76358,0,0.0275,1.5,2,498.41,497.19999999999254,245.25,0,0
1759005316.7744353,0,0.0275,1.5,2,498.31,497.0999999999925,245.29999999999998,1,0
1759005316.7846885,0,0.028,1.5,2,497.93,496.9999999999925,245.25,1,0
1759005316.7944415,0,0.0275,1.5,2,497.75,496.8999999999925,245.20000000000002,0,0
1759005316.8046036,0,0.028,1.5,2,497.59,496.79999999999245,245.0,0,1
1759005316.8147452,0,0.028,1.5,2,497.43,496.69999999999243,244.8,0,1
1759005316.8254833,0,0.029,1.5,2,497.19,496.5999999999924,244.65,1,1
1759005316.8355842,0,0.029,1.5,2,496.94,496.4999999999924,244.55,0,0
1759005316.8453448,0,0.029,1.5,2,496.73,496.39999999999236,244.35000000000002,0,0
1759005316.855538,0,0.029,1.5,2,496.54,496.29999999999234,244.25,0,0
1759005316.8657315,0,0.029,1.5,2,496.4,496.1999999999923,244.15,0,0
1759005316.8763661,0,0.029500000000000002,1.5,2,496.26,496.0999999999923,244.15,0,1
1759005316.8865566,0,0.0285,1.5,2,496.18,495.99999999999227,244.25,0,0
1759005316.8968973,0,0.028,1.5,2,496.24,495.89999999999225,244.35000000000002,0,0
1759005316.9073272,0,0.0275,1.5,2,496.1,495.7999999999922,244.45,0,0
1759005316.9168448,0,0.027,1.5,2,495.96,495.6999999999922,244.5,0,0
1759005316.9263856,0,0.026500000000000003,1.5,2,495.77,495.5999999999922,244.5,1,1
1759005316.9365778,0,0.026000000000000002,1.5,2,495.58,495.49999999999216,244.5,0,1
1759005316.9467864,0,0.026000000000000002,1.5,2,495.52,495.39999999999213,244.55,1,0
1759005316.956956,0,0.026000000000000002,1.5,2,495.31,495.2999999999921,244.6,1,0
1759005316.9673033,0,0.026500000000000003,1.5,2,495.09,495.1999999999921,244.65,1,0
1759005316.9784763,0,0.026500000000000003,1.5,2,494.87,495.09999999999206,244.6,0,0
1759005316.9895,0,0.026500000000000003,1.5,2,494.71,494.99999999999204,244.5,0,0
1759005316.9985104,0,0.026500000000000003,1.5,2,494.5,494.899999999992,244.4,0,0
1759005317.0090697,0,0.026500000000000003,1.5,2,494.3,494.799999999992,244.29999999999998,1,0
1759005317.019092,0,0.026500000000000003,1.5,2,494.14,494.699999999992,244.2,0,0
1759005317.0292988,0,0.025500000000000002,1.5,2,494,494.59999999999195,244.05,0,0
1759005317.0394862,0,0.025500000000000002,1.5,2,493.79,494.4999999999919,243.89999999999998,0,1
1759005317.049861,0,0.025500000000000002,1.5,2,493.59,494.3999999999919,243.75,0,1
1759005317.0597906,0,0.025,1.5,2,493.41,494.2999999999919,243.60000000000002,0,0
1759005317.0698733,0,0.025,1.5,2,493.19,494.19999999999186,243.45,0,0
1759005317.0803251,0,0.0245,1.5,2,492.87,494.09999999999184,243.29999999999998,0,0
1759005317.0906823,0,0.025,1.5,2,492.6,493.9999999999918,243.2,0,1
1759005317.1004417,0,0.025,1.5,2,492.44,493.8999999999918,243.14999999999998,0,0
1759005317.1109416,0,0.025,1.5,2,492.19,493.79999999999177,243.1,0,0
1759005317.1206102,0,0.025500000000000002,1.5,2,492.05,493.69999999999175,243.14999999999998,1,1
1759005317.1308703,0,0.025500000000000002,1.5,2,491.91,493.5999999999917,243.2,0,0
1759005317.1407785,0,0.025500000000000002,1.5,2,491.75,493.4999999999917,243.25,0,0
1759005317.1516874,0,0.025500000000000002,1.5,2,491.61,493.3999999999917,243.35,0,0
1759005317.1614907,0,0.026000000000000002,1.5,2,491.45,493.29999999999166,243.45,1,0
1759005317.1720085,0,0.026000000000000002,1.5,2,491.31,493.19999999999163,243.55,0,0
1759005317.1818275,0,0.026000000000000002,1.5,2,491.15,493.0999999999916,243.6,0,0
1759005317.1916494,0,0.025500000000000002,1.5,2,491.01,492.9999999999916,243.64999999999998,0,0
1759005317.2026706,0,0.025,1.5,2,491.09,492.89999999999156,243.75,0,0
1759005317.212647,0,0.0245,1.5,2,491.01,492.79999999999154,243.85,0,1
1759005317.2229602,0,0.0245,1.5,2,490.81,492.6999999999915,243.89999999999998,0,0
1759005317.2332318,0,0.0245,1.5,2,490.61,492.5999999999915,243.89999999999998,0,0
1759005317.2438238,0,0.0245,1.5,2,490.45,492.4999999999915,243.89999999999998,0,0
1759005317.253758,0,0.0245,1.5,2,490.25,492.39999999999145,243.85000000000002,0,0
1759005317.2635596,0,0.024,1.5,2,490.04,492.2999999999914,243.75,0,0
1759005317.2739165,0,0.024,1.5,2,489.82,492.1999999999914,243.54999999999998,0,0
1759005317.2845569,0,0.0235,1.5,2,489.6,492.0999999999914,243.45,0,0
1759005317.2947912,0,0.023,1.5,2,489.35,491.99999999999136,243.35,0,1
1759005317.304942,0,0.023,1.5,2,489.35,491.89999999999134,243.3,0,0
1759005317.314594,0,0.023,1.5,2,489.15,491.7999999999913,243.29999999999998,0,0
1759005317.3249888,0,0.022500000000000003,1.5,2,489.01,491.6999999999913,243.3,0,0
1759005317.3348458,0,0.022500000000000003,1.5,2,488.81,491.59999999999127,243.25,1,0
1759005317.34586,0,0.023,1.5,2,488.59,491.49999999999125,243.25,1,0
1759005317.356042,0,0.0235,1.5,2,488.35,491.3999999999912,243.2,1,0
1759005317.3658912,0,0.0245,1.5,2,488.1,491.2999999999912,243.2,1,1
1759005317.3760593,0,0.0245,1.5,2,487.94,491.1999999999912,243.1,1,0
1759005317.386317,0,0.0245,1.5,2,487.86,491.09999999999116,243.0,1,0
1759005317.396875,0,0.025,1.5,2,488.02,490.99999999999113,242.89999999999998,0,1
1759005317.4070444,0,0.025500000000000002,1.5,2,487.86,490.8999999999911,242.89999999999998,1,0
1759005317.4168513,0,0.026500000000000003,1.5,2,487.75,490.7999999999911,242.89999999999998,2,0
1759005317.4276857,0,0.026500000000000003,1.5,2,487.61,490.69999999999106,243.0,0,0
1759005317.4377012,0,0.026500000000000003,1.5,2,487.42,490.59999999999104,243.1,0,0
1759005317.4474785,0,0.026500000000000003,1.5,2,487.26,490.499999999991,243.35000000000002,0,0
1759005317.4578571,0,0.026500000000000003,1.5,2,487.12,490.399999999991,243.5,0,0
1759005317.467576,0,0.026500000000000003,1.5,2,486.93,490.299999999991,243.45000000000002,0,0
1759005317.478367,0,0.026000000000000002,1.5,2,486.79,490.19999999999095,243.35,0,0
1759005317.4887235,0,0.025500000000000002,1.5,2,486.65,490.0999999999909,243.2,0,1
1759005317.4988809,0,0.0245,1.5,2,486.46,489.9999999999909,243.10000000000002,0,0
1759005317.5085883,0,0.0245,1.5,2,486.38,489.8999999999909,243.0,0,0
1759005317.5190024,0,0.0245,1.5,2,486.19,489.79999999999086,242.9,0,0
1759005317.5287519,0,0.0245,1.5,2,486,489.69999999999084,242.9,0,0
1759005317.5392344,0,0.0235,1.5,2,485.81,489.5999999999908,242.95000000000002,0,0
1759005317.5497885,0,0.0235,1.5,2,485.7,489.4999999999908,243.0,0,0
1759005317.559555,0,0.024,1.5,2,485.6,489.39999999999077,243.05,0,1
1759005317.5700104,0,0.024,1.5,2,485.46,489.29999999999075,243.1,0,0
1759005317.5796626,0,0.024,1.5,2,485.4,489.1999999999907,243.25,0,0
1759005317.590302,0,0.024,1.5,2,485.26,489.0999999999907,243.35,0,0
1759005317.6007183,0,0.024,1.5,2,485.12,488.9999999999907,243.55,0,0
1759005317.6109543,0,0.023,1.5,2,484.96,488.89999999999065,243.64999999999998,0,0
1759005317.620779,0,0.0235,1.5,2,484.85,488.79999999999063,243.75,1,0
1759005317.6311145,0,0.024,1.5,2,484.66,488.6999999999906,243.75,0,1
1759005317.641153,0,0.0235,1.5,2,484.47,488.5999999999906,243.8,0,0
1759005317.6515315,0,0.0235,1.5,2,484.33,488.49999999999056,243.79999999999998,0,0
1759005317.6619432,0,0.024,1.5,2,484.27,488.39999999999054,243.8,0,1
1759005317.6719217,0,0.024,1.5,2,484.16,488.2999999999905,243.75,0,0
1759005317.6821039,0,0.0235,1.5,2,483.97,488.1999999999905,243.7,0,0
1759005317.692023,0,0.023,1.5,2,483.95,488.0999999999905,243.75,0,0
1759005317.7023544,0,0.022500000000000003,1.5,2,483.81,487.99999999999045,243.75,0,0
1759005317.712456,0,0.022500000000000003,1.5,2,483.67,487.8999999999904,243.75,0,1
1759005317.7230937,0,0.022500000000000003,1.5,2,483.53,487.7999999999904,243.75,0,0
1759005317.733355,0,0.022000000000000002,1.5,2,483.28,487.6999999999904,243.65,0,0
1759005317.7434416,0,0.022000000000000002,1.5,2,483.26,487.59999999999036,243.5,1,0
1759005317.7539845,0,0.022000000000000002,1.5,2,483.18,487.49999999999034,243.35000000000002,1,0
1759005317.7639825,0,0.022500000000000003,1.5,2,483.07,487.3999999999903,243.3,2,0
1759005317.7736728,0,0.022000000000000002,1.5,2,483.23,487.2999999999903,243.35000000000002,1,0
1759005317.784692,0,0.022500000000000003,1.5,2,482.96,487.19999999999027,243.39999999999998,0,1
1759005317.7942724,0,0.022000000000000002,1.5,2,482.83,487.09999999999025,243.39999999999998,0,0
1759005317.8044252,0,0.021500000000000002,1.5,2,482.77,486.9999999999902,243.39999999999998,0,0
1759005317.8149142,0,0.021500000000000002,1.5,2,482.68,486.8999999999902,243.45,0,0
1759005317.8249753,0,0.021,1.5,2,482.53,486.7999999999902,243.60000000000002,0,0
1759005317.834704,0,0.0205,1.5,2,482.36,486.69999999999015,243.75,0,0
1759005317.8447587,0,0.02,1.5,2,482.31,486.59999999999013,243.75,1,0
1759005317.8547306,0,0.02,1.5,2,482.29,486.4999999999901,243.7,0,0
1759005317.865606,0,0.02,1.5,2,482.21,486.3999999999901,243.7,0,0
1759005317.8757687,0,0.02,1.5,2,482.13,486.29999999999006,243.6,0,0
1759005317.88592,0,0.02,1.5,2,482,486.19999999999004,243.5,0,0
1759005317.8963118,0,0.02,1.5,2,481.89,486.09999999999,243.29999999999998,1,0
1759005317.906591,0,0.0205,1.5,2,481.78,485.99999999999,243.10000000000002,1,0
1759005317.9170058,0,0.0205,1.5,2,481.47,485.89999999999,242.89999999999998,0,0
1759005317.927407,0,0.0205,1.5,2,481.36,485.79999999998995,242.7,0,0
1759005317.9371116,0,0.021,1.5,2,481.25,485.6999999999899,242.5,0,1
1759005317.947938,0,0.0205,1.5,2,481.19,485.5999999999899,242.4,0,1
1759005317.95809,0,0.02,1.5,2,481.13,485.4999999999899,242.35,0,0
1759005317.9678311,0,0.0195,1.5,2,481,485.39999999998986,242.25,0,0
1759005317.9780629,0,0.0195,1.5,2,480.94,485.29999999998984,242.14999999999998,0,1
1759005317.9888554,0,0.0195,1.5,2,480.85,485.1999999999898,242.1,1,0
1759005317.9988508,0,0.02,1.5,2,480.8,485.0999999999898,242.10000000000002,1,0
1759005318.008649,0,0.0205,1.5,2,480.69,484.99999999998977,242.1,1,0
1759005318.0192118,0,0.0205,1.5,2,480.8,484.89999999998975,242.04999999999998,0,0
1759005318.0289683,0,0.02,1.5,2,480.69,484.7999999999897,241.95,0,0
1759005318.0393536,0,0.02,1.5,2,480.58,484.6999999999897,241.85,0,0
1759005318.049366,0,0.021,1.5,2,480.51,484.5999999999897,241.8,1,1
1759005318.059469,0,0.021,1.5,2,480.49,484.49999999998965,241.75,1,0
1759005318.070272,0,0.021,1.5,2,480.38,484.39999999998963,241.7,1,0
1759005318.0797455,0,0.021,1.5,2,480.29,484.2999999999896,241.65,0,0
1759005318.0897477,0,0.021500000000000002,1.5,2,480.22,484.1999999999896,241.55,1,0
1759005318.1003692,0,0.021500000000000002,1.5,2,480.16,484.09999999998956,241.45,0,0
1759005318.1107826,0,0.021,1.5,2,480.03,483.99999999998954,241.35,0,0
1759005318.120809,0,0.021500000000000002,1.5,2,480.13,483.8999999999895,241.25,0,1
1759005318.1310856,0,0.022000000000000002,1.5,2,480.07,483.7999999999895,241.15,1,0
1759005318.1411395,0,0.022500000000000003,1.5,2,479.96,483.6999999999895,240.95,2,1
1759005318.1518316,0,0.022500000000000003,1.5,2,479.85,483.59999999998945,240.8,0,0
1759005318.1616468,0,0.024,1.5,2,479.7,483.4999999999894,240.7,2,1
1759005318.1717405,0,0.025,1.5,2,479.59,483.3999999999894,240.6,2,0
1759005318.181906,0,0.025,1.5,2,479.5,483.2999999999894,240.5,1,0
1759005318.1922324,0,0.025500000000000002,1.5,2,479.37,483.19999999998936,240.4,1,0
1759005318.2023067,0,0.026000000000000002,1.5,2,479.26,483.09999999998934,240.29999999999998,1,0
1759005318.2122018,0,0.026000000000000002,1.5,2,479.19,482.9999999999893,240.14999999999998,0,0
1759005318.2228158,0,0.026000000000000002,1.5,2,479.11,482.8999999999893,239.95,0,0
1759005318.2329082,0,0.026000000000000002,1.5,2,479.06,482.79999999998927,239.75,1,0
1759005318.2433398,0,0.026000000000000002,1.5,2,478.95,482.69999999998925,239.55,0,0
1759005318.2533526,0,0.027,1.5,2,478.84,482.5999999999892,239.39999999999998,1,1
1759005318.2638094,0,0.0275,1.5,2,478.73,482.4999999999892,239.25,1,0
1759005318.273753,0,0.0285,1.5,2,478.62,482.3999999999892,239.10000000000002,1,1
1759005318.2839015,0,0.0285,1.5,2,478.54,482.29999999998915,239.0,0,0
1759005318.294319,0,0.0285,1.5,2,478.43,482.19999999998913,238.95,0,0
1759005318.3038075,0,0.029500000000000002,1.5,2,478.34,482.0999999999891,238.85,1,1
1759005318.3143415,0,0.030500000000000003,1.5,2,478.26,481.9999999999891,238.7,2,1
1759005318.3247106,0,0.030500000000000003,1.5,2,477.99,481.89999999998906,238.54999999999998,0,0
1759005318.3344016,0,0.031,1.5,2,477.88,481.79999999998904,238.4,1,0
1759005318.3446422,0,0.032,1.5,2,477.77,481.699999999989,238.25,1,1
1759005318.3548985,0,0.0325,1.5,2,477.64,481.599999999989,238.15,1,1
1759005318.3652737,0,0.0325,1.5,2,477.53,481.499999999989,238.15,0,1
1759005318.3754437,0,0.032,1.5,2,477.48,481.39999999998895,238.1,0,0
1759005318.3853614,0,0.031,1.5,2,477.4,481.2999999999889,238.0,0,0
1759005318.3955147,0,0.030500000000000003,1.5,2,477.29,481.1999999999889,237.95,0,0
1759005318.4058313,0,0.030500000000000003,1.5,2,477.18,481.0999999999889,237.89999999999998,1,0
1759005318.4160218,0,0.031,1.5,2,476.89,480.99999999998886,237.85,2,0
1759005318.4262912,0,0.0315,1.5,2,477.05,480.89999999998884,237.75,1,1
1759005318.4369514,0,0.031,1.5,2,476.99,480.7999999999888,237.6,1,0
1759005318.446555,0,0.031,1.5,2,476.86,480.6999999999888,237.4,0,0
1759005318.457274,0,0.0315,1.5,2,476.78,480.59999999998877,237.15,1,0
1759005318.4671204,0,0.0315,1.5,2,476.67,480.49999999998875,236.89999999999998,0,0
1759005318.4774904,0,0.0315,1.5,2,476.6,480.3999999999887,236.75,0,0
1759005318.4876308,0,0.0315,1.5,2,476.52,480.2999999999887,236.79999999999998,0,0
1759005318.4980824,0,0.032,1.5,2,476.39,480.1999999999887,236.95000000000002,0,1
1759005318.507908,0,0.032,1.5,2,476.26,480.09999999998865,237.10000000000002,1,0
1759005318.5177512,0,0.033,1.5,2,476.24,479.99999999998863,237.10000000000002,1,1
1759005318.5280135,0,0.034,1.5,2,476.4,479.8999999999886,237.10000000000002,1,1
1759005318.5381465,0,0.0345,1.5,2,476.32,479.7999999999886,237.10000000000002,1,0
1759005318.548533,0,0.035,1.5,2,476.26,479.69999999998856,237.10000000000002,1,0
1759005318.558512,0,0.035,1.5,2,476.18,479.59999999998854,237.0,0,0
1759005318.568661,0,0.035500000000000004,1.5,2,476.1,479.4999999999885,236.89999999999998,1,0
1759005318.5793908,0,0.035500000000000004,1.5,2,475.99,479.3999999999885,236.75,1,0
1759005318.5886,0,0.036000000000000004,1.5,2,475.86,479.2999999999885,236.45000000000002,0,1
1759005318.5995755,0,0.036500000000000005,1.5,2,475.73,479.19999999998845,236.05,0,1
1759005318.609698,0,0.037000000000000005,1.5,2,475.66,479.0999999999884,235.7,1,0
1759005318.6196444,0,0.038,1.5,2,475.47,478.9999999999884,235.5,1,1
1759005318.6297693,0,0.038,1.5,2,475.3,478.8999999999884,235.4,0,0
1759005318.639505,0,0.038,1.5,2,475.16,478.79999999998836,235.25,1,0
1759005318.6501076,0,0.038,1.5,2,475.08,478.69999999998834,235.14999999999998,1,0
1759005318.6604338,0,0.0385,1.5,2,474.94,478.5999999999883,235.0,1,0
1759005318.670368,0,0.039,1.5,2,474.75,478.4999999999883,234.9,1,0
1759005318.6808817,0,0.039,1.5,2,474.56,478.39999999998827,234.79999999999998,1,0
1759005318.691028,0,0.0395,1.5,2,474.42,478.29999999998824,234.75,1,0
1759005318.700591,0,0.04,1.5,2,474.28,478.1999999999882,234.75,1,0
1759005318.7115443,0,0.041,1.5,2,474.05,478.0999999999882,234.7,2,0
1759005318.721579,0,0.042,1.5,2,473.86,477.9999999999882,234.7,1,1
1759005318.731763,0,0.042,1.5,2,473.67,477.89999999998815,234.65,1,0
1759005318.7420168,0,0.0425,1.5,2,473.48,477.79999999998813,234.60000000000002,1,0
1759005318.752585,0,0.0425,1.5,2,473.4,477.6999999999881,234.60000000000002,0,0
1759005318.7625482,0,0.043000000000000003,1.5,2,473.28,477.5999999999881,234.55,1,1
1759005318.7730994,0,0.043000000000000003,1.5,2,473.22,477.49999999998806,234.55,1,0
1759005318.782753,0,0.043000000000000003,1.5,2,473.14,477.39999999998804,234.5,2,0
1759005318.7930415,0,0.0425,1.5,2,472.81,477.299999999988,234.39999999999998,0,0
1759005318.803892,0,0.043000000000000003,1.5,2,472.73,477.199999999988,234.3,2,0
1759005318.8136985,0,0.044000000000000004,1.5,2,472.67,477.099999999988,234.25,2,0
1759005318.8238935,0,0.044500000000000005,1.5,2,472.59,476.99999999998795,234.25,1,0
1759005318.8338428,0,0.0455,1.5,2,472.65,476.8999999999879,234.2,1,1
1759005318.844089,0,0.046,1.5,2,472.57,476.7999999999879,234.14999999999998,1,0
1759005318.8542078,0,0.0465,1.5,2,472.51,476.6999999999879,234.1,1,0
1759005318.864598,0,0.046,1.5,2,472.39,476.59999999998786,234.15,0,0
1759005318.8746026,0,0.0465,1.5,2,472.27,476.49999999998784,234.15,1,0
1759005318.8847616,0,0.0465,1.5,2,472.21,476.3999999999878,234.10000000000002,0,0
1759005318.8946679,0,0.047,1.5,2,472.15,476.2999999999878,234.10000000000002,1,0
1759005318.9041467,0,0.047,1.5,2,472.09,476.19999999998777,234.15,0,0
1759005318.9153728,0,0.047,1.5,2,472.01,476.09999999998774,234.2,1,0
1759005318.9259124,0,0.0475,1.5,2,471.93,475.9999999999877,234.29999999999998,2,0
1759005318.936137,0,0.048,1.5,2,472.08,475.8999999999877,234.35,1,0
1759005318.946038,0,0.049,1.5,2,472,475.7999999999877,234.39999999999998,2,0
1759005318.9564037,0,0.049,1.5,2,471.92,475.69999999998765,234.45,1,0
1759005318.9667616,0,0.0485,1.5,2,471.84,475.59999999998763,234.39999999999998,0,0
1759005318.9767203,0,0.0485,1.5,2,471.76,475.4999999999876,234.3,0,0
1759005318.9866626,0,0.049,1.5,2,471.7,475.3999999999876,234.2,1,0
1759005318.9967792,0,0.049,1.5,2,471.62,475.29999999998756,234.1,1,0
1759005319.007359,0,0.049,1.5,2,471.54,475.19999999998754,233.95,1,0
1759005319.0172899,0,0.049,1.5,2,471.42,475.0999999999875,233.95,1,0
1759005319.0278695,0,0.0495,1.5,2,471.48,474.9999999999875,234.0,1,1
1759005319.0380406,0,0.05,1.5,2,471.23,474.8999999999875,234.05,1,0
1759005319.0480306,0,0.051000000000000004,1.5,2,471.15,474.79999999998745,234.0,2,0
1759005319.0579479,0,0.051500000000000004,1.5,2,471.07,474.6999999999874,233.9,1,0
1759005319.0682003,0,0.0505,1.5,2,470.95,474.5999999999874,233.8,0,0
1759005319.0784638,0,0.051000000000000004,1.5,2,470.83,474.4999999999874,233.7,1,1
1759005319.0890486,0,0.052000000000000005,1.5,2,470.75,474.39999999998736,233.6,2,1
1759005319.0987747,0,0.052000000000000005,1.5,2,470.67,474.29999999998734,233.5,0,0
1759005319.1086278,0,0.051500000000000004,1.5,2,470.55,474.1999999999873,233.5,0,0
1759005319.1179943,0,0.052000000000000005,1.5,2,470.47,474.0999999999873,233.5,1,0
1759005319.128096,0,0.052500000000000005,1.5,2,470.41,473.99999999998727,233.55,1,0
1759005319.138314,0,0.053000000000000005,1.5,2,470.31,473.89999999998724,233.5,2,0
1759005319.1486287,0,0.052500000000000005,1.5,2,470.23,473.7999999999872,233.5,0,0
1759005319.1594863,0,0.051000000000000004,1.5,2,470.15,473.6999999999872,233.55,0,0
1759005319.1698925,0,0.051500000000000004,1.5,2,470.07,473.5999999999872,233.55,1,0
1759005319.1807253,0,0.0505,1.5,2,469.99,473.49999999998715,233.55,1,0
1759005319.1902997,0,0.05,1.5,2,469.91,473.39999999998713,233.55,1,0
1759005319.2003505,0,0.0505,1.5,2,469.83,473.2999999999871,233.55,2,0
1759005319.211095,0,0.051000000000000004,1.5,2,469.77,473.1999999999871,233.5,2,0
1759005319.220934,0,0.051500000000000004,1.5,2,469.71,473.09999999998706,233.45,2,0
1759005319.2307124,0,0.052000000000000005,1.5,2,469.59,472.99999999998704,233.45,1,0
1759005319.241143,0,0.052000000000000005,1.5,2,469.45,472.899999999987,233.5,0,0
1759005319.2517877,0,0.051500000000000004,1.5,2,469.33,472.799999999987,233.65,0,0
1759005319.2613223,0,0.051500000000000004,1.5,2,469.25,472.69999999998697,233.85,0,0
1759005319.2716746,0,0.051000000000000004,1.5,2,469.17,472.59999999998695,233.95,1,0
1759005319.2816544,0,0.051000000000000004,1.5,2,469.09,472.4999999999869,234.0,1,0
1759005319.292049,0,0.0505,1.5,2,469.01,472.3999999999869,234.05,1,0
1759005319.3023314,0,0.0505,1.5,2,468.95,472.2999999999869,234.05,0,0
1759005319.3125124,0,0.0505,1.5,2,468.89,472.19999999998686,234.05,0,0
1759005319.322636,0,0.05,1.5,2,468.81,472.09999999998684,233.95,1,0
1759005319.3328714,0,0.0495,1.5,2,468.75,471.9999999999868,233.9,2,0
1759005319.3429043,0,0.0495,1.5,2,468.81,471.8999999999868,233.9,0,0
1759005319.353587,0,0.0495,1.5,2,468.73,471.79999999998677,233.85000000000002,1,0
1759005319.3638039,0,0.0485,1.5,2,468.65,471.69999999998674,233.8,0,0
1759005319.3734796,0,0.0475,1.5,2,468.59,471.5999999999867,233.75,0,0
1759005319.3845458,0,0.0475,1.5,2,468.53,471.4999999999867,233.60000000000002,1,0
1759005319.3942525,0,0.048,1.5,2,468.41,471.3999999999867,233.5,1,0
1759005319.4048185,0,0.0485,1.5,2,468.35,471.29999999998665,233.35,1,0
1759005319.4150853,0,0.0485,1.5,2,468.27,471.19999999998663,233.25,0,0
1759005319.4250882,0,0.048,1.5,2,468.21,471.0999999999866,233.2,0,0
1759005319.4350708,0,0.0475,1.5,2,468.09,470.9999999999866,233.2,1,0
1759005319.445272,0,0.047,1.5,2,467.76,470.89999999998656,233.2,1,0
1759005319.455469,0,0.0475,1.5,2,467.68,470.79999999998654,233.25,1,1
1759005319.4659483,0,0.0485,1.5,2,467.62,470.6999999999865,233.25,1,1
1759005319.476315,0,0.048,1.5,2,467.58,470.5999999999865,233.3,0,0
1759005319.486882,0,0.0485,1.5,2,467.52,470.49999999998647,233.25,1,0
1759005319.4964292,0,0.049,1.5,2,467.4,470.39999999998645,233.2,1,0
1759005319.5069118,0,0.0495,1.5,2,467.34,470.2999999999864,233.10000000000002,0,1
1759005319.5166726,0,0.05,1.5,2,467.28,470.1999999999864,232.89999999999998,1,1
1759005319.5273387,0,0.051000000000000004,1.5,2,467.22,470.0999999999864,232.7,2,1
1759005319.5368857,0,0.0505,1.5,2,467.1,469.99999999998636,232.65,0,1
1759005319.5476787,0,0.051000000000000004,1.5,2,466.77,469.89999999998633,232.65,2,1
1759005319.5573697,0,0.051500000000000004,1.5,2,466.71,469.7999999999863,232.65,1,1
1759005319.5679102,0,0.051500000000000004,1.5,2,466.63,469.6999999999863,232.60000000000002,1,0
1759005319.5775821,0,0.051500000000000004,1.5,2,466.57,469.59999999998627,232.55,0,0
1759005319.587551,0,0.051500000000000004,1.5,2,466.51,469.49999999998624,232.55,1,0
1759005319.5981934,0,0.051500000000000004,1.5,2,466.39,469.3999999999862,232.6,0,1
1759005319.6086037,0,0.051000000000000004,1.5,2,466.33,469.2999999999862,232.8,0,0
1759005319.6187027,0,0.051000000000000004,1.5,2,466.27,469.1999999999862,233.0,1,0
1759005319.6286016,0,0.051000000000000004,1.5,2,466.15,469.09999999998615,233.2,1,0
1759005319.638992,0,0.0505,1.5,2,466.15,468.99999999998613,233.25,1,0
1759005319.6491284,0,0.051500000000000004,1.5,2,466.15,468.8999999999861,233.2,1,1
1759005319.6594296,0,0.051500000000000004,1.5,2,466.15,468.7999999999861,233.10000000000002,1,0
1759005319.669813,0,0.051000000000000004,1.5,2,466.09,468.69999999998606,233.0,0,0
1759005319.6795456,0,0.051000000000000004,1.5,2,466.09,468.59999999998604,233.0,1,0
1759005319.6904163,0,0.051500000000000004,1.5,2,466.09,468.499999999986,233.05,1,1
1759005319.7004638,0,0.051000000000000004,1.5,2,466.11,468.399999999986,233.10000000000002,0,0
1759005319.7101307,0,0.0505,1.5,2,466.11,468.29999999998597,233.0,0,0
1759005319.7208245,0,0.0505,1.5,2,466.13,468.19999999998595,232.9,1,0
1759005319.730953,0,0.05,1.5,2,466.15,468.0999999999859,232.8,1,0
1759005319.7405896,0,0.049,1.5,2,466.15,467.9999999999859,232.75,0,0
1759005319.7514393,0,0.0485,1.5,2,466.15,467.8999999999859,232.75,0,0
1759005319.7616735,0,0.0485,1.5,2,466.15,467.79999999998586,232.75,1,0
1759005319.7713888,0,0.0485,1.5,2,466.06,467.69999999998583,232.7,0,0
1759005319.781371,0,0.049,1.5,2,465.97,467.5999999999858,232.7,1,2
1759005319.7923434,0,0.0495,1.5,2,465.97,467.4999999999858,232.7,1,1
1759005319.8026001,0,0.0505,1.5,2,465.88,467.39999999998577,232.7,2,2
1759005319.8124413,0,0.051000000000000004,1.5,2,465.77,467.29999999998574,232.75,0,1
1759005319.8224967,0,0.051500000000000004,1.5,2,465.77,467.1999999999857,232.75,2,1
1759005319.8326504,0,0.051500000000000004,1.5,2,465.68,467.0999999999857,232.7,2,0
1759005319.8425753,0,0.053000000000000005,1.5,2,465.59,466.9999999999857,232.55,2,2
1759005319.8537116,0,0.053000000000000005,1.5,2,465.57,466.89999999998565,232.39999999999998,1,1
1759005319.8638008,0,0.0535,1.5,2,465.48,466.79999999998563,232.25,2,0
1759005319.8739376,0,0.054,1.5,2,465.39,466.6999999999856,232.15,1,1
1759005319.8842258,0,0.0545,1.5,2,465.3,466.5999999999856,232.05,1,0
1759005319.89437,0,0.054,1.5,2,465.21,466.49999999998556,232.0,0,0
1759005319.9044006,0,0.0545,1.5,2,465.1,466.39999999998554,232.0,1,0
1759005319.9149415,0,0.055,1.5,2,465.01,466.2999999999855,231.95,1,1
1759005319.9250498,0,0.056,1.5,2,464.92,466.1999999999855,231.9,1,1
1759005319.9351375,0,0.056,1.5,2,464.83,466.09999999998547,231.85000000000002,1,0
1759005319.9448714,0,0.0565,1.5,2,464.74,465.99999999998545,231.75,2,1
1759005319.9555182,0,0.0565,1.5,2,464.65,465.8999999999854,231.65,1,0
1759005319.9654434,0,0.056,1.5,2,464.65,465.7999999999854,231.55,1,0
1759005319.975939,0,0.056,1.5,2,464.56,465.6999999999854,231.5,1,0
1759005319.985913,0,0.0575,1.5,2,464.45,465.59999999998536,231.5,2,1
1759005319.9962914,0,0.0585,1.5,2,464.36,465.49999999998533,231.5,2,0
1759005320.0062518,0,0.059000000000000004,1.5,2,464.36,465.3999999999853,231.55,2,0
1759005320.0167363,0,0.059500000000000004,1.5,2,464.25,465.2999999999853,231.60000000000002,1,1
1759005320.0271928,0,0.060000000000000005,1.5,2,464.16,465.19999999998527,231.7,1,1
1759005320.0371447,0,0.060000000000000005,1.5,2,464.05,465.09999999998524,231.7,1,0
1759005320.0472646,0,0.060000000000000005,1.5,2,463.82,464.9999999999852,231.60000000000002,1,1
1759005320.0574164,0,0.060500000000000005,1.5,2,463.88,464.8999999999852,231.45,2,0
1759005320.067484,0,0.060000000000000005,1.5,2,463.79,464.7999999999852,231.39999999999998,0,1
1759005320.077569,0,0.059500000000000004,1.5,2,463.79,464.69999999998515,231.39999999999998,0,0
1759005320.0880737,0,0.060000000000000005,1.5,2,463.7,464.59999999998513,231.39999999999998,1,0
1759005320.0984619,0,0.059500000000000004,1.5,2,463.7,464.4999999999851,231.5,0,1
1759005320.108745,0,0.0585,1.5,2,463.61,464.3999999999851,231.65,1,0
1759005320.118836,0,0.059000000000000004,1.5,2,463.52,464.29999999998506,231.75,0,1
1759005320.1289206,0,0.060000000000000005,1.5,2,463.43,464.19999999998504,231.75,1,1
1759005320.13872,0,0.060000000000000005,1.5,2,463.43,464.099999999985,231.7,0,1
1759005320.1494114,0,0.060000000000000005,1.5,2,463.34,463.999999999985,231.60000000000002,0,1
1759005320.1587832,0,0.060000000000000005,1.5,2,463.23,463.89999999998497,231.55,1,1
1759005320.1696968,0,0.061000000000000006,1.5,2,463.14,463.79999999998495,231.5,1,1
1759005320.1799262,0,0.062,1.5,2,463.03,463.6999999999849,231.5,2,0
1759005320.1896386,0,0.063,1.5,2,462.92,463.5999999999849,231.45,2,1
1759005320.1999876,0,0.064,1.5,2,462.83,463.4999999999849,231.35000000000002,1,2
1759005320.2101526,0,0.0645,1.5,2,462.74,463.39999999998486,231.25,0,2
1759005320.2208915,0,0.0645,1.5,2,462.65,463.29999999998483,231.15,1,1
1759005320.2306936,0,0.0645,1.5,2,462.56,463.1999999999848,231.15,1,1
1759005320.2409015,0,0.064,1.5,2,462.45,463.0999999999848,231.25,1,0
1759005320.2510948,0,0.064,1.5,2,462.36,462.99999999998477,231.3,1,0
1759005320.2612948,0,0.066,1.5,2,462.08,462.89999999998474,231.25,3,1
1759005320.2714112,0,0.0685,1.5,2,462.08,462.7999999999847,231.1,2,3
1759005320.2817903,0,0.0695,1.5,2,461.99,462.6999999999847,230.89999999999998,1,1
1759005320.2919772,0,0.0695,1.5,2,461.9,462.5999999999847,230.75,0,1
1759005320.3023016,0,0.0695,1.5,2,461.81,462.49999999998465,230.65,0,1
1759005320.3125277,0,0.07,1.5,2,461.7,462.39999999998463,230.64999999999998,1,1
1759005320.3230698,0,0.07100000000000001,1.5,2,461.7,462.2999999999846,230.7,1,1
1759005320.332645,0,0.07200000000000001,1.5,2,461.61,462.1999999999846,230.75,1,1
1759005320.3433375,0,0.07350000000000001,1.5,2,461.52,462.09999999998456,230.85,2,2
1759005320.3528857,0,0.074,1.5,2,461.43,461.99999999998454,231.0,1,2
1759005320.3637006,0,0.075,1.5,2,461.41,461.8999999999845,231.10000000000002,1,1
1759005320.3734045,0,0.075,1.5,2,461.41,461.7999999999845,231.2,1,0
1759005320.3834069,0,0.075,1.5,2,461.32,461.69999999998447,231.25,0,0
1759005320.3940797,0,0.0755,1.5,2,461.21,461.59999999998445,231.2,0,1
1759005320.4040322,0,0.0755,1.5,2,461.12,461.4999999999844,231.2,0,1
1759005320.4146342,0,0.0765,1.5,2,461.03,461.3999999999844,231.2,0,3
1759005320.423705,0,0.0765,1.5,2,460.94,461.2999999999844,231.25,1,0
1759005320.434512,0,0.0775,1.5,2,460.85,461.19999999998436,231.35,1,1
1759005320.4445333,0,0.0785,1.5,2,460.74,461.09999999998433,231.4,1,1
1759005320.45497,0,0.078,1.5,2,460.74,460.9999999999843,231.45,0,0
1759005320.4645658,0,0.079,1.5,2,460.86,460.8999999999843,231.45,2,1
1759005320.4745486,0,0.079,1.5,2,460.77,460.79999999998427,231.45,1,1
1759005320.4854581,0,0.0785,1.5,2,460.68,460.69999999998424,231.5,1,0
1759005320.4951253,0,0.079,1.5,2,460.57,460.5999999999842,231.5,0,1
1759005320.5053813,0,0.0795,1.5,2,460.48,460.4999999999842,231.55,1,1
1759005320.5159168,0,0.0795,1.5,2,460.39,460.3999999999842,231.6,0,1
1759005320.526036,0,0.08,1.5,2,460.3,460.29999999998415,231.6,1,1
1759005320.5361557,0,0.0805,1.5,2,460.3,460.19999999998413,231.65,1,2
1759005320.546336,0,0.0795,1.5,2,460.21,460.0999999999841,231.75,0,1
1759005320.5564222,0,0.0805,1.5,2,460.27,459.9999999999841,231.7,2,1
1759005320.5665514,0,0.08,1.5,2,460.18,459.89999999998406,231.6,2,0
1759005320.5770624,0,0.0795,1.5,2,460.09,459.79999999998404,231.55,1,0
1759005320.5869493,0,0.0795,1.5,2,460,459.699999999984,231.5,0,1
1759005320.5973105,0,0.0805,1.5,2,459.91,459.599999999984,231.5,2,0
1759005320.6074474,0,0.0805,1.5,2,459.8,459.49999999998397,231.45,1,0
1759005320.6176069,0,0.0815,1.5,2,459.8,459.39999999998395,231.4,2,1
1759005320.6275837,0,0.0825,1.5,2,459.69,459.2999999999839,231.35000000000002,2,0
1759005320.6379693,0,0.083,1.5,2,459.6,459.1999999999839,231.3,0,2
1759005320.648779,0,0.0835,1.5,2,459.51,459.0999999999839,231.25,0,2
1759005320.6583514,0,0.0845,1.5,2,459.42,458.99999999998386,231.15,1,2
1759005320.66852,0,0.084,1.5,2,459.33,458.89999999998383,231.1,0,1
1759005320.6785743,0,0.0845,1.5,2,459.24,458.7999999999838,231.14999999999998,1,1
1759005320.6885343,0,0.08600000000000001,1.5,2,459.15,458.6999999999838,231.2,1,2
1759005320.6989114,0,0.08650000000000001,1.5,2,459.04,458.59999999998377,231.2,1,1
1759005320.709707,0,0.08700000000000001,1.5,2,458.95,458.49999999998374,231.14999999999998,1,2
1759005320.7194376,0,0.08850000000000001,1.5,2,458.93,458.3999999999837,231.14999999999998,0,3
1759005320.7300098,0,0.0905,1.5,2,458.82,458.2999999999837,231.25,1,3
1759005320.7401977,0,0.0925,1.5,2,458.8,458.1999999999837,231.3,3,2
1759005320.7502065,0,0.094,1.5,2,458.63,458.09999999998365,231.39999999999998,3,1
1759005320.760449,0,0.0955,1.5,2,458.46,457.99999999998363,231.45,2,1
1759005320.770491,0,0.097,1.5,2,458.29,457.8999999999836,231.5,1,2
1759005320.7808716,0,0.0985,1.5,2,458.12,457.7999999999836,231.5,2,2
1759005320.7913005,0,0.1015,1.5,2,458.04,457.69999999998356,231.55,3,3
1759005320.8014925,0,0.10200000000000001,1.5,2,457.96,457.59999999998354,231.55,2,2
1759005320.8118453,0,0.10250000000000001,1.5,2,457.79,457.4999999999835,231.55,1,2
1759005320.8218365,0,0.10250000000000001,1.5,2,457.88,457.3999999999835,231.60000000000002,1,3
1759005320.831978,0,0.10350000000000001,1.5,2,457.82,457.29999999998347,231.6,1,2
1759005320.8423562,0,0.10350000000000001,1.5,2,457.65,457.19999999998345,231.55,1,2
1759005320.8518333,0,0.10450000000000001,1.5,2,457.57,457.0999999999834,231.5,1,3
1759005320.8626146,0,0.10450000000000001,1.5,2,457.49,456.9999999999834,231.5,2,2
1759005320.8729494,0,0.105,1.5,2,457.37,456.8999999999834,231.55,1,2
1759005320.8828285,0,0.106,1.5,2,457.29,456.79999999998336,231.6,2,2
1759005320.8927176,0,0.107,1.5,2,457.21,456.69999999998333,231.6,2,2
1759005320.9025712,0,0.109,1.5,2,457.13,456.5999999999833,231.65,2,3
1759005320.912641,0,0.111,1.5,2,457.05,456.4999999999833,231.7,1,3
1759005320.92338,0,0.113,1.5,2,456.99,456.39999999998327,231.8,2,3
1759005320.93379,0,0.1145,1.5,2,456.91,456.29999999998324,231.95,3,2
1759005320.943476,0,0.1155,1.5,2,456.81,456.1999999999832,232.10000000000002,1,3
1759005320.9541643,0,0.11800000000000001,1.5,2,456.73,456.0999999999832,232.2,3,3
1759005320.964106,0,0.11900000000000001,1.5,2,456.82,455.9999999999832,232.3,2,3
1759005320.9739811,0,0.12,1.5,2,456.47,455.89999999998315,232.39999999999998,1,2
1759005320.9845831,0,0.1215,1.5,2,456.3,455.79999999998313,232.55,1,3
1759005320.9945815,0,0.1225,1.5,2,456.22,455.6999999999831,232.64999999999998,1,2
1759005321.0049784,0,0.123,1.5,2,456.16,455.5999999999831,232.75,2,2
1759005321.0150402,0,0.1245,1.5,2,456.04,455.49999999998306,232.85,3,2
1759005321.0256298,0,0.1255,1.5,2,455.87,455.39999999998304,232.95,2,2
1759005321.0358794,0,0.1265,1.5,2,455.81,455.299999999983,233.0,1,3
1759005321.0457678,0,0.1275,1.5,2,455.73,455.199999999983,232.95,1,3
1759005321.0559714,0,0.1295,1.5,2,455.67,455.09999999998297,232.95,2,3
1759005321.066305,0,0.1295,1.5,2,455.59,454.99999999998295,233.0,0,2
1759005321.0767045,0,0.1305,1.5,2,455.36,454.8999999999829,233.14999999999998,2,2
1759005321.0869658,0,0.1325,1.5,2,455.28,454.7999999999829,233.35000000000002,2,3
1759005321.0968807,0,0.135,1.5,2,455.11,454.6999999999829,233.55,2,3
1759005321.106911,0,0.1375,1.5,2,455.03,454.59999999998286,233.75,2,4
1759005321.11751,0,0.1385,1.5,2,454.86,454.49999999998283,233.75,1,2
1759005321.1272318,0,0.14,1.5,2,454.76,454.3999999999828,233.75,1,3
1759005321.13729,0,0.14100000000000001,1.5,2,454.68,454.2999999999828,233.7,1,2
1759005321.147391,0,0.14150000000000001,1.5,2,454.6,454.19999999998277,233.7,1,2
1759005321.1576858,0,0.14300000000000002,1.5,2,454.43,454.09999999998274,233.7,2,2
1759005321.1681976,0,0.144,1.5,2,454.35,453.9999999999827,233.75,1,2
1759005321.1775794,0,0.144,1.5,2,454.23,453.8999999999827,233.8,0,2
1759005321.1881473,0,0.144,1.5,2,454.15,453.7999999999827,233.8,0,2
1759005321.1978736,0,0.1435,1.5,2,454.09,453.69999999998265,233.75,0,1
1759005321.2082033,0,0.1435,1.5,2,454.03,453.59999999998263,233.75,1,2
1759005321.218715,0,0.1435,1.5,2,453.95,453.4999999999826,233.8,1,2
1759005321.2285833,0,0.144,1.5,2,453.87,453.3999999999826,233.85,1,2
1759005321.2389793,0,0.1445,1.5,2,453.77,453.29999999998256,233.89999999999998,2,1
1759005321.2493668,0,0.146,1.5,2,453.69,453.19999999998254,233.95,2,3
1759005321.259306,0,0.1475,1.5,2,453.63,453.0999999999825,233.85,2,2
1759005321.2698812,0,0.149,1.5,2,453.55,452.9999999999825,233.85,2,2
1759005321.280011,0,0.1495,1.5,2,453.64,452.89999999998247,233.89999999999998,2,3
1759005321.289816,0,0.1495,1.5,2,453.47,452.79999999998245,234.0,2,3
1759005321.2999678,0,0.151,1.5,2,453.39,452.6999999999824,234.05,2,3
1759005321.3104935,0,0.152,1.5,2,453.31,452.5999999999824,234.1,1,2
1759005321.3210983,0,0.153,1.5,2,453.23,452.4999999999824,234.1,1,2
1759005321.330841,0,0.154,1.5,2,453.17,452.39999999998236,234.1,2,2
1759005321.3410528,0,0.1555,1.5,2,452.96,452.29999999998233,234.1,1,4
1759005321.3515666,0,0.1565,1.5,2,452.88,452.1999999999823,234.14999999999998,1,3
1759005321.3615706,0,0.156,1.5,2,452.8,452.0999999999823,234.14999999999998,1,2
1759005321.37176,0,0.157,1.5,2,452.72,451.99999999998226,234.1,2,3
1759005321.3823216,0,0.1585,1.5,2,452.43,451.89999999998224,233.95,3,2
1759005321.3917637,0,0.16,1.5,2,452.26,451.7999999999822,233.9,2,2
1759005321.402246,0,0.1615,1.5,2,452.18,451.6999999999822,233.9,1,2
1759005321.4127712,0,0.1625,1.5,2,452.12,451.5999999999822,234.1,1,2
1759005321.4231586,0,0.163,1.5,2,452.04,451.49999999998215,234.25,1,1
1759005321.4330394,0,0.162,1.5,2,451.96,451.39999999998213,234.4,0,1
1759005321.4430711,0,0.163,1.5,2,451.88,451.2999999999821,234.55,1,2
1759005321.453292,0,0.1635,1.5,2,451.8,451.1999999999821,234.55,1,2
1759005321.463838,0,0.165,1.5,2,451.74,451.09999999998206,234.55,3,2
1759005321.4740028,0,0.166,1.5,2,451.57,450.99999999998204,234.5,1,1
1759005321.4840043,0,0.167,1.5,2,451.28,450.899999999982,234.5,2,3
1759005321.4940107,0,0.1675,1.5,2,451.2,450.799999999982,234.45,1,2
1759005321.5044906,0,0.169,1.5,2,451.12,450.69999999998197,234.4,3,1
1759005321.5141773,0,0.17,1.5,2,451.04,450.59999999998195,234.35000000000002,2,1
1759005321.524369,0,0.17,1.5,2,450.96,450.4999999999819,234.4,2,0
1759005321.535024,0,0.1705,1.5,2,450.88,450.3999999999819,234.4,1,1
1759005321.5448992,0,0.171,1.5,2,450.8,450.2999999999819,234.5,2,1
1759005321.5552258,0,0.1715,1.5,2,450.61,450.19999999998186,234.6,1,3
1759005321.5656703,0,0.17350000000000002,1.5,2,450.53,450.09999999998183,234.55,2,3
1759005321.5756085,0,0.17350000000000002,1.5,2,450.3,449.9999999999818,234.60000000000002,1,2
1759005321.5857656,0,0.1745,1.5,2,450.39,449.8999999999818,234.7,2,2
1759005321.5958884,0,0.175,1.5,2,450.31,449.79999999998176,234.85,0,2
1759005321.6064763,0,0.1755,1.5,2,450.23,449.69999999998174,235.0,1,1
1759005321.616589,0,0.1755,1.5,2,450.15,449.5999999999817,235.10000000000002,1,1
1759005321.6264358,0,0.1765,1.5,2,450.09,449.4999999999817,235.2,2,1
1759005321.636761,0,0.1765,1.5,2,449.92,449.3999999999817,235.2,1,2
1759005321.646634,0,0.1775,1.5,2,449.82,449.29999999998165,235.2,1,3
1759005321.6571524,0,0.178,1.5,2,449.72,449.1999999999816,235.25,1,2
1759005321.6673193,0,0.179,1.5,2,449.64,449.0999999999816,235.35,1,3
1759005321.6770246,0,0.18,1.5,2,449.56,448.9999999999816,235.35000000000002,1,4
1759005321.6877127,0,0.1815,1.5,2,449.46,448.89999999998156,235.35000000000002,1,3
1759005321.69789,0,0.182,1.5,2,449.38,448.79999999998154,235.35,1,2
1759005321.7077699,0,0.1815,1.5,2,449.3,448.6999999999815,235.45,1,1
1759005321.7180016,0,0.1815,1.5,2,449.24,448.5999999999815,235.5,1,1
1759005321.728667,0,0.1815,1.5,2,449.16,448.49999999998147,235.55,1,2
1759005321.7387333,0,0.181,1.5,2,448.97,448.39999999998145,235.55,0,2
1759005321.748506,0,0.1795,1.5,2,448.91,448.2999999999814,235.65,1,0
1759005321.7593186,0,0.1785,1.5,2,448.74,448.1999999999814,235.8,0,3
1759005321.7691295,0,0.178,1.5,2,448.74,448.0999999999814,235.85000000000002,0,3
1759005321.7800126,0,0.1775,1.5,2,448.74,447.99999999998136,235.85000000000002,1,1
1759005321.7893848,0,0.1785,1.5,2,448.55,447.89999999998133,235.75,2,3
1759005321.8000846,0,0.18,1.5,2,448.55,447.7999999999813,235.7,3,4
1759005321.8101857,0,0.1805,1.5,2,448.36,447.6999999999813,235.7,3,4
1759005321.8204474,0,0.1815,1.5,2,448.17,447.59999999998126,235.8,3,3
1759005321.8309958,0,0.184,1.5,2,447.98,447.49999999998124,235.85000000000002,3,5
1759005321.8409605,0,0.186,1.5,2,447.62,447.3999999999812,235.85000000000002,3,5
1759005321.851017,0,0.1885,1.5,2,447.7,447.2999999999812,235.9,3,5
1759005321.8607368,0,0.191,1.5,2,447.51,447.1999999999812,236.05,2,6
1759005321.8709419,0,0.1925,1.5,2,447.32,447.09999999998115,236.15,2,5
1759005321.8815293,0,0.194,1.5,2,447.13,446.9999999999811,236.2,2,5
1759005321.8914032,0,0.1955,1.5,2,446.77,446.8999999999811,236.25,2,4
1759005321.901686,0,0.1965,1.5,2,446.58,446.7999999999811,236.35,2,4
1759005321.9114518,0,0.198,1.5,2,446.39,446.69999999998106,236.5,2,5
1759005321.9219868,0,0.199,1.5,2,446.2,446.59999999998104,236.55,2,5
1759005321.931937,0,0.2,1.5,2,446.01,446.499999999981,236.55,2,4
1759005321.942172,0,0.201,1.5,2,445.82,446.399999999981,236.55,2,5
1759005321.9526908,0,0.2025,1.5,2,445.63,446.29999999998097,236.60000000000002,3,5
1759005321.9624383,0,0.204,1.5,2,445.46,446.19999999998095,236.6,3,4
1759005321.97296,0,0.205,1.5,2,445.27,446.0999999999809,236.6,2,6
1759005321.9825127,0,0.2055,1.5,2,444.91,445.9999999999809,236.6,2,4
1759005321.99277,0,0.2065,1.5,2,445.03,445.8999999999809,236.64999999999998,2,3
1759005322.0027854,0,0.208,1.5,2,444.84,445.79999999998086,236.65,3,4
1759005322.0131292,0,0.21,1.5,2,444.65,445.69999999998083,236.60000000000002,2,5
1759005322.0232913,0,0.211,1.5,2,444.46,445.5999999999808,236.55,1,5
1759005322.0339394,0,0.2115,1.5,2,444.31,445.4999999999808,236.5,1,5
1759005322.044104,0,0.213,1.5,2,444.12,445.39999999998076,236.45,2,5
1759005322.0536075,0,0.214,1.5,2,443.93,445.29999999998074,236.45,2,4
1759005322.0643005,0,0.2155,1.5,2,443.74,445.1999999999807,236.5,3,4
1759005322.074383,0,0.2165,1.5,2,443.55,445.0999999999807,236.5,3,4
1759005322.0840294,0,0.2185,1.5,2,443.61,444.9999999999807,236.5,2,4
1759005322.0937333,0,0.22,1.5,2,443.42,444.89999999998065,236.45,2,5
1759005322.1039245,0,0.2205,1.5,2,443.23,444.7999999999806,236.3,2,4
1759005322.1139748,0,0.2215,1.5,2,443.04,444.6999999999806,236.2,2,5
1759005322.1245055,0,0.2225,1.5,2,442.85,444.5999999999806,236.14999999999998,3,5
1759005322.1351914,0,0.224,1.5,2,442.66,444.49999999998056,236.14999999999998,1,5
1759005322.145299,0,0.2255,1.5,2,442.49,444.39999999998054,236.10000000000002,2,5
1759005322.1558313,0,0.227,1.5,2,442.38,444.2999999999805,236.10000000000002,1,5
1759005322.165526,0,0.229,1.5,2,442.19,444.1999999999805,236.2,2,5
1759005322.1760926,0,0.2305,1.5,2,442,444.09999999998047,236.35000000000002,2,5
1759005322.1865308,0,0.23249999999999998,1.5,2,441.89,443.99999999998045,236.45,2,5
1759005322.1963491,0,0.2345,1.5,2,441.53,443.8999999999804,236.5,2,4
1759005322.20665,0,0.237,1.5,2,441.42,443.7999999999804,236.55,3,4
1759005322.2172813,0,0.2405,1.5,2,441.23,443.6999999999804,236.6,4,4
1759005322.226757,0,0.242,1.5,2,441.04,443.59999999998035,236.65,3,3
1759005322.2375882,0,0.243,1.5,2,440.85,443.49999999998033,236.65,2,3
1759005322.247534,0,0.245,1.5,2,440.66,443.3999999999803,236.7,3,4
1759005322.25748,0,0.247,1.5,2,440.49,443.2999999999803,236.75,2,5
1759005322.2679157,0,0.2475,1.5,2,440.3,443.19999999998026,236.8,2,4
1759005322.277535,0,0.2485,1.5,2,440.11,443.09999999998024,236.85,2,4
1759005322.2875857,0,0.2495,1.5,2,440,442.9999999999802,236.85,2,4
1759005322.2979913,0,0.25,1.5,2,439.89,442.8999999999802,236.85,2,4
1759005322.3079672,0,0.2505,1.5,2,439.7,442.7999999999802,236.8,3,3
1759005322.318371,0,0.251,1.5,2,439.51,442.69999999998015,236.85000000000002,2,4
1759005322.3280318,0,0.253,1.5,2,439.32,442.5999999999801,236.85000000000002,2,5
1759005322.3386912,0,0.254,1.5,2,439.13,442.4999999999801,236.9,2,3
1759005322.3483677,0,0.255,1.5,2,438.94,442.3999999999801,236.85,2,4
1759005322.3587325,0,0.2555,1.5,2,438.79,442.29999999998006,236.85,3,3
1759005322.369339,0,0.257,1.5,2,438.6,442.19999999998004,236.85,3,4
1759005322.3778398,0,0.258,1.5,2,438.41,442.09999999998,236.89999999999998,2,3
1759005322.3893914,0,0.2585,1.5,2,438.22,441.99999999998,236.95,2,4
1759005322.399393,0,0.259,1.5,2,438.39,441.89999999997997,237.15,2,4
1759005322.4101734,0,0.259,1.5,2,438.2,441.79999999997995,237.3,1,3
1759005322.420131,0,0.261,1.5,2,438.01,441.6999999999799,237.4,3,4
1759005322.4302187,0,0.2625,1.5,2,437.82,441.5999999999799,237.35000000000002,2,4
1759005322.4406452,0,0.265,1.5,2,437.63,441.4999999999799,237.25,2,5
1759005322.4509637,0,0.2675,1.5,2,437.52,441.39999999997985,237.2,2,4
1759005322.4606712,0,0.2685,1.5,2,437.33,441.29999999997983,237.2,1,4
1759005322.471427,0,0.2705,1.5,2,437.14,441.1999999999798,237.35000000000002,2,5
1759005322.4811387,0,0.2715,1.5,2,436.95,441.0999999999798,237.5,2,5
1759005322.4915648,0,0.27449999999999997,1.5,2,436.76,440.99999999997976,237.64999999999998,2,6
1759005322.5016558,0,0.27499999999999997,1.5,2,436.57,440.89999999997974,237.7,1,5
1759005322.5115087,0,0.27549999999999997,1.5,2,436.38,440.7999999999797,237.8,1,3
1759005322.5218468,0,0.27649999999999997,1.5,2,436.19,440.6999999999797,237.85000000000002,2,4
1759005322.5320718,0,0.27749999999999997,1.5,2,436,440.5999999999797,237.85000000000002,2,3
1759005322.5420265,0,0.27899999999999997,1.5,2,435.89,440.49999999997965,237.75,1,4
1759005322.5522,0,0.28049999999999997,1.5,2,435.7,440.3999999999796,237.7,1,4
1759005322.5622218,0,0.282,1.5,2,435.51,440.2999999999796,237.65,2,4
1759005322.5725434,0,0.2825,1.5,2,435.34,440.1999999999796,237.60000000000002,1,4
1759005322.5824864,0,0.282,1.5,2,435.15,440.09999999997956,237.7,1,3
1759005322.5929055,0,0.2835,1.5,2,435.04,439.99999999997954,237.8,2,4
1759005322.6029253,0,0.2845,1.5,2,434.95,439.8999999999795,237.85,1,5
1759005322.6129239,0,0.287,1.5,2,434.76,439.7999999999795,237.8,3,4
1759005322.6233125,0,0.289,1.5,2,434.57,439.69999999997947,237.75,2,4
1759005322.633643,0,0.292,1.5,2,434.38,439.59999999997945,237.75,2,6
1759005322.6437333,0,0.2935,1.5,2,434.19,439.4999999999794,237.75,2,4
1759005322.6542614,0,0.295,1.5,2,434,439.3999999999794,237.8,2,4
1759005322.6638448,0,0.296,1.5,2,433.85,439.2999999999794,237.85,2,4
1759005322.6746483,0,0.2975,1.5,2,433.68,439.19999999997935,237.85000000000002,2,4
1759005322.684507,0,0.298,1.5,2,433.49,439.09999999997933,237.75,2,3
1759005322.694659,0,0.2985,1.5,2,433.3,438.9999999999793,237.8,2,4
1759005322.7052448,0,0.2995,1.5,2,433.13,438.8999999999793,237.85,2,4
1759005322.7153118,0,0.3005,1.5,2,432.94,438.79999999997926,237.89999999999998,2,3
1759005322.725343,0,0.3025,1.5,2,432.75,438.69999999997924,237.8,2,4
1759005322.7355323,0,0.3045,1.5,2,432.56,438.5999999999792,237.75,2,4
1759005322.745915,0,0.307,1.5,2,432.37,438.4999999999792,237.75,2,6
1759005322.756174,0,0.3085,1.5,2,432.2,438.3999999999792,237.8,2,3
1759005322.7667632,0,0.311,1.5,2,432.01,438.29999999997915,237.75,2,4
1759005322.7767153,0,0.312,1.5,2,431.82,438.1999999999791,237.65,2,3
1759005322.7869296,0,0.3125,1.5,2,431.76,438.0999999999791,237.6,1,3
1759005322.7974527,0,0.315,1.5,2,431.57,437.9999999999791,237.64999999999998,2,5
1759005322.8072484,0,0.316,1.5,2,431.57,437.89999999997906,237.75,3,4
1759005322.8175592,0,0.3165,1.5,2,431.38,437.79999999997904,237.8,3,5
1759005322.8275685,0,0.3165,1.5,2,431.57,437.699999999979,237.75,2,5
1759005322.837542,0,0.317,1.5,2,431.54,437.599999999979,237.65,2,5
1759005322.847748,0,0.3165,1.5,2,431.54,437.49999999997897,237.65,2,5
1759005322.8578994,0,0.316,1.5,2,431.54,437.39999999997895,237.7,3,4
1759005322.8680544,0,0.3155,1.5,2,431.46,437.2999999999789,237.7,3,4
1759005322.878142,0,0.316,1.5,2,431.46,437.1999999999789,237.7,3,6
1759005322.8888028,0,0.3155,1.5,2,431.46,437.0999999999789,237.75,2,4
1759005322.8981895,0,0.315,1.5,2,431.46,436.99999999997885,237.8,2,4
1759005322.9085186,0,0.3165,1.5,2,431.43,436.89999999997883,237.85,3,6
1759005322.918781,0,0.3175,1.5,2,431.62,436.7999999999788,237.8,2,6
1759005322.9290807,0,0.318,1.5,2,431.62,436.6999999999788,237.75,3,5
1759005322.938869,0,0.318,1.5,2,431.59,436.59999999997876,237.7,2,5
1759005322.9487188,0,0.319,1.5,2,431.59,436.49999999997874,237.7,3,5
1759005322.959715,0,0.32,1.5,2,431.59,436.3999999999787,237.7,3,6
1759005322.96984,0,0.32,1.5,2,431.56,436.2999999999787,237.7,3,5
1759005322.9799016,0,0.32,1.5,2,431.53,436.1999999999787,237.7,2,5
1759005322.990344,0,0.32,1.5,2,431.53,436.09999999997865,237.75,3,5
1759005323.0002053,0,0.321,1.5,2,431.5,435.9999999999786,237.75,2,6
1759005323.0105987,0,0.3215,1.5,2,431.38,435.8999999999786,237.75,2,4
1759005323.0203846,0,0.3215,1.5,2,431.35,435.7999999999786,237.7,3,4
1759005323.0305762,0,0.322,1.5,2,431.32,435.69999999997856,237.7,3,5
1759005323.0411997,0,0.323,1.5,2,431.32,435.59999999997854,237.7,3,5
1759005323.0511117,0,0.324,1.5,2,431.32,435.4999999999785,237.75,2,6
1759005323.0614538,0,0.324,1.5,2,431.32,435.3999999999785,237.7,2,5
1759005323.0714483,0,0.325,1.5,2,431.32,435.29999999997847,237.64999999999998,2,6
1759005323.0815587,0,0.3245,1.5,2,431.29,435.19999999997844,237.6,1,5
1759005323.0919268,0,0.324,1.5,2,431.29,435.0999999999784,237.55,1,5
1759005323.1018376,0,0.325,1.5,2,431.01,434.9999999999784,237.55,3,5
1759005323.112442,0,0.325,1.5,2,431.2,434.8999999999784,237.60000000000002,2,5
1759005323.122629,0,0.3255,1.5,2,431.2,434.79999999997835,237.7,2,5
1759005323.1326559,0,0.3245,1.5,2,431.17,434.69999999997833,237.65,0,5
1759005323.1427767,0,0.3245,1.5,2,431.14,434.5999999999783,237.55,2,6
1759005323.1527393,0,0.325,1.5,2,431.14,434.4999999999783,237.5,2,5
1759005323.1633239,0,0.325,1.5,2,431.11,434.39999999997826,237.5,2,5
1759005323.1733365,0,0.3265,1.5,2,431,434.29999999997824,237.6,3,6
1759005323.183572,0,0.3265,1.5,2,430.97,434.1999999999782,237.60000000000002,1,6
1759005323.1939986,0,0.3275,1.5,2,430.97,434.0999999999782,237.55,3,6
1759005323.203922,0,0.3285,1.5,2,430.86,433.9999999999782,237.5,2,7
1759005323.2136834,0,0.329,1.5,2,430.83,433.89999999997815,237.5,2,5
1759005323.2236419,0,0.329,1.5,2,430.75,433.7999999999781,237.5,2,5
1759005323.2342374,0,0.328,1.5,2,430.72,433.6999999999781,237.5,1,5
1759005323.244756,0,0.329,1.5,2,430.72,433.5999999999781,237.5,2,6
1759005323.25473,0,0.3295,1.5,2,430.72,433.49999999997806,237.55,1,5
1759005323.2650478,0,0.33,1.5,2,430.69,433.39999999997804,237.6,2,6
1759005323.2751248,0,0.3305,1.5,2,430.69,433.299999999978,237.6,2,6
1759005323.2850993,0,0.3315,1.5,2,430.66,433.199999999978,237.6,2,6
1759005323.2947962,0,0.3325,1.5,2,430.63,433.09999999997797,237.7,2,6
1759005323.3046467,0,0.3335,1.5,2,430.55,432.99999999997794,237.8,2,6
1759005323.3152714,0,0.3345,1.5,2,430.49,432.8999999999779,237.9,2,6
1759005323.3255465,0,0.3345,1.5,2,430.42,432.7999999999779,238.0,1,5
1759005323.3356702,0,0.3345,1.5,2,430.42,432.6999999999779,238.05,1,5
1759005323.3456242,0,0.334,1.5,2,430.39,432.59999999997785,238.10000000000002,1,5
1759005323.355725,0,0.3355,1.5,2,430.39,432.49999999997783,238.15,2,6
1759005323.3663242,0,0.335,1.5,2,430.36,432.3999999999778,238.25,1,4
1759005323.3763182,0,0.3355,1.5,2,430.36,432.2999999999778,238.35,3,4
1759005323.3866544,0,0.335,1.5,2,430.33,432.19999999997776,238.35,1,5
1759005323.3967786,0,0.335,1.5,2,430.33,432.09999999997774,238.3,1,4
1759005323.4063609,0,0.3355,1.5,2,430.33,431.9999999999777,238.3,2,5
1759005323.4169276,0,0.3355,1.5,2,430.16,431.8999999999777,238.25,2,4
1759005323.4271173,0,0.337,1.5,2,430.16,431.7999999999777,238.2,2,5
1759005323.4366653,0,0.3365,1.5,2,430.16,431.69999999997765,238.25,2,4
1759005323.4467766,0,0.3375,1.5,2,430.16,431.5999999999776,238.3,3,5
1759005323.4574492,0,0.3385,1.5,2,430.16,431.4999999999776,238.39999999999998,3,6
1759005323.4676094,0,0.3395,1.5,2,430.08,431.3999999999776,238.45,3,5
1759005323.4776883,0,0.34199999999999997,1.5,2,430.08,431.29999999997756,238.35000000000002,4,6
1759005323.4879227,0,0.3425,1.5,2,430.05,431.19999999997754,238.2,2,6
1759005323.4979303,0,0.342,1.5,2,430.02,431.0999999999775,238.05,1,5
1759005323.5081062,0,0.342,1.5,2,430.02,430.9999999999775,237.89999999999998,2,6
1759005323.518501,0,0.34299999999999997,1.5,2,429.99,430.89999999997747,237.89999999999998,3,5
1759005323.5286415,0,0.345,1.5,2,429.99,430.79999999997744,237.9,3,5
1759005323.5385742,0,0.346,1.5,2,429.96,430.6999999999774,237.95,3,5
1759005323.5490057,0,0.347,1.5,2,429.96,430.5999999999774,238.05,2,5
1759005323.5592096,0,0.349,1.5,2,429.85,430.4999999999774,238.1,3,6
1759005323.5694447,0,0.35,1.5,2,429.82,430.39999999997735,238.15,2,5
1759005323.5797224,0,0.351,1.5,2,429.79,430.29999999997733,238.15,2,6
1759005323.5897505,0,0.352,1.5,2,429.76,430.1999999999773,238.2,3,4
1759005323.5997243,0,0.354,1.5,2,429.73,430.0999999999773,238.25,3,5
1759005323.6096795,0,0.3545,1.5,2,429.62,429.99999999997726,238.3,2,5
1759005323.6203792,0,0.3545,1.5,2,429.32,429.89999999997724,238.25,3,3
1759005323.6301422,0,0.355,1.5,2,429.32,429.7999999999772,238.2,3,5
1759005323.640685,0,0.356,1.5,2,429.29,429.6999999999772,238.15,3,5
1759005323.6505783,0,0.356,1.5,2,429.26,429.5999999999772,238.10000000000002,3,5
1759005323.6607165,0,0.3565,1.5,2,429.26,429.49999999997715,238.05,2,5
1759005323.671127,0,0.3575,1.5,2,429.26,429.3999999999771,238.10000000000002,3,5
1759005323.680651,0,0.358,1.5,2,429.26,429.2999999999771,238.10000000000002,2,5
1759005323.6910048,0,0.3585,1.5,2,429.23,429.1999999999771,238.10000000000002,2,5
1759005323.7009873,0,0.36,1.5,2,429.23,429.09999999997706,238.15,2,6
1759005323.711454,0,0.362,1.5,2,429.23,428.99999999997704,238.2,4,6
1759005323.7217956,0,0.3625,1.5,2,429.2,428.899999999977,238.25,3,4
1759005323.7320065,0,0.364,1.5,2,429.2,428.799999999977,238.3,3,5
1759005323.7422578,0,0.365,1.5,2,429.2,428.69999999997697,238.35,3,5
1759005323.7517686,0,0.3655,1.5,2,429.17,428.59999999997694,238.39999999999998,2,5
1759005323.762315,0,0.366,1.5,2,429.17,428.4999999999769,238.45,3,6
1759005323.7725468,0,0.3675,1.5,2,429.17,428.3999999999769,238.5,2,6
1759005323.7825832,0,0.368,1.5,2,429.17,428.2999999999769,238.55,3,4
1759005323.7928324,0,0.369,1.5,2,429.17,428.19999999997685,238.55,3,4
1759005323.8027785,0,0.371,1.5,2,429.02,428.09999999997683,238.55,3,5
1759005323.8125942,0,0.372,1.5,2,428.95,427.9999999999768,238.5,3,6
1759005323.822588,0,0.3735,1.5,2,428.77,427.8999999999768,238.5,4,6
1759005323.8329525,0,0.374,1.5,2,428.59,427.79999999997676,238.55,2,7
1759005323.8427835,0,0.3755,1.5,2,428.22,427.69999999997674,238.7,3,7
1759005323.8532684,0,0.3765,1.5,2,428.07,427.5999999999767,238.8,3,6
1759005323.8634794,0,0.3775,1.5,2,427.98,427.4999999999767,238.85,3,6
1759005323.873753,0,0.378,1.5,2,427.8,427.39999999997667,238.8,2,6
1759005323.8842714,0,0.38,1.5,2,427.43,427.29999999997665,238.75,4,7
1759005323.8937016,0,0.381,1.5,2,427.34,427.1999999999766,238.7,4,7
1759005323.9036894,0,0.383,1.5,2,427.16,427.0999999999766,238.64999999999998,3,7
1759005323.91458,0,0.3845,1.5,2,426.98,426.9999999999766,238.7,3,6
1759005323.924866,0,0.384,1.5,2,426.83,426.89999999997656,238.65,2,6
1759005323.9350364,0,0.385,1.5,2,426.72,426.79999999997654,238.6,3,7
1759005323.9446568,0,0.386,1.5,2,426.54,426.6999999999765,238.5,3,7
1759005323.9552233,0,0.3865,1.5,2,426.39,426.5999999999765,238.4,2,6
1759005323.9653018,0,0.388,1.5,2,426.21,426.49999999997647,238.4,3,8
1759005323.9757502,0,0.3885,1.5,2,426.03,426.39999999997644,238.35,3,7
1759005323.985648,0,0.389,1.5,2,425.88,426.2999999999764,238.25,2,7
1759005323.9959,0,0.3905,1.5,2,425.73,426.1999999999764,238.2,2,8
1759005324.006575,0,0.3915,1.5,2,425.55,426.0999999999764,238.2,3,7
1759005324.0165443,0,0.3925,1.5,2,425.4,425.99999999997635,238.25,2,8
1759005324.0263233,0,0.3945,1.5,2,425.25,425.89999999997633,238.35,2,8
1759005324.036652,0,0.396,1.5,2,425.1,425.7999999999763,238.45,3,7
1759005324.0475159,0,0.398,1.5,2,424.95,425.6999999999763,238.5,4,8
1759005324.057388,0,0.3995,1.5,2,424.86,425.59999999997626,238.55,3,8
1759005324.0674021,0,0.4015,1.5,2,424.68,425.49999999997624,238.6,3,9
1759005324.0774891,0,0.4035,1.5,2,424.5,425.3999999999762,238.7,4,7
1759005324.0879028,0,0.404,1.5,2,424.32,425.2999999999762,238.8,3,6
1759005324.0975704,0,0.4055,1.5,2,424.17,425.19999999997617,238.9,3,6
1759005324.1081512,0,0.40750000000000003,1.5,2,424.08,425.09999999997615,239.0,3,7
1759005324.118602,0,0.40850000000000003,1.5,2,423.93,424.9999999999761,239.05,3,7
1759005324.1286054,0,0.41100000000000003,1.5,2,423.74,424.8999999999761,239.05,4,8
1759005324.138617,0,0.413,1.5,2,423.56,424.7999999999761,239.05,3,8
1759005324.1492321,0,0.4155,1.5,2,423.41,424.69999999997606,239.2,4,6
1759005324.1592858,0,0.4155,1.5,2,423.26,424.59999999997603,239.35,2,6
1759005324.169851,0,0.4165,1.5,2,423.08,424.499999999976,239.5,3,6
1759005324.179426,0,0.4165,1.5,2,422.93,424.399999999976,239.6,1,6
1759005324.1896305,0,0.417,1.5,2,422.78,424.29999999997597,239.64999999999998,3,7
1759005324.1995187,0,0.419,1.5,2,422.63,424.19999999997594,239.64999999999998,4,7
1759005324.2097518,0,0.42,1.5,2,422.45,424.0999999999759,239.75,3,8
1759005324.2195532,0,0.42,1.5,2,422.3,423.9999999999759,239.8,3,6
1759005324.230108,0,0.421,1.5,2,422.15,423.8999999999759,239.85000000000002,2,7
1759005324.2400868,0,0.4225,1.5,2,421.97,423.79999999997585,239.85000000000002,2,8
1759005324.2506714,0,0.424,1.5,2,421.82,423.69999999997583,239.85000000000002,2,7
1759005324.2607749,0,0.4255,1.5,2,421.64,423.5999999999758,239.9,3,8
1759005324.2704318,0,0.4275,1.5,2,421.46,423.4999999999758,240.0,2,8
1759005324.2807636,0,0.428,1.5,2,421.31,423.39999999997576,240.05,2,7
1759005324.291326,0,0.429,1.5,2,421.13,423.29999999997574,240.14999999999998,2,8
1759005324.3013513,0,0.43,1.5,2,420.98,423.1999999999757,240.2,3,7
1759005324.3121173,0,0.43,1.5,2,420.83,423.0999999999757,240.14999999999998,2,6
1759005324.3222976,0,0.431,1.5,2,420.65,422.99999999997567,240.1,4,6
1759005324.332381,0,0.4325,1.5,2,420.28,422.89999999997565,240.0,4,7
1759005324.342497,0,0.435,1.5,2,420.22,422.7999999999756,239.9,4,7
1759005324.352593,0,0.4375,1.5,2,420.13,422.6999999999756,239.85,4,7
1759005324.3624902,0,0.4395,1.5,2,419.98,422.5999999999756,239.8,3,7
1759005324.3731155,0,0.4405,1.5,2,419.8,422.49999999997556,239.8,3,7
1759005324.3835719,0,0.4435,1.5,2,419.65,422.39999999997553,239.8,4,7
1759005324.393415,0,0.4455,1.5,2,419.47,422.2999999999755,239.75,4,7
1759005324.4035034,0,0.448,1.5,2,419.32,422.1999999999755,239.8,4,7
1759005324.4139757,0,0.4505,1.5,2,419.14,422.09999999997547,239.85,3,7
1759005324.4238796,0,0.4515,1.5,2,418.96,421.99999999997544,239.8,3,6
1759005324.4337997,0,0.453,1.5,2,418.77,421.8999999999754,239.75,3,6
1759005324.4441593,0,0.4545,1.5,2,418.68,421.7999999999754,239.7,3,7
1759005324.4539566,0,0.4575,1.5,2,418.59,421.6999999999754,239.6,4,8
1759005324.4634576,0,0.4585,1.5,2,418.41,421.59999999997535,239.55,3,7
1759005324.4737499,0,0.4585,1.5,2,418.23,421.49999999997533,239.5,2,7
1759005324.4839482,0,0.4595,1.5,2,418.14,421.3999999999753,239.45,2,8
1759005324.4940593,0,0.4595,1.5,2,417.96,421.2999999999753,239.55,4,6
1759005324.5049353,0,0.461,1.5,2,417.92,421.19999999997526,239.65,4,7
1759005324.515289,0,0.4635,1.5,2,417.77,421.09999999997524,239.7,5,6
1759005324.5252867,0,0.465,1.5,2,417.77,420.9999999999752,239.7,4,7
1759005324.535433,0,0.4655,1.5,2,417.62,420.8999999999752,239.65,3,6
1759005324.545835,0,0.4665,1.5,2,417.49,420.79999999997517,239.65,3,7
1759005324.5561616,0,0.4675,1.5,2,417.34,420.69999999997515,239.60000000000002,3,7
1759005324.56655,0,0.46950000000000003,1.5,2,417.16,420.5999999999751,239.55,3,8
1759005324.5765538,0,0.47000000000000003,1.5,2,417.06,420.4999999999751,239.5,3,7
1759005324.5868113,0,0.47150000000000003,1.5,2,416.91,420.3999999999751,239.5,3,7
1759005324.5967185,0,0.47300000000000003,1.5,2,416.76,420.29999999997506,239.6,3,8
1759005324.6071882,0,0.47450000000000003,1.5,2,416.61,420.19999999997503,239.6,3,7
1759005324.6172829,0,0.47600000000000003,1.5,2,416.46,420.099999999975,239.55,4,7
1759005324.6278014,0,0.47750000000000004,1.5,2,416.31,419.999999999975,239.5,4,6
1759005324.6374738,0,0.47900000000000004,1.5,2,416.16,419.89999999997497,239.5,3,6
1759005324.6475894,0,0.48100000000000004,1.5,2,415.98,419.79999999997494,239.60000000000002,4,8
1759005324.6576416,0,0.4825,1.5,2,415.83,419.6999999999749,239.7,4,7
1759005324.6685789,0,0.4825,1.5,2,415.68,419.5999999999749,239.8,3,5
1759005324.6786366,0,0.4845,1.5,2,415.5,419.4999999999749,239.89999999999998,4,7
1759005324.688638,0,0.485,1.5,2,415.32,419.39999999997485,239.95,3,6
1759005324.6988473,0,0.4855,1.5,2,415.14,419.29999999997483,240.05,2,6
1759005324.7091677,0,0.4875,1.5,2,414.99,419.1999999999748,240.15,4,7
1759005324.7189102,0,0.488,1.5,2,414.81,419.0999999999748,240.2,2,7
1759005324.7292202,0,0.488,1.5,2,414.63,418.99999999997476,240.2,3,7
1759005324.7393253,0,0.49,1.5,2,414.48,418.89999999997474,240.2,4,7
1759005324.7497003,0,0.492,1.5,2,414.3,418.7999999999747,240.2,5,7
1759005324.7598288,0,0.493,1.5,2,414.23,418.6999999999747,240.3,4,6
1759005324.7697527,0,0.495,1.5,2,414.08,418.59999999997467,240.45,4,7
1759005324.7801821,0,0.4955,1.5,2,413.9,418.49999999997465,240.5,3,7
1759005324.7907252,0,0.4965,1.5,2,413.72,418.3999999999746,240.45,3,7
1759005324.8007455,0,0.498,1.5,2,413.59,418.2999999999746,240.35,2,8
1759005324.8109426,0,0.4995,1.5,2,413.41,418.1999999999746,240.3,2,8
1759005324.8208284,0,0.5005000000000001,1.5,2,413.34,418.09999999997456,240.3,3,7
1759005324.8316975,0,0.5015000000000001,1.5,2,413.23,417.99999999997453,240.3,4,7
1759005324.8419302,0,0.502,1.5,2,413.21,417.8999999999745,240.3,4,7
1759005324.851453,0,0.5035000000000001,1.5,2,413.32,417.7999999999745,240.35,5,7
1759005324.8622599,0,0.5045000000000001,1.5,2,413.24,417.69999999997447,240.35,4,8
1759005324.8724036,0,0.506,1.5,2,413.16,417.59999999997444,240.35,4,8
1759005324.882466,0,0.5075000000000001,1.5,2,413.05,417.4999999999744,240.35,3,9
1759005324.8931277,0,0.5095000000000001,1.5,2,413.2,417.3999999999744,240.39999999999998,4,8
1759005324.9027002,0,0.51,1.5,2,413.18,417.2999999999744,240.5,3,9
1759005324.9132528,0,0.511,1.5,2,413.01,417.19999999997435,240.6,4,9
1759005324.9237504,0,0.512,1.5,2,412.99,417.09999999997433,240.64999999999998,3,9
1759005324.93355,0,0.513,1.5,2,412.97,416.9999999999743,240.65,4,7
1759005324.943792,0,0.5155,1.5,2,413.12,416.8999999999743,240.65,4,9
1759005324.9539647,0,0.5165,1.5,2,412.78,416.79999999997426,240.65,4,8
1759005324.9642005,0,0.5175,1.5,2,412.76,416.69999999997424,240.75,4,8
1759005324.974491,0,0.521,1.5,2,412.68,416.5999999999742,240.85000000000002,5,10
1759005324.9849098,0,0.5215,1.5,2,412.66,416.4999999999742,240.8,4,8
1759005324.9950743,0,0.5225,1.5,2,412.64,416.39999999997417,240.75,5,7
1759005325.005686,0,0.5245,1.5,2,412.56,416.29999999997415,240.7,4,9
1759005325.015564,0,0.5255,1.5,2,412.54,416.1999999999741,240.64999999999998,4,8
1759005325.0256515,0,0.5265,1.5,2,412.52,416.0999999999741,240.55,4,8
1759005325.0356393,0,0.5275,1.5,2,412.44,415.9999999999741,240.5,4,8
1759005325.046267,0,0.5285,1.5,2,412.24,415.89999999997406,240.45,4,8
1759005325.056224,0,0.5295,1.5,2,412.22,415.79999999997403,240.45,4,8
1759005325.0668297,0,0.5295,1.5,2,412.2,415.699999999974,240.5,4,8
1759005325.0769253,0,0.5295,1.5,2,412.03,415.599999999974,240.55,3,8
1759005325.086985,0,0.5295,1.5,2,411.95,415.49999999997397,240.55,4,8
1759005325.0970309,0,0.5295,1.5,2,411.93,415.39999999997394,240.6,4,7
1759005325.1072407,0,0.5305,1.5,2,411.91,415.2999999999739,240.65,3,8
1759005325.117649,0,0.5315,1.5,2,411.89,415.1999999999739,240.75,4,7
1759005325.127411,0,0.532,1.5,2,411.72,415.0999999999739,240.85,4,7
1759005325.137511,0,0.5325,1.5,2,411.64,414.99999999997385,240.95,3,8
1759005325.1479454,0,0.5325,1.5,2,411.38,414.89999999997383,241.0,4,8
1759005325.1575642,0,0.533,1.5,2,411.36,414.7999999999738,241.05,4,8
1759005325.1679766,0,0.534,1.5,2,411.28,414.6999999999738,241.05,4,8
1759005325.1780236,0,0.5355,1.5,2,411.2,414.59999999997376,241.05,4,7
1759005325.1881614,0,0.537,1.5,2,411.12,414.49999999997374,241.05,3,9
1759005325.1981165,0,0.54,1.5,2,411.12,414.3999999999737,241.05,4,9
1759005325.2084064,0,0.542,1.5,2,411.1,414.2999999999737,241.05,4,10
1759005325.218357,0,0.5425,1.5,2,411.02,414.19999999997367,241.1,3,9
1759005325.2285125,0,0.5435,1.5,2,410.94,414.09999999997365,241.05,4,9
1759005325.238488,0,0.5445,1.5,2,410.86,413.9999999999736,241.05,4,7
1759005325.248658,0,0.5465,1.5,2,410.97,413.8999999999736,241.1,5,8
1759005325.2589169,0,0.5475,1.5,2,410.95,413.7999999999736,241.25,4,8
1759005325.2693655,0,0.548,1.5,2,410.93,413.69999999997356,241.35000000000002,3,7
1759005325.2788942,0,0.5485,1.5,2,410.85,413.59999999997353,241.35000000000002,4,8
1759005325.2896326,0,0.5485,1.5,2,410.83,413.4999999999735,241.3,3,7
1759005325.2993422,0,0.549,1.5,2,410.75,413.3999999999735,241.2,3,7
1759005325.309363,0,0.5505,1.5,2,410.67,413.29999999997347,241.14999999999998,5,8
1759005325.319136,0,0.551,1.5,2,410.65,413.19999999997344,241.14999999999998,4,7
1759005325.3294077,0,0.5525,1.5,2,410.63,413.0999999999734,241.25,4,7
1759005325.3397174,0,0.5535,1.5,2,410.61,412.9999999999734,241.3,4,8
1759005325.3499975,0,0.554,1.5,2,410.53,412.8999999999734,241.35,4,8
1759005325.3595812,0,0.5545,1.5,2,410.48,412.79999999997335,241.39999999999998,4,8
1759005325.3702664,0,0.5555,1.5,2,410.37,412.69999999997333,241.39999999999998,5,8
1759005325.3801792,0,0.557,1.5,2,410.35,412.5999999999733,241.45,5,8
1759005325.3904572,0,0.5575,1.5,2,410.33,412.4999999999733,241.5,4,7
1759005325.4008217,0,0.5585,1.5,2,410.25,412.39999999997326,241.6,4,9
1759005325.4107392,0,0.559,1.5,2,410.17,412.29999999997324,241.7,4,8
1759005325.4212654,0,0.5585,1.5,2,410.15,412.1999999999732,241.8,4,6
1759005325.4313774,0,0.5585,1.5,2,410.13,412.0999999999732,241.89999999999998,3,7
1759005325.4415522,0,0.5595,1.5,2,410.05,411.99999999997317,242.05,3,8
1759005325.4516718,0,0.5605,1.5,2,409.98,411.89999999997315,242.2,3,8
1759005325.4618647,0,0.561,1.5,2,409.81,411.7999999999731,242.3,3,8
1759005325.4722097,0,0.561,1.5,2,409.64,411.6999999999731,242.45,4,8
1759005325.4826903,0,0.561,1.5,2,409.56,411.5999999999731,242.5,3,7
1759005325.4925876,0,0.5625,1.5,2,409.48,411.49999999997306,242.5,4,8
1759005325.5030265,0,0.5625,1.5,2,409.31,411.39999999997303,242.5,3,7
1759005325.5133088,0,0.5630000000000001,1.5,2,409.23,411.299999999973,242.4,3,8
1759005325.5234027,0,0.5625,1.5,2,409.04,411.199999999973,242.35000000000002,2,8
1759005325.533655,0,0.5630000000000001,1.5,2,408.96,411.09999999997297,242.35,4,8
1759005325.5437531,0,0.5640000000000001,1.5,2,408.76,410.99999999997294,242.39999999999998,5,8
1759005325.5536175,0,0.5650000000000001,1.5,2,408.87,410.8999999999729,242.45,4,7
1759005325.564178,0,0.5655,1.5,2,408.74,410.7999999999729,242.45,4,7
1759005325.574409,0,0.5660000000000001,1.5,2,408.74,410.6999999999729,242.39999999999998,4,7
1759005325.584804,0,0.5670000000000001,1.5,2,408.66,410.59999999997285,242.39999999999998,5,8
1759005325.595126,0,0.5680000000000001,1.5,2,408.59,410.49999999997283,242.45,4,8
1759005325.6051576,0,0.5685,1.5,2,408.51,410.3999999999728,242.55,3,8
1759005325.6152303,0,0.5685,1.5,2,408.49,410.2999999999728,242.55,4,7
1759005325.6253576,0,0.5685,1.5,2,408.41,410.19999999997276,242.6,3,7
1759005325.6358836,0,0.5690000000000001,1.5,2,408.33,410.09999999997274,242.7,4,8
1759005325.6455941,0,0.5700000000000001,1.5,2,408.31,409.9999999999727,242.75,4,8
1759005325.6560879,0,0.572,1.5,2,408.49,409.8999999999727,242.85,4,9
1759005325.6657174,0,0.5715,1.5,2,408.41,409.79999999997267,242.85,4,7
1759005325.6766162,0,0.5705,1.5,2,408.33,409.69999999997265,242.85,3,6
1759005325.6865492,0,0.571,1.5,2,408.31,409.5999999999726,242.8,3,6
1759005325.6968927,0,0.5705,1.5,2,408.23,409.4999999999726,242.75,3,7
1759005325.7070286,0,0.5715,1.5,2,408.15,409.3999999999726,242.65,3,8
1759005325.7166626,0,0.573,1.5,2,408.07,409.29999999997256,242.5,3,8
1759005325.7275865,0,0.573,1.5,2,408.05,409.19999999997253,242.4,4,7
1759005325.7373555,0,0.574,1.5,2,408.03,409.0999999999725,242.35000000000002,3,8
1759005325.748012,0,0.5755,1.5,2,408.01,408.9999999999725,242.4,4,9
1759005325.7583334,0,0.575,1.5,2,407.99,408.89999999997247,242.45,2,8
1759005325.7679935,0,0.5735,1.5,2,407.91,408.79999999997244,242.55,2,7
1759005325.7781794,0,0.574,1.5,2,407.78,408.6999999999724,242.60000000000002,3,8
1759005325.7881773,0,0.575,1.5,2,407.76,408.5999999999724,242.5,5,8
1759005325.7985373,0,0.576,1.5,2,407.68,408.4999999999724,242.45,4,8
1759005325.8090918,0,0.577,1.5,2,407.66,408.39999999997235,242.45,5,7
1759005325.819161,0,0.578,1.5,2,407.53,408.29999999997233,242.5,5,7
1759005325.829495,0,0.5785,1.5,2,407.53,408.1999999999723,242.55,4,7
1759005325.839659,0,0.579,1.5,2,407.34,408.0999999999723,242.55,3,8
1759005325.8497014,0,0.5795,1.5,2,407.26,407.99999999997226,242.55,3,9
1759005325.8599129,0,0.58,1.5,2,407.15,407.89999999997224,242.55,3,9
1759005325.869811,0,0.58,1.5,2,406.96,407.7999999999722,242.55,3,9
1759005325.880321,0,0.5805,1.5,2,406.89,407.6999999999722,242.55,2,11
1759005325.8904686,0,0.5815,1.5,2,406.82,407.59999999997217,242.60000000000002,3,11
1759005325.900858,0,0.5815,1.5,2,406.69,407.49999999997215,242.65,2,10
1759005325.9106708,0,0.5825,1.5,2,406.39,407.3999999999721,242.65,4,10
1759005325.9208322,0,0.583,1.5,2,406.41,407.2999999999721,242.6,4,9
1759005325.9311063,0,0.583,1.5,2,406.34,407.1999999999721,242.5,3,10
1759005325.9406047,0,0.584,1.5,2,406.21,407.09999999997206,242.5,3,11
1759005325.951423,0,0.5845,1.5,2,406.08,406.99999999997203,242.5,2,10
1759005325.9612596,0,0.584,1.5,2,405.78,406.899999999972,242.55,2,10
1759005325.9717667,0,0.583,1.5,2,405.71,406.799999999972,242.65,2,8
1759005325.982002,0,0.5825,1.5,2,405.58,406.69999999997196,242.7,2,9
1759005325.9918225,0,0.5805,1.5,2,405.51,406.59999999997194,242.8,2,9
1759005326.0025241,0,0.581,1.5,2,405.38,406.4999999999719,242.95,3,10
1759005326.0126412,0,0.5815,1.5,2,405.25,406.3999999999719,243.05,4,9
1759005326.022875,0,0.5815,1.5,2,405.18,406.2999999999719,243.15,3,10
1759005326.033176,0,0.5825,1.5,2,405.05,406.19999999997185,243.2,3,11
1759005326.043725,0,0.583,1.5,2,404.92,406.0999999999718,243.25,3,10
1759005326.053751,0,0.584,1.5,2,405,405.9999999999718,243.3,4,10
1759005326.0636413,0,0.5845,1.5,2,404.87,405.8999999999718,243.3,3,10
1759005326.0735128,0,0.5855,1.5,2,404.74,405.79999999997176,243.3,4,10
1759005326.0841737,0,0.586,1.5,2,404.61,405.69999999997174,243.25,3,10
1759005326.0943437,0,0.587,1.5,2,404.54,405.5999999999717,243.15,3,10
1759005326.1047122,0,0.587,1.5,2,404.47,405.4999999999717,243.1,3,9
1759005326.1149812,0,0.588,1.5,2,404.34,405.39999999997167,243.05,4,9
1759005326.1248558,0,0.588,1.5,2,404.21,405.29999999997165,243.0,2,9
1759005326.135387,0,0.588,1.5,2,404.08,405.1999999999716,242.9,1,10
1759005326.145399,0,0.589,1.5,2,404.01,405.0999999999716,242.75,3,10
1759005326.1554847,0,0.59,1.5,2,403.94,404.9999999999716,242.65,3,10
1759005326.1658807,0,0.5905,1.5,2,403.87,404.89999999997156,242.60000000000002,3,10
1759005326.175515,0,0.5905,1.5,2,403.74,404.79999999997153,242.55,1,11
1759005326.1858351,0,0.59,1.5,2,403.67,404.6999999999715,242.5,2,9
1759005326.1963353,0,0.5905,1.5,2,403.6,404.5999999999715,242.45,2,10
1759005326.2066967,0,0.591,1.5,2,403.53,404.49999999997146,242.35,3,10
1759005326.2169955,0,0.592,1.5,2,403.38,404.39999999997144,242.25,4,11
1759005326.2265122,0,0.593,1.5,2,403.25,404.2999999999714,242.15,4,12
1759005326.2365644,0,0.594,1.5,2,403.18,404.1999999999714,242.10000000000002,3,11
1759005326.247375,0,0.594,1.5,2,403.11,404.0999999999714,242.15,3,10
1759005326.2569275,0,0.594,1.5,2,403.04,403.99999999997135,242.14999999999998,2,9
1759005326.2672436,0,0.594,1.5,2,402.93,403.8999999999713,242.05,3,10
1759005326.2777035,0,0.595,1.5,2,402.8,403.7999999999713,241.9,4,10
1759005326.2881918,0,0.596,1.5,2,402.67,403.6999999999713,241.8,3,9
1759005326.2981253,0,0.597,1.5,2,402.6,403.59999999997126,241.8,3,11
1759005326.3082607,0,0.5995,1.5,2,402.47,403.49999999997124,241.8,4,11
1759005326.3184388,0,0.6015,1.5,2,402.4,403.3999999999712,241.89999999999998,3,11
1759005326.3285584,0,0.602,1.5,2,402.33,403.2999999999712,241.89999999999998,3,11
1759005326.3389437,0,0.6045,1.5,2,402.2,403.19999999997117,241.85,4,12
1759005326.3486006,0,0.606,1.5,2,402.07,403.09999999997115,241.75,3,11
1759005326.3588529,0,0.6065,1.5,2,401.94,402.9999999999711,241.75,2,11
1759005326.3692083,0,0.6075,1.5,2,402.13,402.8999999999711,241.8,3,11
1759005326.3795545,0,0.608,1.5,2,401.98,402.7999999999711,241.89999999999998,3,10
1759005326.3894405,0,0.6075,1.5,2,401.85,402.69999999997106,241.95,2,10
1759005326.3992574,0,0.607,1.5,2,401.72,402.59999999997103,242.05,3,9
1759005326.409537,0,0.6075,1.5,2,401.59,402.499999999971,242.10000000000002,3,9
1759005326.4200978,0,0.607,1.5,2,401.52,402.399999999971,242.10000000000002,3,9
1759005326.4300737,0,0.6065,1.5,2,401.45,402.29999999997096,242.05,3,8
1759005326.4407332,0,0.607,1.5,2,401.32,402.19999999997094,241.95,2,9
1759005326.451048,0,0.609,1.5,2,401.19,402.0999999999709,241.9,3,11
1759005326.4610603,0,0.6095,1.5,2,401.27,401.9999999999709,241.8,2,10
1759005326.4714715,0,0.6105,1.5,2,401.01,401.8999999999709,241.7,3,10
1759005326.4814193,0,0.611,1.5,2,400.94,401.79999999997085,241.64999999999998,3,9
1759005326.491408,0,0.6115,1.5,2,400.87,401.6999999999708,241.6,3,10
1759005326.50179,0,0.6125,1.5,2,400.8,401.5999999999708,241.55,3,9
1759005326.5116532,0,0.6135,1.5,2,400.73,401.4999999999708,241.5,4,10
1759005326.5215971,0,0.6155,1.5,2,400.66,401.39999999997076,241.5,3,11
1759005326.5323057,0,0.617,1.5,2,400.59,401.29999999997074,241.55,3,11
1759005326.5425553,0,0.6195,1.5,2,400.52,401.1999999999707,241.6,3,12
1759005326.5523582,0,0.621,1.5,2,400.45,401.0999999999707,241.64999999999998,4,11
1759005326.5630221,0,0.6215,1.5,2,400.32,400.99999999997067,241.65,4,10
1759005326.5725405,0,0.622,1.5,2,400.06,400.89999999997065,241.7,2,10
1759005326.5834277,0,0.6225,1.5,2,399.99,400.7999999999706,241.75,2,10
1759005326.5935903,0,0.623,1.5,2,399.84,400.6999999999706,241.89999999999998,2,10
1759005326.6034434,0,0.6235,1.5,2,399.77,400.5999999999706,241.95,4,10
1759005326.613615,0,0.6255000000000001,1.5,2,399.64,400.49999999997056,242.05,5,11
1759005326.623687,0,0.6265,1.5,2,399.57,400.39999999997053,242.05,3,10
1759005326.6343741,0,0.6275,1.5,2,399.44,400.2999999999705,242.05,3,10
1759005326.6445882,0,0.629,1.5,2,399.37,400.1999999999705,242.0,3,10
1759005326.654776,0,0.629,1.5,2,399.3,400.09999999997046,241.9,2,10
1759005326.664913,0,0.63,1.5,2,399.17,399.99999999997044,241.9,3,11
1759005326.6756792,0,0.631,1.5,2,398.99,399.8999999999704,241.9,4,11
1759005326.6856074,0,0.6325,1.5,2,398.92,399.7999999999704,241.9,3,11
1759005326.6960447,0,0.6345,1.5,2,398.85,399.6999999999704,241.9,3,10
1759005326.7058663,0,0.637,1.5,2,398.72,399.59999999997035,241.95,4,10
1759005326.7153616,0,0.6385,1.5,2,398.65,399.4999999999703,242.05,3,10
1759005326.7259939,0,0.64,1.5,2,398.58,399.3999999999703,242.2,4,10
1759005326.7357693,0,0.641,1.5,2,398.51,399.2999999999703,242.3,3,10
1759005326.7459135,0,0.6425,1.5,2,398.38,399.19999999997026,242.3,4,10
1759005326.7562885,0,0.6435,1.5,2,398.25,399.09999999997024,242.35,3,10
1759005326.767342,0,0.643,1.5,2,398.12,398.9999999999702,242.35,2,10
1759005326.777698,0,0.6445,1.5,2,397.99,398.8999999999702,242.4,2,11
1759005326.7877665,0,0.6455,1.5,2,397.92,398.79999999997017,242.35,1,10
1759005326.7975962,0,0.646,1.5,2,397.79,398.69999999997015,242.3,3,9
1759005326.8077645,0,0.6455,1.5,2,397.66,398.5999999999701,242.35000000000002,3,9
1759005326.8180666,0,0.645,1.5,2,397.59,398.4999999999701,242.4,2,9
1759005326.8282366,0,0.6455,1.5,2,397.46,398.3999999999701,242.5,2,11
1759005326.8382096,0,0.6455,1.5,2,397.39,398.29999999997005,242.55,2,10
1759005326.848806,0,0.6465,1.5,2,397.24,398.19999999997003,242.55,1,12
1759005326.8585334,0,0.647,1.5,2,397.19,398.09999999997,242.55,2,10
1759005326.8688343,0,0.647,1.5,2,397.12,397.99999999997,242.65,2,10
1759005326.8789985,0,0.6465,1.5,2,397.06,397.89999999996996,242.75,0,11
1759005326.889264,0,0.6465,1.5,2,396.9,397.79999999996994,242.7,0,12
1759005326.8995929,0,0.646,1.5,2,396.81,397.6999999999699,242.64999999999998,1,11
1759005326.9095473,0,0.6445,1.5,2,396.7,397.5999999999699,242.64999999999998,1,10
1759005326.9197035,0,0.644,1.5,2,396.61,397.4999999999699,242.7,0,11
1759005326.9299874,0,0.6435,1.5,2,396.57,397.39999999996985,242.75,0,13
1759005326.9396274,0,0.6435,1.5,2,396.33,397.2999999999698,242.75,1,12
1759005326.9502764,0,0.6435,1.5,2,396.4,397.1999999999698,242.75,1,12
1759005326.9608488,0,0.643,1.5,2,396.31,397.0999999999698,242.7,1,12
1759005326.9703605,0,0.644,1.5,2,396.22,396.99999999996976,242.7,2,12
1759005326.980997,0,0.6455,1.5,2,396.13,396.89999999996974,242.65,2,13
1759005326.9906495,0,0.6475,1.5,2,396.04,396.7999999999697,242.60000000000002,2,12
1759005327.0013993,0,0.6495,1.5,2,396.11,396.6999999999697,242.55,2,13
1759005327.0117168,0,0.6515,1.5,2,396.02,396.59999999996967,242.5,3,12
1759005327.021797,0,0.6515,1.5,2,395.93,396.49999999996965,242.55,1,12
1759005327.031749,0,0.652,1.5,2,395.84,396.3999999999696,242.6,2,12
1759005327.041679,0,0.652,1.5,2,395.75,396.2999999999696,242.64999999999998,2,11
1759005327.0521307,0,0.651,1.5,2,395.66,396.1999999999696,242.7,1,11
1759005327.0619464,0,0.651,1.5,2,395.57,396.09999999996955,242.8,1,12
1759005327.0717156,0,0.651,1.5,2,395.33,395.99999999996953,242.85000000000002,1,13
1759005327.081798,0,0.6505,1.5,2,395.4,395.8999999999695,242.89999999999998,0,12
1759005327.0920134,0,0.6505,1.5,2,395.31,395.7999999999695,242.89999999999998,0,14
1759005327.102777,0,0.651,1.5,2,395.22,395.69999999996946,242.9,1,13
1759005327.1127274,0,0.6515,1.5,2,395.13,395.59999999996944,242.9,1,13
1759005327.1232405,0,0.653,1.5,2,395.02,395.4999999999694,242.8,2,13
1759005327.133136,0,0.6525,1.5,2,394.93,395.3999999999694,242.7,1,11
1759005327.1437507,0,0.653,1.5,2,394.84,395.2999999999694,242.64999999999998,1,11
1759005327.1539102,0,0.6535,1.5,2,394.75,395.19999999996935,242.6,1,11
1759005327.1640038,0,0.653,1.5,2,394.71,395.0999999999693,242.65,1,11
1759005327.1737993,0,0.653,1.5,2,394.84,394.9999999999693,242.7,1,12
1759005327.1846113,0,0.652,1.5,2,394.75,394.8999999999693,242.75,1,10
1759005327.194478,0,0.6525,1.5,2,394.66,394.79999999996926,242.8,1,12
1759005327.2045803,0,0.654,1.5,2,394.57,394.69999999996924,242.8,1,13
1759005327.2146566,0,0.6555,1.5,2,394.48,394.5999999999692,242.8,2,13
1759005327.2245314,0,0.656,1.5,2,394.39,394.4999999999692,242.8,1,13
1759005327.234947,0,0.6555,1.5,2,394.3,394.39999999996917,242.85,1,13
1759005327.2447226,0,0.6545,1.5,2,394.21,394.29999999996915,242.89999999999998,2,12
1759005327.2551267,0,0.655,1.5,2,394.12,394.1999999999691,242.89999999999998,2,13
1759005327.2657223,0,0.656,1.5,2,394.03,394.0999999999691,242.9,2,13
1759005327.2756925,0,0.658,1.5,2,393.94,393.9999999999691,242.95,2,13
1759005327.2852778,0,0.6585,1.5,2,393.7,393.89999999996905,243.05,1,13
1759005327.2956996,0,0.6585,1.5,2,393.61,393.79999999996903,243.1,2,12
1759005327.3059392,0,0.6595,1.5,2,393.52,393.699999999969,243.14999999999998,1,13
1759005327.315738,0,0.6595,1.5,2,393.43,393.599999999969,243.14999999999998,1,13
1759005327.3258696,0,0.6585,1.5,2,393.34,393.49999999996896,243.14999999999998,0,13
1759005327.3363132,0,0.6585,1.5,2,393.25,393.39999999996894,243.1,0,14
1759005327.3462174,0,0.6585,1.5,2,393.16,393.2999999999689,243.1,1,13
1759005327.3564205,0,0.657,1.5,2,393.07,393.1999999999689,243.1,1,12
1759005327.3666887,0,0.6565,1.5,2,392.98,393.0999999999689,243.1,0,13
1759005327.3767848,0,0.6565,1.5,2,392.89,392.99999999996885,243.05,0,13
1759005327.387444,0,0.656,1.5,2,392.7,392.8999999999688,243.0,1,12
1759005327.397062,0,0.6565,1.5,2,392.61,392.7999999999688,242.95,2,12
1759005327.4075649,0,0.657,1.5,2,392.52,392.6999999999688,242.85000000000002,0,13
1759005327.4175632,0,0.658,1.5,2,392.43,392.59999999996876,242.75,2,12
1759005327.4282253,0,0.6585,1.5,2,392.39,392.49999999996874,242.6,1,12
1759005327.4382093,0,0.659,1.5,2,392.3,392.3999999999687,242.5,1,12
1759005327.4477885,0,0.6585,1.5,2,392.21,392.2999999999687,242.45,0,10
1759005327.4583538,0,0.6585,1.5,2,392.12,392.19999999996867,242.35,1,10
1759005327.4682772,0,0.657,1.5,2,392.03,392.09999999996865,242.3,0,11
1759005327.4785538,0,0.6575,1.5,2,391.79,391.9999999999686,242.25,1,12
1759005327.4888904,0,0.657,1.5,2,391.81,391.8999999999686,242.25,0,12
1759005327.4990306,0,0.6565,1.5,2,391.72,391.7999999999686,242.2,0,11
1759005327.5093846,0,0.656,1.5,2,391.63,391.69999999996855,242.2,0,12
1759005327.5193157,0,0.6555,1.5,2,391.54,391.59999999996853,242.25,0,11
1759005327.5295763,0,0.6545,1.5,2,391.45,391.4999999999685,242.3,1,11
1759005327.539909,0,0.6545,1.5,2,391.36,391.3999999999685,242.3,2,12
1759005327.550203,0,0.655,1.5,2,391.27,391.29999999996846,242.25,2,13
1759005327.5596871,0,0.654,1.5,2,391.18,391.19999999996844,242.2,1,12
1759005327.5705652,0,0.653,1.5,2,391.09,391.0999999999684,242.2,1,12
1759005327.5809083,0,0.653,1.5,2,391.05,390.9999999999684,242.25,2,12
1759005327.5904834,0,0.654,1.5,2,390.96,390.8999999999684,242.25,1,13
1759005327.6007314,0,0.6545,1.5,2,390.87,390.79999999996835,242.25,1,12
1759005327.610946,0,0.6555,1.5,2,390.78,390.6999999999683,242.2,1,13
1759005327.6212027,0,0.655,1.5,2,390.69,390.5999999999683,242.25,1,12
1759005327.6315615,0,0.653,1.5,2,390.6,390.4999999999683,242.3,1,11
1759005327.641422,0,0.653,1.5,2,390.51,390.39999999996826,242.4,1,12
1759005327.652361,0,0.653,1.5,2,390.42,390.29999999996824,242.45,1,12
1759005327.6616435,0,0.653,1.5,2,390.33,390.1999999999682,242.5,0,13
1759005327.6723638,0,0.6535,1.5,2,390.24,390.0999999999682,242.55,0,13
1759005327.6820643,0,0.6525,1.5,2,390.15,389.99999999996817,242.55,0,12
1759005327.6925833,0,0.6515,1.5,2,390.07,389.89999999996814,242.55,2,11
1759005327.703136,0,0.651,1.5,2,389.98,389.7999999999681,242.55,0,13
1759005327.713102,0,0.6515,1.5,2,389.89,389.6999999999681,242.55,1,13
1759005327.7234473,0,0.6515,1.5,2,389.8,389.5999999999681,242.6,1,13
1759005327.733695,0,0.6525,1.5,2,389.71,389.49999999996805,242.6,1,14
1759005327.7438297,0,0.6525,1.5,2,389.71,389.39999999996803,242.5,2,12
1759005327.7539084,0,0.6535,1.5,2,389.62,389.299999999968,242.45,3,12
1759005327.7639995,0,0.653,1.5,2,389.53,389.199999999968,242.45,2,11
1759005327.7741954,0,0.6535,1.5,2,389.49,389.09999999996796,242.4,1,13
1759005327.7840123,0,0.654,1.5,2,389.4,388.99999999996794,242.35000000000002,1,12
1759005327.7941766,0,0.6535,1.5,2,389.31,388.8999999999679,242.3,0,12
1759005327.804905,0,0.6545,1.5,2,389.22,388.7999999999679,242.25,2,11
1759005327.8144906,0,0.6545,1.5,2,389.13,388.6999999999679,242.2,1,11
1759005327.8252034,0,0.654,1.5,2,389.04,388.59999999996785,242.10000000000002,1,10
1759005327.8348901,0,0.6545,1.5,2,388.95,388.4999999999678,242.0,1,11
1759005327.84528,0,0.6545,1.5,2,388.91,388.3999999999678,241.9,2,11
1759005327.8550751,0,0.655,1.5,2,388.91,388.2999999999678,241.9,1,12
1759005327.8655093,0,0.655,1.5,2,388.91,388.19999999996776,242.0,1,12
1759005327.8756824,0,0.6565,1.5,2,388.89,388.09999999996774,242.1,1,14
1759005327.885574,0,0.6565,1.5,2,388.89,387.9999999999677,242.05,0,12
1759005327.895845,0,0.6575,1.5,2,388.89,387.8999999999677,241.95,0,13
1759005327.905573,0,0.658,1.5,2,388.81,387.79999999996767,241.95,1,12
1759005327.916023,0,0.6595,1.5,2,388.73,387.69999999996764,241.95,1,14
1759005327.9261293,0,0.661,1.5,2,388.67,387.5999999999676,241.9,0,14
1759005327.9363773,0,0.6625,1.5,2,388.59,387.4999999999676,241.75,0,14
1759005327.9468093,0,0.665,1.5,2,388.46,387.3999999999676,241.7,2,16
1759005327.956868,0,0.667,1.5,2,388.38,387.29999999996755,241.7,1,16
1759005327.966662,0,0.668,1.5,2,388.31,387.19999999996753,241.7,0,15
1759005327.9772644,0,0.6695,1.5,2,388.23,387.0999999999675,241.75,1,15
1759005327.987662,0,0.6705,1.5,2,388.15,386.9999999999675,241.75,1,15
1759005327.9977512,0,0.6705,1.5,2,388.07,386.89999999996746,241.8,0,15
1759005328.0076544,0,0.6705,1.5,2,387.99,386.79999999996744,241.8,0,14
1759005328.0181806,0,0.6705,1.5,2,387.92,386.6999999999674,241.8,0,15
1759005328.0282876,0,0.671,1.5,2,387.84,386.5999999999674,241.8,1,15
1759005328.0384526,0,0.672,1.5,2,387.76,386.4999999999674,241.7,0,15
1759005328.0486562,0,0.6735,1.5,2,387.68,386.39999999996735,241.60000000000002,2,15
1759005328.0587163,0,0.675,1.5,2,387.6,386.2999999999673,241.5,1,15
1759005328.0687308,0,0.676,1.5,2,387.52,386.1999999999673,241.4,0,14
1759005328.0786119,0,0.6765,1.5,2,387.44,386.0999999999673,241.25,0,14
1759005328.089066,0,0.677,1.5,2,387.36,385.99999999996726,241.15,0,15
1759005328.098736,0,0.679,1.5,2,387.29,385.89999999996724,241.05,1,15
1759005328.1093397,0,0.679,1.5,2,387.21,385.7999999999672,241.0,0,14
1759005328.1194327,0,0.6795,1.5,2,387.13,385.6999999999672,241.0,1,14
1759005328.1295495,0,0.6795,1.5,2,387.05,385.59999999996717,241.05,0,14
1759005328.139886,0,0.6795,1.5,2,386.99,385.49999999996714,241.15,0,15
1759005328.1496572,0,0.681,1.5,2,386.91,385.3999999999671,241.2,1,14
1759005328.1603677,0,0.6825,1.5,2,386.83,385.2999999999671,241.14999999999998,1,14
1759005328.1702642,0,0.6839999999999999,1.5,2,386.75,385.1999999999671,241.1,0,15
1759005328.1808355,0,0.6859999999999999,1.5,2,386.62,385.09999999996705,241.05,2,14
1759005328.1909049,0,0.6865,1.5,2,386.32,384.99999999996703,241.0,0,14
1759005328.2013392,0,0.689,1.5,2,386.41,384.899999999967,240.95,1,15
1759005328.2114732,0,0.6895,1.5,2,386.33,384.799999999967,240.9,0,14
1759005328.221581,0,0.6895,1.5,2,386.25,384.69999999996696,240.85,0,14
1759005328.2317424,0,0.6895,1.5,2,386.17,384.59999999996694,240.85000000000002,1,14
1759005328.2420795,0,0.6905,1.5,2,386.09,384.4999999999669,240.9,1,15
1759005328.2516844,0,0.6915,1.5,2,386.01,384.3999999999669,240.9,1,15
1759005328.2623389,0,0.6915,1.5,2,385.93,384.2999999999669,240.9,0,14
1759005328.2722893,0,0.692,1.5,2,385.85,384.19999999996685,240.89999999999998,1,15
1759005328.282305,0,0.6915,1.5,2,385.77,384.0999999999668,240.85,0,14
1759005328.2930284,0,0.6915,1.5,2,385.69,383.9999999999668,240.8,1,14
1759005328.3029177,0,0.691,1.5,2,385.61,383.8999999999668,240.75,0,13
1759005328.3129437,0,0.692,1.5,2,385.53,383.79999999996676,240.75,1,15
1759005328.323242,0,0.692,1.5,2,385.45,383.69999999996674,240.75,0,14
1759005328.3337069,0,0.6925,1.5,2,385.37,383.5999999999667,240.7,0,15
1759005328.3437834,0,0.694,1.5,2,385.29,383.4999999999667,240.7,0,16
1759005328.3537762,0,0.6955,1.5,2,385.21,383.39999999996667,240.7,1,16
1759005328.3640218,0,0.697,1.5,2,385.13,383.29999999996664,240.65,1,16
1759005328.3740945,0,0.698,1.5,2,385.05,383.1999999999666,240.60000000000002,0,15
1759005328.384238,0,0.699,1.5,2,384.97,383.0999999999666,240.5,0,15
1759005328.3948781,0,0.701,1.5,2,384.89,382.9999999999666,240.45,1,16
1759005328.404842,0,0.702,1.5,2,384.65,382.89999999996655,240.4,0,15
1759005328.4147763,0,0.7025,1.5,2,384.57,382.79999999996653,240.3,0,15
1759005328.4247081,0,0.704,1.5,2,384.49,382.6999999999665,240.3,1,15
1759005328.435657,0,0.705,1.5,2,384.41,382.5999999999665,240.3,0,16
1759005328.445694,0,0.706,1.5,2,384.28,382.49999999996646,240.35000000000002,1,14
1759005328.4555476,0,0.707,1.5,2,384.2,382.39999999996644,240.4,0,15
1759005328.4662364,0,0.7095,1.5,2,384.12,382.2999999999664,240.4,0,15
1759005328.4758546,0,0.7115,1.5,2,384.04,382.1999999999664,240.45,0,15
1759005328.4864962,0,0.714,1.5,2,383.96,382.09999999996637,240.5,1,15
1759005328.496394,0,0.715,1.5,2,383.88,381.99999999996635,240.6,0,15
1759005328.50667,0,0.716,1.5,2,383.86,381.8999999999663,240.65,0,14
1759005328.5172162,0,0.718,1.5,2,383.78,381.7999999999663,240.7,0,15
1759005328.5270958,0,0.7195,1.5,2,383.7,381.6999999999663,240.7,0,15
1759005328.5373194,0,0.7215,1.5,2,383.62,381.59999999996626,240.7,0,15
1759005328.5475543,0,0.7225,1.5,2,383.54,381.49999999996624,240.75,0,14
1759005328.557486,0,0.7225,1.5,2,383.46,381.3999999999662,240.7,0,14
1759005328.5676446,0,0.7225,1.5,2,383.38,381.2999999999662,240.7,0,15
1759005328.5780509,0,0.723,1.5,2,383.3,381.19999999996617,240.65,0,14
1759005328.5876844,0,0.724,1.5,2,383.19,381.09999999996614,240.55,0,15
1759005328.5987275,0,0.724,1.5,2,383.06,380.9999999999661,240.5,1,13
1759005328.6086538,0,0.724,1.5,2,383.15,380.8999999999661,240.45,0,14
1759005328.6188025,0,0.7245,1.5,2,383.07,380.7999999999661,240.4,0,14
1759005328.6292481,0,0.7245,1.5,2,382.99,380.69999999996605,240.35000000000002,0,14
1759005328.638753,0,0.7255,1.5,2,382.91,380.59999999996603,240.2,1,14
1759005328.6495364,0,0.7265,1.5,2,382.83,380.499999999966,240.0,1,13
1759005328.6594744,0,0.7275,1.5,2,382.75,380.399999999966,239.85000000000002,0,15
1759005328.6693788,0,0.7285,1.5,2,382.67,380.29999999996596,239.8,1,14
1759005328.6795087,0,0.7295,1.5,2,382.59,380.19999999996594,239.8,0,15
1759005328.6899276,0,0.73,1.5,2,382.51,380.0999999999659,239.8,0,14
1759005328.7002206,0,0.7315,1.5,2,382.43,379.9999999999659,239.75,0,15
1759005328.7100346,0,0.7325,1.5,2,382.19,379.89999999996587,239.7,1,14
1759005328.7200847,0,0.733,1.5,2,382.11,379.79999999996585,239.64999999999998,1,13
1759005328.7300236,0,0.7335,1.5,2,382.03,379.6999999999658,239.6,1,14
1759005328.7406359,0,0.734,1.5,2,381.95,379.5999999999658,239.5,0,15
1759005328.7505238,0,0.734,1.5,2,381.87,379.4999999999658,239.3,0,15
1759005328.7608068,0,0.7345,1.5,2,381.7,379.39999999996576,239.2,0,15
1759005328.7710454,0,0.7345,1.5,2,381.62,379.29999999996573,239.1,0,15
1759005328.7815356,0,0.7355,1.5,2,381.54,379.1999999999657,239.05,0,15
1759005328.7919283,0,0.7355,1.5,2,381.41,379.0999999999657,239.0,0,14
1759005328.801492,0,0.7365,1.5,2,381.33,378.99999999996567,238.95,0,15
1759005328.8122573,0,0.738,1.5,2,381.25,378.89999999996564,238.8,0,15
1759005328.8222506,0,0.739,1.5,2,381.17,378.7999999999656,238.7,0,15
1759005328.8326066,0,0.7405,1.5,2,381.09,378.6999999999656,238.7,0,15
1759005328.8429291,0,0.7425,1.5,2,381.01,378.5999999999656,238.75,1,14
1759005328.8529732,0,0.7435,1.5,2,380.93,378.49999999996555,238.8,0,14
1759005328.862912,0,0.745,1.5,2,380.8,378.39999999996553,238.8,1,15
1759005328.8732748,0,0.7454999999999999,1.5,2,380.63,378.2999999999655,238.7,0,14
1759005328.8837407,0,0.746,1.5,2,380.46,378.1999999999655,238.55,0,14
1759005328.8935573,0,0.7464999999999999,1.5,2,380.35,378.09999999996546,238.39999999999998,1,15
1759005328.9038765,0,0.7484999999999999,1.5,2,380.18,377.99999999996544,238.25,1,15
1759005328.913708,0,0.75,1.5,2,380.02,377.8999999999654,238.15,1,15
1759005328.9236424,0,0.7535,1.5,2,379.9,377.7999999999654,238.05,3,17
1759005328.9338257,0,0.756,1.5,2,379.9,377.69999999996537,238.0,2,18
1759005328.9448466,0,0.759,1.5,2,379.78,377.59999999996535,237.95,3,17
1759005328.9543507,0,0.7615,1.5,2,379.66,377.4999999999653,237.9,2,17
1759005328.96492,0,0.762,1.5,2,379.57,377.3999999999653,237.8,2,17
1759005328.9748816,0,0.7635,1.5,2,379.45,377.2999999999653,237.8,3,17
1759005328.984943,0,0.766,1.5,2,379.34,377.19999999996526,237.75,4,16
1759005328.995241,0,0.7685,1.5,2,379.22,377.09999999996523,237.65,4,17
1759005329.0049155,0,0.7705,1.5,2,379.1,376.9999999999652,237.55,2,18
1759005329.0154939,0,0.7735,1.5,2,378.98,376.8999999999652,237.5,3,18
1759005329.0254624,0,0.7765,1.5,2,378.86,376.79999999996517,237.5,3,17
1759005329.0356605,0,0.7785,1.5,2,378.77,376.69999999996514,237.45,2,17
1759005329.045473,0,0.781,1.5,2,378.65,376.5999999999651,237.4,3,18
1759005329.0561914,0,0.783,1.5,2,378.53,376.4999999999651,237.45,2,17
1759005329.0657659,0,0.7845,1.5,2,378.41,376.3999999999651,237.55,3,17
1759005329.0763931,0,0.7865,1.5,2,378.29,376.29999999996505,237.65,3,17
1759005329.086292,0,0.789,1.5,2,378.17,376.19999999996503,237.75,2,17
1759005329.096662,0,0.7915,1.5,2,378.05,376.099999999965,237.85,3,16
1759005329.1069925,0,0.793,1.5,2,377.93,375.999999999965,237.89999999999998,2,16
1759005329.1166935,0,0.796,1.5,2,377.78,375.89999999996496,237.95,3,19
1759005329.1273096,0,0.799,1.5,2,377.66,375.79999999996494,237.95,3,17
1759005329.1366618,0,0.801,1.5,2,377.54,375.6999999999649,237.89999999999998,2,17
1759005329.147188,0,0.804,1.5,2,377.42,375.5999999999649,237.75,2,18
1759005329.1579306,0,0.806,1.5,2,377.3,375.49999999996487,237.7,2,17
1759005329.1675284,0,0.8075,1.5,2,377.18,375.39999999996485,237.75,2,16
1759005329.178244,0,0.8109999999999999,1.5,2,377.06,375.2999999999648,237.85000000000002,4,18
1759005329.187883,0,0.814,1.5,2,376.94,375.1999999999648,237.95,3,18
1759005329.1985662,0,0.8165,1.5,2,376.82,375.0999999999648,238.0,4,17
1759005329.2083757,0,0.8195,1.5,2,376.7,374.99999999996476,238.0,3,17
1759005329.2182715,0,0.822,1.5,2,376.41,374.89999999996473,238.05,3,18
1759005329.228689,0,0.8255,1.5,2,376.29,374.7999999999647,238.10000000000002,3,18
1759005329.2388391,0,0.829,1.5,2,376.17,374.6999999999647,238.15,3,18
1759005329.2493355,0,0.83,1.5,2,376.05,374.59999999996467,238.15,1,16
1759005329.2597,0,0.8315,1.5,2,375.93,374.49999999996464,238.15,2,17
1759005329.2692795,0,0.833,1.5,2,375.84,374.3999999999646,238.2,2,17
1759005329.2797403,0,0.836,1.5,2,375.72,374.2999999999646,238.25,3,17
1759005329.290019,0,0.837,1.5,2,375.6,374.1999999999646,238.3,2,16
1759005329.3000674,0,0.84,1.5,2,375.48,374.09999999996455,238.4,3,17
1759005329.3103194,0,0.8415,1.5,2,375.36,373.99999999996453,238.4,2,16
1759005329.3207383,0,0.844,1.5,2,375.38,373.8999999999645,238.39999999999998,2,16
1759005329.3306777,0,0.8455,1.5,2,375.26,373.7999999999645,238.39999999999998,2,17
1759005329.3405883,0,0.849,1.5,2,375.14,373.69999999996446,238.4,4,17
1759005329.3510516,0,0.851,1.5,2,375.02,373.59999999996444,238.45,2,17
1759005329.360988,0,0.8525,1.5,2,374.9,373.4999999999644,238.45,2,17
1759005329.3716962,0,0.853,1.5,2,374.78,373.3999999999644,238.45,2,16
1759005329.3815453,0,0.854,1.5,2,374.66,373.29999999996437,238.45,2,17
1759005329.3914385,0,0.856,1.5,2,374.54,373.19999999996435,238.45,2,17
1759005329.402368,0,0.859,1.5,2,374.42,373.0999999999643,238.45,3,18
1759005329.412124,0,0.861,1.5,2,374.3,372.9999999999643,238.39999999999998,3,18
1759005329.422699,0,0.8635,1.5,2,374.18,372.8999999999643,238.39999999999998,3,17
1759005329.4326491,0,0.865,1.5,2,374.06,372.79999999996426,238.39999999999998,1,17
1759005329.442997,0,0.8655,1.5,2,373.94,372.69999999996423,238.45,1,16
1759005329.4529557,0,0.867,1.5,2,373.82,372.5999999999642,238.39999999999998,2,17
1759005329.463206,0,0.8695,1.5,2,373.7,372.4999999999642,238.39999999999998,3,17
1759005329.4737732,0,0.872,1.5,2,373.58,372.39999999996417,238.35,3,17
1759005329.4836497,0,0.875,1.5,2,373.46,372.29999999996414,238.35,4,17
1759005329.4934797,0,0.8775,1.5,2,373.34,372.1999999999641,238.3,3,17
1759005329.5029166,0,0.88,1.5,2,373.22,372.0999999999641,238.14999999999998,3,18
1759005329.5136597,0,0.883,1.5,2,373.1,371.9999999999641,238.05,3,18
1759005329.5242836,0,0.886,1.5,2,372.95,371.89999999996405,237.95,2,18
1759005329.5336635,0,0.8885,1.5,2,372.83,371.79999999996403,237.9,3,17
1759005329.5438461,0,0.8905,1.5,2,372.71,371.699999999964,237.8,2,17
1759005329.5546398,0,0.8925,1.5,2,372.59,371.599999999964,237.7,3,16
1759005329.5650759,0,0.895,1.5,2,372.47,371.49999999996396,237.65,3,16
1759005329.5757031,0,0.898,1.5,2,372.35,371.39999999996394,237.65,4,16
1759005329.5854433,0,0.9005,1.5,2,372.19,371.2999999999639,237.64999999999998,3,17
1759005329.5955565,0,0.9035,1.5,2,372.07,371.1999999999639,237.64999999999998,4,16
1759005329.6059556,0,0.9055,1.5,2,371.98,371.09999999996387,237.65,3,16
1759005329.615548,0,0.909,1.5,2,371.86,370.99999999996385,237.65,4,17
1759005329.6260662,0,0.912,1.5,2,371.71,370.8999999999638,237.60000000000002,3,17
1759005329.635935,0,0.915,1.5,2,371.59,370.7999999999638,237.55,3,17
1759005329.646349,0,0.918,1.5,2,371.47,370.6999999999638,237.55,3,17
1759005329.655841,0,0.919,1.5,2,371.35,370.59999999996376,237.6,1,16
1759005329.6666412,0,0.9215,1.5,2,371.23,370.49999999996373,237.6,3,16
1759005329.6763525,0,0.9235,1.5,2,371.11,370.3999999999637,237.5,3,16
1759005329.6866968,0,0.9265,1.5,2,370.99,370.2999999999637,237.4,4,17
1759005329.6970556,0,0.928,1.5,2,370.87,370.19999999996367,237.3,2,16
1759005329.7066772,0,0.9305,1.5,2,370.75,370.09999999996364,237.2,3,16
1759005329.7169979,0,0.9325,1.5,2,370.63,369.9999999999636,237.1,3,16
1759005329.7267735,0,0.9345,1.5,2,370.51,369.8999999999636,237.0,3,16
1759005329.7374177,0,0.9369999999999999,1.5,2,370.39,369.7999999999636,236.95,2,17
1759005329.746781,0,0.9395,1.5,2,370.27,369.69999999996355,236.9,2,18
1759005329.7577863,0,0.943,1.5,2,370.15,369.59999999996353,236.9,4,18
1759005329.7680023,0,0.9455,1.5,2,370.03,369.4999999999635,237.0,3,17
1759005329.7776852,0,0.947,1.5,2,369.91,369.3999999999635,237.1,2,16
1759005329.7883797,0,0.949,1.5,2,369.79,369.29999999996346,237.2,2,17
1759005329.798202,0,0.9505,1.5,2,369.67,369.19999999996344,237.25,2,16
1759005329.808261,0,0.9535,1.5,2,369.55,369.0999999999634,237.3,3,17
1759005329.818129,0,0.9555,1.5,2,369.43,368.9999999999634,237.35,2,17
1759005329.8284318,0,0.9565,1.5,2,369.31,368.89999999996337,237.45,1,16
1759005329.8388038,0,0.9585,1.5,2,369.19,368.79999999996335,237.5,2,17
1759005329.8487556,0,0.9615,1.5,2,369.07,368.6999999999633,237.39999999999998,3,18
1759005329.8591204,0,0.964,1.5,2,368.95,368.5999999999633,237.35,3,17
1759005329.8691509,0,0.9665,1.5,2,368.83,368.4999999999633,237.3,3,16
1759005329.8797116,0,0.968,1.5,2,368.71,368.39999999996326,237.3,3,16
1759005329.889816,0,0.9705,1.5,2,368.59,368.29999999996323,237.35,4,15
1759005329.8995807,0,0.9725,1.5,2,368.47,368.1999999999632,237.35,2,16
1759005329.9097033,0,0.9745,1.5,2,368.36,368.0999999999632,237.35000000000002,3,17
1759005329.9198616,0,0.977,1.5,2,368.31,367.99999999996317,237.45,4,17
1759005329.9299352,0,0.9805,1.5,2,368.34,367.89999999996314,237.55,4,19
1759005329.939803,0,0.9815,1.5,2,368.34,367.7999999999631,237.64999999999998,4,18
1759005329.9506612,0,0.984,1.5,2,368.16,367.6999999999631,237.7,4,21
1759005329.9604132,0,0.987,1.5,2,368.1,367.5999999999631,237.75,5,21
1759005329.9708943,0,0.99,1.5,2,368.13,367.49999999996305,237.85000000000002,6,19
1759005329.980788,0,0.993,1.5,2,368.04,367.39999999996303,237.95,6,19
1759005329.990752,0,0.997,1.5,2,367.98,367.299999999963,238.0,7,21
1759005330.001677,0,1.001,1.5,2,367.74,367.199999999963,238.05,8,20
1759005330.0117223,0,1.0035,1.5,2,367.68,367.09999999996296,238.1,5,21
1759005330.021688,0,1.0065,1.5,2,367.62,366.99999999996294,238.10000000000002,6,20
1759005330.0322437,0,1.009,1.5,2,367.56,366.8999999999629,238.0,6,20
1759005330.0423462,0,1.012,1.5,2,367.5,366.7999999999629,237.9,6,20
1759005330.0525575,0,1.015,1.5,2,367.24,366.69999999996287,237.85000000000002,6,19
1759005330.062836,0,1.017,1.5,2,367.18,366.59999999996285,237.85,5,20
1759005330.0730128,0,1.0205,1.5,2,367.12,366.4999999999628,237.75,6,20
1759005330.0830781,0,1.024,1.5,2,367.06,366.3999999999628,237.65,7,20
1759005330.0931635,0,1.0275,1.5,2,367,366.2999999999628,237.55,7,20
1759005330.1034276,0,1.032,1.5,2,366.94,366.19999999996276,237.4,7,21
1759005330.1139543,0,1.0345,1.5,2,366.88,366.09999999996273,237.25,6,18
1759005330.1235716,0,1.0375,1.5,2,366.82,365.9999999999627,237.14999999999998,6,18
1759005330.1339233,0,1.039,1.5,2,366.62,365.8999999999627,237.0,6,19
1759005330.1440895,0,1.0415,1.5,2,366.56,365.79999999996267,236.95,5,20
1759005330.1542203,0,1.045,1.5,2,366.5,365.69999999996264,237.0,6,20
1759005330.1644666,0,1.048,1.5,2,366.44,365.5999999999626,237.14999999999998,7,19
1759005330.1747963,0,1.0515,1.5,2,366.38,365.4999999999626,237.14999999999998,6,20
1759005330.1846042,0,1.0555,1.5,2,366.32,365.3999999999626,237.1,6,20
1759005330.1950622,0,1.058,1.5,2,366.26,365.29999999996255,237.05,6,21
1759005330.2051892,0,1.0605,1.5,2,366.2,365.19999999996253,237.0,6,20
1759005330.2150514,0,1.0625,1.5,2,366.14,365.0999999999625,236.95,6,19
1759005330.2257547,0,1.065,1.5,2,366.08,364.9999999999625,236.9,5,20
1759005330.2356086,0,1.067,1.5,2,366.17,364.89999999996246,236.75,6,19
1759005330.2455761,0,1.069,1.5,2,366.11,364.79999999996244,236.64999999999998,6,19
1759005330.2562435,0,1.072,1.5,2,366.05,364.6999999999624,236.6,7,20
1759005330.2664707,0,1.076,1.5,2,365.99,364.5999999999624,236.6,7,18
1759005330.276481,0,1.079,1.5,2,365.93,364.49999999996237,236.55,6,19
1759005330.2869842,0,1.0815,1.5,2,365.84,364.39999999996235,236.39999999999998,6,18
1759005330.2969363,0,1.0845,1.5,2,365.78,364.2999999999623,236.25,7,19
1759005330.3072398,0,1.0885,1.5,2,365.72,364.1999999999623,236.05,8,18
1759005330.3171997,0,1.091,1.5,2,365.66,364.0999999999623,235.85,6,19
1759005330.3274431,0,1.0945,1.5,2,365.6,363.99999999996226,235.8,6,19
1759005330.3374605,0,1.098,1.5,2,365.55,363.89999999996223,235.75,6,19
1759005330.348074,0,1.101,1.5,2,365.49,363.7999999999622,235.7,6,19
1759005330.3576548,0,1.104,1.5,2,365.43,363.6999999999622,235.64999999999998,7,20
1759005330.3686023,0,1.107,1.5,2,365.37,363.59999999996217,235.6,6,19
1759005330.378484,0,1.1105,1.5,2,365.31,363.49999999996214,235.55,6,20
1759005330.3884897,0,1.114,1.5,2,365.25,363.3999999999621,235.55,5,20
1759005330.398887,0,1.117,1.5,2,365.19,363.2999999999621,235.55,6,19
1759005330.408603,0,1.1195,1.5,2,365.13,363.1999999999621,235.55,6,18
1759005330.4188335,0,1.1215,1.5,2,365.07,363.09999999996205,235.60000000000002,6,19
1759005330.429648,0,1.123,1.5,2,365.01,362.99999999996203,235.60000000000002,5,19
1759005330.439479,0,1.1260000000000001,1.5,2,364.95,362.899999999962,235.6,6,20
1759005330.4498634,0,1.1295,1.5,2,364.89,362.799999999962,235.64999999999998,6,19
1759005330.4599926,0,1.1345,1.5,2,364.83,362.69999999996196,235.6,7,20
1759005330.4695518,0,1.1375,1.5,2,364.77,362.59999999996194,235.55,6,19
1759005330.480617,0,1.14,1.5,2,364.71,362.4999999999619,235.45,6,19
1759005330.4905922,0,1.143,1.5,2,364.65,362.3999999999619,235.35,7,19
1759005330.500558,0,1.145,1.5,2,364.59,362.29999999996187,235.25,6,19
1759005330.5112317,0,1.1475,1.5,2,364.53,362.19999999996185,235.25,6,19
1759005330.521149,0,1.1495,1.5,2,364.47,362.0999999999618,235.3,6,19
1759005330.531408,0,1.1515,1.5,2,364.41,361.9999999999618,235.3,6,19
1759005330.5414693,0,1.1535,1.5,2,364.21,361.8999999999618,235.3,5,19
1759005330.5515366,0,1.156,1.5,2,364.15,361.79999999996176,235.3,6,19
1759005330.5618634,0,1.1595,1.5,2,364.09,361.69999999996173,235.3,6,20
1759005330.571731,0,1.1635,1.5,2,364.03,361.5999999999617,235.25,7,20
1759005330.5818138,0,1.167,1.5,2,363.97,361.4999999999617,235.14999999999998,6,20
1759005330.5921474,0,1.1705,1.5,2,363.91,361.39999999996166,235.05,7,20
1759005330.602441,0,1.174,1.5,2,363.89,361.29999999996164,234.95,7,20
1759005330.6126955,0,1.1775,1.5,2,363.83,361.1999999999616,234.9,7,20
1759005330.6225228,0,1.181,1.5,2,363.77,361.0999999999616,234.85000000000002,7,19
1759005330.6327412,0,1.183,1.5,2,363.71,360.9999999999616,234.75,6,19
1759005330.6426077,0,1.186,1.5,2,363.64,360.89999999996155,234.7,6,20
1759005330.6534653,0,1.189,1.5,2,363.58,360.7999999999615,234.65,7,19
1759005330.6637325,0,1.1915,1.5,2,363.52,360.6999999999615,234.60000000000002,6,19
1759005330.6734302,0,1.1955,1.5,2,363.46,360.5999999999615,234.55,6,19
1759005330.6836114,0,1.199,1.5,2,363.4,360.49999999996146,234.55,6,20
1759005330.6944249,0,1.203,1.5,2,363.34,360.39999999996144,234.6,7,20
1759005330.704311,0,1.206,1.5,2,363.28,360.2999999999614,234.6,7,20
1759005330.7149131,0,1.2095,1.5,2,363.22,360.1999999999614,234.65,6,19
1759005330.7249272,0,1.2115,1.5,2,363.16,360.09999999996137,234.7,5,18
1759005330.7350404,0,1.2145,1.5,2,363.23,359.99999999996135,234.75,6,19
1759005330.745162,0,1.2185,1.5,2,363.17,359.8999999999613,234.8,7,20
1759005330.7553575,0,1.222,1.5,2,363.11,359.7999999999613,234.75,6,20
1759005330.7654228,0,1.2245,1.5,2,363.05,359.6999999999613,234.7,5,20
1759005330.7759655,0,1.2255,1.5,2,362.99,359.59999999996126,234.60000000000002,6,18
1759005330.7854936,0,1.227,1.5,2,362.93,359.49999999996123,234.55,5,18
1759005330.7964628,0,1.23,1.5,2,362.87,359.3999999999612,234.55,5,19
1759005330.8064606,0,1.2325,1.5,2,362.81,359.2999999999612,234.55,5,19
1759005330.8165534,0,1.235,1.5,2,362.75,359.19999999996116,234.60000000000002,5,18
1759005330.8269362,0,1.2375,1.5,2,362.69,359.09999999996114,234.65,6,19
1759005330.8369627,0,1.2405,1.5,2,362.63,358.9999999999611,234.64999999999998,5,20
1759005330.8472762,0,1.245,1.5,2,362.57,358.8999999999611,234.55,5,21
1759005330.8568048,0,1.248,1.5,2,362.51,358.7999999999611,234.55,5,20
1759005330.867347,0,1.2510000000000001,1.5,2,362.45,358.69999999996105,234.60000000000002,7,20
1759005330.8774226,0,1.2535,1.5,2,362.39,358.599999999961,234.60000000000002,7,18
1759005330.888107,0,1.256,1.5,2,362.33,358.499999999961,234.65,6,18
1759005330.8977585,0,1.2590000000000001,1.5,2,362.27,358.399999999961,234.7,6,19
1759005330.908524,0,1.262,1.5,2,362.21,358.29999999996096,234.75,7,18
1759005330.9183214,0,1.2650000000000001,1.5,2,362.15,358.19999999996094,234.75,5,19
1759005330.9290762,0,1.267,1.5,2,362.04,358.0999999999609,234.75,6,18
1759005330.9386992,0,1.2695,1.5,2,361.91,357.9999999999609,234.7,6,20
1759005330.9490263,0,1.2715,1.5,2,361.73,357.89999999996087,234.65,7,20
1759005330.9595706,0,1.2745,1.5,2,361.62,357.79999999996085,234.55,8,20
1759005330.9692614,0,1.276,1.5,2,361.62,357.6999999999608,234.45,8,20
1759005330.9799817,0,1.2775,1.5,2,361.53,357.5999999999608,234.35000000000002,9,20
1759005330.9894004,0,1.2795,1.5,2,361.33,357.4999999999608,234.25,8,21
1759005331.0002003,0,1.282,1.5,2,361.22,357.39999999996076,234.15,9,21
1759005331.0099723,0,1.283,1.5,2,361.11,357.29999999996073,233.95,8,22
1759005331.020191,0,1.285,1.5,2,360.95,357.1999999999607,233.8,10,22
1759005331.0297298,0,1.2875,1.5,2,360.79,357.0999999999607,233.6,8,23
1759005331.040554,0,1.2895,1.5,2,360.68,356.99999999996066,233.5,8,22
1759005331.0503597,0,1.2915,1.5,2,360.57,356.89999999996064,233.45,8,22
1759005331.0604298,0,1.293,1.5,2,360.59,356.7999999999606,233.4,8,21
1759005331.0705156,0,1.296,1.5,2,360.43,356.6999999999606,233.35,8,23
1759005331.0808976,0,1.2985,1.5,2,360.34,356.5999999999606,233.25,8,22
1759005331.0909147,0,1.3005,1.5,2,360.18,356.49999999996055,233.2,9,21
1759005331.101089,0,1.3015,1.5,2,360.07,356.3999999999605,233.1,8,21
1759005331.11163,0,1.3025,1.5,2,359.91,356.2999999999605,233.1,8,21
1759005331.1214588,0,1.303,1.5,2,359.75,356.1999999999605,233.15,8,21
1759005331.1315868,0,1.306,1.5,2,359.64,356.09999999996046,233.2,8,22
1759005331.1417239,0,1.3095,1.5,2,359.7,355.99999999996044,233.1,9,22
1759005331.151843,0,1.3125,1.5,2,359.54,355.8999999999604,233.05,9,22
1759005331.1620967,0,1.315,1.5,2,359.38,355.7999999999604,232.95,9,21
1759005331.1726456,0,1.3155000000000001,1.5,2,359.27,355.69999999996037,232.85,7,20
1759005331.1822977,0,1.3185,1.5,2,359.11,355.59999999996035,232.75,9,23
1759005331.192531,0,1.321,1.5,2,359,355.4999999999603,232.65,9,22
1759005331.2028856,0,1.3235000000000001,1.5,2,358.89,355.3999999999603,232.55,10,21
1759005331.2135122,0,1.325,1.5,2,358.78,355.2999999999603,232.5,9,21
1759005331.223348,0,1.327,1.5,2,358.67,355.19999999996026,232.5,8,22
1759005331.2338698,0,1.3305,1.5,2,358.56,355.09999999996023,232.5,10,22
1759005331.2434971,0,1.3335,1.5,2,358.4,354.9999999999602,232.5,9,22
1759005331.2542093,0,1.336,1.5,2,358.14,354.8999999999602,232.45,8,22
1759005331.264271,0,1.338,1.5,2,358.03,354.79999999996016,232.35,8,21
1759005331.2746043,0,1.34,1.5,2,357.87,354.69999999996014,232.25,9,22
1759005331.2846825,0,1.344,1.5,2,357.76,354.5999999999601,232.1,10,23
1759005331.2953923,0,1.347,1.5,2,357.65,354.4999999999601,232.05,9,22
1759005331.3047204,0,1.3495,1.5,2,357.49,354.3999999999601,232.05,8,21
1759005331.3153744,0,1.351,1.5,2,357.38,354.29999999996005,232.1,8,21
1759005331.325529,0,1.3535,1.5,2,357.27,354.19999999996,232.2,10,21
1759005331.3354826,0,1.356,1.5,2,357.16,354.09999999996,232.2,9,21
1759005331.34603,0,1.3585,1.5,2,357,353.99999999996,232.15,9,21
1759005331.3558052,0,1.361,1.5,2,356.85,353.89999999995996,232.15,9,21
1759005331.3659594,0,1.3635,1.5,2,356.74,353.79999999995994,232.10000000000002,9,21
1759005331.3761456,0,1.364,1.5,2,356.63,353.6999999999599,232.05,7,21
1759005331.3863068,0,1.3665,1.5,2,356.47,353.5999999999599,232.0,9,21
1759005331.396771,0,1.369,1.5,2,356.36,353.49999999995987,231.9,9,22
1759005331.407022,0,1.371,1.5,2,356.25,353.39999999995985,231.75,8,21
1759005331.4169207,0,1.373,1.5,2,356.14,353.2999999999598,231.65,9,20
1759005331.4277165,0,1.3760000000000001,1.5,2,355.98,353.1999999999598,231.6,9,21
1759005331.437906,0,1.3785,1.5,2,355.87,353.0999999999598,231.55,9,21
1759005331.44741,0,1.3825,1.5,2,355.76,352.99999999995975,231.5,11,21
1759005331.458081,0,1.386,1.5,2,355.76,352.89999999995973,231.39999999999998,11,22
1759005331.4682257,0,1.3885,1.5,2,355.65,352.7999999999597,231.25,10,20
1759005331.4781218,0,1.3895,1.5,2,355.54,352.6999999999597,231.1,9,20
1759005331.4885046,0,1.3915,1.5,2,355.43,352.59999999995966,231.05,8,21
1759005331.4985943,0,1.3935,1.5,2,355.32,352.49999999995964,230.95,9,20
1759005331.5087051,0,1.395,1.5,2,355.21,352.3999999999596,230.89999999999998,7,22
1759005331.5191145,0,1.3975,1.5,2,355.05,352.2999999999596,231.0,8,22
1759005331.5292122,0,1.4,1.5,2,354.94,352.1999999999596,231.0,8,22
1759005331.539613,1759005331.5387554,1.402,1.5,0,354.83,352.09999999995955,231.0,8,21
1759005331.5495956,1759005331.5387554,1.405,1.5,0,354.85,352.09999999995955,230.9,9,22
1759005331.5595396,1759005331.5387554,1.408,1.5,0,354.74,352.09999999995955,230.85000000000002,9,21
1759005331.5697849,1759005331.5387554,1.41,1.5,0,354.63,352.09999999995955,230.8,8,21
1759005331.5801892,1759005331.5387554,1.4125,1.5,0,354.47,352.09999999995955,230.75,9,22
1759005331.590436,1759005331.5387554,1.414,1.5,0,354.31,352.09999999995955,230.85,9,21
1759005331.6004488,1759005331.5387554,1.415,1.5,0,354.15,352.09999999995955,231.0,8,20
1759005331.6103435,1759005331.5387554,1.416,1.5,0,353.99,352.09999999995955,231.15,8,21
1759005331.6207786,1759005331.5387554,1.4175,1.5,0,353.88,352.09999999995955,231.3,9,21
1759005331.6308365,1759005331.5387554,1.4175,1.5,0,353.77,352.09999999995955,231.3,7,20
1759005331.6413257,1759005331.5387554,1.4195,1.5,0,353.66,352.09999999995955,231.3,9,21
1759005331.651597,1759005331.5387554,1.422,1.5,0,353.55,352.09999999995955,231.4,9,21
1759005331.66126,1759005331.5387554,1.4245,1.5,0,353.31,352.09999999995955,231.5,10,21
1759005331.6715982,1759005331.5387554,1.4265,1.5,0,353.2,352.09999999995955,231.60000000000002,10,20
1759005331.6818755,1759005331.5387554,1.429,1.5,0,353.09,352.09999999995955,231.7,9,21
1759005331.6917388,1759005331.5387554,1.431,1.5,0,352.93,352.09999999995955,231.7,8,21
1759005331.701756,1759005331.5387554,1.4335,1.5,0,352.84,352.09999999995955,231.7,10,21
1759005331.7123797,1759005331.5387554,1.4344999999999999,1.5,0,352.73,352.09999999995955,231.6,9,20
1759005331.7221322,1759005331.5387554,1.436,1.5,0,352.62,352.09999999995955,231.5,9,21
1759005331.7324367,1759005331.5387554,1.4385,1.5,0,352.51,352.09999999995955,231.35,10,20
1759005331.742853,1759005331.5387554,1.4425,1.5,0,352.4,352.09999999995955,231.25,8,23
1759005331.7529576,1759005331.5387554,1.4455,1.5,0,352.16,352.09999999995955,231.15,9,22
1759005331.7630365,1759005331.5387554,1.4475,1.5,0,352.05,352.09999999995955,231.05,9,22
1759005331.7730868,1759005331.5387554,1.449,1.5,0,351.94,352.09999999995955,231.05,9,20
1759005331.7834241,1759005331.5387554,1.451,1.5,0,351.78,352.09999999995955,231.10000000000002,8,21
1759005331.7934425,1759005331.5387554,1.4535,1.5,0,351.67,352.09999999995955,231.15,9,20
1759005331.8035972,1759005331.5387554,1.456,1.5,0,351.56,352.09999999995955,231.14999999999998,8,20
1759005331.8140209,1759005331.5387554,1.4585,1.5,0,351.4,352.09999999995955,231.14999999999998,9,20
1759005331.8237267,1759005331.5387554,1.461,1.5,0,351.29,352.09999999995955,231.1,8,21
1759005331.834226,1759005331.5387554,1.464,1.5,0,351.13,352.09999999995955,230.95,8,21
1759005331.8445146,1759005331.5387554,1.4665,1.5,0,350.97,352.09999999995955,230.8,8,22
1759005331.854662,1759005331.5387554,1.469,1.5,0,350.81,352.09999999995955,230.65,9,21
1759005331.8645942,1759005331.5387554,1.4705,1.5,0,350.7,352.09999999995955,230.65,9,20
1759005331.8746064,1759005331.5387554,1.473,1.5,0,350.59,352.09999999995955,230.6,9,21
1759005331.884985,1759005331.5387554,1.4745,1.5,0,350.43,352.09999999995955,230.55,9,21
1759005331.895477,1759005331.5387554,1.477,1.5,0,350.32,352.09999999995955,230.55,10,20
1759005331.90555,1759005331.5387554,1.4805,1.5,0,350.16,352.09999999995955,230.5,9,22
1759005331.9156983,1759005331.5387554,1.482,1.5,0,350.05,352.09999999995955,230.45,7,21
1759005331.9260776,1759005331.5387554,1.4845,1.5,0,349.89,352.09999999995955,230.35000000000002,9,21
1759005331.936328,1759005331.5387554,1.488,1.5,0,349.78,352.09999999995955,230.35000000000002,9,22
1759005331.9463253,1759005331.5387554,1.491,1.5,0,349.65,352.09999999995955,230.35000000000002,9,21
1759005331.9567437,1759005331.5387554,1.493,1.5,0,349.49,352.09999999995955,230.3,9,21
1759005331.9665012,1759005331.5387554,1.495,1.5,0,349.33,352.09999999995955,230.25,9,22
1759005331.9765224,1759005331.5387554,1.4955,1.5,0,349.29,352.09999999995955,230.25,8,21
1759005331.9868762,1759005331.5387554,1.4955,1.5,0,349.18,352.09999999995955,230.3,7,21
1759005331.9972396,1759005331.5387554,1.4965,1.5,0,349.16,352.09999999995955,230.35000000000002,8,23
1759005332.0073063,1759005331.5387554,1.498,1.5,0,349.16,352.09999999995955,230.4,9,23
1759005332.017518,1759005331.5387554,1.499,1.5,0,349.18,352.09999999995955,230.4,10,22
1759005332.0275998,1759005331.5387554,1.4985,1.5,0,349.18,352.09999999995955,230.5,9,20
1759005332.0379572,1759005331.5387554,1.498,1.5,0,349.25,352.09999999995955,230.55,10,21
1759005332.047487,1759005331.5387554,1.4975,1.5,0,349.3,352.09999999995955,230.65,10,20
1759005332.0583324,1759005331.5387554,1.4985,1.5,0,349.25,352.09999999995955,230.65,10,22
1759005332.0686984,1759005331.5387554,1.4985,1.5,0,349.25,352.09999999995955,230.64999999999998,9,21
1759005332.07852,1759005331.5387554,1.4985,1.5,0,349.07,352.09999999995955,230.7,9,20
1759005332.0890036,1759005331.5387554,1.498,1.5,0,349.07,352.09999999995955,230.75,9,21
1759005332.0989237,1759005331.5387554,1.498,1.5,0,349,352.09999999995955,230.85000000000002,9,21
1759005332.1093333,1759005331.5387554,1.498,1.5,0,349.05,352.09999999995955,230.9,9,21
1759005332.1194763,1759005331.5387554,1.4985,1.5,0,349,352.09999999995955,231.05,9,21
1759005332.1289933,1759005331.5387554,1.5,1.5,0,349.05,352.09999999995955,231.1,11,21
1759005332.1387966,1759005331.5387554,1.5005,1.5,0,349.1,352.09999999995955,231.15,9,21
1759005332.1488426,1759005331.5387554,1.5005,1.5,0,349.05,352.09999999995955,231.15,8,22
1759005332.1592221,1759005331.5387554,1.5005,1.5,0,348.83,352.09999999995955,231.25,8,23
1759005332.1693985,1759005331.5387554,1.501,1.5,0,348.88,352.09999999995955,231.3,9,23
1759005332.1802928,1759005331.5387554,1.5005,1.5,0,348.93,352.09999999995955,231.35,8,21
1759005332.1903012,1759005331.5387554,1.5015,1.5,0,348.93,352.09999999995955,231.3,8,21
1759005332.2006688,1759005331.5387554,1.5005,1.5,0,348.98,352.09999999995955,231.25,9,21
1759005332.2107043,1759005331.5387554,1.4995,1.5,0,348.93,352.09999999995955,231.3,9,20
1759005332.2205987,1759005331.5387554,1.498,1.5,0,348.88,352.09999999995955,231.3,8,20
1759005332.230847,1759005331.5387554,1.4975,1.5,0,348.83,352.09999999995955,231.3,9,20
1759005332.2409515,1759005331.5387554,1.4969999999999999,1.5,0,348.83,352.09999999995955,231.2,8,21
1759005332.250838,1759005331.5387554,1.4949999999999999,1.5,0,348.78,352.09999999995955,231.1,8,20
1759005332.2606137,1759005331.5387554,1.4935,1.5,0,348.81,352.09999999995955,231.05,9,19
1759005332.271105,1759005331.5387554,1.4929999999999999,1.5,0,348.76,352.09999999995955,231.10000000000002,9,20
1759005332.2817361,1759005331.5387554,1.4929999999999999,1.5,0,348.76,352.09999999995955,231.25,9,20
1759005332.2914548,1759005331.5387554,1.492,1.5,0,348.76,352.09999999995955,231.4,8,21
1759005332.3018026,1759005331.5387554,1.49,1.5,0,348.71,352.09999999995955,231.6,9,20
1759005332.3115695,1759005331.5387554,1.4889999999999999,1.5,0,348.66,352.09999999995955,231.7,9,20
1759005332.3223119,1759005331.5387554,1.4889999999999999,1.5,0,348.66,352.09999999995955,231.75,9,20
1759005332.3321803,1759005331.5387554,1.4889999999999999,1.5,0,348.66,352.09999999995955,231.75,8,21
1759005332.3427994,1759005331.5387554,1.488,1.5,0,348.66,352.09999999995955,231.64999999999998,8,21
1759005332.3528216,1759005331.5387554,1.4885,1.5,0,348.61,352.09999999995955,231.64999999999998,9,22
1759005332.3629947,1759005331.5387554,1.488,1.5,0,348.66,352.09999999995955,231.65,8,21
1759005332.373231,1759005331.5387554,1.487,1.5,0,348.5,352.09999999995955,231.60000000000002,8,20
1759005332.3832815,1759005331.5387554,1.487,1.5,0,348.5,352.09999999995955,231.60000000000002,9,21
1759005332.3936737,1759005331.5387554,1.4875,1.5,0,348.5,352.09999999995955,231.55,9,20
1759005332.4036791,1759005331.5387554,1.487,1.5,0,348.5,352.09999999995955,231.5,9,20
1759005332.413759,1759005331.5387554,1.4865,1.5,0,348.5,352.09999999995955,231.55,9,21
1759005332.4236736,1759005331.5387554,1.486,1.5,0,348.5,352.09999999995955,231.65,7,21
1759005332.4342122,1759005331.5387554,1.486,1.5,0,348.45,352.09999999995955,231.75,9,20
1759005332.44455,1759005331.5387554,1.4855,1.5,0,348.5,352.09999999995955,231.8,9,20
1759005332.4544182,1759005331.5387554,1.4855,1.5,0,348.5,352.09999999995955,231.85,10,20
1759005332.4650922,1759005331.5387554,1.4849999999999999,1.5,0,348.5,352.09999999995955,231.95,9,22
1759005332.4753706,1759005331.5387554,1.4849999999999999,1.5,0,348.39,352.09999999995955,232.05,10,23
1759005332.4851499,1759005331.5387554,1.4849999999999999,1.5,0,348.39,352.09999999995955,232.15,9,21
1759005332.495467,1759005331.5387554,1.4855,1.5,0,348.34,352.09999999995955,232.3,9,21
1759005332.506014,1759005331.5387554,1.4865,1.5,0,348.36,352.09999999995955,232.35,9,22
1759005332.5158062,1759005331.5387554,1.487,1.5,0,348.36,352.09999999995955,232.39999999999998,9,21
1759005332.526534,1759005331.5387554,1.487,1.5,0,348.38,352.09999999995955,232.4,8,21
1759005332.5366035,1759005331.5387554,1.4865,1.5,0,348.43,352.09999999995955,232.3,9,20
1759005332.5464885,1759005331.5387554,1.4855,1.5,0,348.43,352.09999999995955,232.3,8,20
1759005332.5566788,1759005331.5387554,1.4849999999999999,1.5,0,348.43,352.09999999995955,232.3,8,20
1759005332.566795,1759005331.5387554,1.4835,1.5,0,348.3,352.09999999995955,232.35000000000002,8,20
1759005332.577553,1759005331.5387554,1.483,1.5,0,348.3,352.09999999995955,232.4,8,21
1759005332.5875752,1759005331.5387554,1.484,1.5,0,348.3,352.09999999995955,232.45,9,22
1759005332.5974972,1759005331.5387554,1.4835,1.5,0,348.35,352.09999999995955,232.5,9,21
1759005332.607812,1759005331.5387554,1.4835,1.5,0,348.4,352.09999999995955,232.39999999999998,8,22
1759005332.617414,1759005331.5387554,1.4845,1.5,0,348.45,352.09999999995955,232.25,10,20
1759005332.6277523,1759005331.5387554,1.486,1.5,0,348.5,352.09999999995955,232.15,10,22
1759005332.6380062,1759005331.5387554,1.486,1.5,0,348.5,352.09999999995955,232.05,9,21
1759005332.6475592,1759005331.5387554,1.488,1.5,0,348.5,352.09999999995955,232.05,10,21
1759005332.65814,1759005331.5387554,1.4885,1.5,0,348.5,352.09999999995955,232.05,10,21
1759005332.668426,1759005331.5387554,1.4885,1.5,0,348.5,352.09999999995955,231.95,10,20
1759005332.678366,1759005331.5387554,1.488,1.5,0,348.5,352.09999999995955,231.8,9,21
1759005332.6890037,1759005331.5387554,1.4875,1.5,0,348.5,352.09999999995955,231.64999999999998,9,20
1759005332.699166,1759005331.5387554,1.486,1.5,0,348.45,352.09999999995955,231.5,8,19
1759005332.7090209,1759005331.5387554,1.485,1.5,0,348.45,352.09999999995955,231.4,8,19
1759005332.719229,1759005331.5387554,1.4845,1.5,0,348.43,352.09999999995955,231.35000000000002,9,21
1759005332.7293565,1759005331.5387554,1.4855,1.5,0,348.43,352.09999999995955,231.35,9,22
1759005332.7393854,1759005331.5387554,1.485,1.5,0,348.38,352.09999999995955,231.39999999999998,8,21
1759005332.7498279,1759005331.5387554,1.485,1.5,0,348.38,352.09999999995955,231.5,9,21
1759005332.7593608,1759005331.5387554,1.484,1.5,0,348.33,352.09999999995955,231.5,9,20
1759005332.769789,1759005331.5387554,1.483,1.5,0,348.33,352.09999999995955,231.6,8,21
1759005332.7794755,1759005331.5387554,1.482,1.5,0,348.33,352.09999999995955,231.7,9,20
1759005332.7899337,1759005331.5387554,1.4825,1.5,0,348.33,352.09999999995955,231.75,10,20
1759005332.7995899,1759005331.5387554,1.483,1.5,0,348.33,352.09999999995955,231.7,9,21
1759005332.810356,1759005331.5387554,1.483,1.5,0,348.33,352.09999999995955,231.65,9,20
1759005332.819991,1759005331.5387554,1.484,1.5,0,348.33,352.09999999995955,231.64999999999998,9,21
1759005332.8298438,1759005331.5387554,1.485,1.5,0,348.33,352.09999999995955,231.55,10,21
1759005332.8403964,1759005331.5387554,1.486,1.5,0,348.33,352.09999999995955,231.5,10,21
1759005332.8505678,1759005331.5387554,1.487,1.5,0,348.38,352.09999999995955,231.5,10,21
1759005332.860866,1759005331.5387554,1.4865,1.5,0,348.38,352.09999999995955,231.5,9,20
1759005332.8706043,1759005331.5387554,1.4865,1.5,0,348.43,352.09999999995955,231.64999999999998,9,21
1759005332.8811347,1759005331.5387554,1.4865,1.5,0,348.38,352.09999999995955,231.75,9,20
1759005332.891892,1759005331.5387554,1.485,1.5,0,348.33,352.09999999995955,231.8,8,19
1759005332.9019644,1759005331.5387554,1.4835,1.5,0,348.38,352.09999999995955,231.8,8,19
1759005332.9119852,1759005331.5387554,1.4825,1.5,0,348.38,352.09999999995955,231.75,9,19
1759005332.922057,1759005331.5387554,1.481,1.5,0,348.41,352.09999999995955,231.75,8,20
1759005332.9322245,1759005331.5387554,1.481,1.5,0,348.39,352.09999999995955,231.64999999999998,7,21
1759005332.9421275,1759005331.5387554,1.4805,1.5,0,348.39,352.09999999995955,231.64999999999998,9,20
1759005332.9525816,1759005331.5387554,1.4795,1.5,0,348.39,352.09999999995955,231.64999999999998,9,20
1759005332.9625423,1759005331.5387554,1.479,1.5,0,348.39,352.09999999995955,231.64999999999998,8,21
1759005332.972852,1759005331.5387554,1.4795,1.5,0,348.39,352.09999999995955,231.64999999999998,9,22
1759005332.9829764,1759005331.5387554,1.479,1.5,0,348.39,352.09999999995955,231.64999999999998,9,21
1759005332.9928024,1759005331.5387554,1.479,1.5,0,348.32,352.09999999995955,231.64999999999998,8,21
1759005333.0027585,1759005331.5387554,1.4805,1.5,0,348.32,352.09999999995955,231.64999999999998,10,21
1759005333.0131476,1759005331.5387554,1.4805,1.5,0,348.27,352.09999999995955,231.60000000000002,9,22
1759005333.023191,1759005331.5387554,1.479,1.5,0,348.27,352.09999999995955,231.5,9,20
1759005333.0335348,1759005331.5387554,1.4775,1.5,0,348.25,352.09999999995955,231.45,9,20
1759005333.0437376,1759005331.5387554,1.4775,1.5,0,348.18,352.09999999995955,231.35,9,20
1759005333.0534897,1759005331.5387554,1.4765,1.5,0,348.16,352.09999999995955,231.25,8,21
1759005333.0633006,1759005331.5387554,1.477,1.5,0,348.11,352.09999999995955,231.25,10,21
1759005333.0739224,1759005331.5387554,1.4765,1.5,0,348.16,352.09999999995955,231.3,10,21
1759005333.0838788,1759005331.5387554,1.4765,1.5,0,348.16,352.09999999995955,231.4,9,21
1759005333.0941038,1759005331.5387554,1.477,1.5,0,348.21,352.09999999995955,231.45,9,21
1759005333.1041498,1759005331.5387554,1.4775,1.5,0,348.26,352.09999999995955,231.5,10,21
1759005333.114428,1759005331.5387554,1.477,1.5,0,348.26,352.09999999995955,231.5,9,20
1759005333.124745,1759005331.5387554,1.476,1.5,0,348.26,352.09999999995955,231.5,8,20
1759005333.134712,1759005331.5387554,1.4755,1.5,0,348.31,352.09999999995955,231.39999999999998,9,20
1759005333.1447296,1759005331.5387554,1.4745,1.5,0,348.26,352.09999999995955,231.25,9,21
1759005333.1549284,1759005331.5387554,1.4745,1.5,0,348.26,352.09999999995955,231.1,9,21
1759005333.1654646,1759005331.5387554,1.475,1.5,0,348.31,352.09999999995955,230.95,9,22
1759005333.1757665,1759005331.5387554,1.4735,1.5,0,348.36,352.09999999995955,230.8,9,19
1759005333.185486,1759005331.5387554,1.4725,1.5,0,348.36,352.09999999995955,230.7,10,20
1759005333.1961303,1759005331.5387554,1.4725,1.5,0,348.36,352.09999999995955,230.7,8,21
1759005333.206399,1759005331.5387554,1.474,1.5,0,348.31,352.09999999995955,230.75,10,22
1759005333.2167509,1759005331.5387554,1.4735,1.5,0,348.26,352.09999999995955,230.9,9,20
1759005333.2266254,1759005331.5387554,1.4735,1.5,0,348.26,352.09999999995955,230.95,9,20
1759005333.2367632,1759005331.5387554,1.4745,1.5,0,348.26,352.09999999995955,231.05,9,21
1759005333.2467706,1759005331.5387554,1.4745,1.5,0,348.29,352.09999999995955,231.1,8,21
1759005333.257308,1759005331.5387554,1.475,1.5,0,348.29,352.09999999995955,231.2,9,21
1759005333.267013,1759005331.5387554,1.4765,1.5,0,348.34,352.09999999995955,231.25,9,22
1759005333.2773001,1759005331.5387554,1.478,1.5,0,348.31,352.09999999995955,231.2,10,21
1759005333.2870915,1759005331.5387554,1.4785,1.5,0,348.31,352.09999999995955,231.15,10,20
1759005333.2973168,1759005331.5387554,1.479,1.5,0,348.31,352.09999999995955,231.05,10,20
1759005333.3071702,1759005331.5387554,1.479,1.5,0,348.36,352.09999999995955,231.0,10,19
1759005333.3173754,1759005331.5387554,1.4785,1.5,0,348.36,352.09999999995955,230.89999999999998,9,19
1759005333.327515,1759005331.5387554,1.4785,1.5,0,348.41,352.09999999995955,230.85,9,20
1759005333.3378243,1759005331.5387554,1.478,1.5,0,348.46,352.09999999995955,230.85,9,19
1759005333.3474584,1759005331.5387554,1.478,1.5,0,348.46,352.09999999995955,230.85000000000002,10,19
1759005333.3579667,1759005331.5387554,1.4785,1.5,0,348.41,352.09999999995955,230.9,10,20
1759005333.3676775,1759005331.5387554,1.479,1.5,0,348.46,352.09999999995955,230.85000000000002,10,22
1759005333.3776853,1759005331.5387554,1.48,1.5,0,348.46,352.09999999995955,230.8,9,22
1759005333.3878205,1759005331.5387554,1.4805,1.5,0,348.51,352.09999999995955,230.8,9,20
1759005333.3982584,1759005331.5387554,1.4795,1.5,0,348.51,352.09999999995955,230.89999999999998,9,19
1759005333.4079032,1759005331.5387554,1.4795,1.5,0,348.51,352.09999999995955,231.0,9,20
1759005333.418328,1759005331.5387554,1.48,1.5,0,348.56,352.09999999995955,231.1,9,21
1759005333.428632,1759005331.5387554,1.48,1.5,0,348.56,352.09999999995955,231.14999999999998,9,21
1759005333.4375594,1759005331.5387554,1.4805,1.5,0,348.56,352.09999999995955,231.1,9,20
1759005333.4479117,1759005331.5387554,1.481,1.5,0,348.61,352.09999999995955,231.05,10,20
1759005333.4584217,1759005331.5387554,1.4815,1.5,0,348.56,352.09999999995955,231.0,9,21
1759005333.469148,1759005331.5387554,1.481,1.5,0,348.56,352.09999999995955,230.95,8,21
1759005333.4794204,1759005331.5387554,1.481,1.5,0,348.51,352.09999999995955,230.89999999999998,10,21
1759005333.4896667,1759005331.5387554,1.4795,1.5,0,348.53,352.09999999995955,230.85,10,20
1759005333.4997578,1759005331.5387554,1.479,1.5,0,348.53,352.09999999995955,230.85,9,20
1759005333.509652,1759005331.5387554,1.478,1.5,0,348.58,352.09999999995955,230.89999999999998,9,19
1759005333.5201538,1759005331.5387554,1.477,1.5,0,348.56,352.09999999995955,231.0,9,20
1759005333.5301938,1759005331.5387554,1.477,1.5,0,348.51,352.09999999995955,231.14999999999998,10,20
1759005333.5403962,1759005331.5387554,1.478,1.5,0,348.49,352.09999999995955,231.3,9,22
1759005333.5505633,1759005331.5387554,1.4785,1.5,0,348.44,352.09999999995955,231.35000000000002,10,20
1759005333.5605636,1759005331.5387554,1.479,1.5,0,348.39,352.09999999995955,231.35000000000002,10,19
1759005333.5704901,1759005331.5387554,1.4795,1.5,0,348.34,352.09999999995955,231.3,9,20
1759005333.580533,1759005331.5387554,1.4805,1.5,0,348.29,352.09999999995955,231.3,9,21
1759005333.5911372,1759005331.5387554,1.4805,1.5,0,348.24,352.09999999995955,231.3,9,20
1759005333.601312,1759005331.5387554,1.479,1.5,0,348.24,352.09999999995955,231.25,8,20
1759005333.6114657,1759005331.5387554,1.479,1.5,0,348.19,352.09999999995955,231.2,9,21
1759005333.6213405,1759005331.5387554,1.4795,1.5,0,348.14,352.09999999995955,231.25,9,22
1759005333.6320794,1759005331.5387554,1.479,1.5,0,348.09,352.09999999995955,231.35,9,20
1759005333.641745,1759005331.5387554,1.4775,1.5,0,348.09,352.09999999995955,231.39999999999998,9,20
1759005333.6519608,1759005331.5387554,1.477,1.5,0,348.09,352.09999999995955,231.45,9,20
1759005333.6624014,1759005331.5387554,1.476,1.5,0,348.09,352.09999999995955,231.4,9,20
1759005333.6724691,1759005331.5387554,1.4755,1.5,0,348.09,352.09999999995955,231.35000000000002,9,21
1759005333.6822958,1759005331.5387554,1.4765,1.5,0,348.09,352.09999999995955,231.35000000000002,10,22
1759005333.692436,1759005331.5387554,1.4765,1.5,0,348.09,352.09999999995955,231.4,10,20
1759005333.703284,1759005331.5387554,1.476,1.5,0,348.09,352.09999999995955,231.55,9,19
1759005333.713246,1759005331.5387554,1.4765,1.5,0,348.09,352.09999999995955,231.7,9,19
1759005333.7238317,1759005331.5387554,1.477,1.5,0,348.14,352.09999999995955,231.85,9,19
1759005333.733795,1759005331.5387554,1.4765,1.5,0,348.14,352.09999999995955,231.95,9,20
1759005333.7442167,1759005331.5387554,1.4755,1.5,0,348.16,352.09999999995955,232.0,9,20
1759005333.7541919,1759005331.5387554,1.476,1.5,0,348.21,352.09999999995955,232.0,9,21
1759005333.7643702,1759005331.5387554,1.476,1.5,0,348.16,352.09999999995955,232.0,10,20
1759005333.7746103,1759005331.5387554,1.4755,1.5,0,348.21,352.09999999995955,231.95,9,19
1759005333.7845206,1759005331.5387554,1.475,1.5,0,348.21,352.09999999995955,231.85,9,19
1759005333.7946086,1759005331.5387554,1.474,1.5,0,348.21,352.09999999995955,231.8,8,19
1759005333.8051643,1759005331.5387554,1.4715,1.5,0,348.16,352.09999999995955,231.75,6,19
1759005333.8154225,1759005331.5387554,1.471,1.5,0,348.16,352.09999999995955,231.75,9,20
1759005333.825699,1759005331.5387554,1.4705,1.5,0,348.16,352.09999999995955,231.8,9,19
1759005333.8358777,1759005331.5387554,1.469,1.5,0,348.07,352.09999999995955,231.8,8,19
1759005333.8456697,1759005331.5387554,1.4675,1.5,0,348.14,352.09999999995955,231.85000000000002,8,20
1759005333.855889,1759005331.5387554,1.4655,1.5,0,348.14,352.09999999995955,231.95,8,19
1759005333.866059,1759005331.5387554,1.464,1.5,0,348.14,352.09999999995955,232.0,9,19
1759005333.8765054,1759005331.5387554,1.464,1.5,0,348.19,352.09999999995955,232.05,9,20
1759005333.886226,1759005331.5387554,1.4625,1.5,0,348.12,352.09999999995955,232.0,8,19
1759005333.8966608,1759005331.5387554,1.4615,1.5,0,348.17,352.09999999995955,231.9,8,19
1759005333.906215,1759005331.5387554,1.462,1.5,0,348.22,352.09999999995955,231.85,8,20
1759005333.916376,1759005331.5387554,1.4625,1.5,0,348.22,352.09999999995955,231.8,8,20
1759005333.9267964,1759005331.5387554,1.462,1.5,0,348.17,352.09999999995955,231.85,8,19
1759005333.9364004,1759005331.5387554,1.4625,1.5,0,348.19,352.09999999995955,231.85,9,20
1759005333.94672,1759005331.5387554,1.463,1.5,0,348.21,352.09999999995955,231.9,9,20
1759005333.9573207,1759005331.5387554,1.4635,1.5,0,348.21,352.09999999995955,231.9,9,21
1759005333.9671788,1759005331.5387554,1.463,1.5,0,348.21,352.09999999995955,231.85000000000002,8,20
1759005333.9774618,1759005331.5387554,1.4625,1.5,0,348.16,352.09999999995955,231.8,8,20
1759005333.9873421,1759005331.5387554,1.462,1.5,0,348.21,352.09999999995955,231.75,10,20
1759005333.9976487,1759005331.5387554,1.4615,1.5,0,348.21,352.09999999995955,231.7,9,20
1759005334.007679,1759005331.5387554,1.462,1.5,0,348.21,352.09999999995955,231.75,10,20
1759005334.0178487,1759005331.5387554,1.461,1.5,0,348.23,352.09999999995955,231.75,9,20
1759005334.0275934,1759005331.5387554,1.4605,1.5,0,348.28,352.09999999995955,231.75,10,20
1759005334.0381563,1759005331.5387554,1.46,1.5,0,348.23,352.09999999995955,231.85,8,20
1759005334.048412,1759005331.5387554,1.459,1.5,0,348.23,352.09999999995955,231.95,8,19
1759005334.0582888,1759005331.5387554,1.459,1.5,0,348.3,352.09999999995955,232.0,9,20
1759005334.0687048,1759005331.5387554,1.459,1.5,0,348.3,352.09999999995955,232.14999999999998,10,19
1759005334.0788248,1759005331.5387554,1.4585,1.5,0,348.3,352.09999999995955,232.2,10,20
1759005334.088528,1759005331.5387554,1.457,1.5,0,348.32,352.09999999995955,232.3,9,19
1759005334.0988023,1759005331.5387554,1.4565,1.5,0,348.27,352.09999999995955,232.4,9,20
1759005334.1087112,1759005331.5387554,1.455,1.5,0,348.22,352.09999999995955,232.5,8,19
1759005334.1192384,1759005331.5387554,1.454,1.5,0,348.17,352.09999999995955,232.5,10,19
1759005334.1291308,1759005331.5387554,1.4535,1.5,0,348.22,352.09999999995955,232.5,9,19
1759005334.1392486,1759005331.5387554,1.4535,1.5,0,348.22,352.09999999995955,232.45,9,19
1759005334.1494966,1759005331.5387554,1.4535,1.5,0,348.22,352.09999999995955,232.45,8,21
1759005334.1594586,1759005331.5387554,1.453,1.5,0,348.22,352.09999999995955,232.5,9,20
1759005334.1702023,1759005331.5387554,1.452,1.5,0,348.17,352.09999999995955,232.55,9,19
1759005334.1802275,1759005331.5387554,1.4515,1.5,0,348.17,352.09999999995955,232.6,9,21
1759005334.1902409,1759005331.5387554,1.4525,1.5,0,348.12,352.09999999995955,232.7,9,21
1759005334.2007048,1759005331.5387554,1.452,1.5,0,348.12,352.09999999995955,232.8,9,20
1759005334.2105885,1759005331.5387554,1.4515,1.5,0,348.12,352.09999999995955,232.8,9,19
1759005334.2209067,1759005331.5387554,1.45,1.5,0,348.17,352.09999999995955,232.85000000000002,9,20
1759005334.231381,1759005331.5387554,1.45,1.5,0,348.22,352.09999999995955,232.8,9,20
1759005334.2412963,1759005331.5387554,1.4495,1.5,0,348.27,352.09999999995955,232.85000000000002,8,20
1759005334.251319,1759005331.5387554,1.449,1.5,0,348.27,352.09999999995955,232.85000000000002,9,20
1759005334.261541,1759005331.5387554,1.449,1.5,0,348.29,352.09999999995955,232.85000000000002,9,20
1759005334.2718008,1759005331.5387554,1.4485,1.5,0,348.29,352.09999999995955,232.75,9,20
1759005334.2819197,1759005331.5387554,1.447,1.5,0,348.31,352.09999999995955,232.7,9,19
1759005334.2923112,1759005331.5387554,1.4455,1.5,0,348.31,352.09999999995955,232.7,9,19
1759005334.3020308,1759005331.5387554,1.445,1.5,0,348.36,352.09999999995955,232.75,9,20
1759005334.3118145,1759005331.5387554,1.445,1.5,0,348.34,352.09999999995955,232.8,9,21
1759005334.3217802,1759005331.5387554,1.445,1.5,0,348.34,352.09999999995955,232.8,9,20
1759005334.3318894,1759005331.5387554,1.4455,1.5,0,348.34,352.09999999995955,232.8,9,20
1759005334.3421237,1759005331.5387554,1.4455,1.5,0,348.34,352.09999999995955,232.8,9,20
1759005334.352664,1759005331.5387554,1.446,1.5,0,348.34,352.09999999995955,232.8,9,20
1759005334.3634765,1759005331.5387554,1.445,1.5,0,348.34,352.09999999995955,232.8,8,19
1759005334.3732214,1759005331.5387554,1.4445,1.5,0,348.39,352.09999999995955,232.85,9,20
1759005334.3836386,1759005331.5387554,1.443,1.5,0,348.39,352.09999999995955,232.89999999999998,9,20
1759005334.3935978,1759005331.5387554,1.441,1.5,0,348.39,352.09999999995955,232.95,8,19
1759005334.4034076,1759005331.5387554,1.4395,1.5,0,348.39,352.09999999995955,232.95,8,18
1759005334.4136796,1759005331.5387554,1.439,1.5,0,348.34,352.09999999995955,232.9,8,19
1759005334.4237132,1759005331.5387554,1.438,1.5,0,348.34,352.09999999995955,232.9,8,19
1759005334.4342124,1759005331.5387554,1.437,1.5,0,348.29,352.09999999995955,232.85,9,19
1759005334.4439828,1759005331.5387554,1.4364999999999999,1.5,0,348.29,352.09999999995955,232.8,8,21
1759005334.4543884,1759005331.5387554,1.437,1.5,0,348.29,352.09999999995955,232.8,9,21
1759005334.4648402,1759005331.5387554,1.4364999999999999,1.5,0,348.29,352.09999999995955,232.85,8,21
1759005334.4748878,1759005331.5387554,1.4355,1.5,0,348.34,352.09999999995955,232.95,8,20
1759005334.4852912,1759005331.5387554,1.435,1.5,0,348.29,352.09999999995955,233.0,8,20
1759005334.4952843,1759005331.5387554,1.434,1.5,0,348.34,352.09999999995955,233.0,10,19
1759005334.505489,1759005331.5387554,1.4335,1.5,0,348.32,352.09999999995955,233.0,10,19
1759005334.515923,1759005331.5387554,1.4335,1.5,0,348.32,352.09999999995955,233.0,9,20
1759005334.5256681,1759005331.5387554,1.4344999999999999,1.5,0,348.32,352.09999999995955,233.0,10,20
1759005334.5361238,1759005331.5387554,1.4344999999999999,1.5,0,348.27,352.09999999995955,232.95,9,20
1759005334.5465245,1759005331.5387554,1.4344999999999999,1.5,0,348.32,352.09999999995955,232.85,9,21
1759005334.5563922,1759005331.5387554,1.433,1.5,0,348.32,352.09999999995955,232.75,8,20
1759005334.5667562,1759005331.5387554,1.4324999999999999,1.5,0,348.37,352.09999999995955,232.75,9,20
1759005334.5770972,1759005331.5387554,1.4335,1.5,0,348.42,352.09999999995955,232.7,10,21
1759005334.5876417,1759005331.5387554,1.434,1.5,0,348.47,352.09999999995955,232.7,9,21
1759005334.59772,1759005331.5387554,1.4335,1.5,0,348.52,352.09999999995955,232.7,9,20
1759005334.6075988,1759005331.5387554,1.434,1.5,0,348.52,352.09999999995955,232.7,9,21
1759005334.6181924,1759005331.5387554,1.4344999999999999,1.5,0,348.52,352.09999999995955,232.75,8,21
1759005334.6276755,1759005331.5387554,1.4335,1.5,0,348.57,352.09999999995955,232.8,8,20
1759005334.638397,1759005331.5387554,1.4315,1.5,0,348.62,352.09999999995955,232.8,8,19
1759005334.6484697,1759005331.5387554,1.432,1.5,0,348.67,352.09999999995955,232.75,8,22
1759005334.658372,1759005331.5387554,1.4315,1.5,0,348.67,352.09999999995955,232.8,8,20
1759005334.668744,1759005331.5387554,1.432,1.5,0,348.62,352.09999999995955,232.85000000000002,10,20
1759005334.6785445,1759005331.5387554,1.4315,1.5,0,348.57,352.09999999995955,233.05,9,19
1759005334.6888533,1759005331.5387554,1.43,1.5,0,348.57,352.09999999995955,233.25,8,19
1759005334.6990926,1759005331.5387554,1.4284999999999999,1.5,0,348.52,352.09999999995955,233.3,9,20
1759005334.7087796,1759005331.5387554,1.426,1.5,0,348.52,352.09999999995955,233.35000000000002,7,18
1759005334.7193916,1759005331.5387554,1.427,1.5,0,348.54,352.09999999995955,233.25,9,21
1759005334.7288094,1759005331.5387554,1.4264999999999999,1.5,0,348.59,352.09999999995955,233.15,8,19
1759005334.7393107,1759005331.5387554,1.4264999999999999,1.5,0,348.59,352.09999999995955,233.1,9,19
1759005334.7498183,1759005331.5387554,1.426,1.5,0,348.59,352.09999999995955,233.1,9,19
1759005334.759334,1759005331.5387554,1.4255,1.5,0,348.52,352.09999999995955,233.2,8,20
1759005334.7700403,1759005331.5387554,1.424,1.5,0,348.52,352.09999999995955,233.3,8,19
1759005334.7798827,1759005331.5387554,1.422,1.5,0,348.57,352.09999999995955,233.35,8,18
1759005334.7896333,1759005331.5387554,1.4215,1.5,0,348.52,352.09999999995955,233.45,9,18
1759005334.799748,1759005331.5387554,1.422,1.5,0,348.52,352.09999999995955,233.5,9,20
1759005334.8097737,1759005331.5387554,1.4235,1.5,0,348.47,352.09999999995955,233.5,9,21
1759005334.820265,1759005331.5387554,1.426,1.5,0,348.52,352.09999999995955,233.5,10,20
1759005334.830233,1759005331.5387554,1.4264999999999999,1.5,0,348.52,352.09999999995955,233.5,10,20
1759005334.8401895,1759005331.5387554,1.426,1.5,0,348.52,352.09999999995955,233.5,8,19
1759005334.8502562,1759005331.5387554,1.427,1.5,0,348.61,352.09999999995955,233.5,9,20
1759005334.860685,1759005331.5387554,1.427,1.5,0,348.59,352.09999999995955,233.5,8,20
1759005334.870693,1759005331.5387554,1.429,1.5,0,348.59,352.09999999995955,233.4,10,21
1759005334.8807218,1759005331.5387554,1.43,1.5,0,348.59,352.09999999995955,233.35,9,21
1759005334.8906484,1759005331.5387554,1.43,1.5,0,348.59,352.09999999995955,233.25,9,20
1759005334.9009702,1759005331.5387554,1.43,1.5,0,348.66,352.09999999995955,233.2,8,19
1759005334.910666,1759005331.5387554,1.431,1.5,0,348.66,352.09999999995955,233.2,8,21
1759005334.9213412,1759005331.5387554,1.4315,1.5,0,348.66,352.09999999995955,233.2,8,21
1759005334.931541,1759005331.5387554,1.4324999999999999,1.5,0,348.61,352.09999999995955,233.2,10,20
1759005334.9419248,1759005331.5387554,1.4335,1.5,0,348.68,352.09999999995955,233.05,9,20
1759005334.9518108,1759005331.5387554,1.4335,1.5,0,348.68,352.09999999995955,232.95,9,20
1759005334.961904,1759005331.5387554,1.4335,1.5,0,348.63,352.09999999995955,232.95,9,20
1759005334.9718294,1759005331.5387554,1.4335,1.5,0,348.68,352.09999999995955,233.0,10,20
1759005334.9819026,1759005331.5387554,1.434,1.5,0,348.7,352.09999999995955,233.14999999999998,9,20
1759005334.9919648,1759005331.5387554,1.4344999999999999,1.5,0,348.75,352.09999999995955,233.3,9,20
1759005335.002315,1759005331.5387554,1.4335,1.5,0,348.7,352.09999999995955,233.45,8,20
1759005335.0117345,1759005331.5387554,1.432,1.5,0,348.75,352.09999999995955,233.55,7,19
1759005335.0225134,1759005331.5387554,1.4304999999999999,1.5,0,348.8,352.09999999995955,233.55,9,18
1759005335.0326893,1759005331.5387554,1.43,1.5,0,348.78,352.09999999995955,233.5,9,19
1759005335.042308,1759005331.5387554,1.4295,1.5,0,348.78,352.09999999995955,233.55,10,19
1759005335.0523853,1759005331.5387554,1.43,1.5,0,348.83,352.09999999995955,233.5,9,20
1759005335.062426,1759005331.5387554,1.431,1.5,0,348.83,352.09999999995955,233.45,9,20
1759005335.072794,1759005331.5387554,1.43,1.5,0,348.83,352.09999999995955,233.39999999999998,8,19
1759005335.0827544,1759005331.5387554,1.4295,1.5,0,348.83,352.09999999995955,233.3,9,19
1759005335.093418,1759005331.5387554,1.429,1.5,0,348.88,352.09999999995955,233.25,9,20
1759005335.103293,1759005331.5387554,1.429,1.5,0,348.88,352.09999999995955,233.15,9,19
1759005335.113903,1759005331.5387554,1.4284999999999999,1.5,0,348.93,352.09999999995955,233.0,9,19
1759005335.1236758,1759005331.5387554,1.4295,1.5,0,348.98,352.09999999995955,232.8,10,19
1759005335.1340487,1759005331.5387554,1.429,1.5,0,348.98,352.09999999995955,232.7,9,19
1759005335.1440492,1759005331.5387554,1.429,1.5,0,348.98,352.09999999995955,232.60000000000002,9,19
1759005335.1541786,1759005331.5387554,1.4284999999999999,1.5,0,348.98,352.09999999995955,232.55,9,18
1759005335.1644547,1759005331.5387554,1.429,1.5,0,348.98,352.09999999995955,232.5,10,20
1759005335.1743948,1759005331.5387554,1.4284999999999999,1.5,0,349.03,352.09999999995955,232.5,9,19
1759005335.1851985,1759005331.5387554,1.429,1.5,0,349.08,352.09999999995955,232.6,9,20
1759005335.19508,1759005331.5387554,1.4284999999999999,1.5,0,349.08,352.09999999995955,232.7,9,20
1759005335.2054296,1759005331.5387554,1.4275,1.5,0,349.13,352.09999999995955,232.7,8,20
1759005335.2157545,1759005331.5387554,1.4275,1.5,0,349.13,352.09999999995955,232.75,8,21
1759005335.2259226,1759005331.5387554,1.4284999999999999,1.5,0,349.13,352.09999999995955,232.8,9,21
1759005335.235932,1759005331.5387554,1.429,1.5,0,349.08,352.09999999995955,232.8,9,21
1759005335.2463195,1759005331.5387554,1.429,1.5,0,349.08,352.09999999995955,232.8,8,21
1759005335.256488,1759005331.5387554,1.428,1.5,0,349.08,352.09999999995955,232.7,7,19
1759005335.2665474,1759005331.5387554,1.427,1.5,0,349.13,352.09999999995955,232.65,8,19
1759005335.27714,1759005331.5387554,1.4275,1.5,0,349.08,352.09999999995955,232.60000000000002,9,21
1759005335.2875473,1759005331.5387554,1.4275,1.5,0,349.08,352.09999999995955,232.65,9,20
1759005335.297483,1759005331.5387554,1.429,1.5,0,349.06,352.09999999995955,232.65,10,21
1759005335.3076813,1759005331.5387554,1.4295,1.5,0,349.06,352.09999999995955,232.65,9,20
1759005335.3176692,1759005331.5387554,1.429,1.5,0,349.01,352.09999999995955,232.60000000000002,8,20
1759005335.3276165,1759005331.5387554,1.4295,1.5,0,348.98,352.09999999995955,232.55,10,21
1759005335.338149,1759005331.5387554,1.4295,1.5,0,348.98,352.09999999995955,232.5,9,20
1759005335.3482974,1759005331.5387554,1.4284999999999999,1.5,0,348.98,352.09999999995955,232.39999999999998,7,20
1759005335.358376,1759005331.5387554,1.4275,1.5,0,348.93,352.09999999995955,232.3,8,19
1759005335.3684058,1759005331.5387554,1.427,1.5,0,348.91,352.09999999995955,232.2,8,20
1759005335.378761,1759005331.5387554,1.428,1.5,0,348.91,352.09999999995955,232.15,9,20
1759005335.3884716,1759005331.5387554,1.4275,1.5,0,348.86,352.09999999995955,232.1,8,20
1759005335.3985186,1759005331.5387554,1.427,1.5,0,348.84,352.09999999995955,232.1,8,20
1759005335.408649,1759005331.5387554,1.4275,1.5,0,348.79,352.09999999995955,232.1,8,20
1759005335.418732,1759005331.5387554,1.429,1.5,0,348.79,352.09999999995955,232.15,8,21
1759005335.428917,1759005331.5387554,1.43,1.5,0,348.79,352.09999999995955,232.2,10,19
1759005335.439294,1759005331.5387554,1.4304999999999999,1.5,0,348.79,352.09999999995955,232.2,9,19
1759005335.4498177,1759005331.5387554,1.431,1.5,0,348.84,352.09999999995955,232.25,9,20
1759005335.4597757,1759005331.5387554,1.431,1.5,0,348.79,352.09999999995955,232.25,8,21
1759005335.4702811,1759005331.5387554,1.4304999999999999,1.5,0,348.79,352.09999999995955,232.2,9,20
1759005335.4796886,1759005331.5387554,1.43,1.5,0,348.79,352.09999999995955,232.1,9,19
1759005335.490075,1759005331.5387554,1.431,1.5,0,348.74,352.09999999995955,232.0,10,20
1759005335.500459,1759005331.5387554,1.433,1.5,0,348.79,352.09999999995955,232.0,11,21
1759005335.5105238,1759005331.5387554,1.4324999999999999,1.5,0,348.74,352.09999999995955,232.05,8,20
1759005335.5206375,1759005331.5387554,1.4315,1.5,0,348.69,352.09999999995955,232.14999999999998,8,19
1759005335.5305562,1759005331.5387554,1.431,1.5,0,348.64,352.09999999995955,232.1,9,19
1759005335.5409105,1759005331.5387554,1.4304999999999999,1.5,0,348.64,352.09999999995955,232.0,9,20
1759005335.551448,1759005331.5387554,1.4295,1.5,0,348.69,352.09999999995955,232.0,8,19
1759005335.5617182,1759005331.5387554,1.429,1.5,0,348.64,352.09999999995955,232.05,9,20
1759005335.571904,1759005331.5387554,1.43,1.5,0,348.64,352.09999999995955,232.1,10,20
1759005335.5816362,1759005331.5387554,1.43,1.5,0,348.64,352.09999999995955,232.05,9,20
1759005335.5920966,1759005331.5387554,1.4295,1.5,0,348.64,352.09999999995955,232.05,9,21
1759005335.602237,1759005331.5387554,1.429,1.5,0,348.59,352.09999999995955,232.1,9,20
1759005335.6125045,1759005331.5387554,1.429,1.5,0,348.59,352.09999999995955,232.14999999999998,9,20
1759005335.622448,1759005331.5387554,1.429,1.5,0,348.64,352.09999999995955,232.14999999999998,9,21
1759005335.6329362,1759005331.5387554,1.429,1.5,0,348.64,352.09999999995955,232.1,9,20
1759005335.6432602,1759005331.5387554,1.43,1.5,0,348.64,352.09999999995955,232.05,10,20
1759005335.653774,1759005331.5387554,1.431,1.5,0,348.64,352.09999999995955,232.0,9,20
1759005335.663784,1759005331.5387554,1.429,1.5,0,348.64,352.09999999995955,231.85,7,19
1759005335.673745,1759005331.5387554,1.4284999999999999,1.5,0,348.59,352.09999999995955,231.65,7,20
1759005335.6836026,1759005331.5387554,1.428,1.5,0,348.64,352.09999999995955,231.5,8,21
1759005335.6942627,1759005331.5387554,1.4284999999999999,1.5,0,348.69,352.09999999995955,231.3,8,21
1759005335.7042837,1759005331.5387554,1.43,1.5,0,348.69,352.09999999995955,231.14999999999998,9,21
1759005335.7145698,1759005331.5387554,1.4304999999999999,1.5,0,348.74,352.09999999995955,231.1,9,21
1759005335.7251236,1759005331.5387554,1.4324999999999999,1.5,0,348.72,352.09999999995955,231.1,8,21
1759005335.7350395,1759005331.5387554,1.4324999999999999,1.5,0,348.65,352.09999999995955,231.14999999999998,8,22
1759005335.7452145,1759005331.5387554,1.4324999999999999,1.5,0,348.67,352.09999999995955,231.2,9,18
1759005335.7557225,1759005331.5387554,1.4335,1.5,0,348.67,352.09999999995955,231.2,10,20
1759005335.7658906,1759005331.5387554,1.434,1.5,0,348.67,352.09999999995955,231.1,9,20
1759005335.775535,1759005331.5387554,1.434,1.5,0,348.72,352.09999999995955,230.95,8,20
1759005335.7857425,1759005331.5387554,1.434,1.5,0,348.67,352.09999999995955,230.8,7,20
1759005335.795581,1759005331.5387554,1.4344999999999999,1.5,0,348.67,352.09999999995955,230.65,8,19
1759005335.8063772,1759005331.5387554,1.434,1.5,0,348.72,352.09999999995955,230.6,7,19
1759005335.8165107,1759005331.5387554,1.4324999999999999,1.5,0,348.72,352.09999999995955,230.64999999999998,7,19
1759005335.8270102,1759005331.5387554,1.4315,1.5,0,348.77,352.09999999995955,230.7,8,20
1759005335.8367305,1759005331.5387554,1.431,1.5,0,348.77,352.09999999995955,230.8,9,20
1759005335.846992,1759005331.5387554,1.4304999999999999,1.5,0,348.82,352.09999999995955,230.9,9,20
1759005335.8566542,1759005331.5387554,1.4315,1.5,0,348.82,352.09999999995955,230.9,9,20
1759005335.8675447,1759005331.5387554,1.4304999999999999,1.5,0,348.82,352.09999999995955,230.85,8,19
1759005335.8776083,1759005331.5387554,1.4315,1.5,0,348.82,352.09999999995955,230.8,9,21
1759005335.887981,1759005331.5387554,1.43,1.5,0,348.77,352.09999999995955,230.85,8,20
1759005335.8976622,1759005331.5387554,1.4295,1.5,0,348.72,352.09999999995955,230.95,9,20
1759005335.9077382,1759005331.5387554,1.43,1.5,0,348.72,352.09999999995955,231.1,10,20
1759005335.9176981,1759005331.5387554,1.4315,1.5,0,348.72,352.09999999995955,231.14999999999998,9,21
1759005335.9282277,1759005331.5387554,1.432,1.5,0,348.67,352.09999999995955,231.25,9,21
1759005335.939,1759005331.5387554,1.4324999999999999,1.5,0,348.67,352.09999999995955,231.35,9,21
1759005335.9486544,1759005331.5387554,1.432,1.5,0,348.67,352.09999999995955,231.5,9,20
1759005335.9588144,1759005331.5387554,1.4315,1.5,0,348.65,352.09999999995955,231.6,8,20
1759005335.9692485,1759005331.5387554,1.432,1.5,0,348.6,352.09999999995955,231.6,9,21
1759005335.9796093,1759005331.5387554,1.4324999999999999,1.5,0,348.6,352.09999999995955,231.55,9,21
1759005335.9896076,1759005331.5387554,1.4324999999999999,1.5,0,348.55,352.09999999995955,231.45,9,21
1759005336.0000331,1759005331.5387554,1.4324999999999999,1.5,0,348.48,352.09999999995955,231.25,9,20
1759005336.010435,1759005331.5387554,1.4324999999999999,1.5,0,348.48,352.09999999995955,231.1,10,19
1759005336.0202773,1759005331.5387554,1.433,1.5,0,348.53,352.09999999995955,231.0,9,20
1759005336.030734,1759005331.5387554,1.4344999999999999,1.5,0,348.53,352.09999999995955,230.95,8,21
1759005336.0403528,1759005331.5387554,1.4344999999999999,1.5,0,348.53,352.09999999995955,230.9,7,20
1759005336.0510335,1759005331.5387554,1.4344999999999999,1.5,0,348.53,352.09999999995955,230.85000000000002,8,20
1759005336.0610569,1759005331.5387554,1.434,1.5,0,348.48,352.09999999995955,230.75,8,20
1759005336.0716887,1759005331.5387554,1.4344999999999999,1.5,0,348.43,352.09999999995955,230.7,9,21
1759005336.0815396,1759005331.5387554,1.4344999999999999,1.5,0,348.43,352.09999999995955,230.7,9,20
1759005336.0915375,1759005331.5387554,1.435,1.5,0,348.43,352.09999999995955,230.8,8,20
1759005336.1014025,1759005331.5387554,1.4355,1.5,0,348.36,352.09999999995955,230.9,9,20
1759005336.111905,1759005331.5387554,1.435,1.5,0,348.36,352.09999999995955,230.95,9,19
1759005336.1218414,1759005331.5387554,1.435,1.5,0,348.34,352.09999999995955,230.95,8,20
1759005336.1317115,1759005331.5387554,1.4344999999999999,1.5,0,348.34,352.09999999995955,230.9,8,19
1759005336.1424625,1759005331.5387554,1.4335,1.5,0,348.34,352.09999999995955,230.9,8,19
1759005336.1523347,1759005331.5387554,1.4335,1.5,0,348.39,352.09999999995955,230.9,9,19
1759005336.1625707,1759005331.5387554,1.4335,1.5,0,348.39,352.09999999995955,230.95,9,19
1759005336.1728854,1759005331.5387554,1.434,1.5,0,348.41,352.09999999995955,231.05,10,18
1759005336.1829197,1759005331.5387554,1.433,1.5,0,348.41,352.09999999995955,231.2,9,19
1759005336.1929705,1759005331.5387554,1.433,1.5,0,348.41,352.09999999995955,231.25,8,20
1759005336.203103,1759005331.5387554,1.433,1.5,0,348.36,352.09999999995955,231.2,9,20
1759005336.2135267,1759005331.5387554,1.4324999999999999,1.5,0,348.31,352.09999999995955,231.2,8,20
1759005336.223997,1759005331.5387554,1.433,1.5,0,348.31,352.09999999995955,231.25,9,20
1759005336.2339814,1759005331.5387554,1.4335,1.5,0,348.26,352.09999999995955,231.2,9,21
1759005336.2438078,1759005331.5387554,1.433,1.5,0,348.28,352.09999999995955,231.14999999999998,9,20
1759005336.2541697,1759005331.5387554,1.4315,1.5,0,348.33,352.09999999995955,231.05,7,20
1759005336.2638304,1759005331.5387554,1.4315,1.5,0,348.33,352.09999999995955,230.9,9,20
1759005336.274342,1759005331.5387554,1.433,1.5,0,348.28,352.09999999995955,230.8,9,20
1759005336.2841501,1759005331.5387554,1.434,1.5,0,348.23,352.09999999995955,230.75,9,20
1759005336.294576,1759005331.5387554,1.433,1.5,0,348.28,352.09999999995955,230.64999999999998,9,19
1759005336.3047318,1759005331.5387554,1.432,1.5,0,348.3,352.09999999995955,230.6,8,19
1759005336.3145897,1759005331.5387554,1.4304999999999999,1.5,0,348.25,352.09999999995955,230.64999999999998,9,19
1759005336.3250122,1759005331.5387554,1.4295,1.5,0,348.25,352.09999999995955,230.75,8,19
1759005336.3345685,1759005331.5387554,1.4295,1.5,0,348.3,352.09999999995955,230.85000000000002,9,19
1759005336.3454475,1759005331.5387554,1.4284999999999999,1.5,0,348.35,352.09999999995955,230.9,9,20
1759005336.3555398,1759005331.5387554,1.428,1.5,0,348.35,352.09999999995955,230.9,9,19
1759005336.3654768,1759005331.5387554,1.429,1.5,0,348.35,352.09999999995955,230.9,10,19
1759005336.3755226,1759005331.5387554,1.43,1.5,0,348.4,352.09999999995955,230.95,9,20
1759005336.3855088,1759005331.5387554,1.431,1.5,0,348.42,352.09999999995955,231.0,9,21
1759005336.395969,1759005331.5387554,1.431,1.5,0,348.42,352.09999999995955,231.05,8,21
1759005336.4057212,1759005331.5387554,1.432,1.5,0,348.42,352.09999999995955,231.1,9,21
1759005336.415707,1759005331.5387554,1.4335,1.5,0,348.44,352.09999999995955,231.14999999999998,10,21
1759005336.4263904,1759005331.5387554,1.4344999999999999,1.5,0,348.49,352.09999999995955,231.1,10,20
1759005336.436368,1759005331.5387554,1.435,1.5,0,348.49,352.09999999995955,231.0,10,20
1759005336.4466643,1759005331.5387554,1.4355,1.5,0,348.49,352.09999999995955,230.8,10,20
1759005336.4565237,1759005331.5387554,1.436,1.5,0,348.49,352.09999999995955,230.7,8,21
1759005336.466553,1759005331.5387554,1.4355,1.5,0,348.49,352.09999999995955,230.65,9,19
1759005336.4766772,1759005331.5387554,1.435,1.5,0,348.49,352.09999999995955,230.65,8,20
1759005336.486687,1759005331.5387554,1.4355,1.5,0,348.49,352.09999999995955,230.75,9,21
1759005336.4966612,1759005331.5387554,1.4364999999999999,1.5,0,348.49,352.09999999995955,230.9,10,20
1759005336.506353,1759005331.5387554,1.4355,1.5,0,348.54,352.09999999995955,231.0,9,19
1759005336.5169957,1759005331.5387554,1.4335,1.5,0,348.54,352.09999999995955,231.05,9,19
1759005336.5274115,1759005331.5387554,1.433,1.5,0,348.59,352.09999999995955,231.05,8,19
1759005336.5368886,1759005331.5387554,1.4335,1.5,0,348.64,352.09999999995955,231.0,9,19
1759005336.5478761,1759005331.5387554,1.434,1.5,0,348.64,352.09999999995955,231.0,9,20
1759005336.5575652,1759005331.5387554,1.4335,1.5,0,348.64,352.09999999995955,231.0,9,19
1759005336.5678434,1759005331.5387554,1.434,1.5,0,348.64,352.09999999995955,231.05,8,20
1759005336.5779388,1759005331.5387554,1.434,1.5,0,348.69,352.09999999995955,231.0,9,20
1759005336.5880008,1759005331.5387554,1.4335,1.5,0,348.69,352.09999999995955,230.95,9,20
1759005336.5977497,1759005331.5387554,1.433,1.5,0,348.69,352.09999999995955,230.95,9,19
1759005336.607773,1759005331.5387554,1.4324999999999999,1.5,0,348.64,352.09999999995955,231.0,9,20
1759005336.6175315,1759005331.5387554,1.433,1.5,0,348.71,352.09999999995955,230.95,9,21
1759005336.6283078,1759005331.5387554,1.4335,1.5,0,348.71,352.09999999995955,230.9,10,20
1759005336.6384501,1759005331.5387554,1.433,1.5,0,348.66,352.09999999995955,230.85000000000002,10,19
1759005336.64861,1759005331.5387554,1.432,1.5,0,348.66,352.09999999995955,230.85000000000002,8,19
1759005336.6584537,1759005331.5387554,1.4304999999999999,1.5,0,348.66,352.09999999995955,230.9,8,19
1759005336.6684897,1759005331.5387554,1.429,1.5,0,348.66,352.09999999995955,230.95,8,18
1759005336.6789248,1759005331.5387554,1.4295,1.5,0,348.61,352.09999999995955,231.05,8,19
1759005336.6888716,1759005331.5387554,1.43,1.5,0,348.66,352.09999999995955,231.15,9,19
1759005336.6986682,1759005331.5387554,1.43,1.5,0,348.66,352.09999999995955,231.2,9,20
1759005336.7093768,1759005331.5387554,1.431,1.5,0,348.66,352.09999999995955,231.3,10,21
1759005336.7192078,1759005331.5387554,1.4304999999999999,1.5,0,348.66,352.09999999995955,231.45,9,20
1759005336.7297316,1759005331.5387554,1.43,1.5,0,348.61,352.09999999995955,231.55,10,19
1759005336.739921,1759005331.5387554,1.43,1.5,0,348.63,352.09999999995955,231.55,9,20
1759005336.7500913,1759005331.5387554,1.4295,1.5,0,348.63,352.09999999995955,231.55,8,21
1759005336.7598636,1759005331.5387554,1.43,1.5,0,348.61,352.09999999995955,231.5,8,20
1759005336.7701814,1759005331.5387554,1.4295,1.5,0,348.61,352.09999999995955,231.55,9,20
1759005336.7803912,1759005331.5387554,1.429,1.5,0,348.61,352.09999999995955,231.6,9,19
1759005336.7908752,1759005331.5387554,1.4295,1.5,0,348.61,352.09999999995955,231.64999999999998,10,19
1759005336.8007653,1759005331.5387554,1.4304999999999999,1.5,0,348.66,352.09999999995955,231.64999999999998,9,20
1759005336.809942,1759005331.5387554,1.4315,1.5,0,348.66,352.09999999995955,231.7,9,20
1759005336.8207397,1759005331.5387554,1.4335,1.5,0,348.66,352.09999999995955,231.7,10,20
1759005336.830617,1759005331.5387554,1.435,1.5,0,348.68,352.09999999995955,231.7,9,20
1759005336.8410711,1759005331.5387554,1.4355,1.5,0,348.63,352.09999999995955,231.7,10,19
1759005336.8518744,1759005331.5387554,1.4344999999999999,1.5,0,348.63,352.09999999995955,231.64999999999998,8,19
1759005336.8619823,1759005331.5387554,1.4335,1.5,0,348.63,352.09999999995955,231.6,8,19
1759005336.8721871,1759005331.5387554,1.434,1.5,0,348.63,352.09999999995955,231.5,10,20
1759005336.8821237,1759005331.5387554,1.434,1.5,0,348.58,352.09999999995955,231.45,8,19
1759005336.8928714,1759005331.5387554,1.4324999999999999,1.5,0,348.53,352.09999999995955,231.4,8,19
1759005336.903018,1759005331.5387554,1.433,1.5,0,348.58,352.09999999995955,231.35,9,20
1759005336.9131382,1759005331.5387554,1.432,1.5,0,348.63,352.09999999995955,231.3,8,19
1759005336.9235923,1759005331.5387554,1.4315,1.5,0,348.63,352.09999999995955,231.25,9,20
1759005336.9334261,1759005331.5387554,1.431,1.5,0,348.58,352.09999999995955,231.2,10,19
1759005336.9436584,1759005331.5387554,1.431,1.5,0,348.63,352.09999999995955,231.10000000000002,9,21
1759005336.953632,1759005331.5387554,1.4315,1.5,0,348.63,352.09999999995955,231.0,10,21
1759005336.9641638,1759005331.5387554,1.432,1.5,0,348.68,352.09999999995955,230.9,10,20
1759005336.974504,1759005331.5387554,1.4324999999999999,1.5,0,348.63,352.09999999995955,230.95,10,19
1759005336.984694,1759005331.5387554,1.4315,1.5,0,348.68,352.09999999995955,231.0,9,19
1759005336.9948719,1759005331.5387554,1.431,1.5,0,348.68,352.09999999995955,231.0,9,20
1759005337.0045784,1759005331.5387554,1.4304999999999999,1.5,0,348.73,352.09999999995955,230.95,10,19
1759005337.0148132,1759005331.5387554,1.4304999999999999,1.5,0,348.73,352.09999999995955,230.95,9,20
1759005337.0248682,1759005331.5387554,1.43,1.5,0,348.73,352.09999999995955,230.89999999999998,9,19
1759005337.03497,1759005331.5387554,1.4304999999999999,1.5,0,348.73,352.09999999995955,230.85,10,20
1759005337.0446517,1759005331.5387554,1.431,1.5,0,348.73,352.09999999995955,230.89999999999998,10,20
1759005337.0556726,1759005331.5387554,1.431,1.5,0,348.73,352.09999999995955,230.95,8,19
1759005337.0653024,1759005331.5387554,1.4324999999999999,1.5,0,348.75,352.09999999995955,231.0,10,21
1759005337.075583,1759005331.5387554,1.434,1.5,0,348.8,352.09999999995955,231.0,10,21
1759005337.085856,1759005331.5387554,1.434,1.5,0,348.8,352.09999999995955,231.0,9,21
1759005337.0956795,1759005331.5387554,1.433,1.5,0,348.8,352.09999999995955,231.0,8,19
1759005337.1062276,1759005331.5387554,1.433,1.5,0,348.8,352.09999999995955,230.95,9,19
1759005337.1158154,1759005331.5387554,1.4324999999999999,1.5,0,348.82,352.09999999995955,230.9,9,19
1759005337.1258883,1759005331.5387554,1.432,1.5,0,348.82,352.09999999995955,230.8,8,19
1759005337.1364942,1759005331.5387554,1.4324999999999999,1.5,0,348.82,352.09999999995955,230.7,9,20
1759005337.146257,1759005331.5387554,1.433,1.5,0,348.77,352.09999999995955,230.7,9,19
1759005337.156796,1759005331.5387554,1.434,1.5,0,348.77,352.09999999995955,230.7,10,19
1759005337.1671166,1759005331.5387554,1.434,1.5,0,348.72,352.09999999995955,230.8,9,19
1759005337.1772647,1759005331.5387554,1.4344999999999999,1.5,0,348.72,352.09999999995955,230.8,9,20
1759005337.1871045,1759005331.5387554,1.4344999999999999,1.5,0,348.7,352.09999999995955,230.75,8,20
1759005337.1968386,1759005331.5387554,1.4355,1.5,0,348.7,352.09999999995955,230.7,10,20
1759005337.207228,1759005331.5387554,1.4364999999999999,1.5,0,348.65,352.09999999995955,230.7,9,21
1759005337.217452,1759005331.5387554,1.437,1.5,0,348.7,352.09999999995955,230.7,9,21
1759005337.2275796,1759005331.5387554,1.4375,1.5,0,348.73,352.09999999995955,230.7,9,20
1759005337.2377043,1759005331.5387554,1.437,1.5,0,348.73,352.09999999995955,230.7,8,20
1759005337.2474968,1759005331.5387554,1.436,1.5,0,348.78,352.09999999995955,230.7,8,20
1759005337.2575526,1759005331.5387554,1.435,1.5,0,348.78,352.09999999995955,230.7,9,18
1759005337.268126,1759005331.5387554,1.4355,1.5,0,348.78,352.09999999995955,230.8,8,20
1759005337.2781487,1759005331.5387554,1.4355,1.5,0,348.78,352.09999999995955,230.95,9,20
1759005337.288366,1759005331.5387554,1.435,1.5,0,348.78,352.09999999995955,231.14999999999998,9,19
1759005337.2985516,1759005331.5387554,1.4344999999999999,1.5,0,348.83,352.09999999995955,231.3,8,20
1759005337.3086886,1759005331.5387554,1.4344999999999999,1.5,0,348.83,352.09999999995955,231.45,8,20
1759005337.319526,1759005331.5387554,1.436,1.5,0,348.76,352.09999999995955,231.55,9,21
1759005337.3295386,1759005331.5387554,1.4355,1.5,0,348.81,352.09999999995955,231.55,8,19
1759005337.3397892,1759005331.5387554,1.436,1.5,0,348.81,352.09999999995955,231.5,8,20
1759005337.3499491,1759005331.5387554,1.436,1.5,0,348.81,352.09999999995955,231.45,9,19
1759005337.3595614,1759005331.5387554,1.4364999999999999,1.5,0,348.76,352.09999999995955,231.45,9,21
1759005337.37033,1759005331.5387554,1.4375,1.5,0,348.71,352.09999999995955,231.5,9,21
1759005337.3804717,1759005331.5387554,1.438,1.5,0,348.71,352.09999999995955,231.6,9,21
1759005337.3905158,1759005331.5387554,1.439,1.5,0,348.71,352.09999999995955,231.64999999999998,10,21
1759005337.400384,1759005331.5387554,1.438,1.5,0,348.71,352.09999999995955,231.64999999999998,8,20
1759005337.4108021,1759005331.5387554,1.438,1.5,0,348.71,352.09999999995955,231.65,9,20
1759005337.4207177,1759005331.5387554,1.4375,1.5,0,348.71,352.09999999995955,231.7,8,21
1759005337.431721,1759005331.5387554,1.437,1.5,0,348.71,352.09999999995955,231.75,9,21
1759005337.4415238,1759005331.5387554,1.4364999999999999,1.5,0,348.71,352.09999999995955,231.89999999999998,9,20
1759005337.451572,1759005331.5387554,1.436,1.5,0,348.66,352.09999999995955,232.0,9,20
1759005337.462231,1759005331.5387554,1.4364999999999999,1.5,0,348.66,352.09999999995955,232.15,10,21
1759005337.472387,1759005331.5387554,1.437,1.5,0,348.66,352.09999999995955,232.3,10,20
1759005337.482457,1759005331.5387554,1.438,1.5,0,348.68,352.09999999995955,232.39999999999998,10,20
1759005337.4926562,1759005331.5387554,1.4385,1.5,0,348.73,352.09999999995955,232.5,9,20
1759005337.5025666,1759005331.5387554,1.437,1.5,0,348.73,352.09999999995955,232.5,8,19
1759005337.513019,1759005331.5387554,1.436,1.5,0,348.73,352.09999999995955,232.35,8,20
1759005337.5228999,1759005331.5387554,1.436,1.5,0,348.73,352.09999999995955,232.3,9,19
1759005337.5331495,1759005331.5387554,1.4364999999999999,1.5,0,348.73,352.09999999995955,232.3,9,20
1759005337.5434487,1759005331.5387554,1.4375,1.5,0,348.73,352.09999999995955,232.35,8,21
1759005337.5535986,1759005331.5387554,1.439,1.5,0,348.68,352.09999999995955,232.35000000000002,10,21
1759005337.5638468,1759005331.5387554,1.4395,1.5,0,348.73,352.09999999995955,232.35000000000002,10,20
1759005337.5736833,1759005331.5387554,1.4405,1.5,0,348.71,352.09999999995955,232.4,10,20
1759005337.5846984,1759005331.5387554,1.441,1.5,0,348.71,352.09999999995955,232.35,8,21
1759005337.5943906,1759005331.5387554,1.4405,1.5,0,348.71,352.09999999995955,232.39999999999998,8,20
1759005337.6043813,1759005331.5387554,1.4405,1.5,0,348.71,352.09999999995955,232.39999999999998,9,20
1759005337.614795,1759005331.5387554,1.4405,1.5,0,348.66,352.09999999995955,232.5,8,20
1759005337.6247854,1759005331.5387554,1.44,1.5,0,348.66,352.09999999995955,232.55,8,20
1759005337.635164,1759005331.5387554,1.439,1.5,0,348.59,352.09999999995955,232.65,8,20
1759005337.645446,1759005331.5387554,1.4375,1.5,0,348.59,352.09999999995955,232.7,8,19
1759005337.65587,1759005331.5387554,1.4375,1.5,0,348.64,352.09999999995955,232.7,9,20
1759005337.6658983,1759005331.5387554,1.4385,1.5,0,348.64,352.09999999995955,232.75,9,20
1759005337.675968,1759005331.5387554,1.4395,1.5,0,348.59,352.09999999995955,232.8,9,20
1759005337.6862948,1759005331.5387554,1.441,1.5,0,348.59,352.09999999995955,232.8,9,20
1759005337.696651,1759005331.5387554,1.4425,1.5,0,348.64,352.09999999995955,232.85000000000002,10,20
1759005337.7064242,1759005331.5387554,1.4435,1.5,0,348.64,352.09999999995955,232.85000000000002,10,20
1759005337.7169566,1759005331.5387554,1.443,1.5,0,348.66,352.09999999995955,232.9,8,20
1759005337.7272053,1759005331.5387554,1.442,1.5,0,348.66,352.09999999995955,232.89999999999998,9,20
1759005337.736686,1759005331.5387554,1.442,1.5,0,348.66,352.09999999995955,232.85,9,20
1759005337.7471871,1759005331.5387554,1.4425,1.5,0,348.66,352.09999999995955,232.8,10,20
1759005337.7567582,1759005331.5387554,1.442,1.5,0,348.66,352.09999999995955,232.8,8,20
1759005337.767402,1759005331.5387554,1.441,1.5,0,348.71,352.09999999995955,232.85000000000002,8,19
1759005337.7772117,1759005331.5387554,1.4415,1.5,0,348.71,352.09999999995955,232.95,8,21
1759005337.787484,1759005331.5387554,1.442,1.5,0,348.66,352.09999999995955,233.0,9,21
1759005337.797608,1759005331.5387554,1.442,1.5,0,348.61,352.09999999995955,233.05,8,20
1759005337.807847,1759005331.5387554,1.442,1.5,0,348.61,352.09999999995955,233.1,9,20
1759005337.8181179,1759005331.5387554,1.441,1.5,0,348.61,352.09999999995955,233.2,9,18
1759005337.8283257,1759005331.5387554,1.441,1.5,0,348.61,352.09999999995955,233.25,9,20
1759005337.838545,1759005331.5387554,1.44,1.5,0,348.61,352.09999999995955,233.3,8,20
1759005337.8490202,1759005331.5387554,1.44,1.5,0,348.59,352.09999999995955,233.35,9,20
1759005337.8587866,1759005331.5387554,1.4395,1.5,0,348.64,352.09999999995955,233.35,8,20
1759005337.8687353,1759005331.5387554,1.4405,1.5,0,348.59,352.09999999995955,233.35,8,21
1759005337.8791559,1759005331.5387554,1.441,1.5,0,348.54,352.09999999995955,233.35,9,19
1759005337.8887002,1759005331.5387554,1.44,1.5,0,348.54,352.09999999995955,233.39999999999998,8,20
1759005337.8993506,1759005331.5387554,1.441,1.5,0,348.59,352.09999999995955,233.45,9,20
1759005337.9095285,1759005331.5387554,1.442,1.5,0,348.66,352.09999999995955,233.5,9,20
1759005337.9199631,1759005331.5387554,1.4415,1.5,0,348.66,352.09999999995955,233.5,8,20
1759005337.9298427,1759005331.5387554,1.4435,1.5,0,348.61,352.09999999995955,233.4,10,21
1759005337.9397612,1759005331.5387554,1.4435,1.5,0,348.61,352.09999999995955,233.3,9,20
1759005337.9506721,1759005331.5387554,1.442,1.5,0,348.66,352.09999999995955,233.3,7,19
1759005337.9603763,1759005331.5387554,1.4405,1.5,0,348.66,352.09999999995955,233.35,8,19
1759005337.9708362,1759005331.5387554,1.4385,1.5,0,348.68,352.09999999995955,233.39999999999998,7,20
1759005337.9812315,1759005331.5387554,1.438,1.5,0,348.63,352.09999999995955,233.45,9,20
1759005337.9906714,1759005331.5387554,1.438,1.5,0,348.63,352.09999999995955,233.35,9,20
1759005338.0014844,1759005331.5387554,1.437,1.5,0,348.63,352.09999999995955,233.3,8,18
1759005338.0115485,1759005331.5387554,1.436,1.5,0,348.68,352.09999999995955,233.3,9,18
1759005338.0222468,1759005331.5387554,1.436,1.5,0,348.63,352.09999999995955,233.35,9,20
1759005338.0317917,1759005331.5387554,1.435,1.5,0,348.68,352.09999999995955,233.45,8,19
1759005338.041706,1759005331.5387554,1.4355,1.5,0,348.68,352.09999999995955,233.55,10,19
1759005338.0520306,1759005331.5387554,1.4344999999999999,1.5,0,348.68,352.09999999995955,233.64999999999998,9,19
1759005338.062448,1759005331.5387554,1.434,1.5,0,348.68,352.09999999995955,233.6,9,20
1759005338.0726016,1759005331.5387554,1.435,1.5,0,348.68,352.09999999995955,233.60000000000002,9,20
1759005338.0822108,1759005331.5387554,1.4344999999999999,1.5,0,348.61,352.09999999995955,233.65,10,20
1759005338.0926898,1759005331.5387554,1.4335,1.5,0,348.61,352.09999999995955,233.75,9,20
1759005338.102918,1759005331.5387554,1.433,1.5,0,348.66,352.09999999995955,233.9,9,20
1759005338.1133308,1759005331.5387554,1.434,1.5,0,348.64,352.09999999995955,234.0,9,20
1759005338.1232958,1759005331.5387554,1.4344999999999999,1.5,0,348.64,352.09999999995955,234.05,9,20
1759005338.1330054,1759005331.5387554,1.435,1.5,0,348.64,352.09999999995955,234.10000000000002,8,21
1759005338.1434798,1759005331.5387554,1.436,1.5,0,348.59,352.09999999995955,234.2,8,21
1759005338.1537468,1759005331.5387554,1.4364999999999999,1.5,0,348.59,352.09999999995955,234.3,9,21
1759005338.1635067,1759005331.5387554,1.437,1.5,0,348.59,352.09999999995955,234.35,9,20
1759005338.1738882,1759005331.5387554,1.4364999999999999,1.5,0,348.59,352.09999999995955,234.45,10,18
1759005338.1838348,1759005331.5387554,1.437,1.5,0,348.64,352.09999999995955,234.5,9,20
1759005338.1943653,1759005331.5387554,1.4364999999999999,1.5,0,348.59,352.09999999995955,234.6,9,19
1759005338.2045994,1759005331.5387554,1.437,1.5,0,348.54,352.09999999995955,234.7,9,20
1759005338.2148905,1759005331.5387554,1.4364999999999999,1.5,0,348.54,352.09999999995955,234.75,10,19
1759005338.2248135,1759005331.5387554,1.436,1.5,0,348.59,352.09999999995955,234.7,10,19
1759005338.2346344,1759005331.5387554,1.435,1.5,0,348.59,352.09999999995955,234.65,9,19
1759005338.2451394,1759005331.5387554,1.4355,1.5,0,348.56,352.09999999995955,234.6,10,20
1759005338.254873,1759005331.5387554,1.436,1.5,0,348.56,352.09999999995955,234.55,9,20
1759005338.2654672,1759005331.5387554,1.4364999999999999,1.5,0,348.51,352.09999999995955,234.55,10,19
1759005338.2751787,1759005331.5387554,1.4375,1.5,0,348.44,352.09999999995955,234.55,10,19
1759005338.2858107,1759005331.5387554,1.438,1.5,0,348.44,352.09999999995955,234.5,9,20
1759005338.2957225,1759005331.5387554,1.437,1.5,0,348.39,352.09999999995955,234.5,8,19
1759005338.3055964,1759005331.5387554,1.437,1.5,0,348.46,352.09999999995955,234.39999999999998,8,20
1759005338.315946,1759005331.5387554,1.437,1.5,0,348.46,352.09999999995955,234.3,7,21
1759005338.326302,1759005331.5387554,1.4375,1.5,0,348.41,352.09999999995955,234.2,9,20
1759005338.3367138,1759005331.5387554,1.437,1.5,0,348.41,352.09999999995955,234.14999999999998,10,19
1759005338.3469627,1759005331.5387554,1.437,1.5,0,348.41,352.09999999995955,234.14999999999998,8,19
1759005338.3570056,1759005331.5387554,1.4375,1.5,0,348.41,352.09999999995955,234.2,9,20
1759005338.3672705,1759005331.5387554,1.4385,1.5,0,348.41,352.09999999995955,234.3,10,20
1759005338.3772073,1759005331.5387554,1.438,1.5,0,348.46,352.09999999995955,234.35000000000002,9,20
1759005338.3872097,1759005331.5387554,1.4385,1.5,0,348.51,352.09999999995955,234.4,9,22
1759005338.3978395,1759005331.5387554,1.4385,1.5,0,348.56,352.09999999995955,234.45,9,21
1759005338.4074743,1759005331.5387554,1.438,1.5,0,348.51,352.09999999995955,234.4,9,21
1759005338.417517,1759005331.5387554,1.439,1.5,0,348.46,352.09999999995955,234.4,9,21
1759005338.4280844,1759005331.5387554,1.4385,1.5,0,348.41,352.09999999995955,234.35,8,20
1759005338.4380941,1759005331.5387554,1.438,1.5,0,348.46,352.09999999995955,234.25,8,20
1759005338.448748,1759005331.5387554,1.4375,1.5,0,348.41,352.09999999995955,234.15,10,19
1759005338.458491,1759005331.5387554,1.438,1.5,0,348.41,352.09999999995955,234.10000000000002,9,21
1759005338.4692705,1759005331.5387554,1.4375,1.5,0,348.46,352.09999999995955,234.10000000000002,8,20
1759005338.4793987,1759005331.5387554,1.436,1.5,0,348.46,352.09999999995955,234.15,8,20
1759005338.48974,1759005331.5387554,1.4355,1.5,0,348.46,352.09999999995955,234.15,8,21
1759005338.4995024,1759005331.5387554,1.435,1.5,0,348.44,352.09999999995955,234.15,9,20
1759005338.5096564,1759005331.5387554,1.435,1.5,0,348.44,352.09999999995955,234.15,9,20
1759005338.51966,1759005331.5387554,1.436,1.5,0,348.44,352.09999999995955,234.1,9,20
1759005338.5304086,1759005331.5387554,1.437,1.5,0,348.44,352.09999999995955,234.14999999999998,10,20
1759005338.5404065,1759005331.5387554,1.438,1.5,0,348.39,352.09999999995955,234.14999999999998,10,20
1759005338.5506377,1759005331.5387554,1.4375,1.5,0,348.39,352.09999999995955,234.1,9,19
1759005338.561055,1759005331.5387554,1.438,1.5,0,348.34,352.09999999995955,233.95,9,21
1759005338.571278,1759005331.5387554,1.4375,1.5,0,348.34,352.09999999995955,233.85,10,20
1759005338.5814564,1759005331.5387554,1.4364999999999999,1.5,0,348.29,352.09999999995955,233.85,9,19
1759005338.591841,1759005331.5387554,1.436,1.5,0,348.31,352.09999999995955,233.85,10,19
1759005338.6018457,1759005331.5387554,1.436,1.5,0,348.26,352.09999999995955,233.85,9,20
1759005338.6118722,1759005331.5387554,1.436,1.5,0,348.26,352.09999999995955,233.85,9,19
1759005338.6217847,1759005331.5387554,1.4355,1.5,0,348.21,352.09999999995955,233.89999999999998,8,20
1759005338.6323354,1759005331.5387554,1.436,1.5,0,348.26,352.09999999995955,233.95,9,20
1759005338.6423757,1759005331.5387554,1.4375,1.5,0,348.31,352.09999999995955,234.0,10,21
1759005338.6522942,1759005331.5387554,1.438,1.5,0,348.36,352.09999999995955,234.10000000000002,9,20
1759005338.6629415,1759005331.5387554,1.4385,1.5,0,348.31,352.09999999995955,234.2,8,20
1759005338.6731794,1759005331.5387554,1.4395,1.5,0,348.31,352.09999999995955,234.35,10,21
1759005338.6830323,1759005331.5387554,1.439,1.5,0,348.26,352.09999999995955,234.39999999999998,9,19
1759005338.693402,1759005331.5387554,1.439,1.5,0,348.31,352.09999999995955,234.35,9,20
1759005338.7041056,1759005331.5387554,1.439,1.5,0,348.31,352.09999999995955,234.35,9,20
1759005338.7136078,1759005331.5387554,1.438,1.5,0,348.33,352.09999999995955,234.35000000000002,9,19
1759005338.722995,1759005331.5387554,1.4375,1.5,0,348.33,352.09999999995955,234.45,9,20
1759005338.733563,1759005331.5387554,1.4395,1.5,0,348.31,352.09999999995955,234.55,10,22
1759005338.7435143,1759005331.5387554,1.4395,1.5,0,348.31,352.09999999995955,234.55,9,20
1759005338.7538161,1759005331.5387554,1.4395,1.5,0,348.31,352.09999999995955,234.45,9,20
1759005338.764069,1759005331.5387554,1.4385,1.5,0,348.36,352.09999999995955,234.4,9,19
1759005338.7749233,1759005331.5387554,1.438,1.5,0,348.36,352.09999999995955,234.39999999999998,8,19
1759005338.7846415,1759005331.5387554,1.438,1.5,0,348.36,352.09999999995955,234.35,8,19
1759005338.7953844,1759005331.5387554,1.4375,1.5,0,348.31,352.09999999995955,234.35,8,20
1759005338.805295,1759005331.5387554,1.4375,1.5,0,348.36,352.09999999995955,234.35,9,21
1759005338.815293,1759005331.5387554,1.4385,1.5,0,348.36,352.09999999995955,234.45,9,21
1759005338.8258169,1759005331.5387554,1.4385,1.5,0,348.36,352.09999999995955,234.5,9,20
1759005338.8355803,1759005331.5387554,1.4395,1.5,0,348.36,352.09999999995955,234.55,9,20
1759005338.8454719,1759005331.5387554,1.439,1.5,0,348.36,352.09999999995955,234.6,8,20
1759005338.8554938,1759005331.5387554,1.44,1.5,0,348.36,352.09999999995955,234.6,10,20
1759005338.8659544,1759005331.5387554,1.44,1.5,0,348.31,352.09999999995955,234.5,9,20
1759005338.87557,1759005331.5387554,1.4405,1.5,0,348.33,352.09999999995955,234.45,9,20
1759005338.8864005,1759005331.5387554,1.4405,1.5,0,348.38,352.09999999995955,234.45,9,20
1759005338.896507,1759005331.5387554,1.441,1.5,0,348.43,352.09999999995955,234.45,10,19
1759005338.906425,1759005331.5387554,1.442,1.5,0,348.43,352.09999999995955,234.5,10,20
1759005338.9165552,1759005331.5387554,1.442,1.5,0,348.43,352.09999999995955,234.55,8,21
1759005338.9271667,1759005331.5387554,1.442,1.5,0,348.41,352.09999999995955,234.6,8,21
1759005338.9369903,1759005331.5387554,1.442,1.5,0,348.36,352.09999999995955,234.64999999999998,9,19
1759005338.947074,1759005331.5387554,1.441,1.5,0,348.41,352.09999999995955,234.75,9,20
1759005338.9575212,1759005331.5387554,1.4405,1.5,0,348.43,352.09999999995955,234.9,9,19
1759005338.967859,1759005331.5387554,1.4415,1.5,0,348.43,352.09999999995955,235.0,9,19
1759005338.9778569,1759005331.5387554,1.442,1.5,0,348.43,352.09999999995955,235.05,9,19
1759005338.9883552,1759005331.5387554,1.443,1.5,0,348.41,352.09999999995955,235.05,9,20
1759005338.9983277,1759005331.5387554,1.443,1.5,0,348.46,352.09999999995955,235.10000000000002,9,20
1759005339.0085855,1759005331.5387554,1.443,1.5,0,348.51,352.09999999995955,235.25,9,20
1759005339.018945,1759005331.5387554,1.444,1.5,0,348.46,352.09999999995955,235.4,8,20
1759005339.0288877,1759005331.5387554,1.445,1.5,0,348.41,352.09999999995955,235.45,10,19
1759005339.0388336,1759005331.5387554,1.445,1.5,0,348.46,352.09999999995955,235.45,10,19
1759005339.0491168,1759005331.5387554,1.4455,1.5,0,348.46,352.09999999995955,235.39999999999998,9,19
1759005339.0593832,1759005331.5387554,1.4455,1.5,0,348.46,352.09999999995955,235.35,10,19
1759005339.0699446,1759005331.5387554,1.446,1.5,0,348.46,352.09999999995955,235.35,10,19
1759005339.0799065,1759005331.5387554,1.4465,1.5,0,348.46,352.09999999995955,235.45,9,21
1759005339.0900931,1759005331.5387554,1.4465,1.5,0,348.46,352.09999999995955,235.55,9,20
1759005339.1000519,1759005331.5387554,1.4455,1.5,0,348.46,352.09999999995955,235.64999999999998,8,20
1759005339.1107051,1759005331.5387554,1.4455,1.5,0,348.41,352.09999999995955,235.7,9,20
1759005339.120885,1759005331.5387554,1.4455,1.5,0,348.36,352.09999999995955,235.65,9,20
1759005339.1308444,1759005331.5387554,1.445,1.5,0,348.38,352.09999999995955,235.60000000000002,9,19
1759005339.1407037,1759005331.5387554,1.445,1.5,0,348.33,352.09999999995955,235.60000000000002,10,19
1759005339.1505322,1759005331.5387554,1.445,1.5,0,348.38,352.09999999995955,235.60000000000002,9,20
1759005339.161094,1759005331.5387554,1.4445,1.5,0,348.43,352.09999999995955,235.60000000000002,9,19
1759005339.171516,1759005331.5387554,1.443,1.5,0,348.43,352.09999999995955,235.65,9,18
1759005339.1818142,1759005331.5387554,1.4425,1.5,0,348.43,352.09999999995955,235.7,9,19
1759005339.1918886,1759005331.5387554,1.443,1.5,0,348.43,352.09999999995955,235.7,9,20
1759005339.202326,1759005331.5387554,1.443,1.5,0,348.43,352.09999999995955,235.7,9,20
1759005339.2124233,1759005331.5387554,1.4435,1.5,0,348.48,352.09999999995955,235.7,9,20
1759005339.2227693,1759005331.5387554,1.4435,1.5,0,348.53,352.09999999995955,235.64999999999998,9,20
1759005339.2326365,1759005331.5387554,1.444,1.5,0,348.53,352.09999999995955,235.55,10,20
1759005339.2421873,1759005331.5387554,1.4435,1.5,0,348.48,352.09999999995955,235.55,9,19
1759005339.2524564,1759005331.5387554,1.4425,1.5,0,348.48,352.09999999995955,235.55,8,18
1759005339.2626355,1759005331.5387554,1.441,1.5,0,348.53,352.09999999995955,235.60000000000002,9,18
1759005339.272484,1759005331.5387554,1.441,1.5,0,348.55,352.09999999995955,235.7,9,20
1759005339.2828858,1759005331.5387554,1.4415,1.5,0,348.6,352.09999999995955,235.75,10,20
1759005339.2925036,1759005331.5387554,1.4415,1.5,0,348.65,352.09999999995955,235.75,9,20
1759005339.3035624,1759005331.5387554,1.442,1.5,0,348.65,352.09999999995955,235.7,9,21
1759005339.3134716,1759005331.5387554,1.443,1.5,0,348.7,352.09999999995955,235.65,9,20
1759005339.3232858,1759005331.5387554,1.443,1.5,0,348.63,352.09999999995955,235.64999999999998,8,20
1759005339.3339977,1759005331.5387554,1.4445,1.5,0,348.63,352.09999999995955,235.7,9,22
1759005339.3435357,1759005331.5387554,1.445,1.5,0,348.63,352.09999999995955,235.8,10,20
1759005339.3543794,1759005331.5387554,1.445,1.5,0,348.68,352.09999999995955,235.85000000000002,9,20
1759005339.3649561,1759005331.5387554,1.4465,1.5,0,348.68,352.09999999995955,235.9,10,20
1759005339.374944,1759005331.5387554,1.4465,1.5,0,348.73,352.09999999995955,235.9,9,20
1759005339.3850505,1759005331.5387554,1.446,1.5,0,348.68,352.09999999995955,235.85,9,20
1759005339.3953726,1759005331.5387554,1.446,1.5,0,348.66,352.09999999995955,235.85,9,20
1759005339.4054725,1759005331.5387554,1.4455,1.5,0,348.66,352.09999999995955,235.8,10,20
1759005339.41547,1759005331.5387554,1.4445,1.5,0,348.66,352.09999999995955,235.8,8,20
1759005339.4259925,1759005331.5387554,1.444,1.5,0,348.71,352.09999999995955,235.85000000000002,9,20
1759005339.4364793,1759005331.5387554,1.4435,1.5,0,348.71,352.09999999995955,235.9,10,19
1759005339.4463267,1759005331.5387554,1.444,1.5,0,348.76,352.09999999995955,235.89999999999998,10,19
1759005339.4568148,1759005331.5387554,1.4445,1.5,0,348.76,352.09999999995955,236.0,10,19
1759005339.4665058,1759005331.5387554,1.444,1.5,0,348.81,352.09999999995955,236.1,9,19
1759005339.4772377,1759005331.5387554,1.443,1.5,0,348.83,352.09999999995955,236.2,9,19
1759005339.487298,1759005331.5387554,1.4435,1.5,0,348.83,352.09999999995955,236.2,9,20
1759005339.4973655,1759005331.5387554,1.444,1.5,0,348.88,352.09999999995955,236.15,9,20
1759005339.508215,1759005331.5387554,1.4435,1.5,0,348.88,352.09999999995955,236.10000000000002,8,20
1759005339.5179458,1759005331.5387554,1.443,1.5,0,348.88,352.09999999995955,236.0,8,20
1759005339.5285406,1759005331.5387554,1.4435,1.5,0,348.88,352.09999999995955,235.95,10,20
1759005339.538181,1759005331.5387554,1.4435,1.5,0,348.83,352.09999999995955,235.95,9,20
1759005339.5486538,1759005331.5387554,1.4425,1.5,0,348.83,352.09999999995955,235.95,9,19
1759005339.5587208,1759005331.5387554,1.442,1.5,0,348.88,352.09999999995955,235.9,9,20
1759005339.5687501,1759005331.5387554,1.442,1.5,0,348.88,352.09999999995955,235.8,9,19
1759005339.5786538,1759005331.5387554,1.441,1.5,0,348.88,352.09999999995955,235.8,9,19
1759005339.588917,1759005331.5387554,1.4405,1.5,0,348.88,352.09999999995955,235.85,10,19
1759005339.5988936,1759005331.5387554,1.4415,1.5,0,348.93,352.09999999995955,235.85,11,19
1759005339.6092293,1759005331.5387554,1.4415,1.5,0,348.95,352.09999999995955,235.85,10,19
1759005339.6197655,1759005331.5387554,1.4415,1.5,0,348.95,352.09999999995955,235.85,9,20
1759005339.6296785,1759005331.5387554,1.4425,1.5,0,348.97,352.09999999995955,235.85,9,21
1759005339.640105,1759005331.5387554,1.4435,1.5,0,348.97,352.09999999995955,235.89999999999998,9,21
1759005339.6496966,1759005331.5387554,1.4435,1.5,0,348.97,352.09999999995955,235.8,9,20
1759005339.6595705,1759005331.5387554,1.442,1.5,0,348.97,352.09999999995955,235.65,9,19
1759005339.6699653,1759005331.5387554,1.442,1.5,0,348.97,352.09999999995955,235.39999999999998,9,20
1759005339.6802545,1759005331.5387554,1.442,1.5,0,348.97,352.09999999995955,235.2,8,20
1759005339.690903,1759005331.5387554,1.44,1.5,0,348.97,352.09999999995955,235.05,8,19
1759005339.7007475,1759005331.5387554,1.44,1.5,0,349.02,352.09999999995955,235.0,9,19
1759005339.7110474,1759005331.5387554,1.441,1.5,0,349.02,352.09999999995955,235.05,10,21
1759005339.7211034,1759005331.5387554,1.4405,1.5,0,348.97,352.09999999995955,235.0,9,19
1759005339.731446,1759005331.5387554,1.441,1.5,0,348.95,352.09999999995955,234.95,10,19
1759005339.7414644,1759005331.5387554,1.4415,1.5,0,348.95,352.09999999995955,234.85000000000002,10,20
1759005339.751893,1759005331.5387554,1.441,1.5,0,348.95,352.09999999995955,234.7,9,22
1759005339.7615383,1759005331.5387554,1.441,1.5,0,348.95,352.09999999995955,234.65,9,20
1759005339.771898,1759005331.5387554,1.4415,1.5,0,348.95,352.09999999995955,234.7,10,20
1759005339.7822876,1759005331.5387554,1.4425,1.5,0,348.9,352.09999999995955,234.7,10,20
1759005339.7924733,1759005331.5387554,1.4435,1.5,0,348.92,352.09999999995955,234.7,9,20
1759005339.8024423,1759005331.5387554,1.444,1.5,0,348.92,352.09999999995955,234.64999999999998,9,19
1759005339.8128202,1759005331.5387554,1.4445,1.5,0,348.97,352.09999999995955,234.55,9,20
1759005339.8226855,1759005331.5387554,1.4435,1.5,0,348.92,352.09999999995955,234.45,9,19
1759005339.8331876,1759005331.5387554,1.443,1.5,0,348.97,352.09999999995955,234.35,10,19
1759005339.8428366,1759005331.5387554,1.442,1.5,0,348.95,352.09999999995955,234.35,9,18
1759005339.8532295,1759005331.5387554,1.441,1.5,0,348.95,352.09999999995955,234.39999999999998,8,19
1759005339.863521,1759005331.5387554,1.44,1.5,0,348.95,352.09999999995955,234.39999999999998,8,18
1759005339.873391,1759005331.5387554,1.4385,1.5,0,348.95,352.09999999995955,234.45,8,19
1759005339.8835385,1759005331.5387554,1.4385,1.5,0,349,352.09999999995955,234.60000000000002,10,19
1759005339.8939703,1759005331.5387554,1.438,1.5,0,348.98,352.09999999995955,234.75,9,19
1759005339.9038591,1759005331.5387554,1.438,1.5,0,348.98,352.09999999995955,234.8,10,19
1759005339.9138834,1759005331.5387554,1.438,1.5,0,348.98,352.09999999995955,234.8,9,20
1759005339.9236035,1759005331.5387554,1.4375,1.5,0,348.93,352.09999999995955,234.8,10,19
1759005339.9344583,1759005331.5387554,1.437,1.5,0,348.93,352.09999999995955,234.8,8,20
1759005339.9440835,1759005331.5387554,1.437,1.5,0,348.93,352.09999999995955,234.8,9,20
1759005339.9544327,1759005331.5387554,1.4375,1.5,0,348.98,352.09999999995955,234.8,9,20
1759005339.9648056,1759005331.5387554,1.437,1.5,0,348.98,352.09999999995955,234.8,9,19
1759005339.9748287,1759005331.5387554,1.438,1.5,0,348.96,352.09999999995955,234.75,10,20
1759005339.9852245,1759005331.5387554,1.4375,1.5,0,348.96,352.09999999995955,234.75,8,19
1759005339.995412,1759005331.5387554,1.438,1.5,0,348.96,352.09999999995955,234.75,9,20
1759005340.0054803,1759005331.5387554,1.438,1.5,0,348.96,352.09999999995955,234.8,9,20
1759005340.0156665,1759005331.5387554,1.438,1.5,0,348.96,352.09999999995955,234.7,10,19
1759005340.0259988,1759005331.5387554,1.438,1.5,0,348.96,352.09999999995955,234.60000000000002,9,20
1759005340.035993,1759005331.5387554,1.439,1.5,0,349.01,352.09999999995955,234.5,10,20
1759005340.0462751,1759005331.5387554,1.4395,1.5,0,349.06,352.09999999995955,234.4,10,20
1759005340.056325,1759005331.5387554,1.4385,1.5,0,349.01,352.09999999995955,234.39999999999998,9,18
1759005340.066341,1759005331.5387554,1.438,1.5,0,349.01,352.09999999995955,234.45,8,19
1759005340.0767906,1759005331.5387554,1.437,1.5,0,349.01,352.09999999995955,234.5,8,19
1759005340.0868912,1759005331.5387554,1.437,1.5,0,349.03,352.09999999995955,234.5,9,20
1759005340.0973818,1759005331.5387554,1.436,1.5,0,349.03,352.09999999995955,234.5,9,19
1759005340.1074507,1759005331.5387554,1.4355,1.5,0,349.05,352.09999999995955,234.45,9,19
1759005340.1181633,1759005331.5387554,1.435,1.5,0,349.1,352.09999999995955,234.35,8,19
1759005340.1276646,1759005331.5387554,1.434,1.5,0,349.1,352.09999999995955,234.25,8,19
1759005340.1377232,1759005331.5387554,1.433,1.5,0,349.1,352.09999999995955,234.2,7,20
1759005340.1484551,1759005331.5387554,1.4335,1.5,0,349.1,352.09999999995955,234.14999999999998,9,20
1759005340.1586854,1759005331.5387554,1.433,1.5,0,349.1,352.09999999995955,234.05,8,20
1759005340.1687627,1759005331.5387554,1.433,1.5,0,349.1,352.09999999995955,234.0,10,19
1759005340.1789134,1759005331.5387554,1.4344999999999999,1.5,0,349.1,352.09999999995955,233.95,10,21
1759005340.1891696,1759005331.5387554,1.436,1.5,0,349.1,352.09999999995955,233.95,9,21
1759005340.1987906,1759005331.5387554,1.4364999999999999,1.5,0,349.1,352.09999999995955,233.95,9,20
1759005340.2087903,1759005331.5387554,1.4355,1.5,0,349.1,352.09999999995955,233.95,9,18
1759005340.219833,1759005331.5387554,1.435,1.5,0,349.1,352.09999999995955,233.85000000000002,9,19
1759005340.2295024,1759005331.5387554,1.4344999999999999,1.5,0,349.12,352.09999999995955,233.75,9,19
1759005340.2397056,1759005331.5387554,1.435,1.5,0,349.12,352.09999999995955,233.75,10,20
1759005340.2496958,1759005331.5387554,1.434,1.5,0,349.12,352.09999999995955,233.85,9,19
1759005340.2595131,1759005331.5387554,1.4344999999999999,1.5,0,349.12,352.09999999995955,234.0,9,20
1759005340.2703097,1759005331.5387554,1.4364999999999999,1.5,0,349.14,352.09999999995955,234.10000000000002,10,20
1759005340.2804914,1759005331.5387554,1.438,1.5,0,349.16,352.09999999995955,234.14999999999998,11,19
1759005340.2908132,1759005331.5387554,1.438,1.5,0,349.09,352.09999999995955,234.14999999999998,10,19
1759005340.3008225,1759005331.5387554,1.438,1.5,0,349.09,352.09999999995955,234.2,10,20
1759005340.3114653,1759005331.5387554,1.4385,1.5,0,349.09,352.09999999995955,234.25,11,19
1759005340.32164,1759005331.5387554,1.438,1.5,0,349.09,352.09999999995955,234.35,10,19
1759005340.3313074,1759005331.5387554,1.438,1.5,0,349.09,352.09999999995955,234.4,9,20
1759005340.341856,1759005331.5387554,1.439,1.5,0,349.14,352.09999999995955,234.45,10,20
1759005340.351455,1759005331.5387554,1.439,1.5,0,349.14,352.09999999995955,234.5,10,21
1759005340.3619776,1759005331.5387554,1.4395,1.5,0,349.19,352.09999999995955,234.55,10,21
1759005340.3715968,1759005331.5387554,1.4405,1.5,0,349.14,352.09999999995955,234.60000000000002,10,21
1759005340.382268,1759005331.5387554,1.441,1.5,0,349.09,352.09999999995955,234.65,10,21
1759005340.3923464,1759005331.5387554,1.442,1.5,0,349.09,352.09999999995955,234.65,11,20
1759005340.4023275,1759005331.5387554,1.4425,1.5,0,349.14,352.09999999995955,234.64999999999998,10,20
1759005340.412699,1759005331.5387554,1.443,1.5,0,349.16,352.09999999995955,234.6,10,20
1759005340.4226675,1759005331.5387554,1.443,1.5,0,349.16,352.09999999995955,234.60000000000002,10,20
1759005340.432034,1759005331.5387554,1.444,1.5,0,349.11,352.09999999995955,234.55,9,21
1759005340.4429452,1759005331.5387554,1.444,1.5,0,349.11,352.09999999995955,234.55,9,20
1759005340.4526854,1759005331.5387554,1.444,1.5,0,349.16,352.09999999995955,234.6,9,20
1759005340.4634552,1759005331.5387554,1.444,1.5,0,349.11,352.09999999995955,234.7,10,19
1759005340.4732962,1759005331.5387554,1.4445,1.5,0,349.06,352.09999999995955,234.8,10,20
1759005340.4833379,1759005331.5387554,1.445,1.5,0,349.06,352.09999999995955,234.9,9,20
1759005340.4939096,1759005331.5387554,1.4445,1.5,0,348.99,352.09999999995955,234.89999999999998,8,19
1759005340.5034328,1759005331.5387554,1.444,1.5,0,348.99,352.09999999995955,234.89999999999998,9,19
1759005340.5140219,1759005331.5387554,1.444,1.5,0,348.94,352.09999999995955,234.9,9,20
1759005340.523805,1759005331.5387554,1.445,1.5,0,348.94,352.09999999995955,234.95,10,20
1759005340.5343466,1759005331.5387554,1.4465,1.5,0,348.94,352.09999999995955,235.05,11,20
1759005340.5441787,1759005331.5387554,1.446,1.5,0,348.94,352.09999999995955,235.05,9,20
1759005340.5543613,1759005331.5387554,1.446,1.5,0,348.94,352.09999999995955,235.1,8,21
1759005340.5650566,1759005331.5387554,1.4465,1.5,0,348.89,352.09999999995955,235.14999999999998,9,20
1759005340.5746772,1759005331.5387554,1.446,1.5,0,348.89,352.09999999995955,235.2,8,20
1759005340.585339,1759005331.5387554,1.446,1.5,0,348.89,352.09999999995955,235.3,9,19
1759005340.595546,1759005331.5387554,1.447,1.5,0,348.94,352.09999999995955,235.4,10,20
1759005340.605661,1759005331.5387554,1.4465,1.5,0,348.99,352.09999999995955,235.45,9,19
1759005340.6156757,1759005331.5387554,1.446,1.5,0,348.99,352.09999999995955,235.45,9,20
1759005340.6258712,1759005331.5387554,1.445,1.5,0,348.95,352.09999999995955,235.45,8,19
1759005340.6361806,1759005331.5387554,1.445,1.5,0,348.95,352.09999999995955,235.45,9,20
1759005340.6457102,1759005331.5387554,1.444,1.5,0,348.93,352.09999999995955,235.5,8,20
1759005340.6563277,1759005331.5387554,1.4435,1.5,0,348.98,352.09999999995955,235.45,9,20
1759005340.6661036,1759005331.5387554,1.4435,1.5,0,348.93,352.09999999995955,235.45,9,20
1759005340.6764112,1759005331.5387554,1.4435,1.5,0,348.88,352.09999999995955,235.5,8,20
1759005340.6864693,1759005331.5387554,1.443,1.5,0,348.88,352.09999999995955,235.60000000000002,8,20
1759005340.6968713,1759005331.5387554,1.444,1.5,0,348.93,352.09999999995955,235.65,10,20
1759005340.7068028,1759005331.5387554,1.4455,1.5,0,348.88,352.09999999995955,235.65,10,20
1759005340.7169545,1759005331.5387554,1.4465,1.5,0,348.88,352.09999999995955,235.7,10,20
1759005340.7276125,1759005331.5387554,1.4465,1.5,0,348.9,352.09999999995955,235.7,11,20
1759005340.737519,1759005331.5387554,1.4475,1.5,0,348.95,352.09999999995955,235.85,10,20
1759005340.747564,1759005331.5387554,1.448,1.5,0,348.95,352.09999999995955,235.95,10,20
1759005340.7581432,1759005331.5387554,1.448,1.5,0,348.95,352.09999999995955,236.05,10,20
1759005340.767407,1759005331.5387554,1.448,1.5,0,348.95,352.09999999995955,236.1,11,20
1759005340.7777562,1759005331.5387554,1.449,1.5,0,348.95,352.09999999995955,236.1,10,21
1759005340.7881632,1759005331.5387554,1.4495,1.5,0,348.95,352.09999999995955,236.05,10,21
1759005340.797448,1759005331.5387554,1.4495,1.5,0,349,352.09999999995955,236.05,9,21
1759005340.8075209,1759005331.5387554,1.45,1.5,0,348.98,352.09999999995955,236.0,9,21
1759005340.8182833,1759005331.5387554,1.4505,1.5,0,348.98,352.09999999995955,236.05,9,20
1759005340.8291707,1759005331.5387554,1.45,1.5,0,348.98,352.09999999995955,236.05,9,19
1759005340.839269,1759005331.5387554,1.45,1.5,0,349.03,352.09999999995955,236.05,8,20
1759005340.8489528,1759005331.5387554,1.4495,1.5,0,348.98,352.09999999995955,236.05,8,20
1759005340.8594677,1759005331.5387554,1.451,1.5,0,349,352.09999999995955,236.0,9,21
1759005340.8695288,1759005331.5387554,1.451,1.5,0,349,352.09999999995955,235.89999999999998,8,19
1759005340.8799214,1759005331.5387554,1.452,1.5,0,349,352.09999999995955,235.8,9,19
1759005340.8898594,1759005331.5387554,1.4525,1.5,0,349,352.09999999995955,235.75,8,20
1759005340.8994694,1759005331.5387554,1.4525,1.5,0,349,352.09999999995955,235.7,8,21
1759005340.909583,1759005331.5387554,1.453,1.5,0,349,352.09999999995955,235.65,9,20
1759005340.9197793,1759005331.5387554,1.453,1.5,0,349,352.09999999995955,235.60000000000002,9,20
1759005340.9304197,1759005331.5387554,1.453,1.5,0,349,352.09999999995955,235.6,9,20
1759005340.939812,1759005331.5387554,1.4525,1.5,0,349.05,352.09999999995955,235.55,9,19
1759005340.9506774,1759005331.5387554,1.452,1.5,0,349,352.09999999995955,235.5,8,19
1759005340.9606605,1759005331.5387554,1.4525,1.5,0,349,352.09999999995955,235.45,9,21
1759005340.970752,1759005331.5387554,1.453,1.5,0,349.02,352.09999999995955,235.45,9,21
1759005340.980614,1759005331.5387554,1.454,1.5,0,349.02,352.09999999995955,235.45,9,21
1759005340.9911342,1759005331.5387554,1.454,1.5,0,348.97,352.09999999995955,235.45,9,21
1759005341.000803,1759005331.5387554,1.4545,1.5,0,348.97,352.09999999995955,235.39999999999998,9,19
1759005341.0115533,1759005331.5387554,1.4545,1.5,0,348.92,352.09999999995955,235.35,10,19
1759005341.0217984,1759005331.5387554,1.454,1.5,0,348.92,352.09999999995955,235.35,9,19
1759005341.0315092,1759005331.5387554,1.453,1.5,0,348.92,352.09999999995955,235.4,9,18
1759005341.0418742,1759005331.5387554,1.453,1.5,0,348.92,352.09999999995955,235.5,10,19
1759005341.0524166,1759005331.5387554,1.452,1.5,0,348.92,352.09999999995955,235.6,8,20
1759005341.0619874,1759005331.5387554,1.451,1.5,0,348.92,352.09999999995955,235.7,8,20
1759005341.0723062,1759005331.5387554,1.452,1.5,0,348.97,352.09999999995955,235.8,9,20
1759005341.0821955,1759005331.5387554,1.4525,1.5,0,348.97,352.09999999995955,235.85,8,20
1759005341.0925632,1759005331.5387554,1.453,1.5,0,348.99,352.09999999995955,235.9,9,19
1759005341.1029496,1759005331.5387554,1.4525,1.5,0,348.97,352.09999999995955,235.9,9,19
1759005341.1130364,1759005331.5387554,1.454,1.5,0,348.99,352.09999999995955,235.85000000000002,10,21
1759005341.1230428,1759005331.5387554,1.455,1.5,0,348.92,352.09999999995955,235.8,10,20
1759005341.1332746,1759005331.5387554,1.4565,1.5,0,348.92,352.09999999995955,235.85000000000002,10,20
1759005341.1434562,1759005331.5387554,1.4575,1.5,0,348.92,352.09999999995955,235.9,9,20
1759005341.15345,1759005331.5387554,1.4585,1.5,0,348.97,352.09999999995955,235.85,9,20
1759005341.1640193,1759005331.5387554,1.4585,1.5,0,348.97,352.09999999995955,235.8,10,19
1759005341.1738603,1759005331.5387554,1.459,1.5,0,349.02,352.09999999995955,235.8,9,20
1759005341.1841815,1759005331.5387554,1.459,1.5,0,349.02,352.09999999995955,235.85,10,19
1759005341.1942074,1759005331.5387554,1.4585,1.5,0,349.02,352.09999999995955,235.95,10,20
1759005341.2047749,1759005331.5387554,1.4575,1.5,0,348.97,352.09999999995955,236.0,9,19
1759005341.2145197,1759005331.5387554,1.4575,1.5,0,349.02,352.09999999995955,236.05,9,20
1759005341.2253256,1759005331.5387554,1.4585,1.5,0,348.97,352.09999999995955,236.1,9,20
1759005341.235024,1759005331.5387554,1.459,1.5,0,348.97,352.09999999995955,236.2,9,20
1759005341.2452745,1759005331.5387554,1.4595,1.5,0,348.95,352.09999999995955,236.3,9,20
1759005341.2554517,1759005331.5387554,1.459,1.5,0,348.95,352.09999999995955,236.3,9,20
1759005341.2653093,1759005331.5387554,1.4595,1.5,0,348.95,352.09999999995955,236.2,9,20
1759005341.2757802,1759005331.5387554,1.4595,1.5,0,349,352.09999999995955,236.05,9,20
1759005341.2858045,1759005331.5387554,1.459,1.5,0,348.98,352.09999999995955,236.0,9,20
1759005341.2956579,1759005331.5387554,1.459,1.5,0,348.96,352.09999999995955,236.05,9,21
1759005341.3060884,1759005331.5387554,1.459,1.5,0,348.99,352.09999999995955,236.05,10,19
1759005341.315766,1759005331.5387554,1.4585,1.5,0,348.94,352.09999999995955,236.05,9,20
1759005341.326699,1759005331.5387554,1.4585,1.5,0,348.94,352.09999999995955,236.05,10,20
1759005341.3367007,1759005331.5387554,1.459,1.5,0,348.94,352.09999999995955,236.0,9,21
1759005341.3470075,1759005331.5387554,1.459,1.5,0,348.89,352.09999999995955,235.95,9,20
1759005341.3568623,1759005331.5387554,1.459,1.5,0,348.89,352.09999999995955,235.95,10,20
1759005341.3675642,1759005331.5387554,1.458,1.5,0,348.89,352.09999999995955,235.9,8,21
1759005341.3777401,1759005331.5387554,1.4575,1.5,0,348.89,352.09999999995955,235.8,10,20
1759005341.3877401,1759005331.5387554,1.4565,1.5,0,348.89,352.09999999995955,235.7,10,19
1759005341.3983052,1759005331.5387554,1.4555,1.5,0,348.94,352.09999999995955,235.64999999999998,9,20
1759005341.4079487,1759005331.5387554,1.454,1.5,0,348.89,352.09999999995955,235.65,9,19
1759005341.4181428,1759005331.5387554,1.453,1.5,0,348.91,352.09999999995955,235.65,9,19
1759005341.4286163,1759005331.5387554,1.4515,1.5,0,348.91,352.09999999995955,235.60000000000002,9,18
1759005341.438434,1759005331.5387554,1.451,1.5,0,348.91,352.09999999995955,235.55,10,19
1759005341.4491136,1759005331.5387554,1.451,1.5,0,348.96,352.09999999995955,235.6,10,20
1759005341.4585867,1759005331.5387554,1.452,1.5,0,348.96,352.09999999995955,235.64999999999998,10,21
1759005341.46864,1759005331.5387554,1.453,1.5,0,348.96,352.09999999995955,235.6,10,21
1759005341.4786055,1759005331.5387554,1.4525,1.5,0,348.96,352.09999999995955,235.55,9,19
1759005341.4893837,1759005331.5387554,1.452,1.5,0,349.01,352.09999999995955,235.45,9,20
1759005341.499331,1759005331.5387554,1.4515,1.5,0,349.01,352.09999999995955,235.35,8,20
1759005341.5099173,1759005331.5387554,1.4525,1.5,0,349.01,352.09999999995955,235.35,9,20
1759005341.5200686,1759005331.5387554,1.452,1.5,0,348.96,352.09999999995955,235.35,8,19
1759005341.529782,1759005331.5387554,1.4525,1.5,0,349.01,352.09999999995955,235.35000000000002,9,21
1759005341.54051,1759005331.5387554,1.4525,1.5,0,349.01,352.09999999995955,235.3,9,21
1759005341.5507348,1759005331.5387554,1.4515,1.5,0,348.96,352.09999999995955,235.25,9,20
1759005341.5607512,1759005331.5387554,1.452,1.5,0,348.96,352.09999999995955,235.25,9,21
1759005341.5705268,1759005331.5387554,1.4515,1.5,0,348.96,352.09999999995955,235.2,8,20
1759005341.5805929,1759005331.5387554,1.452,1.5,0,349.01,352.09999999995955,235.14999999999998,9,21
1759005341.5907404,1759005331.5387554,1.453,1.5,0,348.96,352.09999999995955,235.1,10,20
1759005341.6006722,1759005331.5387554,1.453,1.5,0,348.96,352.09999999995955,235.1,8,20
1759005341.6104822,1759005331.5387554,1.4525,1.5,0,348.91,352.09999999995955,235.1,9,20
1759005341.6206162,1759005331.5387554,1.4525,1.5,0,348.91,352.09999999995955,235.1,8,20
1759005341.6307983,1759005331.5387554,1.4525,1.5,0,348.86,352.09999999995955,235.14999999999998,9,20
1759005341.6409278,1759005331.5387554,1.4535,1.5,0,348.83,352.09999999995955,235.15,9,20
1759005341.6512306,1759005331.5387554,1.453,1.5,0,348.88,352.09999999995955,235.15,8,20
1759005341.660932,1759005331.5387554,1.4545,1.5,0,348.83,352.09999999995955,235.15,10,21
1759005341.6705887,1759005331.5387554,1.456,1.5,0,348.83,352.09999999995955,235.25,11,21
1759005341.6807747,1759005331.5387554,1.457,1.5,0,348.83,352.09999999995955,235.3,10,21
1759005341.6908002,1759005331.5387554,1.4585,1.5,0,348.88,352.09999999995955,235.3,10,21
1759005341.7008848,1759005331.5387554,1.46,1.5,0,348.9,352.09999999995955,235.25,10,21
1759005341.7108376,1759005331.5387554,1.46,1.5,0,348.85,352.09999999995955,235.2,10,20
1759005341.7216368,1759005331.5387554,1.461,1.5,0,348.9,352.09999999995955,235.14999999999998,11,21
1759005341.731674,1759005331.5387554,1.4615,1.5,0,348.9,352.09999999995955,235.05,10,21
1759005341.7418015,1759005331.5387554,1.4595,1.5,0,348.9,352.09999999995955,234.95,8,19
1759005341.7522295,1759005331.5387554,1.46,1.5,0,348.9,352.09999999995955,234.8,9,22
1759005341.7625556,1759005331.5387554,1.46,1.5,0,348.9,352.09999999995955,234.75,9,21
1759005341.772681,1759005331.5387554,1.4595,1.5,0,348.85,352.09999999995955,234.7,9,20
1759005341.7827988,1759005331.5387554,1.4585,1.5,0,348.8,352.09999999995955,234.7,9,20
1759005341.7929788,1759005331.5387554,1.4565,1.5,0,348.8,352.09999999995955,234.75,8,19
1759005341.8028975,1759005331.5387554,1.4545,1.5,0,348.8,352.09999999995955,234.8,8,19
1759005341.81326,1759005331.5387554,1.454,1.5,0,348.75,352.09999999995955,234.85,9,20
1759005341.822914,1759005331.5387554,1.4535,1.5,0,348.75,352.09999999995955,234.89999999999998,9,20
1759005341.8334632,1759005331.5387554,1.4535,1.5,0,348.75,352.09999999995955,234.89999999999998,9,20
1759005341.843783,1759005331.5387554,1.454,1.5,0,348.75,352.09999999995955,234.89999999999998,9,20
1759005341.8536732,1759005331.5387554,1.4555,1.5,0,348.75,352.09999999995955,234.9,9,22
1759005341.8638637,1759005331.5387554,1.457,1.5,0,348.8,352.09999999995955,234.85000000000002,10,21
1759005341.874249,1759005331.5387554,1.4575,1.5,0,348.75,352.09999999995955,234.85000000000002,10,21
1759005341.8837729,1759005331.5387554,1.459,1.5,0,348.7,352.09999999995955,234.85000000000002,10,20
1759005341.8939762,1759005331.5387554,1.46,1.5,0,348.65,352.09999999995955,234.9,9,21
1759005341.9043624,1759005331.5387554,1.4615,1.5,0,348.6,352.09999999995955,234.9,10,21
1759005341.9144328,1759005331.5387554,1.4625,1.5,0,348.6,352.09999999995955,234.8,10,21
1759005341.9244845,1759005331.5387554,1.4625,1.5,0,348.6,352.09999999995955,234.7,9,20
1759005341.9345684,1759005331.5387554,1.4625,1.5,0,348.6,352.09999999995955,234.64999999999998,9,20
1759005341.9450743,1759005331.5387554,1.4625,1.5,0,348.55,352.09999999995955,234.6,9,20
1759005341.9555502,1759005331.5387554,1.4625,1.5,0,348.55,352.09999999995955,234.6,8,20
1759005341.9653206,1759005331.5387554,1.4635,1.5,0,348.55,352.09999999995955,234.64999999999998,8,21
1759005341.9756482,1759005331.5387554,1.4635,1.5,0,348.5,352.09999999995955,234.64999999999998,9,21
1759005341.9858909,1759005331.5387554,1.463,1.5,0,348.48,352.09999999995955,234.6,9,20
1759005341.9958668,1759005331.5387554,1.4625,1.5,0,348.48,352.09999999995955,234.6,9,20
1759005342.0055716,1759005331.5387554,1.462,1.5,0,348.53,352.09999999995955,234.65,8,21
1759005342.0166724,1759005331.5387554,1.4625,1.5,0,348.48,352.09999999995955,234.65,8,21
1759005342.0280027,1759005331.5387554,1.4625,1.5,0,348.48,352.09999999995955,234.7,8,21
1759005342.036551,1759005331.5387554,1.4625,1.5,0,348.48,352.09999999995955,234.7,8,20
1759005342.0472295,1759005331.5387554,1.4635,1.5,0,348.5,352.09999999995955,234.75,10,19
1759005342.0569482,1759005331.5387554,1.463,1.5,0,348.5,352.09999999995955,234.75,8,20
1759005342.0675368,1759005331.5387554,1.4625,1.5,0,348.5,352.09999999995955,234.7,8,19
1759005342.0775864,1759005331.5387554,1.4625,1.5,0,348.5,352.09999999995955,234.7,8,20
1759005342.0876632,1759005331.5387554,1.4625,1.5,0,348.5,352.09999999995955,234.55,9,20
1759005342.098227,1759005331.5387554,1.463,1.5,0,348.45,352.09999999995955,234.45,9,20
1759005342.1079054,1759005331.5387554,1.4635,1.5,0,348.43,352.09999999995955,234.35000000000002,9,20
1759005342.1186557,1759005331.5387554,1.4645,1.5,0,348.43,352.09999999995955,234.35000000000002,10,20
1759005342.1284134,1759005331.5387554,1.4635,1.5,0,348.36,352.09999999995955,234.4,9,20
1759005342.1385098,1759005331.5387554,1.463,1.5,0,348.41,352.09999999995955,234.45,10,19
1759005342.1491203,1759005331.5387554,1.4625,1.5,0,348.41,352.09999999995955,234.45,9,20
1759005342.158963,1759005331.5387554,1.463,1.5,0,348.46,352.09999999995955,234.45,10,20
1759005342.1694632,1759005331.5387554,1.463,1.5,0,348.41,352.09999999995955,234.5,10,19
1759005342.179903,1759005331.5387554,1.4625,1.5,0,348.41,352.09999999995955,234.55,8,20
1759005342.1900637,1759005331.5387554,1.462,1.5,0,348.41,352.09999999995955,234.60000000000002,9,19
1759005342.2003272,1759005331.5387554,1.462,1.5,0,348.36,352.09999999995955,234.60000000000002,9,20
1759005342.210171,1759005331.5387554,1.4615,1.5,0,348.31,352.09999999995955,234.55,8,21
1759005342.2203689,1759005331.5387554,1.4615,1.5,0,348.31,352.09999999995955,234.5,8,20
1759005342.2306004,1759005331.5387554,1.461,1.5,0,348.31,352.09999999995955,234.45,8,20
1759005342.2407422,1759005331.5387554,1.461,1.5,0,348.31,352.09999999995955,234.35000000000002,9,20
1759005342.2506986,1759005331.5387554,1.461,1.5,0,348.31,352.09999999995955,234.25,9,20
1759005342.2607129,1759005331.5387554,1.4615,1.5,0,348.31,352.09999999995955,234.2,9,21
1759005342.2713099,1759005331.5387554,1.462,1.5,0,348.31,352.09999999995955,234.2,9,21
1759005342.2812316,1759005331.5387554,1.461,1.5,0,348.31,352.09999999995955,234.25,8,19
1759005342.291405,1759005331.5387554,1.4605,1.5,0,348.31,352.09999999995955,234.25,8,20
1759005342.3018973,1759005331.5387554,1.461,1.5,0,348.31,352.09999999995955,234.2,9,21
1759005342.311547,1759005331.5387554,1.4605,1.5,0,348.31,352.09999999995955,234.05,9,20
1759005342.3218758,1759005331.5387554,1.461,1.5,0,348.28,352.09999999995955,233.95,9,21
1759005342.332042,1759005331.5387554,1.46,1.5,0,348.28,352.09999999995955,233.85000000000002,8,19
1759005342.34158,1759005331.5387554,1.4595,1.5,0,348.3,352.09999999995955,233.8,9,20
1759005342.3517764,1759005331.5387554,1.4585,1.5,0,348.32,352.09999999995955,233.85,8,20
1759005342.3619263,1759005331.5387554,1.4585,1.5,0,348.32,352.09999999995955,233.89999999999998,9,20
1759005342.3721282,1759005331.5387554,1.459,1.5,0,348.27,352.09999999995955,233.9,10,21
1759005342.382617,1759005331.5387554,1.4595,1.5,0,348.22,352.09999999995955,233.9,9,21
1759005342.3927906,1759005331.5387554,1.4595,1.5,0,348.22,352.09999999995955,233.95,9,21
1759005342.402741,1759005331.5387554,1.46,1.5,0,348.27,352.09999999995955,234.0,9,21
1759005342.4130557,1759005331.5387554,1.46,1.5,0,348.27,352.09999999995955,234.0,9,20
1759005342.4235857,1759005331.5387554,1.46,1.5,0,348.32,352.09999999995955,234.0,9,19
1759005342.4335392,1759005331.5387554,1.46,1.5,0,348.3,352.09999999995955,234.0,9,19
1759005342.4437551,1759005331.5387554,1.461,1.5,0,348.25,352.09999999995955,234.05,9,20
1759005342.4540145,1759005331.5387554,1.4605,1.5,0,348.25,352.09999999995955,234.05,8,20
1759005342.46458,1759005331.5387554,1.46,1.5,0,348.25,352.09999999995955,234.0,9,20
1759005342.474416,1759005331.5387554,1.46,1.5,0,348.2,352.09999999995955,233.95,9,22
1759005342.484447,1759005331.5387554,1.459,1.5,0,348.15,352.09999999995955,233.95,8,21
1759005342.4946861,1759005331.5387554,1.46,1.5,0,348.2,352.09999999995955,233.95,9,21
1759005342.5045393,1759005331.5387554,1.46,1.5,0,348.22,352.09999999995955,233.89999999999998,9,20
1759005342.5146854,1759005331.5387554,1.46,1.5,0,348.17,352.09999999995955,233.85,8,20
1759005342.5247343,1759005331.5387554,1.4595,1.5,0,348.17,352.09999999995955,233.7,9,19
1759005342.5350053,1759005331.5387554,1.46,1.5,0,348.22,352.09999999995955,233.65,9,19
1759005342.544525,1759005331.5387554,1.46,1.5,0,348.22,352.09999999995955,233.55,9,21
1759005342.5550544,1759005331.5387554,1.46,1.5,0,348.17,352.09999999995955,233.45,9,21
1759005342.5650043,1759005331.5387554,1.459,1.5,0,348.22,352.09999999995955,233.35,7,20
1759005342.575207,1759005331.5387554,1.4585,1.5,0,348.22,352.09999999995955,233.3,8,21
1759005342.585298,1759005331.5387554,1.4585,1.5,0,348.27,352.09999999995955,233.4,9,19
1759005342.5954003,1759005331.5387554,1.458,1.5,0,348.27,352.09999999995955,233.5,10,19
1759005342.605334,1759005331.5387554,1.4575,1.5,0,348.27,352.09999999995955,233.60000000000002,10,19
1759005342.6158664,1759005331.5387554,1.4565,1.5,0,348.27,352.09999999995955,233.65,8,18
1759005342.6258311,1759005331.5387554,1.4555,1.5,0,348.32,352.09999999995955,233.7,8,19
1759005342.63578,1759005331.5387554,1.4545,1.5,0,348.32,352.09999999995955,233.75,7,19
1759005342.6461904,1759005331.5387554,1.454,1.5,0,348.32,352.09999999995955,233.75,8,20
1759005342.6568146,1759005331.5387554,1.4525,1.5,0,348.37,352.09999999995955,233.8,7,19
1759005342.6668823,1759005331.5387554,1.4525,1.5,0,348.37,352.09999999995955,233.85000000000002,8,20
1759005342.6766393,1759005331.5387554,1.451,1.5,0,348.42,352.09999999995955,233.9,8,20
1759005342.6872709,1759005331.5387554,1.449,1.5,0,348.37,352.09999999995955,233.9,8,20
1759005342.6977153,1759005331.5387554,1.448,1.5,0,348.37,352.09999999995955,233.9,8,21
1759005342.707654,1759005331.5387554,1.447,1.5,0,348.37,352.09999999995955,233.9,8,21
1759005342.7175975,1759005331.5387554,1.446,1.5,0,348.3,352.09999999995955,233.95,9,20
1759005342.7275932,1759005331.5387554,1.445,1.5,0,348.3,352.09999999995955,234.0,9,19
1759005342.737528,1759005331.5387554,1.4435,1.5,0,348.3,352.09999999995955,234.05,9,20
1759005342.7481124,1759005331.5387554,1.442,1.5,0,348.3,352.09999999995955,234.0,8,20
1759005342.7583587,1759005331.5387554,1.4425,1.5,0,348.28,352.09999999995955,234.0,9,19
1759005342.7686272,1759005331.5387554,1.4415,1.5,0,348.3,352.09999999995955,234.05,8,21
1759005342.7787151,1759005331.5387554,1.4405,1.5,0,348.25,352.09999999995955,234.05,8,20
1759005342.7887695,1759005331.5387554,1.4405,1.5,0,348.3,352.09999999995955,234.05,8,21
1759005342.7991803,1759005331.5387554,1.441,1.5,0,348.35,352.09999999995955,234.0,9,21
1759005342.8088117,1759005331.5387554,1.442,1.5,0,348.3,352.09999999995955,234.05,9,20
1759005342.819216,1759005331.5387554,1.4425,1.5,0,348.25,352.09999999995955,234.10000000000002,9,19
1759005342.8291147,1759005331.5387554,1.442,1.5,0,348.3,352.09999999995955,234.15,8,20
1759005342.8396175,1759005331.5387554,1.442,1.5,0,348.3,352.09999999995955,234.15,9,20
1759005342.849689,1759005331.5387554,1.442,1.5,0,348.3,352.09999999995955,234.15,8,21
1759005342.8596933,1759005331.5387554,1.442,1.5,0,348.3,352.09999999995955,234.15,9,20
1759005342.8698268,1759005331.5387554,1.441,1.5,0,348.3,352.09999999995955,234.15,9,20
1759005342.8799903,1759005331.5387554,1.4405,1.5,0,348.3,352.09999999995955,234.10000000000002,9,21
1759005342.8903177,1759005331.5387554,1.439,1.5,0,348.35,352.09999999995955,234.0,9,19
1759005342.9008307,1759005331.5387554,1.438,1.5,0,348.4,352.09999999995955,233.95,9,19
1759005342.9108963,1759005331.5387554,1.437,1.5,0,348.45,352.09999999995955,233.95,9,19
1759005342.9207282,1759005331.5387554,1.436,1.5,0,348.5,352.09999999995955,233.95,9,20
1759005342.9306073,1759005331.5387554,1.4344999999999999,1.5,0,348.5,352.09999999995955,233.95,8,20
1759005342.9407415,1759005331.5387554,1.4335,1.5,0,348.5,352.09999999995955,233.95,8,19
1759005342.9510946,1759005331.5387554,1.433,1.5,0,348.45,352.09999999995955,233.95,8,20
1759005342.9611366,1759005331.5387554,1.4335,1.5,0,348.5,352.09999999995955,233.9,9,21
1759005342.9715624,1759005331.5387554,1.4344999999999999,1.5,0,348.5,352.09999999995955,233.8,10,20
1759005342.9813516,1759005331.5387554,1.434,1.5,0,348.5,352.09999999995955,233.64999999999998,9,19
1759005342.9917755,1759005331.5387554,1.433,1.5,0,348.5,352.09999999995955,233.64999999999998,8,20
1759005343.0020032,1759005331.5387554,1.433,1.5,0,348.5,352.09999999995955,233.7,9,20
1759005343.0122688,1759005331.5387554,1.433,1.5,0,348.48,352.09999999995955,233.7,9,20
1759005343.0221438,1759005331.5387554,1.433,1.5,0,348.48,352.09999999995955,233.64999999999998,9,20
1759005343.0329497,1759005331.5387554,1.4335,1.5,0,348.55,352.09999999995955,233.64999999999998,10,20
1759005343.042864,1759005331.5387554,1.434,1.5,0,348.6,352.09999999995955,233.6,9,21
1759005343.0528474,1759005331.5387554,1.4344999999999999,1.5,0,348.6,352.09999999995955,233.55,9,20
1759005343.0629985,1759005331.5387554,1.434,1.5,0,348.53,352.09999999995955,233.5,8,20
1759005343.0735369,1759005331.5387554,1.434,1.5,0,348.53,352.09999999995955,233.4,8,20
1759005343.0833626,1759005331.5387554,1.435,1.5,0,348.53,352.09999999995955,233.35000000000002,9,20
1759005343.0940483,1759005331.5387554,1.436,1.5,0,348.51,352.09999999995955,233.3,9,21
1759005343.1037302,1759005331.5387554,1.436,1.5,0,348.51,352.09999999995955,233.4,8,21
1759005343.114357,1759005331.5387554,1.436,1.5,0,348.56,352.09999999995955,233.5,8,21
1759005343.1246123,1759005331.5387554,1.436,1.5,0,348.51,352.09999999995955,233.55,8,21
1759005343.1345072,1759005331.5387554,1.434,1.5,0,348.46,352.09999999995955,233.45,7,19
1759005343.1448653,1759005331.5387554,1.433,1.5,0,348.51,352.09999999995955,233.3,8,19
1759005343.1548712,1759005331.5387554,1.433,1.5,0,348.51,352.09999999995955,233.25,10,19
1759005343.1650505,1759005331.5387554,1.4324999999999999,1.5,0,348.51,352.09999999995955,233.25,9,19
1759005343.1752574,1759005331.5387554,1.4315,1.5,0,348.46,352.09999999995955,233.35,9,19
1759005343.1853783,1759005331.5387554,1.432,1.5,0,348.46,352.09999999995955,233.39999999999998,9,21
1759005343.1957307,1759005331.5387554,1.433,1.5,0,348.46,352.09999999995955,233.45,9,21
1759005343.2057505,1759005331.5387554,1.4335,1.5,0,348.46,352.09999999995955,233.5,9,20
1759005343.2158177,1759005331.5387554,1.433,1.5,0,348.51,352.09999999995955,233.45,9,19
1759005343.2257679,1759005331.5387554,1.4324999999999999,1.5,0,348.51,352.09999999995955,233.4,9,19
1759005343.2361336,1759005331.5387554,1.4324999999999999,1.5,0,348.56,352.09999999995955,233.4,8,20
1759005343.2466328,1759005331.5387554,1.4335,1.5,0,348.56,352.09999999995955,233.45,9,21
1759005343.257019,1759005331.5387554,1.4335,1.5,0,348.61,352.09999999995955,233.55,9,20
1759005343.2665172,1759005331.5387554,1.434,1.5,0,348.61,352.09999999995955,233.60000000000002,10,20
1759005343.2772725,1759005331.5387554,1.4335,1.5,0,348.61,352.09999999995955,233.55,9,20
1759005343.2871604,1759005331.5387554,1.4335,1.5,0,348.61,352.09999999995955,233.5,10,20
1759005343.2978158,1759005331.5387554,1.4344999999999999,1.5,0,348.61,352.09999999995955,233.45,9,20
1759005343.307472,1759005331.5387554,1.434,1.5,0,348.63,352.09999999995955,233.45,8,19
1759005343.3178585,1759005331.5387554,1.434,1.5,0,348.65,352.09999999995955,233.5,9,21
1759005343.3276553,1759005331.5387554,1.434,1.5,0,348.6,352.09999999995955,233.55,9,20
1759005343.3377671,1759005331.5387554,1.433,1.5,0,348.65,352.09999999995955,233.64999999999998,9,19
1759005343.3483028,1759005331.5387554,1.4335,1.5,0,348.7,352.09999999995955,233.7,8,20
1759005343.3578622,1759005331.5387554,1.433,1.5,0,348.68,352.09999999995955,233.75,8,20
1759005343.368137,1759005331.5387554,1.4335,1.5,0,348.68,352.09999999995955,233.75,8,21
1759005343.3777244,1759005331.5387554,1.433,1.5,0,348.73,352.09999999995955,233.75,8,20
1759005343.3884103,1759005331.5387554,1.4315,1.5,0,348.78,352.09999999995955,233.75,8,20
1759005343.3985214,1759005331.5387554,1.43,1.5,0,348.78,352.09999999995955,233.75,8,19
1759005343.408497,1759005331.5387554,1.43,1.5,0,348.8,352.09999999995955,233.75,9,21
1759005343.418992,1759005331.5387554,1.4284999999999999,1.5,0,348.75,352.09999999995955,233.8,8,19
1759005343.4285488,1759005331.5387554,1.4275,1.5,0,348.77,352.09999999995955,233.85,8,19
1759005343.4398217,1759005331.5387554,1.4264999999999999,1.5,0,348.77,352.09999999995955,233.89999999999998,8,18
1759005343.449503,1759005331.5387554,1.426,1.5,0,348.77,352.09999999995955,233.89999999999998,8,19
1759005343.459851,1759005331.5387554,1.425,1.5,0,348.82,352.09999999995955,233.89999999999998,9,18
1759005343.4697788,1759005331.5387554,1.425,1.5,0,348.82,352.09999999995955,233.95,9,19
1759005343.4803152,1759005331.5387554,1.425,1.5,0,348.82,352.09999999995955,233.95,9,20
1759005343.4902468,1759005331.5387554,1.424,1.5,0,348.82,352.09999999995955,234.0,7,22
1759005343.500424,1759005331.5387554,1.4235,1.5,0,348.82,352.09999999995955,234.05,8,20
1759005343.5109038,1759005331.5387554,1.4224999999999999,1.5,0,348.82,352.09999999995955,234.1,8,20
1759005343.5206773,1759005331.5387554,1.4224999999999999,1.5,0,348.8,352.09999999995955,234.14999999999998,9,20
1759005343.530838,1759005331.5387554,1.423,1.5,0,348.8,352.09999999995955,234.14999999999998,10,19
1759005343.5407667,1759005331.5387554,1.4235,1.5,0,348.85,352.09999999995955,234.14999999999998,9,20
1759005343.5516427,1759005331.5387554,1.424,1.5,0,348.85,352.09999999995955,234.15,9,20
1759005343.5612662,1759005331.5387554,1.424,1.5,0,348.87,352.09999999995955,234.25,10,20
1759005343.5717103,1759005331.5387554,1.424,1.5,0,348.92,352.09999999995955,234.35000000000002,10,20
1759005343.5814166,1759005331.5387554,1.4255,1.5,0,348.87,352.09999999995955,234.45,9,21
1759005343.5919433,1759005331.5387554,1.4255,1.5,0,348.87,352.09999999995955,234.5,9,20
1759005343.601924,1759005331.5387554,1.426,1.5,0,348.89,352.09999999995955,234.5,9,20
1759005343.611543,1759005331.5387554,1.4264999999999999,1.5,0,348.84,352.09999999995955,234.5,10,20
1759005343.6215038,1759005331.5387554,1.427,1.5,0,348.89,352.09999999995955,234.5,10,20
1759005343.6319704,1759005331.5387554,1.429,1.5,0,348.89,352.09999999995955,234.45,10,20
1759005343.6418226,1759005331.5387554,1.431,1.5,0,348.84,352.09999999995955,234.4,10,21
1759005343.6523657,1759005331.5387554,1.433,1.5,0,348.82,352.09999999995955,234.35000000000002,9,21
1759005343.6616101,1759005331.5387554,1.434,1.5,0,348.87,352.09999999995955,234.4,9,21
1759005343.6726384,1759005331.5387554,1.436,1.5,0,348.87,352.09999999995955,234.35000000000002,9,21
1759005343.682557,1759005331.5387554,1.438,1.5,0,348.87,352.09999999995955,234.3,10,22
1759005343.692519,1759005331.5387554,1.439,1.5,0,348.85,352.09999999995955,234.14999999999998,9,21
1759005343.7032883,1759005331.5387554,1.44,1.5,0,348.92,352.09999999995955,234.0,10,20
1759005343.7130866,1759005331.5387554,1.4405,1.5,0,348.92,352.09999999995955,233.9,9,21
1759005343.7232442,1759005331.5387554,1.441,1.5,0,348.92,352.09999999995955,233.8,9,21
1759005343.733334,1759005331.5387554,1.4415,1.5,0,348.97,352.09999999995955,233.7,9,21
1759005343.7436895,1759005331.5387554,1.442,1.5,0,348.97,352.09999999995955,233.7,9,20
1759005343.7537556,1759005331.5387554,1.4425,1.5,0,348.97,352.09999999995955,233.8,9,21
1759005343.7640498,1759005331.5387554,1.443,1.5,0,348.97,352.09999999995955,233.95,8,21
1759005343.774155,1759005331.5387554,1.4435,1.5,0,348.97,352.09999999995955,234.05,9,20
1759005343.7847028,1759005331.5387554,1.444,1.5,0,348.95,352.09999999995955,234.05,10,20
1759005343.7948446,1759005331.5387554,1.445,1.5,0,349,352.09999999995955,234.05,10,20
1759005343.8048956,1759005331.5387554,1.4455,1.5,0,349,352.09999999995955,234.10000000000002,9,21
1759005343.8145614,1759005331.5387554,1.4455,1.5,0,349,352.09999999995955,234.2,9,21
1759005343.8254073,1759005331.5387554,1.4445,1.5,0,349,352.09999999995955,234.2,9,18
1759005343.8350823,1759005331.5387554,1.445,1.5,0,349,352.09999999995955,234.14999999999998,10,19
1759005343.845735,1759005331.5387554,1.445,1.5,0,349.02,352.09999999995955,234.05,8,20
1759005343.8559,1759005331.5387554,1.446,1.5,0,349.02,352.09999999995955,233.95,10,21
1759005343.8654745,1759005331.5387554,1.446,1.5,0,348.97,352.09999999995955,233.85,9,20
1759005343.8762102,1759005331.5387554,1.445,1.5,0,348.97,352.09999999995955,233.85,8,19
1759005343.8865564,1759005331.5387554,1.445,1.5,0,348.97,352.09999999995955,233.85000000000002,9,20
1759005343.8964179,1759005331.5387554,1.4435,1.5,0,348.92,352.09999999995955,233.95,8,19
1759005343.9064128,1759005331.5387554,1.443,1.5,0,348.92,352.09999999995955,234.1,8,19
1759005343.9164717,1759005331.5387554,1.443,1.5,0,348.87,352.09999999995955,234.2,8,20
1759005343.9273684,1759005331.5387554,1.4435,1.5,0,348.82,352.09999999995955,234.3,9,20
1759005343.9365902,1759005331.5387554,1.4435,1.5,0,348.84,352.09999999995955,234.39999999999998,9,20
1759005343.9472222,1759005331.5387554,1.4435,1.5,0,348.84,352.09999999995955,234.5,9,19
1759005343.957171,1759005331.5387554,1.4435,1.5,0,348.84,352.09999999995955,234.5,9,18
1759005343.9676123,1759005331.5387554,1.443,1.5,0,348.89,352.09999999995955,234.5,8,19
1759005343.9776986,1759005331.5387554,1.4425,1.5,0,348.91,352.09999999995955,234.55,9,20
1759005343.987795,1759005331.5387554,1.4415,1.5,0,348.86,352.09999999995955,234.7,9,19
1759005343.998359,1759005331.5387554,1.4425,1.5,0,348.86,352.09999999995955,234.9,10,20
1759005344.0083005,1759005331.5387554,1.442,1.5,0,348.91,352.09999999995955,235.05,8,19
1759005344.0182238,1759005331.5387554,1.442,1.5,0,348.86,352.09999999995955,235.15,10,19
1759005344.028364,1759005331.5387554,1.4425,1.5,0,348.88,352.09999999995955,235.2,9,21
1759005344.038524,1759005331.5387554,1.4425,1.5,0,348.83,352.09999999995955,235.25,9,20
1759005344.0485198,1759005331.5387554,1.4425,1.5,0,348.81,352.09999999995955,235.25,10,20
1759005344.058682,1759005331.5387554,1.442,1.5,0,348.81,352.09999999995955,235.3,10,19
1759005344.0687253,1759005331.5387554,1.442,1.5,0,348.81,352.09999999995955,235.39999999999998,10,19
1759005344.078628,1759005331.5387554,1.4425,1.5,0,348.86,352.09999999995955,235.5,9,20
1759005344.0891523,1759005331.5387554,1.4425,1.5,0,348.81,352.09999999995955,235.64999999999998,9,19
1759005344.099628,1759005331.5387554,1.4425,1.5,0,348.81,352.09999999995955,235.8,9,20
1759005344.109682,1759005331.5387554,1.441,1.5,0,348.83,352.09999999995955,235.95,7,20
1759005344.1203375,1759005331.5387554,1.4415,1.5,0,348.83,352.09999999995955,235.95,9,21
1759005344.130303,1759005331.5387554,1.441,1.5,0,348.78,352.09999999995955,235.9,9,19
1759005344.140367,1759005331.5387554,1.44,1.5,0,348.78,352.09999999995955,235.9,8,19
1759005344.1507072,1759005331.5387554,1.4415,1.5,0,348.85,352.09999999995955,236.0,10,19
1759005344.1604137,1759005331.5387554,1.442,1.5,0,348.85,352.09999999995955,236.05,9,19
1759005344.1713588,1759005331.5387554,1.441,1.5,0,348.8,352.09999999995955,235.95,8,19
1759005344.181084,1759005331.5387554,1.441,1.5,0,348.75,352.09999999995955,235.85000000000002,9,19
1759005344.191611,1759005331.5387554,1.442,1.5,0,348.8,352.09999999995955,235.75,9,21
1759005344.2019737,1759005331.5387554,1.441,1.5,0,348.85,352.09999999995955,235.8,8,20
1759005344.2119722,1759005331.5387554,1.441,1.5,0,348.8,352.09999999995955,235.8,10,20
1759005344.2217662,1759005331.5387554,1.441,1.5,0,348.75,352.09999999995955,235.8,9,20
1759005344.231958,1759005331.5387554,1.4415,1.5,0,348.75,352.09999999995955,235.89999999999998,9,20
1759005344.2419887,1759005331.5387554,1.441,1.5,0,348.8,352.09999999995955,236.0,7,20
1759005344.25236,1759005331.5387554,1.4415,1.5,0,348.75,352.09999999995955,236.0,8,21
1759005344.2626123,1759005331.5387554,1.441,1.5,0,348.75,352.09999999995955,235.95,9,20
1759005344.2725108,1759005331.5387554,1.4415,1.5,0,348.75,352.09999999995955,235.95,10,20
1759005344.2826343,1759005331.5387554,1.4405,1.5,0,348.75,352.09999999995955,236.0,9,19
1759005344.2925677,1759005331.5387554,1.44,1.5,0,348.75,352.09999999995955,236.10000000000002,8,20
1759005344.3025973,1759005331.5387554,1.4395,1.5,0,348.75,352.09999999995955,236.2,8,21
1759005344.3129947,1759005331.5387554,1.4395,1.5,0,348.75,352.09999999995955,236.25,9,20
1759005344.3234093,1759005331.5387554,1.4405,1.5,0,348.68,352.09999999995955,236.3,10,19
1759005344.333764,1759005331.5387554,1.4395,1.5,0,348.66,352.09999999995955,236.3,9,19
1759005344.3439112,1759005331.5387554,1.4395,1.5,0,348.71,352.09999999995955,236.35,9,20
1759005344.3537784,1759005331.5387554,1.44,1.5,0,348.66,352.09999999995955,236.35,9,20
1759005344.3641193,1759005331.5387554,1.441,1.5,0,348.66,352.09999999995955,236.45,9,21
1759005344.3741417,1759005331.5387554,1.4425,1.5,0,348.66,352.09999999995955,236.5,9,22
1759005344.3844533,1759005331.5387554,1.4425,1.5,0,348.66,352.09999999995955,236.55,10,19
1759005344.3948221,1759005331.5387554,1.443,1.5,0,348.68,352.09999999995955,236.55,9,20
1759005344.4048815,1759005331.5387554,1.444,1.5,0,348.68,352.09999999995955,236.55,9,21
1759005344.4149318,1759005331.5387554,1.445,1.5,0,348.73,352.09999999995955,236.6,9,20
1759005344.4251049,1759005331.5387554,1.444,1.5,0,348.71,352.09999999995955,236.7,8,20
1759005344.4357867,1759005331.5387554,1.445,1.5,0,348.76,352.09999999995955,236.8,9,20
1759005344.4456706,1759005331.5387554,1.4455,1.5,0,348.74,352.09999999995955,236.85,8,20
1759005344.4555,1759005331.5387554,1.448,1.5,0,348.69,352.09999999995955,236.85,10,21
1759005344.4663143,1759005331.5387554,1.449,1.5,0,348.69,352.09999999995955,236.89999999999998,8,21
1759005344.476238,1759005331.5387554,1.4505,1.5,0,348.69,352.09999999995955,237.0,9,21
1759005344.4863365,1759005331.5387554,1.4515,1.5,0,348.64,352.09999999995955,237.05,9,21
1759005344.4965312,1759005331.5387554,1.452,1.5,0,348.64,352.09999999995955,237.1,10,20
1759005344.5070453,1759005331.5387554,1.4515,1.5,0,348.64,352.09999999995955,237.1,8,20
1759005344.5172594,1759005331.5387554,1.453,1.5,0,348.69,352.09999999995955,237.1,10,21
1759005344.526967,1759005331.5387554,1.4535,1.5,0,348.67,352.09999999995955,237.10000000000002,9,20
1759005344.5375667,1759005331.5387554,1.453,1.5,0,348.67,352.09999999995955,237.0,9,19
1759005344.5472467,1759005331.5387554,1.4535,1.5,0,348.67,352.09999999995955,236.95,10,20
1759005344.5577781,1759005331.5387554,1.453,1.5,0,348.62,352.09999999995955,236.9,8,20
1759005344.567916,1759005331.5387554,1.4535,1.5,0,348.62,352.09999999995955,236.9,10,20
1759005344.5780845,1759005331.5387554,1.453,1.5,0,348.6,352.09999999995955,236.89999999999998,9,20
1759005344.5883126,1759005331.5387554,1.4535,1.5,0,348.55,352.09999999995955,236.89999999999998,10,21
1759005344.5983472,1759005331.5387554,1.4535,1.5,0,348.6,352.09999999995955,236.9,10,20
1759005344.6084325,1759005331.5387554,1.4535,1.5,0,348.55,352.09999999995955,236.95,9,20
1759005344.6184468,1759005331.5387554,1.4535,1.5,0,348.48,352.09999999995955,236.95,9,20
1759005344.6287336,1759005331.5387554,1.453,1.5,0,348.48,352.09999999995955,236.95,9,20
1759005344.6390786,1759005331.5387554,1.452,1.5,0,348.48,352.09999999995955,236.95,8,20
1759005344.6485732,1759005331.5387554,1.451,1.5,0,348.43,352.09999999995955,236.95,8,20
1759005344.6590765,1759005331.5387554,1.45,1.5,0,348.48,352.09999999995955,236.95,9,20
1759005344.669251,1759005331.5387554,1.4485,1.5,0,348.5,352.09999999995955,237.0,8,19
1759005344.6795614,1759005331.5387554,1.4485,1.5,0,348.5,352.09999999995955,237.0,10,20
1759005344.6892626,1759005331.5387554,1.4475,1.5,0,348.5,352.09999999995955,237.0,9,19
1759005344.6995666,1759005331.5387554,1.446,1.5,0,348.45,352.09999999995955,236.95,9,20
1759005344.7097425,1759005331.5387554,1.445,1.5,0,348.47,352.09999999995955,236.95,8,20
1759005344.7198825,1759005331.5387554,1.4445,1.5,0,348.4,352.09999999995955,236.9,9,20
1759005344.7298515,1759005331.5387554,1.444,1.5,0,348.4,352.09999999995955,236.9,10,19
1759005344.7403517,1759005331.5387554,1.443,1.5,0,348.4,352.09999999995955,236.95,9,19
1759005344.7503347,1759005331.5387554,1.4425,1.5,0,348.4,352.09999999995955,237.05,9,20
1759005344.7604403,1759005331.5387554,1.443,1.5,0,348.45,352.09999999995955,237.2,10,20
1759005344.770818,1759005331.5387554,1.4425,1.5,0,348.4,352.09999999995955,237.3,9,20
1759005344.781273,1759005331.5387554,1.4425,1.5,0,348.4,352.09999999995955,237.35,9,20
1759005344.7914495,1759005331.5387554,1.4425,1.5,0,348.4,352.09999999995955,237.4,9,20
1759005344.8014088,1759005331.5387554,1.4415,1.5,0,348.35,352.09999999995955,237.45,9,19
1759005344.811963,1759005331.5387554,1.4405,1.5,0,348.35,352.09999999995955,237.55,9,19
1759005344.8217273,1759005331.5387554,1.4395,1.5,0,348.3,352.09999999995955,237.65,10,18
1759005344.8323212,1759005331.5387554,1.439,1.5,0,348.32,352.09999999995955,237.65,8,21
1759005344.841769,1759005331.5387554,1.4405,1.5,0,348.39,352.09999999995955,237.55,9,21
1759005344.8523946,1759005331.5387554,1.4405,1.5,0,348.39,352.09999999995955,237.5,9,20
1759005344.8626697,1759005331.5387554,1.44,1.5,0,348.37,352.09999999995955,237.55,8,19
1759005344.8726702,1759005331.5387554,1.4385,1.5,0,348.32,352.09999999995955,237.6,8,20
1759005344.8828547,1759005331.5387554,1.4385,1.5,0,348.32,352.09999999995955,237.65,9,20
1759005344.8931997,1759005331.5387554,1.439,1.5,0,348.32,352.09999999995955,237.64999999999998,8,20
1759005344.9034755,1759005331.5387554,1.438,1.5,0,348.34,352.09999999995955,237.60000000000002,8,19
1759005344.91343,1759005331.5387554,1.4385,1.5,0,348.41,352.09999999995955,237.5,8,20
1759005344.9234898,1759005331.5387554,1.439,1.5,0,348.41,352.09999999995955,237.39999999999998,8,20
1759005344.93403,1759005331.5387554,1.439,1.5,0,348.46,352.09999999995955,237.35,8,20
1759005344.9436796,1759005331.5387554,1.439,1.5,0,348.51,352.09999999995955,237.25,9,20
1759005344.954088,1759005331.5387554,1.439,1.5,0,348.49,352.09999999995955,237.15,9,20
1759005344.9646869,1759005331.5387554,1.439,1.5,0,348.49,352.09999999995955,237.15,9,19
1759005344.9744797,1759005331.5387554,1.4395,1.5,0,348.44,352.09999999995955,237.25,8,20
1759005344.9846954,1759005331.5387554,1.4405,1.5,0,348.44,352.09999999995955,237.35,9,20
1759005344.994821,1759005331.5387554,1.44,1.5,0,348.42,352.09999999995955,237.5,9,19
1759005345.0056024,1759005331.5387554,1.4395,1.5,0,348.49,352.09999999995955,237.55,9,18
1759005345.015433,1759005331.5387554,1.44,1.5,0,348.49,352.09999999995955,237.55,10,21
1759005345.0256314,1759005331.5387554,1.442,1.5,0,348.44,352.09999999995955,237.45,9,22
1759005345.0348842,1759005331.5387554,1.442,1.5,0,348.51,352.09999999995955,237.3,9,20
1759005345.0452437,1759005331.5387554,1.4415,1.5,0,348.46,352.09999999995955,237.25,9,20
1759005345.0553985,1759005331.5387554,1.441,1.5,0,348.46,352.09999999995955,237.15,9,19
1759005345.0657418,1759005331.5387554,1.441,1.5,0,348.46,352.09999999995955,237.10000000000002,10,20
1759005345.0764167,1759005331.5387554,1.441,1.5,0,348.46,352.09999999995955,237.0,9,20
1759005345.086859,1759005331.5387554,1.441,1.5,0,348.46,352.09999999995955,236.89999999999998,8,21
1759005345.0968108,1759005331.5387554,1.441,1.5,0,348.46,352.09999999995955,236.85,9,20
1759005345.1074872,1759005331.5387554,1.4405,1.5,0,348.46,352.09999999995955,236.8,8,19
1759005345.117787,1759005331.5387554,1.441,1.5,0,348.46,352.09999999995955,236.75,9,21
1759005345.1273572,1759005331.5387554,1.4425,1.5,0,348.46,352.09999999995955,236.7,9,21
1759005345.1382082,1759005331.5387554,1.4415,1.5,0,348.41,352.09999999995955,236.7,9,19
1759005345.1478782,1759005331.5387554,1.442,1.5,0,348.41,352.09999999995955,236.7,9,20
1759005345.1585653,1759005331.5387554,1.443,1.5,0,348.46,352.09999999995955,236.7,10,19
1759005345.1683202,1759005331.5387554,1.443,1.5,0,348.44,352.09999999995955,236.75,9,20
1759005345.178647,1759005331.5387554,1.4435,1.5,0,348.44,352.09999999995955,236.8,9,20
1759005345.1888154,1759005331.5387554,1.4445,1.5,0,348.44,352.09999999995955,236.89999999999998,9,20
1759005345.199252,1759005331.5387554,1.445,1.5,0,348.49,352.09999999995955,237.0,9,20
1759005345.2096918,1759005331.5387554,1.4445,1.5,0,348.49,352.09999999995955,237.0,9,20
1759005345.2194588,1759005331.5387554,1.445,1.5,0,348.49,352.09999999995955,236.95,9,20
1759005345.2299244,1759005331.5387554,1.4445,1.5,0,348.49,352.09999999995955,237.0,9,20
1759005345.2401526,1759005331.5387554,1.444,1.5,0,348.54,352.09999999995955,237.0,8,20
1759005345.2504609,1759005331.5387554,1.4445,1.5,0,348.54,352.09999999995955,237.0,10,20
1759005345.2605367,1759005331.5387554,1.446,1.5,0,348.54,352.09999999995955,237.0,9,21
1759005345.2708178,1759005331.5387554,1.4465,1.5,0,348.59,352.09999999995955,237.05,9,21
1759005345.2812815,1759005331.5387554,1.447,1.5,0,348.59,352.09999999995955,237.05,10,20
1759005345.2913566,1759005331.5387554,1.447,1.5,0,348.54,352.09999999995955,237.0,10,20
1759005345.301856,1759005331.5387554,1.4475,1.5,0,348.54,352.09999999995955,236.9,10,19
1759005345.3119183,1759005331.5387554,1.448,1.5,0,348.54,352.09999999995955,236.8,9,20
1759005345.3222647,1759005331.5387554,1.4475,1.5,0,348.49,352.09999999995955,236.8,9,19
1759005345.33209,1759005331.5387554,1.4475,1.5,0,348.49,352.09999999995955,236.9,9,20
1759005345.3424025,1759005331.5387554,1.447,1.5,0,348.49,352.09999999995955,237.05,8,20
1759005345.3522904,1759005331.5387554,1.447,1.5,0,348.49,352.09999999995955,237.2,9,19
1759005345.3623583,1759005331.5387554,1.447,1.5,0,348.51,352.09999999995955,237.25,9,20
1759005345.372637,1759005331.5387554,1.447,1.5,0,348.58,352.09999999995955,237.25,9,20
1759005345.3825166,1759005331.5387554,1.4465,1.5,0,348.58,352.09999999995955,237.2,9,20
1759005345.3930185,1759005331.5387554,1.4465,1.5,0,348.58,352.09999999995955,237.14999999999998,9,22
1759005345.4033551,1759005331.5387554,1.4455,1.5,0,348.56,352.09999999995955,237.1,8,19
1759005345.4136622,1759005331.5387554,1.445,1.5,0,348.49,352.09999999995955,237.1,8,20
1759005345.4235897,1759005331.5387554,1.4445,1.5,0,348.44,352.09999999995955,237.1,9,20
1759005345.4340339,1759005331.5387554,1.445,1.5,0,348.39,352.09999999995955,237.1,9,21
1759005345.4438581,1759005331.5387554,1.4455,1.5,0,348.39,352.09999999995955,237.05,9,20
1759005345.4541686,1759005331.5387554,1.4465,1.5,0,348.34,352.09999999995955,236.95,10,21
1759005345.4644952,1759005331.5387554,1.447,1.5,0,348.29,352.09999999995955,236.85000000000002,10,19
1759005345.4742615,1759005331.5387554,1.4455,1.5,0,348.29,352.09999999995955,236.85000000000002,8,20
1759005345.4844396,1759005331.5387554,1.4465,1.5,0,348.29,352.09999999995955,236.85000000000002,10,21
1759005345.4948,1759005331.5387554,1.4455,1.5,0,348.29,352.09999999995955,236.8,7,21
1759005345.5051785,1759005331.5387554,1.4445,1.5,0,348.34,352.09999999995955,236.75,8,20
1759005345.5148199,1759005331.5387554,1.4435,1.5,0,348.29,352.09999999995955,236.7,8,20
1759005345.5253406,1759005331.5387554,1.444,1.5,0,348.34,352.09999999995955,236.6,9,20
1759005345.5355825,1759005331.5387554,1.4435,1.5,0,348.34,352.09999999995955,236.5,10,20
1759005345.5455232,1759005331.5387554,1.4435,1.5,0,348.36,352.09999999995955,236.4,9,20
1759005345.5557485,1759005331.5387554,1.445,1.5,0,348.34,352.09999999995955,236.4,10,21
1759005345.5656693,1759005331.5387554,1.445,1.5,0,348.39,352.09999999995955,236.4,9,21
1759005345.5763338,1759005331.5387554,1.4465,1.5,0,348.44,352.09999999995955,236.5,9,22
1759005345.5859404,1759005331.5387554,1.4475,1.5,0,348.39,352.09999999995955,236.5,10,22
1759005345.596855,1759005331.5387554,1.4495,1.5,0,348.39,352.09999999995955,236.45,10,23
1759005345.6065388,1759005331.5387554,1.451,1.5,0,348.44,352.09999999995955,236.4,12,22
1759005345.616688,1759005331.5387554,1.4525,1.5,0,348.39,352.09999999995955,236.3,11,22
1759005345.6267834,1759005331.5387554,1.4545,1.5,0,348.44,352.09999999995955,236.2,11,22
1759005345.6372056,1759005331.5387554,1.456,1.5,0,348.49,352.09999999995955,236.15,13,19
1759005345.6473787,1759005331.5387554,1.456,1.5,0,348.49,352.09999999995955,236.15,13,16
1759005345.6576273,1759005331.5387554,1.4535,1.5,0,348.49,352.09999999995955,236.10000000000002,11,12
1759005345.667476,1759005331.5387554,1.4495,1.5,0,348.49,352.09999999995955,236.1,11,9
1759005345.6777344,1759005331.5387554,1.4435,1.5,0,348.49,352.09999999995955,236.1,9,8
1759005345.6880016,1759005331.5387554,1.4355,1.5,0,348.44,352.09999999995955,236.05,6,5
1759005345.6982958,1759005331.5387554,1.4204999999999999,1.5,0,348.46,352.09999999995955,235.95,0,0
1759005345.708255,1759005331.5387554,1.408,1.5,0,348.46,352.09999999995955,235.9,1,2
1759005345.7183535,1759005331.5387554,1.3975,1.5,0,348.46,352.09999999995955,235.9,3,5
1759005345.7286396,1759005331.5387554,1.391,1.5,0,348.48,352.09999999995955,236.0,7,8
1759005345.738444,1759005331.5387554,1.387,1.5,0,348.53,352.09999999995955,236.15,10,11
1759005345.7484705,1759005331.5387554,1.3855,1.5,0,348.58,352.09999999995955,236.2,13,13
1759005345.759083,1759005331.5387554,1.3865,1.5,0,348.53,352.09999999995955,236.2,15,15
1759005345.7685707,1759005331.5387554,1.3905,1.5,0,348.53,352.09999999995955,236.14999999999998,19,18
1759005345.7793376,1759005331.5387554,1.3965,1.5,0,348.53,352.09999999995955,236.0,20,22
1759005345.7890937,1759005331.5387554,1.404,1.5,0,348.53,352.09999999995955,235.85000000000002,21,23
1759005345.7997236,1759005331.5387554,1.4124999999999999,1.5,0,348.53,352.09999999995955,235.7,23,23
1759005345.8094058,1759005331.5387554,1.4224999999999999,1.5,0,348.53,352.09999999995955,235.5,26,23
1759005345.8193095,1759005331.5387554,1.4335,1.5,0,348.53,352.09999999995955,235.39999999999998,25,25
1759005345.8296885,1759005331.5387554,1.4445,1.5,0,348.48,352.09999999995955,235.3,26,24
1759005345.839936,1759005331.5387554,1.455,1.5,0,348.53,352.09999999995955,235.1,24,25
1759005345.8503253,1759005331.5387554,1.4625,1.5,0,348.51,352.09999999995955,234.95,21,23
1759005345.8601213,1759005331.5387554,1.4685,1.5,0,348.49,352.09999999995955,235.0,19,23
1759005345.870448,1759005331.5387554,1.474,1.5,0,348.54,352.09999999995955,235.1,17,23
1759005345.8805118,1759005331.5387554,1.4775,1.5,0,348.49,352.09999999995955,235.05,10,24
1759005345.8904917,1759005331.5387554,1.4785,1.5,0,348.54,352.09999999995955,235.0,6,24
1759005345.9012265,1759005331.5387554,1.4765,1.5,0,348.59,352.09999999995955,234.9,2,23
1759005345.9112387,1759005331.5387554,1.4785,1.5,0,348.59,352.09999999995955,234.8,12,20
1759005345.9214702,1759005331.5387554,1.484,1.5,0,348.52,352.09999999995955,234.89999999999998,27,11
1759005345.9316902,1759005331.5387554,1.483,1.5,0,348.41,352.09999999995955,235.10000000000002,17,9
1759005345.9414725,1759005331.5387554,1.476,1.5,0,348.3,352.09999999995955,235.6,10,4
1759005345.952336,1759005331.5387554,1.4645,1.5,0,348.19,352.09999999995955,236.75,4,1
1759005345.9629693,0,0,1.5,4,347.85,670,239.35000000000002,0,0
1759005345.9732263,0,0,1.5,4,347.85,670,239.35000000000002,0,0
1759005345.9834704,0,0,1.5,4,347.85,670,239.35000000000002,0,0
1759005345.9937327,0,0,1.5,4,347.85,670,239.35000000000002,0,0
1759005346.0039368,0,0,1.5,4,347.85,670,239.35000000000002,0,0
1759005346.0140796,0,0,1.5,4,347.85,670,239.35000000000002,0,0
1759005346.0243578,0,0,1.5,4,347.85,670,239.35000000000002,0,0
1759005346.0346043,0,0,1.5,4,347.85,670,239.35000000000002,0,0
1759005346.0448532,0,0,1.5,4,347.85,670,239.35000000000002,0,0
1759005346.0550888,0,0,1.5,4,347.85,670,239.35000000000002,0,0
1759005346.0653446,0,0,1.5,4,347.85,670,239.35000000000002,0,0
1759005346.0755844,0,0,1.5,4,347.85,670,239.35000000000002,0,0
1759005346.0858305,0,0,1.5,4,347.85,670,239.35000000000002,0,0
1759005346.0960803,0,0,1.5,4,347.85,670,239.35000000000002,0,0
1759005346.1063216,0,0,1.5,4,347.85,670,239.35000000000002,0,0
1759005346.1165383,0,0,1.5,4,347.85,670,239.35000000000002,0,0
1759005346.1267862,0,0,1.5,4,347.85,670,239.35000000000002,0,0
1759005346.137031,0,0,1.5,4,347.85,670,239.35000000000002,0,0
1759005346.1472805,0,0,1.5,4,347.85,670,239.35000000000002,0,0
1759005346.1575274,0,0,1.5,4,347.85,670,239.35000000000002,0,0
1759005346.1677961,0,0,1.5,4,347.85,670,239.35000000000002,0,0
1759005346.178042,0,0,1.5,4,347.85,670,239.35000000000002,0,0
1759005346.1882682,0,0,1.5,4,347.85,670,239.35000000000002,0,0
1759005346.198516,0,0,1.5,4,347.85,670,239.35000000000002,0,0
1759005346.2087696,0,0,1.5,4,347.85,670,239.35000000000002,0,0
1759005346.2190142,0,0,1.5,4,347.85,670,239.35000000000002,0,0
1759005346.2292392,0,0,1.5,4,347.85,670,239.35000000000002,0,0
1759005346.239478,0,0,1.5,4,347.85,670,239.35000000000002,0,0
1759005346.2497456,0,0,1.5,4,347.85,670,239.35000000000002,0,0
1759005346.2599442,0,0,1.5,4,347.85,670,239.35000000000002,0,0
1759005346.2701805,0,0,1.5,4,347.85,670,239.35000000000002,0,0
1759005346.2804182,0,0,1.5,4,347.85,670,239.35000000000002,0,0
1759005346.2906697,0,0,1.5,4,347.85,670,239.35000000000002,0,0
1759005346.3009706,0,0,1.5,4,347.85,670,239.35000000000002,0,0
1759005346.311219,0,0,1.5,4,347.85,670,239.35000000000002,0,0
1759005346.3214655,0,0,1.5,4,347.85,670,239.35000000000002,0,0
1759005346.3317153,0,0,1.5,4,347.85,670,239.35000000000002,0,0
1759005346.3419628,0,0,1.5,4,347.85,670,239.35000000000002,0,0
1759005346.3522055,0,0,1.5,4,347.85,670,239.35000000000002,0,0
1759005346.3624537,0,0,1.5,4,347.85,670,239.35000000000002,0,0
1759005346.372735,0,0,1.5,4,347.85,670,239.35000000000002,0,0
1759005346.382981,0,0,1.5,4,347.85,670,239.35000000000002,0,0
1759005346.393228,0,0,1.5,4,347.85,670,239.35000000000002,0,0
1759005346.403471,0,0,1.5,4,347.85,670,239.35000000000002,0,0
1759005346.4137163,0,0,1.5,4,347.85,670,239.35000000000002,0,0
1759005346.4239638,0,0,1.5,4,347.85,670,239.35000000000002,0,0
1759005346.4342248,0,0,1.5,4,347.85,670,239.35000000000002,0,0
1759005346.4444468,0,0,1.5,4,347.85,670,239.35000000000002,0,0
1759005346.454685,0,0,1.5,4,347.85,670,239.35000000000002,0,0
1759005346.4649572,0,0,1.5,4,347.85,670,239.35000000000002,0,0
1759005346.4751928,0,0,1.5,4,347.85,670,239.35000000000002,0,0
1759005346.485439,0,0,1.5,4,347.85,670,239.35000000000002,0,0
1759005346.4956846,0,0,1.5,4,347.85,670,239.35000000000002,0,0
1759005346.5059252,0,0,1.5,4,347.85,670,239.35000000000002,0,0
1759005346.5161774,0,0,1.5,4,347.85,670,239.35000000000002,0,0
1759005346.5264263,0,0,1.5,4,347.85,670,239.35000000000002,0,0
1759005346.5367463,0,0,1.5,4,347.85,670,239.35000000000002,0,0
1759005346.546986,0,0,1.5,4,347.85,670,239.35000000000002,0,0
1759005346.557236,0,0,1.5,4,347.85,670,239.35000000000002,0,0
1759005346.5674756,0,0,1.5,4,347.85,670,239.35000000000002,0,0
1759005346.5777535,0,0,1.5,4,347.85,670,239.35000000000002,0,0
1759005346.5880036,0,0,1.5,4,347.85,670,239.35000000000002,0,0
1759005346.5982566,0,0,1.5,4,347.85,670,239.35000000000002,0,0
1759005346.6085052,0,0,1.5,4,347.85,670,239.35000000000002,0,0
1759005346.618747,0,0,1.5,4,347.85,670,239.35000000000002,0,0
1759005346.6290016,0,0,1.5,4,347.85,670,239.35000000000002,0,0
1759005346.6392467,0,0,1.5,4,347.85,670,239.35000000000002,0,0
1759005346.6494823,0,0,1.5,4,347.85,670,239.35000000000002,0,0
1759005346.659731,0,0,1.5,4,347.85,670,239.35000000000002,0,0
1759005346.669966,0,0,1.5,4,347.85,670,239.35000000000002,0,0
1759005346.68021,0,0,1.5,4,347.85,670,239.35000000000002,0,0
1759005346.6904354,0,0,1.5,4,347.85,670,239.35000000000002,0,0
1759005346.7006578,0,0,1.5,4,347.85,670,239.35000000000002,0,0
1759005346.7109058,0,0,1.5,4,347.85,670,239.35000000000002,0,0
1759005346.7211623,0,0,1.5,4,347.85,670,239.35000000000002,0,0
1759005346.7314115,0,0,1.5,4,347.85,670,239.35000000000002,0,0
1759005346.7416503,0,0,1.5,4,347.85,670,239.35000000000002,0,0
1759005346.7519042,0,0,1.5,4,347.85,670,239.35000000000002,0,0
1759005346.7621746,0,0,1.5,4,347.85,670,239.35000000000002,0,0
1759005346.772423,0,0,1.5,4,347.85,670,239.35000000000002,0,0
1759005346.7826777,0,0,1.5,4,347.85,670,239.35000000000002,0,0
1759005346.7929199,0,0,1.5,4,347.85,670,239.35000000000002,0,0
1759005346.8031623,0,0,1.5,4,347.85,670,239.35000000000002,0,0
1759005346.8134017,0,0,1.5,4,347.85,670,239.35000000000002,0,0
1759005346.823667,0,0,1.5,4,347.85,670,239.35000000000002,0,0
1759005346.833925,0,0,1.5,4,347.85,670,239.35000000000002,0,0
1759005346.8441625,0,0,1.5,4,347.85,670,239.35000000000002,0,0
1759005346.854395,0,0,1.5,4,347.85,670,239.35000000000002,0,0
1759005346.8646708,0,0,1.5,4,347.85,670,239.35000000000002,0,0
1759005346.87491,0,0,1.5,4,347.85,670,239.35000000000002,0,0
1759005346.8851545,0,0,1.5,4,347.85,670,239.35000000000002,0,0
1759005346.8954422,0,0,1.5,4,347.85,670,239.35000000000002,0,0
1759005346.9056928,0,0,1.5,4,347.85,670,239.35000000000002,0,0
1759005346.9159276,0,0,1.5,4,347.85,670,239.35000000000002,0,0
1759005346.9261692,0,0,1.5,4,347.85,670,239.35000000000002,0,0
1759005346.9364111,0,0,1.5,4,347.85,670,239.35000000000002,0,0
1759005346.9466527,0,0,1.5,4,347.85,670,239.35000000000002,0,0
1759005346.9568994,0,0,1.5,4,347.85,670,239.35000000000002,0,0
1759005346.9671419,0,0,1.5,4,347.85,670,239.35000000000002,0,0
1759005346.977393,0,0,1.5,4,347.85,670,239.35000000000002,0,0
1759005346.9876626,0,0,1.5,4,347.85,670,239.35000000000002,0,0
1759005346.997907,0,0,1.5,4,347.85,670,239.35000000000002,0,0
1759005347.0081463,0,0,1.5,4,347.85,670,239.35000000000002,0,0
1759005347.0183861,0,0,1.5,4,347.85,670,239.35000000000002,0,0
1759005347.0286472,0,0,1.5,4,347.85,670,239.35000000000002,0,0
1759005347.0389028,0,0,1.5,4,347.85,670,239.35000000000002,0,0
1759005347.0491483,0,0,1.5,4,347.85,670,239.35000000000002,0,0
1759005347.059403,0,0,1.5,4,347.85,670,239.35000000000002,0,0
1759005347.0696647,0,0,1.5,4,347.85,670,239.35000000000002,0,0
1759005347.0799177,0,0,1.5,4,347.85,670,239.35000000000002,0,0
1759005347.0901659,0,0,1.5,4,347.85,670,239.35000000000002,0,0
1759005347.100389,0,0,1.5,4,347.85,670,239.35000000000002,0,0
1759005347.11061,0,0,1.5,4,347.85,670,239.35000000000002,0,0
1759005347.1208496,0,0,1.5,4,347.85,670,239.35000000000002,0,0
1759005347.1310575,0,0,1.5,4,347.85,670,239.35000000000002,0,0
1759005347.1412985,0,0,1.5,4,347.85,670,239.35000000000002,0,0
1759005347.1515155,0,0,1.5,4,347.85,670,239.35000000000002,0,0
1759005347.1617486,0,0,1.5,4,347.85,670,239.35000000000002,0,0
1759005347.1719596,0,0,1.5,4,347.85,670,239.35000000000002,0,0
1759005347.1821647,0,0,1.5,4,347.85,670,239.35000000000002,0,0
1759005347.1923807,0,0,1.5,4,347.85,670,239.35000000000002,0,0
1759005347.2025993,0,0,1.5,4,347.85,670,239.35000000000002,0,0
1759005347.2128289,0,0,1.5,4,347.85,670,239.35000000000002,0,0
1759005347.2230508,0,0,1.5,4,347.85,670,239.35000000000002,0,0
1759005347.2332747,0,0,1.5,4,347.85,670,239.35000000000002,0,0
1759005347.243486,0,0,1.5,4,347.85,670,239.35000000000002,0,0
1759005347.2537067,0,0,1.5,4,347.85,670,239.35000000000002,0,0
1759005347.263929,0,0,1.5,4,347.85,670,239.35000000000002,0,0
1759005347.2741404,0,0,1.5,4,347.85,670,239.35000000000002,0,0
1759005347.2843637,0,0,1.5,4,347.85,670,239.35000000000002,0,0
1759005347.294589,0,0,1.5,4,347.85,670,239.35000000000002,0,0
1759005347.304827,0,0,1.5,4,347.85,670,239.35000000000002,0,0
1759005347.3150675,0,0,1.5,4,347.85,670,239.35000000000002,0,0
1759005347.3253138,0,0,1.5,4,347.85,670,239.35000000000002,0,0
1759005347.3355632,0,0,1.5,4,347.85,670,239.35000000000002,0,0
1759005347.3458066,0,0,1.5,4,347.85,670,239.35000000000002,0,0
1759005347.3560405,0,0,1.5,4,347.85,670,239.35000000000002,0,0
1759005347.3662286,0,0,1.5,4,347.85,670,239.35000000000002,0,0
1759005347.3763173,0,0,1.5,4,347.85,670,239.35000000000002,0,0
1759005347.3864052,0,0,1.5,4,347.85,670,239.35000000000002,0,0
1759005347.3964896,0,0,1.5,4,347.85,670,239.35000000000002,0,0
1759005347.4065692,0,0,1.5,4,347.85,670,239.35000000000002,0,0
1759005347.4167364,0,0,1.5,4,347.85,670,239.35000000000002,0,0
1759005347.426935,0,0,1.5,4,347.85,670,239.35000000000002,0,0
1759005347.4371834,0,0,1.5,4,347.85,670,239.35000000000002,0,0
1759005347.4473417,0,0,1.5,4,347.85,670,239.35000000000002,0,0
1759005347.4575174,0,0,1.5,4,347.85,670,239.35000000000002,0,0
1759005347.4676843,0,0,1.5,4,347.85,670,239.35000000000002,0,0
1759005347.4778702,0,0,1.5,4,347.85,670,239.35000000000002,0,0
1759005347.488024,0,0,1.5,4,347.85,670,239.35000000000002,0,0
1759005347.4981158,0,0,1.5,4,347.85,670,239.35000000000002,0,0
1759005347.508268,0,0,1.5,4,347.85,670,239.35000000000002,0,0
1759005347.5184278,0,0,1.5,4,347.85,670,239.35000000000002,0,0
1759005347.528669,0,0,1.5,4,347.85,670,239.35000000000002,0,0
1759005347.5389166,0,0,1.5,4,347.85,670,239.35000000000002,0,0
1759005347.5490851,0,0,1.5,4,347.85,670,239.35000000000002,0,0
1759005347.5593324,0,0,1.5,4,347.85,670,239.35000000000002,0,0
1759005347.5695019,0,0,1.5,4,347.85,670,239.35000000000002,0,0
1759005347.579738,0,0,1.5,4,347.85,670,239.35000000000002,0,0
1759005347.589906,0,0,1.5,4,347.85,670,239.35000000000002,0,0
1759005347.6000807,0,0,1.5,4,347.85,670,239.35000000000002,0,0
1759005347.6102347,0,0,1.5,4,347.85,670,239.35000000000002,0,0
1759005347.6204069,0,0,1.5,4,347.85,670,239.35000000000002,0,0
1759005347.630561,0,0,1.5,4,347.85,670,239.35000000000002,0,0
1759005347.6407423,0,0,1.5,4,347.85,670,239.35000000000002,0,0
1759005347.650894,0,0,1.5,4,347.85,670,239.35000000000002,0,0
1759005347.6610649,0,0,1.5,4,347.85,670,239.35000000000002,0,0
1759005347.6712182,0,0,1.5,4,347.85,670,239.35000000000002,0,0
1759005347.6813881,0,0,1.5,4,347.85,670,239.35000000000002,0,0
1759005347.6915452,0,0,1.5,4,347.85,670,239.35000000000002,0,0
1759005347.7017255,0,0,1.5,4,347.85,670,239.35000000000002,0,0
1759005347.7118971,0,0,1.5,4,347.85,670,239.35000000000002,0,0
1759005347.7221391,0,0,1.5,4,347.85,670,239.35000000000002,0,0
1759005347.7323062,0,0,1.5,4,347.85,670,239.35000000000002,0,0
1759005347.7425463,0,0,1.5,4,347.85,670,239.35000000000002,0,0
1759005347.7527158,0,0,1.5,4,347.85,670,239.35000000000002,0,0
1759005347.7628663,0,0,1.5,4,347.85,670,239.35000000000002,0,0
1759005347.773032,0,0,1.5,4,347.85,670,239.35000000000002,0,0
1759005347.7833307,0,0,1.5,4,347.85,670,239.35000000000002,0,0
1759005347.7935772,0,0,1.5,4,347.85,670,239.35000000000002,0,0
1759005347.8038335,0,0,1.5,4,347.85,670,239.35000000000002,0,0
1759005347.8140728,0,0,1.5,4,347.85,670,239.35000000000002,0,0
1759005347.8243165,0,0,1.5,4,347.85,670,239.35000000000002,0,0
1759005347.834576,0,0,1.5,4,347.85,670,239.35000000000002,0,0
1759005347.8448162,0,0,1.5,4,347.85,670,239.35000000000002,0,0
1759005347.8549535,0,0,1.5,4,347.85,670,239.35000000000002,0,0
1759005347.86519,0,0,1.5,4,347.85,670,239.35000000000002,0,0
1759005347.875426,0,0,1.5,4,347.85,670,239.35000000000002,0,0
1759005347.88569,0,0,1.5,4,347.85,670,239.35000000000002,0,0
1759005347.8958461,0,0,1.5,4,347.85,670,239.35000000000002,0,0
1759005347.9059536,0,0,1.5,4,347.85,670,239.35000000000002,0,0
1759005347.9161134,0,0,1.5,4,347.85,670,239.35000000000002,0,0
1759005347.9262793,0,0,1.5,4,347.85,670,239.35000000000002,0,0
1759005347.9364293,0,0,1.5,4,347.85,670,239.35000000000002,0,0
1759005347.9465785,0,0,1.5,4,347.85,670,239.35000000000002,0,0
1759005347.956763,0,0,1.5,4,347.85,670,239.35000000000002,0,0
1759005347.9669347,0,0,1.5,4,347.85,670,239.35000000000002,0,0
1759005347.9770832,0,0,1.5,4,347.85,670,239.35000000000002,0,0
1759005347.9871757,0,0,1.5,4,347.85,670,239.35000000000002,0,0
1759005347.997327,0,0,1.5,4,347.85,670,239.35000000000002,0,0
1759005348.00747,0,0,1.5,4,347.85,670,239.35000000000002,0,0
1759005348.0176365,0,0,1.5,4,347.85,670,239.35000000000002,0,0
1759005348.0277956,0,0,1.5,4,347.85,670,239.35000000000002,0,0
1759005348.0379515,0,0,1.5,4,347.85,670,239.35000000000002,0,0
1759005348.0481153,0,0,1.5,4,347.85,670,239.35000000000002,0,0
1759005348.0582597,0,0,1.5,4,347.85,670,239.35000000000002,0,0
1759005348.068425,0,0,1.5,4,347.85,670,239.35000000000002,0,0
1759005348.0785797,0,0,1.5,4,347.85,670,239.35000000000002,0,0
1759005348.0887592,0,0,1.5,4,347.85,670,239.35000000000002,0,0
1759005348.0989082,0,0,1.5,4,347.85,670,239.35000000000002,0,0
1759005348.1090775,0,0,1.5,4,347.85,670,239.35000000000002,0,0
1759005348.1192212,0,0,1.5,4,347.85,670,239.35000000000002,0,0
1759005348.1293046,0,0,1.5,4,347.85,670,239.35000000000002,0,0
1759005348.1394546,0,0,1.5,4,347.85,670,239.35000000000002,0,0
1759005348.1496174,0,0,1.5,4,347.85,670,239.35000000000002,0,0
1759005348.1597888,0,0,1.5,4,347.85,670,239.35000000000002,0,0
1759005348.169952,0,0,1.5,4,347.85,670,239.35000000000002,0,0
1759005348.180098,0,0,1.5,4,347.85,670,239.35000000000002,0,0
1759005348.190264,0,0,1.5,4,347.85,670,239.35000000000002,0,0
1759005348.2004178,0,0,1.5,4,347.85,670,239.35000000000002,0,0
1759005348.2105782,0,0,1.5,4,347.85,670,239.35000000000002,0,0
1759005348.2207227,0,0,1.5,4,347.85,670,239.35000000000002,0,0
1759005348.2308152,0,0,1.5,4,347.85,670,239.35000000000002,0,0
1759005348.240942,0,0,1.5,4,347.85,670,239.35000000000002,0,0
1759005348.251106,0,0,1.5,4,347.85,670,239.35000000000002,0,0
1759005348.2612517,0,0,1.5,4,347.85,670,239.35000000000002,0,0
1759005348.2714198,0,0,1.5,4,347.85,670,239.35000000000002,0,0
1759005348.2815714,0,0,1.5,4,347.85,670,239.35000000000002,0,0
1759005348.291745,0,0,1.5,4,347.85,670,239.35000000000002,0,0
1759005348.3018982,0,0,1.5,4,347.85,670,239.35000000000002,0,0
1759005348.3119855,0,0,1.5,4,347.85,670,239.35000000000002,0,0
1759005348.3221354,0,0,1.5,4,347.85,670,239.35000000000002,0,0
1759005348.3322284,0,0,1.5,4,347.85,670,239.35000000000002,0,0
1759005348.3423734,0,0,1.5,4,347.85,670,239.35000000000002,0,0
1759005348.3525372,0,0,1.5,4,347.85,670,239.35000000000002,0,0
1759005348.3626814,0,0,1.5,4,347.85,670,239.35000000000002,0,0
1759005348.372771,0,0,1.5,4,347.85,670,239.35000000000002,0,0
1759005348.3829167,0,0,1.5,4,347.85,670,239.35000000000002,0,0
1759005348.3931084,0,0,1.5,4,347.85,670,239.35000000000002,0,0
1759005348.4032607,0,0,1.5,4,347.85,670,239.35000000000002,0,0
1759005348.4134302,0,0,1.5,4,347.85,670,239.35000000000002,0,0
1759005348.4235823,0,0,1.5,4,347.85,670,239.35000000000002,0,0
1759005348.4337342,0,0,1.5,4,347.85,670,239.35000000000002,0,0
1759005348.4438105,0,0,1.5,4,347.85,670,239.35000000000002,0,0
1759005348.453883,0,0,1.5,4,347.85,670,239.35000000000002,0,0
1759005348.4639552,0,0,1.5,4,347.85,670,239.35000000000002,0,0
1759005348.474023,0,0,1.5,4,347.85,670,239.35000000000002,0,0
1759005348.4840963,0,0,1.5,4,347.85,670,239.35000000000002,0,0
1759005348.494168,0,0,1.5,4,347.85,670,239.35000000000002,0,0
1759005348.5042472,0,0,1.5,4,347.85,670,239.35000000000002,0,0
1759005348.5143268,0,0,1.5,4,347.85,670,239.35000000000002,0,0
1759005348.524398,0,0,1.5,4,347.85,670,239.35000000000002,0,0
1759005348.5344658,0,0,1.5,4,347.85,670,239.35000000000002,0,0
1759005348.5445378,0,0,1.5,4,347.85,670,239.35000000000002,0,0
1759005348.5546098,0,0,1.5,4,347.85,670,239.35000000000002,0,0
1759005348.5646765,0,0,1.5,4,347.85,670,239.35000000000002,0,0
1759005348.5747483,0,0,1.5,4,347.85,670,239.35000000000002,0,0
1759005348.5848207,0,0,1.5,4,347.85,670,239.35000000000002,0,0
1759005348.5948923,0,0,1.5,4,347.85,670,239.35000000000002,0,0
1759005348.6049597,0,0,1.5,4,347.85,670,239.35000000000002,0,0
1759005348.6150267,0,0,1.5,4,347.85,670,239.35000000000002,0,0
1759005348.6250925,0,0,1.5,4,347.85,670,239.35000000000002,0,0
1759005348.6351728,0,0,1.5,4,347.85,670,239.35000000000002,0,0
1759005348.6452456,0,0,1.5,4,347.85,670,239.35000000000002,0,0
1759005348.655317,0,0,1.5,4,347.85,670,239.35000000000002,0,0
1759005348.6653893,0,0,1.5,4,347.85,670,239.35000000000002,0,0
1759005348.6754615,0,0,1.5,4,347.85,670,239.35000000000002,0,0
1759005348.6855302,0,0,1.5,4,347.85,670,239.35000000000002,0,0
1759005348.695603,0,0,1.5,4,347.85,670,239.35000000000002,0,0
1759005348.7056744,0,0,1.5,4,347.85,670,239.35000000000002,0,0
1759005348.715747,0,0,1.5,4,347.85,670,239.35000000000002,0,0
1759005348.7258198,0,0,1.5,4,347.85,670,239.35000000000002,0,0
1759005348.735889,0,0,1.5,4,347.85,670,239.35000000000002,0,0
1759005348.7459576,0,0,1.5,4,347.85,670,239.35000000000002,0,0
1759005348.7560265,0,0,1.5,4,347.85,670,239.35000000000002,0,0
1759005348.7660997,0,0,1.5,4,347.85,670,239.35000000000002,0,0
1759005348.7761724,0,0,1.5,4,347.85,670,239.35000000000002,0,0
1759005348.7862413,0,0,1.5,4,347.85,670,239.35000000000002,0,0
1759005348.7963102,0,0,1.5,4,347.85,670,239.35000000000002,0,0
1759005348.8063774,0,0,1.5,4,347.85,670,239.35000000000002,0,0
1759005348.8164492,0,0,1.5,4,347.85,670,239.35000000000002,0,0
1759005348.8265188,0,0,1.5,4,347.85,670,239.35000000000002,0,0
1759005348.8365958,0,0,1.5,4,347.85,670,239.35000000000002,0,0
1759005348.8466704,0,0,1.5,4,347.85,670,239.35000000000002,0,0
1759005348.856744,0,0,1.5,4,347.85,670,239.35000000000002,0,0
1759005348.8668132,0,0,1.5,4,347.85,670,239.35000000000002,0,0
1759005348.876883,0,0,1.5,4,347.85,670,239.35000000000002,0,0
1759005348.8869514,0,0,1.5,4,347.85,670,239.35000000000002,0,0
1759005348.8970199,0,0,1.5,4,347.85,670,239.35000000000002,0,0
1759005348.9070876,0,0,1.5,4,347.85,670,239.35000000000002,0,0
1759005348.9171636,0,0,1.5,4,347.85,670,239.35000000000002,0,0
1759005348.927233,0,0,1.5,4,347.85,670,239.35000000000002,0,0
1759005348.937302,0,0,1.5,4,347.85,670,239.35000000000002,0,0
1759005348.9473758,0,0,1.5,4,347.85,670,239.35000000000002,0,0
1759005348.957455,0,0,1.5,4,347.85,670,239.35000000000002,0,0
1759005348.9675326,0,0,1.5,4,347.85,670,239.35000000000002,0,0
1759005348.9776106,0,0,1.5,4,347.85,670,239.35000000000002,0,0
1759005348.987694,0,0,1.5,4,347.85,670,239.35000000000002,0,0
1759005348.9977665,0,0,1.5,4,347.85,670,239.35000000000002,0,0
1759005349.007946,0,0,1.5,4,347.85,670,239.35000000000002,0,0
1759005349.0181007,0,0,1.5,4,347.85,670,239.35000000000002,0,0
1759005349.028247,0,0,1.5,4,347.85,670,239.35000000000002,0,0
1759005349.0383213,0,0,1.5,4,347.85,670,239.35000000000002,0,0
1759005349.0484114,0,0,1.5,4,347.85,670,239.35000000000002,0,0
1759005349.058587,0,0,1.5,4,347.85,670,239.35000000000002,0,0
1759005349.0687516,0,0,1.5,4,347.85,670,239.35000000000002,0,0
1759005349.078842,0,0,1.5,4,347.85,670,239.35000000000002,0,0
1759005349.0889883,0,0,1.5,4,347.85,670,239.35000000000002,0,0
1759005349.099158,0,0,1.5,4,347.85,670,239.35000000000002,0,0
1759005349.1093094,0,0,1.5,4,347.85,670,239.35000000000002,0,0
1759005349.1194665,0,0,1.5,4,347.85,670,239.35000000000002,0,0
1759005349.129615,0,0,1.5,4,347.85,670,239.35000000000002,0,0
1759005349.1397526,0,0,1.5,4,347.85,670,239.35000000000002,0,0
1759005349.14991,0,0,1.5,4,347.85,670,239.35000000000002,0,0
1759005349.160081,0,0,1.5,4,347.85,670,239.35000000000002,0,0
1759005349.1702316,0,0,1.5,4,347.85,670,239.35000000000002,0,0
1759005349.1803098,0,0,1.5,4,347.85,670,239.35000000000002,0,0
1759005349.190457,0,0,1.5,4,347.85,670,239.35000000000002,0,0
1759005349.2006142,0,0,1.5,4,347.85,670,239.35000000000002,0,0
1759005349.2107613,0,0,1.5,4,347.85,670,239.35000000000002,0,0
1759005349.2208343,0,0,1.5,4,347.85,670,239.35000000000002,0,0
1759005349.2309945,0,0,1.5,4,347.85,670,239.35000000000002,0,0
1759005349.2411635,0,0,1.5,4,347.85,670,239.35000000000002,0,0
1759005349.2513094,0,0,1.5,4,347.85,670,239.35000000000002,0,0
1759005349.2614472,0,0,1.5,4,347.85,670,239.35000000000002,0,0
1759005349.2715974,0,0,1.5,4,347.85,670,239.35000000000002,0,0
1759005349.2817593,0,0,1.5,4,347.85,670,239.35000000000002,0,0
1759005349.2919118,0,0,1.5,4,347.85,670,239.35000000000002,0,0
1759005349.3020747,0,0,1.5,4,347.85,670,239.35000000000002,0,0
1759005349.3122237,0,0,1.5,4,347.85,670,239.35000000000002,0,0
1759005349.3223863,0,0,1.5,4,347.85,670,239.35000000000002,0,0
1759005349.332513,0,0,1.5,4,347.85,670,239.35000000000002,0,0
1759005349.3426585,0,0,1.5,4,347.85,670,239.35000000000002,0,0
1759005349.3528612,0,0,1.5,4,347.85,670,239.35000000000002,0,0
1759005349.3630261,0,0,1.5,4,347.85,670,239.35000000000002,0,0
1759005349.3731806,0,0,1.5,4,347.85,670,239.35000000000002,0,0
1759005349.3833435,0,0,1.5,4,347.85,670,239.35000000000002,0,0
1759005349.3934922,0,0,1.5,4,347.85,670,239.35000000000002,0,0
1759005349.40366,0,0,1.5,4,347.85,670,239.35000000000002,0,0
1759005349.4138193,0,0,1.5,4,347.85,670,239.35000000000002,0,0
1759005349.423991,0,0,1.5,4,347.85,670,239.35000000000002,0,0
1759005349.434122,0,0,1.5,4,347.85,670,239.35000000000002,0,0
1759005349.4442894,0,0,1.5,4,347.85,670,239.35000000000002,0,0
1759005349.4544413,0,0,1.5,4,347.85,670,239.35000000000002,0,0
1759005349.4646063,0,0,1.5,4,347.85,670,239.35000000000002,0,0
1759005349.4747558,0,0,1.5,4,347.85,670,239.35000000000002,0,0
1759005349.4849157,0,0,1.5,4,347.85,670,239.35000000000002,0,0
1759005349.495067,0,0,1.5,4,347.85,670,239.35000000000002,0,0
1759005349.5052364,0,0,1.5,4,347.85,670,239.35000000000002,0,0
1759005349.515383,0,0,1.5,4,347.85,670,239.35000000000002,0,0
1759005349.5255313,0,0,1.5,4,347.85,670,239.35000000000002,0,0
1759005349.5356927,0,0,1.5,4,347.85,670,239.35000000000002,0,0
1759005349.545853,0,0,1.5,4,347.85,670,239.35000000000002,0,0
1759005349.5559998,0,0,1.5,4,347.85,670,239.35000000000002,0,0
1759005349.566158,0,0,1.5,4,347.85,670,239.35000000000002,0,0
1759005349.5763075,0,0,1.5,4,347.85,670,239.35000000000002,0,0
1759005349.586474,0,0,1.5,4,347.85,670,239.35000000000002,0,0
1759005349.5966532,0,0,1.5,4,347.85,670,239.35000000000002,0,0
1759005349.6067445,0,0,1.5,4,347.85,670,239.35000000000002,0,0
1759005349.6168916,0,0,1.5,4,347.85,670,239.35000000000002,0,0
1759005349.6270666,0,0,1.5,4,347.85,670,239.35000000000002,0,0
1759005349.637217,0,0,1.5,4,347.85,670,239.35000000000002,0,0
1759005349.647355,0,0,1.5,4,347.85,670,239.35000000000002,0,0
1759005349.6575093,0,0,1.5,4,347.85,670,239.35000000000002,0,0
1759005349.6676698,0,0,1.5,4,347.85,670,239.35000000000002,0,0
1759005349.6778178,0,0,1.5,4,347.85,670,239.35000000000002,0,0
1759005349.6879816,0,0,1.5,4,347.85,670,239.35000000000002,0,0
1759005349.6981275,0,0,1.5,4,347.85,670,239.35000000000002,0,0
1759005349.7082899,0,0,1.5,4,347.85,670,239.35000000000002,0,0
1759005349.7184422,0,0,1.5,4,347.85,670,239.35000000000002,0,0
1759005349.7286127,0,0,1.5,4,347.85,670,239.35000000000002,0,0
1759005349.7387698,0,0,1.5,4,347.85,670,239.35000000000002,0,0
1759005349.748858,0,0,1.5,4,347.85,670,239.35000000000002,0,0
1759005349.7590039,0,0,1.5,4,347.85,670,239.35000000000002,0,0
1759005349.7690873,0,0,1.5,4,347.85,670,239.35000000000002,0,0
1759005349.7792377,0,0,1.5,4,347.85,670,239.35000000000002,0,0
1759005349.7893891,0,0,1.5,4,347.85,670,239.35000000000002,0,0
1759005349.7995327,0,0,1.5,4,347.85,670,239.35000000000002,0,0
1759005349.809693,0,0,1.5,4,347.85,670,239.35000000000002,0,0
1759005349.819843,0,0,1.5,4,347.85,670,239.35000000000002,0,0
1759005349.8299997,0,0,1.5,4,347.85,670,239.35000000000002,0,0
1759005349.8401468,0,0,1.5,4,347.85,670,239.35000000000002,0,0
1759005349.8502374,0,0,1.5,4,347.85,670,239.35000000000002,0,0
1759005349.860393,0,0,1.5,4,347.85,670,239.35000000000002,0,0
1759005349.8705552,0,0,1.5,4,347.85,670,239.35000000000002,0,0
1759005349.8807108,0,0,1.5,4,347.85,670,239.35000000000002,0,0
1759005349.8908732,0,0,1.5,4,347.85,670,239.35000000000002,0,0
1759005349.9010038,0,0,1.5,4,347.85,670,239.35000000000002,0,0
1759005349.9111683,0,0,1.5,4,347.85,670,239.35000000000002,0,0
1759005349.9213147,0,0,1.5,4,347.85,670,239.35000000000002,0,0
1759005349.9314783,0,0,1.5,4,347.85,670,239.35000000000002,0,0
1759005349.9415762,0,0,1.5,4,347.85,670,239.35000000000002,0,0
1759005349.9517431,0,0,1.5,4,347.85,670,239.35000000000002,0,0
1759005349.9618883,0,0,1.5,4,347.85,670,239.35000000000002,0,0
1759005349.9719732,0,0,1.5,4,347.85,670,239.35000000000002,0,0
1759005349.982123,0,0,1.5,4,347.85,670,239.35000000000002,0,0
1759005349.9922895,0,0,1.5,4,347.85,670,239.35000000000002,0,0
1759005350.0024414,0,0,1.5,4,347.85,670,239.35000000000002,0,0
1759005350.0126133,0,0,1.5,4,347.85,670,239.35000000000002,0,0
1759005350.0227652,0,0,1.5,4,347.85,670,239.35000000000002,0,0
1759005350.0329304,0,0,1.5,4,347.85,670,239.35000000000002,0,0
1759005350.0430837,0,0,1.5,4,347.85,670,239.35000000000002,0,0
1759005350.0532663,0,0,1.5,4,347.85,670,239.35000000000002,0,0
1759005350.0634139,0,0,1.5,4,347.85,670,239.35000000000002,0,0
1759005350.0735667,0,0,1.5,4,347.85,670,239.35000000000002,0,0
1759005350.083719,0,0,1.5,4,347.85,670,239.35000000000002,0,0
1759005350.0938916,0,0,1.5,4,347.85,670,239.35000000000002,0,0
1759005350.1040363,0,0,1.5,4,347.85,670,239.35000000000002,0,0
1759005350.114201,0,0,1.5,4,347.85,670,239.35000000000002,0,0
1759005350.1243482,0,0,1.5,4,347.85,670,239.35000000000002,0,0
1759005350.134433,0,0,1.5,4,347.85,670,239.35000000000002,0,0
1759005350.1445913,0,0,1.5,4,347.85,670,239.35000000000002,0,0
1759005350.1547627,0,0,1.5,4,347.85,670,239.35000000000002,0,0
1759005350.1649072,0,0,1.5,4,347.85,670,239.35000000000002,0,0
1759005350.1750736,0,0,1.5,4,347.85,670,239.35000000000002,0,0
1759005350.185225,0,0,1.5,4,347.85,670,239.35000000000002,0,0
1759005350.1953144,0,0,1.5,4,347.85,670,239.35000000000002,0,0
1759005350.205463,0,0,1.5,4,347.85,670,239.35000000000002,0,0
1759005350.2156305,0,0,1.5,4,347.85,670,239.35000000000002,0,0
1759005350.2257557,0,0,1.5,4,347.85,670,239.35000000000002,0,0
1759005350.2358468,0,0,1.5,4,347.85,670,239.35000000000002,0,0
1759005350.245975,0,0,1.5,4,347.85,670,239.35000000000002,0,0
1759005350.2561479,0,0,1.5,4,347.85,670,239.35000000000002,0,0
1759005350.2662966,0,0,1.5,4,347.85,670,239.35000000000002,0,0
1759005350.2763753,0,0,1.5,4,347.85,670,239.35000000000002,0,0
1759005350.2865245,0,0,1.5,4,347.85,670,239.35000000000002,0,0
1759005350.2966855,0,0,1.5,4,347.85,670,239.35000000000002,0,0
1759005350.3068225,0,0,1.5,4,347.85,670,239.35000000000002,0,0
1759005350.3169796,0,0,1.5,4,347.85,670,239.35000000000002,0,0
1759005350.3271325,0,0,1.5,4,347.85,670,239.35000000000002,0,0
1759005350.3372247,0,0,1.5,4,347.85,670,239.35000000000002,0,0
1759005350.347366,0,0,1.5,4,347.85,670,239.35000000000002,0,0
1759005350.3575375,0,0,1.5,4,347.85,670,239.35000000000002,0,0
1759005350.3676882,0,0,1.5,4,347.85,670,239.35000000000002,0,0
1759005350.3778687,0,0,1.5,4,347.85,670,239.35000000000002,0,0
1759005350.388018,0,0,1.5,4,347.85,670,239.35000000000002,0,0
1759005350.398187,0,0,1.5,4,347.85,670,239.35000000000002,0,0
1759005350.408334,0,0,1.5,4,347.85,670,239.35000000000002,0,0
1759005350.4185042,0,0,1.5,4,347.85,670,239.35000000000002,0,0
1759005350.4285896,0,0,1.5,4,347.85,670,239.35000000000002,0,0
1759005350.438668,0,0,1.5,4,347.85,670,239.35000000000002,0,0
1759005350.448743,0,0,1.5,4,347.85,670,239.35000000000002,0,0
1759005350.4588192,0,0,1.5,4,347.85,670,239.35000000000002,0,0
1759005350.4688883,0,0,1.5,4,347.85,670,239.35000000000002,0,0
1759005350.478956,0,0,1.5,4,347.85,670,239.35000000000002,0,0
1759005350.4890277,0,0,1.5,4,347.85,670,239.35000000000002,0,0
1759005350.499097,0,0,1.5,4,347.85,670,239.35000000000002,0,0
1759005350.509169,0,0,1.5,4,347.85,670,239.35000000000002,0,0
1759005350.519261,0,0,1.5,4,347.85,670,239.35000000000002,0,0
1759005350.529426,0,0,1.5,4,347.85,670,239.35000000000002,0,0
1759005350.5395098,0,0,1.5,4,347.85,670,239.35000000000002,0,0
1759005350.5496807,0,0,1.5,4,347.85,670,239.35000000000002,0,0
1759005350.5598445,0,0,1.5,4,347.85,670,239.35000000000002,0,0
1759005350.5699916,0,0,1.5,4,347.85,670,239.35000000000002,0,0
1759005350.5801597,0,0,1.5,4,347.85,670,239.35000000000002,0,0
1759005350.5903056,0,0,1.5,4,347.85,670,239.35000000000002,0,0
1759005350.6004777,0,0,1.5,4,347.85,670,239.35000000000002,0,0
1759005350.6106427,0,0,1.5,4,347.85,670,239.35000000000002,0,0
1759005350.620736,0,0,1.5,4,347.85,670,239.35000000000002,0,0
1759005350.6308808,0,0,1.5,4,347.85,670,239.35000000000002,0,0
1759005350.641041,0,0,1.5,4,347.85,670,239.35000000000002,0,0
1759005350.6511672,0,0,1.5,4,347.85,670,239.35000000000002,0,0
1759005350.6613393,0,0,1.5,4,347.85,670,239.35000000000002,0,0
1759005350.671472,0,0,1.5,4,347.85,670,239.35000000000002,0,0
1759005350.6816578,0,0,1.5,4,347.85,670,239.35000000000002,0,0
1759005350.6918077,0,0,1.5,4,347.85,670,239.35000000000002,0,0
1759005350.7019768,0,0,1.5,4,347.85,670,239.35000000000002,0,0
1759005350.712128,0,0,1.5,4,347.85,670,239.35000000000002,0,0
1759005350.7222922,0,0,1.5,4,347.85,670,239.35000000000002,0,0
1759005350.7324402,0,0,1.5,4,347.85,670,239.35000000000002,0,0
1759005350.7426085,0,0,1.5,4,347.85,670,239.35000000000002,0,0
1759005350.7527678,0,0,1.5,4,347.85,670,239.35000000000002,0,0
1759005350.7629397,0,0,1.5,4,347.85,670,239.35000000000002,0,0
1759005350.7731025,0,0,1.5,4,347.85,670,239.35000000000002,0,0
1759005350.7832713,0,0,1.5,4,347.85,670,239.35000000000002,0,0
1759005350.7934186,0,0,1.5,4,347.85,670,239.35000000000002,0,0
1759005350.8035796,0,0,1.5,4,347.85,670,239.35000000000002,0,0
1759005350.8138409,0,0,1.5,4,347.85,670,239.35000000000002,0,0
1759005350.8239338,0,0,1.5,4,347.85,670,239.35000000000002,0,0
1759005350.8340876,0,0,1.5,4,347.85,670,239.35000000000002,0,0
1759005350.84426,0,0,1.5,4,347.85,670,239.35000000000002,0,0
1759005350.8544111,0,0,1.5,4,347.85,670,239.35000000000002,0,0
1759005350.864583,0,0,1.5,4,347.85,670,239.35000000000002,0,0
1759005350.874725,0,0,1.5,4,347.85,670,239.35000000000002,0,0
1759005350.8848956,0,0,1.5,4,347.85,670,239.35000000000002,0,0
1759005350.895044,0,0,1.5,4,347.85,670,239.35000000000002,0,0
1759005350.90513,0,0,1.5,4,347.85,670,239.35000000000002,0,0
1759005350.9152105,0,0,1.5,4,347.85,670,239.35000000000002,0,0
1759005350.9253051,0,0,1.5,4,347.85,670,239.35000000000002,0,0
1759005350.9353817,0,0,1.5,4,347.85,670,239.35000000000002,0,0
1759005350.9454563,0,0,1.5,4,347.85,670,239.35000000000002,0,0
1759005350.955538,0,0,1.5,4,347.85,670,239.35000000000002,0,0
1759005350.968776,0,0.15,1.5,2,351.1,670,240.55,2,1
1759005350.978598,0,0.075,1.5,2,354.36,669.9,241.64999999999998,0,0
1759005350.988511,0,0.08333333333333333,1.5,2,357.67,669.8,242.65,1,1
1759005350.9987264,0,0.075,1.5,2,360.93,669.6999999999999,243.64999999999998,1,0
1759005351.009455,0,0.08,1.5,2,364.19,669.5999999999999,244.54999999999998,1,1
1759005351.0195034,0,0.09166666666666667,1.5,2,367.43,669.4999999999999,245.55,2,1
1759005351.0298579,0,0.08571428571428572,1.5,2,370.74,669.3999999999999,246.60000000000002,1,0
1759005351.0400543,0,0.09375,1.5,2,374.05,669.2999999999998,247.7,2,1
1759005351.0496178,0,0.08888888888888889,1.5,2,377.29,669.1999999999998,248.85,1,0
1759005351.060506,0,0.09,1.5,2,380.6,669.0999999999998,249.95,2,0
1759005351.0702908,0,0.09090909090909091,1.5,2,383.91,668.9999999999998,251.1,2,0
1759005351.0810704,0,0.0875,1.5,2,387.21,668.8999999999997,252.3,1,0
1759005351.09078,0,0.08461538461538462,1.5,2,390.47,668.7999999999997,253.5,1,0
1759005351.1005414,0,0.08928571428571429,1.5,2,393.73,668.6999999999997,254.65,2,1
1759005351.1113389,0,0.09333333333333334,1.5,2,396.99,668.5999999999997,255.75,2,1
1759005351.1217287,0,0.09375,1.5,2,400.21,668.4999999999997,256.8,2,0
1759005351.1318884,0,0.09411764705882353,1.5,2,403.47,668.3999999999996,257.85,1,1
1759005351.1416614,0,0.09722222222222222,1.5,2,406.73,668.2999999999996,258.95,2,1
1759005351.1515727,0,0.09736842105263158,1.5,2,410.04,668.1999999999996,260.04999999999995,2,0
1759005351.1623166,0,0.0975,1.5,2,413.39,668.0999999999996,261.15,2,0
1759005351.1727927,0,0.09761904761904762,1.5,2,416.69,667.9999999999995,262.25,2,0
1759005351.1824124,0,0.1,1.5,2,419.95,667.8999999999995,263.3,2,1
1759005351.193006,0,0.1,1.5,2,423.05,667.7999999999995,264.4,1,1
1759005351.2026548,0,0.09583333333333334,1.5,2,426.15,667.6999999999995,265.4,0,0
1759005351.2131913,0,0.098,1.5,2,429.2,667.5999999999995,266.3,2,1
1759005351.2232325,0,0.09807692307692308,1.5,2,432.37,667.4999999999994,267.3,2,0
1759005351.2336967,0,0.0962962962962963,1.5,2,435.34,667.3999999999994,268.29999999999995,1,0
1759005351.2435853,0,0.09464285714285714,1.5,2,438.44,667.2999999999994,269.25,1,0
1759005351.2538214,0,0.09482758620689655,1.5,2,441.49,667.1999999999994,270.20000000000005,2,0
1759005351.263646,0,0.09333333333333334,1.5,2,444.54,667.0999999999993,271.1,1,0
1759005351.2736037,0,0.09193548387096774,1.5,2,447.59,666.9999999999993,272.0,1,0
1759005351.2838407,0,0.090625,1.5,2,450.64,666.8999999999993,272.9,1,0
1759005351.294511,0,0.08787878787878788,1.5,2,453.69,666.7999999999993,273.9,0,0
1759005351.3046815,0,0.08676470588235294,1.5,2,456.79,666.6999999999992,274.85,1,0
1759005351.314385,0,0.08428571428571428,1.5,2,459.84,666.5999999999992,275.9,0,0
1759005351.324501,0,0.08333333333333333,1.5,2,462.79,666.4999999999992,276.9,1,0
1759005351.3344724,0,0.08378378378378379,1.5,2,465.76,666.3999999999992,277.8,2,0
1759005351.3445768,0,0.08157894736842106,1.5,2,468.71,666.2999999999992,278.65,0,0
1759005351.355228,0,0.08205128205128205,1.5,2,471.73,666.1999999999991,279.45,1,1
1759005351.365195,0,0.08375,1.5,2,474.65,666.0999999999991,280.25,1,2
1759005351.3758214,0,0.08536585365853659,1.5,2,477.6,665.9999999999991,281.05,2,1
1759005351.3857813,0,0.0880952380952381,1.5,2,480.63,665.8999999999991,281.85,2,2
1759005351.3955963,0,0.08837209302325581,1.5,2,483.73,665.799999999999,282.75,1,1
1759005351.4055974,0,0.08750000000000001,1.5,2,486.78,665.699999999999,283.75,1,0
1759005351.415862,0,0.08777777777777777,1.5,2,489.84,665.599999999999,284.79999999999995,2,0
1759005351.4263563,0,0.08695652173913043,1.5,2,492.99,665.499999999999,285.85,1,0
1759005351.436522,0,0.08723404255319149,1.5,2,496.14,665.399999999999,286.85,1,1
1759005351.446757,0,0.08854166666666667,1.5,2,499.35,665.2999999999989,287.75,1,2
1759005351.4572158,0,0.09081632653061225,1.5,2,502.45,665.1999999999989,288.55,2,2
1759005351.467088,0,0.089,1.5,2,505.55,665.0999999999989,289.4,0,0
1759005351.4771264,0,0.08725490196078431,1.5,2,508.65,664.9999999999989,290.29999999999995,0,0
1759005351.487823,0,0.08557692307692308,1.5,2,511.6,664.8999999999988,291.20000000000005,0,0
1759005351.497706,0,0.08490566037735849,1.5,2,514.5,664.7999999999988,292.1,1,0
1759005351.5080893,0,0.08425925925925926,1.5,2,517.45,664.6999999999988,293.0,1,0
1759005351.5182953,0,0.08272727272727273,1.5,2,520.4,664.5999999999988,293.9,0,0
1759005351.5281901,0,0.08214285714285714,1.5,2,523.37,664.4999999999987,294.8,1,0
1759005351.5383816,0,0.08157894736842106,1.5,2,526.29,664.3999999999987,295.8,1,0
1759005351.5486064,0,0.08103448275862069,1.5,2,529.21,664.2999999999987,296.75,1,0
1759005351.5590231,0,0.07966101694915255,1.5,2,532.13,664.1999999999987,297.7,0,0
1759005351.5687938,0,0.07916666666666666,1.5,2,535.1,664.0999999999987,298.65,1,0
1759005351.5791657,0,0.07868852459016394,1.5,2,538.07,663.9999999999986,299.6,1,0
1759005351.5896935,0,0.07741935483870968,1.5,2,541.04,663.8999999999986,300.5,0,0
1759005351.5992606,0,0.07698412698412699,1.5,2,544.06,663.7999999999986,301.45,1,0
1759005351.6101806,0,0.0765625,1.5,2,547.03,663.6999999999986,302.4,1,0
1759005351.619634,0,0.07615384615384616,1.5,2,550,663.5999999999985,303.35,1,0
1759005351.6295083,0,0.07575757575757576,1.5,2,553.1,663.4999999999985,304.35,0,1
1759005351.6393595,0,0.07611940298507464,1.5,2,556.15,663.3999999999985,305.29999999999995,1,1
1759005351.6504474,0,0.07647058823529412,1.5,2,559.21,663.2999999999985,306.20000000000005,2,0
1759005351.6604624,0,0.07608695652173914,1.5,2,562.36,663.1999999999985,307.04999999999995,1,0
1759005351.6705627,0,0.07642857142857143,1.5,2,565.41,663.0999999999984,308.04999999999995,2,0
1759005351.6805332,0,0.07605633802816901,1.5,2,568.56,662.9999999999984,309.0,1,0
1759005351.691125,0,0.07569444444444445,1.5,2,571.66,662.8999999999984,309.9,0,1
1759005351.7015595,0,0.07602739726027398,1.5,2,574.81,662.7999999999984,310.8,2,0
1759005351.711634,0,0.07635135135135135,1.5,2,577.89,662.6999999999983,311.75,1,1
1759005351.7222693,0,0.07666666666666667,1.5,2,580.99,662.5999999999983,312.6,2,0
1759005351.7325327,0,0.07763157894736843,1.5,2,584.14,662.4999999999983,313.45000000000005,2,1
1759005351.7423353,0,0.07662337662337662,1.5,2,587.04,662.3999999999983,314.29999999999995,0,0
1759005351.7523222,0,0.07564102564102565,1.5,2,589.96,662.2999999999982,315.15,0,0
1759005351.7624063,0,0.0759493670886076,1.5,2,592.88,662.1999999999982,316.05,2,0
1759005351.7723718,0,0.075625,1.5,2,595.85,662.0999999999982,316.95,1,0
1759005351.7825484,0,0.07592592592592592,1.5,2,598.75,661.9999999999982,317.85,2,0
1759005351.792936,0,0.07560975609756097,1.5,2,601.7,661.8999999999982,318.75,1,0
1759005351.801982,0,0.07590361445783132,1.5,2,604.67,661.7999999999981,319.6,2,0
1759005351.811941,0,0.07678571428571429,1.5,2,607.62,661.6999999999981,320.5,2,1
1759005351.8223805,0,0.07705882352941176,1.5,2,610.54,661.5999999999981,321.5,1,1
1759005351.8325994,0,0.07616279069767443,1.5,2,613.54,661.4999999999981,322.45,0,0
1759005351.8431566,0,0.07586206896551724,1.5,2,616.54,661.399999999998,323.4,1,0
1759005351.853475,0,0.07670454545454546,1.5,2,619.49,661.299999999998,324.35,2,1
1759005351.8641353,0,0.07640449438202247,1.5,2,622.54,661.199999999998,325.4,0,1
1759005351.8742466,0,0.07611111111111112,1.5,2,625.51,661.099999999998,326.3,0,1
1759005351.8845346,0,0.07582417582417583,1.5,2,628.48,660.999999999998,327.20000000000005,0,1
1759005351.8949142,0,0.075,1.5,2,631.58,660.8999999999979,328.25,0,0
1759005351.904903,0,0.07526881720430108,1.5,2,634.63,660.7999999999979,329.35,1,1
1759005351.9147336,0,0.07446808510638298,1.5,2,637.69,660.6999999999979,330.45000000000005,0,0
1759005351.9254003,0,0.0736842105263158,1.5,2,640.79,660.5999999999979,331.54999999999995,0,0
1759005351.9356997,0,0.07291666666666667,1.5,2,643.9,660.4999999999978,332.5,0,0
1759005351.9455597,0,0.07268041237113403,1.5,2,647.09,660.3999999999978,333.4,1,0
1759005351.9560423,0,0.07295918367346939,1.5,2,650.3,660.2999999999978,334.0,1,1
1759005351.9659507,0,0.07272727272727272,1.5,2,653.46,660.1999999999978,333.9,1,0
1759005351.9761152,0,0.07250000000000001,1.5,2,656.86,660.0999999999977,332.35,1,0
1759005351.986496,0,0.07200000000000001,1.5,2,656.87,659.9999999999977,332.15,2,0
1759005351.9964774,0,0.07250000000000001,1.5,2,656.56,659.8999999999977,332.0,1,0
1759005352.00656,0,0.07200000000000001,1.5,2,656.2,659.7999999999977,331.95,1,0
1759005352.016849,0,0.07150000000000001,1.5,2,655.86,659.6999999999977,331.9,0,0
1759005352.0274608,0,0.07050000000000001,1.5,2,655.55,659.5999999999976,331.85,0,0
1759005352.0374057,0,0.07,1.5,2,655.24,659.4999999999976,331.75,2,0
1759005352.0476015,0,0.07,1.5,2,654.93,659.3999999999976,331.6,1,0
1759005352.0577679,0,0.0685,1.5,2,654.59,659.2999999999976,331.5,0,0
1759005352.0678644,0,0.068,1.5,2,654.28,659.1999999999975,331.4,0,0
1759005352.0781205,0,0.0675,1.5,2,653.94,659.0999999999975,331.25,1,0
1759005352.0877893,0,0.0675,1.5,2,653.6,658.9999999999975,331.05,1,1
1759005352.098299,0,0.0675,1.5,2,653.2,658.8999999999975,330.9,0,1
1759005352.1084542,0,0.067,1.5,2,652.86,658.7999999999975,330.7,0,0
1759005352.1183352,0,0.0655,1.5,2,652.61,658.6999999999974,330.5,0,0
1759005352.128433,0,0.0645,1.5,2,652.32,658.5999999999974,330.25,1,0
1759005352.138596,0,0.064,1.5,2,652.1,658.4999999999974,330.1,1,0
1759005352.1488955,0,0.0645,1.5,2,651.89,658.3999999999974,329.95,2,1
1759005352.1596613,0,0.064,1.5,2,651.64,658.2999999999973,329.75,2,0
1759005352.1694028,0,0.063,1.5,2,651.48,658.1999999999973,329.65,0,0
1759005352.1798744,0,0.0635,1.5,2,651.28,658.0999999999973,329.55,2,1
1759005352.1895154,0,0.0625,1.5,2,651.04,657.9999999999973,329.45000000000005,0,0
1759005352.2000256,0,0.0615,1.5,2,650.83,657.8999999999972,329.35,0,1
1759005352.2104895,0,0.061,1.5,2,650.83,657.7999999999972,329.2,0,1
1759005352.2208655,0,0.0615,1.5,2,650.83,657.6999999999972,329.1,0,1
1759005352.2305224,0,0.060500000000000005,1.5,2,650.83,657.5999999999972,329.15,1,0
1759005352.2406883,0,0.060500000000000005,1.5,2,650.72,657.4999999999972,329.15,1,1
1759005352.251273,0,0.061000000000000006,1.5,2,650.8,657.3999999999971,329.2,1,1
1759005352.2615764,0,0.062,1.5,2,650.85,657.2999999999971,329.20000000000005,2,1
1759005352.2719424,0,0.062,1.5,2,650.9,657.1999999999971,329.2,1,1
1759005352.2822504,0,0.062,1.5,2,650.95,657.0999999999971,329.15,1,0
1759005352.2918444,0,0.0625,1.5,2,651.06,656.999999999997,329.2,1,1
1759005352.3026338,0,0.062,1.5,2,651.11,656.899999999997,329.35,0,0
1759005352.3126478,0,0.0625,1.5,2,651.16,656.799999999997,329.45,1,0
1759005352.3224561,0,0.063,1.5,2,651.17,656.699999999997,329.45,2,0
1759005352.3329825,0,0.0635,1.5,2,651.17,656.599999999997,329.35,1,0
1759005352.3431785,0,0.0635,1.5,2,651.27,656.4999999999969,329.3,1,0
1759005352.3538241,0,0.063,1.5,2,651.4,656.3999999999969,329.3,0,1
1759005352.3638377,0,0.0635,1.5,2,651.42,656.2999999999969,329.35,1,0
1759005352.3739011,0,0.063,1.5,2,651.37,656.1999999999969,329.35,0,1
1759005352.3843203,0,0.062,1.5,2,651.35,656.0999999999968,329.35,0,1
1759005352.39451,0,0.061000000000000006,1.5,2,651.33,655.9999999999968,329.4,1,0
1759005352.4042902,0,0.060000000000000005,1.5,2,651.18,655.8999999999968,329.5,2,0
1759005352.4149895,0,0.059500000000000004,1.5,2,651.03,655.7999999999968,329.45000000000005,1,0
1759005352.4245763,0,0.059500000000000004,1.5,2,650.88,655.6999999999967,329.35,1,0
1759005352.435505,0,0.059500000000000004,1.5,2,650.74,655.5999999999967,329.15,2,0
1759005352.4457374,0,0.060000000000000005,1.5,2,650.56,655.4999999999967,328.95,1,1
1759005352.4556153,0,0.060000000000000005,1.5,2,650.38,655.3999999999967,328.85,2,0
1759005352.465546,0,0.059000000000000004,1.5,2,650.23,655.2999999999967,328.85,1,0
1759005352.475918,0,0.0575,1.5,2,650.1,655.1999999999966,328.9,1,0
1759005352.485763,0,0.058,1.5,2,650.06,655.0999999999966,328.9,1,0
1759005352.4964526,0,0.0585,1.5,2,649.98,654.9999999999966,328.9,1,0
1759005352.5057466,0,0.0585,1.5,2,650.05,654.8999999999966,328.9,0,0
1759005352.5165002,0,0.0585,1.5,2,650.1,654.7999999999965,328.9,1,0
1759005352.526384,0,0.059000000000000004,1.5,2,650.07,654.6999999999965,328.9,1,1
1759005352.5367126,0,0.060500000000000005,1.5,2,650.02,654.5999999999965,328.9,3,0
1759005352.546801,0,0.060500000000000005,1.5,2,650.15,654.4999999999965,328.95,1,0
1759005352.55708,0,0.0615,1.5,2,650.28,654.3999999999965,329.0,2,1
1759005352.566952,0,0.062,1.5,2,650.41,654.2999999999964,329.1,0,2
1759005352.5770924,0,0.063,1.5,2,650.5,654.1999999999964,329.25,1,1
1759005352.5872495,0,0.063,1.5,2,650.6,654.0999999999964,329.4,0,1
1759005352.59753,0,0.064,1.5,2,650.68,653.9999999999964,329.55,2,1
1759005352.6075785,0,0.0645,1.5,2,650.76,653.8999999999963,329.65,0,1
1759005352.6182175,0,0.0645,1.5,2,650.84,653.7999999999963,329.8,1,0
1759005352.6277697,0,0.0645,1.5,2,650.73,653.6999999999963,329.95,1,0
1759005352.6384892,0,0.0645,1.5,2,650.62,653.5999999999963,330.04999999999995,1,0
1759005352.6483707,0,0.0645,1.5,2,650.45,653.4999999999962,330.1,1,0
1759005352.6588778,0,0.064,1.5,2,650.26,653.3999999999962,330.15,1,0
1759005352.6687224,0,0.064,1.5,2,650.06,653.2999999999962,330.2,2,0
1759005352.6785913,0,0.064,1.5,2,649.82,653.1999999999962,330.25,1,0
1759005352.6890275,0,0.0635,1.5,2,649.59,653.0999999999962,330.2,1,0
1759005352.698996,0,0.0645,1.5,2,649.31,652.9999999999961,330.20000000000005,2,1
1759005352.7092,0,0.0655,1.5,2,649.07,652.8999999999961,330.20000000000005,2,1
1759005352.7196872,0,0.066,1.5,2,648.79,652.7999999999961,330.2,2,1
1759005352.7294168,0,0.066,1.5,2,648.55,652.6999999999961,330.2,2,0
1759005352.739615,0,0.066,1.5,2,648.27,652.599999999996,330.25,2,0
1759005352.7498605,0,0.066,1.5,2,648.07,652.499999999996,330.3,2,1
1759005352.7596805,0,0.0665,1.5,2,648.05,652.399999999996,330.25,1,0
1759005352.769516,0,0.0675,1.5,2,647.95,652.299999999996,330.25,2,0
1759005352.7797031,0,0.068,1.5,2,647.95,652.199999999996,330.25,3,0
1759005352.7903185,0,0.0685,1.5,2,647.95,652.0999999999959,330.29999999999995,2,0
1759005352.8002744,0,0.0685,1.5,2,648.1,651.9999999999959,330.35,2,0
1759005352.8106697,0,0.0695,1.5,2,648.2,651.8999999999959,330.4,1,2
1759005352.8208287,0,0.0695,1.5,2,648.33,651.7999999999959,330.45000000000005,1,1
1759005352.8305438,0,0.069,1.5,2,648.43,651.6999999999958,330.54999999999995,2,0
1759005352.8406963,0,0.069,1.5,2,648.56,651.5999999999958,330.6,1,1
1759005352.8512723,0,0.069,1.5,2,648.66,651.4999999999958,330.70000000000005,0,0
1759005352.8611546,0,0.069,1.5,2,648.76,651.3999999999958,330.8,1,0
1759005352.8715935,0,0.0675,1.5,2,648.86,651.2999999999957,331.0,0,0
1759005352.8818634,0,0.0675,1.5,2,648.71,651.1999999999957,331.1,1,0
1759005352.891694,0,0.0675,1.5,2,648.55,651.0999999999957,331.25,1,0
1759005352.901707,0,0.0685,1.5,2,648.44,650.9999999999957,331.35,2,1
1759005352.9124167,0,0.0695,1.5,2,648.25,650.8999999999957,331.3,1,1
1759005352.9223464,0,0.069,1.5,2,648.06,650.7999999999956,331.15,1,0
1759005352.9323559,0,0.0695,1.5,2,647.86,650.6999999999956,331.04999999999995,1,0
1759005352.9428406,0,0.0695,1.5,2,647.58,650.5999999999956,331.0,0,0
1759005352.952984,0,0.0695,1.5,2,647.33,650.4999999999956,330.95000000000005,0,0
1759005352.9633336,0,0.07,1.5,2,647.09,650.3999999999955,330.9,2,0
1759005352.9733312,0,0.0695,1.5,2,646.89,650.2999999999955,330.79999999999995,1,0
1759005352.9834278,0,0.0695,1.5,2,646.65,650.1999999999955,330.65,1,0
1759005352.9936678,0,0.069,1.5,2,646.41,650.0999999999955,330.5,0,0
1759005353.0034578,0,0.0695,1.5,2,646.01,649.9999999999955,330.35,2,1
1759005353.0135596,0,0.07,1.5,2,645.96,649.8999999999954,330.2,2,0
1759005353.0237892,0,0.07,1.5,2,645.96,649.7999999999954,330.15,1,0
1759005353.0337873,0,0.07100000000000001,1.5,2,645.9,649.6999999999954,330.15,1,1
1759005353.0437622,0,0.07200000000000001,1.5,2,645.87,649.5999999999954,330.2,2,0
1759005353.0541863,0,0.07150000000000001,1.5,2,645.87,649.4999999999953,330.25,1,0
1759005353.0642197,0,0.07150000000000001,1.5,2,646.08,649.3999999999953,330.29999999999995,1,0
1759005353.0745962,0,0.07200000000000001,1.5,2,646.21,649.2999999999953,330.25,1,0
1759005353.0845978,0,0.07200000000000001,1.5,2,646.31,649.1999999999953,330.20000000000005,0,0
1759005353.0952454,0,0.07200000000000001,1.5,2,646.44,649.0999999999952,330.20000000000005,1,0
1759005353.105167,0,0.07200000000000001,1.5,2,646.57,648.9999999999952,330.29999999999995,1,1
1759005353.11519,0,0.07200000000000001,1.5,2,646.72,648.8999999999952,330.35,1,0
1759005353.1252353,0,0.07250000000000001,1.5,2,646.81,648.7999999999952,330.4,0,1
1759005353.135563,0,0.073,1.5,2,646.85,648.6999999999952,330.4,1,0
1759005353.1454139,0,0.0735,1.5,2,646.85,648.5999999999951,330.45,1,1
1759005353.1558332,0,0.0735,1.5,2,646.87,648.4999999999951,330.45000000000005,1,0
1759005353.1663709,0,0.073,1.5,2,646.87,648.3999999999951,330.5,1,1
1759005353.1762252,0,0.07200000000000001,1.5,2,646.87,648.2999999999951,330.5,0,0
1759005353.1864536,0,0.07250000000000001,1.5,2,646.82,648.199999999995,330.45,1,0
1759005353.1964452,0,0.07150000000000001,1.5,2,646.77,648.099999999995,330.45000000000005,1,0
1759005353.2066588,0,0.07200000000000001,1.5,2,646.76,647.999999999995,330.5,1,0
1759005353.2167614,0,0.07150000000000001,1.5,2,646.76,647.899999999995,330.55,0,0
1759005353.2273927,0,0.07150000000000001,1.5,2,646.61,647.799999999995,330.6,1,0
1759005353.2374353,0,0.07150000000000001,1.5,2,646.51,647.6999999999949,330.7,1,0
1759005353.2478652,0,0.07100000000000001,1.5,2,646.43,647.5999999999949,330.7,0,0
1759005353.25771,0,0.07050000000000001,1.5,2,646.23,647.4999999999949,330.6,1,0
1759005353.2683644,0,0.07050000000000001,1.5,2,646,647.3999999999949,330.4,1,1
1759005353.2783434,0,0.0695,1.5,2,645.8,647.2999999999948,330.25,0,1
1759005353.2884758,0,0.0685,1.5,2,645.52,647.1999999999948,330.2,0,0
1759005353.2987428,0,0.069,1.5,2,645.24,647.0999999999948,330.25,1,1
1759005353.3089523,0,0.0685,1.5,2,644.9,646.9999999999948,330.20000000000005,1,0
1759005353.3194005,0,0.069,1.5,2,644.62,646.8999999999947,330.0,1,0
1759005353.329811,0,0.0685,1.5,2,644.38,646.7999999999947,329.75,0,0
1759005353.340106,0,0.0685,1.5,2,644.18,646.6999999999947,329.65,1,1
1759005353.350226,0,0.0685,1.5,2,644.03,646.5999999999947,329.65,1,0
1759005353.360177,0,0.0685,1.5,2,643.88,646.4999999999947,329.65,1,0
1759005353.3703654,0,0.069,1.5,2,643.73,646.3999999999946,329.54999999999995,2,0
1759005353.3809016,0,0.0695,1.5,2,643.66,646.2999999999946,329.5,2,0
1759005353.3909664,0,0.07,1.5,2,643.64,646.1999999999946,329.45000000000005,2,0
1759005353.400902,0,0.07,1.5,2,643.56,646.0999999999946,329.45000000000005,1,0
1759005353.4109883,0,0.07050000000000001,1.5,2,643.43,645.9999999999945,329.4,2,0
1759005353.4217982,0,0.07,1.5,2,643.5,645.8999999999945,329.35,0,1
1759005353.4318597,0,0.07,1.5,2,643.5,645.7999999999945,329.4,1,0
1759005353.4420881,0,0.07,1.5,2,643.57,645.6999999999945,329.5,1,0
1759005353.4516404,0,0.0695,1.5,2,643.62,645.5999999999945,329.65,0,1
1759005353.462161,0,0.069,1.5,2,643.67,645.4999999999944,329.75,1,0
1759005353.4722126,0,0.0685,1.5,2,643.72,645.3999999999944,329.75,1,0
1759005353.4828603,0,0.0685,1.5,2,643.66,645.2999999999944,329.70000000000005,0,1
1759005353.492554,0,0.068,1.5,2,643.59,645.1999999999944,329.70000000000005,0,0
1759005353.503053,0,0.068,1.5,2,643.5,645.0999999999943,329.75,1,0
1759005353.513362,0,0.0685,1.5,2,643.45,644.9999999999943,329.79999999999995,0,2
1759005353.5232441,0,0.0695,1.5,2,643.34,644.8999999999943,329.79999999999995,1,1
1759005353.5337677,0,0.0695,1.5,2,643.25,644.7999999999943,329.8,1,0
1759005353.5438144,0,0.0685,1.5,2,643.19,644.6999999999942,329.8,0,0
1759005353.5536602,0,0.0675,1.5,2,643.1,644.5999999999942,329.7,1,0
1759005353.5640154,0,0.0675,1.5,2,642.91,644.4999999999942,329.6,1,0
1759005353.574506,0,0.066,1.5,2,642.72,644.3999999999942,329.5,0,0
1759005353.5842564,0,0.065,1.5,2,642.57,644.2999999999942,329.45,0,0
1759005353.594394,0,0.064,1.5,2,642.38,644.1999999999941,329.35,0,0
1759005353.6048827,0,0.0645,1.5,2,642.21,644.0999999999941,329.25,1,1
1759005353.614592,0,0.064,1.5,2,642.02,643.9999999999941,329.1,1,1
1759005353.625321,0,0.065,1.5,2,641.83,643.8999999999941,329.0,2,1
1759005353.6348839,0,0.065,1.5,2,641.68,643.799999999994,328.85,1,0
1759005353.6455114,0,0.0645,1.5,2,641.68,643.699999999994,328.79999999999995,0,0
1759005353.6556997,0,0.064,1.5,2,641.68,643.599999999994,328.75,0,0
1759005353.665639,0,0.0635,1.5,2,641.66,643.499999999994,328.70000000000005,0,0
1759005353.675652,0,0.0635,1.5,2,641.66,643.399999999994,328.6,1,0
1759005353.6853292,0,0.0625,1.5,2,641.86,643.2999999999939,328.55,0,0
1759005353.6957471,0,0.063,1.5,2,641.92,643.1999999999939,328.45000000000005,1,1
1759005353.7058656,0,0.063,1.5,2,642.05,643.0999999999939,328.4,0,1
1759005353.7158153,0,0.0615,1.5,2,642.18,642.9999999999939,328.35,0,0
1759005353.726525,0,0.061000000000000006,1.5,2,642.29,642.8999999999938,328.45,2,0
1759005353.7366838,0,0.060000000000000005,1.5,2,642.44,642.7999999999938,328.6,1,0
1759005353.7470293,0,0.059500000000000004,1.5,2,642.55,642.6999999999938,328.7,1,0
1759005353.7566361,0,0.059000000000000004,1.5,2,642.68,642.5999999999938,328.75,1,0
1759005353.7674394,0,0.0575,1.5,2,642.73,642.4999999999937,328.79999999999995,0,0
1759005353.7772267,0,0.057,1.5,2,642.69,642.3999999999937,328.8,0,0
1759005353.7875824,0,0.0565,1.5,2,642.69,642.2999999999937,328.7,1,0
1759005353.797898,0,0.055,1.5,2,642.65,642.1999999999937,328.6,0,0
1759005353.808097,0,0.054,1.5,2,642.55,642.0999999999937,328.55,0,0
1759005353.8181663,0,0.053500000000000006,1.5,2,642.36,641.9999999999936,328.5,0,1
1759005353.8286963,0,0.052500000000000005,1.5,2,642.13,641.8999999999936,328.45,1,0
1759005353.838517,0,0.051500000000000004,1.5,2,641.94,641.7999999999936,328.4,0,0
1759005353.8486354,0,0.0505,1.5,2,641.71,641.6999999999936,328.3,0,0
1759005353.8585453,0,0.0495,1.5,2,641.52,641.5999999999935,328.3,0,0
1759005353.8691638,0,0.0495,1.5,2,641.33,641.4999999999935,328.25,0,0
1759005353.8795016,0,0.05,1.5,2,641.05,641.3999999999935,328.15,0,2
1759005353.8893623,0,0.051000000000000004,1.5,2,640.77,641.2999999999935,328.0,1,1
1759005353.8999512,0,0.0505,1.5,2,640.68,641.1999999999935,327.95000000000005,0,0
1759005353.909565,0,0.0505,1.5,2,640.66,641.0999999999934,327.85,1,0
1759005353.9201672,0,0.0495,1.5,2,640.57,640.9999999999934,327.75,1,0
1759005353.9302294,0,0.049,1.5,2,640.53,640.8999999999934,327.75,0,1
1759005353.9397376,0,0.0495,1.5,2,640.55,640.7999999999934,327.8,1,1
1759005353.950292,0,0.049,1.5,2,640.74,640.6999999999933,327.79999999999995,0,0
1759005353.9606338,0,0.0505,1.5,2,640.87,640.5999999999933,327.75,1,2
1759005353.9705899,0,0.0505,1.5,2,641.01,640.4999999999933,327.79999999999995,0,0
1759005353.9810045,0,0.05,1.5,2,641.12,640.3999999999933,327.85,1,0
1759005353.9906385,0,0.05,1.5,2,641.19,640.2999999999932,327.85,1,0
1759005354.0009778,0,0.05,1.5,2,641.35,640.1999999999932,327.9,0,1
1759005354.0107117,0,0.05,1.5,2,641.5,640.0999999999932,327.9,0,0
1759005354.0211482,0,0.049,1.5,2,641.54,639.9999999999932,327.95000000000005,1,0
1759005354.0312386,0,0.048,1.5,2,641.54,639.8999999999932,328.0,0,0
1759005354.0419014,0,0.048,1.5,2,641.45,639.7999999999931,328.0,1,0
1759005354.0515192,0,0.048,1.5,2,641.41,639.6999999999931,327.9,2,0
1759005354.0614462,0,0.047,1.5,2,641.35,639.5999999999931,327.75,0,0
1759005354.072059,0,0.0465,1.5,2,641.26,639.4999999999931,327.6,0,0
1759005354.0825856,0,0.047,1.5,2,640.96,639.399999999993,327.45,2,0
1759005354.0922887,0,0.047,1.5,2,640.73,639.299999999993,327.4,1,0
1759005354.1026673,0,0.0475,1.5,2,640.5,639.199999999993,327.35,0,1
1759005354.1130614,0,0.0475,1.5,2,640.31,639.099999999993,327.3,1,0
1759005354.1227248,0,0.047,1.5,2,640.08,638.999999999993,327.20000000000005,1,0
1759005354.1334128,0,0.047,1.5,2,639.85,638.8999999999929,327.05,1,0
1759005354.1436715,0,0.047,1.5,2,639.65,638.7999999999929,326.95,1,0
1759005354.1538112,0,0.0465,1.5,2,639.35,638.6999999999929,326.9,0,0
1759005354.1637397,0,0.046,1.5,2,639.19,638.5999999999929,326.85,1,0
1759005354.1740415,0,0.0465,1.5,2,639.03,638.4999999999928,326.8,1,1
1759005354.1845338,0,0.047,1.5,2,638.75,638.3999999999928,326.70000000000005,1,2
1759005354.1945052,0,0.0485,1.5,2,638.6,638.2999999999928,326.7,1,2
1759005354.2046409,0,0.049,1.5,2,638.37,638.1999999999928,326.7,1,1
1759005354.214922,0,0.05,1.5,2,638.37,638.0999999999927,326.65,1,2
1759005354.2246034,0,0.051000000000000004,1.5,2,638.24,637.9999999999927,326.55,1,2
1759005354.2347941,0,0.052000000000000005,1.5,2,638.14,637.8999999999927,326.4,1,1
1759005354.2452395,0,0.051500000000000004,1.5,2,638.14,637.7999999999927,326.35,0,0
1759005354.2554839,0,0.051500000000000004,1.5,2,638.11,637.6999999999927,326.4,1,0
1759005354.2654827,0,0.051500000000000004,1.5,2,638.09,637.5999999999926,326.45,0,0
1759005354.2759483,0,0.052500000000000005,1.5,2,638.15,637.4999999999926,326.55,1,2
1759005354.2863414,0,0.052000000000000005,1.5,2,638.25,637.3999999999926,326.65,1,0
1759005354.2965348,0,0.051500000000000004,1.5,2,638.25,637.2999999999926,326.75,0,0
1759005354.3066137,0,0.052000000000000005,1.5,2,638.38,637.1999999999925,326.85,1,0
1759005354.316604,0,0.051500000000000004,1.5,2,638.53,637.0999999999925,326.95000000000005,1,0
1759005354.3264105,0,0.051000000000000004,1.5,2,638.66,636.9999999999925,327.0,0,0
1759005354.3370748,0,0.0505,1.5,2,638.81,636.8999999999925,327.1,0,0
1759005354.3467178,0,0.0505,1.5,2,638.92,636.7999999999925,327.25,0,0
1759005354.3570428,0,0.0495,1.5,2,639.01,636.6999999999924,327.4,0,0
1759005354.367233,0,0.0495,1.5,2,639.06,636.5999999999924,327.5,1,0
1759005354.3776386,0,0.049,1.5,2,639.06,636.4999999999924,327.55,0,0
1759005354.3876312,0,0.048,1.5,2,639.02,636.3999999999924,327.55,0,0
1759005354.3979948,0,0.0475,1.5,2,639.17,636.2999999999923,327.45,1,0
1759005354.4083095,0,0.047,1.5,2,638.94,636.1999999999923,327.35,1,0
1759005354.4179213,0,0.0465,1.5,2,638.79,636.0999999999923,327.2,0,0
1759005354.428676,0,0.046,1.5,2,638.64,635.9999999999923,327.15,1,0
1759005354.4386146,0,0.046,1.5,2,638.34,635.8999999999922,327.1,1,0
1759005354.4486089,0,0.0455,1.5,2,638.06,635.7999999999922,327.0,0,0
1759005354.4584293,0,0.0455,1.5,2,637.76,635.6999999999922,326.8,1,0
1759005354.4688172,0,0.0455,1.5,2,637.46,635.5999999999922,326.6,1,0
1759005354.479097,0,0.045,1.5,2,637.16,635.4999999999922,326.5,0,0
1759005354.4892223,0,0.044500000000000005,1.5,2,636.86,635.3999999999921,326.45000000000005,0,0
1759005354.4996624,0,0.044000000000000004,1.5,2,636.58,635.2999999999921,326.4,0,0
1759005354.5094082,0,0.044000000000000004,1.5,2,636.33,635.1999999999921,326.35,0,0
1759005354.5201557,0,0.043500000000000004,1.5,2,636.08,635.0999999999921,326.25,0,0
1759005354.5296957,0,0.0425,1.5,2,635.91,634.999999999992,326.15,0,0
1759005354.5405087,0,0.042,1.5,2,635.76,634.899999999992,326.1,1,0
1759005354.550499,0,0.0415,1.5,2,635.61,634.799999999992,326.04999999999995,0,0
1759005354.56075,0,0.042,1.5,2,635.5,634.699999999992,325.95,1,0
1759005354.570425,0,0.0415,1.5,2,635.59,634.599999999992,326.0,0,0
1759005354.5804088,0,0.041,1.5,2,635.54,634.4999999999919,326.0,0,0
1759005354.5914097,0,0.042,1.5,2,635.5,634.3999999999919,325.95,1,1
1759005354.6013105,0,0.042,1.5,2,635.42,634.2999999999919,325.85,0,0
1759005354.6116588,0,0.0425,1.5,2,635.5,634.1999999999919,325.75,0,1
1759005354.6216743,0,0.0415,1.5,2,635.52,634.0999999999918,325.65,0,0
1759005354.6317983,0,0.0405,1.5,2,635.52,633.9999999999918,325.65,0,0
1759005354.6423113,0,0.039,1.5,2,635.52,633.8999999999918,325.65,0,0
1759005354.6519835,0,0.039,1.5,2,635.48,633.7999999999918,325.65,1,0
1759005354.6623485,0,0.0395,1.5,2,635.44,633.6999999999917,325.5,1,0
1759005354.6730993,0,0.0395,1.5,2,635.33,633.5999999999917,325.35,0,0
1759005354.682502,0,0.04,1.5,2,635.14,633.4999999999917,325.25,0,1
1759005354.693105,0,0.0395,1.5,2,634.95,633.3999999999917,325.25,0,0
1759005354.7026978,0,0.0395,1.5,2,634.56,633.2999999999917,325.2,0,0
1759005354.7136118,0,0.0385,1.5,2,634.31,633.1999999999916,325.2,0,0
1759005354.7233021,0,0.038,1.5,2,634.01,633.0999999999916,325.04999999999995,0,0
1759005354.7334616,0,0.038,1.5,2,633.71,632.9999999999916,324.95,0,0
1759005354.743985,0,0.037,1.5,2,633.41,632.8999999999916,324.79999999999995,0,0
1759005354.7540398,0,0.036500000000000005,1.5,2,633.11,632.7999999999915,324.65,0,0
1759005354.7636695,0,0.036000000000000004,1.5,2,632.81,632.6999999999915,324.5,0,0
1759005354.7742207,0,0.035500000000000004,1.5,2,632.53,632.5999999999915,324.45,0,0
1759005354.7845142,0,0.036000000000000004,1.5,2,632.25,632.4999999999915,324.35,0,1
1759005354.7949467,0,0.036000000000000004,1.5,2,632.14,632.3999999999915,324.3,0,0
1759005354.8046358,0,0.035500000000000004,1.5,2,632.07,632.2999999999914,324.29999999999995,0,0
1759005354.8151362,0,0.035500000000000004,1.5,2,631.86,632.1999999999914,324.3,0,0
1759005354.8246622,0,0.036000000000000004,1.5,2,631.71,632.0999999999914,324.3,1,0
1759005354.835198,0,0.036500000000000005,1.5,2,631.52,631.9999999999914,324.25,1,1
1759005354.8452127,0,0.037,1.5,2,631.56,631.8999999999913,324.2,2,0
1759005354.8554735,0,0.037,1.5,2,631.56,631.7999999999913,324.15,0,0
1759005354.8657274,0,0.037,1.5,2,631.6,631.6999999999913,324.05,0,0
1759005354.875999,0,0.037,1.5,2,631.64,631.5999999999913,323.85,0,0
1759005354.8857422,0,0.037,1.5,2,631.68,631.4999999999912,323.7,0,0
1759005354.8961787,0,0.036000000000000004,1.5,2,631.77,631.3999999999912,323.55,0,0
1759005354.9062817,0,0.035500000000000004,1.5,2,631.82,631.2999999999912,323.45000000000005,0,1
1759005354.916246,0,0.035500000000000004,1.5,2,631.87,631.1999999999912,323.4,0,0
1759005354.9267108,0,0.035,1.5,2,631.83,631.0999999999912,323.35,0,0
1759005354.9368587,0,0.035,1.5,2,631.73,630.9999999999911,323.29999999999995,1,0
1759005354.9465375,0,0.035,1.5,2,631.58,630.8999999999911,323.2,0,1
1759005354.9564466,0,0.035,1.5,2,631.37,630.7999999999911,323.1,1,1
1759005354.966731,0,0.035,1.5,2,630.99,630.6999999999911,323.05,0,0
1759005354.9766674,0,0.0335,1.5,2,630.71,630.599999999991,323.05,0,0
1759005354.987219,0,0.0335,1.5,2,630.43,630.499999999991,322.9,0,0
1759005354.997614,0,0.033,1.5,2,630.13,630.399999999991,322.70000000000005,0,0
1759005355.0073056,0,0.033,1.5,2,629.83,630.299999999991,322.5,0,1
1759005355.0176492,0,0.033,1.5,2,629.53,630.199999999991,322.35,0,1
1759005355.0281987,0,0.033,1.5,2,629.23,630.0999999999909,322.29999999999995,0,0
1759005355.0378642,0,0.0325,1.5,2,629,629.9999999999909,322.25,0,0
1759005355.0474598,0,0.0325,1.5,2,628.77,629.8999999999909,322.2,0,0
1759005355.0577598,0,0.0325,1.5,2,628.63,629.7999999999909,322.2,1,0
1759005355.067721,0,0.032,1.5,2,628.56,629.6999999999908,322.2,1,0
1759005355.0783014,0,0.033,1.5,2,628.37,629.5999999999908,322.25,1,1
1759005355.0889664,0,0.034,1.5,2,628.16,629.4999999999908,322.29999999999995,1,1
1759005355.0988202,0,0.0335,1.5,2,628.16,629.3999999999908,322.29999999999995,0,1
1759005355.1089249,0,0.033,1.5,2,628.2,629.2999999999907,322.25,0,0
1759005355.1189811,0,0.0325,1.5,2,628.2,629.1999999999907,322.2,0,0
1759005355.1297052,0,0.032,1.5,2,628.2,629.0999999999907,322.1,0,0
1759005355.139464,0,0.0315,1.5,2,628.28,628.9999999999907,322.0,0,0
1759005355.1498659,0,0.031,1.5,2,628.32,628.8999999999907,321.9,0,0
1759005355.1594656,0,0.031,1.5,2,628.41,628.7999999999906,321.9,1,0
1759005355.1695175,0,0.031,1.5,2,628.52,628.6999999999906,321.95,0,0
1759005355.179752,0,0.0305,1.5,2,628.48,628.5999999999906,322.1,0,0
1759005355.190326,0,0.030000000000000002,1.5,2,628.34,628.4999999999906,322.20000000000005,1,0
1759005355.2004082,0,0.029,1.5,2,628.24,628.3999999999905,322.25,1,0
1759005355.2104805,0,0.0275,1.5,2,628.05,628.2999999999905,322.15,0,0
1759005355.220557,0,0.026500000000000003,1.5,2,627.9,628.1999999999905,322.0,0,0
1759005355.23078,0,0.025,1.5,2,627.6,628.0999999999905,321.85,0,0
1759005355.241071,0,0.0235,1.5,2,627.39,627.9999999999905,321.7,0,0
1759005355.2506094,0,0.022500000000000003,1.5,2,627.11,627.8999999999904,321.55,0,0
1759005355.2608864,0,0.0235,1.5,2,626.83,627.7999999999904,321.35,1,1
1759005355.2715542,0,0.0235,1.5,2,626.58,627.6999999999904,321.05,1,0
1759005355.2817152,0,0.024,1.5,2,626.38,627.5999999999904,320.79999999999995,1,0
1759005355.2916892,0,0.023,1.5,2,626.13,627.4999999999903,320.65,0,1
1759005355.3018274,0,0.023,1.5,2,625.88,627.3999999999903,320.54999999999995,1,0
1759005355.3115234,0,0.0235,1.5,2,625.73,627.2999999999903,320.45000000000005,1,0
1759005355.3226035,0,0.023,1.5,2,625.43,627.1999999999903,320.3,0,0
1759005355.3324785,0,0.022500000000000003,1.5,2,625.17,627.0999999999902,320.1,0,0
1759005355.3427517,0,0.022500000000000003,1.5,2,624.89,626.9999999999902,319.9,0,0
1759005355.3525963,0,0.022500000000000003,1.5,2,624.82,626.8999999999902,319.7,0,0
1759005355.3631852,0,0.023,1.5,2,624.52,626.7999999999902,319.55,0,1
1759005355.3730617,0,0.023,1.5,2,624.22,626.6999999999902,319.35,0,0
1759005355.3835576,0,0.023,1.5,2,623.94,626.5999999999901,319.15,1,0
1759005355.393412,0,0.024,1.5,2,623.71,626.4999999999901,318.95,1,1
1759005355.4038963,0,0.0245,1.5,2,623.52,626.3999999999901,318.8,1,0
1759005355.4139514,0,0.0245,1.5,2,623.12,626.2999999999901,318.65,0,1
1759005355.4238935,0,0.0245,1.5,2,623.16,626.19999999999,318.6,0,1
1759005355.4345095,0,0.025,1.5,2,623.24,626.09999999999,318.55,1,0
1759005355.44468,0,0.0245,1.5,2,623.24,625.99999999999,318.5,0,0
1759005355.455188,0,0.024,1.5,2,623.24,625.89999999999,318.4,0,0
1759005355.465265,0,0.024,1.5,2,623.24,625.79999999999,318.3,0,0
1759005355.4750803,0,0.0235,1.5,2,623.24,625.6999999999899,318.29999999999995,0,0
1759005355.485495,0,0.023,1.5,2,623.24,625.5999999999899,318.25,0,0
1759005355.4956706,0,0.023,1.5,2,623.24,625.4999999999899,318.15,0,0
1759005355.505927,0,0.023,1.5,2,623.24,625.3999999999899,318.0,0,0
1759005355.5155294,0,0.0235,1.5,2,623.24,625.2999999999898,317.85,0,1
1759005355.5262694,0,0.0235,1.5,2,623.26,625.1999999999898,317.75,0,0
1759005355.5364687,0,0.0235,1.5,2,623.26,625.0999999999898,317.6,0,0
1759005355.5462437,0,0.0235,1.5,2,623.41,624.9999999999898,317.45,0,0
1759005355.5569978,0,0.023,1.5,2,623.37,624.8999999999897,317.25,0,0
1759005355.5669456,0,0.023,1.5,2,623.31,624.7999999999897,317.04999999999995,0,0
1759005355.5771415,0,0.022500000000000003,1.5,2,623.27,624.6999999999897,316.95,0,0
1759005355.5876427,0,0.023,1.5,2,623.04,624.5999999999897,316.85,0,1
1759005355.597611,0,0.0235,1.5,2,622.9,624.4999999999897,316.75,0,1
1759005355.6078656,0,0.0235,1.5,2,622.83,624.3999999999896,316.7,1,1
1759005355.6179132,0,0.0235,1.5,2,622.68,624.2999999999896,316.6,0,0
1759005355.6285534,0,0.0235,1.5,2,622.53,624.1999999999896,316.5,0,1
1759005355.638737,0,0.024,1.5,2,622.3,624.0999999999896,316.4,0,1
1759005355.6484761,0,0.024,1.5,2,622.09,623.9999999999895,316.25,0,0
1759005355.6587982,0,0.0245,1.5,2,621.9,623.8999999999895,316.2,0,1
1759005355.6689608,0,0.0245,1.5,2,621.71,623.7999999999895,316.15,0,1
1759005355.6794906,0,0.024,1.5,2,621.56,623.6999999999895,316.15,0,0
1759005355.6899624,0,0.024,1.5,2,621.48,623.5999999999894,316.15,0,0
1759005355.7003763,0,0.0235,1.5,2,621.48,623.4999999999894,316.15,0,0
1759005355.7101405,0,0.0235,1.5,2,621.48,623.3999999999894,316.1,0,0
1759005355.7197025,0,0.024,1.5,2,621.48,623.2999999999894,316.05,1,0
1759005355.7305784,0,0.024,1.5,2,621.48,623.1999999999894,316.05,0,0
1759005355.7407734,0,0.024,1.5,2,621.5,623.0999999999893,316.1,0,0
1759005355.750786,0,0.0245,1.5,2,621.52,622.9999999999893,316.05,0,1
1759005355.76102,0,0.0245,1.5,2,621.75,622.8999999999893,315.95,0,0
1759005355.7711892,0,0.0245,1.5,2,621.75,622.7999999999893,315.8,0,0
1759005355.7812827,0,0.025,1.5,2,621.75,622.6999999999892,315.70000000000005,1,0
1759005355.791674,0,0.025500000000000002,1.5,2,621.75,622.5999999999892,315.6,1,0
1759005355.8023093,0,0.025,1.5,2,621.75,622.4999999999892,315.55,0,0
1759005355.8126059,0,0.025,1.5,2,621.67,622.3999999999892,315.5,0,0
1759005355.8226743,0,0.025500000000000002,1.5,2,621.67,622.2999999999892,315.5,1,0
1759005355.832278,0,0.025500000000000002,1.5,2,621.65,622.1999999999891,315.5,0,0
1759005355.842741,0,0.025500000000000002,1.5,2,621.65,622.0999999999891,315.5,1,0
1759005355.8526547,0,0.025,1.5,2,621.65,621.9999999999891,315.5,1,0
1759005355.8633554,0,0.024,1.5,2,621.65,621.8999999999891,315.5,0,0
1759005355.8734813,0,0.024,1.5,2,621.46,621.799999999989,315.45,0,0
1759005355.883462,0,0.024,1.5,2,621.25,621.699999999989,315.4,0,0
1759005355.8935864,0,0.0245,1.5,2,621.02,621.599999999989,315.35,1,0
1759005355.90368,0,0.025,1.5,2,620.79,621.499999999989,315.3,0,1
1759005355.9135678,0,0.025500000000000002,1.5,2,620.6,621.399999999989,315.3,0,1
1759005355.9239452,0,0.025,1.5,2,620.45,621.2999999999889,315.3,0,0
1759005355.9340367,0,0.025,1.5,2,620.26,621.1999999999889,315.15,0,0
1759005355.9443996,0,0.025,1.5,2,620.18,621.0999999999889,315.0,0,0
1759005355.9549327,0,0.0245,1.5,2,620.41,620.9999999999889,314.85,0,0
1759005355.9648075,0,0.024,1.5,2,620.41,620.8999999999888,314.75,0,0
1759005355.9754524,0,0.023,1.5,2,620.41,620.7999999999888,314.65,0,0
1759005355.984721,0,0.023,1.5,2,620.41,620.6999999999888,314.6,0,0
1759005355.9953713,0,0.0235,1.5,2,620.41,620.5999999999888,314.55,1,0
1759005356.0055668,0,0.0235,1.5,2,620.41,620.4999999999887,314.55,0,0
1759005356.0159197,0,0.0235,1.5,2,620.41,620.3999999999887,314.55,0,0
1759005356.0259266,0,0.023,1.5,2,620.39,620.2999999999887,314.54999999999995,0,0
1759005356.035968,0,0.023,1.5,2,620.43,620.1999999999887,314.45,1,0
1759005356.0458157,0,0.023,1.5,2,620.43,620.0999999999887,314.3,0,0
1759005356.056322,0,0.023,1.5,2,620.43,619.9999999999886,314.15,0,0
1759005356.0661259,0,0.023,1.5,2,620.43,619.8999999999886,314.05,0,0
1759005356.0766537,0,0.022500000000000003,1.5,2,620.43,619.7999999999886,313.85,0,0
1759005356.0870152,0,0.022500000000000003,1.5,2,620.35,619.6999999999886,313.75,1,0
1759005356.0966055,0,0.022000000000000002,1.5,2,620.35,619.5999999999885,313.65,1,0
1759005356.107286,0,0.021500000000000002,1.5,2,620.41,619.4999999999885,313.6,0,1
1759005356.1175098,0,0.021,1.5,2,620.26,619.3999999999885,313.6,0,0
1759005356.1279252,0,0.021,1.5,2,620.07,619.2999999999885,313.5,0,0
1759005356.1376276,0,0.021,1.5,2,619.9,619.1999999999884,313.45000000000005,0,0
1759005356.147937,0,0.022000000000000002,1.5,2,619.79,619.0999999999884,313.45,1,1
1759005356.1577942,0,0.022000000000000002,1.5,2,619.56,618.9999999999884,313.45,0,0
1759005356.167995,0,0.022500000000000003,1.5,2,619.35,618.8999999999884,313.45,1,0
1759005356.1784623,0,0.022500000000000003,1.5,2,619.12,618.7999999999884,313.35,1,0
1759005356.1886613,0,0.022500000000000003,1.5,2,618.93,618.6999999999883,313.2,0,0
1759005356.1988926,0,0.022500000000000003,1.5,2,618.87,618.5999999999883,312.9,0,0
1759005356.2087243,0,0.022500000000000003,1.5,2,618.87,618.4999999999883,312.70000000000005,1,0
1759005356.219342,0,0.022500000000000003,1.5,2,618.91,618.3999999999883,312.54999999999995,0,1
1759005356.2296963,0,0.023,1.5,2,618.99,618.2999999999882,312.5,0,1
1759005356.2395988,0,0.023,1.5,2,619.07,618.1999999999882,312.4,0,0
1759005356.2494836,0,0.0235,1.5,2,619.07,618.0999999999882,312.35,1,0
1759005356.259568,0,0.0235,1.5,2,618.94,617.9999999999882,312.35,0,0
1759005356.2704663,0,0.0235,1.5,2,618.89,617.8999999999882,312.4,0,0
1759005356.2803319,0,0.022500000000000003,1.5,2,619.03,617.7999999999881,312.45,0,0
1759005356.2904243,0,0.022000000000000002,1.5,2,618.86,617.6999999999881,312.5,0,0
1759005356.3003194,0,0.021500000000000002,1.5,2,618.57,617.5999999999881,312.45,0,0
1759005356.310109,0,0.021500000000000002,1.5,2,618.4,617.4999999999881,312.29999999999995,1,0
1759005356.3199701,0,0.021,1.5,2,618.29,617.399999999988,312.15,0,0
1759005356.3300133,0,0.021,1.5,2,618.04,617.299999999988,311.95,0,1
1759005356.340469,0,0.021500000000000002,1.5,2,617.89,617.199999999988,311.79999999999995,1,0
1759005356.351591,0,0.022000000000000002,1.5,2,617.64,617.099999999988,311.7,1,0
1759005356.361772,0,0.022500000000000003,1.5,2,617.43,616.999999999988,311.7,1,0
1759005356.372165,0,0.022500000000000003,1.5,2,617.11,616.8999999999879,311.75,0,0
1759005356.3823802,0,0.023,1.5,2,617.02,616.7999999999879,311.70000000000005,1,1
1759005356.3924916,0,0.0235,1.5,2,616.95,616.6999999999879,311.7,1,0
1759005356.4029334,0,0.023,1.5,2,616.86,616.5999999999879,311.65,0,0
1759005356.4129517,0,0.022000000000000002,1.5,2,616.81,616.4999999999878,311.65,0,0
1759005356.4234753,0,0.021500000000000002,1.5,2,616.72,616.3999999999878,311.75,0,0
1759005356.4332964,0,0.021500000000000002,1.5,2,616.65,616.2999999999878,311.85,1,0
1759005356.4437015,0,0.021500000000000002,1.5,2,616.52,616.1999999999878,311.85,1,0
1759005356.4534552,0,0.021500000000000002,1.5,2,616.35,616.0999999999877,311.85,1,0
1759005356.464342,0,0.021500000000000002,1.5,2,616.26,615.9999999999877,311.85,0,0
1759005356.4740844,0,0.022000000000000002,1.5,2,616.24,615.8999999999877,311.9,1,0
1759005356.4844365,0,0.022500000000000003,1.5,2,616.24,615.7999999999877,311.95000000000005,1,0
1759005356.4951124,0,0.0235,1.5,2,616.24,615.6999999999877,311.9,2,0
1759005356.5049672,0,0.0235,1.5,2,616.32,615.5999999999876,311.9,0,0
1759005356.515806,0,0.0235,1.5,2,616.4,615.4999999999876,311.95,0,0
1759005356.5256555,0,0.024,1.5,2,616.48,615.3999999999876,312.05,1,0
1759005356.535389,0,0.0235,1.5,2,616.39,615.2999999999876,312.15,0,0
1759005356.5459087,0,0.0235,1.5,2,616.3,615.1999999999875,312.25,0,0
1759005356.5559938,0,0.0235,1.5,2,616.13,615.0999999999875,312.29999999999995,0,0
1759005356.566363,0,0.024,1.5,2,615.73,614.9999999999875,312.3,0,1
1759005356.576167,0,0.0245,1.5,2,615.56,614.8999999999875,312.3,1,0
1759005356.5864851,0,0.025500000000000002,1.5,2,615.41,614.7999999999874,312.25,1,1
1759005356.5970213,0,0.026000000000000002,1.5,2,615.2,614.6999999999874,312.15,1,0
1759005356.6069973,0,0.025500000000000002,1.5,2,614.99,614.5999999999874,312.04999999999995,0,0
1759005356.617306,0,0.026000000000000002,1.5,2,614.78,614.4999999999874,311.95000000000005,1,1
1759005356.6275306,0,0.026000000000000002,1.5,2,614.53,614.3999999999874,311.85,1,1
1759005356.6375773,0,0.026000000000000002,1.5,2,614.36,614.2999999999873,311.85,0,0
1759005356.647829,0,0.025500000000000002,1.5,2,614.07,614.1999999999873,311.9,0,0
1759005356.6580286,0,0.025500000000000002,1.5,2,613.92,614.0999999999873,311.95000000000005,1,0
1759005356.6678607,0,0.026000000000000002,1.5,2,613.73,613.9999999999873,311.95000000000005,1,0
1759005356.6784983,0,0.026500000000000003,1.5,2,613.62,613.8999999999872,311.85,2,0
1759005356.6888578,0,0.026500000000000003,1.5,2,613.45,613.7999999999872,311.65,1,0
1759005356.6988397,0,0.027000000000000003,1.5,2,613.28,613.6999999999872,311.45000000000005,1,0
1759005356.7086103,0,0.0285,1.5,2,613.11,613.5999999999872,311.35,1,2
1759005356.719661,0,0.029,1.5,2,612.94,613.4999999999872,311.25,0,1
1759005356.7297022,0,0.029500000000000002,1.5,2,613.02,613.3999999999871,311.20000000000005,1,0
1759005356.7398632,0,0.029,1.5,2,612.93,613.2999999999871,311.1,0,0
1759005356.749668,0,0.029500000000000002,1.5,2,612.84,613.1999999999871,310.9,1,0
1759005356.7602978,0,0.029500000000000002,1.5,2,612.75,613.0999999999871,310.79999999999995,0,0
1759005356.770052,0,0.029500000000000002,1.5,2,612.66,612.999999999987,310.75,1,0
1759005356.7803166,0,0.030500000000000003,1.5,2,612.38,612.899999999987,310.75,1,1
1759005356.79048,0,0.030500000000000003,1.5,2,612.33,612.799999999987,310.75,0,0
1759005356.8010964,0,0.030500000000000003,1.5,2,612.24,612.699999999987,310.75,1,0
1759005356.8114977,0,0.031000000000000003,1.5,2,612.07,612.599999999987,310.7,2,0
1759005356.8206685,0,0.0325,1.5,2,611.9,612.4999999999869,310.65,2,1
1759005356.8314106,0,0.0325,1.5,2,611.69,612.3999999999869,310.6,0,0
1759005356.8411653,0,0.0325,1.5,2,611.44,612.2999999999869,310.5,1,0
1759005356.8516521,0,0.033,1.5,2,611.29,612.1999999999869,310.35,1,0
1759005356.861477,0,0.033,1.5,2,611.08,612.0999999999868,310.15,1,0
1759005356.8720982,0,0.0335,1.5,2,610.91,611.9999999999868,310.0,1,1
1759005356.8819458,0,0.0345,1.5,2,610.57,611.8999999999868,309.85,2,0
1759005356.892504,0,0.0345,1.5,2,610.4,611.7999999999868,309.8,0,0
1759005356.9027007,0,0.035,1.5,2,610.25,611.6999999999867,309.79999999999995,1,0
1759005356.912745,0,0.035,1.5,2,610.08,611.5999999999867,309.8,1,0
1759005356.922962,0,0.0345,1.5,2,609.91,611.4999999999867,309.6,0,0
1759005356.932508,0,0.0345,1.5,2,609.74,611.3999999999867,309.4,0,1
1759005356.9431472,0,0.035,1.5,2,609.57,611.2999999999867,309.15,0,1
1759005356.9534929,0,0.035500000000000004,1.5,2,609.4,611.1999999999866,308.95000000000005,1,0
1759005356.963919,0,0.035500000000000004,1.5,2,609.25,611.0999999999866,308.79999999999995,0,0
1759005356.9734874,0,0.036000000000000004,1.5,2,608.85,610.9999999999866,308.65,1,0
1759005356.9840622,0,0.036000000000000004,1.5,2,608.68,610.8999999999866,308.54999999999995,0,0
1759005356.9947205,0,0.036500000000000005,1.5,2,608.51,610.7999999999865,308.6,1,0
1759005357.0043104,0,0.037000000000000005,1.5,2,608.59,610.6999999999865,308.6,1,0
1759005357.0148587,0,0.036500000000000005,1.5,2,608.5,610.5999999999865,308.55,0,0
1759005357.0244765,0,0.037000000000000005,1.5,2,608.41,610.4999999999865,308.45000000000005,1,0
1759005357.0354316,0,0.0375,1.5,2,608.32,610.3999999999864,308.4,1,0
1759005357.0448976,0,0.0375,1.5,2,608.32,610.2999999999864,308.4,0,0
1759005357.0556648,0,0.037000000000000005,1.5,2,608.23,610.1999999999864,308.45000000000005,0,0
1759005357.0649705,0,0.037000000000000005,1.5,2,608.18,610.0999999999864,308.5,0,0
1759005357.0757568,0,0.0375,1.5,2,608.09,609.9999999999864,308.5,1,0
1759005357.0860152,0,0.038,1.5,2,608,609.8999999999863,308.45,1,0
1759005357.0956461,0,0.0385,1.5,2,607.85,609.7999999999863,308.4,1,0
1759005357.1061578,0,0.0385,1.5,2,607.68,609.6999999999863,308.3,1,0
1759005357.1151497,0,0.039,1.5,2,607.47,609.5999999999863,308.25,1,1
1759005357.125699,0,0.0385,1.5,2,607.28,609.4999999999862,308.1,0,0
1759005357.1360106,0,0.0385,1.5,2,607.09,609.3999999999862,307.95000000000005,0,0
1759005357.1463313,0,0.0395,1.5,2,606.92,609.2999999999862,308.0,2,0
1759005357.1572344,0,0.04,1.5,2,606.77,609.1999999999862,307.95000000000005,1,0
1759005357.167328,0,0.039,1.5,2,606.52,609.0999999999862,307.9,0,0
1759005357.177909,0,0.039,1.5,2,606.35,608.9999999999861,307.8,0,0
1759005357.187407,0,0.0385,1.5,2,606.2,608.8999999999861,307.65,0,0
1759005357.1978748,0,0.038,1.5,2,606.09,608.7999999999861,307.45,0,0
1759005357.2080333,0,0.038,1.5,2,605.94,608.6999999999861,307.2,0,0
1759005357.2183514,0,0.0385,1.5,2,605.81,608.599999999986,307.0,0,1
1759005357.2283993,0,0.0385,1.5,2,605.7,608.499999999986,306.85,1,0
1759005357.2391798,0,0.0385,1.5,2,605.49,608.399999999986,306.70000000000005,1,0
1759005357.2490501,0,0.038,1.5,2,605.24,608.299999999986,306.6,0,0
1759005357.2592838,0,0.039,1.5,2,604.99,608.199999999986,306.6,2,0
1759005357.2697268,0,0.0385,1.5,2,604.95,608.0999999999859,306.54999999999995,0,0
1759005357.2794638,0,0.039,1.5,2,604.95,607.9999999999859,306.45,1,0
1759005357.289931,0,0.0395,1.5,2,604.91,607.8999999999859,306.35,1,0
1759005357.3000238,0,0.04,1.5,2,604.68,607.7999999999859,306.2,1,0
1759005357.3106735,0,0.0405,1.5,2,604.76,607.6999999999858,306.04999999999995,1,0
1759005357.3203819,0,0.041,1.5,2,604.88,607.5999999999858,306.0,1,0
1759005357.3307772,0,0.0405,1.5,2,604.94,607.4999999999858,306.1,0,0
1759005357.34072,0,0.0405,1.5,2,604.96,607.3999999999858,306.2,0,0
1759005357.3510282,0,0.041,1.5,2,605.04,607.2999999999857,306.35,1,1
1759005357.3611038,0,0.0415,1.5,2,605.12,607.1999999999857,306.4,2,0
1759005357.3715367,0,0.042,1.5,2,605.24,607.0999999999857,306.35,1,1
1759005357.381484,0,0.042,1.5,2,605.45,606.9999999999857,306.25,1,0
1759005357.391769,0,0.042,1.5,2,605.54,606.8999999999857,306.1,0,0
1759005357.4015398,0,0.041,1.5,2,605.63,606.7999999999856,306.0,0,0
1759005357.4123156,0,0.041,1.5,2,605.8,606.6999999999856,305.9,1,0
1759005357.422384,0,0.041,1.5,2,605.97,606.5999999999856,305.8,0,0
1759005357.4327154,0,0.042,1.5,2,606.02,606.4999999999856,305.70000000000005,1,1
1759005357.442833,0,0.043000000000000003,1.5,2,605.96,606.3999999999855,305.5,2,0
1759005357.4526827,0,0.0425,1.5,2,605.88,606.2999999999855,305.29999999999995,0,0
1759005357.463213,0,0.0425,1.5,2,605.8,606.1999999999855,305.2,1,0
1759005357.47328,0,0.042,1.5,2,605.64,606.0999999999855,305.1,0,0
1759005357.4834847,0,0.0425,1.5,2,605.46,605.9999999999854,305.0,1,0
1759005357.4935808,0,0.0425,1.5,2,605.25,605.8999999999854,304.85,1,0
1759005357.5035262,0,0.0425,1.5,2,605.02,605.7999999999854,304.7,1,0
1759005357.513485,0,0.0415,1.5,2,604.77,605.6999999999854,304.6,0,0
1759005357.523503,0,0.042,1.5,2,604.44,605.5999999999854,304.5,0,1
1759005357.5342379,0,0.0425,1.5,2,604.11,605.4999999999853,304.35,1,0
1759005357.544318,0,0.042,1.5,2,603.78,605.3999999999853,304.2,0,0
1759005357.5543537,0,0.0425,1.5,2,603.62,605.2999999999853,304.0,0,1
1759005357.5649016,0,0.043000000000000003,1.5,2,603.44,605.1999999999853,303.75,1,0
1759005357.575142,0,0.043500000000000004,1.5,2,603.38,605.0999999999852,303.55,1,0
1759005357.5848577,0,0.043500000000000004,1.5,2,603.3,604.9999999999852,303.35,0,1
1759005357.595685,0,0.044000000000000004,1.5,2,603.24,604.8999999999852,303.20000000000005,1,1
1759005357.6053722,0,0.043500000000000004,1.5,2,603.18,604.7999999999852,303.1,1,0
1759005357.6159222,0,0.044000000000000004,1.5,2,603.1,604.6999999999852,303.0,1,1
1759005357.6255836,0,0.044000000000000004,1.5,2,603.06,604.5999999999851,302.95,0,0
1759005357.6361573,0,0.045000000000000005,1.5,2,603.02,604.4999999999851,302.9,3,1
1759005357.6461709,0,0.045000000000000005,1.5,2,602.94,604.3999999999851,302.75,1,1
1759005357.656769,0,0.045000000000000005,1.5,2,603.06,604.2999999999851,302.55,0,0
1759005357.6667938,0,0.045000000000000005,1.5,2,603.1,604.199999999985,302.4,0,0
1759005357.6765816,0,0.045000000000000005,1.5,2,603.04,604.099999999985,302.3,1,0
1759005357.6866374,0,0.0455,1.5,2,603.04,603.999999999985,302.25,2,0
1759005357.6974025,0,0.045000000000000005,1.5,2,602.98,603.899999999985,302.20000000000005,1,0
1759005357.7077696,0,0.044500000000000005,1.5,2,602.94,603.799999999985,302.20000000000005,0,0
1759005357.7179222,0,0.044500000000000005,1.5,2,602.94,603.6999999999849,302.2,1,0
1759005357.728358,0,0.043500000000000004,1.5,2,602.94,603.5999999999849,302.15,1,0
1759005357.7378483,0,0.043000000000000003,1.5,2,602.9,603.4999999999849,302.1,0,0
1759005357.7486875,0,0.043000000000000003,1.5,2,602.61,603.3999999999849,302.05,1,0
1759005357.7588694,0,0.043000000000000003,1.5,2,602.49,603.2999999999848,302.05,0,0
1759005357.7686553,0,0.043000000000000003,1.5,2,602.41,603.1999999999848,302.1,1,0
1759005357.779292,0,0.043500000000000004,1.5,2,602.35,603.0999999999848,302.05,0,1
1759005357.7896383,0,0.043000000000000003,1.5,2,602.27,602.9999999999848,302.04999999999995,0,0
1759005357.7994661,0,0.0425,1.5,2,602.15,602.8999999999847,302.0,0,1
1759005357.8100598,0,0.043000000000000003,1.5,2,602.05,602.7999999999847,301.95000000000005,1,0
1759005357.8203049,0,0.0425,1.5,2,601.97,602.6999999999847,301.9,0,0
1759005357.8301108,0,0.0415,1.5,2,601.93,602.5999999999847,301.9,0,0
1759005357.840586,0,0.04,1.5,2,601.89,602.4999999999847,301.9,0,0
1759005357.8508584,0,0.04,1.5,2,601.85,602.3999999999846,301.8,0,0
1759005357.8609302,0,0.04,1.5,2,601.75,602.2999999999846,301.7,1,0
1759005357.8711052,0,0.0395,1.5,2,601.67,602.1999999999846,301.65,0,0
1759005357.881248,0,0.039,1.5,2,601.63,602.0999999999846,301.6,0,0
1759005357.891377,0,0.038,1.5,2,601.55,601.9999999999845,301.6,0,0
1759005357.9013667,0,0.037000000000000005,1.5,2,601.43,601.8999999999845,301.65,0,0
1759005357.9113567,0,0.037000000000000005,1.5,2,601.33,601.7999999999845,301.6,0,0
1759005357.9212053,0,0.036500000000000005,1.5,2,601.23,601.6999999999845,301.55,0,0
1759005357.9321287,0,0.036000000000000004,1.5,2,601.13,601.5999999999844,301.45,0,0
1759005357.9417512,0,0.036000000000000004,1.5,2,601.07,601.4999999999844,301.5,0,0
1759005357.9519536,0,0.035500000000000004,1.5,2,601.01,601.3999999999844,301.5,0,0
1759005357.9624355,0,0.036000000000000004,1.5,2,600.95,601.2999999999844,301.5,1,1
1759005357.972475,0,0.036000000000000004,1.5,2,600.89,601.1999999999844,301.4,0,1
1759005357.9825654,0,0.036000000000000004,1.5,2,600.79,601.0999999999843,301.3,0,0
1759005357.9929497,0,0.036000000000000004,1.5,2,600.73,600.9999999999843,301.20000000000005,0,1
1759005358.003195,0,0.036000000000000004,1.5,2,600.63,600.8999999999843,301.15,0,0
1759005358.0131369,0,0.036500000000000005,1.5,2,600.75,600.7999999999843,301.0,1,1
1759005358.0237622,0,0.036500000000000005,1.5,2,600.5,600.6999999999842,300.85,1,0
1759005358.0334945,0,0.036500000000000005,1.5,2,600.42,600.5999999999842,300.75,0,0
1759005358.0441008,0,0.036000000000000004,1.5,2,600.34,600.4999999999842,300.75,0,0
1759005358.0545573,0,0.035500000000000004,1.5,2,600.34,600.3999999999842,300.70000000000005,0,0
1759005358.064524,0,0.035500000000000004,1.5,2,600.21,600.2999999999842,300.65,0,0
1759005358.074272,0,0.035500000000000004,1.5,2,600.09,600.1999999999841,300.6,0,0
1759005358.0845199,0,0.035500000000000004,1.5,2,599.97,600.0999999999841,300.5,0,0
1759005358.0946953,0,0.035,1.5,2,599.89,599.9999999999841,300.5,0,0
1759005358.1048758,0,0.035,1.5,2,599.73,599.8999999999841,300.45,0,1
1759005358.1146653,0,0.035,1.5,2,599.63,599.799999999984,300.4,1,0
1759005358.125266,0,0.0345,1.5,2,599.53,599.699999999984,300.29999999999995,0,0
1759005358.135389,0,0.034,1.5,2,599.49,599.599999999984,300.15,1,0
1759005358.1460292,0,0.035,1.5,2,599.39,599.499999999984,300.04999999999995,1,1
1759005358.1561465,0,0.035,1.5,2,599.29,599.399999999984,300.05,0,0
1759005358.166144,0,0.035,1.5,2,599.21,599.2999999999839,299.95,1,1
1759005358.176349,0,0.0345,1.5,2,599.13,599.1999999999839,299.9,0,0
1759005358.1864865,0,0.0345,1.5,2,599.07,599.0999999999839,299.8,0,0
1759005358.1968105,0,0.035500000000000004,1.5,2,598.97,598.9999999999839,299.7,1,1
1759005358.206596,0,0.036000000000000004,1.5,2,598.89,598.8999999999838,299.6,1,0
1759005358.2170393,0,0.036000000000000004,1.5,2,598.73,598.7999999999838,299.6,0,0
1759005358.2273936,0,0.037000000000000005,1.5,2,598.65,598.6999999999838,299.65,1,1
1759005358.2376347,0,0.037000000000000005,1.5,2,598.49,598.5999999999838,299.7,0,1
1759005358.2475624,0,0.037000000000000005,1.5,2,598.37,598.4999999999837,299.54999999999995,1,0
1759005358.2583601,0,0.037500000000000006,1.5,2,598.31,598.3999999999837,299.4,1,1
1759005358.2685108,0,0.037500000000000006,1.5,2,598.21,598.2999999999837,299.29999999999995,0,0
1759005358.2783992,0,0.036500000000000005,1.5,2,598.21,598.1999999999837,299.25,0,0
1759005358.2889981,0,0.037500000000000006,1.5,2,598.02,598.0999999999837,299.3,1,1
1759005358.2990677,0,0.038,1.5,2,597.96,597.9999999999836,299.35,1,1
1759005358.3086777,0,0.037500000000000006,1.5,2,597.94,597.8999999999836,299.35,0,0
1759005358.3191867,0,0.037000000000000005,1.5,2,597.86,597.7999999999836,299.35,0,0
1759005358.3293316,0,0.037000000000000005,1.5,2,597.78,597.6999999999836,299.35,1,0
1759005358.3394709,0,0.038,1.5,2,597.7,597.5999999999835,299.35,2,1
1759005358.3496437,0,0.0385,1.5,2,597.64,597.4999999999835,299.25,0,1
1759005358.3605003,0,0.0385,1.5,2,597.5,597.3999999999835,299.15,0,0
1759005358.3704026,0,0.0375,1.5,2,597.34,597.2999999999835,299.0,0,0
1759005358.3809705,0,0.036500000000000005,1.5,2,597.18,597.1999999999834,298.85,0,0
1759005358.3910122,0,0.035500000000000004,1.5,2,597,597.0999999999834,298.8,0,0
1759005358.4012396,0,0.035,1.5,2,596.75,596.9999999999834,298.8,0,0
1759005358.4116523,0,0.035,1.5,2,596.48,596.8999999999834,298.75,0,0
1759005358.4214444,0,0.035,1.5,2,596.21,596.7999999999834,298.7,0,0
1759005358.431411,0,0.035,1.5,2,595.88,596.6999999999833,298.65,1,0
1759005358.4419272,0,0.035,1.5,2,595.55,596.5999999999833,298.70000000000005,0,0
1759005358.4516819,0,0.034,1.5,2,595.32,596.4999999999833,298.75,0,0
1759005358.4621716,0,0.033,1.5,2,595.22,596.3999999999833,298.9,0,0
1759005358.4723644,0,0.033,1.5,2,595.14,596.2999999999832,299.05,0,0
1759005358.4822807,0,0.0325,1.5,2,595.06,596.1999999999832,299.15,0,0
1759005358.4924672,0,0.033,1.5,2,595.04,596.0999999999832,299.20000000000005,0,1
1759005358.5027835,0,0.033,1.5,2,595.06,595.9999999999832,299.15,0,1
1759005358.5135434,0,0.0325,1.5,2,595.04,595.8999999999832,299.15,0,0
1759005358.5235958,0,0.0325,1.5,2,595.02,595.7999999999831,299.1,1,0
1759005358.5340595,0,0.033,1.5,2,595,595.6999999999831,299.04999999999995,1,0
1759005358.543658,0,0.033,1.5,2,595,595.5999999999831,299.0,1,0
1759005358.553798,0,0.0325,1.5,2,595,595.4999999999831,298.95,0,0
1759005358.563732,0,0.0325,1.5,2,595,595.399999999983,298.85,0,0
1759005358.5735905,0,0.032,1.5,2,595,595.299999999983,298.75,0,0
1759005358.584306,0,0.032,1.5,2,595.02,595.199999999983,298.7,0,1
1759005358.5946846,0,0.0315,1.5,2,595,595.099999999983,298.70000000000005,0,0
1759005358.6047685,0,0.0315,1.5,2,595,594.999999999983,298.8,0,1
1759005358.6148436,0,0.031000000000000003,1.5,2,595.18,594.8999999999829,298.85,0,1
1759005358.6245449,0,0.031000000000000003,1.5,2,595.16,594.7999999999829,298.95000000000005,1,0
1759005358.6351345,0,0.030000000000000002,1.5,2,595.16,594.6999999999829,299.05,0,0
1759005358.64559,0,0.031000000000000003,1.5,2,595.16,594.5999999999829,299.15,0,2
1759005358.6552773,0,0.030000000000000002,1.5,2,595.16,594.4999999999828,299.25,1,1
1759005358.6653812,0,0.029,1.5,2,595.16,594.3999999999828,299.35,0,0
1759005358.6758277,0,0.029,1.5,2,594.96,594.2999999999828,299.4,0,0
1759005358.6855335,0,0.029500000000000002,1.5,2,594.88,594.1999999999828,299.35,0,1
1759005358.6959674,0,0.029500000000000002,1.5,2,594.84,594.0999999999827,299.2,0,1
1759005358.706003,0,0.029,1.5,2,594.8,593.9999999999827,299.05,0,1
1759005358.7156773,0,0.029,1.5,2,594.72,593.8999999999827,299.0,1,0
1759005358.725897,0,0.029500000000000002,1.5,2,594.7,593.7999999999827,299.0,1,0
1759005358.736141,0,0.029500000000000002,1.5,2,594.62,593.6999999999827,298.95000000000005,0,1
1759005358.7462006,0,0.029,1.5,2,594.54,593.5999999999826,298.9,0,0
1759005358.7566874,0,0.030000000000000002,1.5,2,594.5,593.4999999999826,298.79999999999995,0,2
1759005358.7670584,0,0.029500000000000002,1.5,2,594.46,593.3999999999826,298.65,0,0
1759005358.7766855,0,0.029500000000000002,1.5,2,594.4,593.2999999999826,298.5,0,0
1759005358.7869449,0,0.029,1.5,2,594.32,593.1999999999825,298.35,0,0
1759005358.7976897,0,0.0285,1.5,2,594.22,593.0999999999825,298.25,0,0
1759005358.8076377,0,0.029,1.5,2,594.14,592.9999999999825,298.1,0,1
1759005358.8175278,0,0.0285,1.5,2,594.26,592.8999999999825,298.0,0,0
1759005358.8279724,0,0.0285,1.5,2,594.16,592.7999999999824,297.9,1,0
1759005358.8381531,0,0.0285,1.5,2,594.08,592.6999999999824,297.85,0,0
1759005358.84779,0,0.0285,1.5,2,594.04,592.5999999999824,297.8,0,0
1759005358.858561,0,0.0285,1.5,2,594,592.4999999999824,297.75,0,0
1759005358.8686454,0,0.0285,1.5,2,594.02,592.3999999999824,297.85,0,0
1759005358.8785203,0,0.028,1.5,2,594.04,592.2999999999823,297.95000000000005,0,0
1759005358.8894138,0,0.0285,1.5,2,594.04,592.1999999999823,298.0,1,0
1759005358.8993063,0,0.0285,1.5,2,594.02,592.0999999999823,298.04999999999995,0,0
1759005358.9095957,0,0.0285,1.5,2,594.02,591.9999999999823,298.0,0,0
1759005358.9194617,0,0.0285,1.5,2,594.29,591.8999999999822,297.9,0,0
1759005358.9295728,0,0.0285,1.5,2,594.31,591.7999999999822,297.85,0,0
1759005358.9402313,0,0.029,1.5,2,594.33,591.6999999999822,297.8,1,0
1759005358.9500442,0,0.029500000000000002,1.5,2,594.37,591.5999999999822,297.8,0,1
1759005358.9607258,0,0.029500000000000002,1.5,2,594.35,591.4999999999822,297.75,0,0
1759005358.9704094,0,0.029500000000000002,1.5,2,594.31,591.3999999999821,297.70000000000005,0,0
1759005358.9806058,0,0.029,1.5,2,594.27,591.2999999999821,297.70000000000005,0,1
1759005358.991318,0,0.029500000000000002,1.5,2,594.25,591.1999999999821,297.85,0,2
1759005359.001338,0,0.029500000000000002,1.5,2,594.23,591.0999999999821,298.0,0,0
1759005359.011983,0,0.029,1.5,2,594.41,590.999999999982,298.2,0,0
1759005359.0220659,0,0.029500000000000002,1.5,2,594.43,590.899999999982,298.2,0,1
1759005359.0318267,0,0.0285,1.5,2,594.23,590.799999999982,298.2,0,0
1759005359.0423,0,0.028,1.5,2,594.15,590.699999999982,298.2,0,0
1759005359.0528512,0,0.028,1.5,2,594.05,590.599999999982,298.15,0,0
1759005359.062724,0,0.028,1.5,2,593.95,590.4999999999819,298.05,0,0
1759005359.0729861,0,0.0285,1.5,2,593.79,590.3999999999819,297.95,0,1
1759005359.0828981,0,0.029,1.5,2,593.69,590.2999999999819,297.79999999999995,1,0
1759005359.0931275,0,0.029500000000000002,1.5,2,593.61,590.1999999999819,297.65,0,1
1759005359.1038868,0,0.029500000000000002,1.5,2,593.51,590.0999999999818,297.6,0,0
1759005359.1139903,0,0.030000000000000002,1.5,2,593.43,589.9999999999818,297.55,1,0
1759005359.1238124,0,0.029500000000000002,1.5,2,593.45,589.8999999999818,297.55,0,0
1759005359.134431,0,0.029,1.5,2,593.43,589.7999999999818,297.55,0,0
1759005359.1447783,0,0.029,1.5,2,593.45,589.6999999999817,297.65,0,0
1759005359.1544871,0,0.0285,1.5,2,593.45,589.5999999999817,297.7,0,0
1759005359.1648343,0,0.0275,1.5,2,593.45,589.4999999999817,297.79999999999995,0,0
1759005359.1750598,0,0.0275,1.5,2,593.43,589.3999999999817,297.79999999999995,0,0
1759005359.1855662,0,0.026500000000000003,1.5,2,593.43,589.2999999999817,297.79999999999995,0,0
1759005359.1952007,0,0.026500000000000003,1.5,2,593.41,589.1999999999816,297.75,0,0
1759005359.2050862,0,0.026500000000000003,1.5,2,593.39,589.0999999999816,297.75,0,0
1759005359.214877,0,0.026000000000000002,1.5,2,593.41,588.9999999999816,297.85,1,0
1759005359.2251744,0,0.025500000000000002,1.5,2,593.39,588.8999999999816,298.0,0,0
1759005359.234878,0,0.026000000000000002,1.5,2,593.39,588.7999999999815,298.04999999999995,1,0
1759005359.2450302,0,0.025500000000000002,1.5,2,593.35,588.6999999999815,298.1,0,1
1759005359.2557333,0,0.025,1.5,2,593.37,588.5999999999815,298.15,0,0
1759005359.2667234,0,0.0245,1.5,2,593.37,588.4999999999815,298.35,0,0
1759005359.2767434,0,0.0235,1.5,2,593.33,588.3999999999814,298.6,0,0
1759005359.2874546,0,0.024,1.5,2,593.35,588.2999999999814,298.75,1,0
1759005359.2974324,0,0.0245,1.5,2,593.29,588.1999999999814,298.75,1,0
1759005359.307747,0,0.0235,1.5,2,593.14,588.0999999999814,298.65,0,0
1759005359.317727,0,0.023,1.5,2,592.99,587.9999999999814,298.45000000000005,1,0
1759005359.3277774,0,0.024,1.5,2,592.78,587.8999999999813,298.3,1,1
1759005359.337824,0,0.0245,1.5,2,592.72,587.7999999999813,298.20000000000005,1,0
1759005359.348457,0,0.0245,1.5,2,592.43,587.6999999999813,298.1,0,1
1759005359.358441,0,0.023,1.5,2,592.18,587.5999999999813,297.9,0,0
1759005359.368646,0,0.022500000000000003,1.5,2,591.95,587.4999999999812,297.75,0,0
1759005359.3789785,0,0.023,1.5,2,591.8,587.3999999999812,297.65,1,0
1759005359.3886888,0,0.0235,1.5,2,591.67,587.2999999999812,297.65,0,1
1759005359.3994517,0,0.024,1.5,2,591.54,587.1999999999812,297.7,1,0
1759005359.4096518,0,0.0245,1.5,2,591.35,587.0999999999812,297.70000000000005,1,0
1759005359.42016,0,0.025,1.5,2,591.2,586.9999999999811,297.65,1,0
1759005359.4298942,0,0.025,1.5,2,591.17,586.8999999999811,297.6,0,0
1759005359.4401393,0,0.025500000000000002,1.5,2,591.12,586.7999999999811,297.55,0,1
1759005359.4501212,0,0.026000000000000002,1.5,2,591.05,586.6999999999811,297.45,1,1
1759005359.4604313,0,0.026000000000000002,1.5,2,590.98,586.599999999981,297.3,0,0
1759005359.470693,0,0.026500000000000003,1.5,2,590.89,586.499999999981,297.15,0,1
1759005359.4809725,0,0.026500000000000003,1.5,2,590.78,586.399999999981,296.95000000000005,0,0
1759005359.4913974,0,0.027000000000000003,1.5,2,590.71,586.299999999981,296.79999999999995,1,0
1759005359.5011375,0,0.0285,1.5,2,590.64,586.199999999981,296.65,2,1
1759005359.5114214,0,0.0285,1.5,2,590.57,586.0999999999809,296.55,1,0
1759005359.5219765,0,0.029,1.5,2,590.5,585.9999999999809,296.55,1,1
1759005359.5319006,0,0.029,1.5,2,590.39,585.8999999999809,296.55,0,0
1759005359.5422528,0,0.0285,1.5,2,590.32,585.7999999999809,296.6,0,0
1759005359.5522723,0,0.028,1.5,2,590.27,585.6999999999808,296.65,0,0
1759005359.5623503,0,0.0275,1.5,2,590.22,585.5999999999808,296.75,0,0
1759005359.572582,0,0.028,1.5,2,590.15,585.4999999999808,296.79999999999995,1,0
1759005359.5829077,0,0.028,1.5,2,590.1,585.3999999999808,296.9,0,0
1759005359.5925627,0,0.028,1.5,2,590.05,585.2999999999807,297.0,0,0
1759005359.603133,0,0.028,1.5,2,589.98,585.1999999999807,297.0,1,0
1759005359.6136386,0,0.029,1.5,2,589.83,585.0999999999807,296.95000000000005,1,1
1759005359.6238892,0,0.0285,1.5,2,589.66,584.9999999999807,296.85,0,0
1759005359.634015,0,0.028,1.5,2,589.31,584.8999999999807,296.75,0,0
1759005359.644219,0,0.0275,1.5,2,589.14,584.7999999999806,296.6,0,0
1759005359.654344,0,0.0275,1.5,2,588.99,584.6999999999806,296.4,0,0
1759005359.664331,0,0.026500000000000003,1.5,2,588.84,584.5999999999806,296.15,0,0
1759005359.674541,0,0.025500000000000002,1.5,2,588.71,584.4999999999806,295.9,0,0
1759005359.6845558,0,0.025500000000000002,1.5,2,588.54,584.3999999999805,295.7,0,0
1759005359.695257,0,0.025500000000000002,1.5,2,588.39,584.2999999999805,295.6,0,0
1759005359.7056477,0,0.025,1.5,2,588.24,584.1999999999805,295.55,0,0
1759005359.7157927,0,0.0245,1.5,2,588.13,584.0999999999805,295.5,0,0
1759005359.7254572,0,0.024,1.5,2,588,583.9999999999804,295.4,0,0
1759005359.73629,0,0.0235,1.5,2,587.89,583.8999999999804,295.20000000000005,0,0
1759005359.74577,0,0.023,1.5,2,587.72,583.7999999999804,295.0,0,0
1759005359.756189,0,0.023,1.5,2,587.59,583.6999999999804,294.9,0,1
1759005359.7663538,0,0.0235,1.5,2,587.44,583.5999999999804,294.79999999999995,1,0
1759005359.7766726,0,0.022500000000000003,1.5,2,587.29,583.4999999999803,294.7,0,0
1759005359.7874446,0,0.022500000000000003,1.5,2,587.18,583.3999999999803,294.65,0,0
1759005359.7966075,0,0.023,1.5,2,587.09,583.2999999999803,294.6,0,1
1759005359.8074687,0,0.0235,1.5,2,587.02,583.1999999999803,294.6,0,1
1759005359.817833,0,0.024,1.5,2,586.97,583.0999999999802,294.6,0,1
1759005359.8275585,0,0.0245,1.5,2,586.92,582.9999999999802,294.70000000000005,1,1
1759005359.838048,0,0.0245,1.5,2,586.67,582.8999999999802,294.7,0,0
1759005359.8480794,0,0.024,1.5,2,586.6,582.7999999999802,294.7,0,0
1759005359.8583364,0,0.0245,1.5,2,586.53,582.6999999999802,294.6,1,0
1759005359.8684516,0,0.0245,1.5,2,586.4,582.5999999999801,294.54999999999995,0,0
1759005359.878994,0,0.025,1.5,2,586.23,582.4999999999801,294.55,0,1
1759005359.8892798,0,0.025,1.5,2,586.04,582.3999999999801,294.5,0,0
1759005359.8989449,0,0.025,1.5,2,585.85,582.2999999999801,294.4,0,0
1759005359.90927,0,0.0245,1.5,2,585.7,582.19999999998,294.35,0,0
1759005359.9194224,0,0.025,1.5,2,585.53,582.09999999998,294.25,1,0
1759005359.9295819,0,0.025,1.5,2,585.36,581.99999999998,294.2,0,0
1759005359.9397585,0,0.025500000000000002,1.5,2,584.96,581.89999999998,294.15,1,0
1759005359.9496005,0,0.026500000000000003,1.5,2,584.81,581.79999999998,294.1,0,2
1759005359.9601378,0,0.027,1.5,2,584.66,581.6999999999799,294.1,1,1
1759005359.970709,0,0.026500000000000003,1.5,2,584.47,581.5999999999799,294.04999999999995,0,0
1759005359.9804053,0,0.026500000000000003,1.5,2,584.3,581.4999999999799,294.04999999999995,0,0
1759005359.9908085,0,0.026500000000000003,1.5,2,584.09,581.3999999999799,294.0,0,0
1759005360.000509,0,0.026000000000000002,1.5,2,583.88,581.2999999999798,293.85,0,0
1759005360.011157,0,0.025,1.5,2,583.65,581.1999999999798,293.6,0,0
1759005360.0216799,0,0.025,1.5,2,583.44,581.0999999999798,293.35,0,0
1759005360.031331,0,0.025500000000000002,1.5,2,583.01,580.9999999999798,293.1,1,0
1759005360.041937,0,0.025,1.5,2,582.74,580.8999999999797,293.0,0,0
1759005360.0522654,0,0.025500000000000002,1.5,2,582.59,580.7999999999797,292.85,1,0
1759005360.0618248,0,0.026000000000000002,1.5,2,582.61,580.6999999999797,292.75,1,0
1759005360.0722072,0,0.026000000000000002,1.5,2,582.52,580.5999999999797,292.65,0,0
1759005360.0827568,0,0.026000000000000002,1.5,2,582.49,580.4999999999797,292.55,0,0
1759005360.092752,0,0.025500000000000002,1.5,2,582.42,580.3999999999796,292.5,0,0
1759005360.1030507,0,0.025,1.5,2,582.37,580.2999999999796,292.5,0,0
1759005360.1125612,0,0.0245,1.5,2,582.32,580.1999999999796,292.54999999999995,0,0
1759005360.1229694,0,0.0245,1.5,2,582.29,580.0999999999796,292.55,0,0
1759005360.1334913,0,0.0245,1.5,2,582.18,579.9999999999795,292.5,0,1
1759005360.143488,0,0.0245,1.5,2,582.07,579.8999999999795,292.5,0,0
1759005360.1540463,0,0.0245,1.5,2,581.94,579.7999999999795,292.5,0,0
1759005360.1635723,0,0.0245,1.5,2,581.77,579.6999999999795,292.3,0,0
1759005360.1741662,0,0.0245,1.5,2,581.62,579.5999999999794,292.15,0,0
1759005360.1842878,0,0.025,1.5,2,581.47,579.4999999999794,291.95,1,0
1759005360.1948519,0,0.025500000000000002,1.5,2,581.32,579.3999999999794,291.8,1,0
1759005360.2049727,0,0.025500000000000002,1.5,2,581.17,579.2999999999794,291.65,0,0
1759005360.2147655,0,0.026000000000000002,1.5,2,581.02,579.1999999999794,291.6,1,0
1759005360.2255888,0,0.026000000000000002,1.5,2,580.87,579.0999999999793,291.5,0,0
1759005360.2353954,0,0.025500000000000002,1.5,2,580.7,578.9999999999793,291.25,0,0
1759005360.245797,0,0.025500000000000002,1.5,2,580.55,578.8999999999793,291.0,0,0
1759005360.2563505,0,0.025,1.5,2,580.34,578.7999999999793,290.85,0,0
1759005360.2663252,0,0.0245,1.5,2,580.11,578.6999999999792,290.65,0,0
1759005360.27627,0,0.025,1.5,2,579.86,578.5999999999792,290.35,0,1
1759005360.2867548,0,0.025,1.5,2,579.61,578.4999999999792,290.0,0,0
1759005360.2967029,0,0.025,1.5,2,579.4,578.3999999999792,289.65,0,0
1759005360.3066988,0,0.025,1.5,2,579.21,578.2999999999791,289.45,0,1
1759005360.3166275,0,0.025,1.5,2,579.04,578.1999999999791,289.35,0,1
1759005360.3274446,0,0.025500000000000002,1.5,2,579.11,578.0999999999791,289.20000000000005,0,1
1759005360.3373592,0,0.025500000000000002,1.5,2,579.05,577.9999999999791,289.15,0,1
1759005360.347415,0,0.0245,1.5,2,579.05,577.8999999999791,289.1,0,0
1759005360.3579855,0,0.024,1.5,2,578.96,577.799999999979,289.1,0,0
1759005360.3679035,0,0.0235,1.5,2,579.1,577.699999999979,289.15,0,0
1759005360.3784971,0,0.0235,1.5,2,579.2,577.599999999979,289.3,0,0
1759005360.3887243,0,0.024,1.5,2,579.24,577.499999999979,289.4,0,1
1759005360.398604,0,0.024,1.5,2,579.32,577.399999999979,289.45000000000005,0,1
1759005360.408989,0,0.0235,1.5,2,579.32,577.2999999999789,289.4,0,0
1759005360.4190538,0,0.0235,1.5,2,579.4,577.1999999999789,289.35,1,0
1759005360.429362,0,0.023,1.5,2,579.54,577.0999999999789,289.29999999999995,0,0
1759005360.4397557,0,0.022500000000000003,1.5,2,579.58,576.9999999999789,289.25,0,0
1759005360.4497185,0,0.022500000000000003,1.5,2,579.52,576.8999999999788,289.25,0,0
1759005360.4597347,0,0.022500000000000003,1.5,2,579.54,576.7999999999788,289.2,0,1
1759005360.4703238,0,0.022500000000000003,1.5,2,579.56,576.6999999999788,289.15,1,1
1759005360.4806988,0,0.024,1.5,2,579.58,576.5999999999788,289.1,2,1
1759005360.4903047,0,0.0245,1.5,2,579.52,576.4999999999787,289.04999999999995,2,0
1759005360.5008478,0,0.0245,1.5,2,579.46,576.3999999999787,289.04999999999995,0,0
1759005360.5105264,0,0.0245,1.5,2,579.36,576.2999999999787,289.0,1,0
1759005360.520974,0,0.0235,1.5,2,579.12,576.1999999999787,288.95,1,0
1759005360.5307362,0,0.0235,1.5,2,578.84,576.0999999999786,288.8,0,1
1759005360.5413084,0,0.023,1.5,2,578.58,575.9999999999786,288.6,1,0
1759005360.5511713,0,0.023,1.5,2,578.32,575.8999999999786,288.4,0,0
1759005360.5614905,0,0.023,1.5,2,578.02,575.7999999999786,288.2,0,0
1759005360.5723403,0,0.023,1.5,2,577.72,575.6999999999786,288.05,0,0
1759005360.5815222,0,0.0235,1.5,2,577.4,575.5999999999785,287.85,0,1
1759005360.5923789,0,0.0235,1.5,2,577.14,575.4999999999785,287.7,1,0
1759005360.6026108,0,0.0235,1.5,2,576.82,575.3999999999785,287.55,0,0
1759005360.6128464,0,0.0235,1.5,2,576.5,575.2999999999785,287.3,0,0
1759005360.6226993,0,0.023,1.5,2,576.26,575.1999999999784,287.05,0,0
1759005360.633058,0,0.022500000000000003,1.5,2,576.1,575.0999999999784,286.85,1,0
1759005360.6432679,0,0.023,1.5,2,575.96,574.9999999999784,286.85,1,0
1759005360.653309,0,0.023,1.5,2,575.8,574.8999999999784,286.85,0,0
1759005360.6638365,0,0.023,1.5,2,575.66,574.7999999999784,286.9,0,0
1759005360.6737733,0,0.0235,1.5,2,575.48,574.6999999999783,286.95,0,1
1759005360.683815,0,0.0235,1.5,2,575.26,574.5999999999783,287.0,0,0
1759005360.6942775,0,0.024,1.5,2,575.02,574.4999999999783,287.04999999999995,1,0
1759005360.7044585,0,0.024,1.5,2,575.12,574.3999999999783,287.1,0,0
1759005360.7145834,0,0.0245,1.5,2,575.1,574.2999999999782,287.1,0,1
1759005360.72493,0,0.025,1.5,2,575.04,574.1999999999782,287.0,0,1
1759005360.7354639,0,0.025,1.5,2,574.98,574.0999999999782,286.95,0,0
1759005360.745082,0,0.025,1.5,2,574.98,573.9999999999782,287.0,0,0
1759005360.755508,0,0.025500000000000002,1.5,2,574.96,573.8999999999781,287.1,1,0
1759005360.7655504,0,0.025500000000000002,1.5,2,574.96,573.7999999999781,287.15,0,0
1759005360.7755358,0,0.025,1.5,2,574.94,573.6999999999781,287.15,0,0
1759005360.7858086,0,0.0245,1.5,2,574.92,573.5999999999781,287.15,0,0
1759005360.7965333,0,0.025,1.5,2,574.72,573.4999999999781,287.2,0,1
1759005360.8064263,0,0.025,1.5,2,574.46,573.399999999978,287.2,0,0
1759005360.8164942,0,0.0245,1.5,2,574.24,573.299999999978,287.2,0,0
1759005360.826782,0,0.024,1.5,2,573.94,573.199999999978,287.1,0,0
1759005360.836834,0,0.024,1.5,2,573.66,573.099999999978,287.0,0,1
1759005360.8467255,0,0.023,1.5,2,573.34,572.999999999978,286.8,0,0
1759005360.856836,0,0.023,1.5,2,573.02,572.8999999999779,286.65,0,0
1759005360.866959,0,0.023,1.5,2,572.7,572.7999999999779,286.5,0,0
1759005360.877405,0,0.022500000000000003,1.5,2,572.4,572.6999999999779,286.4,0,0
1759005360.8876297,0,0.023,1.5,2,572.2,572.5999999999779,286.20000000000005,1,0
1759005360.8977795,0,0.023,1.5,2,572,572.4999999999778,285.95000000000005,1,0
1759005360.9072433,0,0.023,1.5,2,571.84,572.3999999999778,285.7,0,0
1759005360.9183373,0,0.023,1.5,2,571.66,572.2999999999778,285.5,0,0
1759005360.9284294,0,0.0235,1.5,2,571.44,572.1999999999778,285.29999999999995,0,1
1759005360.9387639,0,0.023,1.5,2,571.32,572.0999999999777,285.1,0,0
1759005360.9485915,0,0.0235,1.5,2,571.18,571.9999999999777,285.0,1,0
1759005360.959265,0,0.024,1.5,2,571,571.8999999999777,284.9,1,1
1759005360.969055,0,0.023,1.5,2,570.78,571.7999999999777,284.75,0,0
1759005360.9786887,0,0.023,1.5,2,570.82,571.6999999999776,284.55,0,2
1759005360.9891315,0,0.023,1.5,2,570.82,571.5999999999776,284.45000000000005,0,0
1759005360.9995046,0,0.023,1.5,2,570.78,571.4999999999776,284.4,0,0
1759005361.009739,0,0.023,1.5,2,570.8,571.3999999999776,284.45000000000005,0,0
1759005361.0199568,0,0.023,1.5,2,570.9,571.2999999999776,284.6,0,0
1759005361.0297596,0,0.023,1.5,2,571,571.1999999999775,284.75,0,0
1759005361.0402427,0,0.0235,1.5,2,571.1,571.0999999999775,284.9,0,1
1759005361.0503461,0,0.024,1.5,2,571.18,570.9999999999775,284.95000000000005,2,0
1759005361.06077,0,0.024,1.5,2,571.28,570.8999999999775,284.85,0,0
1759005361.0705993,0,0.0235,1.5,2,571.1,570.7999999999774,284.79999999999995,0,0
1759005361.0810523,0,0.0235,1.5,2,570.71,570.6999999999774,284.75,1,0
1759005361.0913181,0,0.0245,1.5,2,570.45,570.5999999999774,284.65,0,2
1759005361.1013465,0,0.025,1.5,2,570.15,570.4999999999774,284.55,0,1
1759005361.1113877,0,0.025,1.5,2,569.89,570.3999999999774,284.4,0,0
1759005361.1213071,0,0.025500000000000002,1.5,2,569.57,570.2999999999773,284.25,0,1
1759005361.1317616,0,0.025500000000000002,1.5,2,569.25,570.1999999999773,284.04999999999995,0,0
1759005361.1413774,0,0.025500000000000002,1.5,2,568.91,570.0999999999773,283.85,0,0
1759005361.151875,0,0.025500000000000002,1.5,2,568.71,569.9999999999773,283.6,0,1
1759005361.1615927,0,0.025500000000000002,1.5,2,568.43,569.8999999999772,283.35,0,0
1759005361.1723588,0,0.026000000000000002,1.5,2,568.21,569.7999999999772,283.04999999999995,0,1
1759005361.1816752,0,0.026000000000000002,1.5,2,568.05,569.6999999999772,282.9,0,0
1759005361.192405,0,0.026000000000000002,1.5,2,567.89,569.5999999999772,282.75,0,0
1759005361.2026525,0,0.025500000000000002,1.5,2,567.73,569.4999999999771,282.6,0,0
1759005361.2126958,0,0.025500000000000002,1.5,2,567.59,569.3999999999771,282.5,0,1
1759005361.2228143,0,0.026000000000000002,1.5,2,567.43,569.2999999999771,282.4,1,0
1759005361.2325723,0,0.025500000000000002,1.5,2,567.23,569.1999999999771,282.25,0,0
1759005361.243434,0,0.026000000000000002,1.5,2,567.23,569.0999999999771,282.15,1,0
1759005361.251975,0,0.026000000000000002,1.5,2,567.23,568.999999999977,282.20000000000005,0,0
1759005361.2627034,0,0.026000000000000002,1.5,2,567.23,568.899999999977,282.25,0,0
1759005361.2729175,0,0.026000000000000002,1.5,2,567.31,568.799999999977,282.3,0,0
1759005361.2833247,0,0.026000000000000002,1.5,2,567.37,568.699999999977,282.35,0,0
1759005361.2937012,0,0.025500000000000002,1.5,2,567.43,568.599999999977,282.5,0,0
1759005361.3044508,0,0.025500000000000002,1.5,2,567.49,568.4999999999769,282.65,0,0
1759005361.3145335,0,0.025500000000000002,1.5,2,567.55,568.3999999999769,282.75,0,0
1759005361.3249466,0,0.025,1.5,2,567.57,568.2999999999769,282.75,0,0
1759005361.3347435,0,0.0245,1.5,2,567.51,568.1999999999769,282.7,0,0
1759005361.3451443,0,0.024,1.5,2,567.32,568.0999999999768,282.65,0,0
1759005361.3551142,0,0.0235,1.5,2,567.24,567.9999999999768,282.6,0,0
1759005361.36536,0,0.0235,1.5,2,567.14,567.8999999999768,282.6,0,0
1759005361.3758852,0,0.0235,1.5,2,567.1,567.7999999999768,282.55,0,0
1759005361.3858404,0,0.0235,1.5,2,567.04,567.6999999999767,282.4,0,0
1759005361.3961084,0,0.0245,1.5,2,566.98,567.5999999999767,282.25,1,1
1759005361.4060812,0,0.025,1.5,2,566.86,567.4999999999767,282.15,1,1
1759005361.41643,0,0.025,1.5,2,566.6,567.3999999999767,282.04999999999995,1,0
1759005361.426345,0,0.025500000000000002,1.5,2,566.36,567.2999999999766,282.0,1,0
1759005361.4362385,0,0.025500000000000002,1.5,2,565.96,567.1999999999766,281.85,1,0
1759005361.4468489,0,0.025500000000000002,1.5,2,565.6,567.0999999999766,281.6,0,0
1759005361.456766,0,0.025500000000000002,1.5,2,565.28,566.9999999999766,281.29999999999995,0,0
1759005361.4668474,0,0.025500000000000002,1.5,2,564.92,566.8999999999766,281.0,0,0
1759005361.4765174,0,0.025,1.5,2,564.52,566.7999999999765,280.8,0,0
1759005361.4871783,0,0.0245,1.5,2,564.14,566.6999999999765,280.7,0,1
1759005361.4968581,0,0.023,1.5,2,563.76,566.5999999999765,280.65,0,0
1759005361.5073686,0,0.022000000000000002,1.5,2,563.46,566.4999999999765,280.55,0,0
1759005361.5178514,0,0.022000000000000002,1.5,2,563.2,566.3999999999764,280.4,0,0
1759005361.527543,0,0.021500000000000002,1.5,2,562.92,566.2999999999764,280.20000000000005,0,0
1759005361.5372853,0,0.021,1.5,2,562.84,566.1999999999764,280.0,0,0
1759005361.5475388,0,0.0205,1.5,2,562.8,566.0999999999764,279.95000000000005,0,0
1759005361.5575035,0,0.0205,1.5,2,562.74,565.9999999999764,279.9,0,1
1759005361.567417,0,0.021,1.5,2,562.72,565.8999999999763,279.8,0,1
1759005361.577995,0,0.022000000000000002,1.5,2,562.7,565.7999999999763,279.65,1,1
1759005361.5883093,0,0.023,1.5,2,562.62,565.6999999999763,279.4,1,1
1759005361.598506,0,0.023,1.5,2,562.56,565.5999999999763,279.2,0,1
1759005361.6088254,0,0.023,1.5,2,562.58,565.4999999999762,279.0,1,0
1759005361.6189084,0,0.023,1.5,2,562.62,565.3999999999762,278.79999999999995,0,0
1759005361.62852,0,0.023,1.5,2,562.62,565.2999999999762,278.85,0,0
1759005361.6391165,0,0.023,1.5,2,562.6,565.1999999999762,278.95,0,0
1759005361.648968,0,0.022500000000000003,1.5,2,562.6,565.0999999999761,279.05,0,0
1759005361.6585884,0,0.022500000000000003,1.5,2,562.6,564.9999999999761,279.0,0,1
1759005361.669437,0,0.022500000000000003,1.5,2,562.54,564.8999999999761,278.95000000000005,0,0
1759005361.679801,0,0.023,1.5,2,562.52,564.7999999999761,278.9,0,1
1759005361.6898367,0,0.0235,1.5,2,562.46,564.6999999999761,278.9,1,1
1759005361.6993685,0,0.024,1.5,2,562.36,564.599999999976,278.8,1,0
1759005361.7100165,0,0.024,1.5,2,562.26,564.499999999976,278.7,1,0
1759005361.7199771,0,0.0245,1.5,2,561.9,564.399999999976,278.54999999999995,1,0
1759005361.7301137,0,0.0245,1.5,2,561.62,564.299999999976,278.4,1,0
1759005361.7403088,0,0.0245,1.5,2,561.36,564.199999999976,278.35,1,0
1759005361.750648,0,0.025,1.5,2,561.06,564.0999999999759,278.25,1,0
1759005361.760641,0,0.025,1.5,2,560.76,563.9999999999759,278.1,0,0
1759005361.7709436,0,0.0245,1.5,2,560.46,563.8999999999759,277.85,0,0
1759005361.7806144,0,0.025,1.5,2,560.14,563.7999999999759,277.7,0,1
1759005361.7909532,0,0.025500000000000002,1.5,2,559.84,563.6999999999758,277.55,1,0
1759005361.8016438,0,0.026000000000000002,1.5,2,559.54,563.5999999999758,277.4,1,0
1759005361.8115952,0,0.026000000000000002,1.5,2,559.44,563.4999999999758,277.29999999999995,1,0
1759005361.821848,0,0.026500000000000003,1.5,2,559.38,563.3999999999758,277.2,1,0
1759005361.8317342,0,0.026500000000000003,1.5,2,559.32,563.2999999999757,277.05,0,0
1759005361.841564,0,0.026500000000000003,1.5,2,559.24,563.1999999999757,276.95000000000005,0,0
1759005361.852291,0,0.026500000000000003,1.5,2,559.14,563.0999999999757,276.85,0,1
1759005361.8618152,0,0.027000000000000003,1.5,2,559.06,562.9999999999757,276.75,0,1
1759005361.8724892,0,0.028,1.5,2,558.96,562.8999999999756,276.65,0,2
1759005361.8823416,0,0.0285,1.5,2,559.04,562.7999999999756,276.6,0,1
1759005361.89226,0,0.0285,1.5,2,559.04,562.6999999999756,276.6,0,0
1759005361.902363,0,0.028,1.5,2,559.04,562.5999999999756,276.70000000000005,0,0
1759005361.9125378,0,0.028,1.5,2,559.1,562.4999999999756,276.8,1,0
1759005361.9225883,0,0.0285,1.5,2,559.12,562.3999999999755,276.85,1,0
1759005361.9327438,0,0.029,1.5,2,559.16,562.2999999999755,276.95000000000005,0,1
1759005361.9434397,0,0.029,1.5,2,559.2,562.1999999999755,277.05,1,0
1759005361.9528499,0,0.029,1.5,2,559.14,562.0999999999755,277.2,0,0
1759005361.963468,0,0.0285,1.5,2,559.02,561.9999999999754,277.15,0,0
1759005361.9736986,0,0.0275,1.5,2,558.88,561.8999999999754,277.05,0,0
1759005361.983544,0,0.0275,1.5,2,558.78,561.7999999999754,277.0,0,0
1759005361.993812,0,0.026500000000000003,1.5,2,558.44,561.6999999999754,276.95,0,0
1759005362.003419,0,0.027000000000000003,1.5,2,558.18,561.5999999999754,276.9,1,0
1759005362.0142367,0,0.027000000000000003,1.5,2,557.94,561.4999999999753,276.79999999999995,0,0
1759005362.0242114,0,0.027000000000000003,1.5,2,557.68,561.3999999999753,276.6,0,0
1759005362.0339255,0,0.0275,1.5,2,557.34,561.2999999999753,276.35,1,0
1759005362.044598,0,0.0275,1.5,2,557,561.1999999999753,276.15,0,0
1759005362.0547442,0,0.027000000000000003,1.5,2,556.7,561.0999999999752,275.95,0,0
1759005362.064867,0,0.026000000000000002,1.5,2,556.4,560.9999999999752,275.7,0,0
1759005362.0748167,0,0.026000000000000002,1.5,2,556.1,560.8999999999752,275.54999999999995,0,0
1759005362.0851476,0,0.026000000000000002,1.5,2,556.04,560.7999999999752,275.45000000000005,0,0
1759005362.0956032,0,0.025500000000000002,1.5,2,555.98,560.6999999999751,275.35,0,0
1759005362.105566,0,0.025,1.5,2,555.96,560.5999999999751,275.35,1,0
1759005362.1158977,0,0.025,1.5,2,555.86,560.4999999999751,275.4,1,0
1759005362.1260014,0,0.025500000000000002,1.5,2,555.72,560.3999999999751,275.4,1,0
1759005362.1359048,0,0.025,1.5,2,555.78,560.2999999999751,275.4,0,0
1759005362.14608,0,0.025500000000000002,1.5,2,555.82,560.199999999975,275.35,1,0
1759005362.1567097,0,0.025500000000000002,1.5,2,555.84,560.099999999975,275.29999999999995,0,0
1759005362.166531,0,0.025,1.5,2,555.84,559.999999999975,275.25,0,0
1759005362.176696,0,0.025500000000000002,1.5,2,555.9,559.899999999975,275.15,1,0
1759005362.1864743,0,0.025,1.5,2,555.96,559.799999999975,275.15,0,0
1759005362.196986,0,0.025,1.5,2,555.98,559.6999999999749,275.25,0,0
1759005362.206616,0,0.025,1.5,2,555.92,559.5999999999749,275.4,0,0
1759005362.217706,0,0.025500000000000002,1.5,2,556.06,559.4999999999749,275.5,1,0
1759005362.2277641,0,0.025,1.5,2,555.9,559.3999999999749,275.45000000000005,0,0
1759005362.2379608,0,0.0245,1.5,2,555.76,559.2999999999748,275.4,0,0
1759005362.248204,0,0.025,1.5,2,555.72,559.1999999999748,275.35,1,0
1759005362.258423,0,0.025,1.5,2,555.4,559.0999999999748,275.25,1,0
1759005362.2687175,0,0.025,1.5,2,555.14,558.9999999999748,275.05,0,0
1759005362.2786005,0,0.025500000000000002,1.5,2,554.86,558.8999999999747,274.85,0,1
1759005362.2886882,0,0.025500000000000002,1.5,2,554.54,558.7999999999747,274.65,0,0
1759005362.2991052,0,0.026000000000000002,1.5,2,554.28,558.6999999999747,274.45,1,0
1759005362.3093972,0,0.026000000000000002,1.5,2,553.98,558.5999999999747,274.15,0,0
1759005362.3197317,0,0.026000000000000002,1.5,2,553.7,558.4999999999746,273.9,0,0
1759005362.3297157,0,0.026500000000000003,1.5,2,553.4,558.3999999999746,273.65,0,1
1759005362.3401556,0,0.027000000000000003,1.5,2,553.18,558.2999999999746,273.4,1,0
1759005362.3502285,0,0.0275,1.5,2,553,558.1999999999746,273.2,1,0
1759005362.3597903,0,0.0275,1.5,2,552.72,558.0999999999746,273.1,0,0
1759005362.3697054,0,0.0275,1.5,2,552.48,557.9999999999745,273.05,0,0
1759005362.3804886,0,0.028,1.5,2,552.18,557.8999999999745,273.0,0,1
1759005362.3904784,0,0.028,1.5,2,551.98,557.7999999999745,272.95,0,0
1759005362.4004993,0,0.0285,1.5,2,551.76,557.6999999999745,272.95,0,1
1759005362.410842,0,0.0275,1.5,2,551.56,557.5999999999744,272.9,0,0
1759005362.4207172,0,0.026500000000000003,1.5,2,551.42,557.4999999999744,272.79999999999995,0,0
1759005362.4313538,0,0.026000000000000002,1.5,2,551.4,557.3999999999744,272.70000000000005,0,0
1759005362.4406974,0,0.025500000000000002,1.5,2,551.4,557.2999999999744,272.6,0,0
1759005362.4512467,0,0.025500000000000002,1.5,2,551.48,557.1999999999744,272.6,0,1
1759005362.4616604,0,0.025500000000000002,1.5,2,551.54,557.0999999999743,272.75,0,0
1759005362.4715602,0,0.025500000000000002,1.5,2,551.64,556.9999999999743,272.9,0,0
1759005362.4813478,0,0.025500000000000002,1.5,2,551.78,556.8999999999743,273.05,0,0
1759005362.491597,0,0.026000000000000002,1.5,2,551.92,556.7999999999743,273.15,0,1
1759005362.501458,0,0.025500000000000002,1.5,2,552.04,556.6999999999742,273.25,0,0
1759005362.511834,0,0.025500000000000002,1.5,2,552.14,556.5999999999742,273.29999999999995,0,0
1759005362.5215435,0,0.026000000000000002,1.5,2,552.26,556.4999999999742,273.35,0,1
1759005362.5324764,0,0.026500000000000003,1.5,2,552.38,556.3999999999742,273.35,1,0
1759005362.5419357,0,0.026500000000000003,1.5,2,552.46,556.2999999999741,273.4,0,0
1759005362.5530558,0,0.026500000000000003,1.5,2,552.52,556.1999999999741,273.45,0,0
1759005362.5625489,0,0.027000000000000003,1.5,2,552.5,556.0999999999741,273.5,0,1
1759005362.5728078,0,0.026500000000000003,1.5,2,552.42,555.9999999999741,273.5,0,0
1759005362.583172,0,0.026000000000000002,1.5,2,552.32,555.899999999974,273.45,0,0
1759005362.5937324,0,0.025,1.5,2,552.16,555.799999999974,273.45,0,0
1759005362.6038332,0,0.0245,1.5,2,552.1,555.699999999974,273.5,1,0
1759005362.6135528,0,0.024,1.5,2,552,555.599999999974,273.45,0,0
1759005362.6241362,0,0.0235,1.5,2,551.78,555.499999999974,273.4,0,0
1759005362.6345618,0,0.0235,1.5,2,551.58,555.3999999999739,273.35,0,0
1759005362.6446836,0,0.0235,1.5,2,551.42,555.2999999999739,273.25,0,0
1759005362.6546595,0,0.0235,1.5,2,551.2,555.1999999999739,273.20000000000005,0,0
1759005362.6653895,0,0.024,1.5,2,550.96,555.0999999999739,273.1,0,1
1759005362.6749067,0,0.0235,1.5,2,550.74,554.9999999999739,272.85,0,0
1759005362.685648,0,0.024,1.5,2,550.58,554.8999999999738,272.6,1,0
1759005362.6955183,0,0.0235,1.5,2,550.38,554.7999999999738,272.4,0,0
1759005362.7051654,0,0.022500000000000003,1.5,2,550.3,554.6999999999738,272.15,0,0
1759005362.7157483,0,0.022500000000000003,1.5,2,550.28,554.5999999999738,272.04999999999995,1,0
1759005362.7252972,0,0.022000000000000002,1.5,2,550.22,554.4999999999737,271.9,0,0
1759005362.7359562,0,0.022500000000000003,1.5,2,550.1,554.3999999999737,271.85,1,1
1759005362.745594,0,0.022500000000000003,1.5,2,550.02,554.2999999999737,271.7,1,0
1759005362.7564144,0,0.022500000000000003,1.5,2,550.02,554.1999999999737,271.6,1,0
1759005362.7660868,0,0.022500000000000003,1.5,2,550.02,554.0999999999736,271.65,1,0
1759005362.7766318,0,0.022500000000000003,1.5,2,549.98,553.9999999999736,271.75,0,0
1759005362.786906,0,0.022500000000000003,1.5,2,550.1,553.8999999999736,271.9,0,0
1759005362.7968812,0,0.022000000000000002,1.5,2,550.24,553.7999999999736,271.9,0,0
1759005362.8070698,0,0.021500000000000002,1.5,2,550.32,553.6999999999736,271.9,0,0
1759005362.8165634,0,0.021,1.5,2,550.36,553.5999999999735,271.9,0,0
1759005362.8277276,0,0.0205,1.5,2,550.36,553.4999999999735,271.9,0,0
1759005362.8378525,0,0.02,1.5,2,550.24,553.3999999999735,271.9,0,0
1759005362.8480449,0,0.02,1.5,2,550.1,553.2999999999735,271.9,0,0
1759005362.85822,0,0.0205,1.5,2,550.02,553.1999999999734,271.9,1,0
1759005362.868274,0,0.02,1.5,2,549.92,553.0999999999734,271.85,0,0
1759005362.8785388,0,0.0195,1.5,2,549.84,552.9999999999734,271.79999999999995,0,0
1759005362.888909,0,0.018500000000000003,1.5,2,549.78,552.8999999999734,271.7,0,0
1759005362.8988104,0,0.018000000000000002,1.5,2,549.56,552.7999999999734,271.54999999999995,0,0
1759005362.908763,0,0.018500000000000003,1.5,2,549.38,552.6999999999733,271.4,1,0
1759005362.9186606,0,0.018500000000000003,1.5,2,549.18,552.5999999999733,271.25,0,0
1759005362.9295225,0,0.018000000000000002,1.5,2,548.94,552.4999999999733,271.1,0,0
1759005362.9395554,0,0.0175,1.5,2,548.76,552.3999999999733,271.0,0,0
1759005362.9496334,0,0.017,1.5,2,548.56,552.2999999999732,270.85,0,0
1759005362.9596426,0,0.0165,1.5,2,548.42,552.1999999999732,270.7,0,0
1759005362.969724,0,0.0165,1.5,2,548.32,552.0999999999732,270.5,0,0
1759005362.9803905,0,0.0165,1.5,2,548.22,551.9999999999732,270.45000000000005,0,0
1759005362.9904926,0,0.0165,1.5,2,548.18,551.8999999999731,270.45,0,0
1759005363.0008044,0,0.0175,1.5,2,548.1,551.7999999999731,270.45,1,1
1759005363.0108297,0,0.018000000000000002,1.5,2,548,551.6999999999731,270.4,1,0
1759005363.0206664,0,0.0175,1.5,2,547.96,551.5999999999731,270.3,0,0
1759005363.0308056,0,0.0175,1.5,2,547.96,551.499999999973,270.2,0,0
1759005363.0414393,0,0.018000000000000002,1.5,2,547.98,551.399999999973,270.20000000000005,0,1
1759005363.0512567,0,0.0175,1.5,2,548.02,551.299999999973,270.2,0,0
1759005363.061519,0,0.0175,1.5,2,548.04,551.199999999973,270.25,0,0
1759005363.0713382,0,0.0175,1.5,2,548.02,551.099999999973,270.3,0,0
1759005363.0814643,0,0.0175,1.5,2,548.02,550.9999999999729,270.5,0,0
1759005363.0918663,0,0.0175,1.5,2,548.02,550.8999999999729,270.7,0,0
1759005363.101749,0,0.018000000000000002,1.5,2,547.98,550.7999999999729,270.8,0,1
1759005363.1127064,0,0.018500000000000003,1.5,2,547.96,550.6999999999729,270.85,0,1
1759005363.122544,0,0.018000000000000002,1.5,2,547.98,550.5999999999729,270.9,0,0
1759005363.132858,0,0.0175,1.5,2,548.06,550.4999999999728,270.9,0,0
1759005363.1434073,0,0.017,1.5,2,548.22,550.3999999999728,270.9,0,0
1759005363.152697,0,0.0175,1.5,2,548.22,550.2999999999728,270.9,0,1
1759005363.1632493,0,0.017,1.5,2,548.22,550.1999999999728,270.95,0,0
1759005363.1739528,0,0.017,1.5,2,548.14,550.0999999999727,271.0,0,0
1759005363.1836503,0,0.018000000000000002,1.5,2,548.02,549.9999999999727,271.1,0,2
1759005363.1942787,0,0.0175,1.5,2,547.8,549.8999999999727,271.2,0,0
1759005363.2038057,0,0.018000000000000002,1.5,2,547.58,549.7999999999727,271.2,0,1
1759005363.213635,0,0.018500000000000003,1.5,2,547.36,549.6999999999726,271.1,0,1
1759005363.224493,0,0.019,1.5,2,547.2,549.5999999999726,270.95,1,0
1759005363.2347505,0,0.018500000000000003,1.5,2,546.82,549.4999999999726,270.85,0,0
1759005363.2445135,0,0.018500000000000003,1.5,2,546.76,549.3999999999726,270.75,0,0
1759005363.2548966,0,0.018500000000000003,1.5,2,546.68,549.2999999999726,270.65,0,0
1759005363.264861,0,0.018000000000000002,1.5,2,546.56,549.1999999999725,270.54999999999995,0,0
1759005363.2752373,0,0.018000000000000002,1.5,2,546.5,549.0999999999725,270.5,0,1
1759005363.2850208,0,0.018000000000000002,1.5,2,546.4,548.9999999999725,270.55,0,0
1759005363.2952855,0,0.0175,1.5,2,546.38,548.8999999999725,270.65,0,0
1759005363.3053124,0,0.018000000000000002,1.5,2,546.38,548.7999999999724,270.70000000000005,0,1
1759005363.3154004,0,0.0175,1.5,2,546.34,548.6999999999724,270.79999999999995,0,0
1759005363.325417,0,0.0175,1.5,2,546.34,548.5999999999724,271.0,0,0
1759005363.3360183,0,0.0175,1.5,2,546.3,548.4999999999724,271.15,0,0
1759005363.3459742,0,0.018000000000000002,1.5,2,546.26,548.3999999999724,271.35,1,1
1759005363.3565469,0,0.0175,1.5,2,546.12,548.2999999999723,271.4,0,0
1759005363.3666937,0,0.0175,1.5,2,546.08,548.1999999999723,271.45000000000005,1,0
1759005363.3763957,0,0.0175,1.5,2,546.06,548.0999999999723,271.45,0,0
1759005363.3868365,0,0.0175,1.5,2,546.02,547.9999999999723,271.4,0,0
1759005363.3970044,0,0.0175,1.5,2,546.18,547.8999999999722,271.35,0,1
1759005363.4072213,0,0.0175,1.5,2,546.18,547.7999999999722,271.3,0,0
1759005363.4174342,0,0.017,1.5,2,546.2,547.6999999999722,271.25,0,0
1759005363.427887,0,0.017,1.5,2,546.06,547.5999999999722,271.20000000000005,0,0
1759005363.4380918,0,0.0175,1.5,2,545.98,547.4999999999721,271.15,0,1
1759005363.4481964,0,0.018000000000000002,1.5,2,545.78,547.3999999999721,271.1,0,1
1759005363.4582787,0,0.018500000000000003,1.5,2,545.6,547.2999999999721,271.1,0,1
1759005363.4683192,0,0.018500000000000003,1.5,2,545.44,547.1999999999721,270.95,0,1
1759005363.4787748,0,0.018500000000000003,1.5,2,545.28,547.099999999972,270.75,0,0
1759005363.4887636,0,0.018500000000000003,1.5,2,545.08,546.999999999972,270.65,0,0
1759005363.4994023,0,0.019,1.5,2,544.86,546.899999999972,270.55,0,1
1759005363.50846,0,0.019,1.5,2,544.64,546.799999999972,270.35,0,1
1759005363.519165,0,0.02,1.5,2,544.4,546.699999999972,270.1,1,1
1759005363.5295494,0,0.02,1.5,2,544.2,546.5999999999719,269.9,0,0
1759005363.539483,0,0.02,1.5,2,543.98,546.4999999999719,269.75,0,1
1759005363.5496092,0,0.0195,1.5,2,543.74,546.3999999999719,269.65,0,0
1759005363.5595608,0,0.02,1.5,2,543.6,546.2999999999719,269.54999999999995,1,0
1759005363.570059,0,0.02,1.5,2,543.4,546.1999999999719,269.45000000000005,0,0
1759005363.580399,0,0.0195,1.5,2,543.3,546.0999999999718,269.35,0,0
1759005363.5907176,0,0.0205,1.5,2,543.24,545.9999999999718,269.29999999999995,1,1
1759005363.6011915,0,0.0205,1.5,2,543.42,545.8999999999718,269.4,0,0
1759005363.6111426,0,0.021,1.5,2,543.44,545.7999999999718,269.45,1,0
1759005363.6213453,0,0.021,1.5,2,543.42,545.6999999999717,269.5,1,0
1759005363.6312592,0,0.022000000000000002,1.5,2,543.42,545.5999999999717,269.55,1,1
1759005363.6413627,0,0.022000000000000002,1.5,2,543.42,545.4999999999717,269.6,0,0
1759005363.651911,0,0.022500000000000003,1.5,2,543.42,545.3999999999717,269.55,0,1
1759005363.6616616,0,0.022500000000000003,1.5,2,543.4,545.2999999999716,269.45000000000005,0,0
1759005363.6725833,0,0.022500000000000003,1.5,2,543.42,545.1999999999716,269.35,0,0
1759005363.682819,0,0.022500000000000003,1.5,2,543.44,545.0999999999716,269.35,0,1
1759005363.6927402,0,0.023,1.5,2,543.66,544.9999999999716,269.5,1,0
1759005363.703115,0,0.022500000000000003,1.5,2,543.68,544.8999999999716,269.6,0,0
1759005363.712855,0,0.022500000000000003,1.5,2,543.68,544.7999999999715,269.6,0,0
1759005363.7232459,0,0.0235,1.5,2,543.6,544.6999999999715,269.6,1,1
1759005363.7332714,0,0.023,1.5,2,543.56,544.5999999999715,269.55,0,0
1759005363.7439826,0,0.024,1.5,2,543.56,544.4999999999715,269.55,1,1
1759005363.7540586,0,0.0235,1.5,2,543.56,544.3999999999714,269.5,1,0
1759005363.7638178,0,0.0235,1.5,2,543.54,544.2999999999714,269.5,0,1
1759005363.773778,0,0.024,1.5,2,543.48,544.1999999999714,269.4,1,1
1759005363.7841096,0,0.024,1.5,2,543.42,544.0999999999714,269.2,0,1
1759005363.7937422,0,0.024,1.5,2,543.36,543.9999999999714,269.0,0,0
1759005363.803836,0,0.0245,1.5,2,543.14,543.8999999999713,268.85,0,1
1759005363.8142853,0,0.0245,1.5,2,542.92,543.7999999999713,268.79999999999995,0,0
1759005363.8246377,0,0.025,1.5,2,542.76,543.6999999999713,268.75,1,0
1759005363.835192,0,0.026000000000000002,1.5,2,542.64,543.5999999999713,268.75,1,1
1759005363.8458786,0,0.026500000000000003,1.5,2,542.54,543.4999999999712,268.7,0,1
1759005363.8557084,0,0.0275,1.5,2,542.56,543.3999999999712,268.6,0,2
1759005363.8662045,0,0.0275,1.5,2,542.56,543.2999999999712,268.55,0,0
1759005363.8757133,0,0.0275,1.5,2,542.56,543.1999999999712,268.5,0,1
1759005363.8859737,0,0.0275,1.5,2,542.56,543.0999999999711,268.5,0,0
1759005363.8956518,0,0.028,1.5,2,542.56,542.9999999999711,268.5,0,1
1759005363.905779,0,0.029,1.5,2,542.78,542.8999999999711,268.6,1,1
1759005363.9164665,0,0.029500000000000002,1.5,2,542.78,542.7999999999711,268.6,1,0
1759005363.9263377,0,0.030000000000000002,1.5,2,542.78,542.699999999971,268.6,2,0
1759005363.9364123,0,0.030500000000000003,1.5,2,542.78,542.599999999971,268.6,0,1
1759005363.9469755,0,0.031000000000000003,1.5,2,542.78,542.499999999971,268.54999999999995,1,0
1759005363.9571917,0,0.031000000000000003,1.5,2,542.72,542.399999999971,268.4,0,0
1759005363.967416,0,0.031000000000000003,1.5,2,542.72,542.299999999971,268.25,0,0
1759005363.9772296,0,0.0315,1.5,2,542.64,542.1999999999709,268.15,0,1
1759005363.9876575,0,0.0315,1.5,2,542.56,542.0999999999709,268.1,0,0
1759005363.9979978,0,0.0315,1.5,2,542.56,541.9999999999709,268.04999999999995,0,0
1759005364.0078897,0,0.0315,1.5,2,542.76,541.8999999999709,268.0,0,0
1759005364.0182018,0,0.031000000000000003,1.5,2,542.76,541.7999999999709,268.0,1,0
1759005364.0287998,0,0.031000000000000003,1.5,2,542.8,541.6999999999708,268.0,1,0
1759005364.038668,0,0.0315,1.5,2,542.74,541.5999999999708,267.95000000000005,0,1
1759005364.0486465,0,0.033,1.5,2,542.66,541.4999999999708,267.9,2,1
1759005364.0587301,0,0.0325,1.5,2,542.56,541.3999999999708,267.8,0,0
1759005364.0690145,0,0.033,1.5,2,542.46,541.2999999999707,267.70000000000005,1,0
1759005364.079184,0,0.0335,1.5,2,542.38,541.1999999999707,267.6,0,1
1759005364.0893118,0,0.034,1.5,2,542.28,541.0999999999707,267.5,1,0
1759005364.0998397,0,0.0345,1.5,2,542.2,540.9999999999707,267.35,1,0
1759005364.1098647,0,0.035,1.5,2,542.12,540.8999999999706,267.2,1,0
1759005364.1199327,0,0.035,1.5,2,542,540.7999999999706,267.1,1,0
1759005364.1302414,0,0.0345,1.5,2,541.92,540.6999999999706,266.95,0,0
1759005364.1396112,0,0.0345,1.5,2,541.74,540.5999999999706,266.70000000000005,0,0
1759005364.1502123,0,0.035,1.5,2,541.58,540.4999999999706,266.4,0,1
1759005364.160686,0,0.035500000000000004,1.5,2,541.36,540.3999999999705,266.20000000000005,0,1
1759005364.170422,0,0.035,1.5,2,541.14,540.2999999999705,266.0,0,0
1759005364.180705,0,0.035,1.5,2,540.94,540.1999999999705,265.85,0,0
1759005364.1913223,0,0.036000000000000004,1.5,2,540.86,540.0999999999705,265.75,1,1
1759005364.200605,0,0.036000000000000004,1.5,2,540.76,539.9999999999704,265.65,1,1
1759005364.2118027,0,0.037000000000000005,1.5,2,540.98,539.8999999999704,265.6,1,1
1759005364.2218804,0,0.037000000000000005,1.5,2,540.98,539.7999999999704,265.55,0,1
1759005364.2320373,0,0.0375,1.5,2,540.98,539.6999999999704,265.45000000000005,0,2
1759005364.241769,0,0.038,1.5,2,541,539.5999999999704,265.35,0,2
1759005364.2517924,0,0.0385,1.5,2,541,539.4999999999703,265.25,0,1
1759005364.2625365,0,0.039,1.5,2,541,539.3999999999703,265.20000000000005,0,1
1759005364.2726326,0,0.0395,1.5,2,541,539.2999999999703,265.2,0,1
1759005364.2826052,0,0.0395,1.5,2,540.98,539.1999999999703,265.2,0,0
1759005364.2929175,0,0.0395,1.5,2,540.96,539.0999999999702,265.2,0,1
1759005364.3026316,0,0.0405,1.5,2,540.94,538.9999999999702,265.15,1,1
1759005364.3135543,0,0.0415,1.5,2,540.9,538.8999999999702,265.05,0,2
1759005364.3235817,0,0.041,1.5,2,540.84,538.7999999999702,264.95,0,0
1759005364.3336363,0,0.0415,1.5,2,540.8,538.6999999999701,264.85,0,1
1759005364.3436494,0,0.042,1.5,2,540.72,538.5999999999701,264.8,0,1
1759005364.35409,0,0.0425,1.5,2,540.68,538.4999999999701,264.7,0,1
1759005364.3643403,0,0.042,1.5,2,540.66,538.3999999999701,264.5,0,1
1759005364.3745525,0,0.043000000000000003,1.5,2,540.68,538.29999999997,264.4,1,1
1759005364.3849308,0,0.043000000000000003,1.5,2,540.58,538.19999999997,264.3,0,1
1759005364.393861,0,0.043500000000000004,1.5,2,540.54,538.09999999997,264.15,0,1
1759005364.4047184,0,0.043500000000000004,1.5,2,540.38,537.99999999997,264.0,0,0
1759005364.415629,0,0.043000000000000003,1.5,2,540.06,537.89999999997,263.85,0,0
1759005364.4258397,0,0.043500000000000004,1.5,2,539.92,537.7999999999699,263.75,0,1
1759005364.4355595,0,0.044000000000000004,1.5,2,539.54,537.6999999999699,263.6,0,1
1759005364.4455402,0,0.044000000000000004,1.5,2,539.3,537.5999999999699,263.45000000000005,0,0
1759005364.455927,0,0.043500000000000004,1.5,2,539.06,537.4999999999699,263.29999999999995,0,0
1759005364.4663055,0,0.043000000000000003,1.5,2,538.94,537.3999999999699,263.2,0,0
1759005364.4764163,0,0.043000000000000003,1.5,2,538.8,537.2999999999698,263.05,0,1
1759005364.4865324,0,0.043000000000000003,1.5,2,538.64,537.1999999999698,263.0,0,1
1759005364.4965935,0,0.043500000000000004,1.5,2,538.46,537.0999999999698,262.95,1,0
1759005364.5065968,0,0.043500000000000004,1.5,2,538.46,536.9999999999698,262.8,0,0
1759005364.5170567,0,0.043500000000000004,1.5,2,538.38,536.8999999999697,262.7,0,1
1759005364.5272734,0,0.043500000000000004,1.5,2,538.28,536.7999999999697,262.65,1,0
1759005364.537179,0,0.043500000000000004,1.5,2,538.2,536.6999999999697,262.65,1,1
1759005364.5474212,0,0.044500000000000005,1.5,2,538.1,536.5999999999697,262.6,1,1
1759005364.5573883,0,0.044000000000000004,1.5,2,538,536.4999999999696,262.6,0,0
1759005364.5680084,0,0.044000000000000004,1.5,2,537.92,536.3999999999696,262.6,0,0
1759005364.5781713,0,0.044000000000000004,1.5,2,537.8,536.2999999999696,262.6,0,1
1759005364.58773,0,0.044500000000000005,1.5,2,537.7,536.1999999999696,262.65,1,0
1759005364.5983863,0,0.045500000000000006,1.5,2,537.6,536.0999999999696,262.6,1,1
1759005364.6082757,0,0.045000000000000005,1.5,2,537.5,535.9999999999695,262.55,1,0
1759005364.6187263,0,0.046,1.5,2,537.18,535.8999999999695,262.4,2,0
1759005364.6287045,0,0.045500000000000006,1.5,2,537.16,535.7999999999695,262.3,0,0
1759005364.6385393,0,0.045500000000000006,1.5,2,537.06,535.6999999999695,262.2,1,0
1759005364.6486607,0,0.044500000000000005,1.5,2,537,535.5999999999694,262.15,0,0
1759005364.6590757,0,0.044500000000000005,1.5,2,536.9,535.4999999999694,262.15,0,0
1759005364.6695435,0,0.044500000000000005,1.5,2,536.8,535.3999999999694,262.25,0,1
1759005364.6796567,0,0.045000000000000005,1.5,2,536.7,535.2999999999694,262.3,0,1
1759005364.6899114,0,0.045000000000000005,1.5,2,536.52,535.1999999999694,262.3,0,0
1759005364.7003548,0,0.044500000000000005,1.5,2,536.34,535.0999999999693,262.2,0,0
1759005364.710293,0,0.044500000000000005,1.5,2,535.96,534.9999999999693,262.04999999999995,0,1
1759005364.7206278,0,0.045000000000000005,1.5,2,535.72,534.8999999999693,261.95,0,1
1759005364.7307358,0,0.045500000000000006,1.5,2,535.56,534.7999999999693,261.85,0,1
1759005364.7404275,0,0.045500000000000006,1.5,2,535.42,534.6999999999692,261.8,0,2
1759005364.7506175,0,0.046,1.5,2,535.24,534.5999999999692,261.79999999999995,0,1
1759005364.7608328,0,0.045500000000000006,1.5,2,535.06,534.4999999999692,261.75,0,1
1759005364.771167,0,0.045000000000000005,1.5,2,534.9,534.3999999999692,261.6,0,0
1759005364.7811136,0,0.044500000000000005,1.5,2,534.74,534.2999999999691,261.5,0,0
1759005364.791389,0,0.043500000000000004,1.5,2,534.56,534.1999999999691,261.4,0,0
1759005364.8018517,0,0.043500000000000004,1.5,2,534.4,534.0999999999691,261.3,1,0
1759005364.8120234,0,0.043500000000000004,1.5,2,534.24,533.9999999999691,261.15,0,0
1759005364.8223922,0,0.043000000000000003,1.5,2,534.1,533.899999999969,260.95,0,0
1759005364.832313,0,0.044000000000000004,1.5,2,533.96,533.799999999969,260.75,0,2
1759005364.8423653,0,0.044500000000000005,1.5,2,533.78,533.699999999969,260.6,1,1
1759005364.8528304,0,0.044500000000000005,1.5,2,533.62,533.599999999969,260.45,0,2
1759005364.8625317,0,0.044500000000000005,1.5,2,533.7,533.499999999969,260.35,0,1
1759005364.8732922,0,0.044500000000000005,1.5,2,533.6,533.3999999999689,260.3,0,2
1759005364.8832557,0,0.046,1.5,2,533.5,533.2999999999689,260.25,1,2
1759005364.893427,0,0.0465,1.5,2,533.4,533.1999999999689,260.25,0,2
1759005364.903795,0,0.047,1.5,2,533.3,533.0999999999689,260.25,0,1
1759005364.9133606,0,0.0475,1.5,2,533.2,532.9999999999688,260.25,1,1
1759005364.9236126,0,0.0475,1.5,2,532.88,532.8999999999688,260.2,1,1
1759005364.933982,0,0.048,1.5,2,532.78,532.7999999999688,260.25,0,2
1759005364.9437733,0,0.048,1.5,2,532.7,532.6999999999688,260.25,0,2
1759005364.9542906,0,0.048,1.5,2,532.6,532.5999999999688,260.2,0,1
1759005364.9639223,0,0.0485,1.5,2,532.52,532.4999999999687,260.15,0,2
1759005364.9744911,0,0.049,1.5,2,532.5,532.3999999999687,260.2,0,1
1759005364.9844806,0,0.0495,1.5,2,532.4,532.2999999999687,260.2,0,1
1759005364.9945383,0,0.049,1.5,2,532.36,532.1999999999687,260.15,0,0
1759005365.0053232,0,0.049,1.5,2,532.28,532.0999999999686,260.15,0,0
1759005365.01474,0,0.049,1.5,2,532.18,531.9999999999686,260.1,0,0
1759005365.025675,0,0.0495,1.5,2,531.86,531.8999999999686,260.0,0,1
1759005365.0357802,0,0.0495,1.5,2,531.78,531.7999999999686,259.85,0,1
1759005365.0454764,0,0.049,1.5,2,531.58,531.6999999999686,259.75,0,0
1759005365.0555093,0,0.0485,1.5,2,531.38,531.5999999999685,259.7,0,0
1759005365.066027,0,0.0475,1.5,2,531.2,531.4999999999685,259.65,1,0
1759005365.0765157,0,0.0475,1.5,2,531.06,531.3999999999685,259.6,0,0
1759005365.0858316,0,0.047,1.5,2,530.9,531.2999999999685,259.55,0,0
1759005365.096234,0,0.047,1.5,2,530.72,531.1999999999684,259.45,0,1
1759005365.1067965,0,0.0465,1.5,2,530.56,531.0999999999684,259.35,0,0
1759005365.116442,0,0.046,1.5,2,530.64,530.9999999999684,259.3,0,0
1759005365.1264334,0,0.045500000000000006,1.5,2,530.56,530.8999999999684,259.3,0,0
1759005365.1370213,0,0.045000000000000005,1.5,2,530.48,530.7999999999683,259.25,0,0
1759005365.1472142,0,0.045000000000000005,1.5,2,530.38,530.6999999999683,259.25,0,0
1759005365.1571422,0,0.046,1.5,2,530.3,530.5999999999683,259.2,0,2
1759005365.1677785,0,0.046,1.5,2,530.2,530.4999999999683,259.25,0,1
1759005365.177425,0,0.046,1.5,2,530.1,530.3999999999683,259.3,0,1
1759005365.1880403,0,0.0465,1.5,2,530,530.2999999999682,259.4,1,0
1759005365.1983492,0,0.0475,1.5,2,529.9,530.1999999999682,259.45,1,1
1759005365.2082303,0,0.0475,1.5,2,529.8,530.0999999999682,259.45,1,1
1759005365.2187092,0,0.0475,1.5,2,529.7,529.9999999999682,259.4,1,1
1759005365.228909,0,0.0465,1.5,2,529.38,529.8999999999681,259.25,0,0
1759005365.2385592,0,0.047,1.5,2,529.28,529.7999999999681,259.2,0,2
1759005365.2492423,0,0.048,1.5,2,529.22,529.6999999999681,259.2,2,2
1759005365.2591207,0,0.048,1.5,2,529.18,529.5999999999681,259.3,0,2
1759005365.269583,0,0.048,1.5,2,529.1,529.499999999968,259.4,0,1
1759005365.2798753,0,0.048,1.5,2,529,529.399999999968,259.45000000000005,0,1
1759005365.289808,0,0.0475,1.5,2,528.9,529.299999999968,259.45000000000005,0,0
1759005365.2999778,0,0.0475,1.5,2,528.82,529.199999999968,259.45,0,0
1759005365.310191,0,0.048,1.5,2,528.66,529.099999999968,259.4,0,2
1759005365.3196301,0,0.0475,1.5,2,528.46,528.9999999999679,259.3,0,1
1759005365.330445,0,0.0465,1.5,2,528.28,528.8999999999679,259.2,0,0
1759005365.34069,0,0.0465,1.5,2,528.34,528.7999999999679,259.05,0,0
1759005365.350416,0,0.046,1.5,2,528.16,528.6999999999679,258.9,0,0
1759005365.3607898,0,0.046,1.5,2,528,528.5999999999678,258.7,0,1
1759005365.3707645,0,0.046,1.5,2,527.82,528.4999999999678,258.6,0,1
1759005365.381289,0,0.0465,1.5,2,527.64,528.3999999999678,258.6,1,1
1759005365.3915994,0,0.046,1.5,2,527.4,528.2999999999678,258.6,1,0
1759005365.4013152,0,0.0465,1.5,2,527.22,528.1999999999678,258.6,1,1
1759005365.4118202,0,0.0465,1.5,2,527.04,528.0999999999677,258.65,0,1
1759005365.4213893,0,0.047,1.5,2,526.94,527.9999999999677,258.6,0,1
1759005365.432197,0,0.0475,1.5,2,527.1,527.8999999999677,258.5,1,0
1759005365.4420483,0,0.0475,1.5,2,526.84,527.7999999999677,258.35,0,1
1759005365.4524295,0,0.0475,1.5,2,526.84,527.6999999999676,258.35,0,1
1759005365.4624414,0,0.048,1.5,2,526.86,527.5999999999676,258.35,0,1
1759005365.4730842,0,0.0495,1.5,2,526.84,527.4999999999676,258.3,0,3
1759005365.4832385,0,0.0505,1.5,2,526.78,527.3999999999676,258.15,0,2
1759005365.493468,0,0.0505,1.5,2,526.76,527.2999999999676,258.0,0,1
1759005365.5040178,0,0.051000000000000004,1.5,2,526.74,527.1999999999675,257.95,1,1
1759005365.5136924,0,0.0505,1.5,2,526.7,527.0999999999675,257.9,0,0
1759005365.5236843,0,0.051000000000000004,1.5,2,526.52,526.9999999999675,257.9,0,1
1759005365.5340457,0,0.051500000000000004,1.5,2,526.46,526.8999999999675,257.85,0,2
1759005365.5438733,0,0.052000000000000005,1.5,2,526.38,526.7999999999674,257.85,0,2
1759005365.554435,0,0.051000000000000004,1.5,2,526.3,526.6999999999674,257.85,0,0
1759005365.5639467,0,0.0505,1.5,2,526.24,526.5999999999674,257.85,0,1
1759005365.5748253,0,0.051000000000000004,1.5,2,526.18,526.4999999999674,257.8,0,1
1759005365.5846546,0,0.051500000000000004,1.5,2,526.1,526.3999999999673,257.75,0,1
1759005365.5947046,0,0.051500000000000004,1.5,2,526.02,526.2999999999673,257.7,1,0
1759005365.6052454,0,0.051000000000000004,1.5,2,525.96,526.1999999999673,257.55,0,0
1759005365.6145701,0,0.05,1.5,2,525.88,526.0999999999673,257.45,0,0
1759005365.625216,0,0.05,1.5,2,525.8,525.9999999999673,257.35,0,1
1759005365.6356866,0,0.0495,1.5,2,525.96,525.8999999999672,257.3,1,0
1759005365.6455183,0,0.05,1.5,2,525.8,525.7999999999672,257.20000000000005,0,1
1759005365.6555166,0,0.0505,1.5,2,525.72,525.6999999999672,257.1,1,1
1759005365.6659737,0,0.051500000000000004,1.5,2,525.6,525.5999999999672,257.0,0,2
1759005365.6757524,0,0.053000000000000005,1.5,2,525.54,525.4999999999671,256.85,1,2
1759005365.6862257,0,0.052500000000000005,1.5,2,525.46,525.3999999999671,256.7,0,0
1759005365.6968045,0,0.052000000000000005,1.5,2,525.4,525.2999999999671,256.6,0,0
1759005365.7064729,0,0.052000000000000005,1.5,2,525.4,525.1999999999671,256.5,0,0
1759005365.7165587,0,0.052500000000000005,1.5,2,525.42,525.099999999967,256.5,0,1
1759005365.727131,0,0.052500000000000005,1.5,2,525.4,524.999999999967,256.55,0,1
1759005365.7373824,0,0.052500000000000005,1.5,2,525.44,524.899999999967,256.65,0,1
1759005365.7475984,0,0.052500000000000005,1.5,2,525.42,524.799999999967,256.70000000000005,0,1
1759005365.7575922,0,0.051500000000000004,1.5,2,525.4,524.699999999967,256.65,0,0
1759005365.7680147,0,0.051000000000000004,1.5,2,525.42,524.5999999999669,256.5,0,0
1759005365.7778652,0,0.0505,1.5,2,525.42,524.4999999999669,256.4,0,0
1759005365.7885683,0,0.0505,1.5,2,525.38,524.3999999999669,256.5,0,0
1759005365.798324,0,0.0505,1.5,2,525.4,524.2999999999669,256.65,0,0
1759005365.8084486,0,0.051000000000000004,1.5,2,525.42,524.1999999999668,256.8,0,1
1759005365.8188338,0,0.0505,1.5,2,525.4,524.0999999999668,256.95,0,0
1759005365.8291173,0,0.051000000000000004,1.5,2,525.62,523.9999999999668,257.04999999999995,0,1
1759005365.8390923,0,0.051000000000000004,1.5,2,525.58,523.8999999999668,257.1,0,0
1759005365.8496711,0,0.05,1.5,2,525.58,523.7999999999668,257.15,0,0
1759005365.859494,0,0.049,1.5,2,525.6,523.6999999999667,257.2,0,0
1759005365.8700793,0,0.048,1.5,2,525.6,523.5999999999667,257.15,0,0
1759005365.8796086,0,0.0475,1.5,2,525.36,523.4999999999667,257.04999999999995,0,0
1759005365.8902795,0,0.0475,1.5,2,525.28,523.3999999999667,256.95000000000005,0,2
1759005365.9006574,0,0.047,1.5,2,525.2,523.2999999999666,256.9,1,1
1759005365.9106917,0,0.047,1.5,2,525.12,523.1999999999666,256.8,2,0
1759005365.921022,0,0.047,1.5,2,525.04,523.0999999999666,256.7,1,0
1759005365.9307709,0,0.046,1.5,2,524.96,522.9999999999666,256.65,0,0
1759005365.941075,0,0.0455,1.5,2,524.9,522.8999999999666,256.6,0,1
1759005365.951707,0,0.0455,1.5,2,524.82,522.7999999999665,256.5,0,2
1759005365.9616704,0,0.046,1.5,2,524.74,522.6999999999665,256.35,1,2
1759005365.971504,0,0.0465,1.5,2,524.66,522.5999999999665,256.20000000000005,0,2
1759005365.9818203,0,0.047,1.5,2,524.58,522.4999999999665,256.15,0,3
1759005365.992566,0,0.048,1.5,2,524.44,522.3999999999664,256.1,0,3
1759005366.0021327,0,0.048,1.5,2,524.34,522.2999999999664,256.1,0,1
1759005366.0123353,0,0.0485,1.5,2,524.22,522.1999999999664,256.1,0,1
1759005366.0227332,0,0.0495,1.5,2,524.14,522.0999999999664,256.04999999999995,0,2
1759005366.0323503,0,0.05,1.5,2,524.08,521.9999999999663,256.0,0,1
1759005366.0428832,0,0.05,1.5,2,524.24,521.8999999999663,256.0,0,1
1759005366.0528498,0,0.0505,1.5,2,524.12,521.7999999999663,256.0,0,2
1759005366.063223,0,0.051000000000000004,1.5,2,524.14,521.6999999999663,256.0,0,1
1759005366.0727432,0,0.051500000000000004,1.5,2,524.12,521.5999999999663,256.0,0,1
1759005366.0833273,0,0.051000000000000004,1.5,2,524.12,521.4999999999662,256.0,0,0
1759005366.0934255,0,0.051500000000000004,1.5,2,524.1,521.3999999999662,256.0,0,1
1759005366.1035979,0,0.052000000000000005,1.5,2,524.08,521.2999999999662,255.95,0,1
1759005366.1143167,0,0.052000000000000005,1.5,2,524.08,521.1999999999662,255.95,0,1
1759005366.1240149,0,0.052000000000000005,1.5,2,524.08,521.0999999999661,255.95,0,0
1759005366.1345832,0,0.052500000000000005,1.5,2,523.84,520.9999999999661,255.9,1,0
1759005366.1445668,0,0.053000000000000005,1.5,2,523.98,520.8999999999661,255.75,0,1
1759005366.1546137,0,0.0535,1.5,2,523.88,520.7999999999661,255.7,0,1
1759005366.1645725,0,0.054,1.5,2,523.82,520.699999999966,255.7,0,1
1759005366.1745408,0,0.0535,1.5,2,523.74,520.599999999966,255.75,0,1
1759005366.185192,0,0.0535,1.5,2,523.66,520.499999999966,255.75,0,1
1759005366.195357,0,0.0535,1.5,2,523.6,520.399999999966,255.64999999999998,0,1
1759005366.2059777,0,0.054,1.5,2,523.52,520.299999999966,255.5,1,1
1759005366.21579,0,0.053000000000000005,1.5,2,523.44,520.1999999999659,255.39999999999998,0,0
1759005366.2262275,0,0.052000000000000005,1.5,2,523.36,520.0999999999659,255.3,0,0
1759005366.236415,0,0.051000000000000004,1.5,2,523.44,519.9999999999659,255.25,0,0
1759005366.246968,0,0.051500000000000004,1.5,2,523.36,519.8999999999659,255.25,0,1
1759005366.2569792,0,0.0505,1.5,2,523.28,519.7999999999658,255.25,0,0
1759005366.2667453,0,0.0485,1.5,2,523.18,519.6999999999658,255.2,0,0
1759005366.2774415,0,0.0475,1.5,2,523.02,519.5999999999658,255.0,0,0
1759005366.2879045,0,0.0475,1.5,2,522.94,519.4999999999658,254.8,0,1
1759005366.29756,0,0.047,1.5,2,522.88,519.3999999999658,254.64999999999998,0,0
1759005366.3079164,0,0.047,1.5,2,522.8,519.2999999999657,254.5,0,0
1759005366.317611,0,0.047,1.5,2,522.72,519.1999999999657,254.4,0,0
1759005366.3277752,0,0.0465,1.5,2,522.72,519.0999999999657,254.25,0,1
1759005366.3377619,0,0.046,1.5,2,522.76,518.9999999999657,254.15,0,0
1759005366.3481903,0,0.047,1.5,2,522.72,518.8999999999656,254.10000000000002,1,1
1759005366.3578029,0,0.047,1.5,2,522.48,518.7999999999656,254.05,0,0
1759005366.368419,0,0.047,1.5,2,522.48,518.6999999999656,254.0,0,0
1759005366.3782258,0,0.0465,1.5,2,522.48,518.5999999999656,253.95000000000002,0,0
1759005366.3890822,0,0.0465,1.5,2,522.48,518.4999999999656,253.85,0,1
1759005366.398806,0,0.046,1.5,2,522.48,518.3999999999655,253.7,0,1
1759005366.4085677,0,0.046,1.5,2,522.52,518.2999999999655,253.55,0,1
1759005366.4191182,0,0.0455,1.5,2,522.52,518.1999999999655,253.4,0,1
1759005366.4295413,0,0.046,1.5,2,522.44,518.0999999999655,253.3,1,1
1759005366.4395783,0,0.046,1.5,2,522.4,517.9999999999654,253.3,0,1
1759005366.4494033,0,0.0465,1.5,2,522.06,517.8999999999654,253.35,1,1
1759005366.4598882,0,0.047,1.5,2,521.96,517.7999999999654,253.45,1,1
1759005366.4696867,0,0.047,1.5,2,521.75,517.6999999999654,253.4,0,1
1759005366.479941,0,0.0465,1.5,2,521.52,517.5999999999653,253.29999999999998,0,0
1759005366.4901168,0,0.045000000000000005,1.5,2,521.33,517.4999999999653,253.2,0,0
1759005366.500544,0,0.044000000000000004,1.5,2,521.16,517.3999999999653,253.14999999999998,0,0
1759005366.5105217,0,0.044500000000000005,1.5,2,521.16,517.2999999999653,253.10000000000002,0,2
1759005366.5204453,0,0.044000000000000004,1.5,2,520.97,517.1999999999653,253.0,0,1
1759005366.5315406,0,0.044000000000000004,1.5,2,520.84,517.0999999999652,252.89999999999998,0,0
1759005366.541172,0,0.044000000000000004,1.5,2,520.67,516.9999999999652,252.8,0,1
1759005366.5518453,0,0.043500000000000004,1.5,2,520.44,516.8999999999652,252.64999999999998,0,1
1759005366.5616653,0,0.043000000000000003,1.5,2,520.23,516.7999999999652,252.5,0,1
1759005366.5717275,0,0.043000000000000003,1.5,2,520,516.6999999999651,252.3,0,0
1759005366.5822127,0,0.0425,1.5,2,519.81,516.5999999999651,252.1,0,0
1759005366.5923553,0,0.0425,1.5,2,519.62,516.4999999999651,251.95,1,0
1759005366.6023638,0,0.043000000000000003,1.5,2,519.45,516.3999999999651,251.8,0,2
1759005366.612855,0,0.0425,1.5,2,519.26,516.299999999965,251.65,0,0
1759005366.6231716,0,0.0425,1.5,2,519.03,516.199999999965,251.55,0,0
1759005366.6332014,0,0.0425,1.5,2,518.86,516.099999999965,251.5,0,0
1759005366.643753,0,0.0425,1.5,2,518.65,515.999999999965,251.45,1,0
1759005366.6538334,0,0.042,1.5,2,518.18,515.899999999965,251.35000000000002,0,0
1759005366.6639192,0,0.042,1.5,2,517.97,515.7999999999649,251.25,0,1
1759005366.674382,0,0.0415,1.5,2,517.8,515.6999999999649,251.15,0,1
1759005366.6842575,0,0.042,1.5,2,517.59,515.5999999999649,251.15,1,2
1759005366.6948147,0,0.0405,1.5,2,517.4,515.4999999999649,251.2,0,0
1759005366.705306,0,0.041,1.5,2,517.19,515.3999999999648,251.25,0,1
1759005366.715181,0,0.0415,1.5,2,517.02,515.2999999999648,251.25,0,1
1759005366.7257438,0,0.042,1.5,2,516.85,515.1999999999648,251.20000000000002,0,1
1759005366.735546,0,0.0425,1.5,2,516.66,515.0999999999648,251.1,0,2
1759005366.7452793,0,0.042,1.5,2,516.47,514.9999999999648,250.95,0,0
1759005366.7555707,0,0.0415,1.5,2,516.49,514.8999999999647,250.75,0,0
1759005366.7663124,0,0.0415,1.5,2,516.26,514.7999999999647,250.60000000000002,0,1
1759005366.7757127,0,0.042,1.5,2,516.09,514.6999999999647,250.55,0,1
1759005366.7866898,0,0.0425,1.5,2,515.9,514.5999999999647,250.54999999999998,0,1
1759005366.7963927,0,0.0425,1.5,2,515.73,514.4999999999646,250.55,0,0
1759005366.8063233,0,0.0425,1.5,2,515.56,514.3999999999646,250.45,0,0
1759005366.8165543,0,0.0425,1.5,2,515.33,514.2999999999646,250.35,0,0
1759005366.8264549,0,0.0425,1.5,2,515.1,514.1999999999646,250.25,0,1
1759005366.8366973,0,0.043000000000000003,1.5,2,514.93,514.0999999999646,250.05,0,1
1759005366.8469043,0,0.043000000000000003,1.5,2,514.48,513.9999999999645,249.9,0,1
1759005366.8569267,0,0.043000000000000003,1.5,2,514.5,513.8999999999645,249.75,0,0
1759005366.867399,0,0.043000000000000003,1.5,2,514.29,513.7999999999645,249.64999999999998,0,0
1759005366.877386,0,0.043500000000000004,1.5,2,514.1,513.6999999999645,249.54999999999998,0,1
1759005366.8873308,0,0.044500000000000005,1.5,2,513.93,513.5999999999644,249.5,0,2
1759005366.8980935,0,0.045000000000000005,1.5,2,513.72,513.4999999999644,249.45000000000002,0,1
1759005366.9080946,0,0.045000000000000005,1.5,2,513.55,513.3999999999644,249.39999999999998,1,1
1759005366.9176142,0,0.044000000000000004,1.5,2,513.34,513.2999999999644,249.3,0,0
1759005366.9284906,0,0.043000000000000003,1.5,2,513.17,513.1999999999643,249.15,0,0
1759005366.9384704,0,0.0425,1.5,2,513,513.0999999999643,249.05,0,0
1759005366.9485793,0,0.043000000000000003,1.5,2,512.96,512.9999999999643,248.95,0,1
1759005366.9586527,0,0.043000000000000003,1.5,2,512.75,512.8999999999643,248.85000000000002,1,0
1759005366.9688857,0,0.042,1.5,2,512.58,512.7999999999643,248.75,0,0
1759005366.9789166,0,0.041,1.5,2,512.41,512.6999999999642,248.64999999999998,0,1
1759005366.9886796,0,0.0405,1.5,2,512.22,512.5999999999642,248.55,0,1
1759005366.9992645,0,0.04,1.5,2,512.01,512.4999999999642,248.4,1,1
1759005367.00941,0,0.0385,1.5,2,511.84,512.3999999999642,248.25,0,0
1759005367.0199718,0,0.038,1.5,2,511.65,512.2999999999641,248.14999999999998,0,0
1759005367.0297854,0,0.0375,1.5,2,511.42,512.1999999999641,248.1,0,0
1759005367.0397038,0,0.036500000000000005,1.5,2,511.25,512.0999999999641,248.04999999999998,0,0
1759005367.049792,0,0.036500000000000005,1.5,2,511.06,511.9999999999641,247.95,0,1
1759005367.060682,0,0.036000000000000004,1.5,2,510.65,511.89999999996405,247.9,0,0
1759005367.0703204,0,0.035500000000000004,1.5,2,510.52,511.79999999996403,247.8,0,1
1759005367.0803807,0,0.035500000000000004,1.5,2,510.33,511.699999999964,247.7,0,1
1759005367.0908427,0,0.035500000000000004,1.5,2,510.2,511.599999999964,247.54999999999998,0,1
1759005367.1008246,0,0.036000000000000004,1.5,2,510.03,511.49999999996396,247.45,0,1
1759005367.1110198,0,0.035500000000000004,1.5,2,509.86,511.39999999996394,247.29999999999998,0,0
1759005367.1216037,0,0.036000000000000004,1.5,2,509.67,511.2999999999639,247.2,1,1
1759005367.131318,0,0.035500000000000004,1.5,2,509.46,511.1999999999639,247.05,0,0
1759005367.141752,0,0.036000000000000004,1.5,2,509.25,511.09999999996387,246.95,0,1
1759005367.1519268,0,0.036000000000000004,1.5,2,509.02,510.99999999996385,246.85,1,0
1759005367.1617823,0,0.036000000000000004,1.5,2,508.82,510.8999999999638,246.8,0,1
1759005367.1717722,0,0.035500000000000004,1.5,2,508.61,510.7999999999638,246.7,0,0
1759005367.1823723,0,0.035,1.5,2,508.38,510.6999999999638,246.45,0,0
1759005367.1924932,0,0.035,1.5,2,508.17,510.59999999996376,246.25,0,1
1759005367.2029006,0,0.035,1.5,2,508,510.49999999996373,246.05,0,1
1759005367.212739,0,0.0345,1.5,2,507.77,510.3999999999637,246.0,0,0
1759005367.223022,0,0.034,1.5,2,507.6,510.2999999999637,246.0,1,0
1759005367.2333612,0,0.0345,1.5,2,507.43,510.19999999996367,245.95000000000002,0,1
1759005367.2433577,0,0.035,1.5,2,507.2,510.09999999996364,245.9,0,1
1759005367.253542,0,0.036000000000000004,1.5,2,506.83,509.9999999999636,245.85000000000002,1,1
1759005367.2637043,0,0.037000000000000005,1.5,2,506.85,509.8999999999636,245.75,2,1
1759005367.273613,0,0.0375,1.5,2,506.68,509.7999999999636,245.6,0,1
1759005367.2837567,0,0.038,1.5,2,506.45,509.69999999996355,245.5,0,1
1759005367.2936826,0,0.039,1.5,2,506.28,509.59999999996353,245.5,1,1
1759005367.3037188,0,0.0385,1.5,2,506.11,509.4999999999635,245.45000000000002,0,0
1759005367.3145401,0,0.0385,1.5,2,505.92,509.3999999999635,245.4,0,0
1759005367.324612,0,0.039,1.5,2,505.73,509.29999999996346,245.29999999999998,0,1
1759005367.33493,0,0.039,1.5,2,505.52,509.19999999996344,245.2,0,0
1759005367.3446875,0,0.0395,1.5,2,505.35,509.0999999999634,245.2,2,0
1759005367.3550272,0,0.0395,1.5,2,505.14,508.9999999999634,245.2,0,0
1759005367.3655224,0,0.039,1.5,2,504.99,508.89999999996337,245.2,1,0
1759005367.3752174,0,0.0395,1.5,2,504.78,508.79999999996335,245.2,1,0
1759005367.3857956,0,0.0395,1.5,2,504.61,508.6999999999633,245.15,0,0
1759005367.395864,0,0.0405,1.5,2,504.42,508.5999999999633,245.05,0,2
1759005367.4056737,0,0.041,1.5,2,504.25,508.4999999999633,245.05,1,1
1759005367.415034,0,0.041,1.5,2,504.04,508.39999999996326,245.04999999999998,0,1
1759005367.4264503,0,0.0415,1.5,2,503.87,508.29999999996323,245.05,0,2
1759005367.4357884,0,0.0415,1.5,2,503.77,508.1999999999632,245.05,0,1
1759005367.4460473,0,0.041,1.5,2,503.62,508.0999999999632,245.0,0,1
1759005367.456082,0,0.0405,1.5,2,503.45,507.99999999996317,244.95,0,0
1759005367.4671962,0,0.0395,1.5,2,503.32,507.89999999996314,244.85,0,0
1759005367.476967,0,0.0385,1.5,2,503.19,507.7999999999631,244.65,0,0
1759005367.487721,0,0.038,1.5,2,503.17,507.6999999999631,244.5,0,0
1759005367.4975626,0,0.0385,1.5,2,503.15,507.5999999999631,244.45,0,1
1759005367.507558,0,0.0385,1.5,2,503.11,507.49999999996305,244.4,0,0
1759005367.5178504,0,0.0385,1.5,2,503.05,507.39999999996303,244.35000000000002,0,0
1759005367.5281184,0,0.0375,1.5,2,502.99,507.299999999963,244.3,0,0
1759005367.5384226,0,0.0375,1.5,2,502.95,507.199999999963,244.29999999999998,1,0
1759005367.5485175,0,0.039,1.5,2,502.81,507.09999999996296,244.25,1,2
1759005367.5590894,0,0.039,1.5,2,502.69,506.99999999996294,244.15,1,0
1759005367.5689337,0,0.039,1.5,2,502.67,506.8999999999629,244.1,0,1
1759005367.5787876,0,0.0385,1.5,2,502.88,506.7999999999629,244.05,0,0
1759005367.5889685,0,0.0385,1.5,2,502.88,506.69999999996287,244.1,0,0
1759005367.5993912,0,0.039,1.5,2,502.82,506.59999999996285,244.10000000000002,0,1
1759005367.6097467,0,0.0385,1.5,2,502.68,506.4999999999628,244.04999999999998,0,0
1759005367.6199045,0,0.0375,1.5,2,502.62,506.3999999999628,244.0,0,0
1759005367.6295798,0,0.0375,1.5,2,502.5,506.2999999999628,243.89999999999998,0,0
1759005367.6405013,0,0.0375,1.5,2,502.4,506.19999999996276,243.8,0,0
1759005367.6503863,0,0.038,1.5,2,502.34,506.09999999996273,243.6,1,0
1759005367.6605847,0,0.0375,1.5,2,502.47,505.9999999999627,243.5,0,0
1759005367.6708379,0,0.038,1.5,2,502.47,505.8999999999627,243.45,0,1
1759005367.6807816,0,0.038,1.5,2,502.37,505.79999999996267,243.45,0,1
1759005367.691271,0,0.038,1.5,2,502.31,505.69999999996264,243.45,0,1
1759005367.7012565,0,0.036500000000000005,1.5,2,502.29,505.5999999999626,243.35,0,0
1759005367.7115004,0,0.036500000000000005,1.5,2,502.23,505.4999999999626,243.2,0,0
1759005367.7221086,0,0.036000000000000004,1.5,2,502.21,505.3999999999626,243.0,0,0
1759005367.7317553,0,0.036000000000000004,1.5,2,502.07,505.29999999996255,242.85,0,1
1759005367.7423627,0,0.036000000000000004,1.5,2,502.01,505.19999999996253,242.7,0,1
1759005367.7523346,0,0.035500000000000004,1.5,2,501.95,505.0999999999625,242.55,1,0
1759005367.7625237,0,0.036000000000000004,1.5,2,501.91,504.9999999999625,242.39999999999998,0,1
1759005367.772724,0,0.036500000000000005,1.5,2,501.66,504.89999999996246,242.3,0,1
1759005367.7831433,0,0.036000000000000004,1.5,2,501.58,504.79999999996244,242.2,0,0
1759005367.7930837,0,0.036000000000000004,1.5,2,501.52,504.6999999999624,242.1,0,1
1759005367.8033957,0,0.036000000000000004,1.5,2,501.38,504.5999999999624,242.0,0,1
1759005367.8138416,0,0.036500000000000005,1.5,2,501.32,504.49999999996237,241.9,0,1
1759005367.8238814,0,0.036500000000000005,1.5,2,501.22,504.39999999996235,241.8,0,0
1759005367.8335855,0,0.037000000000000005,1.5,2,501.12,504.2999999999623,241.64999999999998,1,0
1759005367.844289,0,0.037000000000000005,1.5,2,501.1,504.1999999999623,241.5,1,0
1759005367.8541694,0,0.0375,1.5,2,501.04,504.0999999999623,241.45,2,0
1759005367.8644176,0,0.0375,1.5,2,501.02,503.99999999996226,241.45,0,1
1759005367.8746738,0,0.0375,1.5,2,500.96,503.89999999996223,241.5,0,0
1759005367.8845415,0,0.038,1.5,2,500.84,503.7999999999622,241.45,0,1
1759005367.8951154,0,0.0375,1.5,2,500.78,503.6999999999622,241.35,0,0
1759005367.9049697,0,0.036500000000000005,1.5,2,500.72,503.59999999996217,241.25,0,0
1759005367.9157753,0,0.036000000000000004,1.5,2,500.7,503.49999999996214,241.15,0,0
1759005367.9254391,0,0.035500000000000004,1.5,2,500.64,503.3999999999621,241.0,1,0
1759005367.9358354,0,0.036500000000000005,1.5,2,500.62,503.2999999999621,240.85,1,1
1759005367.946041,0,0.036500000000000005,1.5,2,500.56,503.1999999999621,240.8,0,0
1759005367.9558203,0,0.037000000000000005,1.5,2,500.42,503.09999999996205,240.75,1,0
1759005367.9661555,0,0.037000000000000005,1.5,2,500.23,502.99999999996203,240.6,0,1
1759005367.9767022,0,0.037000000000000005,1.5,2,500.34,502.899999999962,240.45,0,1
1759005367.9866157,0,0.037000000000000005,1.5,2,500.28,502.799999999962,240.35,0,0
1759005367.996701,0,0.036500000000000005,1.5,2,500.22,502.69999999996196,240.25,0,0
1759005368.0066803,0,0.036500000000000005,1.5,2,500.1,502.59999999996194,240.15,0,1
1759005368.0170872,0,0.036000000000000004,1.5,2,500.08,502.4999999999619,240.05,0,1
1759005368.0271997,0,0.036000000000000004,1.5,2,500.02,502.3999999999619,239.9,0,0
1759005368.0370307,0,0.036000000000000004,1.5,2,500,502.29999999996187,239.75,0,0
1759005368.04671,0,0.036000000000000004,1.5,2,500,502.19999999996185,239.60000000000002,0,0
1759005368.0574212,0,0.036000000000000004,1.5,2,499.94,502.0999999999618,239.5,0,0
1759005368.0675583,0,0.035500000000000004,1.5,2,499.88,501.9999999999618,239.45,0,0
1759005368.0778992,0,0.035500000000000004,1.5,2,499.82,501.8999999999618,239.35,0,0
1759005368.0876355,0,0.035500000000000004,1.5,2,499.76,501.79999999996176,239.25,1,0
1759005368.0982647,0,0.035,1.5,2,499.7,501.69999999996173,239.15,0,0
1759005368.1088052,0,0.0345,1.5,2,499.56,501.5999999999617,239.15,0,0
1759005368.1191847,0,0.0345,1.5,2,499.42,501.4999999999617,239.15,1,0
1759005368.1292236,0,0.035,1.5,2,499.36,501.39999999996166,239.15,0,1
1759005368.139238,0,0.034,1.5,2,499.32,501.29999999996164,239.2,0,0
1759005368.1492777,0,0.034,1.5,2,499.3,501.1999999999616,239.15,0,0
1759005368.1595025,0,0.034,1.5,2,499.24,501.0999999999616,239.10000000000002,0,1
1759005368.1694932,0,0.0335,1.5,2,499.14,500.9999999999616,239.0,0,0
1759005368.1797638,0,0.033,1.5,2,498.89,500.89999999996155,238.95,0,0
1759005368.1900403,0,0.0335,1.5,2,498.89,500.7999999999615,238.85,0,1
1759005368.2002332,0,0.0335,1.5,2,498.87,500.6999999999615,238.85,0,0
1759005368.2104087,0,0.033,1.5,2,498.85,500.5999999999615,238.85,0,0
1759005368.2208827,0,0.034,1.5,2,498.79,500.49999999996146,238.75,1,2
1759005368.231026,0,0.034,1.5,2,498.69,500.39999999996144,238.55,0,0
1759005368.241189,0,0.0335,1.5,2,498.59,500.2999999999614,238.3,0,0
1759005368.2508903,0,0.0335,1.5,2,498.53,500.1999999999614,238.14999999999998,1,0
1759005368.2614424,0,0.033,1.5,2,498.45,500.09999999996137,238.05,0,0
1759005368.2715175,0,0.032,1.5,2,498.43,499.99999999996135,237.95,0,0
1759005368.2816448,0,0.030500000000000003,1.5,2,498.35,499.8999999999613,237.85,0,0
1759005368.2918575,0,0.030500000000000003,1.5,2,498.29,499.7999999999613,237.75,1,0
1759005368.3017082,0,0.030500000000000003,1.5,2,498.27,499.6999999999613,237.65,0,1
1759005368.3117127,0,0.029500000000000002,1.5,2,498.21,499.59999999996126,237.5,0,0
1759005368.3223696,0,0.029500000000000002,1.5,2,498.15,499.49999999996123,237.45,0,0
1759005368.3323781,0,0.030000000000000002,1.5,2,498.09,499.3999999999612,237.35,1,0
1759005368.34288,0,0.029500000000000002,1.5,2,498.05,499.2999999999612,237.3,0,0
1759005368.3529098,0,0.029500000000000002,1.5,2,498.03,499.19999999996116,237.2,0,0
1759005368.363028,0,0.029,1.5,2,497.97,499.09999999996114,237.1,0,1
1759005368.3732593,0,0.029500000000000002,1.5,2,497.87,498.9999999999611,237.05,1,0
1759005368.383903,0,0.029,1.5,2,497.81,498.8999999999611,236.95,0,0
1759005368.393728,0,0.029,1.5,2,497.79,498.7999999999611,236.89999999999998,0,1
1759005368.403245,0,0.029500000000000002,1.5,2,497.73,498.69999999996105,236.95,1,0
1759005368.4134183,0,0.0285,1.5,2,497.69,498.599999999961,236.95,0,0
1759005368.4241285,0,0.028,1.5,2,497.63,498.499999999961,236.85,1,0
1759005368.4338307,0,0.028,1.5,2,497.61,498.399999999961,236.8,0,1
1759005368.4448595,0,0.027,1.5,2,497.55,498.29999999996096,236.7,0,0
1759005368.4548035,0,0.026500000000000003,1.5,2,497.42,498.19999999996094,236.6,0,0
1759005368.4648423,0,0.026500000000000003,1.5,2,497.4,498.0999999999609,236.45,1,0
1759005368.4744518,0,0.026500000000000003,1.5,2,497.4,497.9999999999609,236.4,0,0
1759005368.484932,0,0.027,1.5,2,497.32,497.89999999996087,236.4,1,0
1759005368.4946656,0,0.029,1.5,2,497.18,497.79999999996085,236.39999999999998,2,2
1759005368.5046923,0,0.030500000000000003,1.5,2,496.99,497.6999999999608,236.35,2,1
1759005368.5155888,0,0.0315,1.5,2,496.85,497.5999999999608,236.2,1,2
1759005368.5254767,0,0.033,1.5,2,496.69,497.4999999999608,236.1,1,2
1759005368.5354822,0,0.034,1.5,2,496.71,497.39999999996076,236.05,1,1
1759005368.5461023,0,0.035,1.5,2,496.38,497.29999999996073,236.0,1,1
1759005368.556184,0,0.0345,1.5,2,496.22,497.1999999999607,235.89999999999998,0,0
1759005368.5656996,0,0.0335,1.5,2,496.16,497.0999999999607,235.9,1,0
1759005368.5761414,0,0.034,1.5,2,496.08,496.99999999996066,235.9,2,0
1759005368.586163,0,0.034,1.5,2,496.16,496.89999999996064,235.85000000000002,1,0
1759005368.5964358,0,0.0345,1.5,2,495.79,496.7999999999606,235.8,1,0
1759005368.6064305,0,0.0345,1.5,2,495.69,496.6999999999606,235.6,0,0
1759005368.6167898,0,0.034,1.5,2,495.55,496.5999999999606,235.39999999999998,0,0
1759005368.626564,0,0.035,1.5,2,495.44,496.49999999996055,235.2,1,1
1759005368.637008,0,0.036000000000000004,1.5,2,495.32,496.3999999999605,235.05,0,2
1759005368.6467943,0,0.037,1.5,2,495.26,496.2999999999605,235.0,0,2
1759005368.6571693,0,0.0375,1.5,2,495.15,496.1999999999605,235.0,0,1
1759005368.6672523,0,0.037,1.5,2,494.96,496.09999999996046,235.1,0,0
1759005368.677728,0,0.0375,1.5,2,494.67,495.99999999996044,235.05,0,1
1759005368.6880796,0,0.038,1.5,2,494.71,495.8999999999604,235.0,0,2
1759005368.697653,0,0.039,1.5,2,494.67,495.7999999999604,234.9,1,2
1759005368.708098,0,0.0395,1.5,2,494.51,495.69999999996037,234.8,0,2
1759005368.7185068,0,0.0395,1.5,2,494.37,495.59999999996035,234.7,0,0
1759005368.7288277,0,0.04,1.5,2,494.21,495.4999999999603,234.6,0,1
1759005368.73843,0,0.0405,1.5,2,494.07,495.3999999999603,234.55,0,1
1759005368.7490551,0,0.04,1.5,2,494.01,495.2999999999603,234.45,0,0
1759005368.7589855,0,0.0405,1.5,2,493.87,495.19999999996026,234.4,1,1
1759005368.7693121,0,0.04,1.5,2,493.73,495.09999999996023,234.35000000000002,0,0
1759005368.779151,0,0.04,1.5,2,493.59,494.9999999999602,234.3,0,1
1759005368.7894242,0,0.0405,1.5,2,493.4,494.8999999999602,234.3,1,1
1759005368.799799,0,0.0405,1.5,2,493.34,494.79999999996016,234.25,0,0
1759005368.8098245,0,0.0405,1.5,2,493.2,494.69999999996014,234.2,0,1
1759005368.8198497,0,0.041,1.5,2,493.14,494.5999999999601,234.14999999999998,0,2
1759005368.8300035,0,0.041,1.5,2,492.95,494.4999999999601,234.14999999999998,0,1
1759005368.840073,0,0.041,1.5,2,492.84,494.3999999999601,234.2,0,0
1759005368.8503704,0,0.0415,1.5,2,492.78,494.29999999996005,234.2,1,1
1759005368.860429,0,0.0415,1.5,2,492.59,494.19999999996,234.15,0,1
1759005368.8707108,0,0.041,1.5,2,492.4,494.09999999996,234.1,0,1
1759005368.8810208,0,0.0415,1.5,2,492.26,493.99999999996,233.95,1,1
1759005368.8917122,0,0.0415,1.5,2,492.15,493.89999999995996,233.7,0,0
1759005368.9016132,0,0.041,1.5,2,492.09,493.79999999995994,233.5,0,0
1759005368.9119816,0,0.041,1.5,2,491.9,493.6999999999599,233.35,0,0
1759005368.922159,0,0.041,1.5,2,491.71,493.5999999999599,233.25,0,0
1759005368.93212,0,0.041,1.5,2,491.57,493.49999999995987,233.2,0,0
1759005368.942602,0,0.0415,1.5,2,491.38,493.39999999995985,233.25,0,2
1759005368.9527533,0,0.0405,1.5,2,491.19,493.2999999999598,233.3,0,0
1759005368.9629266,0,0.0405,1.5,2,491,493.1999999999598,233.3,0,0
1759005368.973105,0,0.0405,1.5,2,490.89,493.0999999999598,233.2,1,0
1759005368.9828603,0,0.0405,1.5,2,490.75,492.99999999995975,233.1,0,1
1759005368.9933267,0,0.0405,1.5,2,490.41,492.89999999995973,233.0,0,1
1759005369.0038848,0,0.041,1.5,2,490.25,492.7999999999597,232.95,1,0
1759005369.0136673,0,0.041,1.5,2,490.06,492.6999999999597,232.85,0,0
1759005369.0237968,0,0.0415,1.5,2,490,492.59999999995966,232.8,1,1
1759005369.0340433,0,0.042,1.5,2,489.81,492.49999999995964,232.75,1,1
1759005369.0444872,0,0.0425,1.5,2,489.67,492.3999999999596,232.8,0,1
1759005369.0549357,0,0.043000000000000003,1.5,2,489.48,492.2999999999596,232.8,0,1
1759005369.0650077,0,0.043500000000000004,1.5,2,489.29,492.1999999999596,232.7,0,1
1759005369.074727,0,0.043500000000000004,1.5,2,489.1,492.09999999995955,232.55,0,0
1759005369.0852516,0,0.043500000000000004,1.5,2,489.12,491.9999999999595,232.35,0,0
1759005369.0953078,0,0.044000000000000004,1.5,2,488.93,491.8999999999595,232.2,0,1
1759005369.1057272,0,0.044000000000000004,1.5,2,488.79,491.7999999999595,232.14999999999998,0,1
1759005369.116095,0,0.044500000000000005,1.5,2,488.65,491.69999999995946,232.2,1,0
1759005369.1257615,0,0.044500000000000005,1.5,2,488.59,491.59999999995944,232.15,0,0
1759005369.1358662,0,0.044000000000000004,1.5,2,488.53,491.4999999999594,232.05,0,0
1759005369.1462598,0,0.043500000000000004,1.5,2,488.39,491.3999999999594,232.0,0,0
1759005369.1565516,0,0.044000000000000004,1.5,2,488.2,491.29999999995937,231.89999999999998,0,1
1759005369.1669946,0,0.044000000000000004,1.5,2,488.01,491.19999999995935,231.85,0,0
1759005369.1766043,0,0.043500000000000004,1.5,2,487.86,491.0999999999593,231.8,0,0
1759005369.1868234,0,0.043500000000000004,1.5,2,487.8,490.9999999999593,231.75,0,0
1759005369.1971958,0,0.043500000000000004,1.5,2,487.66,490.8999999999593,231.64999999999998,0,0
1759005369.2066336,0,0.043000000000000003,1.5,2,487.5,490.79999999995925,231.6,0,0
1759005369.217198,0,0.043000000000000003,1.5,2,487.34,490.69999999995923,231.5,0,0
1759005369.2276545,0,0.043000000000000003,1.5,2,487.2,490.5999999999592,231.4,0,0
1759005369.237916,0,0.0415,1.5,2,487.04,490.4999999999592,231.35,0,0
1759005369.2476585,0,0.0415,1.5,2,486.98,490.39999999995916,231.3,0,0
1759005369.2577553,0,0.042,1.5,2,486.88,490.29999999995914,231.35000000000002,0,1
1759005369.2687092,0,0.0425,1.5,2,486.69,490.1999999999591,231.3,2,0
1759005369.278751,0,0.043000000000000003,1.5,2,486.61,490.0999999999591,231.2,0,1
1759005369.2890325,0,0.043500000000000004,1.5,2,486.47,489.9999999999591,231.10000000000002,0,1
1759005369.2992108,0,0.043500000000000004,1.5,2,486.36,489.89999999995905,231.05,0,0
1759005369.3088603,0,0.043000000000000003,1.5,2,486.2,489.799999999959,231.05,0,0
1759005369.3193047,0,0.043000000000000003,1.5,2,486.06,489.699999999959,231.1,0,1
1759005369.3297136,0,0.043000000000000003,1.5,2,485.92,489.599999999959,231.05,0,0
1759005369.3397832,0,0.043500000000000004,1.5,2,485.73,489.49999999995896,230.95,0,1
1759005369.3496628,0,0.043500000000000004,1.5,2,485.59,489.39999999995894,230.85000000000002,0,1
1759005369.3601902,0,0.044000000000000004,1.5,2,485.4,489.2999999999589,230.8,0,1
1759005369.370638,0,0.044000000000000004,1.5,2,485.21,489.1999999999589,230.8,0,0
1759005369.380466,0,0.043500000000000004,1.5,2,485.07,489.09999999995887,230.75,0,0
1759005369.390885,0,0.043000000000000003,1.5,2,485.01,488.99999999995885,230.6,0,0
1759005369.401264,0,0.043500000000000004,1.5,2,484.87,488.8999999999588,230.5,1,0
1759005369.411153,0,0.043000000000000003,1.5,2,484.71,488.7999999999588,230.4,0,0
1759005369.4212906,0,0.043000000000000003,1.5,2,484.57,488.6999999999588,230.2,1,0
1759005369.431684,0,0.043500000000000004,1.5,2,484.43,488.59999999995875,230.10000000000002,1,0
1759005369.4417639,0,0.043000000000000003,1.5,2,484.29,488.49999999995873,230.0,0,0
1759005369.4521992,0,0.0425,1.5,2,484.15,488.3999999999587,229.85000000000002,0,0
1759005369.4622972,0,0.0425,1.5,2,484.01,488.2999999999587,229.7,0,0
1759005369.4717035,0,0.043000000000000003,1.5,2,483.85,488.19999999995866,229.65,0,1
1759005369.4824328,0,0.043500000000000004,1.5,2,483.77,488.09999999995864,229.60000000000002,0,2
1759005369.4926984,0,0.044000000000000004,1.5,2,483.69,487.9999999999586,229.45,0,1
1759005369.5029392,0,0.044000000000000004,1.5,2,483.58,487.8999999999586,229.25,0,1
1759005369.5131254,0,0.043000000000000003,1.5,2,483.6,487.7999999999586,229.1,0,2
1759005369.5237226,0,0.042,1.5,2,483.54,487.69999999995855,229.05,0,1
1759005369.5339708,0,0.041,1.5,2,483.43,487.5999999999585,229.05,0,1
1759005369.5438092,0,0.0405,1.5,2,483.34,487.4999999999585,229.0,0,2
1759005369.5542364,0,0.0415,1.5,2,483.07,487.3999999999585,228.85,1,3
1759005369.5644464,0,0.042,1.5,2,483.23,487.29999999995846,228.7,0,3
1759005369.5749452,0,0.043500000000000004,1.5,2,483.18,487.19999999995844,228.60000000000002,0,3
1759005369.5849242,0,0.045000000000000005,1.5,2,483.07,487.0999999999584,228.45,0,4
1759005369.5950246,0,0.0455,1.5,2,483,486.9999999999584,228.35,0,3
1759005369.6050968,0,0.047,1.5,2,482.92,486.89999999995837,228.3,1,3
1759005369.615503,0,0.048,1.5,2,482.81,486.79999999995835,228.25,1,2
1759005369.6258202,0,0.049,1.5,2,482.7,486.6999999999583,228.25,0,2
1759005369.6356719,0,0.051000000000000004,1.5,2,482.59,486.5999999999583,228.25,0,4
1759005369.6459682,0,0.051000000000000004,1.5,2,482.51,486.4999999999583,228.25,0,2
1759005369.6561341,0,0.051500000000000004,1.5,2,482.38,486.39999999995825,228.2,0,3
1759005369.6664023,0,0.052500000000000005,1.5,2,482.29,486.29999999995823,228.10000000000002,1,3
1759005369.6767735,0,0.053000000000000005,1.5,2,482.25,486.1999999999582,228.0,0,2
1759005369.686966,0,0.0545,1.5,2,482.17,486.0999999999582,227.9,1,2
1759005369.6970892,0,0.055,1.5,2,482.06,485.99999999995816,227.8,0,2
1759005369.7074084,0,0.055,1.5,2,482.02,485.89999999995814,227.7,0,2
1759005369.7178445,0,0.0545,1.5,2,481.87,485.7999999999581,227.65,0,2
1759005369.727564,0,0.055,1.5,2,481.78,485.6999999999581,227.60000000000002,0,3
1759005369.7377658,0,0.0565,1.5,2,481.71,485.5999999999581,227.60000000000002,1,2
1759005369.7477171,0,0.0565,1.5,2,481.62,485.49999999995805,227.6,0,1
1759005369.7580373,0,0.057,1.5,2,481.51,485.399999999958,227.64999999999998,0,2
1759005369.7685325,0,0.0585,1.5,2,481.4,485.299999999958,227.7,1,2
1759005369.7787871,0,0.059500000000000004,1.5,2,481.29,485.199999999958,227.7,2,2
1759005369.7888412,0,0.060500000000000005,1.5,2,481.18,485.09999999995796,227.7,1,1
1759005369.7994852,0,0.0615,1.5,2,481.07,484.99999999995794,227.7,0,3
1759005369.809453,0,0.062,1.5,2,481.05,484.8999999999579,227.64999999999998,1,2
1759005369.8198645,0,0.0625,1.5,2,480.92,484.7999999999579,227.6,0,1
1759005369.8298347,0,0.0635,1.5,2,480.85,484.69999999995787,227.6,1,2
1759005369.8403218,0,0.063,1.5,2,480.74,484.59999999995784,227.60000000000002,1,0
1759005369.8503046,0,0.0635,1.5,2,480.68,484.4999999999578,227.55,0,2
1759005369.8606882,0,0.065,1.5,2,480.62,484.3999999999578,227.39999999999998,1,2
1759005369.8707528,0,0.0645,1.5,2,480.49,484.2999999999578,227.3,1,0
1759005369.8808973,0,0.065,1.5,2,480.43,484.19999999995775,227.25,0,2
1759005369.8909342,0,0.0655,1.5,2,480.37,484.09999999995773,227.25,1,1
1759005369.9015257,0,0.065,1.5,2,480.51,483.9999999999577,227.25,1,0
1759005369.9119265,0,0.065,1.5,2,480.22,483.8999999999577,227.35000000000002,0,0
1759005369.921609,0,0.0655,1.5,2,480.09,483.79999999995766,227.45,0,1
1759005369.9323971,0,0.066,1.5,2,480.03,483.69999999995764,227.55,0,1
1759005369.9425762,0,0.0665,1.5,2,480.01,483.5999999999576,227.60000000000002,0,1
1759005369.9526072,0,0.0675,1.5,2,479.9,483.4999999999576,227.55,0,2
1759005369.9627852,0,0.0675,1.5,2,479.84,483.3999999999576,227.45,1,1
1759005369.9725187,0,0.069,1.5,2,479.78,483.29999999995755,227.3,1,2
1759005369.9825978,0,0.07,1.5,2,479.72,483.1999999999575,227.1,0,2
1759005369.992289,0,0.07100000000000001,1.5,2,479.64,483.0999999999575,226.95,0,3
1759005370.0024521,0,0.07150000000000001,1.5,2,479.53,482.9999999999575,226.85,0,2
1759005370.0123844,0,0.0735,1.5,2,479.51,482.89999999995746,226.8,2,3
1759005370.0219471,0,0.0745,1.5,2,479.4,482.79999999995744,226.75,1,2
1759005370.0320091,0,0.0755,1.5,2,479.38,482.6999999999574,226.8,2,0
1759005370.0431063,0,0.0755,1.5,2,479.27,482.5999999999574,226.85,1,1
1759005370.0536838,0,0.075,1.5,2,479.21,482.49999999995737,226.85,0,1
1759005370.0636804,0,0.075,1.5,2,479.14,482.39999999995734,226.8,0,1
1759005370.0739102,0,0.0755,1.5,2,479.06,482.2999999999573,226.8,0,2
1759005370.0841966,0,0.0765,1.5,2,479,482.1999999999573,226.85000000000002,1,2
1759005370.0945103,0,0.078,1.5,2,478.98,482.0999999999573,226.9,1,2
1759005370.104295,0,0.0795,1.5,2,478.69,481.99999999995725,227.0,1,2
1759005370.114437,0,0.0795,1.5,2,478.88,481.89999999995723,227.05,1,0
1759005370.1249976,0,0.0795,1.5,2,478.81,481.7999999999572,227.05,0,1
1759005370.1346643,0,0.081,1.5,2,478.7,481.6999999999572,226.85000000000002,1,3
1759005370.144704,0,0.083,1.5,2,478.57,481.59999999995716,226.7,1,3
1759005370.1547043,0,0.0845,1.5,2,478.46,481.49999999995714,226.6,1,2
1759005370.1647766,0,0.0855,1.5,2,478.39,481.3999999999571,226.45,0,2
1759005370.1754782,0,0.0855,1.5,2,478.35,481.2999999999571,226.35,0,1
1759005370.1846557,0,0.08650000000000001,1.5,2,478.27,481.1999999999571,226.3,0,2
1759005370.1953115,0,0.08750000000000001,1.5,2,478.19,481.09999999995705,226.25,0,2
1759005370.205711,0,0.089,1.5,2,478.33,480.999999999957,226.2,1,2
1759005370.2156427,0,0.09,1.5,2,478.22,480.899999999957,226.15,1,1
1759005370.2258747,0,0.0915,1.5,2,478.13,480.799999999957,226.05,1,2
1759005370.2355907,0,0.092,1.5,2,478.02,480.69999999995696,226.0,0,1
1759005370.2462385,0,0.092,1.5,2,477.91,480.59999999995694,225.95,0,0
1759005370.2564316,0,0.092,1.5,2,477.8,480.4999999999569,225.95,0,0
1759005370.2666147,0,0.093,1.5,2,477.67,480.3999999999569,225.95,1,1
1759005370.276657,0,0.093,1.5,2,477.54,480.29999999995687,225.85000000000002,0,1
1759005370.2870226,0,0.093,1.5,2,477.48,480.19999999995684,225.75,1,1
1759005370.2970634,0,0.093,1.5,2,477.37,480.0999999999568,225.75,1,0
1759005370.3073127,0,0.093,1.5,2,477.26,479.9999999999568,225.75,1,0
1759005370.317205,0,0.093,1.5,2,476.95,479.8999999999568,225.75,0,0
1759005370.327408,0,0.0935,1.5,2,476.86,479.79999999995675,225.7,0,1
1759005370.3376117,0,0.0935,1.5,2,476.75,479.69999999995673,225.55,0,1
1759005370.3478806,0,0.094,1.5,2,476.62,479.5999999999567,225.5,0,1
1759005370.3576527,0,0.094,1.5,2,476.6,479.4999999999567,225.45,0,1
1759005370.3681464,0,0.0935,1.5,2,476.49,479.39999999995666,225.45,0,0
1759005370.378213,0,0.094,1.5,2,476.47,479.29999999995664,225.39999999999998,1,1
1759005370.388727,0,0.095,1.5,2,476.41,479.1999999999566,225.25,2,0
1759005370.399062,0,0.0955,1.5,2,476.28,479.0999999999566,225.15,0,1
1759005370.4088585,0,0.0975,1.5,2,476.17,478.9999999999566,225.15,1,3
1759005370.4189034,0,0.098,1.5,2,476.1,478.89999999995655,225.1,1,1
1759005370.4286063,0,0.099,1.5,2,475.99,478.7999999999565,225.1,1,1
1759005370.4390512,0,0.1,1.5,2,475.88,478.6999999999565,225.1,1,2
1759005370.4487169,0,0.101,1.5,2,475.77,478.5999999999565,225.1,1,2
1759005370.4589436,0,0.10200000000000001,1.5,2,475.64,478.49999999995646,225.14999999999998,1,1
1759005370.469398,0,0.10300000000000001,1.5,2,475.51,478.39999999995644,225.14999999999998,1,1
1759005370.4795952,0,0.10400000000000001,1.5,2,475.38,478.2999999999564,225.2,1,1
1759005370.4896846,0,0.1055,1.5,2,475.27,478.1999999999564,225.15,2,2
1759005370.5002842,0,0.1055,1.5,2,475.16,478.09999999995637,225.1,1,1
1759005370.5098968,0,0.1065,1.5,2,474.91,477.99999999995634,225.0,1,2
1759005370.5203228,0,0.108,1.5,2,474.77,477.8999999999563,224.89999999999998,1,3
1759005370.5307758,0,0.109,1.5,2,474.56,477.7999999999563,224.8,1,3
1759005370.5408707,0,0.112,1.5,2,474.48,477.6999999999563,224.7,2,5
1759005370.5510738,0,0.1135,1.5,2,474.4,477.59999999995625,224.65,1,3
1759005370.5607557,0,0.114,1.5,2,474.32,477.49999999995623,224.7,1,2
1759005370.5715897,0,0.1135,1.5,2,474.24,477.3999999999562,224.75,1,2
1759005370.5815182,0,0.113,1.5,2,473.91,477.2999999999562,224.75,1,1
1759005370.5918841,0,0.113,1.5,2,473.79,477.19999999995616,224.7,1,2
1759005370.6020067,0,0.1125,1.5,2,473.71,477.09999999995614,224.7,1,2
1759005370.6119058,0,0.113,1.5,2,473.59,476.9999999999561,224.75,2,2
1759005370.6224377,0,0.1125,1.5,2,473.26,476.8999999999561,224.8,1,2
1759005370.6325855,0,0.1125,1.5,2,473.18,476.79999999995607,224.8,1,2
1759005370.642658,0,0.1135,1.5,2,473.06,476.69999999995605,224.8,2,2
1759005370.6524792,0,0.1135,1.5,2,472.98,476.599999999956,224.85000000000002,2,2
1759005370.6626644,0,0.1145,1.5,2,472.92,476.499999999956,224.9,1,3
1759005370.6734278,0,0.1155,1.5,2,472.84,476.399999999956,224.95,1,4
1759005370.6835172,0,0.116,1.5,2,472.74,476.29999999995596,225.05,2,3
1759005370.693497,0,0.11800000000000001,1.5,2,472.64,476.19999999995593,225.15,2,4
1759005370.7037125,0,0.11750000000000001,1.5,2,472.58,476.0999999999559,225.25,1,1
1759005370.713491,0,0.11800000000000001,1.5,2,472.5,475.9999999999559,225.39999999999998,1,2
1759005370.7238474,0,0.11900000000000001,1.5,2,472.36,475.89999999995587,225.45,2,2
1759005370.7339175,0,0.1205,1.5,2,472.3,475.79999999995584,225.5,1,4
1759005370.7441804,0,0.121,1.5,2,472.22,475.6999999999558,225.55,1,3
1759005370.754548,0,0.122,1.5,2,472.1,475.5999999999558,225.55,2,3
1759005370.7644322,0,0.123,1.5,2,472.02,475.4999999999558,225.55,1,2
1759005370.7749796,0,0.1235,1.5,2,471.94,475.39999999995575,225.5,1,2
1759005370.7846606,0,0.125,1.5,2,471.86,475.29999999995573,225.5,2,4
1759005370.7953312,0,0.1255,1.5,2,471.78,475.1999999999557,225.55,2,3
1759005370.8053842,0,0.1265,1.5,2,471.7,475.0999999999557,225.55,3,1
1759005370.8156624,0,0.1265,1.5,2,471.62,474.99999999995566,225.55,1,2
1759005370.8259435,0,0.1275,1.5,2,471.75,474.89999999995564,225.55,2,3
1759005370.835544,0,0.129,1.5,2,471.69,474.7999999999556,225.65,1,3
1759005370.8458881,0,0.1295,1.5,2,471.57,474.6999999999556,225.7,2,2
1759005370.8564038,0,0.1305,1.5,2,471.49,474.59999999995557,225.7,2,1
1759005370.866442,0,0.13,1.5,2,471.41,474.49999999995555,225.64999999999998,0,1
1759005370.8766785,0,0.1295,1.5,2,471.33,474.3999999999555,225.64999999999998,1,1
1759005370.887195,0,0.1305,1.5,2,471.27,474.2999999999555,225.7,1,2
1759005370.8972998,0,0.131,1.5,2,471.19,474.1999999999555,225.75,1,2
1759005370.9077678,0,0.131,1.5,2,471.11,474.09999999995546,225.75,1,1
1759005370.9179153,0,0.1315,1.5,2,470.92,473.99999999995543,225.75,1,1
1759005370.9278471,0,0.1325,1.5,2,470.8,473.8999999999554,225.8,1,1
1759005370.9383256,0,0.133,1.5,2,470.74,473.7999999999554,225.8,1,1
1759005370.9478946,0,0.134,1.5,2,470.66,473.69999999995537,225.75,1,2
1759005370.9585483,0,0.135,1.5,2,470.54,473.59999999995534,225.7,1,2
1759005370.9686322,0,0.1355,1.5,2,470.46,473.4999999999553,225.64999999999998,1,2
1759005370.9787207,0,0.1365,1.5,2,470.38,473.3999999999553,225.60000000000002,2,2
1759005370.9893389,0,0.1365,1.5,2,470.3,473.2999999999553,225.65,1,2
1759005370.999687,0,0.1375,1.5,2,470.22,473.19999999995525,225.75,1,3
1759005371.009589,0,0.1375,1.5,2,470.16,473.09999999995523,225.85,1,2
1759005371.0201383,0,0.138,1.5,2,470.08,472.9999999999552,225.95,1,2
1759005371.0302966,0,0.137,1.5,2,469.96,472.8999999999552,226.05,1,2
1759005371.040363,0,0.137,1.5,2,469.9,472.79999999995516,226.15,1,2
1759005371.0503197,0,0.137,1.5,2,469.78,472.69999999995514,226.2,1,1
1759005371.0608416,0,0.137,1.5,2,469.7,472.5999999999551,226.2,1,1
1759005371.0711455,0,0.1385,1.5,2,469.62,472.4999999999551,226.3,2,2
1759005371.081052,0,0.14,1.5,2,469.5,472.39999999995507,226.4,2,2
1759005371.091364,0,0.14150000000000001,1.5,2,469.44,472.29999999995505,226.45,3,2
1759005371.101335,0,0.14150000000000001,1.5,2,469.36,472.199999999955,226.45,1,2
1759005371.1114852,0,0.14250000000000002,1.5,2,469.24,472.099999999955,226.5,2,3
1759005371.1218905,0,0.14250000000000002,1.5,2,469.18,471.999999999955,226.55,1,2
1759005371.1322565,0,0.1435,1.5,2,469.06,471.89999999995496,226.6,2,1
1759005371.1423135,0,0.144,1.5,2,468.94,471.79999999995493,226.64999999999998,1,1
1759005371.1524658,0,0.1445,1.5,2,468.86,471.6999999999549,226.75,2,3
1759005371.1628063,0,0.144,1.5,2,468.8,471.5999999999549,226.85000000000002,2,1
1759005371.1727557,0,0.143,1.5,2,468.72,471.49999999995487,226.9,0,1
1759005371.1832156,0,0.1435,1.5,2,468.6,471.39999999995484,226.89999999999998,1,2
1759005371.193377,0,0.144,1.5,2,468.5,471.2999999999548,226.9,1,1
1759005371.2039967,0,0.143,1.5,2,468.44,471.1999999999548,226.9,0,0
1759005371.2138522,0,0.144,1.5,2,468.38,471.0999999999548,226.85,1,3
1759005371.2237954,0,0.1445,1.5,2,468.05,470.99999999995475,226.85,2,2
1759005371.233653,0,0.146,1.5,2,468.2,470.89999999995473,226.85000000000002,2,3
1759005371.2441373,0,0.146,1.5,2,468.12,470.7999999999547,226.9,1,2
1759005371.2540784,0,0.1475,1.5,2,468.06,470.6999999999547,227.05,2,2
1759005371.264162,0,0.1495,1.5,2,467.98,470.59999999995466,227.2,2,2
1759005371.2745028,0,0.151,1.5,2,467.92,470.49999999995464,227.35,1,2
1759005371.2848065,0,0.152,1.5,2,467.86,470.3999999999546,227.5,2,2
1759005371.295479,0,0.1525,1.5,2,467.8,470.2999999999546,227.65,1,1
1759005371.3055496,0,0.153,1.5,2,467.72,470.19999999995457,227.8,1,2
1759005371.31544,0,0.154,1.5,2,467.66,470.09999999995455,227.85,1,2
1759005371.3256094,0,0.155,1.5,2,467.83,469.9999999999545,227.85000000000002,1,2
1759005371.3355503,0,0.1565,1.5,2,467.75,469.8999999999545,227.9,1,2
1759005371.3457882,0,0.157,1.5,2,467.67,469.7999999999545,227.95,1,1
1759005371.3557293,0,0.1585,1.5,2,467.59,469.69999999995446,228.05,2,2
1759005371.365968,0,0.1595,1.5,2,467.53,469.59999999995443,228.2,2,1
1759005371.3765302,0,0.161,1.5,2,467.41,469.4999999999544,228.35,2,2
1759005371.3864167,0,0.1625,1.5,2,467.33,469.3999999999544,228.45,2,1
1759005371.3968728,0,0.163,1.5,2,467.21,469.29999999995437,228.55,1,2
1759005371.4065754,0,0.1635,1.5,2,467.13,469.19999999995434,228.7,1,2
1759005371.417395,0,0.1645,1.5,2,467.07,469.0999999999543,228.8,2,1
1759005371.4271739,0,0.1645,1.5,2,466.99,468.9999999999543,228.8,2,2
1759005371.4371364,0,0.165,1.5,2,466.87,468.8999999999543,228.9,1,2
1759005371.4473636,0,0.166,1.5,2,466.81,468.79999999995425,228.95,2,2
1759005371.4577198,0,0.1655,1.5,2,466.73,468.69999999995423,229.05,1,1
1759005371.4680367,0,0.165,1.5,2,466.65,468.5999999999542,229.14999999999998,1,1
1759005371.4786565,0,0.1645,1.5,2,466.59,468.4999999999542,229.15,1,0
1759005371.4886413,0,0.165,1.5,2,466.53,468.39999999995416,229.2,2,1
1759005371.4987516,0,0.1655,1.5,2,466.47,468.29999999995414,229.25,1,2
1759005371.5092602,0,0.1655,1.5,2,466.41,468.1999999999541,229.3,2,2
1759005371.5189686,0,0.166,1.5,2,466.27,468.0999999999541,229.4,2,1
1759005371.5296586,0,0.1665,1.5,2,466.27,467.99999999995407,229.55,2,2
1759005371.5396352,0,0.1665,1.5,2,466.27,467.89999999995405,229.7,2,2
1759005371.5495894,0,0.167,1.5,2,466.27,467.799999999954,229.85,2,3
1759005371.5597973,0,0.1655,1.5,2,466.27,467.699999999954,229.95,1,3
1759005371.5692363,0,0.166,1.5,2,466.16,467.599999999954,230.0,1,4
1759005371.5807996,0,0.1675,1.5,2,466.07,467.49999999995396,230.0,2,4
1759005371.5908613,0,0.169,1.5,2,465.98,467.39999999995393,230.05,2,4
1759005371.6007724,0,0.1705,1.5,2,465.89,467.2999999999539,230.14999999999998,2,3
1759005371.611541,0,0.1715,1.5,2,466.01,467.1999999999539,230.25,2,3
1759005371.6215472,0,0.1735,1.5,2,465.92,467.09999999995387,230.35,3,4
1759005371.6315176,0,0.175,1.5,2,465.83,466.99999999995384,230.39999999999998,3,4
1759005371.6421266,0,0.177,1.5,2,465.74,466.8999999999538,230.45,3,4
1759005371.6515317,0,0.179,1.5,2,465.63,466.7999999999538,230.5,2,5
1759005371.6623404,0,0.1795,1.5,2,465.52,466.6999999999538,230.60000000000002,2,3
1759005371.6723578,0,0.1805,1.5,2,465.52,466.59999999995375,230.65,2,4
1759005371.6826503,0,0.181,1.5,2,465.43,466.49999999995373,230.7,2,3
1759005371.6926558,0,0.1815,1.5,2,465.32,466.3999999999537,230.75,3,3
1759005371.7030256,0,0.1815,1.5,2,465.23,466.2999999999537,230.7,2,3
1759005371.713251,0,0.181,1.5,2,465.14,466.19999999995366,230.64999999999998,2,3
1759005371.7232502,0,0.182,1.5,2,465.03,466.09999999995364,230.55,2,2
1759005371.733691,0,0.183,1.5,2,465.15,465.9999999999536,230.45,2,3
1759005371.7440104,0,0.183,1.5,2,464.85,465.8999999999536,230.45,1,3
1759005371.7539434,0,0.184,1.5,2,464.74,465.79999999995357,230.45,2,5
1759005371.7641597,0,0.1845,1.5,2,464.63,465.69999999995355,230.45,2,3
1759005371.7744317,0,0.185,1.5,2,464.54,465.5999999999535,230.45,3,3
1759005371.7845716,0,0.187,1.5,2,464.45,465.4999999999535,230.39999999999998,3,4
1759005371.79509,0,0.1885,1.5,2,464.36,465.3999999999535,230.39999999999998,2,4
1759005371.8047872,0,0.1885,1.5,2,464.25,465.29999999995346,230.35,2,4
1759005371.8153224,0,0.188,1.5,2,464.16,465.19999999995343,230.3,2,2
1759005371.825777,0,0.1885,1.5,2,464.07,465.0999999999534,230.3,2,3
1759005371.835651,0,0.1895,1.5,2,463.98,464.9999999999534,230.3,2,3
1759005371.845893,0,0.1895,1.5,2,463.73,464.89999999995337,230.35,2,3
1759005371.8563018,0,0.1895,1.5,2,463.64,464.79999999995334,230.35,2,2
1759005371.8662024,0,0.1895,1.5,2,463.55,464.6999999999533,230.3,2,2
1759005371.8764412,0,0.19,1.5,2,463.44,464.5999999999533,230.3,2,2
1759005371.8868477,0,0.1915,1.5,2,463.35,464.4999999999533,230.3,2,2
1759005371.8973818,0,0.193,1.5,2,463.26,464.39999999995325,230.35,2,3
1759005371.90736,0,0.194,1.5,2,463.15,464.29999999995323,230.3,3,2
1759005371.9175363,0,0.1945,1.5,2,463.06,464.1999999999532,230.25,2,2
1759005371.9277217,0,0.196,1.5,2,462.95,464.0999999999532,230.25,2,3
1759005371.9377825,0,0.1975,1.5,2,462.72,463.99999999995316,230.3,2,3
1759005371.9477866,0,0.1985,1.5,2,462.78,463.89999999995314,230.35000000000002,2,2
1759005371.9582326,0,0.2,1.5,2,462.67,463.7999999999531,230.55,3,2
1759005371.9689145,0,0.201,1.5,2,462.67,463.6999999999531,230.7,2,3
1759005371.978554,0,0.202,1.5,2,462.58,463.59999999995307,230.85,2,3
1759005371.9891381,0,0.203,1.5,2,462.49,463.49999999995305,230.95,2,3
1759005371.9998202,0,0.2035,1.5,2,462.49,463.399999999953,231.05,2,3
1759005372.0095274,0,0.205,1.5,2,462.38,463.299999999953,231.05,3,3
1759005372.0197983,0,0.2045,1.5,2,462.29,463.199999999953,231.05,2,1
1759005372.03028,0,0.206,1.5,2,462.18,463.09999999995296,231.1,3,3
1759005372.040257,0,0.206,1.5,2,462.09,462.99999999995293,231.20000000000002,2,1
1759005372.0504754,0,0.2065,1.5,2,462.15,462.8999999999529,231.25,2,2
1759005372.0606468,0,0.207,1.5,2,462.06,462.7999999999529,231.25,2,2
1759005372.0708277,0,0.208,1.5,2,461.97,462.69999999995287,231.25,2,2
1759005372.0812368,0,0.2085,1.5,2,461.97,462.59999999995284,231.25,2,1
1759005372.0913813,0,0.208,1.5,2,461.88,462.4999999999528,231.25,2,1
1759005372.10167,0,0.2075,1.5,2,461.77,462.3999999999528,231.15,1,2
1759005372.111537,0,0.207,1.5,2,461.77,462.2999999999528,231.05,2,2
1759005372.1216018,0,0.207,1.5,2,461.68,462.19999999995275,231.0,2,1
1759005372.1323445,0,0.2065,1.5,2,461.59,462.09999999995273,230.95,2,2
1759005372.1426804,0,0.2065,1.5,2,461.59,461.9999999999527,230.85,2,1
1759005372.1527643,0,0.2075,1.5,2,461.5,461.8999999999527,230.75,3,2
1759005372.1626089,0,0.2085,1.5,2,461.39,461.79999999995266,230.7,3,1
1759005372.1725814,0,0.208,1.5,2,461.3,461.69999999995264,230.75,3,1
1759005372.183024,0,0.208,1.5,2,461.21,461.5999999999526,230.8,2,1
1759005372.193424,0,0.2085,1.5,2,461.12,461.4999999999526,230.85,1,1
1759005372.2036335,0,0.2085,1.5,2,461.01,461.39999999995257,230.95,1,2
1759005372.2133665,0,0.209,1.5,2,460.92,461.29999999995255,231.05,1,2
1759005372.2233615,0,0.21,1.5,2,460.83,461.1999999999525,231.05,1,1
1759005372.2334542,0,0.2095,1.5,2,460.68,461.0999999999525,231.05,2,1
1759005372.2439904,0,0.2085,1.5,2,460.59,460.9999999999525,231.0,1,1
1759005372.253694,0,0.208,1.5,2,460.27,460.89999999995246,231.0,2,2
1759005372.2635667,0,0.2085,1.5,2,460.18,460.79999999995243,231.0,2,2
1759005372.2735865,0,0.208,1.5,2,460.07,460.6999999999524,230.95,2,1
1759005372.2843513,0,0.2075,1.5,2,459.98,460.5999999999524,230.8,2,1
1759005372.294852,0,0.207,1.5,2,459.87,460.49999999995237,230.7,1,1
1759005372.3044398,0,0.206,1.5,2,459.78,460.39999999995234,230.6,1,1
1759005372.3144512,0,0.207,1.5,2,459.69,460.2999999999523,230.55,2,2
1759005372.324438,0,0.207,1.5,2,459.6,460.1999999999523,230.45,1,2
1759005372.3353372,0,0.207,1.5,2,459.51,460.0999999999523,230.35000000000002,1,2
1759005372.3454492,0,0.2075,1.5,2,459.17,459.99999999995225,230.3,3,1
1759005372.3557127,0,0.2075,1.5,2,459.25,459.89999999995223,230.2,2,1
1759005372.3656304,0,0.2075,1.5,2,459.14,459.7999999999522,230.1,1,1
1759005372.3760026,0,0.207,1.5,2,459.05,459.6999999999522,230.0,2,1
1759005372.3856468,0,0.207,1.5,2,459.05,459.59999999995216,229.9,2,1
1759005372.3955543,0,0.2065,1.5,2,458.96,459.49999999995214,229.8,2,1
1759005372.4063828,0,0.2075,1.5,2,458.85,459.3999999999521,229.7,3,2
1759005372.4165316,0,0.208,1.5,2,458.76,459.2999999999521,229.55,3,1
1759005372.4265597,0,0.208,1.5,2,458.65,459.19999999995207,229.4,3,0
1759005372.436557,0,0.208,1.5,2,458.56,459.09999999995205,229.3,2,1
1759005372.4465027,0,0.2085,1.5,2,458.47,458.999999999952,229.3,3,2
1759005372.4572446,0,0.2095,1.5,2,458.36,458.899999999952,229.25,3,2
1759005372.4668877,0,0.21,1.5,2,458.27,458.799999999952,229.2,2,3
1759005372.4777043,0,0.2115,1.5,2,458.16,458.69999999995196,229.05,3,2
1759005372.4877474,0,0.2115,1.5,2,458.16,458.59999999995193,228.89999999999998,1,1
1759005372.4975436,0,0.2125,1.5,2,458.07,458.4999999999519,228.8,2,1
1759005372.5080316,0,0.2125,1.5,2,458.07,458.3999999999519,228.75,2,1
1759005372.5180864,0,0.2125,1.5,2,458.07,458.29999999995186,228.75,2,1
1759005372.5284033,0,0.2125,1.5,2,458.07,458.19999999995184,228.7,3,1
1759005372.538738,0,0.2125,1.5,2,458.07,458.0999999999518,228.65,2,1
1759005372.5488586,0,0.2125,1.5,2,457.9,457.9999999999518,228.60000000000002,2,2
1759005372.5589259,0,0.2135,1.5,2,457.73,457.8999999999518,228.6,3,3
1759005372.5685782,0,0.2155,1.5,2,457.64,457.79999999995175,228.6,5,4
1759005372.5790787,0,0.2165,1.5,2,457.47,457.69999999995173,228.60000000000002,4,2
1759005372.5894742,0,0.2165,1.5,2,457.39,457.5999999999517,228.55,3,2
1759005372.5997982,0,0.2165,1.5,2,457.31,457.4999999999517,228.5,3,3
1759005372.6095917,0,0.218,1.5,2,457.23,457.39999999995166,228.45,5,4
1759005372.6195762,0,0.2195,1.5,2,457.32,457.29999999995164,228.4,4,4
1759005372.630221,0,0.221,1.5,2,457.03,457.1999999999516,228.3,4,4
1759005372.6404808,0,0.2215,1.5,2,456.95,457.0999999999516,228.15,4,4
1759005372.65052,0,0.221,1.5,2,456.87,456.99999999995157,228.05,3,3
1759005372.6609223,0,0.2205,1.5,2,456.79,456.89999999995155,228.0,4,2
1759005372.6705592,0,0.2205,1.5,2,456.73,456.7999999999515,228.0,4,3
1759005372.6813467,0,0.2215,1.5,2,456.63,456.6999999999515,227.95,4,3
1759005372.6913087,0,0.2215,1.5,2,456.46,456.5999999999515,227.95,3,3
1759005372.7017667,0,0.2225,1.5,2,456.38,456.49999999995146,227.95,4,3
1759005372.7118952,0,0.222,1.5,2,456.32,456.39999999995143,227.95,3,2
1759005372.722007,0,0.222,1.5,2,456.24,456.2999999999514,228.0,3,2
1759005372.7325149,0,0.222,1.5,2,456.16,456.1999999999514,228.0,3,2
1759005372.7421072,0,0.223,1.5,2,456.1,456.09999999995136,228.05,4,2
1759005372.752394,0,0.2235,1.5,2,455.81,455.99999999995134,228.05,4,2
1759005372.7628725,0,0.2245,1.5,2,455.92,455.8999999999513,228.05,3,3
1759005372.7727633,0,0.224,1.5,2,455.86,455.7999999999513,227.95,4,2
1759005372.7833,0,0.2245,1.5,2,455.8,455.6999999999513,227.85,4,2
1759005372.7937598,0,0.224,1.5,2,455.72,455.59999999995125,227.75,4,1
1759005372.8039114,0,0.2235,1.5,2,455.64,455.4999999999512,227.7,4,2
1759005372.8138175,0,0.2235,1.5,2,455.56,455.3999999999512,227.6,3,3
1759005372.8237312,0,0.2235,1.5,2,455.5,455.2999999999512,227.6,2,4
1759005372.833741,0,0.225,1.5,2,455.42,455.19999999995116,227.55,4,3
1759005372.844179,0,0.2255,1.5,2,455.34,455.09999999995114,227.5,4,2
1759005372.854344,0,0.227,1.5,2,455.26,454.9999999999511,227.4,4,4
1759005372.8645954,0,0.228,1.5,2,455.26,454.8999999999511,227.2,4,3
1759005372.874562,0,0.2295,1.5,2,455.18,454.79999999995107,227.05,4,3
1759005372.8851702,0,0.231,1.5,2,455.1,454.69999999995105,226.95,4,3
1759005372.8954816,0,0.23299999999999998,1.5,2,455.04,454.599999999951,226.85,5,3
1759005372.9053495,0,0.2345,1.5,2,454.96,454.499999999951,226.75,4,3
1759005372.9158769,0,0.236,1.5,2,454.88,454.399999999951,226.60000000000002,4,4
1759005372.9258687,0,0.2375,1.5,2,454.78,454.29999999995096,226.55,4,4
1759005372.936303,0,0.239,1.5,2,454.7,454.19999999995093,226.5,3,4
1759005372.94664,0,0.24,1.5,2,454.64,454.0999999999509,226.45,3,4
1759005372.9568396,0,0.241,1.5,2,454.56,453.9999999999509,226.4,3,4
1759005372.9673212,0,0.241,1.5,2,454.33,453.89999999995086,226.39999999999998,2,2
1759005372.9769416,0,0.2415,1.5,2,454.27,453.79999999995084,226.35,4,2
1759005372.9868083,0,0.2425,1.5,2,454.1,453.6999999999508,226.35,4,3
1759005372.9972312,0,0.2425,1.5,2,454.02,453.5999999999508,226.3,3,2
1759005373.0077984,0,0.243,1.5,2,453.94,453.4999999999508,226.2,4,2
1759005373.017801,0,0.2435,1.5,2,453.77,453.39999999995075,226.15,3,3
1759005373.0277855,0,0.244,1.5,2,453.71,453.2999999999507,226.1,4,3
1759005373.0381403,0,0.245,1.5,2,453.63,453.1999999999507,226.05,3,2
1759005373.0485485,0,0.245,1.5,2,453.55,453.0999999999507,225.95,4,2
1759005373.058562,0,0.247,1.5,2,453.45,452.99999999995066,225.85,4,3
1759005373.0688872,0,0.248,1.5,2,453.22,452.89999999995064,225.75,4,2
1759005373.0785754,0,0.2495,1.5,2,453.14,452.7999999999506,225.7,4,3
1759005373.0892017,0,0.25,1.5,2,453.06,452.6999999999506,225.75,3,2
1759005373.0993643,0,0.252,1.5,2,452.89,452.59999999995057,225.8,5,2
1759005373.109656,0,0.2535,1.5,2,452.81,452.49999999995055,225.75,4,2
1759005373.1196983,0,0.2555,1.5,2,452.75,452.3999999999505,225.75,4,3
1759005373.1295557,0,0.2565,1.5,2,452.58,452.2999999999505,225.75,3,3
1759005373.1403403,0,0.258,1.5,2,452.5,452.1999999999505,225.8,3,3
1759005373.1502779,0,0.2595,1.5,2,452.42,452.09999999995046,225.8,4,3
1759005373.1606677,0,0.262,1.5,2,452.23,451.99999999995043,225.85,5,3
1759005373.1707625,0,0.2635,1.5,2,452.11,451.8999999999504,225.89999999999998,5,3
1759005373.180599,0,0.265,1.5,2,452.05,451.7999999999504,225.85,4,3
1759005373.1903937,0,0.2655,1.5,2,451.97,451.69999999995036,225.75,4,1
1759005373.1998847,0,0.267,1.5,2,451.89,451.59999999995034,225.7,4,2
1759005373.2099876,0,0.2685,1.5,2,451.81,451.4999999999503,225.64999999999998,3,2
1759005373.220971,0,0.2695,1.5,2,451.75,451.3999999999503,225.6,4,1
1759005373.2314355,0,0.2705,1.5,2,451.63,451.2999999999503,225.45,4,1
1759005373.241643,0,0.2725,1.5,2,451.55,451.19999999995025,225.39999999999998,4,2
1759005373.2517211,0,0.2735,1.5,2,451.53,451.0999999999502,225.35,3,2
1759005373.2615745,0,0.276,1.5,2,451.62,450.9999999999502,225.39999999999998,5,2
1759005373.2724583,0,0.27749999999999997,1.5,2,451.54,450.8999999999502,225.4,4,3
1759005373.2826827,0,0.27899999999999997,1.5,2,451.46,450.79999999995016,225.4,5,2
1759005373.2926714,0,0.28099999999999997,1.5,2,451.4,450.69999999995014,225.35,4,3
1759005373.3031054,0,0.283,1.5,2,451.32,450.5999999999501,225.45,4,3
1759005373.3130467,0,0.2845,1.5,2,451.26,450.4999999999501,225.5,3,2
1759005373.3232348,0,0.287,1.5,2,451.18,450.39999999995007,225.55,4,3
1759005373.333508,0,0.288,1.5,2,451.1,450.29999999995005,225.55,4,2
1759005373.34374,0,0.2895,1.5,2,451,450.19999999995,225.55,4,2
1759005373.3538282,0,0.2905,1.5,2,450.92,450.09999999995,225.55,4,1
1759005373.364388,0,0.291,1.5,2,450.84,449.99999999995,225.55,3,2
1759005373.3741727,0,0.291,1.5,2,450.59,449.89999999994996,225.60000000000002,2,1
1759005373.3842695,0,0.293,1.5,2,450.53,449.79999999994993,225.7,3,3
1759005373.394661,0,0.2945,1.5,2,450.45,449.6999999999499,225.85,3,3
1759005373.4046636,0,0.296,1.5,2,450.28,449.5999999999499,225.95,4,2
1759005373.414741,0,0.297,1.5,2,450.2,449.49999999994986,225.89999999999998,3,2
1759005373.4255607,0,0.297,1.5,2,450.14,449.39999999994984,225.85,3,2
1759005373.4353015,0,0.298,1.5,2,450.06,449.2999999999498,225.85,3,3
1759005373.445849,0,0.3,1.5,2,450,449.1999999999498,225.85,4,3
1759005373.4553785,0,0.302,1.5,2,449.92,449.0999999999498,225.85,4,3
1759005373.465662,0,0.3025,1.5,2,449.84,448.99999999994975,225.8,2,4
1759005373.4758348,0,0.303,1.5,2,449.78,448.8999999999497,225.64999999999998,3,3
1759005373.4862986,0,0.3025,1.5,2,449.7,448.7999999999497,225.60000000000002,3,1
1759005373.4966805,0,0.303,1.5,2,449.64,448.6999999999497,225.7,5,1
1759005373.5065486,0,0.306,1.5,2,449.47,448.59999999994966,225.85,5,3
1759005373.516656,0,0.307,1.5,2,449.35,448.49999999994964,225.95,4,1
1759005373.5270667,0,0.3085,1.5,2,449.18,448.3999999999496,225.85000000000002,4,2
1759005373.5373456,0,0.31,1.5,2,449.01,448.2999999999496,225.65,4,2
1759005373.5475562,0,0.311,1.5,2,448.84,448.19999999994957,225.60000000000002,4,2
1759005373.557344,0,0.312,1.5,2,448.69,448.09999999994955,225.60000000000002,3,2
1759005373.5674684,0,0.3135,1.5,2,448.5,447.9999999999495,225.60000000000002,4,3
1759005373.5778227,0,0.3145,1.5,2,448.39,447.8999999999495,225.55,4,4
1759005373.5878215,0,0.3135,1.5,2,448.37,447.7999999999495,225.5,3,4
1759005373.597786,0,0.3145,1.5,2,448.18,447.69999999994945,225.5,4,4
1759005373.6079314,0,0.3155,1.5,2,448.01,447.59999999994943,225.55,4,3
1759005373.618848,0,0.3165,1.5,2,447.82,447.4999999999494,225.55,5,3
1759005373.6288753,0,0.316,1.5,2,447.63,447.3999999999494,225.55,4,4
1759005373.6388524,0,0.3175,1.5,2,447.27,447.29999999994936,225.55,6,5
1759005373.6484687,0,0.3175,1.5,2,447.08,447.19999999994934,225.65,5,3
1759005373.6591015,0,0.3175,1.5,2,446.89,447.0999999999493,225.75,5,3
1759005373.6688387,0,0.318,1.5,2,446.7,446.9999999999493,225.85,4,3
1759005373.6790333,0,0.319,1.5,2,446.78,446.8999999999493,225.8,4,4
1759005373.688683,0,0.3195,1.5,2,446.67,446.79999999994925,225.75,4,4
1759005373.6992433,0,0.3205,1.5,2,446.52,446.6999999999492,225.60000000000002,5,4
1759005373.7094195,0,0.3215,1.5,2,446.33,446.5999999999492,225.5,4,4
1759005373.719969,0,0.3215,1.5,2,446.14,446.4999999999492,225.45,4,3
1759005373.730124,0,0.3225,1.5,2,445.95,446.39999999994916,225.4,4,3
1759005373.739718,0,0.3235,1.5,2,445.76,446.29999999994914,225.39999999999998,5,2
1759005373.750486,0,0.3245,1.5,2,445.57,446.1999999999491,225.4,5,2
1759005373.7606375,0,0.3255,1.5,2,445.38,446.0999999999491,225.35000000000002,6,2
1759005373.7706811,0,0.326,1.5,2,445.19,445.99999999994907,225.3,4,3
1759005373.7809086,0,0.327,1.5,2,445.08,445.89999999994905,225.20000000000002,5,3
1759005373.7907822,0,0.327,1.5,2,444.89,445.799999999949,225.25,4,2
1759005373.8010767,0,0.328,1.5,2,444.7,445.699999999949,225.3,5,3
1759005373.811425,0,0.33,1.5,2,444.51,445.599999999949,225.35,5,4
1759005373.8215966,0,0.3305,1.5,2,444.32,445.49999999994895,225.35,4,3
1759005373.8319335,0,0.331,1.5,2,444.21,445.39999999994893,225.35,4,3
1759005373.841954,0,0.332,1.5,2,444.02,445.2999999999489,225.3,5,3
1759005373.8527346,0,0.332,1.5,2,443.83,445.1999999999489,225.25,4,3
1759005373.8624,0,0.3325,1.5,2,443.64,445.09999999994886,225.2,4,3
1759005373.8729937,0,0.332,1.5,2,443.45,444.99999999994884,225.25,4,3
1759005373.8826613,0,0.3325,1.5,2,443.09,444.8999999999488,225.3,4,4
1759005373.8931708,0,0.3325,1.5,2,442.9,444.7999999999488,225.35,4,3
1759005373.9034102,0,0.3325,1.5,2,442.71,444.6999999999488,225.35,4,3
1759005373.9137363,0,0.3315,1.5,2,442.52,444.59999999994875,225.35,4,2
1759005373.9242132,0,0.331,1.5,2,442.41,444.4999999999487,225.4,4,2
1759005373.9340081,0,0.3305,1.5,2,442.22,444.3999999999487,225.45,4,3
1759005373.943657,0,0.33,1.5,2,442.07,444.2999999999487,225.45,4,3
1759005373.9547064,0,0.3305,1.5,2,441.96,444.19999999994866,225.5,4,4
1759005373.9645352,0,0.331,1.5,2,441.77,444.09999999994864,225.54999999999998,4,4
1759005373.9750483,0,0.331,1.5,2,441.58,443.9999999999486,225.6,4,3
1759005373.9850264,0,0.333,1.5,2,441.66,443.8999999999486,225.5,4,4
1759005373.9955792,0,0.334,1.5,2,441.47,443.79999999994857,225.3,5,3
1759005374.005453,0,0.3345,1.5,2,441.28,443.69999999994855,225.10000000000002,5,3
1759005374.0158637,0,0.336,1.5,2,441.17,443.5999999999485,224.95,4,4
1759005374.0259995,0,0.337,1.5,2,440.98,443.4999999999485,225.0,5,3
1759005374.0359604,0,0.338,1.5,2,440.79,443.3999999999485,225.0,5,3
1759005374.0465496,0,0.338,1.5,2,440.6,443.29999999994845,225.05,5,2
1759005374.0564404,0,0.3395,1.5,2,440.41,443.19999999994843,225.1,5,3
1759005374.0664947,0,0.34099999999999997,1.5,2,440.32,443.0999999999484,225.14999999999998,5,4
1759005374.0764656,0,0.34149999999999997,1.5,2,440.15,442.9999999999484,225.2,4,4
1759005374.087377,0,0.34299999999999997,1.5,2,439.96,442.89999999994836,225.25,4,5
1759005374.096719,0,0.34249999999999997,1.5,2,439.77,442.79999999994834,225.25,3,3
1759005374.1075063,0,0.34299999999999997,1.5,2,439.66,442.6999999999483,225.14999999999998,3,3
1759005374.1177292,0,0.34349999999999997,1.5,2,439.47,442.5999999999483,225.05,4,4
1759005374.1276174,0,0.3445,1.5,2,439.28,442.4999999999483,224.95,4,4
1759005374.1380296,0,0.3455,1.5,2,439.09,442.39999999994825,224.9,5,4
1759005374.1476762,0,0.347,1.5,2,438.9,442.2999999999482,224.85000000000002,5,4
1759005374.1577542,0,0.347,1.5,2,438.71,442.1999999999482,224.75,3,3
1759005374.1678038,0,0.347,1.5,2,438.52,442.0999999999482,224.64999999999998,4,3
1759005374.1777298,0,0.3475,1.5,2,438.35,441.99999999994816,224.55,5,4
1759005374.1883118,0,0.3475,1.5,2,438.26,441.89999999994814,224.45,4,4
1759005374.1979396,0,0.348,1.5,2,438.07,441.7999999999481,224.45,4,4
1759005374.2086692,0,0.349,1.5,2,437.88,441.6999999999481,224.45,4,3
1759005374.218455,0,0.35,1.5,2,437.69,441.59999999994807,224.45,5,3
1759005374.2289295,0,0.3505,1.5,2,437.5,441.49999999994805,224.45,4,2
1759005374.2395716,0,0.351,1.5,2,437.31,441.399999999948,224.45,4,2
1759005374.249476,0,0.3515,1.5,2,437.16,441.299999999948,224.45,4,2
1759005374.2591846,0,0.3525,1.5,2,436.97,441.199999999948,224.45,5,3
1759005374.269639,0,0.354,1.5,2,436.78,441.09999999994795,224.45,5,3
1759005374.2796502,0,0.3545,1.5,2,436.42,440.99999999994793,224.4,4,4
1759005374.2897441,0,0.355,1.5,2,436.59,440.8999999999479,224.4,4,4
1759005374.3003109,0,0.355,1.5,2,436.4,440.7999999999479,224.4,4,3
1759005374.3097808,0,0.3545,1.5,2,436.21,440.69999999994786,224.45,4,2
1759005374.3203104,0,0.3555,1.5,2,436.02,440.59999999994784,224.4,5,4
1759005374.3306444,0,0.3565,1.5,2,435.91,440.4999999999478,224.35000000000002,3,4
1759005374.3406157,0,0.3565,1.5,2,435.72,440.3999999999478,224.3,3,4
1759005374.3508277,0,0.3575,1.5,2,435.53,440.2999999999478,224.2,5,3
1759005374.3607345,0,0.3585,1.5,2,435.36,440.19999999994775,224.15,5,3
1759005374.37094,0,0.3595,1.5,2,435.17,440.0999999999477,224.15,5,2
1759005374.381174,0,0.36,1.5,2,434.98,439.9999999999477,224.14999999999998,3,3
1759005374.3918118,0,0.3625,1.5,2,434.79,439.8999999999477,224.14999999999998,4,4
1759005374.4015076,0,0.3625,1.5,2,434.6,439.79999999994766,224.1,4,2
1759005374.4117942,0,0.364,1.5,2,434.41,439.69999999994764,224.0,5,4
1759005374.4223702,0,0.3645,1.5,2,434.22,439.5999999999476,223.89999999999998,4,3
1759005374.4325383,0,0.366,1.5,2,434.03,439.4999999999476,223.9,3,5
1759005374.4424655,0,0.3675,1.5,2,433.84,439.39999999994757,223.95,4,4
1759005374.452458,0,0.369,1.5,2,433.65,439.29999999994754,224.0,5,4
1759005374.4624963,0,0.3695,1.5,2,433.46,439.1999999999475,224.0,5,3
1759005374.4728625,0,0.3695,1.5,2,433.27,439.0999999999475,224.0,4,3
1759005374.4834843,0,0.3705,1.5,2,433.08,438.9999999999475,224.0,5,3
1759005374.4939907,0,0.372,1.5,2,432.89,438.89999999994745,224.1,6,3
1759005374.5037906,0,0.3735,1.5,2,432.7,438.79999999994743,224.05,4,3
1759005374.51349,0,0.3745,1.5,2,432.51,438.6999999999474,223.95,5,3
1759005374.524476,0,0.3745,1.5,2,432.32,438.5999999999474,223.85,4,4
1759005374.5347357,0,0.375,1.5,2,432.17,438.49999999994736,223.85,3,3
1759005374.5444202,0,0.3745,1.5,2,431.98,438.39999999994734,224.0,3,2
1759005374.5548792,0,0.3755,1.5,2,431.79,438.2999999999473,224.15,4,4
1759005374.5648956,0,0.3755,1.5,2,431.6,438.1999999999473,224.2,3,3
1759005374.5756714,0,0.377,1.5,2,431.49,438.0999999999473,224.2,5,3
1759005374.5853262,0,0.377,1.5,2,431.59,437.99999999994725,224.25,4,3
1759005374.5959997,0,0.377,1.5,2,431.51,437.8999999999472,224.25,4,4
1759005374.6062813,0,0.377,1.5,2,431.23,437.7999999999472,224.25,4,3
1759005374.6158137,0,0.377,1.5,2,431.23,437.6999999999472,224.2,4,4
1759005374.626424,0,0.3775,1.5,2,431.23,437.59999999994716,224.25,4,4
1759005374.6368032,0,0.376,1.5,2,431.23,437.49999999994714,224.3,3,2
1759005374.6466293,0,0.376,1.5,2,431.42,437.3999999999471,224.35,4,4
1759005374.6574438,0,0.374,1.5,2,431.39,437.2999999999471,224.39999999999998,4,3
1759005374.6667898,0,0.373,1.5,2,431.36,437.19999999994707,224.35000000000002,2,4
1759005374.6772075,0,0.373,1.5,2,431.36,437.09999999994704,224.3,4,4
1759005374.6874115,0,0.374,1.5,2,431.36,436.999999999947,224.25,4,5
1759005374.697661,0,0.3745,1.5,2,431.06,436.899999999947,224.3,4,5
1759005374.7075772,0,0.375,1.5,2,430.95,436.799999999947,224.3,5,4
1759005374.717903,0,0.375,1.5,2,430.95,436.69999999994695,224.39999999999998,4,5
1759005374.7282562,0,0.375,1.5,2,430.95,436.59999999994693,224.45,4,4
1759005374.7387307,0,0.3755,1.5,2,430.92,436.4999999999469,224.5,3,5
1759005374.7488322,0,0.3765,1.5,2,430.92,436.3999999999469,224.55,4,5
1759005374.7584925,0,0.377,1.5,2,430.89,436.29999999994686,224.55,4,4
1759005374.7686043,0,0.3775,1.5,2,430.86,436.19999999994684,224.55,4,4
1759005374.778846,0,0.3785,1.5,2,430.83,436.0999999999468,224.55,5,5
1759005374.7889915,0,0.3795,1.5,2,430.83,435.9999999999468,224.6,4,5
1759005374.799425,0,0.3795,1.5,2,430.55,435.8999999999468,224.75,4,4
1759005374.809549,0,0.381,1.5,2,430.55,435.79999999994675,224.8,5,4
1759005374.8196971,0,0.381,1.5,2,430.55,435.6999999999467,224.85000000000002,4,4
1759005374.829773,0,0.38,1.5,2,430.55,435.5999999999467,224.85,3,4
1759005374.8400693,0,0.3805,1.5,2,430.52,435.4999999999467,224.85,3,5
1759005374.849794,0,0.381,1.5,2,430.41,435.39999999994666,224.85,3,5
1759005374.8600893,0,0.3815,1.5,2,430.41,435.29999999994664,224.85,4,5
1759005374.8702524,0,0.382,1.5,2,430.41,435.1999999999466,224.95,3,5
1759005374.8800566,0,0.3815,1.5,2,430.41,435.0999999999466,225.05,3,3
1759005374.8905163,0,0.381,1.5,2,430.41,434.99999999994657,225.05,3,3
1759005374.9006174,0,0.381,1.5,2,430.58,434.89999999994654,225.05,4,4
1759005374.910721,0,0.382,1.5,2,430.58,434.7999999999465,225.0,4,5
1759005374.9206743,0,0.3825,1.5,2,430.58,434.6999999999465,225.05,4,4
1759005374.930592,0,0.3835,1.5,2,430.58,434.5999999999465,225.15,5,3
1759005374.9409475,0,0.384,1.5,2,430.5,434.49999999994645,225.2,3,4
1759005374.9514427,0,0.3845,1.5,2,430.5,434.39999999994643,225.25,3,5
1759005374.9617794,0,0.385,1.5,2,430.5,434.2999999999464,225.25,4,4
1759005374.9714699,0,0.3845,1.5,2,430.39,434.1999999999464,225.25,3,4
1759005374.9820395,0,0.3835,1.5,2,430.36,434.09999999994636,225.2,2,4
1759005374.991824,0,0.384,1.5,2,430.33,433.99999999994634,225.10000000000002,4,4
1759005375.002145,0,0.383,1.5,2,430.25,433.8999999999463,225.10000000000002,3,3
1759005375.0126863,0,0.383,1.5,2,430.25,433.7999999999463,225.2,4,4
1759005375.022413,0,0.3825,1.5,2,430.25,433.6999999999463,225.3,4,3
1759005375.0330176,0,0.382,1.5,2,430.17,433.59999999994625,225.35000000000002,4,3
1759005375.0431378,0,0.3815,1.5,2,430.17,433.4999999999462,225.3,3,4
1759005375.0532944,0,0.3805,1.5,2,430.17,433.3999999999462,225.25,3,3
1759005375.063677,0,0.3805,1.5,2,430.17,433.2999999999462,225.15,4,3
1759005375.073482,0,0.3805,1.5,2,430.14,433.19999999994616,225.05,4,4
1759005375.0835216,0,0.38,1.5,2,430.06,433.09999999994614,225.0,4,4
1759005375.0942552,0,0.3795,1.5,2,430.25,432.9999999999461,224.9,3,4
1759005375.1038842,0,0.3795,1.5,2,430.25,432.8999999999461,224.8,4,5
1759005375.1137888,0,0.381,1.5,2,430.25,432.79999999994607,224.7,5,4
1759005375.1246784,0,0.382,1.5,2,430.17,432.69999999994604,224.7,4,4
1759005375.13461,0,0.382,1.5,2,430.17,432.599999999946,224.7,4,4
1759005375.1451442,0,0.382,1.5,2,430.1,432.499999999946,224.75,4,4
1759005375.1547031,0,0.381,1.5,2,430.1,432.399999999946,224.75,3,4
1759005375.1651182,0,0.381,1.5,2,430.1,432.29999999994595,224.75,4,5
1759005375.1755335,0,0.3815,1.5,2,430.1,432.19999999994593,224.75,3,4
1759005375.1855652,0,0.3825,1.5,2,430.1,432.0999999999459,224.75,4,5
1759005375.1958735,0,0.381,1.5,2,430.1,431.9999999999459,224.8,3,3
1759005375.2056682,0,0.3805,1.5,2,429.83,431.89999999994586,224.89999999999998,3,4
1759005375.2164805,0,0.3805,1.5,2,429.83,431.79999999994584,225.0,4,4
1759005375.2266133,0,0.381,1.5,2,429.83,431.6999999999458,225.05,4,4
1759005375.236688,0,0.3815,1.5,2,429.8,431.5999999999458,225.1,4,5
1759005375.247115,0,0.3815,1.5,2,429.8,431.49999999994577,225.1,3,3
1759005375.2569792,0,0.382,1.5,2,429.8,431.39999999994575,225.10000000000002,4,3
1759005375.2667098,0,0.3835,1.5,2,429.8,431.2999999999457,225.05,4,5
1759005375.277032,0,0.3835,1.5,2,429.77,431.1999999999457,224.95,4,4
1759005375.2873452,0,0.383,1.5,2,429.77,431.0999999999457,224.95,4,3
1759005375.2979019,0,0.3825,1.5,2,429.77,430.99999999994566,225.0,3,4
1759005375.307526,0,0.3825,1.5,2,429.6,430.89999999994563,225.05,4,4
1759005375.318302,0,0.3835,1.5,2,429.57,430.7999999999456,225.05,5,4
1759005375.328196,0,0.384,1.5,2,429.57,430.6999999999456,225.0,4,3
1759005375.338608,0,0.383,1.5,2,429.54,430.59999999994557,224.95,4,3
1759005375.3488123,0,0.384,1.5,2,429.46,430.49999999994554,224.9,5,4
1759005375.3587043,0,0.3845,1.5,2,429.46,430.3999999999455,224.9,5,3
1759005375.3688643,0,0.3845,1.5,2,429.43,430.2999999999455,224.95,5,3
1759005375.3791306,0,0.3845,1.5,2,429.43,430.1999999999455,225.05,5,3
1759005375.3892121,0,0.385,1.5,2,429.43,430.09999999994545,225.10000000000002,4,4
1759005375.399423,0,0.386,1.5,2,429.43,429.99999999994543,225.15,5,3
1759005375.4095373,0,0.3865,1.5,2,429.58,429.8999999999454,225.2,5,4
1759005375.4195757,0,0.3875,1.5,2,429.58,429.7999999999454,225.2,4,4
1759005375.4292736,0,0.3865,1.5,2,429.55,429.69999999994536,225.2,4,3
1759005375.4394705,0,0.3865,1.5,2,429.52,429.59999999994534,225.15,4,3
1759005375.4492934,0,0.386,1.5,2,429.49,429.4999999999453,225.15,4,3
1759005375.4596565,0,0.386,1.5,2,429.46,429.3999999999453,225.2,4,4
1759005375.470133,0,0.3845,1.5,2,429.46,429.29999999994527,225.25,3,3
1759005375.4805658,0,0.3845,1.5,2,429.46,429.19999999994525,225.35000000000002,4,4
1759005375.4904983,0,0.385,1.5,2,429.46,429.0999999999452,225.45,4,4
1759005375.5012243,0,0.385,1.5,2,429.43,428.9999999999452,225.5,4,4
1759005375.5112433,0,0.385,1.5,2,429.4,428.8999999999452,225.5,5,4
1759005375.521735,0,0.386,1.5,2,429.37,428.79999999994516,225.55,5,4
1759005375.5319574,0,0.3855,1.5,2,429.34,428.69999999994513,225.6,4,3
1759005375.5417948,0,0.385,1.5,2,429.31,428.5999999999451,225.6,4,3
1759005375.5516129,0,0.386,1.5,2,429.31,428.4999999999451,225.55,4,4
1759005375.562394,0,0.3875,1.5,2,429.31,428.39999999994507,225.55,4,4
1759005375.5726786,0,0.387,1.5,2,429.31,428.29999999994504,225.6,4,3
1759005375.5826805,0,0.3875,1.5,2,429.31,428.199999999945,225.64999999999998,3,4
1759005375.5926878,0,0.3865,1.5,2,429.21,428.099999999945,225.64999999999998,3,3
1759005375.6025019,0,0.3855,1.5,2,429.02,427.999999999945,225.6,3,2
1759005375.6125777,0,0.3855,1.5,2,428.84,427.89999999994495,225.64999999999998,4,4
1759005375.6226034,0,0.3855,1.5,2,428.74,427.79999999994493,225.7,3,4
1759005375.6327186,0,0.3865,1.5,2,428.67,427.6999999999449,225.75,4,6
1759005375.6433754,0,0.386,1.5,2,428.49,427.5999999999449,225.7,2,5
1759005375.6535175,0,0.3875,1.5,2,428.31,427.49999999994486,225.7,3,5
1759005375.6635642,0,0.388,1.5,2,427.94,427.39999999994484,225.7,4,5
1759005375.6737552,0,0.3885,1.5,2,427.79,427.2999999999448,225.7,3,5
1759005375.684012,0,0.3895,1.5,2,427.82,427.1999999999448,225.7,2,6
1759005375.694348,0,0.3905,1.5,2,427.64,427.09999999994477,225.65,3,7
1759005375.7045324,0,0.39,1.5,2,427.46,426.99999999994475,225.60000000000002,3,5
1759005375.7144403,0,0.389,1.5,2,427.31,426.8999999999447,225.55,2,5
1759005375.7244327,0,0.388,1.5,2,427.25,426.7999999999447,225.55,2,5
1759005375.7349184,0,0.388,1.5,2,427.07,426.6999999999447,225.55,3,6
1759005375.7448063,0,0.3885,1.5,2,426.98,426.59999999994466,225.55,4,5
1759005375.755343,0,0.389,1.5,2,426.92,426.49999999994463,225.55,3,6
1759005375.7653675,0,0.3885,1.5,2,426.74,426.3999999999446,225.6,3,5
1759005375.7753892,0,0.389,1.5,2,426.59,426.2999999999446,225.6,4,5
1759005375.7854607,0,0.389,1.5,2,426.44,426.19999999994457,225.5,4,4
1759005375.795597,0,0.388,1.5,2,426.29,426.09999999994454,225.35,4,4
1759005375.8057785,0,0.3875,1.5,2,426.11,425.9999999999445,225.25,3,5
1759005375.8159626,0,0.3875,1.5,2,426.07,425.8999999999445,225.15,3,5
1759005375.825738,0,0.387,1.5,2,425.98,425.7999999999445,225.05,3,5
1759005375.8357735,0,0.387,1.5,2,425.8,425.69999999994445,224.89999999999998,3,5
1759005375.8456116,0,0.3885,1.5,2,425.62,425.59999999994443,224.85,5,5
1759005375.8561654,0,0.3895,1.5,2,425.56,425.4999999999444,224.85,5,5
1759005375.8667483,0,0.389,1.5,2,425.41,425.3999999999444,224.85,3,4
1759005375.8770308,0,0.3885,1.5,2,425.23,425.29999999994436,224.89999999999998,3,5
1759005375.8867843,0,0.3885,1.5,2,425.05,425.19999999994434,224.85,3,5
1759005375.8967566,0,0.3885,1.5,2,424.87,425.0999999999443,224.8,2,4
1759005375.906821,0,0.389,1.5,2,424.69,424.9999999999443,224.8,3,4
1759005375.9173696,0,0.389,1.5,2,424.52,424.89999999994427,224.85,3,5
1759005375.9273682,0,0.389,1.5,2,424.34,424.79999999994425,224.9,4,5
1759005375.9376953,0,0.389,1.5,2,424.16,424.6999999999442,224.9,3,5
1759005375.9474113,0,0.389,1.5,2,423.98,424.5999999999442,224.8,4,4
1759005375.957869,0,0.3895,1.5,2,423.8,424.4999999999442,224.75,4,4
1759005375.9678917,0,0.3895,1.5,2,423.62,424.39999999994416,224.7,3,5
1759005375.977884,0,0.39,1.5,2,423.44,424.29999999994413,224.75,3,6
1759005375.9878075,0,0.39,1.5,2,423.29,424.1999999999441,224.75,3,4
1759005375.9985578,0,0.3905,1.5,2,423.14,424.0999999999441,224.85,2,5
1759005376.0087645,0,0.391,1.5,2,422.99,423.99999999994407,225.0,4,5
1759005376.018498,0,0.392,1.5,2,422.8,423.89999999994404,225.1,4,4
1759005376.0290272,0,0.392,1.5,2,422.62,423.799999999944,225.10000000000002,4,4
1759005376.0390832,0,0.392,1.5,2,422.53,423.699999999944,225.05,3,4
1759005376.0495667,0,0.392,1.5,2,422.35,423.599999999944,225.0,3,4
1759005376.0592973,0,0.392,1.5,2,422.17,423.49999999994395,225.05,3,4
1759005376.0695188,0,0.3935,1.5,2,421.99,423.39999999994393,225.15,4,5
1759005376.0798364,0,0.394,1.5,2,421.81,423.2999999999439,225.35,3,5
1759005376.089595,0,0.394,1.5,2,421.66,423.1999999999439,225.55,4,4
1759005376.100163,0,0.3935,1.5,2,421.48,423.09999999994386,225.65,3,4
1759005376.110261,0,0.393,1.5,2,421.29,422.99999999994384,225.7,2,4
1759005376.1198156,0,0.393,1.5,2,421.11,422.8999999999438,225.75,4,5
1759005376.1301572,0,0.3925,1.5,2,420.93,422.7999999999438,225.85,2,6
1759005376.1403966,0,0.393,1.5,2,420.8,422.69999999994377,225.89999999999998,3,6
1759005376.1503975,0,0.3925,1.5,2,420.73,422.59999999994375,225.95,3,4
1759005376.1606743,0,0.392,1.5,2,420.62,422.4999999999437,225.95,3,4
1759005376.1712663,0,0.3925,1.5,2,420.44,422.3999999999437,226.0,3,5
1759005376.18116,0,0.3925,1.5,2,420.35,422.2999999999437,226.0,4,5
1759005376.191178,0,0.3935,1.5,2,420.17,422.19999999994366,226.05,3,6
1759005376.2013419,0,0.3925,1.5,2,419.99,422.09999999994363,226.05,2,5
1759005376.211382,0,0.394,1.5,2,419.81,421.9999999999436,226.05,4,5
1759005376.2214098,0,0.394,1.5,2,419.81,421.8999999999436,226.0,2,5
1759005376.2319202,0,0.394,1.5,2,419.63,421.79999999994357,225.89999999999998,3,5
1759005376.2414138,0,0.3935,1.5,2,419.45,421.69999999994354,225.8,3,4
1759005376.2518897,0,0.393,1.5,2,419.3,421.5999999999435,225.64999999999998,4,4
1759005376.2627192,0,0.3945,1.5,2,419.21,421.4999999999435,225.55,4,5
1759005376.2722192,0,0.3945,1.5,2,419.03,421.3999999999435,225.5,3,4
1759005376.2823331,0,0.394,1.5,2,418.85,421.29999999994345,225.55,4,4
1759005376.2928343,0,0.394,1.5,2,418.7,421.19999999994343,225.7,3,5
1759005376.3031828,0,0.395,1.5,2,418.52,421.0999999999434,225.7,4,5
1759005376.3126292,0,0.3955,1.5,2,418.34,420.9999999999434,225.7,3,5
1759005376.3230934,0,0.3955,1.5,2,417.97,420.89999999994336,225.65,3,5
1759005376.332589,0,0.3945,1.5,2,417.82,420.79999999994334,225.65,2,5
1759005376.3432586,0,0.395,1.5,2,417.69,420.6999999999433,225.65,3,5
1759005376.3531685,0,0.396,1.5,2,417.54,420.5999999999433,225.64999999999998,4,5
1759005376.3635304,0,0.3955,1.5,2,417.36,420.49999999994327,225.64999999999998,3,5
1759005376.3736458,0,0.3965,1.5,2,417.18,420.39999999994325,225.60000000000002,4,6
1759005376.3837466,0,0.397,1.5,2,417.03,420.2999999999432,225.60000000000002,4,5
1759005376.3938053,0,0.397,1.5,2,416.85,420.1999999999432,225.55,3,5
1759005376.403594,0,0.396,1.5,2,416.67,420.0999999999432,225.45,2,4
1759005376.4135983,0,0.3965,1.5,2,416.75,419.99999999994316,225.25,4,5
1759005376.4246023,0,0.3965,1.5,2,416.42,419.89999999994313,225.05,4,5
1759005376.4343228,0,0.396,1.5,2,416.24,419.7999999999431,224.95,3,4
1759005376.4447758,0,0.396,1.5,2,416.18,419.6999999999431,224.85,2,5
1759005376.4547927,0,0.397,1.5,2,416.03,419.59999999994307,224.85,4,5
1759005376.464759,0,0.3985,1.5,2,415.88,419.49999999994304,224.89999999999998,4,6
1759005376.4749086,0,0.398,1.5,2,415.73,419.399999999943,224.89999999999998,2,5
1759005376.484672,0,0.399,1.5,2,415.55,419.299999999943,224.85,3,5
1759005376.4951062,0,0.399,1.5,2,415.37,419.199999999943,224.75,4,4
1759005376.5047016,0,0.399,1.5,2,415.28,419.09999999994295,224.7,3,5
1759005376.515257,0,0.3985,1.5,2,415.22,418.99999999994293,224.65,3,4
1759005376.52536,0,0.398,1.5,2,415.07,418.8999999999429,224.65,4,4
1759005376.5355692,0,0.397,1.5,2,414.92,418.7999999999429,224.7,3,4
1759005376.5461571,0,0.3975,1.5,2,414.77,418.69999999994286,224.7,4,4
1759005376.5557365,0,0.3975,1.5,2,414.62,418.59999999994284,224.64999999999998,3,4
1759005376.5660074,0,0.398,1.5,2,414.49,418.4999999999428,224.55,5,4
1759005376.5758839,0,0.398,1.5,2,414.42,418.3999999999428,224.45,4,4
1759005376.58578,0,0.398,1.5,2,414.35,418.29999999994277,224.45,3,4
1759005376.5962844,0,0.399,1.5,2,414.28,418.19999999994275,224.45,4,5
1759005376.606584,0,0.4,1.5,2,414.21,418.0999999999427,224.45,3,5
1759005376.6169314,0,0.4025,1.5,2,414.12,417.9999999999427,224.45,4,6
1759005376.6269236,0,0.4035,1.5,2,414.04,417.8999999999427,224.4,4,6
1759005376.6368275,0,0.405,1.5,2,413.97,417.79999999994266,224.45,3,7
1759005376.647595,0,0.405,1.5,2,413.84,417.69999999994263,224.45,3,7
1759005376.657451,0,0.40650000000000003,1.5,2,413.82,417.5999999999426,224.45,2,8
1759005376.667964,0,0.40650000000000003,1.5,2,413.8,417.4999999999426,224.39999999999998,2,6
1759005376.677632,0,0.40650000000000003,1.5,2,413.78,417.39999999994257,224.35,2,7
1759005376.687935,0,0.4055,1.5,2,413.93,417.29999999994254,224.35,0,6
1759005376.6977756,0,0.405,1.5,2,413.67,417.1999999999425,224.45,2,5
1759005376.7084415,0,0.404,1.5,2,413.59,417.0999999999425,224.55,2,6
1759005376.718554,0,0.4035,1.5,2,413.51,416.9999999999425,224.55,1,6
1759005376.728845,0,0.404,1.5,2,413.43,416.89999999994245,224.5,2,6
1759005376.7386656,0,0.405,1.5,2,413.49,416.79999999994243,224.45,2,7
1759005376.7486598,0,0.405,1.5,2,413.41,416.6999999999424,224.45,2,7
1759005376.7593608,0,0.405,1.5,2,413.32,416.5999999999424,224.5,2,7
1759005376.769927,0,0.405,1.5,2,413.21,416.49999999994236,224.55,3,6
1759005376.7798116,0,0.405,1.5,2,413.21,416.39999999994234,224.5,2,6
1759005376.7903163,0,0.4045,1.5,2,413.19,416.2999999999423,224.5,2,6
1759005376.800259,0,0.4045,1.5,2,413.17,416.1999999999423,224.6,3,5
1759005376.8097293,0,0.4045,1.5,2,413.09,416.09999999994227,224.7,3,5
1759005376.8204656,0,0.4045,1.5,2,413.01,415.99999999994225,224.75,2,6
1759005376.830582,0,0.404,1.5,2,412.82,415.8999999999422,224.64999999999998,1,6
1759005376.8405693,0,0.4035,1.5,2,412.71,415.7999999999422,224.7,2,5
1759005376.8506045,0,0.403,1.5,2,412.69,415.6999999999422,224.8,2,5
1759005376.8611171,0,0.4015,1.5,2,412.67,415.59999999994216,224.85,2,5
1759005376.870899,0,0.4005,1.5,2,412.5,415.49999999994213,224.89999999999998,3,5
1759005376.8813035,0,0.4015,1.5,2,412.42,415.3999999999421,224.9,3,6
1759005376.8918188,0,0.4025,1.5,2,412.34,415.2999999999421,224.85000000000002,5,5
1759005376.901528,0,0.4035,1.5,2,412.32,415.19999999994207,224.85000000000002,4,6
1759005376.9120743,0,0.405,1.5,2,412.24,415.09999999994204,224.85,3,6
1759005376.9220746,0,0.4055,1.5,2,412.22,414.999999999942,224.89999999999998,2,6
1759005376.9325306,0,0.4055,1.5,2,412.19,414.899999999942,224.95,2,6
1759005376.9425313,0,0.4055,1.5,2,412.17,414.799999999942,224.95,3,6
1759005376.9528425,0,0.406,1.5,2,412.09,414.69999999994195,224.95,3,6
1759005376.9631798,0,0.40700000000000003,1.5,2,412.07,414.59999999994193,224.95,3,7
1759005376.9730875,0,0.40700000000000003,1.5,2,412.05,414.4999999999419,225.0,2,6
1759005376.9827354,0,0.40700000000000003,1.5,2,411.97,414.3999999999419,225.05,2,6
1759005376.993814,0,0.40650000000000003,1.5,2,411.95,414.29999999994186,225.1,2,6
1759005377.0038457,0,0.40700000000000003,1.5,2,411.87,414.19999999994184,225.15,2,6
1759005377.0135758,0,0.40700000000000003,1.5,2,411.79,414.0999999999418,225.10000000000002,1,6
1759005377.0241451,0,0.4055,1.5,2,411.71,413.9999999999418,225.05,1,5
1759005377.034129,0,0.4055,1.5,2,411.68,413.89999999994177,224.95,2,6
1759005377.0444992,0,0.4055,1.5,2,411.6,413.79999999994175,224.89999999999998,2,6
1759005377.0546849,0,0.406,1.5,2,411.43,413.6999999999417,224.89999999999998,2,6
1759005377.0648272,0,0.40700000000000003,1.5,2,411.41,413.5999999999417,224.95,3,6
1759005377.0761397,0,0.40850000000000003,1.5,2,411.33,413.4999999999417,224.95,3,7
1759005377.0852964,0,0.40850000000000003,1.5,2,411.25,413.39999999994166,224.9,2,7
1759005377.0954044,0,0.40900000000000003,1.5,2,411.23,413.29999999994163,224.75,2,7
1759005377.1052153,0,0.40950000000000003,1.5,2,411.15,413.1999999999416,224.6,2,7
1759005377.1158733,0,0.41050000000000003,1.5,2,411.07,413.0999999999416,224.5,3,6
1759005377.1262395,0,0.41200000000000003,1.5,2,410.87,412.99999999994156,224.4,2,7
1759005377.1357043,0,0.41200000000000003,1.5,2,410.79,412.89999999994154,224.39999999999998,3,6
1759005377.1461594,0,0.41200000000000003,1.5,2,410.71,412.7999999999415,224.39999999999998,2,6
1759005377.1563148,0,0.41300000000000003,1.5,2,410.58,412.6999999999415,224.45,4,7
1759005377.166419,0,0.41350000000000003,1.5,2,410.45,412.5999999999415,224.45,2,6
1759005377.1769395,0,0.41400000000000003,1.5,2,410.43,412.49999999994145,224.4,2,6
1759005377.1869206,0,0.4145,1.5,2,410.41,412.39999999994143,224.35000000000002,2,7
1759005377.1965914,0,0.4145,1.5,2,410.3,412.2999999999414,224.35,3,6
1759005377.2072678,0,0.4145,1.5,2,410.28,412.1999999999414,224.35,3,6
1759005377.2172441,0,0.41500000000000004,1.5,2,410.2,412.09999999994136,224.45,3,5
1759005377.227261,0,0.4155,1.5,2,410.18,411.99999999994134,224.45,4,6
1759005377.2376409,0,0.4165,1.5,2,410.15,411.8999999999413,224.45,3,6
1759005377.2476935,0,0.417,1.5,2,410.15,411.7999999999413,224.45,3,6
1759005377.2581048,0,0.4175,1.5,2,410.13,411.69999999994127,224.5,2,6
1759005377.2678773,0,0.4175,1.5,2,410.11,411.59999999994125,224.60000000000002,2,6
1759005377.2786124,0,0.4165,1.5,2,409.94,411.4999999999412,224.7,2,5
1759005377.288446,0,0.4175,1.5,2,409.86,411.3999999999412,224.8,3,6
1759005377.298355,0,0.4165,1.5,2,409.84,411.2999999999412,224.89999999999998,2,4
1759005377.3083062,0,0.4155,1.5,2,409.82,411.19999999994116,224.95,1,5
1759005377.3185112,0,0.4155,1.5,2,409.74,411.09999999994113,225.05,3,6
1759005377.3288124,0,0.4155,1.5,2,409.66,410.9999999999411,225.10000000000002,3,5
1759005377.3386786,0,0.416,1.5,2,409.77,410.8999999999411,225.15,3,6
1759005377.3488486,0,0.417,1.5,2,409.69,410.79999999994106,225.15,3,6
1759005377.358641,0,0.417,1.5,2,409.56,410.69999999994104,225.10000000000002,3,5
1759005377.3695464,0,0.4165,1.5,2,409.54,410.599999999941,225.10000000000002,3,5
1759005377.379512,0,0.417,1.5,2,409.46,410.499999999941,225.1,3,6
1759005377.3899212,0,0.417,1.5,2,409.38,410.399999999941,225.1,3,7
1759005377.4000313,0,0.417,1.5,2,409.3,410.29999999994095,225.05,3,6
1759005377.4096584,0,0.4185,1.5,2,409.22,410.1999999999409,225.05,4,7
1759005377.4204466,0,0.4205,1.5,2,409.14,410.0999999999409,225.15,4,6
1759005377.4304972,0,0.42,1.5,2,408.99,409.9999999999409,225.35,2,6
1759005377.4404979,0,0.419,1.5,2,408.91,409.89999999994086,225.5,2,5
1759005377.4510777,0,0.42,1.5,2,408.83,409.79999999994084,225.60000000000002,3,6
1759005377.4609776,0,0.4205,1.5,2,408.66,409.6999999999408,225.65,3,5
1759005377.470861,0,0.42,1.5,2,408.58,409.5999999999408,225.60000000000002,2,6
1759005377.4812756,0,0.4185,1.5,2,408.5,409.49999999994077,225.5,1,6
1759005377.4917014,0,0.4185,1.5,2,408.48,409.39999999994075,225.39999999999998,1,6
1759005377.5014184,0,0.4185,1.5,2,408.46,409.2999999999407,225.35,2,6
1759005377.5115292,0,0.4185,1.5,2,408.38,409.1999999999407,225.45,2,6
1759005377.5220013,0,0.419,1.5,2,408.21,409.0999999999407,225.5,3,6
1759005377.5323486,0,0.42,1.5,2,408.1,408.99999999994066,225.6,2,7
1759005377.5424871,0,0.421,1.5,2,408.02,408.89999999994063,225.6,4,6
1759005377.552743,0,0.422,1.5,2,408,408.7999999999406,225.55,3,6
1759005377.562802,0,0.422,1.5,2,407.92,408.6999999999406,225.65,3,5
1759005377.5726328,0,0.4225,1.5,2,407.9,408.59999999994056,225.8,3,5
1759005377.5829914,0,0.4215,1.5,2,407.83,408.49999999994054,226.0,2,5
1759005377.593414,0,0.422,1.5,2,407.72,408.3999999999405,226.10000000000002,3,6
1759005377.6033182,0,0.422,1.5,2,407.53,408.2999999999405,226.1,2,5
1759005377.6135197,0,0.4215,1.5,2,407.4,408.1999999999405,226.1,2,6
1759005377.623892,0,0.42,1.5,2,407.21,408.09999999994045,226.14999999999998,1,4
1759005377.6337783,0,0.4195,1.5,2,407.13,407.9999999999404,226.2,2,7
1759005377.64415,0,0.4185,1.5,2,407.06,407.8999999999404,226.25,2,6
1759005377.6546986,0,0.418,1.5,2,407.06,407.7999999999404,226.2,2,7
1759005377.664513,0,0.4175,1.5,2,406.93,407.69999999994036,226.2,1,8
1759005377.6754286,0,0.41700000000000004,1.5,2,406.8,407.59999999994034,226.14999999999998,1,8
1759005377.684607,0,0.4175,1.5,2,406.67,407.4999999999403,226.2,2,7
1759005377.6953423,0,0.41700000000000004,1.5,2,406.54,407.3999999999403,226.3,1,7
1759005377.7039483,0,0.4185,1.5,2,406.39,407.29999999994027,226.3,2,7
1759005377.7155275,0,0.42,1.5,2,406.32,407.19999999994025,226.2,2,8
1759005377.7259793,0,0.421,1.5,2,406.25,407.0999999999402,226.1,2,8
1759005377.734988,0,0.4215,1.5,2,406.18,406.9999999999402,226.1,1,7
1759005377.7448983,0,0.422,1.5,2,406.11,406.8999999999402,226.2,2,7
1759005377.7550135,0,0.4215,1.5,2,405.96,406.79999999994016,226.35,1,7
1759005377.7654495,0,0.421,1.5,2,405.89,406.69999999994013,226.39999999999998,1,7
1759005377.775702,0,0.4205,1.5,2,405.74,406.5999999999401,226.35,1,7
1759005377.7858486,0,0.42,1.5,2,405.61,406.4999999999401,226.2,0,8
1759005377.7958765,0,0.42,1.5,2,405.46,406.39999999994006,226.10000000000002,0,8
1759005377.8059537,0,0.42,1.5,2,405.33,406.29999999994004,226.05,1,7
1759005377.8161135,0,0.4205,1.5,2,405.2,406.19999999994,225.95,2,7
1759005377.8270564,0,0.421,1.5,2,405.13,406.09999999994,225.89999999999998,1,8
1759005377.8374577,0,0.4205,1.5,2,405.06,405.99999999994,225.89999999999998,0,7
1759005377.847464,0,0.421,1.5,2,404.99,405.89999999993995,225.95,1,7
1759005377.8574135,0,0.4215,1.5,2,404.86,405.7999999999399,225.9,2,6
1759005377.8678956,0,0.4225,1.5,2,404.73,405.6999999999399,225.85000000000002,1,8
1759005377.878024,0,0.423,1.5,2,404.6,405.5999999999399,225.8,0,8
1759005377.887905,0,0.423,1.5,2,404.53,405.49999999993986,225.85,0,8
1759005377.8981116,0,0.4225,1.5,2,404.46,405.39999999993984,225.95,0,8
1759005377.907851,0,0.422,1.5,2,404.39,405.2999999999398,226.05,1,8
1759005377.9183598,0,0.4215,1.5,2,404.26,405.1999999999398,226.15,1,8
1759005377.9288552,0,0.4215,1.5,2,404.19,405.09999999993977,226.3,1,8
1759005377.938445,0,0.422,1.5,2,404.06,404.99999999993975,226.35,1,8
1759005377.9487772,0,0.422,1.5,2,403.76,404.8999999999397,226.3,1,7
1759005377.9589603,0,0.422,1.5,2,403.63,404.7999999999397,226.25,1,8
1759005377.9686456,0,0.4225,1.5,2,403.56,404.6999999999397,226.3,2,8
1759005377.9788196,0,0.422,1.5,2,403.43,404.59999999993966,226.4,2,7
1759005377.9892862,0,0.4225,1.5,2,403.3,404.49999999993963,226.5,1,8
1759005377.9996645,0,0.422,1.5,2,403.23,404.3999999999396,226.6,0,7
1759005378.009336,0,0.4215,1.5,2,403.1,404.2999999999396,226.64999999999998,0,7
1759005378.0196831,0,0.421,1.5,2,403.03,404.19999999993956,226.7,0,7
1759005378.0300987,0,0.4205,1.5,2,402.96,404.09999999993954,226.75,0,6
1759005378.039993,0,0.421,1.5,2,402.89,403.9999999999395,226.85000000000002,0,7
1759005378.0497851,0,0.421,1.5,2,402.74,403.8999999999395,226.9,1,7
1759005378.060172,0,0.4215,1.5,2,402.67,403.7999999999395,226.95,1,8
1759005378.0701897,0,0.422,1.5,2,402.6,403.69999999993945,226.95,2,7
1759005378.0802631,0,0.4215,1.5,2,402.47,403.5999999999394,226.95,0,8
1759005378.0908256,0,0.4205,1.5,2,402.4,403.4999999999394,226.95,0,8
1759005378.1006613,0,0.421,1.5,2,402.33,403.3999999999394,226.95,2,8
1759005378.1113381,0,0.4205,1.5,2,402.2,403.29999999993936,227.0,1,7
1759005378.121316,0,0.42,1.5,2,402.13,403.19999999993934,227.05,0,8
1759005378.13139,0,0.419,1.5,2,402.06,403.0999999999393,227.10000000000002,0,7
1759005378.1419358,0,0.4185,1.5,2,401.93,402.9999999999393,227.25,1,7
1759005378.1520193,0,0.41800000000000004,1.5,2,401.86,402.89999999993927,227.3,1,7
1759005378.162113,0,0.41800000000000004,1.5,2,401.79,402.79999999993925,227.3,1,7
1759005378.1717505,0,0.41650000000000004,1.5,2,401.72,402.6999999999392,227.25,1,7
1759005378.1822474,0,0.41650000000000004,1.5,2,401.59,402.5999999999392,227.2,1,7
1759005378.193143,0,0.41650000000000004,1.5,2,401.46,402.4999999999392,227.25,1,7
1759005378.2025025,0,0.41650000000000004,1.5,2,401.33,402.39999999993915,227.3,1,8
1759005378.2126963,0,0.41650000000000004,1.5,2,401.2,402.29999999993913,227.35,1,8
1759005378.2227938,0,0.41700000000000004,1.5,2,401.07,402.1999999999391,227.35,2,8
1759005378.2328842,0,0.41700000000000004,1.5,2,401,402.0999999999391,227.35000000000002,1,7
1759005378.2427344,0,0.41650000000000004,1.5,2,400.87,401.99999999993906,227.35000000000002,2,7
1759005378.2534797,0,0.41500000000000004,1.5,2,400.72,401.89999999993904,227.35000000000002,0,6
1759005378.2632985,0,0.41400000000000003,1.5,2,400.57,401.799999999939,227.4,0,7
1759005378.2740078,0,0.41350000000000003,1.5,2,400.44,401.699999999939,227.45,0,7
1759005378.2835786,0,0.41300000000000003,1.5,2,400.31,401.599999999939,227.4,0,7
1759005378.2942727,0,0.41350000000000003,1.5,2,400.24,401.49999999993895,227.3,1,7
1759005378.3043776,0,0.41300000000000003,1.5,2,400.17,401.3999999999389,227.25,1,7
1759005378.314462,0,0.41450000000000004,1.5,2,400.04,401.2999999999389,227.2,1,8
1759005378.3244839,0,0.41650000000000004,1.5,2,399.91,401.1999999999389,227.14999999999998,1,9
1759005378.3344963,0,0.41650000000000004,1.5,2,399.84,401.09999999993886,227.05,1,8
1759005378.3446121,0,0.41700000000000004,1.5,2,399.77,400.99999999993884,226.95,2,7
1759005378.3549461,0,0.41600000000000004,1.5,2,399.66,400.8999999999388,226.85,1,6
1759005378.3648598,0,0.41550000000000004,1.5,2,399.59,400.7999999999388,226.85,0,8
1759005378.3748186,0,0.41550000000000004,1.5,2,399.52,400.69999999993877,226.95,1,7
1759005378.3849049,0,0.41550000000000004,1.5,2,399.39,400.59999999993875,227.05,0,8
1759005378.3957412,0,0.41500000000000004,1.5,2,399.32,400.4999999999387,227.14999999999998,1,7
1759005378.4060245,0,0.41450000000000004,1.5,2,399.25,400.3999999999387,227.14999999999998,2,7
1759005378.4156535,0,0.41400000000000003,1.5,2,399.18,400.2999999999387,227.2,1,7
1759005378.4257462,0,0.41150000000000003,1.5,2,399.11,400.19999999993865,227.25,0,6
1759005378.4361086,0,0.41050000000000003,1.5,2,399.04,400.09999999993863,227.25,0,8
1759005378.4464524,0,0.41100000000000003,1.5,2,398.93,399.9999999999386,227.25,1,8
1759005378.45638,0,0.41150000000000003,1.5,2,398.86,399.8999999999386,227.25,1,7
1759005378.466729,0,0.41050000000000003,1.5,2,398.79,399.79999999993856,227.25,0,7
1759005378.47698,0,0.41050000000000003,1.5,2,398.72,399.69999999993854,227.25,1,7
1759005378.4869838,0,0.41000000000000003,1.5,2,398.65,399.5999999999385,227.25,0,7
1759005378.497304,0,0.41000000000000003,1.5,2,398.58,399.4999999999385,227.3,0,7
1759005378.5080063,0,0.41000000000000003,1.5,2,398.45,399.3999999999385,227.35,0,7
1759005378.5178695,0,0.41050000000000003,1.5,2,398.32,399.29999999993845,227.39999999999998,1,8
1759005378.5277295,0,0.41050000000000003,1.5,2,398.25,399.1999999999384,227.3,1,7
1759005378.5378249,0,0.40900000000000003,1.5,2,398.18,399.0999999999384,227.2,0,6
1759005378.5477252,0,0.40750000000000003,1.5,2,398.05,398.9999999999384,227.15,1,5
1759005378.5579224,0,0.406,1.5,2,397.98,398.89999999993836,227.15,0,7
1759005378.566915,0,0.4055,1.5,2,397.85,398.79999999993834,227.2,1,7
1759005378.5785742,0,0.4055,1.5,2,397.78,398.6999999999383,227.10000000000002,0,8
1759005378.588386,0,0.4055,1.5,2,397.65,398.5999999999383,227.05,0,8
1759005378.5985405,0,0.40700000000000003,1.5,2,397.52,398.49999999993827,227.0,2,8
1759005378.608704,0,0.40800000000000003,1.5,2,397.37,398.39999999993825,227.0,2,9
1759005378.618986,0,0.40900000000000003,1.5,2,397.3,398.2999999999382,227.0,1,8
1759005378.6292996,0,0.40850000000000003,1.5,2,397.17,398.1999999999382,227.05,0,7
1759005378.6392732,0,0.41050000000000003,1.5,2,397.17,398.0999999999382,227.10000000000002,1,8
1759005378.6495013,0,0.41100000000000003,1.5,2,397.1,397.99999999993815,227.10000000000002,1,9
1759005378.6601083,0,0.41100000000000003,1.5,2,397.1,397.89999999993813,227.05,0,8
1759005378.6697009,0,0.41100000000000003,1.5,2,396.88,397.7999999999381,227.0,0,9
1759005378.680243,0,0.41100000000000003,1.5,2,396.88,397.6999999999381,226.95,0,9
1759005378.6907115,0,0.41100000000000003,1.5,2,396.79,397.59999999993806,227.0,0,9
1759005378.7006657,0,0.41100000000000003,1.5,2,396.7,397.49999999993804,227.0,0,9
1759005378.710817,0,0.41200000000000003,1.5,2,396.61,397.399999999938,226.95,1,9
1759005378.7206497,0,0.41300000000000003,1.5,2,396.53,397.299999999938,226.95,1,10
1759005378.731104,0,0.41300000000000003,1.5,2,396.44,397.199999999938,227.0,0,10
1759005378.740476,0,0.41250000000000003,1.5,2,396.35,397.09999999993795,227.1,0,9
1759005378.7510788,0,0.41350000000000003,1.5,2,396.31,396.9999999999379,227.2,0,10
1759005378.761705,0,0.41450000000000004,1.5,2,396.22,396.8999999999379,227.25,0,11
1759005378.771967,0,0.41500000000000004,1.5,2,395.98,396.7999999999379,227.25,0,9
1759005378.7819536,0,0.417,1.5,2,395.87,396.69999999993786,227.25,2,10
1759005378.7917116,0,0.4175,1.5,2,395.78,396.59999999993784,227.3,0,9
1759005378.8019235,0,0.418,1.5,2,395.69,396.4999999999378,227.4,0,9
1759005378.811861,0,0.419,1.5,2,395.6,396.3999999999378,227.55,0,10
1759005378.821883,0,0.42,1.5,2,395.51,396.29999999993777,227.6,0,10
1759005378.8317015,0,0.4205,1.5,2,395.42,396.19999999993775,227.75,1,9
1759005378.8419533,0,0.4205,1.5,2,395.33,396.0999999999377,227.9,0,9
1759005378.8523462,0,0.4215,1.5,2,395.24,395.9999999999377,228.0,0,9
1759005378.8624504,0,0.422,1.5,2,395.15,395.8999999999377,228.14999999999998,0,9
1759005378.873007,0,0.422,1.5,2,395.06,395.79999999993765,228.3,0,8
1759005378.8831403,0,0.4215,1.5,2,394.97,395.69999999993763,228.45,0,8
1759005378.8929741,0,0.422,1.5,2,394.88,395.5999999999376,228.60000000000002,0,9
1759005378.9033475,0,0.4225,1.5,2,394.79,395.4999999999376,228.65,0,9
1759005378.9135911,0,0.423,1.5,2,394.7,395.39999999993756,228.7,0,9
1759005378.9235342,0,0.423,1.5,2,394.61,395.29999999993754,228.75,0,9
1759005378.9339745,0,0.4235,1.5,2,394.52,395.1999999999375,228.8,0,10
1759005378.943979,0,0.424,1.5,2,394.43,395.0999999999375,228.8,0,10
1759005378.9543939,0,0.4245,1.5,2,394.34,394.9999999999375,228.8,0,10
1759005378.9642987,0,0.425,1.5,2,394.41,394.89999999993745,228.9,0,9
1759005378.974912,0,0.426,1.5,2,394.32,394.7999999999374,229.05,1,10
1759005378.984663,0,0.426,1.5,2,394.23,394.6999999999374,229.1,1,9
1759005378.9953787,0,0.4265,1.5,2,394.14,394.5999999999374,229.14999999999998,0,10
1759005379.0051603,0,0.426,1.5,2,394.05,394.49999999993736,229.1,0,8
1759005379.015624,0,0.427,1.5,2,394.01,394.39999999993734,229.0,1,8
1759005379.0253804,0,0.428,1.5,2,393.92,394.2999999999373,228.95,1,8
1759005379.036,0,0.429,1.5,2,393.83,394.1999999999373,228.95,0,9
1759005379.045924,0,0.431,1.5,2,393.74,394.09999999993727,228.95,0,10
1759005379.055973,0,0.432,1.5,2,393.65,393.99999999993724,228.9,0,9
1759005379.0663784,0,0.4335,1.5,2,393.57,393.8999999999372,228.95,0,11
1759005379.0767004,0,0.4345,1.5,2,393.48,393.7999999999372,229.0,0,11
1759005379.0863483,0,0.4355,1.5,2,393.39,393.6999999999372,229.05,1,10
1759005379.0968091,0,0.4365,1.5,2,393.3,393.59999999993715,229.1,0,10
1759005379.1067405,0,0.4375,1.5,2,393.21,393.49999999993713,229.14999999999998,0,10
1759005379.1177142,0,0.4375,1.5,2,393.12,393.3999999999371,229.15,0,10
1759005379.128043,0,0.438,1.5,2,393.03,393.2999999999371,229.15,0,9
1759005379.1376863,0,0.439,1.5,2,392.94,393.19999999993706,229.15,0,10
1759005379.1478543,0,0.44,1.5,2,392.85,393.09999999993704,229.2,1,8
1759005379.157887,0,0.4405,1.5,2,392.76,392.999999999937,229.2,0,9
1759005379.1680183,0,0.441,1.5,2,392.67,392.899999999937,229.2,0,9
1759005379.1777625,0,0.442,1.5,2,392.58,392.799999999937,229.2,1,9
1759005379.188028,0,0.4425,1.5,2,392.49,392.69999999993695,229.2,0,9
1759005379.1986666,0,0.443,1.5,2,392.4,392.5999999999369,229.3,0,9
1759005379.2089407,0,0.443,1.5,2,392.31,392.4999999999369,229.45,0,8
1759005379.2187295,0,0.443,1.5,2,392.22,392.3999999999369,229.6,0,9
1759005379.228664,0,0.4425,1.5,2,392.13,392.29999999993686,229.75,0,8
1759005379.23907,0,0.442,1.5,2,392.04,392.19999999993684,229.85,0,9
1759005379.2486274,0,0.4425,1.5,2,391.95,392.0999999999368,229.89999999999998,0,9
1759005379.2593882,0,0.443,1.5,2,391.86,391.9999999999368,229.95,0,10
1759005379.269529,0,0.445,1.5,2,391.78,391.89999999993677,230.0,0,10
1759005379.2794843,0,0.4465,1.5,2,391.69,391.79999999993674,230.05,0,10
1759005379.290314,0,0.4475,1.5,2,391.6,391.6999999999367,230.10000000000002,0,9
1759005379.2996497,0,0.449,1.5,2,391.51,391.5999999999367,230.2,0,10
1759005379.3098123,0,0.45,1.5,2,391.42,391.4999999999367,230.25,0,10
1759005379.3201756,0,0.4505,1.5,2,391.38,391.39999999993665,230.25,0,9
1759005379.330583,0,0.4505,1.5,2,391.29,391.29999999993663,230.3,0,9
1759005379.3410323,0,0.4495,1.5,2,391.2,391.1999999999366,230.35,0,8
1759005379.3507638,0,0.4495,1.5,2,391.11,391.0999999999366,230.45,0,9
1759005379.3608565,0,0.449,1.5,2,391.07,390.99999999993656,230.55,0,8
1759005379.3713448,0,0.4505,1.5,2,390.99,390.89999999993654,230.60000000000002,0,10
1759005379.3815339,0,0.451,1.5,2,390.9,390.7999999999365,230.65,0,9
1759005379.3921983,0,0.4515,1.5,2,390.81,390.6999999999365,230.6,0,9
1759005379.4017453,0,0.452,1.5,2,390.72,390.5999999999365,230.55,0,9
1759005379.41214,0,0.4535,1.5,2,390.63,390.49999999993645,230.5,0,11
1759005379.4221358,0,0.4545,1.5,2,390.54,390.3999999999364,230.55,0,11
1759005379.4318302,0,0.4555,1.5,2,390.45,390.2999999999364,230.60000000000002,0,10
1759005379.442371,0,0.4575,1.5,2,390.36,390.1999999999364,230.60000000000002,1,9
1759005379.4527867,0,0.4585,1.5,2,390.27,390.09999999993636,230.60000000000002,0,10
1759005379.4629674,0,0.4585,1.5,2,390.19,389.99999999993634,230.60000000000002,0,9
1759005379.4727008,0,0.4595,1.5,2,390.1,389.8999999999363,230.60000000000002,0,10
1759005379.4829788,0,0.4605,1.5,2,390.01,389.7999999999363,230.65,0,9
1759005379.4935284,0,0.461,1.5,2,389.92,389.69999999993627,230.8,0,9
1759005379.5036168,0,0.462,1.5,2,389.83,389.59999999993624,231.0,0,9
1759005379.5134914,0,0.463,1.5,2,389.74,389.4999999999362,231.1,1,8
1759005379.5240374,0,0.465,1.5,2,389.65,389.3999999999362,231.2,1,10
1759005379.5338368,0,0.4655,1.5,2,389.56,389.2999999999362,231.25,0,10
1759005379.5444024,0,0.4665,1.5,2,389.45,389.19999999993615,231.3,0,10
1759005379.55409,0,0.468,1.5,2,389.36,389.09999999993613,231.3,0,9
1759005379.563904,0,0.47000000000000003,1.5,2,389.32,388.9999999999361,231.3,0,10
1759005379.5742948,0,0.47100000000000003,1.5,2,389.23,388.8999999999361,231.3,0,9
1759005379.5844584,0,0.47200000000000003,1.5,2,389.14,388.79999999993606,231.25,0,10
1759005379.5948703,0,0.47300000000000003,1.5,2,389.05,388.69999999993604,231.25,0,10
1759005379.6048682,0,0.47400000000000003,1.5,2,388.96,388.599999999936,231.25,0,10
1759005379.614963,0,0.47450000000000003,1.5,2,388.87,388.499999999936,231.3,1,10
1759005379.6255298,0,0.47300000000000003,1.5,2,388.78,388.39999999993597,231.3,0,8
1759005379.6355598,0,0.47300000000000003,1.5,2,388.69,388.29999999993595,231.25,0,9
1759005379.645829,0,0.47400000000000003,1.5,2,388.6,388.1999999999359,231.15,0,9
1759005379.6556687,0,0.47400000000000003,1.5,2,388.53,388.0999999999359,231.10000000000002,0,9
1759005379.66554,0,0.47350000000000003,1.5,2,388.53,387.9999999999359,231.10000000000002,0,9
1759005379.6755357,0,0.47500000000000003,1.5,2,388.53,387.89999999993586,231.15,0,11
1759005379.6864033,0,0.47600000000000003,1.5,2,388.47,387.79999999993584,231.2,0,11
1759005379.69612,0,0.47800000000000004,1.5,2,388.3,387.6999999999358,231.2,1,12
1759005379.7061632,0,0.47950000000000004,1.5,2,388.35,387.5999999999358,231.15,1,11
1759005379.7166562,0,0.4825,1.5,2,388.27,387.49999999993577,231.15,3,12
1759005379.7272916,0,0.4835,1.5,2,388.19,387.39999999993574,231.2,1,11
1759005379.736779,0,0.4855,1.5,2,387.95,387.2999999999357,231.25,2,13
1759005379.74671,0,0.488,1.5,2,387.87,387.1999999999357,231.25,3,12
1759005379.7565975,0,0.49,1.5,2,387.96,387.0999999999357,231.25,2,11
1759005379.7671463,0,0.491,1.5,2,387.83,386.99999999993565,231.2,1,11
1759005379.777334,0,0.492,1.5,2,387.75,386.89999999993563,231.14999999999998,1,12
1759005379.7877693,0,0.4945,1.5,2,387.67,386.7999999999356,231.1,2,12
1759005379.7973995,0,0.495,1.5,2,387.61,386.6999999999356,231.1,1,12
1759005379.8073728,0,0.4985,1.5,2,387.53,386.59999999993556,231.14999999999998,3,13
1759005379.8178759,0,0.5015000000000001,1.5,2,387.45,386.49999999993554,231.2,2,13
1759005379.8275943,0,0.503,1.5,2,387.37,386.3999999999355,231.25,1,12
1759005379.8377137,0,0.504,1.5,2,387.29,386.2999999999355,231.35,1,11
1759005379.8483658,0,0.5055000000000001,1.5,2,387.21,386.19999999993547,231.39999999999998,1,12
1759005379.858554,0,0.5075000000000001,1.5,2,387.13,386.09999999993545,231.4,1,12
1759005379.8684063,0,0.509,1.5,2,387.05,385.9999999999354,231.35000000000002,1,11
1759005379.8785934,0,0.511,1.5,2,386.97,385.8999999999354,231.3,0,13
1759005379.888482,0,0.514,1.5,2,386.89,385.7999999999354,231.25,2,12
1759005379.8991756,0,0.5175,1.5,2,386.81,385.69999999993536,231.2,2,13
1759005379.9092052,0,0.519,1.5,2,386.73,385.59999999993533,231.15,1,11
1759005379.9194899,0,0.521,1.5,2,386.65,385.4999999999353,231.10000000000002,2,11
1759005379.9298954,0,0.5225,1.5,2,386.57,385.3999999999353,231.0,1,11
1759005379.9398181,0,0.5245,1.5,2,386.49,385.29999999993527,230.89999999999998,2,11
1759005379.9496465,0,0.527,1.5,2,386.41,385.19999999993524,230.8,2,13
1759005379.9597063,0,0.5285,1.5,2,386.33,385.0999999999352,230.7,1,12
1759005379.9702876,0,0.5305,1.5,2,386.25,384.9999999999352,230.7,2,12
1759005379.980306,0,0.532,1.5,2,386.18,384.8999999999352,230.64999999999998,1,11
1759005379.9908724,0,0.5335,1.5,2,386.1,384.79999999993515,230.6,2,12
1759005380.000814,0,0.535,1.5,2,386.02,384.69999999993513,230.55,1,12
1759005380.0107207,0,0.5365,1.5,2,385.94,384.5999999999351,230.5,1,12
1759005380.0207775,0,0.539,1.5,2,385.86,384.4999999999351,230.5,1,12
1759005380.0312889,0,0.5415,1.5,2,385.73,384.39999999993506,230.60000000000002,2,12
1759005380.0417788,0,0.5435,1.5,2,385.65,384.29999999993504,230.65,1,12
1759005380.05179,0,0.5455,1.5,2,385.57,384.199999999935,230.60000000000002,1,12
1759005380.061873,0,0.5475,1.5,2,385.49,384.099999999935,230.5,1,13
1759005380.0718167,0,0.5495,1.5,2,385.41,383.99999999993497,230.35,1,12
1759005380.0823798,0,0.5505,1.5,2,385.34,383.89999999993495,230.2,1,12
1759005380.092689,0,0.5515,1.5,2,385.26,383.7999999999349,230.1,1,12
1759005380.1024997,0,0.5525,1.5,2,385.18,383.6999999999349,230.1,2,11
1759005380.1125631,0,0.554,1.5,2,385.1,383.5999999999349,230.15,2,11
1759005380.122922,0,0.556,1.5,2,385.02,383.49999999993486,230.2,2,12
1759005380.133207,0,0.558,1.5,2,384.94,383.39999999993483,230.35,2,12
1759005380.1434171,0,0.5605,1.5,2,384.86,383.2999999999348,230.5,2,12
1759005380.1534827,0,0.5615,1.5,2,384.78,383.1999999999348,230.60000000000002,2,10
1759005380.1636753,0,0.5645,1.5,2,384.7,383.09999999993477,230.6,3,12
1759005380.1737132,0,0.5675,1.5,2,384.62,382.99999999993474,230.6,3,12
1759005380.1842027,0,0.569,1.5,2,384.54,382.8999999999347,230.65,0,12
1759005380.1945286,0,0.571,1.5,2,384.46,382.7999999999347,230.7,2,12
1759005380.2046356,0,0.573,1.5,2,384.38,382.6999999999347,230.75,1,12
1759005380.2150533,0,0.575,1.5,2,384.3,382.59999999993465,230.7,1,12
1759005380.2250102,0,0.578,1.5,2,384.22,382.49999999993463,230.64999999999998,1,13
1759005380.2354126,0,0.58,1.5,2,384.14,382.3999999999346,230.55,2,11
1759005380.2456658,0,0.5825,1.5,2,384.06,382.2999999999346,230.4,2,11
1759005380.2555742,0,0.585,1.5,2,383.98,382.19999999993456,230.3,2,12
1759005380.2656276,0,0.5875,1.5,2,383.9,382.09999999993454,230.25,2,12
1759005380.275804,0,0.589,1.5,2,383.82,381.9999999999345,230.3,2,11
1759005380.2862647,0,0.59,1.5,2,383.75,381.8999999999345,230.35,1,11
1759005380.2961607,0,0.592,1.5,2,383.67,381.79999999993447,230.3,3,11
1759005380.3064349,0,0.5935,1.5,2,383.59,381.69999999993445,230.25,1,11
1759005380.316654,0,0.5955,1.5,2,383.51,381.5999999999344,230.2,3,11
1759005380.326599,0,0.598,1.5,2,383.43,381.4999999999344,230.2,3,12
1759005380.336724,0,0.6,1.5,2,383.3,381.3999999999344,230.25,2,11
1759005380.3471375,0,0.602,1.5,2,383.22,381.29999999993436,230.25,1,12
1759005380.3566935,0,0.6055,1.5,2,383.14,381.19999999993433,230.25,3,12
1759005380.3673806,0,0.6075,1.5,2,383.06,381.0999999999343,230.3,1,12
1759005380.3773966,0,0.61,1.5,2,382.93,380.9999999999343,230.3,1,12
1759005380.387289,0,0.611,1.5,2,382.69,380.89999999993427,230.4,1,11
1759005380.397694,0,0.6135,1.5,2,382.61,380.79999999993424,230.45,2,12
1759005380.4077125,0,0.616,1.5,2,382.53,380.6999999999342,230.55,2,12
1759005380.417432,0,0.618,1.5,2,382.45,380.5999999999342,230.64999999999998,2,11
1759005380.4280028,0,0.6195,1.5,2,382.37,380.4999999999342,230.7,2,12
1759005380.438259,0,0.621,1.5,2,382.29,380.39999999993415,230.8,2,12
1759005380.4486635,0,0.6225,1.5,2,382.21,380.29999999993413,230.85000000000002,2,11
1759005380.4586017,0,0.624,1.5,2,382.13,380.1999999999341,230.85000000000002,2,11
1759005380.4688358,0,0.625,1.5,2,382.05,380.0999999999341,230.85000000000002,3,9
1759005380.4788895,0,0.628,1.5,2,381.81,379.99999999993406,230.85000000000002,3,12
1759005380.4890747,0,0.629,1.5,2,381.73,379.89999999993404,230.85000000000002,1,11
1759005380.4990728,0,0.6305,1.5,2,381.65,379.799999999934,230.8,2,10
1759005380.5086868,0,0.632,1.5,2,381.57,379.699999999934,230.7,1,11
1759005380.5192754,0,0.633,1.5,2,381.49,379.59999999993397,230.7,0,11
1759005380.528905,0,0.634,1.5,2,381.41,379.49999999993395,230.75,0,11
1759005380.5397124,0,0.635,1.5,2,381.33,379.3999999999339,230.8,2,11
1759005380.5501628,0,0.636,1.5,2,381.25,379.2999999999339,230.89999999999998,0,12
1759005380.5601864,0,0.6375,1.5,2,381.19,379.1999999999339,231.0,1,12
1759005380.569944,0,0.6405,1.5,2,381.11,379.09999999993386,231.10000000000002,2,13
1759005380.579975,0,0.642,1.5,2,380.98,378.99999999993383,231.1,1,12
1759005380.5904102,0,0.644,1.5,2,380.9,378.8999999999338,231.1,2,11
1759005380.6003075,0,0.646,1.5,2,380.82,378.7999999999338,231.14999999999998,3,11
1759005380.6106906,0,0.648,1.5,2,380.74,378.69999999993377,231.25,2,12
1759005380.6205578,0,0.65,1.5,2,380.66,378.59999999993374,231.25,2,12
1759005380.6307046,0,0.651,1.5,2,380.58,378.4999999999337,231.25,1,12
1759005380.6405861,0,0.6525,1.5,2,380.52,378.3999999999337,231.3,1,10
1759005380.6511664,0,0.6535,1.5,2,380.5,378.2999999999337,231.39999999999998,1,10
1759005380.6612859,0,0.6545,1.5,2,380.48,378.19999999993365,231.5,0,11
1759005380.6715531,0,0.657,1.5,2,380.39,378.09999999993363,231.5,1,13
1759005380.681408,0,0.659,1.5,2,380.22,377.9999999999336,231.55,1,12
1759005380.69189,0,0.661,1.5,2,380.05,377.8999999999336,231.6,2,13
1759005380.701994,0,0.6635,1.5,2,379.98,377.79999999993356,231.6,3,13
1759005380.7120354,0,0.6655,1.5,2,380.04,377.69999999993354,231.64999999999998,3,14
1759005380.7223647,0,0.6685,1.5,2,379.79,377.5999999999335,231.7,4,14
1759005380.732817,0,0.67,1.5,2,379.67,377.4999999999335,231.75,3,15
1759005380.7429912,0,0.673,1.5,2,379.55,377.39999999993347,231.75,3,15
1759005380.7531343,0,0.6745,1.5,2,379.43,377.29999999993345,231.7,4,14
1759005380.762844,0,0.6755,1.5,2,379.51,377.1999999999334,231.64999999999998,2,15
1759005380.7732346,0,0.6775,1.5,2,379.22,377.0999999999334,231.6,3,14
1759005380.783517,0,0.68,1.5,2,379.1,376.9999999999334,231.60000000000002,3,14
1759005380.7936969,0,0.6815,1.5,2,378.98,376.89999999993336,231.65,3,13
1759005380.8035696,0,0.683,1.5,2,378.86,376.79999999993333,231.7,3,14
1759005380.8135347,0,0.6855,1.5,2,378.86,376.6999999999333,231.7,4,14
1759005380.8235407,0,0.6859999999999999,1.5,2,378.74,376.5999999999333,231.7,3,14
1759005380.833551,0,0.6875,1.5,2,378.62,376.49999999993327,231.7,4,14
1759005380.843954,0,0.6905,1.5,2,378.53,376.39999999993324,231.64999999999998,4,15
1759005380.8543983,0,0.693,1.5,2,378.41,376.2999999999332,231.6,3,14
1759005380.8647144,0,0.6955,1.5,2,378.29,376.1999999999332,231.5,3,15
1759005380.8752677,0,0.6975,1.5,2,378.17,376.0999999999332,231.45,2,15
1759005380.8846962,0,0.701,1.5,2,378.05,375.99999999993315,231.4,4,15
1759005380.8948133,0,0.7035,1.5,2,377.93,375.89999999993313,231.4,4,14
1759005380.904906,0,0.7055,1.5,2,377.81,375.7999999999331,231.4,4,14
1759005380.915331,0,0.707,1.5,2,377.69,375.6999999999331,231.4,4,14
1759005380.9248114,0,0.7105,1.5,2,377.57,375.59999999993306,231.4,4,15
1759005380.9347737,0,0.712,1.5,2,377.45,375.49999999993304,231.4,3,13
1759005380.9459972,0,0.715,1.5,2,377.33,375.399999999933,231.45,4,14
1759005380.956147,0,0.7165,1.5,2,377.21,375.299999999933,231.55,3,13
1759005380.9660242,0,0.717,1.5,2,377.09,375.19999999993297,231.64999999999998,3,13
1759005380.9762905,0,0.7185,1.5,2,376.97,375.09999999993295,231.75,3,13
1759005380.9864607,0,0.72,1.5,2,376.85,374.9999999999329,231.75,3,14
1759005380.9966702,0,0.723,1.5,2,376.7,374.8999999999329,231.85000000000002,4,14
1759005381.006848,0,0.724,1.5,2,376.58,374.7999999999329,231.95,3,13
1759005381.0169823,0,0.725,1.5,2,376.46,374.69999999993286,232.05,2,13
1759005381.0275936,0,0.726,1.5,2,376.34,374.59999999993283,232.14999999999998,2,13
1759005381.037561,0,0.7275,1.5,2,376.22,374.4999999999328,232.25,2,14
1759005381.0479214,0,0.7285,1.5,2,376.1,374.3999999999328,232.25,2,14
1759005381.0580096,0,0.73,1.5,2,375.98,374.29999999993277,232.25,3,13
1759005381.067912,0,0.732,1.5,2,375.86,374.19999999993274,232.3,3,14
1759005381.078439,0,0.7335,1.5,2,375.74,374.0999999999327,232.39999999999998,3,14
1759005381.0881517,0,0.735,1.5,2,375.62,373.9999999999327,232.55,3,13
1759005381.0985913,0,0.7365,1.5,2,375.47,373.8999999999327,232.7,2,14
1759005381.1086993,0,0.738,1.5,2,375.35,373.79999999993265,232.8,3,13
1759005381.1188924,0,0.74,1.5,2,375.23,373.69999999993263,232.85,3,14
1759005381.1290987,0,0.7425,1.5,2,375.11,373.5999999999326,232.75,3,15
1759005381.1399446,0,0.744,1.5,2,374.99,373.4999999999326,232.64999999999998,2,15
1759005381.1496675,0,0.746,1.5,2,374.87,373.39999999993256,232.5,3,15
1759005381.1600554,0,0.746,1.5,2,374.75,373.29999999993254,232.39999999999998,2,12
1759005381.1699855,0,0.748,1.5,2,374.63,373.1999999999325,232.4,2,14
1759005381.1803348,0,0.749,1.5,2,374.51,373.0999999999325,232.4,3,14
1759005381.1904237,0,0.75,1.5,2,374.39,372.99999999993247,232.4,3,14
1759005381.2009008,0,0.7525,1.5,2,374.27,372.89999999993245,232.39999999999998,3,14
1759005381.2114484,0,0.7545,1.5,2,374.15,372.7999999999324,232.39999999999998,3,15
1759005381.221211,0,0.7565,1.5,2,374.03,372.6999999999324,232.4,3,14
1759005381.2318192,0,0.7585,1.5,2,373.91,372.5999999999324,232.45,3,14
1759005381.2418957,0,0.76,1.5,2,373.79,372.49999999993236,232.45,3,14
1759005381.2518306,0,0.7615,1.5,2,373.67,372.39999999993233,232.5,2,14
1759005381.2623003,0,0.763,1.5,2,373.55,372.2999999999323,232.6,3,13
1759005381.2723792,0,0.765,1.5,2,373.43,372.1999999999323,232.8,4,14
1759005381.2827415,0,0.7665,1.5,2,373.31,372.09999999993227,232.89999999999998,3,14
1759005381.2928803,0,0.768,1.5,2,373.19,371.99999999993224,232.89999999999998,3,13
1759005381.3026884,0,0.77,1.5,2,372.9,371.8999999999322,232.85,3,13
1759005381.3131275,0,0.771,1.5,2,372.78,371.7999999999322,232.85000000000002,3,13
1759005381.3234465,0,0.7735,1.5,2,372.66,371.6999999999322,232.85000000000002,4,13
1759005381.3333673,0,0.774,1.5,2,372.57,371.59999999993215,232.85,3,12
1759005381.3438094,0,0.775,1.5,2,372.45,371.49999999993213,232.9,3,14
1759005381.3539412,0,0.7765,1.5,2,372.36,371.3999999999321,232.95,3,13
1759005381.3638804,0,0.7785,1.5,2,372.24,371.2999999999321,233.0,2,15
1759005381.374373,0,0.7795,1.5,2,372.12,371.19999999993206,233.05,3,14
1759005381.3841116,0,0.7815,1.5,2,372,371.09999999993204,233.05,3,14
1759005381.3940933,0,0.7835,1.5,2,371.88,370.999999999932,233.05,3,14
1759005381.4045448,0,0.786,1.5,2,371.9,370.899999999932,232.95,2,15
1759005381.4144642,0,0.7865,1.5,2,371.78,370.79999999993197,232.85,1,14
1759005381.4243705,0,0.7875,1.5,2,371.66,370.69999999993195,232.75,2,14
1759005381.43459,0,0.789,1.5,2,371.57,370.5999999999319,232.7,2,14
1759005381.444823,0,0.7905,1.5,2,371.45,370.4999999999319,232.64999999999998,3,14
1759005381.4555473,0,0.792,1.5,2,371.33,370.3999999999319,232.55,2,15
1759005381.465337,0,0.7935,1.5,2,371.21,370.29999999993186,232.5,2,14
1759005381.4758897,0,0.795,1.5,2,371.09,370.19999999993183,232.45,2,14
1759005381.4858327,0,0.7975,1.5,2,370.97,370.0999999999318,232.4,3,14
1759005381.4958508,0,0.7985,1.5,2,371.03,369.9999999999318,232.4,2,15
1759005381.5063572,0,0.801,1.5,2,370.91,369.89999999993177,232.4,3,14
1759005381.5165641,0,0.8035,1.5,2,370.79,369.79999999993174,232.4,2,15
1759005381.5268424,0,0.806,1.5,2,370.67,369.6999999999317,232.35000000000002,3,14
1759005381.5368667,0,0.808,1.5,2,370.55,369.5999999999317,232.25,2,13
1759005381.5472078,0,0.811,1.5,2,370.43,369.4999999999317,232.1,3,14
1759005381.5575693,0,0.8125,1.5,2,370.31,369.39999999993165,231.95,2,14
1759005381.5678165,0,0.8145,1.5,2,370.19,369.29999999993163,231.8,2,14
1759005381.5780632,0,0.8165,1.5,2,370.07,369.1999999999316,231.75,3,14
1759005381.588017,0,0.8175,1.5,2,369.95,369.0999999999316,231.8,3,14
1759005381.5982769,0,0.8185,1.5,2,369.83,368.99999999993156,231.89999999999998,1,14
1759005381.6078584,0,0.8205,1.5,2,369.71,368.89999999993154,232.0,2,15
1759005381.6183228,0,0.822,1.5,2,369.59,368.7999999999315,232.05,3,14
1759005381.6281848,0,0.8235,1.5,2,369.47,368.6999999999315,232.05,4,13
1759005381.6386976,0,0.825,1.5,2,369.35,368.59999999993147,232.05,3,14
1759005381.6489332,0,0.8265,1.5,2,369.23,368.49999999993145,231.95,2,14
1759005381.6592612,0,0.828,1.5,2,369.09,368.3999999999314,231.9,1,13
1759005381.6688917,0,0.8295,1.5,2,368.91,368.2999999999314,231.85000000000002,3,11
1759005381.6793275,0,0.832,1.5,2,368.8,368.1999999999314,231.8,4,12
1759005381.6895106,0,0.8325,1.5,2,368.69,368.09999999993136,231.8,3,12
1759005381.6997678,0,0.834,1.5,2,368.69,367.99999999993133,231.75,3,13
1759005381.7101712,0,0.8355,1.5,2,368.69,367.8999999999313,231.75,4,14
1759005381.7201164,0,0.8375,1.5,2,368.58,367.7999999999313,231.8,4,16
1759005381.7297173,0,0.8385,1.5,2,368.34,367.69999999993126,231.89999999999998,4,15
1759005381.7395608,0,0.8395,1.5,2,368.28,367.59999999993124,231.95,5,15
1759005381.7498128,0,0.8405,1.5,2,368.22,367.4999999999312,231.95,3,17
1759005381.760001,0,0.842,1.5,2,368.16,367.3999999999312,231.95,4,17
1759005381.7697933,0,0.8435,1.5,2,368.1,367.2999999999312,232.0,5,16
1759005381.7802136,0,0.8465,1.5,2,367.84,367.19999999993115,232.05,5,18
1759005381.790716,0,0.8485,1.5,2,367.78,367.09999999993113,232.1,5,16
1759005381.8005936,0,0.8505,1.5,2,367.81,366.9999999999311,232.1,5,16
1759005381.8109055,0,0.8525,1.5,2,367.75,366.8999999999311,232.05,4,16
1759005381.820887,0,0.8545,1.5,2,367.69,366.79999999993106,232.1,5,16
1759005381.831112,0,0.856,1.5,2,367.51,366.69999999993104,232.2,5,16
1759005381.841112,0,0.8575,1.5,2,367.45,366.599999999931,232.25,4,16
1759005381.851439,0,0.8585,1.5,2,367.48,366.499999999931,232.3,4,16
1759005381.8620398,0,0.86,1.5,2,367.39,366.39999999993097,232.3,6,16
1759005381.871648,0,0.863,1.5,2,367.33,366.29999999993095,232.25,5,18
1759005381.8821466,0,0.8655,1.5,2,367.27,366.1999999999309,232.25,6,17
1759005381.8923361,0,0.8685,1.5,2,367.21,366.0999999999309,232.3,6,17
1759005381.9023242,0,0.87,1.5,2,367.15,365.9999999999309,232.39999999999998,5,17
1759005381.912486,0,0.8715,1.5,2,367.09,365.89999999993086,232.39999999999998,4,17
1759005381.9227607,0,0.874,1.5,2,367.03,365.79999999993083,232.4,5,18
1759005381.9332328,0,0.8765000000000001,1.5,2,366.97,365.6999999999308,232.4,5,18
1759005381.9429224,0,0.8785000000000001,1.5,2,366.91,365.5999999999308,232.4,6,17
1759005381.9532838,0,0.8815,1.5,2,366.85,365.49999999993076,232.4,6,16
1759005381.9633029,0,0.8845,1.5,2,366.79,365.39999999993074,232.5,6,18
1759005381.9738297,0,0.888,1.5,2,366.73,365.2999999999307,232.5,5,18
1759005381.983907,0,0.8915,1.5,2,366.67,365.1999999999307,232.5,5,18
1759005381.993838,0,0.8955,1.5,2,366.61,365.0999999999307,232.5,6,18
1759005382.0037704,0,0.898,1.5,2,366.55,364.99999999993065,232.55,5,17
1759005382.0138226,0,0.9005,1.5,2,366.35,364.8999999999306,232.5,5,18
1759005382.0236704,0,0.904,1.5,2,366.29,364.7999999999306,232.39999999999998,6,17
1759005382.0343418,0,0.907,1.5,2,366.23,364.6999999999306,232.3,5,16
1759005382.044555,0,0.91,1.5,2,366.17,364.59999999993056,232.2,5,16
1759005382.0549166,0,0.9125,1.5,2,366.11,364.49999999993054,232.15,4,17
1759005382.0648074,0,0.915,1.5,2,366.05,364.3999999999305,232.2,4,17
1759005382.0747156,0,0.918,1.5,2,365.99,364.2999999999305,232.25,5,17
1759005382.0858035,0,0.9205,1.5,2,365.93,364.19999999993047,232.3,4,18
1759005382.095528,0,0.9225,1.5,2,365.87,364.09999999993045,232.3,4,17
1759005382.1058729,0,0.9255,1.5,2,365.81,363.9999999999304,232.3,4,18
1759005382.116372,0,0.9275,1.5,2,365.74,363.8999999999304,232.25,3,17
1759005382.1262586,0,0.93,1.5,2,365.68,363.7999999999304,232.2,4,17
1759005382.1364007,0,0.9315,1.5,2,365.62,363.69999999993036,232.15,4,16
1759005382.14686,0,0.933,1.5,2,365.56,363.59999999993033,232.25,4,17
1759005382.1571317,0,0.934,1.5,2,365.5,363.4999999999303,232.4,3,16
1759005382.1670938,0,0.9355,1.5,2,365.44,363.3999999999303,232.55,4,17
1759005382.177528,0,0.9385,1.5,2,365.38,363.29999999993026,232.65,4,16
1759005382.1874228,0,0.9405,1.5,2,365.32,363.19999999993024,232.7,4,16
1759005382.1978562,0,0.9415,1.5,2,365.26,363.0999999999302,232.75,3,16
1759005382.207731,0,0.943,1.5,2,365.33,362.9999999999302,232.7,4,16
1759005382.2179189,0,0.9445,1.5,2,365.27,362.8999999999302,232.6,4,16
1759005382.228679,0,0.9455,1.5,2,365.21,362.79999999993015,232.5,4,16
1759005382.23847,0,0.947,1.5,2,365.15,362.6999999999301,232.45,4,16
1759005382.2489674,0,0.948,1.5,2,365.09,362.5999999999301,232.45,3,16
1759005382.2586656,0,0.949,1.5,2,365.03,362.4999999999301,232.45,3,16
1759005382.2692397,0,0.951,1.5,2,364.97,362.39999999993006,232.45,4,16
1759005382.2796144,0,0.953,1.5,2,364.91,362.29999999993004,232.4,4,16
1759005382.2894652,0,0.954,1.5,2,364.85,362.19999999993,232.3,5,15
1759005382.2994742,0,0.9555,1.5,2,364.79,362.09999999993,232.2,4,16
1759005382.3098273,0,0.9575,1.5,2,364.73,361.99999999992997,232.2,5,15
1759005382.3199968,0,0.9595,1.5,2,364.67,361.89999999992995,232.25,5,15
1759005382.3301067,0,0.9615,1.5,2,364.61,361.7999999999299,232.35,4,16
1759005382.34052,0,0.963,1.5,2,364.55,361.6999999999299,232.5,4,16
1759005382.3504586,0,0.966,1.5,2,364.46,361.5999999999299,232.6,5,16
1759005382.360718,0,0.9675,1.5,2,364.4,361.49999999992986,232.6,4,16
1759005382.3713353,0,0.9695,1.5,2,364.31,361.39999999992983,232.55,4,16
1759005382.3812237,0,0.9715,1.5,2,364.25,361.2999999999298,232.5,4,17
1759005382.3917863,0,0.974,1.5,2,364.19,361.1999999999298,232.5,5,17
1759005382.402065,0,0.9755,1.5,2,364.13,361.09999999992976,232.5,4,16
1759005382.411952,0,0.976,1.5,2,364.07,360.99999999992974,232.6,3,15
1759005382.4223628,0,0.9775,1.5,2,363.96,360.8999999999297,232.75,4,16
1759005382.4323227,0,0.9795,1.5,2,363.9,360.7999999999297,232.9,3,16
1759005382.4424453,0,0.981,1.5,2,363.84,360.6999999999297,233.0,3,16
1759005382.4525392,0,0.983,1.5,2,363.75,360.59999999992965,233.05,4,16
1759005382.4627328,0,0.9845,1.5,2,363.69,360.4999999999296,233.1,4,16
1759005382.4729023,0,0.986,1.5,2,363.63,360.3999999999296,233.14999999999998,3,17
1759005382.4825504,0,0.988,1.5,2,363.57,360.2999999999296,233.1,3,17
1759005382.4935074,0,0.9895,1.5,2,363.51,360.19999999992956,233.10000000000002,3,16
1759005382.503315,0,0.991,1.5,2,363.45,360.09999999992954,233.15,4,16
1759005382.5137188,0,0.9935,1.5,2,363.21,359.9999999999295,233.25,5,17
1759005382.5237808,0,0.9945,1.5,2,363.28,359.8999999999295,233.3,4,15
1759005382.5340867,0,0.9965,1.5,2,363.22,359.79999999992947,233.35000000000002,5,16
1759005382.5439994,0,0.999,1.5,2,363.16,359.69999999992945,233.45,5,17
1759005382.5539598,0,1.002,1.5,2,363.1,359.5999999999294,233.5,5,16
1759005382.5640743,0,1.004,1.5,2,363.04,359.4999999999294,233.6,4,17
1759005382.5740542,0,1.006,1.5,2,362.98,359.3999999999294,233.7,4,16
1759005382.5839767,0,1.008,1.5,2,362.92,359.29999999992935,233.7,4,16
1759005382.594658,0,1.0095,1.5,2,362.86,359.19999999992933,233.7,3,17
1759005382.604308,0,1.0115,1.5,2,362.8,359.0999999999293,233.64999999999998,4,17
1759005382.6149426,0,1.014,1.5,2,362.74,358.9999999999293,233.6,3,17
1759005382.6253092,0,1.0155,1.5,2,362.68,358.89999999992926,233.6,5,15
1759005382.6351907,0,1.0165,1.5,2,362.62,358.79999999992924,233.64999999999998,4,15
1759005382.6452868,0,1.018,1.5,2,362.56,358.6999999999292,233.75,4,16
1759005382.655467,0,1.019,1.5,2,362.5,358.5999999999292,233.8,4,15
1759005382.6655836,0,1.0215,1.5,2,362.44,358.4999999999292,233.9,4,17
1759005382.6760466,0,1.025,1.5,2,362.38,358.39999999992915,233.9,5,16
1759005382.68606,0,1.028,1.5,2,362.32,358.2999999999291,233.95,4,16
1759005382.6964223,0,1.0295,1.5,2,362.19,358.1999999999291,234.0,4,15
1759005382.706793,0,1.033,1.5,2,362.1,358.0999999999291,234.05,6,16
1759005382.7169964,0,1.036,1.5,2,361.92,357.99999999992906,234.15,5,17
1759005382.7267468,0,1.0385,1.5,2,361.65,357.89999999992904,234.15,5,18
1759005382.7368708,0,1.0415,1.5,2,361.63,357.799999999929,234.15,6,20
1759005382.7473664,0,1.0445,1.5,2,361.63,357.699999999929,234.05,6,19
1759005382.7576766,0,1.0475,1.5,2,361.54,357.59999999992897,234.0,6,20
1759005382.7676418,0,1.051,1.5,2,361.54,357.49999999992895,233.95,7,20
1759005382.7780535,0,1.0535,1.5,2,361.45,357.3999999999289,233.95,8,18
1759005382.7879097,0,1.056,1.5,2,361.34,357.2999999999289,234.0,8,18
1759005382.7983994,0,1.0585,1.5,2,361.23,357.1999999999289,234.14999999999998,8,20
1759005382.8083663,0,1.0615,1.5,2,361.12,357.09999999992885,234.25,6,21
1759005382.8187187,0,1.0645,1.5,2,361.05,356.99999999992883,234.35,7,20
1759005382.8287244,0,1.0685,1.5,2,360.89,356.8999999999288,234.45,7,21
1759005382.8390164,0,1.0715,1.5,2,360.78,356.7999999999288,234.55,7,20
1759005382.8493361,0,1.0755,1.5,2,360.67,356.69999999992876,234.60000000000002,9,20
1759005382.8594353,0,1.0785,1.5,2,360.56,356.59999999992874,234.65,7,19
1759005382.8700275,0,1.0825,1.5,2,360.36,356.4999999999287,234.7,8,20
1759005382.8799949,0,1.0845,1.5,2,360.2,356.3999999999287,234.75,6,20
1759005382.889694,0,1.086,1.5,2,360.09,356.2999999999287,234.85,6,20
1759005382.899198,0,1.0865,1.5,2,359.98,356.19999999992865,234.9,5,19
1759005382.9097843,0,1.0875,1.5,2,359.82,356.0999999999286,234.85,6,19
1759005382.919651,0,1.0895,1.5,2,359.71,355.9999999999286,234.89999999999998,6,20
1759005382.9295397,0,1.092,1.5,2,359.73,355.8999999999286,235.0,6,20
1759005382.9400182,0,1.0935,1.5,2,359.6,355.79999999992856,235.15,7,19
1759005382.950614,0,1.0955,1.5,2,359.44,355.69999999992854,235.25,7,20
1759005382.9609325,0,1.0975,1.5,2,359.33,355.5999999999285,235.25,7,20
1759005382.9711268,0,1.1,1.5,2,359.22,355.4999999999285,235.25,6,21
1759005382.9812758,0,1.101,1.5,2,359.11,355.39999999992847,235.2,6,20
1759005382.991453,0,1.1025,1.5,2,359,355.29999999992845,235.25,6,20
1759005383.0019789,0,1.105,1.5,2,358.91,355.1999999999284,235.35000000000002,8,20
1759005383.0116842,0,1.1065,1.5,2,358.8,355.0999999999284,235.4,7,20
1759005383.0217266,0,1.1085,1.5,2,358.69,354.9999999999284,235.45,6,20
1759005383.032253,0,1.11,1.5,2,358.53,354.89999999992835,235.5,6,20
1759005383.0423286,0,1.112,1.5,2,358.42,354.79999999992833,235.6,7,20
1759005383.0524907,0,1.1145,1.5,2,358.26,354.6999999999283,235.7,7,19
1759005383.0629478,0,1.117,1.5,2,358.15,354.5999999999283,235.8,7,19
1759005383.0728464,0,1.1195,1.5,2,358.04,354.49999999992826,235.85,6,20
1759005383.0832334,0,1.121,1.5,2,357.93,354.39999999992824,235.85,6,18
1759005383.0932438,0,1.122,1.5,2,357.82,354.2999999999282,235.85,5,19
1759005383.1033115,0,1.124,1.5,2,357.66,354.1999999999282,235.75,7,19
1759005383.1138387,0,1.1260000000000001,1.5,2,357.55,354.0999999999282,235.7,7,18
1759005383.123532,0,1.1280000000000001,1.5,2,357.39,353.99999999992815,235.64999999999998,7,19
1759005383.1343656,0,1.1305,1.5,2,357.28,353.8999999999281,235.64999999999998,7,18
1759005383.1444535,0,1.1335,1.5,2,357.17,353.7999999999281,235.75,7,20
1759005383.1543922,0,1.137,1.5,2,357.06,353.6999999999281,235.8,7,20
1759005383.1648746,0,1.1400000000000001,1.5,2,356.95,353.59999999992806,235.8,7,20
1759005383.1745865,0,1.1435,1.5,2,356.84,353.49999999992804,235.7,7,19
1759005383.1853445,0,1.1465,1.5,2,356.73,353.399999999928,235.6,7,20
1759005383.195192,0,1.1495,1.5,2,356.57,353.299999999928,235.5,6,20
1759005383.2053828,0,1.1525,1.5,2,356.46,353.19999999992797,235.45,7,19
1759005383.215695,0,1.1565,1.5,2,356.35,353.09999999992795,235.5,7,20
1759005383.2256873,0,1.16,1.5,2,356.06,352.9999999999279,235.6,7,20
1759005383.2360456,0,1.1625,1.5,2,356.12,352.8999999999279,235.7,6,19
1759005383.2462409,0,1.1655,1.5,2,356.01,352.7999999999279,235.8,7,19
1759005383.2565818,0,1.1695,1.5,2,355.85,352.69999999992785,235.85,7,21
1759005383.2666934,0,1.1735,1.5,2,355.74,352.59999999992783,235.85,6,21
1759005383.276903,0,1.177,1.5,2,355.65,352.4999999999278,235.85,7,19
1759005383.287001,0,1.1795,1.5,2,355.54,352.3999999999278,235.85,6,19
1759005383.2966168,0,1.1815,1.5,2,355.43,352.29999999992776,235.9,6,18
1759005383.3075423,0,1.184,1.5,2,355.32,352.19999999992774,235.9,6,19
1759005383.317925,0,1.1865,1.5,2,355.16,352.0999999999277,235.89999999999998,6,19
1759005383.3280857,0,1.189,1.5,2,355.22,351.9999999999277,235.9,6,19
1759005383.337669,0,1.192,1.5,2,355.06,351.8999999999277,235.95,6,20
1759005383.3484917,0,1.1955,1.5,2,354.9,351.79999999992765,235.89999999999998,6,21
1759005383.3586926,0,1.199,1.5,2,354.74,351.6999999999276,235.8,7,20
1759005383.3687263,0,1.2015,1.5,2,354.65,351.5999999999276,235.75,7,19
1759005383.379134,0,1.204,1.5,2,354.54,351.4999999999276,235.8,7,18
1759005383.3894138,0,1.2065000000000001,1.5,2,354.43,351.39999999992756,235.85000000000002,7,18
1759005383.399311,0,1.208,1.5,2,354.32,351.29999999992754,235.95,6,18
1759005383.409298,0,1.21,1.5,2,354.16,351.1999999999275,236.05,7,19
1759005383.419674,0,1.2135,1.5,2,354.05,351.0999999999275,236.15,8,19
1759005383.4297543,0,1.2175,1.5,2,353.94,350.99999999992747,236.15,7,19
1759005383.4404032,0,1.2205,1.5,2,353.69,350.89999999992745,236.10000000000002,7,19
1759005383.4506652,0,1.224,1.5,2,353.58,350.7999999999274,236.10000000000002,7,19
1759005383.4604774,0,1.2275,1.5,2,353.47,350.6999999999274,236.15,7,19
1759005383.4711893,0,1.23,1.5,2,353.31,350.5999999999274,236.2,6,19
1759005383.4807196,0,1.233,1.5,2,353.2,350.49999999992735,236.3,6,20
1759005383.4912062,0,1.235,1.5,2,353.04,350.39999999992733,236.4,6,18
1759005383.5017178,0,1.238,1.5,2,352.95,350.2999999999273,236.55,6,20
1759005383.5118876,0,1.2415,1.5,2,352.84,350.1999999999273,236.65,7,19
1759005383.521927,0,1.243,1.5,2,352.73,350.09999999992726,236.7,6,17
1759005383.5321164,0,1.2445,1.5,2,352.62,349.99999999992724,236.7,7,18
1759005383.5422826,0,1.248,1.5,2,352.49,349.8999999999272,236.7,8,18
1759005383.5523598,0,1.25,1.5,2,352.38,349.7999999999272,236.7,7,18
1759005383.562755,0,1.2515,1.5,2,352.27,349.6999999999272,236.75,6,19
1759005383.5730925,0,1.2530000000000001,1.5,2,352.16,349.59999999992715,236.8,5,19
1759005383.5831523,0,1.2555,1.5,2,352.05,349.4999999999271,236.85000000000002,6,20
1759005383.592831,0,1.2585,1.5,2,351.89,349.3999999999271,236.9,6,20
1759005383.6035995,0,1.2615,1.5,2,351.78,349.2999999999271,237.05,6,20
1759005383.6132662,0,1.2645,1.5,2,351.67,349.19999999992706,237.14999999999998,7,19
1759005383.6237986,0,1.2665,1.5,2,351.51,349.09999999992704,237.2,7,18
1759005383.6339502,0,1.2685,1.5,2,351.4,348.999999999927,237.2,6,18
1759005383.6439815,0,1.2705,1.5,2,351.29,348.899999999927,237.10000000000002,6,18
1759005383.65454,0,1.2730000000000001,1.5,2,351.18,348.79999999992697,237.0,6,18
1759005383.6645653,0,1.2750000000000001,1.5,2,351.09,348.69999999992694,236.85,6,18
1759005383.6744914,0,1.278,1.5,2,350.98,348.5999999999269,236.8,7,18
1759005383.6849148,0,1.2795,1.5,2,350.82,348.4999999999269,236.75,6,18
1759005383.6948218,0,1.281,1.5,2,350.71,348.3999999999269,236.75,6,18
1759005383.7051423,0,1.284,1.5,2,350.6,348.29999999992685,236.75,7,19
1759005383.7151268,0,1.2875,1.5,2,350.49,348.19999999992683,236.8,7,19
1759005383.7256892,0,1.289,1.5,2,350.38,348.0999999999268,236.85000000000002,7,18
1759005383.7358832,0,1.2905,1.5,2,350.38,347.9999999999268,236.85000000000002,7,18
1759005383.745562,0,1.2915,1.5,2,350.47,347.89999999992676,236.9,6,19
1759005383.7561245,0,1.2925,1.5,2,350.47,347.79999999992674,236.95,8,20
1759005383.765615,0,1.2945,1.5,2,350.47,347.6999999999267,237.05,9,20
1759005383.7762122,0,1.296,1.5,2,350.4,347.5999999999267,237.14999999999998,10,19
1759005383.786411,0,1.297,1.5,2,350.24,347.4999999999267,237.25,9,20
1759005383.7964685,0,1.299,1.5,2,350.15,347.39999999992665,237.25,10,20
1759005383.806799,0,1.3005,1.5,2,350.1,347.2999999999266,237.2,9,20
1759005383.816871,0,1.3025,1.5,2,350.01,347.1999999999266,237.05,11,21
1759005383.8273833,0,1.305,1.5,2,349.9,347.0999999999266,236.95,10,22
1759005383.836708,0,1.3075,1.5,2,349.66,346.99999999992656,236.9,11,21
1759005383.847545,0,1.309,1.5,2,349.71,346.89999999992654,236.85000000000002,10,21
1759005383.8576548,0,1.311,1.5,2,349.6,346.7999999999265,236.85000000000002,10,21
1759005383.8678708,0,1.3125,1.5,2,349.49,346.6999999999265,236.85000000000002,11,21
1759005383.877631,0,1.315,1.5,2,349.38,346.59999999992647,236.85000000000002,11,20
1759005383.8876352,0,1.3175000000000001,1.5,2,349.4,346.49999999992644,236.8,11,22
1759005383.89798,0,1.321,1.5,2,349.29,346.3999999999264,236.8,11,22
1759005383.907883,0,1.324,1.5,2,349.18,346.2999999999264,236.8,11,21
1759005383.9184003,0,1.328,1.5,2,349.07,346.1999999999264,236.85,11,21
1759005383.928724,0,1.332,1.5,2,349.01,346.09999999992635,236.89999999999998,11,22
1759005383.9388204,0,1.3365,1.5,2,348.9,345.99999999992633,236.85,13,22
1759005383.9489133,0,1.34,1.5,2,348.79,345.8999999999263,236.8,11,22
1759005383.9593258,0,1.343,1.5,2,348.72,345.7999999999263,236.75,11,21
1759005383.9691052,0,1.345,1.5,2,348.66,345.69999999992626,236.75,10,21
1759005383.9794807,0,1.3475,1.5,2,348.57,345.59999999992624,236.85,10,22
1759005383.9895678,0,1.351,1.5,2,348.41,345.4999999999262,236.95,11,23
1759005383.999776,0,1.3545,1.5,2,348.3,345.3999999999262,236.95,11,22
1759005384.0096123,0,1.358,1.5,2,348.19,345.2999999999262,236.9,11,22
1759005384.0195994,0,1.36,1.5,2,348.06,345.19999999992615,236.9,11,21
1759005384.0300963,0,1.362,1.5,2,347.97,345.0999999999261,237.0,11,20
1759005384.0407665,0,1.3655,1.5,2,347.88,344.9999999999261,237.05,12,21
1759005384.0508728,0,1.3685,1.5,2,347.95,344.8999999999261,237.10000000000002,12,20
1759005384.060602,0,1.371,1.5,2,347.84,344.79999999992606,237.05,11,21
1759005384.0709288,0,1.374,1.5,2,347.8,344.69999999992604,237.0,11,21
1759005384.0812912,0,1.377,1.5,2,347.69,344.599999999926,236.89999999999998,11,21
1759005384.0914304,0,1.3800000000000001,1.5,2,347.58,344.499999999926,236.85,11,21
1759005384.1018147,0,1.3840000000000001,1.5,2,347.47,344.39999999992597,236.85,11,21
1759005384.1119852,0,1.3880000000000001,1.5,2,347.36,344.29999999992594,236.95,11,21
1759005384.1219943,0,1.391,1.5,2,347.32,344.1999999999259,237.15,11,21
1759005384.1320596,0,1.3940000000000001,1.5,2,347.21,344.0999999999259,237.35,11,20
1759005384.142449,0,1.3965,1.5,2,347.17,343.9999999999259,237.55,11,20
1759005384.1522906,1759005384.151589,1.4005,1.5,0,346.95,343.89999999992585,237.7,12,21
1759005384.1626618,1759005384.151589,1.4035,1.5,0,346.84,343.89999999992585,237.75,12,21
1759005384.1728885,1759005384.151589,1.406,1.5,0,346.73,343.89999999992585,237.8,10,22
1759005384.1828475,1759005384.151589,1.4085,1.5,0,346.62,343.89999999992585,237.85000000000002,12,20
1759005384.192697,1759005384.151589,1.4125,1.5,0,346.53,343.89999999992585,237.95,12,22
1759005384.202548,1759005384.151589,1.4155,1.5,0,346.42,343.89999999992585,238.1,11,22
1759005384.2132835,1759005384.151589,1.419,1.5,0,346.36,343.89999999992585,238.25,12,21
1759005384.2231183,1759005384.151589,1.4215,1.5,0,346.27,343.89999999992585,238.4,12,19
1759005384.2335305,1759005384.151589,1.4235,1.5,0,346.18,343.89999999992585,238.4,11,20
1759005384.243573,1759005384.151589,1.426,1.5,0,346.14,343.89999999992585,238.45,11,21
1759005384.2539706,1759005384.151589,1.4295,1.5,0,345.86,343.89999999992585,238.5,11,21
1759005384.2639217,1759005384.151589,1.433,1.5,0,345.77,343.89999999992585,238.55,11,22
1759005384.2742567,1759005384.151589,1.4355,1.5,0,345.71,343.89999999992585,238.6,12,21
1759005384.2843578,1759005384.151589,1.438,1.5,0,345.6,343.89999999992585,238.64999999999998,10,22
1759005384.294732,1759005384.151589,1.441,1.5,0,345.47,343.89999999992585,238.7,10,22
1759005384.3048112,1759005384.151589,1.444,1.5,0,345.36,343.89999999992585,238.85,10,21
1759005384.3148346,1759005384.151589,1.4475,1.5,0,345.25,343.89999999992585,239.0,10,21
1759005384.324945,1759005384.151589,1.4505000000000001,1.5,0,345.14,343.89999999992585,239.15,10,21
1759005384.3352592,1759005384.151589,1.454,1.5,0,345.1,343.89999999992585,239.35,10,22
1759005384.3455276,1759005384.151589,1.458,1.5,0,344.84,343.89999999992585,239.5,11,22
1759005384.355673,1759005384.151589,1.4605,1.5,0,344.78,343.89999999992585,239.60000000000002,11,20
1759005384.3659647,1759005384.151589,1.4635,1.5,0,344.72,343.89999999992585,239.75,11,22
1759005384.3758526,1759005384.151589,1.4655,1.5,0,344.66,343.89999999992585,239.85,11,20
1759005384.386529,1759005384.151589,1.468,1.5,0,344.48,343.89999999992585,239.95,11,20
1759005384.3965511,1759005384.151589,1.471,1.5,0,344.37,343.89999999992585,240.05,11,20
1759005384.406571,1759005384.151589,1.4735,1.5,0,344.26,343.89999999992585,240.15,11,19
1759005384.4166903,1759005384.151589,1.478,1.5,0,344.15,343.89999999992585,240.15,10,23
1759005384.4266422,1759005384.151589,1.482,1.5,0,344.11,343.89999999992585,240.10000000000002,11,23
1759005384.4376864,1759005384.151589,1.485,1.5,0,344.02,343.89999999992585,240.05,12,21
1759005384.4474514,1759005384.151589,1.488,1.5,0,343.91,343.89999999992585,240.10000000000002,11,21
1759005384.4581082,1759005384.151589,1.49,1.5,0,343.85,343.89999999992585,240.2,10,20
1759005384.4680157,1759005384.151589,1.493,1.5,0,343.74,343.89999999992585,240.2,11,21
1759005384.4780333,1759005384.151589,1.495,1.5,0,343.63,343.89999999992585,240.14999999999998,10,20
1759005384.4884124,1759005384.151589,1.498,1.5,0,343.52,343.89999999992585,240.05,10,21
1759005384.4983153,1759005384.151589,1.5005,1.5,0,343.41,343.89999999992585,239.95,10,21
1759005384.5087104,1759005384.151589,1.504,1.5,0,343.35,343.89999999992585,239.95,10,21
1759005384.518446,1759005384.151589,1.506,1.5,0,343.22,343.89999999992585,239.95,9,21
1759005384.528875,1759005384.151589,1.5085,1.5,0,343.11,343.89999999992585,240.05,11,20
1759005384.5387309,1759005384.151589,1.5130000000000001,1.5,0,343,343.89999999992585,240.10000000000002,11,21
1759005384.5489964,1759005384.151589,1.516,1.5,0,342.91,343.89999999992585,240.05,10,21
1759005384.5595937,1759005384.151589,1.52,1.5,0,342.71,343.89999999992585,240.0,12,22
1759005384.5693614,1759005384.151589,1.524,1.5,0,342.62,343.89999999992585,239.95,11,22
1759005384.5794797,1759005384.151589,1.527,1.5,0,342.51,343.89999999992585,239.9,11,20
1759005384.5898242,1759005384.151589,1.531,1.5,0,342.4,343.89999999992585,239.85,11,21
1759005384.599761,1759005384.151589,1.534,1.5,0,342.29,343.89999999992585,239.85,11,21
1759005384.6099536,1759005384.151589,1.536,1.5,0,342.23,343.89999999992585,239.85,10,20
1759005384.6201868,1759005384.151589,1.538,1.5,0,342.12,343.89999999992585,239.85,9,21
1759005384.6304486,1759005384.151589,1.541,1.5,0,342.01,343.89999999992585,239.85,11,21
1759005384.6407506,1759005384.151589,1.545,1.5,0,341.95,343.89999999992585,240.0,11,22
1759005384.651042,1759005384.151589,1.5495,1.5,0,341.84,343.89999999992585,240.2,11,22
1759005384.6608438,1759005384.151589,1.553,1.5,0,341.73,343.89999999992585,240.39999999999998,10,21
1759005384.6713347,1759005384.151589,1.5565,1.5,0,341.62,343.89999999992585,240.55,10,21
1759005384.681574,1759005384.151589,1.561,1.5,0,341.49,343.89999999992585,240.65,12,21
1759005384.6915274,1759005384.151589,1.5655000000000001,1.5,0,341.4,343.89999999992585,240.75,12,22
1759005384.7015834,1759005384.151589,1.5695000000000001,1.5,0,341.34,343.89999999992585,240.85,11,21
1759005384.7119098,1759005384.151589,1.5735000000000001,1.5,0,341.23,343.89999999992585,240.95,11,21
1759005384.7221603,1759005384.151589,1.576,1.5,0,341.12,343.89999999992585,241.05,10,21
1759005384.7324417,1759005384.151589,1.5785,1.5,0,341.01,343.89999999992585,241.14999999999998,11,20
1759005384.7426155,1759005384.151589,1.5815000000000001,1.5,0,340.84,343.89999999992585,241.25,11,20
1759005384.7529325,1759005384.151589,1.585,1.5,0,340.62,343.89999999992585,241.3,10,22
1759005384.7632127,1759005384.151589,1.588,1.5,0,340.4,343.89999999992585,241.3,10,21
1759005384.7733655,1759005384.151589,1.59,1.5,0,340.18,343.89999999992585,241.25,10,22
1759005384.7836978,1759005384.151589,1.5915,1.5,0,339.98,343.89999999992585,241.25,11,21
1759005384.7935956,1759005384.151589,1.5925,1.5,0,339.92,343.89999999992585,241.25,10,21
1759005384.803984,1759005384.151589,1.5935,1.5,0,339.86,343.89999999992585,241.3,10,21
1759005384.8141494,1759005384.151589,1.594,1.5,0,339.82,343.89999999992585,241.4,10,21
1759005384.824124,1759005384.151589,1.596,1.5,0,339.71,343.89999999992585,241.5,10,23
1759005384.8337555,1759005384.151589,1.5955,1.5,0,339.69,343.89999999992585,241.60000000000002,10,21
1759005384.8442645,1759005384.151589,1.595,1.5,0,339.69,343.89999999992585,241.7,10,21
1759005384.8543098,1759005384.151589,1.594,1.5,0,339.69,343.89999999992585,241.75,9,21
1759005384.8643975,1759005384.151589,1.595,1.5,0,339.58,343.89999999992585,241.8,11,22
1759005384.8744078,1759005384.151589,1.596,1.5,0,339.6,343.89999999992585,241.65,11,22
1759005384.8844628,1759005384.151589,1.596,1.5,0,339.6,343.89999999992585,241.55,11,21
1759005384.895039,1759005384.151589,1.5965,1.5,0,339.6,343.89999999992585,241.45,11,21
1759005384.9046006,1759005384.151589,1.595,1.5,0,339.47,343.89999999992585,241.45,10,20
1759005384.914741,1759005384.151589,1.594,1.5,0,339.52,343.89999999992585,241.5,11,20
1759005384.9256456,1759005384.151589,1.594,1.5,0,339.52,343.89999999992585,241.55,12,20
1759005384.9352775,1759005384.151589,1.5935,1.5,0,339.54,343.89999999992585,241.60000000000002,11,20
1759005384.945786,1759005384.151589,1.593,1.5,0,339.54,343.89999999992585,241.7,11,21
1759005384.9558096,1759005384.151589,1.591,1.5,0,339.54,343.89999999992585,241.8,11,20
1759005384.9660237,1759005384.151589,1.5895000000000001,1.5,0,339.41,343.89999999992585,241.9,10,20
1759005384.9762783,1759005384.151589,1.59,1.5,0,339.41,343.89999999992585,241.9,11,22
1759005384.9861488,1759005384.151589,1.5905,1.5,0,339.41,343.89999999992585,241.85000000000002,11,21
1759005384.9968164,1759005384.151589,1.589,1.5,0,339.39,343.89999999992585,241.8,10,19
1759005385.0065346,1759005384.151589,1.5865,1.5,0,339.44,343.89999999992585,241.75,9,20
1759005385.016538,1759005384.151589,1.5855000000000001,1.5,0,339.44,343.89999999992585,241.7,11,20
1759005385.0271525,1759005384.151589,1.585,1.5,0,339.46,343.89999999992585,241.64999999999998,11,21
1759005385.0367663,1759005384.151589,1.5855000000000001,1.5,0,339.46,343.89999999992585,241.55,11,22
1759005385.0470924,1759005384.151589,1.586,1.5,0,339.46,343.89999999992585,241.45,11,21
1759005385.0569232,1759005384.151589,1.585,1.5,0,339.44,343.89999999992585,241.4,11,20
1759005385.0667772,1759005384.151589,1.585,1.5,0,339.31,343.89999999992585,241.35,11,21
1759005385.0769649,1759005384.151589,1.585,1.5,0,339.31,343.89999999992585,241.39999999999998,11,21
1759005385.0872579,1759005384.151589,1.585,1.5,0,339.29,343.89999999992585,241.45,10,22
1759005385.0977032,1759005384.151589,1.5845,1.5,0,339.31,343.89999999992585,241.55,11,20
1759005385.107293,1759005384.151589,1.584,1.5,0,339.31,343.89999999992585,241.60000000000002,10,21
1759005385.1174424,1759005384.151589,1.5835000000000001,1.5,0,339.31,343.89999999992585,241.60000000000002,10,21
1759005385.1273887,1759005384.151589,1.5835000000000001,1.5,0,339.31,343.89999999992585,241.5,10,22
1759005385.1376815,1759005384.151589,1.584,1.5,0,339.31,343.89999999992585,241.39999999999998,11,22
1759005385.147926,1759005384.151589,1.5845,1.5,0,339.33,343.89999999992585,241.3,11,21
1759005385.157797,1759005384.151589,1.585,1.5,0,339.31,343.89999999992585,241.2,11,21
1759005385.1682014,1759005384.151589,1.584,1.5,0,339.31,343.89999999992585,241.2,10,21
1759005385.178244,1759005384.151589,1.5825,1.5,0,339.31,343.89999999992585,241.15,10,20
1759005385.1884377,1759005384.151589,1.582,1.5,0,339.31,343.89999999992585,241.15,10,21
1759005385.1985116,1759005384.151589,1.582,1.5,0,339.31,343.89999999992585,241.15,11,21
1759005385.2090745,1759005384.151589,1.5805,1.5,0,339.31,343.89999999992585,241.1,11,20
1759005385.2191231,1759005384.151589,1.58,1.5,0,339.31,343.89999999992585,241.0,10,22
1759005385.229113,1759005384.151589,1.5785,1.5,0,339.33,343.89999999992585,240.95,9,21
1759005385.2395577,1759005384.151589,1.579,1.5,0,339.31,343.89999999992585,240.85,10,22
1759005385.249354,1759005384.151589,1.579,1.5,0,339.29,343.89999999992585,240.85,9,22
1759005385.2596004,1759005384.151589,1.5785,1.5,0,339.22,343.89999999992585,240.85,9,22
1759005385.2696369,1759005384.151589,1.5785,1.5,0,339.24,343.89999999992585,240.85,10,22
1759005385.279575,1759005384.151589,1.578,1.5,0,339.24,343.89999999992585,240.89999999999998,11,21
1759005385.2896128,1759005384.151589,1.577,1.5,0,339.24,343.89999999992585,240.95,10,21
1759005385.2998526,1759005384.151589,1.576,1.5,0,339.24,343.89999999992585,240.95,10,20
1759005385.3100696,1759005384.151589,1.575,1.5,0,339.24,343.89999999992585,240.95,10,20
1759005385.3209202,1759005384.151589,1.575,1.5,0,339.24,343.89999999992585,240.85,10,21
1759005385.331322,1759005384.151589,1.5745,1.5,0,339.26,343.89999999992585,240.75,10,20
1759005385.3416615,1759005384.151589,1.5745,1.5,0,339.23,343.89999999992585,240.7,11,20
1759005385.3517897,1759005384.151589,1.574,1.5,0,339.16,343.89999999992585,240.6,11,20
1759005385.3616784,1759005384.151589,1.5725,1.5,0,339.16,343.89999999992585,240.5,10,20
1759005385.372207,1759005384.151589,1.572,1.5,0,339.18,343.89999999992585,240.45,9,21
1759005385.3817236,1759005384.151589,1.5705,1.5,0,339.2,343.89999999992585,240.45,10,20
1759005385.392398,1759005384.151589,1.57,1.5,0,339.2,343.89999999992585,240.5,10,20
1759005385.4025793,1759005384.151589,1.569,1.5,0,339.27,343.89999999992585,240.5,10,19
1759005385.4127798,1759005384.151589,1.5685,1.5,0,339.27,343.89999999992585,240.45,10,20
1759005385.422807,1759005384.151589,1.5695000000000001,1.5,0,339.27,343.89999999992585,240.4,10,22
1759005385.4331074,1759005384.151589,1.5685,1.5,0,339.29,343.89999999992585,240.5,9,22
1759005385.4433289,1759005384.151589,1.5675000000000001,1.5,0,339.29,343.89999999992585,240.6,10,22
1759005385.4536366,1759005384.151589,1.5665,1.5,0,339.27,343.89999999992585,240.7,10,21
1759005385.4639654,1759005384.151589,1.566,1.5,0,339.29,343.89999999992585,240.7,10,21
1759005385.4735715,1759005384.151589,1.567,1.5,0,339.29,343.89999999992585,240.64999999999998,10,22
1759005385.4837902,1759005384.151589,1.566,1.5,0,339.24,343.89999999992585,240.64999999999998,9,21
1759005385.493897,1759005384.151589,1.567,1.5,0,339.24,343.89999999992585,240.7,10,22
1759005385.5042775,1759005384.151589,1.5665,1.5,0,339.29,343.89999999992585,240.85000000000002,9,21
1759005385.5144188,1759005384.151589,1.566,1.5,0,339.24,343.89999999992585,241.0,10,20
1759005385.5243912,1759005384.151589,1.566,1.5,0,339.24,343.89999999992585,241.05,10,21
1759005385.5347013,1759005384.151589,1.5665,1.5,0,339.26,343.89999999992585,241.10000000000002,11,20
1759005385.5451608,1759005384.151589,1.5665,1.5,0,339.26,343.89999999992585,241.05,10,21
1759005385.5548098,1759005384.151589,1.566,1.5,0,339.26,343.89999999992585,241.05,11,20
1759005385.5652633,1759005384.151589,1.5655000000000001,1.5,0,339.26,343.89999999992585,241.05,10,20
1759005385.5750635,1759005384.151589,1.564,1.5,0,339.26,343.89999999992585,241.05,10,21
1759005385.5858533,1759005384.151589,1.5635000000000001,1.5,0,339.26,343.89999999992585,241.1,11,21
1759005385.5958676,1759005384.151589,1.5635000000000001,1.5,0,339.28,343.89999999992585,241.10000000000002,10,21
1759005385.6057622,1759005384.151589,1.5625,1.5,0,339.28,343.89999999992585,241.2,10,20
1759005385.616136,1759005384.151589,1.5615,1.5,0,339.28,343.89999999992585,241.3,10,20
1759005385.6269734,1759005384.151589,1.562,1.5,0,339.28,343.89999999992585,241.4,11,20
1759005385.6364932,1759005384.151589,1.562,1.5,0,339.3,343.89999999992585,241.45,9,21
1759005385.6466622,1759005384.151589,1.5605,1.5,0,339.3,343.89999999992585,241.45,9,20
1759005385.6570854,1759005384.151589,1.559,1.5,0,339.3,343.89999999992585,241.4,10,20
1759005385.667138,1759005384.151589,1.5585,1.5,0,339.32,343.89999999992585,241.35000000000002,11,21
1759005385.6768718,1759005384.151589,1.558,1.5,0,339.32,343.89999999992585,241.4,10,20
1759005385.687342,1759005384.151589,1.5575,1.5,0,339.32,343.89999999992585,241.45,10,20
1759005385.6971083,1759005384.151589,1.5565,1.5,0,339.32,343.89999999992585,241.45,10,21
1759005385.7071059,1759005384.151589,1.5545,1.5,0,339.25,343.89999999992585,241.45,9,21
1759005385.7168217,1759005384.151589,1.5545,1.5,0,339.25,343.89999999992585,241.45,10,22
1759005385.7274234,1759005384.151589,1.555,1.5,0,339.25,343.89999999992585,241.45,11,22
1759005385.7376757,1759005384.151589,1.555,1.5,0,339.25,343.89999999992585,241.45,10,21
1759005385.7477536,1759005384.151589,1.555,1.5,0,339.25,343.89999999992585,241.35,10,21
1759005385.757555,1759005384.151589,1.5555,1.5,0,339.27,343.89999999992585,241.25,10,22
1759005385.7677078,1759005384.151589,1.555,1.5,0,339.29,343.89999999992585,241.2,9,22
1759005385.7778382,1759005384.151589,1.5545,1.5,0,339.29,343.89999999992585,241.2,10,20
1759005385.788174,1759005384.151589,1.554,1.5,0,339.31,343.89999999992585,241.35,11,20
1759005385.7982316,1759005384.151589,1.553,1.5,0,339.29,343.89999999992585,241.45,10,20
1759005385.8085003,1759005384.151589,1.552,1.5,0,339.29,343.89999999992585,241.5,10,19
1759005385.8189962,1759005384.151589,1.5515,1.5,0,339.29,343.89999999992585,241.5,11,19
1759005385.828993,1759005384.151589,1.551,1.5,0,339.29,343.89999999992585,241.5,11,19
1759005385.8394952,1759005384.151589,1.5495,1.5,0,339.36,343.89999999992585,241.5,10,20
1759005385.8495696,1759005384.151589,1.548,1.5,0,339.36,343.89999999992585,241.55,9,19
1759005385.8595994,1759005384.151589,1.547,1.5,0,339.36,343.89999999992585,241.55,10,19
1759005385.8696983,1759005384.151589,1.548,1.5,0,339.31,343.89999999992585,241.55,11,21
1759005385.879738,1759005384.151589,1.546,1.5,0,339.31,343.89999999992585,241.60000000000002,10,19
1759005385.8902638,1759005384.151589,1.5445,1.5,0,339.29,343.89999999992585,241.7,11,19
1759005385.9004874,1759005384.151589,1.543,1.5,0,339.29,343.89999999992585,241.8,10,19
1759005385.9106548,1759005384.151589,1.542,1.5,0,339.29,343.89999999992585,241.89999999999998,10,20
1759005385.920429,1759005384.151589,1.5425,1.5,0,339.31,343.89999999992585,241.85000000000002,10,21
1759005385.9306803,1759005384.151589,1.5415,1.5,0,339.31,343.89999999992585,241.75,8,21
1759005385.9410992,1759005384.151589,1.5405,1.5,0,339.31,343.89999999992585,241.7,9,21
1759005385.9511225,1759005384.151589,1.5405,1.5,0,339.29,343.89999999992585,241.60000000000002,10,21
1759005385.9613378,1759005384.151589,1.54,1.5,0,339.29,343.89999999992585,241.5,9,22
1759005385.9715748,1759005384.151589,1.5395,1.5,0,339.29,343.89999999992585,241.39999999999998,9,21
1759005385.9817445,1759005384.151589,1.5395,1.5,0,339.31,343.89999999992585,241.25,10,20
1759005385.9921296,1759005384.151589,1.539,1.5,0,339.29,343.89999999992585,241.2,11,21
1759005386.0022,1759005384.151589,1.5385,1.5,0,339.31,343.89999999992585,241.25,11,20
1759005386.012733,1759005384.151589,1.5395,1.5,0,339.31,343.89999999992585,241.35000000000002,10,21
1759005386.0225801,1759005384.151589,1.5405,1.5,0,339.31,343.89999999992585,241.4,11,20
1759005386.0325189,1759005384.151589,1.541,1.5,0,339.31,343.89999999992585,241.5,10,22
1759005386.0425706,1759005384.151589,1.54,1.5,0,339.29,343.89999999992585,241.6,10,20
1759005386.0530157,1759005384.151589,1.538,1.5,0,339.29,343.89999999992585,241.64999999999998,9,20
1759005386.0635915,1759005384.151589,1.537,1.5,0,339.27,343.89999999992585,241.7,10,20
1759005386.0733857,1759005384.151589,1.5365,1.5,0,339.29,343.89999999992585,241.7,11,19
1759005386.0838723,1759005384.151589,1.535,1.5,0,339.29,343.89999999992585,241.7,11,18
1759005386.0939107,1759005384.151589,1.5335,1.5,0,339.24,343.89999999992585,241.64999999999998,10,19
1759005386.1043487,1759005384.151589,1.5325,1.5,0,339.26,343.89999999992585,241.7,10,20
1759005386.114264,1759005384.151589,1.5325,1.5,0,339.24,343.89999999992585,241.75,10,21
1759005386.1246455,1759005384.151589,1.532,1.5,0,339.24,343.89999999992585,241.8,10,20
1759005386.1349385,1759005384.151589,1.5315,1.5,0,339.24,343.89999999992585,241.89999999999998,10,20
1759005386.144852,1759005384.151589,1.531,1.5,0,339.24,343.89999999992585,241.95,10,21
1759005386.1552033,1759005384.151589,1.529,1.5,0,339.22,343.89999999992585,242.0,10,19
1759005386.1656454,1759005384.151589,1.5275,1.5,0,339.22,343.89999999992585,242.0,9,20
1759005386.1757736,1759005384.151589,1.5265,1.5,0,339.24,343.89999999992585,241.95,10,20
1759005386.1858208,1759005384.151589,1.5265,1.5,0,339.17,343.89999999992585,241.9,11,20
1759005386.195668,1759005384.151589,1.5265,1.5,0,339.19,343.89999999992585,241.9,10,20
1759005386.2062585,1759005384.151589,1.5255,1.5,0,339.19,343.89999999992585,241.9,10,19
1759005386.2158582,1759005384.151589,1.5245,1.5,0,339.21,343.89999999992585,241.9,9,21
1759005386.226393,1759005384.151589,1.525,1.5,0,339.21,343.89999999992585,241.95,11,21
1759005386.236655,1759005384.151589,1.5245,1.5,0,339.21,343.89999999992585,242.0,10,21
1759005386.2466753,1759005384.151589,1.525,1.5,0,339.19,343.89999999992585,242.0,10,21
1759005386.257233,1759005384.151589,1.525,1.5,0,339.19,343.89999999992585,242.05,11,21
1759005386.2671385,1759005384.151589,1.525,1.5,0,339.14,343.89999999992585,242.1,11,20
1759005386.2776103,1759005384.151589,1.524,1.5,0,339.19,343.89999999992585,242.14999999999998,10,19
1759005386.2878368,1759005384.151589,1.523,1.5,0,339.17,343.89999999992585,242.2,10,20
1759005386.2976835,1759005384.151589,1.522,1.5,0,339.15,343.89999999992585,242.2,10,20
1759005386.3077865,1759005384.151589,1.523,1.5,0,339.15,343.89999999992585,242.15,11,22
1759005386.3186762,1759005384.151589,1.523,1.5,0,339.15,343.89999999992585,242.1,10,20
1759005386.328287,1759005384.151589,1.5225,1.5,0,339.15,343.89999999992585,242.05,10,19
1759005386.3383603,1759005384.151589,1.5215,1.5,0,339.17,343.89999999992585,242.0,10,19
1759005386.3488095,1759005384.151589,1.5215,1.5,0,339.17,343.89999999992585,241.95,10,20
1759005386.3586695,1759005384.151589,1.521,1.5,0,339.2,343.89999999992585,241.9,11,19
1759005386.3691053,1759005384.151589,1.5195,1.5,0,339.25,343.89999999992585,241.85000000000002,10,18
1759005386.379744,1759005384.151589,1.519,1.5,0,339.23,343.89999999992585,241.85000000000002,9,20
1759005386.389516,1759005384.151589,1.5185,1.5,0,339.21,343.89999999992585,241.8,9,20
1759005386.3996341,1759005384.151589,1.5185,1.5,0,339.19,343.89999999992585,241.7,10,20
1759005386.4098344,1759005384.151589,1.5185,1.5,0,339.19,343.89999999992585,241.60000000000002,11,19
1759005386.4201102,1759005384.151589,1.5195,1.5,0,339.17,343.89999999992585,241.55,10,21
1759005386.430314,1759005384.151589,1.5195,1.5,0,339.19,343.89999999992585,241.55,10,20
1759005386.4407601,1759005384.151589,1.518,1.5,0,339.19,343.89999999992585,241.5,9,20
1759005386.4509447,1759005384.151589,1.5175,1.5,0,339.17,343.89999999992585,241.35,9,21
1759005386.4612887,1759005384.151589,1.516,1.5,0,339.15,343.89999999992585,241.2,8,21
1759005386.4717004,1759005384.151589,1.516,1.5,0,339.15,343.89999999992585,241.05,10,21
1759005386.481374,1759005384.151589,1.5155,1.5,0,339.13,343.89999999992585,241.05,10,20
1759005386.491335,1759005384.151589,1.5145,1.5,0,339.13,343.89999999992585,241.1,11,19
1759005386.5013459,1759005384.151589,1.515,1.5,0,339.2,343.89999999992585,241.14999999999998,11,20
1759005386.5115216,1759005384.151589,1.514,1.5,0,339.2,343.89999999992585,241.2,10,20
1759005386.5219092,1759005384.151589,1.514,1.5,0,339.15,343.89999999992585,241.25,10,20
1759005386.532089,1759005384.151589,1.5145,1.5,0,339.2,343.89999999992585,241.25,10,21
1759005386.5421422,1759005384.151589,1.5145,1.5,0,339.22,343.89999999992585,241.2,10,21
1759005386.5526938,1759005384.151589,1.515,1.5,0,339.22,343.89999999992585,241.10000000000002,11,21
1759005386.5624611,1759005384.151589,1.515,1.5,0,339.24,343.89999999992585,241.05,11,20
1759005386.5726979,1759005384.151589,1.515,1.5,0,339.26,343.89999999992585,241.05,10,21
1759005386.5829947,1759005384.151589,1.515,1.5,0,339.24,343.89999999992585,241.15,10,20
1759005386.593054,1759005384.151589,1.515,1.5,0,339.22,343.89999999992585,241.25,11,20
1759005386.6036134,1759005384.151589,1.5145,1.5,0,339.22,343.89999999992585,241.3,11,20
1759005386.6136758,1759005384.151589,1.5145,1.5,0,339.2,343.89999999992585,241.35,10,21
1759005386.6234233,1759005384.151589,1.514,1.5,0,339.22,343.89999999992585,241.3,10,19
1759005386.6334696,1759005384.151589,1.5145,1.5,0,339.22,343.89999999992585,241.14999999999998,11,20
1759005386.6442268,1759005384.151589,1.514,1.5,0,339.22,343.89999999992585,240.95,10,20
1759005386.6541333,1759005384.151589,1.5135,1.5,0,339.22,343.89999999992585,240.8,9,20
1759005386.6647089,1759005384.151589,1.5145,1.5,0,339.22,343.89999999992585,240.75,10,21
1759005386.6750977,1759005384.151589,1.5145,1.5,0,339.24,343.89999999992585,240.65,10,20
1759005386.6848533,1759005384.151589,1.5135,1.5,0,339.22,343.89999999992585,240.60000000000002,10,20
1759005386.6950984,1759005384.151589,1.5135,1.5,0,339.22,343.89999999992585,240.5,10,20
1759005386.70482,1759005384.151589,1.513,1.5,0,339.22,343.89999999992585,240.4,9,20
1759005386.715177,1759005384.151589,1.513,1.5,0,339.22,343.89999999992585,240.4,10,21
1759005386.7257698,1759005384.151589,1.5135,1.5,0,339.27,343.89999999992585,240.4,10,21
1759005386.7357376,1759005384.151589,1.513,1.5,0,339.27,343.89999999992585,240.35,10,21
1759005386.745357,1759005384.151589,1.511,1.5,0,339.27,343.89999999992585,240.3,9,20
1759005386.7557192,1759005384.151589,1.5105,1.5,0,339.29,343.89999999992585,240.2,9,21
1759005386.7658153,1759005384.151589,1.5105,1.5,0,339.31,343.89999999992585,240.14999999999998,10,21
1759005386.7756262,1759005384.151589,1.5105,1.5,0,339.31,343.89999999992585,240.14999999999998,11,21
1759005386.7858186,1759005384.151589,1.5105,1.5,0,339.29,343.89999999992585,240.2,10,21
1759005386.7960758,1759005384.151589,1.5105,1.5,0,339.29,343.89999999992585,240.25,9,21
1759005386.8057761,1759005384.151589,1.509,1.5,0,339.27,343.89999999992585,240.15,9,19
1759005386.8165274,1759005384.151589,1.5070000000000001,1.5,0,339.27,343.89999999992585,240.05,8,18
1759005386.8267167,1759005384.151589,1.5075,1.5,0,339.27,343.89999999992585,240.05,11,19
1759005386.8371193,1759005384.151589,1.5070000000000001,1.5,0,339.27,343.89999999992585,240.05,10,19
1759005386.8467011,1759005384.151589,1.506,1.5,0,339.27,343.89999999992585,240.05,9,19
1759005386.8575268,1759005384.151589,1.5065,1.5,0,339.25,343.89999999992585,240.0,11,20
1759005386.867606,1759005384.151589,1.5070000000000001,1.5,0,339.25,343.89999999992585,239.95,10,19
1759005386.8772326,1759005384.151589,1.508,1.5,0,339.25,343.89999999992585,239.95,10,21
1759005386.8878024,1759005384.151589,1.506,1.5,0,339.32,343.89999999992585,239.9,9,19
1759005386.8976655,1759005384.151589,1.5055,1.5,0,339.32,343.89999999992585,239.8,9,19
1759005386.9074378,1759005384.151589,1.5055,1.5,0,339.32,343.89999999992585,239.7,11,19
1759005386.9179137,1759005384.151589,1.5055,1.5,0,339.32,343.89999999992585,239.6,10,19
1759005386.927951,1759005384.151589,1.5055,1.5,0,339.32,343.89999999992585,239.5,10,20
1759005386.9381366,1759005384.151589,1.5055,1.5,0,339.32,343.89999999992585,239.5,11,20
1759005386.9482832,1759005384.151589,1.5065,1.5,0,339.34,343.89999999992585,239.45,12,19
1759005386.9585967,1759005384.151589,1.5070000000000001,1.5,0,339.34,343.89999999992585,239.4,11,20
1759005386.9684708,1759005384.151589,1.5065,1.5,0,339.34,343.89999999992585,239.45,10,20
1759005386.9786952,1759005384.151589,1.5065,1.5,0,339.34,343.89999999992585,239.55,10,21
1759005386.9889,1759005384.151589,1.5055,1.5,0,339.34,343.89999999992585,239.65,9,19
1759005386.9994102,1759005384.151589,1.5055,1.5,0,339.34,343.89999999992585,239.8,10,20
1759005387.0097458,1759005384.151589,1.5045,1.5,0,339.34,343.89999999992585,239.8,10,20
1759005387.0198808,1759005384.151589,1.504,1.5,0,339.32,343.89999999992585,239.75,10,20
1759005387.0298188,1759005384.151589,1.5035,1.5,0,339.34,343.89999999992585,239.60000000000002,10,20
1759005387.0402102,1759005384.151589,1.5030000000000001,1.5,0,339.34,343.89999999992585,239.55,10,20
1759005387.0504386,1759005384.151589,1.502,1.5,0,339.34,343.89999999992585,239.55,10,20
1759005387.0608006,1759005384.151589,1.502,1.5,0,339.36,343.89999999992585,239.55,10,20
1759005387.0706782,1759005384.151589,1.5025,1.5,0,339.36,343.89999999992585,239.55,11,19
1759005387.0806596,1759005384.151589,1.5015,1.5,0,339.38,343.89999999992585,239.55,9,19
1759005387.0913029,1759005384.151589,1.5015,1.5,0,339.38,343.89999999992585,239.6,10,20
1759005387.1005962,1759005384.151589,1.502,1.5,0,339.38,343.89999999992585,239.64999999999998,10,20
1759005387.1111345,1759005384.151589,1.5035,1.5,0,339.43,343.89999999992585,239.8,11,21
1759005387.1214175,1759005384.151589,1.5035,1.5,0,339.41,343.89999999992585,239.85000000000002,10,20
1759005387.1313863,1759005384.151589,1.5030000000000001,1.5,0,339.41,343.89999999992585,239.85,10,20
1759005387.1417496,1759005384.151589,1.5025,1.5,0,339.41,343.89999999992585,239.89999999999998,9,20
1759005387.151938,1759005384.151589,1.502,1.5,0,339.41,343.89999999992585,239.8,9,20
1759005387.1622295,1759005384.151589,1.501,1.5,0,339.41,343.89999999992585,239.75,9,20
1759005387.1726935,1759005384.151589,1.5015,1.5,0,339.41,343.89999999992585,239.64999999999998,9,21
1759005387.1828315,1759005384.151589,1.5025,1.5,0,339.39,343.89999999992585,239.65,10,21
1759005387.1924624,1759005384.151589,1.5015,1.5,0,339.39,343.89999999992585,239.65,9,19
1759005387.2024956,1759005384.151589,1.5005,1.5,0,339.46,343.89999999992585,239.60000000000002,9,20
1759005387.2132213,1759005384.151589,1.5,1.5,0,339.46,343.89999999992585,239.6,8,21
1759005387.2234256,1759005384.151589,1.4995,1.5,0,339.46,343.89999999992585,239.64999999999998,9,19
1759005387.2335072,1759005384.151589,1.4985,1.5,0,339.44,343.89999999992585,239.64999999999998,9,19
1759005387.2435381,1759005384.151589,1.4969999999999999,1.5,0,339.42,343.89999999992585,239.64999999999998,10,19
1759005387.2540188,1759005384.151589,1.496,1.5,0,339.42,343.89999999992585,239.64999999999998,10,19
1759005387.264316,1759005384.151589,1.4955,1.5,0,339.44,343.89999999992585,239.64999999999998,10,20
1759005387.2745843,1759005384.151589,1.4945,1.5,0,339.44,343.89999999992585,239.6,10,20
1759005387.2846403,1759005384.151589,1.494,1.5,0,339.49,343.89999999992585,239.5,10,20
1759005387.2949677,1759005384.151589,1.4945,1.5,0,339.49,343.89999999992585,239.4,10,20
1759005387.304964,1759005384.151589,1.4945,1.5,0,339.49,343.89999999992585,239.35000000000002,10,20
1759005387.3153603,1759005384.151589,1.4945,1.5,0,339.44,343.89999999992585,239.3,10,20
1759005387.3255289,1759005384.151589,1.493,1.5,0,339.46,343.89999999992585,239.3,9,21
1759005387.3358505,1759005384.151589,1.4925,1.5,0,339.46,343.89999999992585,239.35000000000002,9,20
1759005387.345928,1759005384.151589,1.4925,1.5,0,339.46,343.89999999992585,239.4,9,20
1759005387.3556948,1759005384.151589,1.492,1.5,0,339.46,343.89999999992585,239.45,8,20
1759005387.3663445,1759005384.151589,1.4915,1.5,0,339.44,343.89999999992585,239.45,10,19
1759005387.376877,1759005384.151589,1.4905,1.5,0,339.44,343.89999999992585,239.45,8,20
1759005387.3862538,1759005384.151589,1.4915,1.5,0,339.44,343.89999999992585,239.5,10,20
1759005387.396409,1759005384.151589,1.4915,1.5,0,339.44,343.89999999992585,239.5,10,19
1759005387.4069397,1759005384.151589,1.492,1.5,0,339.44,343.89999999992585,239.55,11,19
1759005387.416608,1759005384.151589,1.4925,1.5,0,339.46,343.89999999992585,239.65,10,21
1759005387.425979,1759005384.151589,1.492,1.5,0,339.46,343.89999999992585,239.7,9,20
1759005387.4363868,1759005384.151589,1.491,1.5,0,339.46,343.89999999992585,239.7,9,20
1759005387.446487,1759005384.151589,1.491,1.5,0,339.44,343.89999999992585,239.65,10,20
1759005387.4571233,1759005384.151589,1.491,1.5,0,339.44,343.89999999992585,239.60000000000002,10,19
1759005387.4675922,1759005384.151589,1.4915,1.5,0,339.44,343.89999999992585,239.55,9,22
1759005387.4775732,1759005384.151589,1.4915,1.5,0,339.39,343.89999999992585,239.55,9,20
1759005387.4883976,1759005384.151589,1.491,1.5,0,339.39,343.89999999992585,239.55,10,20
1759005387.4985952,1759005384.151589,1.491,1.5,0,339.39,343.89999999992585,239.4,10,20
1759005387.5088649,1759005384.151589,1.4905,1.5,0,339.39,343.89999999992585,239.25,9,20
1759005387.5191872,1759005384.151589,1.489,1.5,0,339.39,343.89999999992585,239.10000000000002,9,19
1759005387.5289922,1759005384.151589,1.4895,1.5,0,339.39,343.89999999992585,239.05,10,21
1759005387.5392954,1759005384.151589,1.489,1.5,0,339.44,343.89999999992585,238.95,9,20
1759005387.5497773,1759005384.151589,1.489,1.5,0,339.46,343.89999999992585,238.95,10,21
1759005387.5597293,1759005384.151589,1.489,1.5,0,339.46,343.89999999992585,238.95,10,21
1759005387.569967,1759005384.151589,1.487,1.5,0,339.46,343.89999999992585,239.05,9,19
1759005387.5797007,1759005384.151589,1.485,1.5,0,339.44,343.89999999992585,239.1,9,18
1759005387.5904055,1759005384.151589,1.4835,1.5,0,339.42,343.89999999992585,239.1,9,19
1759005387.6005962,1759005384.151589,1.483,1.5,0,339.42,343.89999999992585,239.0,10,19
1759005387.6108375,1759005384.151589,1.481,1.5,0,339.42,343.89999999992585,238.95,9,18
1759005387.6210327,1759005384.151589,1.4795,1.5,0,339.4,343.89999999992585,238.9,9,19
1759005387.6313777,1759005384.151589,1.478,1.5,0,339.4,343.89999999992585,238.8,9,19
1759005387.641103,1759005384.151589,1.478,1.5,0,339.38,343.89999999992585,238.75,10,19
1759005387.6509252,1759005384.151589,1.4765,1.5,0,339.38,343.89999999992585,238.75,9,19
1759005387.6615446,1759005384.151589,1.4765,1.5,0,339.38,343.89999999992585,238.85,10,20
1759005387.671538,1759005384.151589,1.4775,1.5,0,339.36,343.89999999992585,238.9,11,20
1759005387.6817555,1759005384.151589,1.4765,1.5,0,339.36,343.89999999992585,238.9,10,19
1759005387.6917834,1759005384.151589,1.475,1.5,0,339.34,343.89999999992585,238.95,9,18
1759005387.7014349,1759005384.151589,1.4745,1.5,0,339.34,343.89999999992585,238.95,11,18
1759005387.7116632,1759005384.151589,1.474,1.5,0,339.34,343.89999999992585,238.95,9,20
1759005387.7216525,1759005384.151589,1.474,1.5,0,339.34,343.89999999992585,239.0,10,19
1759005387.7323823,1759005384.151589,1.4725,1.5,0,339.34,343.89999999992585,239.0,9,19
1759005387.741794,1759005384.151589,1.4715,1.5,0,339.34,343.89999999992585,239.0,9,20
1759005387.7523005,1759005384.151589,1.4705,1.5,0,339.34,343.89999999992585,239.14999999999998,9,20
1759005387.7622948,1759005384.151589,1.47,1.5,0,339.34,343.89999999992585,239.3,8,20
1759005387.7722123,1759005384.151589,1.4695,1.5,0,339.32,343.89999999992585,239.45,9,20
1759005387.78185,1759005384.151589,1.4685,1.5,0,339.32,343.89999999992585,239.6,10,19
1759005387.792427,1759005384.151589,1.4665,1.5,0,339.32,343.89999999992585,239.7,9,19
1759005387.8029575,1759005384.151589,1.4655,1.5,0,339.32,343.89999999992585,239.7,9,20
1759005387.8127027,1759005384.151589,1.4655,1.5,0,339.32,343.89999999992585,239.65,10,20
1759005387.8230948,1759005384.151589,1.466,1.5,0,339.32,343.89999999992585,239.6,10,19
1759005387.833275,1759005384.151589,1.4685,1.5,0,339.32,343.89999999992585,239.5,11,20
1759005387.8437572,1759005384.151589,1.4685,1.5,0,339.34,343.89999999992585,239.4,10,20
1759005387.853478,1759005384.151589,1.4685,1.5,0,339.34,343.89999999992585,239.3,9,20
1759005387.8641412,1759005384.151589,1.4685,1.5,0,339.29,343.89999999992585,239.25,10,18
1759005387.8742342,1759005384.151589,1.4685,1.5,0,339.29,343.89999999992585,239.3,11,20
1759005387.8845634,1759005384.151589,1.469,1.5,0,339.29,343.89999999992585,239.39999999999998,11,19
1759005387.8944502,1759005384.151589,1.4685,1.5,0,339.29,343.89999999992585,239.45,10,20
1759005387.9046047,1759005384.151589,1.47,1.5,0,339.29,343.89999999992585,239.5,10,21
1759005387.9144113,1759005384.151589,1.4715,1.5,0,339.24,343.89999999992585,239.55,10,21
1759005387.9244015,1759005384.151589,1.472,1.5,0,339.26,343.89999999992585,239.60000000000002,11,20
1759005387.934881,1759005384.151589,1.4725,1.5,0,339.26,343.89999999992585,239.65,10,20
1759005387.9448895,1759005384.151589,1.4725,1.5,0,339.26,343.89999999992585,239.75,10,20
1759005387.955157,1759005384.151589,1.4715,1.5,0,339.24,343.89999999992585,239.9,10,19
1759005387.9650924,1759005384.151589,1.471,1.5,0,339.22,343.89999999992585,240.10000000000002,9,21
1759005387.9754632,1759005384.151589,1.4705,1.5,0,339.22,343.89999999992585,240.25,10,20
1759005387.985905,1759005384.151589,1.47,1.5,0,339.22,343.89999999992585,240.25,9,20
1759005387.995578,1759005384.151589,1.469,1.5,0,339.22,343.89999999992585,240.15,9,20
1759005388.0062864,1759005384.151589,1.47,1.5,0,339.24,343.89999999992585,240.05,9,21
1759005388.015668,1759005384.151589,1.4695,1.5,0,339.22,343.89999999992585,239.95,9,20
1759005388.026272,1759005384.151589,1.4695,1.5,0,339.17,343.89999999992585,239.95,10,20
1759005388.0365198,1759005384.151589,1.4695,1.5,0,339.17,343.89999999992585,239.95,10,20
1759005388.046441,1759005384.151589,1.4695,1.5,0,339.15,343.89999999992585,240.0,10,20
1759005388.0571523,1759005384.151589,1.4685,1.5,0,339.15,343.89999999992585,240.05,9,19
1759005388.066754,1759005384.151589,1.4675,1.5,0,339.15,343.89999999992585,240.1,9,19
1759005388.0771167,1759005384.151589,1.4675,1.5,0,339.15,343.89999999992585,240.2,10,20
1759005388.087784,1759005384.151589,1.4675,1.5,0,339.17,343.89999999992585,240.3,10,20
1759005388.0977,1759005384.151589,1.468,1.5,0,339.15,343.89999999992585,240.3,9,20
1759005388.1080282,1759005384.151589,1.4675,1.5,0,339.13,343.89999999992585,240.25,10,19
1759005388.1180625,1759005384.151589,1.467,1.5,0,339.13,343.89999999992585,240.2,9,20
1759005388.1278627,1759005384.151589,1.466,1.5,0,339.13,343.89999999992585,240.10000000000002,10,20
1759005388.1378956,1759005384.151589,1.4655,1.5,0,339.13,343.89999999992585,240.05,9,20
1759005388.1484418,1759005384.151589,1.465,1.5,0,339.13,343.89999999992585,240.10000000000002,9,20
1759005388.1587026,1759005384.151589,1.465,1.5,0,339.13,343.89999999992585,240.05,9,20
1759005388.1689212,1759005384.151589,1.4645,1.5,0,339.13,343.89999999992585,240.05,9,19
1759005388.1790743,1759005384.151589,1.4645,1.5,0,339.13,343.89999999992585,240.05,10,19
1759005388.1889904,1759005384.151589,1.4645,1.5,0,339.13,343.89999999992585,240.05,11,19
1759005388.1990583,1759005384.151589,1.463,1.5,0,339.13,343.89999999992585,240.0,10,18
1759005388.2091198,1759005384.151589,1.4635,1.5,0,339.13,343.89999999992585,240.0,10,19
1759005388.2191625,1759005384.151589,1.4645,1.5,0,339.11,343.89999999992585,240.0,11,20
1759005388.2292898,1759005384.151589,1.4645,1.5,0,339.11,343.89999999992585,239.95,9,20
1759005388.23949,1759005384.151589,1.466,1.5,0,339.11,343.89999999992585,239.85000000000002,10,21
1759005388.249634,1759005384.151589,1.466,1.5,0,339.11,343.89999999992585,239.8,10,18
1759005388.2599597,1759005384.151589,1.465,1.5,0,339.11,343.89999999992585,239.8,8,19
1759005388.2695477,1759005384.151589,1.4655,1.5,0,339.13,343.89999999992585,239.75,10,20
1759005388.2798023,1759005384.151589,1.465,1.5,0,339.11,343.89999999992585,239.7,10,19
1759005388.2902794,1759005384.151589,1.465,1.5,0,339.11,343.89999999992585,239.7,10,20
1759005388.300288,1759005384.151589,1.465,1.5,0,339.06,343.89999999992585,239.75,10,20
1759005388.3104966,1759005384.151589,1.465,1.5,0,339.06,343.89999999992585,239.75,10,20
1759005388.320497,1759005384.151589,1.4655,1.5,0,339.08,343.89999999992585,239.65,10,21
1759005388.3310199,1759005384.151589,1.466,1.5,0,339.13,343.89999999992585,239.55,10,21
1759005388.3413293,1759005384.151589,1.467,1.5,0,339.11,343.89999999992585,239.55,11,21
1759005388.3514745,1759005384.151589,1.468,1.5,0,339.13,343.89999999992585,239.60000000000002,11,20
1759005388.3615012,1759005384.151589,1.4675,1.5,0,339.13,343.89999999992585,239.60000000000002,9,19
1759005388.3716357,1759005384.151589,1.4675,1.5,0,339.11,343.89999999992585,239.60000000000002,9,19
1759005388.3822918,1759005384.151589,1.4675,1.5,0,339.11,343.89999999992585,239.65,9,20
1759005388.3919904,1759005384.151589,1.468,1.5,0,339.11,343.89999999992585,239.7,9,20
1759005388.4026732,1759005384.151589,1.468,1.5,0,339.13,343.89999999992585,239.75,10,20
1759005388.4126284,1759005384.151589,1.4685,1.5,0,339.13,343.89999999992585,239.75,10,20
1759005388.4229002,1759005384.151589,1.4685,1.5,0,339.13,343.89999999992585,239.64999999999998,10,20
1759005388.4325616,1759005384.151589,1.4685,1.5,0,339.13,343.89999999992585,239.55,11,20
1759005388.442617,1759005384.151589,1.469,1.5,0,339.13,343.89999999992585,239.5,11,19
1759005388.453154,1759005384.151589,1.4695,1.5,0,339.15,343.89999999992585,239.45,11,19
1759005388.4632397,1759005384.151589,1.4695,1.5,0,339.15,343.89999999992585,239.45,10,20
1759005388.4737668,1759005384.151589,1.47,1.5,0,339.17,343.89999999992585,239.55,10,20
1759005388.4834518,1759005384.151589,1.47,1.5,0,339.17,343.89999999992585,239.64999999999998,10,21
1759005388.493409,1759005384.151589,1.471,1.5,0,339.22,343.89999999992585,239.64999999999998,11,20
1759005388.5043232,1759005384.151589,1.4715,1.5,0,339.22,343.89999999992585,239.65,11,20
1759005388.513896,1759005384.151589,1.4705,1.5,0,339.22,343.89999999992585,239.7,10,18
1759005388.5243545,1759005384.151589,1.47,1.5,0,339.22,343.89999999992585,239.75,9,19
1759005388.534426,1759005384.151589,1.47,1.5,0,339.2,343.89999999992585,239.85,9,19
1759005388.5444417,1759005384.151589,1.469,1.5,0,339.2,343.89999999992585,239.75,9,20
1759005388.5552545,1759005384.151589,1.469,1.5,0,339.2,343.89999999992585,239.7,9,20
1759005388.5656018,1759005384.151589,1.469,1.5,0,339.18,343.89999999992585,239.65,11,20
1759005388.5755281,1759005384.151589,1.469,1.5,0,339.16,343.89999999992585,239.65,11,20
1759005388.5855758,1759005384.151589,1.4705,1.5,0,339.14,343.89999999992585,239.60000000000002,11,20
1759005388.5957747,1759005384.151589,1.4725,1.5,0,339.14,343.89999999992585,239.60000000000002,11,20
1759005388.605453,1759005384.151589,1.474,1.5,0,339.16,343.89999999992585,239.65,10,21
1759005388.6158745,1759005384.151589,1.474,1.5,0,339.16,343.89999999992585,239.7,9,20
1759005388.626215,1759005384.151589,1.4755,1.5,0,339.16,343.89999999992585,239.75,11,19
1759005388.6367364,1759005384.151589,1.4755,1.5,0,339.16,343.89999999992585,239.75,9,19
1759005388.6468122,1759005384.151589,1.477,1.5,0,339.18,343.89999999992585,239.8,11,20
1759005388.6570337,1759005384.151589,1.476,1.5,0,339.18,343.89999999992585,239.75,8,19
1759005388.6670477,1759005384.151589,1.4775,1.5,0,339.18,343.89999999992585,239.75,11,20
1759005388.6771052,1759005384.151589,1.478,1.5,0,339.2,343.89999999992585,239.75,11,20
1759005388.6873386,1759005384.151589,1.477,1.5,0,339.22,343.89999999992585,239.85,9,20
1759005388.6978045,1759005384.151589,1.477,1.5,0,339.22,343.89999999992585,239.9,10,19
1759005388.707959,1759005384.151589,1.478,1.5,0,339.22,343.89999999992585,239.9,10,19
1759005388.717814,1759005384.151589,1.478,1.5,0,339.22,343.89999999992585,239.95,10,19
1759005388.727896,1759005384.151589,1.479,1.5,0,339.22,343.89999999992585,240.05,10,21
1759005388.7385554,1759005384.151589,1.4795,1.5,0,339.22,343.89999999992585,240.05,10,20
1759005388.7486432,1759005384.151589,1.4805,1.5,0,339.22,343.89999999992585,240.0,10,20
1759005388.7586322,1759005384.151589,1.4815,1.5,0,339.22,343.89999999992585,239.95,11,20
1759005388.7692237,1759005384.151589,1.4815,1.5,0,339.22,343.89999999992585,239.8,9,20
1759005388.77916,1759005384.151589,1.482,1.5,0,339.22,343.89999999992585,239.7,10,19
1759005388.7896845,1759005384.151589,1.482,1.5,0,339.22,343.89999999992585,239.65,9,20
1759005388.799414,1759005384.151589,1.4825,1.5,0,339.2,343.89999999992585,239.55,10,20
1759005388.8093977,1759005384.151589,1.4825,1.5,0,339.18,343.89999999992585,239.45,8,20
1759005388.8199885,1759005384.151589,1.483,1.5,0,339.18,343.89999999992585,239.4,9,21
1759005388.8297887,1759005384.151589,1.484,1.5,0,339.18,343.89999999992585,239.4,10,22
1759005388.8406024,1759005384.151589,1.4845,1.5,0,339.18,343.89999999992585,239.45,10,20
1759005388.8506327,1759005384.151589,1.484,1.5,0,339.18,343.89999999992585,239.55,10,20
1759005388.8607461,1759005384.151589,1.4835,1.5,0,339.16,343.89999999992585,239.6,9,20
1759005388.870851,1759005384.151589,1.484,1.5,0,339.16,343.89999999992585,239.64999999999998,10,20
1759005388.880674,1759005384.151589,1.485,1.5,0,339.23,343.89999999992585,239.64999999999998,10,20
1759005388.8912957,1759005384.151589,1.4845,1.5,0,339.25,343.89999999992585,239.6,10,20
1759005388.9012215,1759005384.151589,1.4835,1.5,0,339.25,343.89999999992585,239.5,9,19
1759005388.9117427,1759005384.151589,1.483,1.5,0,339.2,343.89999999992585,239.39999999999998,9,20
1759005388.9217496,1759005384.151589,1.4825,1.5,0,339.2,343.89999999992585,239.39999999999998,9,21
1759005388.9315348,1759005384.151589,1.4815,1.5,0,339.25,343.89999999992585,239.39999999999998,9,20
1759005388.9424264,1759005384.151589,1.481,1.5,0,339.25,343.89999999992585,239.5,10,20
1759005388.9521291,1759005384.151589,1.4805,1.5,0,339.27,343.89999999992585,239.60000000000002,9,20
1759005388.9622233,1759005384.151589,1.48,1.5,0,339.27,343.89999999992585,239.60000000000002,9,20
1759005388.972591,1759005384.151589,1.48,1.5,0,339.27,343.89999999992585,239.55,9,20
1759005388.982811,1759005384.151589,1.4795,1.5,0,339.29,343.89999999992585,239.5,9,20
1759005388.992847,1759005384.151589,1.4785,1.5,0,339.29,343.89999999992585,239.45,9,19
1759005389.0030956,1759005384.151589,1.478,1.5,0,339.31,343.89999999992585,239.5,9,19
1759005389.0134907,1759005384.151589,1.478,1.5,0,339.31,343.89999999992585,239.60000000000002,9,20
1759005389.0237079,1759005384.151589,1.477,1.5,0,339.31,343.89999999992585,239.65,9,19
1759005389.0336108,1759005384.151589,1.478,1.5,0,339.31,343.89999999992585,239.75,11,20
1759005389.0441966,1759005384.151589,1.479,1.5,0,339.38,343.89999999992585,239.85000000000002,11,21
1759005389.0546775,1759005384.151589,1.4795,1.5,0,339.4,343.89999999992585,239.95,11,20
1759005389.0645392,1759005384.151589,1.48,1.5,0,339.4,343.89999999992585,240.0,10,21
1759005389.074634,1759005384.151589,1.4805,1.5,0,339.4,343.89999999992585,240.0,9,20
1759005389.0848415,1759005384.151589,1.4815,1.5,0,339.4,343.89999999992585,239.95,9,21
1759005389.0948212,1759005384.151589,1.481,1.5,0,339.4,343.89999999992585,239.89999999999998,9,20
1759005389.1057773,1759005384.151589,1.481,1.5,0,339.38,343.89999999992585,239.85,10,20
1759005389.1156876,1759005384.151589,1.4815,1.5,0,339.38,343.89999999992585,239.85000000000002,10,20
1759005389.1259549,1759005384.151589,1.482,1.5,0,339.38,343.89999999992585,239.95,10,20
1759005389.1359715,1759005384.151589,1.483,1.5,0,339.38,343.89999999992585,240.0,11,20
1759005389.145551,1759005384.151589,1.4825,1.5,0,339.38,343.89999999992585,240.0,10,19
1759005389.1561024,1759005384.151589,1.483,1.5,0,339.4,343.89999999992585,239.95,10,20
1759005389.1665707,1759005384.151589,1.483,1.5,0,339.42,343.89999999992585,239.8,9,20
1759005389.1770158,1759005384.151589,1.4825,1.5,0,339.44,343.89999999992585,239.8,9,19
1759005389.1869466,1759005384.151589,1.4825,1.5,0,339.44,343.89999999992585,239.85000000000002,9,19
1759005389.1968796,1759005384.151589,1.4835,1.5,0,339.44,343.89999999992585,239.95,11,20
1759005389.2073982,1759005384.151589,1.4835,1.5,0,339.39,343.89999999992585,240.1,10,20
1759005389.2173414,1759005384.151589,1.4845,1.5,0,339.39,343.89999999992585,240.25,10,20
1759005389.227379,1759005384.151589,1.485,1.5,0,339.37,343.89999999992585,240.4,10,20
1759005389.2381418,1759005384.151589,1.4835,1.5,0,339.37,343.89999999992585,240.5,9,19
1759005389.247645,1759005384.151589,1.4835,1.5,0,339.35,343.89999999992585,240.60000000000002,10,19
1759005389.258109,1759005384.151589,1.483,1.5,0,339.35,343.89999999992585,240.65,10,20
1759005389.268431,1759005384.151589,1.4845,1.5,0,339.35,343.89999999992585,240.7,11,20
1759005389.2786946,1759005384.151589,1.4855,1.5,0,339.35,343.89999999992585,240.75,10,19
1759005389.2885,1759005384.151589,1.486,1.5,0,339.35,343.89999999992585,240.85000000000002,11,20
1759005389.298821,1759005384.151589,1.4865,1.5,0,339.32,343.89999999992585,240.95,10,20
1759005389.3086772,1759005384.151589,1.4875,1.5,0,339.34,343.89999999992585,241.0,11,21
1759005389.3188913,1759005384.151589,1.4885,1.5,0,339.39,343.89999999992585,241.05,11,21
1759005389.3286824,1759005384.151589,1.489,1.5,0,339.39,343.89999999992585,241.15,11,20
1759005389.3389606,1759005384.151589,1.489,1.5,0,339.37,343.89999999992585,241.3,11,20
1759005389.3491466,1759005384.151589,1.488,1.5,0,339.37,343.89999999992585,241.4,10,19
1759005389.3596423,1759005384.151589,1.487,1.5,0,339.37,343.89999999992585,241.4,10,20
1759005389.369845,1759005384.151589,1.4865,1.5,0,339.35,343.89999999992585,241.35,11,19
1759005389.379897,1759005384.151589,1.488,1.5,0,339.37,343.89999999992585,241.35,10,21
1759005389.3895009,1759005384.151589,1.4895,1.5,0,339.37,343.89999999992585,241.35,11,20
1759005389.400261,1759005384.151589,1.4905,1.5,0,339.37,343.89999999992585,241.35,11,20
1759005389.4101357,1759005384.151589,1.491,1.5,0,339.37,343.89999999992585,241.3,11,19
1759005389.4201791,1759005384.151589,1.491,1.5,0,339.35,343.89999999992585,241.25,10,20
1759005389.4305723,1759005384.151589,1.491,1.5,0,339.35,343.89999999992585,241.3,10,20
1759005389.440726,1759005384.151589,1.4905,1.5,0,339.35,343.89999999992585,241.45,9,20
1759005389.450972,1759005384.151589,1.4895,1.5,0,339.33,343.89999999992585,241.55,9,20
1759005389.4606886,1759005384.151589,1.49,1.5,0,339.33,343.89999999992585,241.65,10,21
1759005389.4712648,1759005384.151589,1.49,1.5,0,339.31,343.89999999992585,241.7,9,21
1759005389.4809206,1759005384.151589,1.4905,1.5,0,339.33,343.89999999992585,241.75,10,21
1759005389.4916997,1759005384.151589,1.49,1.5,0,339.31,343.89999999992585,241.75,10,19
1759005389.501933,1759005384.151589,1.488,1.5,0,339.31,343.89999999992585,241.8,9,18
1759005389.512132,1759005384.151589,1.486,1.5,0,339.33,343.89999999992585,241.85,9,18
1759005389.5222821,1759005384.151589,1.485,1.5,0,339.33,343.89999999992585,241.9,10,19
1759005389.5323946,1759005384.151589,1.4855,1.5,0,339.33,343.89999999992585,241.85000000000002,9,20
1759005389.5425193,1759005384.151589,1.4865,1.5,0,339.33,343.89999999992585,241.8,9,21
1759005389.5526083,1759005384.151589,1.487,1.5,0,339.33,343.89999999992585,241.8,9,20
1759005389.5624774,1759005384.151589,1.4875,1.5,0,339.33,343.89999999992585,241.95,10,20
1759005389.5734296,1759005384.151589,1.4875,1.5,0,339.33,343.89999999992585,242.05,9,20
1759005389.583361,1759005384.151589,1.487,1.5,0,339.35,343.89999999992585,242.05,10,20
1759005389.593661,1759005384.151589,1.486,1.5,0,339.35,343.89999999992585,242.05,10,19
1759005389.6034176,1759005384.151589,1.4855,1.5,0,339.3,343.89999999992585,242.05,10,20
1759005389.6135485,1759005384.151589,1.4845,1.5,0,339.32,343.89999999992585,242.05,9,20
1759005389.624014,1759005384.151589,1.4835,1.5,0,339.32,343.89999999992585,242.05,8,21
1759005389.6337528,1759005384.151589,1.484,1.5,0,339.32,343.89999999992585,242.05,10,20
1759005389.6439028,1759005384.151589,1.484,1.5,0,339.32,343.89999999992585,242.05,10,20
1759005389.653678,1759005384.151589,1.4855,1.5,0,339.32,343.89999999992585,242.10000000000002,11,20
1759005389.6643124,1759005384.151589,1.4855,1.5,0,339.3,343.89999999992585,242.15,11,20
1759005389.674083,1759005384.151589,1.487,1.5,0,339.3,343.89999999992585,242.2,10,20
1759005389.6846023,1759005384.151589,1.4865,1.5,0,339.3,343.89999999992585,242.2,9,21
1759005389.6942377,1759005384.151589,1.485,1.5,0,339.28,343.89999999992585,242.2,9,19
1759005389.7049675,1759005384.151589,1.485,1.5,0,339.26,343.89999999992585,242.2,9,20
1759005389.714814,1759005384.151589,1.485,1.5,0,339.26,343.89999999992585,242.25,9,20
1759005389.7244916,1759005384.151589,1.4845,1.5,0,339.26,343.89999999992585,242.3,9,19
1759005389.7350805,1759005384.151589,1.4845,1.5,0,339.28,343.89999999992585,242.3,10,19
1759005389.7457006,1759005384.151589,1.484,1.5,0,339.3,343.89999999992585,242.2,11,19
1759005389.7555633,1759005384.151589,1.4845,1.5,0,339.3,343.89999999992585,242.1,11,20
1759005389.765551,1759005384.151589,1.4855,1.5,0,339.25,343.89999999992585,242.1,11,21
1759005389.7759905,1759005384.151589,1.485,1.5,0,339.27,343.89999999992585,242.1,10,20
1759005389.785504,1759005384.151589,1.486,1.5,0,339.27,343.89999999992585,242.1,11,20
1759005389.795792,1759005384.151589,1.487,1.5,0,339.27,343.89999999992585,242.1,10,21
1759005389.8062317,1759005384.151589,1.4885,1.5,0,339.27,343.89999999992585,242.05,11,21
1759005389.8156846,1759005384.151589,1.4885,1.5,0,339.27,343.89999999992585,242.0,10,20
1759005389.8265667,1759005384.151589,1.491,1.5,0,339.27,343.89999999992585,241.95,11,22
1759005389.836894,1759005384.151589,1.4915,1.5,0,339.27,343.89999999992585,241.89999999999998,10,21
1759005389.846691,1759005384.151589,1.491,1.5,0,339.29,343.89999999992585,241.9,10,21
1759005389.8574784,1759005384.151589,1.4905,1.5,0,339.29,343.89999999992585,241.9,10,19
1759005389.867449,1759005384.151589,1.49,1.5,0,339.29,343.89999999992585,241.9,9,20
1759005389.8774915,1759005384.151589,1.49,1.5,0,339.29,343.89999999992585,241.95,9,20
1759005389.8878818,1759005384.151589,1.49,1.5,0,339.29,343.89999999992585,241.95,10,20
1759005389.8977623,1759005384.151589,1.4895,1.5,0,339.29,343.89999999992585,242.0,9,20
1759005389.908611,1759005384.151589,1.489,1.5,0,339.27,343.89999999992585,242.05,10,19
1759005389.9185784,1759005384.151589,1.49,1.5,0,339.27,343.89999999992585,242.1,10,20
1759005389.9285793,1759005384.151589,1.4905,1.5,0,339.32,343.89999999992585,242.14999999999998,9,21
1759005389.9388587,1759005384.151589,1.49,1.5,0,339.3,343.89999999992585,242.1,10,19
1759005389.9486036,1759005384.151589,1.4895,1.5,0,339.3,343.89999999992585,242.05,9,19
1759005389.959219,1759005384.151589,1.4885,1.5,0,339.28,343.89999999992585,241.89999999999998,8,20
1759005389.9687705,1759005384.151589,1.489,1.5,0,339.26,343.89999999992585,241.7,10,20
1759005389.9791386,1759005384.151589,1.49,1.5,0,339.26,343.89999999992585,241.60000000000002,10,21
1759005389.9890964,1759005384.151589,1.4905,1.5,0,339.26,343.89999999992585,241.45,10,20
1759005389.9997556,1759005384.151589,1.491,1.5,0,339.26,343.89999999992585,241.4,10,20
1759005390.0093815,1759005384.151589,1.4915,1.5,0,339.28,343.89999999992585,241.4,8,21
1759005390.0195982,1759005384.151589,1.4925,1.5,0,339.26,343.89999999992585,241.35,9,21
1759005390.0297937,1759005384.151589,1.4915,1.5,0,339.26,343.89999999992585,241.3,8,19
1759005390.0398884,1759005384.151589,1.4915,1.5,0,339.26,343.89999999992585,241.3,9,19
1759005390.0501425,1759005384.151589,1.49,1.5,0,339.26,343.89999999992585,241.3,9,19
1759005390.0598028,1759005384.151589,1.489,1.5,0,339.24,343.89999999992585,241.25,10,20
1759005390.0700908,1759005384.151589,1.488,1.5,0,339.22,343.89999999992585,241.2,9,20
1759005390.080771,1759005384.151589,1.488,1.5,0,339.22,343.89999999992585,241.2,10,21
1759005390.0907054,1759005384.151589,1.488,1.5,0,339.24,343.89999999992585,241.2,9,20
1759005390.1003819,1759005384.151589,1.4875,1.5,0,339.24,343.89999999992585,241.2,10,19
1759005390.1103833,1759005384.151589,1.4865,1.5,0,339.22,343.89999999992585,241.2,8,19
1759005390.121032,1759005384.151589,1.4855,1.5,0,339.22,343.89999999992585,241.15,9,19
1759005390.1307623,1759005384.151589,1.4845,1.5,0,339.22,343.89999999992585,241.10000000000002,9,19
1759005390.1411433,1759005384.151589,1.483,1.5,0,339.22,343.89999999992585,241.0,8,19
1759005390.1517723,1759005384.151589,1.482,1.5,0,339.22,343.89999999992585,240.89999999999998,9,20
1759005390.161344,1759005384.151589,1.4815,1.5,0,339.22,343.89999999992585,240.8,9,19
1759005390.1713624,1759005384.151589,1.4805,1.5,0,339.2,343.89999999992585,240.75,9,19
1759005390.181875,1759005384.151589,1.4805,1.5,0,339.18,343.89999999992585,240.75,10,19
1759005390.1920736,1759005384.151589,1.4815,1.5,0,339.16,343.89999999992585,240.65,10,20
1759005390.2019193,1759005384.151589,1.483,1.5,0,339.18,343.89999999992585,240.5,10,21
1759005390.2123482,1759005384.151589,1.483,1.5,0,339.18,343.89999999992585,240.3,11,20
1759005390.2226918,1759005384.151589,1.483,1.5,0,339.25,343.89999999992585,240.15,10,20
1759005390.2325108,1759005384.151589,1.482,1.5,0,339.25,343.89999999992585,240.05,8,20
1759005390.243305,1759005384.151589,1.482,1.5,0,339.25,343.89999999992585,239.95,10,20
1759005390.252738,1759005384.151589,1.4825,1.5,0,339.2,343.89999999992585,239.95,9,20
1759005390.2633383,1759005384.151589,1.4825,1.5,0,339.22,343.89999999992585,239.95,9,20
1759005390.273488,1759005384.151589,1.4815,1.5,0,339.24,343.89999999992585,240.0,9,19
1759005390.2838736,1759005384.151589,1.4795,1.5,0,339.26,343.89999999992585,240.10000000000002,9,18
1759005390.2940261,1759005384.151589,1.479,1.5,0,339.21,343.89999999992585,240.15,9,19
1759005390.3039825,1759005384.151589,1.4775,1.5,0,339.19,343.89999999992585,240.15,10,18
1759005390.3144095,1759005384.151589,1.476,1.5,0,339.22,343.89999999992585,240.05,9,18
1759005390.3243756,1759005384.151589,1.474,1.5,0,339.2,343.89999999992585,239.95,9,19
1759005390.334697,1759005384.151589,1.4725,1.5,0,339.2,343.89999999992585,239.85,10,19
1759005390.344719,1759005384.151589,1.4715,1.5,0,339.2,343.89999999992585,239.8,10,19
1759005390.354355,1759005384.151589,1.4705,1.5,0,339.2,343.89999999992585,239.7,10,19
1759005390.364783,1759005384.151589,1.4705,1.5,0,339.2,343.89999999992585,239.65,10,19
1759005390.3745575,1759005384.151589,1.47,1.5,0,339.2,343.89999999992585,239.6,9,20
1759005390.3851454,1759005384.151589,1.469,1.5,0,339.2,343.89999999992585,239.55,9,19
1759005390.3956006,1759005384.151589,1.468,1.5,0,339.2,343.89999999992585,239.5,9,20
1759005390.4057715,1759005384.151589,1.4665,1.5,0,339.15,343.89999999992585,239.5,9,19
1759005390.4151313,1759005384.151589,1.466,1.5,0,339.17,343.89999999992585,239.45,10,20
1759005390.4255757,1759005384.151589,1.4665,1.5,0,339.17,343.89999999992585,239.4,11,20
1759005390.4355056,1759005384.151589,1.4665,1.5,0,339.17,343.89999999992585,239.35,10,20
1759005390.4458072,1759005384.151589,1.466,1.5,0,339.19,343.89999999992585,239.25,9,20
1759005390.4557123,1759005384.151589,1.4675,1.5,0,339.21,343.89999999992585,239.1,11,21
1759005390.4661016,1759005384.151589,1.468,1.5,0,339.21,343.89999999992585,238.95,10,20
1759005390.4764729,1759005384.151589,1.4675,1.5,0,339.23,343.89999999992585,238.8,10,20
1759005390.4866354,1759005384.151589,1.467,1.5,0,339.25,343.89999999992585,238.8,10,19
1759005390.496483,1759005384.151589,1.466,1.5,0,339.25,343.89999999992585,238.75,9,20
1759005390.5069196,1759005384.151589,1.466,1.5,0,339.25,343.89999999992585,238.75,9,20
1759005390.5168288,1759005384.151589,1.4665,1.5,0,339.25,343.89999999992585,238.7,9,19
1759005390.5274546,1759005384.151589,1.467,1.5,0,339.25,343.89999999992585,238.7,9,19
1759005390.5373976,1759005384.151589,1.466,1.5,0,339.25,343.89999999992585,238.7,8,19
1759005390.5474045,1759005384.151589,1.4675,1.5,0,339.25,343.89999999992585,238.8,10,22
1759005390.5575147,1759005384.151589,1.4665,1.5,0,339.25,343.89999999992585,238.9,8,20
1759005390.567563,1759005384.151589,1.4665,1.5,0,339.25,343.89999999992585,238.9,9,20
1759005390.5775938,1759005384.151589,1.467,1.5,0,339.25,343.89999999992585,238.85000000000002,10,21
1759005390.5878725,1759005384.151589,1.4665,1.5,0,339.25,343.89999999992585,238.8,8,20
1759005390.5979414,1759005384.151589,1.4655,1.5,0,339.23,343.89999999992585,238.85000000000002,9,19
1759005390.6076508,1759005384.151589,1.4655,1.5,0,339.23,343.89999999992585,238.85000000000002,9,20
1759005390.6180103,1759005384.151589,1.465,1.5,0,339.28,343.89999999992585,238.8,10,19
1759005390.6281848,1759005384.151589,1.4645,1.5,0,339.26,343.89999999992585,238.75,8,20
1759005390.638283,1759005384.151589,1.4635,1.5,0,339.24,343.89999999992585,238.65,8,19
1759005390.6476064,1759005384.151589,1.4635,1.5,0,339.24,343.89999999992585,238.65,10,20
1759005390.65891,1759005384.151589,1.4635,1.5,0,339.24,343.89999999992585,238.65,10,20
1759005390.6684728,1759005384.151589,1.463,1.5,0,339.24,343.89999999992585,238.65,9,21
1759005390.6792774,1759005384.151589,1.4615,1.5,0,339.24,343.89999999992585,238.65,8,20
1759005390.6894763,1759005384.151589,1.4605,1.5,0,339.24,343.89999999992585,238.75,9,19
1759005390.6994255,1759005384.151589,1.46,1.5,0,339.19,343.89999999992585,238.85,10,19
1759005390.7095993,1759005384.151589,1.4605,1.5,0,339.19,343.89999999992585,238.85,9,20
1759005390.7195864,1759005384.151589,1.461,1.5,0,339.21,343.89999999992585,238.8,10,20
1759005390.729706,1759005384.151589,1.4615,1.5,0,339.23,343.89999999992585,238.8,9,21
1759005390.7406073,1759005384.151589,1.4625,1.5,0,339.23,343.89999999992585,238.8,10,20
1759005390.750574,1759005384.151589,1.463,1.5,0,339.23,343.89999999992585,238.75,10,20
1759005390.7607229,1759005384.151589,1.4635,1.5,0,339.21,343.89999999992585,238.7,10,21
1759005390.7704363,1759005384.151589,1.464,1.5,0,339.21,343.89999999992585,238.7,10,22
1759005390.7806542,1759005384.151589,1.463,1.5,0,339.26,343.89999999992585,238.7,9,21
1759005390.7899053,1759005384.151589,1.463,1.5,0,339.26,343.89999999992585,238.75,10,20
1759005390.7999194,1759005384.151589,1.4615,1.5,0,339.26,343.89999999992585,238.8,9,19
1759005390.8104687,1759005384.151589,1.461,1.5,0,339.26,343.89999999992585,238.8,10,20
1759005390.8205907,1759005384.151589,1.46,1.5,0,339.28,343.89999999992585,238.75,10,20
1759005390.8312535,1759005384.151589,1.4595,1.5,0,339.28,343.89999999992585,238.85000000000002,10,19
1759005390.8418698,1759005384.151589,1.4585,1.5,0,339.28,343.89999999992585,239.0,10,21
1759005390.8521366,1759005384.151589,1.458,1.5,0,339.28,343.89999999992585,239.1,10,20
1759005390.8620698,1759005384.151589,1.457,1.5,0,339.26,343.89999999992585,239.14999999999998,9,20
1759005390.8723772,1759005384.151589,1.4565,1.5,0,339.26,343.89999999992585,239.2,9,19
1759005390.882183,1759005384.151589,1.456,1.5,0,339.26,343.89999999992585,239.15,9,19
1759005390.8927412,1759005384.151589,1.456,1.5,0,339.26,343.89999999992585,239.05,10,19
1759005390.90317,1759005384.151589,1.455,1.5,0,339.26,343.89999999992585,239.0,9,19
1759005390.9133494,1759005384.151589,1.455,1.5,0,339.26,343.89999999992585,238.95,9,20
1759005390.9236066,1759005384.151589,1.455,1.5,0,339.28,343.89999999992585,238.9,9,20
1759005390.933928,1759005384.151589,1.4545,1.5,0,339.3,343.89999999992585,238.9,8,21
1759005390.9436107,1759005384.151589,1.4535,1.5,0,339.32,343.89999999992585,238.95,8,20
1759005390.9543102,1759005384.151589,1.454,1.5,0,339.32,343.89999999992585,239.05,11,19
1759005390.9641984,1759005384.151589,1.4555,1.5,0,339.32,343.89999999992585,239.1,10,21
1759005390.9746108,1759005384.151589,1.4555,1.5,0,339.32,343.89999999992585,239.1,8,20
1759005390.984847,1759005384.151589,1.454,1.5,0,339.32,343.89999999992585,239.15,8,19
1759005390.994448,1759005384.151589,1.4535,1.5,0,339.32,343.89999999992585,239.15,10,20
1759005391.0052006,1759005384.151589,1.453,1.5,0,339.32,343.89999999992585,239.25,10,19
1759005391.014757,1759005384.151589,1.453,1.5,0,339.3,343.89999999992585,239.25,9,21
1759005391.0252137,1759005384.151589,1.454,1.5,0,339.28,343.89999999992585,239.2,10,21
1759005391.0357625,1759005384.151589,1.4545,1.5,0,339.28,343.89999999992585,239.2,10,21
1759005391.0454347,1759005384.151589,1.456,1.5,0,339.28,343.89999999992585,239.2,10,20
1759005391.0561688,1759005384.151589,1.457,1.5,0,339.21,343.89999999992585,239.2,10,20
1759005391.0659952,1759005384.151589,1.4575,1.5,0,339.21,343.89999999992585,239.14999999999998,10,19
1759005391.0762677,1759005384.151589,1.457,1.5,0,339.21,343.89999999992585,239.14999999999998,10,19
1759005391.0864258,1759005384.151589,1.457,1.5,0,339.16,343.89999999992585,239.14999999999998,9,20
1759005391.0971012,1759005384.151589,1.455,1.5,0,339.16,343.89999999992585,239.1,8,19
1759005391.1067,1759005384.151589,1.4555,1.5,0,339.14,343.89999999992585,239.14999999999998,10,20
1759005391.116529,1759005384.151589,1.4555,1.5,0,339.09,343.89999999992585,239.14999999999998,9,20
1759005391.1276035,1759005384.151589,1.4565,1.5,0,339.04,343.89999999992585,239.1,9,20
1759005391.1375308,1759005384.151589,1.4575,1.5,0,339.04,343.89999999992585,239.1,10,20
1759005391.1475222,1759005384.151589,1.458,1.5,0,339.06,343.89999999992585,239.1,9,20
1759005391.1576955,1759005384.151589,1.4595,1.5,0,339.06,343.89999999992585,239.1,10,20
1759005391.1685922,1759005384.151589,1.4595,1.5,0,339.06,343.89999999992585,239.14999999999998,9,20
1759005391.1783524,1759005384.151589,1.46,1.5,0,339.06,343.89999999992585,239.2,9,20
1759005391.1889687,1759005384.151589,1.461,1.5,0,339.06,343.89999999992585,239.2,10,20
1759005391.198661,1759005384.151589,1.461,1.5,0,339.06,343.89999999992585,239.15,9,20
1759005391.2094193,1759005384.151589,1.46,1.5,0,339.06,343.89999999992585,239.14999999999998,9,19
1759005391.219503,1759005384.151589,1.4595,1.5,0,339.04,343.89999999992585,239.25,10,20
1759005391.2299278,1759005384.151589,1.4585,1.5,0,338.99,343.89999999992585,239.35000000000002,10,19
1759005391.2399957,1759005384.151589,1.4575,1.5,0,338.97,343.89999999992585,239.4,9,19
1759005391.2499785,1759005384.151589,1.4575,1.5,0,338.97,343.89999999992585,239.45,9,19
1759005391.2602267,1759005384.151589,1.457,1.5,0,338.92,343.89999999992585,239.5,10,19
1759005391.2700992,1759005384.151589,1.457,1.5,0,338.97,343.89999999992585,239.5,10,19
1759005391.2797422,1759005384.151589,1.4565,1.5,0,338.95,343.89999999992585,239.5,10,18
1759005391.2906783,1759005384.151589,1.4585,1.5,0,338.93,343.89999999992585,239.45,11,21
1759005391.3003092,1759005384.151589,1.4595,1.5,0,338.91,343.89999999992585,239.35,9,20
1759005391.3106132,1759005384.151589,1.46,1.5,0,338.96,343.89999999992585,239.25,9,20
1759005391.3208709,1759005384.151589,1.4605,1.5,0,338.96,343.89999999992585,239.2,9,20
1759005391.331355,1759005384.151589,1.4625,1.5,0,338.96,343.89999999992585,239.25,10,21
1759005391.3409722,1759005384.151589,1.4625,1.5,0,338.96,343.89999999992585,239.3,9,19
1759005391.3514225,1759005384.151589,1.4625,1.5,0,338.98,343.89999999992585,239.25,9,20
1759005391.3615828,1759005384.151589,1.4635,1.5,0,338.98,343.89999999992585,239.15,10,21
1759005391.3714933,1759005384.151589,1.464,1.5,0,338.93,343.89999999992585,239.10000000000002,9,21
1759005391.381557,1759005384.151589,1.464,1.5,0,338.95,343.89999999992585,239.05,9,20
1759005391.391828,1759005384.151589,1.4635,1.5,0,338.97,343.89999999992585,239.05,8,20
1759005391.4019463,1759005384.151589,1.4645,1.5,0,338.97,343.89999999992585,239.15,9,21
1759005391.4115138,1759005384.151589,1.4655,1.5,0,338.97,343.89999999992585,239.2,9,22
1759005391.4225097,1759005384.151589,1.4665,1.5,0,339.04,343.89999999992585,239.15,10,20
1759005391.4318845,1759005384.151589,1.466,1.5,0,339.02,343.89999999992585,239.10000000000002,9,20
1759005391.4420395,1759005384.151589,1.465,1.5,0,339.02,343.89999999992585,239.15,9,20
1759005391.4517264,1759005384.151589,1.465,1.5,0,339.04,343.89999999992585,239.2,10,20
1759005391.4621663,1759005384.151589,1.4645,1.5,0,339.02,343.89999999992585,239.25,9,19
1759005391.4727507,1759005384.151589,1.4625,1.5,0,339,343.89999999992585,239.39999999999998,9,19
1759005391.4825141,1759005384.151589,1.4625,1.5,0,339,343.89999999992585,239.55,11,19
1759005391.4929214,1759005384.151589,1.4625,1.5,0,338.98,343.89999999992585,239.65,10,20
1759005391.5028996,1759005384.151589,1.4635,1.5,0,338.96,343.89999999992585,239.7,11,20
1759005391.5134072,1759005384.151589,1.463,1.5,0,338.94,343.89999999992585,239.75,8,20
1759005391.523062,1759005384.151589,1.4625,1.5,0,338.94,343.89999999992585,239.75,9,19
1759005391.5333724,1759005384.151589,1.463,1.5,0,338.94,343.89999999992585,239.75,9,20
1759005391.54349,1759005384.151589,1.4635,1.5,0,338.94,343.89999999992585,239.75,10,19
1759005391.5539386,1759005384.151589,1.4645,1.5,0,338.96,343.89999999992585,239.7,10,19
1759005391.5642326,1759005384.151589,1.4625,1.5,0,338.98,343.89999999992585,239.65,9,19
1759005391.5738747,1759005384.151589,1.463,1.5,0,339,343.89999999992585,239.60000000000002,9,20
1759005391.5843446,1759005384.151589,1.462,1.5,0,339,343.89999999992585,239.55,8,19
1759005391.5942833,1759005384.151589,1.4615,1.5,0,339,343.89999999992585,239.55,11,19
1759005391.604603,1759005384.151589,1.462,1.5,0,339,343.89999999992585,239.55,9,20
1759005391.6149204,1759005384.151589,1.463,1.5,0,339,343.89999999992585,239.5,11,19
1759005391.6248164,1759005384.151589,1.4625,1.5,0,339.02,343.89999999992585,239.55,10,18
1759005391.6352763,1759005384.151589,1.462,1.5,0,339.04,343.89999999992585,239.60000000000002,9,19
1759005391.6456668,1759005384.151589,1.463,1.5,0,339.04,343.89999999992585,239.65,10,20
1759005391.655848,1759005384.151589,1.465,1.5,0,338.99,343.89999999992585,239.65,10,21
1759005391.6657455,1759005384.151589,1.4645,1.5,0,339.01,343.89999999992585,239.65,10,19
1759005391.6760375,1759005384.151589,1.464,1.5,0,339.01,343.89999999992585,239.7,10,19
1759005391.6864066,1759005384.151589,1.4635,1.5,0,339.01,343.89999999992585,239.75,10,19
1759005391.6964388,1759005384.151589,1.464,1.5,0,339.03,343.89999999992585,239.8,10,19
1759005391.7067797,1759005384.151589,1.464,1.5,0,339.03,343.89999999992585,239.8,9,19
1759005391.7170653,1759005384.151589,1.4635,1.5,0,339.1,343.89999999992585,239.8,9,19
1759005391.7269108,1759005384.151589,1.463,1.5,0,339.1,343.89999999992585,239.8,9,19
1759005391.7375789,1759005384.151589,1.4625,1.5,0,339.1,343.89999999992585,239.8,10,19
1759005391.7475832,1759005384.151589,1.4625,1.5,0,339.08,343.89999999992585,239.75,10,20
1759005391.757491,1759005384.151589,1.4625,1.5,0,339.08,343.89999999992585,239.7,10,20
1759005391.7678616,1759005384.151589,1.462,1.5,0,339.08,343.89999999992585,239.64999999999998,9,20
1759005391.7778773,1759005384.151589,1.46,1.5,0,339.08,343.89999999992585,239.64999999999998,8,19
1759005391.7877128,1759005384.151589,1.4585,1.5,0,339.1,343.89999999992585,239.7,9,20
1759005391.797903,1759005384.151589,1.4575,1.5,0,339.1,343.89999999992585,239.75,9,19
1759005391.8085012,1759005384.151589,1.4575,1.5,0,339.1,343.89999999992585,239.75,10,20
1759005391.8186061,1759005384.151589,1.4575,1.5,0,339.1,343.89999999992585,239.8,9,19
1759005391.828854,1759005384.151589,1.457,1.5,0,339.1,343.89999999992585,239.85000000000002,10,19
1759005391.839199,1759005384.151589,1.4565,1.5,0,339.1,343.89999999992585,239.95,10,19
1759005391.849293,1759005384.151589,1.4575,1.5,0,339.1,343.89999999992585,239.9,11,20
1759005391.8596973,1759005384.151589,1.457,1.5,0,339.1,343.89999999992585,239.8,10,20
1759005391.8699124,1759005384.151589,1.457,1.5,0,339.1,343.89999999992585,239.75,9,21
1759005391.8798137,1759005384.151589,1.4575,1.5,0,339.1,343.89999999992585,239.7,10,20
1759005391.889252,1759005384.151589,1.4585,1.5,0,339.1,343.89999999992585,239.7,10,20
1759005391.9007165,1759005384.151589,1.4595,1.5,0,339.1,343.89999999992585,239.8,10,20
1759005391.9107316,1759005384.151589,1.46,1.5,0,339.12,343.89999999992585,239.85000000000002,9,21
1759005391.9209673,1759005384.151589,1.461,1.5,0,339.12,343.89999999992585,239.85000000000002,10,20
1759005391.9308732,1759005384.151589,1.462,1.5,0,339.1,343.89999999992585,239.8,11,20
1759005391.9411197,1759005384.151589,1.4625,1.5,0,339.08,343.89999999992585,239.75,11,19
1759005391.9512038,1759005384.151589,1.4625,1.5,0,339.08,343.89999999992585,239.7,10,19
1759005391.96155,1759005384.151589,1.4635,1.5,0,339.08,343.89999999992585,239.65,10,20
1759005391.9714818,1759005384.151589,1.4635,1.5,0,339.08,343.89999999992585,239.55,10,20
1759005391.9819994,1759005384.151589,1.4625,1.5,0,339.08,343.89999999992585,239.5,10,19
1759005391.9916391,1759005384.151589,1.4635,1.5,0,339.08,343.89999999992585,239.5,10,20
1759005392.0019758,1759005384.151589,1.465,1.5,0,339.08,343.89999999992585,239.60000000000002,11,19
1759005392.0117137,1759005384.151589,1.4645,1.5,0,339.1,343.89999999992585,239.7,11,18
1759005392.0221934,1759005384.151589,1.4645,1.5,0,339.1,343.89999999992585,239.7,11,18
1759005392.032521,1759005384.151589,1.4645,1.5,0,339.05,343.89999999992585,239.65,11,19
1759005392.0427861,1759005384.151589,1.4625,1.5,0,339.05,343.89999999992585,239.5,9,18
1759005392.052539,1759005384.151589,1.462,1.5,0,339.05,343.89999999992585,239.4,10,20
1759005392.0626311,1759005384.151589,1.463,1.5,0,339.05,343.89999999992585,239.3,11,21
1759005392.0730097,1759005384.151589,1.4625,1.5,0,339.1,343.89999999992585,239.3,10,19
1759005392.0832052,1759005384.151589,1.464,1.5,0,339.1,343.89999999992585,239.3,11,21
1759005392.0928633,1759005384.151589,1.465,1.5,0,339.12,343.89999999992585,239.3,10,21
1759005392.1034968,1759005384.151589,1.4665,1.5,0,339.19,343.89999999992585,239.3,11,21
1759005392.1136475,1759005384.151589,1.468,1.5,0,339.21,343.89999999992585,239.4,11,19
1759005392.1238368,1759005384.151589,1.468,1.5,0,339.18,343.89999999992585,239.35,11,19
1759005392.1338606,1759005384.151589,1.468,1.5,0,339.23,343.89999999992585,239.35,10,19
1759005392.1437309,1759005384.151589,1.468,1.5,0,339.28,343.89999999992585,239.35,10,19
1759005392.154189,1759005384.151589,1.4665,1.5,0,339.3,343.89999999992585,239.39999999999998,9,18
1759005392.164305,1759005384.151589,1.466,1.5,0,339.3,343.89999999992585,239.45,10,18
1759005392.174753,1759005384.151589,1.465,1.5,0,339.3,343.89999999992585,239.45,10,18
1759005392.1852014,1759005384.151589,1.465,1.5,0,339.25,343.89999999992585,239.35,10,19
1759005392.194949,1759005384.151589,1.4655,1.5,0,339.25,343.89999999992585,239.3,10,20
1759005392.2052817,1759005384.151589,1.465,1.5,0,339.25,343.89999999992585,239.3,10,19
1759005392.215526,1759005384.151589,1.4655,1.5,0,339.25,343.89999999992585,239.35000000000002,11,19
1759005392.2256923,1759005384.151589,1.4665,1.5,0,339.25,343.89999999992585,239.4,10,20
1759005392.2357085,1759005384.151589,1.466,1.5,0,339.25,343.89999999992585,239.35000000000002,10,19
1759005392.2460723,1759005384.151589,1.466,1.5,0,339.32,343.89999999992585,239.3,9,20
1759005392.2563517,1759005384.151589,1.4665,1.5,0,339.32,343.89999999992585,239.2,10,19
1759005392.2664082,1759005384.151589,1.467,1.5,0,339.27,343.89999999992585,239.10000000000002,11,18
1759005392.2768328,1759005384.151589,1.4675,1.5,0,339.32,343.89999999992585,239.05,11,19
1759005392.2873256,1759005384.151589,1.4675,1.5,0,339.32,343.89999999992585,239.0,10,19
1759005392.2967315,1759005384.151589,1.4685,1.5,0,339.32,343.89999999992585,239.0,10,20
1759005392.3073492,1759005384.151589,1.467,1.5,0,339.32,343.89999999992585,239.05,10,19
1759005392.3176112,1759005384.151589,1.4675,1.5,0,339.32,343.89999999992585,239.15,10,20
1759005392.327503,1759005384.151589,1.468,1.5,0,339.32,343.89999999992585,239.25,9,21
1759005392.3380592,1759005384.151589,1.4675,1.5,0,339.32,343.89999999992585,239.25,9,19
1759005392.3475204,1759005384.151589,1.4665,1.5,0,339.27,343.89999999992585,239.25,9,20
1759005392.3582823,1759005384.151589,1.4675,1.5,0,339.27,343.89999999992585,239.25,11,19
1759005392.3677716,1759005384.151589,1.4675,1.5,0,339.25,343.89999999992585,239.35,10,19
1759005392.377466,1759005384.151589,1.467,1.5,0,339.25,343.89999999992585,239.45,11,19
1759005392.3876584,1759005384.151589,1.467,1.5,0,339.32,343.89999999992585,239.55,10,20
1759005392.3978505,1759005384.151589,1.467,1.5,0,339.32,343.89999999992585,239.65,10,19
1759005392.4082925,1759005384.151589,1.4675,1.5,0,339.3,343.89999999992585,239.75,9,20
1759005392.418342,1759005384.151589,1.467,1.5,0,339.3,343.89999999992585,239.8,9,20
1759005392.4295108,1759005384.151589,1.4665,1.5,0,339.28,343.89999999992585,239.8,10,20
1759005392.439727,1759005384.151589,1.4655,1.5,0,339.26,343.89999999992585,239.8,9,19
1759005392.4495518,1759005384.151589,1.4655,1.5,0,339.26,343.89999999992585,239.9,9,20
1759005392.4597862,1759005384.151589,1.4655,1.5,0,339.26,343.89999999992585,239.9,10,19
1759005392.4698143,1759005384.151589,1.464,1.5,0,339.26,343.89999999992585,239.95,9,18
1759005392.4796576,1759005384.151589,1.4635,1.5,0,339.26,343.89999999992585,240.0,9,18
1759005392.4899912,1759005384.151589,1.4645,1.5,0,339.28,343.89999999992585,239.95,10,20
1759005392.500038,1759005384.151589,1.4645,1.5,0,339.28,343.89999999992585,239.9,10,20
1759005392.5103946,1759005384.151589,1.464,1.5,0,339.28,343.89999999992585,239.9,9,20
1759005392.5204337,1759005384.151589,1.463,1.5,0,339.28,343.89999999992585,239.9,9,20
1759005392.5307922,1759005384.151589,1.463,1.5,0,339.28,343.89999999992585,239.95,9,19
1759005392.541219,1759005384.151589,1.4635,1.5,0,339.3,343.89999999992585,240.05,10,19
1759005392.5507953,1759005384.151589,1.4635,1.5,0,339.32,343.89999999992585,240.14999999999998,9,20
1759005392.5613034,1759005384.151589,1.4635,1.5,0,339.3,343.89999999992585,240.25,9,20
1759005392.571451,1759005384.151589,1.4635,1.5,0,339.3,343.89999999992585,240.4,9,20
1759005392.5814748,1759005384.151589,1.464,1.5,0,339.28,343.89999999992585,240.5,9,20
1759005392.591935,1759005384.151589,1.4645,1.5,0,339.26,343.89999999992585,240.55,10,20
1759005392.601529,1759005384.151589,1.465,1.5,0,339.26,343.89999999992585,240.55,10,18
1759005392.6116455,1759005384.151589,1.464,1.5,0,339.26,343.89999999992585,240.55,10,18
1759005392.622183,1759005384.151589,1.4645,1.5,0,339.26,343.89999999992585,240.55,10,20
1759005392.632449,1759005384.151589,1.464,1.5,0,339.21,343.89999999992585,240.55,10,19
1759005392.6423774,1759005384.151589,1.4645,1.5,0,339.19,343.89999999992585,240.55,10,19
1759005392.652744,1759005384.151589,1.4645,1.5,0,339.17,343.89999999992585,240.6,10,18
1759005392.6625316,1759005384.151589,1.464,1.5,0,339.17,343.89999999992585,240.7,10,19
1759005392.6734128,1759005384.151589,1.463,1.5,0,339.22,343.89999999992585,240.75,10,19
1759005392.6829855,1759005384.151589,1.463,1.5,0,339.22,343.89999999992585,240.75,10,19
1759005392.6932735,1759005384.151589,1.463,1.5,0,339.22,343.89999999992585,240.65,10,19
1759005392.703767,1759005384.151589,1.4625,1.5,0,339.22,343.89999999992585,240.60000000000002,10,18
1759005392.7138736,1759005384.151589,1.4625,1.5,0,339.2,343.89999999992585,240.55,11,18
1759005392.7238662,1759005384.151589,1.463,1.5,0,339.22,343.89999999992585,240.5,10,19
1759005392.7336931,1759005384.151589,1.464,1.5,0,339.15,343.89999999992585,240.45,10,20
1759005392.743943,1759005384.151589,1.4655,1.5,0,339.15,343.89999999992585,240.5,10,21
1759005392.75423,1759005384.151589,1.4655,1.5,0,339.15,343.89999999992585,240.5,9,20
1759005392.7646334,1759005384.151589,1.4645,1.5,0,339.17,343.89999999992585,240.5,9,19
1759005392.7744985,1759005384.151589,1.464,1.5,0,339.17,343.89999999992585,240.5,9,20
1759005392.7845175,1759005384.151589,1.4645,1.5,0,339.17,343.89999999992585,240.55,10,20
1759005392.7951279,1759005384.151589,1.4645,1.5,0,339.17,343.89999999992585,240.55,8,19
1759005392.804675,1759005384.151589,1.4645,1.5,0,339.15,343.89999999992585,240.5,9,20
1759005392.8148808,1759005384.151589,1.465,1.5,0,339.17,343.89999999992585,240.45,10,19
1759005392.824996,1759005384.151589,1.465,1.5,0,339.1,343.89999999992585,240.4,10,20
1759005392.8352113,1759005384.151589,1.4655,1.5,0,339.1,343.89999999992585,240.3,9,20
1759005392.8451955,1759005384.151589,1.4645,1.5,0,339.1,343.89999999992585,240.15,8,19
1759005392.8552601,1759005384.151589,1.4645,1.5,0,339.08,343.89999999992585,240.10000000000002,9,20
1759005392.8656597,1759005384.151589,1.464,1.5,0,339.08,343.89999999992585,240.10000000000002,10,20
1759005392.8758557,1759005384.151589,1.4635,1.5,0,339.1,343.89999999992585,240.15,10,19
1759005392.8854158,1759005384.151589,1.464,1.5,0,339.1,343.89999999992585,240.15,11,20
1759005392.8959584,1759005384.151589,1.4645,1.5,0,339.12,343.89999999992585,240.2,11,20
1759005392.9057076,1759005384.151589,1.4635,1.5,0,339.09,343.89999999992585,240.15,9,19
1759005392.916349,1759005384.151589,1.463,1.5,0,339.11,343.89999999992585,240.05,10,19
1759005392.9256856,1759005384.151589,1.4625,1.5,0,339.09,343.89999999992585,240.05,10,19
1759005392.9365757,1759005384.151589,1.4625,1.5,0,339.09,343.89999999992585,240.10000000000002,11,19
1759005392.9463856,1759005384.151589,1.4615,1.5,0,339.09,343.89999999992585,240.2,10,19
1759005392.9564123,1759005384.151589,1.4605,1.5,0,339.11,343.89999999992585,240.25,9,19
1759005392.9670665,1759005384.151589,1.4605,1.5,0,339.09,343.89999999992585,240.25,10,19
1759005392.9765382,1759005384.151589,1.4605,1.5,0,339.07,343.89999999992585,240.3,10,20
1759005392.9868557,1759005384.151589,1.4595,1.5,0,339.07,343.89999999992585,240.45,9,19
1759005392.9968033,1759005384.151589,1.459,1.5,0,339.07,343.89999999992585,240.6,9,19
1759005393.0076313,1759005384.151589,1.4575,1.5,0,339.07,343.89999999992585,240.75,9,18
1759005393.0174503,1759005384.151589,1.4555,1.5,0,339.07,343.89999999992585,240.7,8,18
1759005393.0275884,1759005384.151589,1.4545,1.5,0,339.07,343.89999999992585,240.65,8,19
1759005393.0377233,1759005384.151589,1.454,1.5,0,339.09,343.89999999992585,240.60000000000002,9,19
1759005393.0476947,1759005384.151589,1.4535,1.5,0,339.14,343.89999999992585,240.60000000000002,9,20
1759005393.0581832,1759005384.151589,1.4545,1.5,0,339.14,343.89999999992585,240.75,9,20
1759005393.0686774,1759005384.151589,1.4545,1.5,0,339.16,343.89999999992585,240.9,10,20
1759005393.07857,1759005384.151589,1.453,1.5,0,339.16,343.89999999992585,241.05,9,20
1759005393.0889616,1759005384.151589,1.453,1.5,0,339.18,343.89999999992585,241.1,9,20
1759005393.0986435,1759005384.151589,1.451,1.5,0,339.18,343.89999999992585,241.1,9,19
1759005393.1084719,1759005384.151589,1.45,1.5,0,339.18,343.89999999992585,241.05,10,19
1759005393.1195,1759005384.151589,1.4485,1.5,0,339.16,343.89999999992585,240.95,10,19
1759005393.1287327,1759005384.151589,1.4485,1.5,0,339.14,343.89999999992585,240.8,11,19
1759005393.1395369,1759005384.151589,1.448,1.5,0,339.17,343.89999999992585,240.7,10,19
1759005393.1494663,1759005384.151589,1.448,1.5,0,339.17,343.89999999992585,240.65,10,19
1759005393.1600559,1759005384.151589,1.4485,1.5,0,339.17,343.89999999992585,240.60000000000002,10,20
1759005393.1696806,1759005384.151589,1.45,1.5,0,339.15,343.89999999992585,240.55,10,20
1759005393.1796005,1759005384.151589,1.451,1.5,0,339.13,343.89999999992585,240.5,10,20
1759005393.1904078,1759005384.151589,1.4515,1.5,0,339.13,343.89999999992585,240.5,10,19
1759005393.2005374,1759005384.151589,1.4515,1.5,0,339.18,343.89999999992585,240.6,10,19
1759005393.2106953,1759005384.151589,1.4515,1.5,0,339.2,343.89999999992585,240.7,10,20
1759005393.2205672,1759005384.151589,1.452,1.5,0,339.22,343.89999999992585,240.7,10,20
1759005393.230571,1759005384.151589,1.4515,1.5,0,339.22,343.89999999992585,240.7,10,19
1759005393.2413287,1759005384.151589,1.4505,1.5,0,339.22,343.89999999992585,240.64999999999998,9,19
1759005393.2511897,1759005384.151589,1.45,1.5,0,339.22,343.89999999992585,240.7,9,19
1759005393.2615426,1759005384.151589,1.4495,1.5,0,339.15,343.89999999992585,240.8,9,19
1759005393.2718391,1759005384.151589,1.4495,1.5,0,339.17,343.89999999992585,241.0,10,19
1759005393.2816317,1759005384.151589,1.4485,1.5,0,339.24,343.89999999992585,241.14999999999998,9,18
1759005393.2917116,1759005384.151589,1.4475,1.5,0,339.26,343.89999999992585,241.14999999999998,9,19
1759005393.3024004,1759005384.151589,1.4475,1.5,0,339.26,343.89999999992585,241.1,10,19
1759005393.3127027,1759005384.151589,1.4465,1.5,0,339.26,343.89999999992585,241.0,9,19
1759005393.3225813,1759005384.151589,1.446,1.5,0,339.26,343.89999999992585,240.95,10,18
1759005393.3327017,1759005384.151589,1.4455,1.5,0,339.26,343.89999999992585,240.85000000000002,10,19
1759005393.3427002,1759005384.151589,1.4455,1.5,0,339.21,343.89999999992585,240.8,10,20
1759005393.35268,1759005384.151589,1.4455,1.5,0,339.23,343.89999999992585,240.85,8,20
1759005393.3632145,1759005384.151589,1.4445,1.5,0,339.28,343.89999999992585,240.89999999999998,8,19
1759005393.3737497,1759005384.151589,1.444,1.5,0,339.3,343.89999999992585,240.89999999999998,9,20
1759005393.3837576,1759005384.151589,1.445,1.5,0,339.32,343.89999999992585,240.85,11,20
1759005393.394022,1759005384.151589,1.445,1.5,0,339.34,343.89999999992585,240.8,10,20
1759005393.4043033,1759005384.151589,1.4455,1.5,0,339.34,343.89999999992585,240.75,10,21
1759005393.414694,1759005384.151589,1.446,1.5,0,339.27,343.89999999992585,240.8,10,20
1759005393.4244008,1759005384.151589,1.4465,1.5,0,339.29,343.89999999992585,240.75,10,20
1759005393.4351144,1759005384.151589,1.4465,1.5,0,339.29,343.89999999992585,240.6,9,20
1759005393.445157,1759005384.151589,1.4455,1.5,0,339.29,343.89999999992585,240.55,9,19
1759005393.455213,1759005384.151589,1.446,1.5,0,339.29,343.89999999992585,240.55,9,20
1759005393.4654896,1759005384.151589,1.4455,1.5,0,339.29,343.89999999992585,240.5,9,19
1759005393.4758286,1759005384.151589,1.4455,1.5,0,339.31,343.89999999992585,240.39999999999998,10,19
1759005393.4856637,1759005384.151589,1.4465,1.5,0,339.31,343.89999999992585,240.25,9,20
1759005393.4958403,1759005384.151589,1.448,1.5,0,339.31,343.89999999992585,240.15,10,20
1759005393.5061057,1759005384.151589,1.4475,1.5,0,339.29,343.89999999992585,240.1,10,19
1759005393.5161188,1759005384.151589,1.4475,1.5,0,339.31,343.89999999992585,240.05,11,19
1759005393.5262742,1759005384.151589,1.447,1.5,0,339.31,343.89999999992585,240.0,10,18
1759005393.53674,1759005384.151589,1.447,1.5,0,339.31,343.89999999992585,239.85,10,19
1759005393.5466623,1759005384.151589,1.448,1.5,0,339.31,343.89999999992585,239.7,11,19
1759005393.556808,1759005384.151589,1.4475,1.5,0,339.29,343.89999999992585,239.60000000000002,11,17
1759005393.5671763,1759005384.151589,1.448,1.5,0,339.27,343.89999999992585,239.45,11,19
1759005393.5775034,1759005384.151589,1.447,1.5,0,339.27,343.89999999992585,239.35,9,18
1759005393.5876672,1759005384.151589,1.447,1.5,0,339.25,343.89999999992585,239.2,9,20
1759005393.597285,1759005384.151589,1.447,1.5,0,339.27,343.89999999992585,239.1,9,20
1759005393.6080391,1759005384.151589,1.447,1.5,0,339.27,343.89999999992585,239.0,10,20
1759005393.6176834,1759005384.151589,1.447,1.5,0,339.27,343.89999999992585,239.0,9,19
1759005393.6281207,1759005384.151589,1.447,1.5,0,339.29,343.89999999992585,238.95,9,19
1759005393.638189,1759005384.151589,1.446,1.5,0,339.29,343.89999999992585,238.9,9,19
1759005393.6487303,1759005384.151589,1.4455,1.5,0,339.29,343.89999999992585,238.8,9,19
1759005393.6587992,1759005384.151589,1.4455,1.5,0,339.29,343.89999999992585,238.7,9,20
1759005393.6687179,1759005384.151589,1.4465,1.5,0,339.29,343.89999999992585,238.60000000000002,10,20
1759005393.6788473,1759005384.151589,1.4465,1.5,0,339.29,343.89999999992585,238.45,9,20
1759005393.6887956,1759005384.151589,1.446,1.5,0,339.31,343.89999999992585,238.4,9,19
1759005393.6995003,1759005384.151589,1.446,1.5,0,339.29,343.89999999992585,238.4,9,20
1759005393.7091277,1759005384.151589,1.4465,1.5,0,339.31,343.89999999992585,238.45,9,21
1759005393.7191858,1759005384.151589,1.448,1.5,0,339.31,343.89999999992585,238.45,10,21
1759005393.729703,1759005384.151589,1.449,1.5,0,339.31,343.89999999992585,238.5,10,21
1759005393.7397993,1759005384.151589,1.4495,1.5,0,339.31,343.89999999992585,238.55,10,20
1759005393.7494948,1759005384.151589,1.4495,1.5,0,339.36,343.89999999992585,238.6,10,20
1759005393.7602274,1759005384.151589,1.4495,1.5,0,339.36,343.89999999992585,238.55,9,22
1759005393.7697456,1759005384.151589,1.45,1.5,0,339.34,343.89999999992585,238.55,10,20
1759005393.780372,1759005384.151589,1.45,1.5,0,339.27,343.89999999992585,238.5,9,19
1759005393.790442,1759005384.151589,1.4505,1.5,0,339.29,343.89999999992585,238.45,10,20
1759005393.8005974,1759005384.151589,1.45,1.5,0,339.27,343.89999999992585,238.45,10,19
1759005393.8107243,1759005384.151589,1.4515,1.5,0,339.27,343.89999999992585,238.45,10,20
1759005393.8205533,1759005384.151589,1.452,1.5,0,339.29,343.89999999992585,238.45,9,21
1759005393.83045,1759005384.151589,1.452,1.5,0,339.29,343.89999999992585,238.5,9,20
1759005393.840532,1759005384.151589,1.451,1.5,0,339.36,343.89999999992585,238.55,9,19
1759005393.8509505,1759005384.151589,1.451,1.5,0,339.31,343.89999999992585,238.6,10,19
1759005393.860892,1759005384.151589,1.4525,1.5,0,339.31,343.89999999992585,238.65,10,20
1759005393.8712502,1759005384.151589,1.453,1.5,0,339.33,343.89999999992585,238.65,10,20
1759005393.881839,1759005384.151589,1.453,1.5,0,339.35,343.89999999992585,238.7,11,19
1759005393.8916106,1759005384.151589,1.454,1.5,0,339.33,343.89999999992585,238.75,11,20
1759005393.9017293,1759005384.151589,1.4535,1.5,0,339.35,343.89999999992585,238.85,10,20
1759005393.911975,1759005384.151589,1.453,1.5,0,339.33,343.89999999992585,238.9,9,21
1759005393.9224076,1759005384.151589,1.4535,1.5,0,339.38,343.89999999992585,238.95,9,20
1759005393.9324899,1759005384.151589,1.454,1.5,0,339.36,343.89999999992585,239.0,9,21
1759005393.9424312,1759005384.151589,1.4545,1.5,0,339.36,343.89999999992585,238.95,10,20
1759005393.9529846,1759005384.151589,1.4535,1.5,0,339.36,343.89999999992585,238.85,9,19
1759005393.9628496,1759005384.151589,1.454,1.5,0,339.36,343.89999999992585,238.7,10,20
1759005393.9734192,1759005384.151589,1.455,1.5,0,339.34,343.89999999992585,238.65,9,21
1759005393.983596,1759005384.151589,1.455,1.5,0,339.34,343.89999999992585,238.65,10,19
1759005393.9936986,1759005384.151589,1.4545,1.5,0,339.34,343.89999999992585,238.60000000000002,9,20
1759005394.0038948,1759005384.151589,1.4555,1.5,0,339.36,343.89999999992585,238.5,10,20
1759005394.0136116,1759005384.151589,1.4555,1.5,0,339.38,343.89999999992585,238.5,9,19
1759005394.0241363,1759005384.151589,1.457,1.5,0,339.38,343.89999999992585,238.5,10,20
1759005394.0342703,1759005384.151589,1.4585,1.5,0,339.33,343.89999999992585,238.5,9,20
1759005394.0445235,1759005384.151589,1.46,1.5,0,339.31,343.89999999992585,238.5,10,20
1759005394.0545728,1759005384.151589,1.461,1.5,0,339.29,343.89999999992585,238.5,10,20
1759005394.0646815,1759005384.151589,1.4605,1.5,0,339.31,343.89999999992585,238.55,9,19
1759005394.075342,1759005384.151589,1.4605,1.5,0,339.31,343.89999999992585,238.55,9,20
1759005394.0849707,1759005384.151589,1.461,1.5,0,339.29,343.89999999992585,238.39999999999998,10,21
1759005394.095469,1759005384.151589,1.4615,1.5,0,339.29,343.89999999992585,238.25,10,20
1759005394.1055849,1759005384.151589,1.462,1.5,0,339.27,343.89999999992585,238.2,9,21
1759005394.1158214,1759005384.151589,1.462,1.5,0,339.27,343.89999999992585,238.25,9,19
1759005394.1258771,1759005384.151589,1.461,1.5,0,339.25,343.89999999992585,238.35,8,19
1759005394.1366794,1759005384.151589,1.4605,1.5,0,339.25,343.89999999992585,238.39999999999998,8,20
1759005394.1468604,1759005384.151589,1.4595,1.5,0,339.25,343.89999999992585,238.45,9,19
1759005394.1567526,1759005384.151589,1.46,1.5,0,339.25,343.89999999992585,238.5,10,20
1759005394.1666942,1759005384.151589,1.46,1.5,0,339.27,343.89999999992585,238.55,9,20
1759005394.177148,1759005384.151589,1.4595,1.5,0,339.27,343.89999999992585,238.6,9,20
1759005394.1872134,1759005384.151589,1.46,1.5,0,339.22,343.89999999992585,238.55,10,21
1759005394.1975703,1759005384.151589,1.46,1.5,0,339.22,343.89999999992585,238.45,10,20
1759005394.207878,1759005384.151589,1.4595,1.5,0,339.22,343.89999999992585,238.35000000000002,9,19
1759005394.217821,1759005384.151589,1.4585,1.5,0,339.22,343.89999999992585,238.35,9,18
1759005394.2278516,1759005384.151589,1.458,1.5,0,339.2,343.89999999992585,238.35000000000002,9,20
1759005394.2384999,1759005384.151589,1.457,1.5,0,339.18,343.89999999992585,238.4,9,19
1759005394.2488372,1759005384.151589,1.4565,1.5,0,339.18,343.89999999992585,238.45,9,19
1759005394.258814,1759005384.151589,1.457,1.5,0,339.18,343.89999999992585,238.55,10,19
1759005394.2686746,1759005384.151589,1.457,1.5,0,339.18,343.89999999992585,238.60000000000002,9,19
1759005394.2788908,1759005384.151589,1.4575,1.5,0,339.23,343.89999999992585,238.6,10,19
1759005394.2894979,1759005384.151589,1.4575,1.5,0,339.21,343.89999999992585,238.45,10,19
1759005394.2994227,1759005384.151589,1.4585,1.5,0,339.21,343.89999999992585,238.3,9,20
1759005394.30982,1759005384.151589,1.4585,1.5,0,339.19,343.89999999992585,238.25,9,19
1759005394.3197951,1759005384.151589,1.458,1.5,0,339.19,343.89999999992585,238.3,9,19
1759005394.330458,1759005384.151589,1.458,1.5,0,339.21,343.89999999992585,238.4,10,18
1759005394.340373,1759005384.151589,1.4595,1.5,0,339.21,343.89999999992585,238.45,11,20
1759005394.3504772,1759005384.151589,1.46,1.5,0,339.21,343.89999999992585,238.5,10,20
1759005394.3604815,1759005384.151589,1.4605,1.5,0,339.26,343.89999999992585,238.45,11,20
1759005394.3704069,1759005384.151589,1.4615,1.5,0,339.19,343.89999999992585,238.3,10,20
1759005394.3806436,1759005384.151589,1.4625,1.5,0,339.19,343.89999999992585,238.15,10,19
1759005394.3906894,1759005384.151589,1.4625,1.5,0,339.19,343.89999999992585,238.1,10,19
1759005394.400709,1759005384.151589,1.4615,1.5,0,339.12,343.89999999992585,238.1,10,19
1759005394.4109745,1759005384.151589,1.4605,1.5,0,339.07,343.89999999992585,238.14999999999998,8,20
1759005394.4207067,1759005384.151589,1.46,1.5,0,339.05,343.89999999992585,238.2,10,20
1759005394.4314866,1759005384.151589,1.4585,1.5,0,339.1,343.89999999992585,238.15,9,18
1759005394.4414356,1759005384.151589,1.458,1.5,0,339.08,343.89999999992585,238.2,11,18
1759005394.451607,1759005384.151589,1.458,1.5,0,339.08,343.89999999992585,238.3,10,19
1759005394.4616842,1759005384.151589,1.459,1.5,0,339.08,343.89999999992585,238.39999999999998,10,20
1759005394.4722538,1759005384.151589,1.4585,1.5,0,339.1,343.89999999992585,238.39999999999998,9,19
1759005394.4826324,1759005384.151589,1.459,1.5,0,339.1,343.89999999992585,238.35,10,19
1759005394.492678,1759005384.151589,1.458,1.5,0,339.03,343.89999999992585,238.4,9,18
1759005394.5029788,1759005384.151589,1.4575,1.5,0,339.01,343.89999999992585,238.5,10,18
1759005394.513288,1759005384.151589,1.456,1.5,0,339.03,343.89999999992585,238.6,9,18
1759005394.5233476,1759005384.151589,1.456,1.5,0,339.03,343.89999999992585,238.65,10,19
1759005394.533878,1759005384.151589,1.457,1.5,0,339.01,343.89999999992585,238.65,11,21
1759005394.5441372,1759005384.151589,1.4585,1.5,0,339.01,343.89999999992585,238.65,10,21
1759005394.553785,1759005384.151589,1.4575,1.5,0,339.01,343.89999999992585,238.75,9,18
1759005394.5642157,1759005384.151589,1.457,1.5,0,339.01,343.89999999992585,238.85,10,19
1759005394.5746975,1759005384.151589,1.457,1.5,0,339.01,343.89999999992585,238.8,9,19
1759005394.584645,1759005384.151589,1.457,1.5,0,339.01,343.89999999992585,238.8,11,19
1759005394.5947993,1759005384.151589,1.458,1.5,0,339.01,343.89999999992585,238.7,10,19
1759005394.6050732,1759005384.151589,1.4585,1.5,0,339.01,343.89999999992585,238.64999999999998,10,20
1759005394.615406,1759005384.151589,1.459,1.5,0,338.99,343.89999999992585,238.64999999999998,10,20
1759005394.6255195,1759005384.151589,1.4585,1.5,0,338.99,343.89999999992585,238.75,10,19
1759005394.6356006,1759005384.151589,1.4575,1.5,0,338.99,343.89999999992585,238.75,8,18
1759005394.645492,1759005384.151589,1.4575,1.5,0,338.97,343.89999999992585,238.75,9,19
1759005394.65553,1759005384.151589,1.4575,1.5,0,338.97,343.89999999992585,238.75,10,18
1759005394.665544,1759005384.151589,1.458,1.5,0,339.04,343.89999999992585,238.8,10,19
1759005394.676328,1759005384.151589,1.4575,1.5,0,339.04,343.89999999992585,238.85,9,19
1759005394.6862693,1759005384.151589,1.457,1.5,0,339.04,343.89999999992585,238.95,10,19
1759005394.6965296,1759005384.151589,1.457,1.5,0,339.04,343.89999999992585,239.05,9,20
1759005394.7063055,1759005384.151589,1.457,1.5,0,339.02,343.89999999992585,239.10000000000002,10,18
1759005394.716966,1759005384.151589,1.4565,1.5,0,339.04,343.89999999992585,239.10000000000002,11,17
1759005394.726962,1759005384.151589,1.455,1.5,0,339.02,343.89999999992585,239.10000000000002,10,17
1759005394.7373345,1759005384.151589,1.4535,1.5,0,339.02,343.89999999992585,239.10000000000002,10,18
1759005394.74679,1759005384.151589,1.4525,1.5,0,339.02,343.89999999992585,239.05,10,19
1759005394.7571683,1759005384.151589,1.4515,1.5,0,339.02,343.89999999992585,238.95,9,19
1759005394.7675877,1759005384.151589,1.4505,1.5,0,339.02,343.89999999992585,238.9,9,19
1759005394.777498,1759005384.151589,1.449,1.5,0,339.04,343.89999999992585,238.8,9,19
1759005394.7881365,1759005384.151589,1.4475,1.5,0,338.99,343.89999999992585,238.7,9,18
1759005394.798131,1759005384.151589,1.4475,1.5,0,339.06,343.89999999992585,238.60000000000002,10,18
1759005394.8080466,1759005384.151589,1.446,1.5,0,339.06,343.89999999992585,238.5,10,17
1759005394.8183873,1759005384.151589,1.446,1.5,0,339.06,343.89999999992585,238.35000000000002,10,19
1759005394.8285344,1759005384.151589,1.446,1.5,0,339.06,343.89999999992585,238.35000000000002,11,19
1759005394.8388398,1759005384.151589,1.4455,1.5,0,339.04,343.89999999992585,238.35000000000002,10,19
1759005394.8484042,1759005384.151589,1.4455,1.5,0,339.02,343.89999999992585,238.3,10,19
1759005394.8589118,1759005384.151589,1.4465,1.5,0,339.02,343.89999999992585,238.2,11,19
1759005394.868734,1759005384.151589,1.447,1.5,0,339.07,343.89999999992585,238.1,11,19
1759005394.878703,1759005384.151589,1.447,1.5,0,339.07,343.89999999992585,238.05,10,20
1759005394.889534,1759005384.151589,1.4465,1.5,0,339.05,343.89999999992585,238.0,9,20
1759005394.899257,1759005384.151589,1.4465,1.5,0,339.03,343.89999999992585,237.9,10,20
1759005394.908713,1759005384.151589,1.445,1.5,0,339.03,343.89999999992585,237.8,9,19
1759005394.918858,1759005384.151589,1.4445,1.5,0,338.96,343.89999999992585,237.75,9,20
1759005394.9290895,1759005384.151589,1.4435,1.5,0,338.96,343.89999999992585,237.64999999999998,9,19
1759005394.939193,1759005384.151589,1.443,1.5,0,338.94,343.89999999992585,237.6,9,19
1759005394.9494069,1759005384.151589,1.442,1.5,0,338.94,343.89999999992585,237.6,9,19
1759005394.9602554,1759005384.151589,1.441,1.5,0,338.94,343.89999999992585,237.65,8,20
1759005394.9710078,1759005384.151589,1.4405,1.5,0,338.94,343.89999999992585,237.85,9,18
1759005394.9810796,1759005384.151589,1.44,1.5,0,338.96,343.89999999992585,238.0,10,19
1759005394.9912474,1759005384.151589,1.4395,1.5,0,338.96,343.89999999992585,238.10000000000002,10,19
1759005395.0013602,1759005384.151589,1.44,1.5,0,338.98,343.89999999992585,238.05,11,19
1759005395.0115454,1759005384.151589,1.4395,1.5,0,338.93,343.89999999992585,238.0,10,18
1759005395.0216427,1759005384.151589,1.439,1.5,0,338.93,343.89999999992585,237.95,11,18
1759005395.0320976,1759005384.151589,1.439,1.5,0,338.93,343.89999999992585,237.85,10,18
1759005395.0416799,1759005384.151589,1.4375,1.5,0,338.93,343.89999999992585,237.8,9,18
1759005395.051827,1759005384.151589,1.437,1.5,0,338.98,343.89999999992585,237.85,10,18
1759005395.0622387,1759005384.151589,1.4364999999999999,1.5,0,338.98,343.89999999992585,237.89999999999998,10,19
1759005395.0723357,1759005384.151589,1.4355,1.5,0,338.93,343.89999999992585,237.95,9,19
1759005395.0827894,1759005384.151589,1.4355,1.5,0,338.91,343.89999999992585,237.95,10,18
1759005395.0927236,1759005384.151589,1.4364999999999999,1.5,0,338.93,343.89999999992585,238.0,12,19
1759005395.1031847,1759005384.151589,1.4344999999999999,1.5,0,338.93,343.89999999992585,238.14999999999998,9,18
1759005395.1133122,1759005384.151589,1.434,1.5,0,338.93,343.89999999992585,238.25,11,18
1759005395.123582,1759005384.151589,1.433,1.5,0,338.95,343.89999999992585,238.2,9,19
1759005395.1339273,1759005384.151589,1.4324999999999999,1.5,0,338.9,343.89999999992585,238.1,9,18
1759005395.143729,1759005384.151589,1.433,1.5,0,338.9,343.89999999992585,238.05,10,18
1759005395.1540031,1759005384.151589,1.432,1.5,0,338.9,343.89999999992585,238.2,8,18
1759005395.1636965,1759005384.151589,1.431,1.5,0,338.9,343.89999999992585,238.3,8,18
1759005395.174312,1759005384.151589,1.429,1.5,0,338.9,343.89999999992585,238.35000000000002,8,18
1759005395.1838276,1759005384.151589,1.428,1.5,0,338.83,343.89999999992585,238.3,9,18
1759005395.1945996,1759005384.151589,1.428,1.5,0,338.83,343.89999999992585,238.2,10,19
1759005395.204759,1759005384.151589,1.4264999999999999,1.5,0,338.88,343.89999999992585,238.15,10,18
1759005395.2151413,1759005384.151589,1.4264999999999999,1.5,0,338.9,343.89999999992585,238.2,11,19
1759005395.225289,1759005384.151589,1.4255,1.5,0,338.9,343.89999999992585,238.35,8,18
1759005395.2355857,1759005384.151589,1.426,1.5,0,338.9,343.89999999992585,238.45,9,19
1759005395.245884,1759005384.151589,1.425,1.5,0,338.9,343.89999999992585,238.5,9,18
1759005395.255657,1759005384.151589,1.425,1.5,0,338.9,343.89999999992585,238.55,9,19
1759005395.2658417,1759005384.151589,1.425,1.5,0,338.9,343.89999999992585,238.6,9,19
1759005395.276473,1759005384.151589,1.424,1.5,0,338.9,343.89999999992585,238.55,8,19
1759005395.2869418,1759005384.151589,1.4244999999999999,1.5,0,338.9,343.89999999992585,238.45,9,20
1759005395.2969036,1759005384.151589,1.425,1.5,0,338.9,343.89999999992585,238.39999999999998,10,20
1759005395.307273,1759005384.151589,1.425,1.5,0,338.9,343.89999999992585,238.45,11,18
1759005395.3173282,1759005384.151589,1.425,1.5,0,338.88,343.89999999992585,238.55,10,19
1759005395.3273022,1759005384.151589,1.426,1.5,0,338.88,343.89999999992585,238.60000000000002,10,20
1759005395.3377593,1759005384.151589,1.4275,1.5,0,338.88,343.89999999992585,238.55,11,20
1759005395.3474517,1759005384.151589,1.4284999999999999,1.5,0,338.88,343.89999999992585,238.4,11,19
1759005395.3579404,1759005384.151589,1.4264999999999999,1.5,0,338.9,343.89999999992585,238.25,9,18
1759005395.368246,1759005384.151589,1.4255,1.5,0,338.9,343.89999999992585,238.05,10,18
1759005395.3783731,1759005384.151589,1.4235,1.5,0,338.9,343.89999999992585,238.0,10,17
1759005395.3890374,1759005384.151589,1.423,1.5,0,338.95,343.89999999992585,238.1,11,18
1759005395.3986506,1759005384.151589,1.423,1.5,0,338.97,343.89999999992585,238.2,11,18
1759005395.4087956,1759005384.151589,1.4235,1.5,0,338.95,343.89999999992585,238.25,11,19
1759005395.4191794,1759005384.151589,1.4235,1.5,0,339,343.89999999992585,238.2,11,18
1759005395.4296057,1759005384.151589,1.423,1.5,0,339.03,343.89999999992585,238.15,10,17
1759005395.4400425,1759005384.151589,1.422,1.5,0,339.03,343.89999999992585,238.10000000000002,10,18
1759005395.4498928,1759005384.151589,1.421,1.5,0,339.03,343.89999999992585,238.10000000000002,8,17
1759005395.4603708,1759005384.151589,1.42,1.5,0,339.03,343.89999999992585,238.0,9,18
1759005395.470582,1759005384.151589,1.42,1.5,0,339.03,343.89999999992585,237.85000000000002,10,19
1759005395.480876,1759005384.151589,1.42,1.5,0,339.05,343.89999999992585,237.7,10,20
1759005395.4912438,1759005384.151589,1.4204999999999999,1.5,0,339.03,343.89999999992585,237.64999999999998,10,19
1759005395.500898,1759005384.151589,1.421,1.5,0,339.03,343.89999999992585,237.7,11,19
1759005395.5112517,1759005384.151589,1.4215,1.5,0,339.1,343.89999999992585,237.75,10,18
1759005395.521459,1759005384.151589,1.421,1.5,0,339.12,343.89999999992585,237.75,9,18
1759005395.5319288,1759005384.151589,1.421,1.5,0,339.12,343.89999999992585,237.7,10,17
1759005395.5422177,1759005384.151589,1.4204999999999999,1.5,0,339.12,343.89999999992585,237.65,10,18
1759005395.5515757,1759005384.151589,1.418,1.5,0,339.14,343.89999999992585,237.60000000000002,9,18
1759005395.562278,1759005384.151589,1.417,1.5,0,339.14,343.89999999992585,237.5,10,19
1759005395.5727189,1759005384.151589,1.4184999999999999,1.5,0,339.14,343.89999999992585,237.35000000000002,11,19
1759005395.5824728,1759005384.151589,1.418,1.5,0,339.16,343.89999999992585,237.25,10,18
1759005395.5929172,1759005384.151589,1.4184999999999999,1.5,0,339.18,343.89999999992585,237.3,10,19
1759005395.602737,1759005384.151589,1.417,1.5,0,339.2,343.89999999992585,237.45,9,18
1759005395.6130738,1759005384.151589,1.4164999999999999,1.5,0,339.2,343.89999999992585,237.6,10,18
1759005395.6235805,1759005384.151589,1.4155,1.5,0,339.22,343.89999999992585,237.7,9,19
1759005395.6338258,1759005384.151589,1.4144999999999999,1.5,0,339.22,343.89999999992585,237.7,9,19
1759005395.6434882,1759005384.151589,1.4135,1.5,0,339.22,343.89999999992585,237.64999999999998,9,18
1759005395.653609,1759005384.151589,1.4144999999999999,1.5,0,339.22,343.89999999992585,237.7,9,19
1759005395.6640868,1759005384.151589,1.414,1.5,0,339.22,343.89999999992585,237.7,9,18
1759005395.6743877,1759005384.151589,1.4144999999999999,1.5,0,339.22,343.89999999992585,237.75,11,18
1759005395.6847644,1759005384.151589,1.4144999999999999,1.5,0,339.2,343.89999999992585,237.8,10,19
1759005395.6948376,1759005384.151589,1.4144999999999999,1.5,0,339.2,343.89999999992585,237.75,10,18
1759005395.7050555,1759005384.151589,1.414,1.5,0,339.2,343.89999999992585,237.65,10,18
1759005395.715244,1759005384.151589,1.413,1.5,0,339.22,343.89999999992585,237.55,9,18
1759005395.7253754,1759005384.151589,1.4135,1.5,0,339.24,343.89999999992585,237.55,10,19
1759005395.7356372,1759005384.151589,1.414,1.5,0,339.22,343.89999999992585,237.55,10,19
1759005395.7461734,1759005384.151589,1.415,1.5,0,339.22,343.89999999992585,237.55,9,20
1759005395.756258,1759005384.151589,1.415,1.5,0,339.22,343.89999999992585,237.55,10,18
1759005395.7662306,1759005384.151589,1.4144999999999999,1.5,0,339.24,343.89999999992585,237.6,9,19
1759005395.7765446,1759005384.151589,1.415,1.5,0,339.22,343.89999999992585,237.65,10,19
1759005395.7867985,1759005384.151589,1.4145,1.5,0,339.22,343.89999999992585,237.7,9,18
1759005395.7967248,1759005384.151589,1.415,1.5,0,339.22,343.89999999992585,237.8,10,19
1759005395.8068812,1759005384.151589,1.416,1.5,0,339.29,343.89999999992585,237.9,10,19
1759005395.8172657,1759005384.151589,1.4155,1.5,0,339.27,343.89999999992585,238.0,9,18
1759005395.8281097,1759005384.151589,1.4165,1.5,0,339.25,343.89999999992585,238.1,9,20
1759005395.8377998,1759005384.151589,1.4155,1.5,0,339.25,343.89999999992585,238.2,8,19
1759005395.8479729,1759005384.151589,1.4135,1.5,0,339.25,343.89999999992585,238.25,8,18
1759005395.8579993,1759005384.151589,1.413,1.5,0,339.2,343.89999999992585,238.3,9,19
1759005395.8678927,1759005384.151589,1.412,1.5,0,339.2,343.89999999992585,238.35,9,18
1759005395.8785844,1759005384.151589,1.4105,1.5,0,339.18,343.89999999992585,238.45,10,17
1759005395.8889568,1759005384.151589,1.409,1.5,0,339.18,343.89999999992585,238.5,10,17
1759005395.8985736,1759005384.151589,1.4075,1.5,0,339.18,343.89999999992585,238.55,10,17
1759005395.9087543,1759005384.151589,1.4075,1.5,0,339.18,343.89999999992585,238.55,11,18
1759005395.9189186,1759005384.151589,1.406,1.5,0,339.18,343.89999999992585,238.55,9,18
1759005395.9293277,1759005384.151589,1.406,1.5,0,339.18,343.89999999992585,238.5,10,18
1759005395.939838,1759005384.151589,1.407,1.5,0,339.23,343.89999999992585,238.45,11,20
1759005395.9500368,1759005384.151589,1.407,1.5,0,339.23,343.89999999992585,238.45,9,19
1759005395.9601943,1759005384.151589,1.4065,1.5,0,339.23,343.89999999992585,238.45,10,17
1759005395.970422,1759005384.151589,1.4065,1.5,0,339.23,343.89999999992585,238.5,10,18
1759005395.9806752,1759005384.151589,1.407,1.5,0,339.23,343.89999999992585,238.5,11,18
1759005395.990685,1759005384.151589,1.4075,1.5,0,339.25,343.89999999992585,238.4,10,18
1759005396.0012488,1759005384.151589,1.408,1.5,0,339.23,343.89999999992585,238.3,10,20
1759005396.0113933,1759005384.151589,1.408,1.5,0,339.23,343.89999999992585,238.2,10,19
1759005396.0211859,1759005384.151589,1.4075,1.5,0,339.23,343.89999999992585,238.2,10,19
1759005396.032039,1759005384.151589,1.4085,1.5,0,339.3,343.89999999992585,238.2,10,20
1759005396.0415986,1759005384.151589,1.409,1.5,0,339.3,343.89999999992585,238.25,10,20
1759005396.052241,1759005384.151589,1.409,1.5,0,339.28,343.89999999992585,238.25,9,19
1759005396.0622175,1759005384.151589,1.4095,1.5,0,339.28,343.89999999992585,238.2,10,18
1759005396.0729296,1759005384.151589,1.4095,1.5,0,339.3,343.89999999992585,238.14999999999998,10,18
1759005396.0829277,1759005384.151589,1.41,1.5,0,339.3,343.89999999992585,238.0,11,19
1759005396.0928013,1759005384.151589,1.4105,1.5,0,339.3,343.89999999992585,237.89999999999998,10,19
1759005396.103111,1759005384.151589,1.4105,1.5,0,339.32,343.89999999992585,237.8,10,18
1759005396.113294,1759005384.151589,1.41,1.5,0,339.32,343.89999999992585,237.65,10,20
1759005396.1231754,1759005384.151589,1.4105,1.5,0,339.32,343.89999999992585,237.5,9,19
1759005396.133683,1759005384.151589,1.4115,1.5,0,339.32,343.89999999992585,237.45,10,21
1759005396.1435483,1759005384.151589,1.4115,1.5,0,339.32,343.89999999992585,237.5,10,18
1759005396.154009,1759005384.151589,1.4125,1.5,0,339.37,343.89999999992585,237.55,10,19
1759005396.1639872,1759005384.151589,1.4135,1.5,0,339.37,343.89999999992585,237.55,10,20
1759005396.1737537,1759005384.151589,1.4145,1.5,0,339.37,343.89999999992585,237.39999999999998,10,18
1759005396.1837132,1759005384.151589,1.4155,1.5,0,339.37,343.89999999992585,237.3,10,18
1759005396.1942647,1759005384.151589,1.4165,1.5,0,339.39,343.89999999992585,237.25,10,18
1759005396.2048523,1759005384.151589,1.4175,1.5,0,339.44,343.89999999992585,237.35,10,19
1759005396.2147524,1759005384.151589,1.417,1.5,0,339.44,343.89999999992585,237.5,10,18
1759005396.2244682,1759005384.151589,1.4175,1.5,0,339.46,343.89999999992585,237.65,10,19
1759005396.2351942,1759005384.151589,1.4165,1.5,0,339.46,343.89999999992585,237.65,9,19
1759005396.2453232,1759005384.151589,1.418,1.5,0,339.48,343.89999999992585,237.55,10,19
1759005396.2554314,1759005384.151589,1.418,1.5,0,339.5,343.89999999992585,237.4,9,19
1759005396.2659798,1759005384.151589,1.419,1.5,0,339.5,343.89999999992585,237.35,9,20
1759005396.275875,1759005384.151589,1.4195,1.5,0,339.5,343.89999999992585,237.3,10,19
1759005396.2861478,1759005384.151589,1.4195,1.5,0,339.52,343.89999999992585,237.25,10,18
1759005396.2957416,1759005384.151589,1.42,1.5,0,339.52,343.89999999992585,237.25,9,19
1759005396.3063662,1759005384.151589,1.42,1.5,0,339.52,343.89999999992585,237.25,10,19
1759005396.3161585,1759005384.151589,1.42,1.5,0,339.52,343.89999999992585,237.15,10,20
1759005396.326394,1759005384.151589,1.42,1.5,0,339.52,343.89999999992585,237.0,10,19
1759005396.3363724,1759005384.151589,1.42,1.5,0,339.52,343.89999999992585,236.85,11,18
1759005396.3463438,1759005384.151589,1.418,1.5,0,339.47,343.89999999992585,236.8,8,18
1759005396.3565123,1759005384.151589,1.4164999999999999,1.5,0,339.47,343.89999999992585,236.8,9,19
1759005396.3668475,1759005384.151589,1.417,1.5,0,339.45,343.89999999992585,236.85,10,21
1759005396.3771021,1759005384.151589,1.418,1.5,0,339.43,343.89999999992585,236.9,10,19
1759005396.3876057,1759005384.151589,1.4175,1.5,0,339.45,343.89999999992585,237.05,9,18
1759005396.397482,1759005384.151589,1.4184999999999999,1.5,0,339.47,343.89999999992585,237.10000000000002,9,20
1759005396.4078853,1759005384.151589,1.419,1.5,0,339.47,343.89999999992585,237.10000000000002,10,20
1759005396.4180322,1759005384.151589,1.419,1.5,0,339.45,343.89999999992585,237.10000000000002,10,19
1759005396.4276528,1759005384.151589,1.4184999999999999,1.5,0,339.4,343.89999999992585,237.10000000000002,10,19
1759005396.438308,1759005384.151589,1.418,1.5,0,339.42,343.89999999992585,237.2,9,19
1759005396.4477046,1759005384.151589,1.4184999999999999,1.5,0,339.42,343.89999999992585,237.2,10,18
1759005396.458182,1759005384.151589,1.419,1.5,0,339.42,343.89999999992585,237.2,10,19
1759005396.4686108,1759005384.151589,1.4204999999999999,1.5,0,339.42,343.89999999992585,237.2,9,19
1759005396.4789646,1759005384.151589,1.4215,1.5,0,339.42,343.89999999992585,237.2,10,19
1759005396.4891286,1759005384.151589,1.422,1.5,0,339.42,343.89999999992585,237.25,10,20
1759005396.4990284,1759005384.151589,1.4204999999999999,1.5,0,339.4,343.89999999992585,237.3,9,18
1759005396.5095286,1759005384.151589,1.4204999999999999,1.5,0,339.4,343.89999999992585,237.4,9,20
1759005396.5197396,1759005384.151589,1.4184999999999999,1.5,0,339.35,343.89999999992585,237.45,8,18
1759005396.529834,1759005384.151589,1.419,1.5,0,339.35,343.89999999992585,237.45,10,19
1759005396.5395837,1759005384.151589,1.42,1.5,0,339.33,343.89999999992585,237.45,9,20
1759005396.5502114,1759005384.151589,1.4204999999999999,1.5,0,339.33,343.89999999992585,237.45,9,19
1759005396.56026,1759005384.151589,1.4204999999999999,1.5,0,339.33,343.89999999992585,237.45,9,19
1759005396.5705786,1759005384.151589,1.4215,1.5,0,339.31,343.89999999992585,237.5,10,19
1759005396.5803664,1759005384.151589,1.421,1.5,0,339.31,343.89999999992585,237.60000000000002,9,19
1759005396.5907342,1759005384.151589,1.4204999999999999,1.5,0,339.31,343.89999999992585,237.75,10,19
1759005396.6011503,1759005384.151589,1.4204999999999999,1.5,0,339.29,343.89999999992585,237.8,9,19
1759005396.611141,1759005384.151589,1.4204999999999999,1.5,0,339.27,343.89999999992585,237.7,9,20
1759005396.6210644,1759005384.151589,1.4204999999999999,1.5,0,339.25,343.89999999992585,237.4,8,19
1759005396.6314466,1759005384.151589,1.421,1.5,0,339.25,343.89999999992585,237.2,9,20
1759005396.6415842,1759005384.151589,1.4215,1.5,0,339.25,343.89999999992585,237.1,10,19
1759005396.6515524,1759005384.151589,1.4215,1.5,0,339.25,343.89999999992585,237.1,9,19
1759005396.6622572,1759005384.151589,1.422,1.5,0,339.25,343.89999999992585,237.14999999999998,9,19
1759005396.672522,1759005384.151589,1.4224999999999999,1.5,0,339.25,343.89999999992585,237.14999999999998,10,19
1759005396.682448,1759005384.151589,1.4235,1.5,0,339.25,343.89999999992585,237.2,10,19
1759005396.6926575,1759005384.151589,1.4235,1.5,0,339.25,343.89999999992585,237.2,10,19
1759005396.7029223,1759005384.151589,1.4235,1.5,0,339.25,343.89999999992585,237.2,10,19
1759005396.7132666,1759005384.151589,1.425,1.5,0,339.25,343.89999999992585,237.25,11,20
1759005396.7235217,1759005384.151589,1.426,1.5,0,339.25,343.89999999992585,237.25,10,20
1759005396.7338777,1759005384.151589,1.427,1.5,0,339.23,343.89999999992585,237.2,10,19
1759005396.7437181,1759005384.151589,1.427,1.5,0,339.23,343.89999999992585,237.1,10,19
1759005396.7541828,1759005384.151589,1.4275,1.5,0,339.23,343.89999999992585,237.1,10,20
1759005396.7645614,1759005384.151589,1.427,1.5,0,339.23,343.89999999992585,237.1,10,18
1759005396.7747302,1759005384.151589,1.4275,1.5,0,339.23,343.89999999992585,237.05,10,19
1759005396.7850077,1759005384.151589,1.4275,1.5,0,339.21,343.89999999992585,236.95,10,18
1759005396.7946908,1759005384.151589,1.426,1.5,0,339.21,343.89999999992585,236.95,8,18
1759005396.80557,1759005384.151589,1.4264999999999999,1.5,0,339.21,343.89999999992585,236.95,10,18
1759005396.815594,1759005384.151589,1.426,1.5,0,339.19,343.89999999992585,237.0,10,18
1759005396.8260021,1759005384.151589,1.4264999999999999,1.5,0,339.17,343.89999999992585,237.0,10,20
1759005396.835567,1759005384.151589,1.427,1.5,0,339.19,343.89999999992585,237.0,9,19
1759005396.8461072,1759005384.151589,1.427,1.5,0,339.19,343.89999999992585,237.0,10,19
1759005396.8564007,1759005384.151589,1.428,1.5,0,339.21,343.89999999992585,237.0,9,20
1759005396.8662775,1759005384.151589,1.428,1.5,0,339.23,343.89999999992585,237.05,8,18
1759005396.8768277,1759005384.151589,1.4284999999999999,1.5,0,339.28,343.89999999992585,237.10000000000002,10,19
1759005396.8870697,1759005384.151589,1.429,1.5,0,339.28,343.89999999992585,237.15,9,19
1759005396.8971379,1759005384.151589,1.4295,1.5,0,339.3,343.89999999992585,237.15,10,18
1759005396.9069653,1759005384.151589,1.43,1.5,0,339.25,343.89999999992585,237.2,10,18
1759005396.91756,1759005384.151589,1.431,1.5,0,339.27,343.89999999992585,237.3,10,19
1759005396.927652,1759005384.151589,1.4315,1.5,0,339.27,343.89999999992585,237.35000000000002,11,19
1759005396.9375536,1759005384.151589,1.432,1.5,0,339.27,343.89999999992585,237.35000000000002,9,19
1759005396.948246,1759005384.151589,1.432,1.5,0,339.27,343.89999999992585,237.39999999999998,9,19
1759005396.9588554,1759005384.151589,1.4304999999999999,1.5,0,339.27,343.89999999992585,237.39999999999998,9,19
1759005396.9686027,1759005384.151589,1.4315,1.5,0,339.27,343.89999999992585,237.4,10,20
1759005396.9787476,1759005384.151589,1.4324999999999999,1.5,0,339.27,343.89999999992585,237.45,9,20
1759005396.9889748,1759005384.151589,1.4324999999999999,1.5,0,339.29,343.89999999992585,237.45,9,19
1759005396.9992218,1759005384.151589,1.4315,1.5,0,339.31,343.89999999992585,237.5,9,18
1759005397.0094414,1759005384.151589,1.432,1.5,0,339.31,343.89999999992585,237.55,9,20
1759005397.0196316,1759005384.151589,1.431,1.5,0,339.31,343.89999999992585,237.64999999999998,9,19
1759005397.0295646,1759005384.151589,1.4304999999999999,1.5,0,339.33,343.89999999992585,237.75,10,18
1759005397.0399177,1759005384.151589,1.4295,1.5,0,339.31,343.89999999992585,237.89999999999998,9,18
1759005397.0500293,1759005384.151589,1.428,1.5,0,339.29,343.89999999992585,238.05,9,18
1759005397.0602214,1759005384.151589,1.4275,1.5,0,339.27,343.89999999992585,238.10000000000002,9,20
1759005397.0702794,1759005384.151589,1.428,1.5,0,339.27,343.89999999992585,238.15,9,20
1759005397.0804248,1759005384.151589,1.428,1.5,0,339.27,343.89999999992585,238.2,9,19
1759005397.0909104,1759005384.151589,1.427,1.5,0,339.27,343.89999999992585,238.25,9,17
1759005397.1008916,1759005384.151589,1.4255,1.5,0,339.29,343.89999999992585,238.4,9,18
1759005397.1108572,1759005384.151589,1.425,1.5,0,339.34,343.89999999992585,238.5,9,19
1759005397.1213415,1759005384.151589,1.4244999999999999,1.5,0,339.34,343.89999999992585,238.6,9,18
1759005397.1314473,1759005384.151589,1.4235,1.5,0,339.32,343.89999999992585,238.7,10,18
1759005397.141934,1759005384.151589,1.4235,1.5,0,339.32,343.89999999992585,238.8,10,18
1759005397.1514745,1759005384.151589,1.4224999999999999,1.5,0,339.32,343.89999999992585,238.9,10,19
1759005397.1618474,1759005384.151589,1.4224999999999999,1.5,0,339.3,343.89999999992585,238.9,9,19
1759005397.1722322,1759005384.151589,1.4215,1.5,0,339.3,343.89999999992585,238.9,9,18
1759005397.182453,1759005384.151589,1.421,1.5,0,339.3,343.89999999992585,238.9,10,19
1759005397.1923182,1759005384.151589,1.4215,1.5,0,339.32,343.89999999992585,239.0,10,19
1759005397.2028167,1759005384.151589,1.4215,1.5,0,339.32,343.89999999992585,239.05,9,19
1759005397.2127025,1759005384.151589,1.422,1.5,0,339.3,343.89999999992585,239.14999999999998,10,19
1759005397.2226107,1759005384.151589,1.4215,1.5,0,339.3,343.89999999992585,239.1,9,19
1759005397.233262,1759005384.151589,1.422,1.5,0,339.3,343.89999999992585,239.05,10,19
1759005397.2433147,1759005384.151589,1.4215,1.5,0,339.3,343.89999999992585,238.95,9,19
1759005397.2536564,1759005384.151589,1.421,1.5,0,339.3,343.89999999992585,238.95,9,18
1759005397.2634566,1759005384.151589,1.42,1.5,0,339.3,343.89999999992585,238.95,9,18
1759005397.2740145,1759005384.151589,1.4195,1.5,0,339.28,343.89999999992585,238.9,9,18
1759005397.2839952,1759005384.151589,1.419,1.5,0,339.3,343.89999999992585,238.8,9,19
1759005397.294608,1759005384.151589,1.4184999999999999,1.5,0,339.3,343.89999999992585,238.75,9,19
1759005397.30425,1759005384.151589,1.4195,1.5,0,339.28,343.89999999992585,238.7,10,20
1759005397.314433,1759005384.151589,1.4204999999999999,1.5,0,339.3,343.89999999992585,238.7,10,20
1759005397.3249204,1759005384.151589,1.42,1.5,0,339.3,343.89999999992585,238.75,10,18
1759005397.3347204,1759005384.151589,1.4195,1.5,0,339.3,343.89999999992585,238.85,10,19
1759005397.3453376,1759005384.151589,1.419,1.5,0,339.3,343.89999999992585,239.05,9,19
1759005397.3554192,1759005384.151589,1.419,1.5,0,339.3,343.89999999992585,239.2,10,19
1759005397.3656251,1759005384.151589,1.4195,1.5,0,339.35,343.89999999992585,239.25,9,18
1759005397.376259,1759005384.151589,1.4195,1.5,0,339.37,343.89999999992585,239.3,10,18
1759005397.3860998,1759005384.151589,1.418,1.5,0,339.37,343.89999999992585,239.3,9,19
1759005397.3966625,1759005384.151589,1.418,1.5,0,339.37,343.89999999992585,239.3,10,19
1759005397.4067743,1759005384.151589,1.4184999999999999,1.5,0,339.35,343.89999999992585,239.3,9,19
1759005397.41665,1759005384.151589,1.4175,1.5,0,339.33,343.89999999992585,239.3,9,18
1759005397.4271693,1759005384.151589,1.417,1.5,0,339.33,343.89999999992585,239.3,10,19
1759005397.4371333,1759005384.151589,1.4175,1.5,0,339.33,343.89999999992585,239.3,10,20
1759005397.4472954,1759005384.151589,1.4175,1.5,0,339.38,343.89999999992585,239.3,10,19
1759005397.457808,1759005384.151589,1.419,1.5,0,339.31,343.89999999992585,239.3,12,19
1759005397.4674184,1759005384.151589,1.4184999999999999,1.5,0,339.31,343.89999999992585,239.3,9,18
1759005397.4781785,1759005384.151589,1.4184999999999999,1.5,0,339.31,343.89999999992585,239.3,9,20
1759005397.488384,1759005384.151589,1.4195,1.5,0,339.31,343.89999999992585,239.25,10,20
1759005397.4983232,1759005384.151589,1.42,1.5,0,339.31,343.89999999992585,239.3,10,20
1759005397.508612,1759005384.151589,1.42,1.5,0,339.31,343.89999999992585,239.35000000000002,10,20
1759005397.5189214,1759005384.151589,1.4215,1.5,0,339.31,343.89999999992585,239.35000000000002,10,20
1759005397.529499,1759005384.151589,1.422,1.5,0,339.33,343.89999999992585,239.3,10,20
1759005397.5397239,1759005384.151589,1.424,1.5,0,339.4,343.89999999992585,239.25,10,20
1759005397.5496957,1759005384.151589,1.425,1.5,0,339.4,343.89999999992585,239.2,10,21
1759005397.5596907,1759005384.151589,1.425,1.5,0,339.4,343.89999999992585,239.2,10,19
1759005397.5694635,1759005384.151589,1.4255,1.5,0,339.38,343.89999999992585,239.2,10,19
1759005397.5802426,1759005384.151589,1.427,1.5,0,339.38,343.89999999992585,239.2,11,20
1759005397.5902064,1759005384.151589,1.4275,1.5,0,339.4,343.89999999992585,239.2,11,19
1759005397.6006436,1759005384.151589,1.428,1.5,0,339.4,343.89999999992585,239.15,10,19
1759005397.6104655,1759005384.151589,1.428,1.5,0,339.42,343.89999999992585,239.15,10,19
1759005397.6206653,1759005384.151589,1.429,1.5,0,339.42,343.89999999992585,239.2,11,19
1759005397.6309943,1759005384.151589,1.4284999999999999,1.5,0,339.42,343.89999999992585,239.3,10,18
1759005397.6411958,1759005384.151589,1.428,1.5,0,339.42,343.89999999992585,239.5,9,17
1759005397.6512008,1759005384.151589,1.4275,1.5,0,339.44,343.89999999992585,239.65,10,18
1759005397.6614025,1759005384.151589,1.427,1.5,0,339.42,343.89999999992585,239.75,9,19
1759005397.6720734,1759005384.151589,1.427,1.5,0,339.42,343.89999999992585,239.8,9,19
1759005397.6821206,1759005384.151589,1.427,1.5,0,339.42,343.89999999992585,239.8,9,19
1759005397.6925237,1759005384.151589,1.4264999999999999,1.5,0,339.42,343.89999999992585,239.85000000000002,9,19
1759005397.7023442,1759005384.151589,1.4255,1.5,0,339.42,343.89999999992585,239.85000000000002,9,18
1759005397.7128391,1759005384.151589,1.4255,1.5,0,339.37,343.89999999992585,239.85,9,20
1759005397.7226956,1759005384.151589,1.4255,1.5,0,339.37,343.89999999992585,239.89999999999998,9,20
1759005397.7333179,1759005384.151589,1.424,1.5,0,339.37,343.89999999992585,239.95,8,20
1759005397.7433593,1759005384.151589,1.4224999999999999,1.5,0,339.37,343.89999999992585,240.05,8,19
1759005397.7534137,1759005384.151589,1.422,1.5,0,339.39,343.89999999992585,240.2,9,19
1759005397.7641573,1759005384.151589,1.421,1.5,0,339.37,343.89999999992585,240.3,7,20
1759005397.773673,1759005384.151589,1.42,1.5,0,339.37,343.89999999992585,240.3,7,21
1759005397.7838314,1759005384.151589,1.421,1.5,0,339.34,343.89999999992585,240.25,8,22
1759005397.7944849,1759005384.151589,1.421,1.5,0,339.34,343.89999999992585,240.3,7,22
1759005397.8045282,1759005384.151589,1.421,1.5,0,339.34,343.89999999992585,240.35,7,21
1759005397.8148415,1759005384.151589,1.422,1.5,0,339.34,343.89999999992585,240.4,8,20
1759005397.824955,1759005384.151589,1.421,1.5,0,339.34,343.89999999992585,240.35,7,19
1759005397.8355079,1759005384.151589,1.421,1.5,0,339.34,343.89999999992585,240.35,8,20
1759005397.8452263,1759005384.151589,1.42,1.5,0,339.36,343.89999999992585,240.39999999999998,7,21
1759005397.85527,1759005384.151589,1.4204999999999999,1.5,0,339.36,343.89999999992585,240.5,8,21
1759005397.8652375,1759005384.151589,1.4204999999999999,1.5,0,339.38,343.89999999992585,240.55,7,22
1759005397.8757732,1759005384.151589,1.4204999999999999,1.5,0,339.36,343.89999999992585,240.6,7,22
1759005397.8857632,1759005384.151589,1.421,1.5,0,339.34,343.89999999992585,240.55,6,21
1759005397.895887,1759005384.151589,1.42,1.5,0,339.36,343.89999999992585,240.5,7,20
1759005397.9055743,1759005384.151589,1.4195,1.5,0,339.36,343.89999999992585,240.4,6,21
1759005397.9162235,1759005384.151589,1.4184999999999999,1.5,0,339.34,343.89999999992585,240.35000000000002,5,21
1759005397.926268,1759005384.151589,1.418,1.5,0,339.41,343.89999999992585,240.3,6,21
1759005397.9363625,1759005384.151589,1.4164999999999999,1.5,0,339.34,343.89999999992585,240.2,5,21
1759005397.946318,1759005384.151589,1.415,1.5,0,339.34,343.89999999992585,240.15,6,21
1759005397.9570632,1759005384.151589,1.415,1.5,0,339.36,343.89999999992585,240.2,7,21
1759005397.9666715,1759005384.151589,1.4145,1.5,0,339.38,343.89999999992585,240.1,5,22
1759005397.977172,1759005384.151589,1.413,1.5,0,339.33,343.89999999992585,240.05,4,21
1759005397.9872954,1759005384.151589,1.41,1.5,0,339.35,343.89999999992585,239.95,4,20
1759005397.997696,1759005384.151589,1.4075,1.5,0,339.35,343.89999999992585,239.85,4,20
1759005398.007691,1759005384.151589,1.404,1.5,0,339.35,343.89999999992585,239.7,3,18
1759005398.017716,1759005384.151589,1.401,1.5,0,339.33,343.89999999992585,239.5,3,18
1759005398.0278432,1759005384.151589,1.3945,1.5,0,339.33,343.89999999992585,239.25,1,15
1759005398.0381267,1759005384.151589,1.388,1.5,0,339.35,343.89999999992585,239.05,0,15
1759005398.047888,1759005384.151589,1.381,1.5,0,339.33,343.89999999992585,238.85000000000002,0,14
1759005398.058096,1759005384.151589,1.3745,1.5,0,339.35,343.89999999992585,238.7,1,13
1759005398.0679052,1759005384.151589,1.367,1.5,0,339.3,343.89999999992585,238.55,1,11
1759005398.0776603,1759005384.151589,1.357,1.5,0,339.3,343.89999999992585,238.45,1,8
1759005398.088067,1759005384.151589,1.3455,1.5,0,339.3,343.89999999992585,238.3,1,5
1759005398.0983448,1759005384.151589,1.3345,1.5,0,339.3,343.89999999992585,238.15,3,3
1759005398.1087155,1759005384.151589,1.3225,1.5,0,339.28,343.89999999992585,238.0,2,0
1759005398.1187947,1759005384.151589,1.311,1.5,0,339.26,343.89999999992585,237.85000000000002,3,1
1759005398.1289825,1759005384.151589,1.3005,1.5,0,339.28,343.89999999992585,237.75,4,3
1759005398.1385658,1759005384.151589,1.293,1.5,0,339.26,343.89999999992585,237.7,4,8
1759005398.1488624,1759005384.151589,1.2855,1.5,0,339.26,343.89999999992585,237.6,3,10
1759005398.1587083,1759005384.151589,1.279,1.5,0,339.26,343.89999999992585,237.5,4,11
1759005398.1690583,1759005384.151589,1.274,1.5,0,339.28,343.89999999992585,237.3,6,13
1759005398.1793623,1759005384.151589,1.273,1.5,0,339.28,343.89999999992585,237.14999999999998,8,18
1759005398.1898243,1759005384.151589,1.274,1.5,0,339.23,343.89999999992585,237.05,9,20
1759005398.1998255,1759005384.151589,1.2755,1.5,0,339.23,343.89999999992585,237.0,11,21
1759005398.2098253,1759005384.151589,1.277,1.5,0,339.21,343.89999999992585,236.89999999999998,11,21
1759005398.2201912,1759005384.151589,1.2805,1.5,0,339.21,343.89999999992585,236.8,14,21
1759005398.2296686,1759005384.151589,1.2845,1.5,0,339.21,343.89999999992585,236.65,15,22
1759005398.2397587,1759005384.151589,1.2915,1.5,0,339.21,343.89999999992585,236.60000000000002,18,24
1759005398.2498155,1759005384.151589,1.2985,1.5,0,339.21,343.89999999992585,236.60000000000002,20,23
1759005398.2603664,1759005384.151589,1.307,1.5,0,339.21,343.89999999992585,236.6,19,26
1759005398.2701688,1759005384.151589,1.3175,1.5,0,339.21,343.89999999992585,236.55,20,28
1759005398.2808714,1759005384.151589,1.33,1.5,0,339.19,343.89999999992585,236.45,23,29
1759005398.2906435,1759005384.151589,1.344,1.5,0,339.19,343.89999999992585,236.35,25,30
1759005398.3009033,1759005384.151589,1.356,1.5,0,339.19,343.89999999992585,236.2,27,25
1759005398.3106666,1759005384.151589,1.3685,1.5,0,339.21,343.89999999992585,236.05,30,23
1759005398.321399,1759005384.151589,1.3805,1.5,0,339.21,343.89999999992585,235.95,30,24
1759005398.3315217,1759005384.151589,1.3905,1.5,0,339.14,343.89999999992585,235.8,30,20
1759005398.3415518,1759005384.151589,1.3995,1.5,0,339.09,343.89999999992585,235.64999999999998,29,17
1759005398.3519523,1759005384.151589,1.4045,1.5,0,339.11,343.89999999992585,235.45,23,16
1759005398.361719,1759005384.151589,1.4085,1.5,0,339.13,343.89999999992585,235.25,19,17
1759005398.3719919,1759005384.151589,1.4075,1.5,0,339.13,343.89999999992585,235.15,6,21
1759005398.3815887,1759005384.151589,1.403,1.5,0,339.13,343.89999999992585,235.2,2,16
1759005398.3918695,1759005384.151589,1.397,1.5,0,338.95,343.89999999992585,235.4,7,9
1759005398.4022398,1759005384.151589,1.386,1.5,0,338.72,343.89999999992585,236.25,0,6
1759005398.4122689,1759005384.151589,1.373,1.5,0,338.45,343.89999999992585,237.7,0,3
1759005398.4240105,0,0,1.5,4,338.04,670,239.7,0,0
1759005398.4342632,0,0,1.5,4,338.04,670,239.7,0,0
1759005398.4445002,0,0,1.5,4,338.04,670,239.7,0,0
1759005398.4547515,0,0,1.5,4,338.04,670,239.7,0,0
1759005398.4649363,0,0,1.5,4,338.04,670,239.7,0,0
1759005398.4751868,0,0,1.5,4,338.04,670,239.7,0,0
1759005398.485425,0,0,1.5,4,338.04,670,239.7,0,0
1759005398.4956827,0,0,1.5,4,338.04,670,239.7,0,0
1759005398.505928,0,0,1.5,4,338.04,670,239.7,0,0
1759005398.5161738,0,0,1.5,4,338.04,670,239.7,0,0
1759005398.5264156,0,0,1.5,4,338.04,670,239.7,0,0
1759005398.5366669,0,0,1.5,4,338.04,670,239.7,0,0
1759005398.546936,0,0,1.5,4,338.04,670,239.7,0,0
1759005398.5571897,0,0,1.5,4,338.04,670,239.7,0,0
1759005398.5674365,0,0,1.5,4,338.04,670,239.7,0,0
1759005398.577688,0,0,1.5,4,338.04,670,239.7,0,0
1759005398.5879278,0,0,1.5,4,338.04,670,239.7,0,0
1759005398.5981786,0,0,1.5,4,338.04,670,239.7,0,0
1759005398.6084313,0,0,1.5,4,338.04,670,239.7,0,0
1759005398.6186728,0,0,1.5,4,338.04,670,239.7,0,0
1759005398.6289442,0,0,1.5,4,338.04,670,239.7,0,0
1759005398.6392233,0,0,1.5,4,338.04,670,239.7,0,0
1759005398.6494696,0,0,1.5,4,338.04,670,239.7,0,0
1759005398.6597433,0,0,1.5,4,338.04,670,239.7,0,0
1759005398.6699858,0,0,1.5,4,338.04,670,239.7,0,0
1759005398.6802304,0,0,1.5,4,338.04,670,239.7,0,0
1759005398.690468,0,0,1.5,4,338.04,670,239.7,0,0
1759005398.7007167,0,0,1.5,4,338.04,670,239.7,0,0
1759005398.710956,0,0,1.5,4,338.04,670,239.7,0,0
1759005398.7212014,0,0,1.5,4,338.04,670,239.7,0,0
1759005398.7314467,0,0,1.5,4,338.04,670,239.7,0,0
1759005398.74167,0,0,1.5,4,338.04,670,239.7,0,0
1759005398.751923,0,0,1.5,4,338.04,670,239.7,0,0
1759005398.7621722,0,0,1.5,4,338.04,670,239.7,0,0
1759005398.772411,0,0,1.5,4,338.04,670,239.7,0,0
1759005398.782679,0,0,1.5,4,338.04,670,239.7,0,0
1759005398.7929292,0,0,1.5,4,338.04,670,239.7,0,0
1759005398.8031788,0,0,1.5,4,338.04,670,239.7,0,0
1759005398.8134189,0,0,1.5,4,338.04,670,239.7,0,0
1759005398.8236768,0,0,1.5,4,338.04,670,239.7,0,0
1759005398.8339188,0,0,1.5,4,338.04,670,239.7,0,0
1759005398.844061,0,0,1.5,4,338.04,670,239.7,0,0
1759005398.8543124,0,0,1.5,4,338.04,670,239.7,0,0
1759005398.8645644,0,0,1.5,4,338.04,670,239.7,0,0
1759005398.874809,0,0,1.5,4,338.04,670,239.7,0,0
1759005398.885063,0,0,1.5,4,338.04,670,239.7,0,0
1759005398.8952985,0,0,1.5,4,338.04,670,239.7,0,0
1759005398.905548,0,0,1.5,4,338.04,670,239.7,0,0
1759005398.9158006,0,0,1.5,4,338.04,670,239.7,0,0
1759005398.9260194,0,0,1.5,4,338.04,670,239.7,0,0
1759005398.9362648,0,0,1.5,4,338.04,670,239.7,0,0
1759005398.9465392,0,0,1.5,4,338.04,670,239.7,0,0
1759005398.9567895,0,0,1.5,4,338.04,670,239.7,0,0
1759005398.967043,0,0,1.5,4,338.04,670,239.7,0,0
1759005398.97728,0,0,1.5,4,338.04,670,239.7,0,0
1759005398.987526,0,0,1.5,4,338.04,670,239.7,0,0
1759005398.9977734,0,0,1.5,4,338.04,670,239.7,0,0
1759005399.008014,0,0,1.5,4,338.04,670,239.7,0,0
1759005399.0182545,0,0,1.5,4,338.04,670,239.7,0,0
1759005399.0284994,0,0,1.5,4,338.04,670,239.7,0,0
1759005399.038759,0,0,1.5,4,338.04,670,239.7,0,0
1759005399.0490172,0,0,1.5,4,338.04,670,239.7,0,0
1759005399.0592768,0,0,1.5,4,338.04,670,239.7,0,0
1759005399.0695348,0,0,1.5,4,338.04,670,239.7,0,0
1759005399.0797737,0,0,1.5,4,338.04,670,239.7,0,0
1759005399.0900183,0,0,1.5,4,338.04,670,239.7,0,0
1759005399.1002536,0,0,1.5,4,338.04,670,239.7,0,0
1759005399.1105156,0,0,1.5,4,338.04,670,239.7,0,0
1759005399.1207888,0,0,1.5,4,338.04,670,239.7,0,0
1759005399.1309457,0,0,1.5,4,338.04,670,239.7,0,0
1759005399.1411257,0,0,1.5,4,338.04,670,239.7,0,0
1759005399.1512907,0,0,1.5,4,338.04,670,239.7,0,0
1759005399.1614425,0,0,1.5,4,338.04,670,239.7,0,0
1759005399.171547,0,0,1.5,4,338.04,670,239.7,0,0
1759005399.181723,0,0,1.5,4,338.04,670,239.7,0,0
1759005399.191797,0,0,1.5,4,338.04,670,239.7,0,0
1759005399.2019544,0,0,1.5,4,338.04,670,239.7,0,0
1759005399.2121654,0,0,1.5,4,338.04,670,239.7,0,0
1759005399.2224107,0,0,1.5,4,338.04,670,239.7,0,0
1759005399.2326658,0,0,1.5,4,338.04,670,239.7,0,0
1759005399.2429056,0,0,1.5,4,338.04,670,239.7,0,0
1759005399.2530649,0,0,1.5,4,338.04,670,239.7,0,0
1759005399.2632048,0,0,1.5,4,338.04,670,239.7,0,0
1759005399.2733037,0,0,1.5,4,338.04,670,239.7,0,0
1759005399.283483,0,0,1.5,4,338.04,670,239.7,0,0
1759005399.2936587,0,0,1.5,4,338.04,670,239.7,0,0
1759005399.303826,0,0,1.5,4,338.04,670,239.7,0,0
1759005399.3139658,0,0,1.5,4,338.04,670,239.7,0,0
1759005399.3241286,0,0,1.5,4,338.04,670,239.7,0,0
1759005399.334256,0,0,1.5,4,338.04,670,239.7,0,0
1759005399.3444388,0,0,1.5,4,338.04,670,239.7,0,0
1759005399.3545945,0,0,1.5,4,338.04,670,239.7,0,0
1759005399.364679,0,0,1.5,4,338.04,670,239.7,0,0
1759005399.374763,0,0,1.5,4,338.04,670,239.7,0,0
1759005399.3848438,0,0,1.5,4,338.04,670,239.7,0,0
1759005399.3949313,0,0,1.5,4,338.04,670,239.7,0,0
1759005399.4050293,0,0,1.5,4,338.04,670,239.7,0,0
1759005399.4151092,0,0,1.5,4,338.04,670,239.7,0,0
1759005399.425182,0,0,1.5,4,338.04,670,239.7,0,0
1759005399.4353464,0,0,1.5,4,338.04,670,239.7,0,0
1759005399.445495,0,0,1.5,4,338.04,670,239.7,0,0
1759005399.4557593,0,0,1.5,4,338.04,670,239.7,0,0
1759005399.4660125,0,0,1.5,4,338.04,670,239.7,0,0
1759005399.476191,0,0,1.5,4,338.04,670,239.7,0,0
1759005399.4863396,0,0,1.5,4,338.04,670,239.7,0,0
1759005399.4965084,0,0,1.5,4,338.04,670,239.7,0,0
1759005399.5066855,0,0,1.5,4,338.04,670,239.7,0,0
1759005399.5167732,0,0,1.5,4,338.04,670,239.7,0,0
1759005399.526921,0,0,1.5,4,338.04,670,239.7,0,0
1759005399.5369978,0,0,1.5,4,338.04,670,239.7,0,0
1759005399.5471528,0,0,1.5,4,338.04,670,239.7,0,0
1759005399.557332,0,0,1.5,4,338.04,670,239.7,0,0
1759005399.5674794,0,0,1.5,4,338.04,670,239.7,0,0
1759005399.5775855,0,0,1.5,4,338.04,670,239.7,0,0
1759005399.5876892,0,0,1.5,4,338.04,670,239.7,0,0
1759005399.5977678,0,0,1.5,4,338.04,670,239.7,0,0
1759005399.6078522,0,0,1.5,4,338.04,670,239.7,0,0
1759005399.6179447,0,0,1.5,4,338.04,670,239.7,0,0
1759005399.628029,0,0,1.5,4,338.04,670,239.7,0,0
1759005399.6381867,0,0,1.5,4,338.04,670,239.7,0,0
1759005399.6483545,0,0,1.5,4,338.04,670,239.7,0,0
1759005399.6585054,0,0,1.5,4,338.04,670,239.7,0,0
1759005399.6686745,0,0,1.5,4,338.04,670,239.7,0,0
1759005399.6787972,0,0,1.5,4,338.04,670,239.7,0,0
1759005399.6888738,0,0,1.5,4,338.04,670,239.7,0,0
1759005399.6990213,0,0,1.5,4,338.04,670,239.7,0,0
1759005399.7091043,0,0,1.5,4,338.04,670,239.7,0,0
1759005399.7192473,0,0,1.5,4,338.04,670,239.7,0,0
1759005399.7293293,0,0,1.5,4,338.04,670,239.7,0,0
1759005399.739491,0,0,1.5,4,338.04,670,239.7,0,0
1759005399.7496808,0,0,1.5,4,338.04,670,239.7,0,0
1759005399.7598372,0,0,1.5,4,338.04,670,239.7,0,0
1759005399.7699156,0,0,1.5,4,338.04,670,239.7,0,0
1759005399.7800415,0,0,1.5,4,338.04,670,239.7,0,0
1759005399.790126,0,0,1.5,4,338.04,670,239.7,0,0
1759005399.8002074,0,0,1.5,4,338.04,670,239.7,0,0
1759005399.8102796,0,0,1.5,4,338.04,670,239.7,0,0
1759005399.8203578,0,0,1.5,4,338.04,670,239.7,0,0
1759005399.8304265,0,0,1.5,4,338.04,670,239.7,0,0
1759005399.8405821,0,0,1.5,4,338.04,670,239.7,0,0
1759005399.8507645,0,0,1.5,4,338.04,670,239.7,0,0
1759005399.860926,0,0,1.5,4,338.04,670,239.7,0,0
1759005399.8710895,0,0,1.5,4,338.04,670,239.7,0,0
1759005399.8812313,0,0,1.5,4,338.04,670,239.7,0,0
1759005399.8913112,0,0,1.5,4,338.04,670,239.7,0,0
1759005399.9013877,0,0,1.5,4,338.04,670,239.7,0,0
1759005399.9114618,0,0,1.5,4,338.04,670,239.7,0,0
1759005399.921542,0,0,1.5,4,338.04,670,239.7,0,0
1759005399.9316344,0,0,1.5,4,338.04,670,239.7,0,0
1759005399.9417086,0,0,1.5,4,338.04,670,239.7,0,0
1759005399.9517906,0,0,1.5,4,338.04,670,239.7,0,0
1759005399.9619422,0,0,1.5,4,338.04,670,239.7,0,0
1759005399.972095,0,0,1.5,4,338.04,670,239.7,0,0
1759005399.982241,0,0,1.5,4,338.04,670,239.7,0,0
1759005399.992328,0,0,1.5,4,338.04,670,239.7,0,0
1759005400.002416,0,0,1.5,4,338.04,670,239.7,0,0
1759005400.0124953,0,0,1.5,4,338.04,670,239.7,0,0
1759005400.0225708,0,0,1.5,4,338.04,670,239.7,0,0
1759005400.032722,0,0,1.5,4,338.04,670,239.7,0,0
1759005400.0428674,0,0,1.5,4,338.04,670,239.7,0,0
1759005400.053034,0,0,1.5,4,338.04,670,239.7,0,0
1759005400.063184,0,0,1.5,4,338.04,670,239.7,0,0
1759005400.073355,0,0,1.5,4,338.04,670,239.7,0,0
1759005400.083505,0,0,1.5,4,338.04,670,239.7,0,0
1759005400.093671,0,0,1.5,4,338.04,670,239.7,0,0
1759005400.1038268,0,0,1.5,4,338.04,670,239.7,0,0
1759005400.113915,0,0,1.5,4,338.04,670,239.7,0,0
1759005400.124063,0,0,1.5,4,338.04,670,239.7,0,0
1759005400.1342318,0,0,1.5,4,338.04,670,239.7,0,0
1759005400.1443837,0,0,1.5,4,338.04,670,239.7,0,0
1759005400.1545238,0,0,1.5,4,338.04,670,239.7,0,0
1759005400.1646774,0,0,1.5,4,338.04,670,239.7,0,0
1759005400.174858,0,0,1.5,4,338.04,670,239.7,0,0
1759005400.1850069,0,0,1.5,4,338.04,670,239.7,0,0
1759005400.1951697,0,0,1.5,4,338.04,670,239.7,0,0
1759005400.2053177,0,0,1.5,4,338.04,670,239.7,0,0
1759005400.2154098,0,0,1.5,4,338.04,670,239.7,0,0
1759005400.2254896,0,0,1.5,4,338.04,670,239.7,0,0
1759005400.235561,0,0,1.5,4,338.04,670,239.7,0,0
1759005400.2456553,0,0,1.5,4,338.04,670,239.7,0,0
1759005400.25574,0,0,1.5,4,338.04,670,239.7,0,0
1759005400.2658863,0,0,1.5,4,338.04,670,239.7,0,0
1759005400.2760458,0,0,1.5,4,338.04,670,239.7,0,0
1759005400.286194,0,0,1.5,4,338.04,670,239.7,0,0
1759005400.2963603,0,0,1.5,4,338.04,670,239.7,0,0
1759005400.3064816,0,0,1.5,4,338.04,670,239.7,0,0
1759005400.316669,0,0,1.5,4,338.04,670,239.7,0,0
1759005400.3267586,0,0,1.5,4,338.04,670,239.7,0,0
1759005400.3368347,0,0,1.5,4,338.04,670,239.7,0,0
1759005400.3469832,0,0,1.5,4,338.04,670,239.7,0,0
1759005400.357078,0,0,1.5,4,338.04,670,239.7,0,0
1759005400.3672347,0,0,1.5,4,338.04,670,239.7,0,0
1759005400.3774047,0,0,1.5,4,338.04,670,239.7,0,0
1759005400.3875525,0,0,1.5,4,338.04,670,239.7,0,0
1759005400.397694,0,0,1.5,4,338.04,670,239.7,0,0
1759005400.4078379,0,0,1.5,4,338.04,670,239.7,0,0
1759005400.4180071,0,0,1.5,4,338.04,670,239.7,0,0
1759005400.428143,0,0,1.5,4,338.04,670,239.7,0,0
1759005400.4382243,0,0,1.5,4,338.04,670,239.7,0,0
1759005400.4483774,0,0,1.5,4,338.04,670,239.7,0,0
1759005400.4585483,0,0,1.5,4,338.04,670,239.7,0,0
1759005400.4687345,0,0,1.5,4,338.04,670,239.7,0,0
1759005400.4788969,0,0,1.5,4,338.04,670,239.7,0,0
1759005400.4891264,0,0,1.5,4,338.04,670,239.7,0,0
1759005400.4993112,0,0,1.5,4,338.04,670,239.7,0,0
1759005400.5094163,0,0,1.5,4,338.04,670,239.7,0,0
1759005400.519515,0,0,1.5,4,338.04,670,239.7,0,0
1759005400.5296862,0,0,1.5,4,338.04,670,239.7,0,0
1759005400.5398395,0,0,1.5,4,338.04,670,239.7,0,0
1759005400.5499253,0,0,1.5,4,338.04,670,239.7,0,0
1759005400.5600111,0,0,1.5,4,338.04,670,239.7,0,0
1759005400.5701768,0,0,1.5,4,338.04,670,239.7,0,0
1759005400.5803356,0,0,1.5,4,338.04,670,239.7,0,0
1759005400.5905929,0,0,1.5,4,338.04,670,239.7,0,0
1759005400.6008286,0,0,1.5,4,338.04,670,239.7,0,0
1759005400.6111016,0,0,1.5,4,338.04,670,239.7,0,0
1759005400.6212628,0,0,1.5,4,338.04,670,239.7,0,0
1759005400.6313531,0,0,1.5,4,338.04,670,239.7,0,0
1759005400.64144,0,0,1.5,4,338.04,670,239.7,0,0
1759005400.6515234,0,0,1.5,4,338.04,670,239.7,0,0
1759005400.661611,0,0,1.5,4,338.04,670,239.7,0,0
1759005400.6717901,0,0,1.5,4,338.04,670,239.7,0,0
1759005400.681948,0,0,1.5,4,338.04,670,239.7,0,0
1759005400.6921997,0,0,1.5,4,338.04,670,239.7,0,0
1759005400.7024493,0,0,1.5,4,338.04,670,239.7,0,0
1759005400.7126815,0,0,1.5,4,338.04,670,239.7,0,0
1759005400.7228446,0,0,1.5,4,338.04,670,239.7,0,0
1759005400.7330167,0,0,1.5,4,338.04,670,239.7,0,0
1759005400.7431014,0,0,1.5,4,338.04,670,239.7,0,0
1759005400.7532477,0,0,1.5,4,338.04,670,239.7,0,0
1759005400.7633312,0,0,1.5,4,338.04,670,239.7,0,0
1759005400.7734735,0,0,1.5,4,338.04,670,239.7,0,0
1759005400.7835758,0,0,1.5,4,338.04,670,239.7,0,0
1759005400.7936614,0,0,1.5,4,338.04,670,239.7,0,0
1759005400.8037357,0,0,1.5,4,338.04,670,239.7,0,0
1759005400.8138115,0,0,1.5,4,338.04,670,239.7,0,0
1759005400.8239276,0,0,1.5,4,338.04,670,239.7,0,0
1759005400.8340333,0,0,1.5,4,338.04,670,239.7,0,0
1759005400.844112,0,0,1.5,4,338.04,670,239.7,0,0
1759005400.8541877,0,0,1.5,4,338.04,670,239.7,0,0
1759005400.8642595,0,0,1.5,4,338.04,670,239.7,0,0
1759005400.8744135,0,0,1.5,4,338.04,670,239.7,0,0
1759005400.8845563,0,0,1.5,4,338.04,670,239.7,0,0
1759005400.8947227,0,0,1.5,4,338.04,670,239.7,0,0
1759005400.9048662,0,0,1.5,4,338.04,670,239.7,0,0
1759005400.9149563,0,0,1.5,4,338.04,670,239.7,0,0
1759005400.9250464,0,0,1.5,4,338.04,670,239.7,0,0
1759005400.9351547,0,0,1.5,4,338.04,670,239.7,0,0
1759005400.9452434,0,0,1.5,4,338.04,670,239.7,0,0
1759005400.955322,0,0,1.5,4,338.04,670,239.7,0,0
1759005400.965408,0,0,1.5,4,338.04,670,239.7,0,0
1759005400.975496,0,0,1.5,4,338.04,670,239.7,0,0
1759005400.9855697,0,0,1.5,4,338.04,670,239.7,0,0
1759005400.9956744,0,0,1.5,4,338.04,670,239.7,0,0
1759005401.005921,0,0,1.5,4,338.04,670,239.7,0,0
1759005401.0161877,0,0,1.5,4,338.04,670,239.7,0,0
1759005401.0263498,0,0,1.5,4,338.04,670,239.7,0,0
1759005401.036513,0,0,1.5,4,338.04,670,239.7,0,0
1759005401.0466719,0,0,1.5,4,338.04,670,239.7,0,0
1759005401.056868,0,0,1.5,4,338.04,670,239.7,0,0
1759005401.0670257,0,0,1.5,4,338.04,670,239.7,0,0
1759005401.0772746,0,0,1.5,4,338.04,670,239.7,0,0
1759005401.0875177,0,0,1.5,4,338.04,670,239.7,0,0
1759005401.0977619,0,0,1.5,4,338.04,670,239.7,0,0
1759005401.108008,0,0,1.5,4,338.04,670,239.7,0,0
1759005401.1181746,0,0,1.5,4,338.04,670,239.7,0,0
1759005401.1283915,0,0,1.5,4,338.04,670,239.7,0,0
1759005401.1385767,0,0,1.5,4,338.04,670,239.7,0,0
1759005401.1487172,0,0,1.5,4,338.04,670,239.7,0,0
1759005401.1588829,0,0,1.5,4,338.04,670,239.7,0,0
1759005401.1690493,0,0,1.5,4,338.04,670,239.7,0,0
1759005401.1792302,0,0,1.5,4,338.04,670,239.7,0,0
1759005401.1894822,0,0,1.5,4,338.04,670,239.7,0,0
1759005401.1997359,0,0,1.5,4,338.04,670,239.7,0,0
1759005401.2099707,0,0,1.5,4,338.04,670,239.7,0,0
1759005401.2202115,0,0,1.5,4,338.04,670,239.7,0,0
1759005401.2304583,0,0,1.5,4,338.04,670,239.7,0,0
1759005401.2406976,0,0,1.5,4,338.04,670,239.7,0,0
1759005401.2508507,0,0,1.5,4,338.04,670,239.7,0,0
1759005401.2610955,0,0,1.5,4,338.04,670,239.7,0,0
1759005401.2713332,0,0,1.5,4,338.04,670,239.7,0,0
1759005401.2815905,0,0,1.5,4,338.04,670,239.7,0,0
1759005401.291832,0,0,1.5,4,338.04,670,239.7,0,0
1759005401.301978,0,0,1.5,4,338.04,670,239.7,0,0
1759005401.312125,0,0,1.5,4,338.04,670,239.7,0,0
1759005401.322304,0,0,1.5,4,338.04,670,239.7,0,0
1759005401.3324847,0,0,1.5,4,338.04,670,239.7,0,0
1759005401.342708,0,0,1.5,4,338.04,670,239.7,0,0
1759005401.3528564,0,0,1.5,4,338.04,670,239.7,0,0
1759005401.362965,0,0,1.5,4,338.04,670,239.7,0,0
1759005401.3732073,0,0,1.5,4,338.04,670,239.7,0,0
1759005401.38345,0,0,1.5,4,338.04,670,239.7,0,0
1759005401.3937287,0,0,1.5,4,338.04,670,239.7,0,0
1759005401.4039664,0,0,1.5,4,338.04,670,239.7,0,0
1759005401.4142022,0,0,1.5,4,338.04,670,239.7,0,0
1759005401.4244595,0,0,1.5,4,338.04,670,239.7,0,0
1759005401.434702,0,0,1.5,4,338.04,670,239.7,0,0
1759005401.4449582,0,0,1.5,4,338.04,670,239.7,0,0
1759005401.4551172,0,0,1.5,4,338.04,670,239.7,0,0
1759005401.4653058,0,0,1.5,4,338.04,670,239.7,0,0
1759005401.47546,0,0,1.5,4,338.04,670,239.7,0,0
1759005401.485704,0,0,1.5,4,338.04,670,239.7,0,0
1759005401.4959383,0,0,1.5,4,338.04,670,239.7,0,0
1759005401.5061655,0,0,1.5,4,338.04,670,239.7,0,0
1759005401.5163975,0,0,1.5,4,338.04,670,239.7,0,0
1759005401.526664,0,0,1.5,4,338.04,670,239.7,0,0
1759005401.53685,0,0,1.5,4,338.04,670,239.7,0,0
1759005401.5470116,0,0,1.5,4,338.04,670,239.7,0,0
1759005401.557111,0,0,1.5,4,338.04,670,239.7,0,0
1759005401.5672898,0,0,1.5,4,338.04,670,239.7,0,0
1759005401.5773776,0,0,1.5,4,338.04,670,239.7,0,0
1759005401.587479,0,0,1.5,4,338.04,670,239.7,0,0
1759005401.5975628,0,0,1.5,4,338.04,670,239.7,0,0
1759005401.607715,0,0,1.5,4,338.04,670,239.7,0,0
1759005401.6178844,0,0,1.5,4,338.04,670,239.7,0,0
1759005401.6280332,0,0,1.5,4,338.04,670,239.7,0,0
1759005401.6381953,0,0,1.5,4,338.04,670,239.7,0,0
1759005401.6483421,0,0,1.5,4,338.04,670,239.7,0,0
1759005401.6584103,0,0,1.5,4,338.04,670,239.7,0,0
1759005401.6684716,0,0,1.5,4,338.04,670,239.7,0,0
1759005401.6785636,0,0,1.5,4,338.04,670,239.7,0,0
1759005401.6887083,0,0,1.5,4,338.04,670,239.7,0,0
1759005401.698838,0,0,1.5,4,338.04,670,239.7,0,0
1759005401.708997,0,0,1.5,4,338.04,670,239.7,0,0
1759005401.719139,0,0,1.5,4,338.04,670,239.7,0,0
1759005401.729303,0,0,1.5,4,338.04,670,239.7,0,0
1759005401.7394297,0,0,1.5,4,338.04,670,239.7,0,0
1759005401.7495892,0,0,1.5,4,338.04,670,239.7,0,0
1759005401.7597623,0,0,1.5,4,338.04,670,239.7,0,0
1759005401.7699296,0,0,1.5,4,338.04,670,239.7,0,0
1759005401.7800758,0,0,1.5,4,338.04,670,239.7,0,0
1759005401.7902334,0,0,1.5,4,338.04,670,239.7,0,0
1759005401.800382,0,0,1.5,4,338.04,670,239.7,0,0
1759005401.8105423,0,0,1.5,4,338.04,670,239.7,0,0
1759005401.8206942,0,0,1.5,4,338.04,670,239.7,0,0
1759005401.8308606,0,0,1.5,4,338.04,670,239.7,0,0
1759005401.8410127,0,0,1.5,4,338.04,670,239.7,0,0
1759005401.8511865,0,0,1.5,4,338.04,670,239.7,0,0
1759005401.861347,0,0,1.5,4,338.04,670,239.7,0,0
1759005401.8715222,0,0,1.5,4,338.04,670,239.7,0,0
1759005401.881677,0,0,1.5,4,338.04,670,239.7,0,0
1759005401.891849,0,0,1.5,4,338.04,670,239.7,0,0
1759005401.9019997,0,0,1.5,4,338.04,670,239.7,0,0
1759005401.912159,0,0,1.5,4,338.04,670,239.7,0,0
1759005401.922305,0,0,1.5,4,338.04,670,239.7,0,0
1759005401.9324327,0,0,1.5,4,338.04,670,239.7,0,0
1759005401.9425638,0,0,1.5,4,338.04,670,239.7,0,0
1759005401.9527092,0,0,1.5,4,338.04,670,239.7,0,0
1759005401.9628854,0,0,1.5,4,338.04,670,239.7,0,0
1759005401.97299,0,0,1.5,4,338.04,670,239.7,0,0
1759005401.9830706,0,0,1.5,4,338.04,670,239.7,0,0
1759005401.993148,0,0,1.5,4,338.04,670,239.7,0,0
1759005402.003215,0,0,1.5,4,338.04,670,239.7,0,0
1759005402.0132873,0,0,1.5,4,338.04,670,239.7,0,0
1759005402.0233548,0,0,1.5,4,338.04,670,239.7,0,0
1759005402.0334218,0,0,1.5,4,338.04,670,239.7,0,0
1759005402.0434873,0,0,1.5,4,338.04,670,239.7,0,0
1759005402.0535536,0,0,1.5,4,338.04,670,239.7,0,0
1759005402.0636685,0,0,1.5,4,338.04,670,239.7,0,0
1759005402.0737395,0,0,1.5,4,338.04,670,239.7,0,0
1759005402.083817,0,0,1.5,4,338.04,670,239.7,0,0
1759005402.0938864,0,0,1.5,4,338.04,670,239.7,0,0
1759005402.1039524,0,0,1.5,4,338.04,670,239.7,0,0
1759005402.1140172,0,0,1.5,4,338.04,670,239.7,0,0
1759005402.1240842,0,0,1.5,4,338.04,670,239.7,0,0
1759005402.1341507,0,0,1.5,4,338.04,670,239.7,0,0
1759005402.1442187,0,0,1.5,4,338.04,670,239.7,0,0
1759005402.1542861,0,0,1.5,4,338.04,670,239.7,0,0
1759005402.1643589,0,0,1.5,4,338.04,670,239.7,0,0
1759005402.1744316,0,0,1.5,4,338.04,670,239.7,0,0
1759005402.1845186,0,0,1.5,4,338.04,670,239.7,0,0
1759005402.194604,0,0,1.5,4,338.04,670,239.7,0,0
1759005402.2046885,0,0,1.5,4,338.04,670,239.7,0,0
1759005402.214837,0,0,1.5,4,338.04,670,239.7,0,0
1759005402.2249324,0,0,1.5,4,338.04,670,239.7,0,0
1759005402.2351084,0,0,1.5,4,338.04,670,239.7,0,0
1759005402.245258,0,0,1.5,4,338.04,670,239.7,0,0
1759005402.255407,0,0,1.5,4,338.04,670,239.7,0,0
1759005402.2656488,0,0,1.5,4,338.04,670,239.7,0,0
1759005402.275744,0,0,1.5,4,338.04,670,239.7,0,0
1759005402.2858982,0,0,1.5,4,338.04,670,239.7,0,0
1759005402.2960663,0,0,1.5,4,338.04,670,239.7,0,0
1759005402.3062162,0,0,1.5,4,338.04,670,239.7,0,0
1759005402.3163815,0,0,1.5,4,338.04,670,239.7,0,0
1759005402.32653,0,0,1.5,4,338.04,670,239.7,0,0
1759005402.3366847,0,0,1.5,4,338.04,670,239.7,0,0
1759005402.3468347,0,0,1.5,4,338.04,670,239.7,0,0
1759005402.3569922,0,0,1.5,4,338.04,670,239.7,0,0
1759005402.3671403,0,0,1.5,4,338.04,670,239.7,0,0
1759005402.3772266,0,0,1.5,4,338.04,670,239.7,0,0
1759005402.3873549,0,0,1.5,4,338.04,670,239.7,0,0
1759005402.3975337,0,0,1.5,4,338.04,670,239.7,0,0
1759005402.4077113,0,0,1.5,4,338.04,670,239.7,0,0
1759005402.4177928,0,0,1.5,4,338.04,670,239.7,0,0
1759005402.4279454,0,0,1.5,4,338.04,670,239.7,0,0
1759005402.4380338,0,0,1.5,4,338.04,670,239.7,0,0
1759005402.4482558,0,0,1.5,4,338.04,670,239.7,0,0
1759005402.458355,0,0,1.5,4,338.04,670,239.7,0,0
1759005402.4684424,0,0,1.5,4,338.04,670,239.7,0,0
1759005402.47852,0,0,1.5,4,338.04,670,239.7,0,0
1759005402.4885979,0,0,1.5,4,338.04,670,239.7,0,0
1759005402.4986875,0,0,1.5,4,338.04,670,239.7,0,0
1759005402.5087717,0,0,1.5,4,338.04,670,239.7,0,0
1759005402.5189002,0,0,1.5,4,338.04,670,239.7,0,0
1759005402.52905,0,0,1.5,4,338.04,670,239.7,0,0
1759005402.539231,0,0,1.5,4,338.04,670,239.7,0,0
1759005402.5494454,0,0,1.5,4,338.04,670,239.7,0,0
1759005402.559645,0,0,1.5,4,338.04,670,239.7,0,0
1759005402.5698743,0,0,1.5,4,338.04,670,239.7,0,0
1759005402.5801132,0,0,1.5,4,338.04,670,239.7,0,0
1759005402.5903325,0,0,1.5,4,338.04,670,239.7,0,0
1759005402.6004255,0,0,1.5,4,338.04,670,239.7,0,0
1759005402.6105819,0,0,1.5,4,338.04,670,239.7,0,0
1759005402.6207385,0,0,1.5,4,338.04,670,239.7,0,0
1759005402.630905,0,0,1.5,4,338.04,670,239.7,0,0
1759005402.6410484,0,0,1.5,4,338.04,670,239.7,0,0
1759005402.651207,0,0,1.5,4,338.04,670,239.7,0,0
1759005402.6613517,0,0,1.5,4,338.04,670,239.7,0,0
1759005402.671438,0,0,1.5,4,338.04,670,239.7,0,0
1759005402.6815836,0,0,1.5,4,338.04,670,239.7,0,0
1759005402.691728,0,0,1.5,4,338.04,670,239.7,0,0
1759005402.7018745,0,0,1.5,4,338.04,670,239.7,0,0
1759005402.7119613,0,0,1.5,4,338.04,670,239.7,0,0
1759005402.72205,0,0,1.5,4,338.04,670,239.7,0,0
1759005402.7321336,0,0,1.5,4,338.04,670,239.7,0,0
1759005402.742282,0,0,1.5,4,338.04,670,239.7,0,0
1759005402.7524183,0,0,1.5,4,338.04,670,239.7,0,0
1759005402.7624996,0,0,1.5,4,338.04,670,239.7,0,0
1759005402.7725933,0,0,1.5,4,338.04,670,239.7,0,0
1759005402.7826881,0,0,1.5,4,338.04,670,239.7,0,0
1759005402.792851,0,0,1.5,4,338.04,670,239.7,0,0
1759005402.8029296,0,0,1.5,4,338.04,670,239.7,0,0
1759005402.813011,0,0,1.5,4,338.04,670,239.7,0,0
1759005402.8230925,0,0,1.5,4,338.04,670,239.7,0,0
1759005402.8332572,0,0,1.5,4,338.04,670,239.7,0,0
1759005402.8435075,0,0,1.5,4,338.04,670,239.7,0,0
1759005402.8537798,0,0,1.5,4,338.04,670,239.7,0,0
1759005402.8640194,0,0,1.5,4,338.04,670,239.7,0,0
1759005402.8742669,0,0,1.5,4,338.04,670,239.7,0,0
1759005402.884507,0,0,1.5,4,338.04,670,239.7,0,0
1759005402.894749,0,0,1.5,4,338.04,670,239.7,0,0
1759005402.9049177,0,0,1.5,4,338.04,670,239.7,0,0
1759005402.91505,0,0,1.5,4,338.04,670,239.7,0,0
1759005402.9251506,0,0,1.5,4,338.04,670,239.7,0,0
1759005402.9353082,0,0,1.5,4,338.04,670,239.7,0,0
1759005402.9454713,0,0,1.5,4,338.04,670,239.7,0,0
1759005402.9557533,0,0,1.5,4,338.04,670,239.7,0,0
1759005402.965995,0,0,1.5,4,338.04,670,239.7,0,0
1759005402.9762475,0,0,1.5,4,338.04,670,239.7,0,0
1759005402.9864173,0,0,1.5,4,338.04,670,239.7,0,0
1759005402.9966638,0,0,1.5,4,338.04,670,239.7,0,0
1759005403.0068228,0,0,1.5,4,338.04,670,239.7,0,0
1759005403.0169764,0,0,1.5,4,338.04,670,239.7,0,0
1759005403.0272174,0,0,1.5,4,338.04,670,239.7,0,0
1759005403.0373814,0,0,1.5,4,338.04,670,239.7,0,0
1759005403.0476496,0,0,1.5,4,338.04,670,239.7,0,0
1759005403.057901,0,0,1.5,4,338.04,670,239.7,0,0
1759005403.068134,0,0,1.5,4,338.04,670,239.7,0,0
1759005403.078384,0,0,1.5,4,338.04,670,239.7,0,0
1759005403.0886571,0,0,1.5,4,338.04,670,239.7,0,0
1759005403.0988946,0,0,1.5,4,338.04,670,239.7,0,0
1759005403.1090353,0,0,1.5,4,338.04,670,239.7,0,0
1759005403.119202,0,0,1.5,4,338.04,670,239.7,0,0
1759005403.1292908,0,0,1.5,4,338.04,670,239.7,0,0
1759005403.1393802,0,0,1.5,4,338.04,670,239.7,0,0
1759005403.1494496,0,0,1.5,4,338.04,670,239.7,0,0
1759005403.1595173,0,0,1.5,4,338.04,670,239.7,0,0
1759005403.1695778,0,0,1.5,4,338.04,670,239.7,0,0
1759005403.1796818,0,0,1.5,4,338.04,670,239.7,0,0
1759005403.1898246,0,0,1.5,4,338.04,670,239.7,0,0
1759005403.1999705,0,0,1.5,4,338.04,670,239.7,0,0
1759005403.2100515,0,0,1.5,4,338.04,670,239.7,0,0
1759005403.2202086,0,0,1.5,4,338.04,670,239.7,0,0
1759005403.2303522,0,0,1.5,4,338.04,670,239.7,0,0
1759005403.2404995,0,0,1.5,4,338.04,670,239.7,0,0
1759005403.2506595,0,0,1.5,4,338.04,670,239.7,0,0
1759005403.2608118,0,0,1.5,4,338.04,670,239.7,0,0
1759005403.2709858,0,0,1.5,4,338.04,670,239.7,0,0
1759005403.2811358,0,0,1.5,4,338.04,670,239.7,0,0
1759005403.2912965,0,0,1.5,4,338.04,670,239.7,0,0
1759005403.30145,0,0,1.5,4,338.04,670,239.7,0,0
1759005403.3116121,0,0,1.5,4,338.04,670,239.7,0,0
1759005403.3217583,0,0,1.5,4,338.04,670,239.7,0,0
1759005403.3318732,0,0,1.5,4,338.04,670,239.7,0,0
1759005403.3420208,0,0,1.5,4,338.04,670,239.7,0,0
1759005403.3521917,0,0,1.5,4,338.04,670,239.7,0,0
1759005403.362412,0,0,1.5,4,338.04,670,239.7,0,0
1759005403.372579,0,0,1.5,4,338.04,670,239.7,0,0
1759005403.38275,0,0,1.5,4,338.04,670,239.7,0,0
1759005403.3928807,0,0,1.5,4,338.04,670,239.7,0,0
1759005403.4030473,0,0,1.5,4,338.04,670,239.7,0,0
1759005403.413194,0,0,1.5,4,338.04,670,239.7,0,0
1759005403.423272,0,0,1.5,4,338.04,670,239.7,0,0
1759005403.4368012,0,0.0,1.5,2,341.41,670,240.35000000000002,0,0
1759005403.4469097,0,0.0,1.5,2,344.78,669.9,240.95,0,0
1759005403.4568684,0,0.016666666666666666,1.5,2,348.15,669.8,241.45,0,1
1759005403.4673233,0,0.025,1.5,2,351.52,669.6999999999999,241.95,0,1
1759005403.4771814,0,0.030000000000000002,1.5,2,354.93,669.5999999999999,242.45,0,1
1759005403.487739,0,0.04166666666666667,1.5,2,358.3,669.4999999999999,242.95,1,1
1759005403.4975088,0,0.05,1.5,2,361.67,669.3999999999999,243.45,1,1
1759005403.5075135,0,0.0625,1.5,2,364.95,669.2999999999998,244.05,1,2
1759005403.5180626,0,0.06666666666666667,1.5,2,368.36,669.1999999999998,244.60000000000002,1,1
1759005403.5276868,0,0.07,1.5,2,371.73,669.0999999999998,245.15,0,2
1759005403.5382493,0,0.07272727272727272,1.5,2,375.1,668.9999999999998,245.7,1,1
1759005403.5484862,0,0.07083333333333333,1.5,2,378.44,668.8999999999997,246.2,0,1
1759005403.5586035,0,0.07307692307692308,1.5,2,381.79,668.7999999999997,246.75,0,2
1759005403.568387,0,0.075,1.5,2,385.14,668.6999999999997,247.3,1,1
1759005403.5785816,0,0.07333333333333333,1.5,2,388.51,668.5999999999997,247.8,0,1
1759005403.588755,0,0.07187500000000001,1.5,2,391.87,668.4999999999997,248.2,0,1
1759005403.5993054,0,0.07352941176470588,1.5,2,395.28,668.3999999999996,248.60000000000002,1,1
1759005403.609051,0,0.075,1.5,2,398.69,668.2999999999996,249.0,0,2
1759005403.6193426,0,0.07631578947368421,1.5,2,402.06,668.1999999999996,249.5,1,1
1759005403.6298056,0,0.08,1.5,2,405.47,668.0999999999996,250.0,1,2
1759005403.6397939,0,0.07857142857142857,1.5,2,408.88,667.9999999999995,250.5,0,1
1759005403.6506684,0,0.07727272727272727,1.5,2,412.25,667.8999999999995,251.0,0,1
1759005403.6607277,0,0.07391304347826087,1.5,2,415.46,667.7999999999995,251.45000000000002,0,0
1759005403.671275,0,0.075,1.5,2,418.65,667.6999999999995,251.85,0,2
1759005403.6812792,0,0.076,1.5,2,422.08,667.5999999999995,252.15,1,1
1759005403.6913738,0,0.07692307692307693,1.5,2,425.2,667.4999999999994,252.45,0,2
1759005403.7016788,0,0.07962962962962963,1.5,2,428.36,667.3999999999994,252.8,1,2
1759005403.711589,0,0.08214285714285714,1.5,2,431.52,667.2999999999994,253.15,2,1
1759005403.721909,0,0.08793103448275863,1.5,2,434.68,667.1999999999994,253.54999999999998,2,3
1759005403.7315822,0,0.09,1.5,2,437.89,667.0999999999993,253.9,1,2
1759005403.7421918,0,0.09193548387096774,1.5,2,440.97,666.9999999999993,254.1,0,3
1759005403.7523422,0,0.0921875,1.5,2,444.13,666.8999999999993,254.3,0,2
1759005403.7625108,0,0.09242424242424242,1.5,2,447.29,666.7999999999993,254.5,0,2
1759005403.7725039,0,0.09264705882352942,1.5,2,450.48,666.6999999999992,254.7,1,1
1759005403.7827148,0,0.09142857142857143,1.5,2,453.65,666.5999999999992,255.0,0,1
1759005403.7928345,0,0.09305555555555556,1.5,2,456.82,666.4999999999992,255.35,0,3
1759005403.8035662,0,0.0945945945945946,1.5,2,460.06,666.3999999999992,255.75,0,3
1759005403.8134747,0,0.09342105263157895,1.5,2,463.22,666.2999999999992,256.1,0,1
1759005403.823678,0,0.09230769230769231,1.5,2,466.39,666.1999999999991,256.5,0,1
1759005403.8340073,0,0.09125,1.5,2,469.55,666.0999999999991,256.8,0,1
1759005403.8434737,0,0.08902439024390243,1.5,2,472.72,665.9999999999991,257.1,0,0
1759005403.8537047,0,0.0869047619047619,1.5,2,476.13,665.8999999999991,257.35,0,0
1759005403.8635736,0,0.08488372093023255,1.5,2,479.28,665.799999999999,257.6,0,0
1759005403.874127,0,0.08522727272727273,1.5,2,482.43,665.699999999999,257.85,1,1
1759005403.8836083,0,0.08333333333333333,1.5,2,485.57,665.599999999999,258.15,0,0
1759005403.894593,0,0.08260869565217391,1.5,2,488.74,665.499999999999,258.45,0,1
1759005403.9045017,0,0.08191489361702128,1.5,2,491.9,665.399999999999,258.75,0,1
1759005403.9151058,0,0.08229166666666667,1.5,2,495.09,665.2999999999989,259.05,0,2
1759005403.9249866,0,0.0836734693877551,1.5,2,498.26,665.1999999999989,259.4,1,2
1759005403.9349148,0,0.084,1.5,2,501.43,665.0999999999989,259.75,1,1
1759005403.945399,0,0.08333333333333333,1.5,2,504.62,664.9999999999989,260.04999999999995,0,1
1759005403.9556642,0,0.08269230769230769,1.5,2,507.83,664.8999999999988,260.3,0,1
1759005403.965907,0,0.0820754716981132,1.5,2,511.04,664.7999999999988,260.55,0,1
1759005403.975612,0,0.08240740740740742,1.5,2,514.23,664.6999999999988,260.75,1,1
1759005403.9860384,0,0.08272727272727273,1.5,2,517.38,664.5999999999988,261.1,0,2
1759005403.9962292,0,0.08214285714285714,1.5,2,520.59,664.4999999999987,261.4,0,1
1759005404.006641,0,0.08157894736842106,1.5,2,523.78,664.3999999999987,261.8,0,1
1759005404.0168266,0,0.08189655172413793,1.5,2,526.94,664.2999999999987,262.1,0,2
1759005404.0271175,0,0.08220338983050848,1.5,2,530.08,664.1999999999987,262.4,0,2
1759005404.0368187,0,0.08166666666666667,1.5,2,533.29,664.0999999999987,262.65,0,1
1759005404.04753,0,0.0819672131147541,1.5,2,536.44,663.9999999999986,262.95,0,2
1759005404.0576253,0,0.08387096774193549,1.5,2,539.83,663.8999999999986,263.2,1,3
1759005404.0675132,0,0.08571428571428572,1.5,2,543.04,663.7999999999986,263.4,1,3
1759005404.0780754,0,0.0859375,1.5,2,546.19,663.6999999999986,263.45000000000005,0,2
1759005404.08761,0,0.08615384615384615,1.5,2,549.41,663.5999999999985,263.55,0,2
1759005404.0980554,0,0.08636363636363636,1.5,2,552.57,663.4999999999985,263.65,0,2
1759005404.1084156,0,0.08507462686567165,1.5,2,555.74,663.3999999999985,263.85,0,0
1759005404.11842,0,0.08455882352941177,1.5,2,558.95,663.2999999999985,264.05,0,1
1759005404.1290221,0,0.08333333333333334,1.5,2,562.11,663.1999999999985,264.25,0,0
1759005404.139364,0,0.08428571428571428,1.5,2,565.27,663.0999999999984,264.45000000000005,1,2
1759005404.1487193,0,0.08380281690140845,1.5,2,568.46,662.9999999999984,264.70000000000005,0,1
1759005404.1592329,0,0.08402777777777778,1.5,2,571.89,662.8999999999984,264.9,0,2
1759005404.1693923,0,0.08493150684931507,1.5,2,575.05,662.7999999999984,265.15,0,3
1759005404.1797535,0,0.08513513513513514,1.5,2,578.21,662.6999999999983,265.35,0,2
1759005404.1897316,0,0.08533333333333333,1.5,2,581.4,662.5999999999983,265.6,0,2
1759005404.1995168,0,0.0861842105263158,1.5,2,584.61,662.4999999999983,265.85,1,2
1759005404.209711,0,0.08506493506493507,1.5,2,587.83,662.3999999999983,266.05,0,0
1759005404.220176,0,0.08461538461538462,1.5,2,591.04,662.2999999999982,266.25,0,1
1759005404.230333,0,0.08544303797468354,1.5,2,594.21,662.1999999999982,266.45,1,2
1759005404.2406652,0,0.085625,1.5,2,597.38,662.0999999999982,266.70000000000005,0,2
1759005404.2502127,0,0.08580246913580247,1.5,2,600.54,661.9999999999982,266.95,0,2
1759005404.2604012,0,0.08536585365853659,1.5,2,603.71,661.8999999999982,267.15,0,1
1759005404.2706292,0,0.08614457831325302,1.5,2,606.92,661.7999999999981,267.29999999999995,1,2
1759005404.2805963,0,0.08630952380952381,1.5,2,610.07,661.6999999999981,267.5,0,2
1759005404.2908,0,0.08588235294117648,1.5,2,613.21,661.5999999999981,267.75,0,1
1759005404.3010783,0,0.08546511627906977,1.5,2,616.38,661.4999999999981,268.1,0,1
1759005404.3113468,0,0.08620689655172414,1.5,2,619.59,661.399999999998,268.5,0,3
1759005404.3216379,0,0.08636363636363636,1.5,2,622.74,661.299999999998,268.9,0,2
1759005404.3315434,0,0.08651685393258428,1.5,2,625.89,661.199999999998,269.25,0,2
1759005404.3416457,0,0.08722222222222223,1.5,2,629.1,661.099999999998,269.6,0,3
1759005404.3516462,0,0.08736263736263737,1.5,2,632.32,660.999999999998,269.95,0,2
1759005404.3615606,0,0.08695652173913043,1.5,2,635.8,660.8999999999979,270.35,0,1
1759005404.372223,0,0.08763440860215053,1.5,2,638.94,660.7999999999979,270.8,0,3
1759005404.3821208,0,0.08829787234042553,1.5,2,642.13,660.6999999999979,271.15,0,3
1759005404.3926637,0,0.08842105263157896,1.5,2,645.29,660.5999999999979,271.4,0,2
1759005404.4028587,0,0.08854166666666667,1.5,2,648.45,660.4999999999978,271.5,0,2
1759005404.4131422,0,0.088659793814433,1.5,2,651.78,660.3999999999978,271.4,0,2
1759005404.423274,0,0.08826530612244898,1.5,2,655.18,660.2999999999978,270.7,0,1
1759005404.4334197,0,0.08737373737373738,1.5,2,658.62,660.1999999999978,269.4,0,0
1759005404.4429224,0,0.08700000000000001,1.5,2,662.2,660.0999999999977,267.54999999999995,0,1
1759005404.4529183,0,0.0885,1.5,2,661.99,659.9999999999977,267.04999999999995,0,3
1759005404.463332,0,0.089,1.5,2,662.05,659.8999999999977,266.6,0,1
1759005404.4739137,0,0.0895,1.5,2,661.84,659.7999999999977,266.25,0,2
1759005404.4835954,0,0.0905,1.5,2,661.64,659.6999999999977,265.9,0,3
1759005404.4936788,0,0.091,1.5,2,661.44,659.5999999999976,265.55,0,2
1759005404.5038648,0,0.0915,1.5,2,661.24,659.4999999999976,265.25,0,3
1759005404.5143397,0,0.091,1.5,2,661.04,659.3999999999976,264.9,0,1
1759005404.5237648,0,0.0905,1.5,2,660.92,659.2999999999976,264.5,0,2
1759005404.5345273,0,0.09,1.5,2,660.67,659.1999999999975,264.1,0,1
1759005404.5442896,0,0.09,1.5,2,660.46,659.0999999999975,263.70000000000005,0,2
1759005404.5543091,0,0.0905,1.5,2,660.26,658.9999999999975,263.35,0,3
1759005404.5647786,0,0.091,1.5,2,660.07,658.8999999999975,263.0,0,2
1759005404.574934,0,0.091,1.5,2,659.87,658.7999999999975,262.65,0,2
1759005404.584789,0,0.091,1.5,2,659.66,658.6999999999974,262.3,0,2
1759005404.5952933,0,0.092,1.5,2,659.45,658.5999999999974,261.95000000000005,0,3
1759005404.6056914,0,0.0925,1.5,2,659.25,658.4999999999974,261.70000000000005,0,2
1759005404.6158683,0,0.0915,1.5,2,659.01,658.3999999999974,261.4,0,0
1759005404.6260386,0,0.091,1.5,2,658.75,658.2999999999973,261.1,0,1
1759005404.635843,0,0.0905,1.5,2,658.59,658.1999999999973,260.75,0,1
1759005404.646435,0,0.0895,1.5,2,658.37,658.0999999999973,260.35,0,1
1759005404.6563485,0,0.09,1.5,2,658.12,657.9999999999973,259.95000000000005,1,1
1759005404.6665368,0,0.0905,1.5,2,657.91,657.8999999999972,259.6,1,1
1759005404.6770806,0,0.091,1.5,2,657.78,657.7999999999972,259.25,0,1
1759005404.6874037,0,0.091,1.5,2,657.73,657.6999999999972,258.95,0,2
1759005404.6972537,0,0.0915,1.5,2,657.33,657.5999999999972,258.75,0,3
1759005404.7076414,0,0.0915,1.5,2,657.27,657.4999999999972,258.55,0,2
1759005404.717482,0,0.0905,1.5,2,657.14,657.3999999999971,258.29999999999995,0,1
1759005404.727468,0,0.09,1.5,2,657.01,657.2999999999971,258.0,0,2
1759005404.7381072,0,0.0885,1.5,2,656.88,657.1999999999971,257.7,0,2
1759005404.7485557,0,0.0885,1.5,2,656.75,657.0999999999971,257.45,0,3
1759005404.7586532,0,0.08750000000000001,1.5,2,656.7,656.999999999997,257.3,0,1
1759005404.7677026,0,0.08750000000000001,1.5,2,656.6,656.899999999997,257.1,0,2
1759005404.7785585,0,0.08700000000000001,1.5,2,656.5,656.799999999997,256.9,0,1
1759005404.7893798,0,0.08700000000000001,1.5,2,656.32,656.699999999997,256.7,0,2
1759005404.798592,0,0.08700000000000001,1.5,2,656.23,656.599999999997,256.5,0,1
1759005404.8098376,0,0.08650000000000001,1.5,2,656.12,656.4999999999969,256.25,0,2
1759005404.8197236,0,0.08600000000000001,1.5,2,655.99,656.3999999999969,255.95,0,2
1759005404.829435,0,0.08700000000000001,1.5,2,655.91,656.2999999999969,255.65,0,3
1759005404.8398821,0,0.08800000000000001,1.5,2,655.82,656.1999999999969,255.25,0,3
1759005404.8494625,0,0.0885,1.5,2,655.74,656.0999999999968,254.9,0,2
1759005404.8597996,0,0.09,1.5,2,655.63,655.9999999999968,254.7,0,3
1759005404.8700945,0,0.091,1.5,2,655.38,655.8999999999968,254.5,0,2
1759005404.880331,0,0.092,1.5,2,655.33,655.7999999999968,254.3,0,2
1759005404.8900688,0,0.092,1.5,2,655.28,655.6999999999967,254.05,0,2
1759005404.9003181,0,0.0925,1.5,2,655.28,655.5999999999967,253.85,0,1
1759005404.9111228,0,0.0935,1.5,2,655.27,655.4999999999967,253.65,1,2
1759005404.9207654,0,0.094,1.5,2,655.27,655.3999999999967,253.5,0,2
1759005404.9305787,0,0.0935,1.5,2,655.22,655.2999999999967,253.39999999999998,0,1
1759005404.941501,0,0.093,1.5,2,655.21,655.1999999999966,253.25,1,1
1759005404.9516916,0,0.093,1.5,2,655.1,655.0999999999966,253.10000000000002,0,2
1759005404.9615605,0,0.094,1.5,2,654.82,654.9999999999966,252.95,0,3
1759005404.9718616,0,0.0945,1.5,2,654.59,654.8999999999966,252.85,0,2
1759005404.9825497,0,0.095,1.5,2,654.37,654.7999999999965,252.75,0,2
1759005404.9923103,0,0.0955,1.5,2,654.13,654.6999999999965,252.7,1,2
1759005405.0030744,0,0.095,1.5,2,653.89,654.5999999999965,252.6,0,1
1759005405.0125592,0,0.095,1.5,2,653.66,654.4999999999965,252.45,0,1
1759005405.023127,0,0.0955,1.5,2,653.42,654.3999999999965,252.3,0,2
1759005405.032741,0,0.096,1.5,2,653.18,654.2999999999964,252.2,0,3
1759005405.0434232,0,0.096,1.5,2,652.95,654.1999999999964,252.14999999999998,0,2
1759005405.0538063,0,0.0975,1.5,2,652.66,654.0999999999964,252.2,1,3
1759005405.0636063,0,0.097,1.5,2,652.42,653.9999999999964,252.25,0,1
1759005405.0735376,0,0.096,1.5,2,651.94,653.8999999999963,252.25,0,2
1759005405.0842376,0,0.0945,1.5,2,651.7,653.7999999999963,252.25,0,1
1759005405.093982,0,0.094,1.5,2,651.54,653.6999999999963,252.3,1,0
1759005405.1048205,0,0.0935,1.5,2,651.43,653.5999999999963,252.35,0,1
1759005405.114671,0,0.093,1.5,2,651.3,653.4999999999962,252.45,0,1
1759005405.1253574,0,0.094,1.5,2,651.29,653.3999999999962,252.5,0,2
1759005405.13559,0,0.0945,1.5,2,651.24,653.2999999999962,252.55,0,2
1759005405.145545,0,0.0955,1.5,2,651.24,653.1999999999962,252.6,0,2
1759005405.1558619,0,0.095,1.5,2,651.24,653.0999999999962,252.55,0,2
1759005405.1655602,0,0.095,1.5,2,651.19,652.9999999999961,252.45,0,1
1759005405.1763039,0,0.094,1.5,2,650.92,652.8999999999961,252.39999999999998,0,0
1759005405.186764,0,0.093,1.5,2,650.88,652.7999999999961,252.4,0,1
1759005405.1967099,0,0.093,1.5,2,650.88,652.6999999999961,252.4,0,2
1759005405.2067943,0,0.093,1.5,2,650.75,652.599999999996,252.4,0,2
1759005405.216978,0,0.092,1.5,2,650.57,652.499999999996,252.35,0,1
1759005405.2274573,0,0.093,1.5,2,650.41,652.399999999996,252.35000000000002,0,2
1759005405.237462,0,0.0935,1.5,2,650.26,652.299999999996,252.35000000000002,0,2
1759005405.2481258,0,0.093,1.5,2,650.1,652.199999999996,252.3,0,2
1759005405.2580304,0,0.093,1.5,2,649.96,652.0999999999959,252.25,1,1
1759005405.2681324,0,0.093,1.5,2,649.86,651.9999999999959,252.15,0,2
1759005405.2781808,0,0.093,1.5,2,649.75,651.8999999999959,252.05,0,1
1759005405.2886412,0,0.0915,1.5,2,649.55,651.7999999999959,251.95,0,0
1759005405.2983088,0,0.091,1.5,2,649.44,651.6999999999958,251.85000000000002,0,1
1759005405.3085213,0,0.0915,1.5,2,649.29,651.5999999999958,251.8,0,2
1759005405.318749,0,0.0915,1.5,2,649.15,651.4999999999958,251.60000000000002,0,1
1759005405.3288736,0,0.09,1.5,2,648.95,651.3999999999958,251.4,0,0
1759005405.3394506,0,0.09,1.5,2,648.75,651.2999999999957,251.3,2,0
1759005405.349515,0,0.0905,1.5,2,648.55,651.1999999999957,251.15,2,1
1759005405.3597414,0,0.09,1.5,2,648.37,651.0999999999957,250.95,0,2
1759005405.369877,0,0.0905,1.5,2,648.23,650.9999999999957,250.7,1,2
1759005405.380383,0,0.091,1.5,2,647.96,650.8999999999957,250.5,0,2
1759005405.3903751,0,0.0895,1.5,2,647.96,650.7999999999956,250.3,0,0
1759005405.4007466,0,0.089,1.5,2,647.91,650.6999999999956,250.2,0,2
1759005405.410873,0,0.0895,1.5,2,647.91,650.5999999999956,250.1,0,3
1759005405.420754,0,0.09,1.5,2,647.91,650.4999999999956,250.10000000000002,0,3
1759005405.431058,0,0.09,1.5,2,647.9,650.3999999999955,250.15,0,2
1759005405.4413118,0,0.0905,1.5,2,647.89,650.2999999999955,250.2,0,2
1759005405.4516785,0,0.092,1.5,2,647.88,650.1999999999955,250.2,0,3
1759005405.4614046,0,0.092,1.5,2,647.77,650.0999999999955,250.1,0,1
1759005405.4717429,0,0.0925,1.5,2,647.67,649.9999999999955,250.0,2,2
1759005405.4816034,0,0.093,1.5,2,647.3,649.8999999999954,249.9,1,1
1759005405.4922578,0,0.093,1.5,2,647.17,649.7999999999954,249.8,0,2
1759005405.5024807,0,0.093,1.5,2,647.01,649.6999999999954,249.65,2,1
1759005405.5126774,0,0.0935,1.5,2,646.86,649.5999999999954,249.55,1,2
1759005405.522971,0,0.093,1.5,2,646.7,649.4999999999953,249.45,1,1
1759005405.5333514,0,0.093,1.5,2,646.59,649.3999999999953,249.35000000000002,0,1
1759005405.5433128,0,0.0925,1.5,2,646.46,649.2999999999953,249.25,0,1
1759005405.5532148,0,0.0935,1.5,2,646.33,649.1999999999953,249.15,1,2
1759005405.5638585,0,0.093,1.5,2,646.23,649.0999999999952,249.10000000000002,0,1
1759005405.5730813,0,0.0925,1.5,2,646.14,648.9999999999952,249.05,0,2
1759005405.582832,0,0.092,1.5,2,646.05,648.8999999999952,249.05,0,1
1759005405.5929275,0,0.0915,1.5,2,645.94,648.7999999999952,248.95,0,1
1759005405.6031566,0,0.0905,1.5,2,645.81,648.6999999999952,248.79999999999998,0,0
1759005405.6137786,0,0.089,1.5,2,645.73,648.5999999999951,248.65,0,0
1759005405.6237955,0,0.089,1.5,2,645.6,648.4999999999951,248.55,0,2
1759005405.6339962,0,0.0895,1.5,2,645.46,648.3999999999951,248.5,0,1
1759005405.6449103,0,0.089,1.5,2,645.45,648.2999999999951,248.5,0,0
1759005405.6554255,0,0.089,1.5,2,645.32,648.199999999995,248.5,0,1
1759005405.665965,0,0.089,1.5,2,645.27,648.099999999995,248.54999999999998,0,1
1759005405.675703,0,0.089,1.5,2,645.27,647.999999999995,248.55,0,2
1759005405.6859577,0,0.08850000000000001,1.5,2,645.27,647.899999999995,248.45000000000002,0,1
1759005405.6961844,0,0.08850000000000001,1.5,2,645.35,647.799999999995,248.39999999999998,0,1
1759005405.7068732,0,0.08800000000000001,1.5,2,645.35,647.6999999999949,248.35000000000002,0,1
1759005405.7165935,0,0.08700000000000001,1.5,2,645.48,647.5999999999949,248.25,0,1
1759005405.7267547,0,0.08750000000000001,1.5,2,645.43,647.4999999999949,248.20000000000002,1,2
1759005405.7368734,0,0.08800000000000001,1.5,2,645.33,647.3999999999949,248.2,0,2
1759005405.7472804,0,0.08700000000000001,1.5,2,645.23,647.2999999999948,248.2,0,0
1759005405.7573907,0,0.08600000000000001,1.5,2,645.17,647.1999999999948,248.2,0,0
1759005405.7675443,0,0.0845,1.5,2,645.11,647.0999999999948,248.15,0,0
1759005405.777586,0,0.0845,1.5,2,645.05,646.9999999999948,248.1,0,1
1759005405.7876716,0,0.084,1.5,2,644.92,646.8999999999947,248.15,0,1
1759005405.7983246,0,0.084,1.5,2,644.83,646.7999999999947,248.14999999999998,0,1
1759005405.8083966,0,0.0835,1.5,2,644.77,646.6999999999947,248.14999999999998,0,1
1759005405.8182943,0,0.084,1.5,2,644.66,646.5999999999947,248.1,0,2
1759005405.8286066,0,0.084,1.5,2,644.53,646.4999999999947,248.0,0,2
1759005405.8388674,0,0.084,1.5,2,644.44,646.3999999999946,247.95000000000002,0,2
1759005405.848577,0,0.0835,1.5,2,644.35,646.2999999999946,247.85000000000002,0,2
1759005405.8589036,0,0.083,1.5,2,644.24,646.1999999999946,247.8,1,1
1759005405.8686864,0,0.083,1.5,2,644.17,646.0999999999946,247.9,0,2
1759005405.8791134,0,0.082,1.5,2,644.04,645.9999999999945,247.95,0,1
1759005405.8891826,0,0.0815,1.5,2,644.09,645.8999999999945,248.0,0,1
1759005405.8992677,0,0.081,1.5,2,643.94,645.7999999999945,248.0,0,1
1759005405.9093523,0,0.0805,1.5,2,643.75,645.6999999999945,247.95,0,1
1759005405.9194193,0,0.0805,1.5,2,643.56,645.5999999999945,247.85,0,1
1759005405.9298458,0,0.08,1.5,2,643.37,645.4999999999944,247.75,0,2
1759005405.939765,0,0.0795,1.5,2,643.14,645.3999999999944,247.65,0,1
1759005405.9502385,0,0.0795,1.5,2,642.91,645.2999999999944,247.5,0,1
1759005405.9604955,0,0.079,1.5,2,642.74,645.1999999999944,247.45,0,1
1759005405.9705296,0,0.0795,1.5,2,642.65,645.0999999999943,247.35000000000002,1,2
1759005405.9811208,0,0.079,1.5,2,642.88,644.9999999999943,247.25,0,2
1759005405.9907198,0,0.0785,1.5,2,642.92,644.8999999999943,247.15,0,1
1759005406.000616,0,0.0775,1.5,2,642.86,644.7999999999943,247.05,0,0
1759005406.0111263,0,0.0765,1.5,2,642.86,644.6999999999942,246.89999999999998,0,1
1759005406.0214775,0,0.0775,1.5,2,642.9,644.5999999999942,246.75,0,3
1759005406.0317295,0,0.078,1.5,2,642.9,644.4999999999942,246.64999999999998,0,2
1759005406.0419378,0,0.079,1.5,2,642.86,644.3999999999942,246.55,1,3
1759005406.051689,0,0.0785,1.5,2,642.91,644.2999999999942,246.39999999999998,0,2
1759005406.062126,0,0.079,1.5,2,642.97,644.1999999999941,246.25,0,3
1759005406.0723352,0,0.079,1.5,2,642.98,644.0999999999941,246.05,1,3
1759005406.0823286,0,0.0795,1.5,2,642.98,643.9999999999941,245.85,0,2
1759005406.0929825,0,0.0785,1.5,2,643.02,643.8999999999941,245.7,0,0
1759005406.1023986,0,0.0795,1.5,2,643.02,643.799999999994,245.64999999999998,0,3
1759005406.1129715,0,0.0795,1.5,2,642.94,643.699999999994,245.6,0,1
1759005406.1225376,0,0.08,1.5,2,642.81,643.599999999994,245.55,0,2
1759005406.1330807,0,0.0805,1.5,2,642.75,643.499999999994,245.35,0,2
1759005406.1434085,0,0.08,1.5,2,642.58,643.399999999994,245.10000000000002,0,1
1759005406.1538296,0,0.079,1.5,2,642.35,643.2999999999939,244.85,0,0
1759005406.1634262,0,0.0785,1.5,2,642.16,643.1999999999939,244.75,0,1
1759005406.173824,0,0.079,1.5,2,641.97,643.0999999999939,244.75,1,2
1759005406.183774,0,0.079,1.5,2,641.73,642.9999999999939,244.75,0,1
1759005406.193772,0,0.0805,1.5,2,641.73,642.8999999999938,244.7,0,3
1759005406.203473,0,0.0805,1.5,2,641.58,642.7999999999938,244.5,0,1
1759005406.214235,0,0.0805,1.5,2,641.34,642.6999999999938,244.39999999999998,0,2
1759005406.2244952,0,0.081,1.5,2,641.19,642.5999999999938,244.35000000000002,0,3
1759005406.234301,0,0.0815,1.5,2,641.13,642.4999999999937,244.4,0,2
1759005406.244583,0,0.0815,1.5,2,641.09,642.3999999999937,244.39999999999998,0,2
1759005406.2544312,0,0.082,1.5,2,640.96,642.2999999999937,244.4,1,2
1759005406.2644563,0,0.082,1.5,2,640.92,642.1999999999937,244.35,0,2
1759005406.274959,0,0.0825,1.5,2,640.88,642.0999999999937,244.3,0,3
1759005406.2846313,0,0.0825,1.5,2,640.79,641.9999999999936,244.25,0,2
1759005406.2947574,0,0.083,1.5,2,640.89,641.8999999999936,244.14999999999998,0,2
1759005406.3051522,0,0.0835,1.5,2,640.87,641.7999999999936,244.04999999999998,0,1
1759005406.3155327,0,0.084,1.5,2,640.78,641.6999999999936,243.95,0,2
1759005406.325779,0,0.084,1.5,2,640.74,641.5999999999935,243.85,0,2
1759005406.3359451,0,0.084,1.5,2,640.68,641.4999999999935,243.85,0,1
1759005406.3460877,0,0.0855,1.5,2,640.68,641.3999999999935,243.85000000000002,1,2
1759005406.3564181,0,0.0855,1.5,2,640.64,641.2999999999935,243.7,1,1
1759005406.3665574,0,0.0855,1.5,2,640.64,641.1999999999935,243.6,1,2
1759005406.3768017,0,0.08600000000000001,1.5,2,640.58,641.0999999999934,243.55,1,2
1759005406.3865068,0,0.08650000000000001,1.5,2,640.52,640.9999999999934,243.60000000000002,0,4
1759005406.3972163,0,0.08750000000000001,1.5,2,640.33,640.8999999999934,243.7,1,3
1759005406.4071846,0,0.08800000000000001,1.5,2,640.1,640.7999999999934,243.75,0,1
1759005406.4172015,0,0.08800000000000001,1.5,2,639.91,640.6999999999933,243.75,0,2
1759005406.4278085,0,0.08700000000000001,1.5,2,639.72,640.5999999999933,243.7,0,1
1759005406.4375772,0,0.08650000000000001,1.5,2,639.55,640.4999999999933,243.54999999999998,0,2
1759005406.4477627,0,0.08700000000000001,1.5,2,639.36,640.3999999999933,243.4,1,2
1759005406.4580436,0,0.08650000000000001,1.5,2,639.13,640.2999999999932,243.25,0,1
1759005406.4684231,0,0.08600000000000001,1.5,2,638.9,640.1999999999932,243.2,0,2
1759005406.4785142,0,0.08700000000000001,1.5,2,638.77,640.0999999999932,243.15,0,3
1759005406.488893,0,0.08650000000000001,1.5,2,638.64,639.9999999999932,243.1,0,3
1759005406.4988105,0,0.08650000000000001,1.5,2,638.75,639.8999999999932,243.05,0,2
1759005406.5088165,0,0.08600000000000001,1.5,2,638.69,639.7999999999931,243.05,0,1
1759005406.5193632,0,0.0855,1.5,2,638.61,639.6999999999931,243.1,0,2
1759005406.52953,0,0.08600000000000001,1.5,2,638.57,639.5999999999931,243.14999999999998,1,3
1759005406.5396788,0,0.0855,1.5,2,638.53,639.4999999999931,243.10000000000002,0,1
1759005406.5496745,0,0.0855,1.5,2,638.4,639.399999999993,243.10000000000002,0,1
1759005406.560205,0,0.08650000000000001,1.5,2,638.29,639.299999999993,243.0,0,3
1759005406.5704906,0,0.08600000000000001,1.5,2,638.23,639.199999999993,242.85000000000002,0,2
1759005406.5808413,0,0.08700000000000001,1.5,2,638.1,639.099999999993,242.64999999999998,0,3
1759005406.591195,0,0.08800000000000001,1.5,2,638.03,638.999999999993,242.45,1,3
1759005406.6013005,0,0.08800000000000001,1.5,2,637.88,638.8999999999929,242.25,0,1
1759005406.6108036,0,0.08800000000000001,1.5,2,637.79,638.7999999999929,242.15,0,1
1759005406.621379,0,0.089,1.5,2,637.73,638.6999999999929,242.15,0,2
1759005406.631688,0,0.09,1.5,2,637.58,638.5999999999929,242.2,0,2
1759005406.6414914,0,0.09,1.5,2,637.52,638.4999999999928,242.2,0,2
1759005406.651833,0,0.0905,1.5,2,637.46,638.3999999999928,242.15,0,2
1759005406.6620922,0,0.091,1.5,2,637.27,638.2999999999928,242.1,0,1
1759005406.6722865,0,0.0915,1.5,2,637.16,638.1999999999928,242.0,0,2
1759005406.6824167,0,0.0915,1.5,2,637.01,638.0999999999927,241.9,0,1
1759005406.693025,0,0.091,1.5,2,636.82,637.9999999999927,241.8,0,1
1759005406.7029006,0,0.0905,1.5,2,636.59,637.8999999999927,241.7,0,0
1759005406.7134428,0,0.09,1.5,2,636.51,637.7999999999927,241.6,0,0
1759005406.7238946,0,0.09,1.5,2,636.27,637.6999999999927,241.5,0,1
1759005406.7339368,0,0.09,1.5,2,635.97,637.5999999999926,241.5,0,1
1759005406.7440386,0,0.08850000000000001,1.5,2,635.82,637.4999999999926,241.45,0,0
1759005406.753821,0,0.08800000000000001,1.5,2,635.81,637.3999999999926,241.4,0,1
1759005406.7645128,0,0.08850000000000001,1.5,2,635.96,637.2999999999926,241.25,0,1
1759005406.77465,0,0.0895,1.5,2,635.87,637.1999999999925,241.15,1,1
1759005406.7846563,0,0.0905,1.5,2,635.76,637.0999999999925,241.1,0,2
1759005406.7948968,0,0.091,1.5,2,635.65,636.9999999999925,241.05,1,1
1759005406.8051093,0,0.091,1.5,2,635.58,636.8999999999925,240.95,0,1
1759005406.8151047,0,0.092,1.5,2,635.77,636.7999999999925,240.8,1,2
1759005406.8254151,0,0.092,1.5,2,635.66,636.6999999999924,240.65,0,1
1759005406.8355925,0,0.0915,1.5,2,635.57,636.5999999999924,240.45,0,1
1759005406.846134,0,0.0915,1.5,2,635.52,636.4999999999924,240.4,0,2
1759005406.855924,0,0.0915,1.5,2,635.41,636.3999999999924,240.35000000000002,0,2
1759005406.865998,0,0.091,1.5,2,635.28,636.2999999999923,240.4,0,1
1759005406.8765411,0,0.091,1.5,2,635.19,636.1999999999923,240.45,0,2
1759005406.8866901,0,0.0915,1.5,2,635.04,636.0999999999923,240.35000000000002,1,2
1759005406.8966694,0,0.0925,1.5,2,634.99,635.9999999999923,240.1,1,2
1759005406.906594,0,0.093,1.5,2,634.86,635.8999999999922,239.85,1,1
1759005406.9171565,0,0.0935,1.5,2,634.75,635.7999999999922,239.7,1,1
1759005406.92749,0,0.094,1.5,2,634.68,635.6999999999922,239.65,1,1
1759005406.937793,0,0.094,1.5,2,634.63,635.5999999999922,239.60000000000002,0,1
1759005406.9478385,0,0.0935,1.5,2,634.52,635.4999999999922,239.55,0,1
1759005406.958258,0,0.0935,1.5,2,634.45,635.3999999999921,239.5,0,1
1759005406.9682872,0,0.0935,1.5,2,634.38,635.2999999999921,239.45,0,1
1759005406.9787376,0,0.094,1.5,2,634.25,635.1999999999921,239.35000000000002,0,2
1759005406.988608,0,0.0935,1.5,2,634.16,635.0999999999921,239.3,0,2
1759005406.9990146,0,0.093,1.5,2,633.86,634.999999999992,239.25,0,1
1759005407.008917,0,0.093,1.5,2,633.95,634.899999999992,239.2,0,1
1759005407.0188985,0,0.093,1.5,2,633.88,634.799999999992,239.15,0,0
1759005407.029552,0,0.093,1.5,2,633.77,634.699999999992,239.15,0,1
1759005407.039592,0,0.0915,1.5,2,633.68,634.599999999992,239.15,0,0
1759005407.0496747,0,0.091,1.5,2,633.61,634.4999999999919,239.15,0,1
1759005407.060264,0,0.089,1.5,2,633.54,634.3999999999919,239.15,0,0
1759005407.0703096,0,0.089,1.5,2,633.43,634.2999999999919,239.15,0,2
1759005407.0803032,0,0.08850000000000001,1.5,2,633.32,634.1999999999919,239.15,1,1
1759005407.0907016,0,0.08750000000000001,1.5,2,633.27,634.0999999999918,239.14999999999998,0,2
1759005407.100627,0,0.08700000000000001,1.5,2,633.4,633.9999999999918,239.15,0,1
1759005407.1107514,0,0.08800000000000001,1.5,2,633.29,633.8999999999918,239.2,0,2
1759005407.1208375,0,0.08700000000000001,1.5,2,633.18,633.7999999999918,239.2,0,1
1759005407.130928,0,0.08650000000000001,1.5,2,633.13,633.6999999999917,239.25,0,0
1759005407.1411061,0,0.08650000000000001,1.5,2,633.06,633.5999999999917,239.2,0,2
1759005407.151708,0,0.08700000000000001,1.5,2,632.97,633.4999999999917,239.25,1,2
1759005407.1616876,0,0.08750000000000001,1.5,2,632.84,633.3999999999917,239.35000000000002,1,1
1759005407.17221,0,0.08850000000000001,1.5,2,632.77,633.2999999999917,239.45,0,2
1759005407.1818419,0,0.08800000000000001,1.5,2,632.66,633.1999999999916,239.4,0,0
1759005407.1921763,0,0.08800000000000001,1.5,2,632.55,633.0999999999916,239.4,1,2
1759005407.20198,0,0.08800000000000001,1.5,2,632.49,632.9999999999916,239.4,0,1
1759005407.21222,0,0.08650000000000001,1.5,2,632.19,632.8999999999916,239.39999999999998,0,0
1759005407.2222817,0,0.08650000000000001,1.5,2,632.1,632.7999999999915,239.39999999999998,0,1
1759005407.232855,0,0.08600000000000001,1.5,2,632.06,632.6999999999915,239.3,0,1
1759005407.2426152,0,0.0845,1.5,2,631.99,632.5999999999915,239.14999999999998,0,0
1759005407.2527053,0,0.0845,1.5,2,631.88,632.4999999999915,239.0,1,1
1759005407.263161,0,0.0845,1.5,2,631.79,632.3999999999915,238.9,0,2
1759005407.2729836,0,0.0835,1.5,2,631.74,632.2999999999914,238.75,0,1
1759005407.2834551,0,0.083,1.5,2,631.69,632.1999999999914,238.75,0,1
1759005407.293371,0,0.0835,1.5,2,631.56,632.0999999999914,238.75,1,3
1759005407.3037271,0,0.0845,1.5,2,631.47,631.9999999999914,238.8,1,3
1759005407.3139896,0,0.0835,1.5,2,631.47,631.8999999999913,238.89999999999998,0,0
1759005407.324134,0,0.0835,1.5,2,631.36,631.7999999999913,238.89999999999998,0,1
1759005407.334272,0,0.0835,1.5,2,631.25,631.6999999999913,238.9,2,0
1759005407.3449824,0,0.084,1.5,2,631.14,631.5999999999913,238.85000000000002,1,2
1759005407.3549154,0,0.0845,1.5,2,631.03,631.4999999999912,238.8,1,1
1759005407.3654447,0,0.084,1.5,2,630.88,631.3999999999912,238.8,1,1
1759005407.3753288,0,0.0835,1.5,2,630.81,631.2999999999912,238.9,0,1
1759005407.385366,0,0.0835,1.5,2,630.7,631.1999999999912,239.0,1,2
1759005407.3957665,0,0.0835,1.5,2,630.61,631.0999999999912,239.05,1,2
1759005407.4057152,0,0.082,1.5,2,630.52,630.9999999999911,239.0,0,1
1759005407.4162624,0,0.081,1.5,2,630.67,630.8999999999911,238.8,1,1
1759005407.4264576,0,0.082,1.5,2,630.62,630.7999999999911,238.7,1,2
1759005407.4370534,0,0.0825,1.5,2,630.51,630.6999999999911,238.60000000000002,1,2
1759005407.446862,0,0.0825,1.5,2,630.4,630.599999999991,238.6,1,0
1759005407.4567795,0,0.0825,1.5,2,630.27,630.499999999991,238.6,1,1
1759005407.4675937,0,0.083,1.5,2,630.16,630.399999999991,238.55,1,3
1759005407.4779367,0,0.084,1.5,2,630.11,630.299999999991,238.55,1,2
1759005407.487783,0,0.085,1.5,2,630.06,630.199999999991,238.45,2,2
1759005407.498121,0,0.0845,1.5,2,629.99,630.0999999999909,238.39999999999998,0,2
1759005407.5081897,0,0.084,1.5,2,630.14,629.9999999999909,238.35,0,2
1759005407.518366,0,0.084,1.5,2,629.83,629.8999999999909,238.3,0,2
1759005407.5287979,0,0.085,1.5,2,629.74,629.7999999999909,238.25,0,3
1759005407.538952,0,0.085,1.5,2,629.69,629.6999999999908,238.2,0,2
1759005407.5487416,0,0.084,1.5,2,629.58,629.5999999999908,238.1,0,2
1759005407.5587664,0,0.0845,1.5,2,629.49,629.4999999999908,238.1,0,2
1759005407.5694156,0,0.085,1.5,2,629.44,629.3999999999908,238.1,1,1
1759005407.579628,0,0.0845,1.5,2,629.38,629.2999999999907,238.10000000000002,0,2
1759005407.589941,0,0.085,1.5,2,629.27,629.1999999999907,238.15,1,2
1759005407.6000655,0,0.084,1.5,2,629.2,629.0999999999907,238.2,0,1
1759005407.6098413,0,0.083,1.5,2,629.11,628.9999999999907,238.3,1,1
1759005407.6203887,0,0.084,1.5,2,629.04,628.8999999999907,238.4,1,2
1759005407.6306598,0,0.085,1.5,2,628.93,628.7999999999906,238.5,1,2
1759005407.640633,0,0.085,1.5,2,628.84,628.6999999999906,238.55,0,2
1759005407.650509,0,0.085,1.5,2,628.77,628.5999999999906,238.55,0,2
1759005407.661049,0,0.085,1.5,2,628.66,628.4999999999906,238.45,0,2
1759005407.6712308,0,0.0855,1.5,2,628.55,628.3999999999905,238.4,0,3
1759005407.6810348,0,0.08700000000000001,1.5,2,628.46,628.2999999999905,238.35000000000002,1,3
1759005407.6912687,0,0.08800000000000001,1.5,2,628.37,628.1999999999905,238.35,1,3
1759005407.7015684,0,0.08850000000000001,1.5,2,628.22,628.0999999999905,238.35,0,2
1759005407.7120013,0,0.089,1.5,2,628.03,627.9999999999905,238.39999999999998,0,2
1759005407.7220938,0,0.0905,1.5,2,627.96,627.8999999999904,238.45,1,2
1759005407.732048,0,0.0915,1.5,2,627.66,627.7999999999904,238.5,1,1
1759005407.7428644,0,0.0935,1.5,2,627.52,627.6999999999904,238.5,1,4
1759005407.752715,0,0.0945,1.5,2,627.44,627.5999999999904,238.45,1,2
1759005407.7627466,0,0.0965,1.5,2,627.4,627.4999999999903,238.39999999999998,2,2
1759005407.7728055,0,0.097,1.5,2,627.49,627.3999999999903,238.35,1,1
1759005407.7831633,0,0.0985,1.5,2,627.19,627.2999999999903,238.4,2,2
1759005407.7931564,0,0.0985,1.5,2,627.09,627.1999999999903,238.35,0,2
1759005407.8038437,0,0.0985,1.5,2,627.01,627.0999999999902,238.25,0,2
1759005407.8139684,0,0.0995,1.5,2,626.93,626.9999999999902,238.15,2,2
1759005407.8235767,0,0.101,1.5,2,627.1,626.8999999999902,238.10000000000002,1,3
1759005407.8335981,0,0.101,1.5,2,626.72,626.7999999999902,238.15,1,2
1759005407.8445992,0,0.10200000000000001,1.5,2,626.64,626.6999999999902,238.2,1,2
1759005407.854875,0,0.10300000000000001,1.5,2,626.54,626.5999999999901,238.3,2,1
1759005407.8644633,0,0.10300000000000001,1.5,2,626.44,626.4999999999901,238.25,1,1
1759005407.8751297,0,0.10250000000000001,1.5,2,626.42,626.3999999999901,238.2,0,1
1759005407.8850837,0,0.10350000000000001,1.5,2,626.34,626.2999999999901,238.2,1,2
1759005407.8960192,0,0.10400000000000001,1.5,2,626.22,626.19999999999,238.2,1,2
1759005407.9058115,0,0.105,1.5,2,626.14,626.09999999999,238.2,2,3
1759005407.9157188,0,0.106,1.5,2,626.27,625.99999999999,238.20000000000002,3,2
1759005407.9261,0,0.107,1.5,2,625.97,625.89999999999,238.2,3,1
1759005407.935721,0,0.1075,1.5,2,625.89,625.79999999999,238.14999999999998,2,1
1759005407.9463065,0,0.1085,1.5,2,625.81,625.6999999999899,238.10000000000002,2,2
1759005407.956433,0,0.1095,1.5,2,625.71,625.5999999999899,238.05,3,0
1759005407.9667575,0,0.1105,1.5,2,625.63,625.4999999999899,238.04999999999998,2,1
1759005407.9766543,0,0.111,1.5,2,625.53,625.3999999999899,238.0,1,1
1759005407.9867296,0,0.1125,1.5,2,625.53,625.2999999999898,237.95,2,2
1759005407.9976544,0,0.113,1.5,2,625.45,625.1999999999898,237.85000000000002,1,2
1759005408.007478,0,0.1135,1.5,2,625.43,625.0999999999898,237.8,2,1
1759005408.0178425,0,0.114,1.5,2,625.35,624.9999999999898,237.85000000000002,1,1
1759005408.0280945,0,0.1145,1.5,2,625.07,624.8999999999897,237.8,1,1
1759005408.0380652,0,0.1155,1.5,2,624.99,624.7999999999897,237.75,0,2
1759005408.048306,0,0.117,1.5,2,624.91,624.6999999999897,237.75,1,3
1759005408.058495,0,0.11750000000000001,1.5,2,624.81,624.5999999999897,237.8,0,1
1759005408.068535,0,0.11800000000000001,1.5,2,624.71,624.4999999999897,237.8,1,1
1759005408.078899,0,0.11900000000000001,1.5,2,624.61,624.3999999999896,237.75,2,0
1759005408.0888789,0,0.11900000000000001,1.5,2,624.53,624.2999999999896,237.75,2,0
1759005408.0995688,0,0.11850000000000001,1.5,2,624.43,624.1999999999896,237.75,1,0
1759005408.109635,0,0.11850000000000001,1.5,2,624.33,624.0999999999896,237.7,1,1
1759005408.1203034,0,0.11950000000000001,1.5,2,624.05,623.9999999999895,237.6,2,1
1759005408.1297534,0,0.11950000000000001,1.5,2,624.22,623.8999999999895,237.5,1,1
1759005408.1409583,0,0.121,1.5,2,624.14,623.7999999999895,237.4,1,3
1759005408.1508296,0,0.122,1.5,2,624.04,623.6999999999895,237.25,1,1
1759005408.1606266,0,0.1215,1.5,2,623.96,623.5999999999894,237.14999999999998,1,0
1759005408.17111,0,0.121,1.5,2,623.86,623.4999999999894,237.0,1,1
1759005408.1812806,0,0.121,1.5,2,623.82,623.3999999999894,236.89999999999998,1,1
1759005408.1915612,0,0.121,1.5,2,623.74,623.2999999999894,236.85000000000002,1,1
1759005408.2018578,0,0.1215,1.5,2,623.66,623.1999999999894,236.85,0,1
1759005408.2121108,0,0.121,1.5,2,623.56,623.0999999999893,236.75,1,1
1759005408.2217395,0,0.1215,1.5,2,623.48,622.9999999999893,236.65,1,1
1759005408.231968,0,0.123,1.5,2,623.63,622.8999999999893,236.55,2,1
1759005408.2423894,0,0.1235,1.5,2,623.53,622.7999999999893,236.55,1,1
1759005408.253019,0,0.1245,1.5,2,623.43,622.6999999999892,236.55,1,2
1759005408.2628784,0,0.1255,1.5,2,623.35,622.5999999999892,236.55,1,1
1759005408.273395,0,0.126,1.5,2,623.27,622.4999999999892,236.5,0,3
1759005408.2833362,0,0.126,1.5,2,623.25,622.3999999999892,236.35,0,2
1759005408.2927527,0,0.127,1.5,2,623.15,622.2999999999892,236.3,2,1
1759005408.3037186,0,0.127,1.5,2,623.09,622.1999999999891,236.25,0,1
1759005408.313359,0,0.126,1.5,2,623.01,622.0999999999891,236.2,1,1
1759005408.3236625,0,0.1245,1.5,2,622.91,621.9999999999891,236.15,0,1
1759005408.333912,0,0.1255,1.5,2,622.53,621.8999999999891,236.0,2,0
1759005408.343954,0,0.1255,1.5,2,622.43,621.799999999989,236.0,1,0
1759005408.3542109,0,0.126,1.5,2,622.35,621.699999999989,236.0,2,1
1759005408.363865,0,0.125,1.5,2,622.22,621.599999999989,236.0,0,1
1759005408.3734443,0,0.1255,1.5,2,622.14,621.499999999989,235.95,1,2
1759005408.3838003,0,0.125,1.5,2,622.14,621.399999999989,235.85000000000002,0,1
1759005408.3942595,0,0.125,1.5,2,622.06,621.2999999999889,235.8,0,1
1759005408.4044554,0,0.1255,1.5,2,621.98,621.1999999999889,235.7,2,2
1759005408.4148176,0,0.125,1.5,2,621.86,621.0999999999889,235.55,1,1
1759005408.4256632,0,0.126,1.5,2,621.76,620.9999999999889,235.45,2,1
1759005408.4357336,0,0.125,1.5,2,621.65,620.8999999999888,235.39999999999998,0,0
1759005408.44623,0,0.124,1.5,2,621.5,620.7999999999888,235.35,0,1
1759005408.4561286,0,0.124,1.5,2,621.42,620.6999999999888,235.35,0,3
1759005408.4661353,0,0.124,1.5,2,621.34,620.5999999999888,235.35000000000002,0,1
1759005408.4768088,0,0.1245,1.5,2,621.26,620.4999999999887,235.35000000000002,1,2
1759005408.486938,0,0.1235,1.5,2,621.18,620.3999999999887,235.35000000000002,1,1
1759005408.497033,0,0.124,1.5,2,621.08,620.2999999999887,235.3,2,2
1759005408.5073178,0,0.124,1.5,2,620.98,620.1999999999887,235.3,2,2
1759005408.5172162,0,0.1245,1.5,2,620.9,620.0999999999887,235.25,1,2
1759005408.5273945,0,0.125,1.5,2,620.68,619.9999999999886,235.25,0,3
1759005408.5378108,0,0.125,1.5,2,620.83,619.8999999999886,235.2,1,1
1759005408.5481231,0,0.1245,1.5,2,620.73,619.7999999999886,235.15,0,2
1759005408.5581868,0,0.1255,1.5,2,620.63,619.6999999999886,235.10000000000002,2,2
1759005408.5677989,0,0.1255,1.5,2,620.55,619.5999999999885,235.0,0,2
1759005408.578698,0,0.126,1.5,2,620.45,619.4999999999885,234.85000000000002,1,2
1759005408.5885801,0,0.1265,1.5,2,620.33,619.3999999999885,234.7,1,2
1759005408.5990841,0,0.126,1.5,2,620.25,619.2999999999885,234.64999999999998,0,1
1759005408.6092906,0,0.1255,1.5,2,620.17,619.1999999999884,234.6,0,2
1759005408.6194904,0,0.1255,1.5,2,620.09,619.0999999999884,234.6,0,1
1759005408.6298795,0,0.125,1.5,2,619.95,618.9999999999884,234.5,0,1
1759005408.63975,0,0.124,1.5,2,619.95,618.8999999999884,234.39999999999998,0,1
1759005408.6496356,0,0.123,1.5,2,619.87,618.7999999999884,234.25,0,1
1759005408.6601503,0,0.1235,1.5,2,619.77,618.6999999999883,234.14999999999998,0,3
1759005408.6696115,0,0.124,1.5,2,619.69,618.5999999999883,234.1,1,2
1759005408.6801877,0,0.1245,1.5,2,619.61,618.4999999999883,234.14999999999998,0,3
1759005408.6911163,0,0.1245,1.5,2,619.61,618.3999999999883,234.2,0,3
1759005408.7007754,0,0.1235,1.5,2,619.59,618.2999999999882,234.15,0,2
1759005408.711523,0,0.1235,1.5,2,619.57,618.1999999999882,234.10000000000002,1,3
1759005408.7214425,0,0.123,1.5,2,619.49,618.0999999999882,234.0,0,1
1759005408.731826,0,0.1235,1.5,2,619.4,617.9999999999882,233.9,1,2
1759005408.7416031,0,0.123,1.5,2,619.21,617.8999999999882,233.8,1,1
1759005408.7517383,0,0.1235,1.5,2,619.04,617.7999999999881,233.7,1,2
1759005408.7623365,0,0.122,1.5,2,618.87,617.6999999999881,233.65,0,2
1759005408.7728646,0,0.122,1.5,2,618.7,617.5999999999881,233.6,1,2
1759005408.7824347,0,0.1205,1.5,2,618.49,617.4999999999881,233.55,1,0
1759005408.7930663,0,0.121,1.5,2,618.26,617.399999999988,233.45,1,2
1759005408.8030634,0,0.121,1.5,2,618.05,617.299999999988,233.35,2,2
1759005408.8132813,0,0.121,1.5,2,617.88,617.199999999988,233.3,0,2
1759005408.823332,0,0.1215,1.5,2,617.67,617.099999999988,233.35,2,1
1759005408.8336084,0,0.122,1.5,2,617.5,616.999999999988,233.35,3,2
1759005408.8437,0,0.121,1.5,2,617.08,616.8999999999879,233.3,0,2
1759005408.8537686,0,0.1205,1.5,2,616.91,616.7999999999879,233.2,1,1
1759005408.8638966,0,0.12,1.5,2,616.74,616.6999999999879,233.1,1,1
1759005408.873963,0,0.11900000000000001,1.5,2,616.57,616.5999999999879,233.05,0,1
1759005408.8844976,0,0.11900000000000001,1.5,2,616.4,616.4999999999878,233.14999999999998,0,2
1759005408.8944983,0,0.1195,1.5,2,616.15,616.3999999999878,233.25,0,2
1759005408.9043581,0,0.1195,1.5,2,615.98,616.2999999999878,233.2,1,2
1759005408.915407,0,0.11900000000000001,1.5,2,615.83,616.1999999999878,233.15,0,2
1759005408.9252615,0,0.11850000000000001,1.5,2,615.62,616.0999999999877,233.05,2,2
1759005408.9357479,0,0.117,1.5,2,615.22,615.9999999999877,233.05,0,2
1759005408.9455574,0,0.116,1.5,2,615.3,615.8999999999877,233.05,0,2
1759005408.9555235,0,0.116,1.5,2,615.13,615.7999999999877,233.05,1,2
1759005408.965689,0,0.116,1.5,2,614.96,615.6999999999877,233.05,2,2
1759005408.976082,0,0.117,1.5,2,614.75,615.5999999999876,233.10000000000002,3,2
1759005408.9861875,0,0.117,1.5,2,614.54,615.4999999999876,233.10000000000002,1,2
1759005408.996347,0,0.11800000000000001,1.5,2,614.39,615.3999999999876,233.10000000000002,2,2
1759005409.006691,0,0.11800000000000001,1.5,2,614.14,615.2999999999876,233.0,1,3
1759005409.0170069,0,0.11800000000000001,1.5,2,613.97,615.1999999999875,232.95,1,2
1759005409.0269027,0,0.11900000000000001,1.5,2,613.72,615.0999999999875,232.9,3,2
1759005409.0363593,0,0.1205,1.5,2,613.57,614.9999999999875,232.8,3,2
1759005409.0473638,0,0.1215,1.5,2,613.67,614.8999999999875,232.8,3,1
1759005409.0576296,0,0.123,1.5,2,613.5,614.7999999999874,232.85000000000002,3,2
1759005409.0676734,0,0.123,1.5,2,613.29,614.6999999999874,232.85000000000002,1,3
1759005409.0780454,0,0.1235,1.5,2,613.12,614.5999999999874,232.8,1,1
1759005409.0880883,0,0.1235,1.5,2,612.97,614.4999999999874,232.8,1,1
1759005409.097788,0,0.1235,1.5,2,612.82,614.3999999999874,232.8,1,1
1759005409.1086957,0,0.1245,1.5,2,612.65,614.2999999999873,232.7,2,2
1759005409.1189198,0,0.126,1.5,2,612.48,614.1999999999873,232.64999999999998,2,2
1759005409.1285563,0,0.127,1.5,2,612.31,614.0999999999873,232.7,2,2
1759005409.1385891,0,0.1275,1.5,2,612.14,613.9999999999873,232.8,1,3
1759005409.1490927,0,0.1275,1.5,2,611.72,613.8999999999872,232.89999999999998,1,1
1759005409.1588392,0,0.1275,1.5,2,611.55,613.7999999999872,232.95,0,4
1759005409.1690125,0,0.128,1.5,2,611.38,613.6999999999872,233.0,1,2
1759005409.1792622,0,0.1285,1.5,2,611.21,613.5999999999872,232.95,0,2
1759005409.1894186,0,0.129,1.5,2,611,613.4999999999872,232.95,1,2
1759005409.1998503,0,0.1295,1.5,2,610.75,613.3999999999871,233.0,1,2
1759005409.2100334,0,0.131,1.5,2,610.54,613.2999999999871,233.0,2,3
1759005409.2201447,0,0.132,1.5,2,610.37,613.1999999999871,232.95,1,2
1759005409.2302206,0,0.133,1.5,2,610.22,613.0999999999871,232.89999999999998,2,2
1759005409.2406871,0,0.133,1.5,2,610.01,612.999999999987,232.85,1,1
1759005409.2507648,0,0.1335,1.5,2,609.88,612.899999999987,232.8,3,1
1759005409.2609904,0,0.1345,1.5,2,609.71,612.799999999987,232.8,3,1
1759005409.2709348,0,0.1345,1.5,2,609.5,612.699999999987,232.9,2,1
1759005409.2810006,0,0.1345,1.5,2,609.33,612.599999999987,233.05,2,0
1759005409.2913704,0,0.1345,1.5,2,609.12,612.4999999999869,233.14999999999998,1,2
1759005409.3015308,0,0.135,1.5,2,608.83,612.3999999999869,233.3,2,1
1759005409.3118656,0,0.1355,1.5,2,608.66,612.2999999999869,233.35,2,2
1759005409.3217022,0,0.137,1.5,2,608.47,612.1999999999869,233.35,3,1
1759005409.3321815,0,0.1385,1.5,2,608.3,612.0999999999868,233.35,4,1
1759005409.3420982,0,0.14,1.5,2,608.07,611.9999999999868,233.3,2,2
1759005409.3525684,0,0.1405,1.5,2,608.15,611.8999999999868,233.3,2,1
1759005409.362903,0,0.14150000000000001,1.5,2,607.98,611.7999999999868,233.25,1,2
1759005409.3727803,0,0.14200000000000002,1.5,2,607.77,611.6999999999867,233.2,2,2
1759005409.3828146,0,0.14350000000000002,1.5,2,607.65,611.5999999999867,233.2,2,2
1759005409.392786,0,0.14400000000000002,1.5,2,607.48,611.4999999999867,233.35,1,3
1759005409.4035413,0,0.146,1.5,2,607.23,611.3999999999867,233.55,2,3
1759005409.4135263,0,0.1485,1.5,2,607.02,611.2999999999867,233.65,3,3
1759005409.4235194,0,0.1485,1.5,2,606.79,611.1999999999866,233.7,3,1
1759005409.4338126,0,0.1495,1.5,2,606.64,611.0999999999866,233.8,2,2
1759005409.4441667,0,0.15,1.5,2,606.74,610.9999999999866,233.85,3,1
1759005409.4540484,0,0.152,1.5,2,606.34,610.8999999999866,233.85,2,2
1759005409.4643776,0,0.152,1.5,2,606.22,610.7999999999865,233.85,1,0
1759005409.474427,0,0.152,1.5,2,606.05,610.6999999999865,233.8,2,1
1759005409.484696,0,0.153,1.5,2,605.88,610.5999999999865,233.75,1,2
1759005409.4950185,0,0.153,1.5,2,605.71,610.4999999999865,233.75,1,2
1759005409.505266,0,0.154,1.5,2,605.54,610.3999999999864,233.75,2,2
1759005409.5157807,0,0.154,1.5,2,605.33,610.2999999999864,233.75,2,2
1759005409.525942,0,0.154,1.5,2,605.16,610.1999999999864,233.7,2,2
1759005409.5362227,0,0.154,1.5,2,604.99,610.0999999999864,233.7,1,2
1759005409.5462487,0,0.1535,1.5,2,604.74,609.9999999999864,233.64999999999998,1,1
1759005409.5561535,0,0.154,1.5,2,604.34,609.8999999999863,233.7,2,1
1759005409.5665574,0,0.1545,1.5,2,604.11,609.7999999999863,233.7,2,1
1759005409.5766861,0,0.1545,1.5,2,603.94,609.6999999999863,233.7,3,1
1759005409.5868683,0,0.1545,1.5,2,603.77,609.5999999999863,233.75,2,0
1759005409.5965543,0,0.155,1.5,2,603.6,609.4999999999862,233.85000000000002,2,2
1759005409.6073885,0,0.1555,1.5,2,603.45,609.3999999999862,234.0,2,2
1759005409.617536,0,0.1565,1.5,2,603.28,609.2999999999862,234.05,2,1
1759005409.6273878,0,0.156,1.5,2,603.11,609.1999999999862,234.1,0,1
1759005409.6374166,0,0.157,1.5,2,602.94,609.0999999999862,234.15,2,1
1759005409.647557,0,0.158,1.5,2,602.77,608.9999999999861,234.25,2,1
1759005409.6583138,0,0.1595,1.5,2,602.52,608.8999999999861,234.35000000000002,2,2
1759005409.6681278,0,0.16,1.5,2,602.35,608.7999999999861,234.45,0,2
1759005409.6784909,0,0.1605,1.5,2,602.18,608.6999999999861,234.45,2,2
1759005409.6887946,0,0.161,1.5,2,602.01,608.599999999986,234.45,2,2
1759005409.6985147,0,0.161,1.5,2,601.8,608.499999999986,234.45,2,1
1759005409.7089124,0,0.1605,1.5,2,601.55,608.399999999986,234.45,2,0
1759005409.7191796,0,0.1605,1.5,2,601.3,608.299999999986,234.45,2,0
1759005409.7293541,0,0.1595,1.5,2,601.05,608.199999999986,234.45,2,0
1759005409.739792,0,0.1605,1.5,2,600.94,608.0999999999859,234.5,2,1
1759005409.749463,0,0.161,1.5,2,600.92,607.9999999999859,234.6,2,2
1759005409.7600436,0,0.1615,1.5,2,600.86,607.8999999999859,234.75,2,1
1759005409.7704897,0,0.162,1.5,2,600.8,607.7999999999859,234.85,3,1
1759005409.7801654,0,0.163,1.5,2,600.72,607.6999999999858,234.95,3,1
1759005409.790937,0,0.163,1.5,2,600.62,607.5999999999858,235.0,2,1
1759005409.8009684,0,0.1645,1.5,2,600.52,607.4999999999858,235.05,2,2
1759005409.8113675,0,0.1645,1.5,2,600.27,607.3999999999858,235.1,2,1
1759005409.8213792,0,0.1645,1.5,2,600.56,607.2999999999857,235.1,2,2
1759005409.8314433,0,0.165,1.5,2,600.5,607.1999999999857,235.1,2,1
1759005409.8417265,0,0.1655,1.5,2,600.46,607.0999999999857,235.05,3,1
1759005409.8517332,0,0.1645,1.5,2,600.38,606.9999999999857,235.1,2,1
1759005409.8625317,0,0.165,1.5,2,600.32,606.8999999999857,235.2,2,1
1759005409.872437,0,0.1665,1.5,2,600.4,606.7999999999856,235.35000000000002,3,2
1759005409.8825808,0,0.1675,1.5,2,600.3,606.6999999999856,235.45,2,2
1759005409.892368,0,0.1685,1.5,2,600.2,606.5999999999856,235.5,2,1
1759005409.9030614,0,0.169,1.5,2,600.12,606.4999999999856,235.5,2,1
1759005409.913241,0,0.1695,1.5,2,600.04,606.3999999999855,235.5,2,1
1759005409.9231267,0,0.1695,1.5,2,599.96,606.2999999999855,235.55,1,2
1759005409.933693,0,0.17,1.5,2,599.86,606.1999999999855,235.65,3,0
1759005409.9439182,0,0.17,1.5,2,599.82,606.0999999999855,235.8,3,1
1759005409.953567,0,0.171,1.5,2,599.74,605.9999999999854,235.9,3,1
1759005409.9642944,0,0.1715,1.5,2,599.41,605.8999999999854,236.0,2,1
1759005409.9744098,0,0.17200000000000001,1.5,2,599.33,605.7999999999854,236.05,2,2
1759005409.9846308,0,0.17200000000000001,1.5,2,599.23,605.6999999999854,236.10000000000002,2,2
1759005409.9948747,0,0.1715,1.5,2,599.13,605.5999999999854,236.1,2,2
1759005410.0047123,0,0.17200000000000001,1.5,2,599.09,605.4999999999853,236.10000000000002,3,1
1759005410.0151696,0,0.17350000000000002,1.5,2,599.03,605.3999999999853,236.10000000000002,5,2
1759005410.0253103,0,0.17300000000000001,1.5,2,598.95,605.2999999999853,236.2,2,1
1759005410.0353656,0,0.17300000000000001,1.5,2,598.87,605.1999999999853,236.3,2,1
1759005410.045553,0,0.17200000000000001,1.5,2,598.79,605.0999999999852,236.35000000000002,2,1
1759005410.0559204,0,0.1705,1.5,2,598.71,604.9999999999852,236.45000000000002,1,1
1759005410.0667152,0,0.1705,1.5,2,598.61,604.8999999999852,236.5,2,2
1759005410.0762522,0,0.1695,1.5,2,598.53,604.7999999999852,236.5,2,1
1759005410.0870852,0,0.1695,1.5,2,598.49,604.6999999999852,236.4,3,1
1759005410.097241,0,0.1705,1.5,2,598.41,604.5999999999851,236.35,3,1
1759005410.1070447,0,0.171,1.5,2,598.33,604.4999999999851,236.3,2,1
1759005410.1174307,0,0.171,1.5,2,598.25,604.3999999999851,236.25,2,0
1759005410.12765,0,0.1705,1.5,2,598.17,604.2999999999851,236.25,2,1
1759005410.1380715,0,0.1705,1.5,2,598.07,604.199999999985,236.2,3,1
1759005410.1481526,0,0.17,1.5,2,597.99,604.099999999985,236.14999999999998,3,0
1759005410.158305,0,0.1685,1.5,2,597.89,603.999999999985,236.14999999999998,1,0
1759005410.1688318,0,0.169,1.5,2,598.14,603.899999999985,236.10000000000002,2,1
1759005410.1786919,0,0.169,1.5,2,598.06,603.799999999985,236.1,3,1
1759005410.1886108,0,0.1695,1.5,2,597.98,603.6999999999849,236.15,3,1
1759005410.1990623,0,0.1705,1.5,2,597.9,603.5999999999849,236.3,2,2
1759005410.2092447,0,0.171,1.5,2,597.86,603.4999999999849,236.45,3,1
1759005410.219014,0,0.1715,1.5,2,597.8,603.3999999999849,236.5,2,2
1759005410.2294288,0,0.171,1.5,2,597.76,603.2999999999848,236.5,3,1
1759005410.2397435,0,0.171,1.5,2,597.68,603.1999999999848,236.5,2,1
1759005410.2501314,0,0.171,1.5,2,597.6,603.0999999999848,236.6,3,1
1759005410.2597425,0,0.17200000000000001,1.5,2,597.76,602.9999999999848,236.7,3,1
1759005410.2702754,0,0.17300000000000001,1.5,2,597.39,602.8999999999847,236.75,3,3
1759005410.2804048,0,0.17300000000000001,1.5,2,597.31,602.7999999999847,236.75,2,2
1759005410.29079,0,0.17350000000000002,1.5,2,597.27,602.6999999999847,236.75,2,2
1759005410.3008943,0,0.17450000000000002,1.5,2,597.17,602.5999999999847,236.7,2,2
1759005410.3107357,0,0.17500000000000002,1.5,2,597.13,602.4999999999847,236.65,2,2
1759005410.321308,0,0.17550000000000002,1.5,2,597.09,602.3999999999846,236.6,2,2
1759005410.3313706,0,0.17400000000000002,1.5,2,597.01,602.2999999999846,236.55,1,0
1759005410.3418646,0,0.17250000000000001,1.5,2,596.87,602.1999999999846,236.5,1,0
1759005410.351652,0,0.1715,1.5,2,596.79,602.0999999999846,236.5,2,1
1759005410.3615205,0,0.1705,1.5,2,596.77,601.9999999999845,236.55,2,0
1759005410.3723862,0,0.1705,1.5,2,596.69,601.8999999999845,236.6,3,0
1759005410.3828425,0,0.1705,1.5,2,596.61,601.7999999999845,236.70000000000002,2,1
1759005410.3924346,0,0.17,1.5,2,596.57,601.6999999999845,236.75,2,1
1759005410.4033134,0,0.17,1.5,2,596.49,601.5999999999844,236.75,2,2
1759005410.4135125,0,0.169,1.5,2,596.41,601.4999999999844,236.65,1,1
1759005410.4233422,0,0.1675,1.5,2,596.33,601.3999999999844,236.5,1,1
1759005410.433791,0,0.1665,1.5,2,596.29,601.2999999999844,236.4,2,2
1759005410.4439425,0,0.1665,1.5,2,596.25,601.1999999999844,236.4,2,2
1759005410.4540107,0,0.167,1.5,2,596.15,601.0999999999843,236.3,2,3
1759005410.464414,0,0.167,1.5,2,595.78,600.9999999999843,236.25,2,2
1759005410.4747574,0,0.167,1.5,2,595.72,600.8999999999843,236.2,2,2
1759005410.4848237,0,0.1685,1.5,2,595.66,600.7999999999843,236.14999999999998,2,2
1759005410.4945521,0,0.168,1.5,2,595.53,600.6999999999842,236.1,1,1
1759005410.5050652,0,0.1685,1.5,2,595.45,600.5999999999842,236.0,3,1
1759005410.5152817,0,0.1685,1.5,2,595.37,600.4999999999842,235.9,2,1
1759005410.5254157,0,0.1685,1.5,2,595.29,600.3999999999842,235.85000000000002,2,2
1759005410.5355468,0,0.169,1.5,2,595.25,600.2999999999842,235.8,3,2
1759005410.5454843,0,0.1685,1.5,2,595.17,600.1999999999841,235.85000000000002,1,2
1759005410.556109,0,0.1685,1.5,2,595.09,600.0999999999841,235.9,1,2
1759005410.566377,0,0.169,1.5,2,595.01,599.9999999999841,235.95,2,1
1759005410.5767293,0,0.169,1.5,2,595.18,599.8999999999841,235.89999999999998,2,1
1759005410.5869164,0,0.169,1.5,2,595.16,599.799999999984,235.85,2,1
1759005410.5966785,0,0.1685,1.5,2,595.1,599.699999999984,235.8,2,1
1759005410.6074119,0,0.1685,1.5,2,595.02,599.599999999984,235.75,2,0
1759005410.6172047,0,0.168,1.5,2,594.96,599.499999999984,235.7,2,1
1759005410.6278224,0,0.167,1.5,2,594.88,599.399999999984,235.6,1,1
1759005410.6377847,0,0.1665,1.5,2,594.78,599.2999999999839,235.6,1,1
1759005410.6481206,0,0.1665,1.5,2,594.7,599.1999999999839,235.6,0,1
1759005410.6584568,0,0.1675,1.5,2,594.62,599.0999999999839,235.55,2,3
1759005410.6685886,0,0.167,1.5,2,594.54,598.9999999999839,235.45,1,1
1759005410.6787503,0,0.1655,1.5,2,594.46,598.8999999999838,235.35000000000002,0,1
1759005410.6889343,0,0.1665,1.5,2,594.38,598.7999999999838,235.35000000000002,2,2
1759005410.6986966,0,0.166,1.5,2,594.3,598.6999999999838,235.35000000000002,2,1
1759005410.7092094,0,0.1655,1.5,2,594.22,598.5999999999838,235.3,1,2
1759005410.7194905,0,0.165,1.5,2,594.18,598.4999999999837,235.25,2,0
1759005410.7301047,0,0.1655,1.5,2,594.08,598.3999999999837,235.15,1,2
1759005410.7396576,0,0.1655,1.5,2,594,598.2999999999837,235.15,2,0
1759005410.7502375,0,0.1665,1.5,2,593.96,598.1999999999837,235.1,3,1
1759005410.760809,0,0.167,1.5,2,593.84,598.0999999999837,235.0,3,1
1759005410.770695,0,0.167,1.5,2,593.72,597.9999999999836,234.85000000000002,4,0
1759005410.7810311,0,0.1675,1.5,2,593.66,597.8999999999836,234.8,3,1
1759005410.7914073,0,0.1675,1.5,2,593.62,597.7999999999836,234.75,3,1
1759005410.8013086,0,0.1665,1.5,2,593.6,597.6999999999836,234.7,2,0
1759005410.8115675,0,0.1665,1.5,2,593.62,597.5999999999835,234.7,2,1
1759005410.8218513,0,0.166,1.5,2,593.64,597.4999999999835,234.65,2,1
1759005410.8319438,0,0.1665,1.5,2,593.87,597.3999999999835,234.55,3,1
1759005410.8421264,0,0.166,1.5,2,593.54,597.2999999999835,234.45,3,0
1759005410.852465,0,0.167,1.5,2,593.5,597.1999999999834,234.35,4,1
1759005410.8623996,0,0.167,1.5,2,593.48,597.0999999999834,234.25,3,1
1759005410.872446,0,0.1675,1.5,2,593.46,596.9999999999834,234.2,3,1
1759005410.883053,0,0.168,1.5,2,593.73,596.8999999999834,234.10000000000002,3,1
1759005410.8927033,0,0.167,1.5,2,593.57,596.7999999999834,234.05,2,1
1759005410.9030795,0,0.166,1.5,2,593.57,596.6999999999833,234.05,2,0
1759005410.913744,0,0.1655,1.5,2,593.59,596.5999999999833,234.05,2,0
1759005410.9236903,0,0.165,1.5,2,593.59,596.4999999999833,233.95,2,0
1759005410.9338365,0,0.166,1.5,2,593.61,596.3999999999833,233.8,3,2
1759005410.9439547,0,0.1665,1.5,2,593.61,596.2999999999832,233.7,3,1
1759005410.9545445,0,0.1675,1.5,2,593.61,596.1999999999832,233.55,3,2
1759005410.9647055,0,0.1685,1.5,2,593.59,596.0999999999832,233.45,4,2
1759005410.9745324,0,0.169,1.5,2,593.59,595.9999999999832,233.39999999999998,4,1
1759005410.9845572,0,0.169,1.5,2,593.75,595.8999999999832,233.35,3,0
1759005410.9947386,0,0.168,1.5,2,593.68,595.7999999999831,233.3,2,0
1759005411.0056806,0,0.1675,1.5,2,593.59,595.6999999999831,233.25,3,0
1759005411.0153632,0,0.1675,1.5,2,593.52,595.5999999999831,233.25,3,1
1759005411.0257342,0,0.167,1.5,2,593.43,595.4999999999831,233.25,3,0
1759005411.0362363,0,0.165,1.5,2,593.36,595.399999999983,233.3,3,0
1759005411.0463786,0,0.1645,1.5,2,593.29,595.299999999983,233.3,2,0
1759005411.056424,0,0.1645,1.5,2,593.18,595.199999999983,233.3,3,0
1759005411.0671659,0,0.165,1.5,2,593.09,595.099999999983,233.3,4,0
1759005411.0767975,0,0.1655,1.5,2,593.17,594.999999999983,233.2,3,0
1759005411.0878057,0,0.165,1.5,2,592.85,594.8999999999829,233.14999999999998,3,0
1759005411.0976343,0,0.1645,1.5,2,592.74,594.7999999999829,233.1,2,0
1759005411.1079993,0,0.163,1.5,2,592.63,594.6999999999829,233.1,1,0
1759005411.1179328,0,0.163,1.5,2,592.56,594.5999999999829,233.05,3,1
1759005411.1282897,0,0.1635,1.5,2,592.47,594.4999999999828,233.0,3,1
1759005411.1382282,0,0.1645,1.5,2,592.36,594.3999999999828,232.95,3,1
1759005411.1481314,0,0.165,1.5,2,592.29,594.2999999999828,233.0,3,1
1759005411.1581097,0,0.164,1.5,2,592.2,594.1999999999828,233.10000000000002,2,0
1759005411.1683936,0,0.1635,1.5,2,592.07,594.0999999999827,233.2,1,1
1759005411.1791947,0,0.1645,1.5,2,592.02,593.9999999999827,233.25,2,1
1759005411.1896033,0,0.1645,1.5,2,591.58,593.8999999999827,233.25,3,0
1759005411.1997013,0,0.164,1.5,2,591.47,593.7999999999827,233.25,3,0
1759005411.210257,0,0.1645,1.5,2,591.4,593.6999999999827,233.2,3,2
1759005411.2201416,0,0.1645,1.5,2,591.35,593.5999999999826,233.15,2,2
1759005411.2308562,0,0.1645,1.5,2,591.22,593.4999999999826,233.1,3,1
1759005411.2409365,0,0.1645,1.5,2,591.17,593.3999999999826,233.05,2,2
1759005411.251157,0,0.1645,1.5,2,591.12,593.2999999999826,233.0,2,2
1759005411.260817,0,0.1645,1.5,2,591.05,593.1999999999825,233.05,3,0
1759005411.2716944,0,0.1635,1.5,2,590.98,593.0999999999825,233.05,2,0
1759005411.2813215,0,0.1625,1.5,2,590.71,592.9999999999825,233.05,2,0
1759005411.2911725,0,0.1615,1.5,2,590.68,592.8999999999825,233.1,3,1
1759005411.3015852,0,0.161,1.5,2,590.61,592.7999999999824,233.0,1,2
1759005411.311415,0,0.1605,1.5,2,590.54,592.6999999999824,232.85,2,1
1759005411.3216882,0,0.1595,1.5,2,590.49,592.5999999999824,232.7,1,1
1759005411.3321183,0,0.1585,1.5,2,590.42,592.4999999999824,232.65,1,1
1759005411.342451,0,0.158,1.5,2,590.35,592.3999999999824,232.65,3,0
1759005411.3526845,0,0.159,1.5,2,590.28,592.2999999999823,232.65,2,1
1759005411.362583,0,0.16,1.5,2,590.23,592.1999999999823,232.65,2,1
1759005411.3727639,0,0.1595,1.5,2,590.12,592.0999999999823,232.55,1,1
1759005411.3825288,0,0.1595,1.5,2,590.01,591.9999999999823,232.39999999999998,2,0
1759005411.392921,0,0.1595,1.5,2,589.92,591.8999999999822,232.35,3,0
1759005411.403532,0,0.159,1.5,2,589.83,591.7999999999822,232.25,2,0
1759005411.4137928,0,0.1595,1.5,2,589.76,591.6999999999822,232.15,3,1
1759005411.4234376,0,0.1595,1.5,2,589.65,591.5999999999822,232.05,3,1
1759005411.4335575,0,0.16,1.5,2,589.58,591.4999999999822,231.95,3,0
1759005411.4439774,0,0.1605,1.5,2,589.53,591.3999999999821,231.85,3,0
1759005411.4541306,0,0.16,1.5,2,589.46,591.2999999999821,231.75,3,0
1759005411.4646769,0,0.1595,1.5,2,589.41,591.1999999999821,231.7,3,0
1759005411.4747279,0,0.1585,1.5,2,589.36,591.0999999999821,231.75,3,0
1759005411.4847474,0,0.1575,1.5,2,589.48,590.999999999982,231.85,2,0
1759005411.4954474,0,0.1565,1.5,2,589.39,590.899999999982,231.95,2,0
1759005411.5056307,0,0.156,1.5,2,589.3,590.799999999982,232.05,3,0
1759005411.5155966,0,0.157,1.5,2,589.28,590.699999999982,232.2,3,1
1759005411.5259686,0,0.1565,1.5,2,589.21,590.599999999982,232.3,3,0
1759005411.5358317,0,0.1565,1.5,2,589.14,590.4999999999819,232.4,2,1
1759005411.5460584,0,0.1555,1.5,2,589.07,590.3999999999819,232.4,2,0
1759005411.5567043,0,0.1545,1.5,2,589,590.2999999999819,232.35,3,0
1759005411.5665624,0,0.155,1.5,2,588.91,590.1999999999819,232.25,4,0
1759005411.577315,0,0.1555,1.5,2,588.84,590.0999999999818,232.15,3,1
1759005411.5869246,0,0.1565,1.5,2,588.77,589.9999999999818,232.1,4,1
1759005411.597257,0,0.157,1.5,2,588.41,589.8999999999818,232.1,3,1
1759005411.6076496,0,0.1575,1.5,2,588.34,589.7999999999818,232.10000000000002,3,1
1759005411.6174684,0,0.157,1.5,2,588.25,589.6999999999817,232.14999999999998,2,0
1759005411.6279476,0,0.1575,1.5,2,588.18,589.5999999999817,232.14999999999998,2,1
1759005411.637714,0,0.1585,1.5,2,588.05,589.4999999999817,232.14999999999998,3,2
1759005411.6479967,0,0.1605,1.5,2,587.94,589.3999999999817,232.14999999999998,3,3
1759005411.658463,0,0.1615,1.5,2,587.85,589.2999999999817,232.1,2,2
1759005411.6686425,0,0.1625,1.5,2,587.78,589.1999999999816,232.1,2,1
1759005411.6788938,0,0.1615,1.5,2,587.67,589.0999999999816,232.15,1,2
1759005411.6889887,0,0.1625,1.5,2,587.58,588.9999999999816,232.2,1,3
1759005411.6995645,0,0.163,1.5,2,587.47,588.8999999999816,232.2,1,1
1759005411.70987,0,0.163,1.5,2,587.36,588.7999999999815,232.10000000000002,3,1
1759005411.719724,0,0.163,1.5,2,587.29,588.6999999999815,232.05,2,1
1759005411.7299387,0,0.1635,1.5,2,587.22,588.5999999999815,231.95,3,1
1759005411.74036,0,0.1645,1.5,2,587.11,588.4999999999815,231.85000000000002,3,1
1759005411.7511203,0,0.166,1.5,2,587.06,588.3999999999814,231.8,4,2
1759005411.760945,0,0.1665,1.5,2,586.99,588.2999999999814,231.75,3,0
1759005411.770502,0,0.1655,1.5,2,586.88,588.1999999999814,231.8,2,0
1759005411.78135,0,0.1645,1.5,2,586.81,588.0999999999814,231.8,2,0
1759005411.7908938,0,0.1635,1.5,2,586.72,587.9999999999814,231.75,2,0
1759005411.8017182,0,0.1635,1.5,2,586.63,587.8999999999813,231.64999999999998,3,1
1759005411.8117182,0,0.163,1.5,2,586.52,587.7999999999813,231.7,1,2
1759005411.8219078,0,0.1635,1.5,2,586.37,587.6999999999813,231.7,2,1
1759005411.832409,0,0.163,1.5,2,586.18,587.5999999999813,231.65,1,1
1759005411.8427,0,0.1625,1.5,2,586.01,587.4999999999812,231.60000000000002,2,0
1759005411.8529775,0,0.1615,1.5,2,585.82,587.3999999999812,231.65,2,0
1759005411.8628533,0,0.1615,1.5,2,585.65,587.2999999999812,231.75,3,0
1759005411.8727448,0,0.1605,1.5,2,585.46,587.1999999999812,231.85,2,1
1759005411.88301,0,0.1595,1.5,2,585.31,587.0999999999812,231.95,2,0
1759005411.8932445,0,0.1595,1.5,2,585.12,586.9999999999811,232.0,3,1
1759005411.9033802,0,0.159,1.5,2,584.85,586.8999999999811,232.05,2,1
1759005411.913375,0,0.1585,1.5,2,584.68,586.7999999999811,232.10000000000002,2,0
1759005411.923445,0,0.159,1.5,2,584.55,586.6999999999811,232.10000000000002,2,1
1759005411.9338815,0,0.159,1.5,2,584.34,586.599999999981,232.10000000000002,2,0
1759005411.9435668,0,0.1595,1.5,2,584.17,586.499999999981,232.05,3,0
1759005411.954124,0,0.1575,1.5,2,584,586.399999999981,232.10000000000002,1,0
1759005411.96422,0,0.156,1.5,2,583.83,586.299999999981,232.14999999999998,0,1
1759005411.9744587,0,0.156,1.5,2,583.68,586.199999999981,232.2,3,2
1759005411.984479,0,0.155,1.5,2,583.55,586.0999999999809,232.2,3,1
1759005411.995523,0,0.154,1.5,2,583.38,585.9999999999809,232.2,3,0
1759005412.005311,0,0.154,1.5,2,583.03,585.8999999999809,232.2,3,0
1759005412.015517,0,0.1545,1.5,2,582.93,585.7999999999809,232.25,3,0
1759005412.0257428,0,0.154,1.5,2,582.89,585.6999999999808,232.3,2,0
1759005412.0359135,0,0.153,1.5,2,582.77,585.5999999999808,232.3,2,0
1759005412.0462365,0,0.153,1.5,2,582.67,585.4999999999808,232.25,3,0
1759005412.0565546,0,0.1525,1.5,2,582.57,585.3999999999808,232.14999999999998,2,0
1759005412.0666742,0,0.153,1.5,2,582.49,585.2999999999807,232.10000000000002,3,0
1759005412.0766137,0,0.1535,1.5,2,582.45,585.1999999999807,232.0,3,1
1759005412.087229,0,0.1535,1.5,2,582.37,585.0999999999807,231.9,3,1
1759005412.096747,0,0.153,1.5,2,582.1,584.9999999999807,231.85000000000002,2,0
1759005412.1074965,0,0.1525,1.5,2,582.02,584.8999999999807,231.89999999999998,2,0
1759005412.117584,0,0.1525,1.5,2,581.96,584.7999999999806,232.0,2,0
1759005412.127704,0,0.153,1.5,2,581.9,584.6999999999806,232.1,2,0
1759005412.137509,0,0.1525,1.5,2,581.78,584.5999999999806,232.15,3,0
1759005412.1481574,0,0.152,1.5,2,581.7,584.4999999999806,232.2,2,1
1759005412.1584568,0,0.152,1.5,2,581.64,584.3999999999805,232.2,2,2
1759005412.1686144,0,0.1515,1.5,2,581.52,584.2999999999805,232.14999999999998,3,0
1759005412.1789153,0,0.152,1.5,2,581.48,584.1999999999805,232.05,3,0
1759005412.1894505,0,0.152,1.5,2,581.44,584.0999999999805,231.89999999999998,2,0
1759005412.1994307,0,0.152,1.5,2,581.34,583.9999999999804,231.75,3,0
1759005412.2097628,0,0.152,1.5,2,581.47,583.8999999999804,231.7,3,0
1759005412.2200677,0,0.152,1.5,2,581.39,583.7999999999804,231.65,3,0
1759005412.229755,0,0.1515,1.5,2,581.25,583.6999999999804,231.7,3,1
1759005412.2399907,0,0.152,1.5,2,581.15,583.5999999999804,231.7,3,2
1759005412.2499332,0,0.1515,1.5,2,581.13,583.4999999999803,231.65,3,0
1759005412.260353,0,0.151,1.5,2,581.05,583.3999999999803,231.65,3,0
1759005412.2710986,0,0.1505,1.5,2,580.93,583.2999999999803,231.64999999999998,3,0
1759005412.2807138,0,0.15,1.5,2,580.85,583.1999999999803,231.6,2,0
1759005412.2910342,0,0.1505,1.5,2,580.77,583.0999999999802,231.55,3,0
1759005412.3014042,0,0.152,1.5,2,580.88,582.9999999999802,231.5,3,2
1759005412.311947,0,0.1515,1.5,2,580.78,582.8999999999802,231.39999999999998,3,0
1759005412.3217843,0,0.152,1.5,2,580.68,582.7999999999802,231.45,3,1
1759005412.3321087,0,0.1525,1.5,2,580.6,582.6999999999802,231.45,3,1
1759005412.3425314,0,0.1525,1.5,2,580.52,582.5999999999801,231.45,1,1
1759005412.3527362,0,0.152,1.5,2,580.38,582.4999999999801,231.45,1,0
1759005412.3630588,0,0.1525,1.5,2,580.3,582.3999999999801,231.4,3,1
1759005412.373202,0,0.152,1.5,2,580.2,582.2999999999801,231.4,2,0
1759005412.383146,0,0.152,1.5,2,580.08,582.19999999998,231.35,3,0
1759005412.3927574,0,0.1525,1.5,2,580.02,582.09999999998,231.35,2,1
1759005412.4033172,0,0.1535,1.5,2,579.92,581.99999999998,231.4,3,1
1759005412.4132278,0,0.1535,1.5,2,579.59,581.89999999998,231.35000000000002,3,0
1759005412.4234924,0,0.1545,1.5,2,579.53,581.79999999998,231.35000000000002,4,0
1759005412.433636,0,0.154,1.5,2,579.43,581.6999999999799,231.4,2,1
1759005412.4434178,0,0.1535,1.5,2,579.39,581.5999999999799,231.45,2,1
1759005412.453503,0,0.1535,1.5,2,579.29,581.4999999999799,231.55,3,0
1759005412.4645693,0,0.154,1.5,2,579.17,581.3999999999799,231.65,4,0
1759005412.4743612,0,0.154,1.5,2,579.09,581.2999999999798,231.75,3,0
1759005412.4846525,0,0.154,1.5,2,579.01,581.1999999999798,231.8,3,0
1759005412.4951127,0,0.1545,1.5,2,578.93,581.0999999999798,231.85000000000002,3,1
1759005412.504977,0,0.1555,1.5,2,578.66,580.9999999999798,231.8,3,1
1759005412.5154142,0,0.156,1.5,2,578.75,580.8999999999797,231.75,2,1
1759005412.5254412,0,0.156,1.5,2,578.61,580.7999999999797,231.6,3,0
1759005412.5353782,0,0.1555,1.5,2,578.53,580.6999999999797,231.4,2,1
1759005412.5459118,0,0.156,1.5,2,578.45,580.5999999999797,231.3,3,1
1759005412.5557363,0,0.156,1.5,2,578.35,580.4999999999797,231.25,3,0
1759005412.5663698,0,0.1575,1.5,2,578.25,580.3999999999796,231.3,4,1
1759005412.5761516,0,0.1575,1.5,2,578.15,580.2999999999796,231.35,3,0
1759005412.586766,0,0.1565,1.5,2,578.07,580.1999999999796,231.39999999999998,2,0
1759005412.5967658,0,0.1555,1.5,2,577.97,580.0999999999796,231.45,2,0
1759005412.606786,0,0.154,1.5,2,577.89,579.9999999999795,231.45,2,0
1759005412.616919,0,0.1535,1.5,2,578.02,579.8999999999795,231.5,3,0
1759005412.627746,0,0.1525,1.5,2,577.88,579.7999999999795,231.55,2,0
1759005412.637604,0,0.1525,1.5,2,577.8,579.6999999999795,231.5,2,0
1759005412.6479025,0,0.1525,1.5,2,577.7,579.5999999999794,231.5,2,1
1759005412.6580377,0,0.1515,1.5,2,577.66,579.4999999999794,231.55,2,1
1759005412.6679451,0,0.1495,1.5,2,577.56,579.3999999999794,231.55,2,0
1759005412.6778579,0,0.149,1.5,2,577.52,579.2999999999794,231.5,3,0
1759005412.6885028,0,0.1485,1.5,2,577.42,579.1999999999794,231.5,2,0
1759005412.6984515,0,0.1485,1.5,2,577.36,579.0999999999793,231.4,2,1
1759005412.708443,0,0.1475,1.5,2,577.24,578.9999999999793,231.4,2,0
1759005412.7188811,0,0.1485,1.5,2,577.2,578.8999999999793,231.39999999999998,3,1
1759005412.7288797,0,0.148,1.5,2,577.1,578.7999999999793,231.39999999999998,3,0
1759005412.738976,0,0.148,1.5,2,576.96,578.6999999999792,231.39999999999998,3,0
1759005412.7487063,0,0.147,1.5,2,576.88,578.5999999999792,231.45,2,0
1759005412.7593164,0,0.1465,1.5,2,576.82,578.4999999999792,231.45,3,0
1759005412.7697413,0,0.1445,1.5,2,576.76,578.3999999999792,231.45,2,0
1759005412.779996,0,0.144,1.5,2,576.7,578.2999999999791,231.39999999999998,2,0
1759005412.7898452,0,0.144,1.5,2,576.64,578.1999999999791,231.39999999999998,2,0
1759005412.8004081,0,0.1445,1.5,2,576.56,578.0999999999791,231.45,3,0
1759005412.8106754,0,0.145,1.5,2,576.46,577.9999999999791,231.6,2,1
1759005412.8210096,0,0.145,1.5,2,576.48,577.8999999999791,231.7,4,0
1759005412.8305047,0,0.1455,1.5,2,576.36,577.799999999979,231.65,4,0
1759005412.8411314,0,0.146,1.5,2,576.22,577.699999999979,231.65,4,0
1759005412.851265,0,0.1465,1.5,2,576.1,577.599999999979,231.65,3,0
1759005412.8617475,0,0.1475,1.5,2,575.96,577.499999999979,231.65,4,0
1759005412.871569,0,0.149,1.5,2,575.92,577.399999999979,231.65,4,1
1759005412.8814864,0,0.149,1.5,2,575.86,577.2999999999789,231.65,3,0
1759005412.8918784,0,0.149,1.5,2,575.76,577.1999999999789,231.65,3,0
1759005412.9026005,0,0.149,1.5,2,575.62,577.0999999999789,231.60000000000002,2,0
1759005412.9129248,0,0.1485,1.5,2,575.52,576.9999999999789,231.55,3,0
1759005412.9229057,0,0.1485,1.5,2,575.19,576.8999999999788,231.5,3,0
1759005412.9328976,0,0.149,1.5,2,575.05,576.7999999999788,231.5,3,0
1759005412.9430597,0,0.149,1.5,2,574.89,576.6999999999788,231.55,3,0
1759005412.9536297,0,0.1495,1.5,2,574.87,576.5999999999788,231.60000000000002,3,0
1759005412.9637995,0,0.1495,1.5,2,574.79,576.4999999999787,231.7,3,0
1759005412.9734967,0,0.1505,1.5,2,574.63,576.3999999999787,231.7,3,0
1759005412.9840133,0,0.1515,1.5,2,574.49,576.2999999999787,231.60000000000002,3,0
1759005412.9940948,0,0.151,1.5,2,574.41,576.1999999999787,231.5,4,0
1759005413.0046093,0,0.151,1.5,2,574.25,576.0999999999786,231.39999999999998,3,1
1759005413.0144014,0,0.1515,1.5,2,574.19,575.9999999999786,231.35,3,1
1759005413.0245872,0,0.1515,1.5,2,574.33,575.8999999999786,231.35000000000002,3,0
1759005413.035021,0,0.1525,1.5,2,574.19,575.7999999999786,231.3,4,1
1759005413.044725,0,0.153,1.5,2,574.03,575.6999999999786,231.2,3,0
1759005413.055195,0,0.154,1.5,2,573.93,575.5999999999785,231.1,4,0
1759005413.0658514,0,0.154,1.5,2,573.81,575.4999999999785,231.05,3,0
1759005413.0761254,0,0.155,1.5,2,573.65,575.3999999999785,231.05,4,0
1759005413.0863543,0,0.155,1.5,2,573.53,575.2999999999785,231.05,3,0
1759005413.0961387,0,0.1545,1.5,2,573.37,575.1999999999784,231.10000000000002,2,1
1759005413.1067042,0,0.1535,1.5,2,573.29,575.0999999999784,231.15,2,0
1759005413.1167374,0,0.154,1.5,2,573.15,574.9999999999784,231.2,3,0
1759005413.1267672,0,0.155,1.5,2,572.99,574.8999999999784,231.1,4,0
1759005413.137091,0,0.1555,1.5,2,572.85,574.7999999999784,230.95,3,0
1759005413.147493,0,0.156,1.5,2,572.79,574.6999999999783,230.8,3,0
1759005413.1578245,0,0.156,1.5,2,572.67,574.5999999999783,230.75,3,0
1759005413.167527,0,0.1565,1.5,2,572.53,574.4999999999783,230.7,3,1
1759005413.1782434,0,0.1565,1.5,2,572.39,574.3999999999783,230.7,4,0
1759005413.188049,0,0.1575,1.5,2,572.33,574.2999999999782,230.7,5,0
1759005413.1983368,0,0.158,1.5,2,572.17,574.1999999999782,230.7,4,0
1759005413.2087753,0,0.1585,1.5,2,572.11,574.0999999999782,230.75,3,0
1759005413.2185488,0,0.1585,1.5,2,572.05,573.9999999999782,230.75,3,0
1759005413.2293842,0,0.158,1.5,2,571.8,573.8999999999781,230.75,2,0
1759005413.239395,0,0.1585,1.5,2,571.68,573.7999999999781,230.8,4,0
1759005413.249722,0,0.1585,1.5,2,571.58,573.6999999999781,230.7,4,0
1759005413.26005,0,0.1575,1.5,2,571.42,573.5999999999781,230.64999999999998,3,0
1759005413.2702196,0,0.158,1.5,2,571.26,573.4999999999781,230.6,4,0
1759005413.2803826,0,0.158,1.5,2,571.1,573.399999999978,230.55,3,0
1759005413.290327,0,0.1585,1.5,2,571.04,573.299999999978,230.60000000000002,4,0
1759005413.300488,0,0.159,1.5,2,570.96,573.199999999978,230.6,3,0
1759005413.3105311,0,0.159,1.5,2,570.8,573.099999999978,230.55,3,0
1759005413.3206658,0,0.158,1.5,2,570.49,572.999999999978,230.5,3,0
1759005413.3313122,0,0.158,1.5,2,570.66,572.8999999999779,230.45,3,0
1759005413.3406699,0,0.157,1.5,2,570.52,572.7999999999779,230.45,2,0
1759005413.350946,0,0.1555,1.5,2,570.44,572.6999999999779,230.55,1,0
1759005413.3614607,0,0.156,1.5,2,570.34,572.5999999999779,230.64999999999998,3,0
1759005413.3715372,0,0.1575,1.5,2,570.28,572.4999999999778,230.65,3,1
1759005413.3820224,0,0.158,1.5,2,570.2,572.3999999999778,230.55,3,2
1759005413.391709,0,0.1585,1.5,2,570.06,572.2999999999778,230.45,3,0
1759005413.4023345,0,0.159,1.5,2,569.92,572.1999999999778,230.45,3,1
1759005413.4127192,0,0.159,1.5,2,569.82,572.0999999999777,230.45,2,1
1759005413.4227223,0,0.158,1.5,2,569.72,571.9999999999777,230.5,2,0
1759005413.432727,0,0.158,1.5,2,569.84,571.8999999999777,230.55,3,0
1759005413.4430864,0,0.157,1.5,2,569.76,571.7999999999777,230.5,2,0
1759005413.4531891,0,0.157,1.5,2,569.62,571.6999999999776,230.45,3,0
1759005413.4634535,0,0.1565,1.5,2,569.46,571.5999999999776,230.35,2,0
1759005413.4736001,0,0.1565,1.5,2,569.32,571.4999999999776,230.25,3,0
1759005413.4839022,0,0.156,1.5,2,569.22,571.3999999999776,230.14999999999998,3,0
1759005413.4939313,0,0.156,1.5,2,569.06,571.2999999999776,230.05,3,0
1759005413.504132,0,0.156,1.5,2,568.9,571.1999999999775,229.95,3,0
1759005413.5145445,0,0.1555,1.5,2,568.74,571.0999999999775,229.85,3,0
1759005413.5245295,0,0.155,1.5,2,568.6,570.9999999999775,229.75,2,1
1759005413.535022,0,0.1545,1.5,2,568.31,570.8999999999775,229.65,2,0
1759005413.5447066,0,0.154,1.5,2,568.21,570.7999999999774,229.65,2,0
1759005413.5550866,0,0.1545,1.5,2,568.05,570.6999999999774,229.7,4,0
1759005413.5653844,0,0.154,1.5,2,567.89,570.5999999999774,229.7,3,0
1759005413.576058,0,0.154,1.5,2,567.75,570.4999999999774,229.65,3,0
1759005413.5856683,0,0.1525,1.5,2,567.61,570.3999999999774,229.60000000000002,2,0
1759005413.5961523,0,0.153,1.5,2,567.47,570.2999999999773,229.55,4,0
1759005413.606771,0,0.1545,1.5,2,567.33,570.1999999999773,229.5,5,0
1759005413.6165643,0,0.1545,1.5,2,567.19,570.0999999999773,229.45,2,0
1759005413.6269934,0,0.155,1.5,2,567.11,569.9999999999773,229.45,2,1
1759005413.636787,0,0.1545,1.5,2,566.78,569.8999999999772,229.45,2,0
1759005413.6472151,0,0.155,1.5,2,566.76,569.7999999999772,229.39999999999998,2,1
1759005413.65716,0,0.155,1.5,2,566.6,569.6999999999772,229.39999999999998,2,0
1759005413.66752,0,0.155,1.5,2,566.46,569.5999999999772,229.35,3,0
1759005413.6776311,0,0.155,1.5,2,566.3,569.4999999999771,229.2,3,0
1759005413.6882343,0,0.155,1.5,2,566.26,569.3999999999771,229.10000000000002,2,0
1759005413.698452,0,0.1555,1.5,2,566.14,569.2999999999771,229.10000000000002,3,1
1759005413.7083998,0,0.156,1.5,2,566.08,569.1999999999771,229.05,3,0
1759005413.718897,0,0.155,1.5,2,566,569.0999999999771,229.05,1,0
1759005413.7290938,0,0.1545,1.5,2,565.9,568.999999999977,228.95,1,0
1759005413.738903,0,0.154,1.5,2,565.74,568.899999999977,228.95,2,1
1759005413.7492783,0,0.154,1.5,2,565.64,568.799999999977,229.0,3,0
1759005413.7593112,0,0.154,1.5,2,565.54,568.699999999977,229.0,3,0
1759005413.7695878,0,0.155,1.5,2,565.38,568.599999999977,229.0,4,0
1759005413.7796533,0,0.1555,1.5,2,565.24,568.4999999999769,229.05,4,0
1759005413.7902927,0,0.156,1.5,2,565.14,568.3999999999769,229.05,3,0
1759005413.7998261,0,0.157,1.5,2,565.04,568.2999999999769,229.05,4,0
1759005413.8104825,0,0.1575,1.5,2,564.9,568.1999999999769,228.95,3,0
1759005413.820616,0,0.157,1.5,2,564.82,568.0999999999768,228.8,2,0
1759005413.8310592,0,0.1565,1.5,2,564.68,567.9999999999768,228.65,2,0
1759005413.8407466,0,0.1565,1.5,2,564.4,567.8999999999768,228.5,3,1
1759005413.850767,0,0.1565,1.5,2,564.28,567.7999999999768,228.39999999999998,3,1
1759005413.8613837,0,0.156,1.5,2,564.22,567.6999999999767,228.39999999999998,2,1
1759005413.8712132,0,0.1565,1.5,2,564.16,567.5999999999767,228.45,3,1
1759005413.8816953,0,0.1565,1.5,2,564.1,567.4999999999767,228.55,3,1
1759005413.8919415,0,0.1565,1.5,2,563.77,567.3999999999767,228.6,4,1
1759005413.901543,0,0.157,1.5,2,563.87,567.2999999999766,228.55,3,1
1759005413.912059,0,0.1575,1.5,2,563.81,567.1999999999766,228.5,3,1
1759005413.9226034,0,0.1585,1.5,2,563.77,567.0999999999766,228.5,3,1
1759005413.9323752,0,0.1595,1.5,2,563.71,566.9999999999766,228.45,4,1
1759005413.9428627,0,0.159,1.5,2,563.65,566.8999999999766,228.4,2,0
1759005413.9529226,0,0.1595,1.5,2,563.83,566.7999999999765,228.25,4,0
1759005413.962843,0,0.1595,1.5,2,563.77,566.6999999999765,228.1,3,0
1759005413.9733722,0,0.16,1.5,2,563.63,566.5999999999765,227.9,3,1
1759005413.9834864,0,0.16,1.5,2,563.55,566.4999999999765,227.85,3,0
1759005413.9936378,0,0.1605,1.5,2,563.49,566.3999999999764,227.8,4,0
1759005414.0036082,0,0.161,1.5,2,563.47,566.2999999999764,227.85,4,0
1759005414.0131738,0,0.1605,1.5,2,563.35,566.1999999999764,228.0,3,0
1759005414.023352,0,0.16,1.5,2,563.29,566.0999999999764,228.15,3,0
1759005414.033534,0,0.16,1.5,2,563.13,565.9999999999764,228.2,4,0
1759005414.0439444,0,0.1605,1.5,2,563.05,565.8999999999763,228.2,3,1
1759005414.05484,0,0.1605,1.5,2,563.03,565.7999999999763,228.2,3,2
1759005414.0653348,0,0.161,1.5,2,563.03,565.6999999999763,228.25,3,1
1759005414.0753407,0,0.161,1.5,2,563.01,565.5999999999763,228.3,3,1
1759005414.085793,0,0.162,1.5,2,562.99,565.4999999999762,228.35,4,1
1759005414.0961418,0,0.162,1.5,2,562.93,565.3999999999762,228.39999999999998,3,1
1759005414.1058633,0,0.1625,1.5,2,562.83,565.2999999999762,228.5,4,0
1759005414.1161509,0,0.1635,1.5,2,562.81,565.1999999999762,228.55,4,1
1759005414.1266723,0,0.164,1.5,2,562.69,565.0999999999761,228.55,3,0
1759005414.1364617,0,0.1645,1.5,2,562.63,564.9999999999761,228.5,3,1
1759005414.146747,0,0.165,1.5,2,562.83,564.8999999999761,228.5,4,1
1759005414.1565542,0,0.165,1.5,2,562.77,564.7999999999761,228.60000000000002,2,1
1759005414.1673734,0,0.1645,1.5,2,562.67,564.6999999999761,228.7,2,0
1759005414.1775508,0,0.1645,1.5,2,562.61,564.599999999976,228.75,3,0
1759005414.1876152,0,0.1635,1.5,2,562.55,564.499999999976,228.75,2,0
1759005414.197566,0,0.1635,1.5,2,562.49,564.399999999976,228.75,4,0
1759005414.2080653,0,0.1625,1.5,2,562.41,564.299999999976,228.75,3,0
1759005414.2176468,0,0.162,1.5,2,562.35,564.199999999976,228.8,3,0
1759005414.2279365,0,0.162,1.5,2,562.21,564.0999999999759,228.8,3,0
1759005414.2380986,0,0.163,1.5,2,562.11,563.9999999999759,228.8,4,1
1759005414.2482977,0,0.1645,1.5,2,562.21,563.8999999999759,228.75,4,1
1759005414.258404,0,0.165,1.5,2,562.15,563.7999999999759,228.7,4,1
1759005414.2691252,0,0.1655,1.5,2,562.09,563.6999999999758,228.6,4,1
1759005414.2789109,0,0.166,1.5,2,562.03,563.5999999999758,228.5,4,0
1759005414.288738,0,0.166,1.5,2,561.99,563.4999999999758,228.5,4,0
1759005414.2987418,0,0.1655,1.5,2,561.93,563.3999999999758,228.45,2,0
1759005414.3094273,0,0.1645,1.5,2,561.79,563.2999999999757,228.45,2,0
1759005414.3194087,0,0.166,1.5,2,561.65,563.1999999999757,228.5,5,1
1759005414.3295412,0,0.1665,1.5,2,561.63,563.0999999999757,228.55,4,0
1759005414.3395898,0,0.168,1.5,2,561.57,562.9999999999757,228.60000000000002,4,2
1759005414.350122,0,0.1685,1.5,2,561.18,562.8999999999756,228.60000000000002,3,1
1759005414.36022,0,0.1695,1.5,2,561.12,562.7999999999756,228.5,3,1
1759005414.37076,0,0.17250000000000001,1.5,2,560.98,562.6999999999756,228.35,4,3
1759005414.3807921,0,0.1745,1.5,2,560.86,562.5999999999756,228.2,4,3
1759005414.3908923,0,0.1745,1.5,2,560.78,562.4999999999756,228.14999999999998,3,1
1759005414.4011588,0,0.17400000000000002,1.5,2,560.64,562.3999999999755,228.2,4,0
1759005414.410806,0,0.175,1.5,2,560.58,562.2999999999755,228.2,3,2
1759005414.4212623,0,0.175,1.5,2,560.56,562.1999999999755,228.14999999999998,4,0
1759005414.4314482,0,0.175,1.5,2,560.46,562.0999999999755,228.15,2,1
1759005414.441401,0,0.1765,1.5,2,560.4,561.9999999999754,228.10000000000002,3,2
1759005414.451437,0,0.1765,1.5,2,560.32,561.8999999999754,228.1,2,1
1759005414.4617834,0,0.178,1.5,2,560.22,561.7999999999754,228.2,3,2
1759005414.4714777,0,0.1785,1.5,2,560.2,561.6999999999754,228.25,3,1
1759005414.4819112,0,0.18,1.5,2,560.18,561.5999999999754,228.35000000000002,3,2
1759005414.4919047,0,0.181,1.5,2,560.12,561.4999999999753,228.4,3,2
1759005414.5018137,0,0.1825,1.5,2,560.02,561.3999999999753,228.4,4,2
1759005414.512213,0,0.1835,1.5,2,559.96,561.2999999999753,228.39999999999998,4,1
1759005414.522513,0,0.1835,1.5,2,559.94,561.1999999999753,228.39999999999998,3,0
1759005414.5326056,0,0.184,1.5,2,559.92,561.0999999999752,228.4,3,1
1759005414.5423923,0,0.185,1.5,2,559.9,560.9999999999752,228.45,4,1
1759005414.5528402,0,0.1865,1.5,2,559.84,560.8999999999752,228.5,4,1
1759005414.5630302,0,0.1875,1.5,2,559.82,560.7999999999752,228.5,3,1
1759005414.572648,0,0.188,1.5,2,559.76,560.6999999999751,228.5,4,1
1759005414.5832803,0,0.1885,1.5,2,559.74,560.5999999999751,228.55,3,1
1759005414.593402,0,0.1885,1.5,2,559.68,560.4999999999751,228.6,3,0
1759005414.603844,0,0.1895,1.5,2,559.62,560.3999999999751,228.60000000000002,4,0
1759005414.6138687,0,0.189,1.5,2,559.6,560.2999999999751,228.65,3,0
1759005414.623755,0,0.189,1.5,2,559.58,560.199999999975,228.7,4,1
1759005414.6343455,0,0.1905,1.5,2,559.52,560.099999999975,228.75,4,1
1759005414.6443129,0,0.191,1.5,2,559.38,559.999999999975,228.75,4,0
1759005414.6550527,0,0.1915,1.5,2,559.32,559.899999999975,228.65,2,1
1759005414.6646523,0,0.1925,1.5,2,559.22,559.799999999975,228.55,4,1
1759005414.6748123,0,0.1935,1.5,2,559.16,559.6999999999749,228.45,4,0
1759005414.685106,0,0.194,1.5,2,559.14,559.5999999999749,228.45,4,0
1759005414.6951685,0,0.1945,1.5,2,559.08,559.4999999999749,228.5,3,1
1759005414.7056527,0,0.1955,1.5,2,558.96,559.3999999999749,228.6,3,1
1759005414.7158864,0,0.196,1.5,2,558.9,559.2999999999748,228.6,4,1
1759005414.725479,0,0.197,1.5,2,558.76,559.1999999999748,228.55,3,2
1759005414.7361183,0,0.1985,1.5,2,558.64,559.0999999999748,228.55,4,0
1759005414.7462544,0,0.2,1.5,2,558.58,558.9999999999748,228.64999999999998,3,1
1759005414.7563636,0,0.201,1.5,2,558.52,558.8999999999747,228.64999999999998,3,2
1759005414.766582,0,0.2015,1.5,2,558.46,558.7999999999747,228.5,2,2
1759005414.7767544,0,0.201,1.5,2,558.4,558.6999999999747,228.45,1,1
1759005414.7867107,0,0.2005,1.5,2,558.38,558.5999999999747,228.45,3,0
1759005414.7967541,0,0.201,1.5,2,558.32,558.4999999999746,228.45,3,2
1759005414.8067276,0,0.202,1.5,2,558.18,558.3999999999746,228.5,4,1
1759005414.8167055,0,0.2015,1.5,2,558.04,558.2999999999746,228.55,3,0
1759005414.827247,0,0.2015,1.5,2,557.94,558.1999999999746,228.6,3,0
1759005414.8378708,0,0.2025,1.5,2,557.78,558.0999999999746,228.64999999999998,3,1
1759005414.8479786,0,0.20400000000000001,1.5,2,557.66,557.9999999999745,228.7,3,2
1759005414.858052,0,0.20450000000000002,1.5,2,557.52,557.8999999999745,228.8,3,2
1759005414.8680754,0,0.20550000000000002,1.5,2,557.42,557.7999999999745,228.9,3,3
1759005414.8786132,0,0.20600000000000002,1.5,2,557.24,557.6999999999745,228.89999999999998,3,1
1759005414.8887339,0,0.2065,1.5,2,557.06,557.5999999999744,228.85,4,1
1759005414.8986604,0,0.2075,1.5,2,556.9,557.4999999999744,228.8,4,2
1759005414.9090383,0,0.208,1.5,2,556.92,557.3999999999744,228.64999999999998,4,2
1759005414.919523,0,0.2085,1.5,2,556.52,557.2999999999744,228.6,3,2
1759005414.9297137,0,0.21,1.5,2,556.36,557.1999999999744,228.55,4,3
1759005414.9398983,0,0.2105,1.5,2,556.16,557.0999999999743,228.6,4,1
1759005414.949882,0,0.211,1.5,2,555.98,556.9999999999743,228.65,3,3
1759005414.9601507,0,0.2135,1.5,2,556.04,556.8999999999743,228.7,4,3
1759005414.9709423,0,0.2145,1.5,2,555.64,556.7999999999743,228.7,4,2
1759005414.9811323,0,0.216,1.5,2,555.46,556.6999999999742,228.7,4,2
1759005414.990918,0,0.2175,1.5,2,555.3,556.5999999999742,228.8,4,3
1759005415.0012226,0,0.219,1.5,2,555.1,556.4999999999742,228.8,4,2
1759005415.011737,0,0.22,1.5,2,554.94,556.3999999999742,228.9,5,1
1759005415.021402,0,0.221,1.5,2,554.74,556.2999999999741,228.9,4,2
1759005415.0316708,0,0.2215,1.5,2,554.56,556.1999999999741,228.75,3,1
1759005415.0419328,0,0.223,1.5,2,554.4,556.0999999999741,228.60000000000002,3,3
1759005415.0520651,0,0.2235,1.5,2,554.26,555.9999999999741,228.5,3,2
1759005415.0624804,0,0.225,1.5,2,553.88,555.899999999974,228.45,3,4
1759005415.072545,0,0.2255,1.5,2,553.68,555.799999999974,228.4,3,3
1759005415.0828595,0,0.2275,1.5,2,553.46,555.699999999974,228.35000000000002,4,4
1759005415.0933456,0,0.2285,1.5,2,553.24,555.599999999974,228.35000000000002,4,2
1759005415.1030834,0,0.228,1.5,2,553.02,555.499999999974,228.3,2,2
1759005415.1134095,0,0.2285,1.5,2,552.86,555.3999999999739,228.2,2,3
1759005415.1228147,0,0.2295,1.5,2,552.7,555.2999999999739,228.05,3,3
1759005415.1337953,0,0.231,1.5,2,552.5,555.1999999999739,228.0,3,5
1759005415.1437237,0,0.2325,1.5,2,552.32,555.0999999999739,228.05,3,3
1759005415.1534777,0,0.233,1.5,2,552.16,554.9999999999739,228.15,3,2
1759005415.163745,0,0.2335,1.5,2,551.96,554.8999999999738,228.2,4,2
1759005415.17376,0,0.2345,1.5,2,551.8,554.7999999999738,228.2,3,2
1759005415.1843028,0,0.236,1.5,2,551.6,554.6999999999738,228.14999999999998,3,2
1759005415.1940517,0,0.2375,1.5,2,551.44,554.5999999999738,228.1,4,2
1759005415.2044387,0,0.2395,1.5,2,551.28,554.4999999999737,228.14999999999998,4,2
1759005415.2148943,0,0.24,1.5,2,551.12,554.3999999999737,228.2,3,2
1759005415.2248595,0,0.2415,1.5,2,550.9,554.2999999999737,228.25,4,2
1759005415.234904,0,0.243,1.5,2,550.72,554.1999999999737,228.25,5,1
1759005415.2447813,0,0.245,1.5,2,550.56,554.0999999999736,228.25,5,2
1759005415.2552562,0,0.2455,1.5,2,550.36,553.9999999999736,228.25,4,2
1759005415.2655194,0,0.2455,1.5,2,550.16,553.8999999999736,228.2,4,1
1759005415.2755497,0,0.2465,1.5,2,550,553.7999999999736,228.14999999999998,4,3
1759005415.2855215,0,0.247,1.5,2,549.84,553.6999999999736,228.25,3,3
1759005415.295439,0,0.2475,1.5,2,549.68,553.5999999999735,228.35000000000002,3,2
1759005415.3056087,0,0.2485,1.5,2,549.5,553.4999999999735,228.4,4,2
1759005415.3160534,0,0.2505,1.5,2,549.34,553.3999999999735,228.5,3,3
1759005415.3256612,0,0.2525,1.5,2,549.16,553.2999999999735,228.5,4,2
1759005415.3358643,0,0.2515,1.5,2,548.98,553.1999999999734,228.45,3,1
1759005415.346676,0,0.253,1.5,2,548.76,553.0999999999734,228.45,4,3
1759005415.3564022,0,0.2535,1.5,2,548.56,552.9999999999734,228.45,5,2
1759005415.3670666,0,0.255,1.5,2,548.38,552.8999999999734,228.6,4,3
1759005415.3767676,0,0.2555,1.5,2,548.22,552.7999999999734,228.75,3,2
1759005415.3874145,0,0.2545,1.5,2,548.08,552.6999999999733,228.9,3,2
1759005415.3977563,0,0.2535,1.5,2,547.92,552.5999999999733,229.0,3,2
1759005415.4080946,0,0.254,1.5,2,547.74,552.4999999999733,229.05,2,3
1759005415.4177217,0,0.255,1.5,2,547.58,552.3999999999733,229.1,4,2
1759005415.4285247,0,0.2555,1.5,2,547.4,552.2999999999732,229.14999999999998,3,3
1759005415.4385126,0,0.2555,1.5,2,547.18,552.1999999999732,229.2,2,2
1759005415.4489172,0,0.2565,1.5,2,547.02,552.0999999999732,229.25,3,2
1759005415.4591708,0,0.2555,1.5,2,546.9,551.9999999999732,229.3,2,1
1759005415.468986,0,0.2565,1.5,2,546.48,551.8999999999731,229.35,4,1
1759005415.4793952,0,0.2575,1.5,2,546.26,551.7999999999731,229.3,4,3
1759005415.4896889,0,0.2595,1.5,2,546.06,551.6999999999731,229.3,5,3
1759005415.500081,0,0.2605,1.5,2,545.86,551.5999999999731,229.25,4,3
1759005415.5098832,0,0.26,1.5,2,545.7,551.499999999973,229.25,3,1
1759005415.5203693,0,0.2595,1.5,2,545.54,551.399999999973,229.3,3,2
1759005415.5303519,0,0.26,1.5,2,545.38,551.299999999973,229.35,4,2
1759005415.5406938,0,0.2625,1.5,2,545.18,551.199999999973,229.45,5,3
1759005415.5504441,0,0.2635,1.5,2,544.98,551.099999999973,229.55,3,3
1759005415.5609455,0,0.2635,1.5,2,544.78,550.9999999999729,229.60000000000002,4,1
1759005415.5711966,0,0.265,1.5,2,544.8,550.8999999999729,229.65,5,3
1759005415.5813913,0,0.2655,1.5,2,544.6,550.7999999999729,229.7,3,2
1759005415.5914142,0,0.266,1.5,2,544.44,550.6999999999729,229.7,4,2
1759005415.6019137,0,0.267,1.5,2,544.24,550.5999999999729,229.6,3,3
1759005415.6115108,0,0.2685,1.5,2,544.06,550.4999999999728,229.55,3,3
1759005415.6221192,0,0.27,1.5,2,543.9,550.3999999999728,229.55,3,4
1759005415.6322572,0,0.2715,1.5,2,543.7,550.2999999999728,229.55,3,3
1759005415.6420257,0,0.272,1.5,2,543.48,550.1999999999728,229.5,3,3
1759005415.6522179,0,0.2725,1.5,2,543.32,550.0999999999727,229.5,4,2
1759005415.6617272,0,0.273,1.5,2,543.14,549.9999999999727,229.5,3,2
1759005415.6727512,0,0.2735,1.5,2,543.18,549.8999999999727,229.55,2,2
1759005415.6822581,0,0.273,1.5,2,542.98,549.7999999999727,229.60000000000002,2,2
1759005415.6929255,0,0.2735,1.5,2,542.8,549.6999999999726,229.60000000000002,3,2
1759005415.7027159,0,0.275,1.5,2,542.6,549.5999999999726,229.65,4,3
1759005415.7129664,0,0.2745,1.5,2,542.44,549.4999999999726,229.7,3,0
1759005415.7234058,0,0.2755,1.5,2,542.28,549.3999999999726,229.7,5,1
1759005415.733167,0,0.2755,1.5,2,542.06,549.2999999999726,229.7,4,1
1759005415.7438602,0,0.276,1.5,2,541.88,549.1999999999725,229.7,4,2
1759005415.7538867,0,0.27699999999999997,1.5,2,541.72,549.0999999999725,229.6,4,2
1759005415.764166,0,0.27799999999999997,1.5,2,541.56,548.9999999999725,229.45,4,2
1759005415.7740107,0,0.27799999999999997,1.5,2,541.4,548.8999999999725,229.35,3,2
1759005415.7843893,0,0.27849999999999997,1.5,2,541.24,548.7999999999724,229.4,3,2
1759005415.7948713,0,0.28049999999999997,1.5,2,541.08,548.6999999999724,229.4,3,3
1759005415.804463,0,0.28099999999999997,1.5,2,540.86,548.5999999999724,229.35,3,1
1759005415.815403,0,0.28099999999999997,1.5,2,540.68,548.4999999999724,229.39999999999998,3,2
1759005415.8250196,0,0.28049999999999997,1.5,2,540.5,548.3999999999724,229.45,3,1
1759005415.835159,0,0.2815,1.5,2,540.32,548.2999999999723,229.5,4,1
1759005415.8454463,0,0.2825,1.5,2,540.22,548.1999999999723,229.5,3,2
1759005415.855205,0,0.283,1.5,2,540.12,548.0999999999723,229.55,3,2
1759005415.8653383,0,0.283,1.5,2,540.02,547.9999999999723,229.55,3,2
1759005415.8755834,0,0.2835,1.5,2,539.94,547.8999999999722,229.55,3,3
1759005415.8857076,0,0.2835,1.5,2,539.92,547.7999999999722,229.55,2,4
1759005415.8961613,0,0.285,1.5,2,539.94,547.6999999999722,229.55,4,3
1759005415.9063241,0,0.286,1.5,2,539.94,547.5999999999722,229.55,4,3
1759005415.9164414,0,0.286,1.5,2,539.94,547.4999999999721,229.5,3,3
1759005415.9267373,0,0.2855,1.5,2,539.94,547.3999999999721,229.55,1,4
1759005415.936748,0,0.286,1.5,2,539.94,547.2999999999721,229.6,2,4
1759005415.9475825,0,0.286,1.5,2,539.94,547.1999999999721,229.6,3,4
1759005415.9577465,0,0.287,1.5,2,539.94,547.099999999972,229.5,3,4
1759005415.9674902,0,0.2875,1.5,2,539.96,546.999999999972,229.4,3,4
1759005415.9778678,0,0.2875,1.5,2,539.9,546.899999999972,229.35000000000002,3,4
1759005415.9876328,0,0.2875,1.5,2,539.9,546.799999999972,229.4,2,4
1759005415.9985209,0,0.2875,1.5,2,539.9,546.699999999972,229.45,2,4
1759005416.0088198,0,0.287,1.5,2,539.9,546.5999999999719,229.5,2,4
1759005416.0185325,0,0.2875,1.5,2,539.9,546.4999999999719,229.55,3,4
1759005416.0291326,0,0.288,1.5,2,539.9,546.3999999999719,229.5,3,4
1759005416.0389833,0,0.2885,1.5,2,539.88,546.2999999999719,229.5,4,3
1759005416.0495455,0,0.2885,1.5,2,539.9,546.1999999999719,229.6,2,2
1759005416.059468,0,0.2875,1.5,2,539.88,546.0999999999718,229.7,2,2
1759005416.0695705,0,0.288,1.5,2,540.1,545.9999999999718,229.8,4,2
1759005416.0799546,0,0.288,1.5,2,540.08,545.8999999999718,229.85,3,4
1759005416.0897079,0,0.288,1.5,2,540.06,545.7999999999718,229.95,3,3
1759005416.1002874,0,0.2875,1.5,2,540.06,545.6999999999717,230.0,4,3
1759005416.1106708,0,0.2875,1.5,2,540.06,545.5999999999717,229.95,3,3
1759005416.1205773,0,0.288,1.5,2,540.08,545.4999999999717,229.95,2,3
1759005416.1308012,0,0.2885,1.5,2,540.08,545.3999999999717,230.0,2,4
1759005416.1407568,0,0.2885,1.5,2,540.08,545.2999999999716,230.1,3,3
1759005416.151111,0,0.2885,1.5,2,540.06,545.1999999999716,230.15,4,4
1759005416.1606655,0,0.289,1.5,2,540.08,545.0999999999716,230.10000000000002,2,5
1759005416.171558,0,0.29,1.5,2,540.06,544.9999999999716,230.0,3,4
1759005416.1814992,0,0.2905,1.5,2,539.82,544.8999999999716,229.95,2,5
1759005416.1920424,0,0.2915,1.5,2,539.82,544.7999999999715,229.9,3,4
1759005416.2016528,0,0.2925,1.5,2,539.8,544.6999999999715,229.9,3,4
1759005416.2117674,0,0.293,1.5,2,539.8,544.5999999999715,229.9,4,3
1759005416.2219672,0,0.2925,1.5,2,539.8,544.4999999999715,229.8,2,3
1759005416.2323544,0,0.2945,1.5,2,539.8,544.3999999999714,229.75,4,5
1759005416.2424073,0,0.2935,1.5,2,539.8,544.2999999999714,229.7,2,2
1759005416.2524078,0,0.2935,1.5,2,539.8,544.1999999999714,229.7,3,3
1759005416.262761,0,0.2925,1.5,2,539.8,544.0999999999714,229.7,2,3
1759005416.2726586,0,0.2925,1.5,2,539.8,543.9999999999714,229.75,3,3
1759005416.2826352,0,0.293,1.5,2,539.82,543.8999999999713,229.85,3,3
1759005416.2925034,0,0.2925,1.5,2,539.8,543.7999999999713,229.89999999999998,3,3
1759005416.3028007,0,0.293,1.5,2,539.8,543.6999999999713,229.89999999999998,3,4
1759005416.3127985,0,0.294,1.5,2,539.8,543.5999999999713,229.85,3,4
1759005416.3232353,0,0.295,1.5,2,539.8,543.4999999999712,229.75,4,4
1759005416.3331494,0,0.2955,1.5,2,539.8,543.3999999999712,229.65,3,4
1759005416.343489,0,0.296,1.5,2,539.82,543.2999999999712,229.6,3,4
1759005416.3533404,0,0.2975,1.5,2,539.84,543.1999999999712,229.55,3,4
1759005416.3637855,0,0.2975,1.5,2,539.86,543.0999999999711,229.5,3,4
1759005416.373413,0,0.2965,1.5,2,540.06,542.9999999999711,229.45,2,3
1759005416.383799,0,0.2955,1.5,2,540.1,542.8999999999711,229.4,3,2
1759005416.3939307,0,0.2965,1.5,2,540.1,542.7999999999711,229.4,4,3
1759005416.4041872,0,0.2975,1.5,2,540.08,542.699999999971,229.35,4,3
1759005416.414468,0,0.299,1.5,2,540.06,542.599999999971,229.3,4,4
1759005416.4250162,0,0.3,1.5,2,540.04,542.499999999971,229.3,3,4
1759005416.434822,0,0.3,1.5,2,540.06,542.399999999971,229.3,3,3
1759005416.4455216,0,0.3,1.5,2,540.08,542.299999999971,229.3,3,3
1759005416.4548109,0,0.301,1.5,2,540.1,542.1999999999709,229.25,3,3
1759005416.4655516,0,0.3025,1.5,2,540.1,542.0999999999709,229.15,4,4
1759005416.4757566,0,0.3045,1.5,2,540.06,541.9999999999709,229.05,4,3
1759005416.485466,0,0.305,1.5,2,540.08,541.8999999999709,228.95,3,3
1759005416.4962468,0,0.305,1.5,2,540.1,541.7999999999709,228.89999999999998,4,3
1759005416.5061245,0,0.304,1.5,2,540.08,541.6999999999708,228.89999999999998,3,3
1759005416.5163238,0,0.304,1.5,2,540.08,541.5999999999708,228.95,3,4
1759005416.5264535,0,0.3045,1.5,2,540.06,541.4999999999708,228.95,3,2
1759005416.5363164,0,0.305,1.5,2,540.06,541.3999999999708,228.95,3,3
1759005416.5466013,0,0.3055,1.5,2,540.06,541.2999999999707,228.95,4,3
1759005416.5563693,0,0.3045,1.5,2,540.06,541.1999999999707,228.95,3,3
1759005416.5664532,0,0.305,1.5,2,540.04,541.0999999999707,229.0,4,3
1759005416.5769792,0,0.306,1.5,2,540.04,540.9999999999707,229.05,3,4
1759005416.5866146,0,0.3055,1.5,2,540.04,540.8999999999706,229.05,3,4
1759005416.5969381,0,0.3075,1.5,2,540.04,540.7999999999706,229.05,5,4
1759005416.6069593,0,0.3075,1.5,2,540.04,540.6999999999706,229.1,3,3
1759005416.6174772,0,0.308,1.5,2,540.04,540.5999999999706,229.2,3,4
1759005416.6272635,0,0.308,1.5,2,540.06,540.4999999999706,229.25,3,3
1759005416.6376073,0,0.308,1.5,2,540.08,540.3999999999705,229.3,4,3
1759005416.64759,0,0.3075,1.5,2,540.08,540.2999999999705,229.35,3,2
1759005416.6575263,0,0.3085,1.5,2,540.1,540.1999999999705,229.39999999999998,5,3
1759005416.6676176,0,0.3085,1.5,2,540.1,540.0999999999705,229.39999999999998,3,3
1759005416.6776943,0,0.3085,1.5,2,540.12,539.9999999999704,229.4,3,2
1759005416.6881132,0,0.3095,1.5,2,540.12,539.8999999999704,229.4,3,3
1759005416.6977365,0,0.311,1.5,2,540.12,539.7999999999704,229.45,4,3
1759005416.7087598,0,0.312,1.5,2,540.14,539.6999999999704,229.5,4,3
1759005416.7184114,0,0.312,1.5,2,540.14,539.5999999999704,229.5,4,3
1759005416.7288873,0,0.314,1.5,2,540.14,539.4999999999703,229.5,4,3
1759005416.7388446,0,0.3145,1.5,2,540.12,539.3999999999703,229.5,4,3
1759005416.7489734,0,0.3155,1.5,2,540.14,539.2999999999703,229.60000000000002,3,4
1759005416.7594213,0,0.3155,1.5,2,540.16,539.1999999999703,229.7,3,3
1759005416.7697606,0,0.3175,1.5,2,540.16,539.0999999999702,229.85,5,5
1759005416.7798703,0,0.3175,1.5,2,540.16,538.9999999999702,229.95,3,3
1759005416.7899027,0,0.3185,1.5,2,540.16,538.8999999999702,230.0,4,3
1759005416.7997613,0,0.3195,1.5,2,540.16,538.7999999999702,230.0,4,3
1759005416.810371,0,0.3195,1.5,2,540.14,538.6999999999701,230.0,3,3
1759005416.8205612,0,0.3205,1.5,2,540.14,538.5999999999701,230.0,4,2
1759005416.8310776,0,0.3215,1.5,2,540.16,538.4999999999701,229.85,4,3
1759005416.8408132,0,0.3215,1.5,2,540.22,538.3999999999701,229.75,2,2
1759005416.85108,0,0.3225,1.5,2,540.28,538.29999999997,229.7,4,3
1759005416.8619246,0,0.323,1.5,2,540.26,538.19999999997,229.7,3,3
1759005416.8714297,0,0.323,1.5,2,540.16,538.09999999997,229.7,2,3
1759005416.8814838,0,0.324,1.5,2,540.06,537.99999999997,229.7,3,4
1759005416.8919516,0,0.3245,1.5,2,539.98,537.89999999997,229.65,3,4
1759005416.9019415,0,0.325,1.5,2,539.84,537.7999999999699,229.6,3,4
1759005416.9121594,0,0.3255,1.5,2,539.74,537.6999999999699,229.55,2,6
1759005416.9227784,0,0.326,1.5,2,539.66,537.5999999999699,229.55,2,6
1759005416.9326158,0,0.327,1.5,2,539.56,537.4999999999699,229.6,3,5
1759005416.9433813,0,0.3295,1.5,2,539.46,537.3999999999699,229.64999999999998,4,6
1759005416.9532263,0,0.331,1.5,2,539.36,537.2999999999698,229.7,4,5
1759005416.9633017,0,0.3305,1.5,2,539.26,537.1999999999698,229.85,3,3
1759005416.9735694,0,0.3305,1.5,2,539.18,537.0999999999698,230.05,3,4
1759005416.9835267,0,0.33,1.5,2,539.08,536.9999999999698,230.2,3,3
1759005416.9935567,0,0.331,1.5,2,538.8,536.8999999999697,230.3,3,6
1759005417.0040886,0,0.3325,1.5,2,538.7,536.7999999999697,230.35000000000002,3,6
1759005417.0137703,0,0.33399999999999996,1.5,2,538.62,536.6999999999697,230.4,4,5
1759005417.024167,0,0.33499999999999996,1.5,2,538.52,536.5999999999697,230.4,3,5
1759005417.034751,0,0.33499999999999996,1.5,2,538.42,536.4999999999696,230.4,2,5
1759005417.0448942,0,0.33599999999999997,1.5,2,538.32,536.3999999999696,230.4,4,5
1759005417.0550535,0,0.33699999999999997,1.5,2,538.24,536.2999999999696,230.45,4,5
1759005417.0648491,0,0.33949999999999997,1.5,2,538.14,536.1999999999696,230.45,4,5
1759005417.0752542,0,0.34149999999999997,1.5,2,538.06,536.0999999999696,230.45,3,5
1759005417.085776,0,0.34299999999999997,1.5,2,537.74,535.9999999999695,230.5,3,6
1759005417.0955138,0,0.34349999999999997,1.5,2,537.64,535.8999999999695,230.55,3,5
1759005417.1055274,0,0.344,1.5,2,537.56,535.7999999999695,230.64999999999998,3,4
1759005417.1149564,0,0.3445,1.5,2,537.46,535.6999999999695,230.8,3,5
1759005417.1250038,0,0.3455,1.5,2,537.38,535.5999999999694,231.0,3,5
1759005417.135606,0,0.347,1.5,2,537.26,535.4999999999694,231.14999999999998,3,5
1759005417.1469755,0,0.3475,1.5,2,537.16,535.3999999999694,231.2,3,4
1759005417.156679,0,0.3485,1.5,2,537.06,535.2999999999694,231.2,3,5
1759005417.1667545,0,0.3475,1.5,2,536.98,535.1999999999694,231.15,2,4
1759005417.1770265,0,0.348,1.5,2,536.88,535.0999999999693,231.1,4,4
1759005417.1868167,0,0.3485,1.5,2,536.8,534.9999999999693,231.1,3,5
1759005417.1968992,0,0.349,1.5,2,536.96,534.8999999999693,231.10000000000002,3,5
1759005417.2076514,0,0.3505,1.5,2,536.86,534.7999999999693,231.05,4,6
1759005417.2177358,0,0.3505,1.5,2,536.78,534.6999999999692,231.0,3,4
1759005417.22738,0,0.3505,1.5,2,536.68,534.5999999999692,230.95,3,4
1759005417.237529,0,0.3515,1.5,2,536.58,534.4999999999692,231.05,3,4
1759005417.248266,0,0.3515,1.5,2,536.48,534.3999999999692,231.14999999999998,3,6
1759005417.2582178,0,0.3535,1.5,2,536.4,534.2999999999691,231.2,3,5
1759005417.268815,0,0.355,1.5,2,536.32,534.1999999999691,231.15,4,5
1759005417.2788088,0,0.3555,1.5,2,536.22,534.0999999999691,231.14999999999998,3,3
1759005417.2886992,0,0.356,1.5,2,536.12,533.9999999999691,231.14999999999998,3,4
1759005417.298866,0,0.357,1.5,2,536.04,533.899999999969,231.15,4,4
1759005417.308682,0,0.358,1.5,2,535.96,533.799999999969,231.15,3,5
1759005417.3187542,0,0.3585,1.5,2,535.86,533.699999999969,231.15,4,4
1759005417.3297088,0,0.359,1.5,2,535.76,533.599999999969,231.2,3,5
1759005417.339832,0,0.359,1.5,2,535.66,533.499999999969,231.35,3,5
1759005417.349807,0,0.359,1.5,2,535.56,533.3999999999689,231.39999999999998,4,3
1759005417.359783,0,0.3605,1.5,2,535.46,533.2999999999689,231.4,4,6
1759005417.3696012,0,0.3615,1.5,2,535.36,533.1999999999689,231.4,4,5
1759005417.3804896,0,0.362,1.5,2,535.26,533.0999999999689,231.4,3,5
1759005417.390526,0,0.3625,1.5,2,534.96,532.9999999999688,231.4,2,4
1759005417.4007037,0,0.3635,1.5,2,535.08,532.8999999999688,231.4,3,4
1759005417.4109602,0,0.364,1.5,2,534.98,532.7999999999688,231.35000000000002,4,4
1759005417.4209113,0,0.365,1.5,2,534.88,532.6999999999688,231.35000000000002,5,4
1759005417.4314365,0,0.3645,1.5,2,534.8,532.5999999999688,231.35000000000002,3,4
1759005417.441695,0,0.365,1.5,2,534.72,532.4999999999687,231.35000000000002,3,5
1759005417.4517918,0,0.366,1.5,2,534.6,532.3999999999687,231.35000000000002,4,4
1759005417.461743,0,0.368,1.5,2,534.5,532.2999999999687,231.4,6,4
1759005417.4716418,0,0.3685,1.5,2,534.4,532.1999999999687,231.5,4,3
1759005417.4815652,0,0.3685,1.5,2,534.3,532.0999999999686,231.60000000000002,4,4
1759005417.4927018,0,0.3695,1.5,2,534.2,531.9999999999686,231.65,4,5
1759005417.5025716,0,0.3705,1.5,2,534.1,531.8999999999686,231.6,3,5
1759005417.5127277,0,0.3705,1.5,2,534,531.7999999999686,231.6,3,4
1759005417.5225818,0,0.3715,1.5,2,533.9,531.6999999999686,231.55,3,5
1759005417.5325863,0,0.372,1.5,2,533.8,531.5999999999685,231.55,3,5
1759005417.543229,0,0.3735,1.5,2,533.72,531.4999999999685,231.5,3,5
1759005417.5534065,0,0.375,1.5,2,533.62,531.3999999999685,231.45,4,5
1759005417.5639431,0,0.375,1.5,2,533.52,531.2999999999685,231.5,2,5
1759005417.5743632,0,0.3755,1.5,2,533.4,531.1999999999684,231.5,3,4
1759005417.5839558,0,0.3755,1.5,2,533.32,531.0999999999684,231.4,3,4
1759005417.5944777,0,0.3755,1.5,2,533.22,530.9999999999684,231.3,2,5
1759005417.6045508,0,0.3755,1.5,2,533.14,530.8999999999684,231.2,2,5
1759005417.614912,0,0.3755,1.5,2,533.04,530.7999999999683,231.2,3,6
1759005417.6246057,0,0.376,1.5,2,532.94,530.6999999999683,231.14999999999998,3,4
1759005417.6354532,0,0.376,1.5,2,532.84,530.5999999999683,231.15,3,4
1759005417.645556,0,0.377,1.5,2,532.74,530.4999999999683,231.10000000000002,4,4
1759005417.6559403,0,0.377,1.5,2,532.62,530.3999999999683,231.05,3,4
1759005417.6654727,0,0.378,1.5,2,532.52,530.2999999999682,231.05,3,4
1759005417.6757948,0,0.377,1.5,2,532.42,530.1999999999682,231.10000000000002,2,4
1759005417.686055,0,0.377,1.5,2,532.32,530.0999999999682,231.10000000000002,2,4
1759005417.6957624,0,0.3785,1.5,2,532.22,529.9999999999682,231.10000000000002,3,5
1759005417.7064853,0,0.379,1.5,2,532.1,529.8999999999681,231.15,3,4
1759005417.7167172,0,0.379,1.5,2,531.98,529.7999999999681,231.3,2,5
1759005417.726666,0,0.379,1.5,2,531.88,529.6999999999681,231.45,3,4
1759005417.7368274,0,0.379,1.5,2,531.78,529.5999999999681,231.5,3,4
1759005417.7473123,0,0.3795,1.5,2,531.68,529.499999999968,231.5,3,5
1759005417.7577047,0,0.38,1.5,2,531.6,529.399999999968,231.5,3,5
1759005417.7675104,0,0.38,1.5,2,531.5,529.299999999968,231.5,3,4
1759005417.7777207,0,0.3805,1.5,2,531.4,529.199999999968,231.5,3,4
1759005417.7879534,0,0.3795,1.5,2,531.3,529.099999999968,231.5,3,5
1759005417.7979877,0,0.3805,1.5,2,531.2,528.9999999999679,231.55,3,5
1759005417.808452,0,0.3815,1.5,2,531.1,528.8999999999679,231.65,4,5
1759005417.8177683,0,0.382,1.5,2,531,528.7999999999679,231.75,3,5
1759005417.8288414,0,0.3835,1.5,2,530.92,528.6999999999679,231.85,4,5
1759005417.8387136,0,0.3845,1.5,2,530.84,528.5999999999678,231.95,4,4
1759005417.8485298,0,0.385,1.5,2,530.74,528.4999999999678,232.1,4,4
1759005417.8592465,0,0.387,1.5,2,530.6,528.3999999999678,232.2,4,4
1759005417.8690484,0,0.3875,1.5,2,530.46,528.2999999999678,232.2,3,5
1759005417.878854,0,0.388,1.5,2,530.36,528.1999999999678,232.2,3,4
1759005417.8893769,0,0.39,1.5,2,530.3,528.0999999999677,232.2,4,5
1759005417.8994591,0,0.391,1.5,2,530.24,527.9999999999677,232.2,4,5
1759005417.9094439,0,0.392,1.5,2,530.16,527.8999999999677,232.2,3,6
1759005417.9196286,0,0.3935,1.5,2,530.24,527.7999999999677,232.14999999999998,4,6
1759005417.929838,0,0.395,1.5,2,530.08,527.6999999999676,232.1,5,6
1759005417.9401238,0,0.397,1.5,2,529.92,527.5999999999676,232.10000000000002,4,8
1759005417.9501233,0,0.3985,1.5,2,529.74,527.4999999999676,232.10000000000002,4,7
1759005417.960638,0,0.3985,1.5,2,529.34,527.3999999999676,232.10000000000002,3,7
1759005417.97044,0,0.3985,1.5,2,529.34,527.2999999999676,232.2,3,6
1759005417.980493,0,0.4,1.5,2,529.2,527.1999999999675,232.25,3,6
1759005417.990801,0,0.4015,1.5,2,529.06,527.0999999999675,232.25,4,6
1759005418.0007288,0,0.404,1.5,2,528.88,526.9999999999675,232.2,4,7
1759005418.0115805,0,0.404,1.5,2,528.74,526.8999999999675,232.15,3,6
1759005418.021506,0,0.4035,1.5,2,528.82,526.7999999999674,232.05,3,5
1759005418.0313902,0,0.403,1.5,2,528.64,526.6999999999674,232.0,2,6
1759005418.0419579,0,0.404,1.5,2,528.48,526.5999999999674,231.95,4,6
1759005418.0523834,0,0.4055,1.5,2,528.34,526.4999999999674,231.95,3,7
1759005418.0626106,0,0.40650000000000003,1.5,2,528.18,526.3999999999673,231.95,4,7
1759005418.0729141,0,0.40750000000000003,1.5,2,528,526.2999999999673,231.95,4,7
1759005418.0827167,0,0.40750000000000003,1.5,2,527.84,526.1999999999673,231.89999999999998,3,6
1759005418.093354,0,0.40750000000000003,1.5,2,527.68,526.0999999999673,231.8,2,6
1759005418.1034172,0,0.40800000000000003,1.5,2,527.52,525.9999999999673,231.65,4,6
1759005418.113681,0,0.40900000000000003,1.5,2,527.52,525.8999999999672,231.55,4,6
1759005418.12389,0,0.41000000000000003,1.5,2,527.38,525.7999999999672,231.39999999999998,3,6
1759005418.133838,0,0.41050000000000003,1.5,2,527.2,525.6999999999672,231.25,3,6
1759005418.14392,0,0.41150000000000003,1.5,2,527.02,525.5999999999672,231.15,4,6
1759005418.154239,0,0.4125,1.5,2,526.88,525.4999999999671,231.1,3,7
1759005418.1642225,0,0.414,1.5,2,526.7,525.3999999999671,231.05,3,7
1759005418.1742754,0,0.4135,1.5,2,526.54,525.2999999999671,230.95,2,5
1759005418.1845937,0,0.414,1.5,2,526.4,525.1999999999671,230.9,2,5
1759005418.1949577,0,0.4145,1.5,2,526.22,525.099999999967,230.9,3,6
1759005418.204927,0,0.415,1.5,2,526.06,524.999999999967,230.95,3,6
1759005418.215,0,0.415,1.5,2,525.66,524.899999999967,231.0,3,5
1759005418.2254527,0,0.415,1.5,2,525.52,524.799999999967,231.05,4,6
1759005418.2355175,0,0.4155,1.5,2,525.34,524.699999999967,231.10000000000002,3,5
1759005418.245882,0,0.417,1.5,2,525.18,524.5999999999669,231.15,4,6
1759005418.2556717,0,0.418,1.5,2,525.04,524.4999999999669,231.15,3,6
1759005418.2663126,0,0.4185,1.5,2,524.9,524.3999999999669,231.10000000000002,4,6
1759005418.2762215,0,0.42,1.5,2,524.74,524.2999999999669,231.10000000000002,4,7
1759005418.2863731,0,0.419,1.5,2,524.58,524.1999999999668,231.10000000000002,2,5
1759005418.2967043,0,0.42,1.5,2,524.42,524.0999999999668,231.10000000000002,2,6
1759005418.3066287,0,0.4205,1.5,2,524.28,523.9999999999668,231.15,2,6
1759005418.3165593,0,0.42,1.5,2,524.04,523.8999999999668,231.2,1,6
1759005418.3275807,0,0.42,1.5,2,523.86,523.7999999999668,231.3,2,6
1759005418.3371162,0,0.42,1.5,2,523.7,523.6999999999667,231.39999999999998,3,5
1759005418.3478298,0,0.42,1.5,2,523.54,523.5999999999667,231.5,3,5
1759005418.3580055,0,0.4205,1.5,2,523.4,523.4999999999667,231.55,4,5
1759005418.3677056,0,0.421,1.5,2,523.22,523.3999999999667,231.60000000000002,3,5
1759005418.3776991,0,0.42,1.5,2,523.04,523.2999999999666,231.60000000000002,3,5
1759005418.387655,0,0.4205,1.5,2,522.88,523.1999999999666,231.6,4,6
1759005418.397695,0,0.4215,1.5,2,522.7,523.0999999999666,231.64999999999998,4,6
1759005418.4079463,0,0.4245,1.5,2,522.54,522.9999999999666,231.7,5,7
1759005418.4182932,0,0.4255,1.5,2,522.38,522.8999999999666,231.7,3,6
1759005418.428352,0,0.426,1.5,2,522.2,522.7999999999665,231.7,4,5
1759005418.4388213,0,0.4265,1.5,2,522.06,522.6999999999665,231.6,3,7
1759005418.448541,0,0.428,1.5,2,521.9,522.5999999999665,231.55,4,6
1759005418.4588537,0,0.4285,1.5,2,521.74,522.4999999999665,231.5,4,5
1759005418.469047,0,0.4285,1.5,2,521.6,522.3999999999664,231.45,3,5
1759005418.4794636,0,0.4275,1.5,2,521.44,522.2999999999664,231.3,3,5
1759005418.4897535,0,0.4295,1.5,2,521.3,522.1999999999664,231.15,4,7
1759005418.499887,0,0.43,1.5,2,521.07,522.0999999999664,231.0,2,7
1759005418.5101113,0,0.43,1.5,2,521.07,521.9999999999663,231.0,3,6
1759005418.5201852,0,0.43,1.5,2,520.89,521.8999999999663,231.14999999999998,3,5
1759005418.5297754,0,0.431,1.5,2,520.71,521.7999999999663,231.25,3,6
1759005418.540825,0,0.4305,1.5,2,520.55,521.6999999999663,231.35,2,5
1759005418.5507357,0,0.4305,1.5,2,520.39,521.5999999999663,231.35,2,6
1759005418.5605817,0,0.43,1.5,2,520.25,521.4999999999662,231.39999999999998,2,5
1759005418.5713081,0,0.4295,1.5,2,520.07,521.3999999999662,231.45,3,5
1759005418.5810251,0,0.43,1.5,2,519.91,521.2999999999662,231.35000000000002,2,6
1759005418.5915546,0,0.43,1.5,2,519.79,521.1999999999662,231.3,2,5
1759005418.601892,0,0.431,1.5,2,519.63,521.0999999999661,231.35,3,6
1759005418.6118493,0,0.4315,1.5,2,519.47,520.9999999999661,231.45,3,5
1759005418.6217453,0,0.4325,1.5,2,519.09,520.8999999999661,231.60000000000002,4,5
1759005418.6319845,0,0.4325,1.5,2,518.93,520.7999999999661,231.7,4,5
1759005418.6424804,0,0.4325,1.5,2,518.77,520.699999999966,231.8,2,5
1759005418.652514,0,0.4325,1.5,2,518.59,520.599999999966,231.85,3,4
1759005418.6624496,0,0.4325,1.5,2,518.43,520.499999999966,231.85,3,5
1759005418.6734354,0,0.434,1.5,2,518.27,520.399999999966,231.85,3,7
1759005418.6834874,0,0.435,1.5,2,518.09,520.299999999966,231.85000000000002,3,6
1759005418.6931872,0,0.437,1.5,2,517.93,520.1999999999659,231.85000000000002,3,7
1759005418.7039142,0,0.4385,1.5,2,517.75,520.0999999999659,231.9,3,6
1759005418.7139292,0,0.439,1.5,2,517.61,519.9999999999659,231.9,3,6
1759005418.7243543,0,0.44,1.5,2,517.51,519.8999999999659,231.85000000000002,3,6
1759005418.7341769,0,0.4415,1.5,2,517.37,519.7999999999658,231.7,4,6
1759005418.7443442,0,0.443,1.5,2,517.16,519.6999999999658,231.6,3,7
1759005418.7548466,0,0.4445,1.5,2,516.98,519.5999999999658,231.55,3,7
1759005418.7652395,0,0.4455,1.5,2,516.8,519.4999999999658,231.55,3,7
1759005418.77506,0,0.446,1.5,2,516.64,519.3999999999658,231.55,3,6
1759005418.7850916,0,0.4475,1.5,2,516.48,519.2999999999657,231.5,4,6
1759005418.795158,0,0.4485,1.5,2,516.3,519.1999999999657,231.45,3,6
1759005418.8051994,0,0.45,1.5,2,516.09,519.0999999999657,231.45,3,8
1759005418.8157766,0,0.4505,1.5,2,515.95,518.9999999999657,231.45,3,6
1759005418.8255506,0,0.4505,1.5,2,515.79,518.8999999999656,231.45,3,6
1759005418.836128,0,0.451,1.5,2,515.61,518.7999999999656,231.45,2,7
1759005418.8464038,0,0.451,1.5,2,515.45,518.6999999999656,231.5,3,6
1759005418.8567414,0,0.452,1.5,2,515.29,518.5999999999656,231.55,3,7
1759005418.866705,0,0.453,1.5,2,515.13,518.4999999999656,231.64999999999998,3,7
1759005418.876792,0,0.454,1.5,2,514.95,518.3999999999655,231.7,3,7
1759005418.886888,0,0.455,1.5,2,514.79,518.2999999999655,231.7,3,7
1759005418.8971481,0,0.4565,1.5,2,514.59,518.1999999999655,231.7,3,7
1759005418.9073362,0,0.4565,1.5,2,514.47,518.0999999999655,231.75,3,6
1759005418.9173408,0,0.456,1.5,2,514.39,517.9999999999654,231.8,2,6
1759005418.927473,0,0.4555,1.5,2,514.31,517.8999999999654,231.85000000000002,3,5
1759005418.9376853,0,0.4555,1.5,2,514.15,517.7999999999654,231.9,3,7
1759005418.9480517,0,0.455,1.5,2,514.02,517.6999999999654,231.95,3,7
1759005418.9579268,0,0.454,1.5,2,513.91,517.5999999999653,231.89999999999998,2,8
1759005418.9691112,0,0.454,1.5,2,513.84,517.4999999999653,231.95,2,9
1759005418.9790497,0,0.4545,1.5,2,513.73,517.3999999999653,232.0,2,9
1759005418.9886672,0,0.455,1.5,2,513.67,517.2999999999653,231.95,2,8
1759005418.999148,0,0.4555,1.5,2,513.52,517.1999999999653,231.85,2,8
1759005419.0092895,0,0.456,1.5,2,513.37,517.0999999999652,231.75,2,9
1759005419.019824,0,0.4555,1.5,2,513.3,516.9999999999652,231.75,3,7
1759005419.0294201,0,0.456,1.5,2,513.15,516.8999999999652,231.75,2,8
1759005419.0395546,0,0.4565,1.5,2,512.78,516.7999999999652,231.8,3,6
1759005419.0498712,0,0.458,1.5,2,512.67,516.6999999999651,231.85000000000002,3,8
1759005419.060364,0,0.458,1.5,2,512.52,516.5999999999651,231.9,3,7
1759005419.0706604,0,0.4585,1.5,2,512.41,516.4999999999651,231.89999999999998,3,8
1759005419.0808127,0,0.4585,1.5,2,512.26,516.3999999999651,231.9,3,8
1759005419.090928,0,0.4585,1.5,2,512.19,516.299999999965,231.85000000000002,3,8
1759005419.1013038,0,0.4595,1.5,2,512.06,516.199999999965,231.85,3,8
1759005419.1107972,0,0.461,1.5,2,511.97,516.099999999965,231.95,3,8
1759005419.1213799,0,0.461,1.5,2,511.88,515.999999999965,232.05,3,7
1759005419.1319618,0,0.4605,1.5,2,511.86,515.899999999965,232.05,2,7
1759005419.1417992,0,0.461,1.5,2,511.71,515.7999999999649,232.0,2,8
1759005419.1522582,0,0.4615,1.5,2,511.64,515.6999999999649,232.0,3,7
1759005419.161938,0,0.462,1.5,2,511.51,515.5999999999649,232.0,2,9
1759005419.1723182,0,0.462,1.5,2,511.38,515.4999999999649,232.05,2,8
1759005419.1826892,0,0.4615,1.5,2,511.31,515.3999999999648,232.2,3,6
1759005419.1928256,0,0.462,1.5,2,511.18,515.2999999999648,232.35,2,6
1759005419.2033215,0,0.4625,1.5,2,511.03,515.1999999999648,232.5,2,6
1759005419.2135403,0,0.462,1.5,2,510.92,515.0999999999648,232.6,2,6
1759005419.2234428,0,0.462,1.5,2,510.79,514.9999999999648,232.6,2,7
1759005419.2336965,0,0.4625,1.5,2,510.93,514.8999999999647,232.6,2,7
1759005419.2441332,0,0.462,1.5,2,510.78,514.7999999999647,232.6,2,7
1759005419.2538757,0,0.463,1.5,2,510.65,514.6999999999647,232.65,3,7
1759005419.2643797,0,0.463,1.5,2,510.52,514.5999999999647,232.75,2,8
1759005419.2750409,0,0.463,1.5,2,510.41,514.4999999999646,232.75,2,7
1759005419.2845392,0,0.4625,1.5,2,510.26,514.3999999999646,232.75,3,6
1759005419.294986,0,0.462,1.5,2,510.17,514.2999999999646,232.8,3,7
1759005419.3052921,0,0.462,1.5,2,510.04,514.1999999999646,232.9,1,6
1759005419.3152843,0,0.462,1.5,2,509.91,514.0999999999646,233.0,1,7
1759005419.325845,0,0.463,1.5,2,509.76,513.9999999999645,233.0,2,8
1759005419.3356738,0,0.4645,1.5,2,509.47,513.8999999999645,232.95,2,8
1759005419.3464544,0,0.465,1.5,2,509.4,513.7999999999645,232.85,2,7
1759005419.3561285,0,0.4665,1.5,2,509.31,513.6999999999645,232.8,3,8
1759005419.366915,0,0.467,1.5,2,509.22,513.5999999999644,232.75,2,7
1759005419.3768413,0,0.4665,1.5,2,509.07,513.4999999999644,232.7,1,7
1759005419.3869832,0,0.4665,1.5,2,508.98,513.3999999999644,232.7,2,6
1759005419.3970177,0,0.4675,1.5,2,508.87,513.2999999999644,232.75,3,7
1759005419.4075973,0,0.4675,1.5,2,508.74,513.1999999999643,232.8,3,7
1759005419.417727,0,0.4675,1.5,2,508.61,513.0999999999643,232.8,2,8
1759005419.4277964,0,0.4665,1.5,2,508.46,512.9999999999643,232.85,3,7
1759005419.4381433,0,0.4665,1.5,2,508.07,512.8999999999643,232.9,2,7
1759005419.4481316,0,0.4675,1.5,2,508,512.7999999999643,232.95,3,8
1759005419.4581943,0,0.468,1.5,2,507.89,512.6999999999642,233.10000000000002,3,8
1759005419.4686816,0,0.468,1.5,2,507.8,512.5999999999642,233.25,1,9
1759005419.4787693,0,0.4685,1.5,2,507.69,512.4999999999642,233.3,2,8
1759005419.488929,0,0.468,1.5,2,507.58,512.3999999999642,233.35000000000002,1,6
1759005419.4993222,0,0.468,1.5,2,507.45,512.2999999999641,233.4,2,6
1759005419.50937,0,0.4665,1.5,2,507.3,512.1999999999641,233.55,1,7
1759005419.519671,0,0.4665,1.5,2,507.24,512.0999999999641,233.75,2,7
1759005419.529987,0,0.467,1.5,2,506.95,511.9999999999641,233.9,2,8
1759005419.5400987,0,0.4675,1.5,2,507.05,511.89999999996405,234.0,2,7
1759005419.550572,0,0.468,1.5,2,506.94,511.79999999996403,234.0,2,8
1759005419.5608385,0,0.46900000000000003,1.5,2,506.87,511.699999999964,234.0,3,6
1759005419.570684,0,0.47000000000000003,1.5,2,506.78,511.599999999964,234.0,2,8
1759005419.5808046,0,0.47150000000000003,1.5,2,506.67,511.49999999996396,234.0,2,8
1759005419.5906308,0,0.47150000000000003,1.5,2,506.58,511.39999999996394,234.05,2,6
1759005419.601035,0,0.47200000000000003,1.5,2,506.45,511.2999999999639,234.2,2,7
1759005419.6111283,0,0.47300000000000003,1.5,2,506.34,511.1999999999639,234.3,2,7
1759005419.6207495,0,0.47350000000000003,1.5,2,506.21,511.09999999996387,234.35000000000002,3,7
1759005419.631124,0,0.47400000000000003,1.5,2,506.08,510.99999999996385,234.4,2,7
1759005419.6415455,0,0.47450000000000003,1.5,2,506.16,510.8999999999638,234.45,2,8
1759005419.6516933,0,0.47500000000000003,1.5,2,506.07,510.7999999999638,234.45,2,8
1759005419.6616964,0,0.47600000000000003,1.5,2,505.98,510.6999999999638,234.4,2,7
1759005419.671649,0,0.47700000000000004,1.5,2,505.89,510.59999999996376,234.35000000000002,2,7
1759005419.6818783,0,0.47750000000000004,1.5,2,505.76,510.49999999996373,234.45,1,8
1759005419.6924126,0,0.47800000000000004,1.5,2,505.63,510.3999999999637,234.5,2,9
1759005419.702573,0,0.47850000000000004,1.5,2,505.5,510.2999999999637,234.5,2,8
1759005419.7130227,0,0.47800000000000004,1.5,2,505.35,510.19999999996367,234.55,2,7
1759005419.7227385,0,0.47750000000000004,1.5,2,505.28,510.09999999996364,234.6,2,6
1759005419.733176,0,0.47800000000000004,1.5,2,505.17,509.9999999999636,234.75,3,7
1759005419.7436905,0,0.47800000000000004,1.5,2,504.84,509.8999999999636,234.9,2,7
1759005419.7533705,0,0.47750000000000004,1.5,2,504.75,509.7999999999636,235.05,2,7
1759005419.7636578,0,0.47700000000000004,1.5,2,504.71,509.69999999996355,235.14999999999998,2,7
1759005419.7740724,0,0.47600000000000003,1.5,2,504.64,509.59999999996353,235.25,2,6
1759005419.7842553,0,0.47500000000000003,1.5,2,504.57,509.4999999999635,235.35000000000002,1,7
1759005419.7947733,0,0.47600000000000003,1.5,2,504.48,509.3999999999635,235.5,3,8
1759005419.8044937,0,0.47650000000000003,1.5,2,504.39,509.29999999996346,235.55,3,8
1759005419.8150814,0,0.47750000000000004,1.5,2,504.3,509.19999999996344,235.55,3,8
1759005419.8246162,0,0.47650000000000003,1.5,2,504.26,509.0999999999634,235.5,2,7
1759005419.835582,0,0.47600000000000003,1.5,2,504.13,508.9999999999634,235.45,1,7
1759005419.84566,0,0.47550000000000003,1.5,2,504,508.89999999996337,235.45,1,7
1759005419.8557715,0,0.47500000000000003,1.5,2,503.91,508.79999999996335,235.4,1,7
1759005419.8661096,0,0.47450000000000003,1.5,2,503.82,508.6999999999633,235.3,1,7
1759005419.8760839,0,0.47450000000000003,1.5,2,503.69,508.5999999999633,235.2,2,8
1759005419.886424,0,0.47400000000000003,1.5,2,503.56,508.4999999999633,235.14999999999998,2,7
1759005419.8962903,0,0.47400000000000003,1.5,2,503.49,508.39999999996326,235.14999999999998,3,7
1759005419.90651,0,0.47450000000000003,1.5,2,503.4,508.29999999996323,235.2,3,8
1759005419.9165294,0,0.47600000000000003,1.5,2,503.27,508.1999999999632,235.25,4,9
1759005419.9270067,0,0.47650000000000003,1.5,2,503.21,508.0999999999632,235.3,2,8
1759005419.9365685,0,0.47700000000000004,1.5,2,503.04,507.99999999996317,235.35,2,7
1759005419.9468074,0,0.47900000000000004,1.5,2,502.89,507.89999999996314,235.45,3,9
1759005419.9567122,0,0.48000000000000004,1.5,2,502.66,507.7999999999631,235.6,3,9
1759005419.9673367,0,0.48100000000000004,1.5,2,502.64,507.6999999999631,235.7,2,10
1759005419.9771051,0,0.48200000000000004,1.5,2,502.6,507.5999999999631,235.85000000000002,3,9
1759005419.9881039,0,0.48300000000000004,1.5,2,502.54,507.49999999996305,235.89999999999998,3,10
1759005419.9984207,0,0.4835,1.5,2,502.52,507.39999999996303,235.95,3,9
1759005420.008107,0,0.4835,1.5,2,502.44,507.299999999963,236.05,2,8
1759005420.0178332,0,0.484,1.5,2,502.42,507.199999999963,236.2,2,9
1759005420.0282235,0,0.4845,1.5,2,502.4,507.09999999996296,236.3,3,9
1759005420.0386803,0,0.485,1.5,2,502.34,506.99999999996294,236.39999999999998,2,9
1759005420.0487385,0,0.486,1.5,2,502.34,506.8999999999629,236.5,2,10
1759005420.0586493,0,0.487,1.5,2,502.51,506.7999999999629,236.54999999999998,1,10
1759005420.0691354,0,0.4875,1.5,2,502.49,506.69999999996287,236.55,2,10
1759005420.0794702,0,0.488,1.5,2,502.49,506.59999999996285,236.5,2,9
1759005420.0896425,0,0.4885,1.5,2,502.43,506.4999999999628,236.5,2,10
1759005420.0998461,0,0.4885,1.5,2,502.43,506.3999999999628,236.55,2,9
1759005420.1096625,0,0.489,1.5,2,502.37,506.2999999999628,236.6,2,10
1759005420.1203008,0,0.49,1.5,2,502.35,506.19999999996276,236.6,2,11
1759005420.1305544,0,0.49,1.5,2,502.29,506.09999999996273,236.55,2,9
1759005420.1403954,0,0.49,1.5,2,502.23,505.9999999999627,236.5,1,9
1759005420.1509216,0,0.4915,1.5,2,501.94,505.8999999999627,236.6,3,9
1759005420.161037,0,0.491,1.5,2,501.92,505.79999999996267,236.75,0,9
1759005420.1707432,0,0.4905,1.5,2,501.86,505.69999999996264,236.85,2,7
1759005420.1812985,0,0.49,1.5,2,501.78,505.5999999999626,236.9,2,8
1759005420.191779,0,0.4905,1.5,2,501.76,505.4999999999626,236.95,2,9
1759005420.2016277,0,0.492,1.5,2,501.62,505.3999999999626,236.95,2,10
1759005420.2120512,0,0.4935,1.5,2,501.52,505.29999999996255,237.0,2,9
1759005420.2225847,0,0.495,1.5,2,501.42,505.19999999996253,236.95,1,10
1759005420.232159,0,0.4965,1.5,2,501.4,505.0999999999625,236.95,2,9
1759005420.242436,0,0.497,1.5,2,501.38,504.9999999999625,237.05,2,8
1759005420.2528834,0,0.498,1.5,2,501.09,504.89999999996246,237.14999999999998,2,9
1759005420.2630503,0,0.4995,1.5,2,501.07,504.79999999996244,237.25,2,10
1759005420.2729628,0,0.5,1.5,2,501.07,504.6999999999624,237.35,2,9
1759005420.2834356,0,0.5005000000000001,1.5,2,501.05,504.5999999999624,237.4,2,9
1759005420.2936854,0,0.5025000000000001,1.5,2,500.99,504.49999999996237,237.5,3,10
1759005420.3037686,0,0.5035000000000001,1.5,2,500.97,504.39999999996235,237.55,2,9
1759005420.3139563,0,0.5035000000000001,1.5,2,500.91,504.2999999999623,237.55,2,8
1759005420.3234947,0,0.5045000000000001,1.5,2,500.89,504.1999999999623,237.5,1,8
1759005420.334395,0,0.506,1.5,2,500.87,504.0999999999623,237.5,2,9
1759005420.3442569,0,0.506,1.5,2,500.85,503.99999999996226,237.55,2,8
1759005420.3547084,0,0.507,1.5,2,500.98,503.89999999996223,237.64999999999998,3,9
1759005420.364598,0,0.508,1.5,2,500.88,503.7999999999622,237.75,2,9
1759005420.3749151,0,0.5075000000000001,1.5,2,500.82,503.6999999999622,237.8,2,8
1759005420.3847353,0,0.5085000000000001,1.5,2,500.76,503.59999999996217,237.9,3,8
1759005420.394791,0,0.509,1.5,2,500.74,503.49999999996214,237.95,2,7
1759005420.4051416,0,0.511,1.5,2,500.62,503.3999999999621,238.05,4,8
1759005420.41555,0,0.5105000000000001,1.5,2,500.6,503.2999999999621,238.1,2,7
1759005420.4254355,0,0.511,1.5,2,500.58,503.1999999999621,238.14999999999998,3,8
1759005420.4361396,0,0.5105000000000001,1.5,2,500.5,503.09999999996205,238.25,1,8
1759005420.4460316,0,0.511,1.5,2,500.65,502.99999999996203,238.25,2,9
1759005420.4562998,0,0.5125000000000001,1.5,2,500.65,502.899999999962,238.25,3,9
1759005420.4667175,0,0.5125000000000001,1.5,2,500.59,502.799999999962,238.29999999999998,3,8
1759005420.4766822,0,0.5125000000000001,1.5,2,500.53,502.69999999996196,238.35,2,9
1759005420.4867744,0,0.513,1.5,2,500.47,502.59999999996194,238.4,3,8
1759005420.4966056,0,0.5125000000000001,1.5,2,500.43,502.4999999999619,238.5,2,7
1759005420.5071135,0,0.515,1.5,2,500.29,502.3999999999619,238.60000000000002,3,9
1759005420.5175142,0,0.5165,1.5,2,500.19,502.29999999996187,238.79999999999998,3,8
1759005420.5278504,0,0.5175,1.5,2,500.17,502.19999999996185,238.89999999999998,2,8
1759005420.5377893,0,0.518,1.5,2,500.15,502.0999999999618,238.95,2,8
1759005420.547611,0,0.5185,1.5,2,500.13,501.9999999999618,238.95,2,9
1759005420.5582724,0,0.52,1.5,2,499.9,501.8999999999618,238.95,3,9
1759005420.5679348,0,0.5205,1.5,2,499.88,501.79999999996176,239.0,2,9
1759005420.5782576,0,0.521,1.5,2,499.82,501.69999999996173,239.05,2,8
1759005420.5886366,0,0.5205,1.5,2,499.76,501.5999999999617,239.15,1,8
1759005420.5989637,0,0.52,1.5,2,499.7,501.4999999999617,239.3,2,7
1759005420.6088524,0,0.5215,1.5,2,499.66,501.39999999996166,239.4,3,8
1759005420.618637,0,0.5225,1.5,2,499.56,501.29999999996164,239.45000000000002,2,9
1759005420.6287007,0,0.523,1.5,2,499.44,501.1999999999616,239.55,2,8
1759005420.6387057,0,0.5235,1.5,2,499.42,501.0999999999616,239.65,3,8
1759005420.649411,0,0.524,1.5,2,499.4,500.9999999999616,239.75,3,7
1759005420.6596854,0,0.5235,1.5,2,499.3,500.89999999996155,239.8,2,7
1759005420.6697774,0,0.5235,1.5,2,499.24,500.7999999999615,239.85,2,8
1759005420.680038,0,0.5235,1.5,2,499.18,500.6999999999615,239.89999999999998,2,7
1759005420.6899297,0,0.5235,1.5,2,499.14,500.5999999999615,239.95,2,7
1759005420.7006924,0,0.524,1.5,2,499.04,500.49999999996146,240.0,2,8
1759005420.710504,0,0.524,1.5,2,498.98,500.39999999996144,240.1,3,8
1759005420.7209616,0,0.525,1.5,2,498.9,500.2999999999614,240.2,3,9
1759005420.7308793,0,0.526,1.5,2,498.9,500.1999999999614,240.3,3,8
1759005420.7410154,0,0.5275,1.5,2,498.84,500.09999999996137,240.35,3,8
1759005420.7513046,0,0.5285,1.5,2,498.95,499.99999999996135,240.4,3,9
1759005420.7611654,0,0.5295,1.5,2,498.89,499.8999999999613,240.35,3,8
1759005420.7718065,0,0.53,1.5,2,498.83,499.7999999999613,240.3,2,8
1759005420.7821703,0,0.53,1.5,2,498.69,499.6999999999613,240.35000000000002,1,8
1759005420.7920609,0,0.531,1.5,2,498.63,499.59999999996126,240.35,2,8
1759005420.8022146,0,0.532,1.5,2,498.57,499.49999999996123,240.39999999999998,1,9
1759005420.8125308,0,0.532,1.5,2,498.51,499.3999999999612,240.4,2,9
1759005420.822631,0,0.532,1.5,2,498.45,499.2999999999612,240.45000000000002,2,9
1759005420.832615,0,0.531,1.5,2,498.41,499.19999999996116,240.55,2,7
1759005420.8425899,0,0.5315,1.5,2,498.35,499.09999999996114,240.64999999999998,1,9
1759005420.8531218,0,0.533,1.5,2,498.31,498.9999999999611,240.8,2,9
1759005420.863088,0,0.533,1.5,2,498.29,498.8999999999611,240.89999999999998,1,7
1759005420.873296,0,0.533,1.5,2,498.17,498.7999999999611,241.0,1,7
1759005420.8835566,0,0.534,1.5,2,498.11,498.69999999996105,241.1,2,8
1759005420.8940167,0,0.5335,1.5,2,498.01,498.599999999961,241.2,1,8
1759005420.9037275,0,0.533,1.5,2,497.99,498.499999999961,241.15,1,7
1759005420.9141939,0,0.5325,1.5,2,497.93,498.399999999961,241.14999999999998,1,8
1759005420.9244115,0,0.5325,1.5,2,497.87,498.29999999996096,241.2,2,9
1759005420.9348736,0,0.531,1.5,2,497.85,498.19999999996094,241.25,2,8
1759005420.9443884,0,0.5315,1.5,2,497.72,498.0999999999609,241.20000000000002,2,9
1759005420.9543686,0,0.532,1.5,2,497.72,497.9999999999609,241.15,1,9
1759005420.9648912,0,0.532,1.5,2,497.72,497.89999999996087,241.04999999999998,3,9
1759005420.9748795,0,0.5315,1.5,2,497.58,497.79999999996085,240.89999999999998,1,10
1759005420.9849582,0,0.5305,1.5,2,497.39,497.6999999999608,240.9,1,9
1759005420.9945118,0,0.53,1.5,2,497.25,497.5999999999608,240.9,1,10
1759005421.0051785,0,0.529,1.5,2,497.09,497.4999999999608,240.9,1,10
1759005421.0153525,0,0.53,1.5,2,496.95,497.39999999996076,240.89999999999998,2,12
1759005421.025894,0,0.532,1.5,2,496.78,497.29999999996073,240.89999999999998,2,12
1759005421.0358894,0,0.533,1.5,2,496.64,497.1999999999607,240.95,2,11
1759005421.045828,0,0.533,1.5,2,496.5,497.0999999999607,241.05,2,10
1759005421.0560384,0,0.5335,1.5,2,496.36,496.99999999996066,241.05,2,10
1759005421.0666764,0,0.533,1.5,2,496.22,496.89999999996064,241.0,2,9
1759005421.0764954,0,0.533,1.5,2,495.84,496.7999999999606,241.05,1,10
1759005421.086841,0,0.533,1.5,2,495.65,496.6999999999606,241.15,2,10
1759005421.0970922,0,0.5325,1.5,2,495.55,496.5999999999606,241.29999999999998,1,9
1759005421.106941,0,0.532,1.5,2,495.41,496.49999999996055,241.4,1,10
1759005421.11746,0,0.5325,1.5,2,495.25,496.3999999999605,241.5,2,10
1759005421.1274064,0,0.5325,1.5,2,495.06,496.2999999999605,241.60000000000002,2,10
1759005421.1377022,0,0.5325,1.5,2,494.9,496.1999999999605,241.7,2,11
1759005421.1474273,0,0.533,1.5,2,494.71,496.09999999996046,241.8,2,10
1759005421.1573155,0,0.534,1.5,2,494.57,495.99999999996044,241.89999999999998,2,10
1759005421.1678963,0,0.534,1.5,2,494.38,495.8999999999604,241.85000000000002,2,10
1759005421.1775885,0,0.5355,1.5,2,494.22,495.7999999999604,241.8,2,10
1759005421.188337,0,0.5365,1.5,2,494.03,495.69999999996037,241.8,1,10
1759005421.1984272,0,0.5365,1.5,2,493.95,495.59999999996035,241.8,1,9
1759005421.2083642,0,0.537,1.5,2,493.76,495.4999999999603,241.70000000000002,2,10
1759005421.2186077,0,0.537,1.5,2,493.65,495.3999999999603,241.6,2,10
1759005421.228667,0,0.5375,1.5,2,493.54,495.2999999999603,241.5,2,10
1759005421.239123,0,0.538,1.5,2,493.48,495.19999999996026,241.5,1,11
1759005421.249487,0,0.538,1.5,2,493.29,495.09999999996023,241.5,1,10
1759005421.259938,0,0.539,1.5,2,493.15,494.9999999999602,241.5,2,10
1759005421.2699697,0,0.5385,1.5,2,493.21,494.8999999999602,241.5,1,9
1759005421.279645,0,0.5375,1.5,2,493.02,494.79999999996016,241.6,0,10
1759005421.2902,0,0.538,1.5,2,492.88,494.69999999996014,241.70000000000002,2,10
1759005421.3000453,0,0.538,1.5,2,492.72,494.5999999999601,241.8,1,10
1759005421.3105104,0,0.5375,1.5,2,492.53,494.4999999999601,241.8,1,11
1759005421.3206651,0,0.539,1.5,2,492.39,494.3999999999601,241.85000000000002,3,11
1759005421.3306878,0,0.5405,1.5,2,492.25,494.29999999996005,241.9,2,11
1759005421.3408701,0,0.542,1.5,2,492.11,494.19999999996,242.0,2,10
1759005421.351703,0,0.541,1.5,2,491.97,494.09999999996,242.05,0,9
1759005421.3616939,0,0.5405,1.5,2,491.81,493.99999999996,242.10000000000002,0,9
1759005421.3713758,0,0.54,1.5,2,491.72,493.89999999995996,242.1,1,10
1759005421.381497,0,0.54,1.5,2,491.57,493.79999999995994,242.15,1,10
1759005421.392273,0,0.54,1.5,2,491.43,493.6999999999599,242.2,1,9
1759005421.4020953,0,0.5395,1.5,2,491.29,493.5999999999599,242.2,1,9
1759005421.4128203,0,0.5405,1.5,2,491.1,493.49999999995987,242.25,1,10
1759005421.4228165,0,0.54,1.5,2,491.04,493.39999999995985,242.35,1,10
1759005421.4327266,0,0.541,1.5,2,490.9,493.2999999999598,242.5,1,10
1759005421.4429536,0,0.5415,1.5,2,490.76,493.1999999999598,242.6,2,10
1759005421.4538317,0,0.543,1.5,2,490.7,493.0999999999598,242.6,2,10
1759005421.4633875,0,0.5435,1.5,2,490.61,492.99999999995975,242.64999999999998,2,10
1759005421.4738665,0,0.5435,1.5,2,490.47,492.89999999995973,242.7,2,10
1759005421.4837859,0,0.544,1.5,2,490.28,492.7999999999597,242.75,2,10
1759005421.4937613,0,0.5445,1.5,2,490.14,492.6999999999597,242.8,1,11
1759005421.5044596,0,0.5445,1.5,2,489.95,492.59999999995966,242.8,1,10
1759005421.5144083,0,0.545,1.5,2,489.81,492.49999999995964,242.85000000000002,1,9
1759005421.5251248,0,0.5445,1.5,2,489.75,492.3999999999596,242.9,2,9
1759005421.5351837,0,0.5435,1.5,2,489.69,492.2999999999596,242.95,1,8
1759005421.5454564,0,0.5445,1.5,2,489.5,492.1999999999596,242.95,2,10
1759005421.5552943,0,0.546,1.5,2,489.31,492.09999999995955,242.95,2,11
1759005421.5655313,0,0.5465,1.5,2,489.17,491.9999999999595,242.9,1,11
1759005421.5756805,0,0.5475,1.5,2,488.98,491.8999999999595,242.8,2,12
1759005421.585607,0,0.5475,1.5,2,488.79,491.7999999999595,242.8,1,10
1759005421.5960798,0,0.549,1.5,2,488.6,491.69999999995946,242.75,2,11
1759005421.6064198,0,0.5505,1.5,2,488.46,491.59999999995944,242.75,1,11
1759005421.6163442,0,0.5515,1.5,2,488.32,491.4999999999594,242.75,1,10
1759005421.6265697,0,0.5515,1.5,2,488.18,491.3999999999594,242.8,1,10
1759005421.6366947,0,0.551,1.5,2,488.12,491.29999999995937,242.85,1,9
1759005421.646639,0,0.5515,1.5,2,487.99,491.19999999995935,242.89999999999998,0,11
1759005421.656886,0,0.551,1.5,2,487.85,491.0999999999593,242.85,1,9
1759005421.6674578,0,0.551,1.5,2,487.71,490.9999999999593,242.85,1,9
1759005421.677672,0,0.5515,1.5,2,487.58,490.8999999999593,242.89999999999998,0,10
1759005421.6875494,0,0.5515,1.5,2,487.42,490.79999999995925,242.95,1,9
1759005421.6981232,0,0.5525,1.5,2,487.28,490.69999999995923,243.05,2,9
1759005421.7081263,0,0.554,1.5,2,487.14,490.5999999999592,243.1,2,10
1759005421.718973,0,0.555,1.5,2,487.1,490.4999999999592,243.1,1,11
1759005421.7289963,0,0.555,1.5,2,487,490.39999999995916,243.14999999999998,1,10
1759005421.7392106,0,0.5545,1.5,2,486.94,490.29999999995914,243.14999999999998,1,10
1759005421.7493277,0,0.555,1.5,2,486.75,490.1999999999591,243.1,2,10
1759005421.7597823,0,0.5555,1.5,2,486.63,490.0999999999591,243.15,2,10
1759005421.7695615,0,0.555,1.5,2,486.3,489.9999999999591,243.15,1,10
1759005421.779895,0,0.555,1.5,2,486.3,489.89999999995905,243.25,1,10
1759005421.7899835,0,0.5565,1.5,2,486.11,489.799999999959,243.35000000000002,2,11
1759005421.8005857,0,0.558,1.5,2,486.05,489.699999999959,243.3,2,10
1759005421.8104773,0,0.559,1.5,2,485.89,489.599999999959,243.25,2,10
1759005421.8205934,0,0.56,1.5,2,485.75,489.49999999995896,243.14999999999998,2,10
1759005421.830583,0,0.5595,1.5,2,485.56,489.39999999995894,243.05,0,10
1759005421.8411925,0,0.5595,1.5,2,485.37,489.2999999999589,243.0,1,10
1759005421.8512309,0,0.5605,1.5,2,485.18,489.1999999999589,243.0,1,10
1759005421.8616433,0,0.5605,1.5,2,484.99,489.09999999995887,243.05,0,10
1759005421.8718739,0,0.56,1.5,2,484.8,488.99999999995885,243.05,1,9
1759005421.882043,0,0.5605,1.5,2,484.66,488.8999999999588,243.05,1,8
1759005421.8917196,0,0.562,1.5,2,484.6,488.7999999999588,243.10000000000002,2,9
1759005421.9027696,0,0.5625,1.5,2,484.41,488.6999999999588,243.2,1,10
1759005421.9123387,0,0.5625,1.5,2,484.35,488.59999999995875,243.35,0,9
1759005421.9229689,0,0.5635,1.5,2,484.16,488.49999999995873,243.55,1,9
1759005421.932689,0,0.5640000000000001,1.5,2,484.02,488.3999999999587,243.65,1,9
1759005421.9428391,0,0.5645,1.5,2,483.88,488.2999999999587,243.75,2,10
1759005421.9535863,0,0.5645,1.5,2,483.74,488.19999999995866,243.85,1,9
1759005421.9637744,0,0.5640000000000001,1.5,2,483.66,488.09999999995864,244.0,1,9
1759005421.973459,0,0.5645,1.5,2,483.58,487.9999999999586,244.10000000000002,1,10
1759005421.9838989,0,0.5640000000000001,1.5,2,483.48,487.8999999999586,244.15,0,11
1759005421.9934998,0,0.5645,1.5,2,483.43,487.7999999999586,244.25,0,12
1759005422.0042827,0,0.5660000000000001,1.5,2,483.43,487.69999999995855,244.25,1,12
1759005422.014276,0,0.5665,1.5,2,483.38,487.5999999999585,244.25,0,12
1759005422.024612,0,0.5675,1.5,2,483.29,487.4999999999585,244.35,0,13
1759005422.0357559,0,0.5675,1.5,2,483.16,487.3999999999585,244.5,1,13
1759005422.0451317,0,0.5685,1.5,2,482.91,487.29999999995846,244.60000000000002,1,15
1759005422.055585,0,0.569,1.5,2,483.05,487.19999999995844,244.55,1,13
1759005422.065666,0,0.5695,1.5,2,482.98,487.0999999999584,244.45,0,13
1759005422.075698,0,0.57,1.5,2,482.87,486.9999999999584,244.5,0,13
1759005422.086092,0,0.571,1.5,2,482.74,486.89999999995837,244.6,0,13
1759005422.0959952,0,0.5725,1.5,2,482.68,486.79999999995835,244.64999999999998,1,13
1759005422.1062677,0,0.573,1.5,2,482.79,486.6999999999583,244.7,1,12
1759005422.1166866,0,0.574,1.5,2,482.64,486.5999999999583,244.7,0,12
1759005422.1266825,0,0.575,1.5,2,482.51,486.4999999999583,244.7,0,13
1759005422.1365635,0,0.575,1.5,2,482.42,486.39999999995825,244.64999999999998,0,12
1759005422.1462214,0,0.5745,1.5,2,482.4,486.29999999995823,244.6,0,11
1759005422.1569772,0,0.5745,1.5,2,482.29,486.1999999999582,244.6,0,13
1759005422.1666439,0,0.5745,1.5,2,482.21,486.0999999999582,244.65,0,12
1759005422.1774487,0,0.5745,1.5,2,482.14,485.99999999995816,244.7,1,11
1759005422.1877162,0,0.5745,1.5,2,482.33,485.89999999995814,244.8,1,11
1759005422.1974096,0,0.5745,1.5,2,482.22,485.7999999999581,244.89999999999998,0,12
1759005422.2079134,0,0.575,1.5,2,482.16,485.6999999999581,244.89999999999998,0,12
1759005422.2176733,0,0.5755,1.5,2,482.07,485.5999999999581,244.89999999999998,0,11
1759005422.2282867,0,0.576,1.5,2,481.99,485.49999999995805,244.95,1,12
1759005422.2388303,0,0.5755,1.5,2,481.91,485.399999999958,245.05,0,11
1759005422.2489965,0,0.5765,1.5,2,481.85,485.299999999958,245.15,1,13
1759005422.2591763,0,0.577,1.5,2,481.74,485.199999999958,245.3,0,13
1759005422.269571,0,0.578,1.5,2,481.68,485.09999999995796,245.39999999999998,1,12
1759005422.2795444,0,0.578,1.5,2,481.82,484.99999999995794,245.39999999999998,1,11
1759005422.2897785,0,0.5785,1.5,2,481.51,484.8999999999579,245.39999999999998,0,11
1759005422.2998917,0,0.579,1.5,2,481.45,484.7999999999579,245.3,0,11
1759005422.3096802,0,0.5795,1.5,2,481.38,484.69999999995787,245.15,1,12
1759005422.3200505,0,0.58,1.5,2,481.27,484.59999999995784,245.10000000000002,1,11
1759005422.330716,0,0.5795,1.5,2,481.21,484.4999999999578,245.15,0,11
1759005422.3403804,0,0.5785,1.5,2,481.14,484.3999999999578,245.2,0,12
1759005422.3506088,0,0.578,1.5,2,481.07,484.2999999999578,245.25,0,12
1759005422.36049,0,0.5785,1.5,2,480.94,484.19999999995775,245.3,1,12
1759005422.370537,0,0.5795,1.5,2,480.83,484.09999999995773,245.35,0,11
1759005422.3811007,0,0.581,1.5,2,480.74,483.9999999999577,245.39999999999998,1,11
1759005422.3910768,0,0.5815,1.5,2,480.47,483.8999999999577,245.5,0,12
1759005422.4011543,0,0.5815,1.5,2,480.45,483.79999999995766,245.5,0,11
1759005422.411378,0,0.5825,1.5,2,480.32,483.69999999995764,245.45,0,12
1759005422.421689,0,0.583,1.5,2,480.21,483.5999999999576,245.4,0,11
1759005422.4316566,0,0.583,1.5,2,480.15,483.4999999999576,245.35000000000002,0,11
1759005422.4418995,0,0.5835,1.5,2,480.08,483.3999999999576,245.25,1,11
1759005422.4515417,0,0.5845,1.5,2,479.95,483.29999999995755,245.14999999999998,2,11
1759005422.4623969,0,0.585,1.5,2,479.82,483.1999999999575,245.14999999999998,1,12
1759005422.4724324,0,0.5855,1.5,2,479.71,483.0999999999575,245.25,1,12
1759005422.4826458,0,0.5855,1.5,2,479.4,482.9999999999575,245.35000000000002,1,11
1759005422.49281,0,0.5855,1.5,2,479.54,482.89999999995746,245.4,0,12
1759005422.502754,0,0.5855,1.5,2,479.48,482.79999999995744,245.35000000000002,1,11
1759005422.5134065,0,0.5855,1.5,2,479.37,482.6999999999574,245.3,1,11
1759005422.5233047,0,0.586,1.5,2,479.35,482.5999999999574,245.35000000000002,1,11
1759005422.5339565,0,0.5865,1.5,2,479.24,482.49999999995737,245.35000000000002,0,11
1759005422.543969,0,0.587,1.5,2,479.13,482.39999999995734,245.3,0,12
1759005422.5542843,0,0.588,1.5,2,479.06,482.2999999999573,245.2,1,10
1759005422.5644264,0,0.588,1.5,2,479,482.1999999999573,245.2,1,11
1759005422.574666,0,0.587,1.5,2,478.94,482.0999999999573,245.25,0,11
1759005422.5846708,0,0.5875,1.5,2,478.81,481.99999999995725,245.35,0,13
1759005422.5947628,0,0.5865,1.5,2,479,481.89999999995723,245.45,0,12
1759005422.604802,0,0.587,1.5,2,478.98,481.7999999999572,245.45,0,12
1759005422.6148522,0,0.5865,1.5,2,478.9,481.6999999999572,245.55,0,12
1759005422.6248841,0,0.5865,1.5,2,478.77,481.59999999995716,245.60000000000002,1,11
1759005422.6353507,0,0.587,1.5,2,478.66,481.49999999995714,245.65,0,12
1759005422.6458707,0,0.5875,1.5,2,478.53,481.3999999999571,245.65,0,12
1759005422.6558888,0,0.5885,1.5,2,478.42,481.2999999999571,245.60000000000002,0,12
1759005422.6660204,0,0.5885,1.5,2,478.34,481.1999999999571,245.55,0,11
1759005422.6756868,0,0.59,1.5,2,478.27,481.09999999995705,245.6,1,12
1759005422.6862018,0,0.5905,1.5,2,478.16,480.999999999957,245.55,1,10
1759005422.6961167,0,0.5915,1.5,2,477.87,480.899999999957,245.45,1,11
1759005422.7065353,0,0.593,1.5,2,477.76,480.799999999957,245.4,1,12
1759005422.716848,0,0.593,1.5,2,477.65,480.69999999995696,245.35,0,11
1759005422.7269847,0,0.5925,1.5,2,477.52,480.59999999995694,245.35,0,11
1759005422.7366278,0,0.5925,1.5,2,477.37,480.4999999999569,245.35000000000002,1,11
1759005422.7469978,0,0.5925,1.5,2,477.26,480.3999999999569,245.3,0,11
1759005422.7569082,0,0.593,1.5,2,477.15,480.29999999995687,245.35000000000002,0,12
1759005422.767452,0,0.5935,1.5,2,477.09,480.19999999995684,245.4,1,12
1759005422.7772667,0,0.593,1.5,2,476.96,480.0999999999568,245.39999999999998,0,11
1759005422.7879279,0,0.5925,1.5,2,476.87,479.9999999999568,245.4,0,10
1759005422.797592,0,0.593,1.5,2,476.87,479.8999999999568,245.4,1,11
1759005422.80816,0,0.5925,1.5,2,476.81,479.79999999995675,245.3,0,12
1759005422.8184009,0,0.593,1.5,2,476.7,479.69999999995673,245.3,1,12
1759005422.8283477,0,0.593,1.5,2,476.61,479.5999999999567,245.35,0,12
1759005422.8384247,0,0.5925,1.5,2,476.54,479.4999999999567,245.45,0,11
1759005422.8488977,0,0.593,1.5,2,476.52,479.39999999995666,245.54999999999998,0,11
1759005422.8590245,0,0.5935,1.5,2,476.44,479.29999999995664,245.65,1,11
1759005422.869168,0,0.5935,1.5,2,476.38,479.1999999999566,245.7,0,11
1759005422.8795905,0,0.593,1.5,2,476.32,479.0999999999566,245.7,0,9
1759005422.889558,0,0.5935,1.5,2,476.26,478.9999999999566,245.75,0,11
1759005422.8998237,0,0.5945,1.5,2,476.19,478.89999999995655,245.8,0,11
1759005422.9099736,0,0.5945,1.5,2,476.06,478.7999999999565,245.8,0,11
1759005422.9202049,0,0.5955,1.5,2,476,478.6999999999565,245.75,1,12
1759005422.92991,0,0.5965,1.5,2,475.93,478.5999999999565,245.65,0,11
1759005422.9409013,0,0.597,1.5,2,475.91,478.49999999995646,245.6,0,11
1759005422.950764,0,0.5975,1.5,2,475.78,478.39999999995644,245.6,0,11
1759005422.9610858,0,0.597,1.5,2,475.65,478.2999999999564,245.6,0,11
1759005422.9713938,0,0.597,1.5,2,475.58,478.1999999999564,245.6,0,10
1759005422.9814725,0,0.5975,1.5,2,475.47,478.09999999995637,245.6,0,11
1759005422.9915354,0,0.598,1.5,2,475.28,477.99999999995634,245.55,0,12
1759005423.0021172,0,0.599,1.5,2,475.05,477.8999999999563,245.55,0,13
1759005423.0121977,0,0.5995,1.5,2,474.93,477.7999999999563,245.55,0,13
1759005423.0225523,0,0.5995,1.5,2,474.79,477.6999999999563,245.55,0,13
1759005423.0324693,0,0.6,1.5,2,474.65,477.59999999995625,245.60000000000002,0,13
1759005423.043196,0,0.6005,1.5,2,474.57,477.49999999995623,245.6,0,14
1759005423.0531785,0,0.6005,1.5,2,474.51,477.3999999999562,245.6,0,14
1759005423.0632732,0,0.5995,1.5,2,474.43,477.2999999999562,245.5,0,14
1759005423.0732956,0,0.6,1.5,2,474.1,477.19999999995616,245.45,0,15
1759005423.083439,0,0.601,1.5,2,473.98,477.09999999995614,245.5,0,15
1759005423.0937953,0,0.602,1.5,2,473.9,476.9999999999561,245.55,0,15
1759005423.1043947,0,0.602,1.5,2,474.03,476.8999999999561,245.60000000000002,0,13
1759005423.1146164,0,0.602,1.5,2,473.95,476.79999999995607,245.65,0,14
1759005423.124972,0,0.603,1.5,2,473.7,476.69999999995605,245.70000000000002,0,15
1759005423.1348517,0,0.604,1.5,2,473.62,476.599999999956,245.8,0,14
1759005423.1448255,0,0.604,1.5,2,473.56,476.499999999956,245.85,0,13
1759005423.155498,0,0.6045,1.5,2,473.48,476.399999999956,245.95,0,13
1759005423.1656868,0,0.606,1.5,2,473.36,476.29999999995596,245.95,0,14
1759005423.175608,0,0.606,1.5,2,473.3,476.19999999995593,245.95,0,13
1759005423.18589,0,0.6065,1.5,2,473.24,476.0999999999559,245.95,0,13
1759005423.1958854,0,0.6065,1.5,2,473.12,475.9999999999559,245.95,0,12
1759005423.2056863,0,0.607,1.5,2,472.93,475.89999999995587,245.95000000000002,0,13
1759005423.2163212,0,0.6075,1.5,2,472.87,475.79999999995584,245.95000000000002,0,13
1759005423.2260032,0,0.607,1.5,2,472.79,475.6999999999558,246.0,0,11
1759005423.2364507,0,0.6075,1.5,2,472.71,475.5999999999558,246.05,0,12
1759005423.2468,0,0.607,1.5,2,472.65,475.4999999999558,246.14999999999998,0,12
1759005423.2570343,0,0.608,1.5,2,472.59,475.39999999995575,246.2,0,13
1759005423.2672856,0,0.608,1.5,2,472.51,475.29999999995573,246.20000000000002,0,14
1759005423.277206,0,0.6085,1.5,2,472.43,475.1999999999557,246.14999999999998,0,14
1759005423.2876785,0,0.609,1.5,2,472.35,475.0999999999557,246.15,1,13
1759005423.2973635,0,0.61,1.5,2,472.02,474.99999999995566,246.2,1,13
1759005423.3080022,0,0.611,1.5,2,472.17,474.89999999995564,246.25,0,13
1759005423.3182669,0,0.612,1.5,2,472.09,474.7999999999556,246.3,0,13
1759005423.3287096,0,0.6125,1.5,2,471.97,474.6999999999556,246.35000000000002,1,13
1759005423.3383787,0,0.613,1.5,2,471.91,474.59999999995557,246.3,0,13
1759005423.3490996,0,0.6135,1.5,2,471.83,474.49999999995555,246.25,0,12
1759005423.3590128,0,0.614,1.5,2,471.71,474.3999999999555,246.2,0,13
1759005423.3691463,0,0.6145,1.5,2,471.59,474.2999999999555,246.15,0,13
1759005423.3792546,0,0.614,1.5,2,471.53,474.1999999999555,246.10000000000002,0,12
1759005423.3899033,0,0.615,1.5,2,471.45,474.09999999995546,246.05,0,13
1759005423.399662,0,0.6155,1.5,2,471.62,473.99999999995543,246.0,0,13
1759005423.4097815,0,0.616,1.5,2,471.5,473.8999999999554,245.95,0,13
1759005423.420383,0,0.617,1.5,2,471.38,473.7999999999554,245.95,0,13
1759005423.4305387,0,0.6175,1.5,2,471.32,473.69999999995537,246.0,0,13
1759005423.4409368,0,0.6185,1.5,2,471.24,473.59999999995534,245.95,0,13
1759005423.451324,0,0.6195,1.5,2,471.16,473.4999999999553,245.9,0,13
1759005423.460816,0,0.62,1.5,2,471.04,473.3999999999553,245.8,0,13
1759005423.470864,0,0.62,1.5,2,470.98,473.2999999999553,245.8,0,13
1759005423.481525,0,0.6205,1.5,2,470.92,473.19999999995525,245.75,0,14
1759005423.4915957,0,0.621,1.5,2,470.84,473.09999999995523,245.65,0,14
1759005423.5016842,0,0.6215,1.5,2,470.76,472.9999999999552,245.55,0,13
1759005423.5115278,0,0.6215,1.5,2,470.43,472.8999999999552,245.55,0,12
1759005423.521907,0,0.622,1.5,2,470.35,472.79999999995516,245.65,0,13
1759005423.5323415,0,0.623,1.5,2,470.27,472.69999999995514,245.75,0,14
1759005423.5424037,0,0.6235,1.5,2,470.15,472.5999999999551,245.8,0,13
1759005423.5525315,0,0.624,1.5,2,470.07,472.4999999999551,245.85000000000002,0,12
1759005423.5624473,0,0.6245,1.5,2,469.99,472.39999999995507,245.95,1,12
1759005423.5729272,0,0.625,1.5,2,469.87,472.29999999995505,246.0,0,12
1759005423.583176,0,0.625,1.5,2,469.79,472.199999999955,246.05,0,12
1759005423.593508,0,0.6255000000000001,1.5,2,469.71,472.099999999955,246.05,0,12
1759005423.603925,0,0.625,1.5,2,469.65,471.999999999955,246.05,0,12
1759005423.613801,0,0.625,1.5,2,469.51,471.89999999995496,246.10000000000002,0,12
1759005423.6237817,0,0.626,1.5,2,469.39,471.79999999995493,246.14999999999998,0,14
1759005423.634153,0,0.626,1.5,2,469.33,471.6999999999549,246.2,0,12
1759005423.6444106,0,0.627,1.5,2,469.27,471.5999999999549,246.25,0,14
1759005423.654382,0,0.6275000000000001,1.5,2,469.19,471.49999999995487,246.25,0,13
1759005423.6649454,0,0.628,1.5,2,469.13,471.39999999995484,246.3,1,12
1759005423.67493,0,0.628,1.5,2,469.05,471.2999999999548,246.35,0,12
1759005423.6855013,0,0.629,1.5,2,468.99,471.1999999999548,246.3,0,13
1759005423.6954608,0,0.6295,1.5,2,468.87,471.0999999999548,246.2,1,13
1759005423.7054393,0,0.6305,1.5,2,468.79,470.99999999995475,246.15,0,13
1759005423.7154593,0,0.631,1.5,2,468.92,470.89999999995473,246.15,0,13
1759005423.7257793,0,0.6305,1.5,2,468.86,470.7999999999547,246.15,0,12
1759005423.7364736,0,0.6315,1.5,2,468.78,470.6999999999547,246.2,1,12
1759005423.7464123,0,0.6325,1.5,2,468.72,470.59999999995466,246.25,0,13
1759005423.7565644,0,0.6325,1.5,2,468.66,470.49999999995464,246.3,0,12
1759005423.767342,0,0.6325,1.5,2,468.58,470.3999999999546,246.39999999999998,0,11
1759005423.7770746,0,0.6325,1.5,2,468.5,470.2999999999546,246.45,0,12
1759005423.7875216,0,0.632,1.5,2,468.42,470.19999999995457,246.5,1,11
1759005423.7977712,0,0.6325,1.5,2,468.34,470.09999999995455,246.5,0,12
1759005423.8078356,0,0.634,1.5,2,468.45,469.9999999999545,246.5,0,13
1759005423.8179164,0,0.6335,1.5,2,468.12,469.8999999999545,246.5,0,11
1759005423.8284929,0,0.633,1.5,2,468.04,469.7999999999545,246.60000000000002,0,11
1759005423.8384466,0,0.6325,1.5,2,467.96,469.69999999995446,246.64999999999998,0,12
1759005423.84919,0,0.6325,1.5,2,467.88,469.59999999995443,246.7,0,12
1759005423.8590677,0,0.633,1.5,2,467.76,469.4999999999544,246.75,0,12
1759005423.8690944,0,0.634,1.5,2,467.64,469.3999999999544,246.75,0,13
1759005423.8793976,0,0.635,1.5,2,467.58,469.29999999995437,246.75,1,13
1759005423.8899114,0,0.6355,1.5,2,467.5,469.19999999995434,246.75,0,12
1759005423.8996897,0,0.638,1.5,2,467.42,469.0999999999543,246.8,1,13
1759005423.9097695,0,0.64,1.5,2,467.34,468.9999999999543,246.8,2,13
1759005423.92046,0,0.6405,1.5,2,467.22,468.8999999999543,246.75,0,12
1759005423.9301379,0,0.6415,1.5,2,467.16,468.79999999995425,246.75,1,12
1759005423.9406655,0,0.641,1.5,2,467.08,468.69999999995423,246.75,0,12
1759005423.9505394,0,0.6425,1.5,2,466.96,468.5999999999542,246.8,1,13
1759005423.9610927,0,0.643,1.5,2,466.84,468.4999999999542,246.75,0,12
1759005423.9709172,0,0.6445,1.5,2,466.78,468.39999999995416,246.7,1,13
1759005423.9808545,0,0.6455,1.5,2,466.72,468.29999999995414,246.64999999999998,1,12
1759005423.991333,0,0.6465,1.5,2,466.62,468.1999999999541,246.6,0,12
1759005424.0015624,0,0.647,1.5,2,466.5,468.0999999999541,246.5,0,12
1759005424.0115392,0,0.6485,1.5,2,466.46,467.99999999995407,246.5,1,14
1759005424.021583,0,0.6495,1.5,2,466.48,467.89999999995405,246.6,0,15
1759005424.0315309,0,0.651,1.5,2,466.46,467.799999999954,246.70000000000002,0,16
1759005424.0414932,0,0.6525,1.5,2,466.37,467.699999999954,246.8,0,16
1759005424.0519705,0,0.654,1.5,2,466.28,467.599999999954,246.8,0,16
1759005424.0622303,0,0.655,1.5,2,466.17,467.49999999995396,246.75,0,16
1759005424.0724237,0,0.6555,1.5,2,466.08,467.39999999995393,246.65,0,15
1759005424.0824306,0,0.656,1.5,2,466.2,467.2999999999539,246.65,0,15
1759005424.092498,0,0.6565,1.5,2,466.09,467.1999999999539,246.75,0,16
1759005424.1029155,0,0.6575,1.5,2,466.09,467.09999999995387,246.8,1,16
1759005424.1129405,0,0.658,1.5,2,465.98,466.99999999995384,246.8,1,15
1759005424.1228034,0,0.6605,1.5,2,465.7,466.8999999999538,246.8,1,17
1759005424.1329262,0,0.6615,1.5,2,465.82,466.7999999999538,246.75,0,16
1759005424.143077,0,0.6615,1.5,2,465.73,466.6999999999538,246.64999999999998,0,15
1759005424.1534116,0,0.662,1.5,2,465.64,466.59999999995375,246.55,0,15
1759005424.163418,0,0.6635,1.5,2,465.55,466.49999999995373,246.55,0,16
1759005424.1740127,0,0.665,1.5,2,465.55,466.3999999999537,246.55,2,14
1759005424.1841326,0,0.666,1.5,2,465.55,466.2999999999537,246.60000000000002,0,16
1759005424.1943464,0,0.6675,1.5,2,465.55,466.19999999995366,246.7,0,16
1759005424.2043192,0,0.668,1.5,2,465.46,466.09999999995364,246.75,0,14
1759005424.214945,0,0.6695,1.5,2,465.37,465.9999999999536,246.8,0,15
1759005424.2249,0,0.671,1.5,2,465.23,465.8999999999536,246.8,0,16
1759005424.235198,0,0.672,1.5,2,465.12,465.79999999995357,246.75,0,15
1759005424.2455404,0,0.675,1.5,2,465.03,465.69999999995355,246.75,0,17
1759005424.25528,0,0.6775,1.5,2,464.94,465.5999999999535,246.8,1,16
1759005424.2659326,0,0.6795,1.5,2,464.85,465.4999999999535,246.8,1,15
1759005424.2760134,0,0.681,1.5,2,464.76,465.3999999999535,246.8,1,15
1759005424.2856483,0,0.6825,1.5,2,464.67,465.29999999995346,246.85000000000002,1,16
1759005424.2964761,0,0.6835,1.5,2,464.58,465.19999999995343,246.95,1,15
1759005424.3062248,0,0.685,1.5,2,464.49,465.0999999999534,247.05,1,16
1759005424.3164027,0,0.686,1.5,2,464.4,464.9999999999534,247.15,0,16
1759005424.326789,0,0.687,1.5,2,464.08,464.89999999995337,247.2,0,15
1759005424.3371298,0,0.6885,1.5,2,463.99,464.79999999995334,247.3,0,16
1759005424.3474364,0,0.6890000000000001,1.5,2,463.9,464.6999999999533,247.35,0,15
1759005424.3574162,0,0.6905,1.5,2,463.81,464.5999999999533,247.4,0,16
1759005424.3681552,0,0.6925,1.5,2,463.72,464.4999999999533,247.5,0,16
1759005424.377955,0,0.6945,1.5,2,463.63,464.39999999995325,247.54999999999998,0,17
1759005424.3882568,0,0.696,1.5,2,463.54,464.29999999995323,247.54999999999998,0,16
1759005424.3981416,0,0.697,1.5,2,463.43,464.1999999999532,247.6,0,14
1759005424.408253,0,0.698,1.5,2,463.34,464.0999999999532,247.7,0,15
1759005424.4182537,0,0.699,1.5,2,463,463.99999999995316,247.8,0,15
1759005424.4287844,0,0.7,1.5,2,463.08,463.89999999995314,247.9,0,15
1759005424.4387126,0,0.7015,1.5,2,462.97,463.7999999999531,248.0,0,16
1759005424.4486334,0,0.702,1.5,2,462.86,463.6999999999531,248.05,0,14
1759005424.4587724,0,0.7025,1.5,2,462.77,463.59999999995307,248.20000000000002,0,14
1759005424.4690247,0,0.703,1.5,2,462.68,463.49999999995305,248.4,0,14
1759005424.4794028,0,0.704,1.5,2,462.59,463.399999999953,248.6,1,14
1759005424.4894483,0,0.7045,1.5,2,462.5,463.299999999953,248.7,0,14
1759005424.49935,0,0.705,1.5,2,462.41,463.199999999953,248.8,0,15
1759005424.5095088,0,0.705,1.5,2,462.32,463.09999999995296,248.95,0,14
1759005424.519583,0,0.706,1.5,2,462.4,462.99999999995293,249.05,1,14
1759005424.5300815,0,0.7075,1.5,2,462.31,462.8999999999529,249.15,0,15
1759005424.5400367,0,0.7085,1.5,2,462.2,462.7999999999529,249.25,0,15
1759005424.5502405,0,0.709,1.5,2,462.11,462.69999999995287,249.35000000000002,0,15
1759005424.5604663,0,0.71,1.5,2,462.02,462.59999999995284,249.35000000000002,0,15
1759005424.570688,0,0.712,1.5,2,461.93,462.4999999999528,249.3,0,16
1759005424.5809417,0,0.7135,1.5,2,461.84,462.3999999999528,249.25,0,16
1759005424.5907063,0,0.7155,1.5,2,461.73,462.2999999999528,249.25,0,16
1759005424.6011856,0,0.717,1.5,2,461.64,462.19999999995275,249.2,0,15
1759005424.6115904,0,0.7185,1.5,2,461.55,462.09999999995273,249.15,0,15
1759005424.6218553,0,0.72,1.5,2,461.44,461.9999999999527,249.2,0,15
1759005424.631549,0,0.722,1.5,2,461.16,461.8999999999527,249.3,0,16
1759005424.6420429,0,0.723,1.5,2,461.16,461.79999999995266,249.4,1,15
1759005424.6521902,0,0.725,1.5,2,461.07,461.69999999995264,249.45,0,16
1759005424.6622183,0,0.726,1.5,2,460.96,461.5999999999526,249.54999999999998,1,15
1759005424.6727037,0,0.728,1.5,2,460.87,461.4999999999526,249.6,1,16
1759005424.682781,0,0.7295,1.5,2,460.78,461.39999999995257,249.55,0,16
1759005424.6930535,0,0.731,1.5,2,460.69,461.29999999995255,249.5,0,15
1759005424.703339,0,0.7325,1.5,2,460.6,461.1999999999525,249.55,1,15
1759005424.713451,0,0.7335,1.5,2,460.49,461.0999999999525,249.64999999999998,0,16
1759005424.723649,0,0.735,1.5,2,460.4,460.9999999999525,249.75,1,15
1759005424.7338593,0,0.737,1.5,2,460.27,460.89999999995246,249.8,1,16
1759005424.7438154,0,0.739,1.5,2,460.18,460.79999999995243,249.8,0,16
1759005424.7543714,0,0.74,1.5,2,460.09,460.6999999999524,249.75,0,15
1759005424.7644098,0,0.7405,1.5,2,460,460.5999999999524,249.75,0,14
1759005424.77488,0,0.7415,1.5,2,459.89,460.49999999995237,249.8,0,14
1759005424.7848506,0,0.7435,1.5,2,459.8,460.39999999995234,249.85,0,15
1759005424.7949548,0,0.7455,1.5,2,459.71,460.2999999999523,249.9,1,15
1759005424.8054044,0,0.7465,1.5,2,459.62,460.1999999999523,249.9,0,14
1759005424.8156054,0,0.7475,1.5,2,459.53,460.0999999999523,249.89999999999998,0,14
1759005424.8255548,0,0.7485,1.5,2,459.23,459.99999999995225,249.89999999999998,0,15
1759005424.8356283,0,0.751,1.5,2,459.37,459.89999999995223,249.9,1,15
1759005424.8464673,0,0.7535000000000001,1.5,2,459.37,459.7999999999522,249.9,1,15
1759005424.8563075,0,0.755,1.5,2,459.26,459.6999999999522,249.89999999999998,0,15
1759005424.8661783,0,0.7565000000000001,1.5,2,459.17,459.59999999995216,249.9,0,15
1759005424.8771367,0,0.7575000000000001,1.5,2,459.06,459.49999999995214,249.89999999999998,0,14
1759005424.887432,0,0.758,1.5,2,458.97,459.3999999999521,249.9,0,14
1759005424.8974507,0,0.758,1.5,2,458.86,459.2999999999521,249.89999999999998,0,14
1759005424.9077728,0,0.759,1.5,2,458.77,459.19999999995207,249.95,0,14
1759005424.917775,0,0.76,1.5,2,458.68,459.09999999995205,249.95,1,15
1759005424.9277136,0,0.7605,1.5,2,458.59,458.999999999952,249.95,1,15
1759005424.9382496,0,0.762,1.5,2,458.5,458.899999999952,250.0,1,14
1759005424.9481242,0,0.763,1.5,2,458.41,458.799999999952,250.0,1,14
1759005424.9587123,0,0.765,1.5,2,458.32,458.69999999995196,250.05,1,15
1759005424.9689035,0,0.7655,1.5,2,458.23,458.59999999995193,250.15,0,15
1759005424.9790628,0,0.7665,1.5,2,458.12,458.4999999999519,250.25,0,14
1759005424.9886408,0,0.7675,1.5,2,458.12,458.3999999999519,250.35,1,15
1759005424.998671,0,0.7685,1.5,2,458.12,458.29999999995186,250.5,0,15
1759005425.009473,0,0.7695,1.5,2,458.1,458.19999999995184,250.60000000000002,0,14
1759005425.019782,0,0.7715,1.5,2,458.08,458.0999999999518,250.75,1,15
1759005425.0294638,0,0.772,1.5,2,457.91,457.9999999999518,250.9,1,15
1759005425.039872,0,0.773,1.5,2,457.72,457.8999999999518,250.9,0,17
1759005425.0500047,0,0.7745,1.5,2,457.57,457.79999999995175,250.9,1,18
1759005425.0600955,0,0.7755,1.5,2,457.49,457.69999999995173,250.9,0,18
1759005425.0705588,0,0.7765,1.5,2,457.41,457.5999999999517,250.95,0,18
1759005425.0806518,0,0.778,1.5,2,457.35,457.4999999999517,250.95,0,19
1759005425.0906646,0,0.779,1.5,2,457.27,457.39999999995166,251.0,0,17
1759005425.101418,0,0.78,1.5,2,457.17,457.29999999995164,251.0,0,17
1759005425.1113884,0,0.781,1.5,2,457.11,457.1999999999516,250.95,0,18
1759005425.121602,0,0.7825,1.5,2,456.94,457.0999999999516,250.95,1,19
1759005425.1318169,0,0.7835,1.5,2,456.86,456.99999999995157,250.95,0,18
1759005425.1416943,0,0.785,1.5,2,456.78,456.89999999995155,250.95,2,19
1759005425.1523368,0,0.7855,1.5,2,456.49,456.7999999999515,250.95,0,17
1759005425.1622605,0,0.787,1.5,2,456.39,456.6999999999515,250.95,0,18
1759005425.1726701,0,0.7885,1.5,2,456.31,456.5999999999515,251.0,0,18
1759005425.182767,0,0.789,1.5,2,456.23,456.49999999995146,251.0,1,16
1759005425.1931348,0,0.7905,1.5,2,456.06,456.39999999995143,251.0,0,19
1759005425.2027998,0,0.792,1.5,2,455.89,456.2999999999514,251.05,0,19
1759005425.2126734,0,0.7935,1.5,2,455.7,456.1999999999514,251.05,1,18
1759005425.222856,0,0.795,1.5,2,455.62,456.09999999995136,251.10000000000002,1,16
1759005425.2332954,0,0.797,1.5,2,455.54,455.99999999995134,251.15,1,18
1759005425.2437432,0,0.799,1.5,2,455.54,455.8999999999513,251.25,1,19
1759005425.2538664,0,0.801,1.5,2,455.46,455.7999999999513,251.35,1,18
1759005425.263815,0,0.8015,1.5,2,455.38,455.6999999999513,251.35,0,18
1759005425.2739248,0,0.802,1.5,2,455.3,455.59999999995125,251.3,1,17
1759005425.2839417,0,0.8035,1.5,2,455.22,455.4999999999512,251.25,2,17
1759005425.2941225,0,0.805,1.5,2,455.14,455.3999999999512,251.25,1,18
1759005425.3042462,0,0.8055,1.5,2,455.06,455.2999999999512,251.3,1,17
1759005425.3146007,0,0.807,1.5,2,454.98,455.19999999995116,251.3,2,17
1759005425.3246405,0,0.808,1.5,2,454.9,455.09999999995114,251.25,1,18
1759005425.3344548,0,0.8085,1.5,2,454.8,454.9999999999511,251.20000000000002,0,17
1759005425.345223,0,0.81,1.5,2,454.72,454.8999999999511,251.1,0,18
1759005425.3546715,0,0.811,1.5,2,454.64,454.79999999995107,251.0,0,18
1759005425.3646648,0,0.813,1.5,2,454.56,454.69999999995105,250.95,1,18
1759005425.3753228,0,0.814,1.5,2,454.48,454.599999999951,251.0,0,18
1759005425.38548,0,0.815,1.5,2,454.4,454.499999999951,250.95,1,17
1759005425.3956664,0,0.8155,1.5,2,454.32,454.399999999951,250.9,1,17
1759005425.4060016,0,0.817,1.5,2,454.24,454.29999999995096,250.9,2,17
1759005425.4157174,0,0.819,1.5,2,454.18,454.19999999995093,250.85000000000002,1,17
1759005425.4260209,0,0.82,1.5,2,454.1,454.0999999999509,250.75,0,17
1759005425.4363036,0,0.8215,1.5,2,454.02,453.9999999999509,250.7,0,18
1759005425.446836,0,0.823,1.5,2,453.94,453.89999999995086,250.65,1,17
1759005425.4565525,0,0.824,1.5,2,453.88,453.79999999995084,250.65,0,18
1759005425.4670923,0,0.826,1.5,2,453.8,453.6999999999508,250.7,0,18
1759005425.4770424,0,0.828,1.5,2,453.72,453.5999999999508,250.70000000000002,0,18
1759005425.48764,0,0.8305,1.5,2,453.64,453.4999999999508,250.6,2,17
1759005425.497916,0,0.8315,1.5,2,453.56,453.39999999995075,250.5,0,17
1759005425.5079348,0,0.8325,1.5,2,453.48,453.2999999999507,250.45,0,16
1759005425.5178554,0,0.833,1.5,2,453.4,453.1999999999507,250.45,0,16
1759005425.5277698,0,0.8345,1.5,2,453.32,453.0999999999507,250.3,1,16
1759005425.538421,0,0.8355,1.5,2,453.07,452.99999999995066,250.20000000000002,0,17
1759005425.5485003,0,0.8365,1.5,2,453.16,452.89999999995064,250.05,0,17
1759005425.558509,0,0.838,1.5,2,453.1,452.7999999999506,249.95,1,17
1759005425.5685592,0,0.839,1.5,2,453.02,452.6999999999506,249.95,0,17
1759005425.5791416,0,0.84,1.5,2,452.94,452.59999999995057,250.05,0,17
1759005425.588989,0,0.84,1.5,2,452.84,452.49999999995055,250.2,0,16
1759005425.5991557,0,0.841,1.5,2,452.76,452.3999999999505,250.3,0,18
1759005425.6091857,0,0.842,1.5,2,452.7,452.2999999999505,250.35000000000002,1,17
1759005425.6192932,0,0.843,1.5,2,452.62,452.1999999999505,250.45,1,16
1759005425.6295545,0,0.844,1.5,2,452.5,452.09999999995046,250.5,0,17
1759005425.6398156,0,0.845,1.5,2,452.44,451.99999999995043,250.45,0,17
1759005425.6501858,0,0.8455,1.5,2,452.53,451.8999999999504,250.35000000000002,1,16
1759005425.6601045,0,0.846,1.5,2,452.36,451.7999999999504,250.3,1,16
1759005425.670668,0,0.8465,1.5,2,452.28,451.69999999995036,250.2,0,17
1759005425.6805918,0,0.848,1.5,2,452.22,451.59999999995034,250.1,1,18
1759005425.6908078,0,0.849,1.5,2,452.14,451.4999999999503,250.05,1,18
1759005425.7009828,0,0.85,1.5,2,452.06,451.3999999999503,250.05,0,18
1759005425.711161,0,0.8515,1.5,2,451.98,451.2999999999503,250.05,0,18
1759005425.7213547,0,0.852,1.5,2,451.9,451.19999999995025,250.05,1,16
1759005425.731554,0,0.8525,1.5,2,451.84,451.0999999999502,250.05,0,17
1759005425.7416003,0,0.8525,1.5,2,451.76,450.9999999999502,250.05,0,16
1759005425.7517703,0,0.8535,1.5,2,451.53,450.8999999999502,250.1,2,17
1759005425.7619617,0,0.855,1.5,2,451.45,450.79999999995016,250.15,1,18
1759005425.7719972,0,0.856,1.5,2,451.35,450.69999999995014,250.25,0,17
1759005425.7823625,0,0.8575,1.5,2,451.27,450.5999999999501,250.3,1,16
1759005425.7926176,0,0.8585,1.5,2,451.21,450.4999999999501,250.35000000000002,1,15
1759005425.8027248,0,0.859,1.5,2,451.11,450.39999999995007,250.35,1,15
1759005425.8130503,0,0.8595,1.5,2,451.03,450.29999999995005,250.35000000000002,1,16
1759005425.8234925,0,0.861,1.5,2,450.95,450.19999999995,250.3,1,16
1759005425.8339844,0,0.862,1.5,2,450.85,450.09999999995,250.3,1,15
1759005425.8438125,0,0.863,1.5,2,450.79,449.99999999995,250.3,2,15
1759005425.8542037,0,0.864,1.5,2,450.65,449.89999999994996,250.3,2,16
1759005425.8642747,0,0.8655,1.5,2,450.48,449.79999999994993,250.3,2,17
1759005425.8747046,0,0.867,1.5,2,450.42,449.6999999999499,250.39999999999998,1,17
1759005425.8845897,0,0.87,1.5,2,450.32,449.5999999999499,250.5,3,18
1759005425.895364,0,0.8714999999999999,1.5,2,450.26,449.49999999994986,250.55,0,17
1759005425.905535,0,0.873,1.5,2,450.18,449.39999999994984,250.65,1,16
1759005425.9156094,0,0.875,1.5,2,450.12,449.2999999999498,250.7,1,17
1759005425.925562,0,0.877,1.5,2,450.02,449.1999999999498,250.7,1,17
1759005425.936371,0,0.878,1.5,2,449.94,449.0999999999498,250.70000000000002,1,17
1759005425.9463258,0,0.8785,1.5,2,449.86,448.99999999994975,250.75,0,17
1759005425.9567285,0,0.879,1.5,2,449.78,448.8999999999497,250.8,0,16
1759005425.9663663,0,0.881,1.5,2,449.7,448.7999999999497,250.85,2,17
1759005425.9768128,0,0.882,1.5,2,449.62,448.6999999999497,250.85,0,18
1759005425.9872704,0,0.884,1.5,2,449.54,448.59999999994966,250.8,1,18
1759005425.9973261,0,0.886,1.5,2,449.46,448.49999999994964,250.8,1,17
1759005426.0073721,0,0.8865,1.5,2,449.27,448.3999999999496,250.85000000000002,0,17
1759005426.0176883,0,0.8875,1.5,2,449.1,448.2999999999496,250.85,0,17
1759005426.027811,0,0.8895,1.5,2,448.93,448.19999999994957,250.9,0,18
1759005426.0382612,0,0.89,1.5,2,448.82,448.09999999994955,250.95,0,17
1759005426.047762,0,0.891,1.5,2,448.8,447.9999999999495,250.95,1,17
1759005426.058165,0,0.8925,1.5,2,448.69,447.8999999999495,251.0,2,18
1759005426.067713,0,0.8935,1.5,2,448.48,447.7999999999495,251.1,3,18
1759005426.078247,0,0.8955,1.5,2,448.29,447.69999999994945,251.15,2,20
1759005426.0885468,0,0.898,1.5,2,448.1,447.59999999994943,251.14999999999998,3,20
1759005426.0985737,0,0.9,1.5,2,447.91,447.4999999999494,251.15,3,20
1759005426.1089156,0,0.903,1.5,2,447.72,447.3999999999494,251.10000000000002,2,21
1759005426.1187592,0,0.9065,1.5,2,447.34,447.29999999994936,251.1,3,21
1759005426.128659,0,0.9095,1.5,2,447.15,447.19999999994934,251.15,3,21
1759005426.1389546,0,0.9115,1.5,2,447.21,447.0999999999493,251.2,3,21
1759005426.1492755,0,0.9135,1.5,2,447.04,446.9999999999493,251.2,3,19
1759005426.1593103,0,0.914,1.5,2,446.85,446.8999999999493,251.15,2,20
1759005426.1696322,0,0.917,1.5,2,446.66,446.79999999994925,251.10000000000002,2,21
1759005426.1798046,0,0.9195,1.5,2,446.49,446.6999999999492,251.05,3,20
1759005426.1896968,0,0.9215,1.5,2,446.49,446.5999999999492,251.0,2,20
1759005426.1996653,0,0.924,1.5,2,446.3,446.4999999999492,250.95,3,19
1759005426.209985,0,0.925,1.5,2,446.11,446.39999999994916,250.9,3,18
1759005426.2208798,0,0.9265,1.5,2,445.92,446.29999999994914,250.85000000000002,2,20
1759005426.2305787,0,0.928,1.5,2,445.75,446.1999999999491,250.8,2,20
1759005426.2410207,0,0.93,1.5,2,445.56,446.0999999999491,250.7,2,19
1759005426.25081,0,0.9315,1.5,2,445.37,445.99999999994907,250.6,3,19
1759005426.26143,0,0.933,1.5,2,445.37,445.89999999994905,250.5,3,20
1759005426.271244,0,0.935,1.5,2,445.2,445.799999999949,250.55,2,21
1759005426.2815266,0,0.937,1.5,2,445.01,445.699999999949,250.65,2,20
1759005426.2913954,0,0.939,1.5,2,444.82,445.599999999949,250.75,2,20
1759005426.301672,0,0.94,1.5,2,444.63,445.49999999994895,250.85,1,20
1759005426.3122408,0,0.941,1.5,2,444.44,445.39999999994893,250.8,1,20
1759005426.3223755,0,0.943,1.5,2,444.25,445.2999999999489,250.7,2,20
1759005426.3322875,0,0.9445,1.5,2,444.06,445.1999999999489,250.55,3,19
1759005426.342305,0,0.9455,1.5,2,443.87,445.09999999994886,250.5,2,19
1759005426.3528402,0,0.948,1.5,2,443.7,444.99999999994884,250.5,3,19
1759005426.3625517,0,0.9495,1.5,2,443.72,444.8999999999488,250.60000000000002,2,19
1759005426.3726416,0,0.9505,1.5,2,443.53,444.7999999999488,250.60000000000002,1,19
1759005426.3827522,0,0.9515,1.5,2,443.34,444.6999999999488,250.65,3,18
1759005426.3930597,0,0.954,1.5,2,443.15,444.59999999994875,250.55,3,20
1759005426.4034402,0,0.956,1.5,2,442.96,444.4999999999487,250.55,2,20
1759005426.4134614,0,0.958,1.5,2,442.77,444.3999999999487,250.55,2,20
1759005426.4241216,0,0.959,1.5,2,442.58,444.2999999999487,250.60000000000002,3,18
1759005426.433804,0,0.961,1.5,2,442.39,444.19999999994866,250.65,3,19
1759005426.4443183,0,0.9635,1.5,2,442.2,444.09999999994864,250.7,3,19
1759005426.4544492,0,0.966,1.5,2,442.01,443.9999999999486,250.65,2,21
1759005426.4649103,0,0.9675,1.5,2,441.65,443.8999999999486,250.65,2,19
1759005426.4748385,0,0.969,1.5,2,441.46,443.79999999994857,250.60000000000002,2,19
1759005426.4849443,0,0.9705,1.5,2,441.29,443.69999999994855,250.5,2,19
1759005426.494993,0,0.973,1.5,2,441.1,443.5999999999485,250.45,3,20
1759005426.5050588,0,0.9745,1.5,2,440.91,443.4999999999485,250.55,3,19
1759005426.5151944,0,0.9775,1.5,2,440.72,443.3999999999485,250.64999999999998,2,21
1759005426.5254502,0,0.981,1.5,2,440.53,443.29999999994845,250.64999999999998,2,21
1759005426.5354154,0,0.984,1.5,2,440.34,443.19999999994843,250.55,2,20
1759005426.5459309,0,0.9865,1.5,2,440.15,443.0999999999484,250.45,2,20
1759005426.5556886,0,0.9885,1.5,2,439.96,442.9999999999484,250.35000000000002,3,18
1759005426.566154,0,0.9915,1.5,2,439.81,442.89999999994836,250.3,3,20
1759005426.5767858,0,0.994,1.5,2,439.62,442.79999999994834,250.25,3,20
1759005426.5868688,0,0.9955,1.5,2,439.43,442.6999999999483,250.1,2,18
1759005426.5965848,0,0.9985,1.5,2,439.24,442.5999999999483,249.95,4,19
1759005426.6070902,0,1.002,1.5,2,439.07,442.4999999999483,249.85000000000002,3,20
1759005426.6178603,0,1.0050000000000001,1.5,2,438.88,442.39999999994825,249.8,4,20
1759005426.627724,0,1.008,1.5,2,438.69,442.2999999999482,249.8,4,20
1759005426.637784,0,1.01,1.5,2,438.5,442.1999999999482,249.75,2,19
1759005426.6480916,0,1.012,1.5,2,438.35,442.0999999999482,249.75,2,19
1759005426.6576405,0,1.014,1.5,2,438.16,441.99999999994816,249.7,2,19
1759005426.6680057,0,1.016,1.5,2,438.05,441.89999999994814,249.65,2,19
1759005426.6781776,0,1.019,1.5,2,437.94,441.7999999999481,249.60000000000002,3,20
1759005426.6883423,0,1.0205,1.5,2,437.75,441.6999999999481,249.60000000000002,2,18
1759005426.698909,0,1.021,1.5,2,437.56,441.59999999994807,249.6,1,19
1759005426.7090967,0,1.0225,1.5,2,437.37,441.49999999994805,249.55,2,20
1759005426.7191236,0,1.0245,1.5,2,437.18,441.399999999948,249.5,3,19
1759005426.7296414,0,1.0255,1.5,2,436.99,441.299999999948,249.55,3,17
1759005426.739594,0,1.028,1.5,2,436.8,441.199999999948,249.6,4,18
1759005426.7495923,0,1.03,1.5,2,436.61,441.09999999994795,249.6,3,18
1759005426.7597916,0,1.0335,1.5,2,436.42,440.99999999994793,249.64999999999998,4,19
1759005426.770057,0,1.0355,1.5,2,436.23,440.8999999999479,249.7,4,19
1759005426.7802875,0,1.036,1.5,2,436.04,440.7999999999479,249.75,2,18
1759005426.7902436,0,1.038,1.5,2,435.87,440.69999999994786,249.75,3,18
1759005426.7998564,0,1.0395,1.5,2,435.68,440.59999999994784,249.6,2,18
1759005426.8104553,0,1.0425,1.5,2,435.49,440.4999999999478,249.4,2,20
1759005426.8204544,0,1.0455,1.5,2,435.32,440.3999999999478,249.25,3,19
1759005426.8299234,0,1.0475,1.5,2,435.13,440.2999999999478,249.1,2,19
1759005426.840106,0,1.0485,1.5,2,434.94,440.19999999994775,249.1,1,18
1759005426.851473,0,1.051,1.5,2,434.77,440.0999999999477,249.1,2,19
1759005426.8615673,0,1.053,1.5,2,434.58,439.9999999999477,249.1,2,19
1759005426.871904,0,1.0555,1.5,2,434.22,439.8999999999477,249.1,4,19
1759005426.8817945,0,1.057,1.5,2,434.03,439.79999999994766,249.1,4,18
1759005426.8918717,0,1.0585,1.5,2,433.84,439.69999999994764,249.05,3,18
1759005426.902726,0,1.0595,1.5,2,433.67,439.5999999999476,249.0,4,19
1759005426.9129224,0,1.0615,1.5,2,433.48,439.4999999999476,249.0,2,19
1759005426.9224527,0,1.0635000000000001,1.5,2,433.29,439.39999999994757,248.95,3,18
1759005426.9334593,0,1.065,1.5,2,433.1,439.29999999994754,248.95,2,19
1759005426.9433906,0,1.066,1.5,2,432.93,439.1999999999475,248.9,1,19
1759005426.9531884,0,1.0685,1.5,2,432.74,439.0999999999475,248.9,3,20
1759005426.9633088,0,1.0705,1.5,2,432.63,438.9999999999475,248.9,2,19
1759005426.9733768,0,1.0735000000000001,1.5,2,432.44,438.89999999994745,248.95,3,19
1759005426.9838226,0,1.074,1.5,2,432.25,438.79999999994743,249.05,1,19
1759005426.9937932,0,1.076,1.5,2,432.06,438.6999999999474,249.1,3,19
1759005427.0037389,0,1.077,1.5,2,431.87,438.5999999999474,249.1,3,18
1759005427.0140166,0,1.0785,1.5,2,431.7,438.49999999994736,249.1,3,18
1759005427.0244782,0,1.0805,1.5,2,431.53,438.39999999994734,248.95,3,18
1759005427.0345454,0,1.082,1.5,2,431.34,438.2999999999473,248.8,2,18
1759005427.0444167,0,1.0825,1.5,2,431.15,438.1999999999473,248.7,2,17
1759005427.055078,0,1.084,1.5,2,430.98,438.0999999999473,248.6,2,18
1759005427.0646133,0,1.0865,1.5,2,430.94,437.99999999994725,248.55,4,19
1759005427.0753217,0,1.088,1.5,2,430.94,437.8999999999472,248.5,3,20
1759005427.0856967,0,1.0895,1.5,2,430.94,437.7999999999472,248.35,3,21
1759005427.0956779,0,1.092,1.5,2,430.94,437.6999999999472,248.25,4,23
1759005427.106064,0,1.0925,1.5,2,430.94,437.59999999994716,248.2,3,21
1759005427.1157398,0,1.093,1.5,2,430.91,437.49999999994714,248.2,3,21
1759005427.1266923,0,1.094,1.5,2,430.91,437.3999999999471,248.25,4,21
1759005427.1363902,0,1.095,1.5,2,431.06,437.2999999999471,248.3,3,23
1759005427.1478782,0,1.0965,1.5,2,431.03,437.19999999994707,248.35,4,23
1759005427.1567562,0,1.0965,1.5,2,430.75,437.09999999994704,248.35,2,22
1759005427.166945,0,1.098,1.5,2,430.75,436.999999999947,248.39999999999998,3,22
1759005427.1771972,0,1.1,1.5,2,430.75,436.899999999947,248.39999999999998,4,22
1759005427.1872072,0,1.101,1.5,2,430.94,436.799999999947,248.45,3,22
1759005427.1972315,0,1.102,1.5,2,430.94,436.69999999994695,248.5,4,21
1759005427.2079825,0,1.104,1.5,2,430.72,436.59999999994693,248.60000000000002,5,21
1759005427.2175274,0,1.1065,1.5,2,430.69,436.4999999999469,248.7,6,21
1759005427.227577,0,1.108,1.5,2,430.69,436.3999999999469,248.75,4,20
1759005427.238335,0,1.1095,1.5,2,430.69,436.29999999994686,248.8,4,21
1759005427.2485425,0,1.111,1.5,2,430.69,436.19999999994684,248.89999999999998,4,21
1759005427.2584693,0,1.1125,1.5,2,430.66,436.0999999999468,249.0,3,21
1759005427.26878,0,1.115,1.5,2,430.59,435.9999999999468,249.05,5,22
1759005427.2791235,0,1.117,1.5,2,430.42,435.8999999999468,249.05,5,22
1759005427.288697,0,1.1185,1.5,2,430.39,435.79999999994675,248.95,5,21
1759005427.298862,0,1.1205,1.5,2,430.39,435.6999999999467,248.85,5,21
1759005427.3096023,0,1.1225,1.5,2,430.39,435.5999999999467,248.75,4,22
1759005427.319705,0,1.125,1.5,2,430.36,435.4999999999467,248.7,3,23
1759005427.3294475,0,1.1275,1.5,2,430.29,435.39999999994666,248.8,4,22
1759005427.3399074,0,1.1295,1.5,2,430.29,435.29999999994664,248.89999999999998,5,21
1759005427.3498569,0,1.1305,1.5,2,430.26,435.1999999999466,249.05,3,21
1759005427.3596601,0,1.1320000000000001,1.5,2,430.23,435.0999999999466,249.2,3,21
1759005427.3701043,0,1.1335,1.5,2,430.2,434.99999999994657,249.25,4,21
1759005427.3798356,0,1.1355,1.5,2,430.14,434.89999999994654,249.3,4,21
1759005427.3902993,0,1.1375,1.5,2,430.14,434.7999999999465,249.35,3,21
1759005427.4000874,0,1.1395,1.5,2,430.14,434.6999999999465,249.3,4,21
1759005427.4107141,0,1.1405,1.5,2,430.14,434.5999999999465,249.35,4,21
1759005427.4207451,0,1.1425,1.5,2,430.14,434.49999999994645,249.35,4,22
1759005427.4311144,0,1.1445,1.5,2,430.14,434.39999999994643,249.39999999999998,4,22
1759005427.4406497,0,1.1455,1.5,2,430.11,434.2999999999464,249.39999999999998,3,20
1759005427.4511418,0,1.147,1.5,2,430.11,434.1999999999464,249.45,5,20
1759005427.461474,0,1.1485,1.5,2,430.08,434.09999999994636,249.55,4,21
1759005427.4715335,0,1.15,1.5,2,430.18,433.99999999994634,249.75,4,22
1759005427.4813235,0,1.1525,1.5,2,430.15,433.8999999999463,249.85,4,22
1759005427.491572,0,1.154,1.5,2,430.15,433.7999999999463,249.9,3,21
1759005427.5020983,0,1.156,1.5,2,430.15,433.6999999999463,250.0,4,21
1759005427.5120769,0,1.157,1.5,2,430.15,433.59999999994625,250.1,3,22
1759005427.5221138,0,1.159,1.5,2,430.15,433.4999999999462,250.1,4,22
1759005427.532406,0,1.16,1.5,2,430.12,433.3999999999462,250.15,4,21
1759005427.5428293,0,1.1605,1.5,2,430.09,433.2999999999462,250.25,3,21
1759005427.5527446,0,1.1625,1.5,2,430.09,433.19999999994616,250.35000000000002,3,23
1759005427.562782,0,1.1635,1.5,2,430.02,433.09999999994614,250.5,3,21
1759005427.5731337,0,1.1655,1.5,2,429.99,432.9999999999461,250.64999999999998,4,21
1759005427.5832946,0,1.1655,1.5,2,429.78,432.8999999999461,250.7,3,20
1759005427.5937836,0,1.166,1.5,2,429.78,432.79999999994607,250.70000000000002,4,20
1759005427.60389,0,1.169,1.5,2,429.75,432.69999999994604,250.65,5,21
1759005427.6137424,0,1.1705,1.5,2,429.75,432.599999999946,250.65,5,21
1759005427.6237977,0,1.1715,1.5,2,429.72,432.499999999946,250.65,4,21
1759005427.634401,0,1.1715,1.5,2,429.69,432.399999999946,250.65,3,21
1759005427.6447508,0,1.1715,1.5,2,429.69,432.29999999994595,250.65,3,21
1759005427.654599,0,1.173,1.5,2,429.69,432.19999999994593,250.65,3,21
1759005427.6645768,0,1.176,1.5,2,429.66,432.0999999999459,250.65,5,22
1759005427.6739922,0,1.1785,1.5,2,429.66,431.9999999999459,250.7,4,22
1759005427.6854763,0,1.18,1.5,2,429.6,431.89999999994586,250.8,2,22
1759005427.6956346,0,1.1795,1.5,2,429.52,431.79999999994584,250.85000000000002,2,20
1759005427.7059288,0,1.182,1.5,2,429.49,431.6999999999458,250.85000000000002,3,22
1759005427.7157235,0,1.185,1.5,2,429.49,431.5999999999458,250.75,4,22
1759005427.7255828,0,1.1865,1.5,2,429.49,431.49999999994577,250.7,3,22
1759005427.7362587,0,1.187,1.5,2,429.49,431.39999999994575,250.7,2,21
1759005427.746189,0,1.1885000000000001,1.5,2,429.49,431.2999999999457,250.7,3,20
1759005427.7570524,0,1.1895,1.5,2,429.49,431.1999999999457,250.64999999999998,4,20
1759005427.7668588,0,1.191,1.5,2,429.46,431.0999999999457,250.6,3,21
1759005427.7769485,0,1.1925000000000001,1.5,2,429.46,430.99999999994566,250.45,4,22
1759005427.7878144,0,1.193,1.5,2,429.63,430.89999999994563,250.3,3,21
1759005427.797712,0,1.1955,1.5,2,429.63,430.7999999999456,250.2,3,22
1759005427.8074636,0,1.1975,1.5,2,429.63,430.6999999999456,250.15,3,22
1759005427.8182817,0,1.2,1.5,2,429.63,430.59999999994557,250.3,4,21
1759005427.82821,0,1.201,1.5,2,429.63,430.49999999994554,250.45,4,20
1759005427.8383558,0,1.203,1.5,2,429.6,430.3999999999455,250.60000000000002,5,21
1759005427.8488522,0,1.2045,1.5,2,429.6,430.2999999999455,250.7,4,20
1759005427.8586476,0,1.206,1.5,2,429.6,430.1999999999455,250.7,3,19
1759005427.8696349,0,1.2075,1.5,2,429.6,430.09999999994545,250.65,3,21
1759005427.8794944,0,1.2105,1.5,2,429.57,429.99999999994543,250.65,5,22
1759005427.8896685,0,1.212,1.5,2,429.54,429.8999999999454,250.70000000000002,4,22
1759005427.8995953,0,1.2125,1.5,2,429.51,429.7999999999454,250.75,3,20
1759005427.9097574,0,1.213,1.5,2,429.51,429.69999999994536,250.75,2,20
1759005427.92011,0,1.2135,1.5,2,429.51,429.59999999994534,250.7,3,21
1759005427.9305696,0,1.215,1.5,2,429.51,429.4999999999453,250.60000000000002,4,20
1759005427.9406445,0,1.216,1.5,2,429.51,429.3999999999453,250.55,2,21
1759005427.9507735,0,1.218,1.5,2,429.48,429.29999999994527,250.55,4,21
1759005427.9608877,0,1.22,1.5,2,429.45,429.19999999994525,250.55,4,20
1759005427.9710166,0,1.221,1.5,2,429.45,429.0999999999452,250.5,4,21
1759005427.9812915,0,1.223,1.5,2,429.34,428.9999999999452,250.39999999999998,4,21
1759005427.9913952,0,1.2235,1.5,2,429.31,428.8999999999452,250.3,3,20
1759005428.0019314,0,1.2255,1.5,2,429.31,428.79999999994516,250.25,4,20
1759005428.0121891,0,1.226,1.5,2,429.31,428.69999999994513,250.25,3,20
1759005428.022011,0,1.228,1.5,2,429.31,428.5999999999451,250.2,4,21
1759005428.0326889,0,1.2305,1.5,2,429.31,428.4999999999451,250.10000000000002,4,22
1759005428.0428574,0,1.2325,1.5,2,429.31,428.39999999994507,250.10000000000002,4,21
1759005428.0525866,0,1.2355,1.5,2,429.31,428.29999999994504,250.15,4,22
1759005428.062961,0,1.2385,1.5,2,429.31,428.199999999945,250.15,4,21
1759005428.0732632,0,1.2415,1.5,2,429.23,428.099999999945,250.15,4,22
1759005428.082613,0,1.2435,1.5,2,429.05,427.999999999945,250.14999999999998,5,22
1759005428.0934777,0,1.2455,1.5,2,428.9,427.89999999994495,250.14999999999998,5,22
1759005428.1038485,0,1.248,1.5,2,428.72,427.79999999994493,250.14999999999998,6,23
1759005428.1139655,0,1.25,1.5,2,428.65,427.6999999999449,250.2,6,25
1759005428.1242495,0,1.2530000000000001,1.5,2,428.56,427.5999999999449,250.2,6,24
1759005428.1339972,0,1.2565,1.5,2,428.41,427.49999999994486,250.2,6,25
1759005428.1443834,0,1.26,1.5,2,428.23,427.39999999994484,250.14999999999998,7,25
1759005428.1547482,0,1.2635,1.5,2,427.9,427.2999999999448,250.1,7,26
1759005428.1646044,0,1.265,1.5,2,427.93,427.1999999999448,250.0,6,24
1759005428.1753538,0,1.2685,1.5,2,427.78,427.09999999994477,249.9,6,25
1759005428.1852562,0,1.2705,1.5,2,427.6,426.99999999994475,249.75,5,24
1759005428.1951897,0,1.273,1.5,2,427.53,426.8999999999447,249.75,6,25
1759005428.2054446,0,1.2755,1.5,2,427.16,426.7999999999447,249.75,6,24
1759005428.21564,0,1.278,1.5,2,426.98,426.6999999999447,249.7,6,24
1759005428.2257235,0,1.28,1.5,2,426.83,426.59999999994466,249.60000000000002,7,23
1759005428.2358363,0,1.282,1.5,2,426.68,426.49999999994463,249.55,7,24
1759005428.2462,0,1.285,1.5,2,426.59,426.3999999999446,249.6,6,24
1759005428.2564137,0,1.2885,1.5,2,426.5,426.2999999999446,249.55,7,25
1759005428.2664635,0,1.2915,1.5,2,426.32,426.19999999994457,249.45,7,24
1759005428.2767031,0,1.2935,1.5,2,426.17,426.09999999994454,249.35000000000002,5,23
1759005428.286642,0,1.2935,1.5,2,426.06,425.9999999999445,249.3,5,22
1759005428.29669,0,1.295,1.5,2,425.69,425.8999999999445,249.3,6,24
1759005428.306776,0,1.2975,1.5,2,425.54,425.7999999999445,249.3,6,25
1759005428.3167362,0,1.299,1.5,2,425.36,425.69999999994445,249.2,5,24
1759005428.3273647,0,1.301,1.5,2,425.18,425.59999999994443,249.1,5,25
1759005428.3374417,0,1.303,1.5,2,425.08,425.4999999999444,249.0,6,24
1759005428.347917,0,1.3045,1.5,2,424.97,425.3999999999444,248.9,6,23
1759005428.357895,0,1.306,1.5,2,424.79,425.29999999994436,248.85000000000002,6,23
1759005428.3674603,0,1.3085,1.5,2,424.64,425.19999999994434,248.8,6,23
1759005428.378107,0,1.312,1.5,2,424.49,425.0999999999443,248.65,6,25
1759005428.387928,0,1.315,1.5,2,424.34,424.9999999999443,248.55,6,25
1759005428.3976073,0,1.3175,1.5,2,424.01,424.89999999994427,248.45,6,24
1759005428.4082649,0,1.32,1.5,2,423.92,424.79999999994425,248.45,6,23
1759005428.4185395,0,1.322,1.5,2,423.74,424.6999999999442,248.5,5,24
1759005428.4284608,0,1.3245,1.5,2,423.56,424.5999999999442,248.55,6,24
1759005428.4386091,0,1.3265,1.5,2,423.38,424.4999999999442,248.60000000000002,7,23
1759005428.4485002,0,1.328,1.5,2,423.25,424.39999999994416,248.60000000000002,6,23
1759005428.4578943,0,1.332,1.5,2,423.1,424.29999999994413,248.5,8,23
1759005428.4684587,0,1.3345,1.5,2,422.97,424.1999999999441,248.35000000000002,6,24
1759005428.4795554,0,1.3375,1.5,2,422.82,424.0999999999441,248.14999999999998,7,24
1759005428.4899523,0,1.3405,1.5,2,422.54,423.99999999994407,247.95,7,25
1759005428.4998693,0,1.343,1.5,2,422.57,423.89999999994404,247.8,6,25
1759005428.5098596,0,1.346,1.5,2,422.39,423.799999999944,247.7,6,24
1759005428.5206804,0,1.3485,1.5,2,422.21,423.699999999944,247.6,7,23
1759005428.5305784,0,1.3505,1.5,2,422.03,423.599999999944,247.55,6,23
1759005428.5407414,0,1.3515,1.5,2,421.85,423.49999999994395,247.5,5,23
1759005428.5509048,0,1.353,1.5,2,421.7,423.39999999994393,247.39999999999998,6,22
1759005428.5609756,0,1.356,1.5,2,421.66,423.2999999999439,247.3,6,24
1759005428.5713615,0,1.3585,1.5,2,421.48,423.1999999999439,247.25,7,24
1759005428.5815241,0,1.361,1.5,2,421.37,423.09999999994386,247.2,6,23
1759005428.5915534,0,1.363,1.5,2,421.22,422.99999999994384,247.15,6,23
1759005428.601845,0,1.366,1.5,2,421.04,422.8999999999438,247.1,6,23
1759005428.6118186,0,1.3685,1.5,2,420.86,422.7999999999438,247.05,7,22
1759005428.622329,0,1.3695,1.5,2,420.71,422.69999999994377,247.1,6,22
1759005428.6321666,0,1.371,1.5,2,420.53,422.59999999994375,247.15,7,22
1759005428.6425102,0,1.3735,1.5,2,420.38,422.4999999999437,247.15,8,22
1759005428.6525168,0,1.3755,1.5,2,420.23,422.3999999999437,247.15,6,22
1759005428.6626003,0,1.3775,1.5,2,420.14,422.2999999999437,247.1,5,23
1759005428.6729426,0,1.3795,1.5,2,419.96,422.19999999994366,247.05,5,23
1759005428.6830344,0,1.3805,1.5,2,419.81,422.09999999994363,247.0,5,24
1759005428.6934352,0,1.382,1.5,2,419.63,421.9999999999436,246.95,5,24
1759005428.703755,0,1.385,1.5,2,419.44,421.8999999999436,246.8,6,24
1759005428.7136714,0,1.389,1.5,2,419.35,421.79999999994357,246.8,6,24
1759005428.7239757,0,1.3915,1.5,2,419.2,421.69999999994354,246.8,6,24
1759005428.7337098,0,1.393,1.5,2,419.02,421.5999999999435,246.9,6,23
1759005428.7439911,0,1.3935,1.5,2,418.84,421.4999999999435,247.0,5,21
1759005428.7538264,0,1.3955,1.5,2,418.66,421.3999999999435,247.0,6,21
1759005428.764634,0,1.398,1.5,2,418.48,421.29999999994345,246.95,6,22
1759005428.7743695,1759005428.7738872,1.401,1.5,0,418.3,421.19999999994343,246.9,7,23
1759005428.7848344,1759005428.7738872,1.4035,1.5,0,418.2,421.19999999994343,246.9,6,23
1759005428.7953095,1759005428.7738872,1.405,1.5,0,418.02,421.19999999994343,247.0,6,23
1759005428.8052216,1759005428.7738872,1.408,1.5,0,417.85,421.19999999994343,247.1,6,24
1759005428.8157725,1759005428.7738872,1.41,1.5,0,417.67,421.19999999994343,247.14999999999998,6,23
1759005428.8256383,1759005428.7738872,1.4125,1.5,0,417.49,421.19999999994343,247.1,7,23
1759005428.835893,1759005428.7738872,1.4145,1.5,0,417.31,421.19999999994343,247.0,6,23
1759005428.8457482,1759005428.7738872,1.4175,1.5,0,417.13,421.19999999994343,246.95,6,24
1759005428.855606,1759005428.7738872,1.4195,1.5,0,416.98,421.19999999994343,246.95,6,24
1759005428.8664422,1759005428.7738872,1.4225,1.5,0,416.8,421.19999999994343,246.95,6,24
1759005428.8763802,1759005428.7738872,1.4265,1.5,0,416.62,421.19999999994343,247.0,6,24
1759005428.8868914,1759005428.7738872,1.4295,1.5,0,416.44,421.19999999994343,247.05,7,23
1759005428.896932,1759005428.7738872,1.431,1.5,0,416.29,421.19999999994343,247.0,7,23
1759005428.9070868,1759005428.7738872,1.433,1.5,0,416.14,421.19999999994343,246.9,6,24
1759005428.9172773,1759005428.7738872,1.436,1.5,0,415.99,421.19999999994343,246.85000000000002,5,24
1759005428.9275687,1759005428.7738872,1.4385,1.5,0,415.81,421.19999999994343,246.85000000000002,5,22
1759005428.9375217,1759005428.7738872,1.441,1.5,0,415.63,421.19999999994343,246.9,6,23
1759005428.947705,1759005428.7738872,1.444,1.5,0,415.45,421.19999999994343,246.95,7,23
1759005428.9575849,1759005428.7738872,1.4465,1.5,0,415.27,421.19999999994343,247.0,6,22
1759005428.9680843,1759005428.7738872,1.448,1.5,0,415.12,421.19999999994343,247.0,6,22
1759005428.9779062,1759005428.7738872,1.4505,1.5,0,414.97,421.19999999994343,247.1,6,23
1759005428.9882915,1759005428.7738872,1.453,1.5,0,414.79,421.19999999994343,247.25,7,23
1759005428.998698,1759005428.7738872,1.4555,1.5,0,414.64,421.19999999994343,247.39999999999998,7,23
1759005429.0085413,1759005428.7738872,1.4585,1.5,0,414.49,421.19999999994343,247.39999999999998,7,22
1759005429.0195184,1759005428.7738872,1.461,1.5,0,414.36,421.19999999994343,247.35,7,22
1759005429.0294778,1759005428.7738872,1.464,1.5,0,414.18,421.19999999994343,247.3,7,22
1759005429.0392509,1759005428.7738872,1.466,1.5,0,414,421.19999999994343,247.3,6,23
1759005429.049899,1759005428.7738872,1.467,1.5,0,413.82,421.19999999994343,247.45,6,22
1759005429.0600562,1759005428.7738872,1.4695,1.5,0,413.64,421.19999999994343,247.6,6,24
1759005429.070337,1759005428.7738872,1.4715,1.5,0,413.46,421.19999999994343,247.7,6,24
1759005429.0804574,1759005428.7738872,1.474,1.5,0,413.28,421.19999999994343,247.75,6,24
1759005429.0904558,1759005428.7738872,1.475,1.5,0,413.1,421.19999999994343,247.8,6,22
1759005429.1005275,1759005428.7738872,1.476,1.5,0,412.95,421.19999999994343,247.85,7,22
1759005429.1110768,1759005428.7738872,1.477,1.5,0,412.84,421.19999999994343,247.9,7,22
1759005429.1215281,1759005428.7738872,1.477,1.5,0,412.84,421.19999999994343,248.0,7,22
1759005429.1312847,1759005428.7738872,1.476,1.5,0,412.82,421.19999999994343,248.05,7,22
1759005429.141481,1759005428.7738872,1.476,1.5,0,412.82,421.19999999994343,248.15,8,22
1759005429.1521752,1759005428.7738872,1.476,1.5,0,412.82,421.19999999994343,248.2,8,23
1759005429.1616673,1759005428.7738872,1.475,1.5,0,412.82,421.19999999994343,248.25,8,22
1759005429.1720996,1759005428.7738872,1.473,1.5,0,412.82,421.19999999994343,248.35000000000002,7,22
1759005429.182681,1759005428.7738872,1.472,1.5,0,412.73,421.19999999994343,248.45000000000002,7,21
1759005429.1922805,1759005428.7738872,1.4705,1.5,0,412.73,421.19999999994343,248.55,6,22
1759005429.2026873,1759005428.7738872,1.47,1.5,0,412.73,421.19999999994343,248.65,6,22
1759005429.2126405,1759005428.7738872,1.4685,1.5,0,412.62,421.19999999994343,248.65,6,22
1759005429.2227645,1759005428.7738872,1.468,1.5,0,412.62,421.19999999994343,248.65,6,23
1759005429.23276,1759005428.7738872,1.467,1.5,0,412.62,421.19999999994343,248.75,6,22
1759005429.2435207,1759005428.7738872,1.466,1.5,0,412.62,421.19999999994343,248.8,7,21
1759005429.253284,1759005428.7738872,1.466,1.5,0,412.62,421.19999999994343,248.8,8,23
1759005429.2639897,1759005428.7738872,1.4655,1.5,0,412.53,421.19999999994343,248.75,7,22
1759005429.2737632,1759005428.7738872,1.464,1.5,0,412.44,421.19999999994343,248.75,7,22
1759005429.2835276,1759005428.7738872,1.4635,1.5,0,412.44,421.19999999994343,248.75,7,23
1759005429.294245,1759005428.7738872,1.4645,1.5,0,412.44,421.19999999994343,248.8,7,23
1759005429.3039052,1759005428.7738872,1.466,1.5,0,412.53,421.19999999994343,248.85000000000002,6,24
1759005429.3141193,1759005428.7738872,1.4655,1.5,0,412.53,421.19999999994343,248.95,6,23
1759005429.3248024,1759005428.7738872,1.465,1.5,0,412.53,421.19999999994343,249.0,7,23
1759005429.3350897,1759005428.7738872,1.4655,1.5,0,412.53,421.19999999994343,249.10000000000002,7,23
1759005429.3450856,1759005428.7738872,1.466,1.5,0,412.53,421.19999999994343,249.15,7,24
1759005429.3550553,1759005428.7738872,1.4655,1.5,0,412.48,421.19999999994343,249.2,7,22
1759005429.3652558,1759005428.7738872,1.466,1.5,0,412.48,421.19999999994343,249.2,6,24
1759005429.3755028,1759005428.7738872,1.466,1.5,0,412.48,421.19999999994343,249.14999999999998,6,23
1759005429.3856707,1759005428.7738872,1.466,1.5,0,412.48,421.19999999994343,249.10000000000002,6,23
1759005429.3961265,1759005428.7738872,1.465,1.5,0,412.48,421.19999999994343,249.1,6,23
1759005429.4059114,1759005428.7738872,1.4635,1.5,0,412.48,421.19999999994343,249.1,5,23
1759005429.4163225,1759005428.7738872,1.463,1.5,0,412.48,421.19999999994343,249.1,7,22
1759005429.4264667,1759005428.7738872,1.4625,1.5,0,412.39,421.19999999994343,249.05,5,23
1759005429.4364643,1759005428.7738872,1.462,1.5,0,412.39,421.19999999994343,249.0,5,23
1759005429.446545,1759005428.7738872,1.4615,1.5,0,412.39,421.19999999994343,248.95,6,23
1759005429.4571567,1759005428.7738872,1.4615,1.5,0,412.39,421.19999999994343,248.85,7,23
1759005429.4674208,1759005428.7738872,1.4615,1.5,0,412.34,421.19999999994343,248.8,7,22
1759005429.476952,1759005428.7738872,1.46,1.5,0,412.34,421.19999999994343,248.89999999999998,6,22
1759005429.487576,1759005428.7738872,1.459,1.5,0,412.29,421.19999999994343,248.95,6,22
1759005429.4974833,1759005428.7738872,1.458,1.5,0,412.29,421.19999999994343,248.95,7,22
1759005429.5074224,1759005428.7738872,1.4565,1.5,0,412.29,421.19999999994343,248.95,7,22
1759005429.5176558,1759005428.7738872,1.455,1.5,0,412.11,421.19999999994343,249.0,6,22
1759005429.5278192,1759005428.7738872,1.455,1.5,0,412.11,421.19999999994343,249.0,7,23
1759005429.537415,1759005428.7738872,1.454,1.5,0,412.11,421.19999999994343,249.0,6,22
1759005429.5478024,1759005428.7738872,1.453,1.5,0,412.11,421.19999999994343,248.95,5,22
1759005429.5585577,1759005428.7738872,1.4525,1.5,0,412.11,421.19999999994343,248.9,5,22
1759005429.568964,1759005428.7738872,1.453,1.5,0,412.11,421.19999999994343,248.9,7,22
1759005429.57899,1759005428.7738872,1.4525,1.5,0,412,421.19999999994343,248.95,6,23
1759005429.589527,1759005428.7738872,1.4515,1.5,0,412,421.19999999994343,249.0,6,23
1759005429.5987225,1759005428.7738872,1.4515,1.5,0,412,421.19999999994343,249.10000000000002,6,23
1759005429.6092896,1759005428.7738872,1.4505,1.5,0,412,421.19999999994343,249.2,5,22
1759005429.6192122,1759005428.7738872,1.4495,1.5,0,412.09,421.19999999994343,249.35000000000002,6,21
1759005429.62984,1759005428.7738872,1.449,1.5,0,412.09,421.19999999994343,249.45,6,22
1759005429.639542,1759005428.7738872,1.449,1.5,0,412.09,421.19999999994343,249.45,6,22
1759005429.6496518,1759005428.7738872,1.449,1.5,0,412.18,421.19999999994343,249.45,6,23
1759005429.6601026,1759005428.7738872,1.448,1.5,0,412.29,421.19999999994343,249.39999999999998,6,22
1759005429.6696177,1759005428.7738872,1.449,1.5,0,412.29,421.19999999994343,249.35000000000002,7,23
1759005429.680314,1759005428.7738872,1.4485,1.5,0,412.2,421.19999999994343,249.35,6,21
1759005429.689782,1759005428.7738872,1.4485,1.5,0,412.2,421.19999999994343,249.35000000000002,6,22
1759005429.699588,1759005428.7738872,1.448,1.5,0,412.29,421.19999999994343,249.3,7,21
1759005429.710652,1759005428.7738872,1.4475,1.5,0,412.29,421.19999999994343,249.25,7,21
1759005429.720675,1759005428.7738872,1.447,1.5,0,412.11,421.19999999994343,249.25,7,22
1759005429.7305882,1759005428.7738872,1.4475,1.5,0,412.02,421.19999999994343,249.2,8,23
1759005429.7410161,1759005428.7738872,1.447,1.5,0,412.02,421.19999999994343,249.2,6,23
1759005429.7512028,1759005428.7738872,1.446,1.5,0,412.02,421.19999999994343,249.15,5,22
1759005429.760904,1759005428.7738872,1.447,1.5,0,412.02,421.19999999994343,249.1,6,22
1759005429.7707434,1759005428.7738872,1.448,1.5,0,412.02,421.19999999994343,249.14999999999998,6,23
1759005429.7811427,1759005428.7738872,1.448,1.5,0,412.11,421.19999999994343,249.2,5,23
1759005429.7912304,1759005428.7738872,1.447,1.5,0,412.22,421.19999999994343,249.2,6,22
1759005429.801518,1759005428.7738872,1.447,1.5,0,412.17,421.19999999994343,249.2,6,23
1759005429.8116386,1759005428.7738872,1.4465,1.5,0,412.26,421.19999999994343,249.15,6,22
1759005429.8218389,1759005428.7738872,1.446,1.5,0,412.08,421.19999999994343,249.15,7,22
1759005429.831653,1759005428.7738872,1.445,1.5,0,412.08,421.19999999994343,249.2,5,22
1759005429.8419373,1759005428.7738872,1.445,1.5,0,412.08,421.19999999994343,249.3,7,23
1759005429.8519495,1759005428.7738872,1.4455,1.5,0,412.08,421.19999999994343,249.4,7,23
1759005429.8622506,1759005428.7738872,1.445,1.5,0,412.08,421.19999999994343,249.45000000000002,6,23
1759005429.8724616,1759005428.7738872,1.443,1.5,0,412.08,421.19999999994343,249.3,5,21
1759005429.8826919,1759005428.7738872,1.4425,1.5,0,412.08,421.19999999994343,249.2,6,23
1759005429.892769,1759005428.7738872,1.442,1.5,0,412.08,421.19999999994343,249.05,6,23
1759005429.902933,1759005428.7738872,1.4425,1.5,0,412.08,421.19999999994343,248.95,8,23
1759005429.9132686,1759005428.7738872,1.442,1.5,0,412.08,421.19999999994343,248.95,6,23
1759005429.9235477,1759005428.7738872,1.442,1.5,0,412.08,421.19999999994343,249.05,7,23
1759005429.93388,1759005428.7738872,1.442,1.5,0,412.08,421.19999999994343,249.1,7,22
1759005429.9440603,1759005428.7738872,1.443,1.5,0,412.08,421.19999999994343,249.14999999999998,6,23
1759005429.9541004,1759005428.7738872,1.442,1.5,0,412.08,421.19999999994343,249.14999999999998,5,22
1759005429.9642794,1759005428.7738872,1.441,1.5,0,412.08,421.19999999994343,249.1,6,22
1759005429.9743407,1759005428.7738872,1.442,1.5,0,412.08,421.19999999994343,249.05,7,23
1759005429.9842556,1759005428.7738872,1.4425,1.5,0,412.08,421.19999999994343,249.0,6,23
1759005429.994263,1759005428.7738872,1.4425,1.5,0,412.08,421.19999999994343,248.89999999999998,6,23
1759005430.004374,1759005428.7738872,1.442,1.5,0,412.08,421.19999999994343,248.8,7,22
1759005430.014555,1759005428.7738872,1.4415,1.5,0,412.08,421.19999999994343,248.65,7,22
1759005430.0248532,1759005428.7738872,1.4405,1.5,0,412.08,421.19999999994343,248.6,5,22
1759005430.0347183,1759005428.7738872,1.44,1.5,0,412.03,421.19999999994343,248.6,6,22
1759005430.0457604,1759005428.7738872,1.44,1.5,0,412.03,421.19999999994343,248.6,7,22
1759005430.0555358,1759005428.7738872,1.4395,1.5,0,412.03,421.19999999994343,248.6,6,22
1759005430.0656536,1759005428.7738872,1.44,1.5,0,412.03,421.19999999994343,248.45,7,22
1759005430.0757432,1759005428.7738872,1.4395,1.5,0,412.03,421.19999999994343,248.35,6,23
1759005430.086102,1759005428.7738872,1.439,1.5,0,412.03,421.19999999994343,248.2,7,22
1759005430.0963292,1759005428.7738872,1.4385,1.5,0,412.03,421.19999999994343,248.10000000000002,7,22
1759005430.1062675,1759005428.7738872,1.438,1.5,0,412.12,421.19999999994343,247.95,6,21
1759005430.1164532,1759005428.7738872,1.4364999999999999,1.5,0,412.12,421.19999999994343,247.8,5,21
1759005430.1266456,1759005428.7738872,1.436,1.5,0,412.23,421.19999999994343,247.7,6,22
1759005430.1366727,1759005428.7738872,1.436,1.5,0,412.23,421.19999999994343,247.60000000000002,8,21
1759005430.1468678,1759005428.7738872,1.4355,1.5,0,412.14,421.19999999994343,247.45,6,22
1759005430.1575334,1759005428.7738872,1.4355,1.5,0,412.05,421.19999999994343,247.3,7,23
1759005430.1677213,1759005428.7738872,1.435,1.5,0,412.14,421.19999999994343,247.25,7,23
1759005430.1775055,1759005428.7738872,1.4344999999999999,1.5,0,412.14,421.19999999994343,247.3,6,23
1759005430.1881287,1759005428.7738872,1.4355,1.5,0,412.14,421.19999999994343,247.3,7,24
1759005430.198438,1759005428.7738872,1.437,1.5,0,412.05,421.19999999994343,247.25,8,23
1759005430.208681,1759005428.7738872,1.437,1.5,0,412.05,421.19999999994343,247.15,7,21
1759005430.2184875,1759005428.7738872,1.437,1.5,0,412.05,421.19999999994343,247.10000000000002,6,22
1759005430.228964,1759005428.7738872,1.4364999999999999,1.5,0,412.05,421.19999999994343,247.1,6,21
1759005430.2391012,1759005428.7738872,1.4364999999999999,1.5,0,412.05,421.19999999994343,247.1,7,22
1759005430.249477,1759005428.7738872,1.4364999999999999,1.5,0,412.05,421.19999999994343,247.14999999999998,6,22
1759005430.2596107,1759005428.7738872,1.4375,1.5,0,412.05,421.19999999994343,247.25,7,23
1759005430.2695992,1759005428.7738872,1.4364999999999999,1.5,0,412.05,421.19999999994343,247.35000000000002,6,23
1759005430.279942,1759005428.7738872,1.4364999999999999,1.5,0,412.05,421.19999999994343,247.45,7,22
1759005430.289671,1759005428.7738872,1.437,1.5,0,412.05,421.19999999994343,247.5,8,22
1759005430.2999182,1759005428.7738872,1.436,1.5,0,412.05,421.19999999994343,247.55,6,22
1759005430.3104541,1759005428.7738872,1.435,1.5,0,412.05,421.19999999994343,247.5,6,22
1759005430.319687,1759005428.7738872,1.433,1.5,0,412.01,421.19999999994343,247.45,6,20
1759005430.3305924,1759005428.7738872,1.433,1.5,0,412.01,421.19999999994343,247.35,6,23
1759005430.340423,1759005428.7738872,1.4324999999999999,1.5,0,412.01,421.19999999994343,247.3,6,23
1759005430.3510277,1759005428.7738872,1.432,1.5,0,412.01,421.19999999994343,247.3,6,23
1759005430.3606029,1759005428.7738872,1.4304999999999999,1.5,0,412.01,421.19999999994343,247.39999999999998,7,21
1759005430.3709157,1759005428.7738872,1.4304999999999999,1.5,0,412.01,421.19999999994343,247.45,6,23
1759005430.3807933,1759005428.7738872,1.43,1.5,0,412.01,421.19999999994343,247.5,6,23
1759005430.391472,1759005428.7738872,1.4295,1.5,0,412.01,421.19999999994343,247.5,6,22
1759005430.400786,1759005428.7738872,1.43,1.5,0,412.01,421.19999999994343,247.5,7,23
1759005430.4117053,1759005428.7738872,1.4304999999999999,1.5,0,412.01,421.19999999994343,247.55,7,23
1759005430.4215622,1759005428.7738872,1.431,1.5,0,412.01,421.19999999994343,247.60000000000002,7,22
1759005430.431382,1759005428.7738872,1.4304999999999999,1.5,0,412.01,421.19999999994343,247.7,7,21
1759005430.4419856,1759005428.7738872,1.4304999999999999,1.5,0,412.01,421.19999999994343,247.75,7,21
1759005430.4522,1759005428.7738872,1.4304999999999999,1.5,0,412.01,421.19999999994343,247.8,6,22
1759005430.4622307,1759005428.7738872,1.43,1.5,0,412.01,421.19999999994343,247.8,5,23
1759005430.472739,1759005428.7738872,1.429,1.5,0,412.01,421.19999999994343,247.85,6,22
1759005430.482534,1759005428.7738872,1.428,1.5,0,412.01,421.19999999994343,247.89999999999998,5,22
1759005430.4928129,1759005428.7738872,1.428,1.5,0,412.01,421.19999999994343,247.85,7,21
1759005430.5024257,1759005428.7738872,1.4275,1.5,0,412.01,421.19999999994343,247.75,6,21
1759005430.5129802,1759005428.7738872,1.426,1.5,0,412.01,421.19999999994343,247.75,6,20
1759005430.5223734,1759005428.7738872,1.4255,1.5,0,412.01,421.19999999994343,247.75,7,21
1759005430.53293,1759005428.7738872,1.4255,1.5,0,412.01,421.19999999994343,247.75,6,22
1759005430.5433729,1759005428.7738872,1.425,1.5,0,412.01,421.19999999994343,247.85,7,22
1759005430.5533812,1759005428.7738872,1.425,1.5,0,412.01,421.19999999994343,247.95,6,22
1759005430.5637167,1759005428.7738872,1.4255,1.5,0,412.01,421.19999999994343,248.05,6,22
1759005430.5737565,1759005428.7738872,1.4255,1.5,0,412.01,421.19999999994343,248.05,5,22
1759005430.5835493,1759005428.7738872,1.424,1.5,0,412.01,421.19999999994343,248.0,5,21
1759005430.593549,1759005428.7738872,1.4235,1.5,0,412.01,421.19999999994343,247.9,6,22
1759005430.604086,1759005428.7738872,1.4224999999999999,1.5,0,412.01,421.19999999994343,247.8,6,21
1759005430.6143744,1759005428.7738872,1.4215,1.5,0,412.01,421.19999999994343,247.75,6,21
1759005430.6245403,1759005428.7738872,1.421,1.5,0,412.01,421.19999999994343,247.65,5,21
1759005430.6349912,1759005428.7738872,1.42,1.5,0,411.92,421.19999999994343,247.55,6,19
1759005430.6446736,1759005428.7738872,1.42,1.5,0,411.92,421.19999999994343,247.5,7,21
1759005430.6547284,1759005428.7738872,1.4204999999999999,1.5,0,411.92,421.19999999994343,247.55,7,22
1759005430.6651185,1759005428.7738872,1.421,1.5,0,411.88,421.19999999994343,247.6,7,23
1759005430.675224,1759005428.7738872,1.421,1.5,0,411.77,421.19999999994343,247.65,7,21
1759005430.6850016,1759005428.7738872,1.4195,1.5,0,411.77,421.19999999994343,247.7,6,21
1759005430.6946366,1759005428.7738872,1.42,1.5,0,411.77,421.19999999994343,247.75,6,22
1759005430.7056034,1759005428.7738872,1.4195,1.5,0,411.77,421.19999999994343,247.8,6,21
1759005430.7154665,1759005428.7738872,1.4195,1.5,0,411.77,421.19999999994343,247.85000000000002,6,22
1759005430.7263584,1759005428.7738872,1.42,1.5,0,411.77,421.19999999994343,247.9,7,22
1759005430.7361352,1759005428.7738872,1.4204999999999999,1.5,0,411.77,421.19999999994343,247.9,7,23
1759005430.7467265,1759005428.7738872,1.4184999999999999,1.5,0,411.77,421.19999999994343,247.85,6,21
1759005430.7569914,1759005428.7738872,1.4175,1.5,0,411.77,421.19999999994343,247.85,7,20
1759005430.7669246,1759005428.7738872,1.4184999999999999,1.5,0,411.77,421.19999999994343,247.85,7,22
1759005430.7773435,1759005428.7738872,1.418,1.5,0,411.77,421.19999999994343,247.85,6,21
1759005430.7874193,1759005428.7738872,1.418,1.5,0,411.77,421.19999999994343,247.85000000000002,7,22
1759005430.798021,1759005428.7738872,1.418,1.5,0,411.68,421.19999999994343,247.75,6,22
1759005430.808038,1759005428.7738872,1.419,1.5,0,411.57,421.19999999994343,247.65,7,23
1759005430.818347,1759005428.7738872,1.419,1.5,0,411.57,421.19999999994343,247.55,7,22
1759005430.8282053,1759005428.7738872,1.4195,1.5,0,411.48,421.19999999994343,247.55,7,22
1759005430.8385725,1759005428.7738872,1.4184999999999999,1.5,0,411.48,421.19999999994343,247.5,6,21
1759005430.8487527,1759005428.7738872,1.4195,1.5,0,411.48,421.19999999994343,247.45,7,22
1759005430.858857,1759005428.7738872,1.4184999999999999,1.5,0,411.53,421.19999999994343,247.39999999999998,6,22
1759005430.8686926,1759005428.7738872,1.4175,1.5,0,411.53,421.19999999994343,247.35,7,21
1759005430.878814,1759005428.7738872,1.417,1.5,0,411.53,421.19999999994343,247.25,6,22
1759005430.8891761,1759005428.7738872,1.4184999999999999,1.5,0,411.53,421.19999999994343,247.25,7,22
1759005430.898948,1759005428.7738872,1.4184999999999999,1.5,0,411.53,421.19999999994343,247.25,7,22
1759005430.9096777,1759005428.7738872,1.419,1.5,0,411.53,421.19999999994343,247.3,8,22
1759005430.9193852,1759005428.7738872,1.4184999999999999,1.5,0,411.53,421.19999999994343,247.4,7,23
1759005430.9294033,1759005428.7738872,1.419,1.5,0,411.53,421.19999999994343,247.4,8,22
1759005430.9399154,1759005428.7738872,1.4184999999999999,1.5,0,411.53,421.19999999994343,247.25,7,22
1759005430.9499273,1759005428.7738872,1.4184999999999999,1.5,0,411.53,421.19999999994343,247.1,7,22
1759005430.9600904,1759005428.7738872,1.419,1.5,0,411.53,421.19999999994343,247.0,7,23
1759005430.970061,1759005428.7738872,1.4204999999999999,1.5,0,411.53,421.19999999994343,246.95,8,22
1759005430.9800534,1759005428.7738872,1.4204999999999999,1.5,0,411.53,421.19999999994343,246.95,6,22
1759005430.990476,1759005428.7738872,1.4195,1.5,0,411.53,421.19999999994343,246.95,7,21
1759005431.0008912,1759005428.7738872,1.4195,1.5,0,411.53,421.19999999994343,247.0,7,22
1759005431.011114,1759005428.7738872,1.4184999999999999,1.5,0,411.58,421.19999999994343,247.05,6,21
1759005431.0208673,1759005428.7738872,1.418,1.5,0,411.58,421.19999999994343,247.05,6,22
1759005431.0311613,1759005428.7738872,1.417,1.5,0,411.58,421.19999999994343,247.1,6,21
1759005431.041709,1759005428.7738872,1.4184999999999999,1.5,0,411.67,421.19999999994343,247.1,7,23
1759005431.051515,1759005428.7738872,1.419,1.5,0,411.67,421.19999999994343,247.1,7,22
1759005431.061461,1759005428.7738872,1.419,1.5,0,411.67,421.19999999994343,247.1,7,22
1759005431.0719094,1759005428.7738872,1.4195,1.5,0,411.67,421.19999999994343,247.1,7,22
1759005431.0817525,1759005428.7738872,1.4195,1.5,0,411.67,421.19999999994343,247.1,7,22
1759005431.0921063,1759005428.7738872,1.4195,1.5,0,411.67,421.19999999994343,247.05,7,22
1759005431.1019452,1759005428.7738872,1.42,1.5,0,411.67,421.19999999994343,247.05,7,23
1759005431.112519,1759005428.7738872,1.42,1.5,0,411.67,421.19999999994343,247.05,6,23
1759005431.1224272,1759005428.7738872,1.4215,1.5,0,411.58,421.19999999994343,247.10000000000002,7,23
1759005431.1329846,1759005428.7738872,1.423,1.5,0,411.58,421.19999999994343,247.2,6,23
1759005431.1425433,1759005428.7738872,1.4224999999999999,1.5,0,411.47,421.19999999994343,247.25,6,21
1759005431.153202,1759005428.7738872,1.423,1.5,0,411.47,421.19999999994343,247.25,8,22
1759005431.1631331,1759005428.7738872,1.4235,1.5,0,411.47,421.19999999994343,247.3,7,22
1759005431.1734598,1759005428.7738872,1.424,1.5,0,411.47,421.19999999994343,247.35000000000002,7,24
1759005431.1836734,1759005428.7738872,1.423,1.5,0,411.38,421.19999999994343,247.4,7,21
1759005431.193758,1759005428.7738872,1.422,1.5,0,411.38,421.19999999994343,247.35000000000002,6,21
1759005431.2039115,1759005428.7738872,1.4204999999999999,1.5,0,411.38,421.19999999994343,247.35000000000002,7,21
1759005431.2143083,1759005428.7738872,1.419,1.5,0,411.38,421.19999999994343,247.3,7,21
1759005431.2245688,1759005428.7738872,1.4184999999999999,1.5,0,411.38,421.19999999994343,247.3,6,21
1759005431.2349558,1759005428.7738872,1.4195,1.5,0,411.38,421.19999999994343,247.3,7,23
1759005431.2447813,1759005428.7738872,1.421,1.5,0,411.38,421.19999999994343,247.35000000000002,8,22
1759005431.2550278,1759005428.7738872,1.42,1.5,0,411.38,421.19999999994343,247.4,6,21
1759005431.265409,1759005428.7738872,1.42,1.5,0,411.38,421.19999999994343,247.35000000000002,7,21
1759005431.2753675,1759005428.7738872,1.4184999999999999,1.5,0,411.47,421.19999999994343,247.2,6,21
1759005431.2858274,1759005428.7738872,1.4175,1.5,0,411.47,421.19999999994343,247.05,6,21
1759005431.2955225,1759005428.7738872,1.4165,1.5,0,411.47,421.19999999994343,246.85,5,22
1759005431.305522,1759005428.7738872,1.4145,1.5,0,411.47,421.19999999994343,246.8,5,21
1759005431.3159034,1759005428.7738872,1.4145,1.5,0,411.47,421.19999999994343,246.8,6,22
1759005431.3255591,1759005428.7738872,1.415,1.5,0,411.56,421.19999999994343,246.85000000000002,7,22
1759005431.3359594,1759005428.7738872,1.4165,1.5,0,411.51,421.19999999994343,246.9,7,22
1759005431.3462305,1759005428.7738872,1.4155,1.5,0,411.51,421.19999999994343,247.0,6,21
1759005431.356707,1759005428.7738872,1.4135,1.5,0,411.51,421.19999999994343,247.1,4,21
1759005431.366752,1759005428.7738872,1.4115,1.5,0,411.51,421.19999999994343,247.14999999999998,5,20
1759005431.3766634,1759005428.7738872,1.411,1.5,0,411.6,421.19999999994343,247.1,6,21
1759005431.3867261,1759005428.7738872,1.409,1.5,0,411.6,421.19999999994343,247.10000000000002,5,20
1759005431.3973708,1759005428.7738872,1.408,1.5,0,411.6,421.19999999994343,247.10000000000002,5,22
1759005431.407508,1759005428.7738872,1.408,1.5,0,411.6,421.19999999994343,247.15,6,22
1759005431.4177575,1759005428.7738872,1.407,1.5,0,411.6,421.19999999994343,247.2,6,22
1759005431.4273946,1759005428.7738872,1.4065,1.5,0,411.6,421.19999999994343,247.25,7,22
1759005431.4376714,1759005428.7738872,1.407,1.5,0,411.65,421.19999999994343,247.3,8,22
1759005431.447984,1759005428.7738872,1.4065,1.5,0,411.65,421.19999999994343,247.3,6,21
1759005431.4585183,1759005428.7738872,1.407,1.5,0,411.74,421.19999999994343,247.2,7,22
1759005431.4681425,1759005428.7738872,1.4065,1.5,0,411.74,421.19999999994343,247.1,6,21
1759005431.4788122,1759005428.7738872,1.406,1.5,0,411.74,421.19999999994343,247.05,6,21
1759005431.4885767,1759005428.7738872,1.4055,1.5,0,411.74,421.19999999994343,247.0,6,21
1759005431.4987218,1759005428.7738872,1.4055,1.5,0,411.74,421.19999999994343,246.95,5,22
1759005431.5086331,1759005428.7738872,1.405,1.5,0,411.74,421.19999999994343,246.9,5,22
1759005431.5193539,1759005428.7738872,1.4055,1.5,0,411.74,421.19999999994343,246.95,6,22
1759005431.529426,1759005428.7738872,1.405,1.5,0,411.74,421.19999999994343,247.0,4,21
1759005431.5397146,1759005428.7738872,1.404,1.5,0,411.83,421.19999999994343,247.05,5,21
1759005431.549688,1759005428.7738872,1.4035,1.5,0,411.83,421.19999999994343,247.05,6,21
1759005431.5597832,1759005428.7738872,1.4025,1.5,0,411.83,421.19999999994343,247.05,7,20
1759005431.570094,1759005428.7738872,1.4025,1.5,0,411.83,421.19999999994343,247.10000000000002,7,21
1759005431.5800946,1759005428.7738872,1.4015,1.5,0,411.83,421.19999999994343,247.10000000000002,5,21
1759005431.5904846,1759005428.7738872,1.4015,1.5,0,411.83,421.19999999994343,247.14999999999998,6,21
1759005431.6006851,1759005428.7738872,1.402,1.5,0,411.83,421.19999999994343,247.14999999999998,7,20
1759005431.6105597,1759005428.7738872,1.4015,1.5,0,411.92,421.19999999994343,247.1,6,21
1759005431.6207156,1759005428.7738872,1.402,1.5,0,412.03,421.19999999994343,247.1,7,21
1759005431.6310332,1759005428.7738872,1.403,1.5,0,412.03,421.19999999994343,247.1,7,22
1759005431.6414807,1759005428.7738872,1.4045,1.5,0,412.03,421.19999999994343,247.2,7,22
1759005431.651568,1759005428.7738872,1.4065,1.5,0,412.08,421.19999999994343,247.25,7,22
1759005431.6615674,1759005428.7738872,1.407,1.5,0,412.08,421.19999999994343,247.2,7,22
1759005431.6718857,1759005428.7738872,1.406,1.5,0,412.08,421.19999999994343,247.10000000000002,6,21
1759005431.6819813,1759005428.7738872,1.405,1.5,0,412.03,421.19999999994343,247.05,6,22
1759005431.691749,1759005428.7738872,1.4055,1.5,0,412.03,421.19999999994343,247.05,7,22
1759005431.7017496,1759005428.7738872,1.4055,1.5,0,412.03,421.19999999994343,247.10000000000002,6,21
1759005431.7122452,1759005428.7738872,1.4045,1.5,0,412.03,421.19999999994343,247.15,5,21
1759005431.7216063,1759005428.7738872,1.4045,1.5,0,412.03,421.19999999994343,247.2,6,21
1759005431.732482,1759005428.7738872,1.4045,1.5,0,411.94,421.19999999994343,247.3,6,22
1759005431.742773,1759005428.7738872,1.404,1.5,0,411.94,421.19999999994343,247.35000000000002,7,21
1759005431.7526436,1759005428.7738872,1.4035,1.5,0,411.94,421.19999999994343,247.45,7,22
1759005431.7631094,1759005428.7738872,1.4035,1.5,0,411.94,421.19999999994343,247.5,6,21
1759005431.7730837,1759005428.7738872,1.4035,1.5,0,411.94,421.19999999994343,247.5,6,21
1759005431.7835994,1759005428.7738872,1.403,1.5,0,411.94,421.19999999994343,247.5,6,22
1759005431.793545,1759005428.7738872,1.4035,1.5,0,411.99,421.19999999994343,247.55,6,22
1759005431.8042352,1759005428.7738872,1.403,1.5,0,411.99,421.19999999994343,247.5,7,21
1759005431.8141084,1759005428.7738872,1.4025,1.5,0,411.99,421.19999999994343,247.55,7,20
1759005431.8240755,1759005428.7738872,1.4005,1.5,0,411.99,421.19999999994343,247.64999999999998,6,20
1759005431.8346982,1759005428.7738872,1.3995,1.5,0,411.99,421.19999999994343,247.75,5,22
1759005431.8445492,1759005428.7738872,1.398,1.5,0,411.99,421.19999999994343,247.75,5,21
1759005431.8545938,1759005428.7738872,1.398,1.5,0,411.99,421.19999999994343,247.75,6,21
1759005431.8648787,1759005428.7738872,1.3975,1.5,0,411.99,421.19999999994343,247.7,6,22
1759005431.874576,1759005428.7738872,1.397,1.5,0,411.94,421.19999999994343,247.65,6,21
1759005431.8847346,1759005428.7738872,1.397,1.5,0,412.03,421.19999999994343,247.6,6,22
1759005431.8947806,1759005428.7738872,1.397,1.5,0,412.12,421.19999999994343,247.6,6,22
1759005431.9049487,1759005428.7738872,1.3965,1.5,0,412.12,421.19999999994343,247.65,6,22
1759005431.9155183,1759005428.7738872,1.3965,1.5,0,412.12,421.19999999994343,247.7,6,23
1759005431.925476,1759005428.7738872,1.3955,1.5,0,412.23,421.19999999994343,247.75,6,22
1759005431.9355018,1759005428.7738872,1.3945,1.5,0,412.23,421.19999999994343,247.7,6,22
1759005431.9452734,1759005428.7738872,1.3935,1.5,0,412.23,421.19999999994343,247.8,6,22
1759005431.9559817,1759005428.7738872,1.392,1.5,0,412.23,421.19999999994343,247.95,5,21
1759005431.966149,1759005428.7738872,1.392,1.5,0,412.23,421.19999999994343,248.10000000000002,7,22
1759005431.9755037,1759005428.7738872,1.391,1.5,0,412.23,421.19999999994343,248.15,6,22
1759005431.9865525,1759005428.7738872,1.39,1.5,0,412.32,421.19999999994343,248.15,6,22
1759005431.9960978,1759005428.7738872,1.3895,1.5,0,412.32,421.19999999994343,248.15,6,21
1759005432.0065475,1759005428.7738872,1.3905,1.5,0,412.32,421.19999999994343,248.2,7,23
1759005432.016369,1759005428.7738872,1.39,1.5,0,412.41,421.19999999994343,248.2,7,21
1759005432.026802,1759005428.7738872,1.391,1.5,0,412.36,421.19999999994343,248.2,7,22
1759005432.0367508,1759005428.7738872,1.3905,1.5,0,412.36,421.19999999994343,248.15,6,21
1759005432.0466719,1759005428.7738872,1.391,1.5,0,412.36,421.19999999994343,248.10000000000002,6,22
1759005432.0572338,1759005428.7738872,1.3895,1.5,0,412.27,421.19999999994343,248.14999999999998,6,21
1759005432.0671673,1759005428.7738872,1.389,1.5,0,412.27,421.19999999994343,248.14999999999998,6,22
1759005432.0774908,1759005428.7738872,1.388,1.5,0,412.27,421.19999999994343,248.15,6,21
1759005432.0876756,1759005428.7738872,1.387,1.5,0,412.27,421.19999999994343,248.10000000000002,6,21
1759005432.0977204,1759005428.7738872,1.386,1.5,0,412.27,421.19999999994343,248.10000000000002,6,21
1759005432.1078649,1759005428.7738872,1.3865,1.5,0,412.27,421.19999999994343,248.1,7,23
1759005432.117604,1759005428.7738872,1.386,1.5,0,412.36,421.19999999994343,248.1,7,22
1759005432.1276395,1759005428.7738872,1.3855,1.5,0,412.36,421.19999999994343,248.1,6,22
1759005432.138545,1759005428.7738872,1.3845,1.5,0,412.36,421.19999999994343,248.05,6,22
1759005432.1487994,1759005428.7738872,1.384,1.5,0,412.36,421.19999999994343,248.0,6,22
