Time,ReachedHoldTime,Force,DesiredForce,State,ActualWidth,CommandWidth,Proximity,RawFzL,RawFzR,ForcePrediction,SpringConstant,RLSError,BaselineWidth,Ripeness
1763618729.3996918,0,0.025,0.5,0,0,1,211,220,162.5,None,None,None,0.0,unknown
1763618729.5049489,0,0.016666666666666666,0.5,0,0,1,209.33333333333334,219.9,153.33333333333331,None,None,None,0.0,unknown
1763618729.6659145,0,0.037500000000000006,0.5,1,1,1,208.5,219.8,146.25,None,None,None,0.0,unknown
1763618729.8257434,0,0.04,0.5,1,0,1,208,219.70000000000002,143.0,None,None,None,0.0,unknown
1763618729.9934297,0,0.04166666666666667,0.5,1,0,1,207.66666666666666,219.60000000000002,141.66666666666669,None,None,None,0.0,unknown
1763618730.0215766,0,0.04285714285714286,0.5,0,1,1,207.42857142857142,219.50000000000003,139.28571428571428,None,None,None,0.0,unknown
1763618730.1064057,0,0.037500000000000006,0.5,0,0,1,207.25,219.40000000000003,136.875,None,None,None,0.0,unknown
1763618730.156651,0,0.03333333333333333,0.5,0,0,1,207.11111111111111,219.30000000000004,136.11111111111111,None,None,None,0.0,unknown
1763618730.3830297,0,0.035,0.5,0,1,1,207,219.20000000000005,135.0,None,None,None,0.0,unknown
1763618730.5104225,0,0.03181818181818182,0.5,0,0,1,206.9090909090909,219.10000000000005,134.0909090909091,None,None,None,0.0,unknown
1763618730.7595692,0,0.03333333333333333,0.5,0,1,1,206.83333333333334,219.00000000000006,133.75,None,None,None,0.0,unknown
1763618730.8934717,0,0.03076923076923077,0.5,0,0,1,206.76923076923077,218.90000000000006,133.46153846153845,None,None,None,0.0,unknown
1763618730.959666,0,0.028571428571428574,0.5,0,0,1,206.71428571428572,218.80000000000007,133.21428571428572,None,None,None,0.0,unknown
1763618731.0985296,0,0.02666666666666667,0.5,0,0,1,206.66666666666666,218.70000000000007,132.33333333333334,None,None,None,0.0,unknown
1763618731.2191546,0,0.028125,0.5,1,0,1,206.625,218.60000000000008,132.5,None,None,None,0.0,unknown
1763618731.4843462,0,0.029411764705882356,0.5,0,1,1,206.58823529411765,218.50000000000009,132.3529411764706,None,None,None,0.0,unknown
1763618731.5545378,0,0.030555555555555558,0.5,1,0,1,206.55555555555554,218.4000000000001,132.5,None,None,None,0.0,unknown
1763618731.5748124,0,0.0368421052631579,0.5,2,1,1,206.52631578947367,218.3000000000001,132.3684210526316,None,None,None,0.0,unknown
1763618731.7290275,0,0.0375,0.5,0,1,1,206.5,218.2000000000001,132.25,None,None,None,0.0,unknown
1763618731.8497071,0,0.03571428571428571,0.5,0,0,1,206.47619047619048,218.1000000000001,132.38095238095238,None,None,None,0.0,unknown
1763618731.9664202,0,0.034090909090909095,0.5,0,0,1,206.45454545454547,218.0000000000001,132.5,None,None,None,0.0,unknown
1763618732.1697843,0,0.03260869565217391,0.5,0,0,1,206.43478260869566,217.90000000000012,133.04347826086956,None,None,None,0.0,unknown
1763618732.2845256,0,0.03125,0.5,0,0,1,206.41666666666666,217.80000000000013,133.125,None,None,None,0.0,unknown
1763618732.3776078,0,0.030000000000000002,0.5,0,0,1,206.32,217.70000000000013,133.4,None,None,None,0.0,unknown
1763618732.4503675,0,0.028846153846153848,0.5,0,0,1,206.30769230769232,217.60000000000014,133.26923076923077,None,None,None,0.0,unknown
1763618732.6380854,0,0.02777777777777778,0.5,0,0,1,206.2962962962963,217.50000000000014,133.51851851851853,None,None,None,0.0,unknown
1763618732.8182704,0,0.026785714285714288,0.5,0,0,1,206.28571428571428,217.40000000000015,133.92857142857144,None,None,None,0.0,unknown
1763618732.9085274,0,0.02586206896551724,0.5,0,0,1,206.27586206896552,217.30000000000015,134.13793103448276,None,None,None,0.0,unknown
1763618733.0628524,0,0.025,0.5,0,0,1,206.26666666666668,217.20000000000016,134.16666666666666,None,None,None,0.0,unknown
1763618733.2794938,0,0.025806451612903226,0.5,0,1,1,206.25806451612902,217.10000000000016,134.3548387096774,None,None,None,0.0,unknown
1763618733.4383216,0,0.025,0.5,0,0,1,206.25,217.00000000000017,134.21875,None,None,None,0.0,unknown
1763618733.56863,0,0.025757575757575757,0.5,0,1,1,206.24242424242425,216.90000000000018,134.3939393939394,None,None,None,0.0,unknown
1763618733.809469,0,0.025,0.5,0,0,1,206.23529411764707,216.80000000000018,134.70588235294116,None,None,None,0.0,unknown
1763618733.9583333,0,0.027142857142857146,0.5,1,1,1,206.22857142857143,216.7000000000002,134.71428571428572,None,None,None,0.0,unknown
1763618734.0485709,0,0.02777777777777778,0.5,0,1,1,206.22222222222223,216.6000000000002,134.58333333333331,None,None,None,0.0,unknown
1763618734.25401,0,0.02837837837837838,0.5,0,1,1,206.21621621621622,216.5000000000002,134.59459459459458,None,None,None,0.0,unknown
1763618734.4113,0,0.027631578947368424,0.5,0,0,1,206.21052631578948,216.4000000000002,134.73684210526315,None,None,None,0.0,unknown
1763618734.7552457,0,0.028205128205128206,0.5,0,1,1,206.2051282051282,216.3000000000002,134.6153846153846,None,None,None,0.0,unknown
1763618734.98307,0,0.0275,0.5,0,0,1,206.2,216.20000000000022,134.75,None,None,None,0.0,unknown
1763618735.1578484,0,0.02804878048780488,0.5,0,1,1,206.1951219512195,216.10000000000022,134.5121951219512,None,None,None,0.0,unknown
1763618735.230332,0,0.02738095238095238,0.5,0,0,1,206.1904761904762,216.00000000000023,134.52380952380952,None,None,None,0.0,unknown
1763618735.3084767,0,0.029069767441860465,0.5,1,1,1,206.1860465116279,215.90000000000023,134.30232558139537,None,None,None,0.0,unknown
1763618735.3688369,0,0.02954545454545455,0.5,0,1,1,206.1818181818182,215.80000000000024,134.20454545454547,None,None,None,0.0,unknown
1763618735.471919,0,0.02888888888888889,0.5,0,0,1,206.17777777777778,215.70000000000024,134.22222222222223,None,None,None,0.0,unknown
1763618735.6103058,0,0.02826086956521739,0.5,0,0,1,206.17391304347825,215.60000000000025,134.23913043478262,None,None,None,0.0,unknown
1763618735.804566,0,0.029787234042553193,0.5,2,0,1,206.17021276595744,215.50000000000026,134.14893617021278,None,None,None,0.0,unknown
1763618735.9103394,0,0.029166666666666667,0.5,0,0,1,206.16666666666666,215.40000000000026,134.0625,None,None,None,0.0,unknown
1763618736.1312866,0,0.028571428571428574,0.5,0,0,1,206.16326530612244,215.30000000000027,133.9795918367347,None,None,None,0.0,unknown
1763618736.2937038,0,0.028,0.5,0,0,1,206.12,215.20000000000027,134.0,None,None,None,0.0,unknown
1763618736.448078,0,0.027,0.5,0,0,1,206.11764705882354,215.10000000000028,134.01960784313727,None,None,None,0.0,unknown
1763618736.6136515,0,0.027,0.5,0,0,1,206.1153846153846,215.00000000000028,133.9423076923077,None,None,None,0.0,unknown
1763618736.744665,0,0.027,0.5,0,0,1,206.11320754716982,214.9000000000003,133.8679245283019,None,None,None,0.0,unknown
1763618736.8188887,0,0.025,0.5,0,0,1,206.11111111111111,214.8000000000003,133.88888888888889,None,None,None,0.0,unknown
1763618736.938142,0,0.024,0.5,0,0,1,206.1090909090909,214.7000000000003,133.8181818181818,None,None,None,0.0,unknown
1763618737.0854888,0,0.023,0.5,0,0,1,206.10714285714286,214.6000000000003,133.75,None,None,None,0.0,unknown
1763618737.2614481,0,0.023,0.5,1,0,1,206.10526315789474,214.5000000000003,133.5964912280702,None,None,None,0.0,unknown
1763618737.3396385,0,0.023,0.5,0,0,1,206.10344827586206,214.40000000000032,133.6206896551724,None,None,None,0.0,unknown
1763618737.3735082,0,0.023,0.5,0,0,1,206.10169491525423,214.30000000000032,133.64406779661016,None,None,None,0.0,unknown
1763618737.5328102,0,0.022000000000000002,0.5,0,0,1,206.1,214.20000000000033,133.75,None,None,None,0.0,unknown
1763618737.6254468,0,0.023,0.5,1,0,1,206.0983606557377,214.10000000000034,134.01639344262296,None,None,None,0.0,unknown
1763618737.7594762,0,0.022000000000000002,0.5,0,0,1,206.09677419354838,214.00000000000034,134.19354838709677,None,None,None,0.0,unknown
1763618737.9197068,0,0.023,0.5,1,0,1,206.0952380952381,213.90000000000035,134.04761904761904,None,None,None,0.0,unknown
1763618738.0270498,0,0.023,0.5,0,0,1,206.09375,213.80000000000035,134.21875,None,None,None,0.0,unknown
1763618738.2556307,0,0.024,0.5,1,0,1,206.09230769230768,213.70000000000036,134.30769230769232,None,None,None,0.0,unknown
1763618738.4936357,0,0.024,0.5,0,1,1,206.0909090909091,213.60000000000036,134.3181818181818,None,None,None,0.0,unknown
1763618738.7073808,0,0.025,0.5,1,1,1,206.08955223880596,213.50000000000037,134.55223880597015,None,None,None,0.0,unknown
1763618738.853748,0,0.024,0.5,0,0,1,206.08823529411765,213.40000000000038,134.7058823529412,None,None,None,0.0,unknown
1763618738.9756396,0,0.022000000000000002,0.5,1,0,1,206.08695652173913,213.30000000000038,134.85507246376812,None,None,None,0.0,unknown
1763618739.0778127,0,0.021,0.5,0,0,1,206.0857142857143,213.2000000000004,134.92857142857144,None,None,None,0.0,unknown
1763618739.1771288,0,0.024,0.5,1,2,1,206.08450704225353,213.1000000000004,135.14084507042253,None,None,None,0.0,unknown
1763618739.3243954,0,0.025,0.5,1,0,1,206.08333333333334,213.0000000000004,135.20833333333334,None,None,None,0.0,unknown
1763618739.6004121,0,0.025,0.5,0,0,1,206.08219178082192,212.9000000000004,135.20547945205482,None,None,None,0.0,unknown
1763618739.6916761,0,0.027,0.5,1,1,1,206.0810810810811,212.8000000000004,135.2027027027027,None,None,None,0.0,unknown
1763618739.9557285,0,0.027,0.5,0,0,1,206.08,212.70000000000041,135.13333333333333,None,None,None,0.0,unknown
1763618740.0559034,0,0.028,0.5,0,1,1,206.07894736842104,212.60000000000042,135.26315789473685,None,None,None,0.0,unknown
1763618740.095803,0,0.029,0.5,0,1,1,206.07792207792207,212.50000000000043,135.25974025974025,None,None,None,0.0,unknown
1763618740.2425752,0,0.029,0.5,0,0,1,206.07692307692307,212.40000000000043,135.25641025641028,None,None,None,0.0,unknown
1763618740.3594406,0,0.029,0.5,0,0,1,206.0759493670886,212.30000000000044,135.31645569620252,None,None,None,0.0,unknown
1763618740.528556,0,0.030000000000000002,0.5,1,0,1,206.075,212.20000000000044,135.3125,None,None,None,0.0,unknown
1763618740.6185555,0,0.031,0.5,1,1,1,206.07407407407408,212.10000000000045,135.37037037037038,None,None,None,0.0,unknown
1763618740.7994022,0,0.031,0.5,0,0,1,206.0731707317073,212.00000000000045,135.3658536585366,None,None,None,0.0,unknown
1763618740.9655008,0,0.031,0.5,1,0,1,206.0722891566265,211.90000000000046,135.48192771084337,None,None,None,0.0,unknown
1763618741.1021602,0,0.032,0.5,1,0,1,206.07142857142858,211.80000000000047,135.47619047619048,None,None,None,0.0,unknown
1763618741.2566874,0,0.031,0.5,1,0,1,206.0705882352941,211.70000000000047,135.52941176470588,None,None,None,0.0,unknown
1763618741.3524964,0,0.030000000000000002,0.5,0,0,1,206.06976744186048,211.60000000000048,135.63953488372093,None,None,None,0.0,unknown
1763618741.6372917,0,0.031,0.5,2,0,1,206.06896551724137,211.50000000000048,135.632183908046,None,None,None,0.0,unknown
1763618741.853406,0,0.032,0.5,0,1,1,206.0681818181818,211.4000000000005,135.625,None,None,None,0.0,unknown
1763618741.9736624,0,0.031,0.5,0,0,1,206.06741573033707,211.3000000000005,135.61797752808988,None,None,None,0.0,unknown
1763618742.12948,0,0.031,0.5,0,0,1,206.06666666666666,211.2000000000005,135.55555555555554,None,None,None,0.0,unknown
1763618742.2671895,0,0.031,0.5,1,0,1,206.06593406593407,211.1000000000005,135.4945054945055,None,None,None,0.0,unknown
1763618742.3074348,0,0.031,0.5,0,0,1,206.04347826086956,211.0000000000005,135.3804347826087,None,None,None,0.0,unknown
1763618742.5318475,0,0.030000000000000002,0.5,1,0,1,206.04301075268816,210.90000000000052,135.32258064516128,None,None,None,0.0,unknown
1763618742.6314123,0,0.029,0.5,0,0,1,206.04255319148936,210.80000000000052,135.31914893617022,None,None,None,0.0,unknown
1763618742.6805198,0,0.030000000000000002,0.5,1,0,1,206.0421052631579,210.70000000000053,135.26315789473685,None,None,None,0.0,unknown
1763618742.7573595,0,0.032,0.5,2,0,1,206.04166666666666,210.60000000000053,135.3125,None,None,None,0.0,unknown
1763618742.9252052,0,0.032,0.5,2,0,1,206.04123711340208,210.50000000000054,135.36082474226805,None,None,None,0.0,unknown
1763618742.9586494,0,0.033,0.5,1,0,1,206.0408163265306,210.40000000000055,135.30612244897958,None,None,None,0.0,unknown
1763618743.0376754,0,0.033,0.5,0,0,1,206.04040404040404,210.30000000000055,135.35353535353534,None,None,None,0.0,unknown
1763618743.1668556,0,0.034,0.5,1,0,1,206.04,210.20000000000056,135.4,None,None,None,0.0,unknown
1763618743.1933193,0,0.035,0.5,1,0,1,205.94,210.10000000000056,134.8,None,None,None,0.0,unknown
1763618743.2952297,0,0.036000000000000004,0.5,1,0,1,205.94,210.00000000000057,134.95,None,None,None,0.0,unknown
1763618743.5792255,0,0.036000000000000004,0.5,0,0,1,205.94,209.90000000000057,134.9,None,None,None,0.0,unknown
1763618743.8437665,0,0.038,0.5,2,0,1,205.94,209.80000000000058,134.9,None,None,None,0.0,unknown
1763618743.9538786,0,0.038,0.5,0,0,1,205.94,209.70000000000059,134.95,None,None,None,0.0,unknown
1763618744.0504446,0,0.039,0.5,1,0,1,205.92,209.6000000000006,134.85,None,None,None,0.0,unknown
1763618744.2167604,0,0.039,0.5,1,0,1,205.92,209.5000000000006,134.85,None,None,None,0.0,unknown
1763618744.3159456,0,0.04,0.5,1,0,1,205.92,209.4000000000006,134.9,None,None,None,0.0,unknown
1763618744.4138997,0,0.041,0.5,0,1,1,205.92,209.3000000000006,134.9,None,None,None,0.0,unknown
1763618744.638226,0,0.043000000000000003,0.5,2,0,1,205.81,209.2000000000006,135.05,None,None,None,0.0,unknown
1763618744.7530417,0,0.043000000000000003,0.5,1,0,1,205.7,209.10000000000062,135.3,None,None,None,0.0,unknown
1763618744.939656,0,0.046,0.5,1,2,1,205.59,209.00000000000063,135.4,None,None,None,0.0,unknown
1763618744.9607599,0,0.046,0.5,0,1,1,205.48,208.90000000000063,135.6,None,None,None,0.0,unknown
1763618745.193359,0,0.047,0.5,1,0,1,205.37,208.80000000000064,135.7,None,None,None,0.0,unknown
1763618745.3490639,0,0.046,0.5,0,0,1,205.26,208.70000000000064,135.95,None,None,None,0.0,unknown
1763618745.5498204,0,0.048,0.5,2,1,1,205.15,208.60000000000065,136.10000000000002,None,None,None,0.0,unknown
1763618745.6644537,0,0.048,0.5,1,1,1,205.04,208.50000000000065,136.25,None,None,None,0.0,unknown
1763618745.8363059,0,0.049,0.5,1,0,1,204.93,208.40000000000066,136.45,None,None,None,0.0,unknown
1763618745.9661376,0,0.049,0.5,1,0,1,204.82,208.30000000000067,136.6,None,None,None,0.0,unknown
1763618746.0993,0,0.05,0.5,1,0,1,204.71,208.20000000000067,136.85,None,None,None,0.0,unknown
1763618746.2920206,0,0.048,0.5,1,0,1,204.6,208.10000000000068,136.95,None,None,None,0.0,unknown
1763618746.4011397,0,0.048,0.5,1,0,1,204.49,208.00000000000068,137.1,None,None,None,0.0,unknown
1763618746.5329971,0,0.05,0.5,2,0,1,204.38,207.9000000000007,137.15,None,None,None,0.0,unknown
1763618746.6907196,0,0.05,0.5,1,1,1,204.27,207.8000000000007,137.3,None,None,None,0.0,unknown
1763618746.7732189,0,0.052000000000000005,0.5,2,0,1,204.18,207.7000000000007,137.3,None,None,None,0.0,unknown
1763618746.9055436,0,0.053000000000000005,0.5,1,1,1,204.07,207.6000000000007,137.5,None,None,None,0.0,unknown
1763618747.0204506,0,0.053000000000000005,0.5,1,0,1,203.96,207.5000000000007,137.55,None,None,None,0.0,unknown
1763618747.1499472,0,0.055,0.5,2,0,1,203.85,207.40000000000072,137.60000000000002,None,None,None,0.0,unknown
1763618747.3683062,0,0.057,0.5,1,1,1,203.74,207.30000000000072,137.7,None,None,None,0.0,unknown
1763618747.4926429,0,0.058,0.5,2,0,1,203.63,207.20000000000073,137.75,None,None,None,0.0,unknown
1763618747.6244447,0,0.058,0.5,2,0,1,203.52,207.10000000000073,137.8,None,None,None,0.0,unknown
1763618747.677979,0,0.059000000000000004,0.5,1,0,1,203.41,207.00000000000074,138.05,None,None,None,0.0,unknown
1763618747.756271,0,0.059000000000000004,0.5,1,0,1,203.3,206.90000000000074,138.2,None,None,None,0.0,unknown
1763618747.8154345,0,0.059000000000000004,0.5,1,0,1,203.19,206.80000000000075,138.25,None,None,None,0.0,unknown
1763618747.9695275,0,0.060000000000000005,0.5,2,0,1,203.08,206.70000000000076,138.3,None,None,None,0.0,unknown
1763618748.206214,0,0.061000000000000006,0.5,1,0,1,202.97,206.60000000000076,138.5,None,None,None,0.0,unknown
1763618748.2604587,0,0.061000000000000006,0.5,1,1,1,202.86,206.50000000000077,138.45,None,None,None,0.0,unknown
1763618748.3713973,0,0.060000000000000005,0.5,0,0,1,202.75,206.40000000000077,138.5,None,None,None,0.0,unknown
1763618748.6085916,0,0.061000000000000006,0.5,1,0,1,202.64,206.30000000000078,138.65,None,None,None,0.0,unknown
1763618748.7784247,0,0.061000000000000006,0.5,0,0,1,202.53,206.20000000000078,138.8,None,None,None,0.0,unknown
1763618749.0202239,0,0.063,0.5,2,1,1,202.42,206.1000000000008,139.0,None,None,None,0.0,unknown
1763618749.1513166,0,0.065,0.5,2,0,1,202.31,206.0000000000008,139.1,None,None,None,0.0,unknown
1763618749.2612267,0,0.065,0.5,1,0,1,202.2,205.9000000000008,139.35000000000002,None,None,None,0.0,unknown
1763618749.2914336,0,0.066,0.5,1,0,1,202.09,205.8000000000008,139.45,None,None,None,0.0,unknown
1763618749.4704614,0,0.066,0.5,0,1,1,201.98,205.7000000000008,139.5,None,None,None,0.0,unknown
1763618749.6623554,0,0.066,0.5,1,1,1,201.87,205.60000000000082,139.6,None,None,None,0.0,unknown
1763618749.8231466,0,0.064,0.5,0,0,1,201.76,205.50000000000082,139.8,None,None,None,0.0,unknown
1763618749.9929032,0,0.063,0.5,0,0,1,201.65,205.40000000000083,140.0,None,None,None,0.0,unknown
1763618750.2373095,0,0.065,0.5,1,1,1,201.54,205.30000000000084,140.2,None,None,None,0.0,unknown
1763618750.3043501,0,0.066,0.5,1,1,1,201.45,205.20000000000084,140.35,None,None,None,0.0,unknown
1763618750.3985698,0,0.067,0.5,1,1,1,201.34,205.10000000000085,140.5,None,None,None,0.0,unknown
1763618750.5332165,0,0.068,0.5,1,1,1,201.23,205.00000000000085,140.75,None,None,None,0.0,unknown
1763618750.6195989,0,0.069,0.5,1,0,1,201.12,204.90000000000086,140.9,None,None,None,0.0,unknown
1763618750.8260686,0,0.069,0.5,1,1,1,201.01,204.80000000000086,141.05,None,None,None,0.0,unknown
1763618750.9757535,0,0.07,0.5,1,0,1,200.9,204.70000000000087,141.25,None,None,None,0.0,unknown
1763618751.1053085,0,0.07200000000000001,0.5,2,1,1,200.79,204.60000000000088,141.4,None,None,None,0.0,unknown
1763618751.4523578,0,0.07300000000000001,0.5,1,1,1,200.68,204.50000000000088,141.7,None,None,None,0.0,unknown
1763618751.6846983,0,0.07300000000000001,0.5,1,0,1,200.57,204.4000000000009,141.85,None,None,None,0.0,unknown
1763618751.8244917,0,0.07200000000000001,0.5,0,0,1,200.46,204.3000000000009,141.95,None,None,None,0.0,unknown
1763618751.9280508,0,0.07200000000000001,0.5,1,1,1,200.35,204.2000000000009,142.0,None,None,None,0.0,unknown
1763618752.0772285,0,0.07200000000000001,0.5,0,1,1,200.24,204.1000000000009,141.95,None,None,None,0.0,unknown
1763618752.1647878,0,0.069,0.5,0,0,1,200.13,204.0000000000009,142.0,None,None,None,0.0,unknown
1763618752.2187831,0,0.069,0.5,1,0,1,200.02,203.90000000000092,142.25,None,None,None,0.0,unknown
1763618752.357889,0,0.07100000000000001,0.5,1,2,1,199.91,203.80000000000092,142.25,None,None,None,0.0,unknown
1763618752.44286,0,0.07100000000000001,0.5,0,0,1,199.8,203.70000000000093,142.35,None,None,None,0.0,unknown
1763618752.7398143,0,0.069,0.5,1,0,1,199.69,203.60000000000093,142.5,None,None,None,0.0,unknown
1763618752.827805,0,0.067,0.5,0,0,1,199.58,203.50000000000094,142.45,None,None,None,0.0,unknown
1763618752.9015992,0,0.067,0.5,1,0,1,199.47,203.40000000000094,142.5,None,None,None,0.0,unknown
1763618752.9594169,0,0.068,0.5,2,0,1,199.36,203.30000000000095,142.5,None,None,None,0.0,unknown
1763618753.0527236,0,0.069,0.5,1,1,1,199.25,203.20000000000095,142.55,None,None,None,0.0,unknown
1763618753.0652385,0,0.069,0.5,1,0,1,199.14,203.10000000000096,142.5,None,None,None,0.0,unknown
1763618753.30884,0,0.068,0.5,0,0,1,199.03,203.00000000000097,142.5,None,None,None,0.0,unknown
1763618753.4002638,0,0.068,0.5,2,0,1,198.92,202.90000000000097,142.6,None,None,None,0.0,unknown
1763618753.6813295,0,0.068,0.5,2,0,1,198.81,202.80000000000098,142.7,None,None,None,0.0,unknown
1763618753.7363265,0,0.067,0.5,1,0,1,198.7,202.70000000000098,142.85,None,None,None,0.0,unknown
1763618753.8531609,0,0.066,0.5,0,1,1,198.59,202.600000000001,142.85,None,None,None,0.0,unknown
1763618754.0136976,0,0.065,0.5,0,0,1,198.48,202.500000000001,142.9,None,None,None,0.0,unknown
1763618754.1900547,0,0.063,0.5,0,0,1,198.37,202.400000000001,143.0,None,None,None,0.0,unknown
1763618754.2675226,0,0.062,0.5,1,0,1,198.26,202.300000000001,143.0,None,None,None,0.0,unknown
1763618754.4251323,0,0.060000000000000005,0.5,0,0,1,198.15,202.200000000001,143.05,None,None,None,0.0,unknown
1763618754.576068,0,0.059000000000000004,0.5,1,0,1,198.04,202.10000000000102,143.1,None,None,None,0.0,unknown
1763618754.646846,0,0.058,0.5,0,0,1,197.93,202.00000000000102,143.2,None,None,None,0.0,unknown
1763618754.827308,0,0.058,0.5,1,0,1,197.82,201.90000000000103,143.2,None,None,None,0.0,unknown
1763618754.976206,0,0.058,0.5,1,0,1,197.71,201.80000000000103,143.2,None,None,None,0.0,unknown
1763618755.167444,0,0.056,0.5,0,0,1,197.6,201.70000000000104,143.25,None,None,None,0.0,unknown
1763618755.1905687,0,0.055,0.5,0,0,1,197.49,201.60000000000105,143.2,None,None,None,0.0,unknown
1763618755.3775141,0,0.054,0.5,1,0,1,197.38,201.50000000000105,143.25,None,None,None,0.0,unknown
1763618755.501764,0,0.054,0.5,0,0,1,197.27,201.40000000000106,143.3,None,None,None,0.0,unknown
1763618755.66618,0,0.054,0.5,1,0,1,197.16,201.30000000000106,143.39999999999998,None,None,None,0.0,unknown
1763618755.7878082,0,0.056,0.5,2,0,1,197.05,201.20000000000107,143.6,None,None,None,0.0,unknown
1763618756.002619,0,0.055,0.5,2,0,1,196.94,201.10000000000107,143.75,None,None,None,0.0,unknown
1763618756.169427,0,0.054,0.5,1,0,1,196.85,201.00000000000108,143.95,None,None,None,0.0,unknown
1763618756.2245207,0,0.055,0.5,2,0,1,196.74,200.90000000000109,144.0,None,None,None,0.0,unknown
1763618756.2741337,0,0.055,0.5,1,0,1,196.63,200.8000000000011,144.15,None,None,None,0.0,unknown
1763618756.5752082,0,0.057,0.5,2,1,1,196.52,200.7000000000011,144.3,None,None,None,0.0,unknown
1763618756.640436,0,0.056,0.5,1,0,1,196.41,200.6000000000011,144.4,None,None,None,0.0,unknown
1763618757.145992,0,0.058,0.5,1,1,1,196.3,200.5000000000011,144.45,None,None,None,0.0,unknown
1763618757.2753966,0,0.059000000000000004,0.5,1,0,1,196.19,200.4000000000011,144.55,None,None,None,0.0,unknown
1763618757.4962726,0,0.057,0.5,0,0,1,196.08,200.30000000000112,144.5,None,None,None,0.0,unknown
1763618757.7384677,0,0.055,0.5,0,0,1,195.97,200.20000000000113,144.5,None,None,None,0.0,unknown
1763618757.9776394,0,0.055,0.5,1,1,1,195.86,200.10000000000113,144.5,None,None,None,0.0,unknown
1763618758.1641393,0,0.054,0.5,1,0,1,195.75,200.00000000000114,144.5,None,None,None,0.0,unknown
1763618758.2068026,0,0.054,0.5,0,1,1,195.64,199.90000000000114,144.60000000000002,None,None,None,0.0,unknown
1763618758.2671509,0,0.053000000000000005,0.5,0,1,1,195.53,199.80000000000115,144.8,None,None,None,0.0,unknown
1763618758.4538667,0,0.054,0.5,2,0,1,195.42,199.70000000000115,144.85,None,None,None,0.0,unknown
1763618758.4764469,0,0.053000000000000005,0.5,2,0,1,195.33,199.60000000000116,145.05,None,None,None,0.0,unknown
1763618758.5541818,0,0.054,0.5,2,1,1,195.22,199.50000000000117,145.25,None,None,None,0.0,unknown
1763618758.6824424,0,0.055,0.5,2,0,1,195.11,199.40000000000117,145.4,None,None,None,0.0,unknown
1763618758.8351445,0,0.056,0.5,1,0,1,195,199.30000000000118,145.6,None,None,None,0.0,unknown
1763618759.046027,0,0.057,0.5,3,0,1,194.9,199.20000000000118,145.75,None,None,None,0.0,unknown
1763618759.1676202,0,0.059000000000000004,0.5,2,1,1,194.8,199.1000000000012,145.75,None,None,None,0.0,unknown
1763618759.300479,0,0.063,0.5,3,1,1,194.7,199.0000000000012,145.9,None,None,None,0.0,unknown
1763618759.403934,0,0.065,0.5,2,1,1,194.6,198.9000000000012,145.95,None,None,None,0.0,unknown
1763618759.5426579,0,0.064,0.5,2,0,1,194.46,198.8000000000012,146.05,None,None,None,0.0,unknown
1763618759.8132904,0,0.066,0.5,2,0,1,194.36,198.7000000000012,146.05,None,None,None,0.0,unknown
1763618759.8775222,0,0.068,0.5,2,1,1,194.22,198.60000000000122,146.05,None,None,None,0.0,unknown
1763618759.9878163,0,0.073,0.5,4,1,1,194.08,198.50000000000122,146.1,None,None,None,0.0,unknown
1763618760.10682,0,0.075,0.5,2,1,1,193.94,198.40000000000123,146.0,None,None,None,0.0,unknown
1763618760.138487,0,0.076,0.5,2,1,1,193.84,198.30000000000123,146.0,None,None,None,0.0,unknown
1763618760.2413363,0,0.078,0.5,3,1,1,193.74,198.20000000000124,146.0,None,None,None,0.0,unknown
1763618760.5253053,0,0.082,0.5,3,2,1,193.64,198.10000000000124,146.05,None,None,None,0.0,unknown
1763618760.6995828,0,0.08600000000000001,0.5,2,2,1,193.54,198.00000000000125,146.05,None,None,None,0.0,unknown
1763618760.7546337,0,0.08700000000000001,0.5,2,1,1,193.44,197.90000000000126,146.10000000000002,None,None,None,0.0,unknown
1763618760.9183333,0,0.088,0.5,2,1,1,193.34,197.80000000000126,146.25,None,None,None,0.0,unknown
1763618761.0751624,0,0.092,0.5,3,2,1,193.2,197.70000000000127,146.4,None,None,None,0.0,unknown
1763618761.2157145,0,0.094,0.5,2,1,1,193.06,197.60000000000127,146.4,None,None,None,0.0,unknown
1763618761.4892263,0,0.097,0.5,2,1,1,192.96,197.50000000000128,146.45,None,None,None,0.0,unknown
1763618761.597091,0,0.101,0.5,3,1,1,192.86,197.40000000000128,146.35,None,None,None,0.0,unknown
1763618761.6849732,0,0.106,0.5,3,3,1,192.76,197.3000000000013,146.4,None,None,None,0.0,unknown
1763618761.7228656,0,0.11,0.5,3,1,1,192.66,197.2000000000013,146.35,None,None,None,0.0,unknown
1763618761.97963,0,0.113,0.5,2,2,1,192.52,197.1000000000013,146.3,None,None,None,0.0,unknown
1763618762.1076162,0,0.114,0.5,1,0,1,192.42,197.0000000000013,146.25,None,None,None,0.0,unknown
1763618762.5032475,0,0.116,0.5,2,1,1,192.32,196.9000000000013,146.25,None,None,None,0.0,unknown
1763618762.6369896,0,0.11800000000000001,0.5,3,0,1,192.22,196.80000000000132,146.25,None,None,None,0.0,unknown
1763618762.7224398,0,0.121,0.5,2,1,1,192.12,196.70000000000132,146.35,None,None,None,0.0,unknown
1763618762.962126,0,0.123,0.5,2,0,1,191.98,196.60000000000133,146.39999999999998,None,None,None,0.0,unknown
1763618763.029183,0,0.125,0.5,3,0,1,191.84,196.50000000000134,146.6,None,None,None,0.0,unknown
1763618763.072116,0,0.129,0.5,4,0,1,191.74,196.40000000000134,146.65,None,None,None,0.0,unknown
1763618763.153464,0,0.131,0.5,3,0,1,191.64,196.30000000000135,146.65,None,None,None,0.0,unknown
1763618763.183631,0,0.133,0.5,3,1,1,191.54,196.20000000000135,146.55,None,None,None,0.0,unknown
1763618763.2577987,0,0.134,0.5,3,0,1,191.44,196.10000000000136,146.55,None,None,None,0.0,unknown
1763618763.4156206,0,0.135,0.5,1,1,1,191.34,196.00000000000136,146.6,None,None,None,0.0,unknown
1763618763.655112,0,0.135,0.5,2,0,1,191.2,195.90000000000137,146.55,None,None,None,0.0,unknown
1763618763.7922726,0,0.137,0.5,3,0,1,191.1,195.80000000000138,146.5,None,None,None,0.0,unknown
1763618763.9033687,0,0.137,0.5,2,1,1,191,195.70000000000138,146.6,None,None,None,0.0,unknown
1763618764.0991187,0,0.14,0.5,3,1,1,190.9,195.6000000000014,146.60000000000002,None,None,None,0.0,unknown
1763618764.3342955,0,0.14100000000000001,0.5,2,1,1,190.8,195.5000000000014,146.65,None,None,None,0.0,unknown
1763618764.5220702,0,0.143,0.5,3,0,1,190.66,195.4000000000014,146.60000000000002,None,None,None,0.0,unknown
1763618764.5879216,0,0.145,0.5,2,0,1,190.63,195.3000000000014,146.5,None,None,None,0.0,unknown
1763618764.656892,0,0.148,0.5,1,2,1,190.49,195.2000000000014,146.5,None,None,None,0.0,unknown
1763618764.7243636,0,0.15,0.5,2,2,1,190.39,195.10000000000142,146.45,None,None,None,0.0,unknown
1763618764.9730985,0,0.152,0.5,2,1,1,190.25,195.00000000000142,146.35,None,None,None,0.0,unknown
1763618765.1486967,0,0.155,0.5,3,1,1,190.15,194.90000000000143,146.3,None,None,None,0.0,unknown
1763618765.2042892,0,0.158,0.5,3,1,1,190.05,194.80000000000143,146.2,None,None,None,0.0,unknown
1763618765.4134092,0,0.158,0.5,2,0,1,189.95,194.70000000000144,146.15,None,None,None,0.0,unknown
1763618765.6201782,0,0.16,0.5,2,2,1,189.81,194.60000000000144,146.10000000000002,None,None,None,0.0,unknown
1763618765.779083,0,0.162,0.5,3,2,1,189.67,194.50000000000145,146.05,None,None,None,0.0,unknown
1763618765.8594534,0,0.163,0.5,3,0,1,189.53,194.40000000000146,146.0,None,None,None,0.0,unknown
1763618765.925143,0,0.166,0.5,2,2,1,189.39,194.30000000000146,145.95,None,None,None,0.0,unknown
1763618765.9818506,0,0.167,0.5,2,2,1,189.29,194.20000000000147,145.95,None,None,None,0.0,unknown
1763618766.004857,0,0.169,0.5,2,3,1,189.19,194.10000000000147,146.0,None,None,None,0.0,unknown
1763618766.0524592,0,0.167,0.5,2,0,1,189.05,194.00000000000148,146.0,None,None,None,0.0,unknown
1763618766.2506878,0,0.167,0.5,2,1,1,188.95,193.90000000000148,145.8,None,None,None,0.0,unknown
1763618766.2773662,0,0.169,0.5,2,2,1,188.85,193.8000000000015,145.8,None,None,None,0.0,unknown
1763618766.4105988,0,0.17,0.5,2,1,1,188.75,193.7000000000015,145.7,None,None,None,0.0,unknown
1763618766.5370188,0,0.17,0.5,2,1,1,188.65,193.6000000000015,145.6,None,None,None,0.0,unknown
1763618766.7324307,0,0.167,0.5,2,0,1,188.55,193.5000000000015,145.6,None,None,None,0.0,unknown
1763618767.0193992,0,0.167,0.5,2,1,1,188.41,193.4000000000015,145.55,None,None,None,0.0,unknown
1763618767.1972208,0,0.168,0.5,2,2,1,188.31,193.30000000000152,145.5,None,None,None,0.0,unknown
1763618767.318342,0,0.166,0.5,2,0,1,188.21,193.20000000000152,145.45,None,None,None,0.0,unknown
1763618767.4962878,0,0.165,0.5,2,2,1,188.11,193.10000000000153,145.45,None,None,None,0.0,unknown
1763618767.6013932,0,0.165,0.5,3,1,1,187.97,193.00000000000153,145.45,None,None,None,0.0,unknown
1763618767.6385517,0,0.164,0.5,1,1,1,187.87,192.90000000000154,145.4,None,None,None,0.0,unknown
1763618767.8290598,0,0.164,0.5,2,1,1,187.77,192.80000000000155,145.39999999999998,None,None,None,0.0,unknown
1763618767.875454,0,0.16,0.5,1,0,1,187.67,192.70000000000155,145.45,None,None,None,0.0,unknown
1763618767.9824393,0,0.16,0.5,1,2,1,187.57,192.60000000000156,145.5,None,None,None,0.0,unknown
1763618768.080194,0,0.161,0.5,2,2,1,187.43,192.50000000000156,145.5,None,None,None,0.0,unknown
1763618768.1947563,0,0.163,0.5,3,3,1,187.29,192.40000000000157,145.4,None,None,None,0.0,unknown
1763618768.3723454,0,0.159,0.5,0,2,1,187.15,192.30000000000157,145.39999999999998,None,None,None,0.0,unknown
1763618768.5209694,0,0.157,0.5,0,2,1,187.01,192.20000000000158,145.45,None,None,None,0.0,unknown
1763618768.5848486,0,0.156,0.5,2,1,1,186.91,192.1000000000016,145.45,None,None,None,0.0,unknown
1763618768.6512887,0,0.159,0.5,2,2,1,186.77,192.0000000000016,145.45,None,None,None,0.0,unknown
1763618768.8010745,0,0.158,0.5,1,1,1,186.63,191.9000000000016,145.55,None,None,None,0.0,unknown
1763618768.8966298,0,0.16,0.5,2,3,1,186.49,191.8000000000016,145.65,None,None,None,0.0,unknown
1763618768.9895573,0,0.16,0.5,2,1,1,186.39,191.7000000000016,145.7,None,None,None,0.0,unknown
1763618769.1451328,0,0.161,0.5,2,1,1,186.29,191.60000000000161,145.7,None,None,None,0.0,unknown
1763618769.4381998,0,0.162,0.5,1,3,1,186.19,191.50000000000162,145.7,None,None,None,0.0,unknown
1763618769.5244548,0,0.161,0.5,2,1,1,186.09,191.40000000000163,145.7,None,None,None,0.0,unknown
1763618769.6466503,0,0.161,0.5,2,1,1,185.95,191.30000000000163,145.7,None,None,None,0.0,unknown
1763618769.8024044,0,0.16,0.5,2,1,1,185.85,191.20000000000164,145.7,None,None,None,0.0,unknown
1763618769.9669852,0,0.159,0.5,1,1,1,185.75,191.10000000000164,145.7,None,None,None,0.0,unknown
1763618770.1381586,0,0.16,0.5,2,1,1,185.65,191.00000000000165,145.65,None,None,None,0.0,unknown
1763618770.2045143,0,0.159,0.5,1,0,1,185.55,190.90000000000165,145.75,None,None,None,0.0,unknown
1763618770.3827608,0,0.158,0.5,1,1,1,185.41,190.80000000000166,145.65,None,None,None,0.0,unknown
1763618770.6584852,0,0.159,0.5,2,2,1,185.31,190.70000000000167,145.65,None,None,None,0.0,unknown
1763618770.8154478,0,0.158,0.5,1,2,1,185.17,190.60000000000167,145.7,None,None,None,0.0,unknown
1763618771.0542989,0,0.159,0.5,1,3,1,185.07,190.50000000000168,145.7,None,None,None,0.0,unknown
1763618771.4015596,0,0.159,0.5,2,1,1,184.93,190.40000000000168,145.7,None,None,None,0.0,unknown
1763618771.5224514,0,0.16,0.5,2,1,1,184.83,190.3000000000017,145.8,None,None,None,0.0,unknown
1763618771.688583,0,0.159,0.5,1,1,1,184.73,190.2000000000017,145.9,None,None,None,0.0,unknown
1763618771.7739494,0,0.16,0.5,3,2,1,184.59,190.1000000000017,145.95,None,None,None,0.0,unknown
1763618772.0108306,0,0.16,0.5,0,3,1,184.45,190.0000000000017,146.0,None,None,None,0.0,unknown
1763618772.1742067,0,0.16,0.5,2,2,1,184.35,189.9000000000017,146.1,None,None,None,0.0,unknown
1763618772.2086995,0,0.16,0.5,2,2,1,184.25,189.80000000000172,146.1,None,None,None,0.0,unknown
1763618772.3861036,0,0.16,0.5,1,1,1,184.15,189.70000000000172,146.15,None,None,None,0.0,unknown
1763618772.813305,0,0.157,0.5,1,0,1,184.05,189.60000000000173,146.1,None,None,None,0.0,unknown
1763618772.9094357,0,0.155,0.5,2,1,1,183.95,189.50000000000173,146.15,None,None,None,0.0,unknown
1763618773.0621367,0,0.155,0.5,2,1,1,183.81,189.40000000000174,146.2,None,None,None,0.0,unknown
1763618773.4491005,0,0.16,0.5,3,6,1,183.64,189.30000000000175,146.0,None,None,None,0.0,unknown
1763618773.4828644,0,0.165,0.5,3,6,1,183.57,189.20000000000175,145.8,None,None,None,0.0,unknown
1763618773.5218701,0,0.169,0.5,3,6,1,183.5,189.10000000000176,145.7,None,None,None,0.0,unknown
1763618773.6455133,0,0.174,0.5,3,4,1,183.43,189.00000000000176,145.5,None,None,None,0.0,unknown
1763618773.7914195,0,0.178,0.5,3,4,1,183.36,188.90000000000177,145.35,None,None,None,0.0,unknown
1763618773.8366234,0,0.182,0.5,3,5,1,183.33,188.80000000000177,145.25,None,None,None,0.0,unknown
1763618774.1211746,0,0.188,0.5,3,6,1,183.26,188.70000000000178,145.2,None,None,None,0.0,unknown
1763618774.2185955,0,0.194,0.5,4,5,1,183.23,188.60000000000178,145.2,None,None,None,0.0,unknown
1763618774.4216595,0,0.198,0.5,2,4,1,183.2,188.5000000000018,145.1,None,None,None,0.0,unknown
1763618774.6671133,0,0.20400000000000001,0.5,3,6,1,183.17,188.4000000000018,145.1,None,None,None,183.17,unknown
1763618774.7969537,0,0.207,0.5,2,5,1,183.1,188.3000000000018,145.15,None,None,None,183.17,unknown
1763618774.952947,0,0.212,0.5,2,5,1,183.03,188.2000000000018,145.15,0.0,None,0.20875,183.17,unknown
1763618775.1130722,0,0.215,0.5,2,5,1,182.96,188.1000000000018,145.10000000000002,0.10389538119002875,None,0.10797961880997123,183.17,unknown
1763618775.4007373,0,0.221,0.5,5,5,1,182.89,188.00000000000182,145.1,0.06206740431542952,None,0.1543700956845705,183.17,unknown
1763618775.4746878,0,0.229,0.5,4,6,1,182.82,187.90000000000182,144.95,0.03364210121132773,None,0.1890766487886723,183.17,unknown
1763618775.505705,0,0.232,0.5,1,5,1,182.75,187.80000000000183,144.75,0.016510291405230873,None,0.21084908359476917,183.17,unknown
1763618775.6371067,0,0.238,0.5,3,4,1,182.72,187.70000000000184,144.65,0.006987945444558424,None,0.2256917420554416,183.17,unknown
1763618775.6777475,0,0.242,0.5,2,5,1,182.69,187.60000000000184,144.6,0.0018918555820902768,None,0.2354479881679097,183.17,unknown
1763618775.8038228,0,0.247,0.5,3,6,1,182.62,187.50000000000185,144.55,-0.0009479216908738949,None,0.2431178435658739,183.17,unknown
1763618775.9511065,0,0.25,0.5,4,5,1,182.55,187.40000000000185,144.55,-0.0026076903651611146,None,0.2486926513026611,183.17,unknown
1763618775.9836092,0,0.255,0.5,3,4,1,182.48,187.30000000000186,144.45,-0.0036583191613636773,None,0.25420079963011366,183.17,unknown
1763618776.126233,0,0.262,0.5,4,5,1,182.41,187.20000000000186,144.60000000000002,-0.004392962289296085,None,0.26066420252367106,183.17,unknown
1763618776.3382068,0,0.268,0.5,4,5,1,182.38,187.10000000000187,144.75,-0.004824516661103538,None,0.26696013677829106,183.17,unknown
1763618776.4903846,0,0.271,0.5,2,5,1,182.31,187.00000000000188,144.55,-0.005231449853952201,None,0.27179925991254594,183.17,unknown
1763618776.5845973,0,0.277,0.5,3,5,1,182.24,186.90000000000188,144.45,-0.005613531162191394,None,0.27739743619148827,183.17,unknown
1763618776.6029568,0,0.28,0.5,3,5,1,182.17,186.8000000000019,144.4,-0.0059684959515034185,None,0.2818604484661519,183.17,unknown
1763618776.6483896,0,0.288,0.5,4,7,1,182.1,186.7000000000019,144.35000000000002,-0.006293870830409178,None,0.28823984708773337,183.17,unknown
1763618776.7361856,0,0.294,0.5,4,5,1,182.07,186.6000000000019,144.2,-0.006462217435181708,None,0.29443520556384384,183.17,unknown
1763618776.8851457,0,0.296,0.5,3,3,1,182.04,186.5000000000019,144.15,-0.0065420031394318665,None,0.29852849720376295,183.17,unknown
1763618776.9560208,0,0.301,0.5,3,5,1,181.97,186.4000000000019,144.2,-0.006684392804665618,None,0.3031776398368311,183.17,unknown
1763618777.0788372,0,0.309,0.5,5,6,1,181.9,186.30000000000192,144.1,-0.006833860559543351,None,0.30958048407562605,183.17,unknown
1763618777.232563,0,0.313,0.5,2,5,1,181.83,186.20000000000192,144.05,-0.0069592922570073995,None,0.31483260401504876,183.17,unknown
1763618777.4920056,0,0.319,0.5,3,5,1,181.76,186.10000000000193,144.0,-0.007044002212299105,None,0.3204806580913198,183.17,unknown
1763618777.5604742,0,0.327,0.5,4,7,1,181.69,186.00000000000193,143.95,-0.007076061983269647,None,0.32729438992278,183.17,unknown
1763618777.731395,0,0.334,0.5,3,5,1,181.66,185.90000000000194,143.9,-0.0069500540147226595,None,0.33405921798447785,183.17,unknown
1763618777.808949,0,0.34,0.5,2,6,1,181.59,185.80000000000194,143.95,-0.006814811734111031,None,0.34036939371898867,183.17,unknown
1763618777.976406,0,0.34600000000000003,0.5,5,5,1,181.52,185.70000000000195,143.9,-0.0066327495899777735,None,0.3464100405824166,183.17,unknown
1763618778.0895703,0,0.351,0.5,4,4,1,181.45,185.60000000000196,143.8,-0.006381859212643135,None,0.3517705047088625,183.17,unknown
1763618778.1714253,0,0.354,0.5,2,5,1,181.38,185.50000000000196,143.65,-0.006048386479146769,None,0.3557427092272565,183.17,unknown
1763618778.3121047,0,0.358,0.5,3,4,1,181.35,185.40000000000197,143.55,-0.005560891661589327,None,0.35940805303564416,183.17,unknown
1763618778.642942,0,0.363,0.5,3,5,1,181.21,185.30000000000197,143.5,-0.005121284005858049,None,0.36354486469288544,183.17,unknown
1763618778.8930671,0,0.368,0.5,2,5,1,181.18,185.20000000000198,143.4,-0.0044661496672865255,None,0.36767794001080023,183.17,unknown
1763618778.968414,0,0.367,0.5,2,2,1,181.11,185.10000000000198,143.25,-0.003710148478871807,None,0.36881604365062864,183.17,unknown
1763618779.1483786,0,0.372,0.5,4,4,1,181.08,185.000000000002,143.15,-0.002816287941583957,None,0.37136923552746237,183.17,unknown
1763618779.316193,0,0.377,0.5,4,5,1,181.01,184.900000000002,143.1,-0.00183604175608411,None,0.3746125155490233,183.17,unknown
1763618779.4633932,0,0.382,0.5,4,5,1,180.94,184.800000000002,143.0,-0.0007369576556141524,None,0.37812519455208377,183.17,unknown
1763618779.5903592,0,0.387,0.5,3,4,1,180.87,184.700000000002,143.0,0.000500817998649297,None,0.3816933004495855,183.17,unknown
1763618779.7890441,0,0.394,0.5,4,4,1,180.84,184.600000000002,142.95,0.0018749709495963693,None,0.38622208827452104,183.17,unknown
1763618779.813668,0,0.399,0.5,3,5,1,180.81,184.50000000000202,142.85,0.0033648688151391654,None,0.3901836607969196,183.17,unknown
1763618780.0263412,0,0.406,0.5,4,6,1,180.78,184.40000000000202,142.75,0.004960376967991038,None,0.39481388783803834,183.17,unknown
1763618780.1812325,0,0.403,0.5,1,5,1,180.75,184.30000000000203,142.65,0.0066633143040019304,None,0.3947238180990128,183.17,unknown
1763618780.3828464,0,0.402,0.5,2,6,1,180.68,184.20000000000203,142.5,0.00852569256435094,None,0.39316787363715644,183.17,unknown
1763618780.4666598,0,0.399,0.5,2,4,1,180.61,184.10000000000204,142.4,0.01055877446331617,None,0.3897880086374375,183.17,unknown
1763618780.6468263,0,0.4,0.5,4,4,1,180.58,184.00000000000205,142.15,0.012663314796081746,None,0.3875100767542951,183.17,unknown
1763618780.7774992,0,0.403,0.5,5,5,1,180.51,183.90000000000205,142.2,0.014960702615614928,None,0.3866259931595735,183.17,unknown
1763618780.8569167,0,0.404,0.5,3,6,1,180.44,183.80000000000206,142.10000000000002,0.017460645463189768,None,0.3853327024244045,183.17,unknown
1763618780.937645,0,0.401,0.5,1,5,1,180.37,183.70000000000206,142.05,0.02016403931413348,None,0.38173263462966367,183.17,unknown
1763618781.357152,0,0.4,0.5,3,5,1,180.3,183.60000000000207,141.95,0.02306047087249315,None,0.37788786609940545,183.17,unknown
1763618781.506595,0,0.402,0.5,4,4,1,180.23,183.50000000000207,141.85000000000002,0.02615109071551615,None,0.37532307777043317,183.17,unknown
1763618781.6916225,0,0.403,0.5,4,6,1,180.2,183.40000000000208,141.7,0.02924773988573361,None,0.37298934435724107,183.17,unknown
1763618781.7328722,0,0.406,0.5,4,6,1,180.13,183.3000000000021,141.75,0.03261060099488679,None,0.37150794112660057,183.17,unknown
1763618781.8976583,0,0.40900000000000003,0.5,4,6,1,180.06,183.2000000000021,141.65,0.03622743124622066,None,0.370331839814523,183.17,unknown
1763618781.9967508,0,0.41100000000000003,0.5,4,5,1,179.99,183.1000000000021,141.60000000000002,0.04009278007368998,None,0.3686868554566819,183.17,unknown
1763618782.0612495,0,0.41000000000000003,0.5,4,5,1,179.96,183.0000000000021,141.55,0.043923005491665855,None,0.3654668122735201,183.17,unknown
1763618782.1569242,0,0.40800000000000003,0.5,3,5,1,179.89,182.9000000000021,141.5,0.048069790947017285,None,0.36062511793557567,183.17,unknown
1763618782.384587,0,0.41200000000000003,0.5,4,6,1,179.82,182.80000000000211,141.35,0.05247878650871981,None,0.3578686679325767,183.17,unknown
1763618782.496791,0,0.41300000000000003,0.5,4,4,1,179.75,182.70000000000212,141.2,0.057148693535289764,None,0.3545250336853585,183.17,unknown
1763618782.5458462,0,0.41400000000000003,0.5,3,5,1,179.68,182.60000000000213,141.0,0.06206379806774843,None,0.3507730655425757,183.17,unknown
1763618782.694354,0,0.41400000000000003,0.5,4,5,1,179.65,182.50000000000213,140.95,0.06682978790512081,None,0.3465886439000413,183.17,unknown
1763618782.8527899,0,0.41300000000000003,0.5,4,4,1,179.62,182.40000000000214,140.9,0.07155283229227685,None,0.34165638361030426,183.17,unknown
1763618783.0121844,0,0.41400000000000003,0.5,4,4,1,179.59,182.30000000000214,140.8,0.07628348153471652,None,0.337321126416574,183.17,unknown
1763618783.2052035,0,0.41300000000000003,0.5,3,5,1,179.56,182.20000000000215,140.75,0.08105976217768181,None,0.3322425417979635,183.17,unknown
1763618783.3212774,0,0.41300000000000003,0.5,4,5,1,179.49,182.10000000000215,140.7,0.0863644465660205,None,0.32678670542180216,183.17,unknown
1763618783.4338171,0,0.41500000000000004,0.5,4,5,1,179.46,182.00000000000216,140.6,0.09154274061599753,None,0.3225328353779138,183.17,unknown
1763618783.5668802,0,0.41600000000000004,0.5,3,6,1,179.43,181.90000000000217,140.4,0.09669727192350558,None,0.3183405160734501,183.17,unknown
1763618783.7171578,0,0.41800000000000004,0.5,5,5,1,179.4,181.80000000000217,140.25,0.10187453782116769,None,0.3146443561773102,183.17,unknown
1763618783.8760476,0,0.41600000000000004,0.5,4,5,1,179.33,181.70000000000218,140.15,0.10767300045112647,None,0.30858644654811246,183.17,unknown
1763618784.1824574,0,0.41700000000000004,0.5,4,6,1,179.26,181.60000000000218,140.1,0.11386705122401797,None,0.3027626722756015,183.17,unknown
1763618784.3386173,0,0.42,0.5,4,5,1,179.19,181.5000000000022,140.1,0.12035520098368929,None,0.2979596607661204,183.17,unknown
1763618784.4400394,0,0.421,0.5,3,6,1,179.12,181.4000000000022,140.0,0.12709567048344353,None,0.2925617603914613,183.17,unknown
1763618784.6287863,0,0.42,0.5,4,6,1,179.09,181.3000000000022,139.89999999999998,0.13338536954598523,None,0.28644334589146714,183.17,unknown
1763618784.718902,0,0.42,0.5,4,3,1,179.02,181.2000000000022,139.7,0.14012688285262892,None,0.2797874748660973,183.17,unknown
1763618784.9367456,0,0.42,0.5,4,4,1,178.95,181.1000000000022,139.6,0.1471665658855838,None,0.2727906129737793,183.17,unknown
1763618784.986436,0,0.418,0.5,4,5,1,178.88,181.00000000000222,139.55,0.15441837899461927,None,0.2645602104350623,183.17,unknown
1763618785.0302548,0,0.42,0.5,5,5,1,178.81,180.90000000000222,139.45,0.1618130116898255,None,0.2576762830250152,183.17,unknown
1763618785.197166,0,0.42,0.5,3,5,1,178.78,180.80000000000223,139.45,0.16856853876523833,None,0.251176108592182,183.17,unknown
1763618785.3754766,0,0.419,0.5,4,5,1,178.71,180.70000000000223,139.35000000000002,0.17578246310183232,None,0.24358986057687781,183.17,unknown
1763618785.5448685,0,0.419,0.5,4,4,1,178.68,180.60000000000224,139.3,0.182437768571234,None,0.23674839326812108,183.17,unknown
1763618785.6801538,0,0.419,0.5,4,3,1,178.61,180.50000000000225,139.25,0.18963095777985897,None,0.2294621231398186,183.17,unknown
1763618785.810833,0,0.419,0.5,2,5,1,178.58,180.40000000000225,139.15,0.19626293834224373,None,0.22278360211759507,183.17,unknown
1763618786.0493855,0,0.419,0.5,4,4,1,178.51,180.30000000000226,139.1,0.20346778273675487,None,0.2155554874931645,183.17,unknown
1763618786.230293,1763618786.3500142,0.422,0.5,4,6,1,178.44,180.20000000000226,139.0,0.21098182291044906,0.04620386497021046,0.20952981220451064,183.17,ripe
1763618786.6600492,1763618786.3500142,0.426,0.5,4,4,1,178.41,180.10000000000227,138.9,0.21777204921221707,0.04718450622470992,0.2054837683452628,183.17,ripe
1763618786.7252483,1763618786.3500142,0.425,0.5,3,4,1,178.38,180.00000000000227,138.8,0.22420393856705345,0.04814363457067578,0.1999239702116865,183.17,ripe
1763618786.8627212,1763618786.3500142,0.424,0.5,4,4,1,178.31,179.90000000000228,138.7,0.2313697191360456,0.049075526434575065,0.19269423525332435,183.17,ripe
1763618786.9818232,1763618786.3500142,0.422,0.5,2,5,1,178.24,179.80000000000229,138.75,0.2388952852555146,0.0499740822010918,0.1841366919391704,183.17,ripe
1763618787.0187907,1763618786.3500142,0.422,0.5,3,4,1,178.17,179.7000000000023,138.60000000000002,0.24656989279159885,0.05084050268986559,0.17594609580574366,183.17,ripe
1763618787.1470258,1763618786.3500142,0.423,0.5,3,6,1,178.1,179.6000000000023,138.55,0.2543030607397175,0.05167731060743306,0.16845493355895375,183.17,ripe
1763618787.3393285,1763618786.3500142,0.422,0.5,2,5,1,178.03,179.5000000000023,138.45,0.26205506590262156,0.05248026864313478,0.160323931246714,183.17,ripe
1763618787.6499603,1763618786.3500142,0.421,0.5,3,6,1,178,179.4000000000023,138.4,0.26872492301695594,0.05324931355574681,0.1529645755577118,183.17,ripe
1763618787.8858228,1763618786.3500142,0.431,0.5,5,11,1,177.84,179.3000000000023,138.65,0.27824082722839844,0.05400401595680512,0.14810392205893547,183.17,ripe
1763618788.008621,1763618786.3500142,0.437,0.5,4,10,1,177.68,179.20000000000232,138.8,0.28933319072435343,0.054741820899157634,0.1423391839193135,183.17,ripe
1763618788.2019157,1763618786.3500142,0.445,0.5,4,10,1,177.52,179.10000000000232,138.9,0.3012886799902871,0.05546485087062909,0.13704750733154636,183.17,ripe
1763618788.298436,1763618786.3500142,0.449,0.5,4,8,1,177.4,179.00000000000233,139.10000000000002,0.3126501452024131,0.05616545847042553,0.13101794845850367,183.17,ripe
1763618788.5190241,1763618786.3500142,0.453,0.5,4,10,0,177.24,178.90000000000234,139.2,0.3248302865230067,0.05683519777252996,0.1235037603074517,183.17,ripe
1763618788.5938296,1763618786.3500142,0.459,0.5,6,9,0,177.08,178.90000000000234,139.3,0.33741502335036283,0.05747398505622969,0.11625200006486641,183.17,ripe
1763618788.8393924,1763618786.3500142,0.466,0.5,4,9,0,176.92,178.90000000000234,139.45,0.3502098676655414,0.05808348772651846,0.10962364404207325,183.17,ripe
1763618788.980553,1763618786.3500142,0.46900000000000003,0.5,3,8,0,176.76,178.90000000000234,139.5,0.36311947257846994,0.058652418827057726,0.10129728327533744,183.17,ripe
1763618789.0431972,1763618786.3500142,0.474,0.5,4,9,0,176.6,178.90000000000234,139.65,0.37601132018793565,0.059180249009781596,0.09319705773896803,183.17,ripe
1763618789.1866527,1763618786.3500142,0.477,0.5,5,8,0,176.44,178.90000000000234,139.7,0.38883911564980855,0.05966065779122451,0.0842650733136433,183.17,ripe
1763618789.2495852,1763618789.3531392,0.48,0.5,4,9,0,176.28,178.90000000000234,139.75,0.40152876774577,0.060090482871780884,0.07502332673595591,183.17,unripe
1763618789.425358,1763618789.3531392,0.483,0.5,5,8,0,176.16,178.90000000000234,139.8,0.41282793290967124,0.06047427174195644,0.06694811433119174,183.17,unripe
1763618789.5756197,1763618789.3531392,0.487,0.5,5,8,0,176,178.90000000000234,139.85,0.42453256558713326,0.060811901124743904,0.058855458033298225,183.17,unripe
1763618789.7010343,1763618789.3531392,0.492,0.5,5,9,0,175.84,178.90000000000234,139.85,0.43632698842064804,0.061106574496661986,0.05136702338956772,183.17,unripe
1763618789.8233187,1763618789.3531392,0.496,0.5,4,8,0,175.68,178.90000000000234,139.95,0.4480647602933935,0.06135748202908689,0.0437822456117144,183.17,unripe
1763618789.964567,1763618789.3531392,0.5,0.5,4,10,0,175.52,178.90000000000234,139.85000000000002,0.4596446402968735,0.061564940142349645,0.03627886265568042,183.17,unripe
1763618790.0641673,1763618789.3531392,0.504,0.5,3,9,0,175.36,178.90000000000234,139.8,0.471010472381179,0.061729945691818965,0.02895127909509798,183.17,unripe
1763618790.1363833,1763618789.3531392,0.51,0.5,4,10,0,175.2,178.90000000000234,139.85,0.4821302678344155,0.061859600391770735,0.022850607903722953,183.17,unripe
1763618790.170441,1763618789.3531392,0.514,0.5,4,9,0,175.04,178.90000000000234,139.85,0.49303073147807397,0.06195247582138968,0.016459706390995255,183.17,unripe
1763618790.2536814,1763618789.3531392,0.517,0.5,4,7,0,174.88,178.90000000000234,139.9,0.5036784938997516,0.062006103138710335,0.009566725034783063,183.17,unripe
1763618790.362334,1763618789.3531392,0.524,0.5,5,10,0,174.72,178.90000000000234,139.9,0.5140330298616606,0.062031637458810455,0.004589579605606797,183.17,unripe
1763618790.4462821,1763618789.3531392,0.527,0.5,4,7,0,174.56,178.90000000000234,139.9,0.5241685544491618,0.062024149675441884,-0.001357249715528086,183.17,unripe
1763618790.6441922,1763618789.3531392,0.529,0.5,3,8,0,174.4,178.90000000000234,139.8,0.5340285375931536,0.06197974918202537,-0.008122885226336751,183.17,unripe
1763618790.8381007,1763618789.3531392,0.533,0.5,5,8,0,174.24,178.90000000000234,140.0,0.5435627045522227,0.06190339128706097,-0.014109878368814277,183.17,unripe
1763618791.0177128,1763618789.3531392,0.538,0.5,6,8,0,174.08,178.90000000000234,140.10000000000002,0.5527974361189835,0.0618012847991425,-0.019071023027279255,183.17,unripe
1763618791.1200633,1763618789.3531392,0.541,0.5,5,8,0,173.92,178.90000000000234,140.15,0.5617737546616731,0.06167206590060919,-0.024410548115820996,183.17,unripe
1763618791.2240686,1763618789.3531392,0.544,0.5,4,8,0,173.76,178.90000000000234,140.2,0.5704666474200853,0.061516268525771634,-0.029785044147159323,183.17,unripe
1763618791.3258805,1763618789.3531392,0.545,0.5,3,8,0,173.6,178.90000000000234,140.3,0.5788681056994406,0.06133015680294047,-0.036027304062977605,183.17,unripe
1763618791.5306542,1763618789.3531392,0.548,0.5,4,8,0,173.44,178.90000000000234,140.4,0.5869296100115571,0.06111848919995862,-0.04150920919332557,183.17,unripe
1763618791.5611937,1763618789.3531392,0.552,0.5,4,9,0,173.28,178.90000000000234,140.4,0.5946829046030716,0.060887183788335526,-0.04597270419395583,183.17,unripe
1763618791.7766404,1763618789.3531392,0.553,0.5,3,8,0,173.12,178.90000000000234,140.45,0.6021742500015049,0.06063251976842361,-0.05131914979694707,183.17,unripe
1763618792.0620115,1763618789.3531392,0.557,0.5,4,7,0,172.96,178.90000000000234,140.5,0.6093568248352071,0.060361329640876184,-0.055429274732928246,183.17,unripe
1763618792.1088858,1763618789.3531392,0.559,0.5,3,7,0,172.8,178.90000000000234,140.55,0.6162891762120202,0.06007284186184514,-0.05982540116088075,183.17,unripe
1763618792.1595547,1763618792.2343616,0.561,0.5,4,7,0,172.64,178.90000000000234,140.55,0.6229553703952885,0.05976768811928889,-0.06422348286971868,183.17,ripe
1763618792.2416415,1763618792.2343616,0.561,0.5,3,7,0,172.48,178.90000000000234,140.55,0.6293537560393577,0.0594424460148777,-0.06948781227657286,183.17,ripe
1763618792.4625704,1763618792.2343616,0.5650000000000001,0.5,5,7,0,172.32,178.90000000000234,140.6,0.6354397479702756,0.05910590490838277,-0.07300677608888306,183.17,ripe
1763618792.6813369,1763618792.2343616,0.567,0.5,3,8,0,172.16,178.90000000000234,140.8,0.6412990682913676,0.05875829055444842,-0.07658258235067139,183.17,ripe
1763618792.8431418,1763618792.2343616,0.572,0.5,5,8,0,172,178.90000000000234,140.95,0.6469287790220799,0.05840717702208615,-0.07857053605173181,183.17,ripe
1763618793.1067047,1763618792.2343616,0.576,0.5,4,7,0,171.84,178.90000000000234,141.15,0.6524081673454506,0.058054255867104464,-0.08022904586027657,183.17,ripe
1763618793.2045836,1763618792.2343616,0.581,0.5,5,7,0,171.68,178.90000000000234,141.4,0.6577547189786407,0.05770283962875183,-0.08116515823605364,183.17,ripe
1763618793.2924623,1763618792.2343616,0.585,0.5,5,7,0,171.52,178.90000000000234,141.6,0.6630056273365184,0.05735253615275427,-0.08221084696522485,183.17,ripe
1763618793.3211086,1763618792.2343616,0.587,0.5,5,7,0,171.36,178.90000000000234,141.75,0.6681570461806599,0.056999219937325894,-0.08425965599501306,183.17,ripe
1763618793.397513,1763618792.2343616,0.59,0.5,3,8,0,171.2,178.90000000000234,142.0,0.6731607874603517,0.0566434954057473,-0.08621209236752836,183.17,ripe
1763618793.5548027,1763618792.2343616,0.595,0.5,4,8,0,171.04,178.90000000000234,142.2,0.6780226400070598,0.056290077988975916,-0.08704829246064816,183.17,ripe
1763618793.6011665,1763618792.2343616,0.598,0.5,4,7,0,170.88,178.90000000000234,142.35,0.6827986460064092,0.05593729002210103,-0.08831147223320335,183.17,ripe
1763618793.6518328,1763618792.2343616,0.603,0.5,4,8,0,170.72,178.90000000000234,142.55,0.6874692943716866,0.05558854503421613,-0.08872570748508368,183.17,ripe
1763618793.8291662,1763618792.2343616,0.607,0.5,4,7,0,170.56,178.90000000000234,142.55,0.6920773856760227,0.055243551542444064,-0.08920559223272129,183.17,ripe
1763618793.9177485,1763618792.2343616,0.609,0.5,4,7,0,170.4,178.90000000000234,142.7,0.696621184950235,0.05489847177205463,-0.09068528822858424,183.17,ripe
1763618794.0267055,1763618792.2343616,0.61,0.5,2,6,0,170.24,178.90000000000234,142.85000000000002,0.7010534845291446,0.0545499444159741,-0.09308553616831927,183.17,ripe
1763618794.2452881,1763618792.2343616,0.613,0.5,4,8,0,170.08,178.90000000000234,143.0,0.7053307812985479,0.05420051312766008,-0.0948468071181352,183.17,ripe
1763618794.3002448,1763618792.2343616,0.608,0.5,3,8,0,169.92,178.90000000000234,143.15,0.7094847168410718,0.053837106674729,-0.10024272975086546,183.17,ripe
1763618794.3982365,1763618792.2343616,0.606,0.5,5,7,0,169.76,178.90000000000234,143.35,0.7133416634401598,0.0534599514530857,-0.10572066989505668,183.17,ripe
1763618794.536246,1763618792.2343616,0.603,0.5,4,7,0,169.6,178.90000000000234,143.5,0.7168979489858793,0.05306819239794198,-0.11158745221332778,183.17,ripe
1763618794.6353474,1763618792.2343616,0.603,0.5,4,8,0,169.44,178.90000000000234,143.8,0.7201353708400725,0.05266745801178181,-0.11598012245379674,183.17,ripe
1763618794.813646,1763618792.2343616,0.6,0.5,4,7,0,169.28,178.90000000000234,143.89999999999998,0.7231241985017638,0.05225581243784806,-0.12104657430862598,183.17,ripe
1763618794.8556893,1763618792.2343616,0.595,0.5,4,6,0,169.12,178.90000000000234,144.05,0.7258332347617089,0.05182971478955362,-0.12729442266514002,183.17,ripe
1763618794.9696183,1763618792.2343616,0.595,0.5,5,8,0,168.96,178.90000000000234,144.15,0.7282074927932275,0.051396620093927224,-0.13143808674494306,183.17,ripe
1763618795.2112195,1763618792.2343616,0.597,0.5,5,8,0,168.8,178.90000000000234,144.35,0.7303459715347048,0.05096369401541211,-0.13346126851056261,183.17,ripe
1763618795.3084981,1763618792.2343616,0.595,0.5,3,8,0,168.64,178.90000000000234,144.5,0.7323482830014716,0.05052805643623894,-0.1364059314894005,183.17,ripe
1763618795.4276607,1763618792.2343616,0.594,0.5,4,8,0,168.48,178.90000000000234,144.75,0.7341726600185515,0.050090324946345285,-0.139201484262516,183.17,ripe
1763618795.6232445,1763618792.2343616,0.593,0.5,4,8,0,168.32,178.90000000000234,144.9,0.735826873461812,0.04965110903526104,-0.14184128558379416,183.17,ripe
1763618795.7583616,1763618792.2343616,0.59,0.5,3,7,0,168.16,178.90000000000234,145.15,0.7373189691736262,0.049207937777646586,-0.14532617523461733,183.17,ripe
1763618795.8980076,1763618792.2343616,0.588,0.5,4,7,0,168,178.90000000000234,145.25,0.7386111460424748,0.048761579164155036,-0.14861474907297045,183.17,ripe
1763618796.2064176,1763618792.2343616,0.585,0.5,4,7,0,167.84,178.90000000000234,145.45,0.7397131559202312,0.04831126410377864,-0.15221495743547908,183.17,ripe
1763618796.3361156,1763618792.2343616,0.585,0.5,4,8,0,167.68,178.90000000000234,145.6,0.7406116787109257,0.04786139932861902,-0.1543625794685496,183.17,ripe
1763618796.4231799,1763618792.2343616,0.579,0.5,2,6,0,167.52,178.90000000000234,145.85,0.7413730756003077,0.047405598747031964,-0.1587485259791197,183.17,ripe
1763618796.5455256,1763618792.2343616,0.5780000000000001,0.5,4,7,0,167.36,178.90000000000234,145.95,0.7418976203910491,0.04694847124560689,-0.16158534558045512,183.17,ripe
1763618796.8025444,1763618792.2343616,0.5760000000000001,0.5,4,8,0,167.2,178.90000000000234,146.15,0.7422553303930444,0.04649100660867799,-0.16409919298774733,183.17,ripe
1763618796.8237498,1763618792.2343616,0.5750000000000001,0.5,4,8,0,167.04,178.90000000000234,146.3,0.7424613755405871,0.046035268454850904,-0.16588330683793862,183.17,ripe
1763618797.0134122,1763618792.2343616,0.5750000000000001,0.5,4,7,0,166.88,178.90000000000234,146.55,0.7425488801767447,0.045583711986657255,-0.16675984582542036,183.17,ripe
1763618797.1488216,1763618792.2343616,0.5700000000000001,0.5,4,6,0,166.72,178.90000000000234,146.75,0.7425586682626463,0.0451308508308621,-0.16966415108698407,183.17,ripe
1763618797.3519814,1763618792.2343616,0.5690000000000001,0.5,3,7,0,166.56,178.90000000000234,146.85000000000002,0.7424024961676811,0.0446796947069612,-0.17145523757984993,183.17,ripe
1763618797.4483771,1763618792.2343616,0.5710000000000001,0.5,5,8,0,166.4,178.90000000000234,146.95,0.7421297290826249,0.044235660473080404,-0.17115609978870927,183.17,ripe
1763618797.5432477,1763618792.2343616,0.5690000000000001,0.5,4,7,0,166.24,178.90000000000234,147.05,0.7418320261335576,0.04379606175848009,-0.1718452114865998,183.17,ripe
1763618797.5863395,1763618792.2343616,0.5670000000000001,0.5,5,7,0,166.08,178.90000000000234,147.15,0.741467325571067,0.043359705238756416,-0.17297391824758812,183.17,ripe
1763618797.6988084,1763618792.2343616,0.5640000000000001,0.5,4,6,0,165.92,178.90000000000234,147.4,0.7410173625303467,0.04292487656203205,-0.1747706588686072,183.17,ripe
1763618797.849354,1763618792.2343616,0.5630000000000001,0.5,3,8,0,165.76,178.90000000000234,147.5,0.7404541206950525,0.04249337714176845,-0.1758307688641827,183.17,ripe
1763618797.9692564,1763618792.2343616,0.5640000000000001,0.5,5,7,0,165.6,178.90000000000234,147.7,0.7398096960381885,0.04206852283356448,-0.1754980201227535,183.17,ripe
1763618798.1217554,1763618792.2343616,0.5640000000000001,0.5,4,8,0,165.44,178.90000000000234,147.7,0.7391439461857277,0.04165059100767163,-0.17498810822801014,183.17,ripe
1763618798.1525474,1763618792.2343616,0.562,0.5,4,7,0,165.28,178.90000000000234,147.85,0.7384649785660176,0.04123728660867619,-0.17538705958715872,183.17,ripe
1763618798.20858,1763618792.2343616,0.562,0.5,5,6,0,165.16,178.90000000000234,147.9,0.7369103116970431,0.04083222223685792,-0.17437135220761368,183.17,ripe
1763618798.2865334,1763618792.2343616,0.5630000000000001,0.5,5,7,0,165,178.90000000000234,147.95,0.7357966447081792,0.04043571369834305,-0.17302716496346449,183.17,ripe
1763618798.469557,1763618792.2343616,0.562,0.5,4,5,0,164.88,178.90000000000234,148.15,0.7341103821934176,0.04004774219513723,-0.17172564232106025,183.17,ripe
1763618798.537426,1763618792.2343616,0.562,0.5,5,6,0,164.72,178.90000000000234,148.3,0.7329738015264987,0.03966702535504286,-0.17078143159032,183.17,ripe
1763618798.6629376,1763618792.2343616,0.5630000000000001,0.5,3,8,0,164.56,178.90000000000234,148.39999999999998,0.7321045367090092,0.03929398854341905,-0.16950835174091983,183.17,ripe
1763618798.783273,1763618792.2343616,0.5640000000000001,0.5,5,8,0,164.4,178.90000000000234,148.45,0.731383920507226,0.03892872198563688,-0.16808582802318128,183.17,ripe
1763618798.9446356,1763618792.2343616,0.5630000000000001,0.5,4,6,0,164.24,178.90000000000234,148.55,0.730752937798506,0.03856900668485872,-0.1676038915564837,183.17,ripe
1763618799.3964677,1763618792.2343616,0.5640000000000001,0.5,6,8,0,164.08,178.90000000000234,148.5,0.7301414285808473,0.038215891139743864,-0.1665669054598361,183.17,ripe
1763618799.4415896,1763618792.2343616,0.5660000000000001,0.5,5,8,0,163.92,178.90000000000234,148.6,0.7295562899401865,0.0378708235598199,-0.16476902837968088,183.17,ripe
1763618799.5224018,1763618792.2343616,0.5650000000000001,0.5,5,6,0,163.76,178.90000000000234,148.8,0.7290207501717593,0.03753123623308852,-0.16412711939150648,183.17,ripe
1763618799.6842337,1763618792.2343616,0.5630000000000001,0.5,4,6,0,163.6,178.90000000000234,148.8,0.7284849604440364,0.03719486424759964,-0.16453814505391007,183.17,ripe
1763618799.7616904,1763618792.2343616,0.5640000000000001,0.5,5,8,0,163.44,178.90000000000234,148.9,0.7279053094810056,0.03686370489420296,-0.1639319017859424,183.17,ripe
1763618799.8442795,1763618792.2343616,0.5640000000000001,0.5,4,7,0,163.28,178.90000000000234,149.0,0.7273217975554194,0.03653763485069418,-0.16333509370788768,183.17,ripe
1763618800.0786772,1763618792.2343616,0.5650000000000001,0.5,5,8,0,163.12,178.90000000000234,149.15,0.7267340031963572,0.03621753459699949,-0.16224065127259135,183.17,ripe
1763618800.114436,1763618792.2343616,0.5660000000000001,0.5,5,7,0,162.96,178.90000000000234,149.3,0.7261617897241274,0.035903733165388405,-0.16091511376224443,183.17,ripe
1763618800.3275561,1763618792.2343616,0.5650000000000001,0.5,4,7,0,162.8,178.90000000000234,149.3,0.725614556841997,0.03559436353508621,-0.16049121886105555,183.17,ripe
1763618800.4267206,1763618792.2343616,0.5660000000000001,0.5,5,7,0,162.64,178.90000000000234,149.45,0.7250572395223943,0.035290429238146265,-0.15949557053192354,183.17,ripe
1763618800.592749,1763618792.2343616,0.5670000000000001,0.5,5,7,0,162.48,178.90000000000234,149.6,0.7245125391836034,0.03499232687018153,-0.1582317046883679,183.17,ripe
1763618800.638706,1763618792.2343616,0.5710000000000001,0.5,5,7,0,162.32,178.90000000000234,149.75,0.7239912562925691,0.03470295100875542,-0.15535083904495128,183.17,ripe
1763618800.6498115,1763618792.2343616,0.5710000000000001,0.5,6,6,0,162.16,178.90000000000234,149.85,0.723556535151613,0.03441978722834066,-0.1537363265278041,183.17,ripe
1763618800.7475204,1763618792.2343616,0.5720000000000001,0.5,5,7,0,162.16,178.90000000000234,149.85000000000002,0.7204061499716965,0.034148450597537953,-0.14949604565979202,183.17,ripe
1763618800.851459,1763618792.2343616,0.5690000000000001,0.5,4,5,0,162.16,178.90000000000234,149.95,0.7160930106586957,0.03388743512979336,-0.14613795850274347,183.17,ripe
1763618800.9651465,1763618792.2343616,0.5700000000000001,0.5,5,7,0,162.16,178.90000000000234,149.95,0.7112972641823018,0.033639136329503716,-0.14131973810432563,183.17,ripe
1763618801.0333235,1763618792.2343616,0.5690000000000001,0.5,5,6,0,162.12,178.90000000000234,149.95,0.7070946460471774,0.03340106091186564,-0.13760588300818932,183.17,ripe
1763618801.092721,1763618792.2343616,0.5700000000000001,0.5,4,8,0,162.12,178.90000000000234,149.95,0.702591316480179,0.03317477055079523,-0.132846934960685,183.17,ripe
1763618801.1328447,1763618792.2343616,0.5700000000000001,0.5,3,7,0,162.12,178.90000000000234,149.9,0.6980801094139766,0.032959714401508536,-0.12820791865422954,183.17,ripe
1763618801.323629,1763618792.2343616,0.5670000000000001,0.5,5,5,0,162.12,178.90000000000234,149.8,0.6936783892718623,0.032752763628554324,-0.12524229389198882,183.17,ripe
1763618801.41341,1763618792.2343616,0.5650000000000001,0.5,5,6,0,162.12,178.90000000000234,149.75,0.6893842629736672,0.03255300457414897,-0.12266621528373045,183.17,ripe
1763618801.5388324,1763618792.2343616,0.5670000000000001,0.5,5,8,0,162.12,178.90000000000234,149.7,0.6852102278561739,0.03236297731120487,-0.11835120401120547,183.17,ripe
1763618801.6642942,1763618792.2343616,0.5680000000000001,0.5,5,8,0,162.12,178.90000000000234,149.65,0.6812255022612754,0.03218274681052756,-0.11379599033879118,183.17,ripe
1763618801.7748418,1763618792.2343616,0.5680000000000001,0.5,5,7,0,162.12,178.90000000000234,149.55,0.6774392775333181,0.03201125038399008,-0.10972452157207602,183.17,ripe
1763618802.0522103,1763618792.2343616,0.5690000000000001,0.5,4,7,0,162.08,178.90000000000234,149.45,0.6744732942737566,0.031847360130122425,-0.10611591629313555,183.17,ripe
1763618802.1926239,1763618792.2343616,0.5690000000000001,0.5,5,6,0,162.08,178.90000000000234,149.45,0.6713404854874638,0.03169069849016754,-0.10266179649715323,183.17,ripe
1763618802.2815075,1763618792.2343616,0.5720000000000001,0.5,7,7,0,162.08,178.90000000000234,149.35,0.6681974492271185,0.03154312951914361,-0.09785810473196321,183.17,ripe
1763618802.377135,1763618792.2343616,0.5720000000000001,0.5,5,7,0,162.08,178.90000000000234,149.4,0.6651652816775625,0.03140302200297449,-0.09399560942998486,183.17,ripe
1763618802.4868274,1763618792.2343616,0.576,0.5,5,7,0,162.08,178.90000000000234,149.55,0.6622502502627163,0.031272346102728006,-0.08866541413892759,183.17,ripe
1763618802.5581772,1763618792.2343616,0.578,0.5,6,7,0,162.08,178.90000000000234,149.7,0.6595141195675123,0.03115030514859159,-0.08372170150561797,183.17,ripe
1763618802.5932796,1763618792.2343616,0.578,0.5,5,7,0,162.08,178.90000000000234,149.65,0.6569501440755473,0.03103484927601135,-0.08005393504460023,183.17,ripe
1763618802.6043053,1763618792.2343616,0.578,0.5,5,7,0,162.08,178.90000000000234,149.7,0.6545200936226374,0.030924839141105963,-0.07707198910716384,183.17,ripe
1763618802.6194303,1763618792.2343616,0.578,0.5,4,7,0,162.08,178.90000000000234,149.75,0.6522024273266038,0.030819593966626577,-0.07447837506886712,183.17,ripe
1763618802.9252262,1763618792.2343616,0.578,0.5,4,6,0,162.08,178.90000000000234,149.75,0.6499840258117219,0.030718667690760017,-0.0721219996828536,183.17,ripe
1763618802.977823,1763618792.2343616,0.58,0.5,6,6,0,162.12,178.90000000000234,149.7,0.6472417247548634,0.0306240601352605,-0.06831071169042935,183.17,ripe
1763618803.1805017,1763618792.2343616,0.578,0.5,5,6,0,162.12,178.90000000000234,149.75,0.6449424056331762,0.030532870682360613,-0.06647689910095911,183.17,ripe
1763618803.5321224,1763618792.2343616,0.579,0.5,6,6,0,162.12,178.90000000000234,149.75,0.6428694422572675,0.03044568605838036,-0.06413668899115899,183.17,ripe
1763618803.7040615,1763618792.2343616,0.579,0.5,6,6,0,162.12,178.90000000000234,149.7,0.6409577309782349,0.030362012586654673,-0.06209135434518076,183.17,ripe
1763618803.9201229,1763618792.2343616,0.581,0.5,5,7,0,162.12,178.90000000000234,149.7,0.6391582801846442,0.03028286855976692,-0.059225091868117086,183.17,ripe
1763618804.0013006,1763618792.2343616,0.58,0.5,4,6,0,162.12,178.90000000000234,149.7,0.637473291384447,0.030206642836848673,-0.05750669722618351,183.17,ripe
1763618804.1389172,1763618792.2343616,0.581,0.5,6,7,0,162.12,178.90000000000234,149.75,0.6358592620192011,0.030133817971814147,-0.055375964940069355,183.17,ripe
1763618804.3785968,1763618792.2343616,0.58,0.5,5,6,0,162.12,178.90000000000234,149.65,0.6343215720907479,0.030063240292931594,-0.054079923551182074,183.17,ripe
1763618804.4795547,1763618792.2343616,0.58,0.5,5,6,0,162.12,178.90000000000234,149.6,0.6328335545497749,0.029994957322410275,-0.052712730279992015,183.17,ripe
1763618804.496893,1763618792.2343616,0.579,0.5,4,6,0,162.16,178.90000000000234,149.65,0.6307951230173869,0.029929127154560885,-0.05123471088249554,183.17,ripe
1763618804.54341,1763618792.2343616,0.578,0.5,3,8,0,162.16,178.90000000000234,149.7,0.6291108367679366,0.02986493844072481,-0.05033063070049093,183.17,ripe
1763618804.592679,1763618792.2343616,0.581,0.5,5,7,0,162.16,178.90000000000234,149.65,0.6276119726951379,0.02980450195273765,-0.04772186966141512,183.17,ripe
1763618804.7617283,1763618792.2343616,0.583,0.5,6,7,0,162.2,178.90000000000234,149.75,0.625671152629688,0.029748917072744546,-0.044226101112826544,183.17,ripe
1763618804.8935447,1763618792.2343616,0.582,0.5,5,5,0,162.2,178.90000000000234,149.9,0.624169538890371,0.029695933561454876,-0.042447013131940325,183.17,ripe
1763618805.0491896,1763618792.2343616,0.581,0.5,6,6,0,162.2,178.90000000000234,149.95,0.622890802624303,0.029644427234217268,-0.04152953974508766,183.17,ripe
1763618805.1176558,1763618792.2343616,0.583,0.5,5,7,0,162.2,178.90000000000234,149.9,0.6217270321288818,0.029595679899567275,-0.039546400689274175,183.17,ripe
1763618805.229753,1763618792.2343616,0.581,0.5,5,7,0,162.2,178.90000000000234,150.0,0.6206630354417974,0.029547799730543323,-0.039072719721993554,183.17,ripe
1763618805.3757498,1763618792.2343616,0.579,0.5,5,6,0,162.2,178.90000000000234,149.9,0.6196381406503867,0.02949986308426844,-0.03934298279048487,183.17,ripe
1763618805.4486492,1763618792.2343616,0.581,0.5,5,8,0,162.2,178.90000000000234,149.85,0.6186225021711749,0.029453849494584263,-0.03797492324122398,183.17,ripe
1763618805.460622,1763618792.2343616,0.583,0.5,5,7,0,162.2,178.90000000000234,149.85,0.6176524024583849,0.029410670473194542,-0.03582861299340956,183.17,ripe
1763618805.5014586,1763618792.2343616,0.581,0.5,4,7,0,162.2,178.90000000000234,149.9,0.616744345305512,0.029368312895916366,-0.035332450573024365,183.17,ripe
1763618805.5117383,1763618792.2343616,0.58,0.5,3,7,0,162.2,178.90000000000234,149.9,0.6158548123068569,0.029326390950565072,-0.03514886494061309,183.17,ripe
1763618805.5218146,1763618792.2343616,0.578,0.5,5,6,0,162.24,178.90000000000234,149.95,0.614388534932747,0.029284850213561267,-0.03503556124962515,183.17,ripe
1763618805.5330317,1763618792.2343616,0.577,0.5,4,7,0,162.24,178.90000000000234,149.9,0.6132250852746979,0.029243512962878398,-0.03504859843313701,183.17,ripe
1763618805.5481849,1763618792.2343616,0.578,0.5,4,8,0,162.24,178.90000000000234,149.8,0.6122131045520999,0.029203462466030627,-0.03412486113131952,183.17,ripe
1763618805.6896539,1763618792.2343616,0.576,0.5,3,7,0,162.24,178.90000000000234,149.85000000000002,0.6113015582972803,0.029163443840360865,-0.03425743658689018,183.17,ripe
1763618805.7665577,1763618792.2343616,0.577,0.5,6,7,0,162.24,178.90000000000234,149.85000000000002,0.610427373942131,0.02912459584404094,-0.03340531308693595,183.17,ripe
1763618805.926446,1763618792.2343616,0.577,0.5,5,7,0,162.24,178.90000000000234,149.85,0.6095960138907873,0.029086866713394874,-0.03258498346318983,183.17,ripe
1763618806.032969,1763618792.2343616,0.578,0.5,5,8,0,162.28,178.90000000000234,149.89999999999998,0.6082154826112824,0.029051491262454588,-0.030709967397483773,183.17,ripe
1763618806.0652766,1763618792.2343616,0.576,0.5,3,7,0,162.28,178.90000000000234,149.85,0.6071807116689103,0.029016599480446485,-0.03042795406201093,183.17,ripe
1763618806.1678267,1763618792.2343616,0.579,0.5,4,8,0,162.28,178.90000000000234,149.89999999999998,0.606304115556818,0.028984137644714494,-0.028427736753368293,183.17,ripe
1763618806.2054782,1763618792.2343616,0.58,0.5,5,8,0,162.28,178.90000000000234,149.85,0.6055522291792077,0.028953867250946307,-0.02661403977748289,183.17,ripe
1763618806.3275144,1763618792.2343616,0.579,0.5,3,7,0,162.28,178.90000000000234,149.8,0.6048830453329687,0.028924505318373702,-0.02591395063210633,183.17,ripe
1763618806.4895334,1763618792.2343616,0.576,0.5,3,6,0,162.28,178.90000000000234,149.85000000000002,0.604251276692916,0.028894288941690927,-0.02676672934248492,183.17,ripe
1763618806.6023276,1763618792.2343616,0.578,0.5,5,7,0,162.28,178.90000000000234,149.8,0.6036108666976473,0.028865191131243546,-0.02586859302243172,183.17,ripe
1763618806.6724632,1763618792.2343616,0.579,0.5,4,7,0,162.28,178.90000000000234,149.85,0.6029984234668888,0.028837586346002142,-0.024627286629281042,183.17,ripe
1763618806.7852683,1763618792.2343616,0.581,0.5,5,8,0,162.28,178.90000000000234,149.85,0.602419466945232,0.02881219070352893,-0.022733898526428153,183.17,ripe
1763618806.966018,1763618792.2343616,0.58,0.5,5,7,0,162.28,178.90000000000234,149.89999999999998,0.6018878068778082,0.028787646514925953,-0.022045022668406355,183.17,ripe
1763618807.1207542,1763618792.2343616,0.58,0.5,5,8,0,162.28,178.90000000000234,149.8,0.6013745067504701,0.028763838930008202,-0.021453114645769267,183.17,ripe
1763618807.1688392,1763618792.2343616,0.579,0.5,4,7,0,162.28,178.90000000000234,149.7,0.6008768805385719,0.02874014774080936,-0.021416184486221512,183.17,ripe
1763618807.2137067,1763618792.2343616,0.577,0.5,3,6,0,162.28,178.90000000000234,149.65,0.6003818288333684,0.028715719103132135,-0.022151480807193202,183.17,ripe
1763618807.345543,1763618792.2343616,0.578,0.5,5,7,0,162.32,178.90000000000234,149.7,0.5992971288857248,0.028692451673401346,-0.021181954872637188,183.17,ripe
1763618807.6099432,1763618792.2343616,0.576,0.5,5,7,0,162.32,178.90000000000234,149.7,0.5985245774799837,0.028668950663653606,-0.021466990473439918,183.17,ripe
1763618807.7334425,1763618792.2343616,0.574,0.5,4,6,0,162.32,178.90000000000234,149.8,0.5978909838623434,0.028644544462767905,-0.02236219035907161,183.17,ripe
1763618807.8404634,1763618792.2343616,0.573,0.5,4,7,0,162.32,178.90000000000234,149.85000000000002,0.5973103722882267,0.028619464107204264,-0.023045975536590824,183.17,ripe
1763618808.0510697,1763618792.2343616,0.572,0.5,5,7,0,162.32,178.90000000000234,149.95,0.5967516054006354,0.02859383021039805,-0.023619407024817463,183.17,ripe
1763618808.201045,1763618792.2343616,0.5700000000000001,0.5,4,6,0,162.32,178.90000000000234,150.0,0.5961992332463408,0.0285671670062021,-0.024633134058431816,183.17,ripe
1763618808.3030932,1763618792.2343616,0.5680000000000001,0.5,4,6,0,162.32,178.90000000000234,150.05,0.5956343604258001,0.02853925733231018,-0.025851310831845553,183.17,ripe
1763618808.3734114,1763618792.2343616,0.5680000000000001,0.5,5,6,0,162.32,178.90000000000234,150.0,0.5950479751904831,0.02851108914051385,-0.026156450393505892,183.17,ripe
1763618808.4843664,1763618792.2343616,0.5700000000000001,0.5,4,8,0,162.32,178.90000000000234,149.95,0.5944584362847087,0.0284842187257357,-0.025012673886220083,183.17,ripe
1763618808.6030226,1763618792.2343616,0.571,0.5,5,8,0,162.32,178.90000000000234,149.95,0.593897073234331,0.028458847107786848,-0.023674192035086805,183.17,ripe
1763618808.636498,1763618792.2343616,0.571,0.5,4,7,0,162.32,178.90000000000234,150.0,0.5933675181031257,0.02843451650912297,-0.022756077503503613,183.17,ripe
1763618808.6733947,1763618792.2343616,0.5680000000000001,0.5,4,5,0,162.32,178.90000000000234,150.05,0.5928599469304658,0.028409390153822583,-0.023554226630654762,183.17,ripe
1763618808.858495,1763618792.2343616,0.5670000000000001,0.5,5,6,0,162.32,178.90000000000234,150.1,0.5923359234421243,0.028383650694620267,-0.024183063292218754,183.17,ripe
1763618809.0436263,1763618792.2343616,0.5670000000000001,0.5,5,7,0,162.32,178.90000000000234,150.05,0.591799186287446,0.028357925377821936,-0.024222756212493146,183.17,ripe
1763618809.1102204,1763618792.2343616,0.5680000000000001,0.5,5,6,0,162.32,178.90000000000234,150.1,0.5912627787484871,0.028333047986915928,-0.023474563711010643,183.17,ripe
1763618809.223264,1763618792.2343616,0.5670000000000001,0.5,5,7,0,162.32,178.90000000000234,150.0,0.5907440678224611,0.028308354403746006,-0.023349960303722828,183.17,ripe
1763618809.46172,1763618792.2343616,0.5660000000000001,0.5,4,6,0,162.32,178.90000000000234,150.14999999999998,0.5902291979581993,0.028283519060361653,-0.023532144198830096,183.17,ripe
1763618809.554212,1763618792.2343616,0.5670000000000001,0.5,5,7,0,162.32,178.90000000000234,150.14999999999998,0.5897113767247979,0.028259438350432372,-0.02286284984511333,183.17,ripe
1763618809.8637729,1763618792.2343616,0.5680000000000001,0.5,5,6,0,162.28,178.90000000000234,150.14999999999998,0.5897744805298147,0.02823592209735713,-0.022350217089972424,183.17,ripe
1763618809.9921174,1763618792.2343616,0.5680000000000001,0.5,4,7,0,162.28,178.90000000000234,150.35,0.589566054470065,0.028212962469982096,-0.02185392275014386,183.17,ripe
1763618810.052935,1763618792.2343616,0.5680000000000001,0.5,6,6,0,162.24,178.90000000000234,150.25,0.5897919809731615,0.028189934910313276,-0.02193591511320092,183.17,ripe
1763618810.1432753,1763618792.2343616,0.5660000000000001,0.5,4,7,0,162.28,178.90000000000234,150.25,0.5890991650571448,0.028166713585918997,-0.022171132127164372,183.17,ripe
1763618810.1847568,1763618792.2343616,0.5680000000000001,0.5,5,7,0,162.32,178.90000000000234,150.3,0.5879449378484023,0.028145326214857658,-0.020480921383412065,183.17,ripe
1763618810.3770823,1763618792.2343616,0.5670000000000001,0.5,4,7,0,162.32,178.90000000000234,150.3,0.5871642773956953,0.028124560433062704,-0.019932269163200234,183.17,ripe
1763618810.5720272,1763618792.2343616,0.5650000000000001,0.5,4,6,0,162.32,178.90000000000234,150.39999999999998,0.5865640746404597,0.028103299951845975,-0.020448070524212048,183.17,ripe
1763618810.7592974,1763618792.2343616,0.5630000000000001,0.5,5,5,0,162.32,178.90000000000234,150.39999999999998,0.5860372356844733,0.02808100793239835,-0.021479233626349514,183.17,ripe
1763618810.8902466,1763618792.2343616,0.561,0.5,3,6,0,162.32,178.90000000000234,150.4,0.5855306981450249,0.028057435614020253,-0.022751697115963032,183.17,ripe
1763618811.047757,1763618792.2343616,0.56,0.5,5,7,0,162.32,178.90000000000234,150.45,0.5850183564344983,0.028032994525703483,-0.02362885591996733,183.17,ripe
1763618811.1265757,1763618792.2343616,0.559,0.5,5,6,0,162.32,178.90000000000234,150.65,0.5844983387320686,0.028007895281832413,-0.024303588474803073,183.17,ripe
1763618811.2006216,1763618792.2343616,0.558,0.5,5,5,0,162.32,178.90000000000234,150.6,0.583969813404694,0.027982248100279154,-0.024872438276061226,183.17,ripe
1763618811.2782452,1763618792.2343616,0.557,0.5,3,6,0,162.32,178.90000000000234,150.7,0.5834324689006867,0.027956112952813993,-0.025383781336370204,183.17,ripe
1763618811.5450017,1763618792.2343616,0.557,0.5,5,6,0,162.32,178.90000000000234,150.7,0.582886251858781,0.02793003863947945,-0.025361908076622752,183.17,ripe
1763618811.6512306,1763618792.2343616,0.555,0.5,3,6,0,162.32,178.90000000000234,150.7,0.5823419534247,0.02790326475615098,-0.026079781533620783,183.17,ripe
1763618811.7400024,1763618792.2343616,0.553,0.5,5,5,0,162.34,178.90000000000234,150.6,0.5815043611034747,0.0278757276299557,-0.026873275157935028,183.17,ripe
1763618811.8190844,1763618792.2343616,0.555,0.5,5,7,0,162.34,178.90000000000234,150.6,0.5807909468031013,0.027849152680427754,-0.025975403830331367,183.17,ripe
1763618812.1335158,1763618792.2343616,0.555,0.5,6,7,0,162.34,178.90000000000234,150.55,0.5801675539544527,0.02782334680012841,-0.025259782468067704,183.17,ripe
1763618812.1741621,1763618792.2343616,0.555,0.5,6,6,0,162.34,178.90000000000234,150.5,0.5795951333624878,0.027798206527022362,-0.024641247619295203,183.17,ripe
1763618812.298289,1763618792.2343616,0.554,0.5,5,7,0,162.34,178.90000000000234,150.6,0.5790540359848899,0.027773163810360487,-0.02457709311329359,183.17,ripe
1763618812.399039,1763618792.2343616,0.554,0.5,3,7,0,162.34,178.90000000000234,150.5,0.5785236913483914,0.027748449134634645,-0.024285219912593248,183.17,ripe
1763618812.49197,1763618792.2343616,0.551,0.5,3,6,0,162.34,178.90000000000234,150.45,0.5780045361975843,0.027722646039957125,-0.025385300479685124,183.17,ripe
1763618812.551755,1763618792.2343616,0.549,0.5,4,7,0,162.34,178.90000000000234,150.55,0.5774648853556745,0.02769558391780169,-0.026655267496724866,183.17,ripe
1763618812.730745,1763618792.2343616,0.548,0.5,3,6,0,162.34,178.90000000000234,150.55,0.5769000961211527,0.027667701014564682,-0.02749528719167782,183.17,ripe
1763618812.8915148,1763618792.2343616,0.552,0.5,5,8,0,162.34,178.90000000000234,150.5,0.5763187531448344,0.02764175271949526,-0.02561634868009688,183.17,ripe
1763618812.9995344,1763618792.2343616,0.55,0.5,4,6,0,162.34,178.90000000000234,150.6,0.5757779793991169,0.027616024763340463,-0.025426777166748127,183.17,ripe
1763618813.1826732,1763618792.2343616,0.549,0.5,4,6,0,162.31,178.90000000000234,150.65,0.5756561711920766,0.027589746622634043,-0.025980570075892162,183.17,ripe
1763618813.2454793,1763618792.2343616,0.547,0.5,5,6,0,162.31,178.90000000000234,150.65,0.5753152588843684,0.027562480324915255,-0.026977458326276182,183.17,ripe
1763618813.3911777,1763618792.2343616,0.545,0.5,4,6,0,162.31,178.90000000000234,150.75,0.574850013961137,0.02753402319295744,-0.028181113682090864,183.17,ripe
1763618813.4484055,1763618792.2343616,0.544,0.5,5,7,0,162.31,178.90000000000234,150.85,0.5743081143365278,0.027504794227221026,-0.028973664197004756,183.17,ripe
1763618813.5174358,1763618792.2343616,0.545,0.5,6,6,0,162.31,178.90000000000234,150.95,0.5737242302387732,0.027476014338157852,-0.028557005169011607,183.17,ripe
1763618813.6013267,1763618792.2343616,0.548,0.5,5,7,0,162.31,178.90000000000234,151.0,0.5731367839096203,0.02744928066485447,-0.026553171374739448,183.17,ripe
1763618813.6542616,1763618792.2343616,0.547,0.5,5,6,0,162.31,178.90000000000234,151.05,0.5725855633403506,0.02742333726660052,-0.025793757072910206,183.17,ripe
1763618813.7064736,1763618792.2343616,0.545,0.5,5,5,0,162.31,178.90000000000234,151.15,0.572047602756281,0.027397059480477645,-0.026151699622560698,183.17,ripe
1763618813.852501,1763618792.2343616,0.547,0.5,6,6,0,162.31,178.90000000000234,151.2,0.5715010559894728,0.027371909673812794,-0.02505310442261266,183.17,ripe
1763618813.9786448,1763618792.2343616,0.547,0.5,4,7,0,162.31,178.90000000000234,151.2,0.5709772341456598,0.027347585643515377,-0.02425325836222969,183.17,ripe
1763618814.0334628,1763618792.2343616,0.545,0.5,4,6,0,162.31,178.90000000000234,151.15,0.570470236054886,0.0273229282764543,-0.024608248163170976,183.17,ripe
1763618814.1396887,1763618792.2343616,0.545,0.5,4,6,0,162.31,178.90000000000234,151.2,0.5699560837929513,0.027298376361991724,-0.024525089847093784,183.17,ripe
1763618814.2213852,1763618792.2343616,0.546,0.5,5,6,0,162.31,178.90000000000234,151.35,0.5694440309740869,0.027274642822794102,-0.023728534001158152,183.17,ripe
1763618814.2682903,1763618792.2343616,0.546,0.5,5,6,0,162.31,178.90000000000234,151.39999999999998,0.5689489993583977,0.02725156664617467,-0.02309125087193331,183.17,ripe
1763618814.4840732,1763618792.2343616,0.545,0.5,4,7,0,162.35,178.90000000000234,151.45,0.5679226239648565,0.02722912722774757,-0.022493749721624212,183.17,ripe
1763618814.5496979,1763618792.2343616,0.542,0.5,5,5,0,162.31,178.90000000000234,151.60000000000002,0.5677272902380934,0.02720518026791225,-0.024012853116477273,183.17,ripe
1763618814.5985923,1763618792.2343616,0.542,0.5,5,6,0,162.31,178.90000000000234,151.60000000000002,0.5673640282625674,0.02718075445393245,-0.024506809701759336,183.17,ripe
1763618814.6388245,1763618792.2343616,0.544,0.5,5,6,0,162.31,178.90000000000234,151.65,0.566922582913319,0.027157353832634883,-0.023493973632914944,183.17,ripe
1763618814.7439575,1763618792.2343616,0.544,0.5,5,6,0,162.31,178.90000000000234,151.7,0.5664684527030227,0.027134706338608743,-0.022754148062820723,183.17,ripe
1763618814.8348358,1763618792.2343616,0.543,0.5,5,6,0,162.35,178.90000000000234,151.7,0.5654703201290672,0.02711273313838373,-0.022113167808966105,183.17,ripe
1763618814.8768778,1763618792.2343616,0.541,0.5,3,6,0,162.35,178.90000000000234,151.65,0.5647497581557027,0.027090330667024473,-0.022571181995652112,183.17,ripe
1763618814.9035647,1763618792.2343616,0.54,0.5,5,6,0,162.35,178.90000000000234,151.55,0.5641519030829157,0.027067460953004937,-0.02306261500289042,183.17,ripe
1763618815.029174,1763618792.2343616,0.542,0.5,6,6,0,162.35,178.90000000000234,151.65,0.5636100909517889,0.027045596732381758,-0.022065446911776254,183.17,ripe
1763618815.1620486,1763618792.2343616,0.541,0.5,5,6,0,162.35,178.90000000000234,151.75,0.5631220744471356,0.02702396113158256,-0.021849752427129165,183.17,ripe
1763618815.2452798,1763618792.2343616,0.542,0.5,5,7,0,162.31,178.90000000000234,151.8,0.5631957121219933,0.027002607001415106,-0.02155955111199004,183.17,ripe
1763618815.2826095,1763618792.2343616,0.543,0.5,4,8,0,162.35,178.90000000000234,151.85,0.5624724784447631,0.026982666899965473,-0.02015439793976148,183.17,ripe
1763618815.3608809,1763618792.2343616,0.541,0.5,5,5,0,162.35,178.90000000000234,151.95,0.5619181224761515,0.026962640172696506,-0.020259082223650693,183.17,ripe
1763618815.499499,1763618792.2343616,0.543,0.5,6,7,0,162.31,178.90000000000234,151.85,0.5619708684259196,0.026943219904572078,-0.019641348299669237,183.17,ripe
1763618815.592774,1763618792.2343616,0.543,0.5,6,6,0,162.31,178.90000000000234,151.75,0.5618008336135579,0.02692430314196986,-0.019136073550432786,183.17,ripe
1763618815.6329732,1763618792.2343616,0.543,0.5,4,7,0,162.31,178.90000000000234,151.75,0.5615236791464979,0.02690583366464209,-0.018691299114935278,183.17,ripe
1763618815.718827,1763618792.2343616,0.545,0.5,6,6,0,162.31,178.90000000000234,151.65,0.5611970882741895,0.026888766519351615,-0.01728089825840806,183.17,ripe
1763618815.9197145,1763618792.2343616,0.547,0.5,6,6,0,162.35,178.90000000000234,151.6,0.5603326118646241,0.026874097560603247,-0.014874516856733466,183.17,ripe
1763618816.0685446,1763618792.2343616,0.55,0.5,6,6,0,162.35,178.90000000000234,151.6,0.559772818975427,0.026862231932919846,-0.012043771471481612,183.17,ripe
1763618816.279628,1763618792.2343616,0.549,0.5,5,6,0,162.35,178.90000000000234,151.55,0.5593986666275622,0.026851369029763237,-0.011034142875589459,183.17,ripe
1763618816.4694462,1763618792.2343616,0.55,0.5,5,7,0,162.39,178.90000000000234,151.6,0.5585719490326425,0.026842139212059524,-0.009389687156656112,183.17,ripe
1763618816.5354202,1763618792.2343616,0.553,0.5,6,7,0,162.39,178.90000000000234,151.6,0.5580797999164449,0.026835276150373337,-0.006988668978451629,183.17,ripe
1763618816.6037655,1763618792.2343616,0.555,0.5,5,6,0,162.39,178.90000000000234,151.45,0.5577870735785228,0.026830623005085978,-0.004741508109526116,183.17,ripe
1763618816.6464524,1763618792.2343616,0.555,0.5,5,6,0,162.39,178.90000000000234,151.4,0.5576153506247755,0.026827099246449437,-0.0035925678902771763,183.17,ripe
1763618816.7398407,1763618792.2343616,0.558,0.5,5,7,0,162.39,178.90000000000234,151.45,0.5575046197054582,0.026825635275980756,-0.001493228338208974,183.17,ripe
1763618816.9400191,1763618792.2343616,0.559,0.5,5,6,0,162.39,178.90000000000234,151.6,0.5574554486938731,0.02682568451842964,5.024698975153452e-05,183.17,ripe
1763618817.230266,1763618792.2343616,0.561,0.5,6,8,0,162.39,178.90000000000234,151.55,0.5574470981396714,0.026827453492810675,0.0018057497021409796,183.17,ripe
1763618817.3105342,1763618792.2343616,0.559,0.5,4,7,0,162.43,178.90000000000234,151.5,0.5569426217431724,0.026829590064743426,0.002183802177733729,183.17,ripe
1763618817.4424937,1763618792.2343616,0.559,0.5,5,7,0,162.43,178.90000000000234,151.39999999999998,0.5567163376462858,0.026831884397600043,0.0023468743141672466,183.17,ripe
1763618817.5546086,1763618792.2343616,0.558,0.5,5,6,0,162.36,178.90000000000234,151.3,0.5575677297837736,0.026832827730404744,0.0009638761964529952,183.17,ripe
1763618817.729495,1763618792.2343616,0.561,0.5,5,8,0,162.36,178.90000000000234,151.4,0.5579892386751907,0.026834567046075914,0.0017765643149226795,183.17,ripe
1763618817.9000473,1763618792.2343616,0.5630000000000001,0.5,4,7,0,162.4,178.90000000000234,151.35,0.5576896826647776,0.026838179446572245,0.003693218830279066,183.17,ripe
1763618817.9644644,1763618792.2343616,0.5640000000000001,0.5,5,7,0,162.4,178.90000000000234,151.3,0.5575968722614223,0.026843159469852017,0.005094578486106061,183.17,ripe
1763618818.005261,1763618792.2343616,0.5650000000000001,0.5,4,6,0,162.4,178.90000000000234,151.3,0.5576163803430526,0.0268492459829014,0.006229345030711597,183.17,ripe
1763618818.0773902,1763618792.2343616,0.5640000000000001,0.5,6,6,0,162.4,178.90000000000234,151.35,0.5577008276604596,0.02685532311062335,0.006222035026422601,183.17,ripe
1763618818.1536198,1763618792.2343616,0.5660000000000001,0.5,5,7,0,162.4,178.90000000000234,151.35,0.5578060600573491,0.026862309574618003,0.007155371286092005,183.17,ripe
1763618818.181804,1763618792.2343616,0.5690000000000001,0.5,6,7,0,162.4,178.90000000000234,151.3,0.5579406721211384,0.026871133587625703,0.009040043550582189,183.17,ripe
1763618818.261302,1763618792.2343616,0.5690000000000001,0.5,5,6,0,162.4,178.90000000000234,151.3,0.5581186974680925,0.02688076661740362,0.009871660367767765,183.17,ripe
1763618818.374846,1763618792.2343616,0.5690000000000001,0.5,5,5,0,162.4,178.90000000000234,151.25,0.5583161500115736,0.026890696878344226,0.01017902890635658,183.17,ripe
1763618818.4614463,1763618792.2343616,0.5660000000000001,0.5,3,6,0,162.4,178.90000000000234,151.35,0.5585210883325592,0.02689920785693133,0.008726501126405939,183.17,ripe
1763618818.5500457,1763618792.2343616,0.5650000000000001,0.5,4,7,0,162.44,178.90000000000234,151.35,0.5581592203239688,0.02690696654574269,0.007964574405513791,183.17,ripe
1763618818.5824144,1763618792.2343616,0.5660000000000001,0.5,6,7,0,162.44,178.90000000000234,151.4,0.5580508148998184,0.02691476526085036,0.00801108246492288,183.17,ripe
1763618818.7115474,1763618792.2343616,0.5670000000000001,0.5,6,6,0,162.4,178.90000000000234,151.3,0.5586161174071477,0.02692247415516998,0.007914831275222967,183.17,ripe
1763618818.7952976,1763618792.2343616,0.5680000000000001,0.5,5,6,0,162.4,178.90000000000234,151.2,0.558977951879362,0.02693054710580509,0.008287522461823404,183.17,ripe
1763618819.0366237,1763618792.2343616,0.5660000000000001,0.5,4,6,0,162.4,178.90000000000234,151.1,0.5592465149645763,0.026937741719772625,0.0073862222060163685,183.17,ripe
1763618819.1818092,1763618792.2343616,0.5660000000000001,0.5,5,6,0,162.4,178.90000000000234,151.0,0.5594464078237722,0.026944432521838844,0.00686996076152413,183.17,ripe
1763618819.2941368,1763618792.2343616,0.5670000000000001,0.5,5,6,0,162.4,178.90000000000234,150.95,0.5596106133605675,0.02695129504492597,0.007047570932080638,183.17,ripe
1763618819.3262973,1763618792.2343616,0.5680000000000001,0.5,5,6,0,162.37,178.90000000000234,150.9,0.5601700392342758,0.026958269544202683,0.007159052912048325,183.17,ripe
1763618819.4453335,1763618792.2343616,0.5680000000000001,0.5,5,6,0,162.37,178.90000000000234,150.95,0.5605235037265962,0.026965227250578597,0.0071410423465658734,183.17,ripe
1763618819.5029309,1763618792.2343616,0.5680000000000001,0.5,5,6,0,162.37,178.90000000000234,150.95,0.5607724485092018,0.02697210527413702,0.007059824527379188,183.17,ripe
1763618819.589738,1763618792.2343616,0.5690000000000001,0.5,6,6,0,162.37,178.90000000000234,150.95,0.560967637251494,0.026979360720073887,0.007448499266796471,183.17,ripe
1763618819.6377354,1763618792.2343616,0.5680000000000001,0.5,4,5,0,162.37,178.90000000000234,150.89999999999998,0.5611446197378027,0.026986239620318146,0.007063448521342552,183.17,ripe
1763618819.8129773,1763618792.2343616,0.5690000000000001,0.5,5,7,0,162.37,178.90000000000234,150.85,0.5613007391575415,0.026993350441485507,0.0073032949720310825,183.17,ripe
1763618819.866042,1763618792.2343616,0.5680000000000001,0.5,4,6,0,162.37,178.90000000000234,150.85,0.5614551649917017,0.02700001524809764,0.006846852073084664,183.17,ripe
1763618820.0252995,1763618792.2343616,0.5680000000000001,0.5,5,6,0,162.37,178.90000000000234,150.75,0.5615970542594029,0.027006393406416085,0.0065539542729903255,183.17,ripe
1763618820.1097121,1763618792.2343616,0.5670000000000001,0.5,5,5,0,162.37,178.90000000000234,150.75,0.5617313510175461,0.027012079442644176,0.005844153248650508,183.17,ripe
1763618820.2401118,1763618792.2343616,0.5690000000000001,0.5,6,5,0,162.37,178.90000000000234,150.7,0.5618504363172577,0.027018341116630113,0.006437315815840616,183.17,ripe
1763618820.449196,1763618792.2343616,0.5680000000000001,0.5,4,6,0,162.37,178.90000000000234,150.75,0.5619810870864467,0.027024334365315535,0.006162788980102474,183.17,ripe
1763618820.529166,1763618792.2343616,0.5680000000000001,0.5,5,7,0,162.37,178.90000000000234,150.7,0.562105950683566,0.027030134907274635,0.005965987349708657,183.17,ripe
1763618820.7346787,1763618792.2343616,0.5690000000000001,0.5,5,7,0,162.37,178.90000000000234,150.8,0.5622267039919079,0.027036267839654397,0.006309265024729505,183.17,ripe
1763618820.7622313,1763618792.2343616,0.5690000000000001,0.5,6,6,0,162.37,178.90000000000234,150.95,0.5623543200135284,0.02704250089126533,0.006413664494790305,183.17,ripe
1763618820.7982488,1763618792.2343616,0.5710000000000001,0.5,7,7,0,162.37,178.90000000000234,150.85000000000002,0.5624839930067923,0.02704969096160405,0.007399999247367117,183.17,ripe
1763618820.8980298,1763618792.2343616,0.573,0.5,6,6,0,162.37,178.90000000000234,150.95,0.5626335592322066,0.027058247717819242,0.008808436894873095,183.17,ripe
1763618821.0631094,1763618792.2343616,0.5720000000000001,0.5,6,6,0,162.3,178.90000000000234,150.95,0.5637585848141651,0.027065993518732605,0.007962413249374745,183.17,ripe
1763618821.1810834,1763618792.2343616,0.5710000000000001,0.5,6,5,0,162.3,178.90000000000234,151.05,0.5643936266551578,0.027072774504757695,0.006966872376612199,183.17,ripe
1763618821.3338046,1763618792.2343616,0.5700000000000001,0.5,5,5,0,162.3,178.90000000000234,151.15,0.564771915539869,0.027078525807736176,0.005908333976015978,183.17,ripe
1763618821.4363039,1763618792.2343616,0.5670000000000001,0.5,4,5,0,162.3,178.90000000000234,151.10000000000002,0.5650103642581215,0.027082253387766656,0.003829760499821089,183.17,ripe
1763618821.5396278,1763618792.2343616,0.5660000000000001,0.5,5,6,0,162.34,178.90000000000234,151.15,0.564605740306132,0.02708498953309364,0.0028143220728393814,183.17,ripe
1763618821.6928227,1763618792.2343616,0.5660000000000001,0.5,5,7,0,162.34,178.90000000000234,151.25,0.5644215574625907,0.027087212927773396,0.0022884737268950017,183.17,ripe
1763618821.8764691,1763618792.2343616,0.5670000000000001,0.5,5,7,0,162.34,178.90000000000234,151.2,0.5643472679306909,0.027089648261345828,0.00250774766405204,183.17,ripe
1763618822.1098487,1763618792.2343616,0.5670000000000001,0.5,5,7,0,162.34,178.90000000000234,151.1,0.5643376900288369,0.027092162451856857,0.002589817768534508,183.17,ripe
1763618822.266673,1763618792.2343616,0.5650000000000001,0.5,5,6,0,162.34,178.90000000000234,151.15,0.5643599050436786,0.027093719037145164,0.001603848855007084,183.17,ripe
1763618822.4198833,1763618792.2343616,0.5660000000000001,0.5,5,7,0,162.34,178.90000000000234,151.05,0.5643772489959415,0.027095276000398624,0.0016046279534013275,183.17,ripe
1763618822.5761907,1763618792.2343616,0.5630000000000001,0.5,4,4,0,162.34,178.90000000000234,151.05,0.5644021402477412,0.027095362141568075,8.879822693030892e-05,183.17,ripe
1763618822.7010806,1763618792.2343616,0.562,0.5,5,6,0,162.34,178.90000000000234,151.0,0.5644001640005691,0.02709424223704736,-0.001154694763233377,183.17,ripe
1763618822.9273665,1763618792.2343616,0.562,0.5,5,6,0,162.32,178.90000000000234,151.1,0.564645893437997,0.027092279534651934,-0.0020231588193291294,183.17,ripe
1763618822.9815865,1763618792.2343616,0.56,0.5,5,7,0,162.32,178.90000000000234,151.2,0.5647395094405021,0.027088953795370876,-0.003428142131168155,183.17,ripe
1763618823.053347,1763618792.2343616,0.559,0.5,4,6,0,162.32,178.90000000000234,151.25,0.5647374354614842,0.027084509386488393,-0.004581751806817191,183.17,ripe
1763618823.2314532,1763618792.2343616,0.558,0.5,5,6,0,162.32,178.90000000000234,151.3,0.5646784006391395,0.02707907760910553,-0.005600558811805989,183.17,ripe
1763618823.2819283,1763618792.2343616,0.559,0.5,5,7,0,162.32,178.90000000000234,151.3,0.564581961486518,0.027073702647900027,-0.0055430405728511545,183.17,ripe
1763618823.345131,1763618792.2343616,0.556,0.5,5,5,0,162.32,178.90000000000234,151.35,0.5644782985450375,0.02706695618859917,-0.006958838088204078,183.17,ripe
1763618823.4435072,1763618792.2343616,0.556,0.5,5,6,0,162.32,178.90000000000234,151.25,0.5643418367472532,0.027059606998195342,-0.007582106518836507,183.17,ripe
1763618823.4623501,1763618792.2343616,0.556,0.5,6,6,0,162.32,178.90000000000234,151.15,0.5641907065900136,0.027052037657029605,-0.00781084147580513,183.17,ripe
1763618823.4903371,1763618792.2343616,0.555,0.5,4,5,0,162.32,178.90000000000234,151.10000000000002,0.5640339357815076,0.027043953283790875,-0.008344003224403318,183.17,ripe
1763618823.5031114,1763618792.2343616,0.553,0.5,4,6,0,162.32,178.90000000000234,151.10000000000002,0.5638659014400591,0.027034730447134198,-0.009520935161506872,183.17,ripe
1763618823.6264892,1763618792.2343616,0.552,0.5,5,6,0,162.32,178.90000000000234,151.0,0.5636738676486976,0.027024559859610407,-0.010501384509421507,183.17,ripe
1763618823.825428,1763618792.2343616,0.548,0.5,4,5,0,162.32,178.90000000000234,151.0,0.5634619420351672,0.02701209215393477,-0.012875700465529105,183.17,ripe
1763618823.8650043,1763618792.2343616,0.546,0.5,4,5,0,162.32,178.90000000000234,150.95,0.5632020559209119,0.02699765837204003,-0.014908935136092816,183.17,ripe
1763618824.03858,1763618792.2343616,0.545,0.5,4,5,0,162.32,178.90000000000234,150.85,0.5629011443302174,0.02698192474538286,-0.016254583937807876,183.17,ripe
1763618824.2021255,1763618792.2343616,0.547,0.5,5,6,0,162.32,178.90000000000234,150.75,0.5625731145873601,0.0269666824611137,-0.015749834391155404,183.17,ripe
1763618824.312171,1763618792.2343616,0.545,0.5,3,6,0,162.36,178.90000000000234,150.7,0.561715987492681,0.02695140422164252,-0.0158043473945787,183.17,ripe
1763618824.3517191,1763618792.2343616,0.541,0.5,3,6,0,162.36,178.90000000000234,150.55,0.5611282318107532,0.026934330307173526,-0.01767241176170209,183.17,ripe
1763618824.5038412,1763618792.2343616,0.537,0.5,2,6,0,162.36,178.90000000000234,150.39999999999998,0.5606380833031882,0.02691461815887314,-0.02041017327866268,183.17,ripe
1763618824.6540663,1763618792.2343616,0.536,0.5,4,6,0,162.36,178.90000000000234,150.45,0.5601604894119793,0.026893330262710742,-0.02204653439971649,183.17,ripe
1763618824.8830035,1763618792.2343616,0.535,0.5,3,6,0,162.36,178.90000000000234,150.35000000000002,0.5596838189204578,0.0268710026717405,-0.023126841414326416,183.17,ripe
1763618825.1094468,1763618792.2343616,0.533,0.5,4,5,0,162.36,178.90000000000234,150.4,0.5592023597211102,0.026847425725169675,-0.024423870968044437,183.17,ripe
1763618825.1545875,1763618792.2343616,0.532,0.5,3,7,0,162.36,178.90000000000234,150.4,0.5587033190341917,0.02682299197034545,-0.02531407465765878,183.17,ripe
1763618825.2580595,1763618792.2343616,0.53,0.5,3,6,0,162.4,178.90000000000234,150.4,0.5576541940924706,0.026797960629876477,-0.02595957190420417,183.17,ripe
1763618825.3302226,1763618792.2343616,0.529,0.5,3,7,0,162.4,178.90000000000234,150.15,0.5568637154477835,0.026772405460412988,-0.026516404353650214,183.17,ripe
1763618825.3701735,1763618792.2343616,0.527,0.5,3,6,0,162.4,178.90000000000234,150.05,0.556197769221321,0.02674588599703973,-0.027524113674254447,183.17,ripe
1763618825.4290535,1763618792.2343616,0.523,0.5,3,5,0,162.36,178.90000000000234,150.05,0.5561143569661184,0.026716690546140655,-0.030277529192585195,183.17,ripe
1763618825.5860941,1763618792.2343616,0.523,0.5,3,6,0,162.36,178.90000000000234,149.95,0.5557408201241353,0.02668647686735712,-0.031322406237368594,183.17,ripe
1763618825.6175258,1763618792.2343616,0.522,0.5,4,7,0,162.36,178.90000000000234,149.95,0.5552289605764946,0.026655586303352526,-0.03201975363311127,183.17,ripe
1763618825.7736132,1763618792.2343616,0.52,0.5,2,6,0,162.36,178.90000000000234,149.9,0.5546445069538557,0.02662371064453617,-0.03303990348216401,183.17,ripe
1763618825.848489,1763618792.2343616,0.517,0.5,3,5,0,162.36,178.90000000000234,149.9,0.5540103313284338,0.026590226450575138,-0.03470802959258801,183.17,ripe
1763618825.9704123,1763618792.2343616,0.516,0.5,3,6,0,162.32,178.90000000000234,149.95,0.5538598916645299,0.026555263985465354,-0.036208740796606964,183.17,ripe
1763618826.1726625,1763618792.2343616,0.514,0.5,3,6,0,162.32,178.90000000000234,150.1,0.5534044483560023,0.026518965455659797,-0.037578872922040873,183.17,ripe
1763618826.220595,1763618792.2343616,0.513,0.5,4,5,0,162.32,178.90000000000234,150.15,0.5527842133298315,0.026481897416157644,-0.038371425612850785,183.17,ripe
1763618826.3185904,1763618792.2343616,0.51,0.5,3,6,0,162.32,178.90000000000234,150.15,0.5520795481177679,0.026443379373198066,-0.03987315425927751,183.17,ripe
1763618826.3845797,1763618792.2343616,0.507,0.5,3,6,0,162.32,178.90000000000234,150.05,0.5513105028892392,0.026403092728045075,-0.04170730595999406,183.17,ripe
1763618826.5944712,1763618792.2343616,0.504,0.5,2,7,0,162.32,178.90000000000234,150.05,0.5504875307256468,0.026360899452634912,-0.04368593226102424,183.17,ripe
1763618826.7223427,1763618792.2343616,0.496,0.5,2,4,0,162.28,178.90000000000234,149.95,0.5501435087949783,0.026313784599148342,-0.04874270956266702,183.17,ripe
1763618826.9058607,1763618792.2343616,0.494,0.5,3,7,0,162.28,178.90000000000234,149.95,0.5494275986022287,0.026263770206291896,-0.05172719898607303,183.17,ripe
1763618827.025092,1763618792.2343616,0.491,0.5,3,6,0,162.28,178.90000000000234,150.0,0.5485167328585091,0.02621139489374753,-0.05416653305043129,183.17,ripe
1763618827.0841417,1763618792.2343616,0.489,0.5,3,6,0,162.28,178.90000000000234,150.1,0.5474894589949939,0.026157430432182834,-0.055814359090955,183.17,ripe
1763618827.2572854,1763618792.2343616,0.484,0.5,2,3,0,162.28,178.90000000000234,150.1,0.5463955000989615,0.02610082105740569,-0.058557950146942095,183.17,ripe
1763618827.4033728,1763618792.2343616,0.482,0.5,1,6,0,162.28,178.90000000000234,150.2,0.5452295770233204,0.026042526745641892,-0.06031080204731071,183.17,ripe
1763618827.59532,1763618792.2343616,0.481,0.5,3,7,0,162.28,178.90000000000234,150.14999999999998,0.5440201147929038,0.0259835179880033,-0.061060727304898976,183.17,ripe
1763618827.7217,1763618792.2343616,0.47800000000000004,0.5,3,6,0,162.28,178.90000000000234,150.1,0.5427915656757286,0.025923310991211573,-0.06231187193172616,183.17,ripe
1763618827.8104367,1763618792.2343616,0.47300000000000003,0.5,2,5,0,162.28,178.90000000000234,150.10000000000002,0.5415359088387534,0.025860715020726302,-0.06479606196675214,183.17,ripe
1763618827.957544,1763618792.2343616,0.47000000000000003,0.5,4,5,0,162.24,178.90000000000234,150.0,0.5407465246839627,0.02579557797951577,-0.06737660124796208,183.17,ripe
1763618828.0369513,1763618792.2343616,0.46900000000000003,0.5,3,7,0,162.24,178.90000000000234,150.0,0.5396429794243864,0.02572937926409404,-0.06845801770638615,183.17,ripe
1763618828.1490831,1763618792.2343616,0.464,0.5,1,6,0,162.24,178.90000000000234,150.1,0.5383870058044746,0.02566092113707699,-0.07079452494547445,183.17,ripe
1763618828.207467,1763618792.2343616,0.464,0.5,2,6,0,162.2,178.90000000000234,150.05,0.5375320182102075,0.02559149751189913,-0.07173577778070739,183.17,ripe
1763618828.3161304,1763618792.2343616,0.463,0.5,2,8,0,162.2,178.90000000000234,150.1,0.5363657349953713,0.02552183259820653,-0.0719676147806213,183.17,ripe
1763618828.468624,1763618792.2343616,0.46,0.5,2,6,0,162.2,178.90000000000234,150.0,0.5350492376213589,0.025451315517419342,-0.07285017751398393,183.17,ripe
1763618828.744716,1763618792.2343616,0.457,0.5,3,6,0,162.2,178.90000000000234,150.05,0.5336424887917884,0.025379655622514992,-0.07404295873810096,183.17,ripe
1763618828.8135757,1763618792.2343616,0.455,0.5,2,6,0,162.16,178.90000000000234,150.2,0.5326832735062891,0.025306648208265118,-0.0753835084794453,183.17,ripe
1763618828.9602704,1763618792.2343616,0.452,0.5,2,6,0,162.16,178.90000000000234,150.3,0.531421814713074,0.02523228407865592,-0.07677193219965217,183.17,ripe
1763618829.0972843,1763618792.2343616,0.449,0.5,2,7,0,162.19,178.90000000000234,150.45,0.5296167701301449,0.025156990905736244,-0.07779182887343394,183.17,ripe
1763618829.1842651,1763618792.2343616,0.448,0.5,3,6,0,162.19,178.90000000000234,150.45,0.5279150310544999,0.02508153422130506,-0.0780025604261444,183.17,ripe
1763618829.2512188,1763618792.2343616,0.448,0.5,4,7,0,162.15,178.90000000000234,150.5,0.5267727175651692,0.025006219602236292,-0.07781648225099147,183.17,ripe
1763618829.3022301,1763618792.2343616,0.444,0.5,3,5,0,162.15,178.90000000000234,150.65,0.5254108324690462,0.02492981894753485,-0.0789327148119573,183.17,ripe
1763618829.3748856,1763618792.2343616,0.445,0.5,3,7,0,162.15,178.90000000000234,150.65,0.5239151784241618,0.024854160937920606,-0.07817611959561732,183.17,ripe
1763618829.5126472,1763618792.2343616,0.443,0.5,2,6,0,162.15,178.90000000000234,150.55,0.5223798213218636,0.024778681400847036,-0.07801029190759134,183.17,ripe
1763618829.6523209,1763618792.2343616,0.443,0.5,3,8,0,162.15,178.90000000000234,150.6,0.5208206452196473,0.024704069229937054,-0.07713588051251119,183.17,ripe
1763618829.779121,1763618792.2343616,0.442,0.5,2,6,0,162.15,178.90000000000234,150.65,0.5192659573087025,0.024630168681769884,-0.07642357495513441,183.17,ripe
1763618830.008082,1763618792.2343616,0.44,0.5,1,6,0,162.19,178.90000000000234,150.75,0.5172267736735707,0.02455695555391518,-0.0758055824967867,183.17,ripe
1763618830.173217,1763618792.2343616,0.441,0.5,3,7,0,162.19,178.90000000000234,150.75,0.5154471228147709,0.024485310302686154,-0.07423652722637886,183.17,ripe
1763618830.360596,1763618792.2343616,0.438,0.5,1,7,0,162.19,178.90000000000234,150.7,0.5138225544931418,0.024413718209027022,-0.07421725669894585,183.17,ripe
1763618830.4023445,1763618792.2343616,0.439,0.5,3,7,0,162.15,178.90000000000234,150.7,0.512748278040014,0.024342830852239348,-0.07344562914291597,183.17,ripe
1763618830.587354,1763618792.2343616,0.436,0.5,1,5,0,162.15,178.90000000000234,150.7,0.5114728866391152,0.024271571425272403,-0.07382156219056613,183.17,ripe
1763618830.744674,1763618792.2343616,0.436,0.5,2,6,0,162.15,178.90000000000234,150.75,0.5100820347937057,0.02420086335637315,-0.07325637256943118,183.17,ripe
1763618830.9365618,1763618792.2343616,0.435,0.5,3,6,0,162.15,178.90000000000234,150.95,0.5086491044457191,0.0241306702439575,-0.07273627333358179,183.17,ripe
1763618830.991311,1763618792.2343616,0.434,0.5,1,7,0,162.15,178.90000000000234,151.0,0.5072002437997828,0.024060968592259487,-0.07224382824371411,183.17,ripe
1763618831.0453212,1763618792.2343616,0.435,0.5,3,7,0,162.15,178.90000000000234,151.0,0.5057483756381064,0.023992706100600367,-0.07077016786007206,183.17,ripe
1763618831.110216,1763618792.2343616,0.434,0.5,2,7,0,162.15,178.90000000000234,151.0,0.5043201088511898,0.023925367145544885,-0.06983100496217265,183.17,ripe
1763618831.1767,1763618792.2343616,0.433,0.5,2,6,0,162.18,178.90000000000234,151.05,0.5025490594250247,0.02385908094200089,-0.06880450748051614,183.17,ripe
1763618831.2546723,1763618792.2343616,0.431,0.5,1,7,0,162.18,178.90000000000234,150.95,0.5009794178862687,0.023793022913420683,-0.0686071419140144,183.17,ripe
1763618831.3834217,1763618792.2343616,0.433,0.5,3,8,0,162.18,178.90000000000234,150.8,0.49950395995420255,0.023728712619518092,-0.06681782196807545,183.17,ripe
1763618831.546089,1763618792.2343616,0.435,0.5,2,8,0,162.22,178.90000000000234,150.85,0.4976351886514547,0.023667388451080452,-0.0637921196583911,183.17,ripe
1763618831.6273832,1763618792.2343616,0.436,0.5,3,7,0,162.22,178.90000000000234,150.85,0.4960904474783572,0.023608624845425207,-0.06116891298182536,183.17,ripe
1763618831.7644238,1763618792.2343616,0.433,0.5,2,6,0,162.22,178.90000000000234,150.8,0.49472969911385845,0.02355026807652512,-0.06076893186559251,183.17,ripe
1763618831.8746035,1763618792.2343616,0.433,0.5,2,6,0,162.22,178.90000000000234,150.8,0.4934424610599195,0.023492700459085587,-0.05996207743578652,183.17,ripe
1763618832.046261,1763618792.2343616,0.433,0.5,1,7,0,162.22,178.90000000000234,150.9,0.4922041684020846,0.023436101195033063,-0.05896397659001806,183.17,ripe
1763618832.137992,1763618792.2343616,0.432,0.5,2,6,0,162.22,178.90000000000234,150.95,0.4910023282674468,0.023380068324954702,-0.058382232361413544,183.17,ripe
1763618832.2284133,1763618792.2343616,0.433,0.5,2,8,0,162.22,178.90000000000234,151.0,0.4898204163866848,0.02332535885670025,-0.05701036843366819,183.17,ripe
1763618832.2672331,1763618792.2343616,0.433,0.5,3,6,0,162.22,178.90000000000234,151.0,0.4886702511948682,0.023271850302940773,-0.05576522721835986,183.17,ripe
1763618832.45344,1763618792.2343616,0.431,0.5,0,7,0,162.22,178.90000000000234,151.05,0.48754725085142303,0.02321851100743119,-0.0555947388631689,183.17,ripe
1763618832.4815753,1763618792.2343616,0.43,0.5,1,7,0,162.22,178.90000000000234,151.05,0.4864287968309735,0.02316531357303968,-0.055452540836846476,183.17,ripe
1763618832.6384742,1763618792.2343616,0.43,0.5,1,8,0,162.22,178.90000000000234,151.0,0.48531381383229605,0.02311272270965682,-0.05482568583523256,183.17,ripe
1763618832.7371502,1763618792.2343616,0.433,0.5,2,7,0,162.22,178.90000000000234,151.0,0.48421178744457627,0.023062398550865105,-0.052467723446044556,183.17,ripe
1763618832.7744887,1763618792.2343616,0.432,0.5,1,8,0,162.22,178.90000000000234,151.0,0.48315737271070713,0.023013213109015235,-0.05128534071144131,183.17,ripe
1763618832.834744,1763618792.2343616,0.433,0.5,2,8,0,162.25,178.90000000000234,151.05,0.481781677841039,0.02296592481511908,-0.0493456618414061,183.17,ripe
1763618832.9411988,1763618792.2343616,0.431,0.5,1,6,0,162.21,178.90000000000234,151.0,0.4810787407035219,0.02291859791381186,-0.0493607327037055,183.17,ripe
1763618832.9908,1763618792.2343616,0.436,0.5,2,8,0,162.21,178.90000000000234,150.95,0.48023058632437315,0.022874128021395657,-0.04637158232446498,183.17,ripe
1763618833.108435,1763618792.2343616,0.436,0.5,0,7,0,162.21,178.90000000000234,151.0,0.479370249307473,0.022831507706055677,-0.04444074730751896,183.17,ripe
1763618833.3023226,1763618792.2343616,0.435,0.5,2,7,0,162.17,178.90000000000234,151.0,0.47896936124969336,0.022789268145852516,-0.04400461024971636,183.17,ripe
1763618833.489906,1763618792.2343616,0.436,0.5,2,8,0,162.17,178.90000000000234,150.95,0.47832893616590133,0.02274812553636629,-0.04284656066591286,183.17,ripe
1763618833.621824,1763618792.2343616,0.438,0.5,2,7,0,162.17,178.90000000000234,150.9,0.4775880105978553,0.02270889953118207,-0.04084682284786101,183.17,ripe
1763618833.741885,1763618792.2343616,0.438,0.5,2,7,0,162.17,178.90000000000234,150.95,0.47682568304742956,0.022671011487285616,-0.039455089172432456,183.17,ripe
1763618833.845932,1763618792.2343616,0.437,0.5,2,7,0,162.17,178.90000000000234,150.95,0.47606068873896523,0.022633683914916547,-0.03887539180146671,183.17,ripe
1763618833.9762137,1763618792.2343616,0.437,0.5,2,5,0,162.17,178.90000000000234,151.0,0.47529211111840475,0.022597010193040244,-0.03819946264965546,183.17,ripe
1763618834.0758388,1763618792.2343616,0.436,0.5,1,6,0,162.17,178.90000000000234,151.05,0.4745296008622208,0.022560549315942997,-0.03798327662784612,183.17,ripe
1763618834.1704288,1763618792.2343616,0.435,0.5,2,7,0,162.17,178.90000000000234,151.15,0.4737677351810343,0.022524083075344207,-0.037994573063847015,183.17,ripe
1763618834.3193867,1763618792.2343616,0.435,0.5,2,6,0,162.17,178.90000000000234,151.3,0.4730038474268176,0.022487984424665028,-0.03761726636822399,183.17,ripe
1763618834.5771863,1763618792.2343616,0.434,0.5,1,7,0,162.17,178.90000000000234,151.3,0.47224672586051636,0.022451952440897226,-0.03755343533121952,183.17,ripe
1763618834.698206,1763618792.2343616,0.435,0.5,1,8,0,162.17,178.90000000000234,151.3,0.4714905284888414,0.022416798369073405,-0.03664388322419293,183.17,ripe
1763618834.7477279,1763618792.2343616,0.436,0.5,2,7,0,162.17,178.90000000000234,151.25,0.47075252973566045,0.022382910461153226,-0.03532920710333626,183.17,ripe
1763618834.804813,1763618792.2343616,0.435,0.5,1,7,0,162.14,178.90000000000234,151.2,0.47037674551208863,0.022349161685860815,-0.035165084195926566,183.17,ripe
1763618834.8508017,1763618792.2343616,0.435,0.5,1,8,0,162.14,178.90000000000234,151.25,0.4698351927153167,0.022315825284600053,-0.034729362057235647,183.17,ripe
1763618835.0282235,1763618792.2343616,0.433,0.5,3,6,0,162.14,178.90000000000234,151.3,0.46921809202134845,0.022282070820983057,-0.0351651766923079,183.17,ripe
1763618835.2765322,1763618792.2343616,0.434,0.5,2,7,0,162.14,178.90000000000234,151.3,0.46855015582020915,0.022248935320324823,-0.03452369815568884,183.17,ripe
1763618835.360365,1763618792.2343616,0.431,0.5,0,7,0,162.14,178.90000000000234,151.3,0.4678742440893327,0.02221500091439191,-0.035361015257072526,183.17,ripe
1763618835.4322734,1763618792.2343616,0.434,0.5,3,8,0,162.14,178.90000000000234,151.39999999999998,0.467171052293448,0.022182459907450606,-0.03391443787731796,183.17,ripe
1763618835.5615382,1763618792.2343616,0.433,0.5,3,7,0,162.14,178.90000000000234,151.45,0.4664919310150544,0.022150452759844248,-0.03336362380698932,183.17,ripe
1763618835.7451313,1763618792.2343616,0.433,0.5,1,7,0,162.17,178.90000000000234,151.45,0.4654891680809649,0.022119372618531783,-0.03242501447693241,183.17,ripe
1763618835.8508928,1763618792.2343616,0.435,0.5,2,7,0,162.17,178.90000000000234,151.5,0.4646714237719666,0.022090018267721816,-0.0306393469699503,183.17,ripe
1763618836.015018,1763618792.2343616,0.433,0.5,2,6,0,162.17,178.90000000000234,151.5,0.4639725737950347,0.022060847708757547,-0.03045653539402654,183.17,ripe
1763618836.1292882,1763618792.2343616,0.433,0.5,1,7,0,162.17,178.90000000000234,151.6,0.4633188427030018,0.0220320619652597,-0.03006082350249767,183.17,ripe
1763618836.184559,1763618792.2343616,0.432,0.5,2,7,0,162.13,178.90000000000234,151.7,0.463134436143578,0.022002828267091476,-0.030505426543325942,183.17,ripe
1763618836.2892952,1763618792.2343616,0.432,0.5,1,5,0,162.13,178.90000000000234,151.85,0.46272971167764176,0.021973672555289116,-0.030415206877515755,183.17,ripe
1763618836.3294349,1763618792.2343616,0.432,0.5,1,7,0,162.13,178.90000000000234,151.9,0.46222131203089495,0.021944851779660237,-0.030064059630831974,183.17,ripe
1763618836.4971826,1763618792.2343616,0.431,0.5,2,6,0,162.13,178.90000000000234,151.95,0.4616673708787572,0.021916008971589268,-0.030088744678725687,183.17,ripe
1763618836.597355,1763618792.2343616,0.431,0.5,2,6,0,162.13,178.90000000000234,151.95,0.4610867078563006,0.021887448650627576,-0.0297973947562849,183.17,ripe
1763618836.7050161,1763618792.2343616,0.428,0.5,1,6,0,162.13,178.90000000000234,151.95,0.460498876176247,0.02185787946570762,-0.030854219626239188,183.17,ripe
1763618836.8183458,1763618792.2343616,0.428,0.5,2,7,0,162.13,178.90000000000234,151.95,0.4598832710526226,0.021828116618376563,-0.031060942777618727,183.17,ripe
1763618836.859377,1763618792.2343616,0.428,0.5,1,7,0,162.09,178.90000000000234,152.05,0.45969688396423636,0.02179811565031346,-0.03128571982673445,183.17,ripe
1763618836.9419866,1763618792.2343616,0.427,0.5,1,6,0,162.09,178.90000000000234,152.15,0.45928467297753484,0.0217678253649976,-0.03157909090878386,183.17,ripe
1763618837.0275333,1763618792.2343616,0.423,0.5,1,6,0,162.09,178.90000000000234,152.2,0.45875610880822393,0.021735784682078686,-0.03340331777384842,183.17,ripe
1763618837.1937943,1763618792.2343616,0.42,0.5,1,6,0,162.09,178.90000000000234,152.2,0.4581355968536528,0.021701775401898583,-0.035459201336465074,183.17,ripe
1763618837.213584,1763618792.2343616,0.419,0.5,2,7,0,162.09,178.90000000000234,152.2,0.45744609617801457,0.02166666995137842,-0.03660789841942069,183.17,ripe
1763618837.443843,1763618792.2343616,0.418,0.5,1,6,0,162.09,178.90000000000234,152.2,0.4567197600324009,0.021630906785182147,-0.03730066115310393,183.17,ripe
1763618837.5793505,1763618792.2343616,0.418,0.5,0,8,0,162.09,178.90000000000234,152.2,0.45597270501955245,0.02159518658569804,-0.037263155579904006,183.17,ripe
1763618837.7177205,1763618792.2343616,0.417,0.5,1,6,0,162.13,178.90000000000234,152.15,0.45479123011161404,0.021559818858401508,-0.0369364553917898,183.17,ripe
1763618837.8525553,1763618792.2343616,0.417,0.5,1,7,0,162.13,178.90000000000234,152.15,0.45383249006144477,0.021524981439475996,-0.03640510270153263,183.17,ripe
1763618838.0432081,1763618792.2343616,0.414,0.5,2,5,0,162.13,178.90000000000234,152.05,0.4529923873107925,0.021489321232681696,-0.03727869363083647,183.17,ripe
1763618838.145344,1763618792.2343616,0.414,0.5,2,7,0,162.13,178.90000000000234,152.05,0.4521886191988912,0.02145361897787513,-0.03733177235891316,183.17,ripe
1763618838.2403452,1763618792.2343616,0.414,0.5,1,6,0,162.13,178.90000000000234,151.95,0.4514107492495603,0.02141825730125532,-0.03698232582957134,183.17,ripe
1763618838.4500382,1763618792.2343616,0.412,0.5,0,6,0,162.13,178.90000000000234,151.9,0.4506534146688484,0.021382464046744966,-0.03743920295885389,183.17,ripe
1763618838.5724876,1763618792.2343616,0.413,0.5,1,9,0,162.13,178.90000000000234,151.95,0.449893672971377,0.021347299298748693,-0.03678656711637979,183.17,ripe
1763618838.6262035,1763618792.2343616,0.411,0.5,0,7,0,162.1,178.90000000000234,152.1,0.4494706959978387,0.021311511588745953,-0.03741714307034011,183.17,ripe
1763618838.7152138,1763618792.2343616,0.411,0.5,2,7,0,162.1,178.90000000000234,152.05,0.448875364695395,0.021275782302154357,-0.037348588231645774,183.17,ripe
1763618838.7303429,1763618792.2343616,0.40900000000000003,0.5,1,7,0,162.1,178.90000000000234,152.0,0.4482017734667855,0.021239488074446065,-0.03793838523491089,183.17,ripe
1763618838.7804801,1763618792.2343616,0.40900000000000003,0.5,0,7,0,162.1,178.90000000000234,151.95,0.44747660125715977,0.021203285763948594,-0.037844907141222406,183.17,ripe
1763618839.0611517,1763618792.2343616,0.404,0.5,0,5,0,162.1,178.90000000000234,152.05,0.44673355839959794,0.02116510487110958,-0.03991771134162925,183.17,ripe
1763618839.1916254,1763618792.2343616,0.402,0.5,0,5,0,162.1,178.90000000000234,152.05,0.44593894102321,0.02112538607906988,-0.041531017494225664,183.17,ripe
1763618839.3456638,1763618792.2343616,0.4,0.5,1,6,0,162.06,178.90000000000234,152.1,0.4455294923149346,0.02108391912259302,-0.043325530550442415,183.17,ripe
1763618839.500612,1763618792.2343616,0.395,0.5,0,5,0,162.06,178.90000000000234,152.2,0.4448682482495765,0.02103962539548257,-0.046266267367330416,183.17,ripe
1763618839.5489507,1763618792.2343616,0.394,0.5,2,6,0,162.06,178.90000000000234,152.35000000000002,0.444040073921605,0.020993920286583544,-0.04773908348048195,183.17,ripe
1763618839.6258943,1763618792.2343616,0.391,0.5,1,5,0,162.06,178.90000000000234,152.35,0.4431285637492133,0.020946554582191648,-0.049478068528651775,183.17,ripe
1763618839.6934345,1763618792.2343616,0.389,0.5,1,6,0,162.06,178.90000000000234,152.2,0.4421552803735764,0.02089790187414924,-0.05083003276329562,183.17,ripe
1763618839.7302594,1763618792.2343616,0.39,0.5,2,6,0,162.06,178.90000000000234,152.2,0.4411414958956485,0.020849593776631918,-0.05047887209050811,183.17,ripe
1763618839.951636,1763618792.2343616,0.391,0.5,1,7,0,162.06,178.90000000000234,152.2,0.44012833356224035,0.02080242553629733,-0.04929702165967015,183.17,ripe
1763618840.0370831,1763618792.2343616,0.388,0.5,0,6,0,162.06,178.90000000000234,152.15,0.43913591499551935,0.020754861416215385,-0.049720259044234216,183.17,ripe
1763618840.1153803,1763618792.2343616,0.388,0.5,1,7,0,162.06,178.90000000000234,152.3,0.4381334842174911,0.020707588143668885,-0.049425656241848526,183.17,ripe
1763618840.348021,1763618792.2343616,0.386,0.5,1,5,0,162.06,178.90000000000234,152.3,0.4371363674414707,0.020659982601107782,-0.049782453453649456,183.17,ripe
1763618840.4194207,1763618792.2343616,0.383,0.5,1,5,0,162.06,178.90000000000234,152.15,0.43613182451427457,0.020611264971683984,-0.05095486752036393,183.17,ripe
1763618840.5604131,1763618792.2343616,0.381,0.5,1,6,0,162.1,178.90000000000234,152.15,0.43469137463653557,0.020561981627883717,-0.051602896139580245,183.17,ripe
1763618840.6207628,1763618792.2343616,0.38,0.5,1,6,0,162.1,178.90000000000234,152.1,0.4334464711510811,0.020512441984315642,-0.0519022319026034,183.17,ripe
1763618840.7023737,1763618792.2343616,0.379,0.5,2,6,0,162.1,178.90000000000234,152.2,0.43229966415944737,0.020462800010346387,-0.052027544535208525,183.17,ripe
1763618840.8236823,1763618792.2343616,0.377,0.5,1,6,0,162.1,178.90000000000234,152.2,0.4312023279493227,0.020412655171039545,-0.05256626813720322,183.17,ripe
1763618840.9001677,1763618792.2343616,0.375,0.5,2,5,0,162.14,178.90000000000234,152.2,0.4297118945659564,0.02036225179572776,-0.05289386465989665,183.17,ripe
1763618841.0425014,1763618792.2343616,0.376,0.5,1,7,0,162.18,178.90000000000234,152.2,0.428027252867435,0.020313135626831076,-0.05161823791440512,183.17,ripe
1763618841.1342618,1763618792.2343616,0.373,0.5,1,7,0,162.18,178.90000000000234,152.35,0.42668375856098395,0.020263710616939136,-0.05197925108446899,183.17,ripe
1763618841.4426324,1763618792.2343616,0.372,0.5,2,7,0,162.18,178.90000000000234,152.39999999999998,0.4254904283200347,0.020214150509185822,-0.05213817458177722,183.17,ripe
1763618841.4668207,1763618792.2343616,0.373,0.5,3,6,0,162.18,178.90000000000234,152.5,0.42437240070267634,0.02016549227012272,-0.051196273833547634,183.17,ripe
1763618841.586597,1763618792.2343616,0.372,0.5,2,6,0,162.14,178.90000000000234,152.35,0.42371559021873945,0.020116856897901596,-0.05112752678417509,183.17,ripe
1763618841.8536375,1763618792.2343616,0.371,0.5,1,6,0,162.14,178.90000000000234,152.39999999999998,0.4228755842605202,0.020068244585544532,-0.051081552543237985,183.17,ripe
1763618841.9619055,1763618792.2343616,0.371,0.5,1,7,0,162.14,178.90000000000234,152.45,0.4219444452828716,0.02002013087640703,-0.05054742942423052,183.17,ripe
1763618842.0227451,1763618792.2343616,0.368,0.5,0,6,0,162.14,178.90000000000234,152.45,0.42097809192808294,0.019971315868090332,-0.05127958399876237,183.17,ripe
1763618842.136992,1763618792.2343616,0.368,0.5,0,6,0,162.14,178.90000000000234,152.5,0.4199741976836945,0.019922646389267308,-0.0511249437190342,183.17,ripe
